date,000002.XSHE
2005-01-07,0.0034604659730298115
2005-01-10,-0.017102875414643164
2005-01-11,0.008756781649100128
2005-01-12,0.001899626790314397
2005-01-13,0.005154637419636756
2005-01-14,-0.006142464568579959
2005-01-17,0.002285833563693433
2005-01-18,-0.005555454737128596
2005-01-19,-0.003645866084631237
2005-01-20,0.01896014968336452
2005-01-21,0.019729911008982408
2005-01-24,0.002526878325498274
2005-01-25,-0.00807719921896263
2005-01-26,-0.01131606560178871
2005-01-27,-0.003263258327386288
2005-01-28,0.006205954707899102
2005-01-31,0.006113165210986558
2005-02-01,-0.0004965414857600395
2005-02-02,-0.008042182072554652
2005-02-03,-0.008635167208113324
2005-02-04,0.0019098271399388723
2005-02-16,0.013281552855919502
2005-02-17,-0.012977594230885188
2005-02-18,-0.00708690716837871
2005-02-21,0.0036464869873948196
2005-02-22,-0.001393804220209691
2005-02-23,-0.0035356436892418006
2005-02-24,-0.012433617313533436
2005-02-25,-0.0077567923839246735
2005-02-28,-0.024355553834331002
2005-03-01,0.010292920146213986
2005-03-02,0.003706341577544018
2005-03-03,0.0
2005-03-04,0.0
2005-03-07,0.025731289522511705
2005-03-08,-0.02445221895703555
2005-03-09,0.01252635748685844
2005-03-10,0.020590221504630985
2005-03-11,-0.018841513401508532
2005-03-14,-0.018519752318206354
2005-03-15,0.005925435307523711
2005-03-16,-0.009625570963163037
2005-03-17,-0.020178590227967075
2005-03-18,0.03984707247850699
2005-03-21,0.006686823928088792
2005-03-22,0.015729826420877523
2005-03-23,0.035794883531894535
2005-03-24,-0.0026033010650118498
2005-03-25,0.003402213440729945
2005-03-28,-0.010199860154904754
2005-03-29,0.0012998780539705476
2005-03-30,0.008336854888620505
2005-03-31,0.0004414857427302336
2005-04-01,-0.0029111788514464276
2005-04-04,0.0022255737589791935
2005-04-05,-0.004233956591254464
2005-04-06,0.007717892484479537
2005-04-07,0.004251099183139819
2005-04-08,-0.013920397493050688
2005-04-11,-0.003911333546583698
2005-04-12,0.014288177891845305
2005-04-13,4.730344134601036e-05
2005-04-14,0.011222646564529789
2005-04-15,0.012681765976463349
2005-04-18,-0.0004608312353052001
2005-04-19,0.006608554231705053
2005-04-20,-0.015057836118564767
2005-04-21,-0.018335244692354903
2005-04-22,-0.026688900196443953
2005-04-25,0.0363148345615904
2005-04-26,0.0016123138028515012
2005-04-27,0.014435212473324414
2005-04-28,0.001106482577033295
2005-04-29,0.0
2005-05-09,-0.012777568536612327
2005-05-10,0.0022024914110100238
2005-05-11,-0.03140789357726231
2005-05-12,0.009244659044141582
2005-05-13,-0.03239402681307798
2005-05-16,0.0013697268094869097
2005-05-17,0.01541489351963031
2005-05-18,-0.0004202013414312932
2005-05-19,0.0026143646769081885
2005-05-20,0.002022389201680451
2005-05-23,-0.0105609239158614
2005-05-24,0.013725648065781216
2005-05-25,0.0022464418900232383
2005-05-26,0.017414616342083414
2005-05-27,-0.01938056847329494
2005-05-30,-0.00898243477645664
2005-05-31,-0.008286293901480151
2005-06-01,0.012158591458636656
2005-06-02,-0.030528465019827984
2005-06-03,0.03778082734864134
2005-06-06,-4.297841392650326e-06
2005-06-07,0.0030571138554135436
2005-06-08,-0.011499553541224145
2005-06-09,-0.026969712720099313
2005-06-10,-0.01537184704313908
2005-06-13,0.009065662325389315
2005-06-14,0.015804173336134267
2005-06-15,-0.0014903567242286891
2005-06-16,-0.0014062121822522207
2005-06-17,-0.004961633182198984
2005-06-20,-0.007670846083062309
2005-06-21,-0.004975047745500538
2005-06-22,0.007724007672498935
2005-06-23,-0.00867301256289007
2005-06-24,0.00100578504321603
2005-06-27,0.021837371286175845
2005-06-28,0.0066723710230927845
2005-06-29,-0.010510378593832873
2005-06-30,-0.005544298589842615
2005-07-01,0.015486864053915004
2005-07-04,0.003282960244351457
2005-07-05,0.02019948915586481
2005-07-06,0.0017123127544949757
2005-07-07,0.003368669483418084
2005-07-08,-0.0071505793772169614
2005-07-11,0.011119896595240823
2005-07-12,-0.005100859005687228
2005-07-13,-0.011024510453113624
2005-07-14,-0.0025666039614739263
2005-07-15,0.005233028705573049
2005-07-18,-0.031151884516343646
2005-07-19,0.009697371557159426
2005-07-20,0.0031108561499191903
2005-07-21,-0.0008088188801499752
2005-07-22,0.03556037787430344
2005-07-25,0.03682151540324772
2005-07-26,-0.003602355419086937
2005-07-27,-0.009141360033084474
2005-07-28,0.012024217901389706
2005-07-29,0.03387323768588643
2005-08-01,-0.03347981307428796
2005-08-02,0.01143519989420613
2005-08-03,0.029518827789692823
2005-08-04,0.0064357685135176465
2005-08-05,-0.0022353190094157246
2005-08-08,-0.006942535552071546
2005-08-09,-0.004777541864281626
2005-08-10,-0.004423072813411056
2005-08-11,-0.0028671732765729874
2005-08-12,-0.03441522546578195
2005-08-15,-0.0007654911260457538
2005-08-16,0.005832257408602354
2005-08-17,0.0029072025001034615
2005-08-18,0.0031749300956275504
2005-08-19,-0.004313706458912418
2005-08-22,0.008960652693960784
2005-08-23,-0.0005770309993728771
2005-08-24,0.005594805954067285
2005-08-25,0.01591182659368121
2005-08-26,-0.003603574586062251
2005-08-29,-0.0031766803619844644
2005-08-30,0.0032078934041275915
2005-08-31,0.0056314138914069466
2005-09-01,-0.010590117945548719
2005-09-02,-0.006139637140408679
2005-09-05,0.004875958646488715
2005-09-06,0.009229413615128829
2005-09-07,0.019506410054302287
2005-09-08,-0.011625124547674552
2005-09-09,-0.0057032929700354985
2005-09-12,0.01919511226306862
2005-09-13,-0.013022332772049772
2005-09-14,0.0011398469541456782
2005-09-15,-0.006445793754768339
2005-09-16,0.00015809167605859557
2005-09-19,0.002651802452032492
2005-09-20,0.0006161757995966632
2005-09-21,0.004090035044739749
2005-09-22,-0.011135541935083114
2005-09-23,0.007180223950614344
2005-09-26,0.0049992094703729464
2005-09-27,7.821444696108973e-05
2005-09-28,0.004101016049327379
2005-09-29,-0.009300656160533919
2005-09-30,-0.0077390914019941776
2005-10-10,0.0
2005-10-11,0.0
2005-10-12,0.0
2005-10-13,0.0
2005-10-14,0.0
2005-10-17,0.0
2005-10-18,0.0
2005-10-19,0.0
2005-10-20,0.07032247206979966
2005-10-21,-0.01726267948261614
2005-10-24,0.023294647068342667
2005-10-25,0.0021812948524170643
2005-10-26,0.022599440048104477
2005-10-27,-0.009467757478873098
2005-10-28,0.0070096071645122
2005-10-31,0.005252993321999801
2005-11-01,0.01603170719235581
2005-11-02,-0.005900257951441695
2005-11-03,0.017248776264228736
2005-11-04,0.012774450757157019
2005-11-07,0.0
2005-11-08,0.0
2005-11-09,0.0
2005-11-10,0.0
2005-11-11,0.0
2005-11-14,0.0
2005-11-15,0.0
2005-11-16,0.0
2005-11-17,0.0
2005-11-18,0.0
2005-11-21,0.0
2005-11-22,0.0
2005-11-23,0.0
2005-11-24,0.0
2005-11-25,0.0
2005-11-28,0.0
2005-11-29,0.0
2005-11-30,0.0
2005-12-01,0.0
2005-12-02,-0.03516096033761921
2005-12-05,-0.007812386617501485
2005-12-06,-0.03790968364554366
2005-12-07,0.009873463093309253
2005-12-08,0.015651734921267636
2005-12-09,0.014702278020100601
2005-12-12,0.026211326500960575
2005-12-13,0.0011882671287558474
2005-12-14,0.03590690959190755
2005-12-15,-0.006393526138688604
2005-12-16,0.008690299771003966
2005-12-19,0.0024609087880455016
2005-12-20,-0.01065686617506288
2005-12-21,-0.012971608292706204
2005-12-22,0.00529392642851381
2005-12-23,-0.002370127987868258
2005-12-26,0.0063268034710360355
2005-12-27,-0.0062001497107997215
2005-12-28,-0.005286590321896087
2005-12-29,0.00517081139825528
2005-12-30,-0.014663649527433226
2006-01-04,0.0649034348319173
2006-01-05,-0.008110656130887628
2006-01-06,-0.023918164162244862
2006-01-09,-0.016889512490321917
2006-01-10,0.02613713449166932
2006-01-11,-0.028979649689882425
2006-01-12,-0.000892596868017125
2006-01-13,-0.024234471119402315
2006-01-16,-0.010769366352525032
2006-01-17,0.017078710130383055
2006-01-18,-0.002442426796565013
2006-01-19,0.006486263469768203
2006-01-20,-0.012262664442745184
2006-01-23,-0.0029133869668689343
2006-01-24,0.050060153156590084
2006-01-25,-0.005938251653964027
2006-02-06,0.058916690276697825
2006-02-07,-0.001707751752197402
2006-02-08,0.012713922897120748
2006-02-09,-0.022598240698247785
2006-02-10,0.009530809859058388
2006-02-13,-0.0038780145132440626
2006-02-14,0.03410834628034383
2006-02-15,0.020168635068021457
2006-02-16,-0.0008711711359121778
2006-02-17,0.02445609753113304
2006-02-20,-0.00835684650114089
2006-02-21,-0.002871623526265762
2006-02-22,-0.0072860358896386
2006-02-23,-0.012175630847970022
2006-02-24,-0.00045852562795667233
2006-02-27,-0.016373665113921264
2006-02-28,-0.0002733550070356267
2006-03-01,0.0016674333235455075
2006-03-02,-0.010084264978676583
2006-03-03,0.017385755256260047
2006-03-06,-0.0038539725511211424
2006-03-07,-0.01257448700967095
2006-03-08,-0.018075570642839944
2006-03-09,-0.0010470155763790544
2006-03-10,-0.002094392296856561
2006-03-13,0.04389507427256684
2006-03-14,-0.00452214655066148
2006-03-15,0.009738227502937801
2006-03-16,0.0026627822594805775
2006-03-17,-0.006729691014902392
2006-03-20,0.01367094163077158
2006-03-21,0.002478956927787171
2006-03-22,0.02110976614550009
2006-03-23,0.009288805115203868
2006-03-24,-0.010537419006372142
2006-03-27,0.027494803414974907
2006-03-28,0.03289356829782576
2006-03-29,0.0036538848553029288
2006-03-30,-0.004581552842079216
2006-03-31,-0.01084956651011583
2006-04-03,0.02097562227199415
2006-04-04,-0.010623206989406029
2006-04-05,0.0005103933522964711
2006-04-06,-0.011441901975395127
2006-04-07,-0.020862511133988623
2006-04-10,-0.024790006761011216
2006-04-11,0.0219345167541099
2006-04-12,-0.006892225011924394
2006-04-13,0.003782221137084582
2006-04-14,-0.004254937442187884
2006-04-17,-0.027614395368080767
2006-04-18,0.007491473504998465
2006-04-19,0.017733536696867877
2006-04-20,-0.024636988616093286
2006-04-21,-0.016679467470716927
2006-04-24,-0.043703190750148016
2006-04-25,0.00661169601384809
2006-04-26,-0.020459153985739928
2006-04-27,0.005639706158322688
2006-04-28,-0.02745854014993485
2006-05-08,0.052135377396637844
2006-05-09,-0.02122908195496094
2006-05-10,-0.025983458423630416
2006-05-11,-0.046206592832976665
2006-05-12,-0.026327804782838603
2006-05-15,-0.014302224095669114
2006-05-16,-0.015574280795102396
2006-05-17,0.0009680680869194082
2006-05-18,0.01998968215260775
2006-05-19,-0.03959205453665077
2006-05-22,0.005794843423666998
2006-05-23,0.016613459822195933
2006-05-24,0.0199257839175838
2006-05-25,-0.00025584874630646057
2006-05-26,-0.0017988215893140046
2006-05-29,-0.011277892551290684
2006-05-30,0.0
2006-05-31,0.03016764105219818
2006-06-01,-0.014007780500990755
2006-06-02,-0.020798836171290837
2006-06-05,0.022727759794563977
2006-06-06,-0.026867402849301843
2006-06-07,0.033171277204030285
2006-06-08,-0.029120694304461618
2006-06-09,-0.0097330897896379
2006-06-12,-0.0017743955051589561
2006-06-13,-0.01880647775631052
2006-06-14,0.028859705821969703
2006-06-15,0.013703856104012636
2006-06-16,0.01526959101413657
2006-06-19,-0.014210271359100229
2006-06-20,-0.011235322643527546
2006-06-21,-0.009821227678831774
2006-06-22,-0.01766328059569526
2006-06-23,0.027602066220806416
2006-06-26,-0.01122310343113387
2006-06-27,0.0033728056357117103
2006-06-28,-0.003251937479414641
2006-06-29,0.019581847914962112
2006-06-30,0.002680827391896075
2006-07-03,0.014067232500022384
2006-07-04,-0.003504511667664632
2006-07-05,-0.011851340023570463
2006-07-06,-0.00643960314107982
2006-07-07,-0.013799159491077139
2006-07-10,0.026736153533397117
2006-07-11,-0.003959910413678759
2006-07-12,0.03705410806371053
2006-07-13,0.021155377297028717
2006-07-14,0.027765053915239507
2006-07-17,0.0
2006-07-18,0.007272465968116433
2006-07-19,-0.00844856099959955
2006-07-20,0.01670746656374506
2006-07-21,-0.0028909522234408028
2006-07-24,1.2738720834654105e-05
2006-07-25,-0.017963850413263212
2006-07-26,-0.006918328005787661
2006-07-27,-0.014770131261754636
2006-07-28,0.00878063812246575
2006-07-31,-0.007085184871412777
2006-08-01,0.01989478429009834
2006-08-02,0.0096980350394174
2006-08-03,0.012977304228672723
2006-08-04,0.0
2006-08-07,-0.019000304538098447
2006-08-08,0.004155679433706441
2006-08-09,0.01062131383722627
2006-08-10,0.016260340777335368
2006-08-11,-0.0032998675827296134
2006-08-14,0.021326892143771804
2006-08-15,0.016704085831522483
2006-08-16,0.012113525778203488
2006-08-17,-0.004016464066206937
2006-08-18,0.0059130417927336885
2006-08-21,0.009143438009727261
2006-08-22,-0.005851102007665321
2006-08-23,0.0022808494433509802
2006-08-24,0.0009450662064198522
2006-08-25,0.009728546694241755
2006-08-28,0.015904069132416675
2006-08-29,-0.007052503534230458
2006-08-30,0.013246278636438978
2006-08-31,-0.005489762791946923
2006-09-01,-0.00479045582113154
2006-09-04,-0.0004011068664039538
2006-09-05,0.0016946204311572774
2006-09-06,-0.0026244083375208706
2006-09-07,0.005327039421479787
2006-09-08,0.0022904294297543537
2006-09-11,0.019947268104355497
2006-09-12,-0.001254810506118799
2006-09-13,0.008472169756738968
2006-09-14,-0.007877039798807155
2006-09-15,0.00901660617967058
2006-09-18,0.0023458619790150395
2006-09-19,-0.0006962774914171712
2006-09-20,0.024316144098121297
2006-09-21,0.013551507516467616
2006-09-22,-0.0026311600498763084
2006-09-25,-0.002106807894652861
2006-09-26,-0.016417827675565263
2006-09-27,0.005700745639780486
2006-09-28,0.0094253690242645
2006-09-29,0.009722563040717643
2006-10-09,-0.02407295519822087
2006-10-10,-0.001525624939931615
2006-10-11,0.018529379823592967
2006-10-12,0.0009091955198521177
2006-10-13,4.091229241654816e-05
2006-10-16,0.010052725666488564
2006-10-17,0.009117014889999777
2006-10-18,0.040274793106672084
2006-10-19,0.00947193068769808
2006-10-20,0.032457911924855934
2006-10-23,0.003139673781194917
2006-10-24,0.008366229129970898
2006-10-25,0.0001883397081857991
2006-10-26,0.010299476480943544
2006-10-27,-0.009020884375006245
2006-10-30,-0.016827502657107047
2006-10-31,0.007693371335361555
2006-11-01,-0.014679335749513033
2006-11-02,-0.004125582595331655
2006-11-03,0.0060992342292970035
2006-11-06,0.02952120705342471
2006-11-07,0.006174325149156213
2006-11-08,-0.013566731176302358
2006-11-09,0.03342326216860973
2006-11-10,0.01945457525598459
2006-11-13,0.001386006477483541
2006-11-14,0.0008782570602739077
2006-11-15,0.020481111323675236
2006-11-16,0.02178593190010566
2006-11-17,-0.01131232833963268
2006-11-20,0.025048026462707422
2006-11-21,-0.018969663270343808
2006-11-22,-0.00881884467536259
2006-11-23,-0.0008738169242376772
2006-11-24,-0.046356078732026615
2006-11-27,-0.0024991298758468387
2006-11-28,-0.004829363189303335
2006-11-29,-0.007207559866535176
2006-11-30,0.04364762303101846
2006-12-01,-0.004124635584469178
2006-12-04,-0.005889604426870747
2006-12-05,-0.006892651149471657
2006-12-06,0.0038192143906260814
2006-12-07,0.0029388654112847967
2006-12-08,0.0037538398221345984
2006-12-11,0.026375008769712188
2006-12-12,0.005183187241503268
2006-12-13,-0.006048243138272744
2006-12-14,-0.0276489274451387
2006-12-15,-0.00790756815446219
2006-12-18,0.01983701558064168
2006-12-19,0.010372492165169452
2006-12-20,0.028951192149492405
2006-12-21,0.0
2006-12-22,0.0
2006-12-25,-0.0020275490506823993
2006-12-26,0.013831117131028577
2006-12-27,-0.01839520541379213
2006-12-28,-0.008741175182182693
2006-12-29,-0.017358021500537384
2007-01-04,-0.01260765854709678
2007-01-05,-0.033089154948113444
2007-01-08,-0.004428700832144743
2007-01-09,-0.0066031645241608
2007-01-10,0.05984504265170457
2007-01-11,-0.011060644407039341
2007-01-12,0.012073914747782709
2007-01-15,0.03426906077924986
2007-01-16,0.02190749771244667
2007-01-17,-0.0007097338170145573
2007-01-18,0.018428065419558777
2007-01-19,-0.019933386822072907
2007-01-22,-0.02933612597325884
2007-01-23,-0.01649408696638738
2007-01-24,0.02111018806305416
2007-01-25,0.002179373259947291
2007-01-26,0.01965144327571705
2007-01-29,-0.04096882401165579
2007-01-30,-0.01384239237439093
2007-01-31,0.004372164918437893
2007-02-01,0.01448299074600673
2007-02-02,-0.016413781532759658
2007-02-05,0.027756996077368534
2007-02-06,-0.023517615242668332
2007-02-07,0.02423954082648181
2007-02-08,-0.008847063489557841
2007-02-09,-0.016783408325086235
2007-02-12,0.0003935349609140923
2007-02-13,-0.0005956373437982741
2007-02-14,0.021802269869273364
2007-02-15,-0.02181948103106511
2007-02-16,-0.02351375835013468
2007-02-26,-0.03661860734987729
2007-02-27,-0.004969420585503384
2007-02-28,-0.011613042220244965
2007-03-01,-0.025669779961425027
2007-03-02,-0.00016570929615664087
2007-03-05,0.04866341506867615
2007-03-06,-0.00905285258233186
2007-03-07,-0.00823230714216397
2007-03-08,-0.002603049362378762
2007-03-09,-0.0018533737406013218
2007-03-12,-0.026419125010204703
2007-03-13,0.028988701095653976
2007-03-14,-0.016811990807279135
2007-03-15,0.03714072782440958
2007-03-16,0.009077708341336813
2007-03-19,0.02356258955779301
2007-03-20,0.0051960487534435116
2007-03-21,0.002826754148173828
2007-03-22,-0.01798952674079272
2007-03-23,-0.02066968449724042
2007-03-26,0.012299254101994006
2007-03-27,-0.03131912871490601
2007-03-28,0.01759891480061094
2007-03-29,0.01913182239084655
2007-03-30,-0.016964146924263533
2007-04-02,-0.005562596876485075
2007-04-03,0.014819788070258869
2007-04-04,0.0013377290486636427
2007-04-05,-0.02563318728437077
2007-04-06,-0.03078763286944572
2007-04-09,-0.024737838841221157
2007-04-10,-0.00011577427225734072
2007-04-11,0.05679696754667875
2007-04-12,-0.014990158057025093
2007-04-13,0.0
2007-04-16,-0.007062697529663486
2007-04-17,-0.00139858564410366
2007-04-18,-0.03712166312736259
2007-04-19,-0.017017321174187083
2007-04-20,-0.01629277872307671
2007-04-23,-0.012210030882360987
2007-04-24,-0.02668254107007107
2007-04-25,0.024613636999324295
2007-04-26,-0.009993372281821636
2007-04-27,-0.024297895049706607
2007-04-30,-0.018452306650808853
2007-05-08,0.04705805719201521
2007-05-09,0.08112974206756389
2007-05-10,-0.01753705760394949
2007-05-11,0.050666347723070417
2007-05-14,0.05031050557776441
2007-05-15,-0.007007505848363717
2007-05-16,0.0012930970147804269
2007-05-17,0.025591428861899124
2007-05-18,-0.009323294040737702
2007-05-21,-0.03243466178790126
2007-05-22,0.03609027102938349
2007-05-23,0.022212362340966452
2007-05-24,0.016144058542769534
2007-05-25,-0.038489082005496215
2007-05-28,-0.017324426380443327
2007-05-29,0.010885770541665618
2007-05-30,0.01355594948451623
2007-05-31,0.006529407147157523
2007-06-01,-0.0010009368204426106
2007-06-04,-0.013684479225711643
2007-06-05,0.04934853360964872
2007-06-06,0.022507286375588954
2007-06-07,-0.024671015717387945
2007-06-08,-0.018070638653929372
2007-06-11,-0.01890965624630654
2007-06-12,-0.02053786613561111
2007-06-13,0.0274277973545757
2007-06-14,-0.013424637975380384
2007-06-15,0.00814266633058545
2007-06-18,0.009996734312666754
2007-06-19,0.01857424921128824
2007-06-20,-0.014238664947180166
2007-06-21,-0.003324141421524155
2007-06-22,-0.00016972616967283333
2007-06-25,0.029270747016901806
2007-06-26,0.0004237768151095795
2007-06-27,0.00476438945166982
2007-06-28,0.008555933238384411
2007-06-29,0.00417021252974557
2007-07-02,-0.016184468172847133
2007-07-03,0.02618928020898784
2007-07-04,0.01026319373057973
2007-07-05,0.023508933924986264
2007-07-06,1.512673108849949e-05
2007-07-09,-0.010980955142453605
2007-07-10,0.03861661531876389
2007-07-11,0.02091171834166206
2007-07-12,-0.004335015202608209
2007-07-13,0.0
2007-07-16,-0.015525656230582868
2007-07-17,0.05197122831876312
2007-07-18,0.009922988286012908
2007-07-19,0.003627152051250108
2007-07-20,0.029351839764358442
2007-07-23,-0.002362404682716212
2007-07-24,0.0009392690335436188
2007-07-25,-0.005028974936571156
2007-07-26,-0.010456647750638759
2007-07-27,-0.014516031835500291
2007-07-30,0.015204334145639532
2007-07-31,-0.003529967551396571
2007-08-01,0.024275825362692263
2007-08-02,0.041965900475921455
2007-08-03,0.02450584511281182
2007-08-06,-0.005891810430065446
2007-08-07,-0.018183124569588083
2007-08-08,0.0055095356094346515
2007-08-09,0.05093097179542708
2007-08-10,-0.020129139655043496
2007-08-13,0.009927876260446653
2007-08-14,-0.01429335861880382
2007-08-15,0.0031905373694016657
2007-08-16,-0.018162559148451662
2007-08-17,-0.017268721536305976
2007-08-20,0.015482626065320304
2007-08-21,-0.019881844619962025
2007-08-22,0.010211008409188718
2007-08-23,-0.008185534055263892
2007-08-24,0.0
2007-08-27,0.0
2007-08-28,0.0
2007-08-29,-0.012041091122801953
2007-08-30,-0.013714242530303672
2007-08-31,-0.007972382655285961
2007-09-03,-0.018267696806063192
2007-09-04,-0.002370623949236707
2007-09-05,-0.006375789794540732
2007-09-06,0.005179564354396542
2007-09-07,-0.009152287653982079
2007-09-10,0.00238515738104598
2007-09-11,-0.0012040043305822576
2007-09-12,-0.00872716006454744
2007-09-13,-0.008436992333256746
2007-09-14,0.0
2007-09-17,-0.007347303651015031
2007-09-18,-0.02461642493776248
2007-09-19,0.00016561358849563786
2007-09-20,-0.0096564655032958
2007-09-21,-0.004142241138915502
2007-09-24,0.022767743652017624
2007-09-25,0.007153719283678597
2007-09-26,-0.016960617046598646
2007-09-27,-0.00299644129627984
2007-09-28,0.004016242040339877
2007-10-08,0.043082736833137895
2007-10-09,-0.003729945374122997
2007-10-10,0.004722011370634344
2007-10-11,0.01860405949270805
2007-10-12,-0.022477993408610727
2007-10-15,-0.027009051289462235
2007-10-16,0.012222434365710487
2007-10-17,0.005216152913995402
2007-10-18,-0.003571419701195365
2007-10-19,0.013949829954226969
2007-10-22,0.028927362749640747
2007-10-23,0.028306643611700037
2007-10-24,-0.007884520617553584
2007-10-25,0.032492230934795516
2007-10-26,0.015377648949901346
2007-10-29,-0.006294336911262154
2007-10-30,-0.015333885906915808
2007-10-31,0.05518663574604532
2007-11-01,0.01161989578111677
2007-11-02,0.02203818710924558
2007-11-05,-0.039801394790393296
2007-11-06,0.022995552485492406
2007-11-07,0.0013027513470125329
2007-11-08,0.0033214676736721405
2007-11-09,0.01978291140895757
2007-11-12,0.031117363255743914
2007-11-13,-0.014783208254936345
2007-11-14,-0.010842479727151681
2007-11-15,-0.0015040969452104237
2007-11-16,-0.007340737988881109
2007-11-19,-0.012771051331484186
2007-11-20,0.0011455873032135515
2007-11-21,-0.0011506218824277048
2007-11-22,0.004343898037677471
2007-11-23,0.006569374926915783
2007-11-26,0.014957493138409113
2007-11-27,-0.0008503488889193278
2007-11-28,0.026775238167960846
2007-11-29,0.008006041655129532
2007-11-30,0.02435192577310255
2007-12-03,-0.0009874815055438205
2007-12-04,-0.0013763264446275524
2007-12-05,-0.002453316139417544
2007-12-06,0.0016543475646671295
2007-12-07,-0.006879627749413109
2007-12-10,-0.019373325551638874
2007-12-11,-0.0037914493611072193
2007-12-12,0.0030210203293824164
2007-12-13,-0.0020661014590319104
2007-12-14,0.007118735263928533
2007-12-17,-0.021356635413715852
2007-12-18,0.0043392289855714045
2007-12-19,-0.010807681269576933
2007-12-20,-0.0019340602880740104
2007-12-21,-0.006064997568049611
2007-12-24,-0.0074538722624006085
2007-12-25,-0.016686352179123124
2007-12-26,-0.0058767945486807764
2007-12-27,0.013566000647960832
2007-12-28,-0.020956918606611814
2008-01-02,-0.0034906350646400613
2008-01-03,-0.01759073634332622
2008-01-04,0.002868762185388056
2008-01-07,0.007281575050491335
2008-01-08,0.00568370456276911
2008-01-09,0.004002298776219538
2008-01-10,-0.01482997365255877
2008-01-11,0.010704707182789298
2008-01-14,0.00045721981686412325
2008-01-15,-0.013414860856872029
2008-01-16,-0.0017478476992832531
2008-01-17,-0.007688329450072858
2008-01-18,-0.00249821296177051
2008-01-21,-0.008154102697590253
2008-01-22,-0.010445108036825648
2008-01-23,-0.001996017972420022
2008-01-24,0.02288669745609423
2008-01-25,0.02264707033301505
2008-01-28,0.02441583046823019
2008-01-29,0.004279926404339071
2008-01-30,-0.02202508007642089
2008-01-31,0.02572104814061458
2008-02-01,0.03555050493408157
2008-02-04,0.000542523001167125
2008-02-05,-0.01391799009988991
2008-02-13,-0.00920087764978813
2008-02-14,-0.01034239042663418
2008-02-15,-0.012386987159211896
2008-02-18,0.008134272191851137
2008-02-19,-0.0016342013143149127
2008-02-20,-0.019105238514684
2008-02-21,-0.015807695215366117
2008-02-22,-0.00693503027034989
2008-02-25,-0.006907862990508926
2008-02-26,0.0007118890060053128
2008-02-27,-2.2012588061323668e-05
2008-02-28,-0.011176716218173278
2008-02-29,-0.0016734343921878721
2008-03-03,-0.00994391574894643
2008-03-04,-0.0012331091165312391
2008-03-05,0.03388787530512742
2008-03-06,-0.014102002829798212
2008-03-07,0.016446548766837876
2008-03-10,-0.008953492906980526
2008-03-11,0.0023286097419566616
2008-03-12,0.0011169052126336343
2008-03-13,0.006002109823694517
2008-03-14,0.017423071121044933
2008-03-17,0.057427467579034955
2008-03-18,0.011991933876093028
2008-03-19,0.048245803315133555
2008-03-20,0.017981474867785167
2008-03-21,-0.01974789369762681
2008-03-24,-0.012375896805194422
2008-03-25,0.02378688915477349
2008-03-26,0.011833698698409867
2008-03-27,0.03690346883938434
2008-03-28,0.020287890751463068
2008-03-31,-0.010573710285576444
2008-04-01,0.011014001881112331
2008-04-02,0.021318063145534208
2008-04-03,-0.01718659766666075
2008-04-07,0.0026350503003891926
2008-04-08,0.0013326789481261855
2008-04-09,0.013968894716844038
2008-04-10,0.011894054434331839
2008-04-11,0.00015566465384865384
2008-04-14,-0.010842772106164161
2008-04-15,-0.01442843059868483
2008-04-16,0.00032653744364696813
2008-04-17,0.023588089113467804
2008-04-18,0.0001910391638894754
2008-04-21,-0.012413749284090093
2008-04-22,0.01885133367460588
2008-04-23,0.0
2008-04-24,0.016131827056795486
2008-04-25,0.05425670350434278
2008-04-28,-0.012917607292184517
2008-04-29,0.012707305374603869
2008-04-30,-0.0016421536732197095
2008-05-05,0.012614209182826564
2008-05-06,-0.021337673774784592
2008-05-07,-0.013630245847687114
2008-05-08,-0.002208078992056977
2008-05-09,-0.024480070517317556
2008-05-12,0.00550885260651281
2008-05-13,0.015764682312290168
2008-05-14,0.010517967613167908
2008-05-15,-0.005100046718246818
2008-05-16,-0.008864940256626574
2008-05-19,-0.01899880772753058
2008-05-20,0.00933655540993384
2008-05-21,0.0059766281482328786
2008-05-22,-0.006517332700099521
2008-05-23,-0.006208726633077994
2008-05-26,0.024688504581517577
2008-05-27,0.012689177926364016
2008-05-28,-0.014708023184749723
2008-05-29,-0.006390389250884816
2008-05-30,0.018635486191225417
2008-06-02,-0.015328127239669921
2008-06-03,0.005893203061901659
2008-06-04,0.041036304663246426
2008-06-05,0.0
2008-06-06,-0.030221143045021166
2008-06-10,-0.01668174166983738
2008-06-11,-0.020069201147286768
2008-06-12,0.03309460850513173
2008-06-13,0.005549408115890504
2008-06-16,0.03547712691789027
2008-06-17,-0.018320119342442293
2008-06-18,-0.010677600696286586
2008-06-19,-0.02193593741680412
2008-06-20,-0.013695675475662146
2008-06-23,-0.020743918843416257
2008-06-24,-0.000135280140778557
2008-06-25,-0.009020276313288056
2008-06-26,0.0060979299642827875
2008-06-27,-0.019146296636279654
2008-06-30,-0.004210514228201586
2008-07-01,-0.02408128389914127
2008-07-02,-0.010763236255774477
2008-07-03,-0.013841845815824226
2008-07-04,0.02486777142383489
2008-07-07,-0.0025512968075264847
2008-07-08,-0.01863647225235597
2008-07-09,0.03020526476778459
2008-07-10,-0.004609484962262279
2008-07-11,-0.02753351125570112
2008-07-14,-0.0027784859143589634
2008-07-15,-0.010943342301391129
2008-07-16,0.004158449399419575
2008-07-17,0.01458079018550507
2008-07-18,-0.00894387368711537
2008-07-21,-0.010649696778553819
2008-07-22,-0.008328765497931318
2008-07-23,-0.009775282434449362
2008-07-24,0.01070215025896723
2008-07-25,0.0038706420813445115
2008-07-28,0.0036667418855137546
2008-07-29,-3.4330177988546595e-05
2008-07-30,-0.007542954771987069
2008-07-31,0.0003299666589707817
2008-08-01,-0.008100780104452733
2008-08-04,0.010490145403217396
2008-08-05,-0.021030846501489363
2008-08-06,-0.014227513721389133
2008-08-07,-0.0001846572516928241
2008-08-08,0.01141200288419688
2008-08-11,-0.0011024329946543315
2008-08-12,0.003776665484691258
2008-08-13,0.005928220302455434
2008-08-14,-0.007496762684427071
2008-08-15,-0.005284140328155471
2008-08-18,0.004492652485102014
2008-08-19,-0.001390775426740782
2008-08-20,0.005254397203645844
2008-08-21,-0.0170121814171244
2008-08-22,-0.006045311471513347
2008-08-25,-2.7222540481447932e-05
2008-08-26,0.033824185468905116
2008-08-27,-0.026152105699408974
2008-08-28,-0.00944800507978384
2008-08-29,0.01786592737565796
2008-09-01,-0.0022929960581061226
2008-09-02,-0.004899995126127685
2008-09-03,-0.008363658151875522
2008-09-04,-0.001028545473348112
2008-09-05,0.0019319554822166407
2008-09-08,-0.014826612507930048
2008-09-09,-0.02503746100225368
2008-09-10,0.00025083306150645943
2008-09-11,-0.018894529389303624
2008-09-12,0.010704937269023261
2008-09-16,-0.00321595776780419
2008-09-17,-0.02751921563398093
2008-09-18,0.025982519992419715
2008-09-19,0.011218422012752291
2008-09-22,-0.014646788236240604
2008-09-23,-0.023054530806189716
2008-09-24,-0.006013528388618185
2008-09-25,0.03008886436449587
2008-09-26,0.042704565310201476
2008-10-06,0.00609370792227
2008-10-07,0.026573620628803946
2008-10-08,0.025703296503657366
2008-10-09,-0.006996843109694131
2008-10-10,-0.002196036311127504
2008-10-13,0.0209385782727499
2008-10-14,0.03361376663639556
2008-10-15,0.030108555719319453
2008-10-16,0.022046239618858515
2008-10-17,-0.00800678356129236
2008-10-20,0.014946978608672432
2008-10-21,0.004612249684408463
2008-10-22,-0.008462638615547365
2008-10-23,0.012507664800618545
2008-10-24,-0.002029017097934488
2008-10-27,-0.017363976981549845
2008-10-28,-0.03995411043141383
2008-10-29,0.045657194089175346
2008-10-30,-0.018243981684514493
2008-10-31,0.0043484008661148245
2008-11-03,0.007425339168533418
2008-11-04,-0.033031711701042424
2008-11-05,0.01782570623650071
2008-11-06,-0.00320492604345457
2008-11-07,0.0032575657443474834
2008-11-10,0.005657435735524685
2008-11-11,0.02523081887839411
2008-11-12,0.008709168417446659
2008-11-13,-0.00031782359567287394
2008-11-14,-0.01329480299569022
2008-11-17,-0.025088049511853047
2008-11-18,-0.02832792048454784
2008-11-19,-0.007210466407750124
2008-11-20,-0.0030071498598716676
2008-11-21,0.003888124871525671
2008-11-24,0.0005584460986094303
2008-11-25,0.02439603502090832
2008-11-26,0.020513818999516573
2008-11-27,0.000334487688474102
2008-11-28,-0.0019886009874131097
2008-12-01,0.007490180516236927
2008-12-02,-0.0008252760273855173
2008-12-03,0.0019198619128426367
2008-12-04,-0.001872062619004692
2008-12-05,0.016354645080919113
2008-12-08,0.01281212969286221
2008-12-09,-0.001369529220774983
2008-12-10,0.0023898299607071766
2008-12-11,-0.000682461399202125
2008-12-12,-0.0071443224136486586
2008-12-15,-0.02286853688616279
2008-12-16,0.02424234894800013
2008-12-17,0.004632959609780407
2008-12-18,0.02330252873115922
2008-12-19,-0.0014454885393262434
2008-12-22,-0.0009894810816752642
2008-12-23,0.008862081487523814
2008-12-24,-0.0007466027259930182
2008-12-25,0.0010464678626837982
2008-12-26,-0.0068264722847969465
2008-12-29,0.008873308621701036
2008-12-30,0.008685397978294776
2008-12-31,-0.00021179500379040622
2009-01-05,-0.0002534707274780279
2009-01-06,-0.00393033501902193
2009-01-07,-0.0006611088894351684
2009-01-08,0.008146333506196372
2009-01-09,-0.008888484487947294
2009-01-12,-0.001345918580132801
2009-01-13,-0.011315005282795918
2009-01-14,0.01016786212812923
2009-01-15,-0.009130487052856576
2009-01-16,-0.009537412413611768
2009-01-19,-0.002599004464925659
2009-01-20,-0.0057002736468787195
2009-01-21,0.02358086124500198
2009-01-22,-0.0036458709991791117
2009-01-23,-0.006058673955470654
2009-02-02,-0.01492901222144526
2009-02-03,-0.011304216936117058
2009-02-04,-0.001526112310429293
2009-02-05,0.007213623746390914
2009-02-06,0.0198471564509642
2009-02-09,-0.022864646609469637
2009-02-10,0.003259726453871646
2009-02-11,-0.01812345139230535
2009-02-12,-0.0027967695255727183
2009-02-13,0.002328606503385275
2009-02-16,-0.013751433467540524
2009-02-17,-0.002678216550908351
2009-02-18,-0.0158408868006409
2009-02-19,-0.0010452976976221134
2009-02-20,-0.006320824797786081
2009-02-23,0.00541870350216013
2009-02-24,-0.001377361441919446
2009-02-25,-0.0016192350142911066
2009-02-26,0.007122635554499809
2009-02-27,0.007107182914488388
2009-03-02,0.006090621686196861
2009-03-03,0.016544332382292665
2009-03-04,-0.0013981239112166866
2009-03-05,0.0011100717293590417
2009-03-06,0.011092429521659524
2009-03-09,0.006943576282324872
2009-03-10,-0.01962199751061059
2009-03-11,0.0009372279750154543
2009-03-12,0.005885883445443711
2009-03-13,0.004806086046522537
2009-03-16,0.00023245821568593922
2009-03-17,0.0036012154335758953
2009-03-18,-0.006783746855141197
2009-03-19,-0.016571844760188307
2009-03-20,-0.011851179322223394
2009-03-23,-0.011254403733840089
2009-03-24,-0.01572134036350078
2009-03-25,-0.00046470496544960896
2009-03-26,-0.002449868950878252
2009-03-27,-0.01646980285216424
2009-03-30,0.006221726684434457
2009-03-31,-0.01318987064016175
2009-04-01,0.003885760172330485
2009-04-02,0.0124162756900111
2009-04-03,0.01209736872989752
2009-04-07,0.0026192035915808664
2009-04-08,-0.0030759402941548594
2009-04-09,0.005407657044785137
2009-04-10,0.0
2009-04-13,-0.012044174940344009
2009-04-14,0.01597005475185667
2009-04-15,-0.009114364883946116
2009-04-16,-0.007390264401345898
2009-04-17,0.001372544493874063
2009-04-20,-0.013446955937512387
2009-04-21,-0.011242121398703897
2009-04-22,-0.0022003866046515184
2009-04-23,0.004007624694716384
2009-04-24,-0.001185364600645892
2009-04-27,0.010620207195706402
2009-04-28,-0.004813077870763781
2009-04-29,-0.00018037382783699096
2009-04-30,0.0014208124670185042
2009-05-04,0.0003887486493691916
2009-05-05,0.025680710040147717
2009-05-06,-0.0019917557176560036
2009-05-07,-0.0010568359730406085
2009-05-08,0.04194605711950399
2009-05-11,0.019746924697932735
2009-05-12,0.027736006897738363
2009-05-13,-0.012711148200858243
2009-05-14,0.005305109484749843
2009-05-15,0.002054487778633489
2009-05-18,-0.012592522843944291
2009-05-19,0.005288973630987331
2009-05-20,-0.004012095091461172
2009-05-21,-0.016943043204461387
2009-05-22,-0.0025130499765482917
2009-05-25,0.02221453479366766
2009-05-26,0.00014993393483681006
2009-05-27,0.0017374320621983946
2009-06-01,-0.006550343358351925
2009-06-02,-0.01695411047502345
2009-06-03,0.01535364525620287
2009-06-04,0.008049053829687323
2009-06-05,-0.00832683662464207
2009-06-08,0.03404430859891347
2009-06-09,0.008666442322369758
2009-06-10,-0.012899469573612418
2009-06-11,-0.004378771577620434
2009-06-12,0.019932140672930195
2009-06-15,-0.0043479584730368795
2009-06-16,-0.017845452225671965
2009-06-17,0.0439175979660502
2009-06-18,-0.004874221147933334
2009-06-19,0.02260899528975318
2009-06-22,0.014949392663515044
2009-06-23,0.004939259599656829
2009-06-24,-0.013384592113414435
2009-06-25,-0.002072550854918488
2009-06-26,-0.00778586843810657
2009-06-29,-0.007148133533695002
2009-06-30,-0.013755406612932319
2009-07-01,-0.019566198767221807
2009-07-02,-0.002633774430039818
2009-07-03,0.023170866259373125
2009-07-06,0.0096377386217848
2009-07-07,0.008342917826142646
2009-07-08,0.0016862789269626935
2009-07-09,-0.003331294228248287
2009-07-10,-0.01337356731552263
2009-07-13,-0.005656629512033717
2009-07-14,-0.00017788781000549134
2009-07-15,-0.010352399810004253
2009-07-16,-0.0046635303801348255
2009-07-17,0.001457028867647316
2009-07-20,-0.006525532343032641
2009-07-21,-0.0009219832152799687
2009-07-22,-0.006238589851484769
2009-07-23,0.002069548060646527
2009-07-24,0.0004423034775470243
2009-07-27,-0.016128395676641955
2009-07-28,-0.006556537684037831
2009-07-29,0.01100977548641821
2009-07-30,-0.016315766032959155
2009-07-31,0.005415775015323015
2009-08-03,-0.004551803150788328
2009-08-04,0.007086718404177886
2009-08-05,0.0037037877796856945
2009-08-06,-0.0008652796775063011
2009-08-07,-0.00041764220924589424
2009-08-10,-0.004573375863681006
2009-08-11,-0.0031620333390394682
2009-08-12,0.008362898875907729
2009-08-13,-0.003732963188448263
2009-08-14,0.0177826596588454
2009-08-17,-0.024691914007499483
2009-08-18,0.017822091857521913
2009-08-19,0.0205097969485704
2009-08-20,-0.004637924505154305
2009-08-21,-0.0013944092772725826
2009-08-24,-0.0006722895309358714
2009-08-25,-0.0056190802580168425
2009-08-26,-0.002581702948212885
2009-08-27,-0.014281544837387193
2009-08-28,-0.0037749358817304873
2009-08-31,-0.0037297241459498115
2009-09-01,0.03280030752824084
2009-09-02,0.01063066099588725
2009-09-03,0.012323789946009578
2009-09-04,0.008628129566965672
2009-09-07,-0.0022611526673142392
2009-09-08,-0.00965420972465636
2009-09-09,-0.0041269013158854295
2009-09-10,-0.0019011592010790817
2009-09-11,-0.004727924002536021
2009-09-14,0.010751174663690508
2009-09-15,0.0
2009-09-16,0.01831867053250808
2009-09-17,-0.008697372231829857
2009-09-18,0.004405548012256316
2009-09-21,-0.004439707440338229
2009-09-22,-0.00014099253618985938
2009-09-23,-0.004737667096979231
2009-09-24,0.011560064190994753
2009-09-25,-0.008601726024655672
2009-09-28,-0.0016733997145368176
2009-09-29,-0.004294598639763751
2009-09-30,-0.004618877696970532
2009-10-09,0.0010866313238727873
2009-10-12,-0.005703288772580813
2009-10-13,-0.001501557888922254
2009-10-14,0.006221446459764732
2009-10-15,0.011161407449538453
2009-10-16,-0.004278750569658232
2009-10-19,0.011962014533760834
2009-10-20,-0.002117451974640987
2009-10-21,0.006046446385352049
2009-10-22,-0.010209546794707003
2009-10-23,-0.0027555372587773266
2009-10-26,0.0077675938082237585
2009-10-27,-0.010776125997076499
2009-10-28,-0.0026009564524997726
2009-10-29,-0.0020843646835628712
2009-10-30,-0.0025894244569288826
2009-11-02,0.00135688430315032
2009-11-03,-0.004162718633708864
2009-11-04,-0.006810678227795384
2009-11-05,-0.002200085381806487
2009-11-06,0.007874133536851569
2009-11-09,-0.0009700831740922043
2009-11-10,-0.010302295536385668
2009-11-11,-0.009356085068226144
2009-11-12,-0.0019117076840890349
2009-11-13,-0.0030458819537899635
2009-11-16,-0.0016392731485105477
2009-11-17,-0.00408930859913852
2009-11-18,0.003794127712589835
2009-11-19,0.006954996364960146
2009-11-20,-0.004545260776125316
2009-11-23,-0.007766598366916771
2009-11-24,0.0013251505289893495
2009-11-25,-0.012930965467568084
2009-11-26,0.0006537884899813669
2009-11-27,0.000386010797631009
2009-11-30,-0.0061116178498589815
2009-12-01,-0.01042854298495393
2009-12-02,-0.0019171921522095556
2009-12-03,-0.003843390793895592
2009-12-04,0.025906359079083962
2009-12-07,0.007925037982496705
2009-12-08,-0.00399326101827064
2009-12-09,0.00955378453675659
2009-12-10,-0.0028464715406393464
2009-12-11,0.0005905609390231825
2009-12-14,-0.0019236495216189472
2009-12-15,0.006199836672310631
2009-12-16,0.006453964606197111
2009-12-17,0.006427545204869127
2009-12-18,-0.0010588763676751337
2009-12-21,0.00975473946855098
2009-12-22,0.00473260594892172
2009-12-23,-0.001412049943657256
2009-12-24,-0.0003963440449496862
2009-12-25,-0.0021881410848186515
2009-12-28,-0.00801161183498986
2009-12-29,0.0016800725677850493
2009-12-30,-0.0009025632353981267
2009-12-31,0.0014584012881848456
2010-01-04,0.008041017499324378
2010-01-05,0.00238006418241421
2010-01-06,0.0012948422278568489
2010-01-07,-0.001116761260003733
2010-01-08,-0.006099866799186754
2010-01-11,0.006843877093530602
2010-01-12,-0.0013092305525848266
2010-01-13,0.018883424746800007
2010-01-14,-0.006367659201941676
2010-01-15,-0.0013221139385792575
2010-01-18,-0.017952722904083396
2010-01-19,-0.00572254436073333
2010-01-20,-2.427561230535294e-05
2010-01-21,-0.009538278041345938
2010-01-22,-0.010724163258642004
2010-01-25,0.012306620870718613
2010-01-26,0.012882129096970799
2010-01-27,0.013774338389627109
2010-01-28,0.0029955305422299447
2010-01-29,0.001781851851483423
2010-02-01,-0.0025683381528915153
2010-02-02,-0.005555811076370213
2010-02-03,-0.009758749981032898
2010-02-04,-0.007394947690013719
2010-02-05,0.004794423881336239
2010-02-08,-0.003369339129761717
2010-02-09,-0.005062515359423293
2010-02-10,0.0029897990380731865
2010-02-11,-0.001623299969379514
2010-02-12,0.007370833790264222
2010-02-22,0.003190580827810527
2010-02-23,-0.0027526493047381577
2010-02-24,0.0040234108255522445
2010-02-25,0.004887158773449481
2010-02-26,0.0006308861931653056
2010-03-01,-0.0067361017428717385
2010-03-02,0.01502455860215043
2010-03-03,-0.0030158806084153705
2010-03-04,-0.0007236410911184779
2010-03-05,-0.0015290893821944666
2010-03-08,-0.0069801895447487855
2010-03-09,0.0020545803156722803
2010-03-10,0.00012042731962929286
2010-03-11,0.0062628355061155995
2010-03-12,0.005055943318571447
2010-03-15,-0.006254168386610906
2010-03-16,-0.003905472220886632
2010-03-17,-0.0034491771677356564
2010-03-18,0.0015614971240883596
2010-03-19,0.0015719075570568399
2010-03-22,-0.008057870091703265
2010-03-23,0.0
2010-03-24,-0.008891758283805812
2010-03-25,0.005607818703011105
2010-03-26,-0.009297698527342496
2010-03-29,-0.005344008715302301
2010-03-30,-0.0007353500491737303
2010-03-31,0.007582904837968613
2010-04-01,-0.00011343192227883034
2010-04-02,0.0002164525410859419
2010-04-06,0.006575499643130391
2010-04-07,0.005729606258192264
2010-04-08,0.01101912625594275
2010-04-09,0.006800615432030746
2010-04-12,0.023469213332379238
2010-04-13,-0.013039736526314242
2010-04-14,-0.0004910623570852399
2010-04-15,0.0014152094253909314
2010-04-16,0.006505852085861873
2010-04-19,0.004845924551243566
2010-04-20,0.01069808140981765
2010-04-21,-0.0036475393349406048
2010-04-22,0.0036237072158198727
2010-04-23,0.005451856366177775
2010-04-26,-0.007578940395259023
2010-04-27,-0.010896312609722366
2010-04-28,0.015259435950857634
2010-04-29,-0.004440265122643552
2010-04-30,-0.003942761570794899
2010-05-04,0.015220042288269356
2010-05-05,0.0023565288662166237
2010-05-06,0.025266157673011422
2010-05-07,0.009711510626733554
2010-05-10,-0.028001329558135057
2010-05-11,0.011313830246675326
2010-05-12,-0.02794865419362985
2010-05-13,0.004501220577531863
2010-05-14,0.011392808796345178
2010-05-17,0.005123990745813545
2010-05-18,0.022563381736025373
2010-05-19,0.0025887942705536578
2010-05-20,-0.0008925657537008046
2010-05-21,0.008089433124875874
2010-05-24,0.0021907036530238733
2010-05-25,-0.005429104871019497
2010-05-26,0.003774428345652305
2010-05-27,0.006050912256702895
2010-05-28,0.005905970563024346
2010-05-31,-0.00026737446622342523
2010-06-01,0.0048399623796935975
2010-06-02,-0.0070799767938168265
2010-06-03,0.008489676268017693
2010-06-04,0.002884531469323319
2010-06-07,-0.0003922087890424787
2010-06-08,0.0014594956800041145
2010-06-09,-0.007451747548932602
2010-06-10,0.0015261305484326054
2010-06-11,-0.0014176031403343309
2010-06-17,-0.013973197150179788
2010-06-18,-0.014762993133483133
2010-06-21,-0.004938708171896185
2010-06-22,-0.0036870031575669733
2010-06-23,-0.002981186581333277
2010-06-24,0.01358229240958476
2010-06-25,-0.003935984890759397
2010-06-28,0.001766659839524046
2010-06-29,0.011363226872256584
2010-06-30,0.005514921665810045
2010-07-01,-0.006293452693950166
2010-07-02,-0.004202748921535042
2010-07-05,0.009688309780617882
2010-07-06,0.0026247924955469758
2010-07-07,-0.0018872425982545907
2010-07-08,0.0005303704374821847
2010-07-09,0.0030137962880144725
2010-07-12,0.030790950167184694
2010-07-13,0.008888194635017617
2010-07-14,-0.009422359743098206
2010-07-15,0.02114023554794068
2010-07-16,0.006633690485407627
2010-07-19,-0.007812863479797365
2010-07-20,-0.0037861654887036446
2010-07-21,-0.0005117705410288822
2010-07-22,0.007219008252354168
2010-07-23,0.007177770061431953
2010-07-26,-0.002316297994090579
2010-07-27,0.01698299982061645
2010-07-28,-0.00465912215099365
2010-07-29,-0.006019995331233877
2010-07-30,-0.00079513665326856
2010-08-02,-0.007109137612824525
2010-08-03,0.003661506787059631
2010-08-04,0.002267450724803678
2010-08-05,-8.328343354529338e-05
2010-08-06,-0.0006691642563086183
2010-08-09,-0.011234689755655643
2010-08-10,0.0
2010-08-11,0.03087165144793172
2010-08-12,0.015446866174058467
2010-08-13,0.03445108164589503
2010-08-16,-0.005210922684997055
2010-08-17,-0.006568562950450257
2010-08-18,-0.00044324939007724454
2010-08-19,-0.0037884572946725054
2010-08-20,0.0033791359031114625
2010-08-23,-0.005947163942779991
2010-08-24,0.03522223155213451
2010-08-25,-0.006079365263565388
2010-08-26,0.007306377862790724
2010-08-27,-0.0071204792675920656
2010-08-30,-0.0010467565274526486
2010-08-31,0.005107628774100585
2010-09-01,0.018040852755839384
2010-09-02,0.011698301156816165
2010-09-03,0.0021050640599100424
2010-09-06,-0.0024880525074972987
2010-09-07,0.007563379504305653
2010-09-08,-0.011225542675451856
2010-09-09,-0.00839559839904206
2010-09-10,0.002445623675202055
2010-09-13,0.0026311455120244034
2010-09-14,0.00506418822755603
2010-09-15,-0.007698807491073099
2010-09-16,-0.00431554242445591
2010-09-17,0.006132565387434337
2010-09-20,0.00833941643550399
2010-09-21,0.00963431886952425
2010-09-27,-0.01227302075199907
2010-09-28,-0.014498418631265855
2010-09-29,-0.005039953015191605
2010-09-30,0.03718230675166372
2010-10-08,-0.017065021541117165
2010-10-11,0.0015410052235938984
2010-10-12,-0.010438425645378667
2010-10-13,0.019351076826171237
2010-10-14,0.0011194857622909005
2010-10-15,-0.019059689017854292
2010-10-18,0.0029935549005544876
2010-10-19,-0.00993387114155942
2010-10-20,-0.017906037228771807
2010-10-21,-0.00037976238683203045
2010-10-22,0.006412959965789785
2010-10-25,0.021034302908016327
2010-10-26,0.005566425705683385
2010-10-27,0.029066631771212992
2010-10-28,0.024177538740273796
2010-10-29,0.008665581859258035
2010-11-01,-0.014236493774124472
2010-11-02,-0.006631042448068759
2010-11-03,0.02721428361240956
2010-11-04,-0.0175524111927837
2010-11-05,-0.012544958037703148
2010-11-08,0.00524067468592548
2010-11-09,-0.01776770442910911
2010-11-10,-0.0033290837217185287
2010-11-11,-0.0005252096670143227
2010-11-12,-0.005843336607425448
2010-11-15,0.007479497070864129
2010-11-16,0.010256658243386521
2010-11-17,0.014107711737140493
2010-11-18,-0.0020934831741241753
2010-11-19,4.030654027246342e-05
2010-11-22,-0.007501657125054476
2010-11-23,0.014904572152693925
2010-11-24,0.004281174245619482
2010-11-25,0.0064159967866061415
2010-11-26,0.0067487689125909495
2010-11-29,-0.0016910204566080462
2010-11-30,0.0039764668520152514
2010-12-01,0.009764276089374017
2010-12-02,0.002150592461549263
2010-12-03,0.0070760681861637
2010-12-06,-0.008162919672258009
2010-12-07,0.006733321072532428
2010-12-08,-0.006642566548362448
2010-12-09,-0.016090669572125828
2010-12-10,-0.010251260825517331
2010-12-13,0.005287771288038694
2010-12-14,-0.0022649672009946685
2010-12-15,0.006262507457027933
2010-12-16,0.0051591682445243005
2010-12-17,0.005076729512945993
2010-12-20,0.007273632963700819
2010-12-21,0.037966978051281956
2010-12-22,-0.0007791470991319882
2010-12-23,-0.01208312917351135
2010-12-24,0.000880005728818533
2010-12-27,-0.0030213499866467847
2010-12-28,-0.011158137888576017
2010-12-29,-0.008855369311927496
2010-12-30,-0.0043407834037182905
2010-12-31,-0.00826118538259557
2011-01-04,0.021433875554686024
2011-01-05,0.008013237281907264
2011-01-06,-0.0038225959538293677
2011-01-07,-0.0023922438635971023
2011-01-10,-0.0001640388717049357
2011-01-11,-0.0018205577315062033
2011-01-12,-0.002958300662002677
2011-01-13,-0.0030430520014411173
2011-01-14,0.014032978947999371
2011-01-17,-0.015404324855703845
2011-01-18,-0.002751942329561335
2011-01-19,-0.0034831499124821953
2011-01-20,-0.008702841651323873
2011-01-21,0.002474141838129669
2011-01-24,-0.00045552293535775293
2011-01-25,0.010065151793783231
2011-01-26,-0.009240929046348625
2011-01-27,-0.01767148339131213
2011-01-28,-0.005043415634034504
2011-01-31,-0.012226939992797774
2011-02-01,-0.0033777647122493516
2011-02-09,-0.005041774186958073
2011-02-10,0.0038466871393985844
2011-02-11,-0.0079170892114576
2011-02-14,0.01407470035393155
2011-02-15,0.00018900591218387087
2011-02-16,-0.012496579415323431
2011-02-17,-0.0057880578510523355
2011-02-18,0.0024968783895091464
2011-02-21,-0.00258490055606201
2011-02-22,0.0035155504619204317
2011-02-23,-0.0014494792152504234
2011-02-24,-0.006667978253244307
2011-02-25,-0.0067556467405969775
2011-02-28,-0.015729113736357263
2011-03-01,0.00338205750588106
2011-03-02,-0.007847841010497406
2011-03-03,-0.0015712757512067652
2011-03-04,-0.012047082381830686
2011-03-07,-0.012997441561952233
2011-03-08,0.011656383042629738
2011-03-09,0.002707196596465577
2011-03-10,0.012098701806835234
2011-03-11,0.0008559486803538761
2011-03-14,-0.005234384180726241
2011-03-15,0.008692165123705256
2011-03-16,-0.0007297858574629584
2011-03-17,0.003957541405470293
2011-03-18,-0.013807972733420174
2011-03-21,0.004056732178985938
2011-03-22,-0.001986769856787274
2011-03-23,-0.007250243548932556
2011-03-24,0.006310873884063461
2011-03-25,0.004624594127975883
2011-03-28,-0.0028203618305475634
2011-03-29,-0.007848995878659538
2011-03-30,0.004792105467120913
2011-03-31,0.0
2011-04-01,-0.0030180638821844068
2011-04-06,-0.005740173548320904
2011-04-07,0.019565092242080074
2011-04-08,0.0
2011-04-11,-0.018084122887429468
2011-04-12,-0.0031139560336430417
2011-04-13,-0.002989759115914821
2011-04-14,0.0036519802108906027
2011-04-15,-0.005551097363734891
2011-04-18,-0.00793000769296576
2011-04-19,0.004238526085244023
2011-04-20,-0.0061589058086110315
2011-04-21,-0.0018945592534697986
2011-04-22,-0.00988500398740462
2011-04-25,0.017130425481456102
2011-04-26,0.00314529452042944
2011-04-27,-0.000840157215882105
2011-04-28,0.0024433907637378283
2011-04-29,0.001906182682366711
2011-05-03,-0.0001742709758503526
2011-05-04,0.006229836085416815
2011-05-05,-0.0041569940007387274
2011-05-06,-0.0015115798867253796
2011-05-09,-0.0018360080895659311
2011-05-10,-0.004151990217823505
2011-05-11,-0.005994531864681715
2011-05-12,0.0033585517544898295
2011-05-13,-0.00822920602819496
2011-05-16,0.0050478175427756955
2011-05-17,-0.0037413456892797506
2011-05-18,-0.0068671268743268465
2011-05-19,-0.0006626994528287702
2011-05-20,-0.0012832739233381144
2011-05-23,0.010821791499778972
2011-05-24,-0.0011537968864610633
2011-05-25,-0.01080770868193826
2011-05-26,0.007297815882496937
2011-05-27,0.012221370901373787
2011-05-30,-0.0016806694171808412
2011-05-31,-0.005417399238555217
2011-06-01,-0.0001082518422230623
2011-06-02,0.0042401773321697304
2011-06-03,-0.0044028192973704985
2011-06-07,-0.002312868714995777
2011-06-08,0.019072504324195622
2011-06-09,-0.004244650737803904
2011-06-10,0.0017651587675533188
2011-06-13,-0.004467815627987499
2011-06-14,0.004406526864951188
2011-06-15,0.0007581883180700147
2011-06-16,0.004982853317344622
2011-06-17,0.007148763362762032
2011-06-20,0.011013217041454972
2011-06-21,-0.005917794562816339
2011-06-22,-0.002866405192429238
2011-06-23,-0.006297791514482171
2011-06-24,-0.0029290224109720306
2011-06-27,-0.005934386762227381
2011-06-28,-0.0014545403203628793
2011-06-29,0.008876252326172144
2011-06-30,0.003443015223325418
2011-07-01,0.018710860528951326
2011-07-04,-0.007623223783996961
2011-07-05,0.01656768105721767
2011-07-06,0.007562757024555403
2011-07-07,0.006384639599564621
2011-07-08,0.0007947693892161461
2011-07-11,-0.0027934061766648616
2011-07-12,-0.004484808154752468
2011-07-13,0.005033137894426811
2011-07-14,0.00552651557818384
2011-07-15,-0.00038968499087913
2011-07-18,-0.00937950475802308
2011-07-19,0.013685331344472137
2011-07-20,0.004464567592747867
2011-07-21,0.00287238317508319
2011-07-22,0.0033898709666807863
2011-07-25,0.005569293760349155
2011-07-26,0.006308463051505959
2011-07-27,-0.004647442471949318
2011-07-28,0.00563147700927347
2011-07-29,0.0002553748036378369
2011-08-01,0.01583951387720657
2011-08-02,0.008838138933831912
2011-08-03,0.0112463714892759
2011-08-04,-0.007063146935431638
2011-08-05,0.0047472070139166
2011-08-08,0.011417286854117907
2011-08-09,0.020001762744954223
2011-08-10,0.00406873956724477
2011-08-11,0.0006646392531905916
2011-08-12,-0.013516883283744395
2011-08-15,0.0025438665714995956
2011-08-16,-0.006856363359028625
2011-08-17,-0.008600901543195856
2011-08-18,0.011408181984750378
2011-08-19,0.00630240614716101
2011-08-22,0.007192530316749079
2011-08-23,0.005010921594331813
2011-08-24,0.006831420145847601
2011-08-25,-0.005552251663388491
2011-08-26,-0.0037102856013902373
2011-08-29,-0.005980547440563259
2011-08-30,-0.0002337543420298624
2011-08-31,-0.0009624608664962372
2011-09-01,0.005892313176565981
2011-09-02,0.004164899174560147
2011-09-05,0.006056286586204565
2011-09-06,0.003990162289594272
2011-09-07,0.0034898227012285198
2011-09-08,0.01071086493741445
2011-09-09,0.0021651538687066174
2011-09-13,0.00792771638396029
2011-09-14,0.0023049795819083466
2011-09-15,-0.0007068447581673281
2011-09-16,-8.266906054956152e-05
2011-09-19,-0.009351548016791653
2011-09-20,-0.0035412433271655927
2011-09-21,-0.006944822099104391
2011-09-22,-0.011902224569396581
2011-09-23,-0.0001310027325383406
2011-09-26,-0.005517550710817828
2011-09-27,-0.002614428687872006
2011-09-28,0.0030045848975602807
2011-09-29,0.01078368376246551
2011-09-30,0.008605857366913255
2011-10-10,-0.011465362199307598
2011-10-11,0.015662008074930685
2011-10-12,0.006463614444870307
2011-10-13,-0.00041452836588531244
2011-10-14,0.0012120329955298713
2011-10-17,-0.0006585649145318532
2011-10-18,0.012326938483517999
2011-10-19,-0.006025377548834569
2011-10-20,0.01411807224877833
2011-10-21,-0.011370285706591004
2011-10-24,-0.003056530797347891
2011-10-25,0.006977073551087808
2011-10-26,0.015827037076011588
2011-10-27,-0.002219039203598095
2011-10-28,0.004200006258019327
2011-10-31,0.02254828655244004
2011-11-01,-0.01951330945471056
2011-11-02,0.0023473137007325433
2011-11-03,-0.012617707492829734
2011-11-04,0.0017784638782179438
2011-11-07,0.0005939800853204391
2011-11-08,0.010477489719405776
2011-11-09,-0.0023555070169648173
2011-11-10,0.014655792386889441
2011-11-11,-0.007918766691994764
2011-11-14,-0.006549215045557152
2011-11-15,-0.00448061442644414
2011-11-16,-0.00922807790480206
2011-11-17,0.009310541087105335
2011-11-18,-0.010224222585475326
2011-11-21,-0.0018063546643871538
2011-11-22,0.004938420757231371
2011-11-23,0.00987441262266525
2011-11-24,0.013163494963989199
2011-11-25,-0.005089220388239994
2011-11-28,0.0009950995598061582
2011-11-29,0.0014148771744484298
2011-11-30,0.015315818775548534
2011-12-01,0.01713575324271895
2011-12-02,0.004415346328343855
2011-12-05,-0.011373432261966132
2011-12-06,0.006022178264710449
2011-12-07,-0.0007772130636708391
2011-12-08,0.008708784993735556
2011-12-09,0.0010672722132714632
2011-12-12,-0.009400368250578845
2011-12-13,-0.0007321130037069093
2011-12-14,-0.0003668602357542825
2011-12-15,0.020387225811055266
2011-12-16,0.006609089112623753
2011-12-19,0.002097552935309965
2011-12-20,0.008556238898757658
2011-12-21,-0.009679237883099615
2011-12-22,0.011263562240483228
2011-12-23,-0.0012186935686137011
2011-12-26,0.004722063983712901
2011-12-27,-0.010440568252127
2011-12-28,-0.011142734820575352
2011-12-29,-0.003694023743533189
2011-12-30,0.00015779899481078302
2012-01-04,-0.0008836458438179831
2012-01-05,-0.011899922931998243
2012-01-06,-0.019719682086081092
2012-01-09,0.004862062217411981
2012-01-10,-0.007999121747536711
2012-01-11,0.003621745602376261
2012-01-12,0.0016345096465726471
2012-01-13,0.005017030242643005
2012-01-16,-0.0012456455649613382
2012-01-17,-0.01668475749869719
2012-01-18,0.0018563235706978778
2012-01-19,0.007977688535374935
2012-01-20,-0.009111532934890698
2012-01-30,-0.014633599975133159
2012-01-31,0.005247691934240257
2012-02-01,0.004050126559392769
2012-02-02,-0.0029939569196061437
2012-02-03,0.013571837669512116
2012-02-06,-0.010215091581997023
2012-02-07,-0.007385606571139118
2012-02-08,0.003180125391273419
2012-02-09,0.0016295618949979176
2012-02-10,0.0006597418054101294
2012-02-13,0.004559965144974455
2012-02-14,-0.005891850392809322
2012-02-15,0.008668644218184474
2012-02-16,0.0054504443477601024
2012-02-17,-0.002226758732191981
2012-02-20,-0.0027430980453382933
2012-02-21,-0.0028369552186407083
2012-02-22,0.00799853260873664
2012-02-23,-0.0013957843304589364
2012-02-24,-0.011533636243487674
2012-02-27,0.00506725468594245
2012-02-28,-0.015397875863045809
2012-02-29,-0.0001501904177911191
2012-03-01,-9.958437451973272e-05
2012-03-02,0.0015598235268508426
2012-03-05,-0.0014920491767616353
2012-03-06,0.006569332667603366
2012-03-07,0.007461463983172446
2012-03-08,0.009783619706493895
2012-03-09,-0.006068398376587067
2012-03-12,-0.008879447653523172
2012-03-13,0.01231216458540208
2012-03-14,0.009777461759628125
2012-03-15,0.017196781853119694
2012-03-16,-0.0004145708501201552
2012-03-19,-0.001334565613159101
2012-03-20,-0.003818428867160259
2012-03-21,0.004051977563215186
2012-03-22,-0.0046666199844458585
2012-03-23,0.0058585088848776765
2012-03-26,-0.007506838146906301
2012-03-27,0.0038876467093939228
2012-03-28,0.008116920592904435
2012-03-29,0.010916147663545641
2012-03-30,-0.004469810983099787
2012-04-05,-0.01160131777631895
2012-04-06,0.003702309135619529
2012-04-09,-0.0012015035654332207
2012-04-10,0.006319072975310078
2012-04-11,-0.005095083661521227
2012-04-12,0.0038129740870428384
2012-04-13,-0.013584938049151273
2012-04-16,-0.007464080016940568
2012-04-17,-0.0011155568961869478
2012-04-18,0.007149374552323614
2012-04-19,-0.00016353470832056183
2012-04-20,-0.0057542219727306065
2012-04-23,-0.001057847459152092
2012-04-24,-0.006907519606253878
2012-04-25,-0.007638090937982886
2012-04-26,0.011880451375179978
2012-04-27,0.004630210836389959
2012-05-02,0.005828500207382906
2012-05-03,-0.01095411559316817
2012-05-04,0.014264039268967542
2012-05-07,-0.008182484788747944
2012-05-08,0.004177225696593918
2012-05-09,0.009281180563268484
2012-05-10,0.006506095049705134
2012-05-11,0.0
2012-05-14,-0.0034529390757319384
2012-05-15,-0.007822652944721028
2012-05-16,-0.011618451714721676
2012-05-17,-0.005528819045505725
2012-05-18,0.007683801356955039
2012-05-21,0.0029891536014690313
2012-05-22,0.012595234634197476
2012-05-23,-0.0011797387100772466
2012-05-24,-0.00411932602385111
2012-05-25,-0.006243418804127601
2012-05-28,0.012164792072839666
2012-05-29,0.004860417928195485
2012-05-30,-0.0009371610137176396
2012-05-31,-1.8952983865063236e-05
2012-06-01,-0.010863710136079452
2012-06-04,0.01891401871976508
2012-06-05,0.006441636848957173
2012-06-06,-0.008243956517039783
2012-06-07,-0.005991409936905212
2012-06-08,-0.004631159272641927
2012-06-11,0.006521251527922378
2012-06-12,-0.007331579374439524
2012-06-13,-0.003477936506591839
2012-06-14,0.012024294265736578
2012-06-15,-0.006333231287607613
2012-06-18,0.006174115755884349
2012-06-19,0.002250640204198226
2012-06-20,0.0003939290295118759
2012-06-21,9.961708645830555e-05
2012-06-25,-0.0037589265327528203
2012-06-26,0.01823576255418589
2012-06-27,0.0011269076707399964
2012-06-28,-0.0019714140734472287
2012-06-29,-0.0032988151078588764
2012-07-02,0.010727110918378437
2012-07-03,0.005041792587631357
2012-07-04,0.005878393703417361
2012-07-05,0.0373889112566588
2012-07-06,0.006301666909451893
2012-07-09,0.019412410967313394
2012-07-10,0.0032299057566268427
2012-07-11,-0.013229384898635203
2012-07-12,0.010547389726649193
2012-07-13,0.02664446350963081
2012-07-16,0.010423437949450314
2012-07-17,-0.005078687266127714
2012-07-18,-0.012258840181393532
2012-07-19,-0.0006266393020664886
2012-07-20,-0.002513356577402863
2012-07-23,0.00405028391719018
2012-07-24,0.003976204090000279
2012-07-25,-0.008736114184014487
2012-07-26,-0.004619354427090296
2012-07-27,0.00625277351535468
2012-07-30,0.0017255789123261627
2012-07-31,0.008407148678765637
2012-08-01,0.0020055365051049913
2012-08-02,-0.02781654568821812
2012-08-03,-0.0034322024364201714
2012-08-06,-0.004759657310096629
2012-08-07,0.005312475763397231
2012-08-08,0.012776040726295372
2012-08-09,-0.0076275637680973205
2012-08-10,-0.004284328405031217
2012-08-13,-0.01878487319434921
2012-08-14,0.017753399903667148
2012-08-15,0.008210579835180375
2012-08-16,0.00974692716330941
2012-08-17,0.0019598468898813295
2012-08-20,0.00297547609939703
2012-08-21,-0.01760001817204911
2012-08-22,-0.003387637399298725
2012-08-23,-0.0016388146485774267
2012-08-24,0.008319321635809946
2012-08-27,0.008637801837385276
2012-08-28,-0.0030002705727817207
2012-08-29,0.008802967656098731
2012-08-30,0.002556885135540849
2012-08-31,0.0022873382420738964
2012-09-03,0.007496227973543983
2012-09-04,0.0075104086249819756
2012-09-05,0.004545301423189414
2012-09-06,0.0012900105097752176
2012-09-07,-0.007180108612287316
2012-09-10,0.006780374714938706
2012-09-11,-0.0020712850843905197
2012-09-12,-0.005429286267570447
2012-09-13,0.005788358563775478
2012-09-14,-0.015464573591786712
2012-09-17,-0.002026640003515684
2012-09-18,0.0004128539923707684
2012-09-19,0.002668185992558229
2012-09-20,-0.008735752760803493
2012-09-21,-0.004921930198216268
2012-09-24,0.003908365377369142
2012-09-25,-0.00035239240203638073
2012-09-26,-0.006975126697878456
2012-09-27,0.0265611311059793
2012-09-28,-0.0001246386481192699
2012-10-08,-0.012827866129373665
2012-10-09,0.0022172225956376933
2012-10-10,0.0016223061258347484
2012-10-11,0.002513872985430876
2012-10-12,-0.008256794587603498
2012-10-15,-0.005419839137613604
2012-10-16,-0.004039919735210084
2012-10-17,-0.003100796351625002
2012-10-18,0.0025149150879484883
2012-10-19,-0.004685733136438964
2012-10-22,-0.012011859792693431
2012-10-23,0.006717575777624163
2012-10-24,0.0076874141609634735
2012-10-25,0.004138155551538819
2012-10-26,-0.0038970945438704645
2012-10-29,0.00017719111286369597
2012-10-30,-0.0027090862768258707
2012-10-31,-0.00473085035338353
2012-11-01,-0.010066225778309908
2012-11-02,-0.01612324158794154
2012-11-05,0.012582971887033237
2012-11-06,0.0027078099535575786
2012-11-07,-0.0017473617589064284
2012-11-08,0.006801758544518562
2012-11-09,-0.017109962215195836
2012-11-12,0.0005877552125623867
2012-11-13,0.013439796753215924
2012-11-14,0.0014177236622829464
2012-11-15,-0.006607939497763702
2012-11-16,-0.007847298477923238
2012-11-19,-0.0033844265045362264
2012-11-20,0.006516886671178062
2012-11-21,-0.008735672347812376
2012-11-22,0.011176204324938993
2012-11-23,0.0005873521219709049
2012-11-26,0.0006854031282075117
2012-11-27,0.01277350702862633
2012-11-28,6.449640638731165e-05
2012-11-29,0.007323945797005838
2012-11-30,0.001195971010626691
2012-12-03,-0.00424968180125204
2012-12-04,0.010412234152903488
2012-12-05,-0.008027146982050502
2012-12-06,0.010850693379627848
2012-12-07,-0.012485435981256272
2012-12-10,0.014325380496338589
2012-12-11,-0.007889101676038623
2012-12-12,-0.0039650841207710865
2012-12-13,0.0020757209075300855
2012-12-14,-0.0011029740814308547
2012-12-17,-0.00584299137014327
2012-12-18,-0.0223154042555593
2012-12-19,0.007773821533334028
2012-12-20,0.009716352053495539
2012-12-21,0.007475285561370504
2012-12-24,0.00852060006007406
2012-12-25,0.01678284956211039
2012-12-26,0.0
2012-12-27,0.0
2012-12-28,0.0
2012-12-31,0.0
2013-01-04,0.0
2013-01-07,0.0
2013-01-08,0.0
2013-01-09,0.0
2013-01-10,0.0
2013-01-11,0.0
2013-01-14,0.0
2013-01-15,0.0
2013-01-16,0.0
2013-01-17,0.0
2013-01-18,0.0
2013-01-21,0.10540387665015351
2013-01-22,0.06527245278456169
2013-01-23,-0.009628881631292253
2013-01-24,0.036473449697616914
2013-01-25,-0.005260217200167151
2013-01-28,0.01183152664641108
2013-01-29,0.015629214819261914
2013-01-30,0.020619005820203033
2013-01-31,-0.018119138939914292
2013-02-01,-0.003772903727508072
2013-02-04,0.00372369333861039
2013-02-05,0.001851461231566244
2013-02-06,0.0029060359783722595
2013-02-07,-0.018060453857082003
2013-02-08,0.006820715333391802
2013-02-18,-0.015288685593717854
2013-02-19,-0.008448348738359292
2013-02-20,0.017430783660191372
2013-02-21,0.01240312225659563
2013-02-22,-0.0035697875286275606
2013-02-25,-0.011830937765328328
2013-02-26,0.0013517122030024115
2013-02-27,0.019291248310996382
2013-02-28,0.033620599924236036
2013-03-01,0.013837578303671149
2013-03-04,-0.01769607376444937
2013-03-05,0.0020306747603672827
2013-03-06,0.021374814703147414
2013-03-07,0.007559378156873239
2013-03-08,-0.010906843027381475
2013-03-11,0.00813590246820483
2013-03-12,0.008732054508845566
2013-03-13,-0.0018215502554338424
2013-03-14,-0.014285009142641327
2013-03-15,-0.019231114838560274
2013-03-18,0.021161717931253064
2013-03-19,0.0017573068891761287
2013-03-20,-0.0007813039820262734
2013-03-21,-0.01182867195493739
2013-03-22,-0.006465569899785574
2013-03-25,0.011627737737455245
2013-03-26,0.001801626395091729
2013-03-27,0.009204699346928559
2013-03-28,0.0020508827017134967
2013-03-29,-0.019978518434605734
2013-04-01,0.007203845130810047
2013-04-02,0.008253122962145785
2013-04-03,0.010594573578559533
2013-04-08,-0.014282838711407373
2013-04-09,-0.011176565568185939
2013-04-10,0.004742534758913252
2013-04-11,-0.00305757675462476
2013-04-12,-0.005261328167558272
2013-04-15,0.006503707861833479
2013-04-16,0.023324400945433692
2013-04-17,-0.003069210500617755
2013-04-18,0.005172917484695571
2013-04-19,0.0006275229185938001
2013-04-22,-0.003082896503459061
2013-04-23,0.0005679639487358515
2013-04-24,-0.011913425368312627
2013-04-25,-0.007579226287966839
2013-04-26,0.010095636491914865
2013-05-02,0.015483673371533443
2013-05-03,-0.009440315963147863
2013-05-06,-0.009762829695908547
2013-05-07,0.01396632323769043
2013-05-08,0.010458121556165795
2013-05-09,0.0083960375595225
2013-05-10,0.008244699115169434
2013-05-13,-9.032540812504118e-05
2013-05-14,-0.007268387098239463
2013-05-15,-0.005010729884744699
2013-05-16,0.012937404197938429
2013-05-17,0.014706454932150066
2013-05-20,-0.014595931144036206
2013-05-21,0.002703661717268795
2013-05-22,-0.00498783362708842
2013-05-23,0.006097956713740851
2013-05-24,-0.0061072890185296606
2013-05-27,-0.004515207055123543
2013-05-28,0.009741759027664512
2013-05-29,-0.006045867004158122
2013-05-30,0.008623300573408932
2013-05-31,-0.0038630650996715893
2013-06-03,-0.010072883935126477
2013-06-04,0.0019253635019570031
2013-06-05,-0.00012618742342954646
2013-06-06,-0.009958582165552145
2013-06-07,-0.0015809221832336663
2013-06-13,-0.007467635113889627
2013-06-14,-0.007423987521610208
2013-06-17,-0.01822739167502271
2013-06-18,-0.003951841377883906
2013-06-19,-0.011655604642116938
2013-06-20,0.00016369566799093183
2013-06-21,-0.003044476462145321
2013-06-24,-0.017228192244026233
2013-06-25,-0.012396841148268367
2013-06-26,0.00548913037256522
2013-06-27,-0.0026766317737184804
2013-06-28,0.040005461055643766
2013-07-01,-0.0005831729047304337
2013-07-02,-0.016393586838871994
2013-07-03,-0.012194887030944821
2013-07-04,0.01661703426591681
2013-07-05,0.02360539492956505
2013-07-08,-3.444301050507803e-05
2013-07-09,-0.023056855681625334
2013-07-10,0.021428781836304776
2013-07-11,-0.002190648320708352
2013-07-12,-0.011305916370601323
2013-07-15,-0.004361726818286244
2013-07-16,0.004058660535333768
2013-07-17,-0.008663862329576482
2013-07-18,-0.004025195540346763
2013-07-19,-0.010904778398534279
2013-07-22,-0.016857525831102657
2013-07-23,0.010423758606952507
2013-07-24,-0.012976615606706939
2013-07-25,-0.005553330178924173
2013-07-26,-0.010204097187267945
2013-07-29,0.00962072417119034
2013-07-30,0.003037512884629525
2013-07-31,0.011885015925237288
2013-08-01,-0.0020475493708371
2013-08-02,0.014610446796696697
2013-08-05,-0.007666069182949809
2013-08-06,-0.00939329444609175
2013-08-07,0.0020323559273901
2013-08-08,-0.012230706972804106
2013-08-09,-0.0020820332385305725
2013-08-12,0.010015203109695201
2013-08-13,-0.00016295810938235294
2013-08-14,-0.00671512305402459
2013-08-15,-0.001289293642527209
2013-08-16,0.002429532042840559
2013-08-19,0.0006593722782658098
2013-08-20,-0.001652018115585234
2013-08-21,-0.01024843161630258
2013-08-22,0.0010789479440193022
2013-08-23,-0.00035616284661792
2013-08-26,-0.00679940261153221
2013-08-27,-0.01633829627535208
2013-08-28,-0.016325374560200563
2013-08-29,0.0016187149802668246
2013-08-30,-0.007505704889512943
2013-09-02,-0.0013817507588883768
2013-09-03,0.014674916418131023
2013-09-04,0.000446410385725602
2013-09-05,0.010154369771102706
2013-09-06,-0.019259758471158673
2013-09-09,0.007951066306756377
2013-09-10,-0.009120627976054355
2013-09-11,0.0069638655622170816
2013-09-12,-0.004021937889897211
2013-09-13,-0.004176247695121625
2013-09-16,-0.006065779891860912
2013-09-17,0.0014118984769518547
2013-09-18,-0.0030214997412219176
2013-09-23,-0.015288625601489525
2013-09-24,-0.0242660713123737
2013-09-25,-0.017091793864246203
2013-09-26,0.014627028954494983
2013-09-27,0.014149198644025238
2013-09-30,2.1772796981075516e-05
2013-10-08,0.017916786156669275
2013-10-09,-0.012733600158021066
2013-10-10,0.0060025179055371485
2013-10-11,-0.012554057831876946
2013-10-14,-0.018454881059573325
2013-10-15,-0.00034255902514438493
2013-10-16,0.016752731956889977
2013-10-17,0.006623153858662755
2013-10-18,0.008776125166384634
2013-10-21,-0.007379695358642406
2013-10-22,0.0017062221497686492
2013-10-23,0.00751540404096197
2013-10-24,-0.00643246767845197
2013-10-25,0.011278077862768944
2013-10-28,-0.013426924193328119
2013-10-29,0.020414525042712253
2013-10-30,0.01082376166423133
2013-10-31,0.008706588875178611
2013-11-01,0.010856785905732864
2013-11-04,-0.01578369099563811
2013-11-05,-0.0009201463798588876
2013-11-06,0.0005334451376643734
2013-11-07,-0.006341387571858041
2013-11-08,-0.004349653606418671
2013-11-11,-0.0039059000950598544
2013-11-12,-0.004084075101476615
2013-11-13,0.011474820393744884
2013-11-14,-0.00896989211454309
2013-11-15,0.008564848468601099
2013-11-18,0.0014065772016311796
2013-11-19,-0.010421667384237285
2013-11-20,-0.0022201185086964123
2013-11-21,-0.014042889527906353
2013-11-22,-0.0024665195814455934
2013-11-25,-0.00997359101688683
2013-11-26,0.002362624336686669
2013-11-27,-0.003490019708462227
2013-11-28,0.0025528778512952845
2013-11-29,0.016502269483397832
2013-12-02,-0.021692616888982077
2013-12-03,-0.004763866234869383
2013-12-04,-0.015978329988988512
2013-12-05,-0.000315009142936324
2013-12-06,-0.0013537720833425512
2013-12-09,-0.0021581544175006805
2013-12-10,-0.00015527254747310908
2013-12-11,0.004088088455916128
2013-12-12,0.0029543328047108184
2013-12-13,0.0037739032895242755
2013-12-16,0.005674559376219385
2013-12-17,-0.011221937719971396
2013-12-18,0.0039050818268314223
2013-12-19,0.0033154242591601386
2013-12-20,-0.010566535604625601
2013-12-23,-5.490273562029288e-06
2013-12-24,0.005417412409001698
2013-12-25,0.008864412087474953
2013-12-26,0.011631491769922862
2013-12-27,0.012165561181915162
2013-12-30,-0.014449342301751563
2013-12-31,0.0043083705650663225
2014-01-02,0.006476403307452801
2014-01-03,0.005521909460543671
2014-01-06,-0.006534394508808265
2014-01-07,-0.00519870615845257
2014-01-08,0.0103658084244202
2014-01-09,0.007336852334266195
2014-01-10,-0.0016430129329983011
2014-01-13,-0.009026162925023215
2014-01-14,-0.013178604464964407
2014-01-15,-0.0003675998287722953
2014-01-16,0.0030093606825949888
2014-01-17,0.004467331676257635
2014-01-20,0.004477755556158576
2014-01-21,-0.003508916089013995
2014-01-22,0.007803025606333641
2014-01-23,-0.0019524732724625123
2014-01-24,0.024630771223585195
2014-01-27,0.004342796316275609
2014-01-28,-0.0010479698816206941
2014-01-29,-0.005364317140391046
2014-01-30,0.0008684554049150986
2014-02-07,0.004708335504059882
2014-02-10,-0.011438563612591737
2014-02-11,-0.0031264456055496506
2014-02-12,-0.003456072943309252
2014-02-13,0.002290265328423125
2014-02-14,-0.013243204055557161
2014-02-17,0.0015299162807238635
2014-02-18,0.0014262492995502814
2014-02-19,-0.003119560083648776
2014-02-20,0.0006442962071747842
2014-02-21,-0.0025686201368767918
2014-02-24,0.0007070839056897982
2014-02-25,-0.00417828897904996
2014-02-26,0.014953278339377311
2014-02-27,-0.00438060921956804
2014-02-28,0.0036071550597435095
2014-03-03,-0.01635526972667331
2014-03-04,0.04022795328354016
2014-03-05,-0.008822583953317253
2014-03-06,0.05343960161255405
2014-03-07,0.008059243452108525
2014-03-10,0.027640630145025664
2014-03-11,0.028757388269042068
2014-03-12,0.0013884206110318202
2014-03-13,0.0114058410221753
2014-03-14,-0.008075863487087824
2014-03-17,0.015456661722653902
2014-03-18,-0.011707261859713478
2014-03-19,-0.008420585275869783
2014-03-20,0.004698657248229852
2014-03-21,0.00964267225143084
2014-03-24,-0.032510942421983935
2014-03-25,-0.012376394315699995
2014-03-26,-0.0033955397202834296
2014-03-27,0.011814391672875369
2014-03-28,0.012334043950107884
2014-03-31,0.005891588627609096
2014-04-01,-0.009592605898565797
2014-04-02,-0.017248648687236093
2014-04-03,0.0070006528258521675
2014-04-04,-0.0027914524459933063
2014-04-08,-0.010572501417967761
2014-04-09,-0.008093643562686503
2014-04-10,-0.0040722414646886945
2014-04-11,-0.00361236655272865
2014-04-14,-0.004896030110407563
2014-04-15,0.0029151275848637477
2014-04-16,0.009445891894221969
2014-04-17,-0.004405241751128225
2014-04-18,0.010034516889713583
2014-04-21,0.00958669391524607
2014-04-22,-0.0025566125893155545
2014-04-23,0.013627124608112223
2014-04-24,0.0191043144065891
2014-04-25,0.0031034354326827003
2014-04-28,0.014443033154445459
2014-04-29,-0.008727810292021545
2014-04-30,0.0010942775716791357
2014-05-05,-0.0026067207566546936
2014-05-06,0.011361246206880175
2014-05-07,0.017978747268835246
2014-05-08,-0.01785439552413451
2014-05-09,-0.0025833248777137885
2014-05-12,-0.007363714495191369
2014-05-13,0.019478589379919697
2014-05-14,0.007017058404006985
2014-05-15,0.011723779838903114
2014-05-16,0.007175628101070544
2014-05-19,0.01723121431987165
2014-05-20,0.007195138117960149
2014-05-21,-0.009183415894094384
2014-05-22,0.02015932149914069
2014-05-23,0.01720330354541954
2014-05-26,-0.0001600965783016186
2014-05-27,0.011552983691847868
2014-05-28,0.029263895296462786
2014-05-29,0.01832348442433557
2014-05-30,0.009907146188937795
2014-06-03,-0.007426123535727053
2014-06-04,-0.008057808802049565
2014-06-05,0.0007185249592902999
2014-06-06,-0.0005734914014109051
2014-06-09,0.00018969288686720813
2014-06-10,0.0030151766606207678
2014-06-11,0.004663629392259155
2014-06-12,0.01152192530104214
2014-06-13,0.00038875037083261395
2014-06-16,-0.02128462668763042
2014-06-17,-0.011210594519541279
2014-06-18,0.0023354417557843246
2014-06-19,0.0024508699336569795
2014-06-20,0.016205184545515734
2014-06-23,0.009416853263492415
2014-06-24,-0.009724127640654398
2014-06-25,0.012016141319372783
2014-06-26,0.010650081490125935
2014-06-27,0.006775581033670958
2014-06-30,-0.007611679689173182
2014-07-01,-0.015859342661848384
2014-07-02,0.0025139417874205927
2014-07-03,-0.003630656442315924
2014-07-04,0.03918524779630513
2014-07-07,0.022945823939033636
2014-07-08,-0.00940139443904361
2014-07-09,0.006820441873461952
2014-07-10,0.01995998942288554
2014-07-11,0.0033505274672789697
2014-07-14,-0.0012437312975804634
2014-07-15,-0.005442942703023687
2014-07-16,-0.02900336148390502
2014-07-17,-0.0008216509611698834
2014-07-18,0.014712155801118086
2014-07-21,-0.0006705287109563859
2014-07-22,0.016972619222766393
2014-07-23,0.01070756032747448
2014-07-24,0.005437812065556685
2014-07-25,0.0006134716055965555
2014-07-28,-0.0108070752745086
2014-07-29,0.012067185742952256
2014-07-30,-0.014407041986411906
2014-07-31,0.017683575892923124
2014-08-01,-0.0015975095357960226
2014-08-04,0.0017520967015255372
2014-08-05,-0.012241461728924149
2014-08-06,-0.008220057748019288
2014-08-07,0.008489963803078005
2014-08-08,-0.0012439151791572515
2014-08-11,0.0017337657200406885
2014-08-12,-0.0030071419056274884
2014-08-13,-0.0007239378326949785
2014-08-14,-0.00542037258648881
2014-08-15,-0.004687291434904758
2014-08-18,0.0012828727443376237
2014-08-19,0.0037512959710481837
2014-08-20,-0.018287358360038915
2014-08-21,0.020819432734186717
2014-08-22,0.0007639285482966334
2014-08-25,-0.010693883004667911
2014-08-26,0.00995103740311034
2014-08-27,0.002598277197077013
2014-08-28,-0.0016283293411113904
2014-08-29,0.0013085130110699998
2014-09-01,0.000938617396728179
2014-09-02,-0.0016116336281659944
2014-09-03,0.015981403191547734
2014-09-04,0.007323158116951733
2014-09-05,0.009822507176688809
2014-09-09,-0.015279228911228045
2014-09-10,-0.0054723466419322915
2014-09-11,0.0008054506267394703
2014-09-12,-0.0060463427306573555
2014-09-15,-0.014269275222509035
2014-09-16,0.005636791078603973
2014-09-17,-0.01130754920661332
2014-09-18,0.009112838059331616
2014-09-19,0.0006162308745405699
2014-09-22,0.010809656170066094
2014-09-23,0.0027223442850995653
2014-09-24,0.0029628190079750497
2014-09-25,-0.002765453299596805
2014-09-26,-0.004813828677113162
2014-09-29,-0.009197667229367984
2014-09-30,-0.003858273181977887
2014-10-08,0.013712507518007701
2014-10-09,-0.00118268074007093
2014-10-10,0.004290633071771335
2014-10-13,0.00513831175951837
2014-10-14,-0.00975848334305534
2014-10-15,-0.007061047861917312
2014-10-16,0.0024937139717168873
2014-10-17,0.003432249009555765
2014-10-20,0.0020037022097705217
2014-10-21,0.0015924008740437826
2014-10-22,0.0062035606679340435
2014-10-23,0.00266472118217625
2014-10-24,-0.001462433247446924
2014-10-27,-0.017575660599655957
2014-10-28,0.0036802744949928703
2014-10-29,0.0012684050517738112
2014-10-30,-0.010331614360320237
2014-10-31,0.004349404570736938
2014-11-03,-0.013512280858733888
2014-11-04,0.004950974428596012
2014-11-05,-0.0009885557246516272
2014-11-06,0.0066944471460475465
2014-11-07,0.010213060864855784
2014-11-10,-0.007277487878473397
2014-11-11,-0.0010308271590472686
2014-11-12,-0.007228994490714857
2014-11-13,-0.026897019236814885
2014-11-14,0.009764686879287839
2014-11-17,-0.011072517441556413
2014-11-18,-0.008036374500372666
2014-11-19,0.0009478104521034609
2014-11-20,0.01037070958558579
2014-11-21,-0.00036196899780751093
2014-11-24,0.02372722654820622
2014-11-25,-0.018442362922535753
2014-11-26,-0.0008044468324289646
2014-11-27,0.014752948940895242
2014-11-28,0.02167088029790272
2014-12-01,-0.022609875865002346
2014-12-02,-0.002098458682870001
2014-12-03,-0.00499464548288028
2014-12-04,-0.0022083269456605326
2014-12-05,-0.008244463327921737
2014-12-08,-0.0027781286846769587
2014-12-09,-0.03499323711911004
2014-12-10,-0.003851130483684316
2014-12-11,0.00024789547144092247
2014-12-12,-0.017977131143935052
2014-12-15,-0.02905527002118566
2014-12-16,-0.005610689513509813
2014-12-17,0.014806699692500178
2014-12-18,-0.03088396301704169
2014-12-19,-0.03626166877661744
2014-12-22,0.0106324843452708
2014-12-23,0.01897395684651006
2014-12-24,-0.023797526110798495
2014-12-25,-0.018931935443122133
2014-12-26,0.006059252465853683
2014-12-29,0.007073328631801677
2014-12-30,0.021976048383149056
2014-12-31,0.0387050326895292
2015-01-05,0.008592714445341626
2015-01-06,-0.007851166231740769
2015-01-07,-0.014757657894142025
2015-01-08,-0.010040361738801108
2015-01-09,0.0038007325036543797
2015-01-12,0.00114817352283857
2015-01-13,-0.004330215619395391
2015-01-14,0.006445515639066235
2015-01-15,0.003623827078852851
2015-01-16,-0.02390278670065862
2015-01-19,0.010965507504011623
2015-01-20,-0.01494955154551757
2015-01-21,0.002076737689910013
2015-01-22,0.03294252949462883
2015-01-23,0.02012547838771994
2015-01-26,-0.03493529075183069
2015-01-27,-0.014482652462844019
2015-01-28,0.006570836110955047
2015-01-29,0.00781559583776183
2015-01-30,0.01150246523142124
2015-02-02,0.008567541312882204
2015-02-03,-0.006846812127807319
2015-02-04,-0.00815743325963168
2015-02-05,0.010048739573573218
2015-02-06,-0.011875626543253848
2015-02-09,0.008044408197645892
2015-02-10,-0.009993527157634005
2015-02-11,-0.005080035332541275
2015-02-12,-0.0025028185782865267
2015-02-13,0.00322492960880014
2015-02-16,-0.013701490987032747
2015-02-17,-0.002127834673736539
2015-02-25,-0.015266166423161833
2015-02-26,-0.00023381312771034168
2015-02-27,-0.005240405323470656
2015-03-02,0.0009548906851970682
2015-03-03,-0.0032956091699495454
2015-03-04,-0.001867652247866744
2015-03-05,-0.013125933899637088
2015-03-06,0.003699572032132962
2015-03-09,0.0068846892951058315
2015-03-10,-0.0109761276105026
2015-03-11,-0.009974883384699814
2015-03-12,0.0011250878268383863
2015-03-13,0.003500128614834971
2015-03-16,-0.002176799526700194
2015-03-17,-0.0018254120502343447
2015-03-18,0.013557119728703784
2015-03-19,-0.014652537864723215
2015-03-20,0.009328304902630737
2015-03-23,-0.004121455128479647
2015-03-24,-0.017665339552800335
2015-03-25,-0.0013550015828047435
2015-03-26,0.002099338306180103
2015-03-27,0.0015403633950440004
2015-03-30,-0.0034021577077346793
2015-03-31,0.004857718324169931
2015-04-01,-0.009264688561083308
2015-04-02,0.006693624184569931
2015-04-03,-0.00915417813677473
2015-04-07,-0.008755685370441024
2015-04-08,-0.010982629262411166
2015-04-09,0.04312261329941655
2015-04-10,-0.025286083972013054
2015-04-13,-0.004579036913994276
2015-04-14,-0.012774988498761575
2015-04-15,0.00021892171702461022
2015-04-16,-0.0033546181143883427
2015-04-17,-0.003525870353616966
2015-04-20,-0.03950150632307642
2015-04-21,0.017242064262549813
2015-04-22,0.006605693008385118
2015-04-23,-0.002353339860565736
2015-04-24,-0.01572882469385451
2015-04-27,-0.0063383539059951415
2015-04-28,-0.021778947679816814
2015-04-29,0.005926374319725704
2015-04-30,0.017344358657755802
2015-05-04,-0.017641161035787264
2015-05-05,0.017473757097646328
2015-05-06,0.02220637612861813
2015-05-07,0.03316830027918787
2015-05-08,0.012240735144199695
2015-05-11,0.007896850394510591
2015-05-12,-0.003579294396951531
2015-05-13,0.05647272196320097
2015-05-14,0.01333933387854604
2015-05-15,0.001127700694637409
2015-05-18,0.008795430907082055
2015-05-19,-0.012845009194411193
2015-05-20,0.005104226000041425
2015-05-21,-0.0033412688724523496
2015-05-22,-0.0064954368688169145
2015-05-25,0.0005122790097518773
2015-05-26,0.04917136477249807
2015-05-27,0.00046662295464947046
2015-05-28,0.010148559397343812
2015-05-29,0.005429394414535321
2015-06-01,-0.015494174657993617
2015-06-02,-0.019040971056789292
2015-06-03,0.01608185506158926
2015-06-04,-0.008403141189361427
2015-06-05,0.0013538792325817062
2015-06-08,-0.017779285237003957
2015-06-09,-0.017469706452023403
2015-06-10,-0.00904037240444599
2015-06-11,-0.005567439071814062
2015-06-12,0.004759613423655697
2015-06-15,-0.03608719567120916
2015-06-16,-0.01885374870579356
2015-06-17,0.010077729256735873
2015-06-18,-0.011368142946491796
2015-06-19,0.022496124959368716
2015-06-23,0.024174138407200597
2015-06-24,-0.022951218994450292
2015-06-25,0.004081880153378584
2015-06-26,0.011460624307839354
2015-06-29,0.013545815823051807
2015-06-30,-0.000672858199610625
2015-07-01,0.022969040050424397
2015-07-02,0.023230836148510695
2015-07-03,0.004454560934686824
2015-07-06,0.017648174910873907
2015-07-07,-0.0031533079359722938
2015-07-08,-0.015156133398627689
2015-07-09,0.027932284206523092
2015-07-10,-0.027136475228742532
2015-07-13,-0.017057760497170973
2015-07-14,0.00633429407342629
2015-07-15,0.03879711211732163
2015-07-16,-0.01740288772243956
2015-07-17,0.004063037173608064
2015-07-20,0.03418847685041955
2015-07-21,-0.0008526850235367547
2015-07-22,0.027519938780580518
2015-07-23,0.020804359321820707
2015-07-24,0.025421024334180795
2015-07-27,-0.006604306923106859
2015-07-28,0.0006263109040473211
2015-07-29,-0.021483495622650093
2015-07-30,-0.008067834276379415
2015-07-31,-0.017237341561400644
2015-08-03,-0.012546003042887041
2015-08-04,0.004635393383305646
2015-08-05,0.01002005969560249
2015-08-06,0.009486172353819218
2015-08-07,0.014678854296443649
2015-08-10,0.007271976889227084
2015-08-11,0.04054119834122233
2015-08-12,-0.03716548626445236
2015-08-13,-0.018467460119859305
2015-08-14,-0.01548980104203107
2015-08-17,-0.03756234750261487
2015-08-18,0.016194847276247856
2015-08-19,0.007149867732014523
2015-08-20,0.01608053735297977
2015-08-21,0.0007379810735263954
2015-08-24,0.010158834675231258
2015-08-25,0.028799492923907224
2015-08-26,-0.0012465621640673358
2015-08-27,-0.04968596261502204
2015-08-28,0.005794059385339959
2015-08-31,-0.011331382852250667
2015-09-01,-0.008884215614977452
2015-09-02,-0.03125824947723453
2015-09-07,0.0034669763011299093
2015-09-08,0.00760804096861632
2015-09-09,0.011160378722138969
2015-09-10,-0.007250179124139807
2015-09-11,-0.0050803280410219
2015-09-14,-0.0356146881203275
2015-09-15,0.0044226308144292605
2015-09-16,0.0042365067105466295
2015-09-17,0.005338155490328768
2015-09-18,0.016807971564994226
2015-09-21,0.01513395513916894
2015-09-22,0.0034999190583234006
2015-09-23,0.024336310114644093
2015-09-24,0.001234688422550449
2015-09-25,-0.01797475592221961
2015-09-28,0.019534573657591002
2015-09-29,0.0031016611673159583
2015-09-30,-0.0005180137287847802
2015-10-08,0.014235926405477937
2015-10-09,0.006360779369354349
2015-10-12,0.007213780469776124
2015-10-13,0.011081884775002368
2015-10-14,-0.002692496244738992
2015-10-15,0.011975478450748834
2015-10-16,-0.00992591364555108
2015-10-19,-0.009336130975810823
2015-10-20,0.003272090934970889
2015-10-21,-0.010052670010817874
2015-10-22,0.006572067723116772
2015-10-23,0.01803883558881417
2015-10-26,-7.772056779664638e-05
2015-10-27,0.016934688832558387
2015-10-28,0.010876307822910356
2015-10-29,-0.005198363154187207
2015-10-30,0.0016297544253248864
2015-11-02,0.0004753323006397893
2015-11-03,0.0121396416382456
2015-11-04,0.007896802590583982
2015-11-05,-0.018939611126969087
2015-11-06,0.00960671327243793
2015-11-09,0.016328837127897552
2015-11-10,0.009239778285922581
2015-11-11,0.007048035138327481
2015-11-12,0.01930276459862431
2015-11-13,-0.014883064161926618
2015-11-16,0.013381956582882716
2015-11-17,-0.004507527868532814
2015-11-18,0.01763323064829853
2015-11-19,0.004122652337597912
2015-11-20,0.004969577835234876
2015-11-23,-0.009068882344569922
2015-11-24,0.028959711723919295
2015-11-25,0.017972660866545274
2015-11-26,-0.006267139707491834
2015-11-27,0.026380955762214817
2015-11-30,0.06084291931681588
2015-12-01,0.04468538566010948
2015-12-02,0.06233168573716422
2015-12-03,0.043177390086201806
2015-12-04,0.011078947436965608
2015-12-07,-0.04993745682823893
2015-12-08,0.009104530454595638
2015-12-09,0.07816502767450476
2015-12-10,0.0158324546910011
2015-12-11,0.03135159802388235
2015-12-14,-0.008632271320380656
2015-12-15,0.03974172758868695
2015-12-16,-0.03489221922360674
2015-12-17,0.059823852141085536
2015-12-18,0.09502815833305395
2015-12-21,0.0
2015-12-22,0.0
2015-12-23,0.0
2015-12-24,0.0
2015-12-25,0.0
2015-12-28,0.0
2015-12-29,0.0
2015-12-30,0.0
2015-12-31,0.0
2016-01-04,0.0
2016-01-05,0.0
2016-01-06,0.0
2016-01-07,0.0
2016-01-08,0.0
2016-01-11,0.0
2016-01-12,0.0
2016-01-13,0.0
2016-01-14,0.0
2016-01-15,0.0
2016-01-18,0.0
2016-01-19,0.0
2016-01-20,0.0
2016-01-21,0.0
2016-01-22,0.0
2016-01-25,0.0
2016-01-26,0.0
2016-01-27,0.0
2016-01-28,0.0
2016-01-29,0.0
2016-02-01,0.0
2016-02-02,0.0
2016-02-03,0.0
2016-02-04,0.0
2016-02-05,0.0
2016-02-15,0.0
2016-02-16,0.0
2016-02-17,0.0
2016-02-18,0.0
2016-02-19,0.0
2016-02-22,0.0
2016-02-23,0.0
2016-02-24,0.0
2016-02-25,0.0
2016-02-26,0.0
2016-02-29,0.0
2016-03-01,0.0
2016-03-02,0.0
2016-03-03,0.0
2016-03-04,0.0
2016-03-07,0.0
2016-03-08,0.0
2016-03-09,0.0
2016-03-10,0.0
2016-03-11,0.0
2016-03-14,0.0
2016-03-15,0.0
2016-03-16,0.0
2016-03-17,0.0
2016-03-18,0.0
2016-03-21,0.0
2016-03-22,0.0
2016-03-23,0.0
2016-03-24,0.0
2016-03-25,0.0
2016-03-28,0.0
2016-03-29,0.0
2016-03-30,0.0
2016-03-31,0.0
2016-04-01,0.0
2016-04-05,0.0
2016-04-06,0.0
2016-04-07,0.0
2016-04-08,0.0
2016-04-11,0.0
2016-04-12,0.0
2016-04-13,0.0
2016-04-14,0.0
2016-04-15,0.0
2016-04-18,0.0
2016-04-19,0.0
2016-04-20,0.0
2016-04-21,0.0
2016-04-22,0.0
2016-04-25,0.0
2016-04-26,0.0
2016-04-27,0.0
2016-04-28,0.0
2016-04-29,0.0
2016-05-03,0.0
2016-05-04,0.0
2016-05-05,0.0
2016-05-06,0.0
2016-05-09,0.0
2016-05-10,0.0
2016-05-11,0.0
2016-05-12,0.0
2016-05-13,0.0
2016-05-16,0.0
2016-05-17,0.0
2016-05-18,0.0
2016-05-19,0.0
2016-05-20,0.0
2016-05-23,0.0
2016-05-24,0.0
2016-05-25,0.0
2016-05-26,0.0
2016-05-27,0.0
2016-05-30,0.0
2016-05-31,0.0
2016-06-01,0.0
2016-06-02,0.0
2016-06-03,0.0
2016-06-06,0.0
2016-06-07,0.0
2016-06-08,0.0
2016-06-13,0.0
2016-06-14,0.0
2016-06-15,0.0
2016-06-16,0.0
2016-06-17,0.0
2016-06-20,0.0
2016-06-21,0.0
2016-06-22,0.0
2016-06-23,0.0
2016-06-24,0.0
2016-06-27,0.0
2016-06-28,0.0
2016-06-29,0.0
2016-06-30,0.0
2016-07-01,0.0
2016-07-04,-0.09651454423625318
2016-07-05,-0.09740921249332024
2016-07-06,-0.008045754084231279
2016-07-07,-0.04408600769444112
2016-07-08,0.004668450354576487
2016-07-11,-0.023690879089431148
2016-07-12,-0.013038321844779063
2016-07-13,0.002141315788939455
2016-07-14,-0.01685711566462188
2016-07-15,-0.014206438761933868
2016-07-18,-0.01971891261313088
2016-07-19,-0.005386432252432627
2016-07-20,0.0011504798973134903
2016-07-21,-0.0024274919671767228
2016-07-22,0.03492505581734407
2016-07-25,0.023271078582344666
2016-07-26,-0.009049702387329056
2016-07-27,-0.018418191042385946
2016-07-28,0.02195307600728465
2016-07-29,0.0033067515100208894
2016-08-01,0.011213156466954194
2016-08-02,0.016530519520499797
2016-08-03,-0.002453912981808814
2016-08-04,0.0874872323158869
2016-08-05,0.061419745504732615
2016-08-08,0.03921070609972886
2016-08-09,-0.0021102667401807678
2016-08-10,-0.022951840720882254
2016-08-11,-0.011041921894049598
2016-08-12,0.05782203271100533
2016-08-15,0.04931476981248198
2016-08-16,0.09067600083800624
2016-08-17,-0.05106791608881532
2016-08-18,-0.030660943782528337
2016-08-19,-0.024138779653801127
2016-08-22,0.02044673612888029
2016-08-23,0.009929195452974823
2016-08-24,-0.01639360672227122
2016-08-25,0.004256824038695477
2016-08-26,-0.019561099034618334
2016-08-29,0.0024214075058537686
2016-08-30,-0.004107546235120593
2016-08-31,0.07881624094246338
2016-09-01,-0.03237057670813904
2016-09-02,0.014867944981516288
2016-09-05,-0.015913223315980808
2016-09-06,-0.010363394750852337
2016-09-07,0.0023270269654965823
2016-09-08,0.015664618432628535
2016-09-09,-0.007713394041542362
2016-09-12,0.028025234287663695
2016-09-13,0.0017853679133335793
2016-09-14,0.007348265628498703
2016-09-19,-0.005075114133102132
2016-09-20,-0.004472893181360573
2016-09-21,0.04335916957423513
2016-09-22,0.06719511369068173
2016-09-23,-0.03457076686938998
2016-09-26,-0.006987553540328567
2016-09-27,0.004555806708616696
2016-09-28,0.030838431140058027
2016-09-29,0.008266640308463311
2016-09-30,0.0024237469501830434
2016-10-10,0.005765780572726309
2016-10-11,-0.005044164482965029
2016-10-12,0.01708496196117407
2016-10-13,0.008485751506135349
2016-10-14,0.0031537442970525093
2016-10-17,-0.023700735797976397
2016-10-18,-0.013069385424101757
2016-10-19,-0.01035319209565223
2016-10-20,0.007200977180088044
2016-10-21,-0.024647478852043634
2016-10-24,-0.009464426672323313
2016-10-25,-0.010973971002428124
2016-10-26,0.00872120213663136
2016-10-27,-0.012653406167885215
2016-10-28,0.010582614384402044
2016-10-31,0.007513076200906427
2016-11-01,0.019320222986594006
2016-11-02,-0.02875461107155133
2016-11-03,-0.01072667484611637
2016-11-04,0.0044953628996715275
2016-11-07,-0.010776611954455692
2016-11-08,-0.0014726489447840878
2016-11-09,0.08243082626826752
2016-11-10,0.006632261890527505
2016-11-11,-0.014380857482430568
2016-11-14,-0.005099339249888527
2016-11-15,0.04448569158469118
2016-11-16,-0.008360844696410135
2016-11-17,0.011700220860076027
2016-11-18,0.03030855292330939
2016-11-21,-0.00834810907468718
2016-11-22,-0.004939581433543105
2016-11-23,-0.011885088511244807
2016-11-24,-0.015191214722286558
2016-11-25,0.002260662630515292
2016-11-28,-0.03207817493505968
2016-11-29,-0.006170352005003136
2016-11-30,0.037813341978420206
2016-12-01,-0.018285251230161403
2016-12-02,-0.010588770585418484
2016-12-05,-0.001462802702030308
2016-12-06,-0.003217058310546113
2016-12-07,-0.0154322786753014
2016-12-08,-0.013677253274262665
2016-12-09,-0.004828148913291106
2016-12-12,-0.043501312351551344
2016-12-13,-0.012033656028498485
2016-12-14,-0.021380137173696443
2016-12-15,0.0039461714830638026
2016-12-16,-0.003144837773901255
2016-12-19,-0.05244897188093888
2016-12-20,-0.027277519745013218
2016-12-21,-0.0018355327362162555
2016-12-22,0.006111052521978401
2016-12-23,-0.001838624371320546
2016-12-26,0.013397695374891817
2016-12-27,0.03306652456391659
2016-12-28,-0.0023941152386758417
2016-12-29,-0.016325422672303726
2016-12-30,-0.012922022111501428
2017-01-03,-0.0016162368014915746
2017-01-04,-0.004943063980288504
2017-01-05,0.004993685980153276
2017-01-06,-0.008961661309845298
2017-01-09,-0.004841266352952862
2017-01-10,-0.0020372369743980297
2017-01-11,0.002670957691259383
2017-01-12,0.0
2017-01-13,0.06464464349492578
2017-01-16,-0.03597561000688937
2017-01-17,-0.01512610416341478
2017-01-18,-0.002831187904374253
2017-01-19,-0.00658156467954359
2017-01-20,-0.004684190637605775
2017-01-23,-0.002535134216434651
2017-01-24,0.00010058870704028697
2017-01-25,-0.005584357717652056
2017-01-26,0.0026559617363720975
2017-02-03,0.0033513979384106737
2017-02-06,-0.0029348221640741806
2017-02-07,-0.005904088928594066
2017-02-08,-0.002118705793759313
2017-02-09,-0.00448136267574863
2017-02-10,-0.007245690607974393
2017-02-13,0.0028749756420057672
2017-02-14,0.002429072381121073
2017-02-15,-0.001036287054520791
2017-02-16,-0.006731016781568116
2017-02-17,0.005563477817893564
2017-02-20,-0.016156850115588574
2017-02-21,0.012991650111564359
2017-02-22,-0.009935509135843219
2017-02-23,0.003617688235417098
2017-02-24,-0.001802774039029975
2017-02-27,0.0003535788299261419
2017-02-28,-0.005051825086689812
2017-03-01,-0.005616524571723583
2017-03-02,0.004408577892785459
2017-03-03,-0.00245835383155695
2017-03-06,-0.003950746105256029
2017-03-07,0.0028195891634046986
2017-03-08,0.022410398637508926
2017-03-09,-0.0015670815096817496
2017-03-10,3.281990656384473e-05
2017-03-13,-0.007163134452611358
2017-03-14,0.03722430849052641
2017-03-15,-0.012610729229838025
2017-03-16,-0.004466105793931132
2017-03-17,0.024633306243358858
2017-03-20,-0.011926508569825023
2017-03-21,-0.0029969094322908583
2017-03-22,0.0020334874441970633
2017-03-23,0.01697711858443918
2017-03-24,-0.0049900280997557545
2017-03-27,-0.009008735853655173
2017-03-28,0.005110468860239284
2017-03-29,-0.013492649351262436
2017-03-30,-0.01152109752714587
2017-03-31,-0.0019363566915790425
2017-04-05,-0.029679723900386874
2017-04-06,0.0030651378662346638
2017-04-07,-0.0057019791021549185
2017-04-10,-0.027935808659690364
2017-04-11,-0.0165353803449369
2017-04-12,0.013254627838457978
2017-04-13,-0.012383642651041587
2017-04-14,-0.0005316601719949441
2017-04-17,-0.0001056975982073197
2017-04-18,-0.004875330429067994
2017-04-19,0.007347096374057048
2017-04-20,0.002166948328142161
2017-04-21,0.0023430662711178022
2017-04-24,-0.002240010591433134
2017-04-25,0.004477903960449394
2017-04-26,-0.012718409597754325
2017-04-27,-0.016244630034443944
2017-04-28,-0.01684230615784087
2017-05-02,-0.008816583152980608
2017-05-03,-0.005785189772582135
2017-05-04,0.009116720901714268
2017-05-05,-0.0014231283889319796
2017-05-08,-0.011515963274068104
2017-05-09,0.011570659582536334
2017-05-10,0.01897057121072841
2017-05-11,0.02016160681593661
2017-05-12,0.00429073943347319
2017-05-15,-0.012000980162192207
2017-05-16,-0.011965572632723078
2017-05-17,0.0007776410723834403
2017-05-18,-0.006869315661344065
2017-05-19,0.006396165589952352
2017-05-22,-0.005732792498788045
2017-05-23,-0.006557176773644945
2017-05-24,0.0010675312463265607
2017-05-25,0.04413884491315732
2017-05-26,0.0057692793518503765
2017-05-31,0.022817521546353275
2017-06-01,-0.015370905555846559
2017-06-02,-0.015892944080550205
2017-06-05,0.007845108994233534
2017-06-06,-0.020885507801556215
2017-06-07,0.0
2017-06-08,0.0
2017-06-09,0.0
2017-06-12,0.040152364443519474
2017-06-13,0.013465429235254987
2017-06-14,-0.01012831361561729
2017-06-15,-0.01124563988214935
2017-06-16,-0.0029006048867857553
2017-06-19,-0.0039766910286530895
2017-06-20,0.0036159152562876503
2017-06-21,-0.011257210748787244
2017-06-22,0.03946783560554212
2017-06-23,0.08607342746514476
2017-06-26,0.08089948626468993
2017-06-27,-0.03258187929859601
2017-06-28,-0.006756336708586106
2017-06-29,0.0049079888501727
2017-06-30,-0.005622444486254992
2017-07-03,-0.01557737153759962
2017-07-04,-0.01631876608265965
2017-07-05,0.017744664758435863
2017-07-06,-0.012767589681277444
2017-07-07,0.01748138041606371
2017-07-10,-0.012902934079339208
2017-07-11,0.01678748416120144
2017-07-12,0.024242259024043988
2017-07-13,-0.038958776120157766
2017-07-14,0.0030034513341156543
2017-07-17,0.0
2017-07-18,0.020821090885914908
2017-07-19,-0.021671225884529265
2017-07-20,-0.011868662188695561
2017-07-21,-0.021806647947081786
2017-07-24,-0.03621809181879015
2017-07-25,-0.012120518548365083
2017-07-26,0.008157070774517258
2017-07-27,-0.01436694984701899
2017-07-28,0.0209419013874663
2017-07-31,-0.01650230685000789
2017-08-01,-0.004097716046204628
2017-08-02,0.01844005290887142
2017-08-03,-0.0057758285521913
2017-08-04,0.0028225472083200816
2017-08-07,-0.010640648120540538
2017-08-08,0.0024284021232956264
2017-08-09,0.005731007412686668
2017-08-10,-0.004910685471450996
2017-08-11,-0.013346901350371646
2017-08-14,-0.016069802510372426
2017-08-15,-0.0025744500006158527
2017-08-16,-0.002073274028161638
2017-08-17,-0.0012489261692420674
2017-08-18,0.03348697179897067
2017-08-21,-0.01392342580227169
2017-08-22,0.022171168811525355
2017-08-23,0.010172220285973255
2017-08-24,-0.000811327435159272
2017-08-25,-0.007026885835974911
2017-08-28,0.028917786191658794
2017-08-29,0.004333130925917613
2017-08-30,-0.011097486973902046
2017-08-31,0.004854359609847082
2017-09-01,-0.012317208016287953
2017-09-04,0.002508407472420946
2017-09-05,0.030995918266607195
2017-09-06,0.0024094907087766114
2017-09-07,0.07677414318492604
2017-09-08,-0.004894465436203078
2017-09-11,-0.015251655946481481
2017-09-12,0.0024785559827162303
2017-09-13,0.014840797407321837
2017-09-14,0.053354091378026734
2017-09-15,0.05403196843869501
2017-09-18,-0.03658875636551371
2017-09-19,0.006285664606284221
2017-09-20,0.0014808742121047219
2017-09-21,0.004463326299833332
2017-09-22,-0.01712912010365762
2017-09-25,-0.02820650777000544
2017-09-26,0.01657216326745855
2017-09-27,-0.006899205160729852
2017-09-28,-0.002436571037287248
2017-09-29,-0.007205805502389397
2017-10-09,-0.003466872373487296
2017-10-10,0.010447356277390183
2017-10-11,0.009580938807475329
2017-10-12,0.008812664925384406
2017-10-13,-0.007568809748708303
2017-10-16,-0.013066776054623374
2017-10-17,-0.007684351720117536
2017-10-18,0.0012709988787600766
2017-10-19,-0.014211030437713754
2017-10-20,-0.004721936725543632
2017-10-23,-0.01346529855219193
2017-10-24,0.02551117434572807
2017-10-25,0.009493455940625922
2017-10-26,0.005962097012789543
2017-10-27,-0.003915507499395407
2017-10-30,0.0507624213043056
2017-10-31,-0.009063105916410361
2017-11-01,0.009100363404351539
2017-11-02,0.012913983728215986
2017-11-03,-0.03372055227920971
2017-11-06,-0.0270652261079386
2017-11-07,0.009252455444681004
2017-11-08,-0.001897206082058473
2017-11-09,-0.008939409338993209
2017-11-10,-0.010160873202908764
2017-11-13,-0.018927707344759646
2017-11-14,0.049577944770477514
2017-11-15,0.0030652514839397587
2017-11-16,-0.003299706709848818
2017-11-17,-0.012087022765307884
2017-11-20,-0.005485399530743658
2017-11-21,0.0729168303873268
2017-11-22,0.022063485536628225
2017-11-23,-0.0014960675748896118
2017-11-24,0.012951930912235721
2017-11-27,0.011156577495341505
2017-11-28,-0.028803293945772628
2017-11-29,0.07276269773454275
2017-11-30,-0.05018714300715098
2017-12-01,-0.017139849105946067
2017-12-04,0.00019014322883245238
2017-12-05,0.005715920643232896
2017-12-06,-0.003855180445641128
2017-12-07,-0.016701694978128276
2017-12-08,-0.012453292821092359
2017-12-11,-0.012420829700265968
2017-12-12,-0.004812489500977046
2017-12-13,0.007480143618858032
2017-12-14,0.010518899308940188
2017-12-15,-0.014681232166144607
2017-12-18,-0.013002284845162738
2017-12-19,0.012612295423213928
2017-12-20,-0.016965468871173766
2017-12-21,0.01832883470733443
2017-12-22,0.004861916345944995
2017-12-25,0.012252489098979085
2017-12-26,0.007869223053758296
2017-12-27,0.024482422948544955
2017-12-28,-0.005160223953053259
2017-12-29,-0.0026545039545777718
2018-01-02,0.018899429821052464
2018-01-03,-0.01907474910680977
2018-01-04,0.01192314713346228
2018-01-05,0.0215922593604302
2018-01-08,0.011504412201918356
2018-01-09,-0.014656493646347458
2018-01-10,-0.0023482513798591892
2018-01-11,-0.008414287934978185
2018-01-12,-0.004048663298182233
2018-01-15,0.0462398396638353
2018-01-16,0.04163250263599352
2018-01-17,0.01538953175429705
2018-01-18,0.002416879555406466
2018-01-19,0.00046973793708408873
2018-01-22,-0.008329975257715167
2018-01-23,0.013129373593447013
2018-01-24,0.012796200356605171
2018-01-25,-0.012249223640899816
2018-01-26,-0.01909019892968695
2018-01-29,-0.02006151237479022
2018-01-30,-0.04000277155172604
2018-01-31,0.013865117677002794
2018-02-01,0.007328914505088928
2018-02-02,-0.010448110867346658
2018-02-05,-0.011602686757890763
2018-02-06,0.012554621800159968
2018-02-07,-0.02739583106645891
2018-02-08,0.0007240318788836672
2018-02-09,0.008225083084390052
2018-02-12,-0.0019695176749831463
2018-02-13,0.002855399169654195
2018-02-14,0.0017298892803505987
2018-02-22,-0.010764062995984192
2018-02-23,0.023240731225359735
2018-02-26,-0.017504828823952698
2018-02-27,-0.011591059517593698
2018-02-28,-0.007394800175145063
2018-03-01,-0.0007660075763329995
2018-03-02,0.004515393282790318
2018-03-05,0.0011836200342995535
2018-03-06,0.018247556690085532
2018-03-07,-0.009895102602021462
2018-03-08,0.013915074994672667
2018-03-09,-0.00644612225800181
2018-03-12,-0.01788365388987471
2018-03-13,0.0009853720000823065
2018-03-14,0.006536787943602436
2018-03-15,-0.0022726641230113582
2018-03-16,0.003131712316103437
2018-03-19,-0.01954075586550334
2018-03-20,-0.0032429089654369726
2018-03-21,0.008255845754149718
2018-03-22,0.0032119867455438524
2018-03-23,0.021537203110762633
2018-03-26,-0.01006628682700394
2018-03-27,0.01521482347057233
2018-03-28,0.03061368714046392
2018-03-29,0.05684088495019189
2018-03-30,-0.015404856285004726
2018-04-02,0.011987351671983096
2018-04-03,0.019461868890180947
2018-04-04,-0.01940573017671466
2018-04-09,-0.025754873927942477
2018-04-10,-0.008905791789752024
2018-04-11,0.0053561646950149346
2018-04-12,-0.011514730904677518
2018-04-13,-0.009799945391982447
2018-04-16,-0.012041029723700851
2018-04-17,0.020195147132358378
2018-04-18,0.004591899611960884
2018-04-19,-0.006276362016247832
2018-04-20,0.009710680521350754
2018-04-23,-0.00348562145036213
2018-04-24,0.005884961113634922
2018-04-25,-0.018074876815863488
2018-04-26,-0.03633897843771916
2018-04-27,-0.004437221008495101
2018-05-02,-0.033271301208241524
2018-05-03,-0.019060847738722415
2018-05-04,-0.017785979249381762
2018-05-07,-0.00021965793716503118
2018-05-08,0.03329108888700049
2018-05-09,-0.011913329883141425
2018-05-10,-0.011907336232208743
2018-05-11,0.0026041592177729776
2018-05-14,-0.003663807988629519
2018-05-15,-0.014232920633131318
2018-05-16,-0.011876357857034912
2018-05-17,-0.008900035579580228
2018-05-18,0.009013526889793518
2018-05-21,-0.004636076695116303
2018-05-22,-0.002771024651193464
2018-05-23,0.01864452829700186
2018-05-24,0.0008230920993517682
2018-05-25,-0.008025138192596024
2018-05-28,0.0050622267631994415
2018-05-29,-0.023640274795288664
2018-05-30,-0.012957844554995553
2018-05-31,0.019040810027115936
2018-06-01,0.020513465941233405
2018-06-04,0.03454435450367875
2018-06-05,-0.006151797939441879
2018-06-06,-0.014640944213210359
2018-06-07,0.004255317167406928
2018-06-08,-0.010188818549623028
2018-06-11,0.014831743084339509
2018-06-12,0.0010641384453240667
2018-06-13,0.003801361253421719
2018-06-14,-0.005782475645467491
2018-06-15,0.01763116779302665
2018-06-19,0.009875719064621424
2018-06-20,-0.015313260509006894
2018-06-21,0.03386571086885141
2018-06-22,0.0037840826157917277
2018-06-25,-0.031138784335551617
2018-06-26,-0.006396567493471238
2018-06-27,-0.023703137902864692
2018-06-28,0.0034785890156315002
2018-06-29,-0.003914727923109103
2018-07-02,-0.029881540380926004
2018-07-03,0.026683773239472
2018-07-04,0.0018213482206349135
2018-07-05,0.017713214913675057
2018-07-06,0.002800826893808392
2018-07-09,0.0009665296483255328
2018-07-10,-0.007892808138000806
2018-07-11,-0.008642418387398858
2018-07-12,-0.010577179032105161
2018-07-13,-0.012653898097083153
2018-07-16,-0.011051490338604156
2018-07-17,-0.004851291053496206
2018-07-18,-0.0083690961824865
2018-07-19,0.010500002972513885
2018-07-20,0.004136904748608852
2018-07-23,0.005410181909224963
2018-07-24,-0.0008161967646763968
2018-07-25,-0.0023888435499337746
2018-07-26,-0.009999001172117074
2018-07-27,-0.011304761503087249
2018-07-30,-0.004959649757252369
2018-07-31,-0.0022737732517003548
2018-08-01,-0.010866108187036629
2018-08-02,-0.014990560649259237
2018-08-03,0.007324763897585684
2018-08-06,0.017686647513356586
2018-08-07,0.009335797683651233
2018-08-08,0.0026098164612929423
2018-08-09,0.015749816400775524
2018-08-10,0.013423643552421774
2018-08-13,0.0021949633319182857
2018-08-14,-0.020535456453813175
2018-08-15,0.0232319502087544
2018-08-16,0.023136879736273222
2018-08-17,0.013552392622076529
2018-08-20,0.01756467788241319
2018-08-21,0.006916866700580719
2018-08-22,0.010175010367782539
2018-08-23,-0.00947671223476001
2018-08-24,0.0007845094862119592
2018-08-27,0.01701969679794301
2018-08-28,-0.0029371180696701575
2018-08-29,0.00132887539310861
2018-08-30,-0.006749235236034108
2018-08-31,0.027299633718424345
2018-09-03,-0.017009458217436463
2018-09-04,0.02258169289906496
2018-09-05,-0.02199462303088867
2018-09-06,-0.009169033773332978
2018-09-07,0.009617285724409157
2018-09-10,0.02191424098820044
2018-09-11,0.0027601356732872926
2018-09-12,-0.014665099679806759
2018-09-13,0.001558759461211005
2018-09-14,0.007730602174721013
2018-09-17,-0.0030048683610898012
2018-09-18,-0.018777306770642294
2018-09-19,0.017208297667317365
2018-09-20,-0.00754856439517676
2018-09-21,0.036423498524129044
2018-09-25,-0.01765065750769843
2018-09-26,-0.007853763619270558
2018-09-27,-0.0035288717787211503
2018-09-28,-0.0131559419956475
2018-10-08,-0.03156493222845366
2018-10-09,-0.003623689560072715
2018-10-10,-0.0011622668022333105
2018-10-11,0.02960507931871563
2018-10-12,0.023628060162980018
2018-10-15,0.005353572008504892
2018-10-16,0.005121740191779741
2018-10-17,0.0013894719621693977
2018-10-18,-0.010182658803994153
2018-10-19,0.007680143717338675
2018-10-22,0.0067389087089211805
2018-10-23,0.0011932992874484037
2018-10-24,0.018933593506322635
2018-10-25,0.029883316675365975
2018-10-26,-0.0026011637373119373
2018-10-29,-0.009043366636729513
2018-10-30,0.02943035863078403
2018-10-31,0.001309063499639898
2018-11-01,-0.00528447203401692
2018-11-02,-0.03155493280420277
2018-11-05,-0.017236187895666742
2018-11-06,-0.004077041021900202
2018-11-07,-0.003505052255387088
2018-11-08,0.008562167599720866
2018-11-09,-0.012319770636432772
2018-11-12,-0.003898266895688736
2018-11-13,-0.004879822069860992
2018-11-14,0.0062552595482563735
2018-11-15,-0.0023409948797026327
2018-11-16,0.0033216111375285653
2018-11-19,0.01903028550466874
2018-11-20,0.019723348625973913
2018-11-21,0.009616771459375886
2018-11-22,-0.00676248379140176
2018-11-23,-0.0002906015990190927
2018-11-26,0.01291335661202139
2018-11-27,-0.0029892375207768475
2018-11-28,0.022389398314983225
2018-11-29,-0.005653364036404162
2018-11-30,-0.007081761510444786
2018-12-03,-0.009692694834442711
2018-12-04,-0.01739305823532666
2018-12-05,0.0075424699330056905
2018-12-06,0.013246989245532376
2018-12-07,0.005910125425245049
2018-12-10,0.0002774944544390902
2018-12-11,0.024741883939307242
2018-12-12,0.004014884938261017
2018-12-13,0.005262035885539976
2018-12-14,-0.0045470683784180795
2018-12-17,7.132611761772722e-06
2018-12-18,-0.020200406078452554
2018-12-19,-0.0024021641440961864
2018-12-20,-8.195509025255747e-05
2018-12-21,-0.020658196849918306
2018-12-24,-0.018323166042629298
2018-12-25,0.00807844836852757
2018-12-26,-0.004190375566632919
2018-12-27,-0.008092782033964983
2018-12-28,0.00896641896910826
2019-01-02,0.021812316765780868
2019-01-03,0.01815948653382229
2019-01-04,0.015263478619765382
2019-01-07,-0.0003531758665812276
2019-01-08,0.004415163964190994
2019-01-09,0.0041021336879954184
2019-01-10,-0.0029780448795582734
2019-01-11,0.0033937667784006064
2019-01-14,-0.002072556180522229
2019-01-15,-0.011761644328993345
2019-01-16,0.004589080016538652
2019-01-17,-0.013159250125710016
2019-01-18,0.013479964734804836
2019-01-21,-0.005695714788923351
2019-01-22,-0.0017890331984385978
2019-01-23,-0.004903600040276989
2019-01-24,0.0029844456617552813
2019-01-25,0.013293941676351511
2019-01-28,-0.007850081970269965
2019-01-29,0.015846485152014596
2019-01-30,0.00469500750425772
2019-01-31,0.010329796055416543
2019-02-01,-0.017128829381058003
2019-02-11,-0.018177695503178284
2019-02-12,-0.013200533160413846
2019-02-13,-0.0031827364200896144
2019-02-14,-0.01579265826142913
2019-02-15,-0.0074900740072559
2019-02-18,-0.004468956416479798
2019-02-19,-0.0006489874452951403
2019-02-20,0.012240548966001874
2019-02-21,-0.017163940907551314
2019-02-22,-0.012767840745564548
2019-02-25,0.001256843705778006
2019-02-26,-0.010936793445308459
2019-02-27,0.0037613732825643965
2019-02-28,0.0020206258812103355
2019-03-01,0.00902217476871889
2019-03-04,0.016580811724762518
2019-03-05,-0.005249296201348327
2019-03-06,-0.006020864979232272
2019-03-07,-0.0020194115100290837
2019-03-08,0.0003527560139474084
2019-03-11,-0.015612912051412537
2019-03-12,-0.007473696933399554
2019-03-13,-0.007895273712077128
2019-03-14,-0.005914900651925415
2019-03-15,-0.006906927866182473
2019-03-18,0.01183528445178808
2019-03-19,-0.0005600993827710159
2019-03-20,0.0120500111483864
2019-03-21,0.005571871339246229
2019-03-22,-0.018036549471225346
2019-03-25,-0.01401260277962238
2019-03-26,0.01716735252427526
2019-03-27,0.012128558135780414
2019-03-28,0.00817124446709204
2019-03-29,0.017140454781678763
2019-04-01,0.013026697048561828
2019-04-02,-0.004387688568363948
2019-04-03,-0.00041097009703960907
2019-04-04,-0.018863045360259918
2019-04-08,-0.01563944337997051
2019-04-09,0.04251459153934183
2019-04-10,-0.016611567833204853
2019-04-11,-0.008016558376604976
2019-04-12,-0.017602791152064423
2019-04-15,0.0007082715082624442
2019-04-16,0.007934807117859035
2019-04-17,-0.01238807625767493
2019-04-18,0.0002520271907225629
2019-04-19,0.022402253930028787
2019-04-22,-0.02815917886406122
2019-04-23,-0.01034256651681329
2019-04-24,0.007725028805555184
2019-04-25,0.014514646588504054
2019-04-26,0.0024548720335900963
2019-04-29,-0.00029386375704619147
2019-04-30,-0.023947978363108847
2019-05-06,0.005945281248768794
2019-05-07,0.016427110160144757
2019-05-08,-0.005907191325242684
2019-05-09,0.00806551384060926
2019-05-10,0.002568536097475739
2019-05-13,0.013493835952963324
2019-05-14,-0.006738779695805606
2019-05-15,-0.0029134655782506076
2019-05-16,-0.0028117154824892797
2019-05-17,0.002344939530931501
2019-05-20,0.010905673362051156
2019-05-21,-0.007169739082549732
2019-05-22,0.0008554813431865468
2019-05-23,-0.007498589327788619
2019-05-24,0.0002928131438881005
2019-05-27,-0.003969673663545604
2019-05-28,0.007044070373076691
2019-05-29,-0.004934720805018614
2019-05-30,-0.0010136753444222116
2019-05-31,-0.009836190096988568
2019-06-03,-0.008483929940793635
2019-06-04,-0.0009850233548771795
2019-06-05,0.02242628194376043
2019-06-06,0.008964553252551456
2019-06-10,0.010315296507860857
2019-06-11,-0.0074979250394228356
2019-06-12,-0.001810476912590741
2019-06-13,0.002982827775736257
2019-06-14,0.004712643857199024
2019-06-17,0.0007242514146589525
2019-06-18,-0.0053289109725545986
2019-06-19,-0.008871941842024136
2019-06-20,0.004048692755094431
2019-06-21,-0.006837858203689932
2019-06-24,-0.004901059886996083
2019-06-25,-0.007501668870388457
2019-06-26,0.0001945532297541108
2019-06-27,-0.005060219639612229
2019-06-28,-0.0023468875815521825
2019-07-01,0.003142739851364762
2019-07-02,0.0038934290926842495
2019-07-03,0.006997346376494434
2019-07-04,0.004605968719690797
2019-07-05,0.005030911143400671
2019-07-08,0.008740090039995665
2019-07-09,0.007975296145854722
2019-07-10,0.007159982138391412
2019-07-11,0.0029114943444389346
2019-07-12,0.006081100198604701
2019-07-15,0.012874055199014611
2019-07-16,-0.001844391534022152
2019-07-17,-0.004961918711302426
2019-07-18,0.009150156833338818
2019-07-19,-0.0013803133687149416
2019-07-22,0.014393242313111468
2019-07-23,-0.028253449613218524
2019-07-24,-0.003057347631268084
2019-07-25,-0.0018935840206042538
2019-07-26,-0.0072526125614883535
2019-07-29,-0.005485761078093416
2019-07-30,0.0014313658977614134
2019-07-31,-0.017184579285652646
2019-08-01,0.003111901459353557
2019-08-02,0.00021015673127035978
2019-08-05,-0.010485604986709737
2019-08-06,0.006743795085968516
2019-08-07,0.010057147297673848
2019-08-08,0.009111782643081918
2019-08-09,0.0003233089162457438
2019-08-12,0.001584885539816356
2019-08-13,-0.007797875195266471
2019-08-14,-0.009368610315796909
2019-08-15,0.005115676297906303
2019-08-16,-0.0032143677024911318
2019-08-19,-0.00240030886476799
2019-08-20,0.012703089532594006
2019-08-21,0.005017156240587316
2019-08-22,-0.0006656089011929447
2019-08-23,-0.0069185421544946685
2019-08-26,-0.00454086303890271
2019-08-27,-0.008506094010136694
2019-08-28,0.005833689967242309
2019-08-29,-0.011369689027576318
2019-08-30,-0.010039022669050716
2019-09-02,-0.004431175572345599
2019-09-03,-0.006655173457551957
2019-09-04,0.017553415057877428
2019-09-05,0.0005193153751022741
2019-09-06,0.007979019269929468
2019-09-09,-0.0007683660096199103
2019-09-10,0.015137545026787505
2019-09-11,-0.007262475583880786
2019-09-12,0.015071892078482106
2019-09-16,-0.0145474225502407
2019-09-17,-0.001201935069174053
2019-09-18,-0.0049752507080177005
2019-09-19,-0.008476595205181766
2019-09-20,0.0017805560439383725
2019-09-23,-0.005056934205546381
2019-09-24,-0.001965892453623446
2019-09-25,0.002584293954943086
2019-09-26,0.01003953648885773
2019-09-27,-0.006176060857826101
2019-09-30,-0.0006047483188976245
2019-10-08,0.00033826955567354405
2019-10-09,0.004941564891141604
2019-10-10,-0.00931935577104201
2019-10-11,0.0014907596142596973
2019-10-14,0.0027921643259668887
2019-10-15,-0.00765576019525669
2019-10-16,0.004610919428857353
2019-10-17,0.015658567576758035
2019-10-18,0.002052813647366543
2019-10-21,0.010405395916204286
2019-10-22,-0.00985054562747007
2019-10-23,-0.010770534777819559
2019-10-24,-0.007340729759887709
2019-10-25,0.0024282521905189865
2019-10-28,0.002569358370761908
2019-10-29,-0.0034142652241921827
2019-10-30,0.0037239410462221994
2019-10-31,-0.004745531910516002
2019-11-01,-0.008375006009198764
2019-11-04,-0.004896979336511125
2019-11-05,-0.00669528340685101
2019-11-06,-0.0019086960201543353
2019-11-07,-0.00545164775032334
2019-11-08,0.011649870077237005
2019-11-11,0.006771709220524981
2019-11-12,-0.0017042994161495426
2019-11-13,0.000609146355909058
2019-11-14,0.006415905824152572
2019-11-15,0.014051879034686843
2019-11-18,-0.010128828615040629
2019-11-19,-0.0016489401061630625
2019-11-20,0.006522223557354309
2019-11-21,0.005338017355128814
2019-11-22,0.010089351150572379
2019-11-25,0.030600004927256737
2019-11-26,-0.011636996450781577
2019-11-27,-0.00847530087541061
2019-11-28,0.0011990128132543035
2019-11-29,0.005009384726136722
2019-12-02,0.00010676274928894669
2019-12-03,-0.0047137451929721505
2019-12-04,-0.0010577674847938312
2019-12-05,-2.894499451253172e-05
2019-12-06,-0.0004255669770097995
2019-12-09,-0.003575826330701422
2019-12-10,-0.007133386047092448
2019-12-11,0.0020778818988644266
2019-12-12,0.007715011312496979
2019-12-13,-0.009600918176124636
2019-12-16,0.03837121591340395
2019-12-17,0.019002064405234692
2019-12-18,0.0014896015579889017
2019-12-19,0.02728192105680287
2019-12-20,0.014080758083683288
2019-12-23,-0.00476175084420092
2019-12-24,-0.019482770587048268
2019-12-25,-0.002781002817103634
2019-12-26,0.008100868352618168
2019-12-27,-0.004022894627365964
2019-12-30,-0.00023824646463793328
2019-12-31,0.01280984446235511
2020-01-02,-0.001780802344364665
2020-01-03,-0.005607198500008424
2020-01-06,-0.0043025773801828905
2020-01-07,0.003435500730408909
2020-01-08,0.017149876074465158
2020-01-09,0.00014716057517773218
2020-01-10,-0.01700732613052032
2020-01-13,0.00018866435570729333
2020-01-14,-0.009477159591433403
2020-01-15,-0.018212166352307532
2020-01-16,0.006586676625325339
2020-01-17,9.390831730546334e-05
2020-01-20,-0.019955895125543632
2020-01-21,0.003240733766475011
2020-01-22,0.016171671784376347
2020-01-23,-0.00012518678038436065
2020-02-03,0.007738835796419902
2020-02-04,0.010757334963140321
2020-02-05,-0.003988123235633776
2020-02-06,-0.0017639118643867583
2020-02-07,-0.00744237700118513
2020-02-10,0.02785935231538343
2020-02-11,0.00022620259205610727
2020-02-12,-0.0006819473833734012
2020-02-13,0.020269131855248985
2020-02-14,0.0018381051964198973
2020-02-17,-0.019214673089023235
2020-02-18,-0.004788843091794753
2020-02-19,-0.0021993355722512474
2020-02-20,-0.001743133000936101
2020-02-21,-0.01316782215228815
2020-02-24,0.005834065266757046
2020-02-25,0.017707245785319466
2020-02-26,0.010483017904085495
2020-02-27,-0.0032675196565312755
2020-02-28,0.013902653410792394
2020-03-02,0.005484757948999455
2020-03-03,0.004517425226954918
2020-03-04,0.0041026669948157
2020-03-05,-0.008818528842972738
2020-03-06,-0.004532216922045744
2020-03-09,0.015507856010956902
2020-03-10,-0.0024025325199150942
2020-03-11,-0.0030418518816776804
2020-03-12,0.0028731883589227687
2020-03-13,-0.0023018296960832206
2020-03-16,-0.008998850157414365
2020-03-17,-0.0010998899948650408
2020-03-18,-0.036065773297399295
2020-03-19,-0.014348194500308224
2020-03-20,0.002250993520707442
2020-03-23,-0.0074711874902939485
2020-03-24,-0.010455860691603612
2020-03-25,0.021086831640073675
2020-03-26,0.0028236493593275427
2020-03-27,0.0006327555919064531
2020-03-30,-0.01564331252910204
2020-03-31,-0.009486459585998223
2020-04-01,0.03710130324657062
2020-04-02,-0.0018453550367082718
2020-04-03,-0.003054766296080069
2020-04-07,-0.004038977637067422
2020-04-08,0.005663278303595774
2020-04-09,-0.006390395995019716
2020-04-10,0.0035398426159000025
2020-04-13,0.007806576237839985
2020-04-14,-0.009591430293572213
2020-04-15,-0.011984984105101227
2020-04-16,-0.005353717022363808
2020-04-17,-0.0066287490445130215
2020-04-20,-0.0008376158882718882
2020-04-21,-0.0035320333368702717
2020-04-22,0.0017292564117859363
2020-04-23,-0.001708194512532939
2020-04-24,-0.003604682075663966
2020-04-27,-0.006860542082485037
2020-04-28,0.005084158129488904
2020-04-29,0.0001106385755676037
2020-04-30,-0.013706388026232457
2020-05-06,-0.01775333730239529
2020-05-07,-0.0013392581116917785
2020-05-08,0.0049877089865804185
2020-05-11,0.004616222180097121
2020-05-12,-0.006479621422029926
2020-05-13,0.0037557049528442526
2020-05-14,-0.0014807109216776644
2020-05-15,0.0020422077551122374
2020-05-18,0.02526718884245004
2020-05-19,-0.0032246717462314227
2020-05-20,-0.006882234278103598
2020-05-21,0.001773179051235193
2020-05-22,0.006521595979925181
2020-05-25,0.006393524820514203
2020-05-26,0.009915969338713899
2020-05-27,0.009623840687472037
2020-05-28,0.0070291127723698145
2020-05-29,-0.0066381955937391025
2020-06-01,0.002075237900841187
2020-06-02,0.013032845892504839
2020-06-03,-0.010037098127784971
2020-06-04,0.0057352952761847344
2020-06-05,-0.011767428633489084
2020-06-08,-0.006305766901898768
2020-06-09,-0.007652870508842306
2020-06-10,-0.007401954446310544
2020-06-11,-0.0005298395344568406
2020-06-12,-0.00512958577394172
2020-06-15,0.004942791244203841
2020-06-16,-0.0018554979070366812
2020-06-17,-0.0024258986820531988
2020-06-18,-0.004125907142927109
2020-06-19,-0.0023725921033332185
2020-06-22,-0.003892608323354015
2020-06-23,0.0018387620213581174
2020-06-24,0.011313034061216344
2020-06-29,-0.009557240587622931
2020-06-30,-0.004548158030766688
2020-07-01,0.018386185933453467
2020-07-02,-0.026692676380272458
2020-07-03,-0.0005197794023198352
2020-07-06,0.006840769603448232
2020-07-07,-0.01598847448945572
2020-07-08,-0.0011789326419808042
2020-07-09,-0.006177837723014499
2020-07-10,-0.027934065533637215
2020-07-13,-0.01682750057535077
2020-07-14,0.004219921271644476
2020-07-15,0.005030840665056543
2020-07-16,0.008427832506413553
2020-07-17,-0.012569515675479082
2020-07-20,-0.0013212979898945681
2020-07-21,-0.006798181096147491
2020-07-22,0.00055252036891536
2020-07-23,0.0018740549945452795
2020-07-24,0.010318813775533696
2020-07-27,-0.006425186098953267
2020-07-28,0.008013505755432847
2020-07-29,-0.004486697261427829
2020-07-30,-0.0038544921243043387
2020-07-31,-0.0005096452092421357
2020-08-03,0.0026151344764804713
2020-08-04,0.006584699062867171
2020-08-05,0.00016484695212254374
2020-08-06,0.002217028270562209
2020-08-07,-0.006073791505803545
2020-08-10,0.009058330696655667
2020-08-11,0.010749622134934377
2020-08-12,0.017225859168744445
2020-08-13,0.0030952752908501085
2020-08-14,-0.010090957741614365
2020-08-17,0.0006734673836605934
2020-08-18,-0.0059854516685261105
2020-08-19,0.006143193487717115
2020-08-20,0.006650445180979094
2020-08-21,-0.006781236902472589
2020-08-24,-0.00856572623065946
2020-08-25,0.006195652540562338
2020-08-26,-0.0001332379621581288
2020-08-27,0.0018615288875426916
2020-08-28,0.0025579658443364746
2020-08-31,-0.0008479603505125374
2020-09-01,-0.0003874047794796215
2020-09-02,0.014157395067000835
2020-09-03,0.020355005121778832
2020-09-04,0.011870783096996532
2020-09-07,0.02280792264784623
2020-09-08,-0.015125633642822312
2020-09-09,-0.0011295302971887668
2020-09-10,0.004635206960528248
2020-09-11,-0.01349565579787292
2020-09-14,-0.0018167062037900746
2020-09-15,0.0005450566031070152
2020-09-16,0.0013560346809222672
2020-09-17,0.00787476688325724
2020-09-18,0.015965335902227276
2020-09-21,0.006219317500679059
2020-09-22,0.009083891582416197
2020-09-23,-0.0012895609666561999
2020-09-24,0.0001168247920830777
2020-09-25,-0.002713395411337468
2020-09-28,0.017887740862063094
2020-09-29,0.00010034017503529353
2020-09-30,-0.0031621835150675145
2020-10-09,-0.011234770518378689
2020-10-12,-0.015581469254950325
2020-10-13,-0.005728109351297382
2020-10-14,0.00631373338657186
2020-10-15,-0.002053668492769966
2020-10-16,0.0057593069219216975
2020-10-19,-0.00017825716812104077
2020-10-20,-0.007280666051645327
2020-10-21,0.004929007357876528
2020-10-22,0.015162906255110183
2020-10-23,-0.0038266992162189015
2020-10-26,0.00904263032165618
2020-10-27,-0.007550446239149966
2020-10-28,-0.0215558892254571
2020-10-29,0.009724104525469304
2020-10-30,0.01678953178414449
2020-11-02,0.010128466767923297
2020-11-03,0.0008843523053079227
2020-11-04,-0.00023924828377207795
2020-11-05,0.013142485349300619
2020-11-06,0.0003716018551510993
2020-11-09,-0.0068392390805686095
2020-11-10,-0.0028174236314405026
2020-11-11,0.007121539986824243
2020-11-12,0.0016809563975976097
2020-11-13,-0.004905473537336388
2020-11-16,-0.01012173122855984
2020-11-17,0.008582270772806294
2020-11-18,0.026415571200097934
2020-11-19,0.009969975762120022
2020-11-20,0.00023814233428855192
2020-11-23,-0.004591564908525339
2020-11-24,0.002636601508565581
2020-11-25,0.00728908039181133
2020-11-26,0.004896433601546121
2020-11-27,0.002545176293255857
2020-11-30,-0.026008827138027713
2020-12-01,-0.010770579413488553
2020-12-02,0.01160797816650915
2020-12-03,0.0037342195211340044
2020-12-04,-0.021997417951630526
2020-12-07,-0.0056471264715335315
2020-12-08,-0.0034497117140619904
2020-12-09,-0.005822503155680709
2020-12-10,-0.0015769705505349512
2020-12-11,0.0032695930166063442
2020-12-14,0.007642166975805387
2020-12-15,-0.005085078247628721
2020-12-16,0.0016682036562807889
2020-12-17,0.0013392335824393342
2020-12-18,-0.008964867568854062
2020-12-21,-0.009400483505235542
2020-12-22,0.008685155034418413
2020-12-23,-0.011339498095107148
2020-12-24,0.0057454301587309495
2020-12-25,0.004701289811584648
2020-12-28,0.008587869176176127
2020-12-29,0.00011330895234526808
2020-12-30,-0.011555044420035094
2020-12-31,0.003491601789741417
2021-01-04,-0.016272016837424297
2021-01-05,-0.012068805394577244
2021-01-06,0.004933844060526823
2021-01-07,-0.01584056635805754
2021-01-08,-0.0021638027448832205
2021-01-11,0.00812570241117544
2021-01-12,-0.01509931998395131
2021-01-13,-0.015322603635751407
2021-01-14,0.012995379477988518
2021-01-15,0.013297097257085659
2021-01-18,0.031647985651146356
2021-01-19,-0.005127191596451565
2021-01-20,-0.011517064918890683
2021-01-21,-0.013773201684244937
2021-01-22,-0.01397104790717109
2021-01-25,0.0071390018652495515
2021-01-26,0.019862413881453746
2021-01-27,-0.01537415952532618
2021-01-28,-0.0006831704652716444
2021-01-29,-0.013356335274780045
2021-02-01,-0.004815723036677886
2021-02-02,0.0033410952718858694
2021-02-03,-0.012931763253515898
2021-02-04,0.000580229461766077
2021-02-05,0.02212140106248374
2021-02-08,-0.008395807460820474
2021-02-09,-0.018337196833113457
2021-02-10,-0.006005081056288034
2021-02-18,0.02708815864023996
2021-02-19,-0.01892536318125066
2021-02-22,0.009155756065744503
2021-02-23,0.019113641780840244
2021-02-24,0.006442829848506918
2021-02-25,0.04104546823074909
2021-02-26,0.04230380115214025
2021-03-01,0.0009932152195642535
2021-03-02,0.015899675454035152
2021-03-03,-0.0023170262044598464
2021-03-04,-0.0003959626463449911
2021-03-05,-0.01817988220842327
2021-03-08,0.006973210848230105
2021-03-09,0.006956999936708046
2021-03-10,0.0003565436778714057
2021-03-11,-0.0021570749538177073
2021-03-12,-0.007324393988711472
2021-03-15,0.010313347895701222
2021-03-16,0.026720554514742496
2021-03-17,-0.0053673432481294945
2021-03-18,-0.0033238780265755774
2021-03-19,-0.01821101937347667
2021-03-22,0.0045337927828209
2021-03-23,0.006935895061757505
2021-03-24,0.005112589521111158
2021-03-25,-0.0006858707810984098
2021-03-26,-0.0060218562681228546
2021-03-29,0.007889235561214854
2021-03-30,0.0033655746891447357
2021-03-31,-0.03747924378125389
2021-04-01,-0.01345221500754228
2021-04-02,-0.00028619955239460575
2021-04-06,-0.012109909678233558
2021-04-07,0.0003367959293286808
2021-04-08,-0.006657716356597251
2021-04-09,-0.0027138832210413973
2021-04-12,-0.0048725846070191755
2021-04-13,-0.005941081078927893
2021-04-14,0.01090492906742139
2021-04-15,-0.0013214527421244637
2021-04-16,-0.002192336544192857
2021-04-19,0.0029784335592742224
2021-04-20,-0.007612354465051654
2021-04-21,-0.00557217888995442
2021-04-22,0.016711302046828753
2021-04-23,-0.028390733671016664
2021-04-26,-0.00178811373184928
2021-04-27,0.007399101270747102
2021-04-28,-0.013319754543901097
2021-04-29,-0.007273638634096396
2021-04-30,0.01851479584267532
2021-05-06,0.003370275589474737
2021-05-07,0.0039974568388612165
2021-05-10,-0.013935763918426084
2021-05-11,-0.007847347050265253
2021-05-12,-0.015221887601083475
2021-05-13,-0.00316923422197613
2021-05-14,-0.00592199291254427
2021-05-17,-0.003311987616444304
2021-05-18,0.0028765196859319043
2021-05-19,-0.012756667557981318
2021-05-20,0.02030990895570026
2021-05-21,-0.012998875108319092
2021-05-24,-0.016780495033536243
2021-05-25,0.008643740403817128
2021-05-26,0.009112925657228363
2021-05-27,-0.0011269719029281759
2021-05-28,-0.0023129856336219484
2021-05-31,0.001703288571740274
2021-06-01,0.0050358168648432875
2021-06-02,0.01213285736477853
2021-06-03,-0.01103735991790852
2021-06-04,-0.002592089049857818
2021-06-07,0.005001951693272971
2021-06-08,0.0007966226077680103
2021-06-09,-0.0026468959274863063
2021-06-10,-0.002772003248473265
2021-06-11,-0.01439996895571759
2021-06-15,0.003988893085928834
2021-06-16,0.011166145360203196
2021-06-17,0.007350900212732156
2021-06-18,-0.015011155344409274
2021-06-21,0.003308485162109423
2021-06-22,-0.0022393436193545446
2021-06-23,0.005268762855494262
2021-06-24,-0.010492011591565247
2021-06-25,-0.007088456655044149
2021-06-28,-0.0059316566660428584
2021-06-29,-0.001738904255128024
2021-06-30,0.005619474297484069
2021-07-01,0.031580823031398586
2021-07-02,-0.016457814571368717
2021-07-05,-0.004691764529044477
2021-07-06,0.011116331124195869
2021-07-07,-0.009797051157644466
2021-07-08,0.007767504762995583
2021-07-09,-0.0003462895297128765
2021-07-12,-0.0006407374868050708
2021-07-13,-0.006110765606451874
2021-07-14,-0.009752579962360952
2021-07-15,0.0024210644530494423
2021-07-16,0.019014169648710524
2021-07-19,-0.011730541701952066
2021-07-20,-0.009633058907830708
2021-07-21,-0.005599260860470188
2021-07-22,0.014249587463680827
2021-07-23,0.0024683464703116435
2021-07-26,-0.03007013059593526
2021-07-27,-0.014990047232668377
2021-07-28,0.01607791777119119
2021-07-29,0.006203562571256585
2021-07-30,0.0029006760521410185
2021-08-02,-0.004710974580116736
2021-08-03,5.1419921220159865e-05
2021-08-04,-0.014842143651797656
2021-08-05,0.012588774613437093
2021-08-06,0.009153365729910618
2021-08-09,0.03155871686901644
2021-08-10,-0.01821361855063689
2021-08-11,0.04189000267001457
2021-08-12,-0.00840745187729447
2021-08-13,0.016628110266196316
2021-08-16,-0.0011516621509374894
2021-08-17,0.012944105555651043
2021-08-18,0.015741785658900997
2021-08-19,-0.008689945907157432
2021-08-20,-0.0123255277600011
2021-08-23,0.0069453623762811695
2021-08-24,0.006426232603399609
2021-08-25,-0.029611191423330442
2021-08-26,-0.006498642182780387
2021-08-27,-0.005332283645896535
2021-08-30,-0.05999283878808846
2021-08-31,-0.012784500791766379
2021-09-01,0.009581877168038405
2021-09-02,0.0017433181260597432
2021-09-03,-0.014765995236494621
2021-09-06,-0.016162035055519292
2021-09-07,-0.00803179878501387
2021-09-08,-0.021355889710537077
2021-09-09,-0.017843804204442787
2021-09-10,0.00778485113336173
2021-09-13,0.019971496576594125
2021-09-14,-0.015502089205631238
2021-09-15,-0.014302132477699542
2021-09-16,-0.011516524853095574
2021-09-17,-0.0008541491044103391
2021-09-22,0.03561441490962846
2021-09-23,-0.003343027595650243
2021-09-24,-0.0005317286906989689
2021-09-27,-0.0005962348637336794
2021-09-28,0.038634150690484925
2021-09-29,0.012226359570307203
2021-09-30,0.006043526285246459
2021-10-08,-0.00935266529505685
2021-10-11,0.03985083987860551
2021-10-12,0.009905479915155294
2021-10-13,0.008942348603598051
2021-10-14,-0.023885856600998984
2021-10-15,-0.0028182965602737177
2021-10-18,-0.02729228657218485
2021-10-19,0.0014469921778063038
2021-10-20,-0.006733353205338296
2021-10-21,0.01968282967082114
2021-10-22,0.009091860356550165
2021-10-25,-0.012926163384923965
2021-10-26,-0.021750370197600587
2021-10-27,0.009137422384247697
2021-10-28,-0.021046977732927834
2021-10-29,-0.04519303532716287
2021-11-01,0.015327588841259808
2021-11-02,-0.003996564917981213
2021-11-03,0.011188180649563267
2021-11-04,0.009429625607023474
2021-11-05,0.0036682285129618943
2021-11-08,0.026631414354746953
2021-11-09,0.009357281457104157
2021-11-10,0.03283347681507225
2021-11-11,0.0470516336775688
2021-11-12,-0.024858702982991202
2021-11-15,-0.007071349038804088
2021-11-16,-0.005626618730839037
2021-11-17,0.016770314393461633
2021-11-18,0.0011644017661403307
2021-11-19,0.017068714224419315
2021-11-22,-0.02240865802047265
2021-11-23,-0.005521468876430529
2021-11-24,-0.0009764234352124534
2021-11-25,0.003623024001828689
2021-11-26,0.003397558526258561
2021-11-29,-0.01052290159838025
2021-11-30,0.00023753527957368764
2021-12-01,-0.0010559639430237598
2021-12-02,0.015188287813967381
2021-12-03,0.0012651719761558704
2021-12-06,0.000859615987094723
2021-12-07,-0.01325068558240336
2021-12-08,-0.003670656799672976
2021-12-09,0.0068906256900605235
2021-12-10,-0.001581174254287469
2021-12-13,-0.014487141055052777
2021-12-14,0.0005648615755044009
2021-12-15,1.775926956368995e-05
2021-12-16,-0.000849575673458558
2021-12-17,-0.016758298129298542
2021-12-20,-0.0050645113045606985
2021-12-21,-0.015782517706235358
2021-12-22,0.00823170565397981
2021-12-23,-0.0008460518986004809
2021-12-24,0.011088473746382811
2021-12-27,-0.006901575015255916
2021-12-28,0.012666561016547059
2021-12-29,-0.003260664596212156
2021-12-30,-0.011857984822817212
2021-12-31,0.02454261162139334
2022-01-04,0.02373095059232081
2022-01-05,0.021125981936614576
2022-01-06,-0.0007113343831716959
2022-01-07,0.004448580840504604
2022-01-10,8.014568248905507e-05
2022-01-11,0.0076578768233689625
2022-01-12,0.0010211414306539202
2022-01-13,-0.013276950797906912
2022-01-14,-0.008797661649935961
2022-01-17,0.006820345123464253
2022-01-18,0.011665220618017391
2022-01-19,0.007634923682725026
2022-01-20,-0.010800592838484217
2022-01-21,-0.008515591122597511
2022-01-24,-0.00509289496435753
2022-01-25,-0.011479610326291915
2022-01-26,-0.009330875601137184
2022-01-27,0.004564523780787286
2022-01-28,0.010242202183418044
2022-02-07,0.003130174790313342
2022-02-08,-0.017861274103864427
2022-02-09,-0.022750307212173963
2022-02-10,-0.0021773098769801817
2022-02-11,0.00039957015195960476
2022-02-14,-0.010003579842927435
2022-02-15,-0.009798163379700537
2022-02-16,0.0060471039288803215
2022-02-17,-0.0012481476608950381
2022-02-18,3.010789075780229e-05
2022-02-21,0.005803751566442607
2022-02-22,0.0044155816493069
2022-02-23,-0.002081102349229636
2022-02-24,0.004574300118013911
2022-02-25,-0.01424439500190029
2022-02-28,-0.011368551145454832
2022-03-01,0.00024866477783079023
2022-03-02,-0.007798637395546362
2022-03-03,-0.010892581944165047
2022-03-04,-0.029690413166490962
2022-03-07,-0.004208446330322781
2022-03-08,-0.01664314986706938
2022-03-09,-0.013831135144986718
2022-03-10,-0.030033662061989194
2022-03-11,-0.010663936745517603
2022-03-14,-0.011698125153252154
2022-03-15,-0.010398911846307132
2022-03-16,0.004350613158996708
2022-03-17,0.0376378736131886
2022-03-18,0.006431613345263362
2022-03-21,-0.037838491516522035
2022-03-22,0.007654524842541477
2022-03-23,-0.006304780357452185
2022-03-24,-0.01587989984092912
2022-03-25,-0.004443507062925133
2022-03-28,-0.01045077873200538
2022-03-29,-0.004414715955984062
2022-03-30,0.021931737401528262
2022-03-31,-0.003978302164802225
2022-04-01,0.043943673110706474
2022-04-06,0.00044365709922733823
2022-04-07,0.023609623453739306
2022-04-08,-0.008882736264593918
2022-04-11,0.013533078135563245
2022-04-12,-0.012555810855874053
2022-04-13,0.03447949652433848
2022-04-14,-0.01997499074386412
2022-04-15,0.008870335552715537
2022-04-18,0.007626125721503167
2022-04-19,0.008907322900699427
2022-04-20,-0.013830166785209722
2022-04-21,0.027884213422237576
2022-04-22,0.012969375844633481
2022-04-25,-0.0014954290666152753
2022-04-26,-0.007564612491508988
2022-04-27,-0.03027500115399853
2022-04-28,-0.012963539823683062
2022-04-29,0.005705373140234803
2022-05-05,0.014544098208522167
2022-05-06,0.017779103867633886
2022-05-09,-0.011019131897231417
2022-05-10,-0.0003346200474762893
2022-05-11,-0.002957587008895316
2022-05-12,-0.007112306397511224
2022-05-13,-0.008570590005985756
2022-05-16,0.0020336397697028486
2022-05-17,0.024763007869298248
2022-05-18,-0.0017239227632224116
2022-05-19,-0.0018484469604891016
2022-05-20,-0.011169423921133247
2022-05-23,-0.001222633598063308
2022-05-24,0.0071866976993764965
2022-05-25,-0.0020593372160186557
2022-05-26,0.0011133847884401034
2022-05-27,-0.011569971454595176
2022-05-30,-0.0038105995179708724
2022-05-31,-0.001593947584363346
2022-06-01,0.012659371974224821
2022-06-02,0.014332016603162408
2022-06-06,-0.018474697163730416
2022-06-07,-0.011418594390751963
2022-06-08,0.006953193474336358
2022-06-09,0.01128083890063463
2022-06-10,0.00839138945518708
2022-06-13,0.012974396915752626
2022-06-14,-0.007766325176999548
2022-06-15,0.0012986754936037612
2022-06-16,0.008441169424170888
2022-06-17,0.005616270999765714
2022-06-20,0.008547378105340089
2022-06-21,-0.01626298833274277
2022-06-22,0.008358430310163485
2022-06-23,0.007784378499182284
2022-06-24,-0.0021674273560294346
2022-06-27,0.003090697529102583
2022-06-28,-0.0041026188171266135
2022-06-29,0.030788126010771744
2022-06-30,0.03741312603206211
2022-07-01,0.0029611343822376346
2022-07-04,-0.0019653924975213486
2022-07-05,-0.0035525029807609507
2022-07-06,-0.0015495135734190438
2022-07-07,-0.011812364295775727
2022-07-08,0.001594056773781877
2022-07-11,0.002067753761798012
2022-07-12,-0.008688995754302471
2022-07-13,-0.010560391551250051
2022-07-14,0.0005005782276181411
2022-07-15,0.012294340745592117
2022-07-18,-0.011883376070273018
2022-07-19,0.0025478821691441375
2022-07-20,0.0009052213281946025
2022-07-21,-0.017399256660094474
2022-07-22,0.007182122249779123
2022-07-25,-0.0018213176816416349
2022-07-26,-0.00047547084504726
2022-07-27,0.0076483134181596635
2022-07-28,-0.004940282217000679
2022-07-29,-0.00019071247499555938
2022-08-01,-0.004279082848410307
2022-08-02,0.0038693293002251272
2022-08-03,-0.008467711381480482
2022-08-04,0.003977581508437862
2022-08-05,-0.004385195964751763
2022-08-08,-0.005019674456348508
2022-08-09,0.004686556501023954
2022-08-10,0.01151279314379985
2022-08-11,-0.010352263039879996
2022-08-12,-0.012413183314393055
2022-08-15,0.007573253227005873
2022-08-16,0.007538105462002287
2022-08-17,0.0036419550075950033
2022-08-18,0.021104121259633117
2022-08-19,-0.005812788458096588
2022-08-22,-0.006416217354168677
2022-08-23,0.003032667760244981
2022-08-24,-0.006528186302159088
2022-08-25,-0.012067770111702819
2022-08-26,0.006462700616751164
2022-08-29,-0.007993475007119909
2022-08-30,0.007443296810987109
2022-08-31,0.030934082813426828
2022-09-01,-0.003196414032415669
2022-09-02,0.019151637509515824
2022-09-05,0.005873020768916801
2022-09-06,0.017040880478405157
2022-09-07,-0.015853397019365414
2022-09-08,0.000560085107925986
2022-09-09,-0.009493845992464695
2022-09-13,0.029360164161523088
2022-09-14,-0.010135013625565256
2022-09-15,-0.00273298491449904
2022-09-16,0.017069170236144224
2022-09-19,0.007480778448859314
2022-09-20,-0.016301774538772622
2022-09-21,-0.011776552815990538
2022-09-22,0.019911320271454216
2022-09-23,-0.0022870527075263304
2022-09-26,0.014158496603453367
2022-09-27,0.007357740520623305
2022-09-28,0.008853435983923377
2022-09-29,0.009947968118994156
2022-09-30,0.017958396275828382
2022-10-10,-0.0002722784831352943
2022-10-11,-0.026203615701208167
2022-10-12,0.0014928298440417091
2022-10-13,0.006735025989750065
2022-10-14,0.003881667868405648
2022-10-17,-0.023708422769959138
2022-10-18,0.002606906436797625
2022-10-19,0.001776426348036219
2022-10-20,0.005878108002666737
2022-10-21,0.008674441968737592
2022-10-24,0.0031413628333757104
2022-10-25,0.011320863282953588
2022-10-26,-0.020423941961853924
2022-10-27,-0.027267173378889478
2022-10-28,-0.01020143103893209
2022-10-31,-0.02481208406366007
2022-11-01,0.00827592119457185
2022-11-02,-0.008889728560168989
2022-11-03,0.0023320246878615405
2022-11-04,-0.0024532057976999894
2022-11-07,0.0022538243563256684
2022-11-08,0.0013168397011026174
2022-11-09,0.010453175776095197
2022-11-10,-0.015597672974882133
2022-11-11,0.02417756133677809
2022-11-14,0.018977494174815843
2022-11-15,-0.013102114951199336
2022-11-16,-0.010797409342622535
2022-11-17,-0.003123846844139202
2022-11-18,-0.0023399247755718257
2022-11-21,0.011916617985773141
2022-11-22,-0.0005626278118223849
2022-11-23,-0.008255773770636816
2022-11-24,0.018349015539848194
2022-11-25,0.029890426963586125
2022-11-28,-0.01280600389293586
2022-11-29,0.018467353801112307
2022-11-30,-0.007698136849080267
2022-12-01,0.024084712846188544
2022-12-02,-0.003835260024796134
2022-12-05,0.007798459722417394
2022-12-06,0.020116134317631748
2022-12-07,-0.017038351485540323
2022-12-08,0.031138721139494795
2022-12-09,0.03059031751143282
2022-12-12,-0.011118235635628283
2022-12-13,-0.01088869970873399
2022-12-14,-0.0008947183563405656
2022-12-15,-0.009900502347951229
2022-12-16,-0.009590692746075078
2022-12-19,-0.0021593331565807963
2022-12-20,0.015966956152796877
2022-12-21,0.0006166305387842518
2022-12-22,-0.0074601830986331975
2022-12-23,0.0013017236084267177
2022-12-26,-0.0017194879602222858
2022-12-27,-0.0012510817390271288
2022-12-28,0.00043827318197925836
2022-12-29,0.005419740460161339
2022-12-30,0.0007036481227732172
2023-01-03,-0.0017658121327942845
2023-01-04,0.016147705270481674
2023-01-05,0.01258647635607816
2023-01-06,0.004342325491237463
2023-01-09,-0.015683709886660915
2023-01-10,0.005867148535875945
2023-01-11,0.00215820129836459
2023-01-12,-0.006496634238200837
2023-01-13,-0.001614971486880239
2023-01-16,-0.010250431230918133
2023-01-17,0.0060032640759419545
2023-01-18,-0.009729145177323517
2023-01-19,0.0005836809701564786
2023-01-20,-0.013529235562419315
2023-01-30,-0.01783930818871455
2023-01-31,0.002048170049748742
2023-02-01,7.09279730482671e-05
2023-02-02,0.0020129406257223415
2023-02-03,0.008306942410688786
2023-02-06,-0.020200218486329437
2023-02-07,0.007895921728010754
2023-02-08,0.0010379285978628552
2023-02-09,0.00591314304856649
2023-02-10,-0.004311060772745699
2023-02-13,-0.0009965217605986728
2023-02-14,0.0027362202955498833
2023-02-15,-0.0036772814028632854
2023-02-16,0.0004485203102519808
2023-02-17,-0.00557998404762991
2023-02-20,0.0011524213090206188
2023-02-21,-0.007155795650186375
2023-02-22,0.001725576453460215
2023-02-23,0.0015436796539839192
2023-02-24,-0.0013168684345174798
2023-02-27,-0.0019191752822855465
2023-02-28,-0.013386113893811037
2023-03-01,-0.009923664389153465
2023-03-02,-0.027262919051370123
2023-03-03,-0.007381529172018142
2023-03-06,-0.0009502193596729186
2023-03-07,-0.005419545360910433
2023-03-08,5.4777400757736235e-05
2023-03-09,0.007155134689594091
2023-03-10,0.003940045480928547
2023-03-13,-0.006228562994381131
2023-03-14,0.00067445949418426
2023-03-15,-0.005097699065813787
2023-03-16,0.002905929608558072
2023-03-17,-0.0018726538678837668
2023-03-20,-0.0038959440814345554
2023-03-21,0.004272885679049236
2023-03-22,-0.0003987774755354317
2023-03-23,-0.00864016462519233
2023-03-24,-0.007243519302926511
2023-03-27,0.00032541256586952894
2023-03-28,-0.0002880938977892931
2023-03-29,0.005502437915628688
2023-03-30,0.008822720970264274
2023-03-31,-0.022451604517768405
2023-04-03,-0.013232219114327627
2023-04-04,-0.021656820686700336
2023-04-06,0.0011592152092367216
2023-04-07,0.024670885770159703
2023-04-10,0.002565679644462816
2023-04-11,0.007488477531999351
2023-04-12,0.0027464021524414286
2023-04-13,-0.006289295518387287
2023-04-14,-0.0014735670290049688
2023-04-17,0.0008012605358849508
2023-04-18,-0.00039783036690578793
2023-04-19,-0.002165689654557691
2023-04-20,-4.754785866101577e-05
2023-04-21,0.00711327865329708
2023-04-24,-0.009593697057240912
2023-04-25,0.009301351113523766
2023-04-26,0.003734666100112324
2023-04-27,0.00817587701712898
2023-04-28,0.004762495975844494
2023-05-04,-0.016255764573591364
2023-05-05,0.011858298461590627
2023-05-08,-0.0003433323861555225
2023-05-09,-0.012222020420091104
2023-05-10,0.00015628405123584502
2023-05-11,-0.003499770912578236
2023-05-12,-0.002158526200486033
2023-05-15,-0.00621334559040621
2023-05-16,0.005275933580529923
2023-05-17,0.003153413746283645
2023-05-18,0.003033306549733838
2023-05-19,0.015868338568229903
2023-05-22,0.018010505475622548
2023-05-23,-0.000434016358263194
2023-05-24,0.005199765676823738
2023-05-25,0.011092697421084971
2023-05-26,0.0022019286895541028
2023-05-29,0.0029932723577842275
2023-05-30,0.011332808518357648
2023-05-31,0.0030136411729670236
2023-06-01,-0.01166657662535186
2023-06-02,-0.010438033838353192
2023-06-05,0.00013695343964944748
2023-06-06,-0.0021825183253277904
2023-06-07,0.006281289209533105
2023-06-08,-0.013740528428814076
2023-06-09,-0.006484628900735671
2023-06-12,-0.003961441920508346
2023-06-13,0.004534646051116701
2023-06-14,-0.005800936424122192
2023-06-15,-0.0016500908178660526
2023-06-16,-0.019029065738422342
2023-06-19,0.005568715991327182
2023-06-20,0.006056197550393848
2023-06-21,0.009785505365816209
2023-06-26,-0.0003590208426703413
2023-06-27,0.0052329326337925
2023-06-28,-0.004420899947633472
2023-06-29,0.010912962640083262
2023-06-30,-0.009522557066460052
2023-07-03,-0.0077206526566639365
2023-07-04,0.006077724944985631
2023-07-05,-0.004513761096540775
2023-07-06,-0.007470982088741768
2023-07-07,-0.0080641690834731
2023-07-10,-0.002836819106553542
2023-07-11,-0.00023220066821671558
2023-07-12,0.0016181927564777841
2023-07-13,-0.0027093942629035257
2023-07-14,-8.288882310969036e-06
2023-07-17,-0.0006117205162818563
2023-07-18,-0.005947038153404433
2023-07-19,-0.002120090887915392
2023-07-20,-0.011526623926390247
2023-07-21,-0.014706557710701954
2023-07-24,-0.006349833158145408
2023-07-25,0.014816028873896547
2023-07-26,-0.02999873756744007
2023-07-27,-0.004816814388117458
2023-07-28,-0.001638432027706159
2023-07-31,-0.027015358068420373
2023-08-01,-0.0024119323439601055
2023-08-02,-0.009987562396938373
2023-08-03,-0.0038202985237426046
2023-08-04,-0.0002015802441385859
2023-08-07,0.004693780030394813
2023-08-08,0.005392185890676155
2023-08-09,0.005680263171440246
2023-08-10,0.00022720198294537853
2023-08-11,-0.005899386199620521
2023-08-14,0.008142005657016307
2023-08-15,-0.004685055142318158
2023-08-16,-0.00543612993644579
2023-08-17,0.009130321479674798
2023-08-18,0.009661489407161144
2023-08-21,-0.0010072610141756907
2023-08-22,-0.0024490856824398
2023-08-23,0.003971302552110437
2023-08-24,0.00010910149608504664
2023-08-25,0.0064119990762119515
2023-08-28,-0.007985338912046391
2023-08-29,-0.0050708507746547934
2023-08-30,0.019333055881323356
2023-08-31,0.014182529478680567
2023-09-01,0.02866032754407931
2023-09-04,-0.01596817379433317
2023-09-05,0.01832427778708555
2023-09-06,0.006162708660483296
2023-09-07,-0.0028540998924271345
2023-09-08,0.01051814493550594
2023-09-11,-0.009779511052287047
2023-09-12,-0.001960579181452091
2023-09-13,-0.0042294780038475725
2023-09-14,-0.0027216189380136827
2023-09-15,-0.005402137073461532
2023-09-18,-0.0011892531597594586
2023-09-19,-0.002972702534500131
2023-09-20,-0.0037007670234953747
2023-09-21,0.000143265144333409
2023-09-22,0.004485699913294376
2023-09-25,0.004642844919842459
2023-09-26,0.002043067735506405
2023-09-27,0.0019099665942728353
2023-09-28,0.00719440536766295
2023-10-09,0.007119946064071844
2023-10-10,0.0050034515202085905
2023-10-11,-0.0007360692056594654
2023-10-12,-0.006916323338188698
2023-10-13,-0.00457265538943083
2023-10-16,-0.015144441833978731
2023-10-17,-0.02025363472311379
2023-10-18,-0.011541334063966143
2023-10-19,-0.006636075627219547
2023-10-20,0.0031979046873580816
2023-10-23,0.008176457801193814
2023-10-24,-0.005899904089695748
2023-10-25,0.004195220145985314
2023-10-26,0.0034759716031162787
2023-10-27,-0.01193512273484058
2023-10-30,0.0011113356461255929
2023-10-31,-0.027622390250653175
2023-11-01,0.012997805066195713
2023-11-02,-0.01075429033725528
2023-11-03,0.014315893798579872
2023-11-06,0.042478969158813065
2023-11-07,0.00395858393785334
2023-11-08,0.01148242111192119
2023-11-09,-0.017877906794023478
2023-11-10,0.011780417946828266
2023-11-13,-0.011597429124799904
2023-11-14,-0.004630259467457343
2023-11-15,0.012592023092687567
2023-11-16,0.002446118232254303
2023-11-17,-0.001498737227527745
2023-11-20,-0.002449253980764559
2023-11-21,0.002417638286723277
2023-11-22,-0.004095351074470392
2023-11-23,0.010012799384613857
2023-11-24,-0.004572791893091597
2023-11-27,0.00721737026595258
2023-11-28,0.009709604298532817
2023-11-29,0.00524929714823965
2023-11-30,-0.006197073288099707
2023-12-01,-0.0072075885589040056
2023-12-04,-0.003834083129348685
2023-12-05,-0.014265196657836855
2023-12-06,-0.00869851729649121
2023-12-07,-0.0028052113871236198
2023-12-08,-0.002685574349164034
2023-12-11,-0.005302465477356147
2023-12-12,0.011527684252666887
2023-12-13,-0.00316614846393367
2023-12-14,-0.010508573582567828
2023-12-15,-0.0015656982474104488
2023-12-18,0.001524800420186866
2023-12-19,-0.004552766450863607
2023-12-20,0.005680888996842149
2023-12-21,-0.003498428059805027
2023-12-22,-0.0014482497102307574
2023-12-25,-0.00033562569177349004
2023-12-26,-0.0028610963016005367
2023-12-27,0.002025544721936116
2023-12-28,0.0007052934973644509
2023-12-29,0.00868660258888271
2024-01-02,-0.006499275117633242
2024-01-03,-0.012161933246943311
2024-01-04,-0.0009123783169414819
2024-01-05,-0.0002092069426594288
2024-01-08,-0.0031548666156776366
2024-01-09,-0.001970276417962269
2024-01-10,-0.017422741476366837
2024-01-11,-0.004309999176728774
2024-01-12,-0.004843901588004349
2024-01-15,-0.002885678954192161
2024-01-16,-0.00842798234327307
2024-01-17,-0.003316143106078022
2024-01-18,-0.01163018015589901
2024-01-19,-0.003933761930390649
2024-01-22,-0.01457386838213445
2024-01-23,-0.008724500904341057
2024-01-24,-0.01367605468501576
2024-01-25,0.007990553771801828
2024-01-26,-0.00727289946218411
2024-01-29,-0.0040610510502138986
2024-01-30,0.00229467255939755
2024-01-31,0.002396740613195749
2024-02-01,-0.007256261173442925
2024-02-02,-0.003434119112225846
2024-02-05,-0.018852216203415605
2024-02-06,0.0027551198592097037
2024-02-07,-0.017953992889489224
2024-02-08,0.0418657242518226
2024-02-19,-0.019362388232833243
2024-02-20,0.008007451971492056
2024-02-21,0.011640437679737426
2024-02-22,-0.00427562007953803
2024-02-23,0.010151672290377462
2024-02-26,-0.0007746181377601621
2024-02-27,-0.011189615555438005
2024-02-28,-0.006866636550120115
2024-02-29,-0.0038526608199084857
2024-03-01,-0.01430378544782855
2024-03-04,-0.022658139749343373
2024-03-05,0.005155180642574042
2024-03-06,-0.006357217947173676
2024-03-07,-0.0019373238210729712
2024-03-08,-0.0035733809796289345
2024-03-11,0.008411058726437604
2024-03-12,0.02371568587968989
2024-03-13,-0.0007486072383336845
2024-03-14,-0.0019987867947739157
2024-03-15,-0.016303043069683165
2024-03-18,-0.005610077953657479
2024-03-19,-0.0004134479342423475
2024-03-20,0.0037503353132610252
2024-03-21,0.0011669909758600903
2024-03-22,0.002826813698243443
2024-03-25,-0.005082621717223977
2024-03-26,-0.011175403135832054
2024-03-27,-0.0031427397123428985
2024-03-28,0.004239911922917056
2024-03-29,-0.008238619851349115
2024-04-01,-0.022465864183573606
2024-04-02,-0.049569696061600596
2024-04-03,-0.023251202456011616
2024-04-08,-0.0018017010902347669
2024-04-09,-0.010261342923675119
2024-04-10,-0.025728398116947007
2024-04-11,-0.011340913596505704
2024-04-12,-0.015965546016338074
2024-04-15,-0.01151075478104785
2024-04-16,-0.0018672006665879821
2024-04-17,-0.01299644321199404
2024-04-18,-0.018305721612724
2024-04-19,-0.010446675630874869
2024-04-22,0.013264609389118828
2024-04-23,0.0004831873122274205
2024-04-24,0.008187822621868214
2024-04-25,-0.006012412775559353
2024-04-26,0.009432166642653922
2024-04-29,0.034157119451991985
2024-04-30,0.0038998354006314143
2024-05-06,-0.004047022393044438
2024-05-07,-0.004019317901510017
2024-05-08,-0.01137440309743143
2024-05-09,-0.010181542581479651
2024-05-10,-0.0027311876198305995
2024-05-13,-0.011711339252424255
2024-05-14,0.013571462739194348
2024-05-15,0.01942020716752752
2024-05-16,0.012289510922088617
2024-05-17,0.024357521263581344
2024-05-20,0.04045679494097561
2024-05-21,0.001528209351273303
2024-05-22,-0.004403210233859173
2024-05-23,0.04156565759257595
2024-05-24,-0.017883702197969656
2024-05-27,-0.00737346330252216
2024-05-28,-0.0037802900036862444
2024-05-29,-0.0009277978199192637
2024-05-30,-0.00814838929044939
2024-05-31,0.012504199806207449
2024-06-03,-0.008342950511072613
2024-06-04,0.00896895729998792
2024-06-05,-0.009328257990805534
2024-06-06,-0.0011360018249283038
2024-06-07,0.008045061392011558
2024-06-11,-0.0036947104466473236
2024-06-12,-0.014992306749544503
2024-06-13,0.0027921010335855284
2024-06-14,0.013617273755057016
2024-06-17,-0.021063040873672
2024-06-18,-0.013414114749775318
2024-06-19,0.001031607760973035
2024-06-20,0.002561848606017117
2024-06-21,0.0004774393818928217
2024-06-24,-0.0057504802914783645
2024-06-25,0.01036511178136041
2024-06-26,0.009551974025851305
2024-06-27,-0.00824328968725014
2024-06-28,0.005618167265396278
2024-07-01,0.007568167269784175
2024-07-02,-0.01849569869272353
2024-07-03,-0.018482163333350864
2024-07-04,0.0010913406927720373
2024-07-05,0.0008398668936364356
2024-07-08,-0.0033476124750183786
2024-07-09,0.0010789073816242344
2024-07-10,0.001986255574247706
2024-07-11,-0.006097821634071143
2024-07-12,-0.0045260026145355625
2024-07-15,-0.0017160316289201553
2024-07-16,-0.005472962969460881
2024-07-17,0.00480216575427498
2024-07-18,-0.0030521731581519378
2024-07-19,0.004404949283194695
2024-07-22,-0.0061079009138623516
2024-07-23,-0.005497291587702038
2024-07-24,-0.006990054750862645
2024-07-25,-0.0017306574102076543
2024-07-26,0.0130962076806332
2024-07-29,-0.01104642016840509
2024-07-30,-0.013822145004679036
2024-07-31,0.012534025568294346
2024-08-01,-0.00906335235299164
2024-08-02,-0.008550275829770686
2024-08-05,0.0021384743649357166
2024-08-06,-0.008025353218851488
2024-08-07,0.005493108586126963
2024-08-08,0.003338143472400388
2024-08-09,0.025311214554517764
2024-08-12,-0.00472648500696074
2024-08-13,-0.0019340077876569698
2024-08-14,0.005474069760661879
2024-08-15,-0.006534976716503625
2024-08-16,0.0036341980118949763
2024-08-19,0.003474517007632571
2024-08-20,-0.0024660968800147356
2024-08-21,-0.01435353327088404
2024-08-22,0.002174316865450922
2024-08-23,-0.004028930285246136
2024-08-26,0.0065094081953316705
2024-08-27,-0.0013235191464052581
2024-08-28,-0.0019640374981674657
2024-08-29,-0.0013557893020159665
2024-08-30,0.026322794325216226
2024-09-02,-0.014356950404622766
2024-09-03,-0.002183710790342259
2024-09-04,0.0031229333932279273
2024-09-05,-0.0009276586155367444
2024-09-06,-0.003834809796191557
2024-09-09,-0.011157080986173337
2024-09-10,0.002293598352307545
2024-09-11,-0.006882642230884315
2024-09-12,-0.0007190092219115833
2024-09-13,-0.006464313877582941
2024-09-18,0.007298059526933499
2024-09-19,0.012091833929405871
2024-09-20,0.0011985388927818579
2024-09-23,0.005538469795886357
2024-09-24,-0.010714974086926246
2024-09-25,-0.0013401827399854294
2024-09-26,-0.000850746247931522
2024-09-27,0.011132703482625905
2024-09-30,0.003667976241742768
2024-10-08,0.03021596941587286
2024-10-09,-0.01728096028000506
2024-10-10,0.002141623027257785
2024-10-11,0.013962097456228464
2024-10-14,-0.0008208798454347049
2024-10-15,0.010101909543965691
2024-10-16,0.04392325187501771
2024-10-17,-0.01743478484777236
2024-10-18,-0.012749257852316322
2024-10-21,-0.022770661861475666
2024-10-22,-0.00894392677344787
2024-10-23,0.0011393624034673581
2024-10-24,-0.013528490263487992
2024-10-25,-0.029684645794964708
2024-10-28,-0.009136618322968422
2024-10-29,-0.0012957976924057105
2024-10-30,-0.012483923923544256
2024-10-31,-0.035467554965363066
2024-11-01,-0.02102516085264382
2024-11-04,-0.003364959270024375
2024-11-05,-0.02444927348804503
2024-11-06,-0.01253304418142781
2024-11-07,-0.010610521870383374
2024-11-08,0.0006050253163598085
2024-11-11,-0.023768249251356458
2024-11-12,-0.0018393369265204199
2024-11-13,-0.00480703451361714
2024-11-14,0.027223802567152428
2024-11-15,0.009151954191831076
2024-11-18,-0.009003319614665037
2024-11-19,-0.003972648624021632
2024-11-20,-0.0038997949410651683
2024-11-21,-0.010879158519317254
2024-11-22,-0.006689073896090036
2024-11-25,0.0037883848731205174
2024-11-26,0.00012353264535183185
2024-11-27,-0.005676211988489575
2024-11-28,-0.006458735209173607
2024-11-29,0.010138009729578599
2024-12-02,-0.018862034511229756
2024-12-03,-0.0021420900247166603
2024-12-04,-0.0024225825769694995
2024-12-05,-0.012747254347930139
2024-12-06,-0.004007601355944943
2024-12-09,0.0036638172002248365
2024-12-10,0.014764403751726022
2024-12-11,-0.013993604129153528
2024-12-12,-0.006662747451570288
2024-12-13,0.007185653344833023
2024-12-16,-0.010638210915287525
2024-12-17,0.007277230528540856
2024-12-18,0.0014955013315415691
2024-12-19,-0.016479319992826674
2024-12-20,0.000611908269170772
2024-12-23,0.007938557111626506
2024-12-24,0.008469546231609466
2024-12-25,-0.017109258207110317
2024-12-26,0.0010553235704602974
2024-12-27,-0.002528864238958076
2024-12-30,-0.010528339154107044
2024-12-31,0.011142224590232057
2025-01-02,0.0071803405495117975
2025-01-03,0.013553807148411524
2025-01-06,0.006645337252103476
2025-01-07,0.005169383809992236
2025-01-08,0.0018651121519882644
2025-01-09,-0.0015228128191679454
2025-01-10,-0.00816902453188386
2025-01-13,-0.004596500344416051
2025-01-14,-0.0039061495894020873
2025-01-15,-7.705712186697848e-05
2025-01-16,0.002129281985662138
2025-01-17,-0.03531662528367815
2025-01-20,0.0388266424650361
2025-01-21,0.075628937274893
2025-01-22,-0.015360059290694825
2025-01-23,0.04633129854149416
2025-01-24,0.005647085196627212
2025-01-27,0.0021496648381183377
2025-02-05,-0.06919166383340078
2025-02-06,-0.012098834168777571
2025-02-07,0.025188593653360222
2025-02-10,-0.027759888752318468
2025-02-11,0.004419815465198429
2025-02-12,0.06133669063752028
2025-02-13,-0.01800698308476425
2025-02-14,-0.012379003022273145
2025-02-17,-0.030853825919147315
2025-02-18,0.011666393684778453
2025-02-19,0.0016010036200322167
2025-02-20,-0.0025863599762686873
2025-02-21,0.006014115927990093
2025-02-24,0.01130051563345064
2025-02-25,-0.006765416722976907
2025-02-26,-0.005382555343688679
2025-02-27,-9.829985727560688e-05
2025-02-28,0.01358023756352867
2025-03-03,0.004798347462631442
2025-03-04,-0.00799345451724063
2025-03-05,0.007294772583097034
2025-03-06,0.0035940222157695503
2025-03-07,-0.004911091607606468
2025-03-10,0.0013579253430969235
2025-03-11,-0.010217427731914829
2025-03-12,0.013787769012288668
2025-03-13,-0.00010207568222884641
2025-03-14,0.005029114817839558
2025-03-17,-0.0029469451317447656
2025-03-18,0.007378271497618261
2025-03-19,-0.0016858297406710148
2025-03-20,-0.0017201794467709966
2025-03-21,0.00012378816660271394
2025-03-24,0.0001835447622838722
2025-03-25,-0.0001487432818792142
2025-03-26,-0.005215037528206672
2025-03-27,-0.0003357371763031067
2025-03-28,0.001212435721081621
2025-03-31,0.017746647962654693
2025-04-01,0.007813613388395414
2025-04-02,0.003781046707637327
2025-04-03,-0.007423811022842841
2025-04-07,0.00692751241058176
2025-04-08,0.003004818781223346
2025-04-09,-0.014070804348739425
2025-04-10,0.00852363487541462
2025-04-11,-0.005435411830388032
2025-04-14,4.0039712880792985e-05
2025-04-15,0.01084980957022719
2025-04-16,-0.0019215950100325875
2025-04-17,0.006937645509678951
2025-04-18,-0.00045465625462454834
2025-04-21,-0.004662131074710467
2025-04-22,-0.011181047162353915
2025-04-23,0.01280127186967173
2025-04-24,0.0026992783065194776
2025-04-25,-0.0007365671221171081
2025-04-28,0.0028279482600734596
2025-04-29,-0.0017711655730780545
2025-04-30,-0.009444660760708736
2025-05-06,-0.010146001116177545
2025-05-07,0.00393925167763332
2025-05-08,0.0027511906753691674
2025-05-09,0.0068744109323384435
2025-05-12,0.0044792858066283235
2025-05-13,0.0040908546672664674
2025-05-14,-0.005744766967090829
2025-05-15,0.0020774541872255192
2025-05-16,0.0020199214740688008
2025-05-19,-0.016178976026620155
2025-05-20,0.002402792229644863
2025-05-21,0.002369520753454044
2025-05-22,-0.0012264751033551884
2025-05-23,0.009407553828860089
2025-05-26,-0.001869126124099424
2025-05-27,-0.002095887699381684
2025-05-28,0.018662463487208025
2025-05-29,-0.011908748215158436
2025-05-30,-0.007156274932122293
2025-06-03,-0.0023329932482227776
2025-06-04,-0.0031645552401911043
2025-06-05,0.006386457038019652
2025-06-06,-0.00682281836828217
2025-06-09,0.0020933674308287326
2025-06-10,0.00657965099944232
2025-06-11,-0.009428191251281503
2025-06-12,0.0008252829725304833
2025-06-13,0.007435138738713473
2025-06-16,0.00379247146758915
2025-06-17,-0.006076846597484752
2025-06-18,0.0025212984306383183
2025-06-19,-0.00413068596449323
2025-06-20,-0.003635957995355787
2025-06-23,-0.009672636584604266
2025-06-24,-0.0031855758142821187
2025-06-25,-0.009068853510181607
2025-06-26,-5.3246077826798674e-05
2025-06-27,0.003169858809509556
2025-06-30,0.0033636855792734542
2025-07-01,-0.0006952023229957992
2025-07-02,0.010731298522457628
2025-07-03,-0.0032123649428985215
2025-07-04,0.0005799348294300566
2025-07-07,0.0009328253503575936
2025-07-08,-0.013170433828636488
2025-07-09,-0.0038923162400392375
2025-07-10,-0.010673477939782045
2025-07-11,-0.008513660880157922
2025-07-14,0.007363079419942152
2025-07-15,-0.0007473740248858628
2025-07-16,0.00344353133123706
2025-07-17,-0.006171855173955441
2025-07-18,-0.008248370986775725
2025-07-21,-0.0041184660282714836
2025-07-22,0.0029143828730907855
2025-07-23,0.008204117156081877
2025-07-24,-0.021467244257264456
2025-07-25,-0.0022759493641531705
2025-07-28,0.004008190071472566
2025-07-29,-0.007777217699210897
2025-07-30,-0.0017933199620590416
2025-07-31,-0.0027020962646680177
2025-08-01,0.001566886688305574
2025-08-04,0.016124835091123817
2025-08-05,-0.0009479522067259594
2025-08-06,0.000561349319022947
2025-08-07,-0.0022443399370366424
2025-08-08,0.006141470474644202
2025-08-11,-0.008770117475179274
2025-08-12,-0.003676226462610975
2025-08-13,0.0009680673415656442
2025-08-14,0.00041939078562973353
2025-08-15,-0.0002903959687116271
2025-08-18,-0.00721668059965665
2025-08-19,-0.005871612346368044
2025-08-20,-0.007690574253420131
2025-08-21,-0.0003653450298723741
2025-08-22,-0.02196848093241561
2025-08-25,0.058668139453647836
2025-08-26,-0.01443845237745817
2025-08-27,-0.00456502265852364
2025-08-28,-0.015274184212451036
2025-08-29,0.01418593533933252
2025-09-01,-0.012052267237157754
2025-09-02,-0.009385760819583871
2025-09-03,-0.006253649480956136
2025-09-04,0.004288054433380791
2025-09-05,-0.006017606606906409
2025-09-08,0.016518932068672935
2025-09-09,0.0017478202165507814
2025-09-10,-0.006932906215671334
2025-09-11,-0.018163524292802036
2025-09-12,-0.004162885503180152
2025-09-15,-0.015221062811166329
2025-09-16,-0.007267261984893074
2025-09-17,-0.0006776699200345938
2025-09-18,-0.02260559897598085
2025-09-19,0.041557184024969024
2025-09-22,0.0029396589215066066
2025-09-23,-0.003995573171371076
2025-09-24,-0.017681660920883677
2025-09-25,-0.0031505823288604158
2025-09-26,-0.00011034868533883139
2025-09-29,-0.015980940130366786
2025-09-30,-0.012408891864971905
2025-10-09,-0.019618608039840068
2025-10-10,0.006527225373375033
2025-10-13,-0.03202956490823625
2025-10-14,-0.0058980073141343846
2025-10-15,-0.000561986612258065
2025-10-16,-0.010819597510663082
2025-10-17,0.003996148424771549
2025-10-20,-0.00038211200947149606
2025-10-21,-0.012382630224687177
2025-10-22,-0.015005914613967379
2025-10-23,0.0060898216908603
2025-10-24,0.017119929711231927
2025-10-27,-0.0009887438206333896
2025-10-28,-0.004502066412997131
2025-10-29,-0.0035100972485285833
2025-10-30,-0.0035446076762561535
2025-10-31,0.003960085273613812
2025-11-03,-7.218977376642621e-05
2025-11-04,-0.012231541609383957
2025-11-05,-0.0038132003995494093
2025-11-06,0.002635101845977407
2025-11-07,-0.004409051287301977
2025-11-10,-0.009513909724229393
2025-11-11,-0.00798794531988584
2025-11-12,0.012718481022896837
2025-11-13,-0.015317759677355297
2025-11-14,-0.00470446258270645
2025-11-17,-0.03193062327669335
2025-11-18,-0.0005602769706135845
2025-11-19,0.010987398705503481
2025-11-20,0.026775514894435273
2025-11-21,0.014006621230902759
2025-11-24,-0.0008950893716831009
2025-11-25,0.0025941116247650505
2025-11-26,-0.016213828554876686
2025-11-27,-0.060877498796127714
2025-11-28,-0.024772746203135847
2025-12-01,-0.03131791846283791
2025-12-02,-0.0036402585220912578
2025-12-03,-0.012355617767452105
2025-12-04,0.005150682494311873
2025-12-05,-0.004874200008433997
2025-12-08,-0.009568914961686461
2025-12-09,-0.0016182481564720984
2025-12-10,0.07441640356257193
2025-12-11,0.004105182945864094
2025-12-12,-0.00044755316936019064
2025-12-15,-0.01789645661767889
2025-12-16,0.030311295349122188
2025-12-17,0.010453028242646784
2025-12-18,-0.017640461161246217
2025-12-19,-0.02065932575286641
2025-12-22,0.006314102040539576
2025-12-23,-0.002434770239989309
2025-12-24,-0.014937009587636486
2025-12-25,-0.0034057609049519474
2025-12-26,-0.01914154185966449
2025-12-29,0.0004007348685168919
2025-12-30,-0.0010898050420227734
2025-12-31,-0.007828724545257758
2026-01-05,0.011985549512842407
2026-01-06,-0.016727677608040427
2026-01-07,-0.017894362068830008
2026-01-08,-0.0032500463956080805
2026-01-09,0.001032895128620103
2026-01-12,-0.044437667450578366
2026-01-13,0.020381142785473014
2026-01-14,-0.018997824403905437
2026-01-15,0.06073351642389228
2026-01-16,0.008673290661529588
2026-01-19,0.002870056378534754
2026-01-20,-0.0030479235749136004
2026-01-21,0.0560817721906723
2026-01-22,-0.021532418791804633
2026-01-23,-0.03088961611016447
2026-01-26,0.0017223864316164121
2026-01-27,0.0006477188239219448
2026-01-28,0.014346517265771956
2026-01-29,0.007128171101861452
2026-01-30,0.0024623649589629454
2026-02-02,-0.0022032483160147193
2026-02-03,-0.022713725395600383
2026-02-04,0.004946751154441403
2026-02-05,0.004031285838736246
2026-02-06,0.00015783412752285245
2026-02-09,0.0017439008252066526
2026-02-10,-0.00282457604917157
2026-02-11,0.00922863403610101
2026-02-12,0.019050041611093964
2026-02-13,0.01673080466222912
2026-02-24,-0.012611430112758514
2026-02-25,-0.004461382600873132
2026-02-26,0.005971954747989533
2026-02-27,-0.0015274058033863166
2026-03-02,0.013018464051157592
2026-03-03,0.010593899607241532
2026-03-04,-0.0027708113000544966
2026-03-05,0.014903921221200503
2026-03-06,-0.004277862239730798
2026-03-09,-0.016405958308795397
2026-03-10,0.006401355100678623
2026-03-11,-0.009129242839064551
2026-03-12,-0.011481991559661175
2026-03-13,0.0076636307559677635
2026-03-16,-0.013307341387827614
2026-03-17,-0.0017437355065493786
2026-03-18,0.012166535574022124
2026-03-19,-0.017741719630795474
2026-03-20,-0.014025938557645605
2026-03-23,-0.03915541801179622
2026-03-24,-0.00646957770867421
2026-03-25,-0.0032407177078534154
2026-03-26,0.007252054190822251
2026-03-27,-0.006831988199992943
2026-03-30,-0.0003609116225586715
2026-03-31,0.01093922277092393
2026-04-01,0.014887307083951844
2026-04-02,0.002009412258950398
2026-04-03,0.004363768016853974
2026-04-07,-0.01389690333249707
2026-04-08,0.006263752210487136
2026-04-09,0.004121908156302596
2026-04-10,-0.004436374729621738
