order_book_id,product_name,symbol,contract_multiplier,listed_date,maturity_date,de_listed_date,strike_price,option_type,exercise_type,round_lot,type,underlying_order_book_id,underlying_symbol,exchange,market_tplus,trading_hours,trading_code
10002117,510300C2001M03600,300ETF购1月3600,10000,2019-12-23,2020-01-22,2020-01-22,3.6,C,E,1,Option,510300.XSHG,510300.XSHG,XSHG,0,"09:31-11:30,13:01-15:00",10002117
10002118,510300C2001M03700,300ETF购1月3700,10000,2019-12-23,2020-01-22,2020-01-22,3.7,C,E,1,Option,510300.XSHG,510300.XSHG,XSHG,0,"09:31-11:30,13:01-15:00",10002118
10002119,510300C2001M03800,300ETF购1月3800,10000,2019-12-23,2020-01-22,2020-01-22,3.8,C,E,1,Option,510300.XSHG,510300.XSHG,XSHG,0,"09:31-11:30,13:01-15:00",10002119
10002120,510300C2001M03900,300ETF购1月3900,10000,2019-12-23,2020-01-22,2020-01-22,3.9,C,E,1,Option,510300.XSHG,510300.XSHG,XSHG,0,"09:31-11:30,13:01-15:00",10002120
10002121,510300C2001M04000,300ETF购1月4000,10000,2019-12-23,2020-01-22,2020-01-22,4.0,C,E,1,Option,510300.XSHG,510300.XSHG,XSHG,0,"09:31-11:30,13:01-15:00",10002121
10002122,510300C2001M04100,300ETF购1月4100,10000,2019-12-23,2020-01-22,2020-01-22,4.1,C,E,1,Option,510300.XSHG,510300.XSHG,XSHG,0,"09:31-11:30,13:01-15:00",10002122
10002123,510300C2001M04200,300ETF购1月4200,10000,2019-12-23,2020-01-22,2020-01-22,4.2,C,E,1,Option,510300.XSHG,510300.XSHG,XSHG,0,"09:31-11:30,13:01-15:00",10002123
10002124,510300C2001M04300,300ETF购1月4300,10000,2019-12-23,2020-01-22,2020-01-22,4.3,C,E,1,Option,510300.XSHG,510300.XSHG,XSHG,0,"09:31-11:30,13:01-15:00",10002124
10002125,510300C2001M04400,300ETF购1月4400,10000,2019-12-23,2020-01-22,2020-01-22,4.4,C,E,1,Option,510300.XSHG,510300.XSHG,XSHG,0,"09:31-11:30,13:01-15:00",10002125
10002126,510300P2001M03600,300ETF沽1月3600,10000,2019-12-23,2020-01-22,2020-01-22,3.6,P,E,1,Option,510300.XSHG,510300.XSHG,XSHG,0,"09:31-11:30,13:01-15:00",10002126
10002127,510300P2001M03700,300ETF沽1月3700,10000,2019-12-23,2020-01-22,2020-01-22,3.7,P,E,1,Option,510300.XSHG,510300.XSHG,XSHG,0,"09:31-11:30,13:01-15:00",10002127
10002128,510300P2001M03800,300ETF沽1月3800,10000,2019-12-23,2020-01-22,2020-01-22,3.8,P,E,1,Option,510300.XSHG,510300.XSHG,XSHG,0,"09:31-11:30,13:01-15:00",10002128
10002129,510300P2001M03900,300ETF沽1月3900,10000,2019-12-23,2020-01-22,2020-01-22,3.9,P,E,1,Option,510300.XSHG,510300.XSHG,XSHG,0,"09:31-11:30,13:01-15:00",10002129
10002130,510300P2001M04000,300ETF沽1月4000,10000,2019-12-23,2020-01-22,2020-01-22,4.0,P,E,1,Option,510300.XSHG,510300.XSHG,XSHG,0,"09:31-11:30,13:01-15:00",10002130
10002131,510300P2001M04100,300ETF沽1月4100,10000,2019-12-23,2020-01-22,2020-01-22,4.1,P,E,1,Option,510300.XSHG,510300.XSHG,XSHG,0,"09:31-11:30,13:01-15:00",10002131
10002132,510300P2001M04200,300ETF沽1月4200,10000,2019-12-23,2020-01-22,2020-01-22,4.2,P,E,1,Option,510300.XSHG,510300.XSHG,XSHG,0,"09:31-11:30,13:01-15:00",10002132
10002133,510300P2001M04300,300ETF沽1月4300,10000,2019-12-23,2020-01-22,2020-01-22,4.3,P,E,1,Option,510300.XSHG,510300.XSHG,XSHG,0,"09:31-11:30,13:01-15:00",10002133
10002134,510300P2001M04400,300ETF沽1月4400,10000,2019-12-23,2020-01-22,2020-01-22,4.4,P,E,1,Option,510300.XSHG,510300.XSHG,XSHG,0,"09:31-11:30,13:01-15:00",10002134
10002135,510300C2002M03600,300ETF购2月3600,10000,2019-12-23,2020-02-26,2020-02-26,3.6,C,E,1,Option,510300.XSHG,510300.XSHG,XSHG,0,"09:31-11:30,13:01-15:00",10002135
10002136,510300C2002M03700,300ETF购2月3700,10000,2019-12-23,2020-02-26,2020-02-26,3.7,C,E,1,Option,510300.XSHG,510300.XSHG,XSHG,0,"09:31-11:30,13:01-15:00",10002136
10002137,510300C2002M03800,300ETF购2月3800,10000,2019-12-23,2020-02-26,2020-02-26,3.8,C,E,1,Option,510300.XSHG,510300.XSHG,XSHG,0,"09:31-11:30,13:01-15:00",10002137
10002138,510300C2002M03900,300ETF购2月3900,10000,2019-12-23,2020-02-26,2020-02-26,3.9,C,E,1,Option,510300.XSHG,510300.XSHG,XSHG,0,"09:31-11:30,13:01-15:00",10002138
10002139,510300C2002M04000,300ETF购2月4000,10000,2019-12-23,2020-02-26,2020-02-26,4.0,C,E,1,Option,510300.XSHG,510300.XSHG,XSHG,0,"09:31-11:30,13:01-15:00",10002139
10002140,510300C2002M04100,300ETF购2月4100,10000,2019-12-23,2020-02-26,2020-02-26,4.1,C,E,1,Option,510300.XSHG,510300.XSHG,XSHG,0,"09:31-11:30,13:01-15:00",10002140
10002141,510300C2002M04200,300ETF购2月4200,10000,2019-12-23,2020-02-26,2020-02-26,4.2,C,E,1,Option,510300.XSHG,510300.XSHG,XSHG,0,"09:31-11:30,13:01-15:00",10002141
10002142,510300C2002M04300,300ETF购2月4300,10000,2019-12-23,2020-02-26,2020-02-26,4.3,C,E,1,Option,510300.XSHG,510300.XSHG,XSHG,0,"09:31-11:30,13:01-15:00",10002142
10002143,510300C2002M04400,300ETF购2月4400,10000,2019-12-23,2020-02-26,2020-02-26,4.4,C,E,1,Option,510300.XSHG,510300.XSHG,XSHG,0,"09:31-11:30,13:01-15:00",10002143
10002144,510300P2002M03600,300ETF沽2月3600,10000,2019-12-23,2020-02-26,2020-02-26,3.6,P,E,1,Option,510300.XSHG,510300.XSHG,XSHG,0,"09:31-11:30,13:01-15:00",10002144
10002145,510300P2002M03700,300ETF沽2月3700,10000,2019-12-23,2020-02-26,2020-02-26,3.7,P,E,1,Option,510300.XSHG,510300.XSHG,XSHG,0,"09:31-11:30,13:01-15:00",10002145
10002146,510300P2002M03800,300ETF沽2月3800,10000,2019-12-23,2020-02-26,2020-02-26,3.8,P,E,1,Option,510300.XSHG,510300.XSHG,XSHG,0,"09:31-11:30,13:01-15:00",10002146
10002147,510300P2002M03900,300ETF沽2月3900,10000,2019-12-23,2020-02-26,2020-02-26,3.9,P,E,1,Option,510300.XSHG,510300.XSHG,XSHG,0,"09:31-11:30,13:01-15:00",10002147
10002148,510300P2002M04000,300ETF沽2月4000,10000,2019-12-23,2020-02-26,2020-02-26,4.0,P,E,1,Option,510300.XSHG,510300.XSHG,XSHG,0,"09:31-11:30,13:01-15:00",10002148
10002149,510300P2002M04100,300ETF沽2月4100,10000,2019-12-23,2020-02-26,2020-02-26,4.1,P,E,1,Option,510300.XSHG,510300.XSHG,XSHG,0,"09:31-11:30,13:01-15:00",10002149
10002150,510300P2002M04200,300ETF沽2月4200,10000,2019-12-23,2020-02-26,2020-02-26,4.2,P,E,1,Option,510300.XSHG,510300.XSHG,XSHG,0,"09:31-11:30,13:01-15:00",10002150
10002151,510300P2002M04300,300ETF沽2月4300,10000,2019-12-23,2020-02-26,2020-02-26,4.3,P,E,1,Option,510300.XSHG,510300.XSHG,XSHG,0,"09:31-11:30,13:01-15:00",10002151
10002152,510300P2002M04400,300ETF沽2月4400,10000,2019-12-23,2020-02-26,2020-02-26,4.4,P,E,1,Option,510300.XSHG,510300.XSHG,XSHG,0,"09:31-11:30,13:01-15:00",10002152
10002153,510300C2003M03600,300ETF购3月3600,10000,2019-12-23,2020-03-25,2020-03-25,3.6,C,E,1,Option,510300.XSHG,510300.XSHG,XSHG,0,"09:31-11:30,13:01-15:00",10002153
10002154,510300C2003M03700,300ETF购3月3700,10000,2019-12-23,2020-03-25,2020-03-25,3.7,C,E,1,Option,510300.XSHG,510300.XSHG,XSHG,0,"09:31-11:30,13:01-15:00",10002154
10002155,510300C2003M03800,300ETF购3月3800,10000,2019-12-23,2020-03-25,2020-03-25,3.8,C,E,1,Option,510300.XSHG,510300.XSHG,XSHG,0,"09:31-11:30,13:01-15:00",10002155
10002156,510300C2003M03900,300ETF购3月3900,10000,2019-12-23,2020-03-25,2020-03-25,3.9,C,E,1,Option,510300.XSHG,510300.XSHG,XSHG,0,"09:31-11:30,13:01-15:00",10002156
10002157,510300C2003M04000,300ETF购3月4000,10000,2019-12-23,2020-03-25,2020-03-25,4.0,C,E,1,Option,510300.XSHG,510300.XSHG,XSHG,0,"09:31-11:30,13:01-15:00",10002157
10002158,510300C2003M04100,300ETF购3月4100,10000,2019-12-23,2020-03-25,2020-03-25,4.1,C,E,1,Option,510300.XSHG,510300.XSHG,XSHG,0,"09:31-11:30,13:01-15:00",10002158
10002159,510300C2003M04200,300ETF购3月4200,10000,2019-12-23,2020-03-25,2020-03-25,4.2,C,E,1,Option,510300.XSHG,510300.XSHG,XSHG,0,"09:31-11:30,13:01-15:00",10002159
10002160,510300C2003M04300,300ETF购3月4300,10000,2019-12-23,2020-03-25,2020-03-25,4.3,C,E,1,Option,510300.XSHG,510300.XSHG,XSHG,0,"09:31-11:30,13:01-15:00",10002160
10002161,510300C2003M04400,300ETF购3月4400,10000,2019-12-23,2020-03-25,2020-03-25,4.4,C,E,1,Option,510300.XSHG,510300.XSHG,XSHG,0,"09:31-11:30,13:01-15:00",10002161
10002162,510300P2003M03600,300ETF沽3月3600,10000,2019-12-23,2020-03-25,2020-03-25,3.6,P,E,1,Option,510300.XSHG,510300.XSHG,XSHG,0,"09:31-11:30,13:01-15:00",10002162
10002163,510300P2003M03700,300ETF沽3月3700,10000,2019-12-23,2020-03-25,2020-03-25,3.7,P,E,1,Option,510300.XSHG,510300.XSHG,XSHG,0,"09:31-11:30,13:01-15:00",10002163
10002164,510300P2003M03800,300ETF沽3月3800,10000,2019-12-23,2020-03-25,2020-03-25,3.8,P,E,1,Option,510300.XSHG,510300.XSHG,XSHG,0,"09:31-11:30,13:01-15:00",10002164
10002165,510300P2003M03900,300ETF沽3月3900,10000,2019-12-23,2020-03-25,2020-03-25,3.9,P,E,1,Option,510300.XSHG,510300.XSHG,XSHG,0,"09:31-11:30,13:01-15:00",10002165
10002166,510300P2003M04000,300ETF沽3月4000,10000,2019-12-23,2020-03-25,2020-03-25,4.0,P,E,1,Option,510300.XSHG,510300.XSHG,XSHG,0,"09:31-11:30,13:01-15:00",10002166
10002167,510300P2003M04100,300ETF沽3月4100,10000,2019-12-23,2020-03-25,2020-03-25,4.1,P,E,1,Option,510300.XSHG,510300.XSHG,XSHG,0,"09:31-11:30,13:01-15:00",10002167
10002168,510300P2003M04200,300ETF沽3月4200,10000,2019-12-23,2020-03-25,2020-03-25,4.2,P,E,1,Option,510300.XSHG,510300.XSHG,XSHG,0,"09:31-11:30,13:01-15:00",10002168
10002169,510300P2003M04300,300ETF沽3月4300,10000,2019-12-23,2020-03-25,2020-03-25,4.3,P,E,1,Option,510300.XSHG,510300.XSHG,XSHG,0,"09:31-11:30,13:01-15:00",10002169
10002170,510300P2003M04400,300ETF沽3月4400,10000,2019-12-23,2020-03-25,2020-03-25,4.4,P,E,1,Option,510300.XSHG,510300.XSHG,XSHG,0,"09:31-11:30,13:01-15:00",10002170
10002171,510300C2006M03600,300ETF购6月3600,10000,2019-12-23,2020-06-24,2020-06-24,3.6,C,E,1,Option,510300.XSHG,510300.XSHG,XSHG,0,"09:31-11:30,13:01-15:00",10002171
10002172,510300C2006M03700,300ETF购6月3700,10000,2019-12-23,2020-06-24,2020-06-24,3.7,C,E,1,Option,510300.XSHG,510300.XSHG,XSHG,0,"09:31-11:30,13:01-15:00",10002172
10002173,510300C2006M03800,300ETF购6月3800,10000,2019-12-23,2020-06-24,2020-06-24,3.8,C,E,1,Option,510300.XSHG,510300.XSHG,XSHG,0,"09:31-11:30,13:01-15:00",10002173
10002174,510300C2006M03900,300ETF购6月3900,10000,2019-12-23,2020-06-24,2020-06-24,3.9,C,E,1,Option,510300.XSHG,510300.XSHG,XSHG,0,"09:31-11:30,13:01-15:00",10002174
10002175,510300C2006M04000,300ETF购6月4000,10000,2019-12-23,2020-06-24,2020-06-24,4.0,C,E,1,Option,510300.XSHG,510300.XSHG,XSHG,0,"09:31-11:30,13:01-15:00",10002175
10002176,510300C2006M04100,300ETF购6月4100,10000,2019-12-23,2020-06-24,2020-06-24,4.1,C,E,1,Option,510300.XSHG,510300.XSHG,XSHG,0,"09:31-11:30,13:01-15:00",10002176
10002177,510300C2006M04200,300ETF购6月4200,10000,2019-12-23,2020-06-24,2020-06-24,4.2,C,E,1,Option,510300.XSHG,510300.XSHG,XSHG,0,"09:31-11:30,13:01-15:00",10002177
10002178,510300C2006M04300,300ETF购6月4300,10000,2019-12-23,2020-06-24,2020-06-24,4.3,C,E,1,Option,510300.XSHG,510300.XSHG,XSHG,0,"09:31-11:30,13:01-15:00",10002178
10002179,510300C2006M04400,300ETF购6月4400,10000,2019-12-23,2020-06-24,2020-06-24,4.4,C,E,1,Option,510300.XSHG,510300.XSHG,XSHG,0,"09:31-11:30,13:01-15:00",10002179
10002180,510300P2006M03600,300ETF沽6月3600,10000,2019-12-23,2020-06-24,2020-06-24,3.6,P,E,1,Option,510300.XSHG,510300.XSHG,XSHG,0,"09:31-11:30,13:01-15:00",10002180
10002181,510300P2006M03700,300ETF沽6月3700,10000,2019-12-23,2020-06-24,2020-06-24,3.7,P,E,1,Option,510300.XSHG,510300.XSHG,XSHG,0,"09:31-11:30,13:01-15:00",10002181
10002182,510300P2006M03800,300ETF沽6月3800,10000,2019-12-23,2020-06-24,2020-06-24,3.8,P,E,1,Option,510300.XSHG,510300.XSHG,XSHG,0,"09:31-11:30,13:01-15:00",10002182
10002183,510300P2006M03900,300ETF沽6月3900,10000,2019-12-23,2020-06-24,2020-06-24,3.9,P,E,1,Option,510300.XSHG,510300.XSHG,XSHG,0,"09:31-11:30,13:01-15:00",10002183
10002184,510300P2006M04000,300ETF沽6月4000,10000,2019-12-23,2020-06-24,2020-06-24,4.0,P,E,1,Option,510300.XSHG,510300.XSHG,XSHG,0,"09:31-11:30,13:01-15:00",10002184
10002185,510300P2006M04100,300ETF沽6月4100,10000,2019-12-23,2020-06-24,2020-06-24,4.1,P,E,1,Option,510300.XSHG,510300.XSHG,XSHG,0,"09:31-11:30,13:01-15:00",10002185
10002186,510300P2006M04200,300ETF沽6月4200,10000,2019-12-23,2020-06-24,2020-06-24,4.2,P,E,1,Option,510300.XSHG,510300.XSHG,XSHG,0,"09:31-11:30,13:01-15:00",10002186
10002187,510300P2006M04300,300ETF沽6月4300,10000,2019-12-23,2020-06-24,2020-06-24,4.3,P,E,1,Option,510300.XSHG,510300.XSHG,XSHG,0,"09:31-11:30,13:01-15:00",10002187
10002188,510300P2006M04400,300ETF沽6月4400,10000,2019-12-23,2020-06-24,2020-06-24,4.4,P,E,1,Option,510300.XSHG,510300.XSHG,XSHG,0,"09:31-11:30,13:01-15:00",10002188
10002215,510300C2001M04500,300ETF购1月4500,10000,2019-12-31,2020-01-22,2020-01-22,4.5,C,E,1,Option,510300.XSHG,510300.XSHG,XSHG,0,"09:31-11:30,13:01-15:00",10002215
10002216,510300P2001M04500,300ETF沽1月4500,10000,2019-12-31,2020-01-22,2020-01-22,4.5,P,E,1,Option,510300.XSHG,510300.XSHG,XSHG,0,"09:31-11:30,13:01-15:00",10002216
10002217,510300C2002M04500,300ETF购2月4500,10000,2019-12-31,2020-02-26,2020-02-26,4.5,C,E,1,Option,510300.XSHG,510300.XSHG,XSHG,0,"09:31-11:30,13:01-15:00",10002217
10002218,510300P2002M04500,300ETF沽2月4500,10000,2019-12-31,2020-02-26,2020-02-26,4.5,P,E,1,Option,510300.XSHG,510300.XSHG,XSHG,0,"09:31-11:30,13:01-15:00",10002218
10002219,510300C2003M04500,300ETF购3月4500,10000,2019-12-31,2020-03-25,2020-03-25,4.5,C,E,1,Option,510300.XSHG,510300.XSHG,XSHG,0,"09:31-11:30,13:01-15:00",10002219
10002220,510300P2003M04500,300ETF沽3月4500,10000,2019-12-31,2020-03-25,2020-03-25,4.5,P,E,1,Option,510300.XSHG,510300.XSHG,XSHG,0,"09:31-11:30,13:01-15:00",10002220
10002221,510300C2006M04500,300ETF购6月4500,10000,2019-12-31,2020-06-24,2020-06-24,4.5,C,E,1,Option,510300.XSHG,510300.XSHG,XSHG,0,"09:31-11:30,13:01-15:00",10002221
10002222,510300P2006M04500,300ETF沽6月4500,10000,2019-12-31,2020-06-24,2020-06-24,4.5,P,E,1,Option,510300.XSHG,510300.XSHG,XSHG,0,"09:31-11:30,13:01-15:00",10002222
10002223,510300C2001M04600,300ETF购1月4600,10000,2020-01-08,2020-01-22,2020-01-22,4.6,C,E,1,Option,510300.XSHG,510300.XSHG,XSHG,0,"09:31-11:30,13:01-15:00",10002223
10002224,510300P2001M04600,300ETF沽1月4600,10000,2020-01-08,2020-01-22,2020-01-22,4.6,P,E,1,Option,510300.XSHG,510300.XSHG,XSHG,0,"09:31-11:30,13:01-15:00",10002224
10002225,510300C2002M04600,300ETF购2月4600,10000,2020-01-08,2020-02-26,2020-02-26,4.6,C,E,1,Option,510300.XSHG,510300.XSHG,XSHG,0,"09:31-11:30,13:01-15:00",10002225
10002226,510300P2002M04600,300ETF沽2月4600,10000,2020-01-08,2020-02-26,2020-02-26,4.6,P,E,1,Option,510300.XSHG,510300.XSHG,XSHG,0,"09:31-11:30,13:01-15:00",10002226
10002227,510300C2003M04600,300ETF购3月4600,10000,2020-01-08,2020-03-25,2020-03-25,4.6,C,E,1,Option,510300.XSHG,510300.XSHG,XSHG,0,"09:31-11:30,13:01-15:00",10002227
10002228,510300P2003M04600,300ETF沽3月4600,10000,2020-01-08,2020-03-25,2020-03-25,4.6,P,E,1,Option,510300.XSHG,510300.XSHG,XSHG,0,"09:31-11:30,13:01-15:00",10002228
10002229,510300C2006M04600,300ETF购6月4600,10000,2020-01-08,2020-06-24,2020-06-24,4.6,C,E,1,Option,510300.XSHG,510300.XSHG,XSHG,0,"09:31-11:30,13:01-15:00",10002229
10002230,510300P2006M04600,300ETF沽6月4600,10000,2020-01-08,2020-06-24,2020-06-24,4.6,P,E,1,Option,510300.XSHG,510300.XSHG,XSHG,0,"09:31-11:30,13:01-15:00",10002230
10002249,510300C2009M03700,300ETF购9月3700,10000,2020-01-23,2020-09-23,2020-09-23,3.7,C,E,1,Option,510300.XSHG,510300.XSHG,XSHG,0,"09:31-11:30,13:01-15:00",10002249
10002250,510300C2009M03800,300ETF购9月3800,10000,2020-01-23,2020-09-23,2020-09-23,3.8,C,E,1,Option,510300.XSHG,510300.XSHG,XSHG,0,"09:31-11:30,13:01-15:00",10002250
10002251,510300C2009M03900,300ETF购9月3900,10000,2020-01-23,2020-09-23,2020-09-23,3.9,C,E,1,Option,510300.XSHG,510300.XSHG,XSHG,0,"09:31-11:30,13:01-15:00",10002251
10002252,510300C2009M04000,300ETF购9月4000,10000,2020-01-23,2020-09-23,2020-09-23,4.0,C,E,1,Option,510300.XSHG,510300.XSHG,XSHG,0,"09:31-11:30,13:01-15:00",10002252
10002253,510300C2009M04100,300ETF购9月4100,10000,2020-01-23,2020-09-23,2020-09-23,4.1,C,E,1,Option,510300.XSHG,510300.XSHG,XSHG,0,"09:31-11:30,13:01-15:00",10002253
10002254,510300C2009M04200,300ETF购9月4200,10000,2020-01-23,2020-09-23,2020-09-23,4.2,C,E,1,Option,510300.XSHG,510300.XSHG,XSHG,0,"09:31-11:30,13:01-15:00",10002254
10002255,510300C2009M04300,300ETF购9月4300,10000,2020-01-23,2020-09-23,2020-09-23,4.3,C,E,1,Option,510300.XSHG,510300.XSHG,XSHG,0,"09:31-11:30,13:01-15:00",10002255
10002256,510300C2009M04400,300ETF购9月4400,10000,2020-01-23,2020-09-23,2020-09-23,4.4,C,E,1,Option,510300.XSHG,510300.XSHG,XSHG,0,"09:31-11:30,13:01-15:00",10002256
10002257,510300C2009M04500,300ETF购9月4500,10000,2020-01-23,2020-09-23,2020-09-23,4.5,C,E,1,Option,510300.XSHG,510300.XSHG,XSHG,0,"09:31-11:30,13:01-15:00",10002257
10002258,510300P2009M03700,300ETF沽9月3700,10000,2020-01-23,2020-09-23,2020-09-23,3.7,P,E,1,Option,510300.XSHG,510300.XSHG,XSHG,0,"09:31-11:30,13:01-15:00",10002258
10002259,510300P2009M03800,300ETF沽9月3800,10000,2020-01-23,2020-09-23,2020-09-23,3.8,P,E,1,Option,510300.XSHG,510300.XSHG,XSHG,0,"09:31-11:30,13:01-15:00",10002259
10002260,510300P2009M03900,300ETF沽9月3900,10000,2020-01-23,2020-09-23,2020-09-23,3.9,P,E,1,Option,510300.XSHG,510300.XSHG,XSHG,0,"09:31-11:30,13:01-15:00",10002260
10002261,510300P2009M04000,300ETF沽9月4000,10000,2020-01-23,2020-09-23,2020-09-23,4.0,P,E,1,Option,510300.XSHG,510300.XSHG,XSHG,0,"09:31-11:30,13:01-15:00",10002261
10002262,510300P2009M04100,300ETF沽9月4100,10000,2020-01-23,2020-09-23,2020-09-23,4.1,P,E,1,Option,510300.XSHG,510300.XSHG,XSHG,0,"09:31-11:30,13:01-15:00",10002262
10002263,510300P2009M04200,300ETF沽9月4200,10000,2020-01-23,2020-09-23,2020-09-23,4.2,P,E,1,Option,510300.XSHG,510300.XSHG,XSHG,0,"09:31-11:30,13:01-15:00",10002263
10002264,510300P2009M04300,300ETF沽9月4300,10000,2020-01-23,2020-09-23,2020-09-23,4.3,P,E,1,Option,510300.XSHG,510300.XSHG,XSHG,0,"09:31-11:30,13:01-15:00",10002264
10002265,510300P2009M04400,300ETF沽9月4400,10000,2020-01-23,2020-09-23,2020-09-23,4.4,P,E,1,Option,510300.XSHG,510300.XSHG,XSHG,0,"09:31-11:30,13:01-15:00",10002265
10002266,510300P2009M04500,300ETF沽9月4500,10000,2020-01-23,2020-09-23,2020-09-23,4.5,P,E,1,Option,510300.XSHG,510300.XSHG,XSHG,0,"09:31-11:30,13:01-15:00",10002266
10002271,510300C2009M03600,300ETF购9月3600,10000,2020-02-03,2020-09-23,2020-09-23,3.6,C,E,1,Option,510300.XSHG,510300.XSHG,XSHG,0,"09:31-11:30,13:01-15:00",10002271
10002272,510300P2009M03600,300ETF沽9月3600,10000,2020-02-03,2020-09-23,2020-09-23,3.6,P,E,1,Option,510300.XSHG,510300.XSHG,XSHG,0,"09:31-11:30,13:01-15:00",10002272
10002309,510300C2002M03300,300ETF购2月3300,10000,2020-02-04,2020-02-26,2020-02-26,3.3,C,E,1,Option,510300.XSHG,510300.XSHG,XSHG,0,"09:31-11:30,13:01-15:00",10002309
10002310,510300C2002M03400,300ETF购2月3400,10000,2020-02-04,2020-02-26,2020-02-26,3.4,C,E,1,Option,510300.XSHG,510300.XSHG,XSHG,0,"09:31-11:30,13:01-15:00",10002310
10002311,510300C2002M03500,300ETF购2月3500,10000,2020-02-04,2020-02-26,2020-02-26,3.5,C,E,1,Option,510300.XSHG,510300.XSHG,XSHG,0,"09:31-11:30,13:01-15:00",10002311
10002312,510300P2002M03300,300ETF沽2月3300,10000,2020-02-04,2020-02-26,2020-02-26,3.3,P,E,1,Option,510300.XSHG,510300.XSHG,XSHG,0,"09:31-11:30,13:01-15:00",10002312
10002313,510300P2002M03400,300ETF沽2月3400,10000,2020-02-04,2020-02-26,2020-02-26,3.4,P,E,1,Option,510300.XSHG,510300.XSHG,XSHG,0,"09:31-11:30,13:01-15:00",10002313
10002314,510300P2002M03500,300ETF沽2月3500,10000,2020-02-04,2020-02-26,2020-02-26,3.5,P,E,1,Option,510300.XSHG,510300.XSHG,XSHG,0,"09:31-11:30,13:01-15:00",10002314
10002315,510300C2003M03300,300ETF购3月3300,10000,2020-02-04,2020-03-25,2020-03-25,3.3,C,E,1,Option,510300.XSHG,510300.XSHG,XSHG,0,"09:31-11:30,13:01-15:00",10002315
10002316,510300C2003M03400,300ETF购3月3400,10000,2020-02-04,2020-03-25,2020-03-25,3.4,C,E,1,Option,510300.XSHG,510300.XSHG,XSHG,0,"09:31-11:30,13:01-15:00",10002316
10002317,510300C2003M03500,300ETF购3月3500,10000,2020-02-04,2020-03-25,2020-03-25,3.5,C,E,1,Option,510300.XSHG,510300.XSHG,XSHG,0,"09:31-11:30,13:01-15:00",10002317
10002318,510300P2003M03300,300ETF沽3月3300,10000,2020-02-04,2020-03-25,2020-03-25,3.3,P,E,1,Option,510300.XSHG,510300.XSHG,XSHG,0,"09:31-11:30,13:01-15:00",10002318
10002319,510300P2003M03400,300ETF沽3月3400,10000,2020-02-04,2020-03-25,2020-03-25,3.4,P,E,1,Option,510300.XSHG,510300.XSHG,XSHG,0,"09:31-11:30,13:01-15:00",10002319
10002320,510300P2003M03500,300ETF沽3月3500,10000,2020-02-04,2020-03-25,2020-03-25,3.5,P,E,1,Option,510300.XSHG,510300.XSHG,XSHG,0,"09:31-11:30,13:01-15:00",10002320
10002321,510300C2006M03300,300ETF购6月3300,10000,2020-02-04,2020-06-24,2020-06-24,3.3,C,E,1,Option,510300.XSHG,510300.XSHG,XSHG,0,"09:31-11:30,13:01-15:00",10002321
10002322,510300C2006M03400,300ETF购6月3400,10000,2020-02-04,2020-06-24,2020-06-24,3.4,C,E,1,Option,510300.XSHG,510300.XSHG,XSHG,0,"09:31-11:30,13:01-15:00",10002322
10002323,510300C2006M03500,300ETF购6月3500,10000,2020-02-04,2020-06-24,2020-06-24,3.5,C,E,1,Option,510300.XSHG,510300.XSHG,XSHG,0,"09:31-11:30,13:01-15:00",10002323
10002324,510300P2006M03300,300ETF沽6月3300,10000,2020-02-04,2020-06-24,2020-06-24,3.3,P,E,1,Option,510300.XSHG,510300.XSHG,XSHG,0,"09:31-11:30,13:01-15:00",10002324
10002325,510300P2006M03400,300ETF沽6月3400,10000,2020-02-04,2020-06-24,2020-06-24,3.4,P,E,1,Option,510300.XSHG,510300.XSHG,XSHG,0,"09:31-11:30,13:01-15:00",10002325
10002326,510300P2006M03500,300ETF沽6月3500,10000,2020-02-04,2020-06-24,2020-06-24,3.5,P,E,1,Option,510300.XSHG,510300.XSHG,XSHG,0,"09:31-11:30,13:01-15:00",10002326
10002327,510300C2009M03300,300ETF购9月3300,10000,2020-02-04,2020-09-23,2020-09-23,3.3,C,E,1,Option,510300.XSHG,510300.XSHG,XSHG,0,"09:31-11:30,13:01-15:00",10002327
10002328,510300C2009M03400,300ETF购9月3400,10000,2020-02-04,2020-09-23,2020-09-23,3.4,C,E,1,Option,510300.XSHG,510300.XSHG,XSHG,0,"09:31-11:30,13:01-15:00",10002328
10002329,510300C2009M03500,300ETF购9月3500,10000,2020-02-04,2020-09-23,2020-09-23,3.5,C,E,1,Option,510300.XSHG,510300.XSHG,XSHG,0,"09:31-11:30,13:01-15:00",10002329
10002330,510300P2009M03300,300ETF沽9月3300,10000,2020-02-04,2020-09-23,2020-09-23,3.3,P,E,1,Option,510300.XSHG,510300.XSHG,XSHG,0,"09:31-11:30,13:01-15:00",10002330
10002331,510300P2009M03400,300ETF沽9月3400,10000,2020-02-04,2020-09-23,2020-09-23,3.4,P,E,1,Option,510300.XSHG,510300.XSHG,XSHG,0,"09:31-11:30,13:01-15:00",10002331
10002332,510300P2009M03500,300ETF沽9月3500,10000,2020-02-04,2020-09-23,2020-09-23,3.5,P,E,1,Option,510300.XSHG,510300.XSHG,XSHG,0,"09:31-11:30,13:01-15:00",10002332
10002351,510300C2004M03700,300ETF购4月3700,10000,2020-02-27,2020-04-22,2020-04-22,3.7,C,E,1,Option,510300.XSHG,510300.XSHG,XSHG,0,"09:31-11:30,13:01-15:00",10002351
10002352,510300C2004M03800,300ETF购4月3800,10000,2020-02-27,2020-04-22,2020-04-22,3.8,C,E,1,Option,510300.XSHG,510300.XSHG,XSHG,0,"09:31-11:30,13:01-15:00",10002352
10002353,510300C2004M03900,300ETF购4月3900,10000,2020-02-27,2020-04-22,2020-04-22,3.9,C,E,1,Option,510300.XSHG,510300.XSHG,XSHG,0,"09:31-11:30,13:01-15:00",10002353
10002354,510300C2004M04000,300ETF购4月4000,10000,2020-02-27,2020-04-22,2020-04-22,4.0,C,E,1,Option,510300.XSHG,510300.XSHG,XSHG,0,"09:31-11:30,13:01-15:00",10002354
10002355,510300C2004M04100,300ETF购4月4100,10000,2020-02-27,2020-04-22,2020-04-22,4.1,C,E,1,Option,510300.XSHG,510300.XSHG,XSHG,0,"09:31-11:30,13:01-15:00",10002355
10002356,510300C2004M04200,300ETF购4月4200,10000,2020-02-27,2020-04-22,2020-04-22,4.2,C,E,1,Option,510300.XSHG,510300.XSHG,XSHG,0,"09:31-11:30,13:01-15:00",10002356
10002357,510300C2004M04300,300ETF购4月4300,10000,2020-02-27,2020-04-22,2020-04-22,4.3,C,E,1,Option,510300.XSHG,510300.XSHG,XSHG,0,"09:31-11:30,13:01-15:00",10002357
10002358,510300C2004M04400,300ETF购4月4400,10000,2020-02-27,2020-04-22,2020-04-22,4.4,C,E,1,Option,510300.XSHG,510300.XSHG,XSHG,0,"09:31-11:30,13:01-15:00",10002358
10002359,510300C2004M04500,300ETF购4月4500,10000,2020-02-27,2020-04-22,2020-04-22,4.5,C,E,1,Option,510300.XSHG,510300.XSHG,XSHG,0,"09:31-11:30,13:01-15:00",10002359
10002360,510300P2004M03700,300ETF沽4月3700,10000,2020-02-27,2020-04-22,2020-04-22,3.7,P,E,1,Option,510300.XSHG,510300.XSHG,XSHG,0,"09:31-11:30,13:01-15:00",10002360
10002361,510300P2004M03800,300ETF沽4月3800,10000,2020-02-27,2020-04-22,2020-04-22,3.8,P,E,1,Option,510300.XSHG,510300.XSHG,XSHG,0,"09:31-11:30,13:01-15:00",10002361
10002362,510300P2004M03900,300ETF沽4月3900,10000,2020-02-27,2020-04-22,2020-04-22,3.9,P,E,1,Option,510300.XSHG,510300.XSHG,XSHG,0,"09:31-11:30,13:01-15:00",10002362
10002363,510300P2004M04000,300ETF沽4月4000,10000,2020-02-27,2020-04-22,2020-04-22,4.0,P,E,1,Option,510300.XSHG,510300.XSHG,XSHG,0,"09:31-11:30,13:01-15:00",10002363
10002364,510300P2004M04100,300ETF沽4月4100,10000,2020-02-27,2020-04-22,2020-04-22,4.1,P,E,1,Option,510300.XSHG,510300.XSHG,XSHG,0,"09:31-11:30,13:01-15:00",10002364
10002365,510300P2004M04200,300ETF沽4月4200,10000,2020-02-27,2020-04-22,2020-04-22,4.2,P,E,1,Option,510300.XSHG,510300.XSHG,XSHG,0,"09:31-11:30,13:01-15:00",10002365
10002366,510300P2004M04300,300ETF沽4月4300,10000,2020-02-27,2020-04-22,2020-04-22,4.3,P,E,1,Option,510300.XSHG,510300.XSHG,XSHG,0,"09:31-11:30,13:01-15:00",10002366
10002367,510300P2004M04400,300ETF沽4月4400,10000,2020-02-27,2020-04-22,2020-04-22,4.4,P,E,1,Option,510300.XSHG,510300.XSHG,XSHG,0,"09:31-11:30,13:01-15:00",10002367
10002368,510300P2004M04500,300ETF沽4月4500,10000,2020-02-27,2020-04-22,2020-04-22,4.5,P,E,1,Option,510300.XSHG,510300.XSHG,XSHG,0,"09:31-11:30,13:01-15:00",10002368
10002373,510300C2004M03500,300ETF购4月3500,10000,2020-03-02,2020-04-22,2020-04-22,3.5,C,E,1,Option,510300.XSHG,510300.XSHG,XSHG,0,"09:31-11:30,13:01-15:00",10002373
10002374,510300C2004M03600,300ETF购4月3600,10000,2020-03-02,2020-04-22,2020-04-22,3.6,C,E,1,Option,510300.XSHG,510300.XSHG,XSHG,0,"09:31-11:30,13:01-15:00",10002374
10002375,510300P2004M03500,300ETF沽4月3500,10000,2020-03-02,2020-04-22,2020-04-22,3.5,P,E,1,Option,510300.XSHG,510300.XSHG,XSHG,0,"09:31-11:30,13:01-15:00",10002375
10002376,510300P2004M03600,300ETF沽4月3600,10000,2020-03-02,2020-04-22,2020-04-22,3.6,P,E,1,Option,510300.XSHG,510300.XSHG,XSHG,0,"09:31-11:30,13:01-15:00",10002376
10002381,510300C2004M04600,300ETF购4月4600,10000,2020-03-06,2020-04-22,2020-04-22,4.6,C,E,1,Option,510300.XSHG,510300.XSHG,XSHG,0,"09:31-11:30,13:01-15:00",10002381
10002382,510300P2004M04600,300ETF沽4月4600,10000,2020-03-06,2020-04-22,2020-04-22,4.6,P,E,1,Option,510300.XSHG,510300.XSHG,XSHG,0,"09:31-11:30,13:01-15:00",10002382
10002383,510300C2009M04600,300ETF购9月4600,10000,2020-03-06,2020-09-23,2020-09-23,4.6,C,E,1,Option,510300.XSHG,510300.XSHG,XSHG,0,"09:31-11:30,13:01-15:00",10002383
10002384,510300P2009M04600,300ETF沽9月4600,10000,2020-03-06,2020-09-23,2020-09-23,4.6,P,E,1,Option,510300.XSHG,510300.XSHG,XSHG,0,"09:31-11:30,13:01-15:00",10002384
10002389,510300C2004M03300,300ETF购4月3300,10000,2020-03-17,2020-04-22,2020-04-22,3.3,C,E,1,Option,510300.XSHG,510300.XSHG,XSHG,0,"09:31-11:30,13:01-15:00",10002389
10002390,510300C2004M03400,300ETF购4月3400,10000,2020-03-17,2020-04-22,2020-04-22,3.4,C,E,1,Option,510300.XSHG,510300.XSHG,XSHG,0,"09:31-11:30,13:01-15:00",10002390
10002391,510300P2004M03300,300ETF沽4月3300,10000,2020-03-17,2020-04-22,2020-04-22,3.3,P,E,1,Option,510300.XSHG,510300.XSHG,XSHG,0,"09:31-11:30,13:01-15:00",10002391
10002392,510300P2004M03400,300ETF沽4月3400,10000,2020-03-17,2020-04-22,2020-04-22,3.4,P,E,1,Option,510300.XSHG,510300.XSHG,XSHG,0,"09:31-11:30,13:01-15:00",10002392
10002409,510300C2003M03200,300ETF购3月3200,10000,2020-03-19,2020-03-25,2020-03-25,3.2,C,E,1,Option,510300.XSHG,510300.XSHG,XSHG,0,"09:31-11:30,13:01-15:00",10002409
10002410,510300P2003M03200,300ETF沽3月3200,10000,2020-03-19,2020-03-25,2020-03-25,3.2,P,E,1,Option,510300.XSHG,510300.XSHG,XSHG,0,"09:31-11:30,13:01-15:00",10002410
10002411,510300C2004M03200,300ETF购4月3200,10000,2020-03-19,2020-04-22,2020-04-22,3.2,C,E,1,Option,510300.XSHG,510300.XSHG,XSHG,0,"09:31-11:30,13:01-15:00",10002411
10002412,510300P2004M03200,300ETF沽4月3200,10000,2020-03-19,2020-04-22,2020-04-22,3.2,P,E,1,Option,510300.XSHG,510300.XSHG,XSHG,0,"09:31-11:30,13:01-15:00",10002412
10002413,510300C2006M03200,300ETF购6月3200,10000,2020-03-19,2020-06-24,2020-06-24,3.2,C,E,1,Option,510300.XSHG,510300.XSHG,XSHG,0,"09:31-11:30,13:01-15:00",10002413
10002414,510300P2006M03200,300ETF沽6月3200,10000,2020-03-19,2020-06-24,2020-06-24,3.2,P,E,1,Option,510300.XSHG,510300.XSHG,XSHG,0,"09:31-11:30,13:01-15:00",10002414
10002415,510300C2009M03200,300ETF购9月3200,10000,2020-03-19,2020-09-23,2020-09-23,3.2,C,E,1,Option,510300.XSHG,510300.XSHG,XSHG,0,"09:31-11:30,13:01-15:00",10002415
10002416,510300P2009M03200,300ETF沽9月3200,10000,2020-03-19,2020-09-23,2020-09-23,3.2,P,E,1,Option,510300.XSHG,510300.XSHG,XSHG,0,"09:31-11:30,13:01-15:00",10002416
10002425,510300C2003M03100,300ETF购3月3100,10000,2020-03-24,2020-03-25,2020-03-25,3.1,C,E,1,Option,510300.XSHG,510300.XSHG,XSHG,0,"09:31-11:30,13:01-15:00",10002425
10002426,510300P2003M03100,300ETF沽3月3100,10000,2020-03-24,2020-03-25,2020-03-25,3.1,P,E,1,Option,510300.XSHG,510300.XSHG,XSHG,0,"09:31-11:30,13:01-15:00",10002426
10002427,510300C2004M03100,300ETF购4月3100,10000,2020-03-24,2020-04-22,2020-04-22,3.1,C,E,1,Option,510300.XSHG,510300.XSHG,XSHG,0,"09:31-11:30,13:01-15:00",10002427
10002428,510300P2004M03100,300ETF沽4月3100,10000,2020-03-24,2020-04-22,2020-04-22,3.1,P,E,1,Option,510300.XSHG,510300.XSHG,XSHG,0,"09:31-11:30,13:01-15:00",10002428
10002429,510300C2006M03100,300ETF购6月3100,10000,2020-03-24,2020-06-24,2020-06-24,3.1,C,E,1,Option,510300.XSHG,510300.XSHG,XSHG,0,"09:31-11:30,13:01-15:00",10002429
10002430,510300P2006M03100,300ETF沽6月3100,10000,2020-03-24,2020-06-24,2020-06-24,3.1,P,E,1,Option,510300.XSHG,510300.XSHG,XSHG,0,"09:31-11:30,13:01-15:00",10002430
10002431,510300C2009M03100,300ETF购9月3100,10000,2020-03-24,2020-09-23,2020-09-23,3.1,C,E,1,Option,510300.XSHG,510300.XSHG,XSHG,0,"09:31-11:30,13:01-15:00",10002431
10002432,510300P2009M03100,300ETF沽9月3100,10000,2020-03-24,2020-09-23,2020-09-23,3.1,P,E,1,Option,510300.XSHG,510300.XSHG,XSHG,0,"09:31-11:30,13:01-15:00",10002432
10002451,510300C2005M03300,300ETF购5月3300,10000,2020-03-26,2020-05-27,2020-05-27,3.3,C,E,1,Option,510300.XSHG,510300.XSHG,XSHG,0,"09:31-11:30,13:01-15:00",10002451
10002452,510300C2005M03400,300ETF购5月3400,10000,2020-03-26,2020-05-27,2020-05-27,3.4,C,E,1,Option,510300.XSHG,510300.XSHG,XSHG,0,"09:31-11:30,13:01-15:00",10002452
10002453,510300C2005M03500,300ETF购5月3500,10000,2020-03-26,2020-05-27,2020-05-27,3.5,C,E,1,Option,510300.XSHG,510300.XSHG,XSHG,0,"09:31-11:30,13:01-15:00",10002453
10002454,510300C2005M03600,300ETF购5月3600,10000,2020-03-26,2020-05-27,2020-05-27,3.6,C,E,1,Option,510300.XSHG,510300.XSHG,XSHG,0,"09:31-11:30,13:01-15:00",10002454
10002455,510300C2005M03700,300ETF购5月3700,10000,2020-03-26,2020-05-27,2020-05-27,3.7,C,E,1,Option,510300.XSHG,510300.XSHG,XSHG,0,"09:31-11:30,13:01-15:00",10002455
10002456,510300C2005M03800,300ETF购5月3800,10000,2020-03-26,2020-05-27,2020-05-27,3.8,C,E,1,Option,510300.XSHG,510300.XSHG,XSHG,0,"09:31-11:30,13:01-15:00",10002456
10002457,510300C2005M03900,300ETF购5月3900,10000,2020-03-26,2020-05-27,2020-05-27,3.9,C,E,1,Option,510300.XSHG,510300.XSHG,XSHG,0,"09:31-11:30,13:01-15:00",10002457
10002458,510300C2005M04000,300ETF购5月4000,10000,2020-03-26,2020-05-27,2020-05-27,4.0,C,E,1,Option,510300.XSHG,510300.XSHG,XSHG,0,"09:31-11:30,13:01-15:00",10002458
10002459,510300C2005M04100,300ETF购5月4100,10000,2020-03-26,2020-05-27,2020-05-27,4.1,C,E,1,Option,510300.XSHG,510300.XSHG,XSHG,0,"09:31-11:30,13:01-15:00",10002459
10002460,510300P2005M03300,300ETF沽5月3300,10000,2020-03-26,2020-05-27,2020-05-27,3.3,P,E,1,Option,510300.XSHG,510300.XSHG,XSHG,0,"09:31-11:30,13:01-15:00",10002460
10002461,510300P2005M03400,300ETF沽5月3400,10000,2020-03-26,2020-05-27,2020-05-27,3.4,P,E,1,Option,510300.XSHG,510300.XSHG,XSHG,0,"09:31-11:30,13:01-15:00",10002461
10002462,510300P2005M03500,300ETF沽5月3500,10000,2020-03-26,2020-05-27,2020-05-27,3.5,P,E,1,Option,510300.XSHG,510300.XSHG,XSHG,0,"09:31-11:30,13:01-15:00",10002462
10002463,510300P2005M03600,300ETF沽5月3600,10000,2020-03-26,2020-05-27,2020-05-27,3.6,P,E,1,Option,510300.XSHG,510300.XSHG,XSHG,0,"09:31-11:30,13:01-15:00",10002463
10002464,510300P2005M03700,300ETF沽5月3700,10000,2020-03-26,2020-05-27,2020-05-27,3.7,P,E,1,Option,510300.XSHG,510300.XSHG,XSHG,0,"09:31-11:30,13:01-15:00",10002464
10002465,510300P2005M03800,300ETF沽5月3800,10000,2020-03-26,2020-05-27,2020-05-27,3.8,P,E,1,Option,510300.XSHG,510300.XSHG,XSHG,0,"09:31-11:30,13:01-15:00",10002465
10002466,510300P2005M03900,300ETF沽5月3900,10000,2020-03-26,2020-05-27,2020-05-27,3.9,P,E,1,Option,510300.XSHG,510300.XSHG,XSHG,0,"09:31-11:30,13:01-15:00",10002466
10002467,510300P2005M04000,300ETF沽5月4000,10000,2020-03-26,2020-05-27,2020-05-27,4.0,P,E,1,Option,510300.XSHG,510300.XSHG,XSHG,0,"09:31-11:30,13:01-15:00",10002467
10002468,510300P2005M04100,300ETF沽5月4100,10000,2020-03-26,2020-05-27,2020-05-27,4.1,P,E,1,Option,510300.XSHG,510300.XSHG,XSHG,0,"09:31-11:30,13:01-15:00",10002468
10002473,510300C2005M04200,300ETF购5月4200,10000,2020-04-08,2020-05-27,2020-05-27,4.2,C,E,1,Option,510300.XSHG,510300.XSHG,XSHG,0,"09:31-11:30,13:01-15:00",10002473
10002474,510300P2005M04200,300ETF沽5月4200,10000,2020-04-08,2020-05-27,2020-05-27,4.2,P,E,1,Option,510300.XSHG,510300.XSHG,XSHG,0,"09:31-11:30,13:01-15:00",10002474
10002495,510300C2012M03400,300ETF购12月3400,10000,2020-04-23,2020-12-23,2020-12-23,3.4,C,E,1,Option,510300.XSHG,510300.XSHG,XSHG,0,"09:31-11:30,13:01-15:00",10002495
10002496,510300C2012M03500,300ETF购12月3500,10000,2020-04-23,2020-12-23,2020-12-23,3.5,C,E,1,Option,510300.XSHG,510300.XSHG,XSHG,0,"09:31-11:30,13:01-15:00",10002496
10002497,510300C2012M03600,300ETF购12月3600,10000,2020-04-23,2020-12-23,2020-12-23,3.6,C,E,1,Option,510300.XSHG,510300.XSHG,XSHG,0,"09:31-11:30,13:01-15:00",10002497
10002498,510300C2012M03700,300ETF购12月3700,10000,2020-04-23,2020-12-23,2020-12-23,3.7,C,E,1,Option,510300.XSHG,510300.XSHG,XSHG,0,"09:31-11:30,13:01-15:00",10002498
10002499,510300C2012M03800,300ETF购12月3800,10000,2020-04-23,2020-12-23,2020-12-23,3.8,C,E,1,Option,510300.XSHG,510300.XSHG,XSHG,0,"09:31-11:30,13:01-15:00",10002499
10002500,510300C2012M03900,300ETF购12月3900,10000,2020-04-23,2020-12-23,2020-12-23,3.9,C,E,1,Option,510300.XSHG,510300.XSHG,XSHG,0,"09:31-11:30,13:01-15:00",10002500
10002501,510300C2012M04000,300ETF购12月4000,10000,2020-04-23,2020-12-23,2020-12-23,4.0,C,E,1,Option,510300.XSHG,510300.XSHG,XSHG,0,"09:31-11:30,13:01-15:00",10002501
10002502,510300C2012M04100,300ETF购12月4100,10000,2020-04-23,2020-12-23,2020-12-23,4.1,C,E,1,Option,510300.XSHG,510300.XSHG,XSHG,0,"09:31-11:30,13:01-15:00",10002502
10002503,510300C2012M04200,300ETF购12月4200,10000,2020-04-23,2020-12-23,2020-12-23,4.2,C,E,1,Option,510300.XSHG,510300.XSHG,XSHG,0,"09:31-11:30,13:01-15:00",10002503
10002504,510300P2012M03400,300ETF沽12月3400,10000,2020-04-23,2020-12-23,2020-12-23,3.4,P,E,1,Option,510300.XSHG,510300.XSHG,XSHG,0,"09:31-11:30,13:01-15:00",10002504
10002505,510300P2012M03500,300ETF沽12月3500,10000,2020-04-23,2020-12-23,2020-12-23,3.5,P,E,1,Option,510300.XSHG,510300.XSHG,XSHG,0,"09:31-11:30,13:01-15:00",10002505
10002506,510300P2012M03600,300ETF沽12月3600,10000,2020-04-23,2020-12-23,2020-12-23,3.6,P,E,1,Option,510300.XSHG,510300.XSHG,XSHG,0,"09:31-11:30,13:01-15:00",10002506
10002507,510300P2012M03700,300ETF沽12月3700,10000,2020-04-23,2020-12-23,2020-12-23,3.7,P,E,1,Option,510300.XSHG,510300.XSHG,XSHG,0,"09:31-11:30,13:01-15:00",10002507
10002508,510300P2012M03800,300ETF沽12月3800,10000,2020-04-23,2020-12-23,2020-12-23,3.8,P,E,1,Option,510300.XSHG,510300.XSHG,XSHG,0,"09:31-11:30,13:01-15:00",10002508
10002509,510300P2012M03900,300ETF沽12月3900,10000,2020-04-23,2020-12-23,2020-12-23,3.9,P,E,1,Option,510300.XSHG,510300.XSHG,XSHG,0,"09:31-11:30,13:01-15:00",10002509
10002510,510300P2012M04000,300ETF沽12月4000,10000,2020-04-23,2020-12-23,2020-12-23,4.0,P,E,1,Option,510300.XSHG,510300.XSHG,XSHG,0,"09:31-11:30,13:01-15:00",10002510
10002511,510300P2012M04100,300ETF沽12月4100,10000,2020-04-23,2020-12-23,2020-12-23,4.1,P,E,1,Option,510300.XSHG,510300.XSHG,XSHG,0,"09:31-11:30,13:01-15:00",10002511
10002512,510300P2012M04200,300ETF沽12月4200,10000,2020-04-23,2020-12-23,2020-12-23,4.2,P,E,1,Option,510300.XSHG,510300.XSHG,XSHG,0,"09:31-11:30,13:01-15:00",10002512
10002519,510300C2005M04300,300ETF购5月4300,10000,2020-04-30,2020-05-27,2020-05-27,4.3,C,E,1,Option,510300.XSHG,510300.XSHG,XSHG,0,"09:31-11:30,13:01-15:00",10002519
10002520,510300P2005M04300,300ETF沽5月4300,10000,2020-04-30,2020-05-27,2020-05-27,4.3,P,E,1,Option,510300.XSHG,510300.XSHG,XSHG,0,"09:31-11:30,13:01-15:00",10002520
10002521,510300C2012M04300,300ETF购12月4300,10000,2020-04-30,2020-12-23,2020-12-23,4.3,C,E,1,Option,510300.XSHG,510300.XSHG,XSHG,0,"09:31-11:30,13:01-15:00",10002521
10002522,510300P2012M04300,300ETF沽12月4300,10000,2020-04-30,2020-12-23,2020-12-23,4.3,P,E,1,Option,510300.XSHG,510300.XSHG,XSHG,0,"09:31-11:30,13:01-15:00",10002522
10002523,510300C2005M04400,300ETF购5月4400,10000,2020-05-11,2020-05-27,2020-05-27,4.4,C,E,1,Option,510300.XSHG,510300.XSHG,XSHG,0,"09:31-11:30,13:01-15:00",10002523
10002524,510300P2005M04400,300ETF沽5月4400,10000,2020-05-11,2020-05-27,2020-05-27,4.4,P,E,1,Option,510300.XSHG,510300.XSHG,XSHG,0,"09:31-11:30,13:01-15:00",10002524
10002525,510300C2012M04400,300ETF购12月4400,10000,2020-05-11,2020-12-23,2020-12-23,4.4,C,E,1,Option,510300.XSHG,510300.XSHG,XSHG,0,"09:31-11:30,13:01-15:00",10002525
10002526,510300P2012M04400,300ETF沽12月4400,10000,2020-05-11,2020-12-23,2020-12-23,4.4,P,E,1,Option,510300.XSHG,510300.XSHG,XSHG,0,"09:31-11:30,13:01-15:00",10002526
10002545,510300C2007M03400,300ETF购7月3400,10000,2020-05-28,2020-07-22,2020-07-22,3.4,C,E,1,Option,510300.XSHG,510300.XSHG,XSHG,0,"09:31-11:30,13:01-15:00",10002545
10002546,510300C2007M03500,300ETF购7月3500,10000,2020-05-28,2020-07-22,2020-07-22,3.5,C,E,1,Option,510300.XSHG,510300.XSHG,XSHG,0,"09:31-11:30,13:01-15:00",10002546
10002547,510300C2007M03600,300ETF购7月3600,10000,2020-05-28,2020-07-22,2020-07-22,3.6,C,E,1,Option,510300.XSHG,510300.XSHG,XSHG,0,"09:31-11:30,13:01-15:00",10002547
10002548,510300C2007M03700,300ETF购7月3700,10000,2020-05-28,2020-07-22,2020-07-22,3.7,C,E,1,Option,510300.XSHG,510300.XSHG,XSHG,0,"09:31-11:30,13:01-15:00",10002548
10002549,510300C2007M03800,300ETF购7月3800,10000,2020-05-28,2020-07-22,2020-07-22,3.8,C,E,1,Option,510300.XSHG,510300.XSHG,XSHG,0,"09:31-11:30,13:01-15:00",10002549
10002550,510300C2007M03900,300ETF购7月3900,10000,2020-05-28,2020-07-22,2020-07-22,3.9,C,E,1,Option,510300.XSHG,510300.XSHG,XSHG,0,"09:31-11:30,13:01-15:00",10002550
10002551,510300C2007M04000,300ETF购7月4000,10000,2020-05-28,2020-07-22,2020-07-22,4.0,C,E,1,Option,510300.XSHG,510300.XSHG,XSHG,0,"09:31-11:30,13:01-15:00",10002551
10002552,510300C2007M04100,300ETF购7月4100,10000,2020-05-28,2020-07-22,2020-07-22,4.1,C,E,1,Option,510300.XSHG,510300.XSHG,XSHG,0,"09:31-11:30,13:01-15:00",10002552
10002553,510300C2007M04200,300ETF购7月4200,10000,2020-05-28,2020-07-22,2020-07-22,4.2,C,E,1,Option,510300.XSHG,510300.XSHG,XSHG,0,"09:31-11:30,13:01-15:00",10002553
10002554,510300P2007M03400,300ETF沽7月3400,10000,2020-05-28,2020-07-22,2020-07-22,3.4,P,E,1,Option,510300.XSHG,510300.XSHG,XSHG,0,"09:31-11:30,13:01-15:00",10002554
10002555,510300P2007M03500,300ETF沽7月3500,10000,2020-05-28,2020-07-22,2020-07-22,3.5,P,E,1,Option,510300.XSHG,510300.XSHG,XSHG,0,"09:31-11:30,13:01-15:00",10002555
10002556,510300P2007M03600,300ETF沽7月3600,10000,2020-05-28,2020-07-22,2020-07-22,3.6,P,E,1,Option,510300.XSHG,510300.XSHG,XSHG,0,"09:31-11:30,13:01-15:00",10002556
10002557,510300P2007M03700,300ETF沽7月3700,10000,2020-05-28,2020-07-22,2020-07-22,3.7,P,E,1,Option,510300.XSHG,510300.XSHG,XSHG,0,"09:31-11:30,13:01-15:00",10002557
10002558,510300P2007M03800,300ETF沽7月3800,10000,2020-05-28,2020-07-22,2020-07-22,3.8,P,E,1,Option,510300.XSHG,510300.XSHG,XSHG,0,"09:31-11:30,13:01-15:00",10002558
10002559,510300P2007M03900,300ETF沽7月3900,10000,2020-05-28,2020-07-22,2020-07-22,3.9,P,E,1,Option,510300.XSHG,510300.XSHG,XSHG,0,"09:31-11:30,13:01-15:00",10002559
10002560,510300P2007M04000,300ETF沽7月4000,10000,2020-05-28,2020-07-22,2020-07-22,4.0,P,E,1,Option,510300.XSHG,510300.XSHG,XSHG,0,"09:31-11:30,13:01-15:00",10002560
10002561,510300P2007M04100,300ETF沽7月4100,10000,2020-05-28,2020-07-22,2020-07-22,4.1,P,E,1,Option,510300.XSHG,510300.XSHG,XSHG,0,"09:31-11:30,13:01-15:00",10002561
10002562,510300P2007M04200,300ETF沽7月4200,10000,2020-05-28,2020-07-22,2020-07-22,4.2,P,E,1,Option,510300.XSHG,510300.XSHG,XSHG,0,"09:31-11:30,13:01-15:00",10002562
10002563,510300C2007M04300,300ETF购7月4300,10000,2020-05-29,2020-07-22,2020-07-22,4.3,C,E,1,Option,510300.XSHG,510300.XSHG,XSHG,0,"09:31-11:30,13:01-15:00",10002563
10002564,510300P2007M04300,300ETF沽7月4300,10000,2020-05-29,2020-07-22,2020-07-22,4.3,P,E,1,Option,510300.XSHG,510300.XSHG,XSHG,0,"09:31-11:30,13:01-15:00",10002564
10002567,510300C2007M04400,300ETF购7月4400,10000,2020-06-02,2020-07-22,2020-07-22,4.4,C,E,1,Option,510300.XSHG,510300.XSHG,XSHG,0,"09:31-11:30,13:01-15:00",10002567
10002568,510300P2007M04400,300ETF沽7月4400,10000,2020-06-02,2020-07-22,2020-07-22,4.4,P,E,1,Option,510300.XSHG,510300.XSHG,XSHG,0,"09:31-11:30,13:01-15:00",10002568
10002573,510300C2007M04500,300ETF购7月4500,10000,2020-06-19,2020-07-22,2020-07-22,4.5,C,E,1,Option,510300.XSHG,510300.XSHG,XSHG,0,"09:31-11:30,13:01-15:00",10002573
10002574,510300P2007M04500,300ETF沽7月4500,10000,2020-06-19,2020-07-22,2020-07-22,4.5,P,E,1,Option,510300.XSHG,510300.XSHG,XSHG,0,"09:31-11:30,13:01-15:00",10002574
10002575,510300C2012M04500,300ETF购12月4500,10000,2020-06-19,2020-12-23,2020-12-23,4.5,C,E,1,Option,510300.XSHG,510300.XSHG,XSHG,0,"09:31-11:30,13:01-15:00",10002575
10002576,510300P2012M04500,300ETF沽12月4500,10000,2020-06-19,2020-12-23,2020-12-23,4.5,P,E,1,Option,510300.XSHG,510300.XSHG,XSHG,0,"09:31-11:30,13:01-15:00",10002576
10002581,510300C2007M04600,300ETF购7月4600,10000,2020-06-29,2020-07-22,2020-07-22,4.6,C,E,1,Option,510300.XSHG,510300.XSHG,XSHG,0,"09:31-11:30,13:01-15:00",10002581
10002582,510300P2007M04600,300ETF沽7月4600,10000,2020-06-29,2020-07-22,2020-07-22,4.6,P,E,1,Option,510300.XSHG,510300.XSHG,XSHG,0,"09:31-11:30,13:01-15:00",10002582
10002583,510300C2012M04600,300ETF购12月4600,10000,2020-06-29,2020-12-23,2020-12-23,4.6,C,E,1,Option,510300.XSHG,510300.XSHG,XSHG,0,"09:31-11:30,13:01-15:00",10002583
10002584,510300P2012M04600,300ETF沽12月4600,10000,2020-06-29,2020-12-23,2020-12-23,4.6,P,E,1,Option,510300.XSHG,510300.XSHG,XSHG,0,"09:31-11:30,13:01-15:00",10002584
10002603,510300C2008M03800,300ETF购8月3800,10000,2020-06-29,2020-08-26,2020-08-26,3.8,C,E,1,Option,510300.XSHG,510300.XSHG,XSHG,0,"09:31-11:30,13:01-15:00",10002603
10002604,510300C2008M03900,300ETF购8月3900,10000,2020-06-29,2020-08-26,2020-08-26,3.9,C,E,1,Option,510300.XSHG,510300.XSHG,XSHG,0,"09:31-11:30,13:01-15:00",10002604
10002605,510300C2008M04000,300ETF购8月4000,10000,2020-06-29,2020-08-26,2020-08-26,4.0,C,E,1,Option,510300.XSHG,510300.XSHG,XSHG,0,"09:31-11:30,13:01-15:00",10002605
10002606,510300C2008M04100,300ETF购8月4100,10000,2020-06-29,2020-08-26,2020-08-26,4.1,C,E,1,Option,510300.XSHG,510300.XSHG,XSHG,0,"09:31-11:30,13:01-15:00",10002606
10002607,510300C2008M04200,300ETF购8月4200,10000,2020-06-29,2020-08-26,2020-08-26,4.2,C,E,1,Option,510300.XSHG,510300.XSHG,XSHG,0,"09:31-11:30,13:01-15:00",10002607
10002608,510300C2008M04300,300ETF购8月4300,10000,2020-06-29,2020-08-26,2020-08-26,4.3,C,E,1,Option,510300.XSHG,510300.XSHG,XSHG,0,"09:31-11:30,13:01-15:00",10002608
10002609,510300C2008M04400,300ETF购8月4400,10000,2020-06-29,2020-08-26,2020-08-26,4.4,C,E,1,Option,510300.XSHG,510300.XSHG,XSHG,0,"09:31-11:30,13:01-15:00",10002609
10002610,510300C2008M04500,300ETF购8月4500,10000,2020-06-29,2020-08-26,2020-08-26,4.5,C,E,1,Option,510300.XSHG,510300.XSHG,XSHG,0,"09:31-11:30,13:01-15:00",10002610
10002611,510300C2008M04600,300ETF购8月4600,10000,2020-06-29,2020-08-26,2020-08-26,4.6,C,E,1,Option,510300.XSHG,510300.XSHG,XSHG,0,"09:31-11:30,13:01-15:00",10002611
10002612,510300P2008M03800,300ETF沽8月3800,10000,2020-06-29,2020-08-26,2020-08-26,3.8,P,E,1,Option,510300.XSHG,510300.XSHG,XSHG,0,"09:31-11:30,13:01-15:00",10002612
10002613,510300P2008M03900,300ETF沽8月3900,10000,2020-06-29,2020-08-26,2020-08-26,3.9,P,E,1,Option,510300.XSHG,510300.XSHG,XSHG,0,"09:31-11:30,13:01-15:00",10002613
10002614,510300P2008M04000,300ETF沽8月4000,10000,2020-06-29,2020-08-26,2020-08-26,4.0,P,E,1,Option,510300.XSHG,510300.XSHG,XSHG,0,"09:31-11:30,13:01-15:00",10002614
10002615,510300P2008M04100,300ETF沽8月4100,10000,2020-06-29,2020-08-26,2020-08-26,4.1,P,E,1,Option,510300.XSHG,510300.XSHG,XSHG,0,"09:31-11:30,13:01-15:00",10002615
10002616,510300P2008M04200,300ETF沽8月4200,10000,2020-06-29,2020-08-26,2020-08-26,4.2,P,E,1,Option,510300.XSHG,510300.XSHG,XSHG,0,"09:31-11:30,13:01-15:00",10002616
10002617,510300P2008M04300,300ETF沽8月4300,10000,2020-06-29,2020-08-26,2020-08-26,4.3,P,E,1,Option,510300.XSHG,510300.XSHG,XSHG,0,"09:31-11:30,13:01-15:00",10002617
10002618,510300P2008M04400,300ETF沽8月4400,10000,2020-06-29,2020-08-26,2020-08-26,4.4,P,E,1,Option,510300.XSHG,510300.XSHG,XSHG,0,"09:31-11:30,13:01-15:00",10002618
10002619,510300P2008M04500,300ETF沽8月4500,10000,2020-06-29,2020-08-26,2020-08-26,4.5,P,E,1,Option,510300.XSHG,510300.XSHG,XSHG,0,"09:31-11:30,13:01-15:00",10002619
10002620,510300P2008M04600,300ETF沽8月4600,10000,2020-06-29,2020-08-26,2020-08-26,4.6,P,E,1,Option,510300.XSHG,510300.XSHG,XSHG,0,"09:31-11:30,13:01-15:00",10002620
10002621,510300C2008M03700,300ETF购8月3700,10000,2020-06-30,2020-08-26,2020-08-26,3.7,C,E,1,Option,510300.XSHG,510300.XSHG,XSHG,0,"09:31-11:30,13:01-15:00",10002621
10002622,510300P2008M03700,300ETF沽8月3700,10000,2020-06-30,2020-08-26,2020-08-26,3.7,P,E,1,Option,510300.XSHG,510300.XSHG,XSHG,0,"09:31-11:30,13:01-15:00",10002622
10002629,510300C2007M04700,300ETF购7月4700,10000,2020-07-02,2020-07-22,2020-07-22,4.7,C,E,1,Option,510300.XSHG,510300.XSHG,XSHG,0,"09:31-11:30,13:01-15:00",10002629
10002630,510300P2007M04700,300ETF沽7月4700,10000,2020-07-02,2020-07-22,2020-07-22,4.7,P,E,1,Option,510300.XSHG,510300.XSHG,XSHG,0,"09:31-11:30,13:01-15:00",10002630
10002631,510300C2008M04700,300ETF购8月4700,10000,2020-07-02,2020-08-26,2020-08-26,4.7,C,E,1,Option,510300.XSHG,510300.XSHG,XSHG,0,"09:31-11:30,13:01-15:00",10002631
10002632,510300P2008M04700,300ETF沽8月4700,10000,2020-07-02,2020-08-26,2020-08-26,4.7,P,E,1,Option,510300.XSHG,510300.XSHG,XSHG,0,"09:31-11:30,13:01-15:00",10002632
10002633,510300C2009M04700,300ETF购9月4700,10000,2020-07-02,2020-09-23,2020-09-23,4.7,C,E,1,Option,510300.XSHG,510300.XSHG,XSHG,0,"09:31-11:30,13:01-15:00",10002633
10002634,510300P2009M04700,300ETF沽9月4700,10000,2020-07-02,2020-09-23,2020-09-23,4.7,P,E,1,Option,510300.XSHG,510300.XSHG,XSHG,0,"09:31-11:30,13:01-15:00",10002634
10002635,510300C2012M04700,300ETF购12月4700,10000,2020-07-02,2020-12-23,2020-12-23,4.7,C,E,1,Option,510300.XSHG,510300.XSHG,XSHG,0,"09:31-11:30,13:01-15:00",10002635
10002636,510300P2012M04700,300ETF沽12月4700,10000,2020-07-02,2020-12-23,2020-12-23,4.7,P,E,1,Option,510300.XSHG,510300.XSHG,XSHG,0,"09:31-11:30,13:01-15:00",10002636
10002645,510300C2007M04800,300ETF购7月4800,10000,2020-07-03,2020-07-22,2020-07-22,4.8,C,E,1,Option,510300.XSHG,510300.XSHG,XSHG,0,"09:31-11:30,13:01-15:00",10002645
10002646,510300P2007M04800,300ETF沽7月4800,10000,2020-07-03,2020-07-22,2020-07-22,4.8,P,E,1,Option,510300.XSHG,510300.XSHG,XSHG,0,"09:31-11:30,13:01-15:00",10002646
10002647,510300C2008M04800,300ETF购8月4800,10000,2020-07-03,2020-08-26,2020-08-26,4.8,C,E,1,Option,510300.XSHG,510300.XSHG,XSHG,0,"09:31-11:30,13:01-15:00",10002647
10002648,510300P2008M04800,300ETF沽8月4800,10000,2020-07-03,2020-08-26,2020-08-26,4.8,P,E,1,Option,510300.XSHG,510300.XSHG,XSHG,0,"09:31-11:30,13:01-15:00",10002648
10002649,510300C2009M04800,300ETF购9月4800,10000,2020-07-03,2020-09-23,2020-09-23,4.8,C,E,1,Option,510300.XSHG,510300.XSHG,XSHG,0,"09:31-11:30,13:01-15:00",10002649
10002650,510300P2009M04800,300ETF沽9月4800,10000,2020-07-03,2020-09-23,2020-09-23,4.8,P,E,1,Option,510300.XSHG,510300.XSHG,XSHG,0,"09:31-11:30,13:01-15:00",10002650
10002651,510300C2012M04800,300ETF购12月4800,10000,2020-07-03,2020-12-23,2020-12-23,4.8,C,E,1,Option,510300.XSHG,510300.XSHG,XSHG,0,"09:31-11:30,13:01-15:00",10002651
10002652,510300P2012M04800,300ETF沽12月4800,10000,2020-07-03,2020-12-23,2020-12-23,4.8,P,E,1,Option,510300.XSHG,510300.XSHG,XSHG,0,"09:31-11:30,13:01-15:00",10002652
10002661,510300C2007M04900,300ETF购7月4900,10000,2020-07-06,2020-07-22,2020-07-22,4.9,C,E,1,Option,510300.XSHG,510300.XSHG,XSHG,0,"09:31-11:30,13:01-15:00",10002661
10002662,510300P2007M04900,300ETF沽7月4900,10000,2020-07-06,2020-07-22,2020-07-22,4.9,P,E,1,Option,510300.XSHG,510300.XSHG,XSHG,0,"09:31-11:30,13:01-15:00",10002662
10002663,510300C2008M04900,300ETF购8月4900,10000,2020-07-06,2020-08-26,2020-08-26,4.9,C,E,1,Option,510300.XSHG,510300.XSHG,XSHG,0,"09:31-11:30,13:01-15:00",10002663
10002664,510300P2008M04900,300ETF沽8月4900,10000,2020-07-06,2020-08-26,2020-08-26,4.9,P,E,1,Option,510300.XSHG,510300.XSHG,XSHG,0,"09:31-11:30,13:01-15:00",10002664
10002665,510300C2009M04900,300ETF购9月4900,10000,2020-07-06,2020-09-23,2020-09-23,4.9,C,E,1,Option,510300.XSHG,510300.XSHG,XSHG,0,"09:31-11:30,13:01-15:00",10002665
10002666,510300P2009M04900,300ETF沽9月4900,10000,2020-07-06,2020-09-23,2020-09-23,4.9,P,E,1,Option,510300.XSHG,510300.XSHG,XSHG,0,"09:31-11:30,13:01-15:00",10002666
10002667,510300C2012M04900,300ETF购12月4900,10000,2020-07-06,2020-12-23,2020-12-23,4.9,C,E,1,Option,510300.XSHG,510300.XSHG,XSHG,0,"09:31-11:30,13:01-15:00",10002667
10002668,510300P2012M04900,300ETF沽12月4900,10000,2020-07-06,2020-12-23,2020-12-23,4.9,P,E,1,Option,510300.XSHG,510300.XSHG,XSHG,0,"09:31-11:30,13:01-15:00",10002668
10002693,510300C2007M05000,300ETF购7月5000,10000,2020-07-07,2020-07-22,2020-07-22,5.0,C,E,1,Option,510300.XSHG,510300.XSHG,XSHG,0,"09:31-11:30,13:01-15:00",10002693
10002694,510300C2007M05250,300ETF购7月5250,10000,2020-07-07,2020-07-22,2020-07-22,5.25,C,E,1,Option,510300.XSHG,510300.XSHG,XSHG,0,"09:31-11:30,13:01-15:00",10002694
10002695,510300C2007M05500,300ETF购7月5500,10000,2020-07-07,2020-07-22,2020-07-22,5.5,C,E,1,Option,510300.XSHG,510300.XSHG,XSHG,0,"09:31-11:30,13:01-15:00",10002695
10002696,510300P2007M05000,300ETF沽7月5000,10000,2020-07-07,2020-07-22,2020-07-22,5.0,P,E,1,Option,510300.XSHG,510300.XSHG,XSHG,0,"09:31-11:30,13:01-15:00",10002696
10002697,510300P2007M05250,300ETF沽7月5250,10000,2020-07-07,2020-07-22,2020-07-22,5.25,P,E,1,Option,510300.XSHG,510300.XSHG,XSHG,0,"09:31-11:30,13:01-15:00",10002697
10002698,510300P2007M05500,300ETF沽7月5500,10000,2020-07-07,2020-07-22,2020-07-22,5.5,P,E,1,Option,510300.XSHG,510300.XSHG,XSHG,0,"09:31-11:30,13:01-15:00",10002698
10002699,510300C2008M05000,300ETF购8月5000,10000,2020-07-07,2020-08-26,2020-08-26,5.0,C,E,1,Option,510300.XSHG,510300.XSHG,XSHG,0,"09:31-11:30,13:01-15:00",10002699
10002700,510300C2008M05250,300ETF购8月5250,10000,2020-07-07,2020-08-26,2020-08-26,5.25,C,E,1,Option,510300.XSHG,510300.XSHG,XSHG,0,"09:31-11:30,13:01-15:00",10002700
10002701,510300C2008M05500,300ETF购8月5500,10000,2020-07-07,2020-08-26,2020-08-26,5.5,C,E,1,Option,510300.XSHG,510300.XSHG,XSHG,0,"09:31-11:30,13:01-15:00",10002701
10002702,510300P2008M05000,300ETF沽8月5000,10000,2020-07-07,2020-08-26,2020-08-26,5.0,P,E,1,Option,510300.XSHG,510300.XSHG,XSHG,0,"09:31-11:30,13:01-15:00",10002702
10002703,510300P2008M05250,300ETF沽8月5250,10000,2020-07-07,2020-08-26,2020-08-26,5.25,P,E,1,Option,510300.XSHG,510300.XSHG,XSHG,0,"09:31-11:30,13:01-15:00",10002703
10002704,510300P2008M05500,300ETF沽8月5500,10000,2020-07-07,2020-08-26,2020-08-26,5.5,P,E,1,Option,510300.XSHG,510300.XSHG,XSHG,0,"09:31-11:30,13:01-15:00",10002704
10002705,510300C2009M05000,300ETF购9月5000,10000,2020-07-07,2020-09-23,2020-09-23,5.0,C,E,1,Option,510300.XSHG,510300.XSHG,XSHG,0,"09:31-11:30,13:01-15:00",10002705
10002706,510300C2009M05250,300ETF购9月5250,10000,2020-07-07,2020-09-23,2020-09-23,5.25,C,E,1,Option,510300.XSHG,510300.XSHG,XSHG,0,"09:31-11:30,13:01-15:00",10002706
10002707,510300C2009M05500,300ETF购9月5500,10000,2020-07-07,2020-09-23,2020-09-23,5.5,C,E,1,Option,510300.XSHG,510300.XSHG,XSHG,0,"09:31-11:30,13:01-15:00",10002707
10002708,510300P2009M05000,300ETF沽9月5000,10000,2020-07-07,2020-09-23,2020-09-23,5.0,P,E,1,Option,510300.XSHG,510300.XSHG,XSHG,0,"09:31-11:30,13:01-15:00",10002708
10002709,510300P2009M05250,300ETF沽9月5250,10000,2020-07-07,2020-09-23,2020-09-23,5.25,P,E,1,Option,510300.XSHG,510300.XSHG,XSHG,0,"09:31-11:30,13:01-15:00",10002709
10002710,510300P2009M05500,300ETF沽9月5500,10000,2020-07-07,2020-09-23,2020-09-23,5.5,P,E,1,Option,510300.XSHG,510300.XSHG,XSHG,0,"09:31-11:30,13:01-15:00",10002710
10002711,510300C2012M05000,300ETF购12月5000,10000,2020-07-07,2020-12-23,2020-12-23,5.0,C,E,1,Option,510300.XSHG,510300.XSHG,XSHG,0,"09:31-11:30,13:01-15:00",10002711
10002712,510300C2012M05250,300ETF购12月5250,10000,2020-07-07,2020-12-23,2020-12-23,5.25,C,E,1,Option,510300.XSHG,510300.XSHG,XSHG,0,"09:31-11:30,13:01-15:00",10002712
10002713,510300C2012M05500,300ETF购12月5500,10000,2020-07-07,2020-12-23,2020-12-23,5.5,C,E,1,Option,510300.XSHG,510300.XSHG,XSHG,0,"09:31-11:30,13:01-15:00",10002713
10002714,510300P2012M05000,300ETF沽12月5000,10000,2020-07-07,2020-12-23,2020-12-23,5.0,P,E,1,Option,510300.XSHG,510300.XSHG,XSHG,0,"09:31-11:30,13:01-15:00",10002714
10002715,510300P2012M05250,300ETF沽12月5250,10000,2020-07-07,2020-12-23,2020-12-23,5.25,P,E,1,Option,510300.XSHG,510300.XSHG,XSHG,0,"09:31-11:30,13:01-15:00",10002715
10002716,510300P2012M05500,300ETF沽12月5500,10000,2020-07-07,2020-12-23,2020-12-23,5.5,P,E,1,Option,510300.XSHG,510300.XSHG,XSHG,0,"09:31-11:30,13:01-15:00",10002716
10002717,510300C2007M05750,300ETF购7月5750,10000,2020-07-10,2020-07-22,2020-07-22,5.75,C,E,1,Option,510300.XSHG,510300.XSHG,XSHG,0,"09:31-11:30,13:01-15:00",10002717
10002718,510300P2007M05750,300ETF沽7月5750,10000,2020-07-10,2020-07-22,2020-07-22,5.75,P,E,1,Option,510300.XSHG,510300.XSHG,XSHG,0,"09:31-11:30,13:01-15:00",10002718
10002719,510300C2008M05750,300ETF购8月5750,10000,2020-07-10,2020-08-26,2020-08-26,5.75,C,E,1,Option,510300.XSHG,510300.XSHG,XSHG,0,"09:31-11:30,13:01-15:00",10002719
10002720,510300P2008M05750,300ETF沽8月5750,10000,2020-07-10,2020-08-26,2020-08-26,5.75,P,E,1,Option,510300.XSHG,510300.XSHG,XSHG,0,"09:31-11:30,13:01-15:00",10002720
10002721,510300C2009M05750,300ETF购9月5750,10000,2020-07-10,2020-09-23,2020-09-23,5.75,C,E,1,Option,510300.XSHG,510300.XSHG,XSHG,0,"09:31-11:30,13:01-15:00",10002721
10002722,510300P2009M05750,300ETF沽9月5750,10000,2020-07-10,2020-09-23,2020-09-23,5.75,P,E,1,Option,510300.XSHG,510300.XSHG,XSHG,0,"09:31-11:30,13:01-15:00",10002722
10002723,510300C2012M05750,300ETF购12月5750,10000,2020-07-10,2020-12-23,2020-12-23,5.75,C,E,1,Option,510300.XSHG,510300.XSHG,XSHG,0,"09:31-11:30,13:01-15:00",10002723
10002724,510300P2012M05750,300ETF沽12月5750,10000,2020-07-10,2020-12-23,2020-12-23,5.75,P,E,1,Option,510300.XSHG,510300.XSHG,XSHG,0,"09:31-11:30,13:01-15:00",10002724
10002743,510300C2103A04400,300ETF购3月4343A,10132,2020-07-23,2021-03-24,2021-03-24,4.343,C,E,1,Option,510300.XSHG,510300.XSHG,XSHG,0,"09:31-11:30,13:01-15:00",10002743
10002744,510300C2103A04500,300ETF购3月4441A,10132,2020-07-23,2021-03-24,2021-03-24,4.441,C,E,1,Option,510300.XSHG,510300.XSHG,XSHG,0,"09:31-11:30,13:01-15:00",10002744
10002745,510300C2103A04600,300ETF购3月4540A,10132,2020-07-23,2021-03-24,2021-03-24,4.54,C,E,1,Option,510300.XSHG,510300.XSHG,XSHG,0,"09:31-11:30,13:01-15:00",10002745
10002746,510300C2103A04700,300ETF购3月4639A,10132,2020-07-23,2021-03-24,2021-03-24,4.639,C,E,1,Option,510300.XSHG,510300.XSHG,XSHG,0,"09:31-11:30,13:01-15:00",10002746
10002747,510300C2103A04800,300ETF购3月4737A,10132,2020-07-23,2021-03-24,2021-03-24,4.737,C,E,1,Option,510300.XSHG,510300.XSHG,XSHG,0,"09:31-11:30,13:01-15:00",10002747
10002748,510300C2103A04900,300ETF购3月4836A,10132,2020-07-23,2021-03-24,2021-03-24,4.836,C,E,1,Option,510300.XSHG,510300.XSHG,XSHG,0,"09:31-11:30,13:01-15:00",10002748
10002749,510300C2103A05000,300ETF购3月4935A,10132,2020-07-23,2021-03-24,2021-03-24,4.935,C,E,1,Option,510300.XSHG,510300.XSHG,XSHG,0,"09:31-11:30,13:01-15:00",10002749
10002750,510300C2103A05250,300ETF购3月5182A,10132,2020-07-23,2021-03-24,2021-03-24,5.182,C,E,1,Option,510300.XSHG,510300.XSHG,XSHG,0,"09:31-11:30,13:01-15:00",10002750
10002751,510300C2103A05500,300ETF购3月5428A,10132,2020-07-23,2021-03-24,2021-03-24,5.428,C,E,1,Option,510300.XSHG,510300.XSHG,XSHG,0,"09:31-11:30,13:01-15:00",10002751
10002752,510300P2103A04400,300ETF沽3月4343A,10132,2020-07-23,2021-03-24,2021-03-24,4.343,P,E,1,Option,510300.XSHG,510300.XSHG,XSHG,0,"09:31-11:30,13:01-15:00",10002752
10002753,510300P2103A04500,300ETF沽3月4441A,10132,2020-07-23,2021-03-24,2021-03-24,4.441,P,E,1,Option,510300.XSHG,510300.XSHG,XSHG,0,"09:31-11:30,13:01-15:00",10002753
10002754,510300P2103A04600,300ETF沽3月4540A,10132,2020-07-23,2021-03-24,2021-03-24,4.54,P,E,1,Option,510300.XSHG,510300.XSHG,XSHG,0,"09:31-11:30,13:01-15:00",10002754
10002755,510300P2103A04700,300ETF沽3月4639A,10132,2020-07-23,2021-03-24,2021-03-24,4.639,P,E,1,Option,510300.XSHG,510300.XSHG,XSHG,0,"09:31-11:30,13:01-15:00",10002755
10002756,510300P2103A04800,300ETF沽3月4737A,10132,2020-07-23,2021-03-24,2021-03-24,4.737,P,E,1,Option,510300.XSHG,510300.XSHG,XSHG,0,"09:31-11:30,13:01-15:00",10002756
10002757,510300P2103A04900,300ETF沽3月4836A,10132,2020-07-23,2021-03-24,2021-03-24,4.836,P,E,1,Option,510300.XSHG,510300.XSHG,XSHG,0,"09:31-11:30,13:01-15:00",10002757
10002758,510300P2103A05000,300ETF沽3月4935A,10132,2020-07-23,2021-03-24,2021-03-24,4.935,P,E,1,Option,510300.XSHG,510300.XSHG,XSHG,0,"09:31-11:30,13:01-15:00",10002758
10002759,510300P2103A05250,300ETF沽3月5182A,10132,2020-07-23,2021-03-24,2021-03-24,5.182,P,E,1,Option,510300.XSHG,510300.XSHG,XSHG,0,"09:31-11:30,13:01-15:00",10002759
10002760,510300P2103A05500,300ETF沽3月5428A,10132,2020-07-23,2021-03-24,2021-03-24,5.428,P,E,1,Option,510300.XSHG,510300.XSHG,XSHG,0,"09:31-11:30,13:01-15:00",10002760
10002763,510300C2103A04200,300ETF购3月4145A,10132,2020-07-27,2021-03-24,2021-03-24,4.145,C,E,1,Option,510300.XSHG,510300.XSHG,XSHG,0,"09:31-11:30,13:01-15:00",10002763
10002764,510300C2103A04300,300ETF购3月4244A,10132,2020-07-27,2021-03-24,2021-03-24,4.244,C,E,1,Option,510300.XSHG,510300.XSHG,XSHG,0,"09:31-11:30,13:01-15:00",10002764
10002765,510300P2103A04200,300ETF沽3月4145A,10132,2020-07-27,2021-03-24,2021-03-24,4.145,P,E,1,Option,510300.XSHG,510300.XSHG,XSHG,0,"09:31-11:30,13:01-15:00",10002765
10002766,510300P2103A04300,300ETF沽3月4244A,10132,2020-07-27,2021-03-24,2021-03-24,4.244,P,E,1,Option,510300.XSHG,510300.XSHG,XSHG,0,"09:31-11:30,13:01-15:00",10002766
10002769,510300C2103A05750,300ETF购3月5675A,10132,2020-08-18,2021-03-24,2021-03-24,5.675,C,E,1,Option,510300.XSHG,510300.XSHG,XSHG,0,"09:31-11:30,13:01-15:00",10002769
10002770,510300P2103A05750,300ETF沽3月5675A,10132,2020-08-18,2021-03-24,2021-03-24,5.675,P,E,1,Option,510300.XSHG,510300.XSHG,XSHG,0,"09:31-11:30,13:01-15:00",10002770
10002789,510300C2010M04400,300ETF购10月4400,10000,2020-08-27,2020-10-28,2020-10-28,4.4,C,E,1,Option,510300.XSHG,510300.XSHG,XSHG,0,"09:31-11:30,13:01-15:00",10002789
10002790,510300C2010M04500,300ETF购10月4500,10000,2020-08-27,2020-10-28,2020-10-28,4.5,C,E,1,Option,510300.XSHG,510300.XSHG,XSHG,0,"09:31-11:30,13:01-15:00",10002790
10002791,510300C2010M04600,300ETF购10月4600,10000,2020-08-27,2020-10-28,2020-10-28,4.6,C,E,1,Option,510300.XSHG,510300.XSHG,XSHG,0,"09:31-11:30,13:01-15:00",10002791
10002792,510300C2010M04700,300ETF购10月4700,10000,2020-08-27,2020-10-28,2020-10-28,4.7,C,E,1,Option,510300.XSHG,510300.XSHG,XSHG,0,"09:31-11:30,13:01-15:00",10002792
10002793,510300C2010M04800,300ETF购10月4800,10000,2020-08-27,2020-10-28,2020-10-28,4.8,C,E,1,Option,510300.XSHG,510300.XSHG,XSHG,0,"09:31-11:30,13:01-15:00",10002793
10002794,510300C2010M04900,300ETF购10月4900,10000,2020-08-27,2020-10-28,2020-10-28,4.9,C,E,1,Option,510300.XSHG,510300.XSHG,XSHG,0,"09:31-11:30,13:01-15:00",10002794
10002795,510300C2010M05000,300ETF购10月5000,10000,2020-08-27,2020-10-28,2020-10-28,5.0,C,E,1,Option,510300.XSHG,510300.XSHG,XSHG,0,"09:31-11:30,13:01-15:00",10002795
10002796,510300C2010M05250,300ETF购10月5250,10000,2020-08-27,2020-10-28,2020-10-28,5.25,C,E,1,Option,510300.XSHG,510300.XSHG,XSHG,0,"09:31-11:30,13:01-15:00",10002796
10002797,510300C2010M05500,300ETF购10月5500,10000,2020-08-27,2020-10-28,2020-10-28,5.5,C,E,1,Option,510300.XSHG,510300.XSHG,XSHG,0,"09:31-11:30,13:01-15:00",10002797
10002798,510300P2010M04400,300ETF沽10月4400,10000,2020-08-27,2020-10-28,2020-10-28,4.4,P,E,1,Option,510300.XSHG,510300.XSHG,XSHG,0,"09:31-11:30,13:01-15:00",10002798
10002799,510300P2010M04500,300ETF沽10月4500,10000,2020-08-27,2020-10-28,2020-10-28,4.5,P,E,1,Option,510300.XSHG,510300.XSHG,XSHG,0,"09:31-11:30,13:01-15:00",10002799
10002800,510300P2010M04600,300ETF沽10月4600,10000,2020-08-27,2020-10-28,2020-10-28,4.6,P,E,1,Option,510300.XSHG,510300.XSHG,XSHG,0,"09:31-11:30,13:01-15:00",10002800
10002801,510300P2010M04700,300ETF沽10月4700,10000,2020-08-27,2020-10-28,2020-10-28,4.7,P,E,1,Option,510300.XSHG,510300.XSHG,XSHG,0,"09:31-11:30,13:01-15:00",10002801
10002802,510300P2010M04800,300ETF沽10月4800,10000,2020-08-27,2020-10-28,2020-10-28,4.8,P,E,1,Option,510300.XSHG,510300.XSHG,XSHG,0,"09:31-11:30,13:01-15:00",10002802
10002803,510300P2010M04900,300ETF沽10月4900,10000,2020-08-27,2020-10-28,2020-10-28,4.9,P,E,1,Option,510300.XSHG,510300.XSHG,XSHG,0,"09:31-11:30,13:01-15:00",10002803
10002804,510300P2010M05000,300ETF沽10月5000,10000,2020-08-27,2020-10-28,2020-10-28,5.0,P,E,1,Option,510300.XSHG,510300.XSHG,XSHG,0,"09:31-11:30,13:01-15:00",10002804
10002805,510300P2010M05250,300ETF沽10月5250,10000,2020-08-27,2020-10-28,2020-10-28,5.25,P,E,1,Option,510300.XSHG,510300.XSHG,XSHG,0,"09:31-11:30,13:01-15:00",10002805
10002806,510300P2010M05500,300ETF沽10月5500,10000,2020-08-27,2020-10-28,2020-10-28,5.5,P,E,1,Option,510300.XSHG,510300.XSHG,XSHG,0,"09:31-11:30,13:01-15:00",10002806
10002809,510300C2010M05750,300ETF购10月5750,10000,2020-08-31,2020-10-28,2020-10-28,5.75,C,E,1,Option,510300.XSHG,510300.XSHG,XSHG,0,"09:31-11:30,13:01-15:00",10002809
10002810,510300P2010M05750,300ETF沽10月5750,10000,2020-08-31,2020-10-28,2020-10-28,5.75,P,E,1,Option,510300.XSHG,510300.XSHG,XSHG,0,"09:31-11:30,13:01-15:00",10002810
10002811,510300C2010M04300,300ETF购10月4300,10000,2020-09-08,2020-10-28,2020-10-28,4.3,C,E,1,Option,510300.XSHG,510300.XSHG,XSHG,0,"09:31-11:30,13:01-15:00",10002811
10002812,510300P2010M04300,300ETF沽10月4300,10000,2020-09-08,2020-10-28,2020-10-28,4.3,P,E,1,Option,510300.XSHG,510300.XSHG,XSHG,0,"09:31-11:30,13:01-15:00",10002812
10002813,510300C2010M04200,300ETF购10月4200,10000,2020-09-10,2020-10-28,2020-10-28,4.2,C,E,1,Option,510300.XSHG,510300.XSHG,XSHG,0,"09:31-11:30,13:01-15:00",10002813
10002814,510300P2010M04200,300ETF沽10月4200,10000,2020-09-10,2020-10-28,2020-10-28,4.2,P,E,1,Option,510300.XSHG,510300.XSHG,XSHG,0,"09:31-11:30,13:01-15:00",10002814
10002833,510300C2011M04300,300ETF购11月4300,10000,2020-09-24,2020-11-25,2020-11-25,4.3,C,E,1,Option,510300.XSHG,510300.XSHG,XSHG,0,"09:31-11:30,13:01-15:00",10002833
10002834,510300C2011M04400,300ETF购11月4400,10000,2020-09-24,2020-11-25,2020-11-25,4.4,C,E,1,Option,510300.XSHG,510300.XSHG,XSHG,0,"09:31-11:30,13:01-15:00",10002834
10002835,510300C2011M04500,300ETF购11月4500,10000,2020-09-24,2020-11-25,2020-11-25,4.5,C,E,1,Option,510300.XSHG,510300.XSHG,XSHG,0,"09:31-11:30,13:01-15:00",10002835
10002836,510300C2011M04600,300ETF购11月4600,10000,2020-09-24,2020-11-25,2020-11-25,4.6,C,E,1,Option,510300.XSHG,510300.XSHG,XSHG,0,"09:31-11:30,13:01-15:00",10002836
10002837,510300C2011M04700,300ETF购11月4700,10000,2020-09-24,2020-11-25,2020-11-25,4.7,C,E,1,Option,510300.XSHG,510300.XSHG,XSHG,0,"09:31-11:30,13:01-15:00",10002837
10002838,510300C2011M04800,300ETF购11月4800,10000,2020-09-24,2020-11-25,2020-11-25,4.8,C,E,1,Option,510300.XSHG,510300.XSHG,XSHG,0,"09:31-11:30,13:01-15:00",10002838
10002839,510300C2011M04900,300ETF购11月4900,10000,2020-09-24,2020-11-25,2020-11-25,4.9,C,E,1,Option,510300.XSHG,510300.XSHG,XSHG,0,"09:31-11:30,13:01-15:00",10002839
10002840,510300C2011M05000,300ETF购11月5000,10000,2020-09-24,2020-11-25,2020-11-25,5.0,C,E,1,Option,510300.XSHG,510300.XSHG,XSHG,0,"09:31-11:30,13:01-15:00",10002840
10002841,510300C2011M05250,300ETF购11月5250,10000,2020-09-24,2020-11-25,2020-11-25,5.25,C,E,1,Option,510300.XSHG,510300.XSHG,XSHG,0,"09:31-11:30,13:01-15:00",10002841
10002842,510300P2011M04300,300ETF沽11月4300,10000,2020-09-24,2020-11-25,2020-11-25,4.3,P,E,1,Option,510300.XSHG,510300.XSHG,XSHG,0,"09:31-11:30,13:01-15:00",10002842
10002843,510300P2011M04400,300ETF沽11月4400,10000,2020-09-24,2020-11-25,2020-11-25,4.4,P,E,1,Option,510300.XSHG,510300.XSHG,XSHG,0,"09:31-11:30,13:01-15:00",10002843
10002844,510300P2011M04500,300ETF沽11月4500,10000,2020-09-24,2020-11-25,2020-11-25,4.5,P,E,1,Option,510300.XSHG,510300.XSHG,XSHG,0,"09:31-11:30,13:01-15:00",10002844
10002845,510300P2011M04600,300ETF沽11月4600,10000,2020-09-24,2020-11-25,2020-11-25,4.6,P,E,1,Option,510300.XSHG,510300.XSHG,XSHG,0,"09:31-11:30,13:01-15:00",10002845
10002846,510300P2011M04700,300ETF沽11月4700,10000,2020-09-24,2020-11-25,2020-11-25,4.7,P,E,1,Option,510300.XSHG,510300.XSHG,XSHG,0,"09:31-11:30,13:01-15:00",10002846
10002847,510300P2011M04800,300ETF沽11月4800,10000,2020-09-24,2020-11-25,2020-11-25,4.8,P,E,1,Option,510300.XSHG,510300.XSHG,XSHG,0,"09:31-11:30,13:01-15:00",10002847
10002848,510300P2011M04900,300ETF沽11月4900,10000,2020-09-24,2020-11-25,2020-11-25,4.9,P,E,1,Option,510300.XSHG,510300.XSHG,XSHG,0,"09:31-11:30,13:01-15:00",10002848
10002849,510300P2011M05000,300ETF沽11月5000,10000,2020-09-24,2020-11-25,2020-11-25,5.0,P,E,1,Option,510300.XSHG,510300.XSHG,XSHG,0,"09:31-11:30,13:01-15:00",10002849
10002850,510300P2011M05250,300ETF沽11月5250,10000,2020-09-24,2020-11-25,2020-11-25,5.25,P,E,1,Option,510300.XSHG,510300.XSHG,XSHG,0,"09:31-11:30,13:01-15:00",10002850
10002851,510300C2011M04200,300ETF购11月4200,10000,2020-09-25,2020-11-25,2020-11-25,4.2,C,E,1,Option,510300.XSHG,510300.XSHG,XSHG,0,"09:31-11:30,13:01-15:00",10002851
10002852,510300P2011M04200,300ETF沽11月4200,10000,2020-09-25,2020-11-25,2020-11-25,4.2,P,E,1,Option,510300.XSHG,510300.XSHG,XSHG,0,"09:31-11:30,13:01-15:00",10002852
10002855,510300C2011M05500,300ETF购11月5500,10000,2020-10-13,2020-11-25,2020-11-25,5.5,C,E,1,Option,510300.XSHG,510300.XSHG,XSHG,0,"09:31-11:30,13:01-15:00",10002855
10002856,510300C2011M05750,300ETF购11月5750,10000,2020-10-13,2020-11-25,2020-11-25,5.75,C,E,1,Option,510300.XSHG,510300.XSHG,XSHG,0,"09:31-11:30,13:01-15:00",10002856
10002857,510300P2011M05500,300ETF沽11月5500,10000,2020-10-13,2020-11-25,2020-11-25,5.5,P,E,1,Option,510300.XSHG,510300.XSHG,XSHG,0,"09:31-11:30,13:01-15:00",10002857
10002858,510300P2011M05750,300ETF沽11月5750,10000,2020-10-13,2020-11-25,2020-11-25,5.75,P,E,1,Option,510300.XSHG,510300.XSHG,XSHG,0,"09:31-11:30,13:01-15:00",10002858
10002877,510300C2106A04400,300ETF购6月4343A,10132,2020-10-29,2021-06-23,2021-06-23,4.343,C,E,1,Option,510300.XSHG,510300.XSHG,XSHG,0,"09:31-11:30,13:01-15:00",10002877
10002878,510300C2106A04500,300ETF购6月4441A,10132,2020-10-29,2021-06-23,2021-06-23,4.441,C,E,1,Option,510300.XSHG,510300.XSHG,XSHG,0,"09:31-11:30,13:01-15:00",10002878
10002879,510300C2106A04600,300ETF购6月4540A,10132,2020-10-29,2021-06-23,2021-06-23,4.54,C,E,1,Option,510300.XSHG,510300.XSHG,XSHG,0,"09:31-11:30,13:01-15:00",10002879
10002880,510300C2106A04700,300ETF购6月4639A,10132,2020-10-29,2021-06-23,2021-06-23,4.639,C,E,1,Option,510300.XSHG,510300.XSHG,XSHG,0,"09:31-11:30,13:01-15:00",10002880
10002881,510300C2106A04800,300ETF购6月4737A,10132,2020-10-29,2021-06-23,2021-06-23,4.737,C,E,1,Option,510300.XSHG,510300.XSHG,XSHG,0,"09:31-11:30,13:01-15:00",10002881
10002882,510300C2106A04900,300ETF购6月4836A,10132,2020-10-29,2021-06-23,2021-06-23,4.836,C,E,1,Option,510300.XSHG,510300.XSHG,XSHG,0,"09:31-11:30,13:01-15:00",10002882
10002883,510300C2106A05000,300ETF购6月4935A,10132,2020-10-29,2021-06-23,2021-06-23,4.935,C,E,1,Option,510300.XSHG,510300.XSHG,XSHG,0,"09:31-11:30,13:01-15:00",10002883
10002884,510300C2106A05250,300ETF购6月5182A,10132,2020-10-29,2021-06-23,2021-06-23,5.182,C,E,1,Option,510300.XSHG,510300.XSHG,XSHG,0,"09:31-11:30,13:01-15:00",10002884
10002885,510300C2106A05500,300ETF购6月5428A,10132,2020-10-29,2021-06-23,2021-06-23,5.428,C,E,1,Option,510300.XSHG,510300.XSHG,XSHG,0,"09:31-11:30,13:01-15:00",10002885
10002886,510300P2106A04400,300ETF沽6月4343A,10132,2020-10-29,2021-06-23,2021-06-23,4.343,P,E,1,Option,510300.XSHG,510300.XSHG,XSHG,0,"09:31-11:30,13:01-15:00",10002886
10002887,510300P2106A04500,300ETF沽6月4441A,10132,2020-10-29,2021-06-23,2021-06-23,4.441,P,E,1,Option,510300.XSHG,510300.XSHG,XSHG,0,"09:31-11:30,13:01-15:00",10002887
10002888,510300P2106A04600,300ETF沽6月4540A,10132,2020-10-29,2021-06-23,2021-06-23,4.54,P,E,1,Option,510300.XSHG,510300.XSHG,XSHG,0,"09:31-11:30,13:01-15:00",10002888
10002889,510300P2106A04700,300ETF沽6月4639A,10132,2020-10-29,2021-06-23,2021-06-23,4.639,P,E,1,Option,510300.XSHG,510300.XSHG,XSHG,0,"09:31-11:30,13:01-15:00",10002889
10002890,510300P2106A04800,300ETF沽6月4737A,10132,2020-10-29,2021-06-23,2021-06-23,4.737,P,E,1,Option,510300.XSHG,510300.XSHG,XSHG,0,"09:31-11:30,13:01-15:00",10002890
10002891,510300P2106A04900,300ETF沽6月4836A,10132,2020-10-29,2021-06-23,2021-06-23,4.836,P,E,1,Option,510300.XSHG,510300.XSHG,XSHG,0,"09:31-11:30,13:01-15:00",10002891
10002892,510300P2106A05000,300ETF沽6月4935A,10132,2020-10-29,2021-06-23,2021-06-23,4.935,P,E,1,Option,510300.XSHG,510300.XSHG,XSHG,0,"09:31-11:30,13:01-15:00",10002892
10002893,510300P2106A05250,300ETF沽6月5182A,10132,2020-10-29,2021-06-23,2021-06-23,5.182,P,E,1,Option,510300.XSHG,510300.XSHG,XSHG,0,"09:31-11:30,13:01-15:00",10002893
10002894,510300P2106A05500,300ETF沽6月5428A,10132,2020-10-29,2021-06-23,2021-06-23,5.428,P,E,1,Option,510300.XSHG,510300.XSHG,XSHG,0,"09:31-11:30,13:01-15:00",10002894
10002897,510300C2106A05750,300ETF购6月5675A,10132,2020-11-05,2021-06-23,2021-06-23,5.675,C,E,1,Option,510300.XSHG,510300.XSHG,XSHG,0,"09:31-11:30,13:01-15:00",10002897
10002898,510300P2106A05750,300ETF沽6月5675A,10132,2020-11-05,2021-06-23,2021-06-23,5.675,P,E,1,Option,510300.XSHG,510300.XSHG,XSHG,0,"09:31-11:30,13:01-15:00",10002898
10002899,510300C2011M06000,300ETF购11月6000,10000,2020-11-09,2020-11-25,2020-11-25,6.0,C,E,1,Option,510300.XSHG,510300.XSHG,XSHG,0,"09:31-11:30,13:01-15:00",10002899
10002900,510300P2011M06000,300ETF沽11月6000,10000,2020-11-09,2020-11-25,2020-11-25,6.0,P,E,1,Option,510300.XSHG,510300.XSHG,XSHG,0,"09:31-11:30,13:01-15:00",10002900
10002901,510300C2012M06000,300ETF购12月6000,10000,2020-11-09,2020-12-23,2020-12-23,6.0,C,E,1,Option,510300.XSHG,510300.XSHG,XSHG,0,"09:31-11:30,13:01-15:00",10002901
10002902,510300P2012M06000,300ETF沽12月6000,10000,2020-11-09,2020-12-23,2020-12-23,6.0,P,E,1,Option,510300.XSHG,510300.XSHG,XSHG,0,"09:31-11:30,13:01-15:00",10002902
10002903,510300C2103A06000,300ETF购3月5922A,10132,2020-11-09,2021-03-24,2021-03-24,5.922,C,E,1,Option,510300.XSHG,510300.XSHG,XSHG,0,"09:31-11:30,13:01-15:00",10002903
10002904,510300P2103A06000,300ETF沽3月5922A,10132,2020-11-09,2021-03-24,2021-03-24,5.922,P,E,1,Option,510300.XSHG,510300.XSHG,XSHG,0,"09:31-11:30,13:01-15:00",10002904
10002905,510300C2106A06000,300ETF购6月5922A,10132,2020-11-09,2021-06-23,2021-06-23,5.922,C,E,1,Option,510300.XSHG,510300.XSHG,XSHG,0,"09:31-11:30,13:01-15:00",10002905
10002906,510300P2106A06000,300ETF沽6月5922A,10132,2020-11-09,2021-06-23,2021-06-23,5.922,P,E,1,Option,510300.XSHG,510300.XSHG,XSHG,0,"09:31-11:30,13:01-15:00",10002906
10002931,510300C2101A04600,300ETF购1月4540A,10132,2020-11-26,2021-01-27,2021-01-27,4.54,C,E,1,Option,510300.XSHG,510300.XSHG,XSHG,0,"09:31-11:30,13:01-15:00",10002931
10002932,510300C2101A04700,300ETF购1月4639A,10132,2020-11-26,2021-01-27,2021-01-27,4.639,C,E,1,Option,510300.XSHG,510300.XSHG,XSHG,0,"09:31-11:30,13:01-15:00",10002932
10002933,510300C2101A04800,300ETF购1月4737A,10132,2020-11-26,2021-01-27,2021-01-27,4.737,C,E,1,Option,510300.XSHG,510300.XSHG,XSHG,0,"09:31-11:30,13:01-15:00",10002933
10002934,510300C2101A04900,300ETF购1月4836A,10132,2020-11-26,2021-01-27,2021-01-27,4.836,C,E,1,Option,510300.XSHG,510300.XSHG,XSHG,0,"09:31-11:30,13:01-15:00",10002934
10002935,510300C2101A05000,300ETF购1月4935A,10132,2020-11-26,2021-01-27,2021-01-27,4.935,C,E,1,Option,510300.XSHG,510300.XSHG,XSHG,0,"09:31-11:30,13:01-15:00",10002935
10002936,510300C2101A05250,300ETF购1月5182A,10132,2020-11-26,2021-01-27,2021-01-27,5.182,C,E,1,Option,510300.XSHG,510300.XSHG,XSHG,0,"09:31-11:30,13:01-15:00",10002936
10002937,510300C2101A05500,300ETF购1月5428A,10132,2020-11-26,2021-01-27,2021-01-27,5.428,C,E,1,Option,510300.XSHG,510300.XSHG,XSHG,0,"09:31-11:30,13:01-15:00",10002937
10002938,510300C2101A05750,300ETF购1月5675A,10132,2020-11-26,2021-01-27,2021-01-27,5.675,C,E,1,Option,510300.XSHG,510300.XSHG,XSHG,0,"09:31-11:30,13:01-15:00",10002938
10002939,510300C2101A06000,300ETF购1月5922A,10132,2020-11-26,2021-01-27,2021-01-27,5.922,C,E,1,Option,510300.XSHG,510300.XSHG,XSHG,0,"09:31-11:30,13:01-15:00",10002939
10002940,510300P2101A04600,300ETF沽1月4540A,10132,2020-11-26,2021-01-27,2021-01-27,4.54,P,E,1,Option,510300.XSHG,510300.XSHG,XSHG,0,"09:31-11:30,13:01-15:00",10002940
10002941,510300P2101A04700,300ETF沽1月4639A,10132,2020-11-26,2021-01-27,2021-01-27,4.639,P,E,1,Option,510300.XSHG,510300.XSHG,XSHG,0,"09:31-11:30,13:01-15:00",10002941
10002942,510300P2101A04800,300ETF沽1月4737A,10132,2020-11-26,2021-01-27,2021-01-27,4.737,P,E,1,Option,510300.XSHG,510300.XSHG,XSHG,0,"09:31-11:30,13:01-15:00",10002942
10002943,510300P2101A04900,300ETF沽1月4836A,10132,2020-11-26,2021-01-27,2021-01-27,4.836,P,E,1,Option,510300.XSHG,510300.XSHG,XSHG,0,"09:31-11:30,13:01-15:00",10002943
10002944,510300P2101A05000,300ETF沽1月4935A,10132,2020-11-26,2021-01-27,2021-01-27,4.935,P,E,1,Option,510300.XSHG,510300.XSHG,XSHG,0,"09:31-11:30,13:01-15:00",10002944
10002945,510300P2101A05250,300ETF沽1月5182A,10132,2020-11-26,2021-01-27,2021-01-27,5.182,P,E,1,Option,510300.XSHG,510300.XSHG,XSHG,0,"09:31-11:30,13:01-15:00",10002945
10002946,510300P2101A05500,300ETF沽1月5428A,10132,2020-11-26,2021-01-27,2021-01-27,5.428,P,E,1,Option,510300.XSHG,510300.XSHG,XSHG,0,"09:31-11:30,13:01-15:00",10002946
10002947,510300P2101A05750,300ETF沽1月5675A,10132,2020-11-26,2021-01-27,2021-01-27,5.675,P,E,1,Option,510300.XSHG,510300.XSHG,XSHG,0,"09:31-11:30,13:01-15:00",10002947
10002948,510300P2101A06000,300ETF沽1月5922A,10132,2020-11-26,2021-01-27,2021-01-27,5.922,P,E,1,Option,510300.XSHG,510300.XSHG,XSHG,0,"09:31-11:30,13:01-15:00",10002948
10003029,510300C2012M06250,300ETF购12月6250,10000,2020-12-02,2020-12-23,2020-12-23,6.25,C,E,1,Option,510300.XSHG,510300.XSHG,XSHG,0,"09:31-11:30,13:01-15:00",10003029
10003030,510300P2012M06250,300ETF沽12月6250,10000,2020-12-02,2020-12-23,2020-12-23,6.25,P,E,1,Option,510300.XSHG,510300.XSHG,XSHG,0,"09:31-11:30,13:01-15:00",10003030
10003031,510300C2101A06250,300ETF购1月6169A,10132,2020-12-02,2021-01-27,2021-01-27,6.169,C,E,1,Option,510300.XSHG,510300.XSHG,XSHG,0,"09:31-11:30,13:01-15:00",10003031
10003032,510300P2101A06250,300ETF沽1月6169A,10132,2020-12-02,2021-01-27,2021-01-27,6.169,P,E,1,Option,510300.XSHG,510300.XSHG,XSHG,0,"09:31-11:30,13:01-15:00",10003032
10003033,510300C2103A06250,300ETF购3月6169A,10132,2020-12-02,2021-03-24,2021-03-24,6.169,C,E,1,Option,510300.XSHG,510300.XSHG,XSHG,0,"09:31-11:30,13:01-15:00",10003033
10003034,510300P2103A06250,300ETF沽3月6169A,10132,2020-12-02,2021-03-24,2021-03-24,6.169,P,E,1,Option,510300.XSHG,510300.XSHG,XSHG,0,"09:31-11:30,13:01-15:00",10003034
10003035,510300C2106A06250,300ETF购6月6169A,10132,2020-12-02,2021-06-23,2021-06-23,6.169,C,E,1,Option,510300.XSHG,510300.XSHG,XSHG,0,"09:31-11:30,13:01-15:00",10003035
10003036,510300P2106A06250,300ETF沽6月6169A,10132,2020-12-02,2021-06-23,2021-06-23,6.169,P,E,1,Option,510300.XSHG,510300.XSHG,XSHG,0,"09:31-11:30,13:01-15:00",10003036
10003063,510300C2102A04600,300ETF购2月4540A,10132,2020-12-24,2021-02-24,2021-02-24,4.54,C,E,1,Option,510300.XSHG,510300.XSHG,XSHG,0,"09:31-11:30,13:01-15:00",10003063
10003064,510300C2102A04700,300ETF购2月4639A,10132,2020-12-24,2021-02-24,2021-02-24,4.639,C,E,1,Option,510300.XSHG,510300.XSHG,XSHG,0,"09:31-11:30,13:01-15:00",10003064
10003065,510300C2102A04800,300ETF购2月4737A,10132,2020-12-24,2021-02-24,2021-02-24,4.737,C,E,1,Option,510300.XSHG,510300.XSHG,XSHG,0,"09:31-11:30,13:01-15:00",10003065
10003066,510300C2102A04900,300ETF购2月4836A,10132,2020-12-24,2021-02-24,2021-02-24,4.836,C,E,1,Option,510300.XSHG,510300.XSHG,XSHG,0,"09:31-11:30,13:01-15:00",10003066
10003067,510300C2102A05000,300ETF购2月4935A,10132,2020-12-24,2021-02-24,2021-02-24,4.935,C,E,1,Option,510300.XSHG,510300.XSHG,XSHG,0,"09:31-11:30,13:01-15:00",10003067
10003068,510300C2102A05250,300ETF购2月5182A,10132,2020-12-24,2021-02-24,2021-02-24,5.182,C,E,1,Option,510300.XSHG,510300.XSHG,XSHG,0,"09:31-11:30,13:01-15:00",10003068
10003069,510300C2102A05500,300ETF购2月5428A,10132,2020-12-24,2021-02-24,2021-02-24,5.428,C,E,1,Option,510300.XSHG,510300.XSHG,XSHG,0,"09:31-11:30,13:01-15:00",10003069
10003070,510300C2102A05750,300ETF购2月5675A,10132,2020-12-24,2021-02-24,2021-02-24,5.675,C,E,1,Option,510300.XSHG,510300.XSHG,XSHG,0,"09:31-11:30,13:01-15:00",10003070
10003071,510300C2102A06000,300ETF购2月5922A,10132,2020-12-24,2021-02-24,2021-02-24,5.922,C,E,1,Option,510300.XSHG,510300.XSHG,XSHG,0,"09:31-11:30,13:01-15:00",10003071
10003072,510300P2102A04600,300ETF沽2月4540A,10132,2020-12-24,2021-02-24,2021-02-24,4.54,P,E,1,Option,510300.XSHG,510300.XSHG,XSHG,0,"09:31-11:30,13:01-15:00",10003072
10003073,510300P2102A04700,300ETF沽2月4639A,10132,2020-12-24,2021-02-24,2021-02-24,4.639,P,E,1,Option,510300.XSHG,510300.XSHG,XSHG,0,"09:31-11:30,13:01-15:00",10003073
10003074,510300P2102A04800,300ETF沽2月4737A,10132,2020-12-24,2021-02-24,2021-02-24,4.737,P,E,1,Option,510300.XSHG,510300.XSHG,XSHG,0,"09:31-11:30,13:01-15:00",10003074
10003075,510300P2102A04900,300ETF沽2月4836A,10132,2020-12-24,2021-02-24,2021-02-24,4.836,P,E,1,Option,510300.XSHG,510300.XSHG,XSHG,0,"09:31-11:30,13:01-15:00",10003075
10003076,510300P2102A05000,300ETF沽2月4935A,10132,2020-12-24,2021-02-24,2021-02-24,4.935,P,E,1,Option,510300.XSHG,510300.XSHG,XSHG,0,"09:31-11:30,13:01-15:00",10003076
10003077,510300P2102A05250,300ETF沽2月5182A,10132,2020-12-24,2021-02-24,2021-02-24,5.182,P,E,1,Option,510300.XSHG,510300.XSHG,XSHG,0,"09:31-11:30,13:01-15:00",10003077
10003078,510300P2102A05500,300ETF沽2月5428A,10132,2020-12-24,2021-02-24,2021-02-24,5.428,P,E,1,Option,510300.XSHG,510300.XSHG,XSHG,0,"09:31-11:30,13:01-15:00",10003078
10003079,510300P2102A05750,300ETF沽2月5675A,10132,2020-12-24,2021-02-24,2021-02-24,5.675,P,E,1,Option,510300.XSHG,510300.XSHG,XSHG,0,"09:31-11:30,13:01-15:00",10003079
10003080,510300P2102A06000,300ETF沽2月5922A,10132,2020-12-24,2021-02-24,2021-02-24,5.922,P,E,1,Option,510300.XSHG,510300.XSHG,XSHG,0,"09:31-11:30,13:01-15:00",10003080
10003081,510300C2102A06250,300ETF购2月6169A,10132,2020-12-29,2021-02-24,2021-02-24,6.169,C,E,1,Option,510300.XSHG,510300.XSHG,XSHG,0,"09:31-11:30,13:01-15:00",10003081
10003082,510300P2102A06250,300ETF沽2月6169A,10132,2020-12-29,2021-02-24,2021-02-24,6.169,P,E,1,Option,510300.XSHG,510300.XSHG,XSHG,0,"09:31-11:30,13:01-15:00",10003082
10003093,510300C2101A06500,300ETF购1月6415A,10132,2021-01-06,2021-01-27,2021-01-27,6.415,C,E,1,Option,510300.XSHG,510300.XSHG,XSHG,0,"09:31-11:30,13:01-15:00",10003093
10003094,510300P2101A06500,300ETF沽1月6415A,10132,2021-01-06,2021-01-27,2021-01-27,6.415,P,E,1,Option,510300.XSHG,510300.XSHG,XSHG,0,"09:31-11:30,13:01-15:00",10003094
10003095,510300C2102A06500,300ETF购2月6415A,10132,2021-01-06,2021-02-24,2021-02-24,6.415,C,E,1,Option,510300.XSHG,510300.XSHG,XSHG,0,"09:31-11:30,13:01-15:00",10003095
10003096,510300P2102A06500,300ETF沽2月6415A,10132,2021-01-06,2021-02-24,2021-02-24,6.415,P,E,1,Option,510300.XSHG,510300.XSHG,XSHG,0,"09:31-11:30,13:01-15:00",10003096
10003097,510300C2103A06500,300ETF购3月6415A,10132,2021-01-06,2021-03-24,2021-03-24,6.415,C,E,1,Option,510300.XSHG,510300.XSHG,XSHG,0,"09:31-11:30,13:01-15:00",10003097
10003098,510300P2103A06500,300ETF沽3月6415A,10132,2021-01-06,2021-03-24,2021-03-24,6.415,P,E,1,Option,510300.XSHG,510300.XSHG,XSHG,0,"09:31-11:30,13:01-15:00",10003098
10003099,510300C2106A06500,300ETF购6月6415A,10132,2021-01-06,2021-06-23,2021-06-23,6.415,C,E,1,Option,510300.XSHG,510300.XSHG,XSHG,0,"09:31-11:30,13:01-15:00",10003099
10003100,510300P2106A06500,300ETF沽6月6415A,10132,2021-01-06,2021-06-23,2021-06-23,6.415,P,E,1,Option,510300.XSHG,510300.XSHG,XSHG,0,"09:31-11:30,13:01-15:00",10003100
10003117,510300C2101A06750,300ETF购1月6662A,10132,2021-01-13,2021-01-27,2021-01-27,6.662,C,E,1,Option,510300.XSHG,510300.XSHG,XSHG,0,"09:31-11:30,13:01-15:00",10003117
10003118,510300P2101A06750,300ETF沽1月6662A,10132,2021-01-13,2021-01-27,2021-01-27,6.662,P,E,1,Option,510300.XSHG,510300.XSHG,XSHG,0,"09:31-11:30,13:01-15:00",10003118
10003119,510300C2102A06750,300ETF购2月6662A,10132,2021-01-13,2021-02-24,2021-02-24,6.662,C,E,1,Option,510300.XSHG,510300.XSHG,XSHG,0,"09:31-11:30,13:01-15:00",10003119
10003120,510300P2102A06750,300ETF沽2月6662A,10132,2021-01-13,2021-02-24,2021-02-24,6.662,P,E,1,Option,510300.XSHG,510300.XSHG,XSHG,0,"09:31-11:30,13:01-15:00",10003120
10003121,510300C2103A06750,300ETF购3月6662A,10132,2021-01-13,2021-03-24,2021-03-24,6.662,C,E,1,Option,510300.XSHG,510300.XSHG,XSHG,0,"09:31-11:30,13:01-15:00",10003121
10003122,510300P2103A06750,300ETF沽3月6662A,10132,2021-01-13,2021-03-24,2021-03-24,6.662,P,E,1,Option,510300.XSHG,510300.XSHG,XSHG,0,"09:31-11:30,13:01-15:00",10003122
10003123,510300C2106A06750,300ETF购6月6662A,10132,2021-01-13,2021-06-23,2021-06-23,6.662,C,E,1,Option,510300.XSHG,510300.XSHG,XSHG,0,"09:31-11:30,13:01-15:00",10003123
10003124,510300P2106A06750,300ETF沽6月6662A,10132,2021-01-13,2021-06-23,2021-06-23,6.662,P,E,1,Option,510300.XSHG,510300.XSHG,XSHG,0,"09:31-11:30,13:01-15:00",10003124
10003125,510300C2101M04800,300ETF购1月4800,10000,2021-01-18,2021-01-27,2021-01-27,4.8,C,E,1,Option,510300.XSHG,510300.XSHG,XSHG,0,"09:31-11:30,13:01-15:00",10003125
10003126,510300C2101M04900,300ETF购1月4900,10000,2021-01-18,2021-01-27,2021-01-27,4.9,C,E,1,Option,510300.XSHG,510300.XSHG,XSHG,0,"09:31-11:30,13:01-15:00",10003126
10003127,510300C2101M05000,300ETF购1月5000,10000,2021-01-18,2021-01-27,2021-01-27,5.0,C,E,1,Option,510300.XSHG,510300.XSHG,XSHG,0,"09:31-11:30,13:01-15:00",10003127
10003128,510300C2101M05250,300ETF购1月5250,10000,2021-01-18,2021-01-27,2021-01-27,5.25,C,E,1,Option,510300.XSHG,510300.XSHG,XSHG,0,"09:31-11:30,13:01-15:00",10003128
10003129,510300C2101M05500,300ETF购1月5500,10000,2021-01-18,2021-01-27,2021-01-27,5.5,C,E,1,Option,510300.XSHG,510300.XSHG,XSHG,0,"09:31-11:30,13:01-15:00",10003129
10003130,510300C2101M05750,300ETF购1月5750,10000,2021-01-18,2021-01-27,2021-01-27,5.75,C,E,1,Option,510300.XSHG,510300.XSHG,XSHG,0,"09:31-11:30,13:01-15:00",10003130
10003131,510300C2101M06000,300ETF购1月6000,10000,2021-01-18,2021-01-27,2021-01-27,6.0,C,E,1,Option,510300.XSHG,510300.XSHG,XSHG,0,"09:31-11:30,13:01-15:00",10003131
10003132,510300C2101M06250,300ETF购1月6250,10000,2021-01-18,2021-01-27,2021-01-27,6.25,C,E,1,Option,510300.XSHG,510300.XSHG,XSHG,0,"09:31-11:30,13:01-15:00",10003132
10003133,510300C2101M06500,300ETF购1月6500,10000,2021-01-18,2021-01-27,2021-01-27,6.5,C,E,1,Option,510300.XSHG,510300.XSHG,XSHG,0,"09:31-11:30,13:01-15:00",10003133
10003134,510300P2101M04800,300ETF沽1月4800,10000,2021-01-18,2021-01-27,2021-01-27,4.8,P,E,1,Option,510300.XSHG,510300.XSHG,XSHG,0,"09:31-11:30,13:01-15:00",10003134
10003135,510300P2101M04900,300ETF沽1月4900,10000,2021-01-18,2021-01-27,2021-01-27,4.9,P,E,1,Option,510300.XSHG,510300.XSHG,XSHG,0,"09:31-11:30,13:01-15:00",10003135
10003136,510300P2101M05000,300ETF沽1月5000,10000,2021-01-18,2021-01-27,2021-01-27,5.0,P,E,1,Option,510300.XSHG,510300.XSHG,XSHG,0,"09:31-11:30,13:01-15:00",10003136
10003137,510300P2101M05250,300ETF沽1月5250,10000,2021-01-18,2021-01-27,2021-01-27,5.25,P,E,1,Option,510300.XSHG,510300.XSHG,XSHG,0,"09:31-11:30,13:01-15:00",10003137
10003138,510300P2101M05500,300ETF沽1月5500,10000,2021-01-18,2021-01-27,2021-01-27,5.5,P,E,1,Option,510300.XSHG,510300.XSHG,XSHG,0,"09:31-11:30,13:01-15:00",10003138
10003139,510300P2101M05750,300ETF沽1月5750,10000,2021-01-18,2021-01-27,2021-01-27,5.75,P,E,1,Option,510300.XSHG,510300.XSHG,XSHG,0,"09:31-11:30,13:01-15:00",10003139
10003140,510300P2101M06000,300ETF沽1月6000,10000,2021-01-18,2021-01-27,2021-01-27,6.0,P,E,1,Option,510300.XSHG,510300.XSHG,XSHG,0,"09:31-11:30,13:01-15:00",10003140
10003141,510300P2101M06250,300ETF沽1月6250,10000,2021-01-18,2021-01-27,2021-01-27,6.25,P,E,1,Option,510300.XSHG,510300.XSHG,XSHG,0,"09:31-11:30,13:01-15:00",10003141
10003142,510300P2101M06500,300ETF沽1月6500,10000,2021-01-18,2021-01-27,2021-01-27,6.5,P,E,1,Option,510300.XSHG,510300.XSHG,XSHG,0,"09:31-11:30,13:01-15:00",10003142
10003143,510300C2102M04800,300ETF购2月4800,10000,2021-01-18,2021-02-24,2021-02-24,4.8,C,E,1,Option,510300.XSHG,510300.XSHG,XSHG,0,"09:31-11:30,13:01-15:00",10003143
10003144,510300C2102M04900,300ETF购2月4900,10000,2021-01-18,2021-02-24,2021-02-24,4.9,C,E,1,Option,510300.XSHG,510300.XSHG,XSHG,0,"09:31-11:30,13:01-15:00",10003144
10003145,510300C2102M05000,300ETF购2月5000,10000,2021-01-18,2021-02-24,2021-02-24,5.0,C,E,1,Option,510300.XSHG,510300.XSHG,XSHG,0,"09:31-11:30,13:01-15:00",10003145
10003146,510300C2102M05250,300ETF购2月5250,10000,2021-01-18,2021-02-24,2021-02-24,5.25,C,E,1,Option,510300.XSHG,510300.XSHG,XSHG,0,"09:31-11:30,13:01-15:00",10003146
10003147,510300C2102M05500,300ETF购2月5500,10000,2021-01-18,2021-02-24,2021-02-24,5.5,C,E,1,Option,510300.XSHG,510300.XSHG,XSHG,0,"09:31-11:30,13:01-15:00",10003147
10003148,510300C2102M05750,300ETF购2月5750,10000,2021-01-18,2021-02-24,2021-02-24,5.75,C,E,1,Option,510300.XSHG,510300.XSHG,XSHG,0,"09:31-11:30,13:01-15:00",10003148
10003149,510300C2102M06000,300ETF购2月6000,10000,2021-01-18,2021-02-24,2021-02-24,6.0,C,E,1,Option,510300.XSHG,510300.XSHG,XSHG,0,"09:31-11:30,13:01-15:00",10003149
10003150,510300C2102M06250,300ETF购2月6250,10000,2021-01-18,2021-02-24,2021-02-24,6.25,C,E,1,Option,510300.XSHG,510300.XSHG,XSHG,0,"09:31-11:30,13:01-15:00",10003150
10003151,510300C2102M06500,300ETF购2月6500,10000,2021-01-18,2021-02-24,2021-02-24,6.5,C,E,1,Option,510300.XSHG,510300.XSHG,XSHG,0,"09:31-11:30,13:01-15:00",10003151
10003152,510300P2102M04800,300ETF沽2月4800,10000,2021-01-18,2021-02-24,2021-02-24,4.8,P,E,1,Option,510300.XSHG,510300.XSHG,XSHG,0,"09:31-11:30,13:01-15:00",10003152
10003153,510300P2102M04900,300ETF沽2月4900,10000,2021-01-18,2021-02-24,2021-02-24,4.9,P,E,1,Option,510300.XSHG,510300.XSHG,XSHG,0,"09:31-11:30,13:01-15:00",10003153
10003154,510300P2102M05000,300ETF沽2月5000,10000,2021-01-18,2021-02-24,2021-02-24,5.0,P,E,1,Option,510300.XSHG,510300.XSHG,XSHG,0,"09:31-11:30,13:01-15:00",10003154
10003155,510300P2102M05250,300ETF沽2月5250,10000,2021-01-18,2021-02-24,2021-02-24,5.25,P,E,1,Option,510300.XSHG,510300.XSHG,XSHG,0,"09:31-11:30,13:01-15:00",10003155
10003156,510300P2102M05500,300ETF沽2月5500,10000,2021-01-18,2021-02-24,2021-02-24,5.5,P,E,1,Option,510300.XSHG,510300.XSHG,XSHG,0,"09:31-11:30,13:01-15:00",10003156
10003157,510300P2102M05750,300ETF沽2月5750,10000,2021-01-18,2021-02-24,2021-02-24,5.75,P,E,1,Option,510300.XSHG,510300.XSHG,XSHG,0,"09:31-11:30,13:01-15:00",10003157
10003158,510300P2102M06000,300ETF沽2月6000,10000,2021-01-18,2021-02-24,2021-02-24,6.0,P,E,1,Option,510300.XSHG,510300.XSHG,XSHG,0,"09:31-11:30,13:01-15:00",10003158
10003159,510300P2102M06250,300ETF沽2月6250,10000,2021-01-18,2021-02-24,2021-02-24,6.25,P,E,1,Option,510300.XSHG,510300.XSHG,XSHG,0,"09:31-11:30,13:01-15:00",10003159
10003160,510300P2102M06500,300ETF沽2月6500,10000,2021-01-18,2021-02-24,2021-02-24,6.5,P,E,1,Option,510300.XSHG,510300.XSHG,XSHG,0,"09:31-11:30,13:01-15:00",10003160
10003161,510300C2103M04800,300ETF购3月4800,10000,2021-01-18,2021-03-24,2021-03-24,4.8,C,E,1,Option,510300.XSHG,510300.XSHG,XSHG,0,"09:31-11:30,13:01-15:00",10003161
10003162,510300C2103M04900,300ETF购3月4900,10000,2021-01-18,2021-03-24,2021-03-24,4.9,C,E,1,Option,510300.XSHG,510300.XSHG,XSHG,0,"09:31-11:30,13:01-15:00",10003162
10003163,510300C2103M05000,300ETF购3月5000,10000,2021-01-18,2021-03-24,2021-03-24,5.0,C,E,1,Option,510300.XSHG,510300.XSHG,XSHG,0,"09:31-11:30,13:01-15:00",10003163
10003164,510300C2103M05250,300ETF购3月5250,10000,2021-01-18,2021-03-24,2021-03-24,5.25,C,E,1,Option,510300.XSHG,510300.XSHG,XSHG,0,"09:31-11:30,13:01-15:00",10003164
10003165,510300C2103M05500,300ETF购3月5500,10000,2021-01-18,2021-03-24,2021-03-24,5.5,C,E,1,Option,510300.XSHG,510300.XSHG,XSHG,0,"09:31-11:30,13:01-15:00",10003165
10003166,510300C2103M05750,300ETF购3月5750,10000,2021-01-18,2021-03-24,2021-03-24,5.75,C,E,1,Option,510300.XSHG,510300.XSHG,XSHG,0,"09:31-11:30,13:01-15:00",10003166
10003167,510300C2103M06000,300ETF购3月6000,10000,2021-01-18,2021-03-24,2021-03-24,6.0,C,E,1,Option,510300.XSHG,510300.XSHG,XSHG,0,"09:31-11:30,13:01-15:00",10003167
10003168,510300C2103M06250,300ETF购3月6250,10000,2021-01-18,2021-03-24,2021-03-24,6.25,C,E,1,Option,510300.XSHG,510300.XSHG,XSHG,0,"09:31-11:30,13:01-15:00",10003168
10003169,510300C2103M06500,300ETF购3月6500,10000,2021-01-18,2021-03-24,2021-03-24,6.5,C,E,1,Option,510300.XSHG,510300.XSHG,XSHG,0,"09:31-11:30,13:01-15:00",10003169
10003170,510300P2103M04800,300ETF沽3月4800,10000,2021-01-18,2021-03-24,2021-03-24,4.8,P,E,1,Option,510300.XSHG,510300.XSHG,XSHG,0,"09:31-11:30,13:01-15:00",10003170
10003171,510300P2103M04900,300ETF沽3月4900,10000,2021-01-18,2021-03-24,2021-03-24,4.9,P,E,1,Option,510300.XSHG,510300.XSHG,XSHG,0,"09:31-11:30,13:01-15:00",10003171
10003172,510300P2103M05000,300ETF沽3月5000,10000,2021-01-18,2021-03-24,2021-03-24,5.0,P,E,1,Option,510300.XSHG,510300.XSHG,XSHG,0,"09:31-11:30,13:01-15:00",10003172
10003173,510300P2103M05250,300ETF沽3月5250,10000,2021-01-18,2021-03-24,2021-03-24,5.25,P,E,1,Option,510300.XSHG,510300.XSHG,XSHG,0,"09:31-11:30,13:01-15:00",10003173
10003174,510300P2103M05500,300ETF沽3月5500,10000,2021-01-18,2021-03-24,2021-03-24,5.5,P,E,1,Option,510300.XSHG,510300.XSHG,XSHG,0,"09:31-11:30,13:01-15:00",10003174
10003175,510300P2103M05750,300ETF沽3月5750,10000,2021-01-18,2021-03-24,2021-03-24,5.75,P,E,1,Option,510300.XSHG,510300.XSHG,XSHG,0,"09:31-11:30,13:01-15:00",10003175
10003176,510300P2103M06000,300ETF沽3月6000,10000,2021-01-18,2021-03-24,2021-03-24,6.0,P,E,1,Option,510300.XSHG,510300.XSHG,XSHG,0,"09:31-11:30,13:01-15:00",10003176
10003177,510300P2103M06250,300ETF沽3月6250,10000,2021-01-18,2021-03-24,2021-03-24,6.25,P,E,1,Option,510300.XSHG,510300.XSHG,XSHG,0,"09:31-11:30,13:01-15:00",10003177
10003178,510300P2103M06500,300ETF沽3月6500,10000,2021-01-18,2021-03-24,2021-03-24,6.5,P,E,1,Option,510300.XSHG,510300.XSHG,XSHG,0,"09:31-11:30,13:01-15:00",10003178
10003179,510300C2106M04800,300ETF购6月4800,10000,2021-01-18,2021-06-23,2021-06-23,4.8,C,E,1,Option,510300.XSHG,510300.XSHG,XSHG,0,"09:31-11:30,13:01-15:00",10003179
10003180,510300C2106M04900,300ETF购6月4900,10000,2021-01-18,2021-06-23,2021-06-23,4.9,C,E,1,Option,510300.XSHG,510300.XSHG,XSHG,0,"09:31-11:30,13:01-15:00",10003180
10003181,510300C2106M05000,300ETF购6月5000,10000,2021-01-18,2021-06-23,2021-06-23,5.0,C,E,1,Option,510300.XSHG,510300.XSHG,XSHG,0,"09:31-11:30,13:01-15:00",10003181
10003182,510300C2106M05250,300ETF购6月5250,10000,2021-01-18,2021-06-23,2021-06-23,5.25,C,E,1,Option,510300.XSHG,510300.XSHG,XSHG,0,"09:31-11:30,13:01-15:00",10003182
10003183,510300C2106M05500,300ETF购6月5500,10000,2021-01-18,2021-06-23,2021-06-23,5.5,C,E,1,Option,510300.XSHG,510300.XSHG,XSHG,0,"09:31-11:30,13:01-15:00",10003183
10003184,510300C2106M05750,300ETF购6月5750,10000,2021-01-18,2021-06-23,2021-06-23,5.75,C,E,1,Option,510300.XSHG,510300.XSHG,XSHG,0,"09:31-11:30,13:01-15:00",10003184
10003185,510300C2106M06000,300ETF购6月6000,10000,2021-01-18,2021-06-23,2021-06-23,6.0,C,E,1,Option,510300.XSHG,510300.XSHG,XSHG,0,"09:31-11:30,13:01-15:00",10003185
10003186,510300C2106M06250,300ETF购6月6250,10000,2021-01-18,2021-06-23,2021-06-23,6.25,C,E,1,Option,510300.XSHG,510300.XSHG,XSHG,0,"09:31-11:30,13:01-15:00",10003186
10003187,510300C2106M06500,300ETF购6月6500,10000,2021-01-18,2021-06-23,2021-06-23,6.5,C,E,1,Option,510300.XSHG,510300.XSHG,XSHG,0,"09:31-11:30,13:01-15:00",10003187
10003188,510300P2106M04800,300ETF沽6月4800,10000,2021-01-18,2021-06-23,2021-06-23,4.8,P,E,1,Option,510300.XSHG,510300.XSHG,XSHG,0,"09:31-11:30,13:01-15:00",10003188
10003189,510300P2106M04900,300ETF沽6月4900,10000,2021-01-18,2021-06-23,2021-06-23,4.9,P,E,1,Option,510300.XSHG,510300.XSHG,XSHG,0,"09:31-11:30,13:01-15:00",10003189
10003190,510300P2106M05000,300ETF沽6月5000,10000,2021-01-18,2021-06-23,2021-06-23,5.0,P,E,1,Option,510300.XSHG,510300.XSHG,XSHG,0,"09:31-11:30,13:01-15:00",10003190
10003191,510300P2106M05250,300ETF沽6月5250,10000,2021-01-18,2021-06-23,2021-06-23,5.25,P,E,1,Option,510300.XSHG,510300.XSHG,XSHG,0,"09:31-11:30,13:01-15:00",10003191
10003192,510300P2106M05500,300ETF沽6月5500,10000,2021-01-18,2021-06-23,2021-06-23,5.5,P,E,1,Option,510300.XSHG,510300.XSHG,XSHG,0,"09:31-11:30,13:01-15:00",10003192
10003193,510300P2106M05750,300ETF沽6月5750,10000,2021-01-18,2021-06-23,2021-06-23,5.75,P,E,1,Option,510300.XSHG,510300.XSHG,XSHG,0,"09:31-11:30,13:01-15:00",10003193
10003194,510300P2106M06000,300ETF沽6月6000,10000,2021-01-18,2021-06-23,2021-06-23,6.0,P,E,1,Option,510300.XSHG,510300.XSHG,XSHG,0,"09:31-11:30,13:01-15:00",10003194
10003195,510300P2106M06250,300ETF沽6月6250,10000,2021-01-18,2021-06-23,2021-06-23,6.25,P,E,1,Option,510300.XSHG,510300.XSHG,XSHG,0,"09:31-11:30,13:01-15:00",10003195
10003196,510300P2106M06500,300ETF沽6月6500,10000,2021-01-18,2021-06-23,2021-06-23,6.5,P,E,1,Option,510300.XSHG,510300.XSHG,XSHG,0,"09:31-11:30,13:01-15:00",10003196
10003197,510300C2101M06750,300ETF购1月6750,10000,2021-01-26,2021-01-27,2021-01-27,6.75,C,E,1,Option,510300.XSHG,510300.XSHG,XSHG,0,"09:31-11:30,13:01-15:00",10003197
10003198,510300P2101M06750,300ETF沽1月6750,10000,2021-01-26,2021-01-27,2021-01-27,6.75,P,E,1,Option,510300.XSHG,510300.XSHG,XSHG,0,"09:31-11:30,13:01-15:00",10003198
10003199,510300C2102M06750,300ETF购2月6750,10000,2021-01-26,2021-02-24,2021-02-24,6.75,C,E,1,Option,510300.XSHG,510300.XSHG,XSHG,0,"09:31-11:30,13:01-15:00",10003199
10003200,510300P2102M06750,300ETF沽2月6750,10000,2021-01-26,2021-02-24,2021-02-24,6.75,P,E,1,Option,510300.XSHG,510300.XSHG,XSHG,0,"09:31-11:30,13:01-15:00",10003200
10003201,510300C2103M06750,300ETF购3月6750,10000,2021-01-26,2021-03-24,2021-03-24,6.75,C,E,1,Option,510300.XSHG,510300.XSHG,XSHG,0,"09:31-11:30,13:01-15:00",10003201
10003202,510300P2103M06750,300ETF沽3月6750,10000,2021-01-26,2021-03-24,2021-03-24,6.75,P,E,1,Option,510300.XSHG,510300.XSHG,XSHG,0,"09:31-11:30,13:01-15:00",10003202
10003203,510300C2106M06750,300ETF购6月6750,10000,2021-01-26,2021-06-23,2021-06-23,6.75,C,E,1,Option,510300.XSHG,510300.XSHG,XSHG,0,"09:31-11:30,13:01-15:00",10003203
10003204,510300P2106M06750,300ETF沽6月6750,10000,2021-01-26,2021-06-23,2021-06-23,6.75,P,E,1,Option,510300.XSHG,510300.XSHG,XSHG,0,"09:31-11:30,13:01-15:00",10003204
10003223,510300C2109M04800,300ETF购9月4800,10000,2021-01-28,2021-09-22,2021-09-22,4.8,C,E,1,Option,510300.XSHG,510300.XSHG,XSHG,0,"09:31-11:30,13:01-15:00",10003223
10003224,510300C2109M04900,300ETF购9月4900,10000,2021-01-28,2021-09-22,2021-09-22,4.9,C,E,1,Option,510300.XSHG,510300.XSHG,XSHG,0,"09:31-11:30,13:01-15:00",10003224
10003225,510300C2109M05000,300ETF购9月5000,10000,2021-01-28,2021-09-22,2021-09-22,5.0,C,E,1,Option,510300.XSHG,510300.XSHG,XSHG,0,"09:31-11:30,13:01-15:00",10003225
10003226,510300C2109M05250,300ETF购9月5250,10000,2021-01-28,2021-09-22,2021-09-22,5.25,C,E,1,Option,510300.XSHG,510300.XSHG,XSHG,0,"09:31-11:30,13:01-15:00",10003226
10003227,510300C2109M05500,300ETF购9月5500,10000,2021-01-28,2021-09-22,2021-09-22,5.5,C,E,1,Option,510300.XSHG,510300.XSHG,XSHG,0,"09:31-11:30,13:01-15:00",10003227
10003228,510300C2109M05750,300ETF购9月5750,10000,2021-01-28,2021-09-22,2021-09-22,5.75,C,E,1,Option,510300.XSHG,510300.XSHG,XSHG,0,"09:31-11:30,13:01-15:00",10003228
10003229,510300C2109M06000,300ETF购9月6000,10000,2021-01-28,2021-09-22,2021-09-22,6.0,C,E,1,Option,510300.XSHG,510300.XSHG,XSHG,0,"09:31-11:30,13:01-15:00",10003229
10003230,510300C2109M06250,300ETF购9月6250,10000,2021-01-28,2021-09-22,2021-09-22,6.25,C,E,1,Option,510300.XSHG,510300.XSHG,XSHG,0,"09:31-11:30,13:01-15:00",10003230
10003231,510300C2109M06500,300ETF购9月6500,10000,2021-01-28,2021-09-22,2021-09-22,6.5,C,E,1,Option,510300.XSHG,510300.XSHG,XSHG,0,"09:31-11:30,13:01-15:00",10003231
10003232,510300P2109M04800,300ETF沽9月4800,10000,2021-01-28,2021-09-22,2021-09-22,4.8,P,E,1,Option,510300.XSHG,510300.XSHG,XSHG,0,"09:31-11:30,13:01-15:00",10003232
10003233,510300P2109M04900,300ETF沽9月4900,10000,2021-01-28,2021-09-22,2021-09-22,4.9,P,E,1,Option,510300.XSHG,510300.XSHG,XSHG,0,"09:31-11:30,13:01-15:00",10003233
10003234,510300P2109M05000,300ETF沽9月5000,10000,2021-01-28,2021-09-22,2021-09-22,5.0,P,E,1,Option,510300.XSHG,510300.XSHG,XSHG,0,"09:31-11:30,13:01-15:00",10003234
10003235,510300P2109M05250,300ETF沽9月5250,10000,2021-01-28,2021-09-22,2021-09-22,5.25,P,E,1,Option,510300.XSHG,510300.XSHG,XSHG,0,"09:31-11:30,13:01-15:00",10003235
10003236,510300P2109M05500,300ETF沽9月5500,10000,2021-01-28,2021-09-22,2021-09-22,5.5,P,E,1,Option,510300.XSHG,510300.XSHG,XSHG,0,"09:31-11:30,13:01-15:00",10003236
10003237,510300P2109M05750,300ETF沽9月5750,10000,2021-01-28,2021-09-22,2021-09-22,5.75,P,E,1,Option,510300.XSHG,510300.XSHG,XSHG,0,"09:31-11:30,13:01-15:00",10003237
10003238,510300P2109M06000,300ETF沽9月6000,10000,2021-01-28,2021-09-22,2021-09-22,6.0,P,E,1,Option,510300.XSHG,510300.XSHG,XSHG,0,"09:31-11:30,13:01-15:00",10003238
10003239,510300P2109M06250,300ETF沽9月6250,10000,2021-01-28,2021-09-22,2021-09-22,6.25,P,E,1,Option,510300.XSHG,510300.XSHG,XSHG,0,"09:31-11:30,13:01-15:00",10003239
10003240,510300P2109M06500,300ETF沽9月6500,10000,2021-01-28,2021-09-22,2021-09-22,6.5,P,E,1,Option,510300.XSHG,510300.XSHG,XSHG,0,"09:31-11:30,13:01-15:00",10003240
10003243,510300C2102M04700,300ETF购2月4700,10000,2021-02-01,2021-02-24,2021-02-24,4.7,C,E,1,Option,510300.XSHG,510300.XSHG,XSHG,0,"09:31-11:30,13:01-15:00",10003243
10003244,510300P2102M04700,300ETF沽2月4700,10000,2021-02-01,2021-02-24,2021-02-24,4.7,P,E,1,Option,510300.XSHG,510300.XSHG,XSHG,0,"09:31-11:30,13:01-15:00",10003244
10003245,510300C2103M04700,300ETF购3月4700,10000,2021-02-01,2021-03-24,2021-03-24,4.7,C,E,1,Option,510300.XSHG,510300.XSHG,XSHG,0,"09:31-11:30,13:01-15:00",10003245
10003246,510300P2103M04700,300ETF沽3月4700,10000,2021-02-01,2021-03-24,2021-03-24,4.7,P,E,1,Option,510300.XSHG,510300.XSHG,XSHG,0,"09:31-11:30,13:01-15:00",10003246
10003247,510300C2106M04700,300ETF购6月4700,10000,2021-02-01,2021-06-23,2021-06-23,4.7,C,E,1,Option,510300.XSHG,510300.XSHG,XSHG,0,"09:31-11:30,13:01-15:00",10003247
10003248,510300P2106M04700,300ETF沽6月4700,10000,2021-02-01,2021-06-23,2021-06-23,4.7,P,E,1,Option,510300.XSHG,510300.XSHG,XSHG,0,"09:31-11:30,13:01-15:00",10003248
10003249,510300C2109M04700,300ETF购9月4700,10000,2021-02-01,2021-09-22,2021-09-22,4.7,C,E,1,Option,510300.XSHG,510300.XSHG,XSHG,0,"09:31-11:30,13:01-15:00",10003249
10003250,510300P2109M04700,300ETF沽9月4700,10000,2021-02-01,2021-09-22,2021-09-22,4.7,P,E,1,Option,510300.XSHG,510300.XSHG,XSHG,0,"09:31-11:30,13:01-15:00",10003250
10003253,510300C2109M06750,300ETF购9月6750,10000,2021-02-10,2021-09-22,2021-09-22,6.75,C,E,1,Option,510300.XSHG,510300.XSHG,XSHG,0,"09:31-11:30,13:01-15:00",10003253
10003254,510300P2109M06750,300ETF沽9月6750,10000,2021-02-10,2021-09-22,2021-09-22,6.75,P,E,1,Option,510300.XSHG,510300.XSHG,XSHG,0,"09:31-11:30,13:01-15:00",10003254
10003281,510300C2104M04800,300ETF购4月4800,10000,2021-02-25,2021-04-28,2021-04-28,4.8,C,E,1,Option,510300.XSHG,510300.XSHG,XSHG,0,"09:31-11:30,13:01-15:00",10003281
10003282,510300C2104M04900,300ETF购4月4900,10000,2021-02-25,2021-04-28,2021-04-28,4.9,C,E,1,Option,510300.XSHG,510300.XSHG,XSHG,0,"09:31-11:30,13:01-15:00",10003282
10003283,510300C2104M05000,300ETF购4月5000,10000,2021-02-25,2021-04-28,2021-04-28,5.0,C,E,1,Option,510300.XSHG,510300.XSHG,XSHG,0,"09:31-11:30,13:01-15:00",10003283
10003284,510300C2104M05250,300ETF购4月5250,10000,2021-02-25,2021-04-28,2021-04-28,5.25,C,E,1,Option,510300.XSHG,510300.XSHG,XSHG,0,"09:31-11:30,13:01-15:00",10003284
10003285,510300C2104M05500,300ETF购4月5500,10000,2021-02-25,2021-04-28,2021-04-28,5.5,C,E,1,Option,510300.XSHG,510300.XSHG,XSHG,0,"09:31-11:30,13:01-15:00",10003285
10003286,510300C2104M05750,300ETF购4月5750,10000,2021-02-25,2021-04-28,2021-04-28,5.75,C,E,1,Option,510300.XSHG,510300.XSHG,XSHG,0,"09:31-11:30,13:01-15:00",10003286
10003287,510300C2104M06000,300ETF购4月6000,10000,2021-02-25,2021-04-28,2021-04-28,6.0,C,E,1,Option,510300.XSHG,510300.XSHG,XSHG,0,"09:31-11:30,13:01-15:00",10003287
10003288,510300C2104M06250,300ETF购4月6250,10000,2021-02-25,2021-04-28,2021-04-28,6.25,C,E,1,Option,510300.XSHG,510300.XSHG,XSHG,0,"09:31-11:30,13:01-15:00",10003288
10003289,510300C2104M06500,300ETF购4月6500,10000,2021-02-25,2021-04-28,2021-04-28,6.5,C,E,1,Option,510300.XSHG,510300.XSHG,XSHG,0,"09:31-11:30,13:01-15:00",10003289
10003290,510300P2104M04800,300ETF沽4月4800,10000,2021-02-25,2021-04-28,2021-04-28,4.8,P,E,1,Option,510300.XSHG,510300.XSHG,XSHG,0,"09:31-11:30,13:01-15:00",10003290
10003291,510300P2104M04900,300ETF沽4月4900,10000,2021-02-25,2021-04-28,2021-04-28,4.9,P,E,1,Option,510300.XSHG,510300.XSHG,XSHG,0,"09:31-11:30,13:01-15:00",10003291
10003292,510300P2104M05000,300ETF沽4月5000,10000,2021-02-25,2021-04-28,2021-04-28,5.0,P,E,1,Option,510300.XSHG,510300.XSHG,XSHG,0,"09:31-11:30,13:01-15:00",10003292
10003293,510300P2104M05250,300ETF沽4月5250,10000,2021-02-25,2021-04-28,2021-04-28,5.25,P,E,1,Option,510300.XSHG,510300.XSHG,XSHG,0,"09:31-11:30,13:01-15:00",10003293
10003294,510300P2104M05500,300ETF沽4月5500,10000,2021-02-25,2021-04-28,2021-04-28,5.5,P,E,1,Option,510300.XSHG,510300.XSHG,XSHG,0,"09:31-11:30,13:01-15:00",10003294
10003295,510300P2104M05750,300ETF沽4月5750,10000,2021-02-25,2021-04-28,2021-04-28,5.75,P,E,1,Option,510300.XSHG,510300.XSHG,XSHG,0,"09:31-11:30,13:01-15:00",10003295
10003296,510300P2104M06000,300ETF沽4月6000,10000,2021-02-25,2021-04-28,2021-04-28,6.0,P,E,1,Option,510300.XSHG,510300.XSHG,XSHG,0,"09:31-11:30,13:01-15:00",10003296
10003297,510300P2104M06250,300ETF沽4月6250,10000,2021-02-25,2021-04-28,2021-04-28,6.25,P,E,1,Option,510300.XSHG,510300.XSHG,XSHG,0,"09:31-11:30,13:01-15:00",10003297
10003298,510300P2104M06500,300ETF沽4月6500,10000,2021-02-25,2021-04-28,2021-04-28,6.5,P,E,1,Option,510300.XSHG,510300.XSHG,XSHG,0,"09:31-11:30,13:01-15:00",10003298
10003301,510300C2104M04700,300ETF购4月4700,10000,2021-03-01,2021-04-28,2021-04-28,4.7,C,E,1,Option,510300.XSHG,510300.XSHG,XSHG,0,"09:31-11:30,13:01-15:00",10003301
10003302,510300P2104M04700,300ETF沽4月4700,10000,2021-03-01,2021-04-28,2021-04-28,4.7,P,E,1,Option,510300.XSHG,510300.XSHG,XSHG,0,"09:31-11:30,13:01-15:00",10003302
10003307,510300C2103M04600,300ETF购3月4600,10000,2021-03-09,2021-03-24,2021-03-24,4.6,C,E,1,Option,510300.XSHG,510300.XSHG,XSHG,0,"09:31-11:30,13:01-15:00",10003307
10003308,510300P2103M04600,300ETF沽3月4600,10000,2021-03-09,2021-03-24,2021-03-24,4.6,P,E,1,Option,510300.XSHG,510300.XSHG,XSHG,0,"09:31-11:30,13:01-15:00",10003308
10003309,510300C2104M04600,300ETF购4月4600,10000,2021-03-09,2021-04-28,2021-04-28,4.6,C,E,1,Option,510300.XSHG,510300.XSHG,XSHG,0,"09:31-11:30,13:01-15:00",10003309
10003310,510300P2104M04600,300ETF沽4月4600,10000,2021-03-09,2021-04-28,2021-04-28,4.6,P,E,1,Option,510300.XSHG,510300.XSHG,XSHG,0,"09:31-11:30,13:01-15:00",10003310
10003311,510300C2106M04600,300ETF购6月4600,10000,2021-03-09,2021-06-23,2021-06-23,4.6,C,E,1,Option,510300.XSHG,510300.XSHG,XSHG,0,"09:31-11:30,13:01-15:00",10003311
10003312,510300P2106M04600,300ETF沽6月4600,10000,2021-03-09,2021-06-23,2021-06-23,4.6,P,E,1,Option,510300.XSHG,510300.XSHG,XSHG,0,"09:31-11:30,13:01-15:00",10003312
10003313,510300C2109M04600,300ETF购9月4600,10000,2021-03-09,2021-09-22,2021-09-22,4.6,C,E,1,Option,510300.XSHG,510300.XSHG,XSHG,0,"09:31-11:30,13:01-15:00",10003313
10003314,510300P2109M04600,300ETF沽9月4600,10000,2021-03-09,2021-09-22,2021-09-22,4.6,P,E,1,Option,510300.XSHG,510300.XSHG,XSHG,0,"09:31-11:30,13:01-15:00",10003314
10003319,510300C2104M04500,300ETF购4月4500,10000,2021-03-25,2021-04-28,2021-04-28,4.5,C,E,1,Option,510300.XSHG,510300.XSHG,XSHG,0,"09:31-11:30,13:01-15:00",10003319
10003320,510300P2104M04500,300ETF沽4月4500,10000,2021-03-25,2021-04-28,2021-04-28,4.5,P,E,1,Option,510300.XSHG,510300.XSHG,XSHG,0,"09:31-11:30,13:01-15:00",10003320
10003321,510300C2106M04500,300ETF购6月4500,10000,2021-03-25,2021-06-23,2021-06-23,4.5,C,E,1,Option,510300.XSHG,510300.XSHG,XSHG,0,"09:31-11:30,13:01-15:00",10003321
10003322,510300P2106M04500,300ETF沽6月4500,10000,2021-03-25,2021-06-23,2021-06-23,4.5,P,E,1,Option,510300.XSHG,510300.XSHG,XSHG,0,"09:31-11:30,13:01-15:00",10003322
10003323,510300C2109M04500,300ETF购9月4500,10000,2021-03-25,2021-09-22,2021-09-22,4.5,C,E,1,Option,510300.XSHG,510300.XSHG,XSHG,0,"09:31-11:30,13:01-15:00",10003323
10003324,510300P2109M04500,300ETF沽9月4500,10000,2021-03-25,2021-09-22,2021-09-22,4.5,P,E,1,Option,510300.XSHG,510300.XSHG,XSHG,0,"09:31-11:30,13:01-15:00",10003324
10003343,510300C2105M04500,300ETF购5月4500,10000,2021-03-25,2021-05-26,2021-05-26,4.5,C,E,1,Option,510300.XSHG,510300.XSHG,XSHG,0,"09:31-11:30,13:01-15:00",10003343
10003344,510300C2105M04600,300ETF购5月4600,10000,2021-03-25,2021-05-26,2021-05-26,4.6,C,E,1,Option,510300.XSHG,510300.XSHG,XSHG,0,"09:31-11:30,13:01-15:00",10003344
10003345,510300C2105M04700,300ETF购5月4700,10000,2021-03-25,2021-05-26,2021-05-26,4.7,C,E,1,Option,510300.XSHG,510300.XSHG,XSHG,0,"09:31-11:30,13:01-15:00",10003345
10003346,510300C2105M04800,300ETF购5月4800,10000,2021-03-25,2021-05-26,2021-05-26,4.8,C,E,1,Option,510300.XSHG,510300.XSHG,XSHG,0,"09:31-11:30,13:01-15:00",10003346
10003347,510300C2105M04900,300ETF购5月4900,10000,2021-03-25,2021-05-26,2021-05-26,4.9,C,E,1,Option,510300.XSHG,510300.XSHG,XSHG,0,"09:31-11:30,13:01-15:00",10003347
10003348,510300C2105M05000,300ETF购5月5000,10000,2021-03-25,2021-05-26,2021-05-26,5.0,C,E,1,Option,510300.XSHG,510300.XSHG,XSHG,0,"09:31-11:30,13:01-15:00",10003348
10003349,510300C2105M05250,300ETF购5月5250,10000,2021-03-25,2021-05-26,2021-05-26,5.25,C,E,1,Option,510300.XSHG,510300.XSHG,XSHG,0,"09:31-11:30,13:01-15:00",10003349
10003350,510300C2105M05500,300ETF购5月5500,10000,2021-03-25,2021-05-26,2021-05-26,5.5,C,E,1,Option,510300.XSHG,510300.XSHG,XSHG,0,"09:31-11:30,13:01-15:00",10003350
10003351,510300C2105M05750,300ETF购5月5750,10000,2021-03-25,2021-05-26,2021-05-26,5.75,C,E,1,Option,510300.XSHG,510300.XSHG,XSHG,0,"09:31-11:30,13:01-15:00",10003351
10003352,510300P2105M04500,300ETF沽5月4500,10000,2021-03-25,2021-05-26,2021-05-26,4.5,P,E,1,Option,510300.XSHG,510300.XSHG,XSHG,0,"09:31-11:30,13:01-15:00",10003352
10003353,510300P2105M04600,300ETF沽5月4600,10000,2021-03-25,2021-05-26,2021-05-26,4.6,P,E,1,Option,510300.XSHG,510300.XSHG,XSHG,0,"09:31-11:30,13:01-15:00",10003353
10003354,510300P2105M04700,300ETF沽5月4700,10000,2021-03-25,2021-05-26,2021-05-26,4.7,P,E,1,Option,510300.XSHG,510300.XSHG,XSHG,0,"09:31-11:30,13:01-15:00",10003354
10003355,510300P2105M04800,300ETF沽5月4800,10000,2021-03-25,2021-05-26,2021-05-26,4.8,P,E,1,Option,510300.XSHG,510300.XSHG,XSHG,0,"09:31-11:30,13:01-15:00",10003355
10003356,510300P2105M04900,300ETF沽5月4900,10000,2021-03-25,2021-05-26,2021-05-26,4.9,P,E,1,Option,510300.XSHG,510300.XSHG,XSHG,0,"09:31-11:30,13:01-15:00",10003356
10003357,510300P2105M05000,300ETF沽5月5000,10000,2021-03-25,2021-05-26,2021-05-26,5.0,P,E,1,Option,510300.XSHG,510300.XSHG,XSHG,0,"09:31-11:30,13:01-15:00",10003357
10003358,510300P2105M05250,300ETF沽5月5250,10000,2021-03-25,2021-05-26,2021-05-26,5.25,P,E,1,Option,510300.XSHG,510300.XSHG,XSHG,0,"09:31-11:30,13:01-15:00",10003358
10003359,510300P2105M05500,300ETF沽5月5500,10000,2021-03-25,2021-05-26,2021-05-26,5.5,P,E,1,Option,510300.XSHG,510300.XSHG,XSHG,0,"09:31-11:30,13:01-15:00",10003359
10003360,510300P2105M05750,300ETF沽5月5750,10000,2021-03-25,2021-05-26,2021-05-26,5.75,P,E,1,Option,510300.XSHG,510300.XSHG,XSHG,0,"09:31-11:30,13:01-15:00",10003360
10003361,510300C2105M06000,300ETF购5月6000,10000,2021-03-29,2021-05-26,2021-05-26,6.0,C,E,1,Option,510300.XSHG,510300.XSHG,XSHG,0,"09:31-11:30,13:01-15:00",10003361
10003362,510300P2105M06000,300ETF沽5月6000,10000,2021-03-29,2021-05-26,2021-05-26,6.0,P,E,1,Option,510300.XSHG,510300.XSHG,XSHG,0,"09:31-11:30,13:01-15:00",10003362
10003365,510300C2105M06250,300ETF购5月6250,10000,2021-04-06,2021-05-26,2021-05-26,6.25,C,E,1,Option,510300.XSHG,510300.XSHG,XSHG,0,"09:31-11:30,13:01-15:00",10003365
10003366,510300P2105M06250,300ETF沽5月6250,10000,2021-04-06,2021-05-26,2021-05-26,6.25,P,E,1,Option,510300.XSHG,510300.XSHG,XSHG,0,"09:31-11:30,13:01-15:00",10003366
10003391,510300C2112M04700,300ETF购12月4700,10000,2021-04-29,2021-12-22,2021-12-22,4.7,C,E,1,Option,510300.XSHG,510300.XSHG,XSHG,0,"09:31-11:30,13:01-15:00",10003391
10003392,510300C2112M04800,300ETF购12月4800,10000,2021-04-29,2021-12-22,2021-12-22,4.8,C,E,1,Option,510300.XSHG,510300.XSHG,XSHG,0,"09:31-11:30,13:01-15:00",10003392
10003393,510300C2112M04900,300ETF购12月4900,10000,2021-04-29,2021-12-22,2021-12-22,4.9,C,E,1,Option,510300.XSHG,510300.XSHG,XSHG,0,"09:31-11:30,13:01-15:00",10003393
10003394,510300C2112M05000,300ETF购12月5000,10000,2021-04-29,2021-12-22,2021-12-22,5.0,C,E,1,Option,510300.XSHG,510300.XSHG,XSHG,0,"09:31-11:30,13:01-15:00",10003394
10003395,510300C2112M05250,300ETF购12月5250,10000,2021-04-29,2021-12-22,2021-12-22,5.25,C,E,1,Option,510300.XSHG,510300.XSHG,XSHG,0,"09:31-11:30,13:01-15:00",10003395
10003396,510300C2112M05500,300ETF购12月5500,10000,2021-04-29,2021-12-22,2021-12-22,5.5,C,E,1,Option,510300.XSHG,510300.XSHG,XSHG,0,"09:31-11:30,13:01-15:00",10003396
10003397,510300C2112M05750,300ETF购12月5750,10000,2021-04-29,2021-12-22,2021-12-22,5.75,C,E,1,Option,510300.XSHG,510300.XSHG,XSHG,0,"09:31-11:30,13:01-15:00",10003397
10003398,510300C2112M06000,300ETF购12月6000,10000,2021-04-29,2021-12-22,2021-12-22,6.0,C,E,1,Option,510300.XSHG,510300.XSHG,XSHG,0,"09:31-11:30,13:01-15:00",10003398
10003399,510300C2112M06250,300ETF购12月6250,10000,2021-04-29,2021-12-22,2021-12-22,6.25,C,E,1,Option,510300.XSHG,510300.XSHG,XSHG,0,"09:31-11:30,13:01-15:00",10003399
10003400,510300P2112M04700,300ETF沽12月4700,10000,2021-04-29,2021-12-22,2021-12-22,4.7,P,E,1,Option,510300.XSHG,510300.XSHG,XSHG,0,"09:31-11:30,13:01-15:00",10003400
10003401,510300P2112M04800,300ETF沽12月4800,10000,2021-04-29,2021-12-22,2021-12-22,4.8,P,E,1,Option,510300.XSHG,510300.XSHG,XSHG,0,"09:31-11:30,13:01-15:00",10003401
10003402,510300P2112M04900,300ETF沽12月4900,10000,2021-04-29,2021-12-22,2021-12-22,4.9,P,E,1,Option,510300.XSHG,510300.XSHG,XSHG,0,"09:31-11:30,13:01-15:00",10003402
10003403,510300P2112M05000,300ETF沽12月5000,10000,2021-04-29,2021-12-22,2021-12-22,5.0,P,E,1,Option,510300.XSHG,510300.XSHG,XSHG,0,"09:31-11:30,13:01-15:00",10003403
10003404,510300P2112M05250,300ETF沽12月5250,10000,2021-04-29,2021-12-22,2021-12-22,5.25,P,E,1,Option,510300.XSHG,510300.XSHG,XSHG,0,"09:31-11:30,13:01-15:00",10003404
10003405,510300P2112M05500,300ETF沽12月5500,10000,2021-04-29,2021-12-22,2021-12-22,5.5,P,E,1,Option,510300.XSHG,510300.XSHG,XSHG,0,"09:31-11:30,13:01-15:00",10003405
10003406,510300P2112M05750,300ETF沽12月5750,10000,2021-04-29,2021-12-22,2021-12-22,5.75,P,E,1,Option,510300.XSHG,510300.XSHG,XSHG,0,"09:31-11:30,13:01-15:00",10003406
10003407,510300P2112M06000,300ETF沽12月6000,10000,2021-04-29,2021-12-22,2021-12-22,6.0,P,E,1,Option,510300.XSHG,510300.XSHG,XSHG,0,"09:31-11:30,13:01-15:00",10003407
10003408,510300P2112M06250,300ETF沽12月6250,10000,2021-04-29,2021-12-22,2021-12-22,6.25,P,E,1,Option,510300.XSHG,510300.XSHG,XSHG,0,"09:31-11:30,13:01-15:00",10003408
10003411,510300C2112M04600,300ETF购12月4600,10000,2021-05-07,2021-12-22,2021-12-22,4.6,C,E,1,Option,510300.XSHG,510300.XSHG,XSHG,0,"09:31-11:30,13:01-15:00",10003411
10003412,510300P2112M04600,300ETF沽12月4600,10000,2021-05-07,2021-12-22,2021-12-22,4.6,P,E,1,Option,510300.XSHG,510300.XSHG,XSHG,0,"09:31-11:30,13:01-15:00",10003412
10003433,510300C2107M04700,300ETF购7月4700,10000,2021-05-27,2021-07-28,2021-07-28,4.7,C,E,1,Option,510300.XSHG,510300.XSHG,XSHG,0,"09:31-11:30,13:01-15:00",10003433
10003434,510300C2107M04800,300ETF购7月4800,10000,2021-05-27,2021-07-28,2021-07-28,4.8,C,E,1,Option,510300.XSHG,510300.XSHG,XSHG,0,"09:31-11:30,13:01-15:00",10003434
10003435,510300C2107M04900,300ETF购7月4900,10000,2021-05-27,2021-07-28,2021-07-28,4.9,C,E,1,Option,510300.XSHG,510300.XSHG,XSHG,0,"09:31-11:30,13:01-15:00",10003435
10003436,510300C2107M05000,300ETF购7月5000,10000,2021-05-27,2021-07-28,2021-07-28,5.0,C,E,1,Option,510300.XSHG,510300.XSHG,XSHG,0,"09:31-11:30,13:01-15:00",10003436
10003437,510300C2107M05250,300ETF购7月5250,10000,2021-05-27,2021-07-28,2021-07-28,5.25,C,E,1,Option,510300.XSHG,510300.XSHG,XSHG,0,"09:31-11:30,13:01-15:00",10003437
10003438,510300C2107M05500,300ETF购7月5500,10000,2021-05-27,2021-07-28,2021-07-28,5.5,C,E,1,Option,510300.XSHG,510300.XSHG,XSHG,0,"09:31-11:30,13:01-15:00",10003438
10003439,510300C2107M05750,300ETF购7月5750,10000,2021-05-27,2021-07-28,2021-07-28,5.75,C,E,1,Option,510300.XSHG,510300.XSHG,XSHG,0,"09:31-11:30,13:01-15:00",10003439
10003440,510300C2107M06000,300ETF购7月6000,10000,2021-05-27,2021-07-28,2021-07-28,6.0,C,E,1,Option,510300.XSHG,510300.XSHG,XSHG,0,"09:31-11:30,13:01-15:00",10003440
10003441,510300C2107M06250,300ETF购7月6250,10000,2021-05-27,2021-07-28,2021-07-28,6.25,C,E,1,Option,510300.XSHG,510300.XSHG,XSHG,0,"09:31-11:30,13:01-15:00",10003441
10003442,510300P2107M04700,300ETF沽7月4700,10000,2021-05-27,2021-07-28,2021-07-28,4.7,P,E,1,Option,510300.XSHG,510300.XSHG,XSHG,0,"09:31-11:30,13:01-15:00",10003442
10003443,510300P2107M04800,300ETF沽7月4800,10000,2021-05-27,2021-07-28,2021-07-28,4.8,P,E,1,Option,510300.XSHG,510300.XSHG,XSHG,0,"09:31-11:30,13:01-15:00",10003443
10003444,510300P2107M04900,300ETF沽7月4900,10000,2021-05-27,2021-07-28,2021-07-28,4.9,P,E,1,Option,510300.XSHG,510300.XSHG,XSHG,0,"09:31-11:30,13:01-15:00",10003444
10003445,510300P2107M05000,300ETF沽7月5000,10000,2021-05-27,2021-07-28,2021-07-28,5.0,P,E,1,Option,510300.XSHG,510300.XSHG,XSHG,0,"09:31-11:30,13:01-15:00",10003445
10003446,510300P2107M05250,300ETF沽7月5250,10000,2021-05-27,2021-07-28,2021-07-28,5.25,P,E,1,Option,510300.XSHG,510300.XSHG,XSHG,0,"09:31-11:30,13:01-15:00",10003446
10003447,510300P2107M05500,300ETF沽7月5500,10000,2021-05-27,2021-07-28,2021-07-28,5.5,P,E,1,Option,510300.XSHG,510300.XSHG,XSHG,0,"09:31-11:30,13:01-15:00",10003447
10003448,510300P2107M05750,300ETF沽7月5750,10000,2021-05-27,2021-07-28,2021-07-28,5.75,P,E,1,Option,510300.XSHG,510300.XSHG,XSHG,0,"09:31-11:30,13:01-15:00",10003448
10003449,510300P2107M06000,300ETF沽7月6000,10000,2021-05-27,2021-07-28,2021-07-28,6.0,P,E,1,Option,510300.XSHG,510300.XSHG,XSHG,0,"09:31-11:30,13:01-15:00",10003449
10003450,510300P2107M06250,300ETF沽7月6250,10000,2021-05-27,2021-07-28,2021-07-28,6.25,P,E,1,Option,510300.XSHG,510300.XSHG,XSHG,0,"09:31-11:30,13:01-15:00",10003450
10003457,510300C2107M04600,300ETF购7月4600,10000,2021-06-17,2021-07-28,2021-07-28,4.6,C,E,1,Option,510300.XSHG,510300.XSHG,XSHG,0,"09:31-11:30,13:01-15:00",10003457
10003458,510300P2107M04600,300ETF沽7月4600,10000,2021-06-17,2021-07-28,2021-07-28,4.6,P,E,1,Option,510300.XSHG,510300.XSHG,XSHG,0,"09:31-11:30,13:01-15:00",10003458
10003479,510300C2108M04700,300ETF购8月4700,10000,2021-06-24,2021-08-25,2021-08-25,4.7,C,E,1,Option,510300.XSHG,510300.XSHG,XSHG,0,"09:31-11:30,13:01-15:00",10003479
10003480,510300C2108M04800,300ETF购8月4800,10000,2021-06-24,2021-08-25,2021-08-25,4.8,C,E,1,Option,510300.XSHG,510300.XSHG,XSHG,0,"09:31-11:30,13:01-15:00",10003480
10003481,510300C2108M04900,300ETF购8月4900,10000,2021-06-24,2021-08-25,2021-08-25,4.9,C,E,1,Option,510300.XSHG,510300.XSHG,XSHG,0,"09:31-11:30,13:01-15:00",10003481
10003482,510300C2108M05000,300ETF购8月5000,10000,2021-06-24,2021-08-25,2021-08-25,5.0,C,E,1,Option,510300.XSHG,510300.XSHG,XSHG,0,"09:31-11:30,13:01-15:00",10003482
10003483,510300C2108M05250,300ETF购8月5250,10000,2021-06-24,2021-08-25,2021-08-25,5.25,C,E,1,Option,510300.XSHG,510300.XSHG,XSHG,0,"09:31-11:30,13:01-15:00",10003483
10003484,510300C2108M05500,300ETF购8月5500,10000,2021-06-24,2021-08-25,2021-08-25,5.5,C,E,1,Option,510300.XSHG,510300.XSHG,XSHG,0,"09:31-11:30,13:01-15:00",10003484
10003485,510300C2108M05750,300ETF购8月5750,10000,2021-06-24,2021-08-25,2021-08-25,5.75,C,E,1,Option,510300.XSHG,510300.XSHG,XSHG,0,"09:31-11:30,13:01-15:00",10003485
10003486,510300C2108M06000,300ETF购8月6000,10000,2021-06-24,2021-08-25,2021-08-25,6.0,C,E,1,Option,510300.XSHG,510300.XSHG,XSHG,0,"09:31-11:30,13:01-15:00",10003486
10003487,510300C2108M06250,300ETF购8月6250,10000,2021-06-24,2021-08-25,2021-08-25,6.25,C,E,1,Option,510300.XSHG,510300.XSHG,XSHG,0,"09:31-11:30,13:01-15:00",10003487
10003488,510300P2108M04700,300ETF沽8月4700,10000,2021-06-24,2021-08-25,2021-08-25,4.7,P,E,1,Option,510300.XSHG,510300.XSHG,XSHG,0,"09:31-11:30,13:01-15:00",10003488
10003489,510300P2108M04800,300ETF沽8月4800,10000,2021-06-24,2021-08-25,2021-08-25,4.8,P,E,1,Option,510300.XSHG,510300.XSHG,XSHG,0,"09:31-11:30,13:01-15:00",10003489
10003490,510300P2108M04900,300ETF沽8月4900,10000,2021-06-24,2021-08-25,2021-08-25,4.9,P,E,1,Option,510300.XSHG,510300.XSHG,XSHG,0,"09:31-11:30,13:01-15:00",10003490
10003491,510300P2108M05000,300ETF沽8月5000,10000,2021-06-24,2021-08-25,2021-08-25,5.0,P,E,1,Option,510300.XSHG,510300.XSHG,XSHG,0,"09:31-11:30,13:01-15:00",10003491
10003492,510300P2108M05250,300ETF沽8月5250,10000,2021-06-24,2021-08-25,2021-08-25,5.25,P,E,1,Option,510300.XSHG,510300.XSHG,XSHG,0,"09:31-11:30,13:01-15:00",10003492
10003493,510300P2108M05500,300ETF沽8月5500,10000,2021-06-24,2021-08-25,2021-08-25,5.5,P,E,1,Option,510300.XSHG,510300.XSHG,XSHG,0,"09:31-11:30,13:01-15:00",10003493
10003494,510300P2108M05750,300ETF沽8月5750,10000,2021-06-24,2021-08-25,2021-08-25,5.75,P,E,1,Option,510300.XSHG,510300.XSHG,XSHG,0,"09:31-11:30,13:01-15:00",10003494
10003495,510300P2108M06000,300ETF沽8月6000,10000,2021-06-24,2021-08-25,2021-08-25,6.0,P,E,1,Option,510300.XSHG,510300.XSHG,XSHG,0,"09:31-11:30,13:01-15:00",10003495
10003496,510300P2108M06250,300ETF沽8月6250,10000,2021-06-24,2021-08-25,2021-08-25,6.25,P,E,1,Option,510300.XSHG,510300.XSHG,XSHG,0,"09:31-11:30,13:01-15:00",10003496
10003499,510300C2108M04600,300ETF购8月4600,10000,2021-07-05,2021-08-25,2021-08-25,4.6,C,E,1,Option,510300.XSHG,510300.XSHG,XSHG,0,"09:31-11:30,13:01-15:00",10003499
10003500,510300P2108M04600,300ETF沽8月4600,10000,2021-07-05,2021-08-25,2021-08-25,4.6,P,E,1,Option,510300.XSHG,510300.XSHG,XSHG,0,"09:31-11:30,13:01-15:00",10003500
10003517,510300C2107M04400,300ETF购7月4400,10000,2021-07-28,2021-07-28,2021-07-28,4.4,C,E,1,Option,510300.XSHG,510300.XSHG,XSHG,0,"09:31-11:30,13:01-15:00",10003517
10003518,510300C2107M04500,300ETF购7月4500,10000,2021-07-28,2021-07-28,2021-07-28,4.5,C,E,1,Option,510300.XSHG,510300.XSHG,XSHG,0,"09:31-11:30,13:01-15:00",10003518
10003519,510300P2107M04400,300ETF沽7月4400,10000,2021-07-28,2021-07-28,2021-07-28,4.4,P,E,1,Option,510300.XSHG,510300.XSHG,XSHG,0,"09:31-11:30,13:01-15:00",10003519
10003520,510300P2107M04500,300ETF沽7月4500,10000,2021-07-28,2021-07-28,2021-07-28,4.5,P,E,1,Option,510300.XSHG,510300.XSHG,XSHG,0,"09:31-11:30,13:01-15:00",10003520
10003521,510300C2108M04400,300ETF购8月4400,10000,2021-07-28,2021-08-25,2021-08-25,4.4,C,E,1,Option,510300.XSHG,510300.XSHG,XSHG,0,"09:31-11:30,13:01-15:00",10003521
10003522,510300C2108M04500,300ETF购8月4500,10000,2021-07-28,2021-08-25,2021-08-25,4.5,C,E,1,Option,510300.XSHG,510300.XSHG,XSHG,0,"09:31-11:30,13:01-15:00",10003522
10003523,510300P2108M04400,300ETF沽8月4400,10000,2021-07-28,2021-08-25,2021-08-25,4.4,P,E,1,Option,510300.XSHG,510300.XSHG,XSHG,0,"09:31-11:30,13:01-15:00",10003523
10003524,510300P2108M04500,300ETF沽8月4500,10000,2021-07-28,2021-08-25,2021-08-25,4.5,P,E,1,Option,510300.XSHG,510300.XSHG,XSHG,0,"09:31-11:30,13:01-15:00",10003524
10003525,510300C2109M04400,300ETF购9月4400,10000,2021-07-28,2021-09-22,2021-09-22,4.4,C,E,1,Option,510300.XSHG,510300.XSHG,XSHG,0,"09:31-11:30,13:01-15:00",10003525
10003526,510300P2109M04400,300ETF沽9月4400,10000,2021-07-28,2021-09-22,2021-09-22,4.4,P,E,1,Option,510300.XSHG,510300.XSHG,XSHG,0,"09:31-11:30,13:01-15:00",10003526
10003527,510300C2112M04400,300ETF购12月4400,10000,2021-07-28,2021-12-22,2021-12-22,4.4,C,E,1,Option,510300.XSHG,510300.XSHG,XSHG,0,"09:31-11:30,13:01-15:00",10003527
10003528,510300C2112M04500,300ETF购12月4500,10000,2021-07-28,2021-12-22,2021-12-22,4.5,C,E,1,Option,510300.XSHG,510300.XSHG,XSHG,0,"09:31-11:30,13:01-15:00",10003528
10003529,510300P2112M04400,300ETF沽12月4400,10000,2021-07-28,2021-12-22,2021-12-22,4.4,P,E,1,Option,510300.XSHG,510300.XSHG,XSHG,0,"09:31-11:30,13:01-15:00",10003529
10003530,510300P2112M04500,300ETF沽12月4500,10000,2021-07-28,2021-12-22,2021-12-22,4.5,P,E,1,Option,510300.XSHG,510300.XSHG,XSHG,0,"09:31-11:30,13:01-15:00",10003530
10003549,510300C2203A04400,300ETF购3月4332A,10156,2021-07-29,2022-03-23,2022-03-23,4.332,C,E,1,Option,510300.XSHG,510300.XSHG,XSHG,0,"09:31-11:30,13:01-15:00",10003549
10003550,510300C2203A04500,300ETF购3月4431A,10156,2021-07-29,2022-03-23,2022-03-23,4.431,C,E,1,Option,510300.XSHG,510300.XSHG,XSHG,0,"09:31-11:30,13:01-15:00",10003550
10003551,510300C2203A04600,300ETF购3月4529A,10156,2021-07-29,2022-03-23,2022-03-23,4.529,C,E,1,Option,510300.XSHG,510300.XSHG,XSHG,0,"09:31-11:30,13:01-15:00",10003551
10003552,510300C2203A04700,300ETF购3月4628A,10156,2021-07-29,2022-03-23,2022-03-23,4.628,C,E,1,Option,510300.XSHG,510300.XSHG,XSHG,0,"09:31-11:30,13:01-15:00",10003552
10003553,510300C2203A04800,300ETF购3月4726A,10156,2021-07-29,2022-03-23,2022-03-23,4.726,C,E,1,Option,510300.XSHG,510300.XSHG,XSHG,0,"09:31-11:30,13:01-15:00",10003553
10003554,510300C2203A04900,300ETF购3月4825A,10156,2021-07-29,2022-03-23,2022-03-23,4.825,C,E,1,Option,510300.XSHG,510300.XSHG,XSHG,0,"09:31-11:30,13:01-15:00",10003554
10003555,510300C2203A05000,300ETF购3月4923A,10156,2021-07-29,2022-03-23,2022-03-23,4.923,C,E,1,Option,510300.XSHG,510300.XSHG,XSHG,0,"09:31-11:30,13:01-15:00",10003555
10003556,510300C2203A05250,300ETF购3月5169A,10156,2021-07-29,2022-03-23,2022-03-23,5.169,C,E,1,Option,510300.XSHG,510300.XSHG,XSHG,0,"09:31-11:30,13:01-15:00",10003556
10003557,510300C2203A05500,300ETF购3月5416A,10156,2021-07-29,2022-03-23,2022-03-23,5.416,C,E,1,Option,510300.XSHG,510300.XSHG,XSHG,0,"09:31-11:30,13:01-15:00",10003557
10003558,510300P2203A04400,300ETF沽3月4332A,10156,2021-07-29,2022-03-23,2022-03-23,4.332,P,E,1,Option,510300.XSHG,510300.XSHG,XSHG,0,"09:31-11:30,13:01-15:00",10003558
10003559,510300P2203A04500,300ETF沽3月4431A,10156,2021-07-29,2022-03-23,2022-03-23,4.431,P,E,1,Option,510300.XSHG,510300.XSHG,XSHG,0,"09:31-11:30,13:01-15:00",10003559
10003560,510300P2203A04600,300ETF沽3月4529A,10156,2021-07-29,2022-03-23,2022-03-23,4.529,P,E,1,Option,510300.XSHG,510300.XSHG,XSHG,0,"09:31-11:30,13:01-15:00",10003560
10003561,510300P2203A04700,300ETF沽3月4628A,10156,2021-07-29,2022-03-23,2022-03-23,4.628,P,E,1,Option,510300.XSHG,510300.XSHG,XSHG,0,"09:31-11:30,13:01-15:00",10003561
10003562,510300P2203A04800,300ETF沽3月4726A,10156,2021-07-29,2022-03-23,2022-03-23,4.726,P,E,1,Option,510300.XSHG,510300.XSHG,XSHG,0,"09:31-11:30,13:01-15:00",10003562
10003563,510300P2203A04900,300ETF沽3月4825A,10156,2021-07-29,2022-03-23,2022-03-23,4.825,P,E,1,Option,510300.XSHG,510300.XSHG,XSHG,0,"09:31-11:30,13:01-15:00",10003563
10003564,510300P2203A05000,300ETF沽3月4923A,10156,2021-07-29,2022-03-23,2022-03-23,4.923,P,E,1,Option,510300.XSHG,510300.XSHG,XSHG,0,"09:31-11:30,13:01-15:00",10003564
10003565,510300P2203A05250,300ETF沽3月5169A,10156,2021-07-29,2022-03-23,2022-03-23,5.169,P,E,1,Option,510300.XSHG,510300.XSHG,XSHG,0,"09:31-11:30,13:01-15:00",10003565
10003566,510300P2203A05500,300ETF沽3月5416A,10156,2021-07-29,2022-03-23,2022-03-23,5.416,P,E,1,Option,510300.XSHG,510300.XSHG,XSHG,0,"09:31-11:30,13:01-15:00",10003566
10003567,510300C2203A05750,300ETF购3月5662A,10156,2021-07-30,2022-03-23,2022-03-23,5.662,C,E,1,Option,510300.XSHG,510300.XSHG,XSHG,0,"09:31-11:30,13:01-15:00",10003567
10003568,510300P2203A05750,300ETF沽3月5662A,10156,2021-07-30,2022-03-23,2022-03-23,5.662,P,E,1,Option,510300.XSHG,510300.XSHG,XSHG,0,"09:31-11:30,13:01-15:00",10003568
10003569,510300C2203A06000,300ETF购3月5908A,10156,2021-08-03,2022-03-23,2022-03-23,5.908,C,E,1,Option,510300.XSHG,510300.XSHG,XSHG,0,"09:31-11:30,13:01-15:00",10003569
10003570,510300P2203A06000,300ETF沽3月5908A,10156,2021-08-03,2022-03-23,2022-03-23,5.908,P,E,1,Option,510300.XSHG,510300.XSHG,XSHG,0,"09:31-11:30,13:01-15:00",10003570
10003599,510300C2110M04600,300ETF购10月4600,10000,2021-08-26,2021-10-27,2021-10-27,4.6,C,E,1,Option,510300.XSHG,510300.XSHG,XSHG,0,"09:31-11:30,13:01-15:00",10003599
10003600,510300C2110M04700,300ETF购10月4700,10000,2021-08-26,2021-10-27,2021-10-27,4.7,C,E,1,Option,510300.XSHG,510300.XSHG,XSHG,0,"09:31-11:30,13:01-15:00",10003600
10003601,510300C2110M04800,300ETF购10月4800,10000,2021-08-26,2021-10-27,2021-10-27,4.8,C,E,1,Option,510300.XSHG,510300.XSHG,XSHG,0,"09:31-11:30,13:01-15:00",10003601
10003602,510300C2110M04900,300ETF购10月4900,10000,2021-08-26,2021-10-27,2021-10-27,4.9,C,E,1,Option,510300.XSHG,510300.XSHG,XSHG,0,"09:31-11:30,13:01-15:00",10003602
10003603,510300C2110M05000,300ETF购10月5000,10000,2021-08-26,2021-10-27,2021-10-27,5.0,C,E,1,Option,510300.XSHG,510300.XSHG,XSHG,0,"09:31-11:30,13:01-15:00",10003603
10003604,510300C2110M05250,300ETF购10月5250,10000,2021-08-26,2021-10-27,2021-10-27,5.25,C,E,1,Option,510300.XSHG,510300.XSHG,XSHG,0,"09:31-11:30,13:01-15:00",10003604
10003605,510300C2110M05500,300ETF购10月5500,10000,2021-08-26,2021-10-27,2021-10-27,5.5,C,E,1,Option,510300.XSHG,510300.XSHG,XSHG,0,"09:31-11:30,13:01-15:00",10003605
10003606,510300C2110M05750,300ETF购10月5750,10000,2021-08-26,2021-10-27,2021-10-27,5.75,C,E,1,Option,510300.XSHG,510300.XSHG,XSHG,0,"09:31-11:30,13:01-15:00",10003606
10003607,510300C2110M06000,300ETF购10月6000,10000,2021-08-26,2021-10-27,2021-10-27,6.0,C,E,1,Option,510300.XSHG,510300.XSHG,XSHG,0,"09:31-11:30,13:01-15:00",10003607
10003608,510300P2110M04600,300ETF沽10月4600,10000,2021-08-26,2021-10-27,2021-10-27,4.6,P,E,1,Option,510300.XSHG,510300.XSHG,XSHG,0,"09:31-11:30,13:01-15:00",10003608
10003609,510300P2110M04700,300ETF沽10月4700,10000,2021-08-26,2021-10-27,2021-10-27,4.7,P,E,1,Option,510300.XSHG,510300.XSHG,XSHG,0,"09:31-11:30,13:01-15:00",10003609
10003610,510300P2110M04800,300ETF沽10月4800,10000,2021-08-26,2021-10-27,2021-10-27,4.8,P,E,1,Option,510300.XSHG,510300.XSHG,XSHG,0,"09:31-11:30,13:01-15:00",10003610
10003611,510300P2110M04900,300ETF沽10月4900,10000,2021-08-26,2021-10-27,2021-10-27,4.9,P,E,1,Option,510300.XSHG,510300.XSHG,XSHG,0,"09:31-11:30,13:01-15:00",10003611
10003612,510300P2110M05000,300ETF沽10月5000,10000,2021-08-26,2021-10-27,2021-10-27,5.0,P,E,1,Option,510300.XSHG,510300.XSHG,XSHG,0,"09:31-11:30,13:01-15:00",10003612
10003613,510300P2110M05250,300ETF沽10月5250,10000,2021-08-26,2021-10-27,2021-10-27,5.25,P,E,1,Option,510300.XSHG,510300.XSHG,XSHG,0,"09:31-11:30,13:01-15:00",10003613
10003614,510300P2110M05500,300ETF沽10月5500,10000,2021-08-26,2021-10-27,2021-10-27,5.5,P,E,1,Option,510300.XSHG,510300.XSHG,XSHG,0,"09:31-11:30,13:01-15:00",10003614
10003615,510300P2110M05750,300ETF沽10月5750,10000,2021-08-26,2021-10-27,2021-10-27,5.75,P,E,1,Option,510300.XSHG,510300.XSHG,XSHG,0,"09:31-11:30,13:01-15:00",10003615
10003616,510300P2110M06000,300ETF沽10月6000,10000,2021-08-26,2021-10-27,2021-10-27,6.0,P,E,1,Option,510300.XSHG,510300.XSHG,XSHG,0,"09:31-11:30,13:01-15:00",10003616
10003619,510300C2110M04500,300ETF购10月4500,10000,2021-08-27,2021-10-27,2021-10-27,4.5,C,E,1,Option,510300.XSHG,510300.XSHG,XSHG,0,"09:31-11:30,13:01-15:00",10003619
10003620,510300P2110M04500,300ETF沽10月4500,10000,2021-08-27,2021-10-27,2021-10-27,4.5,P,E,1,Option,510300.XSHG,510300.XSHG,XSHG,0,"09:31-11:30,13:01-15:00",10003620
10003641,510300C2111M04500,300ETF购11月4500,10000,2021-09-23,2021-11-24,2021-11-24,4.5,C,E,1,Option,510300.XSHG,510300.XSHG,XSHG,0,"09:31-11:30,13:01-15:00",10003641
10003642,510300C2111M04600,300ETF购11月4600,10000,2021-09-23,2021-11-24,2021-11-24,4.6,C,E,1,Option,510300.XSHG,510300.XSHG,XSHG,0,"09:31-11:30,13:01-15:00",10003642
10003643,510300C2111M04700,300ETF购11月4700,10000,2021-09-23,2021-11-24,2021-11-24,4.7,C,E,1,Option,510300.XSHG,510300.XSHG,XSHG,0,"09:31-11:30,13:01-15:00",10003643
10003644,510300C2111M04800,300ETF购11月4800,10000,2021-09-23,2021-11-24,2021-11-24,4.8,C,E,1,Option,510300.XSHG,510300.XSHG,XSHG,0,"09:31-11:30,13:01-15:00",10003644
10003645,510300C2111M04900,300ETF购11月4900,10000,2021-09-23,2021-11-24,2021-11-24,4.9,C,E,1,Option,510300.XSHG,510300.XSHG,XSHG,0,"09:31-11:30,13:01-15:00",10003645
10003646,510300C2111M05000,300ETF购11月5000,10000,2021-09-23,2021-11-24,2021-11-24,5.0,C,E,1,Option,510300.XSHG,510300.XSHG,XSHG,0,"09:31-11:30,13:01-15:00",10003646
10003647,510300C2111M05250,300ETF购11月5250,10000,2021-09-23,2021-11-24,2021-11-24,5.25,C,E,1,Option,510300.XSHG,510300.XSHG,XSHG,0,"09:31-11:30,13:01-15:00",10003647
10003648,510300C2111M05500,300ETF购11月5500,10000,2021-09-23,2021-11-24,2021-11-24,5.5,C,E,1,Option,510300.XSHG,510300.XSHG,XSHG,0,"09:31-11:30,13:01-15:00",10003648
10003649,510300C2111M05750,300ETF购11月5750,10000,2021-09-23,2021-11-24,2021-11-24,5.75,C,E,1,Option,510300.XSHG,510300.XSHG,XSHG,0,"09:31-11:30,13:01-15:00",10003649
10003650,510300P2111M04500,300ETF沽11月4500,10000,2021-09-23,2021-11-24,2021-11-24,4.5,P,E,1,Option,510300.XSHG,510300.XSHG,XSHG,0,"09:31-11:30,13:01-15:00",10003650
10003651,510300P2111M04600,300ETF沽11月4600,10000,2021-09-23,2021-11-24,2021-11-24,4.6,P,E,1,Option,510300.XSHG,510300.XSHG,XSHG,0,"09:31-11:30,13:01-15:00",10003651
10003652,510300P2111M04700,300ETF沽11月4700,10000,2021-09-23,2021-11-24,2021-11-24,4.7,P,E,1,Option,510300.XSHG,510300.XSHG,XSHG,0,"09:31-11:30,13:01-15:00",10003652
10003653,510300P2111M04800,300ETF沽11月4800,10000,2021-09-23,2021-11-24,2021-11-24,4.8,P,E,1,Option,510300.XSHG,510300.XSHG,XSHG,0,"09:31-11:30,13:01-15:00",10003653
10003654,510300P2111M04900,300ETF沽11月4900,10000,2021-09-23,2021-11-24,2021-11-24,4.9,P,E,1,Option,510300.XSHG,510300.XSHG,XSHG,0,"09:31-11:30,13:01-15:00",10003654
10003655,510300P2111M05000,300ETF沽11月5000,10000,2021-09-23,2021-11-24,2021-11-24,5.0,P,E,1,Option,510300.XSHG,510300.XSHG,XSHG,0,"09:31-11:30,13:01-15:00",10003655
10003656,510300P2111M05250,300ETF沽11月5250,10000,2021-09-23,2021-11-24,2021-11-24,5.25,P,E,1,Option,510300.XSHG,510300.XSHG,XSHG,0,"09:31-11:30,13:01-15:00",10003656
10003657,510300P2111M05500,300ETF沽11月5500,10000,2021-09-23,2021-11-24,2021-11-24,5.5,P,E,1,Option,510300.XSHG,510300.XSHG,XSHG,0,"09:31-11:30,13:01-15:00",10003657
10003658,510300P2111M05750,300ETF沽11月5750,10000,2021-09-23,2021-11-24,2021-11-24,5.75,P,E,1,Option,510300.XSHG,510300.XSHG,XSHG,0,"09:31-11:30,13:01-15:00",10003658
10003659,510300C2111M06000,300ETF购11月6000,10000,2021-09-28,2021-11-24,2021-11-24,6.0,C,E,1,Option,510300.XSHG,510300.XSHG,XSHG,0,"09:31-11:30,13:01-15:00",10003659
10003660,510300P2111M06000,300ETF沽11月6000,10000,2021-09-28,2021-11-24,2021-11-24,6.0,P,E,1,Option,510300.XSHG,510300.XSHG,XSHG,0,"09:31-11:30,13:01-15:00",10003660
10003687,510300C2206A04600,300ETF购6月4529A,10156,2021-10-28,2022-06-22,2022-06-22,4.529,C,E,1,Option,510300.XSHG,510300.XSHG,XSHG,0,"09:31-11:30,13:01-15:00",10003687
10003688,510300C2206A04700,300ETF购6月4628A,10156,2021-10-28,2022-06-22,2022-06-22,4.628,C,E,1,Option,510300.XSHG,510300.XSHG,XSHG,0,"09:31-11:30,13:01-15:00",10003688
10003689,510300C2206A04800,300ETF购6月4726A,10156,2021-10-28,2022-06-22,2022-06-22,4.726,C,E,1,Option,510300.XSHG,510300.XSHG,XSHG,0,"09:31-11:30,13:01-15:00",10003689
10003690,510300C2206A04900,300ETF购6月4825A,10156,2021-10-28,2022-06-22,2022-06-22,4.825,C,E,1,Option,510300.XSHG,510300.XSHG,XSHG,0,"09:31-11:30,13:01-15:00",10003690
10003691,510300C2206A05000,300ETF购6月4923A,10156,2021-10-28,2022-06-22,2022-06-22,4.923,C,E,1,Option,510300.XSHG,510300.XSHG,XSHG,0,"09:31-11:30,13:01-15:00",10003691
10003692,510300C2206A05250,300ETF购6月5169A,10156,2021-10-28,2022-06-22,2022-06-22,5.169,C,E,1,Option,510300.XSHG,510300.XSHG,XSHG,0,"09:31-11:30,13:01-15:00",10003692
10003693,510300C2206A05500,300ETF购6月5416A,10156,2021-10-28,2022-06-22,2022-06-22,5.416,C,E,1,Option,510300.XSHG,510300.XSHG,XSHG,0,"09:31-11:30,13:01-15:00",10003693
10003694,510300C2206A05750,300ETF购6月5662A,10156,2021-10-28,2022-06-22,2022-06-22,5.662,C,E,1,Option,510300.XSHG,510300.XSHG,XSHG,0,"09:31-11:30,13:01-15:00",10003694
10003695,510300C2206A06000,300ETF购6月5908A,10156,2021-10-28,2022-06-22,2022-06-22,5.908,C,E,1,Option,510300.XSHG,510300.XSHG,XSHG,0,"09:31-11:30,13:01-15:00",10003695
10003696,510300P2206A04600,300ETF沽6月4529A,10156,2021-10-28,2022-06-22,2022-06-22,4.529,P,E,1,Option,510300.XSHG,510300.XSHG,XSHG,0,"09:31-11:30,13:01-15:00",10003696
10003697,510300P2206A04700,300ETF沽6月4628A,10156,2021-10-28,2022-06-22,2022-06-22,4.628,P,E,1,Option,510300.XSHG,510300.XSHG,XSHG,0,"09:31-11:30,13:01-15:00",10003697
10003698,510300P2206A04800,300ETF沽6月4726A,10156,2021-10-28,2022-06-22,2022-06-22,4.726,P,E,1,Option,510300.XSHG,510300.XSHG,XSHG,0,"09:31-11:30,13:01-15:00",10003698
10003699,510300P2206A04900,300ETF沽6月4825A,10156,2021-10-28,2022-06-22,2022-06-22,4.825,P,E,1,Option,510300.XSHG,510300.XSHG,XSHG,0,"09:31-11:30,13:01-15:00",10003699
10003700,510300P2206A05000,300ETF沽6月4923A,10156,2021-10-28,2022-06-22,2022-06-22,4.923,P,E,1,Option,510300.XSHG,510300.XSHG,XSHG,0,"09:31-11:30,13:01-15:00",10003700
10003701,510300P2206A05250,300ETF沽6月5169A,10156,2021-10-28,2022-06-22,2022-06-22,5.169,P,E,1,Option,510300.XSHG,510300.XSHG,XSHG,0,"09:31-11:30,13:01-15:00",10003701
10003702,510300P2206A05500,300ETF沽6月5416A,10156,2021-10-28,2022-06-22,2022-06-22,5.416,P,E,1,Option,510300.XSHG,510300.XSHG,XSHG,0,"09:31-11:30,13:01-15:00",10003702
10003703,510300P2206A05750,300ETF沽6月5662A,10156,2021-10-28,2022-06-22,2022-06-22,5.662,P,E,1,Option,510300.XSHG,510300.XSHG,XSHG,0,"09:31-11:30,13:01-15:00",10003703
10003704,510300P2206A06000,300ETF沽6月5908A,10156,2021-10-28,2022-06-22,2022-06-22,5.908,P,E,1,Option,510300.XSHG,510300.XSHG,XSHG,0,"09:31-11:30,13:01-15:00",10003704
10003705,510300C2206A04500,300ETF购6月4431A,10156,2021-10-29,2022-06-22,2022-06-22,4.431,C,E,1,Option,510300.XSHG,510300.XSHG,XSHG,0,"09:31-11:30,13:01-15:00",10003705
10003706,510300P2206A04500,300ETF沽6月4431A,10156,2021-10-29,2022-06-22,2022-06-22,4.431,P,E,1,Option,510300.XSHG,510300.XSHG,XSHG,0,"09:31-11:30,13:01-15:00",10003706
10003727,510300C2201A04600,300ETF购1月4529A,10156,2021-11-25,2022-01-26,2022-01-26,4.529,C,E,1,Option,510300.XSHG,510300.XSHG,XSHG,0,"09:31-11:30,13:01-15:00",10003727
10003728,510300C2201A04700,300ETF购1月4628A,10156,2021-11-25,2022-01-26,2022-01-26,4.628,C,E,1,Option,510300.XSHG,510300.XSHG,XSHG,0,"09:31-11:30,13:01-15:00",10003728
10003729,510300C2201A04800,300ETF购1月4726A,10156,2021-11-25,2022-01-26,2022-01-26,4.726,C,E,1,Option,510300.XSHG,510300.XSHG,XSHG,0,"09:31-11:30,13:01-15:00",10003729
10003730,510300C2201A04900,300ETF购1月4825A,10156,2021-11-25,2022-01-26,2022-01-26,4.825,C,E,1,Option,510300.XSHG,510300.XSHG,XSHG,0,"09:31-11:30,13:01-15:00",10003730
10003731,510300C2201A05000,300ETF购1月4923A,10156,2021-11-25,2022-01-26,2022-01-26,4.923,C,E,1,Option,510300.XSHG,510300.XSHG,XSHG,0,"09:31-11:30,13:01-15:00",10003731
10003732,510300C2201A05250,300ETF购1月5169A,10156,2021-11-25,2022-01-26,2022-01-26,5.169,C,E,1,Option,510300.XSHG,510300.XSHG,XSHG,0,"09:31-11:30,13:01-15:00",10003732
10003733,510300C2201A05500,300ETF购1月5416A,10156,2021-11-25,2022-01-26,2022-01-26,5.416,C,E,1,Option,510300.XSHG,510300.XSHG,XSHG,0,"09:31-11:30,13:01-15:00",10003733
10003734,510300C2201A05750,300ETF购1月5662A,10156,2021-11-25,2022-01-26,2022-01-26,5.662,C,E,1,Option,510300.XSHG,510300.XSHG,XSHG,0,"09:31-11:30,13:01-15:00",10003734
10003735,510300C2201A06000,300ETF购1月5908A,10156,2021-11-25,2022-01-26,2022-01-26,5.908,C,E,1,Option,510300.XSHG,510300.XSHG,XSHG,0,"09:31-11:30,13:01-15:00",10003735
10003736,510300P2201A04600,300ETF沽1月4529A,10156,2021-11-25,2022-01-26,2022-01-26,4.529,P,E,1,Option,510300.XSHG,510300.XSHG,XSHG,0,"09:31-11:30,13:01-15:00",10003736
10003737,510300P2201A04700,300ETF沽1月4628A,10156,2021-11-25,2022-01-26,2022-01-26,4.628,P,E,1,Option,510300.XSHG,510300.XSHG,XSHG,0,"09:31-11:30,13:01-15:00",10003737
10003738,510300P2201A04800,300ETF沽1月4726A,10156,2021-11-25,2022-01-26,2022-01-26,4.726,P,E,1,Option,510300.XSHG,510300.XSHG,XSHG,0,"09:31-11:30,13:01-15:00",10003738
10003739,510300P2201A04900,300ETF沽1月4825A,10156,2021-11-25,2022-01-26,2022-01-26,4.825,P,E,1,Option,510300.XSHG,510300.XSHG,XSHG,0,"09:31-11:30,13:01-15:00",10003739
10003740,510300P2201A05000,300ETF沽1月4923A,10156,2021-11-25,2022-01-26,2022-01-26,4.923,P,E,1,Option,510300.XSHG,510300.XSHG,XSHG,0,"09:31-11:30,13:01-15:00",10003740
10003741,510300P2201A05250,300ETF沽1月5169A,10156,2021-11-25,2022-01-26,2022-01-26,5.169,P,E,1,Option,510300.XSHG,510300.XSHG,XSHG,0,"09:31-11:30,13:01-15:00",10003741
10003742,510300P2201A05500,300ETF沽1月5416A,10156,2021-11-25,2022-01-26,2022-01-26,5.416,P,E,1,Option,510300.XSHG,510300.XSHG,XSHG,0,"09:31-11:30,13:01-15:00",10003742
10003743,510300P2201A05750,300ETF沽1月5662A,10156,2021-11-25,2022-01-26,2022-01-26,5.662,P,E,1,Option,510300.XSHG,510300.XSHG,XSHG,0,"09:31-11:30,13:01-15:00",10003743
10003744,510300P2201A06000,300ETF沽1月5908A,10156,2021-11-25,2022-01-26,2022-01-26,5.908,P,E,1,Option,510300.XSHG,510300.XSHG,XSHG,0,"09:31-11:30,13:01-15:00",10003744
10003745,510300C2201A04500,300ETF购1月4431A,10156,2021-11-29,2022-01-26,2022-01-26,4.431,C,E,1,Option,510300.XSHG,510300.XSHG,XSHG,0,"09:31-11:30,13:01-15:00",10003745
10003746,510300P2201A04500,300ETF沽1月4431A,10156,2021-11-29,2022-01-26,2022-01-26,4.431,P,E,1,Option,510300.XSHG,510300.XSHG,XSHG,0,"09:31-11:30,13:01-15:00",10003746
10003835,510300C2201A06250,300ETF购1月6154A,10156,2021-12-10,2022-01-26,2022-01-26,6.154,C,E,1,Option,510300.XSHG,510300.XSHG,XSHG,0,"09:31-11:30,13:01-15:00",10003835
10003836,510300P2201A06250,300ETF沽1月6154A,10156,2021-12-10,2022-01-26,2022-01-26,6.154,P,E,1,Option,510300.XSHG,510300.XSHG,XSHG,0,"09:31-11:30,13:01-15:00",10003836
10003837,510300C2203A06250,300ETF购3月6154A,10156,2021-12-10,2022-03-23,2022-03-23,6.154,C,E,1,Option,510300.XSHG,510300.XSHG,XSHG,0,"09:31-11:30,13:01-15:00",10003837
10003838,510300P2203A06250,300ETF沽3月6154A,10156,2021-12-10,2022-03-23,2022-03-23,6.154,P,E,1,Option,510300.XSHG,510300.XSHG,XSHG,0,"09:31-11:30,13:01-15:00",10003838
10003839,510300C2206A06250,300ETF购6月6154A,10156,2021-12-10,2022-06-22,2022-06-22,6.154,C,E,1,Option,510300.XSHG,510300.XSHG,XSHG,0,"09:31-11:30,13:01-15:00",10003839
10003840,510300P2206A06250,300ETF沽6月6154A,10156,2021-12-10,2022-06-22,2022-06-22,6.154,P,E,1,Option,510300.XSHG,510300.XSHG,XSHG,0,"09:31-11:30,13:01-15:00",10003840
10003859,510300C2202A04600,300ETF购2月4529A,10156,2021-12-23,2022-02-23,2022-02-23,4.529,C,E,1,Option,510300.XSHG,510300.XSHG,XSHG,0,"09:31-11:30,13:01-15:00",10003859
10003860,510300C2202A04700,300ETF购2月4628A,10156,2021-12-23,2022-02-23,2022-02-23,4.628,C,E,1,Option,510300.XSHG,510300.XSHG,XSHG,0,"09:31-11:30,13:01-15:00",10003860
10003861,510300C2202A04800,300ETF购2月4726A,10156,2021-12-23,2022-02-23,2022-02-23,4.726,C,E,1,Option,510300.XSHG,510300.XSHG,XSHG,0,"09:31-11:30,13:01-15:00",10003861
10003862,510300C2202A04900,300ETF购2月4825A,10156,2021-12-23,2022-02-23,2022-02-23,4.825,C,E,1,Option,510300.XSHG,510300.XSHG,XSHG,0,"09:31-11:30,13:01-15:00",10003862
10003863,510300C2202A05000,300ETF购2月4923A,10156,2021-12-23,2022-02-23,2022-02-23,4.923,C,E,1,Option,510300.XSHG,510300.XSHG,XSHG,0,"09:31-11:30,13:01-15:00",10003863
10003864,510300C2202A05250,300ETF购2月5169A,10156,2021-12-23,2022-02-23,2022-02-23,5.169,C,E,1,Option,510300.XSHG,510300.XSHG,XSHG,0,"09:31-11:30,13:01-15:00",10003864
10003865,510300C2202A05500,300ETF购2月5416A,10156,2021-12-23,2022-02-23,2022-02-23,5.416,C,E,1,Option,510300.XSHG,510300.XSHG,XSHG,0,"09:31-11:30,13:01-15:00",10003865
10003866,510300C2202A05750,300ETF购2月5662A,10156,2021-12-23,2022-02-23,2022-02-23,5.662,C,E,1,Option,510300.XSHG,510300.XSHG,XSHG,0,"09:31-11:30,13:01-15:00",10003866
10003867,510300C2202A06000,300ETF购2月5908A,10156,2021-12-23,2022-02-23,2022-02-23,5.908,C,E,1,Option,510300.XSHG,510300.XSHG,XSHG,0,"09:31-11:30,13:01-15:00",10003867
10003868,510300P2202A04600,300ETF沽2月4529A,10156,2021-12-23,2022-02-23,2022-02-23,4.529,P,E,1,Option,510300.XSHG,510300.XSHG,XSHG,0,"09:31-11:30,13:01-15:00",10003868
10003869,510300P2202A04700,300ETF沽2月4628A,10156,2021-12-23,2022-02-23,2022-02-23,4.628,P,E,1,Option,510300.XSHG,510300.XSHG,XSHG,0,"09:31-11:30,13:01-15:00",10003869
10003870,510300P2202A04800,300ETF沽2月4726A,10156,2021-12-23,2022-02-23,2022-02-23,4.726,P,E,1,Option,510300.XSHG,510300.XSHG,XSHG,0,"09:31-11:30,13:01-15:00",10003870
10003871,510300P2202A04900,300ETF沽2月4825A,10156,2021-12-23,2022-02-23,2022-02-23,4.825,P,E,1,Option,510300.XSHG,510300.XSHG,XSHG,0,"09:31-11:30,13:01-15:00",10003871
10003872,510300P2202A05000,300ETF沽2月4923A,10156,2021-12-23,2022-02-23,2022-02-23,4.923,P,E,1,Option,510300.XSHG,510300.XSHG,XSHG,0,"09:31-11:30,13:01-15:00",10003872
10003873,510300P2202A05250,300ETF沽2月5169A,10156,2021-12-23,2022-02-23,2022-02-23,5.169,P,E,1,Option,510300.XSHG,510300.XSHG,XSHG,0,"09:31-11:30,13:01-15:00",10003873
10003874,510300P2202A05500,300ETF沽2月5416A,10156,2021-12-23,2022-02-23,2022-02-23,5.416,P,E,1,Option,510300.XSHG,510300.XSHG,XSHG,0,"09:31-11:30,13:01-15:00",10003874
10003875,510300P2202A05750,300ETF沽2月5662A,10156,2021-12-23,2022-02-23,2022-02-23,5.662,P,E,1,Option,510300.XSHG,510300.XSHG,XSHG,0,"09:31-11:30,13:01-15:00",10003875
10003876,510300P2202A06000,300ETF沽2月5908A,10156,2021-12-23,2022-02-23,2022-02-23,5.908,P,E,1,Option,510300.XSHG,510300.XSHG,XSHG,0,"09:31-11:30,13:01-15:00",10003876
10003879,510300C2202A04500,300ETF购2月4431A,10156,2022-01-06,2022-02-23,2022-02-23,4.431,C,E,1,Option,510300.XSHG,510300.XSHG,XSHG,0,"09:31-11:30,13:01-15:00",10003879
10003880,510300P2202A04500,300ETF沽2月4431A,10156,2022-01-06,2022-02-23,2022-02-23,4.431,P,E,1,Option,510300.XSHG,510300.XSHG,XSHG,0,"09:31-11:30,13:01-15:00",10003880
10003881,510300C2201A04400,300ETF购1月4332A,10156,2022-01-14,2022-01-26,2022-01-26,4.332,C,E,1,Option,510300.XSHG,510300.XSHG,XSHG,0,"09:31-11:30,13:01-15:00",10003881
10003882,510300P2201A04400,300ETF沽1月4332A,10156,2022-01-14,2022-01-26,2022-01-26,4.332,P,E,1,Option,510300.XSHG,510300.XSHG,XSHG,0,"09:31-11:30,13:01-15:00",10003882
10003883,510300C2202A04400,300ETF购2月4332A,10156,2022-01-14,2022-02-23,2022-02-23,4.332,C,E,1,Option,510300.XSHG,510300.XSHG,XSHG,0,"09:31-11:30,13:01-15:00",10003883
10003884,510300P2202A04400,300ETF沽2月4332A,10156,2022-01-14,2022-02-23,2022-02-23,4.332,P,E,1,Option,510300.XSHG,510300.XSHG,XSHG,0,"09:31-11:30,13:01-15:00",10003884
10003885,510300C2206A04400,300ETF购6月4332A,10156,2022-01-14,2022-06-22,2022-06-22,4.332,C,E,1,Option,510300.XSHG,510300.XSHG,XSHG,0,"09:31-11:30,13:01-15:00",10003885
10003886,510300P2206A04400,300ETF沽6月4332A,10156,2022-01-14,2022-06-22,2022-06-22,4.332,P,E,1,Option,510300.XSHG,510300.XSHG,XSHG,0,"09:31-11:30,13:01-15:00",10003886
10003895,510300C2201M04400,300ETF购1月4400,10000,2022-01-19,2022-01-26,2022-01-26,4.4,C,E,1,Option,510300.XSHG,510300.XSHG,XSHG,0,"09:31-11:30,13:01-15:00",10003895
10003896,510300C2201M04500,300ETF购1月4500,10000,2022-01-19,2022-01-26,2022-01-26,4.5,C,E,1,Option,510300.XSHG,510300.XSHG,XSHG,0,"09:31-11:30,13:01-15:00",10003896
10003897,510300C2201M04600,300ETF购1月4600,10000,2022-01-19,2022-01-26,2022-01-26,4.6,C,E,1,Option,510300.XSHG,510300.XSHG,XSHG,0,"09:31-11:30,13:01-15:00",10003897
10003898,510300C2201M04700,300ETF购1月4700,10000,2022-01-19,2022-01-26,2022-01-26,4.7,C,E,1,Option,510300.XSHG,510300.XSHG,XSHG,0,"09:31-11:30,13:01-15:00",10003898
10003899,510300C2201M04800,300ETF购1月4800,10000,2022-01-19,2022-01-26,2022-01-26,4.8,C,E,1,Option,510300.XSHG,510300.XSHG,XSHG,0,"09:31-11:30,13:01-15:00",10003899
10003900,510300C2201M04900,300ETF购1月4900,10000,2022-01-19,2022-01-26,2022-01-26,4.9,C,E,1,Option,510300.XSHG,510300.XSHG,XSHG,0,"09:31-11:30,13:01-15:00",10003900
10003901,510300C2201M05000,300ETF购1月5000,10000,2022-01-19,2022-01-26,2022-01-26,5.0,C,E,1,Option,510300.XSHG,510300.XSHG,XSHG,0,"09:31-11:30,13:01-15:00",10003901
10003902,510300C2201M05250,300ETF购1月5250,10000,2022-01-19,2022-01-26,2022-01-26,5.25,C,E,1,Option,510300.XSHG,510300.XSHG,XSHG,0,"09:31-11:30,13:01-15:00",10003902
10003903,510300C2201M05500,300ETF购1月5500,10000,2022-01-19,2022-01-26,2022-01-26,5.5,C,E,1,Option,510300.XSHG,510300.XSHG,XSHG,0,"09:31-11:30,13:01-15:00",10003903
10003904,510300P2201M04400,300ETF沽1月4400,10000,2022-01-19,2022-01-26,2022-01-26,4.4,P,E,1,Option,510300.XSHG,510300.XSHG,XSHG,0,"09:31-11:30,13:01-15:00",10003904
10003905,510300P2201M04500,300ETF沽1月4500,10000,2022-01-19,2022-01-26,2022-01-26,4.5,P,E,1,Option,510300.XSHG,510300.XSHG,XSHG,0,"09:31-11:30,13:01-15:00",10003905
10003906,510300P2201M04600,300ETF沽1月4600,10000,2022-01-19,2022-01-26,2022-01-26,4.6,P,E,1,Option,510300.XSHG,510300.XSHG,XSHG,0,"09:31-11:30,13:01-15:00",10003906
10003907,510300P2201M04700,300ETF沽1月4700,10000,2022-01-19,2022-01-26,2022-01-26,4.7,P,E,1,Option,510300.XSHG,510300.XSHG,XSHG,0,"09:31-11:30,13:01-15:00",10003907
10003908,510300P2201M04800,300ETF沽1月4800,10000,2022-01-19,2022-01-26,2022-01-26,4.8,P,E,1,Option,510300.XSHG,510300.XSHG,XSHG,0,"09:31-11:30,13:01-15:00",10003908
10003909,510300P2201M04900,300ETF沽1月4900,10000,2022-01-19,2022-01-26,2022-01-26,4.9,P,E,1,Option,510300.XSHG,510300.XSHG,XSHG,0,"09:31-11:30,13:01-15:00",10003909
10003910,510300P2201M05000,300ETF沽1月5000,10000,2022-01-19,2022-01-26,2022-01-26,5.0,P,E,1,Option,510300.XSHG,510300.XSHG,XSHG,0,"09:31-11:30,13:01-15:00",10003910
10003911,510300P2201M05250,300ETF沽1月5250,10000,2022-01-19,2022-01-26,2022-01-26,5.25,P,E,1,Option,510300.XSHG,510300.XSHG,XSHG,0,"09:31-11:30,13:01-15:00",10003911
10003912,510300P2201M05500,300ETF沽1月5500,10000,2022-01-19,2022-01-26,2022-01-26,5.5,P,E,1,Option,510300.XSHG,510300.XSHG,XSHG,0,"09:31-11:30,13:01-15:00",10003912
10003913,510300C2202M04400,300ETF购2月4400,10000,2022-01-19,2022-02-23,2022-02-23,4.4,C,E,1,Option,510300.XSHG,510300.XSHG,XSHG,0,"09:31-11:30,13:01-15:00",10003913
10003914,510300C2202M04500,300ETF购2月4500,10000,2022-01-19,2022-02-23,2022-02-23,4.5,C,E,1,Option,510300.XSHG,510300.XSHG,XSHG,0,"09:31-11:30,13:01-15:00",10003914
10003915,510300C2202M04600,300ETF购2月4600,10000,2022-01-19,2022-02-23,2022-02-23,4.6,C,E,1,Option,510300.XSHG,510300.XSHG,XSHG,0,"09:31-11:30,13:01-15:00",10003915
10003916,510300C2202M04700,300ETF购2月4700,10000,2022-01-19,2022-02-23,2022-02-23,4.7,C,E,1,Option,510300.XSHG,510300.XSHG,XSHG,0,"09:31-11:30,13:01-15:00",10003916
10003917,510300C2202M04800,300ETF购2月4800,10000,2022-01-19,2022-02-23,2022-02-23,4.8,C,E,1,Option,510300.XSHG,510300.XSHG,XSHG,0,"09:31-11:30,13:01-15:00",10003917
10003918,510300C2202M04900,300ETF购2月4900,10000,2022-01-19,2022-02-23,2022-02-23,4.9,C,E,1,Option,510300.XSHG,510300.XSHG,XSHG,0,"09:31-11:30,13:01-15:00",10003918
10003919,510300C2202M05000,300ETF购2月5000,10000,2022-01-19,2022-02-23,2022-02-23,5.0,C,E,1,Option,510300.XSHG,510300.XSHG,XSHG,0,"09:31-11:30,13:01-15:00",10003919
10003920,510300C2202M05250,300ETF购2月5250,10000,2022-01-19,2022-02-23,2022-02-23,5.25,C,E,1,Option,510300.XSHG,510300.XSHG,XSHG,0,"09:31-11:30,13:01-15:00",10003920
10003921,510300C2202M05500,300ETF购2月5500,10000,2022-01-19,2022-02-23,2022-02-23,5.5,C,E,1,Option,510300.XSHG,510300.XSHG,XSHG,0,"09:31-11:30,13:01-15:00",10003921
10003922,510300P2202M04400,300ETF沽2月4400,10000,2022-01-19,2022-02-23,2022-02-23,4.4,P,E,1,Option,510300.XSHG,510300.XSHG,XSHG,0,"09:31-11:30,13:01-15:00",10003922
10003923,510300P2202M04500,300ETF沽2月4500,10000,2022-01-19,2022-02-23,2022-02-23,4.5,P,E,1,Option,510300.XSHG,510300.XSHG,XSHG,0,"09:31-11:30,13:01-15:00",10003923
10003924,510300P2202M04600,300ETF沽2月4600,10000,2022-01-19,2022-02-23,2022-02-23,4.6,P,E,1,Option,510300.XSHG,510300.XSHG,XSHG,0,"09:31-11:30,13:01-15:00",10003924
10003925,510300P2202M04700,300ETF沽2月4700,10000,2022-01-19,2022-02-23,2022-02-23,4.7,P,E,1,Option,510300.XSHG,510300.XSHG,XSHG,0,"09:31-11:30,13:01-15:00",10003925
10003926,510300P2202M04800,300ETF沽2月4800,10000,2022-01-19,2022-02-23,2022-02-23,4.8,P,E,1,Option,510300.XSHG,510300.XSHG,XSHG,0,"09:31-11:30,13:01-15:00",10003926
10003927,510300P2202M04900,300ETF沽2月4900,10000,2022-01-19,2022-02-23,2022-02-23,4.9,P,E,1,Option,510300.XSHG,510300.XSHG,XSHG,0,"09:31-11:30,13:01-15:00",10003927
10003928,510300P2202M05000,300ETF沽2月5000,10000,2022-01-19,2022-02-23,2022-02-23,5.0,P,E,1,Option,510300.XSHG,510300.XSHG,XSHG,0,"09:31-11:30,13:01-15:00",10003928
10003929,510300P2202M05250,300ETF沽2月5250,10000,2022-01-19,2022-02-23,2022-02-23,5.25,P,E,1,Option,510300.XSHG,510300.XSHG,XSHG,0,"09:31-11:30,13:01-15:00",10003929
10003930,510300P2202M05500,300ETF沽2月5500,10000,2022-01-19,2022-02-23,2022-02-23,5.5,P,E,1,Option,510300.XSHG,510300.XSHG,XSHG,0,"09:31-11:30,13:01-15:00",10003930
10003931,510300C2203M04400,300ETF购3月4400,10000,2022-01-19,2022-03-23,2022-03-23,4.4,C,E,1,Option,510300.XSHG,510300.XSHG,XSHG,0,"09:31-11:30,13:01-15:00",10003931
10003932,510300C2203M04500,300ETF购3月4500,10000,2022-01-19,2022-03-23,2022-03-23,4.5,C,E,1,Option,510300.XSHG,510300.XSHG,XSHG,0,"09:31-11:30,13:01-15:00",10003932
10003933,510300C2203M04600,300ETF购3月4600,10000,2022-01-19,2022-03-23,2022-03-23,4.6,C,E,1,Option,510300.XSHG,510300.XSHG,XSHG,0,"09:31-11:30,13:01-15:00",10003933
10003934,510300C2203M04700,300ETF购3月4700,10000,2022-01-19,2022-03-23,2022-03-23,4.7,C,E,1,Option,510300.XSHG,510300.XSHG,XSHG,0,"09:31-11:30,13:01-15:00",10003934
10003935,510300C2203M04800,300ETF购3月4800,10000,2022-01-19,2022-03-23,2022-03-23,4.8,C,E,1,Option,510300.XSHG,510300.XSHG,XSHG,0,"09:31-11:30,13:01-15:00",10003935
10003936,510300C2203M04900,300ETF购3月4900,10000,2022-01-19,2022-03-23,2022-03-23,4.9,C,E,1,Option,510300.XSHG,510300.XSHG,XSHG,0,"09:31-11:30,13:01-15:00",10003936
10003937,510300C2203M05000,300ETF购3月5000,10000,2022-01-19,2022-03-23,2022-03-23,5.0,C,E,1,Option,510300.XSHG,510300.XSHG,XSHG,0,"09:31-11:30,13:01-15:00",10003937
10003938,510300C2203M05250,300ETF购3月5250,10000,2022-01-19,2022-03-23,2022-03-23,5.25,C,E,1,Option,510300.XSHG,510300.XSHG,XSHG,0,"09:31-11:30,13:01-15:00",10003938
10003939,510300C2203M05500,300ETF购3月5500,10000,2022-01-19,2022-03-23,2022-03-23,5.5,C,E,1,Option,510300.XSHG,510300.XSHG,XSHG,0,"09:31-11:30,13:01-15:00",10003939
10003940,510300P2203M04400,300ETF沽3月4400,10000,2022-01-19,2022-03-23,2022-03-23,4.4,P,E,1,Option,510300.XSHG,510300.XSHG,XSHG,0,"09:31-11:30,13:01-15:00",10003940
10003941,510300P2203M04500,300ETF沽3月4500,10000,2022-01-19,2022-03-23,2022-03-23,4.5,P,E,1,Option,510300.XSHG,510300.XSHG,XSHG,0,"09:31-11:30,13:01-15:00",10003941
10003942,510300P2203M04600,300ETF沽3月4600,10000,2022-01-19,2022-03-23,2022-03-23,4.6,P,E,1,Option,510300.XSHG,510300.XSHG,XSHG,0,"09:31-11:30,13:01-15:00",10003942
10003943,510300P2203M04700,300ETF沽3月4700,10000,2022-01-19,2022-03-23,2022-03-23,4.7,P,E,1,Option,510300.XSHG,510300.XSHG,XSHG,0,"09:31-11:30,13:01-15:00",10003943
10003944,510300P2203M04800,300ETF沽3月4800,10000,2022-01-19,2022-03-23,2022-03-23,4.8,P,E,1,Option,510300.XSHG,510300.XSHG,XSHG,0,"09:31-11:30,13:01-15:00",10003944
10003945,510300P2203M04900,300ETF沽3月4900,10000,2022-01-19,2022-03-23,2022-03-23,4.9,P,E,1,Option,510300.XSHG,510300.XSHG,XSHG,0,"09:31-11:30,13:01-15:00",10003945
10003946,510300P2203M05000,300ETF沽3月5000,10000,2022-01-19,2022-03-23,2022-03-23,5.0,P,E,1,Option,510300.XSHG,510300.XSHG,XSHG,0,"09:31-11:30,13:01-15:00",10003946
10003947,510300P2203M05250,300ETF沽3月5250,10000,2022-01-19,2022-03-23,2022-03-23,5.25,P,E,1,Option,510300.XSHG,510300.XSHG,XSHG,0,"09:31-11:30,13:01-15:00",10003947
10003948,510300P2203M05500,300ETF沽3月5500,10000,2022-01-19,2022-03-23,2022-03-23,5.5,P,E,1,Option,510300.XSHG,510300.XSHG,XSHG,0,"09:31-11:30,13:01-15:00",10003948
10003949,510300C2206M04400,300ETF购6月4400,10000,2022-01-19,2022-06-22,2022-06-22,4.4,C,E,1,Option,510300.XSHG,510300.XSHG,XSHG,0,"09:31-11:30,13:01-15:00",10003949
10003950,510300C2206M04500,300ETF购6月4500,10000,2022-01-19,2022-06-22,2022-06-22,4.5,C,E,1,Option,510300.XSHG,510300.XSHG,XSHG,0,"09:31-11:30,13:01-15:00",10003950
10003951,510300C2206M04600,300ETF购6月4600,10000,2022-01-19,2022-06-22,2022-06-22,4.6,C,E,1,Option,510300.XSHG,510300.XSHG,XSHG,0,"09:31-11:30,13:01-15:00",10003951
10003952,510300C2206M04700,300ETF购6月4700,10000,2022-01-19,2022-06-22,2022-06-22,4.7,C,E,1,Option,510300.XSHG,510300.XSHG,XSHG,0,"09:31-11:30,13:01-15:00",10003952
10003953,510300C2206M04800,300ETF购6月4800,10000,2022-01-19,2022-06-22,2022-06-22,4.8,C,E,1,Option,510300.XSHG,510300.XSHG,XSHG,0,"09:31-11:30,13:01-15:00",10003953
10003954,510300C2206M04900,300ETF购6月4900,10000,2022-01-19,2022-06-22,2022-06-22,4.9,C,E,1,Option,510300.XSHG,510300.XSHG,XSHG,0,"09:31-11:30,13:01-15:00",10003954
10003955,510300C2206M05000,300ETF购6月5000,10000,2022-01-19,2022-06-22,2022-06-22,5.0,C,E,1,Option,510300.XSHG,510300.XSHG,XSHG,0,"09:31-11:30,13:01-15:00",10003955
10003956,510300C2206M05250,300ETF购6月5250,10000,2022-01-19,2022-06-22,2022-06-22,5.25,C,E,1,Option,510300.XSHG,510300.XSHG,XSHG,0,"09:31-11:30,13:01-15:00",10003956
10003957,510300C2206M05500,300ETF购6月5500,10000,2022-01-19,2022-06-22,2022-06-22,5.5,C,E,1,Option,510300.XSHG,510300.XSHG,XSHG,0,"09:31-11:30,13:01-15:00",10003957
10003958,510300P2206M04400,300ETF沽6月4400,10000,2022-01-19,2022-06-22,2022-06-22,4.4,P,E,1,Option,510300.XSHG,510300.XSHG,XSHG,0,"09:31-11:30,13:01-15:00",10003958
10003959,510300P2206M04500,300ETF沽6月4500,10000,2022-01-19,2022-06-22,2022-06-22,4.5,P,E,1,Option,510300.XSHG,510300.XSHG,XSHG,0,"09:31-11:30,13:01-15:00",10003959
10003960,510300P2206M04600,300ETF沽6月4600,10000,2022-01-19,2022-06-22,2022-06-22,4.6,P,E,1,Option,510300.XSHG,510300.XSHG,XSHG,0,"09:31-11:30,13:01-15:00",10003960
10003961,510300P2206M04700,300ETF沽6月4700,10000,2022-01-19,2022-06-22,2022-06-22,4.7,P,E,1,Option,510300.XSHG,510300.XSHG,XSHG,0,"09:31-11:30,13:01-15:00",10003961
10003962,510300P2206M04800,300ETF沽6月4800,10000,2022-01-19,2022-06-22,2022-06-22,4.8,P,E,1,Option,510300.XSHG,510300.XSHG,XSHG,0,"09:31-11:30,13:01-15:00",10003962
10003963,510300P2206M04900,300ETF沽6月4900,10000,2022-01-19,2022-06-22,2022-06-22,4.9,P,E,1,Option,510300.XSHG,510300.XSHG,XSHG,0,"09:31-11:30,13:01-15:00",10003963
10003964,510300P2206M05000,300ETF沽6月5000,10000,2022-01-19,2022-06-22,2022-06-22,5.0,P,E,1,Option,510300.XSHG,510300.XSHG,XSHG,0,"09:31-11:30,13:01-15:00",10003964
10003965,510300P2206M05250,300ETF沽6月5250,10000,2022-01-19,2022-06-22,2022-06-22,5.25,P,E,1,Option,510300.XSHG,510300.XSHG,XSHG,0,"09:31-11:30,13:01-15:00",10003965
10003966,510300P2206M05500,300ETF沽6月5500,10000,2022-01-19,2022-06-22,2022-06-22,5.5,P,E,1,Option,510300.XSHG,510300.XSHG,XSHG,0,"09:31-11:30,13:01-15:00",10003966
10003967,510300C2201M04300,300ETF购1月4300,10000,2022-01-26,2022-01-26,2022-01-26,4.3,C,E,1,Option,510300.XSHG,510300.XSHG,XSHG,0,"09:31-11:30,13:01-15:00",10003967
10003968,510300P2201M04300,300ETF沽1月4300,10000,2022-01-26,2022-01-26,2022-01-26,4.3,P,E,1,Option,510300.XSHG,510300.XSHG,XSHG,0,"09:31-11:30,13:01-15:00",10003968
10003969,510300C2202M04300,300ETF购2月4300,10000,2022-01-26,2022-02-23,2022-02-23,4.3,C,E,1,Option,510300.XSHG,510300.XSHG,XSHG,0,"09:31-11:30,13:01-15:00",10003969
10003970,510300P2202M04300,300ETF沽2月4300,10000,2022-01-26,2022-02-23,2022-02-23,4.3,P,E,1,Option,510300.XSHG,510300.XSHG,XSHG,0,"09:31-11:30,13:01-15:00",10003970
10003971,510300C2203M04300,300ETF购3月4300,10000,2022-01-26,2022-03-23,2022-03-23,4.3,C,E,1,Option,510300.XSHG,510300.XSHG,XSHG,0,"09:31-11:30,13:01-15:00",10003971
10003972,510300P2203M04300,300ETF沽3月4300,10000,2022-01-26,2022-03-23,2022-03-23,4.3,P,E,1,Option,510300.XSHG,510300.XSHG,XSHG,0,"09:31-11:30,13:01-15:00",10003972
10003973,510300C2206M04300,300ETF购6月4300,10000,2022-01-26,2022-06-22,2022-06-22,4.3,C,E,1,Option,510300.XSHG,510300.XSHG,XSHG,0,"09:31-11:30,13:01-15:00",10003973
10003974,510300P2206M04300,300ETF沽6月4300,10000,2022-01-26,2022-06-22,2022-06-22,4.3,P,E,1,Option,510300.XSHG,510300.XSHG,XSHG,0,"09:31-11:30,13:01-15:00",10003974
10003993,510300C2209M04300,300ETF购9月4300,10000,2022-01-27,2022-09-28,2022-09-28,4.3,C,E,1,Option,510300.XSHG,510300.XSHG,XSHG,0,"09:31-11:30,13:01-15:00",10003993
10003994,510300C2209M04400,300ETF购9月4400,10000,2022-01-27,2022-09-28,2022-09-28,4.4,C,E,1,Option,510300.XSHG,510300.XSHG,XSHG,0,"09:31-11:30,13:01-15:00",10003994
10003995,510300C2209M04500,300ETF购9月4500,10000,2022-01-27,2022-09-28,2022-09-28,4.5,C,E,1,Option,510300.XSHG,510300.XSHG,XSHG,0,"09:31-11:30,13:01-15:00",10003995
10003996,510300C2209M04600,300ETF购9月4600,10000,2022-01-27,2022-09-28,2022-09-28,4.6,C,E,1,Option,510300.XSHG,510300.XSHG,XSHG,0,"09:31-11:30,13:01-15:00",10003996
10003997,510300C2209M04700,300ETF购9月4700,10000,2022-01-27,2022-09-28,2022-09-28,4.7,C,E,1,Option,510300.XSHG,510300.XSHG,XSHG,0,"09:31-11:30,13:01-15:00",10003997
10003998,510300C2209M04800,300ETF购9月4800,10000,2022-01-27,2022-09-28,2022-09-28,4.8,C,E,1,Option,510300.XSHG,510300.XSHG,XSHG,0,"09:31-11:30,13:01-15:00",10003998
10003999,510300C2209M04900,300ETF购9月4900,10000,2022-01-27,2022-09-28,2022-09-28,4.9,C,E,1,Option,510300.XSHG,510300.XSHG,XSHG,0,"09:31-11:30,13:01-15:00",10003999
10004000,510300C2209M05000,300ETF购9月5000,10000,2022-01-27,2022-09-28,2022-09-28,5.0,C,E,1,Option,510300.XSHG,510300.XSHG,XSHG,0,"09:31-11:30,13:01-15:00",10004000
10004001,510300C2209M05250,300ETF购9月5250,10000,2022-01-27,2022-09-28,2022-09-28,5.25,C,E,1,Option,510300.XSHG,510300.XSHG,XSHG,0,"09:31-11:30,13:01-15:00",10004001
10004002,510300P2209M04300,300ETF沽9月4300,10000,2022-01-27,2022-09-28,2022-09-28,4.3,P,E,1,Option,510300.XSHG,510300.XSHG,XSHG,0,"09:31-11:30,13:01-15:00",10004002
10004003,510300P2209M04400,300ETF沽9月4400,10000,2022-01-27,2022-09-28,2022-09-28,4.4,P,E,1,Option,510300.XSHG,510300.XSHG,XSHG,0,"09:31-11:30,13:01-15:00",10004003
10004004,510300P2209M04500,300ETF沽9月4500,10000,2022-01-27,2022-09-28,2022-09-28,4.5,P,E,1,Option,510300.XSHG,510300.XSHG,XSHG,0,"09:31-11:30,13:01-15:00",10004004
10004005,510300P2209M04600,300ETF沽9月4600,10000,2022-01-27,2022-09-28,2022-09-28,4.6,P,E,1,Option,510300.XSHG,510300.XSHG,XSHG,0,"09:31-11:30,13:01-15:00",10004005
10004006,510300P2209M04700,300ETF沽9月4700,10000,2022-01-27,2022-09-28,2022-09-28,4.7,P,E,1,Option,510300.XSHG,510300.XSHG,XSHG,0,"09:31-11:30,13:01-15:00",10004006
10004007,510300P2209M04800,300ETF沽9月4800,10000,2022-01-27,2022-09-28,2022-09-28,4.8,P,E,1,Option,510300.XSHG,510300.XSHG,XSHG,0,"09:31-11:30,13:01-15:00",10004007
10004008,510300P2209M04900,300ETF沽9月4900,10000,2022-01-27,2022-09-28,2022-09-28,4.9,P,E,1,Option,510300.XSHG,510300.XSHG,XSHG,0,"09:31-11:30,13:01-15:00",10004008
10004009,510300P2209M05000,300ETF沽9月5000,10000,2022-01-27,2022-09-28,2022-09-28,5.0,P,E,1,Option,510300.XSHG,510300.XSHG,XSHG,0,"09:31-11:30,13:01-15:00",10004009
10004010,510300P2209M05250,300ETF沽9月5250,10000,2022-01-27,2022-09-28,2022-09-28,5.25,P,E,1,Option,510300.XSHG,510300.XSHG,XSHG,0,"09:31-11:30,13:01-15:00",10004010
10004011,510300C2202M04200,300ETF购2月4200,10000,2022-01-28,2022-02-23,2022-02-23,4.2,C,E,1,Option,510300.XSHG,510300.XSHG,XSHG,0,"09:31-11:30,13:01-15:00",10004011
10004012,510300P2202M04200,300ETF沽2月4200,10000,2022-01-28,2022-02-23,2022-02-23,4.2,P,E,1,Option,510300.XSHG,510300.XSHG,XSHG,0,"09:31-11:30,13:01-15:00",10004012
10004013,510300C2203M04200,300ETF购3月4200,10000,2022-01-28,2022-03-23,2022-03-23,4.2,C,E,1,Option,510300.XSHG,510300.XSHG,XSHG,0,"09:31-11:30,13:01-15:00",10004013
10004014,510300P2203M04200,300ETF沽3月4200,10000,2022-01-28,2022-03-23,2022-03-23,4.2,P,E,1,Option,510300.XSHG,510300.XSHG,XSHG,0,"09:31-11:30,13:01-15:00",10004014
10004015,510300C2206M04200,300ETF购6月4200,10000,2022-01-28,2022-06-22,2022-06-22,4.2,C,E,1,Option,510300.XSHG,510300.XSHG,XSHG,0,"09:31-11:30,13:01-15:00",10004015
10004016,510300P2206M04200,300ETF沽6月4200,10000,2022-01-28,2022-06-22,2022-06-22,4.2,P,E,1,Option,510300.XSHG,510300.XSHG,XSHG,0,"09:31-11:30,13:01-15:00",10004016
10004017,510300C2209M04200,300ETF购9月4200,10000,2022-01-28,2022-09-28,2022-09-28,4.2,C,E,1,Option,510300.XSHG,510300.XSHG,XSHG,0,"09:31-11:30,13:01-15:00",10004017
10004018,510300P2209M04200,300ETF沽9月4200,10000,2022-01-28,2022-09-28,2022-09-28,4.2,P,E,1,Option,510300.XSHG,510300.XSHG,XSHG,0,"09:31-11:30,13:01-15:00",10004018
10004027,510300C2202M04100,300ETF购2月4100,10000,2022-02-15,2022-02-23,2022-02-23,4.1,C,E,1,Option,510300.XSHG,510300.XSHG,XSHG,0,"09:31-11:30,13:01-15:00",10004027
10004028,510300P2202M04100,300ETF沽2月4100,10000,2022-02-15,2022-02-23,2022-02-23,4.1,P,E,1,Option,510300.XSHG,510300.XSHG,XSHG,0,"09:31-11:30,13:01-15:00",10004028
10004029,510300C2203M04100,300ETF购3月4100,10000,2022-02-15,2022-03-23,2022-03-23,4.1,C,E,1,Option,510300.XSHG,510300.XSHG,XSHG,0,"09:31-11:30,13:01-15:00",10004029
10004030,510300P2203M04100,300ETF沽3月4100,10000,2022-02-15,2022-03-23,2022-03-23,4.1,P,E,1,Option,510300.XSHG,510300.XSHG,XSHG,0,"09:31-11:30,13:01-15:00",10004030
10004031,510300C2206M04100,300ETF购6月4100,10000,2022-02-15,2022-06-22,2022-06-22,4.1,C,E,1,Option,510300.XSHG,510300.XSHG,XSHG,0,"09:31-11:30,13:01-15:00",10004031
10004032,510300P2206M04100,300ETF沽6月4100,10000,2022-02-15,2022-06-22,2022-06-22,4.1,P,E,1,Option,510300.XSHG,510300.XSHG,XSHG,0,"09:31-11:30,13:01-15:00",10004032
10004033,510300C2209M04100,300ETF购9月4100,10000,2022-02-15,2022-09-28,2022-09-28,4.1,C,E,1,Option,510300.XSHG,510300.XSHG,XSHG,0,"09:31-11:30,13:01-15:00",10004033
10004034,510300P2209M04100,300ETF沽9月4100,10000,2022-02-15,2022-09-28,2022-09-28,4.1,P,E,1,Option,510300.XSHG,510300.XSHG,XSHG,0,"09:31-11:30,13:01-15:00",10004034
10004053,510300C2204M04200,300ETF购4月4200,10000,2022-02-24,2022-04-27,2022-04-27,4.2,C,E,1,Option,510300.XSHG,510300.XSHG,XSHG,0,"09:31-11:30,13:01-15:00",10004053
10004054,510300C2204M04300,300ETF购4月4300,10000,2022-02-24,2022-04-27,2022-04-27,4.3,C,E,1,Option,510300.XSHG,510300.XSHG,XSHG,0,"09:31-11:30,13:01-15:00",10004054
10004055,510300C2204M04400,300ETF购4月4400,10000,2022-02-24,2022-04-27,2022-04-27,4.4,C,E,1,Option,510300.XSHG,510300.XSHG,XSHG,0,"09:31-11:30,13:01-15:00",10004055
10004056,510300C2204M04500,300ETF购4月4500,10000,2022-02-24,2022-04-27,2022-04-27,4.5,C,E,1,Option,510300.XSHG,510300.XSHG,XSHG,0,"09:31-11:30,13:01-15:00",10004056
10004057,510300C2204M04600,300ETF购4月4600,10000,2022-02-24,2022-04-27,2022-04-27,4.6,C,E,1,Option,510300.XSHG,510300.XSHG,XSHG,0,"09:31-11:30,13:01-15:00",10004057
10004058,510300C2204M04700,300ETF购4月4700,10000,2022-02-24,2022-04-27,2022-04-27,4.7,C,E,1,Option,510300.XSHG,510300.XSHG,XSHG,0,"09:31-11:30,13:01-15:00",10004058
10004059,510300C2204M04800,300ETF购4月4800,10000,2022-02-24,2022-04-27,2022-04-27,4.8,C,E,1,Option,510300.XSHG,510300.XSHG,XSHG,0,"09:31-11:30,13:01-15:00",10004059
10004060,510300C2204M04900,300ETF购4月4900,10000,2022-02-24,2022-04-27,2022-04-27,4.9,C,E,1,Option,510300.XSHG,510300.XSHG,XSHG,0,"09:31-11:30,13:01-15:00",10004060
10004061,510300C2204M05000,300ETF购4月5000,10000,2022-02-24,2022-04-27,2022-04-27,5.0,C,E,1,Option,510300.XSHG,510300.XSHG,XSHG,0,"09:31-11:30,13:01-15:00",10004061
10004062,510300P2204M04200,300ETF沽4月4200,10000,2022-02-24,2022-04-27,2022-04-27,4.2,P,E,1,Option,510300.XSHG,510300.XSHG,XSHG,0,"09:31-11:30,13:01-15:00",10004062
10004063,510300P2204M04300,300ETF沽4月4300,10000,2022-02-24,2022-04-27,2022-04-27,4.3,P,E,1,Option,510300.XSHG,510300.XSHG,XSHG,0,"09:31-11:30,13:01-15:00",10004063
10004064,510300P2204M04400,300ETF沽4月4400,10000,2022-02-24,2022-04-27,2022-04-27,4.4,P,E,1,Option,510300.XSHG,510300.XSHG,XSHG,0,"09:31-11:30,13:01-15:00",10004064
10004065,510300P2204M04500,300ETF沽4月4500,10000,2022-02-24,2022-04-27,2022-04-27,4.5,P,E,1,Option,510300.XSHG,510300.XSHG,XSHG,0,"09:31-11:30,13:01-15:00",10004065
10004066,510300P2204M04600,300ETF沽4月4600,10000,2022-02-24,2022-04-27,2022-04-27,4.6,P,E,1,Option,510300.XSHG,510300.XSHG,XSHG,0,"09:31-11:30,13:01-15:00",10004066
10004067,510300P2204M04700,300ETF沽4月4700,10000,2022-02-24,2022-04-27,2022-04-27,4.7,P,E,1,Option,510300.XSHG,510300.XSHG,XSHG,0,"09:31-11:30,13:01-15:00",10004067
10004068,510300P2204M04800,300ETF沽4月4800,10000,2022-02-24,2022-04-27,2022-04-27,4.8,P,E,1,Option,510300.XSHG,510300.XSHG,XSHG,0,"09:31-11:30,13:01-15:00",10004068
10004069,510300P2204M04900,300ETF沽4月4900,10000,2022-02-24,2022-04-27,2022-04-27,4.9,P,E,1,Option,510300.XSHG,510300.XSHG,XSHG,0,"09:31-11:30,13:01-15:00",10004069
10004070,510300P2204M05000,300ETF沽4月5000,10000,2022-02-24,2022-04-27,2022-04-27,5.0,P,E,1,Option,510300.XSHG,510300.XSHG,XSHG,0,"09:31-11:30,13:01-15:00",10004070
10004073,510300C2204M04100,300ETF购4月4100,10000,2022-02-25,2022-04-27,2022-04-27,4.1,C,E,1,Option,510300.XSHG,510300.XSHG,XSHG,0,"09:31-11:30,13:01-15:00",10004073
10004074,510300P2204M04100,300ETF沽4月4100,10000,2022-02-25,2022-04-27,2022-04-27,4.1,P,E,1,Option,510300.XSHG,510300.XSHG,XSHG,0,"09:31-11:30,13:01-15:00",10004074
10004083,510300C2203M03900,300ETF购3月3900,10000,2022-03-08,2022-03-23,2022-03-23,3.9,C,E,1,Option,510300.XSHG,510300.XSHG,XSHG,0,"09:31-11:30,13:01-15:00",10004083
10004084,510300C2203M04000,300ETF购3月4000,10000,2022-03-08,2022-03-23,2022-03-23,4.0,C,E,1,Option,510300.XSHG,510300.XSHG,XSHG,0,"09:31-11:30,13:01-15:00",10004084
10004085,510300P2203M03900,300ETF沽3月3900,10000,2022-03-08,2022-03-23,2022-03-23,3.9,P,E,1,Option,510300.XSHG,510300.XSHG,XSHG,0,"09:31-11:30,13:01-15:00",10004085
10004086,510300P2203M04000,300ETF沽3月4000,10000,2022-03-08,2022-03-23,2022-03-23,4.0,P,E,1,Option,510300.XSHG,510300.XSHG,XSHG,0,"09:31-11:30,13:01-15:00",10004086
10004087,510300C2204M03900,300ETF购4月3900,10000,2022-03-08,2022-04-27,2022-04-27,3.9,C,E,1,Option,510300.XSHG,510300.XSHG,XSHG,0,"09:31-11:30,13:01-15:00",10004087
10004088,510300C2204M04000,300ETF购4月4000,10000,2022-03-08,2022-04-27,2022-04-27,4.0,C,E,1,Option,510300.XSHG,510300.XSHG,XSHG,0,"09:31-11:30,13:01-15:00",10004088
10004089,510300P2204M03900,300ETF沽4月3900,10000,2022-03-08,2022-04-27,2022-04-27,3.9,P,E,1,Option,510300.XSHG,510300.XSHG,XSHG,0,"09:31-11:30,13:01-15:00",10004089
10004090,510300P2204M04000,300ETF沽4月4000,10000,2022-03-08,2022-04-27,2022-04-27,4.0,P,E,1,Option,510300.XSHG,510300.XSHG,XSHG,0,"09:31-11:30,13:01-15:00",10004090
10004091,510300C2206M03900,300ETF购6月3900,10000,2022-03-08,2022-06-22,2022-06-22,3.9,C,E,1,Option,510300.XSHG,510300.XSHG,XSHG,0,"09:31-11:30,13:01-15:00",10004091
10004092,510300C2206M04000,300ETF购6月4000,10000,2022-03-08,2022-06-22,2022-06-22,4.0,C,E,1,Option,510300.XSHG,510300.XSHG,XSHG,0,"09:31-11:30,13:01-15:00",10004092
10004093,510300P2206M03900,300ETF沽6月3900,10000,2022-03-08,2022-06-22,2022-06-22,3.9,P,E,1,Option,510300.XSHG,510300.XSHG,XSHG,0,"09:31-11:30,13:01-15:00",10004093
10004094,510300P2206M04000,300ETF沽6月4000,10000,2022-03-08,2022-06-22,2022-06-22,4.0,P,E,1,Option,510300.XSHG,510300.XSHG,XSHG,0,"09:31-11:30,13:01-15:00",10004094
10004095,510300C2209M03900,300ETF购9月3900,10000,2022-03-08,2022-09-28,2022-09-28,3.9,C,E,1,Option,510300.XSHG,510300.XSHG,XSHG,0,"09:31-11:30,13:01-15:00",10004095
10004096,510300C2209M04000,300ETF购9月4000,10000,2022-03-08,2022-09-28,2022-09-28,4.0,C,E,1,Option,510300.XSHG,510300.XSHG,XSHG,0,"09:31-11:30,13:01-15:00",10004096
10004097,510300P2209M03900,300ETF沽9月3900,10000,2022-03-08,2022-09-28,2022-09-28,3.9,P,E,1,Option,510300.XSHG,510300.XSHG,XSHG,0,"09:31-11:30,13:01-15:00",10004097
10004098,510300P2209M04000,300ETF沽9月4000,10000,2022-03-08,2022-09-28,2022-09-28,4.0,P,E,1,Option,510300.XSHG,510300.XSHG,XSHG,0,"09:31-11:30,13:01-15:00",10004098
10004107,510300C2203M03800,300ETF购3月3800,10000,2022-03-10,2022-03-23,2022-03-23,3.8,C,E,1,Option,510300.XSHG,510300.XSHG,XSHG,0,"09:31-11:30,13:01-15:00",10004107
10004108,510300P2203M03800,300ETF沽3月3800,10000,2022-03-10,2022-03-23,2022-03-23,3.8,P,E,1,Option,510300.XSHG,510300.XSHG,XSHG,0,"09:31-11:30,13:01-15:00",10004108
10004109,510300C2204M03800,300ETF购4月3800,10000,2022-03-10,2022-04-27,2022-04-27,3.8,C,E,1,Option,510300.XSHG,510300.XSHG,XSHG,0,"09:31-11:30,13:01-15:00",10004109
10004110,510300P2204M03800,300ETF沽4月3800,10000,2022-03-10,2022-04-27,2022-04-27,3.8,P,E,1,Option,510300.XSHG,510300.XSHG,XSHG,0,"09:31-11:30,13:01-15:00",10004110
10004111,510300C2206M03800,300ETF购6月3800,10000,2022-03-10,2022-06-22,2022-06-22,3.8,C,E,1,Option,510300.XSHG,510300.XSHG,XSHG,0,"09:31-11:30,13:01-15:00",10004111
10004112,510300P2206M03800,300ETF沽6月3800,10000,2022-03-10,2022-06-22,2022-06-22,3.8,P,E,1,Option,510300.XSHG,510300.XSHG,XSHG,0,"09:31-11:30,13:01-15:00",10004112
10004113,510300C2209M03800,300ETF购9月3800,10000,2022-03-10,2022-09-28,2022-09-28,3.8,C,E,1,Option,510300.XSHG,510300.XSHG,XSHG,0,"09:31-11:30,13:01-15:00",10004113
10004114,510300P2209M03800,300ETF沽9月3800,10000,2022-03-10,2022-09-28,2022-09-28,3.8,P,E,1,Option,510300.XSHG,510300.XSHG,XSHG,0,"09:31-11:30,13:01-15:00",10004114
10004147,510300C2203M03600,300ETF购3月3600,10000,2022-03-16,2022-03-23,2022-03-23,3.6,C,E,1,Option,510300.XSHG,510300.XSHG,XSHG,0,"09:31-11:30,13:01-15:00",10004147
10004148,510300C2203M03700,300ETF购3月3700,10000,2022-03-16,2022-03-23,2022-03-23,3.7,C,E,1,Option,510300.XSHG,510300.XSHG,XSHG,0,"09:31-11:30,13:01-15:00",10004148
10004149,510300P2203M03600,300ETF沽3月3600,10000,2022-03-16,2022-03-23,2022-03-23,3.6,P,E,1,Option,510300.XSHG,510300.XSHG,XSHG,0,"09:31-11:30,13:01-15:00",10004149
10004150,510300P2203M03700,300ETF沽3月3700,10000,2022-03-16,2022-03-23,2022-03-23,3.7,P,E,1,Option,510300.XSHG,510300.XSHG,XSHG,0,"09:31-11:30,13:01-15:00",10004150
10004151,510300C2204M03600,300ETF购4月3600,10000,2022-03-16,2022-04-27,2022-04-27,3.6,C,E,1,Option,510300.XSHG,510300.XSHG,XSHG,0,"09:31-11:30,13:01-15:00",10004151
10004152,510300C2204M03700,300ETF购4月3700,10000,2022-03-16,2022-04-27,2022-04-27,3.7,C,E,1,Option,510300.XSHG,510300.XSHG,XSHG,0,"09:31-11:30,13:01-15:00",10004152
10004153,510300P2204M03600,300ETF沽4月3600,10000,2022-03-16,2022-04-27,2022-04-27,3.6,P,E,1,Option,510300.XSHG,510300.XSHG,XSHG,0,"09:31-11:30,13:01-15:00",10004153
10004154,510300P2204M03700,300ETF沽4月3700,10000,2022-03-16,2022-04-27,2022-04-27,3.7,P,E,1,Option,510300.XSHG,510300.XSHG,XSHG,0,"09:31-11:30,13:01-15:00",10004154
10004155,510300C2206M03600,300ETF购6月3600,10000,2022-03-16,2022-06-22,2022-06-22,3.6,C,E,1,Option,510300.XSHG,510300.XSHG,XSHG,0,"09:31-11:30,13:01-15:00",10004155
10004156,510300C2206M03700,300ETF购6月3700,10000,2022-03-16,2022-06-22,2022-06-22,3.7,C,E,1,Option,510300.XSHG,510300.XSHG,XSHG,0,"09:31-11:30,13:01-15:00",10004156
10004157,510300P2206M03600,300ETF沽6月3600,10000,2022-03-16,2022-06-22,2022-06-22,3.6,P,E,1,Option,510300.XSHG,510300.XSHG,XSHG,0,"09:31-11:30,13:01-15:00",10004157
10004158,510300P2206M03700,300ETF沽6月3700,10000,2022-03-16,2022-06-22,2022-06-22,3.7,P,E,1,Option,510300.XSHG,510300.XSHG,XSHG,0,"09:31-11:30,13:01-15:00",10004158
10004159,510300C2209M03600,300ETF购9月3600,10000,2022-03-16,2022-09-28,2022-09-28,3.6,C,E,1,Option,510300.XSHG,510300.XSHG,XSHG,0,"09:31-11:30,13:01-15:00",10004159
10004160,510300C2209M03700,300ETF购9月3700,10000,2022-03-16,2022-09-28,2022-09-28,3.7,C,E,1,Option,510300.XSHG,510300.XSHG,XSHG,0,"09:31-11:30,13:01-15:00",10004160
10004161,510300P2209M03600,300ETF沽9月3600,10000,2022-03-16,2022-09-28,2022-09-28,3.6,P,E,1,Option,510300.XSHG,510300.XSHG,XSHG,0,"09:31-11:30,13:01-15:00",10004161
10004162,510300P2209M03700,300ETF沽9月3700,10000,2022-03-16,2022-09-28,2022-09-28,3.7,P,E,1,Option,510300.XSHG,510300.XSHG,XSHG,0,"09:31-11:30,13:01-15:00",10004162
10004181,510300C2205M03900,300ETF购5月3900,10000,2022-03-24,2022-05-25,2022-05-25,3.9,C,E,1,Option,510300.XSHG,510300.XSHG,XSHG,0,"09:31-11:30,13:01-15:00",10004181
10004182,510300C2205M04000,300ETF购5月4000,10000,2022-03-24,2022-05-25,2022-05-25,4.0,C,E,1,Option,510300.XSHG,510300.XSHG,XSHG,0,"09:31-11:30,13:01-15:00",10004182
10004183,510300C2205M04100,300ETF购5月4100,10000,2022-03-24,2022-05-25,2022-05-25,4.1,C,E,1,Option,510300.XSHG,510300.XSHG,XSHG,0,"09:31-11:30,13:01-15:00",10004183
10004184,510300C2205M04200,300ETF购5月4200,10000,2022-03-24,2022-05-25,2022-05-25,4.2,C,E,1,Option,510300.XSHG,510300.XSHG,XSHG,0,"09:31-11:30,13:01-15:00",10004184
10004185,510300C2205M04300,300ETF购5月4300,10000,2022-03-24,2022-05-25,2022-05-25,4.3,C,E,1,Option,510300.XSHG,510300.XSHG,XSHG,0,"09:31-11:30,13:01-15:00",10004185
10004186,510300C2205M04400,300ETF购5月4400,10000,2022-03-24,2022-05-25,2022-05-25,4.4,C,E,1,Option,510300.XSHG,510300.XSHG,XSHG,0,"09:31-11:30,13:01-15:00",10004186
10004187,510300C2205M04500,300ETF购5月4500,10000,2022-03-24,2022-05-25,2022-05-25,4.5,C,E,1,Option,510300.XSHG,510300.XSHG,XSHG,0,"09:31-11:30,13:01-15:00",10004187
10004188,510300C2205M04600,300ETF购5月4600,10000,2022-03-24,2022-05-25,2022-05-25,4.6,C,E,1,Option,510300.XSHG,510300.XSHG,XSHG,0,"09:31-11:30,13:01-15:00",10004188
10004189,510300C2205M04700,300ETF购5月4700,10000,2022-03-24,2022-05-25,2022-05-25,4.7,C,E,1,Option,510300.XSHG,510300.XSHG,XSHG,0,"09:31-11:30,13:01-15:00",10004189
10004190,510300P2205M03900,300ETF沽5月3900,10000,2022-03-24,2022-05-25,2022-05-25,3.9,P,E,1,Option,510300.XSHG,510300.XSHG,XSHG,0,"09:31-11:30,13:01-15:00",10004190
10004191,510300P2205M04000,300ETF沽5月4000,10000,2022-03-24,2022-05-25,2022-05-25,4.0,P,E,1,Option,510300.XSHG,510300.XSHG,XSHG,0,"09:31-11:30,13:01-15:00",10004191
10004192,510300P2205M04100,300ETF沽5月4100,10000,2022-03-24,2022-05-25,2022-05-25,4.1,P,E,1,Option,510300.XSHG,510300.XSHG,XSHG,0,"09:31-11:30,13:01-15:00",10004192
10004193,510300P2205M04200,300ETF沽5月4200,10000,2022-03-24,2022-05-25,2022-05-25,4.2,P,E,1,Option,510300.XSHG,510300.XSHG,XSHG,0,"09:31-11:30,13:01-15:00",10004193
10004194,510300P2205M04300,300ETF沽5月4300,10000,2022-03-24,2022-05-25,2022-05-25,4.3,P,E,1,Option,510300.XSHG,510300.XSHG,XSHG,0,"09:31-11:30,13:01-15:00",10004194
10004195,510300P2205M04400,300ETF沽5月4400,10000,2022-03-24,2022-05-25,2022-05-25,4.4,P,E,1,Option,510300.XSHG,510300.XSHG,XSHG,0,"09:31-11:30,13:01-15:00",10004195
10004196,510300P2205M04500,300ETF沽5月4500,10000,2022-03-24,2022-05-25,2022-05-25,4.5,P,E,1,Option,510300.XSHG,510300.XSHG,XSHG,0,"09:31-11:30,13:01-15:00",10004196
10004197,510300P2205M04600,300ETF沽5月4600,10000,2022-03-24,2022-05-25,2022-05-25,4.6,P,E,1,Option,510300.XSHG,510300.XSHG,XSHG,0,"09:31-11:30,13:01-15:00",10004197
10004198,510300P2205M04700,300ETF沽5月4700,10000,2022-03-24,2022-05-25,2022-05-25,4.7,P,E,1,Option,510300.XSHG,510300.XSHG,XSHG,0,"09:31-11:30,13:01-15:00",10004198
10004199,510300C2205M03800,300ETF购5月3800,10000,2022-03-25,2022-05-25,2022-05-25,3.8,C,E,1,Option,510300.XSHG,510300.XSHG,XSHG,0,"09:31-11:30,13:01-15:00",10004199
10004200,510300P2205M03800,300ETF沽5月3800,10000,2022-03-25,2022-05-25,2022-05-25,3.8,P,E,1,Option,510300.XSHG,510300.XSHG,XSHG,0,"09:31-11:30,13:01-15:00",10004200
10004203,510300C2205M03700,300ETF购5月3700,10000,2022-03-29,2022-05-25,2022-05-25,3.7,C,E,1,Option,510300.XSHG,510300.XSHG,XSHG,0,"09:31-11:30,13:01-15:00",10004203
10004204,510300P2205M03700,300ETF沽5月3700,10000,2022-03-29,2022-05-25,2022-05-25,3.7,P,E,1,Option,510300.XSHG,510300.XSHG,XSHG,0,"09:31-11:30,13:01-15:00",10004204
10004207,510300C2205M03600,300ETF购5月3600,10000,2022-04-22,2022-05-25,2022-05-25,3.6,C,E,1,Option,510300.XSHG,510300.XSHG,XSHG,0,"09:31-11:30,13:01-15:00",10004207
10004208,510300P2205M03600,300ETF沽5月3600,10000,2022-04-22,2022-05-25,2022-05-25,3.6,P,E,1,Option,510300.XSHG,510300.XSHG,XSHG,0,"09:31-11:30,13:01-15:00",10004208
10004221,510300C2204M03400,300ETF购4月3400,10000,2022-04-26,2022-04-27,2022-04-27,3.4,C,E,1,Option,510300.XSHG,510300.XSHG,XSHG,0,"09:31-11:30,13:01-15:00",10004221
10004222,510300C2204M03500,300ETF购4月3500,10000,2022-04-26,2022-04-27,2022-04-27,3.5,C,E,1,Option,510300.XSHG,510300.XSHG,XSHG,0,"09:31-11:30,13:01-15:00",10004222
10004223,510300P2204M03400,300ETF沽4月3400,10000,2022-04-26,2022-04-27,2022-04-27,3.4,P,E,1,Option,510300.XSHG,510300.XSHG,XSHG,0,"09:31-11:30,13:01-15:00",10004223
10004224,510300P2204M03500,300ETF沽4月3500,10000,2022-04-26,2022-04-27,2022-04-27,3.5,P,E,1,Option,510300.XSHG,510300.XSHG,XSHG,0,"09:31-11:30,13:01-15:00",10004224
10004225,510300C2205M03400,300ETF购5月3400,10000,2022-04-26,2022-05-25,2022-05-25,3.4,C,E,1,Option,510300.XSHG,510300.XSHG,XSHG,0,"09:31-11:30,13:01-15:00",10004225
10004226,510300C2205M03500,300ETF购5月3500,10000,2022-04-26,2022-05-25,2022-05-25,3.5,C,E,1,Option,510300.XSHG,510300.XSHG,XSHG,0,"09:31-11:30,13:01-15:00",10004226
10004227,510300P2205M03400,300ETF沽5月3400,10000,2022-04-26,2022-05-25,2022-05-25,3.4,P,E,1,Option,510300.XSHG,510300.XSHG,XSHG,0,"09:31-11:30,13:01-15:00",10004227
10004228,510300P2205M03500,300ETF沽5月3500,10000,2022-04-26,2022-05-25,2022-05-25,3.5,P,E,1,Option,510300.XSHG,510300.XSHG,XSHG,0,"09:31-11:30,13:01-15:00",10004228
10004229,510300C2206M03400,300ETF购6月3400,10000,2022-04-26,2022-06-22,2022-06-22,3.4,C,E,1,Option,510300.XSHG,510300.XSHG,XSHG,0,"09:31-11:30,13:01-15:00",10004229
10004230,510300C2206M03500,300ETF购6月3500,10000,2022-04-26,2022-06-22,2022-06-22,3.5,C,E,1,Option,510300.XSHG,510300.XSHG,XSHG,0,"09:31-11:30,13:01-15:00",10004230
10004231,510300P2206M03400,300ETF沽6月3400,10000,2022-04-26,2022-06-22,2022-06-22,3.4,P,E,1,Option,510300.XSHG,510300.XSHG,XSHG,0,"09:31-11:30,13:01-15:00",10004231
10004232,510300P2206M03500,300ETF沽6月3500,10000,2022-04-26,2022-06-22,2022-06-22,3.5,P,E,1,Option,510300.XSHG,510300.XSHG,XSHG,0,"09:31-11:30,13:01-15:00",10004232
10004233,510300C2209M03400,300ETF购9月3400,10000,2022-04-26,2022-09-28,2022-09-28,3.4,C,E,1,Option,510300.XSHG,510300.XSHG,XSHG,0,"09:31-11:30,13:01-15:00",10004233
10004234,510300C2209M03500,300ETF购9月3500,10000,2022-04-26,2022-09-28,2022-09-28,3.5,C,E,1,Option,510300.XSHG,510300.XSHG,XSHG,0,"09:31-11:30,13:01-15:00",10004234
10004235,510300P2209M03400,300ETF沽9月3400,10000,2022-04-26,2022-09-28,2022-09-28,3.4,P,E,1,Option,510300.XSHG,510300.XSHG,XSHG,0,"09:31-11:30,13:01-15:00",10004235
10004236,510300P2209M03500,300ETF沽9月3500,10000,2022-04-26,2022-09-28,2022-09-28,3.5,P,E,1,Option,510300.XSHG,510300.XSHG,XSHG,0,"09:31-11:30,13:01-15:00",10004236
10004255,510300C2212M03500,300ETF购12月3500,10000,2022-04-28,2022-12-28,2022-12-28,3.5,C,E,1,Option,510300.XSHG,510300.XSHG,XSHG,0,"09:31-11:30,13:01-15:00",10004255
10004256,510300C2212M03600,300ETF购12月3600,10000,2022-04-28,2022-12-28,2022-12-28,3.6,C,E,1,Option,510300.XSHG,510300.XSHG,XSHG,0,"09:31-11:30,13:01-15:00",10004256
10004257,510300C2212M03700,300ETF购12月3700,10000,2022-04-28,2022-12-28,2022-12-28,3.7,C,E,1,Option,510300.XSHG,510300.XSHG,XSHG,0,"09:31-11:30,13:01-15:00",10004257
10004258,510300C2212M03800,300ETF购12月3800,10000,2022-04-28,2022-12-28,2022-12-28,3.8,C,E,1,Option,510300.XSHG,510300.XSHG,XSHG,0,"09:31-11:30,13:01-15:00",10004258
10004259,510300C2212M03900,300ETF购12月3900,10000,2022-04-28,2022-12-28,2022-12-28,3.9,C,E,1,Option,510300.XSHG,510300.XSHG,XSHG,0,"09:31-11:30,13:01-15:00",10004259
10004260,510300C2212M04000,300ETF购12月4000,10000,2022-04-28,2022-12-28,2022-12-28,4.0,C,E,1,Option,510300.XSHG,510300.XSHG,XSHG,0,"09:31-11:30,13:01-15:00",10004260
10004261,510300C2212M04100,300ETF购12月4100,10000,2022-04-28,2022-12-28,2022-12-28,4.1,C,E,1,Option,510300.XSHG,510300.XSHG,XSHG,0,"09:31-11:30,13:01-15:00",10004261
10004262,510300C2212M04200,300ETF购12月4200,10000,2022-04-28,2022-12-28,2022-12-28,4.2,C,E,1,Option,510300.XSHG,510300.XSHG,XSHG,0,"09:31-11:30,13:01-15:00",10004262
10004263,510300C2212M04300,300ETF购12月4300,10000,2022-04-28,2022-12-28,2022-12-28,4.3,C,E,1,Option,510300.XSHG,510300.XSHG,XSHG,0,"09:31-11:30,13:01-15:00",10004263
10004264,510300P2212M03500,300ETF沽12月3500,10000,2022-04-28,2022-12-28,2022-12-28,3.5,P,E,1,Option,510300.XSHG,510300.XSHG,XSHG,0,"09:31-11:30,13:01-15:00",10004264
10004265,510300P2212M03600,300ETF沽12月3600,10000,2022-04-28,2022-12-28,2022-12-28,3.6,P,E,1,Option,510300.XSHG,510300.XSHG,XSHG,0,"09:31-11:30,13:01-15:00",10004265
10004266,510300P2212M03700,300ETF沽12月3700,10000,2022-04-28,2022-12-28,2022-12-28,3.7,P,E,1,Option,510300.XSHG,510300.XSHG,XSHG,0,"09:31-11:30,13:01-15:00",10004266
10004267,510300P2212M03800,300ETF沽12月3800,10000,2022-04-28,2022-12-28,2022-12-28,3.8,P,E,1,Option,510300.XSHG,510300.XSHG,XSHG,0,"09:31-11:30,13:01-15:00",10004267
10004268,510300P2212M03900,300ETF沽12月3900,10000,2022-04-28,2022-12-28,2022-12-28,3.9,P,E,1,Option,510300.XSHG,510300.XSHG,XSHG,0,"09:31-11:30,13:01-15:00",10004268
10004269,510300P2212M04000,300ETF沽12月4000,10000,2022-04-28,2022-12-28,2022-12-28,4.0,P,E,1,Option,510300.XSHG,510300.XSHG,XSHG,0,"09:31-11:30,13:01-15:00",10004269
10004270,510300P2212M04100,300ETF沽12月4100,10000,2022-04-28,2022-12-28,2022-12-28,4.1,P,E,1,Option,510300.XSHG,510300.XSHG,XSHG,0,"09:31-11:30,13:01-15:00",10004270
10004271,510300P2212M04200,300ETF沽12月4200,10000,2022-04-28,2022-12-28,2022-12-28,4.2,P,E,1,Option,510300.XSHG,510300.XSHG,XSHG,0,"09:31-11:30,13:01-15:00",10004271
10004272,510300P2212M04300,300ETF沽12月4300,10000,2022-04-28,2022-12-28,2022-12-28,4.3,P,E,1,Option,510300.XSHG,510300.XSHG,XSHG,0,"09:31-11:30,13:01-15:00",10004272
10004277,510300C2212M04400,300ETF购12月4400,10000,2022-05-05,2022-12-28,2022-12-28,4.4,C,E,1,Option,510300.XSHG,510300.XSHG,XSHG,0,"09:31-11:30,13:01-15:00",10004277
10004278,510300P2212M04400,300ETF沽12月4400,10000,2022-05-05,2022-12-28,2022-12-28,4.4,P,E,1,Option,510300.XSHG,510300.XSHG,XSHG,0,"09:31-11:30,13:01-15:00",10004278
10004279,510300C2212M04500,300ETF购12月4500,10000,2022-05-23,2022-12-28,2022-12-28,4.5,C,E,1,Option,510300.XSHG,510300.XSHG,XSHG,0,"09:31-11:30,13:01-15:00",10004279
10004280,510300P2212M04500,300ETF沽12月4500,10000,2022-05-23,2022-12-28,2022-12-28,4.5,P,E,1,Option,510300.XSHG,510300.XSHG,XSHG,0,"09:31-11:30,13:01-15:00",10004280
10004299,510300C2207M03600,300ETF购7月3600,10000,2022-05-26,2022-07-27,2022-07-27,3.6,C,E,1,Option,510300.XSHG,510300.XSHG,XSHG,0,"09:31-11:30,13:01-15:00",10004299
10004300,510300C2207M03700,300ETF购7月3700,10000,2022-05-26,2022-07-27,2022-07-27,3.7,C,E,1,Option,510300.XSHG,510300.XSHG,XSHG,0,"09:31-11:30,13:01-15:00",10004300
10004301,510300C2207M03800,300ETF购7月3800,10000,2022-05-26,2022-07-27,2022-07-27,3.8,C,E,1,Option,510300.XSHG,510300.XSHG,XSHG,0,"09:31-11:30,13:01-15:00",10004301
10004302,510300C2207M03900,300ETF购7月3900,10000,2022-05-26,2022-07-27,2022-07-27,3.9,C,E,1,Option,510300.XSHG,510300.XSHG,XSHG,0,"09:31-11:30,13:01-15:00",10004302
10004303,510300C2207M04000,300ETF购7月4000,10000,2022-05-26,2022-07-27,2022-07-27,4.0,C,E,1,Option,510300.XSHG,510300.XSHG,XSHG,0,"09:31-11:30,13:01-15:00",10004303
10004304,510300C2207M04100,300ETF购7月4100,10000,2022-05-26,2022-07-27,2022-07-27,4.1,C,E,1,Option,510300.XSHG,510300.XSHG,XSHG,0,"09:31-11:30,13:01-15:00",10004304
10004305,510300C2207M04200,300ETF购7月4200,10000,2022-05-26,2022-07-27,2022-07-27,4.2,C,E,1,Option,510300.XSHG,510300.XSHG,XSHG,0,"09:31-11:30,13:01-15:00",10004305
10004306,510300C2207M04300,300ETF购7月4300,10000,2022-05-26,2022-07-27,2022-07-27,4.3,C,E,1,Option,510300.XSHG,510300.XSHG,XSHG,0,"09:31-11:30,13:01-15:00",10004306
10004307,510300C2207M04400,300ETF购7月4400,10000,2022-05-26,2022-07-27,2022-07-27,4.4,C,E,1,Option,510300.XSHG,510300.XSHG,XSHG,0,"09:31-11:30,13:01-15:00",10004307
10004308,510300P2207M03600,300ETF沽7月3600,10000,2022-05-26,2022-07-27,2022-07-27,3.6,P,E,1,Option,510300.XSHG,510300.XSHG,XSHG,0,"09:31-11:30,13:01-15:00",10004308
10004309,510300P2207M03700,300ETF沽7月3700,10000,2022-05-26,2022-07-27,2022-07-27,3.7,P,E,1,Option,510300.XSHG,510300.XSHG,XSHG,0,"09:31-11:30,13:01-15:00",10004309
10004310,510300P2207M03800,300ETF沽7月3800,10000,2022-05-26,2022-07-27,2022-07-27,3.8,P,E,1,Option,510300.XSHG,510300.XSHG,XSHG,0,"09:31-11:30,13:01-15:00",10004310
10004311,510300P2207M03900,300ETF沽7月3900,10000,2022-05-26,2022-07-27,2022-07-27,3.9,P,E,1,Option,510300.XSHG,510300.XSHG,XSHG,0,"09:31-11:30,13:01-15:00",10004311
10004312,510300P2207M04000,300ETF沽7月4000,10000,2022-05-26,2022-07-27,2022-07-27,4.0,P,E,1,Option,510300.XSHG,510300.XSHG,XSHG,0,"09:31-11:30,13:01-15:00",10004312
10004313,510300P2207M04100,300ETF沽7月4100,10000,2022-05-26,2022-07-27,2022-07-27,4.1,P,E,1,Option,510300.XSHG,510300.XSHG,XSHG,0,"09:31-11:30,13:01-15:00",10004313
10004314,510300P2207M04200,300ETF沽7月4200,10000,2022-05-26,2022-07-27,2022-07-27,4.2,P,E,1,Option,510300.XSHG,510300.XSHG,XSHG,0,"09:31-11:30,13:01-15:00",10004314
10004315,510300P2207M04300,300ETF沽7月4300,10000,2022-05-26,2022-07-27,2022-07-27,4.3,P,E,1,Option,510300.XSHG,510300.XSHG,XSHG,0,"09:31-11:30,13:01-15:00",10004315
10004316,510300P2207M04400,300ETF沽7月4400,10000,2022-05-26,2022-07-27,2022-07-27,4.4,P,E,1,Option,510300.XSHG,510300.XSHG,XSHG,0,"09:31-11:30,13:01-15:00",10004316
10004319,510300C2207M04500,300ETF购7月4500,10000,2022-06-01,2022-07-27,2022-07-27,4.5,C,E,1,Option,510300.XSHG,510300.XSHG,XSHG,0,"09:31-11:30,13:01-15:00",10004319
10004320,510300P2207M04500,300ETF沽7月4500,10000,2022-06-01,2022-07-27,2022-07-27,4.5,P,E,1,Option,510300.XSHG,510300.XSHG,XSHG,0,"09:31-11:30,13:01-15:00",10004320
10004321,510300C2207M04600,300ETF购7月4600,10000,2022-06-07,2022-07-27,2022-07-27,4.6,C,E,1,Option,510300.XSHG,510300.XSHG,XSHG,0,"09:31-11:30,13:01-15:00",10004321
10004322,510300P2207M04600,300ETF沽7月4600,10000,2022-06-07,2022-07-27,2022-07-27,4.6,P,E,1,Option,510300.XSHG,510300.XSHG,XSHG,0,"09:31-11:30,13:01-15:00",10004322
10004323,510300C2212M04600,300ETF购12月4600,10000,2022-06-07,2022-12-28,2022-12-28,4.6,C,E,1,Option,510300.XSHG,510300.XSHG,XSHG,0,"09:31-11:30,13:01-15:00",10004323
10004324,510300P2212M04600,300ETF沽12月4600,10000,2022-06-07,2022-12-28,2022-12-28,4.6,P,E,1,Option,510300.XSHG,510300.XSHG,XSHG,0,"09:31-11:30,13:01-15:00",10004324
10004333,510300C2207M04700,300ETF购7月4700,10000,2022-06-16,2022-07-27,2022-07-27,4.7,C,E,1,Option,510300.XSHG,510300.XSHG,XSHG,0,"09:31-11:30,13:01-15:00",10004333
10004334,510300P2207M04700,300ETF沽7月4700,10000,2022-06-16,2022-07-27,2022-07-27,4.7,P,E,1,Option,510300.XSHG,510300.XSHG,XSHG,0,"09:31-11:30,13:01-15:00",10004334
10004335,510300C2212M04700,300ETF购12月4700,10000,2022-06-16,2022-12-28,2022-12-28,4.7,C,E,1,Option,510300.XSHG,510300.XSHG,XSHG,0,"09:31-11:30,13:01-15:00",10004335
10004336,510300P2212M04700,300ETF沽12月4700,10000,2022-06-16,2022-12-28,2022-12-28,4.7,P,E,1,Option,510300.XSHG,510300.XSHG,XSHG,0,"09:31-11:30,13:01-15:00",10004336
10004359,510300C2208M03900,300ETF购8月3900,10000,2022-06-23,2022-08-24,2022-08-24,3.9,C,E,1,Option,510300.XSHG,510300.XSHG,XSHG,0,"09:31-11:30,13:01-15:00",10004359
10004360,510300C2208M04000,300ETF购8月4000,10000,2022-06-23,2022-08-24,2022-08-24,4.0,C,E,1,Option,510300.XSHG,510300.XSHG,XSHG,0,"09:31-11:30,13:01-15:00",10004360
10004361,510300C2208M04100,300ETF购8月4100,10000,2022-06-23,2022-08-24,2022-08-24,4.1,C,E,1,Option,510300.XSHG,510300.XSHG,XSHG,0,"09:31-11:30,13:01-15:00",10004361
10004362,510300C2208M04200,300ETF购8月4200,10000,2022-06-23,2022-08-24,2022-08-24,4.2,C,E,1,Option,510300.XSHG,510300.XSHG,XSHG,0,"09:31-11:30,13:01-15:00",10004362
10004363,510300C2208M04300,300ETF购8月4300,10000,2022-06-23,2022-08-24,2022-08-24,4.3,C,E,1,Option,510300.XSHG,510300.XSHG,XSHG,0,"09:31-11:30,13:01-15:00",10004363
10004364,510300C2208M04400,300ETF购8月4400,10000,2022-06-23,2022-08-24,2022-08-24,4.4,C,E,1,Option,510300.XSHG,510300.XSHG,XSHG,0,"09:31-11:30,13:01-15:00",10004364
10004365,510300C2208M04500,300ETF购8月4500,10000,2022-06-23,2022-08-24,2022-08-24,4.5,C,E,1,Option,510300.XSHG,510300.XSHG,XSHG,0,"09:31-11:30,13:01-15:00",10004365
10004366,510300C2208M04600,300ETF购8月4600,10000,2022-06-23,2022-08-24,2022-08-24,4.6,C,E,1,Option,510300.XSHG,510300.XSHG,XSHG,0,"09:31-11:30,13:01-15:00",10004366
10004367,510300C2208M04700,300ETF购8月4700,10000,2022-06-23,2022-08-24,2022-08-24,4.7,C,E,1,Option,510300.XSHG,510300.XSHG,XSHG,0,"09:31-11:30,13:01-15:00",10004367
10004368,510300P2208M03900,300ETF沽8月3900,10000,2022-06-23,2022-08-24,2022-08-24,3.9,P,E,1,Option,510300.XSHG,510300.XSHG,XSHG,0,"09:31-11:30,13:01-15:00",10004368
10004369,510300P2208M04000,300ETF沽8月4000,10000,2022-06-23,2022-08-24,2022-08-24,4.0,P,E,1,Option,510300.XSHG,510300.XSHG,XSHG,0,"09:31-11:30,13:01-15:00",10004369
10004370,510300P2208M04100,300ETF沽8月4100,10000,2022-06-23,2022-08-24,2022-08-24,4.1,P,E,1,Option,510300.XSHG,510300.XSHG,XSHG,0,"09:31-11:30,13:01-15:00",10004370
10004371,510300P2208M04200,300ETF沽8月4200,10000,2022-06-23,2022-08-24,2022-08-24,4.2,P,E,1,Option,510300.XSHG,510300.XSHG,XSHG,0,"09:31-11:30,13:01-15:00",10004371
10004372,510300P2208M04300,300ETF沽8月4300,10000,2022-06-23,2022-08-24,2022-08-24,4.3,P,E,1,Option,510300.XSHG,510300.XSHG,XSHG,0,"09:31-11:30,13:01-15:00",10004372
10004373,510300P2208M04400,300ETF沽8月4400,10000,2022-06-23,2022-08-24,2022-08-24,4.4,P,E,1,Option,510300.XSHG,510300.XSHG,XSHG,0,"09:31-11:30,13:01-15:00",10004373
10004374,510300P2208M04500,300ETF沽8月4500,10000,2022-06-23,2022-08-24,2022-08-24,4.5,P,E,1,Option,510300.XSHG,510300.XSHG,XSHG,0,"09:31-11:30,13:01-15:00",10004374
10004375,510300P2208M04600,300ETF沽8月4600,10000,2022-06-23,2022-08-24,2022-08-24,4.6,P,E,1,Option,510300.XSHG,510300.XSHG,XSHG,0,"09:31-11:30,13:01-15:00",10004375
10004376,510300P2208M04700,300ETF沽8月4700,10000,2022-06-23,2022-08-24,2022-08-24,4.7,P,E,1,Option,510300.XSHG,510300.XSHG,XSHG,0,"09:31-11:30,13:01-15:00",10004376
10004379,510300C2207M04800,300ETF购7月4800,10000,2022-06-24,2022-07-27,2022-07-27,4.8,C,E,1,Option,510300.XSHG,510300.XSHG,XSHG,0,"09:31-11:30,13:01-15:00",10004379
10004380,510300P2207M04800,300ETF沽7月4800,10000,2022-06-24,2022-07-27,2022-07-27,4.8,P,E,1,Option,510300.XSHG,510300.XSHG,XSHG,0,"09:31-11:30,13:01-15:00",10004380
10004381,510300C2208M04800,300ETF购8月4800,10000,2022-06-24,2022-08-24,2022-08-24,4.8,C,E,1,Option,510300.XSHG,510300.XSHG,XSHG,0,"09:31-11:30,13:01-15:00",10004381
10004382,510300P2208M04800,300ETF沽8月4800,10000,2022-06-24,2022-08-24,2022-08-24,4.8,P,E,1,Option,510300.XSHG,510300.XSHG,XSHG,0,"09:31-11:30,13:01-15:00",10004382
10004383,510300C2212M04800,300ETF购12月4800,10000,2022-06-24,2022-12-28,2022-12-28,4.8,C,E,1,Option,510300.XSHG,510300.XSHG,XSHG,0,"09:31-11:30,13:01-15:00",10004383
10004384,510300P2212M04800,300ETF沽12月4800,10000,2022-06-24,2022-12-28,2022-12-28,4.8,P,E,1,Option,510300.XSHG,510300.XSHG,XSHG,0,"09:31-11:30,13:01-15:00",10004384
10004391,510300C2207M04900,300ETF购7月4900,10000,2022-06-28,2022-07-27,2022-07-27,4.9,C,E,1,Option,510300.XSHG,510300.XSHG,XSHG,0,"09:31-11:30,13:01-15:00",10004391
10004392,510300P2207M04900,300ETF沽7月4900,10000,2022-06-28,2022-07-27,2022-07-27,4.9,P,E,1,Option,510300.XSHG,510300.XSHG,XSHG,0,"09:31-11:30,13:01-15:00",10004392
10004393,510300C2208M04900,300ETF购8月4900,10000,2022-06-28,2022-08-24,2022-08-24,4.9,C,E,1,Option,510300.XSHG,510300.XSHG,XSHG,0,"09:31-11:30,13:01-15:00",10004393
10004394,510300P2208M04900,300ETF沽8月4900,10000,2022-06-28,2022-08-24,2022-08-24,4.9,P,E,1,Option,510300.XSHG,510300.XSHG,XSHG,0,"09:31-11:30,13:01-15:00",10004394
10004395,510300C2212M04900,300ETF购12月4900,10000,2022-06-28,2022-12-28,2022-12-28,4.9,C,E,1,Option,510300.XSHG,510300.XSHG,XSHG,0,"09:31-11:30,13:01-15:00",10004395
10004396,510300P2212M04900,300ETF沽12月4900,10000,2022-06-28,2022-12-28,2022-12-28,4.9,P,E,1,Option,510300.XSHG,510300.XSHG,XSHG,0,"09:31-11:30,13:01-15:00",10004396
10004423,510300C2303A03900,300ETF购3月3840A,10157,2022-07-28,2023-03-22,2023-03-22,3.84,C,E,1,Option,510300.XSHG,510300.XSHG,XSHG,0,"09:31-11:30,13:01-15:00",10004423
10004424,510300C2303A04000,300ETF购3月3938A,10157,2022-07-28,2023-03-22,2023-03-22,3.938,C,E,1,Option,510300.XSHG,510300.XSHG,XSHG,0,"09:31-11:30,13:01-15:00",10004424
10004425,510300C2303A04100,300ETF购3月4037A,10157,2022-07-28,2023-03-22,2023-03-22,4.037,C,E,1,Option,510300.XSHG,510300.XSHG,XSHG,0,"09:31-11:30,13:01-15:00",10004425
10004426,510300C2303A04200,300ETF购3月4135A,10157,2022-07-28,2023-03-22,2023-03-22,4.135,C,E,1,Option,510300.XSHG,510300.XSHG,XSHG,0,"09:31-11:30,13:01-15:00",10004426
10004427,510300C2303A04300,300ETF购3月4234A,10157,2022-07-28,2023-03-22,2023-03-22,4.234,C,E,1,Option,510300.XSHG,510300.XSHG,XSHG,0,"09:31-11:30,13:01-15:00",10004427
10004428,510300C2303A04400,300ETF购3月4332A,10157,2022-07-28,2023-03-22,2023-03-22,4.332,C,E,1,Option,510300.XSHG,510300.XSHG,XSHG,0,"09:31-11:30,13:01-15:00",10004428
10004429,510300C2303A04500,300ETF购3月4430A,10157,2022-07-28,2023-03-22,2023-03-22,4.43,C,E,1,Option,510300.XSHG,510300.XSHG,XSHG,0,"09:31-11:30,13:01-15:00",10004429
10004430,510300C2303A04600,300ETF购3月4529A,10157,2022-07-28,2023-03-22,2023-03-22,4.529,C,E,1,Option,510300.XSHG,510300.XSHG,XSHG,0,"09:31-11:30,13:01-15:00",10004430
10004431,510300C2303A04700,300ETF购3月4627A,10157,2022-07-28,2023-03-22,2023-03-22,4.627,C,E,1,Option,510300.XSHG,510300.XSHG,XSHG,0,"09:31-11:30,13:01-15:00",10004431
10004432,510300P2303A03900,300ETF沽3月3840A,10157,2022-07-28,2023-03-22,2023-03-22,3.84,P,E,1,Option,510300.XSHG,510300.XSHG,XSHG,0,"09:31-11:30,13:01-15:00",10004432
10004433,510300P2303A04000,300ETF沽3月3938A,10157,2022-07-28,2023-03-22,2023-03-22,3.938,P,E,1,Option,510300.XSHG,510300.XSHG,XSHG,0,"09:31-11:30,13:01-15:00",10004433
10004434,510300P2303A04100,300ETF沽3月4037A,10157,2022-07-28,2023-03-22,2023-03-22,4.037,P,E,1,Option,510300.XSHG,510300.XSHG,XSHG,0,"09:31-11:30,13:01-15:00",10004434
10004435,510300P2303A04200,300ETF沽3月4135A,10157,2022-07-28,2023-03-22,2023-03-22,4.135,P,E,1,Option,510300.XSHG,510300.XSHG,XSHG,0,"09:31-11:30,13:01-15:00",10004435
10004436,510300P2303A04300,300ETF沽3月4234A,10157,2022-07-28,2023-03-22,2023-03-22,4.234,P,E,1,Option,510300.XSHG,510300.XSHG,XSHG,0,"09:31-11:30,13:01-15:00",10004436
10004437,510300P2303A04400,300ETF沽3月4332A,10157,2022-07-28,2023-03-22,2023-03-22,4.332,P,E,1,Option,510300.XSHG,510300.XSHG,XSHG,0,"09:31-11:30,13:01-15:00",10004437
10004438,510300P2303A04500,300ETF沽3月4430A,10157,2022-07-28,2023-03-22,2023-03-22,4.43,P,E,1,Option,510300.XSHG,510300.XSHG,XSHG,0,"09:31-11:30,13:01-15:00",10004438
10004439,510300P2303A04600,300ETF沽3月4529A,10157,2022-07-28,2023-03-22,2023-03-22,4.529,P,E,1,Option,510300.XSHG,510300.XSHG,XSHG,0,"09:31-11:30,13:01-15:00",10004439
10004440,510300P2303A04700,300ETF沽3月4627A,10157,2022-07-28,2023-03-22,2023-03-22,4.627,P,E,1,Option,510300.XSHG,510300.XSHG,XSHG,0,"09:31-11:30,13:01-15:00",10004440
10004441,510300C2208M03800,300ETF购8月3800,10000,2022-08-01,2022-08-24,2022-08-24,3.8,C,E,1,Option,510300.XSHG,510300.XSHG,XSHG,0,"09:31-11:30,13:01-15:00",10004441
10004442,510300P2208M03800,300ETF沽8月3800,10000,2022-08-01,2022-08-24,2022-08-24,3.8,P,E,1,Option,510300.XSHG,510300.XSHG,XSHG,0,"09:31-11:30,13:01-15:00",10004442
10004443,510300C2303A03800,300ETF购3月3741A,10157,2022-08-01,2023-03-22,2023-03-22,3.741,C,E,1,Option,510300.XSHG,510300.XSHG,XSHG,0,"09:31-11:30,13:01-15:00",10004443
10004444,510300P2303A03800,300ETF沽3月3741A,10157,2022-08-01,2023-03-22,2023-03-22,3.741,P,E,1,Option,510300.XSHG,510300.XSHG,XSHG,0,"09:31-11:30,13:01-15:00",10004444
10004453,510300C2208M03700,300ETF购8月3700,10000,2022-08-04,2022-08-24,2022-08-24,3.7,C,E,1,Option,510300.XSHG,510300.XSHG,XSHG,0,"09:31-11:30,13:01-15:00",10004453
10004454,510300P2208M03700,300ETF沽8月3700,10000,2022-08-04,2022-08-24,2022-08-24,3.7,P,E,1,Option,510300.XSHG,510300.XSHG,XSHG,0,"09:31-11:30,13:01-15:00",10004454
10004455,510300C2303A03700,300ETF购3月3643A,10157,2022-08-04,2023-03-22,2023-03-22,3.643,C,E,1,Option,510300.XSHG,510300.XSHG,XSHG,0,"09:31-11:30,13:01-15:00",10004455
10004456,510300P2303A03700,300ETF沽3月3643A,10157,2022-08-04,2023-03-22,2023-03-22,3.643,P,E,1,Option,510300.XSHG,510300.XSHG,XSHG,0,"09:31-11:30,13:01-15:00",10004456
10004475,510300C2210M03700,300ETF购10月3700,10000,2022-08-25,2022-10-26,2022-10-26,3.7,C,E,1,Option,510300.XSHG,510300.XSHG,XSHG,0,"09:31-11:30,13:01-15:00",10004475
10004476,510300C2210M03800,300ETF购10月3800,10000,2022-08-25,2022-10-26,2022-10-26,3.8,C,E,1,Option,510300.XSHG,510300.XSHG,XSHG,0,"09:31-11:30,13:01-15:00",10004476
10004477,510300C2210M03900,300ETF购10月3900,10000,2022-08-25,2022-10-26,2022-10-26,3.9,C,E,1,Option,510300.XSHG,510300.XSHG,XSHG,0,"09:31-11:30,13:01-15:00",10004477
10004478,510300C2210M04000,300ETF购10月4000,10000,2022-08-25,2022-10-26,2022-10-26,4.0,C,E,1,Option,510300.XSHG,510300.XSHG,XSHG,0,"09:31-11:30,13:01-15:00",10004478
10004479,510300C2210M04100,300ETF购10月4100,10000,2022-08-25,2022-10-26,2022-10-26,4.1,C,E,1,Option,510300.XSHG,510300.XSHG,XSHG,0,"09:31-11:30,13:01-15:00",10004479
10004480,510300C2210M04200,300ETF购10月4200,10000,2022-08-25,2022-10-26,2022-10-26,4.2,C,E,1,Option,510300.XSHG,510300.XSHG,XSHG,0,"09:31-11:30,13:01-15:00",10004480
10004481,510300C2210M04300,300ETF购10月4300,10000,2022-08-25,2022-10-26,2022-10-26,4.3,C,E,1,Option,510300.XSHG,510300.XSHG,XSHG,0,"09:31-11:30,13:01-15:00",10004481
10004482,510300C2210M04400,300ETF购10月4400,10000,2022-08-25,2022-10-26,2022-10-26,4.4,C,E,1,Option,510300.XSHG,510300.XSHG,XSHG,0,"09:31-11:30,13:01-15:00",10004482
10004483,510300C2210M04500,300ETF购10月4500,10000,2022-08-25,2022-10-26,2022-10-26,4.5,C,E,1,Option,510300.XSHG,510300.XSHG,XSHG,0,"09:31-11:30,13:01-15:00",10004483
10004484,510300P2210M03700,300ETF沽10月3700,10000,2022-08-25,2022-10-26,2022-10-26,3.7,P,E,1,Option,510300.XSHG,510300.XSHG,XSHG,0,"09:31-11:30,13:01-15:00",10004484
10004485,510300P2210M03800,300ETF沽10月3800,10000,2022-08-25,2022-10-26,2022-10-26,3.8,P,E,1,Option,510300.XSHG,510300.XSHG,XSHG,0,"09:31-11:30,13:01-15:00",10004485
10004486,510300P2210M03900,300ETF沽10月3900,10000,2022-08-25,2022-10-26,2022-10-26,3.9,P,E,1,Option,510300.XSHG,510300.XSHG,XSHG,0,"09:31-11:30,13:01-15:00",10004486
10004487,510300P2210M04000,300ETF沽10月4000,10000,2022-08-25,2022-10-26,2022-10-26,4.0,P,E,1,Option,510300.XSHG,510300.XSHG,XSHG,0,"09:31-11:30,13:01-15:00",10004487
10004488,510300P2210M04100,300ETF沽10月4100,10000,2022-08-25,2022-10-26,2022-10-26,4.1,P,E,1,Option,510300.XSHG,510300.XSHG,XSHG,0,"09:31-11:30,13:01-15:00",10004488
10004489,510300P2210M04200,300ETF沽10月4200,10000,2022-08-25,2022-10-26,2022-10-26,4.2,P,E,1,Option,510300.XSHG,510300.XSHG,XSHG,0,"09:31-11:30,13:01-15:00",10004489
10004490,510300P2210M04300,300ETF沽10月4300,10000,2022-08-25,2022-10-26,2022-10-26,4.3,P,E,1,Option,510300.XSHG,510300.XSHG,XSHG,0,"09:31-11:30,13:01-15:00",10004490
10004491,510300P2210M04400,300ETF沽10月4400,10000,2022-08-25,2022-10-26,2022-10-26,4.4,P,E,1,Option,510300.XSHG,510300.XSHG,XSHG,0,"09:31-11:30,13:01-15:00",10004491
10004492,510300P2210M04500,300ETF沽10月4500,10000,2022-08-25,2022-10-26,2022-10-26,4.5,P,E,1,Option,510300.XSHG,510300.XSHG,XSHG,0,"09:31-11:30,13:01-15:00",10004492
10004495,510300C2210M04600,300ETF购10月4600,10000,2022-08-26,2022-10-26,2022-10-26,4.6,C,E,1,Option,510300.XSHG,510300.XSHG,XSHG,0,"09:31-11:30,13:01-15:00",10004495
10004496,510300P2210M04600,300ETF沽10月4600,10000,2022-08-26,2022-10-26,2022-10-26,4.6,P,E,1,Option,510300.XSHG,510300.XSHG,XSHG,0,"09:31-11:30,13:01-15:00",10004496
10004573,510300C2210M03600,300ETF购10月3600,10000,2022-09-19,2022-10-26,2022-10-26,3.6,C,E,1,Option,510300.XSHG,510300.XSHG,XSHG,0,"09:31-11:30,13:01-15:00",10004573
10004574,510300P2210M03600,300ETF沽10月3600,10000,2022-09-19,2022-10-26,2022-10-26,3.6,P,E,1,Option,510300.XSHG,510300.XSHG,XSHG,0,"09:31-11:30,13:01-15:00",10004574
10004575,510300C2303A03600,300ETF购3月3544A,10157,2022-09-19,2023-03-22,2023-03-22,3.544,C,E,1,Option,510300.XSHG,510300.XSHG,XSHG,0,"09:31-11:30,13:01-15:00",10004575
10004576,510300P2303A03600,300ETF沽3月3544A,10157,2022-09-19,2023-03-22,2023-03-22,3.544,P,E,1,Option,510300.XSHG,510300.XSHG,XSHG,0,"09:31-11:30,13:01-15:00",10004576
10004583,510300C2210M03500,300ETF购10月3500,10000,2022-09-23,2022-10-26,2022-10-26,3.5,C,E,1,Option,510300.XSHG,510300.XSHG,XSHG,0,"09:31-11:30,13:01-15:00",10004583
10004584,510300P2210M03500,300ETF沽10月3500,10000,2022-09-23,2022-10-26,2022-10-26,3.5,P,E,1,Option,510300.XSHG,510300.XSHG,XSHG,0,"09:31-11:30,13:01-15:00",10004584
10004585,510300C2303A03500,300ETF购3月3446A,10157,2022-09-23,2023-03-22,2023-03-22,3.446,C,E,1,Option,510300.XSHG,510300.XSHG,XSHG,0,"09:31-11:30,13:01-15:00",10004585
10004586,510300P2303A03500,300ETF沽3月3446A,10157,2022-09-23,2023-03-22,2023-03-22,3.446,P,E,1,Option,510300.XSHG,510300.XSHG,XSHG,0,"09:31-11:30,13:01-15:00",10004586
10004613,510300C2211M03500,300ETF购11月3500,10000,2022-09-29,2022-11-23,2022-11-23,3.5,C,E,1,Option,510300.XSHG,510300.XSHG,XSHG,0,"09:31-11:30,13:01-15:00",10004613
10004614,510300C2211M03600,300ETF购11月3600,10000,2022-09-29,2022-11-23,2022-11-23,3.6,C,E,1,Option,510300.XSHG,510300.XSHG,XSHG,0,"09:31-11:30,13:01-15:00",10004614
10004615,510300C2211M03700,300ETF购11月3700,10000,2022-09-29,2022-11-23,2022-11-23,3.7,C,E,1,Option,510300.XSHG,510300.XSHG,XSHG,0,"09:31-11:30,13:01-15:00",10004615
10004616,510300C2211M03800,300ETF购11月3800,10000,2022-09-29,2022-11-23,2022-11-23,3.8,C,E,1,Option,510300.XSHG,510300.XSHG,XSHG,0,"09:31-11:30,13:01-15:00",10004616
10004617,510300C2211M03900,300ETF购11月3900,10000,2022-09-29,2022-11-23,2022-11-23,3.9,C,E,1,Option,510300.XSHG,510300.XSHG,XSHG,0,"09:31-11:30,13:01-15:00",10004617
10004618,510300C2211M04000,300ETF购11月4000,10000,2022-09-29,2022-11-23,2022-11-23,4.0,C,E,1,Option,510300.XSHG,510300.XSHG,XSHG,0,"09:31-11:30,13:01-15:00",10004618
10004619,510300C2211M04100,300ETF购11月4100,10000,2022-09-29,2022-11-23,2022-11-23,4.1,C,E,1,Option,510300.XSHG,510300.XSHG,XSHG,0,"09:31-11:30,13:01-15:00",10004619
10004620,510300C2211M04200,300ETF购11月4200,10000,2022-09-29,2022-11-23,2022-11-23,4.2,C,E,1,Option,510300.XSHG,510300.XSHG,XSHG,0,"09:31-11:30,13:01-15:00",10004620
10004621,510300C2211M04300,300ETF购11月4300,10000,2022-09-29,2022-11-23,2022-11-23,4.3,C,E,1,Option,510300.XSHG,510300.XSHG,XSHG,0,"09:31-11:30,13:01-15:00",10004621
10004622,510300P2211M03500,300ETF沽11月3500,10000,2022-09-29,2022-11-23,2022-11-23,3.5,P,E,1,Option,510300.XSHG,510300.XSHG,XSHG,0,"09:31-11:30,13:01-15:00",10004622
10004623,510300P2211M03600,300ETF沽11月3600,10000,2022-09-29,2022-11-23,2022-11-23,3.6,P,E,1,Option,510300.XSHG,510300.XSHG,XSHG,0,"09:31-11:30,13:01-15:00",10004623
10004624,510300P2211M03700,300ETF沽11月3700,10000,2022-09-29,2022-11-23,2022-11-23,3.7,P,E,1,Option,510300.XSHG,510300.XSHG,XSHG,0,"09:31-11:30,13:01-15:00",10004624
10004625,510300P2211M03800,300ETF沽11月3800,10000,2022-09-29,2022-11-23,2022-11-23,3.8,P,E,1,Option,510300.XSHG,510300.XSHG,XSHG,0,"09:31-11:30,13:01-15:00",10004625
10004626,510300P2211M03900,300ETF沽11月3900,10000,2022-09-29,2022-11-23,2022-11-23,3.9,P,E,1,Option,510300.XSHG,510300.XSHG,XSHG,0,"09:31-11:30,13:01-15:00",10004626
10004627,510300P2211M04000,300ETF沽11月4000,10000,2022-09-29,2022-11-23,2022-11-23,4.0,P,E,1,Option,510300.XSHG,510300.XSHG,XSHG,0,"09:31-11:30,13:01-15:00",10004627
10004628,510300P2211M04100,300ETF沽11月4100,10000,2022-09-29,2022-11-23,2022-11-23,4.1,P,E,1,Option,510300.XSHG,510300.XSHG,XSHG,0,"09:31-11:30,13:01-15:00",10004628
10004629,510300P2211M04200,300ETF沽11月4200,10000,2022-09-29,2022-11-23,2022-11-23,4.2,P,E,1,Option,510300.XSHG,510300.XSHG,XSHG,0,"09:31-11:30,13:01-15:00",10004629
10004630,510300P2211M04300,300ETF沽11月4300,10000,2022-09-29,2022-11-23,2022-11-23,4.3,P,E,1,Option,510300.XSHG,510300.XSHG,XSHG,0,"09:31-11:30,13:01-15:00",10004630
10004639,510300C2210M03400,300ETF购10月3400,10000,2022-10-11,2022-10-26,2022-10-26,3.4,C,E,1,Option,510300.XSHG,510300.XSHG,XSHG,0,"09:31-11:30,13:01-15:00",10004639
10004640,510300P2210M03400,300ETF沽10月3400,10000,2022-10-11,2022-10-26,2022-10-26,3.4,P,E,1,Option,510300.XSHG,510300.XSHG,XSHG,0,"09:31-11:30,13:01-15:00",10004640
10004641,510300C2211M03400,300ETF购11月3400,10000,2022-10-11,2022-11-23,2022-11-23,3.4,C,E,1,Option,510300.XSHG,510300.XSHG,XSHG,0,"09:31-11:30,13:01-15:00",10004641
10004642,510300P2211M03400,300ETF沽11月3400,10000,2022-10-11,2022-11-23,2022-11-23,3.4,P,E,1,Option,510300.XSHG,510300.XSHG,XSHG,0,"09:31-11:30,13:01-15:00",10004642
10004643,510300C2212M03400,300ETF购12月3400,10000,2022-10-11,2022-12-28,2022-12-28,3.4,C,E,1,Option,510300.XSHG,510300.XSHG,XSHG,0,"09:31-11:30,13:01-15:00",10004643
10004644,510300P2212M03400,300ETF沽12月3400,10000,2022-10-11,2022-12-28,2022-12-28,3.4,P,E,1,Option,510300.XSHG,510300.XSHG,XSHG,0,"09:31-11:30,13:01-15:00",10004644
10004645,510300C2303A03400,300ETF购3月3347A,10157,2022-10-11,2023-03-22,2023-03-22,3.347,C,E,1,Option,510300.XSHG,510300.XSHG,XSHG,0,"09:31-11:30,13:01-15:00",10004645
10004646,510300P2303A03400,300ETF沽3月3347A,10157,2022-10-11,2023-03-22,2023-03-22,3.347,P,E,1,Option,510300.XSHG,510300.XSHG,XSHG,0,"09:31-11:30,13:01-15:00",10004646
10004671,510300C2210M03300,300ETF购10月3300,10000,2022-10-25,2022-10-26,2022-10-26,3.3,C,E,1,Option,510300.XSHG,510300.XSHG,XSHG,0,"09:31-11:30,13:01-15:00",10004671
10004672,510300P2210M03300,300ETF沽10月3300,10000,2022-10-25,2022-10-26,2022-10-26,3.3,P,E,1,Option,510300.XSHG,510300.XSHG,XSHG,0,"09:31-11:30,13:01-15:00",10004672
10004673,510300C2211M03300,300ETF购11月3300,10000,2022-10-25,2022-11-23,2022-11-23,3.3,C,E,1,Option,510300.XSHG,510300.XSHG,XSHG,0,"09:31-11:30,13:01-15:00",10004673
10004674,510300P2211M03300,300ETF沽11月3300,10000,2022-10-25,2022-11-23,2022-11-23,3.3,P,E,1,Option,510300.XSHG,510300.XSHG,XSHG,0,"09:31-11:30,13:01-15:00",10004674
10004675,510300C2212M03300,300ETF购12月3300,10000,2022-10-25,2022-12-28,2022-12-28,3.3,C,E,1,Option,510300.XSHG,510300.XSHG,XSHG,0,"09:31-11:30,13:01-15:00",10004675
10004676,510300P2212M03300,300ETF沽12月3300,10000,2022-10-25,2022-12-28,2022-12-28,3.3,P,E,1,Option,510300.XSHG,510300.XSHG,XSHG,0,"09:31-11:30,13:01-15:00",10004676
10004677,510300C2303A03300,300ETF购3月3249A,10157,2022-10-25,2023-03-22,2023-03-22,3.249,C,E,1,Option,510300.XSHG,510300.XSHG,XSHG,0,"09:31-11:30,13:01-15:00",10004677
10004678,510300P2303A03300,300ETF沽3月3249A,10157,2022-10-25,2023-03-22,2023-03-22,3.249,P,E,1,Option,510300.XSHG,510300.XSHG,XSHG,0,"09:31-11:30,13:01-15:00",10004678
10004697,510300C2306A03300,300ETF购6月3249A,10157,2022-10-27,2023-06-28,2023-06-28,3.249,C,E,1,Option,510300.XSHG,510300.XSHG,XSHG,0,"09:31-11:30,13:01-15:00",10004697
10004698,510300C2306A03400,300ETF购6月3347A,10157,2022-10-27,2023-06-28,2023-06-28,3.347,C,E,1,Option,510300.XSHG,510300.XSHG,XSHG,0,"09:31-11:30,13:01-15:00",10004698
10004699,510300C2306A03500,300ETF购6月3446A,10157,2022-10-27,2023-06-28,2023-06-28,3.446,C,E,1,Option,510300.XSHG,510300.XSHG,XSHG,0,"09:31-11:30,13:01-15:00",10004699
10004700,510300C2306A03600,300ETF购6月3544A,10157,2022-10-27,2023-06-28,2023-06-28,3.544,C,E,1,Option,510300.XSHG,510300.XSHG,XSHG,0,"09:31-11:30,13:01-15:00",10004700
10004701,510300C2306A03700,300ETF购6月3643A,10157,2022-10-27,2023-06-28,2023-06-28,3.643,C,E,1,Option,510300.XSHG,510300.XSHG,XSHG,0,"09:31-11:30,13:01-15:00",10004701
10004702,510300C2306A03800,300ETF购6月3741A,10157,2022-10-27,2023-06-28,2023-06-28,3.741,C,E,1,Option,510300.XSHG,510300.XSHG,XSHG,0,"09:31-11:30,13:01-15:00",10004702
10004703,510300C2306A03900,300ETF购6月3840A,10157,2022-10-27,2023-06-28,2023-06-28,3.84,C,E,1,Option,510300.XSHG,510300.XSHG,XSHG,0,"09:31-11:30,13:01-15:00",10004703
10004704,510300C2306A04000,300ETF购6月3938A,10157,2022-10-27,2023-06-28,2023-06-28,3.938,C,E,1,Option,510300.XSHG,510300.XSHG,XSHG,0,"09:31-11:30,13:01-15:00",10004704
10004705,510300C2306A04100,300ETF购6月4037A,10157,2022-10-27,2023-06-28,2023-06-28,4.037,C,E,1,Option,510300.XSHG,510300.XSHG,XSHG,0,"09:31-11:30,13:01-15:00",10004705
10004706,510300P2306A03300,300ETF沽6月3249A,10157,2022-10-27,2023-06-28,2023-06-28,3.249,P,E,1,Option,510300.XSHG,510300.XSHG,XSHG,0,"09:31-11:30,13:01-15:00",10004706
10004707,510300P2306A03400,300ETF沽6月3347A,10157,2022-10-27,2023-06-28,2023-06-28,3.347,P,E,1,Option,510300.XSHG,510300.XSHG,XSHG,0,"09:31-11:30,13:01-15:00",10004707
10004708,510300P2306A03500,300ETF沽6月3446A,10157,2022-10-27,2023-06-28,2023-06-28,3.446,P,E,1,Option,510300.XSHG,510300.XSHG,XSHG,0,"09:31-11:30,13:01-15:00",10004708
10004709,510300P2306A03600,300ETF沽6月3544A,10157,2022-10-27,2023-06-28,2023-06-28,3.544,P,E,1,Option,510300.XSHG,510300.XSHG,XSHG,0,"09:31-11:30,13:01-15:00",10004709
10004710,510300P2306A03700,300ETF沽6月3643A,10157,2022-10-27,2023-06-28,2023-06-28,3.643,P,E,1,Option,510300.XSHG,510300.XSHG,XSHG,0,"09:31-11:30,13:01-15:00",10004710
10004711,510300P2306A03800,300ETF沽6月3741A,10157,2022-10-27,2023-06-28,2023-06-28,3.741,P,E,1,Option,510300.XSHG,510300.XSHG,XSHG,0,"09:31-11:30,13:01-15:00",10004711
10004712,510300P2306A03900,300ETF沽6月3840A,10157,2022-10-27,2023-06-28,2023-06-28,3.84,P,E,1,Option,510300.XSHG,510300.XSHG,XSHG,0,"09:31-11:30,13:01-15:00",10004712
10004713,510300P2306A04000,300ETF沽6月3938A,10157,2022-10-27,2023-06-28,2023-06-28,3.938,P,E,1,Option,510300.XSHG,510300.XSHG,XSHG,0,"09:31-11:30,13:01-15:00",10004713
10004714,510300P2306A04100,300ETF沽6月4037A,10157,2022-10-27,2023-06-28,2023-06-28,4.037,P,E,1,Option,510300.XSHG,510300.XSHG,XSHG,0,"09:31-11:30,13:01-15:00",10004714
10004749,510300C2211M03200,300ETF购11月3200,10000,2022-10-31,2022-11-23,2022-11-23,3.2,C,E,1,Option,510300.XSHG,510300.XSHG,XSHG,0,"09:31-11:30,13:01-15:00",10004749
10004750,510300P2211M03200,300ETF沽11月3200,10000,2022-10-31,2022-11-23,2022-11-23,3.2,P,E,1,Option,510300.XSHG,510300.XSHG,XSHG,0,"09:31-11:30,13:01-15:00",10004750
10004751,510300C2212M03200,300ETF购12月3200,10000,2022-10-31,2022-12-28,2022-12-28,3.2,C,E,1,Option,510300.XSHG,510300.XSHG,XSHG,0,"09:31-11:30,13:01-15:00",10004751
10004752,510300P2212M03200,300ETF沽12月3200,10000,2022-10-31,2022-12-28,2022-12-28,3.2,P,E,1,Option,510300.XSHG,510300.XSHG,XSHG,0,"09:31-11:30,13:01-15:00",10004752
10004753,510300C2303A03200,300ETF购3月3151A,10157,2022-10-31,2023-03-22,2023-03-22,3.151,C,E,1,Option,510300.XSHG,510300.XSHG,XSHG,0,"09:31-11:30,13:01-15:00",10004753
10004754,510300P2303A03200,300ETF沽3月3151A,10157,2022-10-31,2023-03-22,2023-03-22,3.151,P,E,1,Option,510300.XSHG,510300.XSHG,XSHG,0,"09:31-11:30,13:01-15:00",10004754
10004755,510300C2306A03200,300ETF购6月3151A,10157,2022-10-31,2023-06-28,2023-06-28,3.151,C,E,1,Option,510300.XSHG,510300.XSHG,XSHG,0,"09:31-11:30,13:01-15:00",10004755
10004756,510300P2306A03200,300ETF沽6月3151A,10157,2022-10-31,2023-06-28,2023-06-28,3.151,P,E,1,Option,510300.XSHG,510300.XSHG,XSHG,0,"09:31-11:30,13:01-15:00",10004756
10004761,510300C2306A04200,300ETF购6月4135A,10157,2022-11-07,2023-06-28,2023-06-28,4.135,C,E,1,Option,510300.XSHG,510300.XSHG,XSHG,0,"09:31-11:30,13:01-15:00",10004761
10004762,510300P2306A04200,300ETF沽6月4135A,10157,2022-11-07,2023-06-28,2023-06-28,4.135,P,E,1,Option,510300.XSHG,510300.XSHG,XSHG,0,"09:31-11:30,13:01-15:00",10004762
10004775,510300C2306A04300,300ETF购6月4234A,10157,2022-11-15,2023-06-28,2023-06-28,4.234,C,E,1,Option,510300.XSHG,510300.XSHG,XSHG,0,"09:31-11:30,13:01-15:00",10004775
10004776,510300P2306A04300,300ETF沽6月4234A,10157,2022-11-15,2023-06-28,2023-06-28,4.234,P,E,1,Option,510300.XSHG,510300.XSHG,XSHG,0,"09:31-11:30,13:01-15:00",10004776
10004797,510300C2301A03400,300ETF购1月3347A,10157,2022-11-24,2023-01-30,2023-01-30,3.347,C,E,1,Option,510300.XSHG,510300.XSHG,XSHG,0,"09:31-11:30,13:01-15:00",10004797
10004798,510300C2301A03500,300ETF购1月3446A,10157,2022-11-24,2023-01-30,2023-01-30,3.446,C,E,1,Option,510300.XSHG,510300.XSHG,XSHG,0,"09:31-11:30,13:01-15:00",10004798
10004799,510300C2301A03600,300ETF购1月3544A,10157,2022-11-24,2023-01-30,2023-01-30,3.544,C,E,1,Option,510300.XSHG,510300.XSHG,XSHG,0,"09:31-11:30,13:01-15:00",10004799
10004800,510300C2301A03700,300ETF购1月3643A,10157,2022-11-24,2023-01-30,2023-01-30,3.643,C,E,1,Option,510300.XSHG,510300.XSHG,XSHG,0,"09:31-11:30,13:01-15:00",10004800
10004801,510300C2301A03800,300ETF购1月3741A,10157,2022-11-24,2023-01-30,2023-01-30,3.741,C,E,1,Option,510300.XSHG,510300.XSHG,XSHG,0,"09:31-11:30,13:01-15:00",10004801
10004802,510300C2301A03900,300ETF购1月3840A,10157,2022-11-24,2023-01-30,2023-01-30,3.84,C,E,1,Option,510300.XSHG,510300.XSHG,XSHG,0,"09:31-11:30,13:01-15:00",10004802
10004803,510300C2301A04000,300ETF购1月3938A,10157,2022-11-24,2023-01-30,2023-01-30,3.938,C,E,1,Option,510300.XSHG,510300.XSHG,XSHG,0,"09:31-11:30,13:01-15:00",10004803
10004804,510300C2301A04100,300ETF购1月4037A,10157,2022-11-24,2023-01-30,2023-01-30,4.037,C,E,1,Option,510300.XSHG,510300.XSHG,XSHG,0,"09:31-11:30,13:01-15:00",10004804
10004805,510300C2301A04200,300ETF购1月4135A,10157,2022-11-24,2023-01-30,2023-01-30,4.135,C,E,1,Option,510300.XSHG,510300.XSHG,XSHG,0,"09:31-11:30,13:01-15:00",10004805
10004806,510300P2301A03400,300ETF沽1月3347A,10157,2022-11-24,2023-01-30,2023-01-30,3.347,P,E,1,Option,510300.XSHG,510300.XSHG,XSHG,0,"09:31-11:30,13:01-15:00",10004806
10004807,510300P2301A03500,300ETF沽1月3446A,10157,2022-11-24,2023-01-30,2023-01-30,3.446,P,E,1,Option,510300.XSHG,510300.XSHG,XSHG,0,"09:31-11:30,13:01-15:00",10004807
10004808,510300P2301A03600,300ETF沽1月3544A,10157,2022-11-24,2023-01-30,2023-01-30,3.544,P,E,1,Option,510300.XSHG,510300.XSHG,XSHG,0,"09:31-11:30,13:01-15:00",10004808
10004809,510300P2301A03700,300ETF沽1月3643A,10157,2022-11-24,2023-01-30,2023-01-30,3.643,P,E,1,Option,510300.XSHG,510300.XSHG,XSHG,0,"09:31-11:30,13:01-15:00",10004809
10004810,510300P2301A03800,300ETF沽1月3741A,10157,2022-11-24,2023-01-30,2023-01-30,3.741,P,E,1,Option,510300.XSHG,510300.XSHG,XSHG,0,"09:31-11:30,13:01-15:00",10004810
10004811,510300P2301A03900,300ETF沽1月3840A,10157,2022-11-24,2023-01-30,2023-01-30,3.84,P,E,1,Option,510300.XSHG,510300.XSHG,XSHG,0,"09:31-11:30,13:01-15:00",10004811
10004812,510300P2301A04000,300ETF沽1月3938A,10157,2022-11-24,2023-01-30,2023-01-30,3.938,P,E,1,Option,510300.XSHG,510300.XSHG,XSHG,0,"09:31-11:30,13:01-15:00",10004812
10004813,510300P2301A04100,300ETF沽1月4037A,10157,2022-11-24,2023-01-30,2023-01-30,4.037,P,E,1,Option,510300.XSHG,510300.XSHG,XSHG,0,"09:31-11:30,13:01-15:00",10004813
10004814,510300P2301A04200,300ETF沽1月4135A,10157,2022-11-24,2023-01-30,2023-01-30,4.135,P,E,1,Option,510300.XSHG,510300.XSHG,XSHG,0,"09:31-11:30,13:01-15:00",10004814
10004839,510300C2301A04300,300ETF购1月4234A,10157,2022-11-30,2023-01-30,2023-01-30,4.234,C,E,1,Option,510300.XSHG,510300.XSHG,XSHG,0,"09:31-11:30,13:01-15:00",10004839
10004840,510300P2301A04300,300ETF沽1月4234A,10157,2022-11-30,2023-01-30,2023-01-30,4.234,P,E,1,Option,510300.XSHG,510300.XSHG,XSHG,0,"09:31-11:30,13:01-15:00",10004840
10004921,510300C2301A04400,300ETF购1月4332A,10157,2022-12-02,2023-01-30,2023-01-30,4.332,C,E,1,Option,510300.XSHG,510300.XSHG,XSHG,0,"09:31-11:30,13:01-15:00",10004921
10004922,510300P2301A04400,300ETF沽1月4332A,10157,2022-12-02,2023-01-30,2023-01-30,4.332,P,E,1,Option,510300.XSHG,510300.XSHG,XSHG,0,"09:31-11:30,13:01-15:00",10004922
10004923,510300C2306A04400,300ETF购6月4332A,10157,2022-12-02,2023-06-28,2023-06-28,4.332,C,E,1,Option,510300.XSHG,510300.XSHG,XSHG,0,"09:31-11:30,13:01-15:00",10004923
10004924,510300P2306A04400,300ETF沽6月4332A,10157,2022-12-02,2023-06-28,2023-06-28,4.332,P,E,1,Option,510300.XSHG,510300.XSHG,XSHG,0,"09:31-11:30,13:01-15:00",10004924
10004933,510300C2301A04500,300ETF购1月4430A,10157,2022-12-12,2023-01-30,2023-01-30,4.43,C,E,1,Option,510300.XSHG,510300.XSHG,XSHG,0,"09:31-11:30,13:01-15:00",10004933
10004934,510300P2301A04500,300ETF沽1月4430A,10157,2022-12-12,2023-01-30,2023-01-30,4.43,P,E,1,Option,510300.XSHG,510300.XSHG,XSHG,0,"09:31-11:30,13:01-15:00",10004934
10004935,510300C2306A04500,300ETF购6月4430A,10157,2022-12-12,2023-06-28,2023-06-28,4.43,C,E,1,Option,510300.XSHG,510300.XSHG,XSHG,0,"09:31-11:30,13:01-15:00",10004935
10004936,510300P2306A04500,300ETF沽6月4430A,10157,2022-12-12,2023-06-28,2023-06-28,4.43,P,E,1,Option,510300.XSHG,510300.XSHG,XSHG,0,"09:31-11:30,13:01-15:00",10004936
10004957,510300C2302A03500,300ETF购2月3446A,10157,2022-12-29,2023-02-22,2023-02-22,3.446,C,E,1,Option,510300.XSHG,510300.XSHG,XSHG,0,"09:31-11:30,13:01-15:00",10004957
10004958,510300C2302A03600,300ETF购2月3544A,10157,2022-12-29,2023-02-22,2023-02-22,3.544,C,E,1,Option,510300.XSHG,510300.XSHG,XSHG,0,"09:31-11:30,13:01-15:00",10004958
10004959,510300C2302A03700,300ETF购2月3643A,10157,2022-12-29,2023-02-22,2023-02-22,3.643,C,E,1,Option,510300.XSHG,510300.XSHG,XSHG,0,"09:31-11:30,13:01-15:00",10004959
10004960,510300C2302A03800,300ETF购2月3741A,10157,2022-12-29,2023-02-22,2023-02-22,3.741,C,E,1,Option,510300.XSHG,510300.XSHG,XSHG,0,"09:31-11:30,13:01-15:00",10004960
10004961,510300C2302A03900,300ETF购2月3840A,10157,2022-12-29,2023-02-22,2023-02-22,3.84,C,E,1,Option,510300.XSHG,510300.XSHG,XSHG,0,"09:31-11:30,13:01-15:00",10004961
10004962,510300C2302A04000,300ETF购2月3938A,10157,2022-12-29,2023-02-22,2023-02-22,3.938,C,E,1,Option,510300.XSHG,510300.XSHG,XSHG,0,"09:31-11:30,13:01-15:00",10004962
10004963,510300C2302A04100,300ETF购2月4037A,10157,2022-12-29,2023-02-22,2023-02-22,4.037,C,E,1,Option,510300.XSHG,510300.XSHG,XSHG,0,"09:31-11:30,13:01-15:00",10004963
10004964,510300C2302A04200,300ETF购2月4135A,10157,2022-12-29,2023-02-22,2023-02-22,4.135,C,E,1,Option,510300.XSHG,510300.XSHG,XSHG,0,"09:31-11:30,13:01-15:00",10004964
10004965,510300C2302A04300,300ETF购2月4234A,10157,2022-12-29,2023-02-22,2023-02-22,4.234,C,E,1,Option,510300.XSHG,510300.XSHG,XSHG,0,"09:31-11:30,13:01-15:00",10004965
10004966,510300P2302A03500,300ETF沽2月3446A,10157,2022-12-29,2023-02-22,2023-02-22,3.446,P,E,1,Option,510300.XSHG,510300.XSHG,XSHG,0,"09:31-11:30,13:01-15:00",10004966
10004967,510300P2302A03600,300ETF沽2月3544A,10157,2022-12-29,2023-02-22,2023-02-22,3.544,P,E,1,Option,510300.XSHG,510300.XSHG,XSHG,0,"09:31-11:30,13:01-15:00",10004967
10004968,510300P2302A03700,300ETF沽2月3643A,10157,2022-12-29,2023-02-22,2023-02-22,3.643,P,E,1,Option,510300.XSHG,510300.XSHG,XSHG,0,"09:31-11:30,13:01-15:00",10004968
10004969,510300P2302A03800,300ETF沽2月3741A,10157,2022-12-29,2023-02-22,2023-02-22,3.741,P,E,1,Option,510300.XSHG,510300.XSHG,XSHG,0,"09:31-11:30,13:01-15:00",10004969
10004970,510300P2302A03900,300ETF沽2月3840A,10157,2022-12-29,2023-02-22,2023-02-22,3.84,P,E,1,Option,510300.XSHG,510300.XSHG,XSHG,0,"09:31-11:30,13:01-15:00",10004970
10004971,510300P2302A04000,300ETF沽2月3938A,10157,2022-12-29,2023-02-22,2023-02-22,3.938,P,E,1,Option,510300.XSHG,510300.XSHG,XSHG,0,"09:31-11:30,13:01-15:00",10004971
10004972,510300P2302A04100,300ETF沽2月4037A,10157,2022-12-29,2023-02-22,2023-02-22,4.037,P,E,1,Option,510300.XSHG,510300.XSHG,XSHG,0,"09:31-11:30,13:01-15:00",10004972
10004973,510300P2302A04200,300ETF沽2月4135A,10157,2022-12-29,2023-02-22,2023-02-22,4.135,P,E,1,Option,510300.XSHG,510300.XSHG,XSHG,0,"09:31-11:30,13:01-15:00",10004973
10004974,510300P2302A04300,300ETF沽2月4234A,10157,2022-12-29,2023-02-22,2023-02-22,4.234,P,E,1,Option,510300.XSHG,510300.XSHG,XSHG,0,"09:31-11:30,13:01-15:00",10004974
10004993,510300C2302A04400,300ETF购2月4332A,10157,2023-01-05,2023-02-22,2023-02-22,4.332,C,E,1,Option,510300.XSHG,510300.XSHG,XSHG,0,"09:31-11:30,13:01-15:00",10004993
10004994,510300P2302A04400,300ETF沽2月4332A,10157,2023-01-05,2023-02-22,2023-02-22,4.332,P,E,1,Option,510300.XSHG,510300.XSHG,XSHG,0,"09:31-11:30,13:01-15:00",10004994
10005005,510300C2302A04500,300ETF购2月4430A,10157,2023-01-10,2023-02-22,2023-02-22,4.43,C,E,1,Option,510300.XSHG,510300.XSHG,XSHG,0,"09:31-11:30,13:01-15:00",10005005
10005006,510300P2302A04500,300ETF沽2月4430A,10157,2023-01-10,2023-02-22,2023-02-22,4.43,P,E,1,Option,510300.XSHG,510300.XSHG,XSHG,0,"09:31-11:30,13:01-15:00",10005006
10005015,510300C2301M03700,300ETF购1月3700,10000,2023-01-16,2023-01-30,2023-01-30,3.7,C,E,1,Option,510300.XSHG,510300.XSHG,XSHG,0,"09:31-11:30,13:01-15:00",10005015
10005016,510300C2301M03800,300ETF购1月3800,10000,2023-01-16,2023-01-30,2023-01-30,3.8,C,E,1,Option,510300.XSHG,510300.XSHG,XSHG,0,"09:31-11:30,13:01-15:00",10005016
10005017,510300C2301M03900,300ETF购1月3900,10000,2023-01-16,2023-01-30,2023-01-30,3.9,C,E,1,Option,510300.XSHG,510300.XSHG,XSHG,0,"09:31-11:30,13:01-15:00",10005017
10005018,510300C2301M04000,300ETF购1月4000,10000,2023-01-16,2023-01-30,2023-01-30,4.0,C,E,1,Option,510300.XSHG,510300.XSHG,XSHG,0,"09:31-11:30,13:01-15:00",10005018
10005019,510300C2301M04100,300ETF购1月4100,10000,2023-01-16,2023-01-30,2023-01-30,4.1,C,E,1,Option,510300.XSHG,510300.XSHG,XSHG,0,"09:31-11:30,13:01-15:00",10005019
10005020,510300C2301M04200,300ETF购1月4200,10000,2023-01-16,2023-01-30,2023-01-30,4.2,C,E,1,Option,510300.XSHG,510300.XSHG,XSHG,0,"09:31-11:30,13:01-15:00",10005020
10005021,510300C2301M04300,300ETF购1月4300,10000,2023-01-16,2023-01-30,2023-01-30,4.3,C,E,1,Option,510300.XSHG,510300.XSHG,XSHG,0,"09:31-11:30,13:01-15:00",10005021
10005022,510300C2301M04400,300ETF购1月4400,10000,2023-01-16,2023-01-30,2023-01-30,4.4,C,E,1,Option,510300.XSHG,510300.XSHG,XSHG,0,"09:31-11:30,13:01-15:00",10005022
10005023,510300C2301M04500,300ETF购1月4500,10000,2023-01-16,2023-01-30,2023-01-30,4.5,C,E,1,Option,510300.XSHG,510300.XSHG,XSHG,0,"09:31-11:30,13:01-15:00",10005023
10005024,510300P2301M03700,300ETF沽1月3700,10000,2023-01-16,2023-01-30,2023-01-30,3.7,P,E,1,Option,510300.XSHG,510300.XSHG,XSHG,0,"09:31-11:30,13:01-15:00",10005024
10005025,510300P2301M03800,300ETF沽1月3800,10000,2023-01-16,2023-01-30,2023-01-30,3.8,P,E,1,Option,510300.XSHG,510300.XSHG,XSHG,0,"09:31-11:30,13:01-15:00",10005025
10005026,510300P2301M03900,300ETF沽1月3900,10000,2023-01-16,2023-01-30,2023-01-30,3.9,P,E,1,Option,510300.XSHG,510300.XSHG,XSHG,0,"09:31-11:30,13:01-15:00",10005026
10005027,510300P2301M04000,300ETF沽1月4000,10000,2023-01-16,2023-01-30,2023-01-30,4.0,P,E,1,Option,510300.XSHG,510300.XSHG,XSHG,0,"09:31-11:30,13:01-15:00",10005027
10005028,510300P2301M04100,300ETF沽1月4100,10000,2023-01-16,2023-01-30,2023-01-30,4.1,P,E,1,Option,510300.XSHG,510300.XSHG,XSHG,0,"09:31-11:30,13:01-15:00",10005028
10005029,510300P2301M04200,300ETF沽1月4200,10000,2023-01-16,2023-01-30,2023-01-30,4.2,P,E,1,Option,510300.XSHG,510300.XSHG,XSHG,0,"09:31-11:30,13:01-15:00",10005029
10005030,510300P2301M04300,300ETF沽1月4300,10000,2023-01-16,2023-01-30,2023-01-30,4.3,P,E,1,Option,510300.XSHG,510300.XSHG,XSHG,0,"09:31-11:30,13:01-15:00",10005030
10005031,510300P2301M04400,300ETF沽1月4400,10000,2023-01-16,2023-01-30,2023-01-30,4.4,P,E,1,Option,510300.XSHG,510300.XSHG,XSHG,0,"09:31-11:30,13:01-15:00",10005031
10005032,510300P2301M04500,300ETF沽1月4500,10000,2023-01-16,2023-01-30,2023-01-30,4.5,P,E,1,Option,510300.XSHG,510300.XSHG,XSHG,0,"09:31-11:30,13:01-15:00",10005032
10005033,510300C2302M03700,300ETF购2月3700,10000,2023-01-16,2023-02-22,2023-02-22,3.7,C,E,1,Option,510300.XSHG,510300.XSHG,XSHG,0,"09:31-11:30,13:01-15:00",10005033
10005034,510300C2302M03800,300ETF购2月3800,10000,2023-01-16,2023-02-22,2023-02-22,3.8,C,E,1,Option,510300.XSHG,510300.XSHG,XSHG,0,"09:31-11:30,13:01-15:00",10005034
10005035,510300C2302M03900,300ETF购2月3900,10000,2023-01-16,2023-02-22,2023-02-22,3.9,C,E,1,Option,510300.XSHG,510300.XSHG,XSHG,0,"09:31-11:30,13:01-15:00",10005035
10005036,510300C2302M04000,300ETF购2月4000,10000,2023-01-16,2023-02-22,2023-02-22,4.0,C,E,1,Option,510300.XSHG,510300.XSHG,XSHG,0,"09:31-11:30,13:01-15:00",10005036
10005037,510300C2302M04100,300ETF购2月4100,10000,2023-01-16,2023-02-22,2023-02-22,4.1,C,E,1,Option,510300.XSHG,510300.XSHG,XSHG,0,"09:31-11:30,13:01-15:00",10005037
10005038,510300C2302M04200,300ETF购2月4200,10000,2023-01-16,2023-02-22,2023-02-22,4.2,C,E,1,Option,510300.XSHG,510300.XSHG,XSHG,0,"09:31-11:30,13:01-15:00",10005038
10005039,510300C2302M04300,300ETF购2月4300,10000,2023-01-16,2023-02-22,2023-02-22,4.3,C,E,1,Option,510300.XSHG,510300.XSHG,XSHG,0,"09:31-11:30,13:01-15:00",10005039
10005040,510300C2302M04400,300ETF购2月4400,10000,2023-01-16,2023-02-22,2023-02-22,4.4,C,E,1,Option,510300.XSHG,510300.XSHG,XSHG,0,"09:31-11:30,13:01-15:00",10005040
10005041,510300C2302M04500,300ETF购2月4500,10000,2023-01-16,2023-02-22,2023-02-22,4.5,C,E,1,Option,510300.XSHG,510300.XSHG,XSHG,0,"09:31-11:30,13:01-15:00",10005041
10005042,510300P2302M03700,300ETF沽2月3700,10000,2023-01-16,2023-02-22,2023-02-22,3.7,P,E,1,Option,510300.XSHG,510300.XSHG,XSHG,0,"09:31-11:30,13:01-15:00",10005042
10005043,510300P2302M03800,300ETF沽2月3800,10000,2023-01-16,2023-02-22,2023-02-22,3.8,P,E,1,Option,510300.XSHG,510300.XSHG,XSHG,0,"09:31-11:30,13:01-15:00",10005043
10005044,510300P2302M03900,300ETF沽2月3900,10000,2023-01-16,2023-02-22,2023-02-22,3.9,P,E,1,Option,510300.XSHG,510300.XSHG,XSHG,0,"09:31-11:30,13:01-15:00",10005044
10005045,510300P2302M04000,300ETF沽2月4000,10000,2023-01-16,2023-02-22,2023-02-22,4.0,P,E,1,Option,510300.XSHG,510300.XSHG,XSHG,0,"09:31-11:30,13:01-15:00",10005045
10005046,510300P2302M04100,300ETF沽2月4100,10000,2023-01-16,2023-02-22,2023-02-22,4.1,P,E,1,Option,510300.XSHG,510300.XSHG,XSHG,0,"09:31-11:30,13:01-15:00",10005046
10005047,510300P2302M04200,300ETF沽2月4200,10000,2023-01-16,2023-02-22,2023-02-22,4.2,P,E,1,Option,510300.XSHG,510300.XSHG,XSHG,0,"09:31-11:30,13:01-15:00",10005047
10005048,510300P2302M04300,300ETF沽2月4300,10000,2023-01-16,2023-02-22,2023-02-22,4.3,P,E,1,Option,510300.XSHG,510300.XSHG,XSHG,0,"09:31-11:30,13:01-15:00",10005048
10005049,510300P2302M04400,300ETF沽2月4400,10000,2023-01-16,2023-02-22,2023-02-22,4.4,P,E,1,Option,510300.XSHG,510300.XSHG,XSHG,0,"09:31-11:30,13:01-15:00",10005049
10005050,510300P2302M04500,300ETF沽2月4500,10000,2023-01-16,2023-02-22,2023-02-22,4.5,P,E,1,Option,510300.XSHG,510300.XSHG,XSHG,0,"09:31-11:30,13:01-15:00",10005050
10005051,510300C2303M03700,300ETF购3月3700,10000,2023-01-16,2023-03-22,2023-03-22,3.7,C,E,1,Option,510300.XSHG,510300.XSHG,XSHG,0,"09:31-11:30,13:01-15:00",10005051
10005052,510300C2303M03800,300ETF购3月3800,10000,2023-01-16,2023-03-22,2023-03-22,3.8,C,E,1,Option,510300.XSHG,510300.XSHG,XSHG,0,"09:31-11:30,13:01-15:00",10005052
10005053,510300C2303M03900,300ETF购3月3900,10000,2023-01-16,2023-03-22,2023-03-22,3.9,C,E,1,Option,510300.XSHG,510300.XSHG,XSHG,0,"09:31-11:30,13:01-15:00",10005053
10005054,510300C2303M04000,300ETF购3月4000,10000,2023-01-16,2023-03-22,2023-03-22,4.0,C,E,1,Option,510300.XSHG,510300.XSHG,XSHG,0,"09:31-11:30,13:01-15:00",10005054
10005055,510300C2303M04100,300ETF购3月4100,10000,2023-01-16,2023-03-22,2023-03-22,4.1,C,E,1,Option,510300.XSHG,510300.XSHG,XSHG,0,"09:31-11:30,13:01-15:00",10005055
10005056,510300C2303M04200,300ETF购3月4200,10000,2023-01-16,2023-03-22,2023-03-22,4.2,C,E,1,Option,510300.XSHG,510300.XSHG,XSHG,0,"09:31-11:30,13:01-15:00",10005056
10005057,510300C2303M04300,300ETF购3月4300,10000,2023-01-16,2023-03-22,2023-03-22,4.3,C,E,1,Option,510300.XSHG,510300.XSHG,XSHG,0,"09:31-11:30,13:01-15:00",10005057
10005058,510300C2303M04400,300ETF购3月4400,10000,2023-01-16,2023-03-22,2023-03-22,4.4,C,E,1,Option,510300.XSHG,510300.XSHG,XSHG,0,"09:31-11:30,13:01-15:00",10005058
10005059,510300C2303M04500,300ETF购3月4500,10000,2023-01-16,2023-03-22,2023-03-22,4.5,C,E,1,Option,510300.XSHG,510300.XSHG,XSHG,0,"09:31-11:30,13:01-15:00",10005059
10005060,510300P2303M03700,300ETF沽3月3700,10000,2023-01-16,2023-03-22,2023-03-22,3.7,P,E,1,Option,510300.XSHG,510300.XSHG,XSHG,0,"09:31-11:30,13:01-15:00",10005060
10005061,510300P2303M03800,300ETF沽3月3800,10000,2023-01-16,2023-03-22,2023-03-22,3.8,P,E,1,Option,510300.XSHG,510300.XSHG,XSHG,0,"09:31-11:30,13:01-15:00",10005061
10005062,510300P2303M03900,300ETF沽3月3900,10000,2023-01-16,2023-03-22,2023-03-22,3.9,P,E,1,Option,510300.XSHG,510300.XSHG,XSHG,0,"09:31-11:30,13:01-15:00",10005062
10005063,510300P2303M04000,300ETF沽3月4000,10000,2023-01-16,2023-03-22,2023-03-22,4.0,P,E,1,Option,510300.XSHG,510300.XSHG,XSHG,0,"09:31-11:30,13:01-15:00",10005063
10005064,510300P2303M04100,300ETF沽3月4100,10000,2023-01-16,2023-03-22,2023-03-22,4.1,P,E,1,Option,510300.XSHG,510300.XSHG,XSHG,0,"09:31-11:30,13:01-15:00",10005064
10005065,510300P2303M04200,300ETF沽3月4200,10000,2023-01-16,2023-03-22,2023-03-22,4.2,P,E,1,Option,510300.XSHG,510300.XSHG,XSHG,0,"09:31-11:30,13:01-15:00",10005065
10005066,510300P2303M04300,300ETF沽3月4300,10000,2023-01-16,2023-03-22,2023-03-22,4.3,P,E,1,Option,510300.XSHG,510300.XSHG,XSHG,0,"09:31-11:30,13:01-15:00",10005066
10005067,510300P2303M04400,300ETF沽3月4400,10000,2023-01-16,2023-03-22,2023-03-22,4.4,P,E,1,Option,510300.XSHG,510300.XSHG,XSHG,0,"09:31-11:30,13:01-15:00",10005067
10005068,510300P2303M04500,300ETF沽3月4500,10000,2023-01-16,2023-03-22,2023-03-22,4.5,P,E,1,Option,510300.XSHG,510300.XSHG,XSHG,0,"09:31-11:30,13:01-15:00",10005068
10005069,510300C2306M03700,300ETF购6月3700,10000,2023-01-16,2023-06-28,2023-06-28,3.7,C,E,1,Option,510300.XSHG,510300.XSHG,XSHG,0,"09:31-11:30,13:01-15:00",10005069
10005070,510300C2306M03800,300ETF购6月3800,10000,2023-01-16,2023-06-28,2023-06-28,3.8,C,E,1,Option,510300.XSHG,510300.XSHG,XSHG,0,"09:31-11:30,13:01-15:00",10005070
10005071,510300C2306M03900,300ETF购6月3900,10000,2023-01-16,2023-06-28,2023-06-28,3.9,C,E,1,Option,510300.XSHG,510300.XSHG,XSHG,0,"09:31-11:30,13:01-15:00",10005071
10005072,510300C2306M04000,300ETF购6月4000,10000,2023-01-16,2023-06-28,2023-06-28,4.0,C,E,1,Option,510300.XSHG,510300.XSHG,XSHG,0,"09:31-11:30,13:01-15:00",10005072
10005073,510300C2306M04100,300ETF购6月4100,10000,2023-01-16,2023-06-28,2023-06-28,4.1,C,E,1,Option,510300.XSHG,510300.XSHG,XSHG,0,"09:31-11:30,13:01-15:00",10005073
10005074,510300C2306M04200,300ETF购6月4200,10000,2023-01-16,2023-06-28,2023-06-28,4.2,C,E,1,Option,510300.XSHG,510300.XSHG,XSHG,0,"09:31-11:30,13:01-15:00",10005074
10005075,510300C2306M04300,300ETF购6月4300,10000,2023-01-16,2023-06-28,2023-06-28,4.3,C,E,1,Option,510300.XSHG,510300.XSHG,XSHG,0,"09:31-11:30,13:01-15:00",10005075
10005076,510300C2306M04400,300ETF购6月4400,10000,2023-01-16,2023-06-28,2023-06-28,4.4,C,E,1,Option,510300.XSHG,510300.XSHG,XSHG,0,"09:31-11:30,13:01-15:00",10005076
10005077,510300C2306M04500,300ETF购6月4500,10000,2023-01-16,2023-06-28,2023-06-28,4.5,C,E,1,Option,510300.XSHG,510300.XSHG,XSHG,0,"09:31-11:30,13:01-15:00",10005077
10005078,510300P2306M03700,300ETF沽6月3700,10000,2023-01-16,2023-06-28,2023-06-28,3.7,P,E,1,Option,510300.XSHG,510300.XSHG,XSHG,0,"09:31-11:30,13:01-15:00",10005078
10005079,510300P2306M03800,300ETF沽6月3800,10000,2023-01-16,2023-06-28,2023-06-28,3.8,P,E,1,Option,510300.XSHG,510300.XSHG,XSHG,0,"09:31-11:30,13:01-15:00",10005079
10005080,510300P2306M03900,300ETF沽6月3900,10000,2023-01-16,2023-06-28,2023-06-28,3.9,P,E,1,Option,510300.XSHG,510300.XSHG,XSHG,0,"09:31-11:30,13:01-15:00",10005080
10005081,510300P2306M04000,300ETF沽6月4000,10000,2023-01-16,2023-06-28,2023-06-28,4.0,P,E,1,Option,510300.XSHG,510300.XSHG,XSHG,0,"09:31-11:30,13:01-15:00",10005081
10005082,510300P2306M04100,300ETF沽6月4100,10000,2023-01-16,2023-06-28,2023-06-28,4.1,P,E,1,Option,510300.XSHG,510300.XSHG,XSHG,0,"09:31-11:30,13:01-15:00",10005082
10005083,510300P2306M04200,300ETF沽6月4200,10000,2023-01-16,2023-06-28,2023-06-28,4.2,P,E,1,Option,510300.XSHG,510300.XSHG,XSHG,0,"09:31-11:30,13:01-15:00",10005083
10005084,510300P2306M04300,300ETF沽6月4300,10000,2023-01-16,2023-06-28,2023-06-28,4.3,P,E,1,Option,510300.XSHG,510300.XSHG,XSHG,0,"09:31-11:30,13:01-15:00",10005084
10005085,510300P2306M04400,300ETF沽6月4400,10000,2023-01-16,2023-06-28,2023-06-28,4.4,P,E,1,Option,510300.XSHG,510300.XSHG,XSHG,0,"09:31-11:30,13:01-15:00",10005085
10005086,510300P2306M04500,300ETF沽6月4500,10000,2023-01-16,2023-06-28,2023-06-28,4.5,P,E,1,Option,510300.XSHG,510300.XSHG,XSHG,0,"09:31-11:30,13:01-15:00",10005086
10005097,510300C2301M04600,300ETF购1月4600,10000,2023-01-20,2023-01-30,2023-01-30,4.6,C,E,1,Option,510300.XSHG,510300.XSHG,XSHG,0,"09:31-11:30,13:01-15:00",10005097
10005098,510300P2301M04600,300ETF沽1月4600,10000,2023-01-20,2023-01-30,2023-01-30,4.6,P,E,1,Option,510300.XSHG,510300.XSHG,XSHG,0,"09:31-11:30,13:01-15:00",10005098
10005099,510300C2302M04600,300ETF购2月4600,10000,2023-01-20,2023-02-22,2023-02-22,4.6,C,E,1,Option,510300.XSHG,510300.XSHG,XSHG,0,"09:31-11:30,13:01-15:00",10005099
10005100,510300P2302M04600,300ETF沽2月4600,10000,2023-01-20,2023-02-22,2023-02-22,4.6,P,E,1,Option,510300.XSHG,510300.XSHG,XSHG,0,"09:31-11:30,13:01-15:00",10005100
10005101,510300C2303M04600,300ETF购3月4600,10000,2023-01-20,2023-03-22,2023-03-22,4.6,C,E,1,Option,510300.XSHG,510300.XSHG,XSHG,0,"09:31-11:30,13:01-15:00",10005101
10005102,510300P2303M04600,300ETF沽3月4600,10000,2023-01-20,2023-03-22,2023-03-22,4.6,P,E,1,Option,510300.XSHG,510300.XSHG,XSHG,0,"09:31-11:30,13:01-15:00",10005102
10005103,510300C2306M04600,300ETF购6月4600,10000,2023-01-20,2023-06-28,2023-06-28,4.6,C,E,1,Option,510300.XSHG,510300.XSHG,XSHG,0,"09:31-11:30,13:01-15:00",10005103
10005104,510300P2306M04600,300ETF沽6月4600,10000,2023-01-20,2023-06-28,2023-06-28,4.6,P,E,1,Option,510300.XSHG,510300.XSHG,XSHG,0,"09:31-11:30,13:01-15:00",10005104
10005123,510300C2309M03800,300ETF购9月3800,10000,2023-01-31,2023-09-27,2023-09-27,3.8,C,E,1,Option,510300.XSHG,510300.XSHG,XSHG,0,"09:31-11:30,13:01-15:00",10005123
10005124,510300C2309M03900,300ETF购9月3900,10000,2023-01-31,2023-09-27,2023-09-27,3.9,C,E,1,Option,510300.XSHG,510300.XSHG,XSHG,0,"09:31-11:30,13:01-15:00",10005124
10005125,510300C2309M04000,300ETF购9月4000,10000,2023-01-31,2023-09-27,2023-09-27,4.0,C,E,1,Option,510300.XSHG,510300.XSHG,XSHG,0,"09:31-11:30,13:01-15:00",10005125
10005126,510300C2309M04100,300ETF购9月4100,10000,2023-01-31,2023-09-27,2023-09-27,4.1,C,E,1,Option,510300.XSHG,510300.XSHG,XSHG,0,"09:31-11:30,13:01-15:00",10005126
10005127,510300C2309M04200,300ETF购9月4200,10000,2023-01-31,2023-09-27,2023-09-27,4.2,C,E,1,Option,510300.XSHG,510300.XSHG,XSHG,0,"09:31-11:30,13:01-15:00",10005127
10005128,510300C2309M04300,300ETF购9月4300,10000,2023-01-31,2023-09-27,2023-09-27,4.3,C,E,1,Option,510300.XSHG,510300.XSHG,XSHG,0,"09:31-11:30,13:01-15:00",10005128
10005129,510300C2309M04400,300ETF购9月4400,10000,2023-01-31,2023-09-27,2023-09-27,4.4,C,E,1,Option,510300.XSHG,510300.XSHG,XSHG,0,"09:31-11:30,13:01-15:00",10005129
10005130,510300C2309M04500,300ETF购9月4500,10000,2023-01-31,2023-09-27,2023-09-27,4.5,C,E,1,Option,510300.XSHG,510300.XSHG,XSHG,0,"09:31-11:30,13:01-15:00",10005130
10005131,510300C2309M04600,300ETF购9月4600,10000,2023-01-31,2023-09-27,2023-09-27,4.6,C,E,1,Option,510300.XSHG,510300.XSHG,XSHG,0,"09:31-11:30,13:01-15:00",10005131
10005132,510300P2309M03800,300ETF沽9月3800,10000,2023-01-31,2023-09-27,2023-09-27,3.8,P,E,1,Option,510300.XSHG,510300.XSHG,XSHG,0,"09:31-11:30,13:01-15:00",10005132
10005133,510300P2309M03900,300ETF沽9月3900,10000,2023-01-31,2023-09-27,2023-09-27,3.9,P,E,1,Option,510300.XSHG,510300.XSHG,XSHG,0,"09:31-11:30,13:01-15:00",10005133
10005134,510300P2309M04000,300ETF沽9月4000,10000,2023-01-31,2023-09-27,2023-09-27,4.0,P,E,1,Option,510300.XSHG,510300.XSHG,XSHG,0,"09:31-11:30,13:01-15:00",10005134
10005135,510300P2309M04100,300ETF沽9月4100,10000,2023-01-31,2023-09-27,2023-09-27,4.1,P,E,1,Option,510300.XSHG,510300.XSHG,XSHG,0,"09:31-11:30,13:01-15:00",10005135
10005136,510300P2309M04200,300ETF沽9月4200,10000,2023-01-31,2023-09-27,2023-09-27,4.2,P,E,1,Option,510300.XSHG,510300.XSHG,XSHG,0,"09:31-11:30,13:01-15:00",10005136
10005137,510300P2309M04300,300ETF沽9月4300,10000,2023-01-31,2023-09-27,2023-09-27,4.3,P,E,1,Option,510300.XSHG,510300.XSHG,XSHG,0,"09:31-11:30,13:01-15:00",10005137
10005138,510300P2309M04400,300ETF沽9月4400,10000,2023-01-31,2023-09-27,2023-09-27,4.4,P,E,1,Option,510300.XSHG,510300.XSHG,XSHG,0,"09:31-11:30,13:01-15:00",10005138
10005139,510300P2309M04500,300ETF沽9月4500,10000,2023-01-31,2023-09-27,2023-09-27,4.5,P,E,1,Option,510300.XSHG,510300.XSHG,XSHG,0,"09:31-11:30,13:01-15:00",10005139
10005140,510300P2309M04600,300ETF沽9月4600,10000,2023-01-31,2023-09-27,2023-09-27,4.6,P,E,1,Option,510300.XSHG,510300.XSHG,XSHG,0,"09:31-11:30,13:01-15:00",10005140
10005169,510300C2309M03700,300ETF购9月3700,10000,2023-02-06,2023-09-27,2023-09-27,3.7,C,E,1,Option,510300.XSHG,510300.XSHG,XSHG,0,"09:31-11:30,13:01-15:00",10005169
10005170,510300P2309M03700,300ETF沽9月3700,10000,2023-02-06,2023-09-27,2023-09-27,3.7,P,E,1,Option,510300.XSHG,510300.XSHG,XSHG,0,"09:31-11:30,13:01-15:00",10005170
10005175,510300C2302M03600,300ETF购2月3600,10000,2023-02-20,2023-02-22,2023-02-22,3.6,C,E,1,Option,510300.XSHG,510300.XSHG,XSHG,0,"09:31-11:30,13:01-15:00",10005175
10005176,510300P2302M03600,300ETF沽2月3600,10000,2023-02-20,2023-02-22,2023-02-22,3.6,P,E,1,Option,510300.XSHG,510300.XSHG,XSHG,0,"09:31-11:30,13:01-15:00",10005176
10005177,510300C2303M03600,300ETF购3月3600,10000,2023-02-20,2023-03-22,2023-03-22,3.6,C,E,1,Option,510300.XSHG,510300.XSHG,XSHG,0,"09:31-11:30,13:01-15:00",10005177
10005178,510300P2303M03600,300ETF沽3月3600,10000,2023-02-20,2023-03-22,2023-03-22,3.6,P,E,1,Option,510300.XSHG,510300.XSHG,XSHG,0,"09:31-11:30,13:01-15:00",10005178
10005179,510300C2306M03600,300ETF购6月3600,10000,2023-02-20,2023-06-28,2023-06-28,3.6,C,E,1,Option,510300.XSHG,510300.XSHG,XSHG,0,"09:31-11:30,13:01-15:00",10005179
10005180,510300P2306M03600,300ETF沽6月3600,10000,2023-02-20,2023-06-28,2023-06-28,3.6,P,E,1,Option,510300.XSHG,510300.XSHG,XSHG,0,"09:31-11:30,13:01-15:00",10005180
10005181,510300C2309M03600,300ETF购9月3600,10000,2023-02-20,2023-09-27,2023-09-27,3.6,C,E,1,Option,510300.XSHG,510300.XSHG,XSHG,0,"09:31-11:30,13:01-15:00",10005181
10005182,510300P2309M03600,300ETF沽9月3600,10000,2023-02-20,2023-09-27,2023-09-27,3.6,P,E,1,Option,510300.XSHG,510300.XSHG,XSHG,0,"09:31-11:30,13:01-15:00",10005182
10005201,510300C2304M03700,300ETF购4月3700,10000,2023-02-23,2023-04-26,2023-04-26,3.7,C,E,1,Option,510300.XSHG,510300.XSHG,XSHG,0,"09:31-11:30,13:01-15:00",10005201
10005202,510300C2304M03800,300ETF购4月3800,10000,2023-02-23,2023-04-26,2023-04-26,3.8,C,E,1,Option,510300.XSHG,510300.XSHG,XSHG,0,"09:31-11:30,13:01-15:00",10005202
10005203,510300C2304M03900,300ETF购4月3900,10000,2023-02-23,2023-04-26,2023-04-26,3.9,C,E,1,Option,510300.XSHG,510300.XSHG,XSHG,0,"09:31-11:30,13:01-15:00",10005203
10005204,510300C2304M04000,300ETF购4月4000,10000,2023-02-23,2023-04-26,2023-04-26,4.0,C,E,1,Option,510300.XSHG,510300.XSHG,XSHG,0,"09:31-11:30,13:01-15:00",10005204
10005205,510300C2304M04100,300ETF购4月4100,10000,2023-02-23,2023-04-26,2023-04-26,4.1,C,E,1,Option,510300.XSHG,510300.XSHG,XSHG,0,"09:31-11:30,13:01-15:00",10005205
10005206,510300C2304M04200,300ETF购4月4200,10000,2023-02-23,2023-04-26,2023-04-26,4.2,C,E,1,Option,510300.XSHG,510300.XSHG,XSHG,0,"09:31-11:30,13:01-15:00",10005206
10005207,510300C2304M04300,300ETF购4月4300,10000,2023-02-23,2023-04-26,2023-04-26,4.3,C,E,1,Option,510300.XSHG,510300.XSHG,XSHG,0,"09:31-11:30,13:01-15:00",10005207
10005208,510300C2304M04400,300ETF购4月4400,10000,2023-02-23,2023-04-26,2023-04-26,4.4,C,E,1,Option,510300.XSHG,510300.XSHG,XSHG,0,"09:31-11:30,13:01-15:00",10005208
10005209,510300C2304M04500,300ETF购4月4500,10000,2023-02-23,2023-04-26,2023-04-26,4.5,C,E,1,Option,510300.XSHG,510300.XSHG,XSHG,0,"09:31-11:30,13:01-15:00",10005209
10005210,510300P2304M03700,300ETF沽4月3700,10000,2023-02-23,2023-04-26,2023-04-26,3.7,P,E,1,Option,510300.XSHG,510300.XSHG,XSHG,0,"09:31-11:30,13:01-15:00",10005210
10005211,510300P2304M03800,300ETF沽4月3800,10000,2023-02-23,2023-04-26,2023-04-26,3.8,P,E,1,Option,510300.XSHG,510300.XSHG,XSHG,0,"09:31-11:30,13:01-15:00",10005211
10005212,510300P2304M03900,300ETF沽4月3900,10000,2023-02-23,2023-04-26,2023-04-26,3.9,P,E,1,Option,510300.XSHG,510300.XSHG,XSHG,0,"09:31-11:30,13:01-15:00",10005212
10005213,510300P2304M04000,300ETF沽4月4000,10000,2023-02-23,2023-04-26,2023-04-26,4.0,P,E,1,Option,510300.XSHG,510300.XSHG,XSHG,0,"09:31-11:30,13:01-15:00",10005213
10005214,510300P2304M04100,300ETF沽4月4100,10000,2023-02-23,2023-04-26,2023-04-26,4.1,P,E,1,Option,510300.XSHG,510300.XSHG,XSHG,0,"09:31-11:30,13:01-15:00",10005214
10005215,510300P2304M04200,300ETF沽4月4200,10000,2023-02-23,2023-04-26,2023-04-26,4.2,P,E,1,Option,510300.XSHG,510300.XSHG,XSHG,0,"09:31-11:30,13:01-15:00",10005215
10005216,510300P2304M04300,300ETF沽4月4300,10000,2023-02-23,2023-04-26,2023-04-26,4.3,P,E,1,Option,510300.XSHG,510300.XSHG,XSHG,0,"09:31-11:30,13:01-15:00",10005216
10005217,510300P2304M04400,300ETF沽4月4400,10000,2023-02-23,2023-04-26,2023-04-26,4.4,P,E,1,Option,510300.XSHG,510300.XSHG,XSHG,0,"09:31-11:30,13:01-15:00",10005217
10005218,510300P2304M04500,300ETF沽4月4500,10000,2023-02-23,2023-04-26,2023-04-26,4.5,P,E,1,Option,510300.XSHG,510300.XSHG,XSHG,0,"09:31-11:30,13:01-15:00",10005218
10005241,510300C2304M03600,300ETF购4月3600,10000,2023-02-28,2023-04-26,2023-04-26,3.6,C,E,1,Option,510300.XSHG,510300.XSHG,XSHG,0,"09:31-11:30,13:01-15:00",10005241
10005242,510300P2304M03600,300ETF沽4月3600,10000,2023-02-28,2023-04-26,2023-04-26,3.6,P,E,1,Option,510300.XSHG,510300.XSHG,XSHG,0,"09:31-11:30,13:01-15:00",10005242
10005249,510300C2303M03500,300ETF购3月3500,10000,2023-03-17,2023-03-22,2023-03-22,3.5,C,E,1,Option,510300.XSHG,510300.XSHG,XSHG,0,"09:31-11:30,13:01-15:00",10005249
10005250,510300P2303M03500,300ETF沽3月3500,10000,2023-03-17,2023-03-22,2023-03-22,3.5,P,E,1,Option,510300.XSHG,510300.XSHG,XSHG,0,"09:31-11:30,13:01-15:00",10005250
10005251,510300C2304M03500,300ETF购4月3500,10000,2023-03-17,2023-04-26,2023-04-26,3.5,C,E,1,Option,510300.XSHG,510300.XSHG,XSHG,0,"09:31-11:30,13:01-15:00",10005251
10005252,510300P2304M03500,300ETF沽4月3500,10000,2023-03-17,2023-04-26,2023-04-26,3.5,P,E,1,Option,510300.XSHG,510300.XSHG,XSHG,0,"09:31-11:30,13:01-15:00",10005252
10005253,510300C2306M03500,300ETF购6月3500,10000,2023-03-17,2023-06-28,2023-06-28,3.5,C,E,1,Option,510300.XSHG,510300.XSHG,XSHG,0,"09:31-11:30,13:01-15:00",10005253
10005254,510300P2306M03500,300ETF沽6月3500,10000,2023-03-17,2023-06-28,2023-06-28,3.5,P,E,1,Option,510300.XSHG,510300.XSHG,XSHG,0,"09:31-11:30,13:01-15:00",10005254
10005255,510300C2309M03500,300ETF购9月3500,10000,2023-03-17,2023-09-27,2023-09-27,3.5,C,E,1,Option,510300.XSHG,510300.XSHG,XSHG,0,"09:31-11:30,13:01-15:00",10005255
10005256,510300P2309M03500,300ETF沽9月3500,10000,2023-03-17,2023-09-27,2023-09-27,3.5,P,E,1,Option,510300.XSHG,510300.XSHG,XSHG,0,"09:31-11:30,13:01-15:00",10005256
10005279,510300C2305M03600,300ETF购5月3600,10000,2023-03-23,2023-05-24,2023-05-24,3.6,C,E,1,Option,510300.XSHG,510300.XSHG,XSHG,0,"09:31-11:30,13:01-15:00",10005279
10005280,510300C2305M03700,300ETF购5月3700,10000,2023-03-23,2023-05-24,2023-05-24,3.7,C,E,1,Option,510300.XSHG,510300.XSHG,XSHG,0,"09:31-11:30,13:01-15:00",10005280
10005281,510300C2305M03800,300ETF购5月3800,10000,2023-03-23,2023-05-24,2023-05-24,3.8,C,E,1,Option,510300.XSHG,510300.XSHG,XSHG,0,"09:31-11:30,13:01-15:00",10005281
10005282,510300C2305M03900,300ETF购5月3900,10000,2023-03-23,2023-05-24,2023-05-24,3.9,C,E,1,Option,510300.XSHG,510300.XSHG,XSHG,0,"09:31-11:30,13:01-15:00",10005282
10005283,510300C2305M04000,300ETF购5月4000,10000,2023-03-23,2023-05-24,2023-05-24,4.0,C,E,1,Option,510300.XSHG,510300.XSHG,XSHG,0,"09:31-11:30,13:01-15:00",10005283
10005284,510300C2305M04100,300ETF购5月4100,10000,2023-03-23,2023-05-24,2023-05-24,4.1,C,E,1,Option,510300.XSHG,510300.XSHG,XSHG,0,"09:31-11:30,13:01-15:00",10005284
10005285,510300C2305M04200,300ETF购5月4200,10000,2023-03-23,2023-05-24,2023-05-24,4.2,C,E,1,Option,510300.XSHG,510300.XSHG,XSHG,0,"09:31-11:30,13:01-15:00",10005285
10005286,510300C2305M04300,300ETF购5月4300,10000,2023-03-23,2023-05-24,2023-05-24,4.3,C,E,1,Option,510300.XSHG,510300.XSHG,XSHG,0,"09:31-11:30,13:01-15:00",10005286
10005287,510300C2305M04400,300ETF购5月4400,10000,2023-03-23,2023-05-24,2023-05-24,4.4,C,E,1,Option,510300.XSHG,510300.XSHG,XSHG,0,"09:31-11:30,13:01-15:00",10005287
10005288,510300P2305M03600,300ETF沽5月3600,10000,2023-03-23,2023-05-24,2023-05-24,3.6,P,E,1,Option,510300.XSHG,510300.XSHG,XSHG,0,"09:31-11:30,13:01-15:00",10005288
10005289,510300P2305M03700,300ETF沽5月3700,10000,2023-03-23,2023-05-24,2023-05-24,3.7,P,E,1,Option,510300.XSHG,510300.XSHG,XSHG,0,"09:31-11:30,13:01-15:00",10005289
10005290,510300P2305M03800,300ETF沽5月3800,10000,2023-03-23,2023-05-24,2023-05-24,3.8,P,E,1,Option,510300.XSHG,510300.XSHG,XSHG,0,"09:31-11:30,13:01-15:00",10005290
10005291,510300P2305M03900,300ETF沽5月3900,10000,2023-03-23,2023-05-24,2023-05-24,3.9,P,E,1,Option,510300.XSHG,510300.XSHG,XSHG,0,"09:31-11:30,13:01-15:00",10005291
10005292,510300P2305M04000,300ETF沽5月4000,10000,2023-03-23,2023-05-24,2023-05-24,4.0,P,E,1,Option,510300.XSHG,510300.XSHG,XSHG,0,"09:31-11:30,13:01-15:00",10005292
10005293,510300P2305M04100,300ETF沽5月4100,10000,2023-03-23,2023-05-24,2023-05-24,4.1,P,E,1,Option,510300.XSHG,510300.XSHG,XSHG,0,"09:31-11:30,13:01-15:00",10005293
10005294,510300P2305M04200,300ETF沽5月4200,10000,2023-03-23,2023-05-24,2023-05-24,4.2,P,E,1,Option,510300.XSHG,510300.XSHG,XSHG,0,"09:31-11:30,13:01-15:00",10005294
10005295,510300P2305M04300,300ETF沽5月4300,10000,2023-03-23,2023-05-24,2023-05-24,4.3,P,E,1,Option,510300.XSHG,510300.XSHG,XSHG,0,"09:31-11:30,13:01-15:00",10005295
10005296,510300P2305M04400,300ETF沽5月4400,10000,2023-03-23,2023-05-24,2023-05-24,4.4,P,E,1,Option,510300.XSHG,510300.XSHG,XSHG,0,"09:31-11:30,13:01-15:00",10005296
10005315,510300C2305M04500,300ETF购5月4500,10000,2023-04-03,2023-05-24,2023-05-24,4.5,C,E,1,Option,510300.XSHG,510300.XSHG,XSHG,0,"09:31-11:30,13:01-15:00",10005315
10005316,510300P2305M04500,300ETF沽5月4500,10000,2023-04-03,2023-05-24,2023-05-24,4.5,P,E,1,Option,510300.XSHG,510300.XSHG,XSHG,0,"09:31-11:30,13:01-15:00",10005316
10005323,510300C2304M04600,300ETF购4月4600,10000,2023-04-19,2023-04-26,2023-04-26,4.6,C,E,1,Option,510300.XSHG,510300.XSHG,XSHG,0,"09:31-11:30,13:01-15:00",10005323
10005324,510300P2304M04600,300ETF沽4月4600,10000,2023-04-19,2023-04-26,2023-04-26,4.6,P,E,1,Option,510300.XSHG,510300.XSHG,XSHG,0,"09:31-11:30,13:01-15:00",10005324
10005325,510300C2305M04600,300ETF购5月4600,10000,2023-04-19,2023-05-24,2023-05-24,4.6,C,E,1,Option,510300.XSHG,510300.XSHG,XSHG,0,"09:31-11:30,13:01-15:00",10005325
10005326,510300P2305M04600,300ETF沽5月4600,10000,2023-04-19,2023-05-24,2023-05-24,4.6,P,E,1,Option,510300.XSHG,510300.XSHG,XSHG,0,"09:31-11:30,13:01-15:00",10005326
10005347,510300C2312M03600,300ETF购12月3600,10000,2023-04-27,2023-12-27,2023-12-27,3.6,C,E,1,Option,510300.XSHG,510300.XSHG,XSHG,0,"09:31-11:30,13:01-15:00",10005347
10005348,510300C2312M03700,300ETF购12月3700,10000,2023-04-27,2023-12-27,2023-12-27,3.7,C,E,1,Option,510300.XSHG,510300.XSHG,XSHG,0,"09:31-11:30,13:01-15:00",10005348
10005349,510300C2312M03800,300ETF购12月3800,10000,2023-04-27,2023-12-27,2023-12-27,3.8,C,E,1,Option,510300.XSHG,510300.XSHG,XSHG,0,"09:31-11:30,13:01-15:00",10005349
10005350,510300C2312M03900,300ETF购12月3900,10000,2023-04-27,2023-12-27,2023-12-27,3.9,C,E,1,Option,510300.XSHG,510300.XSHG,XSHG,0,"09:31-11:30,13:01-15:00",10005350
10005351,510300C2312M04000,300ETF购12月4000,10000,2023-04-27,2023-12-27,2023-12-27,4.0,C,E,1,Option,510300.XSHG,510300.XSHG,XSHG,0,"09:31-11:30,13:01-15:00",10005351
10005352,510300C2312M04100,300ETF购12月4100,10000,2023-04-27,2023-12-27,2023-12-27,4.1,C,E,1,Option,510300.XSHG,510300.XSHG,XSHG,0,"09:31-11:30,13:01-15:00",10005352
10005353,510300C2312M04200,300ETF购12月4200,10000,2023-04-27,2023-12-27,2023-12-27,4.2,C,E,1,Option,510300.XSHG,510300.XSHG,XSHG,0,"09:31-11:30,13:01-15:00",10005353
10005354,510300C2312M04300,300ETF购12月4300,10000,2023-04-27,2023-12-27,2023-12-27,4.3,C,E,1,Option,510300.XSHG,510300.XSHG,XSHG,0,"09:31-11:30,13:01-15:00",10005354
10005355,510300C2312M04400,300ETF购12月4400,10000,2023-04-27,2023-12-27,2023-12-27,4.4,C,E,1,Option,510300.XSHG,510300.XSHG,XSHG,0,"09:31-11:30,13:01-15:00",10005355
10005356,510300P2312M03600,300ETF沽12月3600,10000,2023-04-27,2023-12-27,2023-12-27,3.6,P,E,1,Option,510300.XSHG,510300.XSHG,XSHG,0,"09:31-11:30,13:01-15:00",10005356
10005357,510300P2312M03700,300ETF沽12月3700,10000,2023-04-27,2023-12-27,2023-12-27,3.7,P,E,1,Option,510300.XSHG,510300.XSHG,XSHG,0,"09:31-11:30,13:01-15:00",10005357
10005358,510300P2312M03800,300ETF沽12月3800,10000,2023-04-27,2023-12-27,2023-12-27,3.8,P,E,1,Option,510300.XSHG,510300.XSHG,XSHG,0,"09:31-11:30,13:01-15:00",10005358
10005359,510300P2312M03900,300ETF沽12月3900,10000,2023-04-27,2023-12-27,2023-12-27,3.9,P,E,1,Option,510300.XSHG,510300.XSHG,XSHG,0,"09:31-11:30,13:01-15:00",10005359
10005360,510300P2312M04000,300ETF沽12月4000,10000,2023-04-27,2023-12-27,2023-12-27,4.0,P,E,1,Option,510300.XSHG,510300.XSHG,XSHG,0,"09:31-11:30,13:01-15:00",10005360
10005361,510300P2312M04100,300ETF沽12月4100,10000,2023-04-27,2023-12-27,2023-12-27,4.1,P,E,1,Option,510300.XSHG,510300.XSHG,XSHG,0,"09:31-11:30,13:01-15:00",10005361
10005362,510300P2312M04200,300ETF沽12月4200,10000,2023-04-27,2023-12-27,2023-12-27,4.2,P,E,1,Option,510300.XSHG,510300.XSHG,XSHG,0,"09:31-11:30,13:01-15:00",10005362
10005363,510300P2312M04300,300ETF沽12月4300,10000,2023-04-27,2023-12-27,2023-12-27,4.3,P,E,1,Option,510300.XSHG,510300.XSHG,XSHG,0,"09:31-11:30,13:01-15:00",10005363
10005364,510300P2312M04400,300ETF沽12月4400,10000,2023-04-27,2023-12-27,2023-12-27,4.4,P,E,1,Option,510300.XSHG,510300.XSHG,XSHG,0,"09:31-11:30,13:01-15:00",10005364
10005387,510300C2312M04500,300ETF购12月4500,10000,2023-05-09,2023-12-27,2023-12-27,4.5,C,E,1,Option,510300.XSHG,510300.XSHG,XSHG,0,"09:31-11:30,13:01-15:00",10005387
10005388,510300P2312M04500,300ETF沽12月4500,10000,2023-05-09,2023-12-27,2023-12-27,4.5,P,E,1,Option,510300.XSHG,510300.XSHG,XSHG,0,"09:31-11:30,13:01-15:00",10005388
10005389,510300C2305M03500,300ETF购5月3500,10000,2023-05-15,2023-05-24,2023-05-24,3.5,C,E,1,Option,510300.XSHG,510300.XSHG,XSHG,0,"09:31-11:30,13:01-15:00",10005389
10005390,510300P2305M03500,300ETF沽5月3500,10000,2023-05-15,2023-05-24,2023-05-24,3.5,P,E,1,Option,510300.XSHG,510300.XSHG,XSHG,0,"09:31-11:30,13:01-15:00",10005390
10005391,510300C2312M03500,300ETF购12月3500,10000,2023-05-15,2023-12-27,2023-12-27,3.5,C,E,1,Option,510300.XSHG,510300.XSHG,XSHG,0,"09:31-11:30,13:01-15:00",10005391
10005392,510300P2312M03500,300ETF沽12月3500,10000,2023-05-15,2023-12-27,2023-12-27,3.5,P,E,1,Option,510300.XSHG,510300.XSHG,XSHG,0,"09:31-11:30,13:01-15:00",10005392
10005417,510300C2307M03500,300ETF购7月3500,10000,2023-05-25,2023-07-26,2023-07-26,3.5,C,E,1,Option,510300.XSHG,510300.XSHG,XSHG,0,"09:31-11:30,13:01-15:00",10005417
10005418,510300C2307M03600,300ETF购7月3600,10000,2023-05-25,2023-07-26,2023-07-26,3.6,C,E,1,Option,510300.XSHG,510300.XSHG,XSHG,0,"09:31-11:30,13:01-15:00",10005418
10005419,510300C2307M03700,300ETF购7月3700,10000,2023-05-25,2023-07-26,2023-07-26,3.7,C,E,1,Option,510300.XSHG,510300.XSHG,XSHG,0,"09:31-11:30,13:01-15:00",10005419
10005420,510300C2307M03800,300ETF购7月3800,10000,2023-05-25,2023-07-26,2023-07-26,3.8,C,E,1,Option,510300.XSHG,510300.XSHG,XSHG,0,"09:31-11:30,13:01-15:00",10005420
10005421,510300C2307M03900,300ETF购7月3900,10000,2023-05-25,2023-07-26,2023-07-26,3.9,C,E,1,Option,510300.XSHG,510300.XSHG,XSHG,0,"09:31-11:30,13:01-15:00",10005421
10005422,510300C2307M04000,300ETF购7月4000,10000,2023-05-25,2023-07-26,2023-07-26,4.0,C,E,1,Option,510300.XSHG,510300.XSHG,XSHG,0,"09:31-11:30,13:01-15:00",10005422
10005423,510300C2307M04100,300ETF购7月4100,10000,2023-05-25,2023-07-26,2023-07-26,4.1,C,E,1,Option,510300.XSHG,510300.XSHG,XSHG,0,"09:31-11:30,13:01-15:00",10005423
10005424,510300C2307M04200,300ETF购7月4200,10000,2023-05-25,2023-07-26,2023-07-26,4.2,C,E,1,Option,510300.XSHG,510300.XSHG,XSHG,0,"09:31-11:30,13:01-15:00",10005424
10005425,510300C2307M04300,300ETF购7月4300,10000,2023-05-25,2023-07-26,2023-07-26,4.3,C,E,1,Option,510300.XSHG,510300.XSHG,XSHG,0,"09:31-11:30,13:01-15:00",10005425
10005426,510300P2307M03500,300ETF沽7月3500,10000,2023-05-25,2023-07-26,2023-07-26,3.5,P,E,1,Option,510300.XSHG,510300.XSHG,XSHG,0,"09:31-11:30,13:01-15:00",10005426
10005427,510300P2307M03600,300ETF沽7月3600,10000,2023-05-25,2023-07-26,2023-07-26,3.6,P,E,1,Option,510300.XSHG,510300.XSHG,XSHG,0,"09:31-11:30,13:01-15:00",10005427
10005428,510300P2307M03700,300ETF沽7月3700,10000,2023-05-25,2023-07-26,2023-07-26,3.7,P,E,1,Option,510300.XSHG,510300.XSHG,XSHG,0,"09:31-11:30,13:01-15:00",10005428
10005429,510300P2307M03800,300ETF沽7月3800,10000,2023-05-25,2023-07-26,2023-07-26,3.8,P,E,1,Option,510300.XSHG,510300.XSHG,XSHG,0,"09:31-11:30,13:01-15:00",10005429
10005430,510300P2307M03900,300ETF沽7月3900,10000,2023-05-25,2023-07-26,2023-07-26,3.9,P,E,1,Option,510300.XSHG,510300.XSHG,XSHG,0,"09:31-11:30,13:01-15:00",10005430
10005431,510300P2307M04000,300ETF沽7月4000,10000,2023-05-25,2023-07-26,2023-07-26,4.0,P,E,1,Option,510300.XSHG,510300.XSHG,XSHG,0,"09:31-11:30,13:01-15:00",10005431
10005432,510300P2307M04100,300ETF沽7月4100,10000,2023-05-25,2023-07-26,2023-07-26,4.1,P,E,1,Option,510300.XSHG,510300.XSHG,XSHG,0,"09:31-11:30,13:01-15:00",10005432
10005433,510300P2307M04200,300ETF沽7月4200,10000,2023-05-25,2023-07-26,2023-07-26,4.2,P,E,1,Option,510300.XSHG,510300.XSHG,XSHG,0,"09:31-11:30,13:01-15:00",10005433
10005434,510300P2307M04300,300ETF沽7月4300,10000,2023-05-25,2023-07-26,2023-07-26,4.3,P,E,1,Option,510300.XSHG,510300.XSHG,XSHG,0,"09:31-11:30,13:01-15:00",10005434
10005461,510300C2306M03400,300ETF购6月3400,10000,2023-05-26,2023-06-28,2023-06-28,3.4,C,E,1,Option,510300.XSHG,510300.XSHG,XSHG,0,"09:31-11:30,13:01-15:00",10005461
10005462,510300P2306M03400,300ETF沽6月3400,10000,2023-05-26,2023-06-28,2023-06-28,3.4,P,E,1,Option,510300.XSHG,510300.XSHG,XSHG,0,"09:31-11:30,13:01-15:00",10005462
10005463,510300C2307M03400,300ETF购7月3400,10000,2023-05-26,2023-07-26,2023-07-26,3.4,C,E,1,Option,510300.XSHG,510300.XSHG,XSHG,0,"09:31-11:30,13:01-15:00",10005463
10005464,510300P2307M03400,300ETF沽7月3400,10000,2023-05-26,2023-07-26,2023-07-26,3.4,P,E,1,Option,510300.XSHG,510300.XSHG,XSHG,0,"09:31-11:30,13:01-15:00",10005464
10005465,510300C2309M03400,300ETF购9月3400,10000,2023-05-26,2023-09-27,2023-09-27,3.4,C,E,1,Option,510300.XSHG,510300.XSHG,XSHG,0,"09:31-11:30,13:01-15:00",10005465
10005466,510300P2309M03400,300ETF沽9月3400,10000,2023-05-26,2023-09-27,2023-09-27,3.4,P,E,1,Option,510300.XSHG,510300.XSHG,XSHG,0,"09:31-11:30,13:01-15:00",10005466
10005467,510300C2312M03400,300ETF购12月3400,10000,2023-05-26,2023-12-27,2023-12-27,3.4,C,E,1,Option,510300.XSHG,510300.XSHG,XSHG,0,"09:31-11:30,13:01-15:00",10005467
10005468,510300P2312M03400,300ETF沽12月3400,10000,2023-05-26,2023-12-27,2023-12-27,3.4,P,E,1,Option,510300.XSHG,510300.XSHG,XSHG,0,"09:31-11:30,13:01-15:00",10005468
10005641,510300C2307M04400,300ETF购7月4400,10000,2023-06-19,2023-07-26,2023-07-26,4.4,C,E,1,Option,510300.XSHG,510300.XSHG,XSHG,0,"09:31-11:30,13:01-15:00",10005641
10005642,510300P2307M04400,300ETF沽7月4400,10000,2023-06-19,2023-07-26,2023-07-26,4.4,P,E,1,Option,510300.XSHG,510300.XSHG,XSHG,0,"09:31-11:30,13:01-15:00",10005642
10005661,510300C2308M03500,300ETF购8月3500,10000,2023-06-29,2023-08-23,2023-08-23,3.5,C,E,1,Option,510300.XSHG,510300.XSHG,XSHG,0,"09:31-11:30,13:01-15:00",10005661
10005662,510300C2308M03600,300ETF购8月3600,10000,2023-06-29,2023-08-23,2023-08-23,3.6,C,E,1,Option,510300.XSHG,510300.XSHG,XSHG,0,"09:31-11:30,13:01-15:00",10005662
10005663,510300C2308M03700,300ETF购8月3700,10000,2023-06-29,2023-08-23,2023-08-23,3.7,C,E,1,Option,510300.XSHG,510300.XSHG,XSHG,0,"09:31-11:30,13:01-15:00",10005663
10005664,510300C2308M03800,300ETF购8月3800,10000,2023-06-29,2023-08-23,2023-08-23,3.8,C,E,1,Option,510300.XSHG,510300.XSHG,XSHG,0,"09:31-11:30,13:01-15:00",10005664
10005665,510300C2308M03900,300ETF购8月3900,10000,2023-06-29,2023-08-23,2023-08-23,3.9,C,E,1,Option,510300.XSHG,510300.XSHG,XSHG,0,"09:31-11:30,13:01-15:00",10005665
10005666,510300C2308M04000,300ETF购8月4000,10000,2023-06-29,2023-08-23,2023-08-23,4.0,C,E,1,Option,510300.XSHG,510300.XSHG,XSHG,0,"09:31-11:30,13:01-15:00",10005666
10005667,510300C2308M04100,300ETF购8月4100,10000,2023-06-29,2023-08-23,2023-08-23,4.1,C,E,1,Option,510300.XSHG,510300.XSHG,XSHG,0,"09:31-11:30,13:01-15:00",10005667
10005668,510300C2308M04200,300ETF购8月4200,10000,2023-06-29,2023-08-23,2023-08-23,4.2,C,E,1,Option,510300.XSHG,510300.XSHG,XSHG,0,"09:31-11:30,13:01-15:00",10005668
10005669,510300C2308M04300,300ETF购8月4300,10000,2023-06-29,2023-08-23,2023-08-23,4.3,C,E,1,Option,510300.XSHG,510300.XSHG,XSHG,0,"09:31-11:30,13:01-15:00",10005669
10005670,510300P2308M03500,300ETF沽8月3500,10000,2023-06-29,2023-08-23,2023-08-23,3.5,P,E,1,Option,510300.XSHG,510300.XSHG,XSHG,0,"09:31-11:30,13:01-15:00",10005670
10005671,510300P2308M03600,300ETF沽8月3600,10000,2023-06-29,2023-08-23,2023-08-23,3.6,P,E,1,Option,510300.XSHG,510300.XSHG,XSHG,0,"09:31-11:30,13:01-15:00",10005671
10005672,510300P2308M03700,300ETF沽8月3700,10000,2023-06-29,2023-08-23,2023-08-23,3.7,P,E,1,Option,510300.XSHG,510300.XSHG,XSHG,0,"09:31-11:30,13:01-15:00",10005672
10005673,510300P2308M03800,300ETF沽8月3800,10000,2023-06-29,2023-08-23,2023-08-23,3.8,P,E,1,Option,510300.XSHG,510300.XSHG,XSHG,0,"09:31-11:30,13:01-15:00",10005673
10005674,510300P2308M03900,300ETF沽8月3900,10000,2023-06-29,2023-08-23,2023-08-23,3.9,P,E,1,Option,510300.XSHG,510300.XSHG,XSHG,0,"09:31-11:30,13:01-15:00",10005674
10005675,510300P2308M04000,300ETF沽8月4000,10000,2023-06-29,2023-08-23,2023-08-23,4.0,P,E,1,Option,510300.XSHG,510300.XSHG,XSHG,0,"09:31-11:30,13:01-15:00",10005675
10005676,510300P2308M04100,300ETF沽8月4100,10000,2023-06-29,2023-08-23,2023-08-23,4.1,P,E,1,Option,510300.XSHG,510300.XSHG,XSHG,0,"09:31-11:30,13:01-15:00",10005676
10005677,510300P2308M04200,300ETF沽8月4200,10000,2023-06-29,2023-08-23,2023-08-23,4.2,P,E,1,Option,510300.XSHG,510300.XSHG,XSHG,0,"09:31-11:30,13:01-15:00",10005677
10005678,510300P2308M04300,300ETF沽8月4300,10000,2023-06-29,2023-08-23,2023-08-23,4.3,P,E,1,Option,510300.XSHG,510300.XSHG,XSHG,0,"09:31-11:30,13:01-15:00",10005678
10005745,510300C2308M04400,300ETF购8月4400,10000,2023-07-14,2023-08-23,2023-08-23,4.4,C,E,1,Option,510300.XSHG,510300.XSHG,XSHG,0,"09:31-11:30,13:01-15:00",10005745
10005746,510300P2308M04400,300ETF沽8月4400,10000,2023-07-14,2023-08-23,2023-08-23,4.4,P,E,1,Option,510300.XSHG,510300.XSHG,XSHG,0,"09:31-11:30,13:01-15:00",10005746
10005783,510300C2403A03600,300ETF购3月3525A,10214,2023-07-27,2024-03-27,2024-03-27,3.525,C,E,1,Option,510300.XSHG,510300.XSHG,XSHG,0,"09:31-11:30,13:01-15:00",10005783
10005784,510300C2403A03700,300ETF购3月3622A,10214,2023-07-27,2024-03-27,2024-03-27,3.622,C,E,1,Option,510300.XSHG,510300.XSHG,XSHG,0,"09:31-11:30,13:01-15:00",10005784
10005785,510300C2403A03800,300ETF购3月3720A,10214,2023-07-27,2024-03-27,2024-03-27,3.72,C,E,1,Option,510300.XSHG,510300.XSHG,XSHG,0,"09:31-11:30,13:01-15:00",10005785
10005786,510300C2403A03900,300ETF购3月3818A,10214,2023-07-27,2024-03-27,2024-03-27,3.818,C,E,1,Option,510300.XSHG,510300.XSHG,XSHG,0,"09:31-11:30,13:01-15:00",10005786
10005787,510300C2403A04000,300ETF购3月3916A,10214,2023-07-27,2024-03-27,2024-03-27,3.916,C,E,1,Option,510300.XSHG,510300.XSHG,XSHG,0,"09:31-11:30,13:01-15:00",10005787
10005788,510300C2403A04100,300ETF购3月4014A,10214,2023-07-27,2024-03-27,2024-03-27,4.014,C,E,1,Option,510300.XSHG,510300.XSHG,XSHG,0,"09:31-11:30,13:01-15:00",10005788
10005789,510300C2403A04200,300ETF购3月4112A,10214,2023-07-27,2024-03-27,2024-03-27,4.112,C,E,1,Option,510300.XSHG,510300.XSHG,XSHG,0,"09:31-11:30,13:01-15:00",10005789
10005790,510300C2403A04300,300ETF购3月4210A,10214,2023-07-27,2024-03-27,2024-03-27,4.21,C,E,1,Option,510300.XSHG,510300.XSHG,XSHG,0,"09:31-11:30,13:01-15:00",10005790
10005791,510300C2403A04400,300ETF购3月4308A,10214,2023-07-27,2024-03-27,2024-03-27,4.308,C,E,1,Option,510300.XSHG,510300.XSHG,XSHG,0,"09:31-11:30,13:01-15:00",10005791
10005792,510300P2403A03600,300ETF沽3月3525A,10214,2023-07-27,2024-03-27,2024-03-27,3.525,P,E,1,Option,510300.XSHG,510300.XSHG,XSHG,0,"09:31-11:30,13:01-15:00",10005792
10005793,510300P2403A03700,300ETF沽3月3622A,10214,2023-07-27,2024-03-27,2024-03-27,3.622,P,E,1,Option,510300.XSHG,510300.XSHG,XSHG,0,"09:31-11:30,13:01-15:00",10005793
10005794,510300P2403A03800,300ETF沽3月3720A,10214,2023-07-27,2024-03-27,2024-03-27,3.72,P,E,1,Option,510300.XSHG,510300.XSHG,XSHG,0,"09:31-11:30,13:01-15:00",10005794
10005795,510300P2403A03900,300ETF沽3月3818A,10214,2023-07-27,2024-03-27,2024-03-27,3.818,P,E,1,Option,510300.XSHG,510300.XSHG,XSHG,0,"09:31-11:30,13:01-15:00",10005795
10005796,510300P2403A04000,300ETF沽3月3916A,10214,2023-07-27,2024-03-27,2024-03-27,3.916,P,E,1,Option,510300.XSHG,510300.XSHG,XSHG,0,"09:31-11:30,13:01-15:00",10005796
10005797,510300P2403A04100,300ETF沽3月4014A,10214,2023-07-27,2024-03-27,2024-03-27,4.014,P,E,1,Option,510300.XSHG,510300.XSHG,XSHG,0,"09:31-11:30,13:01-15:00",10005797
10005798,510300P2403A04200,300ETF沽3月4112A,10214,2023-07-27,2024-03-27,2024-03-27,4.112,P,E,1,Option,510300.XSHG,510300.XSHG,XSHG,0,"09:31-11:30,13:01-15:00",10005798
10005799,510300P2403A04300,300ETF沽3月4210A,10214,2023-07-27,2024-03-27,2024-03-27,4.21,P,E,1,Option,510300.XSHG,510300.XSHG,XSHG,0,"09:31-11:30,13:01-15:00",10005799
10005800,510300P2403A04400,300ETF沽3月4308A,10214,2023-07-27,2024-03-27,2024-03-27,4.308,P,E,1,Option,510300.XSHG,510300.XSHG,XSHG,0,"09:31-11:30,13:01-15:00",10005800
10005865,510300C2308M04500,300ETF购8月4500,10000,2023-07-31,2023-08-23,2023-08-23,4.5,C,E,1,Option,510300.XSHG,510300.XSHG,XSHG,0,"09:31-11:30,13:01-15:00",10005865
10005866,510300P2308M04500,300ETF沽8月4500,10000,2023-07-31,2023-08-23,2023-08-23,4.5,P,E,1,Option,510300.XSHG,510300.XSHG,XSHG,0,"09:31-11:30,13:01-15:00",10005866
10005867,510300C2403A04500,300ETF购3月4406A,10214,2023-07-31,2024-03-27,2024-03-27,4.406,C,E,1,Option,510300.XSHG,510300.XSHG,XSHG,0,"09:31-11:30,13:01-15:00",10005867
10005868,510300P2403A04500,300ETF沽3月4406A,10214,2023-07-31,2024-03-27,2024-03-27,4.406,P,E,1,Option,510300.XSHG,510300.XSHG,XSHG,0,"09:31-11:30,13:01-15:00",10005868
10005875,510300C2403A03500,300ETF购3月3427A,10214,2023-08-15,2024-03-27,2024-03-27,3.427,C,E,1,Option,510300.XSHG,510300.XSHG,XSHG,0,"09:31-11:30,13:01-15:00",10005875
10005876,510300P2403A03500,300ETF沽3月3427A,10214,2023-08-15,2024-03-27,2024-03-27,3.427,P,E,1,Option,510300.XSHG,510300.XSHG,XSHG,0,"09:31-11:30,13:01-15:00",10005876
10005895,510300C2308M03400,300ETF购8月3400,10000,2023-08-22,2023-08-23,2023-08-23,3.4,C,E,1,Option,510300.XSHG,510300.XSHG,XSHG,0,"09:31-11:30,13:01-15:00",10005895
10005896,510300P2308M03400,300ETF沽8月3400,10000,2023-08-22,2023-08-23,2023-08-23,3.4,P,E,1,Option,510300.XSHG,510300.XSHG,XSHG,0,"09:31-11:30,13:01-15:00",10005896
10005897,510300C2403A03400,300ETF购3月3329A,10214,2023-08-22,2024-03-27,2024-03-27,3.329,C,E,1,Option,510300.XSHG,510300.XSHG,XSHG,0,"09:31-11:30,13:01-15:00",10005897
10005898,510300P2403A03400,300ETF沽3月3329A,10214,2023-08-22,2024-03-27,2024-03-27,3.329,P,E,1,Option,510300.XSHG,510300.XSHG,XSHG,0,"09:31-11:30,13:01-15:00",10005898
10005931,510300C2310M03400,300ETF购10月3400,10000,2023-08-24,2023-10-25,2023-10-25,3.4,C,E,1,Option,510300.XSHG,510300.XSHG,XSHG,0,"09:31-11:30,13:01-15:00",10005931
10005932,510300C2310M03500,300ETF购10月3500,10000,2023-08-24,2023-10-25,2023-10-25,3.5,C,E,1,Option,510300.XSHG,510300.XSHG,XSHG,0,"09:31-11:30,13:01-15:00",10005932
10005933,510300C2310M03600,300ETF购10月3600,10000,2023-08-24,2023-10-25,2023-10-25,3.6,C,E,1,Option,510300.XSHG,510300.XSHG,XSHG,0,"09:31-11:30,13:01-15:00",10005933
10005934,510300C2310M03700,300ETF购10月3700,10000,2023-08-24,2023-10-25,2023-10-25,3.7,C,E,1,Option,510300.XSHG,510300.XSHG,XSHG,0,"09:31-11:30,13:01-15:00",10005934
10005935,510300C2310M03800,300ETF购10月3800,10000,2023-08-24,2023-10-25,2023-10-25,3.8,C,E,1,Option,510300.XSHG,510300.XSHG,XSHG,0,"09:31-11:30,13:01-15:00",10005935
10005936,510300C2310M03900,300ETF购10月3900,10000,2023-08-24,2023-10-25,2023-10-25,3.9,C,E,1,Option,510300.XSHG,510300.XSHG,XSHG,0,"09:31-11:30,13:01-15:00",10005936
10005937,510300C2310M04000,300ETF购10月4000,10000,2023-08-24,2023-10-25,2023-10-25,4.0,C,E,1,Option,510300.XSHG,510300.XSHG,XSHG,0,"09:31-11:30,13:01-15:00",10005937
10005938,510300C2310M04100,300ETF购10月4100,10000,2023-08-24,2023-10-25,2023-10-25,4.1,C,E,1,Option,510300.XSHG,510300.XSHG,XSHG,0,"09:31-11:30,13:01-15:00",10005938
10005939,510300C2310M04200,300ETF购10月4200,10000,2023-08-24,2023-10-25,2023-10-25,4.2,C,E,1,Option,510300.XSHG,510300.XSHG,XSHG,0,"09:31-11:30,13:01-15:00",10005939
10005940,510300P2310M03400,300ETF沽10月3400,10000,2023-08-24,2023-10-25,2023-10-25,3.4,P,E,1,Option,510300.XSHG,510300.XSHG,XSHG,0,"09:31-11:30,13:01-15:00",10005940
10005941,510300P2310M03500,300ETF沽10月3500,10000,2023-08-24,2023-10-25,2023-10-25,3.5,P,E,1,Option,510300.XSHG,510300.XSHG,XSHG,0,"09:31-11:30,13:01-15:00",10005941
10005942,510300P2310M03600,300ETF沽10月3600,10000,2023-08-24,2023-10-25,2023-10-25,3.6,P,E,1,Option,510300.XSHG,510300.XSHG,XSHG,0,"09:31-11:30,13:01-15:00",10005942
10005943,510300P2310M03700,300ETF沽10月3700,10000,2023-08-24,2023-10-25,2023-10-25,3.7,P,E,1,Option,510300.XSHG,510300.XSHG,XSHG,0,"09:31-11:30,13:01-15:00",10005943
10005944,510300P2310M03800,300ETF沽10月3800,10000,2023-08-24,2023-10-25,2023-10-25,3.8,P,E,1,Option,510300.XSHG,510300.XSHG,XSHG,0,"09:31-11:30,13:01-15:00",10005944
10005945,510300P2310M03900,300ETF沽10月3900,10000,2023-08-24,2023-10-25,2023-10-25,3.9,P,E,1,Option,510300.XSHG,510300.XSHG,XSHG,0,"09:31-11:30,13:01-15:00",10005945
10005946,510300P2310M04000,300ETF沽10月4000,10000,2023-08-24,2023-10-25,2023-10-25,4.0,P,E,1,Option,510300.XSHG,510300.XSHG,XSHG,0,"09:31-11:30,13:01-15:00",10005946
10005947,510300P2310M04100,300ETF沽10月4100,10000,2023-08-24,2023-10-25,2023-10-25,4.1,P,E,1,Option,510300.XSHG,510300.XSHG,XSHG,0,"09:31-11:30,13:01-15:00",10005947
10005948,510300P2310M04200,300ETF沽10月4200,10000,2023-08-24,2023-10-25,2023-10-25,4.2,P,E,1,Option,510300.XSHG,510300.XSHG,XSHG,0,"09:31-11:30,13:01-15:00",10005948
10006007,510300C2310M04300,300ETF购10月4300,10000,2023-08-30,2023-10-25,2023-10-25,4.3,C,E,1,Option,510300.XSHG,510300.XSHG,XSHG,0,"09:31-11:30,13:01-15:00",10006007
10006008,510300P2310M04300,300ETF沽10月4300,10000,2023-08-30,2023-10-25,2023-10-25,4.3,P,E,1,Option,510300.XSHG,510300.XSHG,XSHG,0,"09:31-11:30,13:01-15:00",10006008
10006017,510300C2309M03300,300ETF购9月3300,10000,2023-09-22,2023-09-27,2023-09-27,3.3,C,E,1,Option,510300.XSHG,510300.XSHG,XSHG,0,"09:31-11:30,13:01-15:00",10006017
10006018,510300P2309M03300,300ETF沽9月3300,10000,2023-09-22,2023-09-27,2023-09-27,3.3,P,E,1,Option,510300.XSHG,510300.XSHG,XSHG,0,"09:31-11:30,13:01-15:00",10006018
10006019,510300C2310M03300,300ETF购10月3300,10000,2023-09-22,2023-10-25,2023-10-25,3.3,C,E,1,Option,510300.XSHG,510300.XSHG,XSHG,0,"09:31-11:30,13:01-15:00",10006019
10006020,510300P2310M03300,300ETF沽10月3300,10000,2023-09-22,2023-10-25,2023-10-25,3.3,P,E,1,Option,510300.XSHG,510300.XSHG,XSHG,0,"09:31-11:30,13:01-15:00",10006020
10006021,510300C2312M03300,300ETF购12月3300,10000,2023-09-22,2023-12-27,2023-12-27,3.3,C,E,1,Option,510300.XSHG,510300.XSHG,XSHG,0,"09:31-11:30,13:01-15:00",10006021
10006022,510300P2312M03300,300ETF沽12月3300,10000,2023-09-22,2023-12-27,2023-12-27,3.3,P,E,1,Option,510300.XSHG,510300.XSHG,XSHG,0,"09:31-11:30,13:01-15:00",10006022
10006023,510300C2403A03300,300ETF购3月3231A,10214,2023-09-22,2024-03-27,2024-03-27,3.231,C,E,1,Option,510300.XSHG,510300.XSHG,XSHG,0,"09:31-11:30,13:01-15:00",10006023
10006024,510300P2403A03300,300ETF沽3月3231A,10214,2023-09-22,2024-03-27,2024-03-27,3.231,P,E,1,Option,510300.XSHG,510300.XSHG,XSHG,0,"09:31-11:30,13:01-15:00",10006024
10006043,510300C2311M03400,300ETF购11月3400,10000,2023-09-28,2023-11-22,2023-11-22,3.4,C,E,1,Option,510300.XSHG,510300.XSHG,XSHG,0,"09:31-11:30,13:01-15:00",10006043
10006044,510300C2311M03500,300ETF购11月3500,10000,2023-09-28,2023-11-22,2023-11-22,3.5,C,E,1,Option,510300.XSHG,510300.XSHG,XSHG,0,"09:31-11:30,13:01-15:00",10006044
10006045,510300C2311M03600,300ETF购11月3600,10000,2023-09-28,2023-11-22,2023-11-22,3.6,C,E,1,Option,510300.XSHG,510300.XSHG,XSHG,0,"09:31-11:30,13:01-15:00",10006045
10006046,510300C2311M03700,300ETF购11月3700,10000,2023-09-28,2023-11-22,2023-11-22,3.7,C,E,1,Option,510300.XSHG,510300.XSHG,XSHG,0,"09:31-11:30,13:01-15:00",10006046
10006047,510300C2311M03800,300ETF购11月3800,10000,2023-09-28,2023-11-22,2023-11-22,3.8,C,E,1,Option,510300.XSHG,510300.XSHG,XSHG,0,"09:31-11:30,13:01-15:00",10006047
10006048,510300C2311M03900,300ETF购11月3900,10000,2023-09-28,2023-11-22,2023-11-22,3.9,C,E,1,Option,510300.XSHG,510300.XSHG,XSHG,0,"09:31-11:30,13:01-15:00",10006048
10006049,510300C2311M04000,300ETF购11月4000,10000,2023-09-28,2023-11-22,2023-11-22,4.0,C,E,1,Option,510300.XSHG,510300.XSHG,XSHG,0,"09:31-11:30,13:01-15:00",10006049
10006050,510300C2311M04100,300ETF购11月4100,10000,2023-09-28,2023-11-22,2023-11-22,4.1,C,E,1,Option,510300.XSHG,510300.XSHG,XSHG,0,"09:31-11:30,13:01-15:00",10006050
10006051,510300C2311M04200,300ETF购11月4200,10000,2023-09-28,2023-11-22,2023-11-22,4.2,C,E,1,Option,510300.XSHG,510300.XSHG,XSHG,0,"09:31-11:30,13:01-15:00",10006051
10006052,510300P2311M03400,300ETF沽11月3400,10000,2023-09-28,2023-11-22,2023-11-22,3.4,P,E,1,Option,510300.XSHG,510300.XSHG,XSHG,0,"09:31-11:30,13:01-15:00",10006052
10006053,510300P2311M03500,300ETF沽11月3500,10000,2023-09-28,2023-11-22,2023-11-22,3.5,P,E,1,Option,510300.XSHG,510300.XSHG,XSHG,0,"09:31-11:30,13:01-15:00",10006053
10006054,510300P2311M03600,300ETF沽11月3600,10000,2023-09-28,2023-11-22,2023-11-22,3.6,P,E,1,Option,510300.XSHG,510300.XSHG,XSHG,0,"09:31-11:30,13:01-15:00",10006054
10006055,510300P2311M03700,300ETF沽11月3700,10000,2023-09-28,2023-11-22,2023-11-22,3.7,P,E,1,Option,510300.XSHG,510300.XSHG,XSHG,0,"09:31-11:30,13:01-15:00",10006055
10006056,510300P2311M03800,300ETF沽11月3800,10000,2023-09-28,2023-11-22,2023-11-22,3.8,P,E,1,Option,510300.XSHG,510300.XSHG,XSHG,0,"09:31-11:30,13:01-15:00",10006056
10006057,510300P2311M03900,300ETF沽11月3900,10000,2023-09-28,2023-11-22,2023-11-22,3.9,P,E,1,Option,510300.XSHG,510300.XSHG,XSHG,0,"09:31-11:30,13:01-15:00",10006057
10006058,510300P2311M04000,300ETF沽11月4000,10000,2023-09-28,2023-11-22,2023-11-22,4.0,P,E,1,Option,510300.XSHG,510300.XSHG,XSHG,0,"09:31-11:30,13:01-15:00",10006058
10006059,510300P2311M04100,300ETF沽11月4100,10000,2023-09-28,2023-11-22,2023-11-22,4.1,P,E,1,Option,510300.XSHG,510300.XSHG,XSHG,0,"09:31-11:30,13:01-15:00",10006059
10006060,510300P2311M04200,300ETF沽11月4200,10000,2023-09-28,2023-11-22,2023-11-22,4.2,P,E,1,Option,510300.XSHG,510300.XSHG,XSHG,0,"09:31-11:30,13:01-15:00",10006060
10006117,510300C2311M03300,300ETF购11月3300,10000,2023-10-11,2023-11-22,2023-11-22,3.3,C,E,1,Option,510300.XSHG,510300.XSHG,XSHG,0,"09:31-11:30,13:01-15:00",10006117
10006118,510300P2311M03300,300ETF沽11月3300,10000,2023-10-11,2023-11-22,2023-11-22,3.3,P,E,1,Option,510300.XSHG,510300.XSHG,XSHG,0,"09:31-11:30,13:01-15:00",10006118
10006135,510300C2310M03200,300ETF购10月3200,10000,2023-10-20,2023-10-25,2023-10-25,3.2,C,E,1,Option,510300.XSHG,510300.XSHG,XSHG,0,"09:31-11:30,13:01-15:00",10006135
10006136,510300P2310M03200,300ETF沽10月3200,10000,2023-10-20,2023-10-25,2023-10-25,3.2,P,E,1,Option,510300.XSHG,510300.XSHG,XSHG,0,"09:31-11:30,13:01-15:00",10006136
10006137,510300C2311M03200,300ETF购11月3200,10000,2023-10-20,2023-11-22,2023-11-22,3.2,C,E,1,Option,510300.XSHG,510300.XSHG,XSHG,0,"09:31-11:30,13:01-15:00",10006137
10006138,510300P2311M03200,300ETF沽11月3200,10000,2023-10-20,2023-11-22,2023-11-22,3.2,P,E,1,Option,510300.XSHG,510300.XSHG,XSHG,0,"09:31-11:30,13:01-15:00",10006138
10006139,510300C2312M03200,300ETF购12月3200,10000,2023-10-20,2023-12-27,2023-12-27,3.2,C,E,1,Option,510300.XSHG,510300.XSHG,XSHG,0,"09:31-11:30,13:01-15:00",10006139
10006140,510300P2312M03200,300ETF沽12月3200,10000,2023-10-20,2023-12-27,2023-12-27,3.2,P,E,1,Option,510300.XSHG,510300.XSHG,XSHG,0,"09:31-11:30,13:01-15:00",10006140
10006141,510300C2403A03200,300ETF购3月3133A,10214,2023-10-20,2024-03-27,2024-03-27,3.133,C,E,1,Option,510300.XSHG,510300.XSHG,XSHG,0,"09:31-11:30,13:01-15:00",10006141
10006142,510300P2403A03200,300ETF沽3月3133A,10214,2023-10-20,2024-03-27,2024-03-27,3.133,P,E,1,Option,510300.XSHG,510300.XSHG,XSHG,0,"09:31-11:30,13:01-15:00",10006142
10006151,510300C2310M03100,300ETF购10月3100,10000,2023-10-24,2023-10-25,2023-10-25,3.1,C,E,1,Option,510300.XSHG,510300.XSHG,XSHG,0,"09:31-11:30,13:01-15:00",10006151
10006152,510300P2310M03100,300ETF沽10月3100,10000,2023-10-24,2023-10-25,2023-10-25,3.1,P,E,1,Option,510300.XSHG,510300.XSHG,XSHG,0,"09:31-11:30,13:01-15:00",10006152
10006153,510300C2311M03100,300ETF购11月3100,10000,2023-10-24,2023-11-22,2023-11-22,3.1,C,E,1,Option,510300.XSHG,510300.XSHG,XSHG,0,"09:31-11:30,13:01-15:00",10006153
10006154,510300P2311M03100,300ETF沽11月3100,10000,2023-10-24,2023-11-22,2023-11-22,3.1,P,E,1,Option,510300.XSHG,510300.XSHG,XSHG,0,"09:31-11:30,13:01-15:00",10006154
10006155,510300C2312M03100,300ETF购12月3100,10000,2023-10-24,2023-12-27,2023-12-27,3.1,C,E,1,Option,510300.XSHG,510300.XSHG,XSHG,0,"09:31-11:30,13:01-15:00",10006155
10006156,510300P2312M03100,300ETF沽12月3100,10000,2023-10-24,2023-12-27,2023-12-27,3.1,P,E,1,Option,510300.XSHG,510300.XSHG,XSHG,0,"09:31-11:30,13:01-15:00",10006156
10006157,510300C2403A03100,300ETF购3月3035A,10214,2023-10-24,2024-03-27,2024-03-27,3.035,C,E,1,Option,510300.XSHG,510300.XSHG,XSHG,0,"09:31-11:30,13:01-15:00",10006157
10006158,510300P2403A03100,300ETF沽3月3035A,10214,2023-10-24,2024-03-27,2024-03-27,3.035,P,E,1,Option,510300.XSHG,510300.XSHG,XSHG,0,"09:31-11:30,13:01-15:00",10006158
10006185,510300C2406A03200,300ETF购6月3133A,10214,2023-10-26,2024-06-26,2024-06-26,3.133,C,E,1,Option,510300.XSHG,510300.XSHG,XSHG,0,"09:31-11:30,13:01-15:00",10006185
10006186,510300C2406A03300,300ETF购6月3231A,10214,2023-10-26,2024-06-26,2024-06-26,3.231,C,E,1,Option,510300.XSHG,510300.XSHG,XSHG,0,"09:31-11:30,13:01-15:00",10006186
10006187,510300C2406A03400,300ETF购6月3329A,10214,2023-10-26,2024-06-26,2024-06-26,3.329,C,E,1,Option,510300.XSHG,510300.XSHG,XSHG,0,"09:31-11:30,13:01-15:00",10006187
10006188,510300C2406A03500,300ETF购6月3427A,10214,2023-10-26,2024-06-26,2024-06-26,3.427,C,E,1,Option,510300.XSHG,510300.XSHG,XSHG,0,"09:31-11:30,13:01-15:00",10006188
10006189,510300C2406A03600,300ETF购6月3525A,10214,2023-10-26,2024-06-26,2024-06-26,3.525,C,E,1,Option,510300.XSHG,510300.XSHG,XSHG,0,"09:31-11:30,13:01-15:00",10006189
10006190,510300C2406A03700,300ETF购6月3622A,10214,2023-10-26,2024-06-26,2024-06-26,3.622,C,E,1,Option,510300.XSHG,510300.XSHG,XSHG,0,"09:31-11:30,13:01-15:00",10006190
10006191,510300C2406A03800,300ETF购6月3720A,10214,2023-10-26,2024-06-26,2024-06-26,3.72,C,E,1,Option,510300.XSHG,510300.XSHG,XSHG,0,"09:31-11:30,13:01-15:00",10006191
10006192,510300C2406A03900,300ETF购6月3818A,10214,2023-10-26,2024-06-26,2024-06-26,3.818,C,E,1,Option,510300.XSHG,510300.XSHG,XSHG,0,"09:31-11:30,13:01-15:00",10006192
10006193,510300C2406A04000,300ETF购6月3916A,10214,2023-10-26,2024-06-26,2024-06-26,3.916,C,E,1,Option,510300.XSHG,510300.XSHG,XSHG,0,"09:31-11:30,13:01-15:00",10006193
10006194,510300P2406A03200,300ETF沽6月3133A,10214,2023-10-26,2024-06-26,2024-06-26,3.133,P,E,1,Option,510300.XSHG,510300.XSHG,XSHG,0,"09:31-11:30,13:01-15:00",10006194
10006195,510300P2406A03300,300ETF沽6月3231A,10214,2023-10-26,2024-06-26,2024-06-26,3.231,P,E,1,Option,510300.XSHG,510300.XSHG,XSHG,0,"09:31-11:30,13:01-15:00",10006195
10006196,510300P2406A03400,300ETF沽6月3329A,10214,2023-10-26,2024-06-26,2024-06-26,3.329,P,E,1,Option,510300.XSHG,510300.XSHG,XSHG,0,"09:31-11:30,13:01-15:00",10006196
10006197,510300P2406A03500,300ETF沽6月3427A,10214,2023-10-26,2024-06-26,2024-06-26,3.427,P,E,1,Option,510300.XSHG,510300.XSHG,XSHG,0,"09:31-11:30,13:01-15:00",10006197
10006198,510300P2406A03600,300ETF沽6月3525A,10214,2023-10-26,2024-06-26,2024-06-26,3.525,P,E,1,Option,510300.XSHG,510300.XSHG,XSHG,0,"09:31-11:30,13:01-15:00",10006198
10006199,510300P2406A03700,300ETF沽6月3622A,10214,2023-10-26,2024-06-26,2024-06-26,3.622,P,E,1,Option,510300.XSHG,510300.XSHG,XSHG,0,"09:31-11:30,13:01-15:00",10006199
10006200,510300P2406A03800,300ETF沽6月3720A,10214,2023-10-26,2024-06-26,2024-06-26,3.72,P,E,1,Option,510300.XSHG,510300.XSHG,XSHG,0,"09:31-11:30,13:01-15:00",10006200
10006201,510300P2406A03900,300ETF沽6月3818A,10214,2023-10-26,2024-06-26,2024-06-26,3.818,P,E,1,Option,510300.XSHG,510300.XSHG,XSHG,0,"09:31-11:30,13:01-15:00",10006201
10006202,510300P2406A04000,300ETF沽6月3916A,10214,2023-10-26,2024-06-26,2024-06-26,3.916,P,E,1,Option,510300.XSHG,510300.XSHG,XSHG,0,"09:31-11:30,13:01-15:00",10006202
10006261,510300C2406A04100,300ETF购6月4014A,10214,2023-10-31,2024-06-26,2024-06-26,4.014,C,E,1,Option,510300.XSHG,510300.XSHG,XSHG,0,"09:31-11:30,13:01-15:00",10006261
10006262,510300P2406A04100,300ETF沽6月4014A,10214,2023-10-31,2024-06-26,2024-06-26,4.014,P,E,1,Option,510300.XSHG,510300.XSHG,XSHG,0,"09:31-11:30,13:01-15:00",10006262
10006291,510300C2401A03200,300ETF购1月3133A,10214,2023-11-23,2024-01-24,2024-01-24,3.133,C,E,1,Option,510300.XSHG,510300.XSHG,XSHG,0,"09:31-11:30,13:01-15:00",10006291
10006292,510300C2401A03300,300ETF购1月3231A,10214,2023-11-23,2024-01-24,2024-01-24,3.231,C,E,1,Option,510300.XSHG,510300.XSHG,XSHG,0,"09:31-11:30,13:01-15:00",10006292
10006293,510300C2401A03400,300ETF购1月3329A,10214,2023-11-23,2024-01-24,2024-01-24,3.329,C,E,1,Option,510300.XSHG,510300.XSHG,XSHG,0,"09:31-11:30,13:01-15:00",10006293
10006294,510300C2401A03500,300ETF购1月3427A,10214,2023-11-23,2024-01-24,2024-01-24,3.427,C,E,1,Option,510300.XSHG,510300.XSHG,XSHG,0,"09:31-11:30,13:01-15:00",10006294
10006295,510300C2401A03600,300ETF购1月3525A,10214,2023-11-23,2024-01-24,2024-01-24,3.525,C,E,1,Option,510300.XSHG,510300.XSHG,XSHG,0,"09:31-11:30,13:01-15:00",10006295
10006296,510300C2401A03700,300ETF购1月3622A,10214,2023-11-23,2024-01-24,2024-01-24,3.622,C,E,1,Option,510300.XSHG,510300.XSHG,XSHG,0,"09:31-11:30,13:01-15:00",10006296
10006297,510300C2401A03800,300ETF购1月3720A,10214,2023-11-23,2024-01-24,2024-01-24,3.72,C,E,1,Option,510300.XSHG,510300.XSHG,XSHG,0,"09:31-11:30,13:01-15:00",10006297
10006298,510300C2401A03900,300ETF购1月3818A,10214,2023-11-23,2024-01-24,2024-01-24,3.818,C,E,1,Option,510300.XSHG,510300.XSHG,XSHG,0,"09:31-11:30,13:01-15:00",10006298
10006299,510300C2401A04000,300ETF购1月3916A,10214,2023-11-23,2024-01-24,2024-01-24,3.916,C,E,1,Option,510300.XSHG,510300.XSHG,XSHG,0,"09:31-11:30,13:01-15:00",10006299
10006300,510300P2401A03200,300ETF沽1月3133A,10214,2023-11-23,2024-01-24,2024-01-24,3.133,P,E,1,Option,510300.XSHG,510300.XSHG,XSHG,0,"09:31-11:30,13:01-15:00",10006300
10006301,510300P2401A03300,300ETF沽1月3231A,10214,2023-11-23,2024-01-24,2024-01-24,3.231,P,E,1,Option,510300.XSHG,510300.XSHG,XSHG,0,"09:31-11:30,13:01-15:00",10006301
10006302,510300P2401A03400,300ETF沽1月3329A,10214,2023-11-23,2024-01-24,2024-01-24,3.329,P,E,1,Option,510300.XSHG,510300.XSHG,XSHG,0,"09:31-11:30,13:01-15:00",10006302
10006303,510300P2401A03500,300ETF沽1月3427A,10214,2023-11-23,2024-01-24,2024-01-24,3.427,P,E,1,Option,510300.XSHG,510300.XSHG,XSHG,0,"09:31-11:30,13:01-15:00",10006303
10006304,510300P2401A03600,300ETF沽1月3525A,10214,2023-11-23,2024-01-24,2024-01-24,3.525,P,E,1,Option,510300.XSHG,510300.XSHG,XSHG,0,"09:31-11:30,13:01-15:00",10006304
10006305,510300P2401A03700,300ETF沽1月3622A,10214,2023-11-23,2024-01-24,2024-01-24,3.622,P,E,1,Option,510300.XSHG,510300.XSHG,XSHG,0,"09:31-11:30,13:01-15:00",10006305
10006306,510300P2401A03800,300ETF沽1月3720A,10214,2023-11-23,2024-01-24,2024-01-24,3.72,P,E,1,Option,510300.XSHG,510300.XSHG,XSHG,0,"09:31-11:30,13:01-15:00",10006306
10006307,510300P2401A03900,300ETF沽1月3818A,10214,2023-11-23,2024-01-24,2024-01-24,3.818,P,E,1,Option,510300.XSHG,510300.XSHG,XSHG,0,"09:31-11:30,13:01-15:00",10006307
10006308,510300P2401A04000,300ETF沽1月3916A,10214,2023-11-23,2024-01-24,2024-01-24,3.916,P,E,1,Option,510300.XSHG,510300.XSHG,XSHG,0,"09:31-11:30,13:01-15:00",10006308
10006445,510300C2401A03100,300ETF购1月3035A,10214,2023-12-04,2024-01-24,2024-01-24,3.035,C,E,1,Option,510300.XSHG,510300.XSHG,XSHG,0,"09:31-11:30,13:01-15:00",10006445
10006446,510300P2401A03100,300ETF沽1月3035A,10214,2023-12-04,2024-01-24,2024-01-24,3.035,P,E,1,Option,510300.XSHG,510300.XSHG,XSHG,0,"09:31-11:30,13:01-15:00",10006446
10006447,510300C2406A03100,300ETF购6月3035A,10214,2023-12-04,2024-06-26,2024-06-26,3.035,C,E,1,Option,510300.XSHG,510300.XSHG,XSHG,0,"09:31-11:30,13:01-15:00",10006447
10006448,510300P2406A03100,300ETF沽6月3035A,10214,2023-12-04,2024-06-26,2024-06-26,3.035,P,E,1,Option,510300.XSHG,510300.XSHG,XSHG,0,"09:31-11:30,13:01-15:00",10006448
10006469,510300C2312M03000,300ETF购12月3000,10000,2023-12-14,2023-12-27,2023-12-27,3.0,C,E,1,Option,510300.XSHG,510300.XSHG,XSHG,0,"09:31-11:30,13:01-15:00",10006469
10006470,510300P2312M03000,300ETF沽12月3000,10000,2023-12-14,2023-12-27,2023-12-27,3.0,P,E,1,Option,510300.XSHG,510300.XSHG,XSHG,0,"09:31-11:30,13:01-15:00",10006470
10006471,510300C2401A03000,300ETF购1月2937A,10214,2023-12-14,2024-01-24,2024-01-24,2.937,C,E,1,Option,510300.XSHG,510300.XSHG,XSHG,0,"09:31-11:30,13:01-15:00",10006471
10006472,510300P2401A03000,300ETF沽1月2937A,10214,2023-12-14,2024-01-24,2024-01-24,2.937,P,E,1,Option,510300.XSHG,510300.XSHG,XSHG,0,"09:31-11:30,13:01-15:00",10006472
10006473,510300C2403A03000,300ETF购3月2937A,10214,2023-12-14,2024-03-27,2024-03-27,2.937,C,E,1,Option,510300.XSHG,510300.XSHG,XSHG,0,"09:31-11:30,13:01-15:00",10006473
10006474,510300P2403A03000,300ETF沽3月2937A,10214,2023-12-14,2024-03-27,2024-03-27,2.937,P,E,1,Option,510300.XSHG,510300.XSHG,XSHG,0,"09:31-11:30,13:01-15:00",10006474
10006475,510300C2406A03000,300ETF购6月2937A,10214,2023-12-14,2024-06-26,2024-06-26,2.937,C,E,1,Option,510300.XSHG,510300.XSHG,XSHG,0,"09:31-11:30,13:01-15:00",10006475
10006476,510300P2406A03000,300ETF沽6月2937A,10214,2023-12-14,2024-06-26,2024-06-26,2.937,P,E,1,Option,510300.XSHG,510300.XSHG,XSHG,0,"09:31-11:30,13:01-15:00",10006476
10006519,510300C2402A03000,300ETF购2月2937A,10214,2023-12-28,2024-02-28,2024-02-28,2.937,C,E,1,Option,510300.XSHG,510300.XSHG,XSHG,0,"09:31-11:30,13:01-15:00",10006519
10006520,510300C2402A03100,300ETF购2月3035A,10214,2023-12-28,2024-02-28,2024-02-28,3.035,C,E,1,Option,510300.XSHG,510300.XSHG,XSHG,0,"09:31-11:30,13:01-15:00",10006520
10006521,510300C2402A03200,300ETF购2月3133A,10214,2023-12-28,2024-02-28,2024-02-28,3.133,C,E,1,Option,510300.XSHG,510300.XSHG,XSHG,0,"09:31-11:30,13:01-15:00",10006521
10006522,510300C2402A03300,300ETF购2月3231A,10214,2023-12-28,2024-02-28,2024-02-28,3.231,C,E,1,Option,510300.XSHG,510300.XSHG,XSHG,0,"09:31-11:30,13:01-15:00",10006522
10006523,510300C2402A03400,300ETF购2月3329A,10214,2023-12-28,2024-02-28,2024-02-28,3.329,C,E,1,Option,510300.XSHG,510300.XSHG,XSHG,0,"09:31-11:30,13:01-15:00",10006523
10006524,510300C2402A03500,300ETF购2月3427A,10214,2023-12-28,2024-02-28,2024-02-28,3.427,C,E,1,Option,510300.XSHG,510300.XSHG,XSHG,0,"09:31-11:30,13:01-15:00",10006524
10006525,510300C2402A03600,300ETF购2月3525A,10214,2023-12-28,2024-02-28,2024-02-28,3.525,C,E,1,Option,510300.XSHG,510300.XSHG,XSHG,0,"09:31-11:30,13:01-15:00",10006525
10006526,510300C2402A03700,300ETF购2月3622A,10214,2023-12-28,2024-02-28,2024-02-28,3.622,C,E,1,Option,510300.XSHG,510300.XSHG,XSHG,0,"09:31-11:30,13:01-15:00",10006526
10006527,510300C2402A03800,300ETF购2月3720A,10214,2023-12-28,2024-02-28,2024-02-28,3.72,C,E,1,Option,510300.XSHG,510300.XSHG,XSHG,0,"09:31-11:30,13:01-15:00",10006527
10006528,510300P2402A03000,300ETF沽2月2937A,10214,2023-12-28,2024-02-28,2024-02-28,2.937,P,E,1,Option,510300.XSHG,510300.XSHG,XSHG,0,"09:31-11:30,13:01-15:00",10006528
10006529,510300P2402A03100,300ETF沽2月3035A,10214,2023-12-28,2024-02-28,2024-02-28,3.035,P,E,1,Option,510300.XSHG,510300.XSHG,XSHG,0,"09:31-11:30,13:01-15:00",10006529
10006530,510300P2402A03200,300ETF沽2月3133A,10214,2023-12-28,2024-02-28,2024-02-28,3.133,P,E,1,Option,510300.XSHG,510300.XSHG,XSHG,0,"09:31-11:30,13:01-15:00",10006530
10006531,510300P2402A03300,300ETF沽2月3231A,10214,2023-12-28,2024-02-28,2024-02-28,3.231,P,E,1,Option,510300.XSHG,510300.XSHG,XSHG,0,"09:31-11:30,13:01-15:00",10006531
10006532,510300P2402A03400,300ETF沽2月3329A,10214,2023-12-28,2024-02-28,2024-02-28,3.329,P,E,1,Option,510300.XSHG,510300.XSHG,XSHG,0,"09:31-11:30,13:01-15:00",10006532
10006533,510300P2402A03500,300ETF沽2月3427A,10214,2023-12-28,2024-02-28,2024-02-28,3.427,P,E,1,Option,510300.XSHG,510300.XSHG,XSHG,0,"09:31-11:30,13:01-15:00",10006533
10006534,510300P2402A03600,300ETF沽2月3525A,10214,2023-12-28,2024-02-28,2024-02-28,3.525,P,E,1,Option,510300.XSHG,510300.XSHG,XSHG,0,"09:31-11:30,13:01-15:00",10006534
10006535,510300P2402A03700,300ETF沽2月3622A,10214,2023-12-28,2024-02-28,2024-02-28,3.622,P,E,1,Option,510300.XSHG,510300.XSHG,XSHG,0,"09:31-11:30,13:01-15:00",10006535
10006536,510300P2402A03800,300ETF沽2月3720A,10214,2023-12-28,2024-02-28,2024-02-28,3.72,P,E,1,Option,510300.XSHG,510300.XSHG,XSHG,0,"09:31-11:30,13:01-15:00",10006536
10006593,510300C2402A03900,300ETF购2月3818A,10214,2023-12-29,2024-02-28,2024-02-28,3.818,C,E,1,Option,510300.XSHG,510300.XSHG,XSHG,0,"09:31-11:30,13:01-15:00",10006593
10006594,510300P2402A03900,300ETF沽2月3818A,10214,2023-12-29,2024-02-28,2024-02-28,3.818,P,E,1,Option,510300.XSHG,510300.XSHG,XSHG,0,"09:31-11:30,13:01-15:00",10006594
10006599,510300C2401A02950,300ETF购1月2888A,10214,2024-01-09,2024-01-24,2024-01-24,2.888,C,E,1,Option,510300.XSHG,510300.XSHG,XSHG,0,"09:31-11:30,13:01-15:00",10006599
10006600,510300P2401A02950,300ETF沽1月2888A,10214,2024-01-09,2024-01-24,2024-01-24,2.888,P,E,1,Option,510300.XSHG,510300.XSHG,XSHG,0,"09:31-11:30,13:01-15:00",10006600
10006601,510300C2402A02950,300ETF购2月2888A,10214,2024-01-09,2024-02-28,2024-02-28,2.888,C,E,1,Option,510300.XSHG,510300.XSHG,XSHG,0,"09:31-11:30,13:01-15:00",10006601
10006602,510300P2402A02950,300ETF沽2月2888A,10214,2024-01-09,2024-02-28,2024-02-28,2.888,P,E,1,Option,510300.XSHG,510300.XSHG,XSHG,0,"09:31-11:30,13:01-15:00",10006602
10006603,510300C2403A02950,300ETF购3月2888A,10214,2024-01-09,2024-03-27,2024-03-27,2.888,C,E,1,Option,510300.XSHG,510300.XSHG,XSHG,0,"09:31-11:30,13:01-15:00",10006603
10006604,510300P2403A02950,300ETF沽3月2888A,10214,2024-01-09,2024-03-27,2024-03-27,2.888,P,E,1,Option,510300.XSHG,510300.XSHG,XSHG,0,"09:31-11:30,13:01-15:00",10006604
10006605,510300C2406A02950,300ETF购6月2888A,10214,2024-01-09,2024-06-26,2024-06-26,2.888,C,E,1,Option,510300.XSHG,510300.XSHG,XSHG,0,"09:31-11:30,13:01-15:00",10006605
10006606,510300P2406A02950,300ETF沽6月2888A,10214,2024-01-09,2024-06-26,2024-06-26,2.888,P,E,1,Option,510300.XSHG,510300.XSHG,XSHG,0,"09:31-11:30,13:01-15:00",10006606
10006633,510300C2401M02900,300ETF购1月2900,10000,2024-01-18,2024-01-24,2024-01-24,2.9,C,E,1,Option,510300.XSHG,510300.XSHG,XSHG,0,"09:31-11:30,13:01-15:00",10006633
10006634,510300C2401M02950,300ETF购1月2950,10000,2024-01-18,2024-01-24,2024-01-24,2.95,C,E,1,Option,510300.XSHG,510300.XSHG,XSHG,0,"09:31-11:30,13:01-15:00",10006634
10006635,510300C2401M03000,300ETF购1月3000,10000,2024-01-18,2024-01-24,2024-01-24,3.0,C,E,1,Option,510300.XSHG,510300.XSHG,XSHG,0,"09:31-11:30,13:01-15:00",10006635
10006636,510300C2401M03100,300ETF购1月3100,10000,2024-01-18,2024-01-24,2024-01-24,3.1,C,E,1,Option,510300.XSHG,510300.XSHG,XSHG,0,"09:31-11:30,13:01-15:00",10006636
10006637,510300C2401M03200,300ETF购1月3200,10000,2024-01-18,2024-01-24,2024-01-24,3.2,C,E,1,Option,510300.XSHG,510300.XSHG,XSHG,0,"09:31-11:30,13:01-15:00",10006637
10006638,510300C2401M03300,300ETF购1月3300,10000,2024-01-18,2024-01-24,2024-01-24,3.3,C,E,1,Option,510300.XSHG,510300.XSHG,XSHG,0,"09:31-11:30,13:01-15:00",10006638
10006639,510300C2401M03400,300ETF购1月3400,10000,2024-01-18,2024-01-24,2024-01-24,3.4,C,E,1,Option,510300.XSHG,510300.XSHG,XSHG,0,"09:31-11:30,13:01-15:00",10006639
10006640,510300C2401M03500,300ETF购1月3500,10000,2024-01-18,2024-01-24,2024-01-24,3.5,C,E,1,Option,510300.XSHG,510300.XSHG,XSHG,0,"09:31-11:30,13:01-15:00",10006640
10006641,510300C2401M03600,300ETF购1月3600,10000,2024-01-18,2024-01-24,2024-01-24,3.6,C,E,1,Option,510300.XSHG,510300.XSHG,XSHG,0,"09:31-11:30,13:01-15:00",10006641
10006642,510300P2401M02900,300ETF沽1月2900,10000,2024-01-18,2024-01-24,2024-01-24,2.9,P,E,1,Option,510300.XSHG,510300.XSHG,XSHG,0,"09:31-11:30,13:01-15:00",10006642
10006643,510300P2401M02950,300ETF沽1月2950,10000,2024-01-18,2024-01-24,2024-01-24,2.95,P,E,1,Option,510300.XSHG,510300.XSHG,XSHG,0,"09:31-11:30,13:01-15:00",10006643
10006644,510300P2401M03000,300ETF沽1月3000,10000,2024-01-18,2024-01-24,2024-01-24,3.0,P,E,1,Option,510300.XSHG,510300.XSHG,XSHG,0,"09:31-11:30,13:01-15:00",10006644
10006645,510300P2401M03100,300ETF沽1月3100,10000,2024-01-18,2024-01-24,2024-01-24,3.1,P,E,1,Option,510300.XSHG,510300.XSHG,XSHG,0,"09:31-11:30,13:01-15:00",10006645
10006646,510300P2401M03200,300ETF沽1月3200,10000,2024-01-18,2024-01-24,2024-01-24,3.2,P,E,1,Option,510300.XSHG,510300.XSHG,XSHG,0,"09:31-11:30,13:01-15:00",10006646
10006647,510300P2401M03300,300ETF沽1月3300,10000,2024-01-18,2024-01-24,2024-01-24,3.3,P,E,1,Option,510300.XSHG,510300.XSHG,XSHG,0,"09:31-11:30,13:01-15:00",10006647
10006648,510300P2401M03400,300ETF沽1月3400,10000,2024-01-18,2024-01-24,2024-01-24,3.4,P,E,1,Option,510300.XSHG,510300.XSHG,XSHG,0,"09:31-11:30,13:01-15:00",10006648
10006649,510300P2401M03500,300ETF沽1月3500,10000,2024-01-18,2024-01-24,2024-01-24,3.5,P,E,1,Option,510300.XSHG,510300.XSHG,XSHG,0,"09:31-11:30,13:01-15:00",10006649
10006650,510300P2401M03600,300ETF沽1月3600,10000,2024-01-18,2024-01-24,2024-01-24,3.6,P,E,1,Option,510300.XSHG,510300.XSHG,XSHG,0,"09:31-11:30,13:01-15:00",10006650
10006651,510300C2402M02900,300ETF购2月2900,10000,2024-01-18,2024-02-28,2024-02-28,2.9,C,E,1,Option,510300.XSHG,510300.XSHG,XSHG,0,"09:31-11:30,13:01-15:00",10006651
10006652,510300C2402M02950,300ETF购2月2950,10000,2024-01-18,2024-02-28,2024-02-28,2.95,C,E,1,Option,510300.XSHG,510300.XSHG,XSHG,0,"09:31-11:30,13:01-15:00",10006652
10006653,510300C2402M03000,300ETF购2月3000,10000,2024-01-18,2024-02-28,2024-02-28,3.0,C,E,1,Option,510300.XSHG,510300.XSHG,XSHG,0,"09:31-11:30,13:01-15:00",10006653
10006654,510300C2402M03100,300ETF购2月3100,10000,2024-01-18,2024-02-28,2024-02-28,3.1,C,E,1,Option,510300.XSHG,510300.XSHG,XSHG,0,"09:31-11:30,13:01-15:00",10006654
10006655,510300C2402M03200,300ETF购2月3200,10000,2024-01-18,2024-02-28,2024-02-28,3.2,C,E,1,Option,510300.XSHG,510300.XSHG,XSHG,0,"09:31-11:30,13:01-15:00",10006655
10006656,510300C2402M03300,300ETF购2月3300,10000,2024-01-18,2024-02-28,2024-02-28,3.3,C,E,1,Option,510300.XSHG,510300.XSHG,XSHG,0,"09:31-11:30,13:01-15:00",10006656
10006657,510300C2402M03400,300ETF购2月3400,10000,2024-01-18,2024-02-28,2024-02-28,3.4,C,E,1,Option,510300.XSHG,510300.XSHG,XSHG,0,"09:31-11:30,13:01-15:00",10006657
10006658,510300C2402M03500,300ETF购2月3500,10000,2024-01-18,2024-02-28,2024-02-28,3.5,C,E,1,Option,510300.XSHG,510300.XSHG,XSHG,0,"09:31-11:30,13:01-15:00",10006658
10006659,510300C2402M03600,300ETF购2月3600,10000,2024-01-18,2024-02-28,2024-02-28,3.6,C,E,1,Option,510300.XSHG,510300.XSHG,XSHG,0,"09:31-11:30,13:01-15:00",10006659
10006660,510300P2402M02900,300ETF沽2月2900,10000,2024-01-18,2024-02-28,2024-02-28,2.9,P,E,1,Option,510300.XSHG,510300.XSHG,XSHG,0,"09:31-11:30,13:01-15:00",10006660
10006661,510300P2402M02950,300ETF沽2月2950,10000,2024-01-18,2024-02-28,2024-02-28,2.95,P,E,1,Option,510300.XSHG,510300.XSHG,XSHG,0,"09:31-11:30,13:01-15:00",10006661
10006662,510300P2402M03000,300ETF沽2月3000,10000,2024-01-18,2024-02-28,2024-02-28,3.0,P,E,1,Option,510300.XSHG,510300.XSHG,XSHG,0,"09:31-11:30,13:01-15:00",10006662
10006663,510300P2402M03100,300ETF沽2月3100,10000,2024-01-18,2024-02-28,2024-02-28,3.1,P,E,1,Option,510300.XSHG,510300.XSHG,XSHG,0,"09:31-11:30,13:01-15:00",10006663
10006664,510300P2402M03200,300ETF沽2月3200,10000,2024-01-18,2024-02-28,2024-02-28,3.2,P,E,1,Option,510300.XSHG,510300.XSHG,XSHG,0,"09:31-11:30,13:01-15:00",10006664
10006665,510300P2402M03300,300ETF沽2月3300,10000,2024-01-18,2024-02-28,2024-02-28,3.3,P,E,1,Option,510300.XSHG,510300.XSHG,XSHG,0,"09:31-11:30,13:01-15:00",10006665
10006666,510300P2402M03400,300ETF沽2月3400,10000,2024-01-18,2024-02-28,2024-02-28,3.4,P,E,1,Option,510300.XSHG,510300.XSHG,XSHG,0,"09:31-11:30,13:01-15:00",10006666
10006667,510300P2402M03500,300ETF沽2月3500,10000,2024-01-18,2024-02-28,2024-02-28,3.5,P,E,1,Option,510300.XSHG,510300.XSHG,XSHG,0,"09:31-11:30,13:01-15:00",10006667
10006668,510300P2402M03600,300ETF沽2月3600,10000,2024-01-18,2024-02-28,2024-02-28,3.6,P,E,1,Option,510300.XSHG,510300.XSHG,XSHG,0,"09:31-11:30,13:01-15:00",10006668
10006669,510300C2403M02900,300ETF购3月2900,10000,2024-01-18,2024-03-27,2024-03-27,2.9,C,E,1,Option,510300.XSHG,510300.XSHG,XSHG,0,"09:31-11:30,13:01-15:00",10006669
10006670,510300C2403M02950,300ETF购3月2950,10000,2024-01-18,2024-03-27,2024-03-27,2.95,C,E,1,Option,510300.XSHG,510300.XSHG,XSHG,0,"09:31-11:30,13:01-15:00",10006670
10006671,510300C2403M03000,300ETF购3月3000,10000,2024-01-18,2024-03-27,2024-03-27,3.0,C,E,1,Option,510300.XSHG,510300.XSHG,XSHG,0,"09:31-11:30,13:01-15:00",10006671
10006672,510300C2403M03100,300ETF购3月3100,10000,2024-01-18,2024-03-27,2024-03-27,3.1,C,E,1,Option,510300.XSHG,510300.XSHG,XSHG,0,"09:31-11:30,13:01-15:00",10006672
10006673,510300C2403M03200,300ETF购3月3200,10000,2024-01-18,2024-03-27,2024-03-27,3.2,C,E,1,Option,510300.XSHG,510300.XSHG,XSHG,0,"09:31-11:30,13:01-15:00",10006673
10006674,510300C2403M03300,300ETF购3月3300,10000,2024-01-18,2024-03-27,2024-03-27,3.3,C,E,1,Option,510300.XSHG,510300.XSHG,XSHG,0,"09:31-11:30,13:01-15:00",10006674
10006675,510300C2403M03400,300ETF购3月3400,10000,2024-01-18,2024-03-27,2024-03-27,3.4,C,E,1,Option,510300.XSHG,510300.XSHG,XSHG,0,"09:31-11:30,13:01-15:00",10006675
10006676,510300C2403M03500,300ETF购3月3500,10000,2024-01-18,2024-03-27,2024-03-27,3.5,C,E,1,Option,510300.XSHG,510300.XSHG,XSHG,0,"09:31-11:30,13:01-15:00",10006676
10006677,510300C2403M03600,300ETF购3月3600,10000,2024-01-18,2024-03-27,2024-03-27,3.6,C,E,1,Option,510300.XSHG,510300.XSHG,XSHG,0,"09:31-11:30,13:01-15:00",10006677
10006678,510300P2403M02900,300ETF沽3月2900,10000,2024-01-18,2024-03-27,2024-03-27,2.9,P,E,1,Option,510300.XSHG,510300.XSHG,XSHG,0,"09:31-11:30,13:01-15:00",10006678
10006679,510300P2403M02950,300ETF沽3月2950,10000,2024-01-18,2024-03-27,2024-03-27,2.95,P,E,1,Option,510300.XSHG,510300.XSHG,XSHG,0,"09:31-11:30,13:01-15:00",10006679
10006680,510300P2403M03000,300ETF沽3月3000,10000,2024-01-18,2024-03-27,2024-03-27,3.0,P,E,1,Option,510300.XSHG,510300.XSHG,XSHG,0,"09:31-11:30,13:01-15:00",10006680
10006681,510300P2403M03100,300ETF沽3月3100,10000,2024-01-18,2024-03-27,2024-03-27,3.1,P,E,1,Option,510300.XSHG,510300.XSHG,XSHG,0,"09:31-11:30,13:01-15:00",10006681
10006682,510300P2403M03200,300ETF沽3月3200,10000,2024-01-18,2024-03-27,2024-03-27,3.2,P,E,1,Option,510300.XSHG,510300.XSHG,XSHG,0,"09:31-11:30,13:01-15:00",10006682
10006683,510300P2403M03300,300ETF沽3月3300,10000,2024-01-18,2024-03-27,2024-03-27,3.3,P,E,1,Option,510300.XSHG,510300.XSHG,XSHG,0,"09:31-11:30,13:01-15:00",10006683
10006684,510300P2403M03400,300ETF沽3月3400,10000,2024-01-18,2024-03-27,2024-03-27,3.4,P,E,1,Option,510300.XSHG,510300.XSHG,XSHG,0,"09:31-11:30,13:01-15:00",10006684
10006685,510300P2403M03500,300ETF沽3月3500,10000,2024-01-18,2024-03-27,2024-03-27,3.5,P,E,1,Option,510300.XSHG,510300.XSHG,XSHG,0,"09:31-11:30,13:01-15:00",10006685
10006686,510300P2403M03600,300ETF沽3月3600,10000,2024-01-18,2024-03-27,2024-03-27,3.6,P,E,1,Option,510300.XSHG,510300.XSHG,XSHG,0,"09:31-11:30,13:01-15:00",10006686
10006687,510300C2406M02900,300ETF购6月2900,10000,2024-01-18,2024-06-26,2024-06-26,2.9,C,E,1,Option,510300.XSHG,510300.XSHG,XSHG,0,"09:31-11:30,13:01-15:00",10006687
10006688,510300C2406M02950,300ETF购6月2950,10000,2024-01-18,2024-06-26,2024-06-26,2.95,C,E,1,Option,510300.XSHG,510300.XSHG,XSHG,0,"09:31-11:30,13:01-15:00",10006688
10006689,510300C2406M03000,300ETF购6月3000,10000,2024-01-18,2024-06-26,2024-06-26,3.0,C,E,1,Option,510300.XSHG,510300.XSHG,XSHG,0,"09:31-11:30,13:01-15:00",10006689
10006690,510300C2406M03100,300ETF购6月3100,10000,2024-01-18,2024-06-26,2024-06-26,3.1,C,E,1,Option,510300.XSHG,510300.XSHG,XSHG,0,"09:31-11:30,13:01-15:00",10006690
10006691,510300C2406M03200,300ETF购6月3200,10000,2024-01-18,2024-06-26,2024-06-26,3.2,C,E,1,Option,510300.XSHG,510300.XSHG,XSHG,0,"09:31-11:30,13:01-15:00",10006691
10006692,510300C2406M03300,300ETF购6月3300,10000,2024-01-18,2024-06-26,2024-06-26,3.3,C,E,1,Option,510300.XSHG,510300.XSHG,XSHG,0,"09:31-11:30,13:01-15:00",10006692
10006693,510300C2406M03400,300ETF购6月3400,10000,2024-01-18,2024-06-26,2024-06-26,3.4,C,E,1,Option,510300.XSHG,510300.XSHG,XSHG,0,"09:31-11:30,13:01-15:00",10006693
10006694,510300C2406M03500,300ETF购6月3500,10000,2024-01-18,2024-06-26,2024-06-26,3.5,C,E,1,Option,510300.XSHG,510300.XSHG,XSHG,0,"09:31-11:30,13:01-15:00",10006694
10006695,510300C2406M03600,300ETF购6月3600,10000,2024-01-18,2024-06-26,2024-06-26,3.6,C,E,1,Option,510300.XSHG,510300.XSHG,XSHG,0,"09:31-11:30,13:01-15:00",10006695
10006696,510300P2406M02900,300ETF沽6月2900,10000,2024-01-18,2024-06-26,2024-06-26,2.9,P,E,1,Option,510300.XSHG,510300.XSHG,XSHG,0,"09:31-11:30,13:01-15:00",10006696
10006697,510300P2406M02950,300ETF沽6月2950,10000,2024-01-18,2024-06-26,2024-06-26,2.95,P,E,1,Option,510300.XSHG,510300.XSHG,XSHG,0,"09:31-11:30,13:01-15:00",10006697
10006698,510300P2406M03000,300ETF沽6月3000,10000,2024-01-18,2024-06-26,2024-06-26,3.0,P,E,1,Option,510300.XSHG,510300.XSHG,XSHG,0,"09:31-11:30,13:01-15:00",10006698
10006699,510300P2406M03100,300ETF沽6月3100,10000,2024-01-18,2024-06-26,2024-06-26,3.1,P,E,1,Option,510300.XSHG,510300.XSHG,XSHG,0,"09:31-11:30,13:01-15:00",10006699
10006700,510300P2406M03200,300ETF沽6月3200,10000,2024-01-18,2024-06-26,2024-06-26,3.2,P,E,1,Option,510300.XSHG,510300.XSHG,XSHG,0,"09:31-11:30,13:01-15:00",10006700
10006701,510300P2406M03300,300ETF沽6月3300,10000,2024-01-18,2024-06-26,2024-06-26,3.3,P,E,1,Option,510300.XSHG,510300.XSHG,XSHG,0,"09:31-11:30,13:01-15:00",10006701
10006702,510300P2406M03400,300ETF沽6月3400,10000,2024-01-18,2024-06-26,2024-06-26,3.4,P,E,1,Option,510300.XSHG,510300.XSHG,XSHG,0,"09:31-11:30,13:01-15:00",10006702
10006703,510300P2406M03500,300ETF沽6月3500,10000,2024-01-18,2024-06-26,2024-06-26,3.5,P,E,1,Option,510300.XSHG,510300.XSHG,XSHG,0,"09:31-11:30,13:01-15:00",10006703
10006704,510300P2406M03600,300ETF沽6月3600,10000,2024-01-18,2024-06-26,2024-06-26,3.6,P,E,1,Option,510300.XSHG,510300.XSHG,XSHG,0,"09:31-11:30,13:01-15:00",10006704
10006705,510300C2401M03700,300ETF购1月3700,10000,2024-01-19,2024-01-24,2024-01-24,3.7,C,E,1,Option,510300.XSHG,510300.XSHG,XSHG,0,"09:31-11:30,13:01-15:00",10006705
10006706,510300P2401M03700,300ETF沽1月3700,10000,2024-01-19,2024-01-24,2024-01-24,3.7,P,E,1,Option,510300.XSHG,510300.XSHG,XSHG,0,"09:31-11:30,13:01-15:00",10006706
10006707,510300C2402M03700,300ETF购2月3700,10000,2024-01-19,2024-02-28,2024-02-28,3.7,C,E,1,Option,510300.XSHG,510300.XSHG,XSHG,0,"09:31-11:30,13:01-15:00",10006707
10006708,510300P2402M03700,300ETF沽2月3700,10000,2024-01-19,2024-02-28,2024-02-28,3.7,P,E,1,Option,510300.XSHG,510300.XSHG,XSHG,0,"09:31-11:30,13:01-15:00",10006708
10006709,510300C2403M03700,300ETF购3月3700,10000,2024-01-19,2024-03-27,2024-03-27,3.7,C,E,1,Option,510300.XSHG,510300.XSHG,XSHG,0,"09:31-11:30,13:01-15:00",10006709
10006710,510300P2403M03700,300ETF沽3月3700,10000,2024-01-19,2024-03-27,2024-03-27,3.7,P,E,1,Option,510300.XSHG,510300.XSHG,XSHG,0,"09:31-11:30,13:01-15:00",10006710
10006711,510300C2406M03700,300ETF购6月3700,10000,2024-01-19,2024-06-26,2024-06-26,3.7,C,E,1,Option,510300.XSHG,510300.XSHG,XSHG,0,"09:31-11:30,13:01-15:00",10006711
10006712,510300P2406M03700,300ETF沽6月3700,10000,2024-01-19,2024-06-26,2024-06-26,3.7,P,E,1,Option,510300.XSHG,510300.XSHG,XSHG,0,"09:31-11:30,13:01-15:00",10006712
10006747,510300C2409M02950,300ETF购9月2950,10000,2024-01-25,2024-09-25,2024-09-25,2.95,C,E,1,Option,510300.XSHG,510300.XSHG,XSHG,0,"09:31-11:30,13:01-15:00",10006747
10006748,510300C2409M03000,300ETF购9月3000,10000,2024-01-25,2024-09-25,2024-09-25,3.0,C,E,1,Option,510300.XSHG,510300.XSHG,XSHG,0,"09:31-11:30,13:01-15:00",10006748
10006749,510300C2409M03100,300ETF购9月3100,10000,2024-01-25,2024-09-25,2024-09-25,3.1,C,E,1,Option,510300.XSHG,510300.XSHG,XSHG,0,"09:31-11:30,13:01-15:00",10006749
10006750,510300C2409M03200,300ETF购9月3200,10000,2024-01-25,2024-09-25,2024-09-25,3.2,C,E,1,Option,510300.XSHG,510300.XSHG,XSHG,0,"09:31-11:30,13:01-15:00",10006750
10006751,510300C2409M03300,300ETF购9月3300,10000,2024-01-25,2024-09-25,2024-09-25,3.3,C,E,1,Option,510300.XSHG,510300.XSHG,XSHG,0,"09:31-11:30,13:01-15:00",10006751
10006752,510300C2409M03400,300ETF购9月3400,10000,2024-01-25,2024-09-25,2024-09-25,3.4,C,E,1,Option,510300.XSHG,510300.XSHG,XSHG,0,"09:31-11:30,13:01-15:00",10006752
10006753,510300C2409M03500,300ETF购9月3500,10000,2024-01-25,2024-09-25,2024-09-25,3.5,C,E,1,Option,510300.XSHG,510300.XSHG,XSHG,0,"09:31-11:30,13:01-15:00",10006753
10006754,510300C2409M03600,300ETF购9月3600,10000,2024-01-25,2024-09-25,2024-09-25,3.6,C,E,1,Option,510300.XSHG,510300.XSHG,XSHG,0,"09:31-11:30,13:01-15:00",10006754
10006755,510300C2409M03700,300ETF购9月3700,10000,2024-01-25,2024-09-25,2024-09-25,3.7,C,E,1,Option,510300.XSHG,510300.XSHG,XSHG,0,"09:31-11:30,13:01-15:00",10006755
10006756,510300P2409M02950,300ETF沽9月2950,10000,2024-01-25,2024-09-25,2024-09-25,2.95,P,E,1,Option,510300.XSHG,510300.XSHG,XSHG,0,"09:31-11:30,13:01-15:00",10006756
10006757,510300P2409M03000,300ETF沽9月3000,10000,2024-01-25,2024-09-25,2024-09-25,3.0,P,E,1,Option,510300.XSHG,510300.XSHG,XSHG,0,"09:31-11:30,13:01-15:00",10006757
10006758,510300P2409M03100,300ETF沽9月3100,10000,2024-01-25,2024-09-25,2024-09-25,3.1,P,E,1,Option,510300.XSHG,510300.XSHG,XSHG,0,"09:31-11:30,13:01-15:00",10006758
10006759,510300P2409M03200,300ETF沽9月3200,10000,2024-01-25,2024-09-25,2024-09-25,3.2,P,E,1,Option,510300.XSHG,510300.XSHG,XSHG,0,"09:31-11:30,13:01-15:00",10006759
10006760,510300P2409M03300,300ETF沽9月3300,10000,2024-01-25,2024-09-25,2024-09-25,3.3,P,E,1,Option,510300.XSHG,510300.XSHG,XSHG,0,"09:31-11:30,13:01-15:00",10006760
10006761,510300P2409M03400,300ETF沽9月3400,10000,2024-01-25,2024-09-25,2024-09-25,3.4,P,E,1,Option,510300.XSHG,510300.XSHG,XSHG,0,"09:31-11:30,13:01-15:00",10006761
10006762,510300P2409M03500,300ETF沽9月3500,10000,2024-01-25,2024-09-25,2024-09-25,3.5,P,E,1,Option,510300.XSHG,510300.XSHG,XSHG,0,"09:31-11:30,13:01-15:00",10006762
10006763,510300P2409M03600,300ETF沽9月3600,10000,2024-01-25,2024-09-25,2024-09-25,3.6,P,E,1,Option,510300.XSHG,510300.XSHG,XSHG,0,"09:31-11:30,13:01-15:00",10006763
10006764,510300P2409M03700,300ETF沽9月3700,10000,2024-01-25,2024-09-25,2024-09-25,3.7,P,E,1,Option,510300.XSHG,510300.XSHG,XSHG,0,"09:31-11:30,13:01-15:00",10006764
10006833,510300C2409M02900,300ETF购9月2900,10000,2024-01-31,2024-09-25,2024-09-25,2.9,C,E,1,Option,510300.XSHG,510300.XSHG,XSHG,0,"09:31-11:30,13:01-15:00",10006833
10006834,510300P2409M02900,300ETF沽9月2900,10000,2024-01-31,2024-09-25,2024-09-25,2.9,P,E,1,Option,510300.XSHG,510300.XSHG,XSHG,0,"09:31-11:30,13:01-15:00",10006834
10006891,510300C2402M03800,300ETF购2月3800,10000,2024-02-19,2024-02-28,2024-02-28,3.8,C,E,1,Option,510300.XSHG,510300.XSHG,XSHG,0,"09:31-11:30,13:01-15:00",10006891
10006892,510300P2402M03800,300ETF沽2月3800,10000,2024-02-19,2024-02-28,2024-02-28,3.8,P,E,1,Option,510300.XSHG,510300.XSHG,XSHG,0,"09:31-11:30,13:01-15:00",10006892
10006893,510300C2403M03800,300ETF购3月3800,10000,2024-02-19,2024-03-27,2024-03-27,3.8,C,E,1,Option,510300.XSHG,510300.XSHG,XSHG,0,"09:31-11:30,13:01-15:00",10006893
10006894,510300P2403M03800,300ETF沽3月3800,10000,2024-02-19,2024-03-27,2024-03-27,3.8,P,E,1,Option,510300.XSHG,510300.XSHG,XSHG,0,"09:31-11:30,13:01-15:00",10006894
10006895,510300C2406M03800,300ETF购6月3800,10000,2024-02-19,2024-06-26,2024-06-26,3.8,C,E,1,Option,510300.XSHG,510300.XSHG,XSHG,0,"09:31-11:30,13:01-15:00",10006895
10006896,510300P2406M03800,300ETF沽6月3800,10000,2024-02-19,2024-06-26,2024-06-26,3.8,P,E,1,Option,510300.XSHG,510300.XSHG,XSHG,0,"09:31-11:30,13:01-15:00",10006896
10006897,510300C2409M03800,300ETF购9月3800,10000,2024-02-19,2024-09-25,2024-09-25,3.8,C,E,1,Option,510300.XSHG,510300.XSHG,XSHG,0,"09:31-11:30,13:01-15:00",10006897
10006898,510300P2409M03800,300ETF沽9月3800,10000,2024-02-19,2024-09-25,2024-09-25,3.8,P,E,1,Option,510300.XSHG,510300.XSHG,XSHG,0,"09:31-11:30,13:01-15:00",10006898
10006903,510300C2402M03900,300ETF购2月3900,10000,2024-02-23,2024-02-28,2024-02-28,3.9,C,E,1,Option,510300.XSHG,510300.XSHG,XSHG,0,"09:31-11:30,13:01-15:00",10006903
10006904,510300P2402M03900,300ETF沽2月3900,10000,2024-02-23,2024-02-28,2024-02-28,3.9,P,E,1,Option,510300.XSHG,510300.XSHG,XSHG,0,"09:31-11:30,13:01-15:00",10006904
10006905,510300C2403M03900,300ETF购3月3900,10000,2024-02-23,2024-03-27,2024-03-27,3.9,C,E,1,Option,510300.XSHG,510300.XSHG,XSHG,0,"09:31-11:30,13:01-15:00",10006905
10006906,510300P2403M03900,300ETF沽3月3900,10000,2024-02-23,2024-03-27,2024-03-27,3.9,P,E,1,Option,510300.XSHG,510300.XSHG,XSHG,0,"09:31-11:30,13:01-15:00",10006906
10006907,510300C2406M03900,300ETF购6月3900,10000,2024-02-23,2024-06-26,2024-06-26,3.9,C,E,1,Option,510300.XSHG,510300.XSHG,XSHG,0,"09:31-11:30,13:01-15:00",10006907
10006908,510300P2406M03900,300ETF沽6月3900,10000,2024-02-23,2024-06-26,2024-06-26,3.9,P,E,1,Option,510300.XSHG,510300.XSHG,XSHG,0,"09:31-11:30,13:01-15:00",10006908
10006909,510300C2409M03900,300ETF购9月3900,10000,2024-02-23,2024-09-25,2024-09-25,3.9,C,E,1,Option,510300.XSHG,510300.XSHG,XSHG,0,"09:31-11:30,13:01-15:00",10006909
10006910,510300P2409M03900,300ETF沽9月3900,10000,2024-02-23,2024-09-25,2024-09-25,3.9,P,E,1,Option,510300.XSHG,510300.XSHG,XSHG,0,"09:31-11:30,13:01-15:00",10006910
10006933,510300C2404M03000,300ETF购4月3000,10000,2024-02-29,2024-04-24,2024-04-24,3.0,C,E,1,Option,510300.XSHG,510300.XSHG,XSHG,0,"09:31-11:30,13:01-15:00",10006933
10006934,510300C2404M03100,300ETF购4月3100,10000,2024-02-29,2024-04-24,2024-04-24,3.1,C,E,1,Option,510300.XSHG,510300.XSHG,XSHG,0,"09:31-11:30,13:01-15:00",10006934
10006935,510300C2404M03200,300ETF购4月3200,10000,2024-02-29,2024-04-24,2024-04-24,3.2,C,E,1,Option,510300.XSHG,510300.XSHG,XSHG,0,"09:31-11:30,13:01-15:00",10006935
10006936,510300C2404M03300,300ETF购4月3300,10000,2024-02-29,2024-04-24,2024-04-24,3.3,C,E,1,Option,510300.XSHG,510300.XSHG,XSHG,0,"09:31-11:30,13:01-15:00",10006936
10006937,510300C2404M03400,300ETF购4月3400,10000,2024-02-29,2024-04-24,2024-04-24,3.4,C,E,1,Option,510300.XSHG,510300.XSHG,XSHG,0,"09:31-11:30,13:01-15:00",10006937
10006938,510300C2404M03500,300ETF购4月3500,10000,2024-02-29,2024-04-24,2024-04-24,3.5,C,E,1,Option,510300.XSHG,510300.XSHG,XSHG,0,"09:31-11:30,13:01-15:00",10006938
10006939,510300C2404M03600,300ETF购4月3600,10000,2024-02-29,2024-04-24,2024-04-24,3.6,C,E,1,Option,510300.XSHG,510300.XSHG,XSHG,0,"09:31-11:30,13:01-15:00",10006939
10006940,510300C2404M03700,300ETF购4月3700,10000,2024-02-29,2024-04-24,2024-04-24,3.7,C,E,1,Option,510300.XSHG,510300.XSHG,XSHG,0,"09:31-11:30,13:01-15:00",10006940
10006941,510300C2404M03800,300ETF购4月3800,10000,2024-02-29,2024-04-24,2024-04-24,3.8,C,E,1,Option,510300.XSHG,510300.XSHG,XSHG,0,"09:31-11:30,13:01-15:00",10006941
10006942,510300P2404M03000,300ETF沽4月3000,10000,2024-02-29,2024-04-24,2024-04-24,3.0,P,E,1,Option,510300.XSHG,510300.XSHG,XSHG,0,"09:31-11:30,13:01-15:00",10006942
10006943,510300P2404M03100,300ETF沽4月3100,10000,2024-02-29,2024-04-24,2024-04-24,3.1,P,E,1,Option,510300.XSHG,510300.XSHG,XSHG,0,"09:31-11:30,13:01-15:00",10006943
10006944,510300P2404M03200,300ETF沽4月3200,10000,2024-02-29,2024-04-24,2024-04-24,3.2,P,E,1,Option,510300.XSHG,510300.XSHG,XSHG,0,"09:31-11:30,13:01-15:00",10006944
10006945,510300P2404M03300,300ETF沽4月3300,10000,2024-02-29,2024-04-24,2024-04-24,3.3,P,E,1,Option,510300.XSHG,510300.XSHG,XSHG,0,"09:31-11:30,13:01-15:00",10006945
10006946,510300P2404M03400,300ETF沽4月3400,10000,2024-02-29,2024-04-24,2024-04-24,3.4,P,E,1,Option,510300.XSHG,510300.XSHG,XSHG,0,"09:31-11:30,13:01-15:00",10006946
10006947,510300P2404M03500,300ETF沽4月3500,10000,2024-02-29,2024-04-24,2024-04-24,3.5,P,E,1,Option,510300.XSHG,510300.XSHG,XSHG,0,"09:31-11:30,13:01-15:00",10006947
10006948,510300P2404M03600,300ETF沽4月3600,10000,2024-02-29,2024-04-24,2024-04-24,3.6,P,E,1,Option,510300.XSHG,510300.XSHG,XSHG,0,"09:31-11:30,13:01-15:00",10006948
10006949,510300P2404M03700,300ETF沽4月3700,10000,2024-02-29,2024-04-24,2024-04-24,3.7,P,E,1,Option,510300.XSHG,510300.XSHG,XSHG,0,"09:31-11:30,13:01-15:00",10006949
10006950,510300P2404M03800,300ETF沽4月3800,10000,2024-02-29,2024-04-24,2024-04-24,3.8,P,E,1,Option,510300.XSHG,510300.XSHG,XSHG,0,"09:31-11:30,13:01-15:00",10006950
10007007,510300C2404M03900,300ETF购4月3900,10000,2024-03-01,2024-04-24,2024-04-24,3.9,C,E,1,Option,510300.XSHG,510300.XSHG,XSHG,0,"09:31-11:30,13:01-15:00",10007007
10007008,510300P2404M03900,300ETF沽4月3900,10000,2024-03-01,2024-04-24,2024-04-24,3.9,P,E,1,Option,510300.XSHG,510300.XSHG,XSHG,0,"09:31-11:30,13:01-15:00",10007008
10007025,510300C2403M04000,300ETF购3月4000,10000,2024-03-06,2024-03-27,2024-03-27,4.0,C,E,1,Option,510300.XSHG,510300.XSHG,XSHG,0,"09:31-11:30,13:01-15:00",10007025
10007026,510300P2403M04000,300ETF沽3月4000,10000,2024-03-06,2024-03-27,2024-03-27,4.0,P,E,1,Option,510300.XSHG,510300.XSHG,XSHG,0,"09:31-11:30,13:01-15:00",10007026
10007027,510300C2404M04000,300ETF购4月4000,10000,2024-03-06,2024-04-24,2024-04-24,4.0,C,E,1,Option,510300.XSHG,510300.XSHG,XSHG,0,"09:31-11:30,13:01-15:00",10007027
10007028,510300P2404M04000,300ETF沽4月4000,10000,2024-03-06,2024-04-24,2024-04-24,4.0,P,E,1,Option,510300.XSHG,510300.XSHG,XSHG,0,"09:31-11:30,13:01-15:00",10007028
10007029,510300C2406M04000,300ETF购6月4000,10000,2024-03-06,2024-06-26,2024-06-26,4.0,C,E,1,Option,510300.XSHG,510300.XSHG,XSHG,0,"09:31-11:30,13:01-15:00",10007029
10007030,510300P2406M04000,300ETF沽6月4000,10000,2024-03-06,2024-06-26,2024-06-26,4.0,P,E,1,Option,510300.XSHG,510300.XSHG,XSHG,0,"09:31-11:30,13:01-15:00",10007030
10007031,510300C2409M04000,300ETF购9月4000,10000,2024-03-06,2024-09-25,2024-09-25,4.0,C,E,1,Option,510300.XSHG,510300.XSHG,XSHG,0,"09:31-11:30,13:01-15:00",10007031
10007032,510300P2409M04000,300ETF沽9月4000,10000,2024-03-06,2024-09-25,2024-09-25,4.0,P,E,1,Option,510300.XSHG,510300.XSHG,XSHG,0,"09:31-11:30,13:01-15:00",10007032
10007053,510300C2405M03100,300ETF购5月3100,10000,2024-03-28,2024-05-22,2024-05-22,3.1,C,E,1,Option,510300.XSHG,510300.XSHG,XSHG,0,"09:31-11:30,13:01-15:00",10007053
10007054,510300C2405M03200,300ETF购5月3200,10000,2024-03-28,2024-05-22,2024-05-22,3.2,C,E,1,Option,510300.XSHG,510300.XSHG,XSHG,0,"09:31-11:30,13:01-15:00",10007054
10007055,510300C2405M03300,300ETF购5月3300,10000,2024-03-28,2024-05-22,2024-05-22,3.3,C,E,1,Option,510300.XSHG,510300.XSHG,XSHG,0,"09:31-11:30,13:01-15:00",10007055
10007056,510300C2405M03400,300ETF购5月3400,10000,2024-03-28,2024-05-22,2024-05-22,3.4,C,E,1,Option,510300.XSHG,510300.XSHG,XSHG,0,"09:31-11:30,13:01-15:00",10007056
10007057,510300C2405M03500,300ETF购5月3500,10000,2024-03-28,2024-05-22,2024-05-22,3.5,C,E,1,Option,510300.XSHG,510300.XSHG,XSHG,0,"09:31-11:30,13:01-15:00",10007057
10007058,510300C2405M03600,300ETF购5月3600,10000,2024-03-28,2024-05-22,2024-05-22,3.6,C,E,1,Option,510300.XSHG,510300.XSHG,XSHG,0,"09:31-11:30,13:01-15:00",10007058
10007059,510300C2405M03700,300ETF购5月3700,10000,2024-03-28,2024-05-22,2024-05-22,3.7,C,E,1,Option,510300.XSHG,510300.XSHG,XSHG,0,"09:31-11:30,13:01-15:00",10007059
10007060,510300C2405M03800,300ETF购5月3800,10000,2024-03-28,2024-05-22,2024-05-22,3.8,C,E,1,Option,510300.XSHG,510300.XSHG,XSHG,0,"09:31-11:30,13:01-15:00",10007060
10007061,510300C2405M03900,300ETF购5月3900,10000,2024-03-28,2024-05-22,2024-05-22,3.9,C,E,1,Option,510300.XSHG,510300.XSHG,XSHG,0,"09:31-11:30,13:01-15:00",10007061
10007062,510300P2405M03100,300ETF沽5月3100,10000,2024-03-28,2024-05-22,2024-05-22,3.1,P,E,1,Option,510300.XSHG,510300.XSHG,XSHG,0,"09:31-11:30,13:01-15:00",10007062
10007063,510300P2405M03200,300ETF沽5月3200,10000,2024-03-28,2024-05-22,2024-05-22,3.2,P,E,1,Option,510300.XSHG,510300.XSHG,XSHG,0,"09:31-11:30,13:01-15:00",10007063
10007064,510300P2405M03300,300ETF沽5月3300,10000,2024-03-28,2024-05-22,2024-05-22,3.3,P,E,1,Option,510300.XSHG,510300.XSHG,XSHG,0,"09:31-11:30,13:01-15:00",10007064
10007065,510300P2405M03400,300ETF沽5月3400,10000,2024-03-28,2024-05-22,2024-05-22,3.4,P,E,1,Option,510300.XSHG,510300.XSHG,XSHG,0,"09:31-11:30,13:01-15:00",10007065
10007066,510300P2405M03500,300ETF沽5月3500,10000,2024-03-28,2024-05-22,2024-05-22,3.5,P,E,1,Option,510300.XSHG,510300.XSHG,XSHG,0,"09:31-11:30,13:01-15:00",10007066
10007067,510300P2405M03600,300ETF沽5月3600,10000,2024-03-28,2024-05-22,2024-05-22,3.6,P,E,1,Option,510300.XSHG,510300.XSHG,XSHG,0,"09:31-11:30,13:01-15:00",10007067
10007068,510300P2405M03700,300ETF沽5月3700,10000,2024-03-28,2024-05-22,2024-05-22,3.7,P,E,1,Option,510300.XSHG,510300.XSHG,XSHG,0,"09:31-11:30,13:01-15:00",10007068
10007069,510300P2405M03800,300ETF沽5月3800,10000,2024-03-28,2024-05-22,2024-05-22,3.8,P,E,1,Option,510300.XSHG,510300.XSHG,XSHG,0,"09:31-11:30,13:01-15:00",10007069
10007070,510300P2405M03900,300ETF沽5月3900,10000,2024-03-28,2024-05-22,2024-05-22,3.9,P,E,1,Option,510300.XSHG,510300.XSHG,XSHG,0,"09:31-11:30,13:01-15:00",10007070
10007129,510300C2405M04000,300ETF购5月4000,10000,2024-04-02,2024-05-22,2024-05-22,4.0,C,E,1,Option,510300.XSHG,510300.XSHG,XSHG,0,"09:31-11:30,13:01-15:00",10007129
10007130,510300P2405M04000,300ETF沽5月4000,10000,2024-04-02,2024-05-22,2024-05-22,4.0,P,E,1,Option,510300.XSHG,510300.XSHG,XSHG,0,"09:31-11:30,13:01-15:00",10007130
10007157,510300C2412M03100,300ETF购12月3100,10000,2024-04-25,2024-12-25,2024-12-25,3.1,C,E,1,Option,510300.XSHG,510300.XSHG,XSHG,0,"09:31-11:30,13:01-15:00",10007157
10007158,510300C2412M03200,300ETF购12月3200,10000,2024-04-25,2024-12-25,2024-12-25,3.2,C,E,1,Option,510300.XSHG,510300.XSHG,XSHG,0,"09:31-11:30,13:01-15:00",10007158
10007159,510300C2412M03300,300ETF购12月3300,10000,2024-04-25,2024-12-25,2024-12-25,3.3,C,E,1,Option,510300.XSHG,510300.XSHG,XSHG,0,"09:31-11:30,13:01-15:00",10007159
10007160,510300C2412M03400,300ETF购12月3400,10000,2024-04-25,2024-12-25,2024-12-25,3.4,C,E,1,Option,510300.XSHG,510300.XSHG,XSHG,0,"09:31-11:30,13:01-15:00",10007160
10007161,510300C2412M03500,300ETF购12月3500,10000,2024-04-25,2024-12-25,2024-12-25,3.5,C,E,1,Option,510300.XSHG,510300.XSHG,XSHG,0,"09:31-11:30,13:01-15:00",10007161
10007162,510300C2412M03600,300ETF购12月3600,10000,2024-04-25,2024-12-25,2024-12-25,3.6,C,E,1,Option,510300.XSHG,510300.XSHG,XSHG,0,"09:31-11:30,13:01-15:00",10007162
10007163,510300C2412M03700,300ETF购12月3700,10000,2024-04-25,2024-12-25,2024-12-25,3.7,C,E,1,Option,510300.XSHG,510300.XSHG,XSHG,0,"09:31-11:30,13:01-15:00",10007163
10007164,510300C2412M03800,300ETF购12月3800,10000,2024-04-25,2024-12-25,2024-12-25,3.8,C,E,1,Option,510300.XSHG,510300.XSHG,XSHG,0,"09:31-11:30,13:01-15:00",10007164
10007165,510300C2412M03900,300ETF购12月3900,10000,2024-04-25,2024-12-25,2024-12-25,3.9,C,E,1,Option,510300.XSHG,510300.XSHG,XSHG,0,"09:31-11:30,13:01-15:00",10007165
10007166,510300P2412M03100,300ETF沽12月3100,10000,2024-04-25,2024-12-25,2024-12-25,3.1,P,E,1,Option,510300.XSHG,510300.XSHG,XSHG,0,"09:31-11:30,13:01-15:00",10007166
10007167,510300P2412M03200,300ETF沽12月3200,10000,2024-04-25,2024-12-25,2024-12-25,3.2,P,E,1,Option,510300.XSHG,510300.XSHG,XSHG,0,"09:31-11:30,13:01-15:00",10007167
10007168,510300P2412M03300,300ETF沽12月3300,10000,2024-04-25,2024-12-25,2024-12-25,3.3,P,E,1,Option,510300.XSHG,510300.XSHG,XSHG,0,"09:31-11:30,13:01-15:00",10007168
10007169,510300P2412M03400,300ETF沽12月3400,10000,2024-04-25,2024-12-25,2024-12-25,3.4,P,E,1,Option,510300.XSHG,510300.XSHG,XSHG,0,"09:31-11:30,13:01-15:00",10007169
10007170,510300P2412M03500,300ETF沽12月3500,10000,2024-04-25,2024-12-25,2024-12-25,3.5,P,E,1,Option,510300.XSHG,510300.XSHG,XSHG,0,"09:31-11:30,13:01-15:00",10007170
10007171,510300P2412M03600,300ETF沽12月3600,10000,2024-04-25,2024-12-25,2024-12-25,3.6,P,E,1,Option,510300.XSHG,510300.XSHG,XSHG,0,"09:31-11:30,13:01-15:00",10007171
10007172,510300P2412M03700,300ETF沽12月3700,10000,2024-04-25,2024-12-25,2024-12-25,3.7,P,E,1,Option,510300.XSHG,510300.XSHG,XSHG,0,"09:31-11:30,13:01-15:00",10007172
10007173,510300P2412M03800,300ETF沽12月3800,10000,2024-04-25,2024-12-25,2024-12-25,3.8,P,E,1,Option,510300.XSHG,510300.XSHG,XSHG,0,"09:31-11:30,13:01-15:00",10007173
10007174,510300P2412M03900,300ETF沽12月3900,10000,2024-04-25,2024-12-25,2024-12-25,3.9,P,E,1,Option,510300.XSHG,510300.XSHG,XSHG,0,"09:31-11:30,13:01-15:00",10007174
10007231,510300C2412M04000,300ETF购12月4000,10000,2024-04-29,2024-12-25,2024-12-25,4.0,C,E,1,Option,510300.XSHG,510300.XSHG,XSHG,0,"09:31-11:30,13:01-15:00",10007231
10007232,510300P2412M04000,300ETF沽12月4000,10000,2024-04-29,2024-12-25,2024-12-25,4.0,P,E,1,Option,510300.XSHG,510300.XSHG,XSHG,0,"09:31-11:30,13:01-15:00",10007232
10007247,510300C2405M04100,300ETF购5月4100,10000,2024-05-08,2024-05-22,2024-05-22,4.1,C,E,1,Option,510300.XSHG,510300.XSHG,XSHG,0,"09:31-11:30,13:01-15:00",10007247
10007248,510300P2405M04100,300ETF沽5月4100,10000,2024-05-08,2024-05-22,2024-05-22,4.1,P,E,1,Option,510300.XSHG,510300.XSHG,XSHG,0,"09:31-11:30,13:01-15:00",10007248
10007249,510300C2406M04100,300ETF购6月4100,10000,2024-05-08,2024-06-26,2024-06-26,4.1,C,E,1,Option,510300.XSHG,510300.XSHG,XSHG,0,"09:31-11:30,13:01-15:00",10007249
10007250,510300P2406M04100,300ETF沽6月4100,10000,2024-05-08,2024-06-26,2024-06-26,4.1,P,E,1,Option,510300.XSHG,510300.XSHG,XSHG,0,"09:31-11:30,13:01-15:00",10007250
10007251,510300C2409M04100,300ETF购9月4100,10000,2024-05-08,2024-09-25,2024-09-25,4.1,C,E,1,Option,510300.XSHG,510300.XSHG,XSHG,0,"09:31-11:30,13:01-15:00",10007251
10007252,510300P2409M04100,300ETF沽9月4100,10000,2024-05-08,2024-09-25,2024-09-25,4.1,P,E,1,Option,510300.XSHG,510300.XSHG,XSHG,0,"09:31-11:30,13:01-15:00",10007252
10007253,510300C2412M04100,300ETF购12月4100,10000,2024-05-08,2024-12-25,2024-12-25,4.1,C,E,1,Option,510300.XSHG,510300.XSHG,XSHG,0,"09:31-11:30,13:01-15:00",10007253
10007254,510300P2412M04100,300ETF沽12月4100,10000,2024-05-08,2024-12-25,2024-12-25,4.1,P,E,1,Option,510300.XSHG,510300.XSHG,XSHG,0,"09:31-11:30,13:01-15:00",10007254
10007351,510300C2407M03300,300ETF购7月3300,10000,2024-05-23,2024-07-24,2024-07-24,3.3,C,E,1,Option,510300.XSHG,510300.XSHG,XSHG,0,"09:31-11:30,13:01-15:00",10007351
10007352,510300C2407M03400,300ETF购7月3400,10000,2024-05-23,2024-07-24,2024-07-24,3.4,C,E,1,Option,510300.XSHG,510300.XSHG,XSHG,0,"09:31-11:30,13:01-15:00",10007352
10007353,510300C2407M03500,300ETF购7月3500,10000,2024-05-23,2024-07-24,2024-07-24,3.5,C,E,1,Option,510300.XSHG,510300.XSHG,XSHG,0,"09:31-11:30,13:01-15:00",10007353
10007354,510300C2407M03600,300ETF购7月3600,10000,2024-05-23,2024-07-24,2024-07-24,3.6,C,E,1,Option,510300.XSHG,510300.XSHG,XSHG,0,"09:31-11:30,13:01-15:00",10007354
10007355,510300C2407M03700,300ETF购7月3700,10000,2024-05-23,2024-07-24,2024-07-24,3.7,C,E,1,Option,510300.XSHG,510300.XSHG,XSHG,0,"09:31-11:30,13:01-15:00",10007355
10007356,510300C2407M03800,300ETF购7月3800,10000,2024-05-23,2024-07-24,2024-07-24,3.8,C,E,1,Option,510300.XSHG,510300.XSHG,XSHG,0,"09:31-11:30,13:01-15:00",10007356
10007357,510300C2407M03900,300ETF购7月3900,10000,2024-05-23,2024-07-24,2024-07-24,3.9,C,E,1,Option,510300.XSHG,510300.XSHG,XSHG,0,"09:31-11:30,13:01-15:00",10007357
10007358,510300C2407M04000,300ETF购7月4000,10000,2024-05-23,2024-07-24,2024-07-24,4.0,C,E,1,Option,510300.XSHG,510300.XSHG,XSHG,0,"09:31-11:30,13:01-15:00",10007358
10007359,510300C2407M04100,300ETF购7月4100,10000,2024-05-23,2024-07-24,2024-07-24,4.1,C,E,1,Option,510300.XSHG,510300.XSHG,XSHG,0,"09:31-11:30,13:01-15:00",10007359
10007360,510300P2407M03300,300ETF沽7月3300,10000,2024-05-23,2024-07-24,2024-07-24,3.3,P,E,1,Option,510300.XSHG,510300.XSHG,XSHG,0,"09:31-11:30,13:01-15:00",10007360
10007361,510300P2407M03400,300ETF沽7月3400,10000,2024-05-23,2024-07-24,2024-07-24,3.4,P,E,1,Option,510300.XSHG,510300.XSHG,XSHG,0,"09:31-11:30,13:01-15:00",10007361
10007362,510300P2407M03500,300ETF沽7月3500,10000,2024-05-23,2024-07-24,2024-07-24,3.5,P,E,1,Option,510300.XSHG,510300.XSHG,XSHG,0,"09:31-11:30,13:01-15:00",10007362
10007363,510300P2407M03600,300ETF沽7月3600,10000,2024-05-23,2024-07-24,2024-07-24,3.6,P,E,1,Option,510300.XSHG,510300.XSHG,XSHG,0,"09:31-11:30,13:01-15:00",10007363
10007364,510300P2407M03700,300ETF沽7月3700,10000,2024-05-23,2024-07-24,2024-07-24,3.7,P,E,1,Option,510300.XSHG,510300.XSHG,XSHG,0,"09:31-11:30,13:01-15:00",10007364
10007365,510300P2407M03800,300ETF沽7月3800,10000,2024-05-23,2024-07-24,2024-07-24,3.8,P,E,1,Option,510300.XSHG,510300.XSHG,XSHG,0,"09:31-11:30,13:01-15:00",10007365
10007366,510300P2407M03900,300ETF沽7月3900,10000,2024-05-23,2024-07-24,2024-07-24,3.9,P,E,1,Option,510300.XSHG,510300.XSHG,XSHG,0,"09:31-11:30,13:01-15:00",10007366
10007367,510300P2407M04000,300ETF沽7月4000,10000,2024-05-23,2024-07-24,2024-07-24,4.0,P,E,1,Option,510300.XSHG,510300.XSHG,XSHG,0,"09:31-11:30,13:01-15:00",10007367
10007368,510300P2407M04100,300ETF沽7月4100,10000,2024-05-23,2024-07-24,2024-07-24,4.1,P,E,1,Option,510300.XSHG,510300.XSHG,XSHG,0,"09:31-11:30,13:01-15:00",10007368
10007423,510300C2407M03200,300ETF购7月3200,10000,2024-05-24,2024-07-24,2024-07-24,3.2,C,E,1,Option,510300.XSHG,510300.XSHG,XSHG,0,"09:31-11:30,13:01-15:00",10007423
10007424,510300P2407M03200,300ETF沽7月3200,10000,2024-05-24,2024-07-24,2024-07-24,3.2,P,E,1,Option,510300.XSHG,510300.XSHG,XSHG,0,"09:31-11:30,13:01-15:00",10007424
10007441,510300C2407M03100,300ETF购7月3100,10000,2024-06-13,2024-07-24,2024-07-24,3.1,C,E,1,Option,510300.XSHG,510300.XSHG,XSHG,0,"09:31-11:30,13:01-15:00",10007441
10007442,510300P2407M03100,300ETF沽7月3100,10000,2024-06-13,2024-07-24,2024-07-24,3.1,P,E,1,Option,510300.XSHG,510300.XSHG,XSHG,0,"09:31-11:30,13:01-15:00",10007442
10007469,510300C2408M03100,300ETF购8月3100,10000,2024-06-27,2024-08-28,2024-08-28,3.1,C,E,1,Option,510300.XSHG,510300.XSHG,XSHG,0,"09:31-11:30,13:01-15:00",10007469
10007470,510300C2408M03200,300ETF购8月3200,10000,2024-06-27,2024-08-28,2024-08-28,3.2,C,E,1,Option,510300.XSHG,510300.XSHG,XSHG,0,"09:31-11:30,13:01-15:00",10007470
10007471,510300C2408M03300,300ETF购8月3300,10000,2024-06-27,2024-08-28,2024-08-28,3.3,C,E,1,Option,510300.XSHG,510300.XSHG,XSHG,0,"09:31-11:30,13:01-15:00",10007471
10007472,510300C2408M03400,300ETF购8月3400,10000,2024-06-27,2024-08-28,2024-08-28,3.4,C,E,1,Option,510300.XSHG,510300.XSHG,XSHG,0,"09:31-11:30,13:01-15:00",10007472
10007473,510300C2408M03500,300ETF购8月3500,10000,2024-06-27,2024-08-28,2024-08-28,3.5,C,E,1,Option,510300.XSHG,510300.XSHG,XSHG,0,"09:31-11:30,13:01-15:00",10007473
10007474,510300C2408M03600,300ETF购8月3600,10000,2024-06-27,2024-08-28,2024-08-28,3.6,C,E,1,Option,510300.XSHG,510300.XSHG,XSHG,0,"09:31-11:30,13:01-15:00",10007474
10007475,510300C2408M03700,300ETF购8月3700,10000,2024-06-27,2024-08-28,2024-08-28,3.7,C,E,1,Option,510300.XSHG,510300.XSHG,XSHG,0,"09:31-11:30,13:01-15:00",10007475
10007476,510300C2408M03800,300ETF购8月3800,10000,2024-06-27,2024-08-28,2024-08-28,3.8,C,E,1,Option,510300.XSHG,510300.XSHG,XSHG,0,"09:31-11:30,13:01-15:00",10007476
10007477,510300C2408M03900,300ETF购8月3900,10000,2024-06-27,2024-08-28,2024-08-28,3.9,C,E,1,Option,510300.XSHG,510300.XSHG,XSHG,0,"09:31-11:30,13:01-15:00",10007477
10007478,510300P2408M03100,300ETF沽8月3100,10000,2024-06-27,2024-08-28,2024-08-28,3.1,P,E,1,Option,510300.XSHG,510300.XSHG,XSHG,0,"09:31-11:30,13:01-15:00",10007478
10007479,510300P2408M03200,300ETF沽8月3200,10000,2024-06-27,2024-08-28,2024-08-28,3.2,P,E,1,Option,510300.XSHG,510300.XSHG,XSHG,0,"09:31-11:30,13:01-15:00",10007479
10007480,510300P2408M03300,300ETF沽8月3300,10000,2024-06-27,2024-08-28,2024-08-28,3.3,P,E,1,Option,510300.XSHG,510300.XSHG,XSHG,0,"09:31-11:30,13:01-15:00",10007480
10007481,510300P2408M03400,300ETF沽8月3400,10000,2024-06-27,2024-08-28,2024-08-28,3.4,P,E,1,Option,510300.XSHG,510300.XSHG,XSHG,0,"09:31-11:30,13:01-15:00",10007481
10007482,510300P2408M03500,300ETF沽8月3500,10000,2024-06-27,2024-08-28,2024-08-28,3.5,P,E,1,Option,510300.XSHG,510300.XSHG,XSHG,0,"09:31-11:30,13:01-15:00",10007482
10007483,510300P2408M03600,300ETF沽8月3600,10000,2024-06-27,2024-08-28,2024-08-28,3.6,P,E,1,Option,510300.XSHG,510300.XSHG,XSHG,0,"09:31-11:30,13:01-15:00",10007483
10007484,510300P2408M03700,300ETF沽8月3700,10000,2024-06-27,2024-08-28,2024-08-28,3.7,P,E,1,Option,510300.XSHG,510300.XSHG,XSHG,0,"09:31-11:30,13:01-15:00",10007484
10007485,510300P2408M03800,300ETF沽8月3800,10000,2024-06-27,2024-08-28,2024-08-28,3.8,P,E,1,Option,510300.XSHG,510300.XSHG,XSHG,0,"09:31-11:30,13:01-15:00",10007485
10007486,510300P2408M03900,300ETF沽8月3900,10000,2024-06-27,2024-08-28,2024-08-28,3.9,P,E,1,Option,510300.XSHG,510300.XSHG,XSHG,0,"09:31-11:30,13:01-15:00",10007486
10007567,510300C2407M03000,300ETF购7月3000,10000,2024-07-09,2024-07-24,2024-07-24,3.0,C,E,1,Option,510300.XSHG,510300.XSHG,XSHG,0,"09:31-11:30,13:01-15:00",10007567
10007568,510300P2407M03000,300ETF沽7月3000,10000,2024-07-09,2024-07-24,2024-07-24,3.0,P,E,1,Option,510300.XSHG,510300.XSHG,XSHG,0,"09:31-11:30,13:01-15:00",10007568
10007569,510300C2408M03000,300ETF购8月3000,10000,2024-07-09,2024-08-28,2024-08-28,3.0,C,E,1,Option,510300.XSHG,510300.XSHG,XSHG,0,"09:31-11:30,13:01-15:00",10007569
10007570,510300P2408M03000,300ETF沽8月3000,10000,2024-07-09,2024-08-28,2024-08-28,3.0,P,E,1,Option,510300.XSHG,510300.XSHG,XSHG,0,"09:31-11:30,13:01-15:00",10007570
10007571,510300C2412M03000,300ETF购12月3000,10000,2024-07-09,2024-12-25,2024-12-25,3.0,C,E,1,Option,510300.XSHG,510300.XSHG,XSHG,0,"09:31-11:30,13:01-15:00",10007571
10007572,510300P2412M03000,300ETF沽12月3000,10000,2024-07-09,2024-12-25,2024-12-25,3.0,P,E,1,Option,510300.XSHG,510300.XSHG,XSHG,0,"09:31-11:30,13:01-15:00",10007572
10007583,510300C2408M04000,300ETF购8月4000,10000,2024-07-17,2024-08-28,2024-08-28,4.0,C,E,1,Option,510300.XSHG,510300.XSHG,XSHG,0,"09:31-11:30,13:01-15:00",10007583
10007584,510300P2408M04000,300ETF沽8月4000,10000,2024-07-17,2024-08-28,2024-08-28,4.0,P,E,1,Option,510300.XSHG,510300.XSHG,XSHG,0,"09:31-11:30,13:01-15:00",10007584
10007613,510300C2503M03100,300ETF购3月3100,10000,2024-07-25,2025-03-26,2025-03-26,3.1,C,E,1,Option,510300.XSHG,510300.XSHG,XSHG,0,"09:31-11:30,13:01-15:00",10007613
10007614,510300C2503M03200,300ETF购3月3200,10000,2024-07-25,2025-03-26,2025-03-26,3.2,C,E,1,Option,510300.XSHG,510300.XSHG,XSHG,0,"09:31-11:30,13:01-15:00",10007614
10007615,510300C2503M03300,300ETF购3月3300,10000,2024-07-25,2025-03-26,2025-03-26,3.3,C,E,1,Option,510300.XSHG,510300.XSHG,XSHG,0,"09:31-11:30,13:01-15:00",10007615
10007616,510300C2503M03400,300ETF购3月3400,10000,2024-07-25,2025-03-26,2025-03-26,3.4,C,E,1,Option,510300.XSHG,510300.XSHG,XSHG,0,"09:31-11:30,13:01-15:00",10007616
10007617,510300C2503M03500,300ETF购3月3500,10000,2024-07-25,2025-03-26,2025-03-26,3.5,C,E,1,Option,510300.XSHG,510300.XSHG,XSHG,0,"09:31-11:30,13:01-15:00",10007617
10007618,510300C2503M03600,300ETF购3月3600,10000,2024-07-25,2025-03-26,2025-03-26,3.6,C,E,1,Option,510300.XSHG,510300.XSHG,XSHG,0,"09:31-11:30,13:01-15:00",10007618
10007619,510300C2503M03700,300ETF购3月3700,10000,2024-07-25,2025-03-26,2025-03-26,3.7,C,E,1,Option,510300.XSHG,510300.XSHG,XSHG,0,"09:31-11:30,13:01-15:00",10007619
10007620,510300C2503M03800,300ETF购3月3800,10000,2024-07-25,2025-03-26,2025-03-26,3.8,C,E,1,Option,510300.XSHG,510300.XSHG,XSHG,0,"09:31-11:30,13:01-15:00",10007620
10007621,510300C2503M03900,300ETF购3月3900,10000,2024-07-25,2025-03-26,2025-03-26,3.9,C,E,1,Option,510300.XSHG,510300.XSHG,XSHG,0,"09:31-11:30,13:01-15:00",10007621
10007622,510300P2503M03100,300ETF沽3月3100,10000,2024-07-25,2025-03-26,2025-03-26,3.1,P,E,1,Option,510300.XSHG,510300.XSHG,XSHG,0,"09:31-11:30,13:01-15:00",10007622
10007623,510300P2503M03200,300ETF沽3月3200,10000,2024-07-25,2025-03-26,2025-03-26,3.2,P,E,1,Option,510300.XSHG,510300.XSHG,XSHG,0,"09:31-11:30,13:01-15:00",10007623
10007624,510300P2503M03300,300ETF沽3月3300,10000,2024-07-25,2025-03-26,2025-03-26,3.3,P,E,1,Option,510300.XSHG,510300.XSHG,XSHG,0,"09:31-11:30,13:01-15:00",10007624
10007625,510300P2503M03400,300ETF沽3月3400,10000,2024-07-25,2025-03-26,2025-03-26,3.4,P,E,1,Option,510300.XSHG,510300.XSHG,XSHG,0,"09:31-11:30,13:01-15:00",10007625
10007626,510300P2503M03500,300ETF沽3月3500,10000,2024-07-25,2025-03-26,2025-03-26,3.5,P,E,1,Option,510300.XSHG,510300.XSHG,XSHG,0,"09:31-11:30,13:01-15:00",10007626
10007627,510300P2503M03600,300ETF沽3月3600,10000,2024-07-25,2025-03-26,2025-03-26,3.6,P,E,1,Option,510300.XSHG,510300.XSHG,XSHG,0,"09:31-11:30,13:01-15:00",10007627
10007628,510300P2503M03700,300ETF沽3月3700,10000,2024-07-25,2025-03-26,2025-03-26,3.7,P,E,1,Option,510300.XSHG,510300.XSHG,XSHG,0,"09:31-11:30,13:01-15:00",10007628
10007629,510300P2503M03800,300ETF沽3月3800,10000,2024-07-25,2025-03-26,2025-03-26,3.8,P,E,1,Option,510300.XSHG,510300.XSHG,XSHG,0,"09:31-11:30,13:01-15:00",10007629
10007630,510300P2503M03900,300ETF沽3月3900,10000,2024-07-25,2025-03-26,2025-03-26,3.9,P,E,1,Option,510300.XSHG,510300.XSHG,XSHG,0,"09:31-11:30,13:01-15:00",10007630
10007691,510300C2503M03000,300ETF购3月3000,10000,2024-07-31,2025-03-26,2025-03-26,3.0,C,E,1,Option,510300.XSHG,510300.XSHG,XSHG,0,"09:31-11:30,13:01-15:00",10007691
10007692,510300P2503M03000,300ETF沽3月3000,10000,2024-07-31,2025-03-26,2025-03-26,3.0,P,E,1,Option,510300.XSHG,510300.XSHG,XSHG,0,"09:31-11:30,13:01-15:00",10007692
10007727,510300C2410M03000,300ETF购10月3000,10000,2024-08-29,2024-10-23,2024-10-23,3.0,C,E,1,Option,510300.XSHG,510300.XSHG,XSHG,0,"09:31-11:30,13:01-15:00",10007727
10007728,510300C2410M03100,300ETF购10月3100,10000,2024-08-29,2024-10-23,2024-10-23,3.1,C,E,1,Option,510300.XSHG,510300.XSHG,XSHG,0,"09:31-11:30,13:01-15:00",10007728
10007729,510300C2410M03200,300ETF购10月3200,10000,2024-08-29,2024-10-23,2024-10-23,3.2,C,E,1,Option,510300.XSHG,510300.XSHG,XSHG,0,"09:31-11:30,13:01-15:00",10007729
10007730,510300C2410M03300,300ETF购10月3300,10000,2024-08-29,2024-10-23,2024-10-23,3.3,C,E,1,Option,510300.XSHG,510300.XSHG,XSHG,0,"09:31-11:30,13:01-15:00",10007730
10007731,510300C2410M03400,300ETF购10月3400,10000,2024-08-29,2024-10-23,2024-10-23,3.4,C,E,1,Option,510300.XSHG,510300.XSHG,XSHG,0,"09:31-11:30,13:01-15:00",10007731
10007732,510300C2410M03500,300ETF购10月3500,10000,2024-08-29,2024-10-23,2024-10-23,3.5,C,E,1,Option,510300.XSHG,510300.XSHG,XSHG,0,"09:31-11:30,13:01-15:00",10007732
10007733,510300C2410M03600,300ETF购10月3600,10000,2024-08-29,2024-10-23,2024-10-23,3.6,C,E,1,Option,510300.XSHG,510300.XSHG,XSHG,0,"09:31-11:30,13:01-15:00",10007733
10007734,510300C2410M03700,300ETF购10月3700,10000,2024-08-29,2024-10-23,2024-10-23,3.7,C,E,1,Option,510300.XSHG,510300.XSHG,XSHG,0,"09:31-11:30,13:01-15:00",10007734
10007735,510300C2410M03800,300ETF购10月3800,10000,2024-08-29,2024-10-23,2024-10-23,3.8,C,E,1,Option,510300.XSHG,510300.XSHG,XSHG,0,"09:31-11:30,13:01-15:00",10007735
10007736,510300P2410M03000,300ETF沽10月3000,10000,2024-08-29,2024-10-23,2024-10-23,3.0,P,E,1,Option,510300.XSHG,510300.XSHG,XSHG,0,"09:31-11:30,13:01-15:00",10007736
10007737,510300P2410M03100,300ETF沽10月3100,10000,2024-08-29,2024-10-23,2024-10-23,3.1,P,E,1,Option,510300.XSHG,510300.XSHG,XSHG,0,"09:31-11:30,13:01-15:00",10007737
10007738,510300P2410M03200,300ETF沽10月3200,10000,2024-08-29,2024-10-23,2024-10-23,3.2,P,E,1,Option,510300.XSHG,510300.XSHG,XSHG,0,"09:31-11:30,13:01-15:00",10007738
10007739,510300P2410M03300,300ETF沽10月3300,10000,2024-08-29,2024-10-23,2024-10-23,3.3,P,E,1,Option,510300.XSHG,510300.XSHG,XSHG,0,"09:31-11:30,13:01-15:00",10007739
10007740,510300P2410M03400,300ETF沽10月3400,10000,2024-08-29,2024-10-23,2024-10-23,3.4,P,E,1,Option,510300.XSHG,510300.XSHG,XSHG,0,"09:31-11:30,13:01-15:00",10007740
10007741,510300P2410M03500,300ETF沽10月3500,10000,2024-08-29,2024-10-23,2024-10-23,3.5,P,E,1,Option,510300.XSHG,510300.XSHG,XSHG,0,"09:31-11:30,13:01-15:00",10007741
10007742,510300P2410M03600,300ETF沽10月3600,10000,2024-08-29,2024-10-23,2024-10-23,3.6,P,E,1,Option,510300.XSHG,510300.XSHG,XSHG,0,"09:31-11:30,13:01-15:00",10007742
10007743,510300P2410M03700,300ETF沽10月3700,10000,2024-08-29,2024-10-23,2024-10-23,3.7,P,E,1,Option,510300.XSHG,510300.XSHG,XSHG,0,"09:31-11:30,13:01-15:00",10007743
10007744,510300P2410M03800,300ETF沽10月3800,10000,2024-08-29,2024-10-23,2024-10-23,3.8,P,E,1,Option,510300.XSHG,510300.XSHG,XSHG,0,"09:31-11:30,13:01-15:00",10007744
10007801,510300C2410M02950,300ETF购10月2950,10000,2024-08-30,2024-10-23,2024-10-23,2.95,C,E,1,Option,510300.XSHG,510300.XSHG,XSHG,0,"09:31-11:30,13:01-15:00",10007801
10007802,510300P2410M02950,300ETF沽10月2950,10000,2024-08-30,2024-10-23,2024-10-23,2.95,P,E,1,Option,510300.XSHG,510300.XSHG,XSHG,0,"09:31-11:30,13:01-15:00",10007802
10007803,510300C2412M02950,300ETF购12月2950,10000,2024-08-30,2024-12-25,2024-12-25,2.95,C,E,1,Option,510300.XSHG,510300.XSHG,XSHG,0,"09:31-11:30,13:01-15:00",10007803
10007804,510300P2412M02950,300ETF沽12月2950,10000,2024-08-30,2024-12-25,2024-12-25,2.95,P,E,1,Option,510300.XSHG,510300.XSHG,XSHG,0,"09:31-11:30,13:01-15:00",10007804
10007805,510300C2503M02950,300ETF购3月2950,10000,2024-08-30,2025-03-26,2025-03-26,2.95,C,E,1,Option,510300.XSHG,510300.XSHG,XSHG,0,"09:31-11:30,13:01-15:00",10007805
10007806,510300P2503M02950,300ETF沽3月2950,10000,2024-08-30,2025-03-26,2025-03-26,2.95,P,E,1,Option,510300.XSHG,510300.XSHG,XSHG,0,"09:31-11:30,13:01-15:00",10007806
10007831,510300C2410M02900,300ETF购10月2900,10000,2024-09-13,2024-10-23,2024-10-23,2.9,C,E,1,Option,510300.XSHG,510300.XSHG,XSHG,0,"09:31-11:30,13:01-15:00",10007831
10007832,510300P2410M02900,300ETF沽10月2900,10000,2024-09-13,2024-10-23,2024-10-23,2.9,P,E,1,Option,510300.XSHG,510300.XSHG,XSHG,0,"09:31-11:30,13:01-15:00",10007832
10007833,510300C2412M02900,300ETF购12月2900,10000,2024-09-13,2024-12-25,2024-12-25,2.9,C,E,1,Option,510300.XSHG,510300.XSHG,XSHG,0,"09:31-11:30,13:01-15:00",10007833
10007834,510300P2412M02900,300ETF沽12月2900,10000,2024-09-13,2024-12-25,2024-12-25,2.9,P,E,1,Option,510300.XSHG,510300.XSHG,XSHG,0,"09:31-11:30,13:01-15:00",10007834
10007835,510300C2503M02900,300ETF购3月2900,10000,2024-09-13,2025-03-26,2025-03-26,2.9,C,E,1,Option,510300.XSHG,510300.XSHG,XSHG,0,"09:31-11:30,13:01-15:00",10007835
10007836,510300P2503M02900,300ETF沽3月2900,10000,2024-09-13,2025-03-26,2025-03-26,2.9,P,E,1,Option,510300.XSHG,510300.XSHG,XSHG,0,"09:31-11:30,13:01-15:00",10007836
10007859,510300C2410M03900,300ETF购10月3900,10000,2024-09-26,2024-10-23,2024-10-23,3.9,C,E,1,Option,510300.XSHG,510300.XSHG,XSHG,0,"09:31-11:30,13:01-15:00",10007859
10007860,510300P2410M03900,300ETF沽10月3900,10000,2024-09-26,2024-10-23,2024-10-23,3.9,P,E,1,Option,510300.XSHG,510300.XSHG,XSHG,0,"09:31-11:30,13:01-15:00",10007860
10007879,510300C2411M03100,300ETF购11月3100,10000,2024-09-26,2024-11-27,2024-11-27,3.1,C,E,1,Option,510300.XSHG,510300.XSHG,XSHG,0,"09:31-11:30,13:01-15:00",10007879
10007880,510300C2411M03200,300ETF购11月3200,10000,2024-09-26,2024-11-27,2024-11-27,3.2,C,E,1,Option,510300.XSHG,510300.XSHG,XSHG,0,"09:31-11:30,13:01-15:00",10007880
10007881,510300C2411M03300,300ETF购11月3300,10000,2024-09-26,2024-11-27,2024-11-27,3.3,C,E,1,Option,510300.XSHG,510300.XSHG,XSHG,0,"09:31-11:30,13:01-15:00",10007881
10007882,510300C2411M03400,300ETF购11月3400,10000,2024-09-26,2024-11-27,2024-11-27,3.4,C,E,1,Option,510300.XSHG,510300.XSHG,XSHG,0,"09:31-11:30,13:01-15:00",10007882
10007883,510300C2411M03500,300ETF购11月3500,10000,2024-09-26,2024-11-27,2024-11-27,3.5,C,E,1,Option,510300.XSHG,510300.XSHG,XSHG,0,"09:31-11:30,13:01-15:00",10007883
10007884,510300C2411M03600,300ETF购11月3600,10000,2024-09-26,2024-11-27,2024-11-27,3.6,C,E,1,Option,510300.XSHG,510300.XSHG,XSHG,0,"09:31-11:30,13:01-15:00",10007884
10007885,510300C2411M03700,300ETF购11月3700,10000,2024-09-26,2024-11-27,2024-11-27,3.7,C,E,1,Option,510300.XSHG,510300.XSHG,XSHG,0,"09:31-11:30,13:01-15:00",10007885
10007886,510300C2411M03800,300ETF购11月3800,10000,2024-09-26,2024-11-27,2024-11-27,3.8,C,E,1,Option,510300.XSHG,510300.XSHG,XSHG,0,"09:31-11:30,13:01-15:00",10007886
10007887,510300C2411M03900,300ETF购11月3900,10000,2024-09-26,2024-11-27,2024-11-27,3.9,C,E,1,Option,510300.XSHG,510300.XSHG,XSHG,0,"09:31-11:30,13:01-15:00",10007887
10007888,510300P2411M03100,300ETF沽11月3100,10000,2024-09-26,2024-11-27,2024-11-27,3.1,P,E,1,Option,510300.XSHG,510300.XSHG,XSHG,0,"09:31-11:30,13:01-15:00",10007888
10007889,510300P2411M03200,300ETF沽11月3200,10000,2024-09-26,2024-11-27,2024-11-27,3.2,P,E,1,Option,510300.XSHG,510300.XSHG,XSHG,0,"09:31-11:30,13:01-15:00",10007889
10007890,510300P2411M03300,300ETF沽11月3300,10000,2024-09-26,2024-11-27,2024-11-27,3.3,P,E,1,Option,510300.XSHG,510300.XSHG,XSHG,0,"09:31-11:30,13:01-15:00",10007890
10007891,510300P2411M03400,300ETF沽11月3400,10000,2024-09-26,2024-11-27,2024-11-27,3.4,P,E,1,Option,510300.XSHG,510300.XSHG,XSHG,0,"09:31-11:30,13:01-15:00",10007891
10007892,510300P2411M03500,300ETF沽11月3500,10000,2024-09-26,2024-11-27,2024-11-27,3.5,P,E,1,Option,510300.XSHG,510300.XSHG,XSHG,0,"09:31-11:30,13:01-15:00",10007892
10007893,510300P2411M03600,300ETF沽11月3600,10000,2024-09-26,2024-11-27,2024-11-27,3.6,P,E,1,Option,510300.XSHG,510300.XSHG,XSHG,0,"09:31-11:30,13:01-15:00",10007893
10007894,510300P2411M03700,300ETF沽11月3700,10000,2024-09-26,2024-11-27,2024-11-27,3.7,P,E,1,Option,510300.XSHG,510300.XSHG,XSHG,0,"09:31-11:30,13:01-15:00",10007894
10007895,510300P2411M03800,300ETF沽11月3800,10000,2024-09-26,2024-11-27,2024-11-27,3.8,P,E,1,Option,510300.XSHG,510300.XSHG,XSHG,0,"09:31-11:30,13:01-15:00",10007895
10007896,510300P2411M03900,300ETF沽11月3900,10000,2024-09-26,2024-11-27,2024-11-27,3.9,P,E,1,Option,510300.XSHG,510300.XSHG,XSHG,0,"09:31-11:30,13:01-15:00",10007896
10007965,510300C2410M04000,300ETF购10月4000,10000,2024-09-27,2024-10-23,2024-10-23,4.0,C,E,1,Option,510300.XSHG,510300.XSHG,XSHG,0,"09:31-11:30,13:01-15:00",10007965
10007966,510300P2410M04000,300ETF沽10月4000,10000,2024-09-27,2024-10-23,2024-10-23,4.0,P,E,1,Option,510300.XSHG,510300.XSHG,XSHG,0,"09:31-11:30,13:01-15:00",10007966
10007967,510300C2411M04000,300ETF购11月4000,10000,2024-09-27,2024-11-27,2024-11-27,4.0,C,E,1,Option,510300.XSHG,510300.XSHG,XSHG,0,"09:31-11:30,13:01-15:00",10007967
10007968,510300P2411M04000,300ETF沽11月4000,10000,2024-09-27,2024-11-27,2024-11-27,4.0,P,E,1,Option,510300.XSHG,510300.XSHG,XSHG,0,"09:31-11:30,13:01-15:00",10007968
10007969,510300C2503M04000,300ETF购3月4000,10000,2024-09-27,2025-03-26,2025-03-26,4.0,C,E,1,Option,510300.XSHG,510300.XSHG,XSHG,0,"09:31-11:30,13:01-15:00",10007969
10007970,510300P2503M04000,300ETF沽3月4000,10000,2024-09-27,2025-03-26,2025-03-26,4.0,P,E,1,Option,510300.XSHG,510300.XSHG,XSHG,0,"09:31-11:30,13:01-15:00",10007970
10007997,510300C2410M04100,300ETF购10月4100,10000,2024-09-30,2024-10-23,2024-10-23,4.1,C,E,1,Option,510300.XSHG,510300.XSHG,XSHG,0,"09:31-11:30,13:01-15:00",10007997
10007998,510300C2410M04200,300ETF购10月4200,10000,2024-09-30,2024-10-23,2024-10-23,4.2,C,E,1,Option,510300.XSHG,510300.XSHG,XSHG,0,"09:31-11:30,13:01-15:00",10007998
10007999,510300C2410M04300,300ETF购10月4300,10000,2024-09-30,2024-10-23,2024-10-23,4.3,C,E,1,Option,510300.XSHG,510300.XSHG,XSHG,0,"09:31-11:30,13:01-15:00",10007999
10008000,510300P2410M04100,300ETF沽10月4100,10000,2024-09-30,2024-10-23,2024-10-23,4.1,P,E,1,Option,510300.XSHG,510300.XSHG,XSHG,0,"09:31-11:30,13:01-15:00",10008000
10008001,510300P2410M04200,300ETF沽10月4200,10000,2024-09-30,2024-10-23,2024-10-23,4.2,P,E,1,Option,510300.XSHG,510300.XSHG,XSHG,0,"09:31-11:30,13:01-15:00",10008001
10008002,510300P2410M04300,300ETF沽10月4300,10000,2024-09-30,2024-10-23,2024-10-23,4.3,P,E,1,Option,510300.XSHG,510300.XSHG,XSHG,0,"09:31-11:30,13:01-15:00",10008002
10008003,510300C2411M04100,300ETF购11月4100,10000,2024-09-30,2024-11-27,2024-11-27,4.1,C,E,1,Option,510300.XSHG,510300.XSHG,XSHG,0,"09:31-11:30,13:01-15:00",10008003
10008004,510300C2411M04200,300ETF购11月4200,10000,2024-09-30,2024-11-27,2024-11-27,4.2,C,E,1,Option,510300.XSHG,510300.XSHG,XSHG,0,"09:31-11:30,13:01-15:00",10008004
10008005,510300C2411M04300,300ETF购11月4300,10000,2024-09-30,2024-11-27,2024-11-27,4.3,C,E,1,Option,510300.XSHG,510300.XSHG,XSHG,0,"09:31-11:30,13:01-15:00",10008005
10008006,510300P2411M04100,300ETF沽11月4100,10000,2024-09-30,2024-11-27,2024-11-27,4.1,P,E,1,Option,510300.XSHG,510300.XSHG,XSHG,0,"09:31-11:30,13:01-15:00",10008006
10008007,510300P2411M04200,300ETF沽11月4200,10000,2024-09-30,2024-11-27,2024-11-27,4.2,P,E,1,Option,510300.XSHG,510300.XSHG,XSHG,0,"09:31-11:30,13:01-15:00",10008007
10008008,510300P2411M04300,300ETF沽11月4300,10000,2024-09-30,2024-11-27,2024-11-27,4.3,P,E,1,Option,510300.XSHG,510300.XSHG,XSHG,0,"09:31-11:30,13:01-15:00",10008008
10008009,510300C2412M04200,300ETF购12月4200,10000,2024-09-30,2024-12-25,2024-12-25,4.2,C,E,1,Option,510300.XSHG,510300.XSHG,XSHG,0,"09:31-11:30,13:01-15:00",10008009
10008010,510300C2412M04300,300ETF购12月4300,10000,2024-09-30,2024-12-25,2024-12-25,4.3,C,E,1,Option,510300.XSHG,510300.XSHG,XSHG,0,"09:31-11:30,13:01-15:00",10008010
10008011,510300P2412M04200,300ETF沽12月4200,10000,2024-09-30,2024-12-25,2024-12-25,4.2,P,E,1,Option,510300.XSHG,510300.XSHG,XSHG,0,"09:31-11:30,13:01-15:00",10008011
10008012,510300P2412M04300,300ETF沽12月4300,10000,2024-09-30,2024-12-25,2024-12-25,4.3,P,E,1,Option,510300.XSHG,510300.XSHG,XSHG,0,"09:31-11:30,13:01-15:00",10008012
10008013,510300C2503M04100,300ETF购3月4100,10000,2024-09-30,2025-03-26,2025-03-26,4.1,C,E,1,Option,510300.XSHG,510300.XSHG,XSHG,0,"09:31-11:30,13:01-15:00",10008013
10008014,510300C2503M04200,300ETF购3月4200,10000,2024-09-30,2025-03-26,2025-03-26,4.2,C,E,1,Option,510300.XSHG,510300.XSHG,XSHG,0,"09:31-11:30,13:01-15:00",10008014
10008015,510300C2503M04300,300ETF购3月4300,10000,2024-09-30,2025-03-26,2025-03-26,4.3,C,E,1,Option,510300.XSHG,510300.XSHG,XSHG,0,"09:31-11:30,13:01-15:00",10008015
10008016,510300P2503M04100,300ETF沽3月4100,10000,2024-09-30,2025-03-26,2025-03-26,4.1,P,E,1,Option,510300.XSHG,510300.XSHG,XSHG,0,"09:31-11:30,13:01-15:00",10008016
10008017,510300P2503M04200,300ETF沽3月4200,10000,2024-09-30,2025-03-26,2025-03-26,4.2,P,E,1,Option,510300.XSHG,510300.XSHG,XSHG,0,"09:31-11:30,13:01-15:00",10008017
10008018,510300P2503M04300,300ETF沽3月4300,10000,2024-09-30,2025-03-26,2025-03-26,4.3,P,E,1,Option,510300.XSHG,510300.XSHG,XSHG,0,"09:31-11:30,13:01-15:00",10008018
10008071,510300C2410M04400,300ETF购10月4400,10000,2024-10-08,2024-10-23,2024-10-23,4.4,C,E,1,Option,510300.XSHG,510300.XSHG,XSHG,0,"09:31-11:30,13:01-15:00",10008071
10008072,510300C2410M04500,300ETF购10月4500,10000,2024-10-08,2024-10-23,2024-10-23,4.5,C,E,1,Option,510300.XSHG,510300.XSHG,XSHG,0,"09:31-11:30,13:01-15:00",10008072
10008073,510300C2410M04600,300ETF购10月4600,10000,2024-10-08,2024-10-23,2024-10-23,4.6,C,E,1,Option,510300.XSHG,510300.XSHG,XSHG,0,"09:31-11:30,13:01-15:00",10008073
10008074,510300P2410M04400,300ETF沽10月4400,10000,2024-10-08,2024-10-23,2024-10-23,4.4,P,E,1,Option,510300.XSHG,510300.XSHG,XSHG,0,"09:31-11:30,13:01-15:00",10008074
10008075,510300P2410M04500,300ETF沽10月4500,10000,2024-10-08,2024-10-23,2024-10-23,4.5,P,E,1,Option,510300.XSHG,510300.XSHG,XSHG,0,"09:31-11:30,13:01-15:00",10008075
10008076,510300P2410M04600,300ETF沽10月4600,10000,2024-10-08,2024-10-23,2024-10-23,4.6,P,E,1,Option,510300.XSHG,510300.XSHG,XSHG,0,"09:31-11:30,13:01-15:00",10008076
10008077,510300C2411M04400,300ETF购11月4400,10000,2024-10-08,2024-11-27,2024-11-27,4.4,C,E,1,Option,510300.XSHG,510300.XSHG,XSHG,0,"09:31-11:30,13:01-15:00",10008077
10008078,510300C2411M04500,300ETF购11月4500,10000,2024-10-08,2024-11-27,2024-11-27,4.5,C,E,1,Option,510300.XSHG,510300.XSHG,XSHG,0,"09:31-11:30,13:01-15:00",10008078
10008079,510300C2411M04600,300ETF购11月4600,10000,2024-10-08,2024-11-27,2024-11-27,4.6,C,E,1,Option,510300.XSHG,510300.XSHG,XSHG,0,"09:31-11:30,13:01-15:00",10008079
10008080,510300P2411M04400,300ETF沽11月4400,10000,2024-10-08,2024-11-27,2024-11-27,4.4,P,E,1,Option,510300.XSHG,510300.XSHG,XSHG,0,"09:31-11:30,13:01-15:00",10008080
10008081,510300P2411M04500,300ETF沽11月4500,10000,2024-10-08,2024-11-27,2024-11-27,4.5,P,E,1,Option,510300.XSHG,510300.XSHG,XSHG,0,"09:31-11:30,13:01-15:00",10008081
10008082,510300P2411M04600,300ETF沽11月4600,10000,2024-10-08,2024-11-27,2024-11-27,4.6,P,E,1,Option,510300.XSHG,510300.XSHG,XSHG,0,"09:31-11:30,13:01-15:00",10008082
10008083,510300C2412M04400,300ETF购12月4400,10000,2024-10-08,2024-12-25,2024-12-25,4.4,C,E,1,Option,510300.XSHG,510300.XSHG,XSHG,0,"09:31-11:30,13:01-15:00",10008083
10008084,510300C2412M04500,300ETF购12月4500,10000,2024-10-08,2024-12-25,2024-12-25,4.5,C,E,1,Option,510300.XSHG,510300.XSHG,XSHG,0,"09:31-11:30,13:01-15:00",10008084
10008085,510300C2412M04600,300ETF购12月4600,10000,2024-10-08,2024-12-25,2024-12-25,4.6,C,E,1,Option,510300.XSHG,510300.XSHG,XSHG,0,"09:31-11:30,13:01-15:00",10008085
10008086,510300P2412M04400,300ETF沽12月4400,10000,2024-10-08,2024-12-25,2024-12-25,4.4,P,E,1,Option,510300.XSHG,510300.XSHG,XSHG,0,"09:31-11:30,13:01-15:00",10008086
10008087,510300P2412M04500,300ETF沽12月4500,10000,2024-10-08,2024-12-25,2024-12-25,4.5,P,E,1,Option,510300.XSHG,510300.XSHG,XSHG,0,"09:31-11:30,13:01-15:00",10008087
10008088,510300P2412M04600,300ETF沽12月4600,10000,2024-10-08,2024-12-25,2024-12-25,4.6,P,E,1,Option,510300.XSHG,510300.XSHG,XSHG,0,"09:31-11:30,13:01-15:00",10008088
10008089,510300C2503M04400,300ETF购3月4400,10000,2024-10-08,2025-03-26,2025-03-26,4.4,C,E,1,Option,510300.XSHG,510300.XSHG,XSHG,0,"09:31-11:30,13:01-15:00",10008089
10008090,510300C2503M04500,300ETF购3月4500,10000,2024-10-08,2025-03-26,2025-03-26,4.5,C,E,1,Option,510300.XSHG,510300.XSHG,XSHG,0,"09:31-11:30,13:01-15:00",10008090
10008091,510300C2503M04600,300ETF购3月4600,10000,2024-10-08,2025-03-26,2025-03-26,4.6,C,E,1,Option,510300.XSHG,510300.XSHG,XSHG,0,"09:31-11:30,13:01-15:00",10008091
10008092,510300P2503M04400,300ETF沽3月4400,10000,2024-10-08,2025-03-26,2025-03-26,4.4,P,E,1,Option,510300.XSHG,510300.XSHG,XSHG,0,"09:31-11:30,13:01-15:00",10008092
10008093,510300P2503M04500,300ETF沽3月4500,10000,2024-10-08,2025-03-26,2025-03-26,4.5,P,E,1,Option,510300.XSHG,510300.XSHG,XSHG,0,"09:31-11:30,13:01-15:00",10008093
10008094,510300P2503M04600,300ETF沽3月4600,10000,2024-10-08,2025-03-26,2025-03-26,4.6,P,E,1,Option,510300.XSHG,510300.XSHG,XSHG,0,"09:31-11:30,13:01-15:00",10008094
10008173,510300C2410M04700,300ETF购10月4700,10000,2024-10-09,2024-10-23,2024-10-23,4.7,C,E,1,Option,510300.XSHG,510300.XSHG,XSHG,0,"09:31-11:30,13:01-15:00",10008173
10008174,510300C2410M04800,300ETF购10月4800,10000,2024-10-09,2024-10-23,2024-10-23,4.8,C,E,1,Option,510300.XSHG,510300.XSHG,XSHG,0,"09:31-11:30,13:01-15:00",10008174
10008175,510300P2410M04700,300ETF沽10月4700,10000,2024-10-09,2024-10-23,2024-10-23,4.7,P,E,1,Option,510300.XSHG,510300.XSHG,XSHG,0,"09:31-11:30,13:01-15:00",10008175
10008176,510300P2410M04800,300ETF沽10月4800,10000,2024-10-09,2024-10-23,2024-10-23,4.8,P,E,1,Option,510300.XSHG,510300.XSHG,XSHG,0,"09:31-11:30,13:01-15:00",10008176
10008177,510300C2411M04700,300ETF购11月4700,10000,2024-10-09,2024-11-27,2024-11-27,4.7,C,E,1,Option,510300.XSHG,510300.XSHG,XSHG,0,"09:31-11:30,13:01-15:00",10008177
10008178,510300C2411M04800,300ETF购11月4800,10000,2024-10-09,2024-11-27,2024-11-27,4.8,C,E,1,Option,510300.XSHG,510300.XSHG,XSHG,0,"09:31-11:30,13:01-15:00",10008178
10008179,510300P2411M04700,300ETF沽11月4700,10000,2024-10-09,2024-11-27,2024-11-27,4.7,P,E,1,Option,510300.XSHG,510300.XSHG,XSHG,0,"09:31-11:30,13:01-15:00",10008179
10008180,510300P2411M04800,300ETF沽11月4800,10000,2024-10-09,2024-11-27,2024-11-27,4.8,P,E,1,Option,510300.XSHG,510300.XSHG,XSHG,0,"09:31-11:30,13:01-15:00",10008180
10008181,510300C2412M04700,300ETF购12月4700,10000,2024-10-09,2024-12-25,2024-12-25,4.7,C,E,1,Option,510300.XSHG,510300.XSHG,XSHG,0,"09:31-11:30,13:01-15:00",10008181
10008182,510300C2412M04800,300ETF购12月4800,10000,2024-10-09,2024-12-25,2024-12-25,4.8,C,E,1,Option,510300.XSHG,510300.XSHG,XSHG,0,"09:31-11:30,13:01-15:00",10008182
10008183,510300P2412M04700,300ETF沽12月4700,10000,2024-10-09,2024-12-25,2024-12-25,4.7,P,E,1,Option,510300.XSHG,510300.XSHG,XSHG,0,"09:31-11:30,13:01-15:00",10008183
10008184,510300P2412M04800,300ETF沽12月4800,10000,2024-10-09,2024-12-25,2024-12-25,4.8,P,E,1,Option,510300.XSHG,510300.XSHG,XSHG,0,"09:31-11:30,13:01-15:00",10008184
10008185,510300C2503M04700,300ETF购3月4700,10000,2024-10-09,2025-03-26,2025-03-26,4.7,C,E,1,Option,510300.XSHG,510300.XSHG,XSHG,0,"09:31-11:30,13:01-15:00",10008185
10008186,510300C2503M04800,300ETF购3月4800,10000,2024-10-09,2025-03-26,2025-03-26,4.8,C,E,1,Option,510300.XSHG,510300.XSHG,XSHG,0,"09:31-11:30,13:01-15:00",10008186
10008187,510300P2503M04700,300ETF沽3月4700,10000,2024-10-09,2025-03-26,2025-03-26,4.7,P,E,1,Option,510300.XSHG,510300.XSHG,XSHG,0,"09:31-11:30,13:01-15:00",10008187
10008188,510300P2503M04800,300ETF沽3月4800,10000,2024-10-09,2025-03-26,2025-03-26,4.8,P,E,1,Option,510300.XSHG,510300.XSHG,XSHG,0,"09:31-11:30,13:01-15:00",10008188
10008279,510300C2506A03700,300ETF购6月3618A,10226,2024-10-24,2025-06-25,2025-06-25,3.618,C,E,1,Option,510300.XSHG,510300.XSHG,XSHG,0,"09:31-11:30,13:01-15:00",10008279
10008280,510300C2506A03800,300ETF购6月3716A,10226,2024-10-24,2025-06-25,2025-06-25,3.716,C,E,1,Option,510300.XSHG,510300.XSHG,XSHG,0,"09:31-11:30,13:01-15:00",10008280
10008281,510300C2506A03900,300ETF购6月3814A,10226,2024-10-24,2025-06-25,2025-06-25,3.814,C,E,1,Option,510300.XSHG,510300.XSHG,XSHG,0,"09:31-11:30,13:01-15:00",10008281
10008282,510300C2506A04000,300ETF购6月3912A,10226,2024-10-24,2025-06-25,2025-06-25,3.912,C,E,1,Option,510300.XSHG,510300.XSHG,XSHG,0,"09:31-11:30,13:01-15:00",10008282
10008283,510300C2506A04100,300ETF购6月4009A,10226,2024-10-24,2025-06-25,2025-06-25,4.009,C,E,1,Option,510300.XSHG,510300.XSHG,XSHG,0,"09:31-11:30,13:01-15:00",10008283
10008284,510300C2506A04200,300ETF购6月4107A,10226,2024-10-24,2025-06-25,2025-06-25,4.107,C,E,1,Option,510300.XSHG,510300.XSHG,XSHG,0,"09:31-11:30,13:01-15:00",10008284
10008285,510300C2506A04300,300ETF购6月4205A,10226,2024-10-24,2025-06-25,2025-06-25,4.205,C,E,1,Option,510300.XSHG,510300.XSHG,XSHG,0,"09:31-11:30,13:01-15:00",10008285
10008286,510300C2506A04400,300ETF购6月4303A,10226,2024-10-24,2025-06-25,2025-06-25,4.303,C,E,1,Option,510300.XSHG,510300.XSHG,XSHG,0,"09:31-11:30,13:01-15:00",10008286
10008287,510300C2506A04500,300ETF购6月4401A,10226,2024-10-24,2025-06-25,2025-06-25,4.401,C,E,1,Option,510300.XSHG,510300.XSHG,XSHG,0,"09:31-11:30,13:01-15:00",10008287
10008288,510300P2506A03700,300ETF沽6月3618A,10226,2024-10-24,2025-06-25,2025-06-25,3.618,P,E,1,Option,510300.XSHG,510300.XSHG,XSHG,0,"09:31-11:30,13:01-15:00",10008288
10008289,510300P2506A03800,300ETF沽6月3716A,10226,2024-10-24,2025-06-25,2025-06-25,3.716,P,E,1,Option,510300.XSHG,510300.XSHG,XSHG,0,"09:31-11:30,13:01-15:00",10008289
10008290,510300P2506A03900,300ETF沽6月3814A,10226,2024-10-24,2025-06-25,2025-06-25,3.814,P,E,1,Option,510300.XSHG,510300.XSHG,XSHG,0,"09:31-11:30,13:01-15:00",10008290
10008291,510300P2506A04000,300ETF沽6月3912A,10226,2024-10-24,2025-06-25,2025-06-25,3.912,P,E,1,Option,510300.XSHG,510300.XSHG,XSHG,0,"09:31-11:30,13:01-15:00",10008291
10008292,510300P2506A04100,300ETF沽6月4009A,10226,2024-10-24,2025-06-25,2025-06-25,4.009,P,E,1,Option,510300.XSHG,510300.XSHG,XSHG,0,"09:31-11:30,13:01-15:00",10008292
10008293,510300P2506A04200,300ETF沽6月4107A,10226,2024-10-24,2025-06-25,2025-06-25,4.107,P,E,1,Option,510300.XSHG,510300.XSHG,XSHG,0,"09:31-11:30,13:01-15:00",10008293
10008294,510300P2506A04300,300ETF沽6月4205A,10226,2024-10-24,2025-06-25,2025-06-25,4.205,P,E,1,Option,510300.XSHG,510300.XSHG,XSHG,0,"09:31-11:30,13:01-15:00",10008294
10008295,510300P2506A04400,300ETF沽6月4303A,10226,2024-10-24,2025-06-25,2025-06-25,4.303,P,E,1,Option,510300.XSHG,510300.XSHG,XSHG,0,"09:31-11:30,13:01-15:00",10008295
10008296,510300P2506A04500,300ETF沽6月4401A,10226,2024-10-24,2025-06-25,2025-06-25,4.401,P,E,1,Option,510300.XSHG,510300.XSHG,XSHG,0,"09:31-11:30,13:01-15:00",10008296
10008351,510300C2506A03600,300ETF购6月3520A,10226,2024-10-25,2025-06-25,2025-06-25,3.52,C,E,1,Option,510300.XSHG,510300.XSHG,XSHG,0,"09:31-11:30,13:01-15:00",10008351
10008352,510300P2506A03600,300ETF沽6月3520A,10226,2024-10-25,2025-06-25,2025-06-25,3.52,P,E,1,Option,510300.XSHG,510300.XSHG,XSHG,0,"09:31-11:30,13:01-15:00",10008352
10008369,510300C2506A04600,300ETF购6月4498A,10226,2024-11-08,2025-06-25,2025-06-25,4.498,C,E,1,Option,510300.XSHG,510300.XSHG,XSHG,0,"09:31-11:30,13:01-15:00",10008369
10008370,510300P2506A04600,300ETF沽6月4498A,10226,2024-11-08,2025-06-25,2025-06-25,4.498,P,E,1,Option,510300.XSHG,510300.XSHG,XSHG,0,"09:31-11:30,13:01-15:00",10008370
10008389,510300C2506A03500,300ETF购6月3423A,10226,2024-11-26,2025-06-25,2025-06-25,3.423,C,E,1,Option,510300.XSHG,510300.XSHG,XSHG,0,"09:31-11:30,13:01-15:00",10008389
10008390,510300P2506A03500,300ETF沽6月3423A,10226,2024-11-26,2025-06-25,2025-06-25,3.423,P,E,1,Option,510300.XSHG,510300.XSHG,XSHG,0,"09:31-11:30,13:01-15:00",10008390
10008409,510300C2501M03600,300ETF购1月3600,10000,2024-11-28,2025-01-22,2025-01-22,3.6,C,E,1,Option,510300.XSHG,510300.XSHG,XSHG,0,"09:31-11:30,13:01-15:00",10008409
10008410,510300C2501M03700,300ETF购1月3700,10000,2024-11-28,2025-01-22,2025-01-22,3.7,C,E,1,Option,510300.XSHG,510300.XSHG,XSHG,0,"09:31-11:30,13:01-15:00",10008410
10008411,510300C2501M03800,300ETF购1月3800,10000,2024-11-28,2025-01-22,2025-01-22,3.8,C,E,1,Option,510300.XSHG,510300.XSHG,XSHG,0,"09:31-11:30,13:01-15:00",10008411
10008412,510300C2501M03900,300ETF购1月3900,10000,2024-11-28,2025-01-22,2025-01-22,3.9,C,E,1,Option,510300.XSHG,510300.XSHG,XSHG,0,"09:31-11:30,13:01-15:00",10008412
10008413,510300C2501M04000,300ETF购1月4000,10000,2024-11-28,2025-01-22,2025-01-22,4.0,C,E,1,Option,510300.XSHG,510300.XSHG,XSHG,0,"09:31-11:30,13:01-15:00",10008413
10008414,510300C2501M04100,300ETF购1月4100,10000,2024-11-28,2025-01-22,2025-01-22,4.1,C,E,1,Option,510300.XSHG,510300.XSHG,XSHG,0,"09:31-11:30,13:01-15:00",10008414
10008415,510300C2501M04200,300ETF购1月4200,10000,2024-11-28,2025-01-22,2025-01-22,4.2,C,E,1,Option,510300.XSHG,510300.XSHG,XSHG,0,"09:31-11:30,13:01-15:00",10008415
10008416,510300C2501M04300,300ETF购1月4300,10000,2024-11-28,2025-01-22,2025-01-22,4.3,C,E,1,Option,510300.XSHG,510300.XSHG,XSHG,0,"09:31-11:30,13:01-15:00",10008416
10008417,510300C2501M04400,300ETF购1月4400,10000,2024-11-28,2025-01-22,2025-01-22,4.4,C,E,1,Option,510300.XSHG,510300.XSHG,XSHG,0,"09:31-11:30,13:01-15:00",10008417
10008418,510300P2501M03600,300ETF沽1月3600,10000,2024-11-28,2025-01-22,2025-01-22,3.6,P,E,1,Option,510300.XSHG,510300.XSHG,XSHG,0,"09:31-11:30,13:01-15:00",10008418
10008419,510300P2501M03700,300ETF沽1月3700,10000,2024-11-28,2025-01-22,2025-01-22,3.7,P,E,1,Option,510300.XSHG,510300.XSHG,XSHG,0,"09:31-11:30,13:01-15:00",10008419
10008420,510300P2501M03800,300ETF沽1月3800,10000,2024-11-28,2025-01-22,2025-01-22,3.8,P,E,1,Option,510300.XSHG,510300.XSHG,XSHG,0,"09:31-11:30,13:01-15:00",10008420
10008421,510300P2501M03900,300ETF沽1月3900,10000,2024-11-28,2025-01-22,2025-01-22,3.9,P,E,1,Option,510300.XSHG,510300.XSHG,XSHG,0,"09:31-11:30,13:01-15:00",10008421
10008422,510300P2501M04000,300ETF沽1月4000,10000,2024-11-28,2025-01-22,2025-01-22,4.0,P,E,1,Option,510300.XSHG,510300.XSHG,XSHG,0,"09:31-11:30,13:01-15:00",10008422
10008423,510300P2501M04100,300ETF沽1月4100,10000,2024-11-28,2025-01-22,2025-01-22,4.1,P,E,1,Option,510300.XSHG,510300.XSHG,XSHG,0,"09:31-11:30,13:01-15:00",10008423
10008424,510300P2501M04200,300ETF沽1月4200,10000,2024-11-28,2025-01-22,2025-01-22,4.2,P,E,1,Option,510300.XSHG,510300.XSHG,XSHG,0,"09:31-11:30,13:01-15:00",10008424
10008425,510300P2501M04300,300ETF沽1月4300,10000,2024-11-28,2025-01-22,2025-01-22,4.3,P,E,1,Option,510300.XSHG,510300.XSHG,XSHG,0,"09:31-11:30,13:01-15:00",10008425
10008426,510300P2501M04400,300ETF沽1月4400,10000,2024-11-28,2025-01-22,2025-01-22,4.4,P,E,1,Option,510300.XSHG,510300.XSHG,XSHG,0,"09:31-11:30,13:01-15:00",10008426
10008559,510300C2501M04500,300ETF购1月4500,10000,2024-12-09,2025-01-22,2025-01-22,4.5,C,E,1,Option,510300.XSHG,510300.XSHG,XSHG,0,"09:31-11:30,13:01-15:00",10008559
10008560,510300P2501M04500,300ETF沽1月4500,10000,2024-12-09,2025-01-22,2025-01-22,4.5,P,E,1,Option,510300.XSHG,510300.XSHG,XSHG,0,"09:31-11:30,13:01-15:00",10008560
10008591,510300C2502M03700,300ETF购2月3700,10000,2024-12-26,2025-02-26,2025-02-26,3.7,C,E,1,Option,510300.XSHG,510300.XSHG,XSHG,0,"09:31-11:30,13:01-15:00",10008591
10008592,510300C2502M03800,300ETF购2月3800,10000,2024-12-26,2025-02-26,2025-02-26,3.8,C,E,1,Option,510300.XSHG,510300.XSHG,XSHG,0,"09:31-11:30,13:01-15:00",10008592
10008593,510300C2502M03900,300ETF购2月3900,10000,2024-12-26,2025-02-26,2025-02-26,3.9,C,E,1,Option,510300.XSHG,510300.XSHG,XSHG,0,"09:31-11:30,13:01-15:00",10008593
10008594,510300C2502M04000,300ETF购2月4000,10000,2024-12-26,2025-02-26,2025-02-26,4.0,C,E,1,Option,510300.XSHG,510300.XSHG,XSHG,0,"09:31-11:30,13:01-15:00",10008594
10008595,510300C2502M04100,300ETF购2月4100,10000,2024-12-26,2025-02-26,2025-02-26,4.1,C,E,1,Option,510300.XSHG,510300.XSHG,XSHG,0,"09:31-11:30,13:01-15:00",10008595
10008596,510300C2502M04200,300ETF购2月4200,10000,2024-12-26,2025-02-26,2025-02-26,4.2,C,E,1,Option,510300.XSHG,510300.XSHG,XSHG,0,"09:31-11:30,13:01-15:00",10008596
10008597,510300C2502M04300,300ETF购2月4300,10000,2024-12-26,2025-02-26,2025-02-26,4.3,C,E,1,Option,510300.XSHG,510300.XSHG,XSHG,0,"09:31-11:30,13:01-15:00",10008597
10008598,510300C2502M04400,300ETF购2月4400,10000,2024-12-26,2025-02-26,2025-02-26,4.4,C,E,1,Option,510300.XSHG,510300.XSHG,XSHG,0,"09:31-11:30,13:01-15:00",10008598
10008599,510300C2502M04500,300ETF购2月4500,10000,2024-12-26,2025-02-26,2025-02-26,4.5,C,E,1,Option,510300.XSHG,510300.XSHG,XSHG,0,"09:31-11:30,13:01-15:00",10008599
10008600,510300P2502M03700,300ETF沽2月3700,10000,2024-12-26,2025-02-26,2025-02-26,3.7,P,E,1,Option,510300.XSHG,510300.XSHG,XSHG,0,"09:31-11:30,13:01-15:00",10008600
10008601,510300P2502M03800,300ETF沽2月3800,10000,2024-12-26,2025-02-26,2025-02-26,3.8,P,E,1,Option,510300.XSHG,510300.XSHG,XSHG,0,"09:31-11:30,13:01-15:00",10008601
10008602,510300P2502M03900,300ETF沽2月3900,10000,2024-12-26,2025-02-26,2025-02-26,3.9,P,E,1,Option,510300.XSHG,510300.XSHG,XSHG,0,"09:31-11:30,13:01-15:00",10008602
10008603,510300P2502M04000,300ETF沽2月4000,10000,2024-12-26,2025-02-26,2025-02-26,4.0,P,E,1,Option,510300.XSHG,510300.XSHG,XSHG,0,"09:31-11:30,13:01-15:00",10008603
10008604,510300P2502M04100,300ETF沽2月4100,10000,2024-12-26,2025-02-26,2025-02-26,4.1,P,E,1,Option,510300.XSHG,510300.XSHG,XSHG,0,"09:31-11:30,13:01-15:00",10008604
10008605,510300P2502M04200,300ETF沽2月4200,10000,2024-12-26,2025-02-26,2025-02-26,4.2,P,E,1,Option,510300.XSHG,510300.XSHG,XSHG,0,"09:31-11:30,13:01-15:00",10008605
10008606,510300P2502M04300,300ETF沽2月4300,10000,2024-12-26,2025-02-26,2025-02-26,4.3,P,E,1,Option,510300.XSHG,510300.XSHG,XSHG,0,"09:31-11:30,13:01-15:00",10008606
10008607,510300P2502M04400,300ETF沽2月4400,10000,2024-12-26,2025-02-26,2025-02-26,4.4,P,E,1,Option,510300.XSHG,510300.XSHG,XSHG,0,"09:31-11:30,13:01-15:00",10008607
10008608,510300P2502M04500,300ETF沽2月4500,10000,2024-12-26,2025-02-26,2025-02-26,4.5,P,E,1,Option,510300.XSHG,510300.XSHG,XSHG,0,"09:31-11:30,13:01-15:00",10008608
10008667,510300C2502M03600,300ETF购2月3600,10000,2025-01-02,2025-02-26,2025-02-26,3.6,C,E,1,Option,510300.XSHG,510300.XSHG,XSHG,0,"09:31-11:30,13:01-15:00",10008667
10008668,510300P2502M03600,300ETF沽2月3600,10000,2025-01-02,2025-02-26,2025-02-26,3.6,P,E,1,Option,510300.XSHG,510300.XSHG,XSHG,0,"09:31-11:30,13:01-15:00",10008668
10008683,510300C2501M03500,300ETF购1月3500,10000,2025-01-03,2025-01-22,2025-01-22,3.5,C,E,1,Option,510300.XSHG,510300.XSHG,XSHG,0,"09:31-11:30,13:01-15:00",10008683
10008684,510300P2501M03500,300ETF沽1月3500,10000,2025-01-03,2025-01-22,2025-01-22,3.5,P,E,1,Option,510300.XSHG,510300.XSHG,XSHG,0,"09:31-11:30,13:01-15:00",10008684
10008685,510300C2502M03500,300ETF购2月3500,10000,2025-01-03,2025-02-26,2025-02-26,3.5,C,E,1,Option,510300.XSHG,510300.XSHG,XSHG,0,"09:31-11:30,13:01-15:00",10008685
10008686,510300P2502M03500,300ETF沽2月3500,10000,2025-01-03,2025-02-26,2025-02-26,3.5,P,E,1,Option,510300.XSHG,510300.XSHG,XSHG,0,"09:31-11:30,13:01-15:00",10008686
10008707,510300C2501M03400,300ETF购1月3400,10000,2025-01-13,2025-01-22,2025-01-22,3.4,C,E,1,Option,510300.XSHG,510300.XSHG,XSHG,0,"09:31-11:30,13:01-15:00",10008707
10008708,510300P2501M03400,300ETF沽1月3400,10000,2025-01-13,2025-01-22,2025-01-22,3.4,P,E,1,Option,510300.XSHG,510300.XSHG,XSHG,0,"09:31-11:30,13:01-15:00",10008708
10008709,510300C2502M03400,300ETF购2月3400,10000,2025-01-13,2025-02-26,2025-02-26,3.4,C,E,1,Option,510300.XSHG,510300.XSHG,XSHG,0,"09:31-11:30,13:01-15:00",10008709
10008710,510300P2502M03400,300ETF沽2月3400,10000,2025-01-13,2025-02-26,2025-02-26,3.4,P,E,1,Option,510300.XSHG,510300.XSHG,XSHG,0,"09:31-11:30,13:01-15:00",10008710
10008711,510300C2506A03400,300ETF购6月3325A,10226,2025-01-13,2025-06-25,2025-06-25,3.325,C,E,1,Option,510300.XSHG,510300.XSHG,XSHG,0,"09:31-11:30,13:01-15:00",10008711
10008712,510300P2506A03400,300ETF沽6月3325A,10226,2025-01-13,2025-06-25,2025-06-25,3.325,P,E,1,Option,510300.XSHG,510300.XSHG,XSHG,0,"09:31-11:30,13:01-15:00",10008712
10008811,510300C2509A03500,300ETF购9月3423A,10226,2025-01-23,2025-09-24,2025-09-24,3.423,C,E,1,Option,510300.XSHG,510300.XSHG,XSHG,0,"09:31-11:30,13:01-15:00",10008811
10008812,510300C2509A03600,300ETF购9月3520A,10226,2025-01-23,2025-09-24,2025-09-24,3.52,C,E,1,Option,510300.XSHG,510300.XSHG,XSHG,0,"09:31-11:30,13:01-15:00",10008812
10008813,510300C2509A03700,300ETF购9月3618A,10226,2025-01-23,2025-09-24,2025-09-24,3.618,C,E,1,Option,510300.XSHG,510300.XSHG,XSHG,0,"09:31-11:30,13:01-15:00",10008813
10008814,510300C2509A03800,300ETF购9月3716A,10226,2025-01-23,2025-09-24,2025-09-24,3.716,C,E,1,Option,510300.XSHG,510300.XSHG,XSHG,0,"09:31-11:30,13:01-15:00",10008814
10008815,510300C2509A03900,300ETF购9月3814A,10226,2025-01-23,2025-09-24,2025-09-24,3.814,C,E,1,Option,510300.XSHG,510300.XSHG,XSHG,0,"09:31-11:30,13:01-15:00",10008815
10008816,510300C2509A04000,300ETF购9月3912A,10226,2025-01-23,2025-09-24,2025-09-24,3.912,C,E,1,Option,510300.XSHG,510300.XSHG,XSHG,0,"09:31-11:30,13:01-15:00",10008816
10008817,510300C2509A04100,300ETF购9月4009A,10226,2025-01-23,2025-09-24,2025-09-24,4.009,C,E,1,Option,510300.XSHG,510300.XSHG,XSHG,0,"09:31-11:30,13:01-15:00",10008817
10008818,510300C2509A04200,300ETF购9月4107A,10226,2025-01-23,2025-09-24,2025-09-24,4.107,C,E,1,Option,510300.XSHG,510300.XSHG,XSHG,0,"09:31-11:30,13:01-15:00",10008818
10008819,510300C2509A04300,300ETF购9月4205A,10226,2025-01-23,2025-09-24,2025-09-24,4.205,C,E,1,Option,510300.XSHG,510300.XSHG,XSHG,0,"09:31-11:30,13:01-15:00",10008819
10008820,510300P2509A03500,300ETF沽9月3423A,10226,2025-01-23,2025-09-24,2025-09-24,3.423,P,E,1,Option,510300.XSHG,510300.XSHG,XSHG,0,"09:31-11:30,13:01-15:00",10008820
10008821,510300P2509A03600,300ETF沽9月3520A,10226,2025-01-23,2025-09-24,2025-09-24,3.52,P,E,1,Option,510300.XSHG,510300.XSHG,XSHG,0,"09:31-11:30,13:01-15:00",10008821
10008822,510300P2509A03700,300ETF沽9月3618A,10226,2025-01-23,2025-09-24,2025-09-24,3.618,P,E,1,Option,510300.XSHG,510300.XSHG,XSHG,0,"09:31-11:30,13:01-15:00",10008822
10008823,510300P2509A03800,300ETF沽9月3716A,10226,2025-01-23,2025-09-24,2025-09-24,3.716,P,E,1,Option,510300.XSHG,510300.XSHG,XSHG,0,"09:31-11:30,13:01-15:00",10008823
10008824,510300P2509A03900,300ETF沽9月3814A,10226,2025-01-23,2025-09-24,2025-09-24,3.814,P,E,1,Option,510300.XSHG,510300.XSHG,XSHG,0,"09:31-11:30,13:01-15:00",10008824
10008825,510300P2509A04000,300ETF沽9月3912A,10226,2025-01-23,2025-09-24,2025-09-24,3.912,P,E,1,Option,510300.XSHG,510300.XSHG,XSHG,0,"09:31-11:30,13:01-15:00",10008825
10008826,510300P2509A04100,300ETF沽9月4009A,10226,2025-01-23,2025-09-24,2025-09-24,4.009,P,E,1,Option,510300.XSHG,510300.XSHG,XSHG,0,"09:31-11:30,13:01-15:00",10008826
10008827,510300P2509A04200,300ETF沽9月4107A,10226,2025-01-23,2025-09-24,2025-09-24,4.107,P,E,1,Option,510300.XSHG,510300.XSHG,XSHG,0,"09:31-11:30,13:01-15:00",10008827
10008828,510300P2509A04300,300ETF沽9月4205A,10226,2025-01-23,2025-09-24,2025-09-24,4.205,P,E,1,Option,510300.XSHG,510300.XSHG,XSHG,0,"09:31-11:30,13:01-15:00",10008828
10008891,510300C2509A04400,300ETF购9月4303A,10226,2025-02-10,2025-09-24,2025-09-24,4.303,C,E,1,Option,510300.XSHG,510300.XSHG,XSHG,0,"09:31-11:30,13:01-15:00",10008891
10008892,510300P2509A04400,300ETF沽9月4303A,10226,2025-02-10,2025-09-24,2025-09-24,4.303,P,E,1,Option,510300.XSHG,510300.XSHG,XSHG,0,"09:31-11:30,13:01-15:00",10008892
10008907,510300C2509A04500,300ETF购9月4401A,10226,2025-02-24,2025-09-24,2025-09-24,4.401,C,E,1,Option,510300.XSHG,510300.XSHG,XSHG,0,"09:31-11:30,13:01-15:00",10008907
10008908,510300P2509A04500,300ETF沽9月4401A,10226,2025-02-24,2025-09-24,2025-09-24,4.401,P,E,1,Option,510300.XSHG,510300.XSHG,XSHG,0,"09:31-11:30,13:01-15:00",10008908
10008949,510300C2504M03700,300ETF购4月3700,10000,2025-02-27,2025-04-23,2025-04-23,3.7,C,E,1,Option,510300.XSHG,510300.XSHG,XSHG,0,"09:31-11:30,13:01-15:00",10008949
10008950,510300C2504M03800,300ETF购4月3800,10000,2025-02-27,2025-04-23,2025-04-23,3.8,C,E,1,Option,510300.XSHG,510300.XSHG,XSHG,0,"09:31-11:30,13:01-15:00",10008950
10008951,510300C2504M03900,300ETF购4月3900,10000,2025-02-27,2025-04-23,2025-04-23,3.9,C,E,1,Option,510300.XSHG,510300.XSHG,XSHG,0,"09:31-11:30,13:01-15:00",10008951
10008952,510300C2504M04000,300ETF购4月4000,10000,2025-02-27,2025-04-23,2025-04-23,4.0,C,E,1,Option,510300.XSHG,510300.XSHG,XSHG,0,"09:31-11:30,13:01-15:00",10008952
10008953,510300C2504M04100,300ETF购4月4100,10000,2025-02-27,2025-04-23,2025-04-23,4.1,C,E,1,Option,510300.XSHG,510300.XSHG,XSHG,0,"09:31-11:30,13:01-15:00",10008953
10008954,510300C2504M04200,300ETF购4月4200,10000,2025-02-27,2025-04-23,2025-04-23,4.2,C,E,1,Option,510300.XSHG,510300.XSHG,XSHG,0,"09:31-11:30,13:01-15:00",10008954
10008955,510300C2504M04300,300ETF购4月4300,10000,2025-02-27,2025-04-23,2025-04-23,4.3,C,E,1,Option,510300.XSHG,510300.XSHG,XSHG,0,"09:31-11:30,13:01-15:00",10008955
10008956,510300C2504M04400,300ETF购4月4400,10000,2025-02-27,2025-04-23,2025-04-23,4.4,C,E,1,Option,510300.XSHG,510300.XSHG,XSHG,0,"09:31-11:30,13:01-15:00",10008956
10008957,510300C2504M04500,300ETF购4月4500,10000,2025-02-27,2025-04-23,2025-04-23,4.5,C,E,1,Option,510300.XSHG,510300.XSHG,XSHG,0,"09:31-11:30,13:01-15:00",10008957
10008958,510300P2504M03700,300ETF沽4月3700,10000,2025-02-27,2025-04-23,2025-04-23,3.7,P,E,1,Option,510300.XSHG,510300.XSHG,XSHG,0,"09:31-11:30,13:01-15:00",10008958
10008959,510300P2504M03800,300ETF沽4月3800,10000,2025-02-27,2025-04-23,2025-04-23,3.8,P,E,1,Option,510300.XSHG,510300.XSHG,XSHG,0,"09:31-11:30,13:01-15:00",10008959
10008960,510300P2504M03900,300ETF沽4月3900,10000,2025-02-27,2025-04-23,2025-04-23,3.9,P,E,1,Option,510300.XSHG,510300.XSHG,XSHG,0,"09:31-11:30,13:01-15:00",10008960
10008961,510300P2504M04000,300ETF沽4月4000,10000,2025-02-27,2025-04-23,2025-04-23,4.0,P,E,1,Option,510300.XSHG,510300.XSHG,XSHG,0,"09:31-11:30,13:01-15:00",10008961
10008962,510300P2504M04100,300ETF沽4月4100,10000,2025-02-27,2025-04-23,2025-04-23,4.1,P,E,1,Option,510300.XSHG,510300.XSHG,XSHG,0,"09:31-11:30,13:01-15:00",10008962
10008963,510300P2504M04200,300ETF沽4月4200,10000,2025-02-27,2025-04-23,2025-04-23,4.2,P,E,1,Option,510300.XSHG,510300.XSHG,XSHG,0,"09:31-11:30,13:01-15:00",10008963
10008964,510300P2504M04300,300ETF沽4月4300,10000,2025-02-27,2025-04-23,2025-04-23,4.3,P,E,1,Option,510300.XSHG,510300.XSHG,XSHG,0,"09:31-11:30,13:01-15:00",10008964
10008965,510300P2504M04400,300ETF沽4月4400,10000,2025-02-27,2025-04-23,2025-04-23,4.4,P,E,1,Option,510300.XSHG,510300.XSHG,XSHG,0,"09:31-11:30,13:01-15:00",10008965
10008966,510300P2504M04500,300ETF沽4月4500,10000,2025-02-27,2025-04-23,2025-04-23,4.5,P,E,1,Option,510300.XSHG,510300.XSHG,XSHG,0,"09:31-11:30,13:01-15:00",10008966
10009023,510300C2504M03600,300ETF购4月3600,10000,2025-03-03,2025-04-23,2025-04-23,3.6,C,E,1,Option,510300.XSHG,510300.XSHG,XSHG,0,"09:31-11:30,13:01-15:00",10009023
10009024,510300P2504M03600,300ETF沽4月3600,10000,2025-03-03,2025-04-23,2025-04-23,3.6,P,E,1,Option,510300.XSHG,510300.XSHG,XSHG,0,"09:31-11:30,13:01-15:00",10009024
10009069,510300C2505M03600,300ETF购5月3600,10000,2025-03-27,2025-05-28,2025-05-28,3.6,C,E,1,Option,510300.XSHG,510300.XSHG,XSHG,0,"09:31-11:30,13:01-15:00",10009069
10009070,510300C2505M03700,300ETF购5月3700,10000,2025-03-27,2025-05-28,2025-05-28,3.7,C,E,1,Option,510300.XSHG,510300.XSHG,XSHG,0,"09:31-11:30,13:01-15:00",10009070
10009071,510300C2505M03800,300ETF购5月3800,10000,2025-03-27,2025-05-28,2025-05-28,3.8,C,E,1,Option,510300.XSHG,510300.XSHG,XSHG,0,"09:31-11:30,13:01-15:00",10009071
10009072,510300C2505M03900,300ETF购5月3900,10000,2025-03-27,2025-05-28,2025-05-28,3.9,C,E,1,Option,510300.XSHG,510300.XSHG,XSHG,0,"09:31-11:30,13:01-15:00",10009072
10009073,510300C2505M04000,300ETF购5月4000,10000,2025-03-27,2025-05-28,2025-05-28,4.0,C,E,1,Option,510300.XSHG,510300.XSHG,XSHG,0,"09:31-11:30,13:01-15:00",10009073
10009074,510300C2505M04100,300ETF购5月4100,10000,2025-03-27,2025-05-28,2025-05-28,4.1,C,E,1,Option,510300.XSHG,510300.XSHG,XSHG,0,"09:31-11:30,13:01-15:00",10009074
10009075,510300C2505M04200,300ETF购5月4200,10000,2025-03-27,2025-05-28,2025-05-28,4.2,C,E,1,Option,510300.XSHG,510300.XSHG,XSHG,0,"09:31-11:30,13:01-15:00",10009075
10009076,510300C2505M04300,300ETF购5月4300,10000,2025-03-27,2025-05-28,2025-05-28,4.3,C,E,1,Option,510300.XSHG,510300.XSHG,XSHG,0,"09:31-11:30,13:01-15:00",10009076
10009077,510300C2505M04400,300ETF购5月4400,10000,2025-03-27,2025-05-28,2025-05-28,4.4,C,E,1,Option,510300.XSHG,510300.XSHG,XSHG,0,"09:31-11:30,13:01-15:00",10009077
10009078,510300P2505M03600,300ETF沽5月3600,10000,2025-03-27,2025-05-28,2025-05-28,3.6,P,E,1,Option,510300.XSHG,510300.XSHG,XSHG,0,"09:31-11:30,13:01-15:00",10009078
10009079,510300P2505M03700,300ETF沽5月3700,10000,2025-03-27,2025-05-28,2025-05-28,3.7,P,E,1,Option,510300.XSHG,510300.XSHG,XSHG,0,"09:31-11:30,13:01-15:00",10009079
10009080,510300P2505M03800,300ETF沽5月3800,10000,2025-03-27,2025-05-28,2025-05-28,3.8,P,E,1,Option,510300.XSHG,510300.XSHG,XSHG,0,"09:31-11:30,13:01-15:00",10009080
10009081,510300P2505M03900,300ETF沽5月3900,10000,2025-03-27,2025-05-28,2025-05-28,3.9,P,E,1,Option,510300.XSHG,510300.XSHG,XSHG,0,"09:31-11:30,13:01-15:00",10009081
10009082,510300P2505M04000,300ETF沽5月4000,10000,2025-03-27,2025-05-28,2025-05-28,4.0,P,E,1,Option,510300.XSHG,510300.XSHG,XSHG,0,"09:31-11:30,13:01-15:00",10009082
10009083,510300P2505M04100,300ETF沽5月4100,10000,2025-03-27,2025-05-28,2025-05-28,4.1,P,E,1,Option,510300.XSHG,510300.XSHG,XSHG,0,"09:31-11:30,13:01-15:00",10009083
10009084,510300P2505M04200,300ETF沽5月4200,10000,2025-03-27,2025-05-28,2025-05-28,4.2,P,E,1,Option,510300.XSHG,510300.XSHG,XSHG,0,"09:31-11:30,13:01-15:00",10009084
10009085,510300P2505M04300,300ETF沽5月4300,10000,2025-03-27,2025-05-28,2025-05-28,4.3,P,E,1,Option,510300.XSHG,510300.XSHG,XSHG,0,"09:31-11:30,13:01-15:00",10009085
10009086,510300P2505M04400,300ETF沽5月4400,10000,2025-03-27,2025-05-28,2025-05-28,4.4,P,E,1,Option,510300.XSHG,510300.XSHG,XSHG,0,"09:31-11:30,13:01-15:00",10009086
10009165,510300C2504M03300,300ETF购4月3300,10000,2025-04-08,2025-04-23,2025-04-23,3.3,C,E,1,Option,510300.XSHG,510300.XSHG,XSHG,0,"09:31-11:30,13:01-15:00",10009165
10009166,510300C2504M03400,300ETF购4月3400,10000,2025-04-08,2025-04-23,2025-04-23,3.4,C,E,1,Option,510300.XSHG,510300.XSHG,XSHG,0,"09:31-11:30,13:01-15:00",10009166
10009167,510300C2504M03500,300ETF购4月3500,10000,2025-04-08,2025-04-23,2025-04-23,3.5,C,E,1,Option,510300.XSHG,510300.XSHG,XSHG,0,"09:31-11:30,13:01-15:00",10009167
10009168,510300P2504M03300,300ETF沽4月3300,10000,2025-04-08,2025-04-23,2025-04-23,3.3,P,E,1,Option,510300.XSHG,510300.XSHG,XSHG,0,"09:31-11:30,13:01-15:00",10009168
10009169,510300P2504M03400,300ETF沽4月3400,10000,2025-04-08,2025-04-23,2025-04-23,3.4,P,E,1,Option,510300.XSHG,510300.XSHG,XSHG,0,"09:31-11:30,13:01-15:00",10009169
10009170,510300P2504M03500,300ETF沽4月3500,10000,2025-04-08,2025-04-23,2025-04-23,3.5,P,E,1,Option,510300.XSHG,510300.XSHG,XSHG,0,"09:31-11:30,13:01-15:00",10009170
10009171,510300C2505M03300,300ETF购5月3300,10000,2025-04-08,2025-05-28,2025-05-28,3.3,C,E,1,Option,510300.XSHG,510300.XSHG,XSHG,0,"09:31-11:30,13:01-15:00",10009171
10009172,510300C2505M03400,300ETF购5月3400,10000,2025-04-08,2025-05-28,2025-05-28,3.4,C,E,1,Option,510300.XSHG,510300.XSHG,XSHG,0,"09:31-11:30,13:01-15:00",10009172
10009173,510300C2505M03500,300ETF购5月3500,10000,2025-04-08,2025-05-28,2025-05-28,3.5,C,E,1,Option,510300.XSHG,510300.XSHG,XSHG,0,"09:31-11:30,13:01-15:00",10009173
10009174,510300P2505M03300,300ETF沽5月3300,10000,2025-04-08,2025-05-28,2025-05-28,3.3,P,E,1,Option,510300.XSHG,510300.XSHG,XSHG,0,"09:31-11:30,13:01-15:00",10009174
10009175,510300P2505M03400,300ETF沽5月3400,10000,2025-04-08,2025-05-28,2025-05-28,3.4,P,E,1,Option,510300.XSHG,510300.XSHG,XSHG,0,"09:31-11:30,13:01-15:00",10009175
10009176,510300P2505M03500,300ETF沽5月3500,10000,2025-04-08,2025-05-28,2025-05-28,3.5,P,E,1,Option,510300.XSHG,510300.XSHG,XSHG,0,"09:31-11:30,13:01-15:00",10009176
10009177,510300C2506A03300,300ETF购6月3227A,10226,2025-04-08,2025-06-25,2025-06-25,3.227,C,E,1,Option,510300.XSHG,510300.XSHG,XSHG,0,"09:31-11:30,13:01-15:00",10009177
10009178,510300P2506A03300,300ETF沽6月3227A,10226,2025-04-08,2025-06-25,2025-06-25,3.227,P,E,1,Option,510300.XSHG,510300.XSHG,XSHG,0,"09:31-11:30,13:01-15:00",10009178
10009179,510300C2509A03300,300ETF购9月3227A,10226,2025-04-08,2025-09-24,2025-09-24,3.227,C,E,1,Option,510300.XSHG,510300.XSHG,XSHG,0,"09:31-11:30,13:01-15:00",10009179
10009180,510300C2509A03400,300ETF购9月3325A,10226,2025-04-08,2025-09-24,2025-09-24,3.325,C,E,1,Option,510300.XSHG,510300.XSHG,XSHG,0,"09:31-11:30,13:01-15:00",10009180
10009181,510300P2509A03300,300ETF沽9月3227A,10226,2025-04-08,2025-09-24,2025-09-24,3.227,P,E,1,Option,510300.XSHG,510300.XSHG,XSHG,0,"09:31-11:30,13:01-15:00",10009181
10009182,510300P2509A03400,300ETF沽9月3325A,10226,2025-04-08,2025-09-24,2025-09-24,3.325,P,E,1,Option,510300.XSHG,510300.XSHG,XSHG,0,"09:31-11:30,13:01-15:00",10009182
10009235,510300C2512A03500,300ETF购12月3423A,10226,2025-04-24,2025-12-24,2025-12-24,3.423,C,E,1,Option,510300.XSHG,510300.XSHG,XSHG,0,"09:31-11:30,13:01-15:00",10009235
10009236,510300C2512A03600,300ETF购12月3520A,10226,2025-04-24,2025-12-24,2025-12-24,3.52,C,E,1,Option,510300.XSHG,510300.XSHG,XSHG,0,"09:31-11:30,13:01-15:00",10009236
10009237,510300C2512A03700,300ETF购12月3618A,10226,2025-04-24,2025-12-24,2025-12-24,3.618,C,E,1,Option,510300.XSHG,510300.XSHG,XSHG,0,"09:31-11:30,13:01-15:00",10009237
10009238,510300C2512A03800,300ETF购12月3716A,10226,2025-04-24,2025-12-24,2025-12-24,3.716,C,E,1,Option,510300.XSHG,510300.XSHG,XSHG,0,"09:31-11:30,13:01-15:00",10009238
10009239,510300C2512A03900,300ETF购12月3814A,10226,2025-04-24,2025-12-24,2025-12-24,3.814,C,E,1,Option,510300.XSHG,510300.XSHG,XSHG,0,"09:31-11:30,13:01-15:00",10009239
10009240,510300C2512A04000,300ETF购12月3912A,10226,2025-04-24,2025-12-24,2025-12-24,3.912,C,E,1,Option,510300.XSHG,510300.XSHG,XSHG,0,"09:31-11:30,13:01-15:00",10009240
10009241,510300C2512A04100,300ETF购12月4009A,10226,2025-04-24,2025-12-24,2025-12-24,4.009,C,E,1,Option,510300.XSHG,510300.XSHG,XSHG,0,"09:31-11:30,13:01-15:00",10009241
10009242,510300C2512A04200,300ETF购12月4107A,10226,2025-04-24,2025-12-24,2025-12-24,4.107,C,E,1,Option,510300.XSHG,510300.XSHG,XSHG,0,"09:31-11:30,13:01-15:00",10009242
10009243,510300C2512A04300,300ETF购12月4205A,10226,2025-04-24,2025-12-24,2025-12-24,4.205,C,E,1,Option,510300.XSHG,510300.XSHG,XSHG,0,"09:31-11:30,13:01-15:00",10009243
10009244,510300P2512A03500,300ETF沽12月3423A,10226,2025-04-24,2025-12-24,2025-12-24,3.423,P,E,1,Option,510300.XSHG,510300.XSHG,XSHG,0,"09:31-11:30,13:01-15:00",10009244
10009245,510300P2512A03600,300ETF沽12月3520A,10226,2025-04-24,2025-12-24,2025-12-24,3.52,P,E,1,Option,510300.XSHG,510300.XSHG,XSHG,0,"09:31-11:30,13:01-15:00",10009245
10009246,510300P2512A03700,300ETF沽12月3618A,10226,2025-04-24,2025-12-24,2025-12-24,3.618,P,E,1,Option,510300.XSHG,510300.XSHG,XSHG,0,"09:31-11:30,13:01-15:00",10009246
10009247,510300P2512A03800,300ETF沽12月3716A,10226,2025-04-24,2025-12-24,2025-12-24,3.716,P,E,1,Option,510300.XSHG,510300.XSHG,XSHG,0,"09:31-11:30,13:01-15:00",10009247
10009248,510300P2512A03900,300ETF沽12月3814A,10226,2025-04-24,2025-12-24,2025-12-24,3.814,P,E,1,Option,510300.XSHG,510300.XSHG,XSHG,0,"09:31-11:30,13:01-15:00",10009248
10009249,510300P2512A04000,300ETF沽12月3912A,10226,2025-04-24,2025-12-24,2025-12-24,3.912,P,E,1,Option,510300.XSHG,510300.XSHG,XSHG,0,"09:31-11:30,13:01-15:00",10009249
10009250,510300P2512A04100,300ETF沽12月4009A,10226,2025-04-24,2025-12-24,2025-12-24,4.009,P,E,1,Option,510300.XSHG,510300.XSHG,XSHG,0,"09:31-11:30,13:01-15:00",10009250
10009251,510300P2512A04200,300ETF沽12月4107A,10226,2025-04-24,2025-12-24,2025-12-24,4.107,P,E,1,Option,510300.XSHG,510300.XSHG,XSHG,0,"09:31-11:30,13:01-15:00",10009251
10009252,510300P2512A04300,300ETF沽12月4205A,10226,2025-04-24,2025-12-24,2025-12-24,4.205,P,E,1,Option,510300.XSHG,510300.XSHG,XSHG,0,"09:31-11:30,13:01-15:00",10009252
10009313,510300C2512A04400,300ETF购12月4303A,10226,2025-05-09,2025-12-24,2025-12-24,4.303,C,E,1,Option,510300.XSHG,510300.XSHG,XSHG,0,"09:31-11:30,13:01-15:00",10009313
10009314,510300P2512A04400,300ETF沽12月4303A,10226,2025-05-09,2025-12-24,2025-12-24,4.303,P,E,1,Option,510300.XSHG,510300.XSHG,XSHG,0,"09:31-11:30,13:01-15:00",10009314
10009341,510300C2507A03500,300ETF购7月3423A,10226,2025-05-29,2025-07-23,2025-07-23,3.423,C,E,1,Option,510300.XSHG,510300.XSHG,XSHG,0,"09:31-11:30,13:01-15:00",10009341
10009342,510300C2507A03600,300ETF购7月3520A,10226,2025-05-29,2025-07-23,2025-07-23,3.52,C,E,1,Option,510300.XSHG,510300.XSHG,XSHG,0,"09:31-11:30,13:01-15:00",10009342
10009343,510300C2507A03700,300ETF购7月3618A,10226,2025-05-29,2025-07-23,2025-07-23,3.618,C,E,1,Option,510300.XSHG,510300.XSHG,XSHG,0,"09:31-11:30,13:01-15:00",10009343
10009344,510300C2507A03800,300ETF购7月3716A,10226,2025-05-29,2025-07-23,2025-07-23,3.716,C,E,1,Option,510300.XSHG,510300.XSHG,XSHG,0,"09:31-11:30,13:01-15:00",10009344
10009345,510300C2507A03900,300ETF购7月3814A,10226,2025-05-29,2025-07-23,2025-07-23,3.814,C,E,1,Option,510300.XSHG,510300.XSHG,XSHG,0,"09:31-11:30,13:01-15:00",10009345
10009346,510300C2507A04000,300ETF购7月3912A,10226,2025-05-29,2025-07-23,2025-07-23,3.912,C,E,1,Option,510300.XSHG,510300.XSHG,XSHG,0,"09:31-11:30,13:01-15:00",10009346
10009347,510300C2507A04100,300ETF购7月4009A,10226,2025-05-29,2025-07-23,2025-07-23,4.009,C,E,1,Option,510300.XSHG,510300.XSHG,XSHG,0,"09:31-11:30,13:01-15:00",10009347
10009348,510300C2507A04200,300ETF购7月4107A,10226,2025-05-29,2025-07-23,2025-07-23,4.107,C,E,1,Option,510300.XSHG,510300.XSHG,XSHG,0,"09:31-11:30,13:01-15:00",10009348
10009349,510300C2507A04300,300ETF购7月4205A,10226,2025-05-29,2025-07-23,2025-07-23,4.205,C,E,1,Option,510300.XSHG,510300.XSHG,XSHG,0,"09:31-11:30,13:01-15:00",10009349
10009350,510300P2507A03500,300ETF沽7月3423A,10226,2025-05-29,2025-07-23,2025-07-23,3.423,P,E,1,Option,510300.XSHG,510300.XSHG,XSHG,0,"09:31-11:30,13:01-15:00",10009350
10009351,510300P2507A03600,300ETF沽7月3520A,10226,2025-05-29,2025-07-23,2025-07-23,3.52,P,E,1,Option,510300.XSHG,510300.XSHG,XSHG,0,"09:31-11:30,13:01-15:00",10009351
10009352,510300P2507A03700,300ETF沽7月3618A,10226,2025-05-29,2025-07-23,2025-07-23,3.618,P,E,1,Option,510300.XSHG,510300.XSHG,XSHG,0,"09:31-11:30,13:01-15:00",10009352
10009353,510300P2507A03800,300ETF沽7月3716A,10226,2025-05-29,2025-07-23,2025-07-23,3.716,P,E,1,Option,510300.XSHG,510300.XSHG,XSHG,0,"09:31-11:30,13:01-15:00",10009353
10009354,510300P2507A03900,300ETF沽7月3814A,10226,2025-05-29,2025-07-23,2025-07-23,3.814,P,E,1,Option,510300.XSHG,510300.XSHG,XSHG,0,"09:31-11:30,13:01-15:00",10009354
10009355,510300P2507A04000,300ETF沽7月3912A,10226,2025-05-29,2025-07-23,2025-07-23,3.912,P,E,1,Option,510300.XSHG,510300.XSHG,XSHG,0,"09:31-11:30,13:01-15:00",10009355
10009356,510300P2507A04100,300ETF沽7月4009A,10226,2025-05-29,2025-07-23,2025-07-23,4.009,P,E,1,Option,510300.XSHG,510300.XSHG,XSHG,0,"09:31-11:30,13:01-15:00",10009356
10009357,510300P2507A04200,300ETF沽7月4107A,10226,2025-05-29,2025-07-23,2025-07-23,4.107,P,E,1,Option,510300.XSHG,510300.XSHG,XSHG,0,"09:31-11:30,13:01-15:00",10009357
10009358,510300P2507A04300,300ETF沽7月4205A,10226,2025-05-29,2025-07-23,2025-07-23,4.205,P,E,1,Option,510300.XSHG,510300.XSHG,XSHG,0,"09:31-11:30,13:01-15:00",10009358
10009413,510300C2507A04400,300ETF购7月4303A,10226,2025-05-30,2025-07-23,2025-07-23,4.303,C,E,1,Option,510300.XSHG,510300.XSHG,XSHG,0,"09:31-11:30,13:01-15:00",10009413
10009414,510300P2507A04400,300ETF沽7月4303A,10226,2025-05-30,2025-07-23,2025-07-23,4.303,P,E,1,Option,510300.XSHG,510300.XSHG,XSHG,0,"09:31-11:30,13:01-15:00",10009414
10009419,510300C2506M03500,300ETF购6月3500,10000,2025-06-18,2025-06-25,2025-06-25,3.5,C,E,1,Option,510300.XSHG,510300.XSHG,XSHG,0,"09:31-11:30,13:01-15:00",10009419
10009420,510300C2506M03600,300ETF购6月3600,10000,2025-06-18,2025-06-25,2025-06-25,3.6,C,E,1,Option,510300.XSHG,510300.XSHG,XSHG,0,"09:31-11:30,13:01-15:00",10009420
10009421,510300C2506M03700,300ETF购6月3700,10000,2025-06-18,2025-06-25,2025-06-25,3.7,C,E,1,Option,510300.XSHG,510300.XSHG,XSHG,0,"09:31-11:30,13:01-15:00",10009421
10009422,510300C2506M03800,300ETF购6月3800,10000,2025-06-18,2025-06-25,2025-06-25,3.8,C,E,1,Option,510300.XSHG,510300.XSHG,XSHG,0,"09:31-11:30,13:01-15:00",10009422
10009423,510300C2506M03900,300ETF购6月3900,10000,2025-06-18,2025-06-25,2025-06-25,3.9,C,E,1,Option,510300.XSHG,510300.XSHG,XSHG,0,"09:31-11:30,13:01-15:00",10009423
10009424,510300C2506M04000,300ETF购6月4000,10000,2025-06-18,2025-06-25,2025-06-25,4.0,C,E,1,Option,510300.XSHG,510300.XSHG,XSHG,0,"09:31-11:30,13:01-15:00",10009424
10009425,510300C2506M04100,300ETF购6月4100,10000,2025-06-18,2025-06-25,2025-06-25,4.1,C,E,1,Option,510300.XSHG,510300.XSHG,XSHG,0,"09:31-11:30,13:01-15:00",10009425
10009426,510300C2506M04200,300ETF购6月4200,10000,2025-06-18,2025-06-25,2025-06-25,4.2,C,E,1,Option,510300.XSHG,510300.XSHG,XSHG,0,"09:31-11:30,13:01-15:00",10009426
10009427,510300C2506M04300,300ETF购6月4300,10000,2025-06-18,2025-06-25,2025-06-25,4.3,C,E,1,Option,510300.XSHG,510300.XSHG,XSHG,0,"09:31-11:30,13:01-15:00",10009427
10009428,510300P2506M03500,300ETF沽6月3500,10000,2025-06-18,2025-06-25,2025-06-25,3.5,P,E,1,Option,510300.XSHG,510300.XSHG,XSHG,0,"09:31-11:30,13:01-15:00",10009428
10009429,510300P2506M03600,300ETF沽6月3600,10000,2025-06-18,2025-06-25,2025-06-25,3.6,P,E,1,Option,510300.XSHG,510300.XSHG,XSHG,0,"09:31-11:30,13:01-15:00",10009429
10009430,510300P2506M03700,300ETF沽6月3700,10000,2025-06-18,2025-06-25,2025-06-25,3.7,P,E,1,Option,510300.XSHG,510300.XSHG,XSHG,0,"09:31-11:30,13:01-15:00",10009430
10009431,510300P2506M03800,300ETF沽6月3800,10000,2025-06-18,2025-06-25,2025-06-25,3.8,P,E,1,Option,510300.XSHG,510300.XSHG,XSHG,0,"09:31-11:30,13:01-15:00",10009431
10009432,510300P2506M03900,300ETF沽6月3900,10000,2025-06-18,2025-06-25,2025-06-25,3.9,P,E,1,Option,510300.XSHG,510300.XSHG,XSHG,0,"09:31-11:30,13:01-15:00",10009432
10009433,510300P2506M04000,300ETF沽6月4000,10000,2025-06-18,2025-06-25,2025-06-25,4.0,P,E,1,Option,510300.XSHG,510300.XSHG,XSHG,0,"09:31-11:30,13:01-15:00",10009433
10009434,510300P2506M04100,300ETF沽6月4100,10000,2025-06-18,2025-06-25,2025-06-25,4.1,P,E,1,Option,510300.XSHG,510300.XSHG,XSHG,0,"09:31-11:30,13:01-15:00",10009434
10009435,510300P2506M04200,300ETF沽6月4200,10000,2025-06-18,2025-06-25,2025-06-25,4.2,P,E,1,Option,510300.XSHG,510300.XSHG,XSHG,0,"09:31-11:30,13:01-15:00",10009435
10009436,510300P2506M04300,300ETF沽6月4300,10000,2025-06-18,2025-06-25,2025-06-25,4.3,P,E,1,Option,510300.XSHG,510300.XSHG,XSHG,0,"09:31-11:30,13:01-15:00",10009436
10009437,510300C2507M03500,300ETF购7月3500,10000,2025-06-18,2025-07-23,2025-07-23,3.5,C,E,1,Option,510300.XSHG,510300.XSHG,XSHG,0,"09:31-11:30,13:01-15:00",10009437
10009438,510300C2507M03600,300ETF购7月3600,10000,2025-06-18,2025-07-23,2025-07-23,3.6,C,E,1,Option,510300.XSHG,510300.XSHG,XSHG,0,"09:31-11:30,13:01-15:00",10009438
10009439,510300C2507M03700,300ETF购7月3700,10000,2025-06-18,2025-07-23,2025-07-23,3.7,C,E,1,Option,510300.XSHG,510300.XSHG,XSHG,0,"09:31-11:30,13:01-15:00",10009439
10009440,510300C2507M03800,300ETF购7月3800,10000,2025-06-18,2025-07-23,2025-07-23,3.8,C,E,1,Option,510300.XSHG,510300.XSHG,XSHG,0,"09:31-11:30,13:01-15:00",10009440
10009441,510300C2507M03900,300ETF购7月3900,10000,2025-06-18,2025-07-23,2025-07-23,3.9,C,E,1,Option,510300.XSHG,510300.XSHG,XSHG,0,"09:31-11:30,13:01-15:00",10009441
10009442,510300C2507M04000,300ETF购7月4000,10000,2025-06-18,2025-07-23,2025-07-23,4.0,C,E,1,Option,510300.XSHG,510300.XSHG,XSHG,0,"09:31-11:30,13:01-15:00",10009442
10009443,510300C2507M04100,300ETF购7月4100,10000,2025-06-18,2025-07-23,2025-07-23,4.1,C,E,1,Option,510300.XSHG,510300.XSHG,XSHG,0,"09:31-11:30,13:01-15:00",10009443
10009444,510300C2507M04200,300ETF购7月4200,10000,2025-06-18,2025-07-23,2025-07-23,4.2,C,E,1,Option,510300.XSHG,510300.XSHG,XSHG,0,"09:31-11:30,13:01-15:00",10009444
10009445,510300C2507M04300,300ETF购7月4300,10000,2025-06-18,2025-07-23,2025-07-23,4.3,C,E,1,Option,510300.XSHG,510300.XSHG,XSHG,0,"09:31-11:30,13:01-15:00",10009445
10009446,510300P2507M03500,300ETF沽7月3500,10000,2025-06-18,2025-07-23,2025-07-23,3.5,P,E,1,Option,510300.XSHG,510300.XSHG,XSHG,0,"09:31-11:30,13:01-15:00",10009446
10009447,510300P2507M03600,300ETF沽7月3600,10000,2025-06-18,2025-07-23,2025-07-23,3.6,P,E,1,Option,510300.XSHG,510300.XSHG,XSHG,0,"09:31-11:30,13:01-15:00",10009447
10009448,510300P2507M03700,300ETF沽7月3700,10000,2025-06-18,2025-07-23,2025-07-23,3.7,P,E,1,Option,510300.XSHG,510300.XSHG,XSHG,0,"09:31-11:30,13:01-15:00",10009448
10009449,510300P2507M03800,300ETF沽7月3800,10000,2025-06-18,2025-07-23,2025-07-23,3.8,P,E,1,Option,510300.XSHG,510300.XSHG,XSHG,0,"09:31-11:30,13:01-15:00",10009449
10009450,510300P2507M03900,300ETF沽7月3900,10000,2025-06-18,2025-07-23,2025-07-23,3.9,P,E,1,Option,510300.XSHG,510300.XSHG,XSHG,0,"09:31-11:30,13:01-15:00",10009450
10009451,510300P2507M04000,300ETF沽7月4000,10000,2025-06-18,2025-07-23,2025-07-23,4.0,P,E,1,Option,510300.XSHG,510300.XSHG,XSHG,0,"09:31-11:30,13:01-15:00",10009451
10009452,510300P2507M04100,300ETF沽7月4100,10000,2025-06-18,2025-07-23,2025-07-23,4.1,P,E,1,Option,510300.XSHG,510300.XSHG,XSHG,0,"09:31-11:30,13:01-15:00",10009452
10009453,510300P2507M04200,300ETF沽7月4200,10000,2025-06-18,2025-07-23,2025-07-23,4.2,P,E,1,Option,510300.XSHG,510300.XSHG,XSHG,0,"09:31-11:30,13:01-15:00",10009453
10009454,510300P2507M04300,300ETF沽7月4300,10000,2025-06-18,2025-07-23,2025-07-23,4.3,P,E,1,Option,510300.XSHG,510300.XSHG,XSHG,0,"09:31-11:30,13:01-15:00",10009454
10009455,510300C2509M03500,300ETF购9月3500,10000,2025-06-18,2025-09-24,2025-09-24,3.5,C,E,1,Option,510300.XSHG,510300.XSHG,XSHG,0,"09:31-11:30,13:01-15:00",10009455
10009456,510300C2509M03600,300ETF购9月3600,10000,2025-06-18,2025-09-24,2025-09-24,3.6,C,E,1,Option,510300.XSHG,510300.XSHG,XSHG,0,"09:31-11:30,13:01-15:00",10009456
10009457,510300C2509M03700,300ETF购9月3700,10000,2025-06-18,2025-09-24,2025-09-24,3.7,C,E,1,Option,510300.XSHG,510300.XSHG,XSHG,0,"09:31-11:30,13:01-15:00",10009457
10009458,510300C2509M03800,300ETF购9月3800,10000,2025-06-18,2025-09-24,2025-09-24,3.8,C,E,1,Option,510300.XSHG,510300.XSHG,XSHG,0,"09:31-11:30,13:01-15:00",10009458
10009459,510300C2509M03900,300ETF购9月3900,10000,2025-06-18,2025-09-24,2025-09-24,3.9,C,E,1,Option,510300.XSHG,510300.XSHG,XSHG,0,"09:31-11:30,13:01-15:00",10009459
10009460,510300C2509M04000,300ETF购9月4000,10000,2025-06-18,2025-09-24,2025-09-24,4.0,C,E,1,Option,510300.XSHG,510300.XSHG,XSHG,0,"09:31-11:30,13:01-15:00",10009460
10009461,510300C2509M04100,300ETF购9月4100,10000,2025-06-18,2025-09-24,2025-09-24,4.1,C,E,1,Option,510300.XSHG,510300.XSHG,XSHG,0,"09:31-11:30,13:01-15:00",10009461
10009462,510300C2509M04200,300ETF购9月4200,10000,2025-06-18,2025-09-24,2025-09-24,4.2,C,E,1,Option,510300.XSHG,510300.XSHG,XSHG,0,"09:31-11:30,13:01-15:00",10009462
10009463,510300C2509M04300,300ETF购9月4300,10000,2025-06-18,2025-09-24,2025-09-24,4.3,C,E,1,Option,510300.XSHG,510300.XSHG,XSHG,0,"09:31-11:30,13:01-15:00",10009463
10009464,510300P2509M03500,300ETF沽9月3500,10000,2025-06-18,2025-09-24,2025-09-24,3.5,P,E,1,Option,510300.XSHG,510300.XSHG,XSHG,0,"09:31-11:30,13:01-15:00",10009464
10009465,510300P2509M03600,300ETF沽9月3600,10000,2025-06-18,2025-09-24,2025-09-24,3.6,P,E,1,Option,510300.XSHG,510300.XSHG,XSHG,0,"09:31-11:30,13:01-15:00",10009465
10009466,510300P2509M03700,300ETF沽9月3700,10000,2025-06-18,2025-09-24,2025-09-24,3.7,P,E,1,Option,510300.XSHG,510300.XSHG,XSHG,0,"09:31-11:30,13:01-15:00",10009466
10009467,510300P2509M03800,300ETF沽9月3800,10000,2025-06-18,2025-09-24,2025-09-24,3.8,P,E,1,Option,510300.XSHG,510300.XSHG,XSHG,0,"09:31-11:30,13:01-15:00",10009467
10009468,510300P2509M03900,300ETF沽9月3900,10000,2025-06-18,2025-09-24,2025-09-24,3.9,P,E,1,Option,510300.XSHG,510300.XSHG,XSHG,0,"09:31-11:30,13:01-15:00",10009468
10009469,510300P2509M04000,300ETF沽9月4000,10000,2025-06-18,2025-09-24,2025-09-24,4.0,P,E,1,Option,510300.XSHG,510300.XSHG,XSHG,0,"09:31-11:30,13:01-15:00",10009469
10009470,510300P2509M04100,300ETF沽9月4100,10000,2025-06-18,2025-09-24,2025-09-24,4.1,P,E,1,Option,510300.XSHG,510300.XSHG,XSHG,0,"09:31-11:30,13:01-15:00",10009470
10009471,510300P2509M04200,300ETF沽9月4200,10000,2025-06-18,2025-09-24,2025-09-24,4.2,P,E,1,Option,510300.XSHG,510300.XSHG,XSHG,0,"09:31-11:30,13:01-15:00",10009471
10009472,510300P2509M04300,300ETF沽9月4300,10000,2025-06-18,2025-09-24,2025-09-24,4.3,P,E,1,Option,510300.XSHG,510300.XSHG,XSHG,0,"09:31-11:30,13:01-15:00",10009472
10009473,510300C2512M03500,300ETF购12月3500,10000,2025-06-18,2025-12-24,2025-12-24,3.5,C,E,1,Option,510300.XSHG,510300.XSHG,XSHG,0,"09:31-11:30,13:01-15:00",10009473
10009474,510300C2512M03600,300ETF购12月3600,10000,2025-06-18,2025-12-24,2025-12-24,3.6,C,E,1,Option,510300.XSHG,510300.XSHG,XSHG,0,"09:31-11:30,13:01-15:00",10009474
10009475,510300C2512M03700,300ETF购12月3700,10000,2025-06-18,2025-12-24,2025-12-24,3.7,C,E,1,Option,510300.XSHG,510300.XSHG,XSHG,0,"09:31-11:30,13:01-15:00",10009475
10009476,510300C2512M03800,300ETF购12月3800,10000,2025-06-18,2025-12-24,2025-12-24,3.8,C,E,1,Option,510300.XSHG,510300.XSHG,XSHG,0,"09:31-11:30,13:01-15:00",10009476
10009477,510300C2512M03900,300ETF购12月3900,10000,2025-06-18,2025-12-24,2025-12-24,3.9,C,E,1,Option,510300.XSHG,510300.XSHG,XSHG,0,"09:31-11:30,13:01-15:00",10009477
10009478,510300C2512M04000,300ETF购12月4000,10000,2025-06-18,2025-12-24,2025-12-24,4.0,C,E,1,Option,510300.XSHG,510300.XSHG,XSHG,0,"09:31-11:30,13:01-15:00",10009478
10009479,510300C2512M04100,300ETF购12月4100,10000,2025-06-18,2025-12-24,2025-12-24,4.1,C,E,1,Option,510300.XSHG,510300.XSHG,XSHG,0,"09:31-11:30,13:01-15:00",10009479
10009480,510300C2512M04200,300ETF购12月4200,10000,2025-06-18,2025-12-24,2025-12-24,4.2,C,E,1,Option,510300.XSHG,510300.XSHG,XSHG,0,"09:31-11:30,13:01-15:00",10009480
10009481,510300C2512M04300,300ETF购12月4300,10000,2025-06-18,2025-12-24,2025-12-24,4.3,C,E,1,Option,510300.XSHG,510300.XSHG,XSHG,0,"09:31-11:30,13:01-15:00",10009481
10009482,510300P2512M03500,300ETF沽12月3500,10000,2025-06-18,2025-12-24,2025-12-24,3.5,P,E,1,Option,510300.XSHG,510300.XSHG,XSHG,0,"09:31-11:30,13:01-15:00",10009482
10009483,510300P2512M03600,300ETF沽12月3600,10000,2025-06-18,2025-12-24,2025-12-24,3.6,P,E,1,Option,510300.XSHG,510300.XSHG,XSHG,0,"09:31-11:30,13:01-15:00",10009483
10009484,510300P2512M03700,300ETF沽12月3700,10000,2025-06-18,2025-12-24,2025-12-24,3.7,P,E,1,Option,510300.XSHG,510300.XSHG,XSHG,0,"09:31-11:30,13:01-15:00",10009484
10009485,510300P2512M03800,300ETF沽12月3800,10000,2025-06-18,2025-12-24,2025-12-24,3.8,P,E,1,Option,510300.XSHG,510300.XSHG,XSHG,0,"09:31-11:30,13:01-15:00",10009485
10009486,510300P2512M03900,300ETF沽12月3900,10000,2025-06-18,2025-12-24,2025-12-24,3.9,P,E,1,Option,510300.XSHG,510300.XSHG,XSHG,0,"09:31-11:30,13:01-15:00",10009486
10009487,510300P2512M04000,300ETF沽12月4000,10000,2025-06-18,2025-12-24,2025-12-24,4.0,P,E,1,Option,510300.XSHG,510300.XSHG,XSHG,0,"09:31-11:30,13:01-15:00",10009487
10009488,510300P2512M04100,300ETF沽12月4100,10000,2025-06-18,2025-12-24,2025-12-24,4.1,P,E,1,Option,510300.XSHG,510300.XSHG,XSHG,0,"09:31-11:30,13:01-15:00",10009488
10009489,510300P2512M04200,300ETF沽12月4200,10000,2025-06-18,2025-12-24,2025-12-24,4.2,P,E,1,Option,510300.XSHG,510300.XSHG,XSHG,0,"09:31-11:30,13:01-15:00",10009489
10009490,510300P2512M04300,300ETF沽12月4300,10000,2025-06-18,2025-12-24,2025-12-24,4.3,P,E,1,Option,510300.XSHG,510300.XSHG,XSHG,0,"09:31-11:30,13:01-15:00",10009490
10009499,510300C2507M04400,300ETF购7月4400,10000,2025-06-26,2025-07-23,2025-07-23,4.4,C,E,1,Option,510300.XSHG,510300.XSHG,XSHG,0,"09:31-11:30,13:01-15:00",10009499
10009500,510300P2507M04400,300ETF沽7月4400,10000,2025-06-26,2025-07-23,2025-07-23,4.4,P,E,1,Option,510300.XSHG,510300.XSHG,XSHG,0,"09:31-11:30,13:01-15:00",10009500
10009501,510300C2509M04400,300ETF购9月4400,10000,2025-06-26,2025-09-24,2025-09-24,4.4,C,E,1,Option,510300.XSHG,510300.XSHG,XSHG,0,"09:31-11:30,13:01-15:00",10009501
10009502,510300P2509M04400,300ETF沽9月4400,10000,2025-06-26,2025-09-24,2025-09-24,4.4,P,E,1,Option,510300.XSHG,510300.XSHG,XSHG,0,"09:31-11:30,13:01-15:00",10009502
10009503,510300C2512M04400,300ETF购12月4400,10000,2025-06-26,2025-12-24,2025-12-24,4.4,C,E,1,Option,510300.XSHG,510300.XSHG,XSHG,0,"09:31-11:30,13:01-15:00",10009503
10009504,510300P2512M04400,300ETF沽12月4400,10000,2025-06-26,2025-12-24,2025-12-24,4.4,P,E,1,Option,510300.XSHG,510300.XSHG,XSHG,0,"09:31-11:30,13:01-15:00",10009504
10009527,510300C2508M03600,300ETF购8月3600,10000,2025-06-26,2025-08-27,2025-08-27,3.6,C,E,1,Option,510300.XSHG,510300.XSHG,XSHG,0,"09:31-11:30,13:01-15:00",10009527
10009528,510300C2508M03700,300ETF购8月3700,10000,2025-06-26,2025-08-27,2025-08-27,3.7,C,E,1,Option,510300.XSHG,510300.XSHG,XSHG,0,"09:31-11:30,13:01-15:00",10009528
10009529,510300C2508M03800,300ETF购8月3800,10000,2025-06-26,2025-08-27,2025-08-27,3.8,C,E,1,Option,510300.XSHG,510300.XSHG,XSHG,0,"09:31-11:30,13:01-15:00",10009529
10009530,510300C2508M03900,300ETF购8月3900,10000,2025-06-26,2025-08-27,2025-08-27,3.9,C,E,1,Option,510300.XSHG,510300.XSHG,XSHG,0,"09:31-11:30,13:01-15:00",10009530
10009531,510300C2508M04000,300ETF购8月4000,10000,2025-06-26,2025-08-27,2025-08-27,4.0,C,E,1,Option,510300.XSHG,510300.XSHG,XSHG,0,"09:31-11:30,13:01-15:00",10009531
10009532,510300C2508M04100,300ETF购8月4100,10000,2025-06-26,2025-08-27,2025-08-27,4.1,C,E,1,Option,510300.XSHG,510300.XSHG,XSHG,0,"09:31-11:30,13:01-15:00",10009532
10009533,510300C2508M04200,300ETF购8月4200,10000,2025-06-26,2025-08-27,2025-08-27,4.2,C,E,1,Option,510300.XSHG,510300.XSHG,XSHG,0,"09:31-11:30,13:01-15:00",10009533
10009534,510300C2508M04300,300ETF购8月4300,10000,2025-06-26,2025-08-27,2025-08-27,4.3,C,E,1,Option,510300.XSHG,510300.XSHG,XSHG,0,"09:31-11:30,13:01-15:00",10009534
10009535,510300C2508M04400,300ETF购8月4400,10000,2025-06-26,2025-08-27,2025-08-27,4.4,C,E,1,Option,510300.XSHG,510300.XSHG,XSHG,0,"09:31-11:30,13:01-15:00",10009535
10009536,510300P2508M03600,300ETF沽8月3600,10000,2025-06-26,2025-08-27,2025-08-27,3.6,P,E,1,Option,510300.XSHG,510300.XSHG,XSHG,0,"09:31-11:30,13:01-15:00",10009536
10009537,510300P2508M03700,300ETF沽8月3700,10000,2025-06-26,2025-08-27,2025-08-27,3.7,P,E,1,Option,510300.XSHG,510300.XSHG,XSHG,0,"09:31-11:30,13:01-15:00",10009537
10009538,510300P2508M03800,300ETF沽8月3800,10000,2025-06-26,2025-08-27,2025-08-27,3.8,P,E,1,Option,510300.XSHG,510300.XSHG,XSHG,0,"09:31-11:30,13:01-15:00",10009538
10009539,510300P2508M03900,300ETF沽8月3900,10000,2025-06-26,2025-08-27,2025-08-27,3.9,P,E,1,Option,510300.XSHG,510300.XSHG,XSHG,0,"09:31-11:30,13:01-15:00",10009539
10009540,510300P2508M04000,300ETF沽8月4000,10000,2025-06-26,2025-08-27,2025-08-27,4.0,P,E,1,Option,510300.XSHG,510300.XSHG,XSHG,0,"09:31-11:30,13:01-15:00",10009540
10009541,510300P2508M04100,300ETF沽8月4100,10000,2025-06-26,2025-08-27,2025-08-27,4.1,P,E,1,Option,510300.XSHG,510300.XSHG,XSHG,0,"09:31-11:30,13:01-15:00",10009541
10009542,510300P2508M04200,300ETF沽8月4200,10000,2025-06-26,2025-08-27,2025-08-27,4.2,P,E,1,Option,510300.XSHG,510300.XSHG,XSHG,0,"09:31-11:30,13:01-15:00",10009542
10009543,510300P2508M04300,300ETF沽8月4300,10000,2025-06-26,2025-08-27,2025-08-27,4.3,P,E,1,Option,510300.XSHG,510300.XSHG,XSHG,0,"09:31-11:30,13:01-15:00",10009543
10009544,510300P2508M04400,300ETF沽8月4400,10000,2025-06-26,2025-08-27,2025-08-27,4.4,P,E,1,Option,510300.XSHG,510300.XSHG,XSHG,0,"09:31-11:30,13:01-15:00",10009544
10009603,510300C2507M04500,300ETF购7月4500,10000,2025-07-11,2025-07-23,2025-07-23,4.5,C,E,1,Option,510300.XSHG,510300.XSHG,XSHG,0,"09:31-11:30,13:01-15:00",10009603
10009604,510300P2507M04500,300ETF沽7月4500,10000,2025-07-11,2025-07-23,2025-07-23,4.5,P,E,1,Option,510300.XSHG,510300.XSHG,XSHG,0,"09:31-11:30,13:01-15:00",10009604
10009605,510300C2508M04500,300ETF购8月4500,10000,2025-07-11,2025-08-27,2025-08-27,4.5,C,E,1,Option,510300.XSHG,510300.XSHG,XSHG,0,"09:31-11:30,13:01-15:00",10009605
10009606,510300P2508M04500,300ETF沽8月4500,10000,2025-07-11,2025-08-27,2025-08-27,4.5,P,E,1,Option,510300.XSHG,510300.XSHG,XSHG,0,"09:31-11:30,13:01-15:00",10009606
10009607,510300C2509M04500,300ETF购9月4500,10000,2025-07-11,2025-09-24,2025-09-24,4.5,C,E,1,Option,510300.XSHG,510300.XSHG,XSHG,0,"09:31-11:30,13:01-15:00",10009607
10009608,510300P2509M04500,300ETF沽9月4500,10000,2025-07-11,2025-09-24,2025-09-24,4.5,P,E,1,Option,510300.XSHG,510300.XSHG,XSHG,0,"09:31-11:30,13:01-15:00",10009608
10009609,510300C2512M04500,300ETF购12月4500,10000,2025-07-11,2025-12-24,2025-12-24,4.5,C,E,1,Option,510300.XSHG,510300.XSHG,XSHG,0,"09:31-11:30,13:01-15:00",10009609
10009610,510300P2512M04500,300ETF沽12月4500,10000,2025-07-11,2025-12-24,2025-12-24,4.5,P,E,1,Option,510300.XSHG,510300.XSHG,XSHG,0,"09:31-11:30,13:01-15:00",10009610
10009625,510300C2507M04600,300ETF购7月4600,10000,2025-07-22,2025-07-23,2025-07-23,4.6,C,E,1,Option,510300.XSHG,510300.XSHG,XSHG,0,"09:31-11:30,13:01-15:00",10009625
10009626,510300P2507M04600,300ETF沽7月4600,10000,2025-07-22,2025-07-23,2025-07-23,4.6,P,E,1,Option,510300.XSHG,510300.XSHG,XSHG,0,"09:31-11:30,13:01-15:00",10009626
10009627,510300C2508M04600,300ETF购8月4600,10000,2025-07-22,2025-08-27,2025-08-27,4.6,C,E,1,Option,510300.XSHG,510300.XSHG,XSHG,0,"09:31-11:30,13:01-15:00",10009627
10009628,510300P2508M04600,300ETF沽8月4600,10000,2025-07-22,2025-08-27,2025-08-27,4.6,P,E,1,Option,510300.XSHG,510300.XSHG,XSHG,0,"09:31-11:30,13:01-15:00",10009628
10009629,510300C2509M04600,300ETF购9月4600,10000,2025-07-22,2025-09-24,2025-09-24,4.6,C,E,1,Option,510300.XSHG,510300.XSHG,XSHG,0,"09:31-11:30,13:01-15:00",10009629
10009630,510300P2509M04600,300ETF沽9月4600,10000,2025-07-22,2025-09-24,2025-09-24,4.6,P,E,1,Option,510300.XSHG,510300.XSHG,XSHG,0,"09:31-11:30,13:01-15:00",10009630
10009631,510300C2512M04600,300ETF购12月4600,10000,2025-07-22,2025-12-24,2025-12-24,4.6,C,E,1,Option,510300.XSHG,510300.XSHG,XSHG,0,"09:31-11:30,13:01-15:00",10009631
10009632,510300P2512M04600,300ETF沽12月4600,10000,2025-07-22,2025-12-24,2025-12-24,4.6,P,E,1,Option,510300.XSHG,510300.XSHG,XSHG,0,"09:31-11:30,13:01-15:00",10009632
10009651,510300C2603A03800,300ETF购3月3704A,10260,2025-07-24,2026-03-25,2026-03-25,3.704,C,E,1,Option,510300.XSHG,510300.XSHG,XSHG,0,"09:31-11:30,13:01-15:00",10009651
10009652,510300C2603A03900,300ETF购3月3801A,10260,2025-07-24,2026-03-25,2026-03-25,3.801,C,E,1,Option,510300.XSHG,510300.XSHG,XSHG,0,"09:31-11:30,13:01-15:00",10009652
10009653,510300C2603A04000,300ETF购3月3899A,10260,2025-07-24,2026-03-25,2026-03-25,3.899,C,E,1,Option,510300.XSHG,510300.XSHG,XSHG,0,"09:31-11:30,13:01-15:00",10009653
10009654,510300C2603A04100,300ETF购3月3996A,10260,2025-07-24,2026-03-25,2026-03-25,3.996,C,E,1,Option,510300.XSHG,510300.XSHG,XSHG,0,"09:31-11:30,13:01-15:00",10009654
10009655,510300C2603A04200,300ETF购3月4094A,10260,2025-07-24,2026-03-25,2026-03-25,4.094,C,E,1,Option,510300.XSHG,510300.XSHG,XSHG,0,"09:31-11:30,13:01-15:00",10009655
10009656,510300C2603A04300,300ETF购3月4191A,10260,2025-07-24,2026-03-25,2026-03-25,4.191,C,E,1,Option,510300.XSHG,510300.XSHG,XSHG,0,"09:31-11:30,13:01-15:00",10009656
10009657,510300C2603A04400,300ETF购3月4288A,10260,2025-07-24,2026-03-25,2026-03-25,4.288,C,E,1,Option,510300.XSHG,510300.XSHG,XSHG,0,"09:31-11:30,13:01-15:00",10009657
10009658,510300C2603A04500,300ETF购3月4386A,10260,2025-07-24,2026-03-25,2026-03-25,4.386,C,E,1,Option,510300.XSHG,510300.XSHG,XSHG,0,"09:31-11:30,13:01-15:00",10009658
10009659,510300C2603A04600,300ETF购3月4483A,10260,2025-07-24,2026-03-25,2026-03-25,4.483,C,E,1,Option,510300.XSHG,510300.XSHG,XSHG,0,"09:31-11:30,13:01-15:00",10009659
10009660,510300P2603A03800,300ETF沽3月3704A,10260,2025-07-24,2026-03-25,2026-03-25,3.704,P,E,1,Option,510300.XSHG,510300.XSHG,XSHG,0,"09:31-11:30,13:01-15:00",10009660
10009661,510300P2603A03900,300ETF沽3月3801A,10260,2025-07-24,2026-03-25,2026-03-25,3.801,P,E,1,Option,510300.XSHG,510300.XSHG,XSHG,0,"09:31-11:30,13:01-15:00",10009661
10009662,510300P2603A04000,300ETF沽3月3899A,10260,2025-07-24,2026-03-25,2026-03-25,3.899,P,E,1,Option,510300.XSHG,510300.XSHG,XSHG,0,"09:31-11:30,13:01-15:00",10009662
10009663,510300P2603A04100,300ETF沽3月3996A,10260,2025-07-24,2026-03-25,2026-03-25,3.996,P,E,1,Option,510300.XSHG,510300.XSHG,XSHG,0,"09:31-11:30,13:01-15:00",10009663
10009664,510300P2603A04200,300ETF沽3月4094A,10260,2025-07-24,2026-03-25,2026-03-25,4.094,P,E,1,Option,510300.XSHG,510300.XSHG,XSHG,0,"09:31-11:30,13:01-15:00",10009664
10009665,510300P2603A04300,300ETF沽3月4191A,10260,2025-07-24,2026-03-25,2026-03-25,4.191,P,E,1,Option,510300.XSHG,510300.XSHG,XSHG,0,"09:31-11:30,13:01-15:00",10009665
10009666,510300P2603A04400,300ETF沽3月4288A,10260,2025-07-24,2026-03-25,2026-03-25,4.288,P,E,1,Option,510300.XSHG,510300.XSHG,XSHG,0,"09:31-11:30,13:01-15:00",10009666
10009667,510300P2603A04500,300ETF沽3月4386A,10260,2025-07-24,2026-03-25,2026-03-25,4.386,P,E,1,Option,510300.XSHG,510300.XSHG,XSHG,0,"09:31-11:30,13:01-15:00",10009667
10009668,510300P2603A04600,300ETF沽3月4483A,10260,2025-07-24,2026-03-25,2026-03-25,4.483,P,E,1,Option,510300.XSHG,510300.XSHG,XSHG,0,"09:31-11:30,13:01-15:00",10009668
10009755,510300C2603A03700,300ETF购3月3606A,10260,2025-08-04,2026-03-25,2026-03-25,3.606,C,E,1,Option,510300.XSHG,510300.XSHG,XSHG,0,"09:31-11:30,13:01-15:00",10009755
10009756,510300P2603A03700,300ETF沽3月3606A,10260,2025-08-04,2026-03-25,2026-03-25,3.606,P,E,1,Option,510300.XSHG,510300.XSHG,XSHG,0,"09:31-11:30,13:01-15:00",10009756
10009757,510300C2508M04700,300ETF购8月4700,10000,2025-08-14,2025-08-27,2025-08-27,4.7,C,E,1,Option,510300.XSHG,510300.XSHG,XSHG,0,"09:31-11:30,13:01-15:00",10009757
10009758,510300P2508M04700,300ETF沽8月4700,10000,2025-08-14,2025-08-27,2025-08-27,4.7,P,E,1,Option,510300.XSHG,510300.XSHG,XSHG,0,"09:31-11:30,13:01-15:00",10009758
10009759,510300C2509M04700,300ETF购9月4700,10000,2025-08-14,2025-09-24,2025-09-24,4.7,C,E,1,Option,510300.XSHG,510300.XSHG,XSHG,0,"09:31-11:30,13:01-15:00",10009759
10009760,510300P2509M04700,300ETF沽9月4700,10000,2025-08-14,2025-09-24,2025-09-24,4.7,P,E,1,Option,510300.XSHG,510300.XSHG,XSHG,0,"09:31-11:30,13:01-15:00",10009760
10009761,510300C2512M04700,300ETF购12月4700,10000,2025-08-14,2025-12-24,2025-12-24,4.7,C,E,1,Option,510300.XSHG,510300.XSHG,XSHG,0,"09:31-11:30,13:01-15:00",10009761
10009762,510300P2512M04700,300ETF沽12月4700,10000,2025-08-14,2025-12-24,2025-12-24,4.7,P,E,1,Option,510300.XSHG,510300.XSHG,XSHG,0,"09:31-11:30,13:01-15:00",10009762
10009763,510300C2603A04700,300ETF购3月4581A,10260,2025-08-14,2026-03-25,2026-03-25,4.581,C,E,1,Option,510300.XSHG,510300.XSHG,XSHG,0,"09:31-11:30,13:01-15:00",10009763
10009764,510300P2603A04700,300ETF沽3月4581A,10260,2025-08-14,2026-03-25,2026-03-25,4.581,P,E,1,Option,510300.XSHG,510300.XSHG,XSHG,0,"09:31-11:30,13:01-15:00",10009764
10009793,510300C2508M04800,300ETF购8月4800,10000,2025-08-21,2025-08-27,2025-08-27,4.8,C,E,1,Option,510300.XSHG,510300.XSHG,XSHG,0,"09:31-11:30,13:01-15:00",10009793
10009794,510300P2508M04800,300ETF沽8月4800,10000,2025-08-21,2025-08-27,2025-08-27,4.8,P,E,1,Option,510300.XSHG,510300.XSHG,XSHG,0,"09:31-11:30,13:01-15:00",10009794
10009795,510300C2509M04800,300ETF购9月4800,10000,2025-08-21,2025-09-24,2025-09-24,4.8,C,E,1,Option,510300.XSHG,510300.XSHG,XSHG,0,"09:31-11:30,13:01-15:00",10009795
10009796,510300P2509M04800,300ETF沽9月4800,10000,2025-08-21,2025-09-24,2025-09-24,4.8,P,E,1,Option,510300.XSHG,510300.XSHG,XSHG,0,"09:31-11:30,13:01-15:00",10009796
10009797,510300C2512M04800,300ETF购12月4800,10000,2025-08-21,2025-12-24,2025-12-24,4.8,C,E,1,Option,510300.XSHG,510300.XSHG,XSHG,0,"09:31-11:30,13:01-15:00",10009797
10009798,510300P2512M04800,300ETF沽12月4800,10000,2025-08-21,2025-12-24,2025-12-24,4.8,P,E,1,Option,510300.XSHG,510300.XSHG,XSHG,0,"09:31-11:30,13:01-15:00",10009798
10009799,510300C2603A04800,300ETF购3月4678A,10260,2025-08-21,2026-03-25,2026-03-25,4.678,C,E,1,Option,510300.XSHG,510300.XSHG,XSHG,0,"09:31-11:30,13:01-15:00",10009799
10009800,510300P2603A04800,300ETF沽3月4678A,10260,2025-08-21,2026-03-25,2026-03-25,4.678,P,E,1,Option,510300.XSHG,510300.XSHG,XSHG,0,"09:31-11:30,13:01-15:00",10009800
10009817,510300C2508M04900,300ETF购8月4900,10000,2025-08-25,2025-08-27,2025-08-27,4.9,C,E,1,Option,510300.XSHG,510300.XSHG,XSHG,0,"09:31-11:30,13:01-15:00",10009817
10009818,510300P2508M04900,300ETF沽8月4900,10000,2025-08-25,2025-08-27,2025-08-27,4.9,P,E,1,Option,510300.XSHG,510300.XSHG,XSHG,0,"09:31-11:30,13:01-15:00",10009818
10009819,510300C2509M04900,300ETF购9月4900,10000,2025-08-25,2025-09-24,2025-09-24,4.9,C,E,1,Option,510300.XSHG,510300.XSHG,XSHG,0,"09:31-11:30,13:01-15:00",10009819
10009820,510300P2509M04900,300ETF沽9月4900,10000,2025-08-25,2025-09-24,2025-09-24,4.9,P,E,1,Option,510300.XSHG,510300.XSHG,XSHG,0,"09:31-11:30,13:01-15:00",10009820
10009821,510300C2512M04900,300ETF购12月4900,10000,2025-08-25,2025-12-24,2025-12-24,4.9,C,E,1,Option,510300.XSHG,510300.XSHG,XSHG,0,"09:31-11:30,13:01-15:00",10009821
10009822,510300P2512M04900,300ETF沽12月4900,10000,2025-08-25,2025-12-24,2025-12-24,4.9,P,E,1,Option,510300.XSHG,510300.XSHG,XSHG,0,"09:31-11:30,13:01-15:00",10009822
10009823,510300C2603A04900,300ETF购3月4776A,10260,2025-08-25,2026-03-25,2026-03-25,4.776,C,E,1,Option,510300.XSHG,510300.XSHG,XSHG,0,"09:31-11:30,13:01-15:00",10009823
10009824,510300P2603A04900,300ETF沽3月4776A,10260,2025-08-25,2026-03-25,2026-03-25,4.776,P,E,1,Option,510300.XSHG,510300.XSHG,XSHG,0,"09:31-11:30,13:01-15:00",10009824
10009865,510300C2508M05000,300ETF购8月5000,10000,2025-08-26,2025-08-27,2025-08-27,5.0,C,E,1,Option,510300.XSHG,510300.XSHG,XSHG,0,"09:31-11:30,13:01-15:00",10009865
10009866,510300P2508M05000,300ETF沽8月5000,10000,2025-08-26,2025-08-27,2025-08-27,5.0,P,E,1,Option,510300.XSHG,510300.XSHG,XSHG,0,"09:31-11:30,13:01-15:00",10009866
10009867,510300C2509M05000,300ETF购9月5000,10000,2025-08-26,2025-09-24,2025-09-24,5.0,C,E,1,Option,510300.XSHG,510300.XSHG,XSHG,0,"09:31-11:30,13:01-15:00",10009867
10009868,510300P2509M05000,300ETF沽9月5000,10000,2025-08-26,2025-09-24,2025-09-24,5.0,P,E,1,Option,510300.XSHG,510300.XSHG,XSHG,0,"09:31-11:30,13:01-15:00",10009868
10009869,510300C2512M05000,300ETF购12月5000,10000,2025-08-26,2025-12-24,2025-12-24,5.0,C,E,1,Option,510300.XSHG,510300.XSHG,XSHG,0,"09:31-11:30,13:01-15:00",10009869
10009870,510300P2512M05000,300ETF沽12月5000,10000,2025-08-26,2025-12-24,2025-12-24,5.0,P,E,1,Option,510300.XSHG,510300.XSHG,XSHG,0,"09:31-11:30,13:01-15:00",10009870
10009871,510300C2603A05000,300ETF购3月4873A,10260,2025-08-26,2026-03-25,2026-03-25,4.873,C,E,1,Option,510300.XSHG,510300.XSHG,XSHG,0,"09:31-11:30,13:01-15:00",10009871
10009872,510300P2603A05000,300ETF沽3月4873A,10260,2025-08-26,2026-03-25,2026-03-25,4.873,P,E,1,Option,510300.XSHG,510300.XSHG,XSHG,0,"09:31-11:30,13:01-15:00",10009872
10009907,510300C2510M04100,300ETF购10月4100,10000,2025-08-28,2025-10-22,2025-10-22,4.1,C,E,1,Option,510300.XSHG,510300.XSHG,XSHG,0,"09:31-11:30,13:01-15:00",10009907
10009908,510300C2510M04200,300ETF购10月4200,10000,2025-08-28,2025-10-22,2025-10-22,4.2,C,E,1,Option,510300.XSHG,510300.XSHG,XSHG,0,"09:31-11:30,13:01-15:00",10009908
10009909,510300C2510M04300,300ETF购10月4300,10000,2025-08-28,2025-10-22,2025-10-22,4.3,C,E,1,Option,510300.XSHG,510300.XSHG,XSHG,0,"09:31-11:30,13:01-15:00",10009909
10009910,510300C2510M04400,300ETF购10月4400,10000,2025-08-28,2025-10-22,2025-10-22,4.4,C,E,1,Option,510300.XSHG,510300.XSHG,XSHG,0,"09:31-11:30,13:01-15:00",10009910
10009911,510300C2510M04500,300ETF购10月4500,10000,2025-08-28,2025-10-22,2025-10-22,4.5,C,E,1,Option,510300.XSHG,510300.XSHG,XSHG,0,"09:31-11:30,13:01-15:00",10009911
10009912,510300C2510M04600,300ETF购10月4600,10000,2025-08-28,2025-10-22,2025-10-22,4.6,C,E,1,Option,510300.XSHG,510300.XSHG,XSHG,0,"09:31-11:30,13:01-15:00",10009912
10009913,510300C2510M04700,300ETF购10月4700,10000,2025-08-28,2025-10-22,2025-10-22,4.7,C,E,1,Option,510300.XSHG,510300.XSHG,XSHG,0,"09:31-11:30,13:01-15:00",10009913
10009914,510300C2510M04800,300ETF购10月4800,10000,2025-08-28,2025-10-22,2025-10-22,4.8,C,E,1,Option,510300.XSHG,510300.XSHG,XSHG,0,"09:31-11:30,13:01-15:00",10009914
10009915,510300C2510M04900,300ETF购10月4900,10000,2025-08-28,2025-10-22,2025-10-22,4.9,C,E,1,Option,510300.XSHG,510300.XSHG,XSHG,0,"09:31-11:30,13:01-15:00",10009915
10009916,510300P2510M04100,300ETF沽10月4100,10000,2025-08-28,2025-10-22,2025-10-22,4.1,P,E,1,Option,510300.XSHG,510300.XSHG,XSHG,0,"09:31-11:30,13:01-15:00",10009916
10009917,510300P2510M04200,300ETF沽10月4200,10000,2025-08-28,2025-10-22,2025-10-22,4.2,P,E,1,Option,510300.XSHG,510300.XSHG,XSHG,0,"09:31-11:30,13:01-15:00",10009917
10009918,510300P2510M04300,300ETF沽10月4300,10000,2025-08-28,2025-10-22,2025-10-22,4.3,P,E,1,Option,510300.XSHG,510300.XSHG,XSHG,0,"09:31-11:30,13:01-15:00",10009918
10009919,510300P2510M04400,300ETF沽10月4400,10000,2025-08-28,2025-10-22,2025-10-22,4.4,P,E,1,Option,510300.XSHG,510300.XSHG,XSHG,0,"09:31-11:30,13:01-15:00",10009919
10009920,510300P2510M04500,300ETF沽10月4500,10000,2025-08-28,2025-10-22,2025-10-22,4.5,P,E,1,Option,510300.XSHG,510300.XSHG,XSHG,0,"09:31-11:30,13:01-15:00",10009920
10009921,510300P2510M04600,300ETF沽10月4600,10000,2025-08-28,2025-10-22,2025-10-22,4.6,P,E,1,Option,510300.XSHG,510300.XSHG,XSHG,0,"09:31-11:30,13:01-15:00",10009921
10009922,510300P2510M04700,300ETF沽10月4700,10000,2025-08-28,2025-10-22,2025-10-22,4.7,P,E,1,Option,510300.XSHG,510300.XSHG,XSHG,0,"09:31-11:30,13:01-15:00",10009922
10009923,510300P2510M04800,300ETF沽10月4800,10000,2025-08-28,2025-10-22,2025-10-22,4.8,P,E,1,Option,510300.XSHG,510300.XSHG,XSHG,0,"09:31-11:30,13:01-15:00",10009923
10009924,510300P2510M04900,300ETF沽10月4900,10000,2025-08-28,2025-10-22,2025-10-22,4.9,P,E,1,Option,510300.XSHG,510300.XSHG,XSHG,0,"09:31-11:30,13:01-15:00",10009924
10009979,510300C2510M05000,300ETF购10月5000,10000,2025-08-29,2025-10-22,2025-10-22,5.0,C,E,1,Option,510300.XSHG,510300.XSHG,XSHG,0,"09:31-11:30,13:01-15:00",10009979
10009980,510300P2510M05000,300ETF沽10月5000,10000,2025-08-29,2025-10-22,2025-10-22,5.0,P,E,1,Option,510300.XSHG,510300.XSHG,XSHG,0,"09:31-11:30,13:01-15:00",10009980
10010023,510300C2509M05250,300ETF购9月5250,10000,2025-09-12,2025-09-24,2025-09-24,5.25,C,E,1,Option,510300.XSHG,510300.XSHG,XSHG,0,"09:31-11:30,13:01-15:00",10010023
10010024,510300P2509M05250,300ETF沽9月5250,10000,2025-09-12,2025-09-24,2025-09-24,5.25,P,E,1,Option,510300.XSHG,510300.XSHG,XSHG,0,"09:31-11:30,13:01-15:00",10010024
10010025,510300C2510M05250,300ETF购10月5250,10000,2025-09-12,2025-10-22,2025-10-22,5.25,C,E,1,Option,510300.XSHG,510300.XSHG,XSHG,0,"09:31-11:30,13:01-15:00",10010025
10010026,510300P2510M05250,300ETF沽10月5250,10000,2025-09-12,2025-10-22,2025-10-22,5.25,P,E,1,Option,510300.XSHG,510300.XSHG,XSHG,0,"09:31-11:30,13:01-15:00",10010026
10010027,510300C2512M05250,300ETF购12月5250,10000,2025-09-12,2025-12-24,2025-12-24,5.25,C,E,1,Option,510300.XSHG,510300.XSHG,XSHG,0,"09:31-11:30,13:01-15:00",10010027
10010028,510300P2512M05250,300ETF沽12月5250,10000,2025-09-12,2025-12-24,2025-12-24,5.25,P,E,1,Option,510300.XSHG,510300.XSHG,XSHG,0,"09:31-11:30,13:01-15:00",10010028
10010029,510300C2603A05250,300ETF购3月5117A,10260,2025-09-12,2026-03-25,2026-03-25,5.117,C,E,1,Option,510300.XSHG,510300.XSHG,XSHG,0,"09:31-11:30,13:01-15:00",10010029
10010030,510300P2603A05250,300ETF沽3月5117A,10260,2025-09-12,2026-03-25,2026-03-25,5.117,P,E,1,Option,510300.XSHG,510300.XSHG,XSHG,0,"09:31-11:30,13:01-15:00",10010030
10010083,510300C2511M04300,300ETF购11月4300,10000,2025-09-25,2025-11-26,2025-11-26,4.3,C,E,1,Option,510300.XSHG,510300.XSHG,XSHG,0,"09:31-11:30,13:01-15:00",10010083
10010084,510300C2511M04400,300ETF购11月4400,10000,2025-09-25,2025-11-26,2025-11-26,4.4,C,E,1,Option,510300.XSHG,510300.XSHG,XSHG,0,"09:31-11:30,13:01-15:00",10010084
10010085,510300C2511M04500,300ETF购11月4500,10000,2025-09-25,2025-11-26,2025-11-26,4.5,C,E,1,Option,510300.XSHG,510300.XSHG,XSHG,0,"09:31-11:30,13:01-15:00",10010085
10010086,510300C2511M04600,300ETF购11月4600,10000,2025-09-25,2025-11-26,2025-11-26,4.6,C,E,1,Option,510300.XSHG,510300.XSHG,XSHG,0,"09:31-11:30,13:01-15:00",10010086
10010087,510300C2511M04700,300ETF购11月4700,10000,2025-09-25,2025-11-26,2025-11-26,4.7,C,E,1,Option,510300.XSHG,510300.XSHG,XSHG,0,"09:31-11:30,13:01-15:00",10010087
10010088,510300C2511M04800,300ETF购11月4800,10000,2025-09-25,2025-11-26,2025-11-26,4.8,C,E,1,Option,510300.XSHG,510300.XSHG,XSHG,0,"09:31-11:30,13:01-15:00",10010088
10010089,510300C2511M04900,300ETF购11月4900,10000,2025-09-25,2025-11-26,2025-11-26,4.9,C,E,1,Option,510300.XSHG,510300.XSHG,XSHG,0,"09:31-11:30,13:01-15:00",10010089
10010090,510300C2511M05000,300ETF购11月5000,10000,2025-09-25,2025-11-26,2025-11-26,5.0,C,E,1,Option,510300.XSHG,510300.XSHG,XSHG,0,"09:31-11:30,13:01-15:00",10010090
10010091,510300C2511M05250,300ETF购11月5250,10000,2025-09-25,2025-11-26,2025-11-26,5.25,C,E,1,Option,510300.XSHG,510300.XSHG,XSHG,0,"09:31-11:30,13:01-15:00",10010091
10010092,510300P2511M04300,300ETF沽11月4300,10000,2025-09-25,2025-11-26,2025-11-26,4.3,P,E,1,Option,510300.XSHG,510300.XSHG,XSHG,0,"09:31-11:30,13:01-15:00",10010092
10010093,510300P2511M04400,300ETF沽11月4400,10000,2025-09-25,2025-11-26,2025-11-26,4.4,P,E,1,Option,510300.XSHG,510300.XSHG,XSHG,0,"09:31-11:30,13:01-15:00",10010093
10010094,510300P2511M04500,300ETF沽11月4500,10000,2025-09-25,2025-11-26,2025-11-26,4.5,P,E,1,Option,510300.XSHG,510300.XSHG,XSHG,0,"09:31-11:30,13:01-15:00",10010094
10010095,510300P2511M04600,300ETF沽11月4600,10000,2025-09-25,2025-11-26,2025-11-26,4.6,P,E,1,Option,510300.XSHG,510300.XSHG,XSHG,0,"09:31-11:30,13:01-15:00",10010095
10010096,510300P2511M04700,300ETF沽11月4700,10000,2025-09-25,2025-11-26,2025-11-26,4.7,P,E,1,Option,510300.XSHG,510300.XSHG,XSHG,0,"09:31-11:30,13:01-15:00",10010096
10010097,510300P2511M04800,300ETF沽11月4800,10000,2025-09-25,2025-11-26,2025-11-26,4.8,P,E,1,Option,510300.XSHG,510300.XSHG,XSHG,0,"09:31-11:30,13:01-15:00",10010097
10010098,510300P2511M04900,300ETF沽11月4900,10000,2025-09-25,2025-11-26,2025-11-26,4.9,P,E,1,Option,510300.XSHG,510300.XSHG,XSHG,0,"09:31-11:30,13:01-15:00",10010098
10010099,510300P2511M05000,300ETF沽11月5000,10000,2025-09-25,2025-11-26,2025-11-26,5.0,P,E,1,Option,510300.XSHG,510300.XSHG,XSHG,0,"09:31-11:30,13:01-15:00",10010099
10010100,510300P2511M05250,300ETF沽11月5250,10000,2025-09-25,2025-11-26,2025-11-26,5.25,P,E,1,Option,510300.XSHG,510300.XSHG,XSHG,0,"09:31-11:30,13:01-15:00",10010100
10010175,510300C2510M05500,300ETF购10月5500,10000,2025-10-10,2025-10-22,2025-10-22,5.5,C,E,1,Option,510300.XSHG,510300.XSHG,XSHG,0,"09:31-11:30,13:01-15:00",10010175
10010176,510300P2510M05500,300ETF沽10月5500,10000,2025-10-10,2025-10-22,2025-10-22,5.5,P,E,1,Option,510300.XSHG,510300.XSHG,XSHG,0,"09:31-11:30,13:01-15:00",10010176
10010177,510300C2511M05500,300ETF购11月5500,10000,2025-10-10,2025-11-26,2025-11-26,5.5,C,E,1,Option,510300.XSHG,510300.XSHG,XSHG,0,"09:31-11:30,13:01-15:00",10010177
10010178,510300P2511M05500,300ETF沽11月5500,10000,2025-10-10,2025-11-26,2025-11-26,5.5,P,E,1,Option,510300.XSHG,510300.XSHG,XSHG,0,"09:31-11:30,13:01-15:00",10010178
10010179,510300C2512M05500,300ETF购12月5500,10000,2025-10-10,2025-12-24,2025-12-24,5.5,C,E,1,Option,510300.XSHG,510300.XSHG,XSHG,0,"09:31-11:30,13:01-15:00",10010179
10010180,510300P2512M05500,300ETF沽12月5500,10000,2025-10-10,2025-12-24,2025-12-24,5.5,P,E,1,Option,510300.XSHG,510300.XSHG,XSHG,0,"09:31-11:30,13:01-15:00",10010180
10010181,510300C2603A05500,300ETF购3月5361A,10260,2025-10-10,2026-03-25,2026-03-25,5.361,C,E,1,Option,510300.XSHG,510300.XSHG,XSHG,0,"09:31-11:30,13:01-15:00",10010181
10010182,510300P2603A05500,300ETF沽3月5361A,10260,2025-10-10,2026-03-25,2026-03-25,5.361,P,E,1,Option,510300.XSHG,510300.XSHG,XSHG,0,"09:31-11:30,13:01-15:00",10010182
10010207,510300C2511M04200,300ETF购11月4200,10000,2025-10-15,2025-11-26,2025-11-26,4.2,C,E,1,Option,510300.XSHG,510300.XSHG,XSHG,0,"09:31-11:30,13:01-15:00",10010207
10010208,510300P2511M04200,300ETF沽11月4200,10000,2025-10-15,2025-11-26,2025-11-26,4.2,P,E,1,Option,510300.XSHG,510300.XSHG,XSHG,0,"09:31-11:30,13:01-15:00",10010208
10010313,510300C2606A04300,300ETF购6月4191A,10260,2025-10-23,2026-06-24,2026-06-24,4.191,C,E,1,Option,510300.XSHG,510300.XSHG,XSHG,0,"09:31-11:30,13:01-15:00",10010313
10010314,510300C2606A04400,300ETF购6月4288A,10260,2025-10-23,2026-06-24,2026-06-24,4.288,C,E,1,Option,510300.XSHG,510300.XSHG,XSHG,0,"09:31-11:30,13:01-15:00",10010314
10010315,510300C2606A04500,300ETF购6月4386A,10260,2025-10-23,2026-06-24,2026-06-24,4.386,C,E,1,Option,510300.XSHG,510300.XSHG,XSHG,0,"09:31-11:30,13:01-15:00",10010315
10010316,510300C2606A04600,300ETF购6月4483A,10260,2025-10-23,2026-06-24,2026-06-24,4.483,C,E,1,Option,510300.XSHG,510300.XSHG,XSHG,0,"09:31-11:30,13:01-15:00",10010316
10010317,510300C2606A04700,300ETF购6月4581A,10260,2025-10-23,2026-06-24,2026-06-24,4.581,C,E,1,Option,510300.XSHG,510300.XSHG,XSHG,0,"09:31-11:30,13:01-15:00",10010317
10010318,510300C2606A04800,300ETF购6月4678A,10260,2025-10-23,2026-06-24,2026-06-24,4.678,C,E,1,Option,510300.XSHG,510300.XSHG,XSHG,0,"09:31-11:30,13:01-15:00",10010318
10010319,510300C2606A04900,300ETF购6月4776A,10260,2025-10-23,2026-06-24,2026-06-24,4.776,C,E,1,Option,510300.XSHG,510300.XSHG,XSHG,0,"09:31-11:30,13:01-15:00",10010319
10010320,510300C2606A05000,300ETF购6月4873A,10260,2025-10-23,2026-06-24,2026-06-24,4.873,C,E,1,Option,510300.XSHG,510300.XSHG,XSHG,0,"09:31-11:30,13:01-15:00",10010320
10010321,510300C2606A05250,300ETF购6月5117A,10260,2025-10-23,2026-06-24,2026-06-24,5.117,C,E,1,Option,510300.XSHG,510300.XSHG,XSHG,0,"09:31-11:30,13:01-15:00",10010321
10010322,510300P2606A04300,300ETF沽6月4191A,10260,2025-10-23,2026-06-24,2026-06-24,4.191,P,E,1,Option,510300.XSHG,510300.XSHG,XSHG,0,"09:31-11:30,13:01-15:00",10010322
10010323,510300P2606A04400,300ETF沽6月4288A,10260,2025-10-23,2026-06-24,2026-06-24,4.288,P,E,1,Option,510300.XSHG,510300.XSHG,XSHG,0,"09:31-11:30,13:01-15:00",10010323
10010324,510300P2606A04500,300ETF沽6月4386A,10260,2025-10-23,2026-06-24,2026-06-24,4.386,P,E,1,Option,510300.XSHG,510300.XSHG,XSHG,0,"09:31-11:30,13:01-15:00",10010324
10010325,510300P2606A04600,300ETF沽6月4483A,10260,2025-10-23,2026-06-24,2026-06-24,4.483,P,E,1,Option,510300.XSHG,510300.XSHG,XSHG,0,"09:31-11:30,13:01-15:00",10010325
10010326,510300P2606A04700,300ETF沽6月4581A,10260,2025-10-23,2026-06-24,2026-06-24,4.581,P,E,1,Option,510300.XSHG,510300.XSHG,XSHG,0,"09:31-11:30,13:01-15:00",10010326
10010327,510300P2606A04800,300ETF沽6月4678A,10260,2025-10-23,2026-06-24,2026-06-24,4.678,P,E,1,Option,510300.XSHG,510300.XSHG,XSHG,0,"09:31-11:30,13:01-15:00",10010327
10010328,510300P2606A04900,300ETF沽6月4776A,10260,2025-10-23,2026-06-24,2026-06-24,4.776,P,E,1,Option,510300.XSHG,510300.XSHG,XSHG,0,"09:31-11:30,13:01-15:00",10010328
10010329,510300P2606A05000,300ETF沽6月4873A,10260,2025-10-23,2026-06-24,2026-06-24,4.873,P,E,1,Option,510300.XSHG,510300.XSHG,XSHG,0,"09:31-11:30,13:01-15:00",10010329
10010330,510300P2606A05250,300ETF沽6月5117A,10260,2025-10-23,2026-06-24,2026-06-24,5.117,P,E,1,Option,510300.XSHG,510300.XSHG,XSHG,0,"09:31-11:30,13:01-15:00",10010330
10010391,510300C2606A05500,300ETF购6月5361A,10260,2025-10-27,2026-06-24,2026-06-24,5.361,C,E,1,Option,510300.XSHG,510300.XSHG,XSHG,0,"09:31-11:30,13:01-15:00",10010391
10010392,510300P2606A05500,300ETF沽6月5361A,10260,2025-10-27,2026-06-24,2026-06-24,5.361,P,E,1,Option,510300.XSHG,510300.XSHG,XSHG,0,"09:31-11:30,13:01-15:00",10010392
10010405,510300C2511M05750,300ETF购11月5750,10000,2025-10-30,2025-11-26,2025-11-26,5.75,C,E,1,Option,510300.XSHG,510300.XSHG,XSHG,0,"09:31-11:30,13:01-15:00",10010405
10010406,510300P2511M05750,300ETF沽11月5750,10000,2025-10-30,2025-11-26,2025-11-26,5.75,P,E,1,Option,510300.XSHG,510300.XSHG,XSHG,0,"09:31-11:30,13:01-15:00",10010406
10010407,510300C2512M05750,300ETF购12月5750,10000,2025-10-30,2025-12-24,2025-12-24,5.75,C,E,1,Option,510300.XSHG,510300.XSHG,XSHG,0,"09:31-11:30,13:01-15:00",10010407
10010408,510300P2512M05750,300ETF沽12月5750,10000,2025-10-30,2025-12-24,2025-12-24,5.75,P,E,1,Option,510300.XSHG,510300.XSHG,XSHG,0,"09:31-11:30,13:01-15:00",10010408
10010409,510300C2603A05750,300ETF购3月5604A,10260,2025-10-30,2026-03-25,2026-03-25,5.604,C,E,1,Option,510300.XSHG,510300.XSHG,XSHG,0,"09:31-11:30,13:01-15:00",10010409
10010410,510300P2603A05750,300ETF沽3月5604A,10260,2025-10-30,2026-03-25,2026-03-25,5.604,P,E,1,Option,510300.XSHG,510300.XSHG,XSHG,0,"09:31-11:30,13:01-15:00",10010410
10010411,510300C2606A05750,300ETF购6月5604A,10260,2025-10-30,2026-06-24,2026-06-24,5.604,C,E,1,Option,510300.XSHG,510300.XSHG,XSHG,0,"09:31-11:30,13:01-15:00",10010411
10010412,510300P2606A05750,300ETF沽6月5604A,10260,2025-10-30,2026-06-24,2026-06-24,5.604,P,E,1,Option,510300.XSHG,510300.XSHG,XSHG,0,"09:31-11:30,13:01-15:00",10010412
10010425,510300C2606A04200,300ETF购6月4094A,10260,2025-11-24,2026-06-24,2026-06-24,4.094,C,E,1,Option,510300.XSHG,510300.XSHG,XSHG,0,"09:31-11:30,13:01-15:00",10010425
10010426,510300P2606A04200,300ETF沽6月4094A,10260,2025-11-24,2026-06-24,2026-06-24,4.094,P,E,1,Option,510300.XSHG,510300.XSHG,XSHG,0,"09:31-11:30,13:01-15:00",10010426
10010459,510300C2601A04200,300ETF购1月4094A,10260,2025-11-27,2026-01-28,2026-01-28,4.094,C,E,1,Option,510300.XSHG,510300.XSHG,XSHG,0,"09:31-11:30,13:01-15:00",10010459
10010460,510300C2601A04300,300ETF购1月4191A,10260,2025-11-27,2026-01-28,2026-01-28,4.191,C,E,1,Option,510300.XSHG,510300.XSHG,XSHG,0,"09:31-11:30,13:01-15:00",10010460
10010461,510300C2601A04400,300ETF购1月4288A,10260,2025-11-27,2026-01-28,2026-01-28,4.288,C,E,1,Option,510300.XSHG,510300.XSHG,XSHG,0,"09:31-11:30,13:01-15:00",10010461
10010462,510300C2601A04500,300ETF购1月4386A,10260,2025-11-27,2026-01-28,2026-01-28,4.386,C,E,1,Option,510300.XSHG,510300.XSHG,XSHG,0,"09:31-11:30,13:01-15:00",10010462
10010463,510300C2601A04600,300ETF购1月4483A,10260,2025-11-27,2026-01-28,2026-01-28,4.483,C,E,1,Option,510300.XSHG,510300.XSHG,XSHG,0,"09:31-11:30,13:01-15:00",10010463
10010464,510300C2601A04700,300ETF购1月4581A,10260,2025-11-27,2026-01-28,2026-01-28,4.581,C,E,1,Option,510300.XSHG,510300.XSHG,XSHG,0,"09:31-11:30,13:01-15:00",10010464
10010465,510300C2601A04800,300ETF购1月4678A,10260,2025-11-27,2026-01-28,2026-01-28,4.678,C,E,1,Option,510300.XSHG,510300.XSHG,XSHG,0,"09:31-11:30,13:01-15:00",10010465
10010466,510300C2601A04900,300ETF购1月4776A,10260,2025-11-27,2026-01-28,2026-01-28,4.776,C,E,1,Option,510300.XSHG,510300.XSHG,XSHG,0,"09:31-11:30,13:01-15:00",10010466
10010467,510300C2601A05000,300ETF购1月4873A,10260,2025-11-27,2026-01-28,2026-01-28,4.873,C,E,1,Option,510300.XSHG,510300.XSHG,XSHG,0,"09:31-11:30,13:01-15:00",10010467
10010468,510300P2601A04200,300ETF沽1月4094A,10260,2025-11-27,2026-01-28,2026-01-28,4.094,P,E,1,Option,510300.XSHG,510300.XSHG,XSHG,0,"09:31-11:30,13:01-15:00",10010468
10010469,510300P2601A04300,300ETF沽1月4191A,10260,2025-11-27,2026-01-28,2026-01-28,4.191,P,E,1,Option,510300.XSHG,510300.XSHG,XSHG,0,"09:31-11:30,13:01-15:00",10010469
10010470,510300P2601A04400,300ETF沽1月4288A,10260,2025-11-27,2026-01-28,2026-01-28,4.288,P,E,1,Option,510300.XSHG,510300.XSHG,XSHG,0,"09:31-11:30,13:01-15:00",10010470
10010471,510300P2601A04500,300ETF沽1月4386A,10260,2025-11-27,2026-01-28,2026-01-28,4.386,P,E,1,Option,510300.XSHG,510300.XSHG,XSHG,0,"09:31-11:30,13:01-15:00",10010471
10010472,510300P2601A04600,300ETF沽1月4483A,10260,2025-11-27,2026-01-28,2026-01-28,4.483,P,E,1,Option,510300.XSHG,510300.XSHG,XSHG,0,"09:31-11:30,13:01-15:00",10010472
10010473,510300P2601A04700,300ETF沽1月4581A,10260,2025-11-27,2026-01-28,2026-01-28,4.581,P,E,1,Option,510300.XSHG,510300.XSHG,XSHG,0,"09:31-11:30,13:01-15:00",10010473
10010474,510300P2601A04800,300ETF沽1月4678A,10260,2025-11-27,2026-01-28,2026-01-28,4.678,P,E,1,Option,510300.XSHG,510300.XSHG,XSHG,0,"09:31-11:30,13:01-15:00",10010474
10010475,510300P2601A04900,300ETF沽1月4776A,10260,2025-11-27,2026-01-28,2026-01-28,4.776,P,E,1,Option,510300.XSHG,510300.XSHG,XSHG,0,"09:31-11:30,13:01-15:00",10010475
10010476,510300P2601A05000,300ETF沽1月4873A,10260,2025-11-27,2026-01-28,2026-01-28,4.873,P,E,1,Option,510300.XSHG,510300.XSHG,XSHG,0,"09:31-11:30,13:01-15:00",10010476
10010533,510300C2601A05250,300ETF购1月5117A,10260,2025-12-02,2026-01-28,2026-01-28,5.117,C,E,1,Option,510300.XSHG,510300.XSHG,XSHG,0,"09:31-11:30,13:01-15:00",10010533
10010534,510300P2601A05250,300ETF沽1月5117A,10260,2025-12-02,2026-01-28,2026-01-28,5.117,P,E,1,Option,510300.XSHG,510300.XSHG,XSHG,0,"09:31-11:30,13:01-15:00",10010534
10010623,510300C2601A05500,300ETF购1月5361A,10260,2025-12-25,2026-01-28,2026-01-28,5.361,C,E,1,Option,510300.XSHG,510300.XSHG,XSHG,0,"09:31-11:30,13:01-15:00",10010623
10010624,510300P2601A05500,300ETF沽1月5361A,10260,2025-12-25,2026-01-28,2026-01-28,5.361,P,E,1,Option,510300.XSHG,510300.XSHG,XSHG,0,"09:31-11:30,13:01-15:00",10010624
10010645,510300C2602A04400,300ETF购2月4288A,10260,2025-12-25,2026-02-25,2026-02-25,4.288,C,E,1,Option,510300.XSHG,510300.XSHG,XSHG,0,"09:31-11:30,13:01-15:00",10010645
10010646,510300C2602A04500,300ETF购2月4386A,10260,2025-12-25,2026-02-25,2026-02-25,4.386,C,E,1,Option,510300.XSHG,510300.XSHG,XSHG,0,"09:31-11:30,13:01-15:00",10010646
10010647,510300C2602A04600,300ETF购2月4483A,10260,2025-12-25,2026-02-25,2026-02-25,4.483,C,E,1,Option,510300.XSHG,510300.XSHG,XSHG,0,"09:31-11:30,13:01-15:00",10010647
10010648,510300C2602A04700,300ETF购2月4581A,10260,2025-12-25,2026-02-25,2026-02-25,4.581,C,E,1,Option,510300.XSHG,510300.XSHG,XSHG,0,"09:31-11:30,13:01-15:00",10010648
10010649,510300C2602A04800,300ETF购2月4678A,10260,2025-12-25,2026-02-25,2026-02-25,4.678,C,E,1,Option,510300.XSHG,510300.XSHG,XSHG,0,"09:31-11:30,13:01-15:00",10010649
10010650,510300C2602A04900,300ETF购2月4776A,10260,2025-12-25,2026-02-25,2026-02-25,4.776,C,E,1,Option,510300.XSHG,510300.XSHG,XSHG,0,"09:31-11:30,13:01-15:00",10010650
10010651,510300C2602A05000,300ETF购2月4873A,10260,2025-12-25,2026-02-25,2026-02-25,4.873,C,E,1,Option,510300.XSHG,510300.XSHG,XSHG,0,"09:31-11:30,13:01-15:00",10010651
10010652,510300C2602A05250,300ETF购2月5117A,10260,2025-12-25,2026-02-25,2026-02-25,5.117,C,E,1,Option,510300.XSHG,510300.XSHG,XSHG,0,"09:31-11:30,13:01-15:00",10010652
10010653,510300C2602A05500,300ETF购2月5361A,10260,2025-12-25,2026-02-25,2026-02-25,5.361,C,E,1,Option,510300.XSHG,510300.XSHG,XSHG,0,"09:31-11:30,13:01-15:00",10010653
10010654,510300P2602A04400,300ETF沽2月4288A,10260,2025-12-25,2026-02-25,2026-02-25,4.288,P,E,1,Option,510300.XSHG,510300.XSHG,XSHG,0,"09:31-11:30,13:01-15:00",10010654
10010655,510300P2602A04500,300ETF沽2月4386A,10260,2025-12-25,2026-02-25,2026-02-25,4.386,P,E,1,Option,510300.XSHG,510300.XSHG,XSHG,0,"09:31-11:30,13:01-15:00",10010655
10010656,510300P2602A04600,300ETF沽2月4483A,10260,2025-12-25,2026-02-25,2026-02-25,4.483,P,E,1,Option,510300.XSHG,510300.XSHG,XSHG,0,"09:31-11:30,13:01-15:00",10010656
10010657,510300P2602A04700,300ETF沽2月4581A,10260,2025-12-25,2026-02-25,2026-02-25,4.581,P,E,1,Option,510300.XSHG,510300.XSHG,XSHG,0,"09:31-11:30,13:01-15:00",10010657
10010658,510300P2602A04800,300ETF沽2月4678A,10260,2025-12-25,2026-02-25,2026-02-25,4.678,P,E,1,Option,510300.XSHG,510300.XSHG,XSHG,0,"09:31-11:30,13:01-15:00",10010658
10010659,510300P2602A04900,300ETF沽2月4776A,10260,2025-12-25,2026-02-25,2026-02-25,4.776,P,E,1,Option,510300.XSHG,510300.XSHG,XSHG,0,"09:31-11:30,13:01-15:00",10010659
10010660,510300P2602A05000,300ETF沽2月4873A,10260,2025-12-25,2026-02-25,2026-02-25,4.873,P,E,1,Option,510300.XSHG,510300.XSHG,XSHG,0,"09:31-11:30,13:01-15:00",10010660
10010661,510300P2602A05250,300ETF沽2月5117A,10260,2025-12-25,2026-02-25,2026-02-25,5.117,P,E,1,Option,510300.XSHG,510300.XSHG,XSHG,0,"09:31-11:30,13:01-15:00",10010661
10010662,510300P2602A05500,300ETF沽2月5361A,10260,2025-12-25,2026-02-25,2026-02-25,5.361,P,E,1,Option,510300.XSHG,510300.XSHG,XSHG,0,"09:31-11:30,13:01-15:00",10010662
10010745,510300C2601A05750,300ETF购1月5604A,10260,2026-01-07,2026-01-28,2026-01-28,5.604,C,E,1,Option,510300.XSHG,510300.XSHG,XSHG,0,"09:31-11:30,13:01-15:00",10010745
10010746,510300P2601A05750,300ETF沽1月5604A,10260,2026-01-07,2026-01-28,2026-01-28,5.604,P,E,1,Option,510300.XSHG,510300.XSHG,XSHG,0,"09:31-11:30,13:01-15:00",10010746
10010747,510300C2602A05750,300ETF购2月5604A,10260,2026-01-07,2026-02-25,2026-02-25,5.604,C,E,1,Option,510300.XSHG,510300.XSHG,XSHG,0,"09:31-11:30,13:01-15:00",10010747
10010748,510300P2602A05750,300ETF沽2月5604A,10260,2026-01-07,2026-02-25,2026-02-25,5.604,P,E,1,Option,510300.XSHG,510300.XSHG,XSHG,0,"09:31-11:30,13:01-15:00",10010748
10010867,510300C2601M04300,300ETF购1月4300,10000,2026-01-19,2026-01-28,2026-01-28,4.3,C,E,1,Option,510300.XSHG,510300.XSHG,XSHG,0,"09:31-11:30,13:01-15:00",10010867
10010868,510300C2601M04400,300ETF购1月4400,10000,2026-01-19,2026-01-28,2026-01-28,4.4,C,E,1,Option,510300.XSHG,510300.XSHG,XSHG,0,"09:31-11:30,13:01-15:00",10010868
10010869,510300C2601M04500,300ETF购1月4500,10000,2026-01-19,2026-01-28,2026-01-28,4.5,C,E,1,Option,510300.XSHG,510300.XSHG,XSHG,0,"09:31-11:30,13:01-15:00",10010869
10010870,510300C2601M04600,300ETF购1月4600,10000,2026-01-19,2026-01-28,2026-01-28,4.6,C,E,1,Option,510300.XSHG,510300.XSHG,XSHG,0,"09:31-11:30,13:01-15:00",10010870
10010871,510300C2601M04700,300ETF购1月4700,10000,2026-01-19,2026-01-28,2026-01-28,4.7,C,E,1,Option,510300.XSHG,510300.XSHG,XSHG,0,"09:31-11:30,13:01-15:00",10010871
10010872,510300C2601M04800,300ETF购1月4800,10000,2026-01-19,2026-01-28,2026-01-28,4.8,C,E,1,Option,510300.XSHG,510300.XSHG,XSHG,0,"09:31-11:30,13:01-15:00",10010872
10010873,510300C2601M04900,300ETF购1月4900,10000,2026-01-19,2026-01-28,2026-01-28,4.9,C,E,1,Option,510300.XSHG,510300.XSHG,XSHG,0,"09:31-11:30,13:01-15:00",10010873
10010874,510300C2601M05000,300ETF购1月5000,10000,2026-01-19,2026-01-28,2026-01-28,5.0,C,E,1,Option,510300.XSHG,510300.XSHG,XSHG,0,"09:31-11:30,13:01-15:00",10010874
10010875,510300C2601M05250,300ETF购1月5250,10000,2026-01-19,2026-01-28,2026-01-28,5.25,C,E,1,Option,510300.XSHG,510300.XSHG,XSHG,0,"09:31-11:30,13:01-15:00",10010875
10010876,510300P2601M04300,300ETF沽1月4300,10000,2026-01-19,2026-01-28,2026-01-28,4.3,P,E,1,Option,510300.XSHG,510300.XSHG,XSHG,0,"09:31-11:30,13:01-15:00",10010876
10010877,510300P2601M04400,300ETF沽1月4400,10000,2026-01-19,2026-01-28,2026-01-28,4.4,P,E,1,Option,510300.XSHG,510300.XSHG,XSHG,0,"09:31-11:30,13:01-15:00",10010877
10010878,510300P2601M04500,300ETF沽1月4500,10000,2026-01-19,2026-01-28,2026-01-28,4.5,P,E,1,Option,510300.XSHG,510300.XSHG,XSHG,0,"09:31-11:30,13:01-15:00",10010878
10010879,510300P2601M04600,300ETF沽1月4600,10000,2026-01-19,2026-01-28,2026-01-28,4.6,P,E,1,Option,510300.XSHG,510300.XSHG,XSHG,0,"09:31-11:30,13:01-15:00",10010879
10010880,510300P2601M04700,300ETF沽1月4700,10000,2026-01-19,2026-01-28,2026-01-28,4.7,P,E,1,Option,510300.XSHG,510300.XSHG,XSHG,0,"09:31-11:30,13:01-15:00",10010880
10010881,510300P2601M04800,300ETF沽1月4800,10000,2026-01-19,2026-01-28,2026-01-28,4.8,P,E,1,Option,510300.XSHG,510300.XSHG,XSHG,0,"09:31-11:30,13:01-15:00",10010881
10010882,510300P2601M04900,300ETF沽1月4900,10000,2026-01-19,2026-01-28,2026-01-28,4.9,P,E,1,Option,510300.XSHG,510300.XSHG,XSHG,0,"09:31-11:30,13:01-15:00",10010882
10010883,510300P2601M05000,300ETF沽1月5000,10000,2026-01-19,2026-01-28,2026-01-28,5.0,P,E,1,Option,510300.XSHG,510300.XSHG,XSHG,0,"09:31-11:30,13:01-15:00",10010883
10010884,510300P2601M05250,300ETF沽1月5250,10000,2026-01-19,2026-01-28,2026-01-28,5.25,P,E,1,Option,510300.XSHG,510300.XSHG,XSHG,0,"09:31-11:30,13:01-15:00",10010884
10010885,510300C2602M04300,300ETF购2月4300,10000,2026-01-19,2026-02-25,2026-02-25,4.3,C,E,1,Option,510300.XSHG,510300.XSHG,XSHG,0,"09:31-11:30,13:01-15:00",10010885
10010886,510300C2602M04400,300ETF购2月4400,10000,2026-01-19,2026-02-25,2026-02-25,4.4,C,E,1,Option,510300.XSHG,510300.XSHG,XSHG,0,"09:31-11:30,13:01-15:00",10010886
10010887,510300C2602M04500,300ETF购2月4500,10000,2026-01-19,2026-02-25,2026-02-25,4.5,C,E,1,Option,510300.XSHG,510300.XSHG,XSHG,0,"09:31-11:30,13:01-15:00",10010887
10010888,510300C2602M04600,300ETF购2月4600,10000,2026-01-19,2026-02-25,2026-02-25,4.6,C,E,1,Option,510300.XSHG,510300.XSHG,XSHG,0,"09:31-11:30,13:01-15:00",10010888
10010889,510300C2602M04700,300ETF购2月4700,10000,2026-01-19,2026-02-25,2026-02-25,4.7,C,E,1,Option,510300.XSHG,510300.XSHG,XSHG,0,"09:31-11:30,13:01-15:00",10010889
10010890,510300C2602M04800,300ETF购2月4800,10000,2026-01-19,2026-02-25,2026-02-25,4.8,C,E,1,Option,510300.XSHG,510300.XSHG,XSHG,0,"09:31-11:30,13:01-15:00",10010890
10010891,510300C2602M04900,300ETF购2月4900,10000,2026-01-19,2026-02-25,2026-02-25,4.9,C,E,1,Option,510300.XSHG,510300.XSHG,XSHG,0,"09:31-11:30,13:01-15:00",10010891
10010892,510300C2602M05000,300ETF购2月5000,10000,2026-01-19,2026-02-25,2026-02-25,5.0,C,E,1,Option,510300.XSHG,510300.XSHG,XSHG,0,"09:31-11:30,13:01-15:00",10010892
10010893,510300C2602M05250,300ETF购2月5250,10000,2026-01-19,2026-02-25,2026-02-25,5.25,C,E,1,Option,510300.XSHG,510300.XSHG,XSHG,0,"09:31-11:30,13:01-15:00",10010893
10010894,510300P2602M04300,300ETF沽2月4300,10000,2026-01-19,2026-02-25,2026-02-25,4.3,P,E,1,Option,510300.XSHG,510300.XSHG,XSHG,0,"09:31-11:30,13:01-15:00",10010894
10010895,510300P2602M04400,300ETF沽2月4400,10000,2026-01-19,2026-02-25,2026-02-25,4.4,P,E,1,Option,510300.XSHG,510300.XSHG,XSHG,0,"09:31-11:30,13:01-15:00",10010895
10010896,510300P2602M04500,300ETF沽2月4500,10000,2026-01-19,2026-02-25,2026-02-25,4.5,P,E,1,Option,510300.XSHG,510300.XSHG,XSHG,0,"09:31-11:30,13:01-15:00",10010896
10010897,510300P2602M04600,300ETF沽2月4600,10000,2026-01-19,2026-02-25,2026-02-25,4.6,P,E,1,Option,510300.XSHG,510300.XSHG,XSHG,0,"09:31-11:30,13:01-15:00",10010897
10010898,510300P2602M04700,300ETF沽2月4700,10000,2026-01-19,2026-02-25,2026-02-25,4.7,P,E,1,Option,510300.XSHG,510300.XSHG,XSHG,0,"09:31-11:30,13:01-15:00",10010898
10010899,510300P2602M04800,300ETF沽2月4800,10000,2026-01-19,2026-02-25,2026-02-25,4.8,P,E,1,Option,510300.XSHG,510300.XSHG,XSHG,0,"09:31-11:30,13:01-15:00",10010899
10010900,510300P2602M04900,300ETF沽2月4900,10000,2026-01-19,2026-02-25,2026-02-25,4.9,P,E,1,Option,510300.XSHG,510300.XSHG,XSHG,0,"09:31-11:30,13:01-15:00",10010900
10010901,510300P2602M05000,300ETF沽2月5000,10000,2026-01-19,2026-02-25,2026-02-25,5.0,P,E,1,Option,510300.XSHG,510300.XSHG,XSHG,0,"09:31-11:30,13:01-15:00",10010901
10010902,510300P2602M05250,300ETF沽2月5250,10000,2026-01-19,2026-02-25,2026-02-25,5.25,P,E,1,Option,510300.XSHG,510300.XSHG,XSHG,0,"09:31-11:30,13:01-15:00",10010902
10010903,510300C2603M04300,300ETF购3月4300,10000,2026-01-19,2026-03-25,2026-03-25,4.3,C,E,1,Option,510300.XSHG,510300.XSHG,XSHG,0,"09:31-11:30,13:01-15:00",10010903
10010904,510300C2603M04400,300ETF购3月4400,10000,2026-01-19,2026-03-25,2026-03-25,4.4,C,E,1,Option,510300.XSHG,510300.XSHG,XSHG,0,"09:31-11:30,13:01-15:00",10010904
10010905,510300C2603M04500,300ETF购3月4500,10000,2026-01-19,2026-03-25,2026-03-25,4.5,C,E,1,Option,510300.XSHG,510300.XSHG,XSHG,0,"09:31-11:30,13:01-15:00",10010905
10010906,510300C2603M04600,300ETF购3月4600,10000,2026-01-19,2026-03-25,2026-03-25,4.6,C,E,1,Option,510300.XSHG,510300.XSHG,XSHG,0,"09:31-11:30,13:01-15:00",10010906
10010907,510300C2603M04700,300ETF购3月4700,10000,2026-01-19,2026-03-25,2026-03-25,4.7,C,E,1,Option,510300.XSHG,510300.XSHG,XSHG,0,"09:31-11:30,13:01-15:00",10010907
10010908,510300C2603M04800,300ETF购3月4800,10000,2026-01-19,2026-03-25,2026-03-25,4.8,C,E,1,Option,510300.XSHG,510300.XSHG,XSHG,0,"09:31-11:30,13:01-15:00",10010908
10010909,510300C2603M04900,300ETF购3月4900,10000,2026-01-19,2026-03-25,2026-03-25,4.9,C,E,1,Option,510300.XSHG,510300.XSHG,XSHG,0,"09:31-11:30,13:01-15:00",10010909
10010910,510300C2603M05000,300ETF购3月5000,10000,2026-01-19,2026-03-25,2026-03-25,5.0,C,E,1,Option,510300.XSHG,510300.XSHG,XSHG,0,"09:31-11:30,13:01-15:00",10010910
10010911,510300C2603M05250,300ETF购3月5250,10000,2026-01-19,2026-03-25,2026-03-25,5.25,C,E,1,Option,510300.XSHG,510300.XSHG,XSHG,0,"09:31-11:30,13:01-15:00",10010911
10010912,510300P2603M04300,300ETF沽3月4300,10000,2026-01-19,2026-03-25,2026-03-25,4.3,P,E,1,Option,510300.XSHG,510300.XSHG,XSHG,0,"09:31-11:30,13:01-15:00",10010912
10010913,510300P2603M04400,300ETF沽3月4400,10000,2026-01-19,2026-03-25,2026-03-25,4.4,P,E,1,Option,510300.XSHG,510300.XSHG,XSHG,0,"09:31-11:30,13:01-15:00",10010913
10010914,510300P2603M04500,300ETF沽3月4500,10000,2026-01-19,2026-03-25,2026-03-25,4.5,P,E,1,Option,510300.XSHG,510300.XSHG,XSHG,0,"09:31-11:30,13:01-15:00",10010914
10010915,510300P2603M04600,300ETF沽3月4600,10000,2026-01-19,2026-03-25,2026-03-25,4.6,P,E,1,Option,510300.XSHG,510300.XSHG,XSHG,0,"09:31-11:30,13:01-15:00",10010915
10010916,510300P2603M04700,300ETF沽3月4700,10000,2026-01-19,2026-03-25,2026-03-25,4.7,P,E,1,Option,510300.XSHG,510300.XSHG,XSHG,0,"09:31-11:30,13:01-15:00",10010916
10010917,510300P2603M04800,300ETF沽3月4800,10000,2026-01-19,2026-03-25,2026-03-25,4.8,P,E,1,Option,510300.XSHG,510300.XSHG,XSHG,0,"09:31-11:30,13:01-15:00",10010917
10010918,510300P2603M04900,300ETF沽3月4900,10000,2026-01-19,2026-03-25,2026-03-25,4.9,P,E,1,Option,510300.XSHG,510300.XSHG,XSHG,0,"09:31-11:30,13:01-15:00",10010918
10010919,510300P2603M05000,300ETF沽3月5000,10000,2026-01-19,2026-03-25,2026-03-25,5.0,P,E,1,Option,510300.XSHG,510300.XSHG,XSHG,0,"09:31-11:30,13:01-15:00",10010919
10010920,510300P2603M05250,300ETF沽3月5250,10000,2026-01-19,2026-03-25,2026-03-25,5.25,P,E,1,Option,510300.XSHG,510300.XSHG,XSHG,0,"09:31-11:30,13:01-15:00",10010920
10010921,510300C2606M04300,300ETF购6月4300,10000,2026-01-19,2026-06-24,2026-06-24,4.3,C,E,1,Option,510300.XSHG,510300.XSHG,XSHG,0,"09:31-11:30,13:01-15:00",10010921
10010922,510300C2606M04400,300ETF购6月4400,10000,2026-01-19,2026-06-24,2026-06-24,4.4,C,E,1,Option,510300.XSHG,510300.XSHG,XSHG,0,"09:31-11:30,13:01-15:00",10010922
10010923,510300C2606M04500,300ETF购6月4500,10000,2026-01-19,2026-06-24,2026-06-24,4.5,C,E,1,Option,510300.XSHG,510300.XSHG,XSHG,0,"09:31-11:30,13:01-15:00",10010923
10010924,510300C2606M04600,300ETF购6月4600,10000,2026-01-19,2026-06-24,2026-06-24,4.6,C,E,1,Option,510300.XSHG,510300.XSHG,XSHG,0,"09:31-11:30,13:01-15:00",10010924
10010925,510300C2606M04700,300ETF购6月4700,10000,2026-01-19,2026-06-24,2026-06-24,4.7,C,E,1,Option,510300.XSHG,510300.XSHG,XSHG,0,"09:31-11:30,13:01-15:00",10010925
10010926,510300C2606M04800,300ETF购6月4800,10000,2026-01-19,2026-06-24,2026-06-24,4.8,C,E,1,Option,510300.XSHG,510300.XSHG,XSHG,0,"09:31-11:30,13:01-15:00",10010926
10010927,510300C2606M04900,300ETF购6月4900,10000,2026-01-19,2026-06-24,2026-06-24,4.9,C,E,1,Option,510300.XSHG,510300.XSHG,XSHG,0,"09:31-11:30,13:01-15:00",10010927
10010928,510300C2606M05000,300ETF购6月5000,10000,2026-01-19,2026-06-24,2026-06-24,5.0,C,E,1,Option,510300.XSHG,510300.XSHG,XSHG,0,"09:31-11:30,13:01-15:00",10010928
10010929,510300C2606M05250,300ETF购6月5250,10000,2026-01-19,2026-06-24,2026-06-24,5.25,C,E,1,Option,510300.XSHG,510300.XSHG,XSHG,0,"09:31-11:30,13:01-15:00",10010929
10010930,510300P2606M04300,300ETF沽6月4300,10000,2026-01-19,2026-06-24,2026-06-24,4.3,P,E,1,Option,510300.XSHG,510300.XSHG,XSHG,0,"09:31-11:30,13:01-15:00",10010930
10010931,510300P2606M04400,300ETF沽6月4400,10000,2026-01-19,2026-06-24,2026-06-24,4.4,P,E,1,Option,510300.XSHG,510300.XSHG,XSHG,0,"09:31-11:30,13:01-15:00",10010931
10010932,510300P2606M04500,300ETF沽6月4500,10000,2026-01-19,2026-06-24,2026-06-24,4.5,P,E,1,Option,510300.XSHG,510300.XSHG,XSHG,0,"09:31-11:30,13:01-15:00",10010932
10010933,510300P2606M04600,300ETF沽6月4600,10000,2026-01-19,2026-06-24,2026-06-24,4.6,P,E,1,Option,510300.XSHG,510300.XSHG,XSHG,0,"09:31-11:30,13:01-15:00",10010933
10010934,510300P2606M04700,300ETF沽6月4700,10000,2026-01-19,2026-06-24,2026-06-24,4.7,P,E,1,Option,510300.XSHG,510300.XSHG,XSHG,0,"09:31-11:30,13:01-15:00",10010934
10010935,510300P2606M04800,300ETF沽6月4800,10000,2026-01-19,2026-06-24,2026-06-24,4.8,P,E,1,Option,510300.XSHG,510300.XSHG,XSHG,0,"09:31-11:30,13:01-15:00",10010935
10010936,510300P2606M04900,300ETF沽6月4900,10000,2026-01-19,2026-06-24,2026-06-24,4.9,P,E,1,Option,510300.XSHG,510300.XSHG,XSHG,0,"09:31-11:30,13:01-15:00",10010936
10010937,510300P2606M05000,300ETF沽6月5000,10000,2026-01-19,2026-06-24,2026-06-24,5.0,P,E,1,Option,510300.XSHG,510300.XSHG,XSHG,0,"09:31-11:30,13:01-15:00",10010937
10010938,510300P2606M05250,300ETF沽6月5250,10000,2026-01-19,2026-06-24,2026-06-24,5.25,P,E,1,Option,510300.XSHG,510300.XSHG,XSHG,0,"09:31-11:30,13:01-15:00",10010938
10010989,510300C2609M04300,300ETF购9月4300,10000,2026-01-29,2026-09-23,2026-09-23,4.3,C,E,1,Option,510300.XSHG,510300.XSHG,XSHG,0,"09:31-11:30,13:01-15:00",10010989
10010990,510300C2609M04400,300ETF购9月4400,10000,2026-01-29,2026-09-23,2026-09-23,4.4,C,E,1,Option,510300.XSHG,510300.XSHG,XSHG,0,"09:31-11:30,13:01-15:00",10010990
10010991,510300C2609M04500,300ETF购9月4500,10000,2026-01-29,2026-09-23,2026-09-23,4.5,C,E,1,Option,510300.XSHG,510300.XSHG,XSHG,0,"09:31-11:30,13:01-15:00",10010991
10010992,510300C2609M04600,300ETF购9月4600,10000,2026-01-29,2026-09-23,2026-09-23,4.6,C,E,1,Option,510300.XSHG,510300.XSHG,XSHG,0,"09:31-11:30,13:01-15:00",10010992
10010993,510300C2609M04700,300ETF购9月4700,10000,2026-01-29,2026-09-23,2026-09-23,4.7,C,E,1,Option,510300.XSHG,510300.XSHG,XSHG,0,"09:31-11:30,13:01-15:00",10010993
10010994,510300C2609M04800,300ETF购9月4800,10000,2026-01-29,2026-09-23,2026-09-23,4.8,C,E,1,Option,510300.XSHG,510300.XSHG,XSHG,0,"09:31-11:30,13:01-15:00",10010994
10010995,510300C2609M04900,300ETF购9月4900,10000,2026-01-29,2026-09-23,2026-09-23,4.9,C,E,1,Option,510300.XSHG,510300.XSHG,XSHG,0,"09:31-11:30,13:01-15:00",10010995
10010996,510300C2609M05000,300ETF购9月5000,10000,2026-01-29,2026-09-23,2026-09-23,5.0,C,E,1,Option,510300.XSHG,510300.XSHG,XSHG,0,"09:31-11:30,13:01-15:00",10010996
10010997,510300C2609M05250,300ETF购9月5250,10000,2026-01-29,2026-09-23,2026-09-23,5.25,C,E,1,Option,510300.XSHG,510300.XSHG,XSHG,0,"09:31-11:30,13:01-15:00",10010997
10010998,510300P2609M04300,300ETF沽9月4300,10000,2026-01-29,2026-09-23,2026-09-23,4.3,P,E,1,Option,510300.XSHG,510300.XSHG,XSHG,0,"09:31-11:30,13:01-15:00",10010998
10010999,510300P2609M04400,300ETF沽9月4400,10000,2026-01-29,2026-09-23,2026-09-23,4.4,P,E,1,Option,510300.XSHG,510300.XSHG,XSHG,0,"09:31-11:30,13:01-15:00",10010999
10011000,510300P2609M04500,300ETF沽9月4500,10000,2026-01-29,2026-09-23,2026-09-23,4.5,P,E,1,Option,510300.XSHG,510300.XSHG,XSHG,0,"09:31-11:30,13:01-15:00",10011000
10011001,510300P2609M04600,300ETF沽9月4600,10000,2026-01-29,2026-09-23,2026-09-23,4.6,P,E,1,Option,510300.XSHG,510300.XSHG,XSHG,0,"09:31-11:30,13:01-15:00",10011001
10011002,510300P2609M04700,300ETF沽9月4700,10000,2026-01-29,2026-09-23,2026-09-23,4.7,P,E,1,Option,510300.XSHG,510300.XSHG,XSHG,0,"09:31-11:30,13:01-15:00",10011002
10011003,510300P2609M04800,300ETF沽9月4800,10000,2026-01-29,2026-09-23,2026-09-23,4.8,P,E,1,Option,510300.XSHG,510300.XSHG,XSHG,0,"09:31-11:30,13:01-15:00",10011003
10011004,510300P2609M04900,300ETF沽9月4900,10000,2026-01-29,2026-09-23,2026-09-23,4.9,P,E,1,Option,510300.XSHG,510300.XSHG,XSHG,0,"09:31-11:30,13:01-15:00",10011004
10011005,510300P2609M05000,300ETF沽9月5000,10000,2026-01-29,2026-09-23,2026-09-23,5.0,P,E,1,Option,510300.XSHG,510300.XSHG,XSHG,0,"09:31-11:30,13:01-15:00",10011005
10011006,510300P2609M05250,300ETF沽9月5250,10000,2026-01-29,2026-09-23,2026-09-23,5.25,P,E,1,Option,510300.XSHG,510300.XSHG,XSHG,0,"09:31-11:30,13:01-15:00",10011006
10011063,510300C2602M05500,300ETF购2月5500,10000,2026-01-30,2026-02-25,2026-02-25,5.5,C,E,1,Option,510300.XSHG,510300.XSHG,XSHG,0,"09:31-11:30,13:01-15:00",10011063
10011064,510300P2602M05500,300ETF沽2月5500,10000,2026-01-30,2026-02-25,2026-02-25,5.5,P,E,1,Option,510300.XSHG,510300.XSHG,XSHG,0,"09:31-11:30,13:01-15:00",10011064
10011065,510300C2603M05500,300ETF购3月5500,10000,2026-01-30,2026-03-25,2026-03-25,5.5,C,E,1,Option,510300.XSHG,510300.XSHG,XSHG,0,"09:31-11:30,13:01-15:00",10011065
10011066,510300P2603M05500,300ETF沽3月5500,10000,2026-01-30,2026-03-25,2026-03-25,5.5,P,E,1,Option,510300.XSHG,510300.XSHG,XSHG,0,"09:31-11:30,13:01-15:00",10011066
10011067,510300C2606M05500,300ETF购6月5500,10000,2026-01-30,2026-06-24,2026-06-24,5.5,C,E,1,Option,510300.XSHG,510300.XSHG,XSHG,0,"09:31-11:30,13:01-15:00",10011067
10011068,510300P2606M05500,300ETF沽6月5500,10000,2026-01-30,2026-06-24,2026-06-24,5.5,P,E,1,Option,510300.XSHG,510300.XSHG,XSHG,0,"09:31-11:30,13:01-15:00",10011068
10011069,510300C2609M05500,300ETF购9月5500,10000,2026-01-30,2026-09-23,2026-09-23,5.5,C,E,1,Option,510300.XSHG,510300.XSHG,XSHG,0,"09:31-11:30,13:01-15:00",10011069
10011070,510300P2609M05500,300ETF沽9月5500,10000,2026-01-30,2026-09-23,2026-09-23,5.5,P,E,1,Option,510300.XSHG,510300.XSHG,XSHG,0,"09:31-11:30,13:01-15:00",10011070
10011077,510300C2602M04200,300ETF购2月4200,10000,2026-02-03,2026-02-25,2026-02-25,4.2,C,E,1,Option,510300.XSHG,510300.XSHG,XSHG,0,"09:31-11:30,13:01-15:00",10011077
10011078,510300P2602M04200,300ETF沽2月4200,10000,2026-02-03,2026-02-25,2026-02-25,4.2,P,E,1,Option,510300.XSHG,510300.XSHG,XSHG,0,"09:31-11:30,13:01-15:00",10011078
10011079,510300C2603M04200,300ETF购3月4200,10000,2026-02-03,2026-03-25,2026-03-25,4.2,C,E,1,Option,510300.XSHG,510300.XSHG,XSHG,0,"09:31-11:30,13:01-15:00",10011079
10011080,510300P2603M04200,300ETF沽3月4200,10000,2026-02-03,2026-03-25,2026-03-25,4.2,P,E,1,Option,510300.XSHG,510300.XSHG,XSHG,0,"09:31-11:30,13:01-15:00",10011080
10011081,510300C2606M04200,300ETF购6月4200,10000,2026-02-03,2026-06-24,2026-06-24,4.2,C,E,1,Option,510300.XSHG,510300.XSHG,XSHG,0,"09:31-11:30,13:01-15:00",10011081
10011082,510300P2606M04200,300ETF沽6月4200,10000,2026-02-03,2026-06-24,2026-06-24,4.2,P,E,1,Option,510300.XSHG,510300.XSHG,XSHG,0,"09:31-11:30,13:01-15:00",10011082
10011083,510300C2609M04200,300ETF购9月4200,10000,2026-02-03,2026-09-23,2026-09-23,4.2,C,E,1,Option,510300.XSHG,510300.XSHG,XSHG,0,"09:31-11:30,13:01-15:00",10011083
10011084,510300P2609M04200,300ETF沽9月4200,10000,2026-02-03,2026-09-23,2026-09-23,4.2,P,E,1,Option,510300.XSHG,510300.XSHG,XSHG,0,"09:31-11:30,13:01-15:00",10011084
10011121,510300C2604M04400,300ETF购4月4400,10000,2026-02-26,2026-04-22,2026-04-22,4.4,C,E,1,Option,510300.XSHG,510300.XSHG,XSHG,0,"09:31-11:30,13:01-15:00",10011121
10011122,510300C2604M04500,300ETF购4月4500,10000,2026-02-26,2026-04-22,2026-04-22,4.5,C,E,1,Option,510300.XSHG,510300.XSHG,XSHG,0,"09:31-11:30,13:01-15:00",10011122
10011123,510300C2604M04600,300ETF购4月4600,10000,2026-02-26,2026-04-22,2026-04-22,4.6,C,E,1,Option,510300.XSHG,510300.XSHG,XSHG,0,"09:31-11:30,13:01-15:00",10011123
10011124,510300C2604M04700,300ETF购4月4700,10000,2026-02-26,2026-04-22,2026-04-22,4.7,C,E,1,Option,510300.XSHG,510300.XSHG,XSHG,0,"09:31-11:30,13:01-15:00",10011124
10011125,510300C2604M04800,300ETF购4月4800,10000,2026-02-26,2026-04-22,2026-04-22,4.8,C,E,1,Option,510300.XSHG,510300.XSHG,XSHG,0,"09:31-11:30,13:01-15:00",10011125
10011126,510300C2604M04900,300ETF购4月4900,10000,2026-02-26,2026-04-22,2026-04-22,4.9,C,E,1,Option,510300.XSHG,510300.XSHG,XSHG,0,"09:31-11:30,13:01-15:00",10011126
10011127,510300C2604M05000,300ETF购4月5000,10000,2026-02-26,2026-04-22,2026-04-22,5.0,C,E,1,Option,510300.XSHG,510300.XSHG,XSHG,0,"09:31-11:30,13:01-15:00",10011127
10011128,510300C2604M05250,300ETF购4月5250,10000,2026-02-26,2026-04-22,2026-04-22,5.25,C,E,1,Option,510300.XSHG,510300.XSHG,XSHG,0,"09:31-11:30,13:01-15:00",10011128
10011129,510300C2604M05500,300ETF购4月5500,10000,2026-02-26,2026-04-22,2026-04-22,5.5,C,E,1,Option,510300.XSHG,510300.XSHG,XSHG,0,"09:31-11:30,13:01-15:00",10011129
10011130,510300P2604M04400,300ETF沽4月4400,10000,2026-02-26,2026-04-22,2026-04-22,4.4,P,E,1,Option,510300.XSHG,510300.XSHG,XSHG,0,"09:31-11:30,13:01-15:00",10011130
10011131,510300P2604M04500,300ETF沽4月4500,10000,2026-02-26,2026-04-22,2026-04-22,4.5,P,E,1,Option,510300.XSHG,510300.XSHG,XSHG,0,"09:31-11:30,13:01-15:00",10011131
10011132,510300P2604M04600,300ETF沽4月4600,10000,2026-02-26,2026-04-22,2026-04-22,4.6,P,E,1,Option,510300.XSHG,510300.XSHG,XSHG,0,"09:31-11:30,13:01-15:00",10011132
10011133,510300P2604M04700,300ETF沽4月4700,10000,2026-02-26,2026-04-22,2026-04-22,4.7,P,E,1,Option,510300.XSHG,510300.XSHG,XSHG,0,"09:31-11:30,13:01-15:00",10011133
10011134,510300P2604M04800,300ETF沽4月4800,10000,2026-02-26,2026-04-22,2026-04-22,4.8,P,E,1,Option,510300.XSHG,510300.XSHG,XSHG,0,"09:31-11:30,13:01-15:00",10011134
10011135,510300P2604M04900,300ETF沽4月4900,10000,2026-02-26,2026-04-22,2026-04-22,4.9,P,E,1,Option,510300.XSHG,510300.XSHG,XSHG,0,"09:31-11:30,13:01-15:00",10011135
10011136,510300P2604M05000,300ETF沽4月5000,10000,2026-02-26,2026-04-22,2026-04-22,5.0,P,E,1,Option,510300.XSHG,510300.XSHG,XSHG,0,"09:31-11:30,13:01-15:00",10011136
10011137,510300P2604M05250,300ETF沽4月5250,10000,2026-02-26,2026-04-22,2026-04-22,5.25,P,E,1,Option,510300.XSHG,510300.XSHG,XSHG,0,"09:31-11:30,13:01-15:00",10011137
10011138,510300P2604M05500,300ETF沽4月5500,10000,2026-02-26,2026-04-22,2026-04-22,5.5,P,E,1,Option,510300.XSHG,510300.XSHG,XSHG,0,"09:31-11:30,13:01-15:00",10011138
10011193,510300C2604M04300,300ETF购4月4300,10000,2026-02-27,2026-04-22,2026-04-22,4.3,C,E,1,Option,510300.XSHG,510300.XSHG,XSHG,0,"09:31-11:30,13:01-15:00",10011193
10011194,510300P2604M04300,300ETF沽4月4300,10000,2026-02-27,2026-04-22,2026-04-22,4.3,P,E,1,Option,510300.XSHG,510300.XSHG,XSHG,0,"09:31-11:30,13:01-15:00",10011194
10011209,510300C2604M04200,300ETF购4月4200,10000,2026-03-05,2026-04-22,2026-04-22,4.2,C,E,1,Option,510300.XSHG,510300.XSHG,XSHG,0,"09:31-11:30,13:01-15:00",10011209
10011210,510300P2604M04200,300ETF沽4月4200,10000,2026-03-05,2026-04-22,2026-04-22,4.2,P,E,1,Option,510300.XSHG,510300.XSHG,XSHG,0,"09:31-11:30,13:01-15:00",10011210
