date,000708.XSHE
2009-04-03,0.23892954968025723
2009-04-07,0.23677536415122596
2009-04-08,0.24234561180367473
2009-04-09,0.2398838143946232
2009-04-10,0.2327067010076682
2009-04-13,0.23867628263173007
2009-04-14,0.2407257104268419
2009-04-15,0.25181682073182543
2009-04-16,0.2599822716762736
2009-04-17,0.2664674169104795
2009-04-20,0.26168802384784506
2009-04-21,0.26398774392634045
2009-04-22,0.2663412046927647
2009-04-23,0.2687515907686966
2009-04-24,0.2655483578040995
2009-04-27,0.2722089866207857
2009-04-28,0.2681815653577265
2009-04-29,0.25791148124482294
2009-04-30,0.2513680970743284
2009-05-04,0.24051049467364774
2009-05-05,0.23458618182730961
2009-05-06,0.23271884712348503
2009-05-07,0.24171247671021673
2009-05-08,0.24156683253131447
2009-05-11,0.2501728326319595
2009-05-12,0.24220371675739785
2009-05-13,0.23768553740007653
2009-05-14,0.2338021554897611
2009-05-15,0.22765317553470593
2009-05-18,0.22430225256352093
2009-05-19,0.22203719639692754
2009-05-20,0.2207102843133565
2009-05-21,0.22710072189504438
2009-05-22,0.22088467341709478
2009-05-25,0.22516149615344788
2009-05-26,0.22429200011369077
2009-05-27,0.2181574904693063
2009-06-01,0.21097789203465253
2009-06-02,0.20860703876319464
2009-06-03,0.20530084159760234
2009-06-04,0.2103494111662508
2009-06-05,0.2125685615650013
2009-06-08,0.21726269208780868
2009-06-09,0.21908894213673913
2009-06-10,0.2168081252193718
2009-06-11,0.2145304490756731
2009-06-12,0.2131248774967635
2009-06-15,0.20675546472567582
2009-06-16,0.20304681137319228
2009-06-17,0.19655852703460522
2009-06-18,0.1928811187031577
2009-06-19,0.19300919277792272
2009-06-22,0.19374717831549457
2009-06-23,0.1937056306335629
2009-06-24,0.18787189025010106
2009-06-25,0.19248379026489426
2009-06-26,0.19021998441751548
2009-06-29,0.18970080866237188
2009-06-30,0.19028004025580275
2009-07-01,0.1876643048853227
2009-07-02,0.18849512284482717
2009-07-03,0.19204680546959926
2009-07-06,0.19676516961712404
2009-07-07,0.199860533152983
2009-07-08,0.19671712509611894
2009-07-09,0.19619340950861774
2009-07-10,0.19621551796458298
2009-07-13,0.19611358147699362
2009-07-14,0.19199901544815984
2009-07-15,0.1946912517398147
2009-07-16,0.19790173132577063
2009-07-17,0.2300806308460515
2009-07-20,0.22958072927892773
2009-07-21,0.2638332309388848
2009-07-22,0.25847817595674777
2009-07-23,0.25719803270802244
2009-07-24,0.24184205152715288
2009-07-27,0.23885326190808173
2009-07-28,0.26297145814292977
2009-07-29,0.25036088591226524
2009-07-30,0.2540632447750791
2009-07-31,0.24358768586161034
2009-08-03,0.24330953156475252
2009-08-04,0.2555238482860037
2009-08-05,0.2590930246586846
2009-08-06,0.25741579944929127
2009-08-07,0.2555191111906339
2009-08-10,0.2508855871138527
2009-08-11,0.2442498705267291
2009-08-12,0.24280710449272125
2009-08-13,0.2380033612454587
2009-08-14,0.24131870360708862
2009-08-17,0.2442302358978666
2009-08-18,0.24910063117076028
2009-08-19,0.26175191003271925
2009-08-20,0.2474024047493695
2009-08-21,0.24089064920788508
2009-08-24,0.24037959727937747
2009-08-25,0.3308168254378645
2009-08-26,0.32368013813865437
2009-08-27,0.32626681475312197
2009-08-28,0.32314954325739204
2009-08-31,0.322742138265861
2009-09-01,0.3307891829204153
2009-09-02,0.3209817811882595
2009-09-03,0.3005742740913405
2009-09-04,0.2908552245121035
2009-09-07,0.28285806051552415
2009-09-08,0.2728612555571076
2009-09-09,0.27246728365622946
2009-09-10,0.27480382157518685
2009-09-11,0.2691194219062682
2009-09-14,0.2643729386458914
2009-09-15,0.2633245375694374
2009-09-16,0.26686073042192243
2009-09-17,0.2655423115738762
2009-09-18,0.27341038507020154
2009-09-21,0.27949598041210405
2009-09-22,0.2796342219536791
2009-09-23,0.2805957762212026
2009-09-24,0.29321119829638603
2009-09-25,0.28782636866965744
2009-09-28,0.28746216573099775
2009-09-29,0.28839021144545807
2009-09-30,0.2797297447085178
2009-10-09,0.26360876157352175
2009-10-12,0.2624388442425985
2009-10-13,0.2544756064358893
2009-10-14,0.24990657944900324
2009-10-15,0.24690569345150973
2009-10-16,0.2453153669889644
2009-10-19,0.23847403656603874
2009-10-20,0.23694141759419274
2009-10-21,0.2388254188336673
2009-10-22,0.23887326325528044
2009-10-23,0.23942869231008596
2009-10-26,0.2437288725357238
2009-10-27,0.24975693745044397
2009-10-28,0.2451146161074358
2009-10-29,0.24679156632249394
2009-10-30,0.24318099005914007
2009-11-02,0.24946657687759652
2009-11-03,0.24877431132707592
2009-11-04,0.24602305197232444
2009-11-05,0.24415042782339275
2009-11-06,0.24447282025675046
2009-11-09,0.24358733686199827
2009-11-10,0.24186198449049628
2009-11-11,0.24073889466009463
2009-11-12,0.23794436199248406
2009-11-13,0.24067641053843755
2009-11-16,0.23639273842968742
2009-11-17,0.23523444686263612
2009-11-18,0.23743298335171076
2009-11-19,0.24116465561065584
2009-11-20,0.24250409514859572
2009-11-23,0.24356620488535005
2009-11-24,0.25330638262049227
2009-11-25,0.26542649353142733
2009-11-26,0.28776144750174726
2009-11-27,0.2967327661110678
2009-11-30,0.29208898860875215
2009-12-01,0.2860479611387514
2009-12-02,0.2801125612742233
2009-12-03,0.2807434159219832
2009-12-04,0.28524280473857444
2009-12-07,0.2751758771676168
2009-12-08,0.27011701469984256
2009-12-09,0.27373278735036616
2009-12-10,0.2586883879870911
2009-12-11,0.2567259187636743
2009-12-14,0.2525394258612774
2009-12-15,0.24742398437908536
2009-12-16,0.2429546177146438
2009-12-17,0.24334145761234063
2009-12-18,0.25109381493037963
2009-12-21,0.24291895373896286
2009-12-22,0.2480220744088807
2009-12-23,0.23988770823183983
2009-12-24,0.23059757433848438
2009-12-25,0.2249308498980786
2009-12-28,0.2193826879145615
2009-12-29,0.2193447875246944
2009-12-30,0.2197759958668485
2009-12-31,0.213528843552702
2010-01-04,0.21444669363754792
2010-01-05,0.2248256062303331
2010-01-06,0.23071142636250352
2010-01-07,0.23664696089387355
2010-01-08,0.24006649966269103
2010-01-11,0.24430246149078383
2010-01-12,0.24045043731544202
2010-01-13,0.2456967033174128
2010-01-14,0.24129899206307184
2010-01-15,0.2368629660892358
2010-01-18,0.2392213311189888
2010-01-19,0.2463863994296721
2010-01-20,0.25685548061129554
2010-01-21,0.25446594740290485
2010-01-22,0.2612999444191896
2010-01-25,0.26947273954267514
2010-01-26,0.3181389222042366
2010-01-27,0.3439934538432073
2010-01-28,0.33723571902449545
2010-01-29,0.32540274156339793
2010-02-01,0.34617245195874424
2010-02-02,0.3392421082793885
2010-02-03,0.3380828458877768
2010-02-04,0.3325323286579441
2010-02-05,0.34075680844367096
2010-02-08,0.3356306860625203
2010-02-09,0.326315400545866
2010-02-10,0.31141601809294134
2010-02-11,0.2994336160617058
2010-02-12,0.2858021179654831
2010-02-22,0.2816320102539873
2010-02-23,0.2837473220438805
2010-02-24,0.2793271719998884
2010-02-25,0.2726322697289294
2010-02-26,0.2706935784578299
2010-03-01,0.26862436858705874
2010-03-02,0.2675208027090105
2010-03-03,0.2694370235409307
2010-03-04,0.27407728499715894
2010-03-05,0.27910264155216935
2010-03-08,0.2735703357757213
2010-03-09,0.27675462049562033
2010-03-10,0.2723906308684972
2010-03-11,0.272801486571589
2010-03-12,0.27087252556839
2010-03-15,0.27418399074662025
2010-03-16,0.27518011915704493
2010-03-17,0.26336029826934043
2010-03-18,0.2563401126003879
2010-03-19,0.25099853423898605
2010-03-22,0.2500034387866938
2010-03-23,0.2534375961882021
2010-03-24,0.25715019601444883
2010-03-25,0.26789567044794804
2010-03-26,0.2659274519444258
2010-03-29,0.262259369114161
2010-03-30,0.2584510864511522
2010-03-31,0.25800295782960814
2010-04-01,0.2551584790503506
2010-04-02,0.25591765292882496
2010-04-06,0.2586228402056876
2010-04-07,0.2595735776774305
2010-04-08,0.26560503033227134
2010-04-09,0.26141121802833417
2010-04-12,0.2749144433893928
2010-04-13,0.2891450170801071
2010-04-14,0.3159861599892494
2010-04-15,0.31879789264448133
2010-04-16,0.34779449352866476
2010-04-19,0.35412571508623003
2010-04-20,0.3951732116529811
2010-04-21,0.3833201156429847
2010-04-22,0.38420636409067005
2010-04-23,0.3840568523316451
2010-04-26,0.39227718158995994
2010-04-27,0.41340050281787727
2010-04-28,0.42734146020213226
2010-04-29,0.4258831144269411
2010-04-30,0.448825126636658
2010-05-04,0.44218928076703
2010-05-05,0.4226907342487183
2010-05-06,0.42515722677686907
2010-05-07,0.44322149526473215
2010-05-10,0.46335899978851514
2010-05-11,0.4668008033764562
2010-05-12,0.4748454151983409
2010-05-13,0.45307806796693106
2010-05-14,0.43146733716460095
2010-05-17,0.42924839989844005
2010-05-18,0.4246572512618898
2010-05-19,0.41247641524937884
2010-05-20,0.40559630457211654
2010-05-21,0.3882807379186393
2010-05-24,0.3714239764222699
2010-05-25,0.36490500271618714
2010-05-26,0.3527170153099246
2010-05-27,0.33897809190522143
2010-05-28,0.33201017895757257
2010-05-31,0.33429863957302786
2010-06-01,0.3453583479661436
2010-06-02,0.333979323642904
2010-06-03,0.3243979106208138
2010-06-04,0.31999470375157074
2010-06-07,0.3323376800983971
2010-06-08,0.32582201390999527
2010-06-09,0.314754170358834
2010-06-10,0.3097546674569976
2010-06-11,0.3037567525875918
2010-06-17,0.30748055816413505
2010-06-18,0.3133866374347996
2010-06-21,0.3090439524165324
2010-06-22,0.3019221963669719
2010-06-23,0.29597240236348155
2010-06-24,0.28616979517438473
2010-06-25,0.28212406135625706
2010-06-28,0.28313842859243243
2010-06-29,0.2920009638199595
2010-06-30,0.3119122573321831
2010-07-01,0.31777105143445916
2010-07-02,0.32126231908340946
2010-07-05,0.320116236326832
2010-07-06,0.3058108923196008
2010-07-07,0.2968988611085875
2010-07-08,0.2923675286771014
2010-07-09,0.2822969780963659
2010-07-12,0.2743755490626366
2010-07-13,0.2839650893952817
2010-07-14,0.27615651920133555
2010-07-15,0.2790830625398367
2010-07-16,0.27309713306460404
2010-07-19,0.2613140480011188
2010-07-20,0.261673166807781
2010-07-21,0.2606568707954256
2010-07-22,0.25162838298362256
2010-07-23,0.25014605188392763
2010-07-26,0.24863655298479823
2010-07-27,0.24928065610970568
2010-07-28,0.24346335858811144
2010-07-29,0.24635375573621848
2010-07-30,0.248605691505797
2010-08-02,0.24280006897742432
2010-08-03,0.24316975772903765
2010-08-04,0.24232990237273885
2010-08-05,0.2426418642771494
2010-08-06,0.23898752229901818
2010-08-09,0.2392288060211588
2010-08-10,0.24257485891379696
2010-08-11,0.2396170212222172
2010-08-12,0.24611095582490933
2010-08-13,0.241278071626612
2010-08-16,0.237935940707861
2010-08-17,0.23639694131770114
2010-08-18,0.23829058238932382
2010-08-19,0.23945431603955294
2010-08-20,0.24607203654077087
2010-08-23,0.25379666363228076
2010-08-24,0.2477691111782391
2010-08-25,0.252089050330634
2010-08-26,0.24927721059919697
2010-08-27,0.24643472821601983
2010-08-30,0.24133034122851807
2010-08-31,0.24626288772834912
2010-09-01,0.2579626578071381
2010-09-02,0.26020716659140775
2010-09-03,0.26515137164442637
2010-09-06,0.27817764362520875
2010-09-07,0.2704827379681584
2010-09-08,0.26504742848281565
2010-09-09,0.2662722592037249
2010-09-10,0.26730842601746374
2010-09-13,0.26233802622684843
2010-09-14,0.2598001370039118
2010-09-15,0.2696277353972744
2010-09-16,0.27718852601218885
2010-09-17,0.2727146561313447
2010-09-20,0.2752692327482238
2010-09-21,0.2724286998121264
2010-09-27,0.26325173924099715
2010-09-28,0.26376724984486394
2010-09-29,0.25758657951781283
2010-09-30,0.24767398390125553
2010-10-08,0.23995293536318027
2010-10-11,0.2510433563099277
2010-10-12,0.2570670545018998
2010-10-13,0.26049100382153256
2010-10-14,0.2746615839845243
2010-10-15,0.2960974956232593
2010-10-18,0.38536992730165753
2010-10-19,0.3818888205783693
2010-10-20,0.37929895141854764
2010-10-21,0.37085438355937866
2010-10-22,0.36644502133205703
2010-10-25,0.35971309247161193
2010-10-26,0.35997574442747127
2010-10-27,0.3575665025336471
2010-10-28,0.35737788746869503
2010-10-29,0.35706846826591637
2010-11-01,0.3505956243932235
2010-11-02,0.36139248270991003
2010-11-03,0.3615994498819428
2010-11-04,0.35014834357971913
2010-11-05,0.34404530723011323
2010-11-08,0.3418227841367856
2010-11-09,0.34221883952138155
2010-11-10,0.34288241935265673
2010-11-11,0.3324305155617672
2010-11-12,0.34402540702734896
2010-11-15,0.3494647651464985
2010-11-16,0.35844779813204214
2010-11-17,0.35915698979208693
2010-11-18,0.3446791270666747
2010-11-19,0.3332604093824377
2010-11-22,0.32894657796991805
2010-11-23,0.3356970972398653
2010-11-24,0.3217183860473602
2010-11-25,0.3151368784649748
2010-11-26,0.3070211496616683
2010-11-29,0.302955763824535
2010-11-30,0.30685458190348214
2010-12-01,0.2998009320538394
2010-12-02,0.2903463589541104
2010-12-03,0.2844435010817381
2010-12-06,0.2798344888414568
2010-12-07,0.2711186290701089
2010-12-08,0.2633626522732971
2010-12-09,0.26570937909497916
2010-12-10,0.263880774841085
2010-12-13,0.2538231584692862
2010-12-14,0.24971144149340962
2010-12-15,0.24487053448597723
2010-12-16,0.23905144988199586
2010-12-17,0.23408937960718001
2010-12-20,0.24265028839383052
2010-12-21,0.24074934058231115
2010-12-22,0.2412521360370506
2010-12-23,0.2441222703941602
2010-12-24,0.24542276578988342
2010-12-27,0.24611819804826904
2010-12-28,0.255060672508312
2010-12-29,0.2467238068444977
2010-12-30,0.24290511711225443
2010-12-31,0.23368511778028153
2011-01-04,0.23604392410433447
2011-01-05,0.23657887746964046
2011-01-06,0.23632252458324254
2011-01-07,0.23451889330006928
2011-01-10,0.23686213844571152
2011-01-11,0.23916828260186435
2011-01-12,0.23414166346517964
2011-01-13,0.2310176840832922
2011-01-14,0.2341539135133491
2011-01-17,0.2470068337805837
2011-01-18,0.24257654899209333
2011-01-19,0.23260781370892117
2011-01-20,0.23818613704655017
2011-01-21,0.2322202488324642
2011-01-24,0.2422766657971693
2011-01-25,0.2520488181194889
2011-01-26,0.2472535938808016
2011-01-27,0.24627523612506166
2011-01-28,0.23850155861281366
2011-01-31,0.24298900523690334
2011-02-01,0.23802066769019536
2011-02-09,0.24393293876273298
2011-02-10,0.24144440314532925
2011-02-11,0.23971282518732456
2011-02-14,0.23958643758123316
2011-02-15,0.23673705104058235
2011-02-16,0.23365030518182725
2011-02-17,0.23567354986894076
2011-02-18,0.23796121595451367
2011-02-21,0.24780965909652272
2011-02-22,0.25516593977040225
2011-02-23,0.2575999399143461
2011-02-24,0.25753354192938255
2011-02-25,0.2561470713447063
2011-02-28,0.2497230916843874
2011-03-01,0.24633797016236936
2011-03-02,0.2466727416244833
2011-03-03,0.2474241255291085
2011-03-04,0.24057138861280078
2011-03-07,0.2341644631923628
2011-03-08,0.2299838256297907
2011-03-09,0.2281613289433245
2011-03-10,0.22926912457995063
2011-03-11,0.2304823008968784
2011-03-14,0.2373824397028679
2011-03-15,0.24997057846105544
2011-03-16,0.2456689589259801
2011-03-17,0.24764216223429844
2011-03-18,0.24423186934494626
2011-03-21,0.24356102115698894
2011-03-22,0.24146059507190623
2011-03-23,0.2331893492879149
2011-03-24,0.22791631281815217
2011-03-25,0.2244967039576958
2011-03-28,0.23474064602348285
2011-03-29,0.24745254679433717
2011-03-30,0.2553431133271169
2011-03-31,0.25761776777577117
2011-04-01,0.24920852862336243
2011-04-06,0.25063351414238993
2011-04-07,0.24460796689351214
2011-04-08,0.23864615971970946
2011-04-11,0.23802624970286765
2011-04-12,0.24012978286966266
2011-04-13,0.2331573583554196
2011-04-14,0.23220805274494458
2011-04-15,0.23383867153496832
2011-04-18,0.23799469116745814
2011-04-19,0.24888794636291006
2011-04-20,0.2457305424808592
2011-04-21,0.25049455507562857
2011-04-22,0.24881516664702422
2011-04-25,0.25713964148799734
2011-04-26,0.26325493609809025
2011-04-27,0.26383410530323514
2011-04-28,0.2798950113102116
2011-04-29,0.2722578835254268
2011-05-03,0.26442066511208834
2011-05-04,0.2529940776054962
2011-05-05,0.24542748080300011
2011-05-06,0.2370123351398276
2011-05-09,0.22841498568020335
2011-05-10,0.22077835725131317
2011-05-11,0.21682464624408418
2011-05-12,0.2185480389527741
2011-05-13,0.21631257212961355
2011-05-16,0.22260983861451672
2011-05-17,0.22932380257008325
2011-05-18,0.22207795037625405
2011-05-19,0.21619793122535913
2011-05-20,0.2127738379877383
2011-05-23,0.22099731790718746
2011-05-24,0.22689732265826562
2011-05-25,0.22627955696284205
2011-05-26,0.22796654247602133
2011-05-27,0.23654288393926698
2011-05-30,0.244416397161585
2011-05-31,0.2325638264788376
2011-06-01,0.2284754939744118
2011-06-02,0.2291148627162877
2011-06-03,0.21895596978573262
2011-06-07,0.21147992685438388
2011-06-08,0.2058789330118326
2011-06-09,0.20514506207405023
2011-06-10,0.2070591366717509
2011-06-13,0.20706318275909377
2011-06-14,0.20106791718971354
2011-06-15,0.19572119880734404
2011-06-16,0.20074596702878159
2011-06-17,0.20038701811563694
2011-06-20,0.20800514907258147
2011-06-21,0.20284326770949007
2011-06-22,0.19816921573940846
2011-06-23,0.1954833208648409
2011-06-24,0.1929175448038019
2011-06-27,0.19026030154872095
2011-06-28,0.1864132732694456
2011-06-29,0.18758176596373935
2011-06-30,0.18137708504954653
2011-07-01,0.17979890454894074
2011-07-04,0.17740170355948684
2011-07-05,0.17619501486981243
2011-07-06,0.1764199546744228
2011-07-07,0.17945294421427455
2011-07-08,0.17999276954874108
2011-07-11,0.17990176636331923
2011-07-12,0.18571088115845186
2011-07-13,0.18095692040846575
2011-07-14,0.18395273027605255
2011-07-15,0.18765859503355273
2011-07-18,0.19087388805550673
2011-07-19,0.19076815886853724
2011-07-20,0.188777619069602
2011-07-21,0.19112462132013527
2011-07-22,0.18854263450124528
2011-07-25,0.1990961617084105
2011-07-26,0.19872470596208827
2011-07-27,0.19603824093605632
2011-07-28,0.19642072702962513
2011-07-29,0.19698155021399635
2011-08-01,0.1941456025484604
2011-08-02,0.19662429328740075
2011-08-03,0.19493321584535908
2011-08-04,0.19113584033761682
2011-08-05,0.19211118470263666
2011-08-08,0.21220180928840113
2011-08-09,0.21699487821295807
2011-08-10,0.21074019133791838
2011-08-11,0.20735522391769667
2011-08-12,0.20350874755056683
2011-08-15,0.20011669054232348
2011-08-16,0.19676246488586738
2011-08-17,0.19234403868912034
2011-08-18,0.1909707096018712
2011-08-19,0.17449282818646622
2011-08-22,0.17413649427130115
2011-08-23,0.17110435058180853
2011-08-24,0.1698968231870559
2011-08-25,0.16623583174788958
2011-08-26,0.16270746796966856
2011-08-29,0.16241703885534634
2011-08-30,0.16006260870157415
2011-08-31,0.15916090732370083
2011-09-01,0.1580187912263255
2011-09-02,0.156237158940552
2011-09-05,0.15796120453662538
2011-09-06,0.1583158578219099
2011-09-07,0.15315695457743353
2011-09-08,0.15217585028702627
2011-09-09,0.1516671572252489
2011-09-13,0.1538852732842801
2011-09-14,0.16669849455930968
2011-09-15,0.16320614024373725
2011-09-16,0.16059841946356568
2011-09-19,0.1639442035406368
2011-09-20,0.16140027278066102
2011-09-21,0.1561666142293009
2011-09-22,0.1590660701932128
2011-09-23,0.1619637014440129
2011-09-26,0.16268762956798002
2011-09-27,0.16050925494597493
2011-09-28,0.15005496258052428
2011-09-29,0.175684331615016
2011-09-30,0.17960934055641434
2011-10-10,0.1814087747818082
2011-10-11,0.18211228821488523
2011-10-12,0.16156255152018403
2011-10-13,0.15892519449443207
2011-10-14,0.15610765986069014
2011-10-17,0.15482189104305938
2011-10-18,0.15802078529980274
2011-10-19,0.16012569934070217
2011-10-20,0.16847090047377805
2011-10-21,0.1742447350248544
2011-10-24,0.1750981241386309
2011-10-25,0.170238528629883
2011-10-26,0.1687807655987606
2011-10-27,0.16481976929070952
2011-10-28,0.15877913052566217
2011-10-31,0.15760911488664425
2011-11-01,0.15757150645527393
2011-11-02,0.15743174058260628
2011-11-03,0.1599426781602173
2011-11-04,0.15653120760859998
2011-11-07,0.15485746443824577
2011-11-08,0.15299982320072222
2011-11-09,0.14965097147442988
2011-11-10,0.15505372254028704
2011-11-11,0.15287248582283922
2011-11-14,0.14883377912884638
2011-11-15,0.14786483016003804
2011-11-16,0.14619143480610533
2011-11-17,0.1448898842524551
2011-11-18,0.14673471972020477
2011-11-21,0.14950828757302087
2011-11-22,0.14698682046583084
2011-11-23,0.14381990848667933
2011-11-24,0.14211013485719248
2011-11-25,0.1408689176050709
2011-11-28,0.14707357890692713
2011-11-29,0.14428651350191735
2011-11-30,0.1557851447085173
2011-12-01,0.15409741332211693
2011-12-02,0.1602478184127284
2011-12-05,0.1713053236325297
2011-12-06,0.16974427569211648
2011-12-07,0.16275038978480427
2011-12-08,0.16000270058164628
2011-12-09,0.15754898720336666
2011-12-12,0.17295889288354716
2011-12-13,0.1822225534239822
2011-12-14,0.18552681628063936
2011-12-15,0.17954186727381996
2011-12-16,0.17585330722048587
2011-12-19,0.1760379494470454
2011-12-20,0.17218529541483812
2011-12-21,0.17077926037554136
2011-12-22,0.1787205012358321
2011-12-23,0.1727536577926924
2011-12-26,0.16950048909352353
2011-12-27,0.1706006196805203
2011-12-28,0.17384145678908486
2011-12-29,0.17021710962819966
2011-12-30,0.1643463428719704
2012-01-04,0.16736635434051186
2012-01-05,0.17550973056796862
2012-01-06,0.17914940952886615
2012-01-09,0.17096522894822339
2012-01-10,0.1673793733710208
2012-01-11,0.1633493171846075
2012-01-12,0.15898664398472628
2012-01-13,0.16150014148001476
2012-01-16,0.16638851709953323
2012-01-17,0.15956619410477965
2012-01-18,0.16516896122910246
2012-01-19,0.16331692243385978
2012-01-20,0.16186090406584716
2012-01-30,0.15989948780180174
2012-01-31,0.15837099511748348
2012-02-01,0.15313576256187844
2012-02-02,0.14501315197457088
2012-02-03,0.1407295499278388
2012-02-06,0.13959610126146155
2012-02-07,0.13744490578728363
2012-02-08,0.1321067021496611
2012-02-09,0.13055558560240893
2012-02-10,0.12963364705798744
2012-02-13,0.129151327532861
2012-02-14,0.12787902186971292
2012-02-15,0.12789894539538899
2012-02-16,0.12897003115982397
2012-02-17,0.12948571739591927
2012-02-20,0.12761819920811965
2012-02-21,0.12664078471783
2012-02-22,0.12614079262821942
2012-02-23,0.12821481497805196
2012-02-24,0.12937146922558201
2012-02-27,0.12925582765483137
2012-02-28,0.14175472352810464
2012-02-29,0.14374044695808127
2012-03-01,0.14028424056092192
2012-03-02,0.13538935285257606
2012-03-05,0.13866219246328687
2012-03-06,0.1429912498713884
2012-03-07,0.14568143532944883
2012-03-08,0.14220551309214108
2012-03-09,0.14112643049225773
2012-03-12,0.14215142365511227
2012-03-13,0.14577190899146128
2012-03-14,0.15626200008429805
2012-03-15,0.16654028248961228
2012-03-16,0.16681076846268206
2012-03-19,0.16635115352171886
2012-03-20,0.1655884828538886
2012-03-21,0.16725632022656786
2012-03-22,0.1644449853481389
2012-03-23,0.1628531268848565
2012-03-26,0.16275537062355824
2012-03-27,0.16028590735667478
2012-03-28,0.16308887235248548
2012-03-29,0.1683098360880214
2012-03-30,0.17374353550420843
2012-04-05,0.16828244973456366
2012-04-06,0.1644334316898962
2012-04-09,0.16312112226584982
2012-04-10,0.1600638859732394
2012-04-11,0.15768095219539205
2012-04-12,0.15958000024049657
2012-04-13,0.15972981656901497
2012-04-16,0.15981371936381866
2012-04-17,0.16271111608328098
2012-04-18,0.15717312611313752
2012-04-19,0.1559377744236401
2012-04-20,0.15424207117386035
2012-04-23,0.17205936965212681
2012-04-24,0.18077271354319402
2012-04-25,0.17978692803728877
2012-04-26,0.18504123280812862
2012-04-27,0.1837612133758175
2012-05-02,0.18241685904545363
2012-05-03,0.1781727929182443
2012-05-04,0.17330674540687924
2012-05-07,0.17217474867369495
2012-05-08,0.16733837488882075
2012-05-09,0.18929005378445637
2012-05-10,0.1874370173463384
2012-05-11,0.18427357678753847
2012-05-14,0.1816870078791473
2012-05-15,0.16614989601314767
2012-05-16,0.17983792934106047
2012-05-17,0.1768290885166726
2012-05-18,0.1807000004164165
2012-05-21,0.18374216686988923
2012-05-22,0.1752209722750541
2012-05-23,0.15848951216803236
2012-05-24,0.171941854834574
2012-05-25,0.1576238041091546
2012-05-28,0.15932781665781953
2012-05-29,0.15578328545618253
2012-05-30,0.15191383990073087
2012-05-31,0.1498201282046265
2012-06-01,0.14618963563263543
2012-06-04,0.14679629320152515
2012-06-05,0.14434478428552272
2012-06-06,0.14271235532874288
2012-06-07,0.14156748376299408
2012-06-08,0.14356686339457989
2012-06-11,0.14134141854474483
2012-06-12,0.14105330842893038
2012-06-13,0.13919810061886856
2012-06-14,0.13913474247156044
2012-06-15,0.1385846292621212
2012-06-18,0.13699729789525614
2012-06-19,0.1362656987882492
2012-06-20,0.13656852617160617
2012-06-21,0.13980750218401614
2012-06-25,0.14667175303856636
2012-06-26,0.1500761921841229
2012-06-27,0.14989527669944214
2012-06-28,0.15225063654316592
2012-06-29,0.15590023461084973
2012-07-02,0.15558085554104667
2012-07-03,0.15511562605435833
2012-07-04,0.15580812327681917
2012-07-05,0.15783061985710284
2012-07-06,0.1577936356071902
2012-07-09,0.16261854739080742
2012-07-10,0.16631955582297786
2012-07-11,0.1632703815600175
2012-07-12,0.1604741732269125
2012-07-13,0.16186594251555494
2012-07-16,0.17033100363906198
2012-07-17,0.16758237503461906
2012-07-18,0.16399291054222923
2012-07-19,0.16131144677558382
2012-07-20,0.15975384431567743
2012-07-23,0.15897247897429573
2012-07-24,0.1528388216995976
2012-07-25,0.14948630290230328
2012-07-26,0.1471398537276132
2012-07-27,0.14501028694248214
2012-07-30,0.1511386871032761
2012-07-31,0.16909495995624307
2012-08-01,0.16356323443846427
2012-08-02,0.16150454469797146
2012-08-03,0.1569979642080655
2012-08-06,0.15230718388644215
2012-08-07,0.1497375610402226
2012-08-08,0.14798219512819305
2012-08-09,0.14649581668021808
2012-08-10,0.14848575605585046
2012-08-13,0.14947374108476164
2012-08-14,0.15053913933896085
2012-08-15,0.14902914810611653
2012-08-16,0.14694494088833512
2012-08-17,0.1457552021486946
2012-08-20,0.14359148056194204
2012-08-21,0.13972938097498605
2012-08-22,0.14036289071066166
2012-08-23,0.1414117227188621
2012-08-24,0.143160283831525
2012-08-27,0.15066622490947787
2012-08-28,0.15076750158661956
2012-08-29,0.15082977753743687
2012-08-30,0.15877264060704216
2012-08-31,0.15546736710104775
2012-09-03,0.1496492085508504
2012-09-04,0.1493793888820508
2012-09-05,0.1475842193162757
2012-09-06,0.14338019241438443
2012-09-07,0.1417462944710189
2012-09-10,0.14116548725267725
2012-09-11,0.13995622809565536
2012-09-12,0.14086681020716232
2012-09-13,0.14291215023635384
2012-09-14,0.14067405884558676
2012-09-17,0.14053485127961277
2012-09-18,0.14145924065118134
2012-09-19,0.1382399114297732
2012-09-20,0.1399576196372265
2012-09-21,0.14246170464792657
2012-09-24,0.14018130488712657
2012-09-25,0.14061890652254738
2012-09-26,0.1425943138683264
2012-09-27,0.1372492913715889
2012-09-28,0.13408555120330062
2012-10-08,0.13294659458061941
2012-10-09,0.1306778211067656
2012-10-10,0.1312352966486946
2012-10-11,0.13262612829398018
2012-10-12,0.1530335679086838
2012-10-15,0.16161657859661394
2012-10-16,0.15804951352771648
2012-10-17,0.15427536073711828
2012-10-18,0.14985092283801488
2012-10-19,0.1477760181438538
2012-10-22,0.1455340235293418
2012-10-23,0.13256037457214961
2012-10-24,0.13402474014365134
2012-10-25,0.15767934712428866
2012-10-26,0.16987355998778697
2012-10-29,0.17139934567853435
2012-10-30,0.16955623741627823
2012-10-31,0.16741709150467762
2012-11-01,0.15984830657677387
2012-11-02,0.15525236273276297
2012-11-05,0.1561252567433966
2012-11-06,0.15527285267188132
2012-11-07,0.1529152772564971
2012-11-08,0.1549966602165806
2012-11-09,0.1546236209603309
2012-11-12,0.15392167927724998
2012-11-13,0.15691499946192158
2012-11-14,0.15579787636717482
2012-11-15,0.1568851259446388
2012-11-16,0.15932740884990343
2012-11-19,0.1566228911917769
2012-11-20,0.15351268129558746
2012-11-21,0.1488116792954622
2012-11-22,0.13220423370179699
2012-11-23,0.1472108113025332
2012-11-26,0.1486022717378157
2012-11-27,0.15613386852104671
2012-11-28,0.16213086862971568
2012-11-29,0.16351812815920258
2012-11-30,0.14318869002203258
2012-12-03,0.15131888775667232
2012-12-04,0.1688115157937306
2012-12-05,0.16605524359048227
2012-12-06,0.169823479233294
2012-12-07,0.16616515625551295
2012-12-10,0.16345922940662636
2012-12-11,0.16253427753367386
2012-12-12,0.1596188038718653
2012-12-13,0.1588736860666726
2012-12-14,0.15456039584769085
2012-12-17,0.15820249108731033
2012-12-18,0.15748484915739633
2012-12-19,0.15459207481037615
2012-12-20,0.1587533315879825
2012-12-21,0.1618701401510569
2012-12-24,0.16365569518575904
2012-12-25,0.1604052517589484
2012-12-26,0.16410278751936147
2012-12-27,0.17219062192706835
2012-12-28,0.16986214366465618
2012-12-31,0.17196315143359855
2013-01-04,0.18152457853130535
2013-01-07,0.18387949196983341
2013-01-08,0.18476236558918102
2013-01-09,0.18821872976906256
2013-01-10,0.1871784935552419
2013-01-11,0.18812436115964756
2013-01-14,0.1923592004657901
2013-01-15,0.19876038315789257
2013-01-16,0.2028869480713399
2013-01-17,0.21899450391040454
2013-01-18,0.21246109937129742
2013-01-21,0.21355751980920631
2013-01-22,0.2143578097320597
2013-01-23,0.21256665808347297
2013-01-24,0.21972526495945185
2013-01-25,0.22907131614073506
2013-01-28,0.22234486742409992
2013-01-29,0.21339179172013364
2013-01-30,0.21589866809325695
2013-01-31,0.2186481643708028
2013-02-01,0.21575651613552618
2013-02-04,0.22120363018194625
2013-02-05,0.22220680686100405
2013-02-06,0.2174966993851063
2013-02-07,0.2115320466532416
2013-02-08,0.20658374217232006
2013-02-18,0.20703722453737225
2013-02-19,0.20631538243677408
2013-02-20,0.20038005213098112
2013-02-21,0.20141511325809835
2013-02-22,0.19885482787196673
2013-02-25,0.1969717420764083
2013-02-26,0.19728778650094778
2013-02-27,0.19662636496534827
2013-02-28,0.190730390239164
2013-03-01,0.18826119530455673
2013-03-04,0.19827045626127485
2013-03-05,0.19431615798773816
2013-03-06,0.19607049415508135
2013-03-07,0.19858173053306344
2013-03-08,0.19630366155424295
2013-03-11,0.19456080922509777
2013-03-12,0.1952417881864283
2013-03-13,0.1940350207126085
2013-03-14,0.17724055327766006
2013-03-15,0.17400717587315698
2013-03-18,0.17799929439790094
2013-03-19,0.17679678807896182
2013-03-20,0.16925584710967864
2013-03-21,0.1669503001258916
2013-03-22,0.1638639840620578
2013-03-25,0.16346835644478896
2013-03-26,0.16514216611689087
2013-03-27,0.16355653496070813
2013-03-28,0.16844452550376848
2013-03-29,0.16860592096152363
2013-04-01,0.16901126195371616
2013-04-02,0.17054338911526376
2013-04-03,0.17386343611030425
2013-04-08,0.1806432543251225
2013-04-09,0.17826184550002275
2013-04-10,0.17765385491542182
2013-04-11,0.1716946731024647
2013-04-12,0.1681265232451058
2013-04-15,0.1704221289724135
2013-04-16,0.16557040152553246
2013-04-17,0.1595915870152628
2013-04-18,0.15552630267906578
2013-04-19,0.1494300594782166
2013-04-22,0.15432140979668182
2013-04-23,0.15428381190908919
2013-04-24,0.15506661352802398
2013-04-25,0.16078856826268925
2013-04-26,0.16420064905411827
2013-05-02,0.1689101728598909
2013-05-03,0.16350749338280493
2013-05-06,0.15941713545463482
2013-05-07,0.15648288566389248
2013-05-08,0.15397804498793974
2013-05-09,0.15867855504900186
2013-05-10,0.16057044087893968
2013-05-13,0.15993722004150013
2013-05-14,0.15913940124013817
2013-05-15,0.15563548532673413
2013-05-16,0.15537223304479708
2013-05-17,0.15333784875933293
2013-05-20,0.1549846128802554
2013-05-21,0.1540440213577642
2013-05-22,0.15512318292471675
2013-05-23,0.16088285172881264
2013-05-24,0.16015299843187
2013-05-27,0.1609202611925558
2013-05-28,0.16563726671772938
2013-05-29,0.1615363926360095
2013-05-30,0.16103756212751383
2013-05-31,0.16171579027690128
2013-06-03,0.1638647052173763
2013-06-04,0.16462063497673105
2013-06-05,0.16173998346177396
2013-06-06,0.16029878561495003
2013-06-07,0.16198072172468622
2013-06-13,0.16935428603637592
2013-06-14,0.16388169999265112
2013-06-17,0.16402177256091915
2013-06-18,0.1599252204178688
2013-06-19,0.1600797228595734
2013-06-20,0.15823046709872832
2013-06-21,0.15938362171071802
2013-06-24,0.16684612127169304
2013-06-25,0.1765786100531091
2013-06-26,0.17300621499093205
2013-06-27,0.17626720578869015
2013-06-28,0.17836093900751507
2013-07-01,0.17444965738584703
2013-07-02,0.17033643330388096
2013-07-03,0.17526153524218496
2013-07-04,0.17338198065956217
2013-07-05,0.17063714753189357
2013-07-08,0.17481027187457446
2013-07-09,0.17352207004682652
2013-07-10,0.1684202154269123
2013-07-11,0.16444006295247893
2013-07-12,0.16171041532585317
2013-07-15,0.1580000391619798
2013-07-16,0.15724783973918632
2013-07-17,0.15883126790163166
2013-07-18,0.16383850596856905
2013-07-19,0.16821557086763492
2013-07-22,0.16783857159246168
2013-07-23,0.16437538566133594
2013-07-24,0.16340185279457928
2013-07-25,0.16808110716213928
2013-07-26,0.1705184212069354
2013-07-29,0.17157454508201722
2013-07-30,0.17031519665268743
2013-07-31,0.1659147678181716
2013-08-01,0.1591528156510158
2013-08-02,0.15765141468109586
2013-08-05,0.15522754259926633
2013-08-06,0.15514788697774315
2013-08-07,0.15588148354932835
2013-08-08,0.1528091217683102
2013-08-09,0.15126784151572223
2013-08-12,0.16005794169298887
2013-08-13,0.15935503194630257
2013-08-14,0.15707262644003966
2013-08-15,0.15717178125211528
2013-08-16,0.15684806936630757
2013-08-19,0.1546627829711304
2013-08-20,0.15423651295952764
2013-08-21,0.15178692841202526
2013-08-22,0.15129784942367527
2013-08-23,0.15643809688228322
2013-08-26,0.155085808921455
2013-08-27,0.1555993575784242
2013-08-28,0.16394566220949805
2013-08-29,0.16710825471709242
2013-08-30,0.1939462023007884
2013-09-02,0.19831802477324234
2013-09-03,0.19370750116734256
2013-09-04,0.19108293484696456
2013-09-05,0.18994472351447717
2013-09-06,0.1862368583595457
2013-09-09,0.18182363466861493
2013-09-10,0.18699193558002034
2013-09-11,0.1922498207495225
2013-09-12,0.18882715036888453
2013-09-13,0.18684709449123613
2013-09-16,0.18390716114954783
2013-09-17,0.1855072260864405
2013-09-18,0.17915568019310282
2013-09-23,0.17423063948128012
2013-09-24,0.17737403039450858
2013-09-25,0.17955685017795045
2013-09-26,0.1823377966887745
2013-09-27,0.18397684389535107
2013-09-30,0.17857008846053127
2013-10-08,0.17590678903084375
2013-10-09,0.17366451155943397
2013-10-10,0.17688462828142698
2013-10-11,0.1772345389752267
2013-10-14,0.18058290942736743
2013-10-15,0.18409713592385446
2013-10-16,0.186868003693714
2013-10-17,0.18444282466474415
2013-10-18,0.18087497978555495
2013-10-21,0.17589837581271087
2013-10-22,0.1775031940990901
2013-10-23,0.17900512422767262
2013-10-24,0.17627460142902007
2013-10-25,0.1755417614102472
2013-10-28,0.17939548017706217
2013-10-29,0.18675525246967645
2013-10-30,0.18309225539530016
2013-10-31,0.18288256787364968
2013-11-01,0.1776392429949314
2013-11-04,0.1703070954299506
2013-11-05,0.16466527359647787
2013-11-06,0.1606531059752376
2013-11-07,0.15786366570552868
2013-11-08,0.15590843572368368
2013-11-11,0.15413905492421034
2013-11-12,0.15065612515666843
2013-11-13,0.1485976641880601
2013-11-14,0.14684562279114352
2013-11-15,0.14219809046270507
2013-11-18,0.1411415562376794
2013-11-19,0.14167014334248038
2013-11-20,0.1390164309792537
2013-11-21,0.13936568201216273
2013-11-22,0.13871410427109945
2013-11-25,0.1403679461756568
2013-11-26,0.14029210875165582
2013-11-27,0.1381681486013558
2013-11-28,0.1372504656338025
2013-11-29,0.15217186641666902
2013-12-02,0.16382412603316698
2013-12-03,0.1683579364518463
2013-12-04,0.16694052020445532
2013-12-05,0.1699291812806054
2013-12-06,0.16766177101961216
2013-12-09,0.16511462269581678
2013-12-10,0.16344803618528017
2013-12-11,0.16009294502825103
2013-12-12,0.15668650997771114
2013-12-13,0.15444763188555297
2013-12-16,0.1571396060634095
2013-12-17,0.1605736551262251
2013-12-18,0.15967055238512404
2013-12-19,0.15715949403920762
2013-12-20,0.15843426334717603
2013-12-23,0.16210030929016417
2013-12-24,0.15743511888465161
2013-12-25,0.15580416247412346
2013-12-26,0.15701199437299349
2013-12-27,0.1525047460097048
2013-12-30,0.1533291833575489
2013-12-31,0.15157236299679888
2014-01-02,0.15228011190239027
2014-01-03,0.15627729091773088
2014-01-06,0.160527764646552
2014-01-07,0.15870457410434494
2014-01-08,0.157296394938376
2014-01-09,0.1637923181286737
2014-01-10,0.16826202789946546
2014-01-13,0.17139147107262756
2014-01-14,0.16612009322128063
2014-01-15,0.1630209766289637
2014-01-16,0.16021974511783685
2014-01-17,0.1591668494341734
2014-01-20,0.16151992308996097
2014-01-21,0.15674360576570348
2014-01-22,0.15343606360377623
2014-01-23,0.15136818431951785
2014-01-24,0.15142856035385605
2014-01-27,0.15456271521809906
2014-01-28,0.1544782463776529
2014-01-29,0.15436846585814176
2014-01-30,0.15445941946619166
2014-02-07,0.15393547828821894
2014-02-10,0.15343443155455505
2014-02-11,0.15630380152574072
2014-02-12,0.16084790762187207
2014-02-13,0.16440566405747964
2014-02-14,0.16209618937056947
2014-02-17,0.16147378286830075
2014-02-18,0.16976868270788248
2014-02-19,0.18264904637561413
2014-02-20,0.18458982975887178
2014-02-21,0.18230626734356412
2014-02-24,0.18929622376437027
2014-02-25,0.19340747472215722
2014-02-26,0.19460962147439234
2014-02-27,0.19685899649573646
2014-02-28,0.19763928028656963
2014-03-03,0.19571139572069934
2014-03-04,0.19522304060551926
2014-03-05,0.19245334601480182
2014-03-06,0.18971159082423025
2014-03-07,0.1874509862899144
2014-03-10,0.18923623346530466
2014-03-11,0.18835525309009385
2014-03-12,0.18718222839155105
2014-03-13,0.18204425469068988
2014-03-14,0.17736156370856723
2014-03-17,0.17134729205423013
2014-03-18,0.1685181265763171
2014-03-19,0.16928896417132624
2014-03-20,0.16914877279838547
2014-03-21,0.1651638046583283
2014-03-24,0.16647059624771907
2014-03-25,0.16653267896383017
2014-03-26,0.16172636569997037
2014-03-27,0.1691592011508443
2014-03-28,0.17655256057178234
2014-03-31,0.1812993948792528
2014-04-01,0.1741768523314645
2014-04-02,0.16912735748607766
2014-04-03,0.1647275246890501
2014-04-04,0.1580200950904128
2014-04-08,0.15522215198532002
2014-04-09,0.15062475511021128
2014-04-10,0.1495232411859011
2014-04-11,0.15179783818534948
2014-04-14,0.1504746481041092
2014-04-15,0.14925011940626193
2014-04-16,0.14640139519707226
2014-04-17,0.1437153098673267
2014-04-18,0.14047349433848758
2014-04-21,0.1433253370139973
2014-04-22,0.14650049812303248
2014-04-23,0.14554568595988138
2014-04-24,0.14739825461043116
2014-04-25,0.15237364754442415
2014-04-28,0.16397573924418096
2014-04-29,0.16177462158932063
2014-04-30,0.1579456295817645
2014-05-05,0.15370149925604268
2014-05-06,0.1479430599710297
2014-05-07,0.14706542407947193
2014-05-08,0.14276301785943957
2014-05-09,0.14285509515309494
2014-05-12,0.14274043212985016
2014-05-13,0.14257634464630103
2014-05-14,0.1414151748495664
2014-05-15,0.14336809154685784
2014-05-16,0.14267787452459205
2014-05-19,0.1411515454648786
2014-05-20,0.13743486174011102
2014-05-21,0.13192391138913087
2014-05-22,0.12891830675997273
2014-05-23,0.12596666404321952
2014-05-26,0.12340175182916518
2014-05-27,0.12276027290073675
2014-05-28,0.12130137299193681
2014-05-29,0.12325945679630367
2014-05-30,0.12418741643745239
2014-06-03,0.12450694315578167
2014-06-04,0.14032472404519736
2014-06-05,0.1384785219509976
2014-06-06,0.13583019176561625
2014-06-09,0.1369814045359552
2014-06-10,0.133753700012126
2014-06-11,0.13338798461442963
2014-06-12,0.13588132931329813
2014-06-13,0.1348652260847652
2014-06-16,0.13551180284343534
2014-06-17,0.13669957347974102
2014-06-18,0.14452555583490975
2014-06-19,0.14841022165328616
2014-06-20,0.1467080908953342
2014-06-23,0.14644185383560993
2014-06-24,0.14454412165008282
2014-06-25,0.1444897340537763
2014-06-26,0.1420241239744424
2014-06-27,0.1455311841705697
2014-06-30,0.16595844003268626
2014-07-01,0.16687234518469884
2014-07-02,0.17541555959667743
2014-07-03,0.18096681652816196
2014-07-04,0.18391359157151296
2014-07-07,0.18509647207973298
2014-07-08,0.1834203376083195
2014-07-09,0.18400539477115838
2014-07-10,0.18562845286956603
2014-07-11,0.1837675927333286
2014-07-14,0.18665316957349226
2014-07-15,0.19211554691959143
2014-07-16,0.19623857528646751
2014-07-17,0.19348106060604933
2014-07-18,0.1891332011252753
2014-07-21,0.18827986578942701
2014-07-22,0.1874818681275223
2014-07-23,0.18788412971991278
2014-07-24,0.18818235905545552
2014-07-25,0.18567557939964346
2014-07-28,0.1831934827092905
2014-07-29,0.18155342096266766
2014-07-30,0.18167595475852188
2014-07-31,0.1778930263316171
2014-08-01,0.18318806034629015
2014-08-04,0.18055623987280514
2014-08-05,0.17919273058411017
2014-08-06,0.18102518455398472
2014-08-07,0.17884472128032558
2014-08-08,0.18650257928645458
2014-08-11,0.1837232214428072
2014-08-12,0.1838747224758808
2014-08-13,0.19390964836240346
2014-08-14,0.196311677964051
2014-08-15,0.19361620848675337
2014-08-18,0.19580324773114832
2014-08-19,0.2026245716293999
2014-08-20,0.2033879484130258
2014-08-21,0.20761268260021304
2014-08-22,0.21092302481415073
2014-08-25,0.2168002810292414
2014-08-26,0.21842312002492997
2014-08-27,0.21671091571277085
2014-08-28,0.23052532682076504
2014-08-29,0.22230975922408946
2014-09-01,0.217060436779338
2014-09-02,0.21229948285334493
2014-09-03,0.24137927429286546
2014-09-04,0.23971713485097684
2014-09-05,0.27209385080519694
2014-09-09,0.31256852297833987
2014-09-10,0.35292257138435584
2014-09-11,0.3599517306341171
2014-09-12,0.3594861200992902
2014-09-15,0.37381511160504366
2014-09-16,0.38193043670112625
2014-09-17,0.3816729669685446
2014-09-18,0.37467835802575955
2014-09-19,0.3678061972636738
2014-09-22,0.37484751049216186
2014-09-23,0.3669064926518501
2014-09-24,0.35833301240459603
2014-09-25,0.35636315947254327
2014-09-26,0.34962799328232924
2014-09-29,0.350637328472179
2014-09-30,0.34787000210828956
2014-10-08,0.349802473056411
2014-10-09,0.3523597914654239
2014-10-10,0.3546276980704282
2014-10-13,0.3627004013233543
2014-10-14,0.3596529995759486
2014-10-15,0.36087130743955254
2014-10-16,0.36273098880094545
2014-10-17,0.38035622454300283
2014-10-20,0.3711104584379875
2014-10-21,0.36758035962775837
2014-10-22,0.36240512220919424
2014-10-23,0.3637688156294825
2014-10-24,0.35637521633553854
2014-10-27,0.35341127388961713
2014-10-28,0.33990146338730703
2014-10-29,0.33459672972650956
2014-10-30,0.3302146714293474
2014-10-31,0.32787106576506936
2014-11-03,0.32882995026987316
2014-11-04,0.3341251824327693
2014-11-05,0.33091168135322924
2014-11-06,0.3282567608755959
2014-11-07,0.32698752815966564
2014-11-10,0.3272167088693881
2014-11-11,0.3377749208850184
2014-11-12,0.3337476176513617
2014-11-13,0.3394345887075692
2014-11-14,0.33361994530311556
2014-11-17,0.3254736858173339
2014-11-18,0.3168680302599684
2014-11-19,0.3123618736238407
2014-11-20,0.3041881840356713
2014-11-21,0.2964179325487478
2014-11-24,0.2914822349343597
2014-11-25,0.2954044248202183
2014-11-26,0.2968616132923336
2014-11-27,0.303852600242968
2014-11-28,0.3142501080868432
2014-12-01,0.3265804551015837
2014-12-02,0.3214550802445559
2014-12-03,0.32550478526214316
2014-12-04,0.323756048577466
2014-12-05,0.34239933256696176
2014-12-08,0.34300503420254563
2014-12-09,0.3530665223238087
2014-12-10,0.34483559938293046
2014-12-11,0.34589241337794896
2014-12-12,0.34013928272947713
2014-12-15,0.3401314874699915
2014-12-16,0.32949561685888895
2014-12-17,0.3271294732479145
2014-12-18,0.32358188919371034
2014-12-19,0.3254778516989443
2014-12-22,0.3388950934664184
2014-12-23,0.3457006500318232
2014-12-24,0.33630800786602594
2014-12-25,0.3229868687367934
2014-12-26,0.3102268063603864
2014-12-29,0.3122656229240828
2014-12-30,0.3155004687876127
2014-12-31,0.30735359477320146
2015-01-05,0.3065824825484475
2015-01-06,0.3054173333065338
2015-01-07,0.2974498288544904
2015-01-08,0.28937417139285676
2015-01-09,0.2904162289055528
2015-01-12,0.2995492169692965
2015-01-13,0.2919408130462254
2015-01-14,0.2877787611806972
2015-01-15,0.2751572759692549
2015-01-16,0.2656917993836018
2015-01-19,0.28889185218476676
2015-01-20,0.28092402519102233
2015-01-21,0.27133221885862946
2015-01-22,0.2688173412335569
2015-01-23,0.2674178928956849
2015-01-26,0.2668727696834312
2015-01-27,0.2732916476114816
2015-01-28,0.27418238244413606
2015-01-29,0.2758540571313639
2015-01-30,0.2785857998972071
2015-02-02,0.28462437060645446
2015-02-03,0.2768629315572425
2015-02-04,0.2753221195620031
2015-02-05,0.272898523643406
2015-02-06,0.2763008090171574
2015-02-09,0.27680673711920734
2015-02-10,0.2661721135955055
2015-02-11,0.2586001184617863
2015-02-12,0.25326596198472895
2015-02-13,0.24690006616979845
2015-02-16,0.2414495518888009
2015-02-17,0.24129247519823716
2015-02-25,0.24795633084832552
2015-02-26,0.24272208694106123
2015-02-27,0.24102662416052278
2015-03-02,0.24681751025061607
2015-03-03,0.2560321475490992
2015-03-04,0.25743338360006895
2015-03-05,0.2642410243095271
2015-03-06,0.26786004168186195
2015-03-09,0.26629266396397827
2015-03-10,0.2612479554632736
2015-03-11,0.2674677371736371
2015-03-12,0.2671273202464944
2015-03-13,0.2592874728597702
2015-03-16,0.2605228604601083
2015-03-17,0.2675089145549974
2015-03-18,0.29371932352386326
2015-03-19,0.3054267243903725
2015-03-20,0.30479475784114957
2015-03-23,0.3209955218527377
2015-03-24,0.3451732069551004
2015-03-25,0.35519966023726507
2015-03-26,0.36062595411822684
2015-03-27,0.3540519283394811
2015-03-30,0.34723504899076024
2015-03-31,0.343333582509064
2015-04-01,0.3367763823978897
2015-04-02,0.3366065885493409
2015-04-03,0.33359753384202445
2015-04-07,0.33667439392149723
2015-04-08,0.3470578213760611
2015-04-09,0.3561590160748298
2015-04-10,0.3506339690460583
2015-04-13,0.3474014899041251
2015-04-14,0.37039065456776543
2015-04-15,0.3772810751463927
2015-04-16,0.36470284610880915
2015-04-17,0.35774413550697026
2015-04-20,0.3666048845405251
2015-04-21,0.352426291298291
2015-04-22,0.3776756482245868
2015-04-23,0.3849960962808309
2015-04-24,0.393875724906483
2015-04-27,0.38918570630431326
2015-04-28,0.3899718514723311
2015-04-29,0.38179983333978146
2015-04-30,0.3768973292601353
2015-05-04,0.37448364670336404
2015-05-05,0.37378449938717806
2015-05-06,0.36769525637399714
2015-05-07,0.37471799622727936
2015-05-08,0.3572233309692307
2015-05-11,0.34643603404094475
2015-05-12,0.3449160757086127
2015-05-13,0.35012949540462446
2015-05-14,0.3534009099001534
2015-05-15,0.3610241188500628
2015-05-18,0.3622359631645202
2015-05-19,0.3570856734965881
2015-05-20,0.33062082158058514
2015-05-21,0.3299124987300488
2015-05-22,0.33541905497379804
2015-05-25,0.334050486329651
2015-05-26,0.3273106691950511
2015-05-27,0.34459274238622584
2015-05-28,0.3558939512708332
2015-05-29,0.3569492403935859
2015-06-01,0.3460931995743164
2015-06-02,0.3428928683347055
2015-06-03,0.3506516882600795
2015-06-04,0.3596862818234682
2015-06-05,0.3525251915499747
2015-06-08,0.35362497301192675
2015-06-09,0.34638912728393295
2015-06-10,0.332407108550933
2015-06-11,0.3251057259439217
2015-06-12,0.3207506437319161
2015-06-15,0.3265619789452384
2015-06-16,0.32821420546941615
2015-06-17,0.317766012518587
2015-06-18,0.31305170487924106
2015-06-19,0.3037763721668354
2015-06-23,0.30486908690059106
2015-06-24,0.29324013698478607
2015-06-25,0.2925151787831723
2015-06-26,0.27574894971100505
2015-06-29,0.273332220100418
2015-06-30,0.2680042931254573
2015-07-01,0.26802724762904667
2015-07-02,0.2648442219238884
2015-07-03,0.26177368750555047
2015-07-06,0.2769700888872912
2015-07-07,0.2716245324781629
2015-07-08,0.2917424810849905
2015-07-09,0.29062794201926756
2015-07-10,0.2827570027698164
2015-07-13,0.2710427101284632
2015-07-14,0.29264670374986657
2015-07-15,0.30874232383299893
2015-07-16,0.2996307826240528
2015-07-17,0.27925313034420174
2015-07-20,0.27330566407174206
2015-07-21,0.2689364628578748
2015-07-22,0.2623185166644054
2015-07-23,0.2511871753859006
2015-07-24,0.2476883896762463
2015-07-27,0.2388815083869299
2015-07-28,0.24743178850401193
2015-07-29,0.23553652463455335
2015-07-30,0.23148965829959742
2015-07-31,0.23065039175518046
2015-08-03,0.24481103947174865
2015-08-04,0.23416952798858662
2015-08-05,0.22628750604938389
2015-08-06,0.221638231302577
2015-08-07,0.21091130438609085
2015-08-10,0.20149730768268406
2015-08-11,0.1999533241351492
2015-08-12,0.2024960137306294
2015-08-13,0.1945148088400211
2015-08-14,0.19457989342038012
2015-08-17,0.19987775433829189
2015-08-18,0.19738296736587702
2015-08-19,0.19444713452684087
2015-08-20,0.20207220181384453
2015-08-21,0.20000224754371143
2015-08-24,0.18839300968793407
2015-08-25,0.18210310632217638
2015-08-26,0.21213488312238693
2015-08-27,0.2127470477210536
2015-08-28,0.1972860235292323
2015-08-31,0.2067573725268393
2015-09-01,0.20704522996045263
2015-09-02,0.2160830829812433
2015-09-07,0.21449509325491709
2015-09-08,0.2064807722530705
2015-09-09,0.2012622174265286
2015-09-10,0.19813228313390133
2015-09-11,0.19119149500695556
2015-09-14,0.1904107779345532
2015-09-15,0.19455824181151132
2015-09-16,0.18611718860031354
2015-09-17,0.18613969899113855
2015-09-18,0.18259881973552247
2015-09-21,0.17639334328480247
2015-09-22,0.17586055100289688
2015-09-23,0.1782476793109143
2015-09-24,0.17486500376142386
2015-09-25,0.17814515689525331
2015-09-28,0.17496453711832377
2015-09-29,0.17563423333647674
2015-09-30,0.17364678549969642
2015-10-08,0.16976080779706726
2015-10-09,0.16959153487221
2015-10-12,0.16827514367807175
2015-10-13,0.1731322533787086
2015-10-14,0.17555441191251517
2015-10-15,0.17184004646354828
2015-10-16,0.17405287001958256
2015-10-19,0.18229972215798249
2015-10-20,0.2335168964964301
2015-10-21,0.317878676427438
2015-10-22,0.3297481064738009
2015-10-23,0.3316471170349093
2015-10-26,0.3400047209450277
2015-10-27,0.3472036635052895
2015-10-28,0.3573452626258028
2015-10-29,0.3578149707543904
2015-10-30,0.3511099472229701
2015-11-02,0.35231563887376255
2015-11-03,0.34808120068183646
2015-11-04,0.3274431609633832
2015-11-05,0.32273556495273
2015-11-06,0.3137073555177834
2015-11-09,0.32023667374253006
2015-11-10,0.32162034337582585
2015-11-11,0.31932981851935816
2015-11-12,0.3321306547947973
2015-11-13,0.3435276465028221
2015-11-16,0.3365862177983371
2015-11-17,0.3304099360917712
2015-11-18,0.3239574376253147
2015-11-19,0.3063321254929613
2015-11-20,0.303168474815071
2015-11-23,0.30896917898057624
2015-11-24,0.30778099516417884
2015-11-25,0.30727420408690165
2015-11-26,0.3103528085291833
2015-11-27,0.32149286312711883
2015-11-30,0.3380968899355702
2015-12-01,0.3361521910703935
2015-12-02,0.33044221443458
2015-12-03,0.3087083774082444
2015-12-04,0.3000507209004179
2015-12-07,0.29412503210424634
2015-12-08,0.2962010484461115
2015-12-09,0.2985097894667525
2015-12-10,0.274156419716284
2015-12-11,0.2723107445628363
2015-12-14,0.26490097940880386
2015-12-15,0.25688620565576736
2015-12-16,0.2521652192288838
2015-12-17,0.24417654497222963
2015-12-18,0.2530333250391278
2015-12-21,0.27206027110966274
2015-12-22,0.26774815225349174
2015-12-23,0.27855326286550974
2015-12-24,0.2833035190720251
2015-12-25,0.28129592079229715
2015-12-28,0.2925037229838663
2015-12-29,0.2849156674423077
2015-12-30,0.277181031502252
2015-12-31,0.2735729081513796
2016-01-04,0.26986044499357537
2016-01-05,0.30714712234643976
2016-01-06,0.3111092250513132
2016-01-07,0.301532258506965
2016-01-08,0.3109929354246964
2016-01-11,0.32545233028327875
2016-01-12,0.35324259233248173
2016-01-13,0.3788656933148466
2016-01-14,0.36506369471456457
2016-01-15,0.3696947253862371
2016-01-18,0.3637362970976816
2016-01-19,0.3451825688083561
2016-01-20,0.3356871175718634
2016-01-21,0.33607550287795473
2016-01-22,0.3285537671339257
2016-01-25,0.3314622884145189
2016-01-26,0.3478500564974513
2016-01-27,0.39357334757724527
2016-01-28,0.411045355317257
2016-01-29,0.3923499641244929
2016-02-01,0.39044464423883946
2016-02-02,0.36582230384199205
2016-02-03,0.35321857012054775
2016-02-04,0.33562898015777054
2016-02-05,0.3322905294780631
2016-02-15,0.33148433369945135
2016-02-16,0.31820465412814886
2016-02-17,0.3102385568523731
2016-02-18,0.3187825541249436
2016-02-19,0.322195753988695
2016-02-22,0.3168089018531662
2016-02-23,0.3282429147085956
2016-02-24,0.3357682612071306
2016-02-25,0.3284852556786548
2016-02-26,0.34133310760293917
2016-02-29,0.3697052759204894
2016-03-01,0.36948831798272475
2016-03-02,0.35402831413003394
2016-03-03,0.356269030358966
2016-03-04,0.35657147739518835
2016-03-07,0.3440794597739273
2016-03-08,0.34180400721309334
2016-03-09,0.3365107342237903
2016-03-10,0.3254200569993559
2016-03-11,0.3150447689516196
2016-03-14,0.30328237007227604
2016-03-15,0.3026694660155049
2016-03-16,0.2947789771884689
2016-03-17,0.2811637495716116
2016-03-18,0.27670491305571876
2016-03-21,0.27695285131813385
2016-03-22,0.2808718589007032
2016-03-23,0.2817603197581557
2016-03-24,0.289594780760121
2016-03-25,0.2868306539800759
2016-03-28,0.28929243298505486
2016-03-29,0.2948071918004986
2016-03-30,0.2842202572078463
2016-03-31,0.28803104517741507
2016-04-01,0.2975787209228305
2016-04-05,0.2885950351263449
2016-04-06,0.29003637272700783
2016-04-07,0.2856956533045956
2016-04-08,0.2963740039424041
2016-04-11,0.29802967949850473
2016-04-12,0.30357281552192644
2016-04-13,0.2960607842394341
2016-04-14,0.287088336944587
2016-04-15,0.2895718178825987
2016-04-18,0.29468040976289556
2016-04-19,0.2911471195034492
2016-04-20,0.31214784130433476
2016-04-21,0.3111570661072682
2016-04-22,0.3114260855663818
2016-04-25,0.3092555508193618
2016-04-26,0.2978029486772676
2016-04-27,0.29524676014002466
2016-04-28,0.2924735652612814
2016-04-29,0.2847102926541566
2016-05-03,0.2781441525444244
2016-05-04,0.2769677262660161
2016-05-05,0.26727584484953393
2016-05-06,0.27693262018791637
2016-05-09,0.2948666020140986
2016-05-10,0.297482383991988
2016-05-11,0.29820071686600313
2016-05-12,0.29799240738452515
2016-05-13,0.28731096959266866
2016-05-16,0.2796880578622023
2016-05-17,0.2758751286410765
2016-05-18,0.27465414078189737
2016-05-19,0.2640769990596396
2016-05-20,0.25945866264158957
2016-05-23,0.2552245025241002
2016-05-24,0.2545875325087079
2016-05-25,0.24840561673014486
2016-05-26,0.2446011332126557
2016-05-27,0.24321022402096565
2016-05-30,0.24173597110632217
2016-05-31,0.23341780241160331
2016-06-01,0.2323016323618095
2016-06-02,0.23472954889341438
2016-06-03,0.23202063811731707
2016-06-06,0.2364418396593863
2016-06-07,0.2424757865397715
2016-06-08,0.25218674176443534
2016-06-13,0.2616234653275331
2016-06-14,0.26309558222998314
2016-06-15,0.257328678097383
2016-06-16,0.26360456945571753
2016-06-17,0.26340752223625385
2016-06-20,0.267886507013135
2016-06-21,0.26737382513722835
2016-06-22,0.2628749238232299
2016-06-23,0.2607332393096572
2016-06-24,0.26555234422440716
2016-06-27,0.26019972479022796
2016-06-28,0.2567628952777091
2016-06-29,0.25473713905772616
2016-06-30,0.25468907875167196
2016-07-01,0.2560974151705393
2016-07-04,0.25575668896378606
2016-07-05,0.2619778186777806
2016-07-06,0.25885599810601506
2016-07-07,0.2608931132274695
2016-07-08,0.2567157643115719
2016-07-11,0.2614214782196424
2016-07-12,0.2852459511201578
2016-07-13,0.2953174651818953
2016-07-14,0.2898610280573231
2016-07-15,0.28626450185819924
2016-07-18,0.2888615020727664
2016-07-19,0.28295979476500555
2016-07-20,0.2740570557489142
2016-07-21,0.27118348212903187
2016-07-22,0.27501073641336526
2016-07-25,0.2824042385308625
2016-07-26,0.273694776399772
2016-07-27,0.2889960560676159
2016-07-28,0.2934892674346523
2016-07-29,0.2890597994466504
2016-08-01,0.29859733634307717
2016-08-02,0.2847436108845717
2016-08-03,0.2816881933147897
2016-08-04,0.26955585662325326
2016-08-05,0.2636673266653195
2016-08-08,0.2620319705936026
2016-08-09,0.2592993568880785
2016-08-10,0.2566921874781907
2016-08-11,0.2569922807873938
2016-08-12,0.24890225823047854
2016-08-15,0.24487194351189143
2016-08-16,0.2479587512169433
2016-08-17,0.2529099238500985
2016-08-18,0.25344273473753787
2016-08-19,0.2593304717565739
2016-08-22,0.2697925128896415
2016-08-23,0.26764811988117143
2016-08-24,0.26443583166156004
2016-08-25,0.26625825846423995
2016-08-26,0.2649511866500878
2016-08-29,0.26520158406445143
2016-08-30,0.25936670577410914
2016-08-31,0.24984210768474754
2016-09-01,0.2478543494626747
2016-09-02,0.24473492576700856
2016-09-05,0.24416769406930966
2016-09-06,0.24162391357569274
2016-09-07,0.24082417748936896
2016-09-08,0.23714416454122447
2016-09-09,0.2363154360483086
2016-09-12,0.24272399330199196
2016-09-13,0.24061170461852827
2016-09-14,0.2394947404925133
2016-09-19,0.2341983926282853
2016-09-20,0.22980760752963722
2016-09-21,0.22386183460380588
2016-09-22,0.21791990964536723
2016-09-23,0.2199835308569435
2016-09-26,0.2260465789507303
2016-09-27,0.22259516154853756
2016-09-28,0.21394478227413893
2016-09-29,0.21266812967728832
2016-09-30,0.20470670537299668
2016-10-10,0.2074728981464619
2016-10-11,0.20728574521120852
2016-10-12,0.2069502158211584
2016-10-13,0.20754582575124594
2016-10-14,0.20627734248574034
2016-10-17,0.20737141658381378
2016-10-18,0.20285810195386234
2016-10-19,0.20245144409131557
2016-10-20,0.2045873088269607
2016-10-21,0.2044221969282735
2016-10-24,0.20172415248797776
2016-10-25,0.2013864332839015
2016-10-26,0.20349152025116626
2016-10-27,0.20151672299952328
2016-10-28,0.20387150957554168
2016-10-31,0.2076125304685041
2016-11-01,0.2023448865853969
2016-11-02,0.2033846189921225
2016-11-03,0.20108888777509423
2016-11-04,0.20235606507352263
2016-11-07,0.20304412619611478
2016-11-08,0.19855884369690413
2016-11-09,0.20089234359494318
2016-11-10,0.2003869647424401
2016-11-11,0.19828794256484494
2016-11-14,0.2025003023317376
2016-11-15,0.2024817437093215
2016-11-16,0.20237984944737464
2016-11-17,0.19973236628736274
2016-11-18,0.20032829927137638
2016-11-21,0.2012148386815623
2016-11-22,0.1992409460874267
2016-11-23,0.2005899699167174
2016-11-24,0.20128063681294944
2016-11-25,0.20937296369322517
2016-11-28,0.20678510299452882
2016-11-29,0.20694925033340708
2016-11-30,0.20604147711016543
2016-12-01,0.21268700923162479
2016-12-02,0.21396657262891955
2016-12-05,0.21898793538746783
2016-12-06,0.21183466664837342
2016-12-07,0.25188767791858874
2016-12-08,0.2716454849945903
2016-12-09,0.2816623751561738
2016-12-12,0.29906943067526376
2016-12-13,0.3063761649682745
2016-12-14,0.30663955549587774
2016-12-15,0.3055623188365413
2016-12-16,0.3032467893302319
2016-12-19,0.3044283344806106
2016-12-20,0.31318389835398114
2016-12-21,0.30453384687347906
2016-12-22,0.29905697194885567
2016-12-23,0.3026896305444717
2016-12-26,0.3002263493309087
2016-12-27,0.2917525679930368
2016-12-28,0.2861321077685688
2016-12-29,0.2811126667495182
2016-12-30,0.27629242980412105
2017-01-03,0.27309340965535134
2017-01-04,0.2681270064598513
2017-01-05,0.2661506363005155
2017-01-06,0.27194667078054785
2017-01-09,0.2727938606642009
2017-01-10,0.2704214788911086
2017-01-11,0.27752486998843945
2017-01-12,0.27745333502342756
2017-01-13,0.2856075047116287
2017-01-16,0.3081172024923178
2017-01-17,0.3098598591928834
2017-01-18,0.3049380549096156
2017-01-19,0.2973802219207643
2017-01-20,0.28690646267860687
2017-01-23,0.28382373227743585
2017-01-24,0.27945630513612135
2017-01-25,0.2727474572842858
2017-01-26,0.2652948752525781
2017-02-03,0.2616825995258778
2017-02-06,0.25802423398772123
2017-02-07,0.2531214261300747
2017-02-08,0.24792320493540623
2017-02-09,0.2470521160882254
2017-02-10,0.24581856448471842
2017-02-13,0.24511497006687002
2017-02-14,0.23952715909015163
2017-02-15,0.24474692818845764
2017-02-16,0.24581613400592137
2017-02-17,0.24851776009121943
2017-02-20,0.25331749848143253
2017-02-21,0.24955278753431678
2017-02-22,0.24783114489500158
2017-02-23,0.24835433544502855
2017-02-24,0.2468765365905617
2017-02-27,0.2515427815750801
2017-02-28,0.24988146788683432
2017-03-01,0.24611711988845236
2017-03-02,0.24291609151389723
2017-03-03,0.24251862150109402
2017-03-06,0.23687996585025897
2017-03-07,0.23486068738082247
2017-03-08,0.2304871081405863
2017-03-09,0.22949836971312454
2017-03-10,0.2255856014947195
2017-03-13,0.2230683340965876
2017-03-14,0.21997350993298515
2017-03-15,0.21989182813001504
2017-03-16,0.2159276747230739
2017-03-17,0.22044921604382678
2017-03-20,0.22433807526016786
2017-03-21,0.22404214227497093
2017-03-22,0.22805623421898297
2017-03-23,0.23096595874683137
2017-03-24,0.22733467864094065
2017-03-27,0.23065111292960158
2017-03-28,0.23209067296117844
2017-03-29,0.23839835279064667
2017-03-30,0.2445406559125568
2017-03-31,0.24661339560161188
2017-04-05,0.2574409222661613
2017-04-06,0.25546231948368603
2017-04-07,0.2546614784999377
2017-04-10,0.2742761606516387
2017-04-11,0.27582089062481324
2017-04-12,0.27832781671164447
2017-04-13,0.2694955128695279
2017-04-14,0.2630695121697901
2017-04-17,0.2711779289600376
2017-04-18,0.269874933847459
2017-04-19,0.27503842572030907
2017-04-20,0.2718505507484535
2017-04-21,0.2606790016576559
2017-04-24,0.26653540007133514
2017-04-25,0.2610760783109079
2017-04-26,0.2571523239551484
2017-04-27,0.25639952412220063
2017-04-28,0.24845674329628414
2017-05-02,0.2444708614181207
2017-05-03,0.2390323833455284
2017-05-04,0.232982911648773
2017-05-05,0.2312567709062393
2017-05-08,0.23500090447402275
2017-05-09,0.23035177084432876
2017-05-10,0.23131412700844048
2017-05-11,0.23000946536085864
2017-05-12,0.22334826051026355
2017-05-15,0.21971808181448096
2017-05-16,0.21372638272342373
2017-05-17,0.20704980998001044
2017-05-18,0.20407022405690337
2017-05-19,0.20062718378299357
2017-05-22,0.2047606583411809
2017-05-23,0.21241644476452196
2017-05-24,0.20854454535423145
2017-05-25,0.20337481816886074
2017-05-26,0.19806629922419988
2017-05-31,0.19616964262334882
2017-06-01,0.20233306955299804
2017-06-02,0.20032499711684515
2017-06-05,0.19479499131854267
2017-06-06,0.18786505277165666
2017-06-07,0.18184114490216946
2017-06-08,0.17892987050891412
2017-06-09,0.17629313747100858
2017-06-12,0.1818955408612569
2017-06-13,0.18000427462062568
2017-06-14,0.17857801650958902
2017-06-15,0.17392535840486897
2017-06-16,0.1694711946786752
2017-06-19,0.16615717384851286
2017-06-20,0.16359545295580627
2017-06-21,0.1617731850017581
2017-06-22,0.16210683195342038
2017-06-23,0.16273564431330972
2017-06-26,0.16052272375276253
2017-06-27,0.15746677902612702
2017-06-28,0.1570367542011648
2017-06-29,0.15337754257416045
2017-06-30,0.15182056274891623
2017-07-03,0.15839329906119357
2017-07-04,0.15613468564337446
2017-07-05,0.15576482890459803
2017-07-06,0.1574541659208901
2017-07-07,0.1614624588532331
2017-07-10,0.16904952491816086
2017-07-11,0.17056477935182837
2017-07-12,0.17543193057179343
2017-07-13,0.17835758637930538
2017-07-14,0.17885656787042684
2017-07-17,0.1913140170138659
2017-07-18,0.19170469756719938
2017-07-19,0.18834344724351265
2017-07-20,0.18562005067074477
2017-07-21,0.18527339727783154
2017-07-24,0.18385094683770234
2017-07-25,0.18085266166209443
2017-07-26,0.1803361646102258
2017-07-27,0.1824831655476044
2017-07-28,0.17871481131975786
2017-07-31,0.1766397834561506
2017-08-01,0.17462604326038972
2017-08-02,0.17565162249433466
2017-08-03,0.17325602592344694
2017-08-04,0.17606169851797474
2017-08-07,0.176685158179263
2017-08-08,0.17751502906440575
2017-08-09,0.17470877511192373
2017-08-10,0.17510920625623466
2017-08-11,0.17822138339902382
2017-08-14,0.17335377364740107
2017-08-15,0.1708618290325399
2017-08-16,0.16765647151626142
2017-08-17,0.16377542904293874
2017-08-18,0.16542711598793305
2017-08-21,0.1641167009752413
2017-08-22,0.1637571200519203
2017-08-23,0.16250164827852412
2017-08-24,0.16296942043872523
2017-08-25,0.16037365649048957
2017-08-28,0.16088644270389363
2017-08-29,0.161346914050253
2017-08-30,0.1610520507196579
2017-08-31,0.16096861887022698
2017-09-01,0.16029211799328907
2017-09-04,0.16478299397419968
2017-09-05,0.15359331575902554
2017-09-06,0.251576831485418
2017-09-07,0.2803740857739228
2017-09-08,0.29682859803071016
2017-09-11,0.2942116251100713
2017-09-12,0.29818821704695364
2017-09-13,0.29659506179463885
2017-09-14,0.29709098395303163
2017-09-15,0.29515125868768977
2017-09-18,0.29696325262540074
2017-09-19,0.29325049707901407
2017-09-20,0.2874291376238696
2017-09-21,0.2873547176497769
2017-09-22,0.29166100088923946
2017-09-25,0.2968180432134773
2017-09-26,0.299253196506137
2017-09-27,0.2906314384425133
2017-09-28,0.2867689056800808
2017-09-29,0.28171996650798337
2017-10-09,0.28112798085964275
2017-10-10,0.2814022915052428
2017-10-11,0.2843734015709739
2017-10-12,0.27970779105425236
2017-10-13,0.27618715948640343
2017-10-16,0.277526175433502
2017-10-17,0.27326928859827615
2017-10-18,0.27034421111400403
2017-10-19,0.27370737404441825
2017-10-20,0.2686811500322824
2017-10-23,0.2629591892555177
2017-10-24,0.2572710705981584
2017-10-25,0.2495278858359874
2017-10-26,0.24685622217469486
2017-10-27,0.24565431316055517
2017-10-30,0.26120302920519944
2017-10-31,0.25852200929711266
2017-11-01,0.2525979208740398
2017-11-02,0.2535797015812181
2017-11-03,0.2538587743329862
2017-11-06,0.2527817187264642
2017-11-07,0.24817985609218543
2017-11-08,0.24508213874273252
2017-11-09,0.24015390404672007
2017-11-10,0.24017468205639608
2017-11-13,0.24557264834758255
2017-11-14,0.2519082183730217
2017-11-15,0.2535021379696584
2017-11-16,0.2585628979141792
2017-11-17,0.2700190699133068
2017-11-20,0.27731231806388107
2017-11-21,0.2722267962401209
2017-11-22,0.26758405168801597
2017-11-23,0.26610537639316023
2017-11-24,0.2613700243340144
2017-11-27,0.2602044404257393
2017-11-28,0.2514207391866009
2017-11-29,0.24836727327903546
2017-11-30,0.24210991160306305
2017-12-01,0.23337356809358195
2017-12-04,0.24393030648150243
2017-12-05,0.24928815038301044
2017-12-06,0.23912965740284456
2017-12-07,0.23207498987170766
2017-12-08,0.22308347367831122
2017-12-11,0.21518537984005415
2017-12-12,0.21088916146841336
2017-12-13,0.20444469108753058
2017-12-14,0.2021331086096907
2017-12-15,0.2022696213485537
2017-12-18,0.20399332620068292
2017-12-19,0.1969660179233142
2017-12-20,0.19862194732760455
2017-12-21,0.19579865927205445
2017-12-22,0.19386727323204406
2017-12-25,0.20157110614473556
2017-12-26,0.20257275135053257
2017-12-27,0.2016400464224142
2017-12-28,0.20006715829956648
2017-12-29,0.19842200620110387
2018-01-02,0.1953232431437375
2018-01-03,0.19457508859780934
2018-01-04,0.19270570459422315
2018-01-05,0.19078374281724544
2018-01-08,0.18991625464679124
2018-01-09,0.18892604880666225
2018-01-10,0.19114314265900115
2018-01-11,0.1909965434879046
2018-01-12,0.18927980700514652
2018-01-15,0.199192303919836
2018-01-16,0.20061561742650164
2018-01-17,0.20532419942301802
2018-01-18,0.20063810177554306
2018-01-19,0.1982806499068896
2018-01-22,0.19947403074483375
2018-01-23,0.1939699971422244
2018-01-24,0.1904075161176085
2018-01-25,0.18630872958247321
2018-01-26,0.18223856734076463
2018-01-29,0.1836189497034387
2018-01-30,0.18347734751580394
2018-01-31,0.19583712750976887
2018-02-01,0.21092608730713985
2018-02-02,0.21568464629708142
2018-02-05,0.20659516925663815
2018-02-06,0.21470624814501524
2018-02-07,0.2138117017689393
2018-02-08,0.20646969952008623
2018-02-09,0.20951731502595516
2018-02-12,0.20235534255803939
2018-02-13,0.19466193889463387
2018-02-14,0.18735808061287523
2018-02-22,0.17831601582624942
2018-02-23,0.17127691152166977
2018-02-26,0.16611064195349215
2018-02-27,0.16378260963681743
2018-02-28,0.16215041250272458
2018-03-01,0.15795658052136588
2018-03-02,0.15685480419995435
2018-03-05,0.15646483471339828
2018-03-06,0.15362861024479404
2018-03-07,0.155656332953891
2018-03-08,0.1544421311062909
2018-03-09,0.1544158390303468
2018-03-12,0.15249375335943405
2018-03-13,0.15325962965667955
2018-03-14,0.15092339275656474
2018-03-15,0.15660993095102393
2018-03-16,0.15663399479015502
2018-03-19,0.1570058532568258
2018-03-20,0.15680905820686383
2018-03-21,0.15751983063848943
2018-03-22,0.1599629412698569
2018-03-23,0.1793782303059453
2018-03-26,0.18215363842735469
2018-03-27,0.17705850805384235
2018-03-28,0.18248982875761305
2018-03-29,0.1796700923040175
2018-03-30,0.17571197723245308
2018-04-02,0.17741589288966853
2018-04-03,0.17985768532787702
2018-04-04,0.17975081322274492
2018-04-09,0.18536990763423628
2018-04-10,0.18715760486492236
2018-04-11,0.18257152194346463
2018-04-12,0.17991655525806216
2018-04-13,0.17549173428731693
2018-04-16,0.17883794555174404
2018-04-17,0.17772958551923435
2018-04-18,0.1751617302693395
2018-04-19,0.17103245357144398
2018-04-20,0.17184908144950536
2018-04-23,0.17522874445370437
2018-04-24,0.16981527166384164
2018-04-25,0.16759264128374649
2018-04-26,0.16855993761238228
2018-04-27,0.16970216298200255
2018-05-02,0.17702021088914774
2018-05-03,0.1728524445220403
2018-05-04,0.16891945776313808
2018-05-07,0.1630577887511501
2018-05-08,0.15874604898132252
2018-05-09,0.1552053750672635
2018-05-10,0.15239415300123343
2018-05-11,0.15149900651052298
2018-05-14,0.1520628315943028
2018-05-15,0.14857795730968432
2018-05-16,0.14598619736194599
2018-05-17,0.1436741376946159
2018-05-18,0.1414499335364133
2018-05-21,0.1384333987935993
2018-05-22,0.13705313122240623
2018-05-23,0.1382094435937383
2018-05-24,0.1361444763181515
2018-05-25,0.1385023500190537
2018-05-28,0.1464759207005349
2018-05-29,0.1506205068643436
2018-05-30,0.1592719338907198
2018-05-31,0.1584650298721409
2018-06-01,0.16120084574454277
2018-06-04,0.16179123213060237
2018-06-05,0.15602568641897716
2018-06-06,0.15210189678218244
2018-06-07,0.14908135434444336
2018-06-08,0.14718652362227558
2018-06-11,0.15140280869759126
2018-06-12,0.14931468955746824
2018-06-13,0.1529137441750942
2018-06-14,0.15355076108385524
2018-06-15,0.1587264382929628
2018-06-19,0.16881959235169602
2018-06-20,0.17352548246348545
2018-06-21,0.17965320789966233
2018-06-22,0.17525496146528738
2018-06-25,0.1728373466132616
2018-06-26,0.1689048899942197
2018-06-27,0.16617898098169298
2018-06-28,0.1657762166486536
2018-06-29,0.1609604075584154
2018-07-02,0.16199733297448196
2018-07-03,0.15939826828348214
2018-07-04,0.1602564939135387
2018-07-05,0.16224736969958495
2018-07-06,0.1628479949528929
2018-07-09,0.15866094555148333
2018-07-10,0.15433734855824158
2018-07-11,0.15408402751230316
2018-07-12,0.1505865984354648
2018-07-13,0.15097807179005648
2018-07-16,0.15285696209404676
2018-07-17,0.1506469246637108
2018-07-18,0.15076375086900695
2018-07-19,0.15208835157847264
2018-07-20,0.14847872020482666
2018-07-23,0.15220717354226046
2018-07-24,0.150321958044335
2018-07-25,0.15031100171311657
2018-07-26,0.15195566324097884
2018-07-27,0.15356453051880814
2018-07-30,0.15678500908327767
2018-07-31,0.1563522319262483
2018-08-01,0.1571872766321466
2018-08-02,0.1616717955474164
2018-08-03,0.16738946219507245
2018-08-06,0.17119124781571254
2018-08-07,0.16637201185116962
2018-08-08,0.16699612909656958
2018-08-09,0.16109932883421768
2018-08-10,0.15499375453555383
2018-08-13,0.15246472111422088
2018-08-14,0.14670518441923774
2018-08-15,0.14410210260125297
2018-08-16,0.17783793170889214
2018-08-17,0.180121058082646
2018-08-20,0.19628269204485602
2018-08-21,0.19330326746752818
2018-08-22,0.19027238474304767
2018-08-23,0.18410494374810918
2018-08-24,0.18178818959692553
2018-08-27,0.17733125914920742
2018-08-28,0.17300647084153015
2018-08-29,0.17163356611622826
2018-08-30,0.17243379665952965
2018-08-31,0.17545347334108893
2018-09-03,0.18258315200727576
2018-09-04,0.18008272665231356
2018-09-05,0.1788888919509302
2018-09-06,0.17726094455740884
2018-09-07,0.1774818221415291
2018-09-10,0.1996281484549452
2018-09-11,0.2012291651776843
2018-09-12,0.19714062008114816
2018-09-13,0.19544441217003777
2018-09-14,0.19601490291920387
2018-09-17,0.20233245532988328
2018-09-18,0.19959241338627598
2018-09-19,0.19643786495499457
2018-09-20,0.191696654096924
2018-09-21,0.1876577364351162
2018-09-25,0.1846667129366241
2018-09-26,0.18346591622681732
2018-09-27,0.18603900823561498
2018-09-28,0.1867615482388708
2018-10-08,0.19371807384538
2018-10-09,0.19662137666503343
2018-10-10,0.1991119833035053
2018-10-11,0.21875779100173212
2018-10-12,0.25645228412178833
2018-10-15,0.260686560989993
2018-10-16,0.2705803071918441
2018-10-17,0.27882351892106655
2018-10-18,0.27767004887035973
2018-10-19,0.2706950532853185
2018-10-22,0.2596550203844255
2018-10-23,0.25920876696144113
2018-10-24,0.253895125772706
2018-10-25,0.25410722557265775
2018-10-26,0.2503165196218506
2018-10-29,0.25161428808690917
2018-10-30,0.24831385084446464
2018-10-31,0.2420467791657631
2018-11-01,0.2369488788297187
2018-11-02,0.22948887541925808
2018-11-05,0.228065835728063
2018-11-06,0.2308374473300482
2018-11-07,0.2255338402658437
2018-11-08,0.22148166807101877
2018-11-09,0.21961187137002403
2018-11-12,0.2170801888888811
2018-11-13,0.21688126708760339
2018-11-14,0.2174101726801142
2018-11-15,0.21536684527299108
2018-11-16,0.21904981254860184
2018-11-19,0.22444115268583859
2018-11-20,0.22725935956941395
2018-11-21,0.22450401098703385
2018-11-22,0.2211594613166856
2018-11-23,0.2214552608293561
2018-11-26,0.22508718306947126
2018-11-27,0.21915863388918586
2018-11-28,0.2155836331765153
2018-11-29,0.21334599912648955
2018-11-30,0.21068875689560948
2018-12-03,0.20564450325690453
2018-12-04,0.2012768330956551
2018-12-05,0.1994233129302578
2018-12-06,0.19825263237887852
2018-12-07,0.19734832707348307
2018-12-10,0.19672328026095073
2018-12-11,0.19123611643229463
2018-12-12,0.1842205717076606
2018-12-13,0.17822069848436262
2018-12-14,0.17690995178738186
2018-12-17,0.1799144328189723
2018-12-18,0.1770129513329066
2018-12-19,0.17389962867879283
2018-12-20,0.16923231546135173
2018-12-21,0.16737145306906842
2018-12-24,0.1649382620412495
2018-12-25,0.16760874522136615
2018-12-26,0.1681489970565402
2018-12-27,0.16868979540336876
2018-12-28,0.1702885149667891
2019-01-02,0.17284600494873825
2019-01-03,0.1840092531109994
2019-01-04,0.1888707308048281
2019-01-07,0.18740079731505582
2019-01-08,0.18605050661081984
2019-01-09,0.1840421123297121
2019-01-10,0.18221918079546745
2019-01-11,0.18275553929001978
2019-01-14,0.1833679432010357
2019-01-15,0.1804446602820268
2019-01-16,0.17841077013907153
2019-01-17,0.1766973873973161
2019-01-18,0.1745885718908413
2019-01-21,0.17167675306950478
2019-01-22,0.16946961978572295
2019-01-23,0.169063753875634
2019-01-24,0.1672168743752119
2019-01-25,0.17083834095273037
2019-01-28,0.17718681039174694
2019-01-29,0.1842267046912806
2019-01-30,0.18852096008880556
2019-01-31,0.20164448320746275
2019-02-01,0.19572727308012186
2019-02-11,0.1881098148352899
2019-02-12,0.18235971360360884
2019-02-13,0.1770688106454099
2019-02-14,0.16147076572757632
2019-02-15,0.15937369265881998
2019-02-18,0.15528451295429044
2019-02-19,0.15763105529822047
2019-02-20,0.17926910298902707
2019-02-21,0.17940594148522676
2019-02-22,0.18121869434025614
2019-02-25,0.17977888036922596
2019-02-26,0.19251259574859886
2019-02-27,0.21943656670971473
2019-02-28,0.23034207276466087
2019-03-01,0.22495435393889496
2019-03-04,0.22455076784701822
2019-03-05,0.22722753597640824
2019-03-06,0.23338800739018012
2019-03-07,0.2447694583910845
2019-03-08,0.26188752767984497
2019-03-11,0.26142671616918983
2019-03-12,0.2588573499782241
2019-03-13,0.26234403979733895
2019-03-14,0.26820383569764494
2019-03-15,0.26257366570550505
2019-03-18,0.2967662775972927
2019-03-19,0.2903294222169075
2019-03-20,0.29117450301677916
2019-03-21,0.28530803024291485
2019-03-22,0.2872020250534719
2019-03-25,0.29037519753428187
2019-03-26,0.2889951122535163
2019-03-27,0.2927738815925271
2019-03-28,0.28558686112107246
2019-03-29,0.28463354621907494
2019-04-01,0.27624438200429347
2019-04-02,0.2771399858348417
2019-04-03,0.2731099506671918
2019-04-04,0.30191731860767024
2019-04-08,0.3350824382380164
2019-04-09,0.35077359357720717
2019-04-10,0.3504211424847325
2019-04-11,0.34931550699174574
2019-04-12,0.34683016536699474
2019-04-15,0.3387121621290684
2019-04-16,0.3269607243890577
2019-04-17,0.3236044937119226
2019-04-18,0.320756840774241
2019-04-19,0.3133523517760339
2019-04-22,0.3198320649041665
2019-04-23,0.33335525254904264
2019-04-24,0.34183863252931856
2019-04-25,0.3401544742984824
2019-04-26,0.3430469764345262
2019-04-29,0.35552970298106623
2019-04-30,0.35560062378962204
2019-05-06,0.3538304650901212
2019-05-07,0.37653153845501625
2019-05-08,0.36871726971923785
2019-05-09,0.35958240209240616
2019-05-10,0.3411994430518797
2019-05-13,0.33552921811241676
2019-05-14,0.3244221780625843
2019-05-15,0.31274834210890606
2019-05-16,0.3093296763766792
2019-05-17,0.30591719906521364
2019-05-20,0.31400636040340685
2019-05-21,0.30532579461765347
2019-05-22,0.30551819145215603
2019-05-23,0.3016535510373228
2019-05-24,0.29987761254428597
2019-05-27,0.2882233526451608
2019-05-28,0.28002757297605796
2019-05-29,0.275485804397728
2019-05-30,0.2767290653496386
2019-05-31,0.275516355653031
2019-06-03,0.2845733877398531
2019-06-04,0.2847335121739666
2019-06-05,0.28148534424312055
2019-06-06,0.2865376467538565
2019-06-10,0.2843011561168424
2019-06-11,0.272416236523099
2019-06-12,0.26718389791768243
2019-06-13,0.26414190776136826
2019-06-14,0.26090041998093266
2019-06-17,0.2611305535032682
2019-06-18,0.2563838076235354
2019-06-19,0.2500327502038491
2019-06-20,0.24541962354687386
2019-06-21,0.24506750562149202
2019-06-24,0.24909566967080168
2019-06-25,0.24942525831843845
2019-06-26,0.24945118646310163
2019-06-27,0.24448710031175075
2019-06-28,0.24212553252639196
2019-07-01,0.2368154089846704
2019-07-02,0.23775378429711905
2019-07-03,0.23572260975274537
2019-07-04,0.2280559820663454
2019-07-05,0.2243016832300318
2019-07-08,0.2269631888750737
2019-07-09,0.22764180205193582
2019-07-10,0.22530119801449242
2019-07-11,0.22370486477396667
2019-07-12,0.2247670809805327
2019-07-15,0.22851679354823545
2019-07-16,0.22299057695092253
2019-07-17,0.2183273341958314
2019-07-18,0.21419841355447766
2019-07-19,0.2098318748664611
2019-07-22,0.2173244695982083
2019-07-23,0.23445801685266973
2019-07-24,0.2288111939884075
2019-07-25,0.22722085211788887
2019-07-26,0.22543644977083438
2019-07-29,0.22499896841812914
2019-07-30,0.22007113442494208
2019-07-31,0.21896358408140912
2019-08-01,0.2205769007992428
2019-08-02,0.22301557163255237
2019-08-05,0.22500887379399498
2019-08-06,0.2446704936236687
2019-08-07,0.2473933524874069
2019-08-08,0.24532063525768402
2019-08-09,0.2441311418625491
2019-08-12,0.24031160619547892
2019-08-13,0.24029978354627912
2019-08-14,0.2351402297671964
2019-08-15,0.23175223540793471
2019-08-16,0.23002362146890534
2019-08-19,0.23064241333113167
2019-08-20,0.24126427706981446
2019-08-21,0.24256846295877946
2019-08-22,0.24400400673403874
2019-08-23,0.24581118370512064
2019-08-26,0.24895199914444602
2019-08-27,0.24653228488546042
2019-08-28,0.2486504591139028
2019-08-29,0.2485260130210263
2019-08-30,0.25076087725138785
2019-09-02,0.24825668496308598
2019-09-03,0.24561935499148252
2019-09-04,0.2424991488888865
2019-09-05,0.24191576204545154
2019-09-06,0.24424160962353647
2019-09-09,0.24784309909286206
2019-09-10,0.24715959340804608
2019-09-11,0.2564555575823926
2019-09-12,0.25342410636837726
2019-09-16,0.25068237247354963
2019-09-17,0.2501799649388775
2019-09-18,0.2505492988814513
2019-09-19,0.24918526771573937
2019-09-20,0.2526222804647572
2019-09-23,0.2555850209265932
2019-09-24,0.25839879757945167
2019-09-25,0.2618443842988324
2019-09-26,0.2723441762631407
2019-09-27,0.27662326099211343
2019-09-30,0.27580802388152564
2019-10-08,0.28349549196098617
2019-10-09,0.2796794436490995
2019-10-10,0.27456475224517635
2019-10-11,0.28162068493202763
2019-10-14,0.27933263991476803
2019-10-15,0.2854020328838316
2019-10-16,0.2869704519532073
2019-10-17,0.28844877194995244
2019-10-18,0.2833647024170513
2019-10-21,0.29095407892480324
2019-10-22,0.28500285966172556
2019-10-23,0.2964061728739209
2019-10-24,0.3046275264747549
2019-10-25,0.2995370975740321
2019-10-28,0.33639012015540054
2019-10-29,0.34006525917767194
2019-10-30,0.35586633630099007
2019-10-31,0.3670026470297862
2019-11-01,0.36029508679075256
2019-11-04,0.352095604649404
2019-11-05,0.34416214441208853
2019-11-06,0.3382015604979586
2019-11-07,0.3294100786661701
2019-11-08,0.3388212806377935
2019-11-11,0.3546440781639282
2019-11-12,0.3493923910950961
2019-11-13,0.3475129069182437
2019-11-14,0.3403775057409373
2019-11-15,0.34515555975839873
2019-11-18,0.3418190351188145
2019-11-19,0.3302530992689116
2019-11-20,0.3260188442277182
2019-11-21,0.32024618436015095
2019-11-22,0.32000264430787095
2019-11-25,0.328749279321108
2019-11-26,0.3287373961231827
2019-11-27,0.3269799806865044
2019-11-28,0.3209717398089879
2019-11-29,0.31524031653855017
2019-12-02,0.31268879117017634
2019-12-03,0.3070328510487532
2019-12-04,0.30270237908135533
2019-12-05,0.2955330574084576
2019-12-06,0.2932420746117548
2019-12-09,0.2939965537092008
2019-12-10,0.29414135376031036
2019-12-11,0.2910380111850358
2019-12-12,0.29252769059408745
2019-12-13,0.29492664387511064
2019-12-16,0.2903128361950911
2019-12-17,0.2951022122209327
2019-12-18,0.29377442511526575
2019-12-19,0.2948645227630182
2019-12-20,0.3032183836026616
2019-12-23,0.3109760469002079
2019-12-24,0.30971142414865527
2019-12-25,0.30811511883412884
2019-12-26,0.30584578348778596
2019-12-27,0.30777447264064406
2019-12-30,0.31510053402163407
2019-12-31,0.31223868094377893
2020-01-02,0.30913394582396136
2020-01-03,0.3109554805712373
2020-01-06,0.3177499601060992
2020-01-07,0.3292898381114257
2020-01-08,0.34000785385145027
2020-01-09,0.33803964744709314
2020-01-10,0.33364659203342817
2020-01-13,0.33119692098289494
2020-01-14,0.33436080143441876
2020-01-15,0.32922566092317573
2020-01-16,0.3266191657624568
2020-01-17,0.32770726494910557
2020-01-20,0.33752342833574595
2020-01-21,0.3432245651557433
2020-01-22,0.3535148984540388
2020-01-23,0.3715399650732495
2020-02-03,0.3823698408862408
2020-02-04,0.4651855639041682
2020-02-05,0.4542258489790723
2020-02-06,0.44986733323020134
2020-02-07,0.4528164176016617
2020-02-10,0.44470587835802017
2020-02-11,0.4395546005226809
2020-02-12,0.4220235304718857
2020-02-13,0.41742046702459146
2020-02-14,0.4049699096082435
2020-02-17,0.40839194167751086
2020-02-18,0.40184985899662645
2020-02-19,0.3990232707772395
2020-02-20,0.3898191493475221
2020-02-21,0.38254374100443594
2020-02-24,0.3953311305985773
2020-02-25,0.4221989509348056
2020-02-26,0.42212249408643815
2020-02-27,0.4414337385987427
2020-02-28,0.4449038928205657
2020-03-02,0.43462423882962026
2020-03-03,0.42854752166287396
2020-03-04,0.41852480998506864
2020-03-05,0.42519413636893644
2020-03-06,0.43141149272772594
2020-03-09,0.440743559363541
2020-03-10,0.4369725284613099
2020-03-11,0.4313639241068279
2020-03-12,0.42323146523540195
2020-03-13,0.4239170031419287
2020-03-16,0.4253605436503784
2020-03-17,0.4245429211140786
2020-03-18,0.4135016776920978
2020-03-19,0.41050938310634094
2020-03-20,0.40367922815183865
2020-03-23,0.4052896857275475
2020-03-24,0.39791871013483304
2020-03-25,0.3862192677986669
2020-03-26,0.3791544554880012
2020-03-27,0.37220351503097826
2020-03-30,0.38252468685415236
2020-03-31,0.3841424316496401
2020-04-01,0.3761751203628326
2020-04-02,0.36112197718204264
2020-04-03,0.3584768297083192
2020-04-07,0.34608788572792476
2020-04-08,0.34413702105812094
2020-04-09,0.34186800328515343
2020-04-10,0.3432521725874566
2020-04-13,0.3459068697977534
2020-04-14,0.330659602749882
2020-04-15,0.32809764762928223
2020-04-16,0.3247673361150442
2020-04-17,0.3240408042260418
2020-04-20,0.32649883240685645
2020-04-21,0.3236216309113008
2020-04-22,0.32485923183721105
2020-04-23,0.32641732675728224
2020-04-24,0.33454792724164456
2020-04-27,0.3446479051177745
2020-04-28,0.36101179127177935
2020-04-29,0.3665024287653193
2020-04-30,0.36873723723542473
2020-05-06,0.373873317290397
2020-05-07,0.365502177979764
2020-05-08,0.3519880975901713
2020-05-11,0.3457912344278392
2020-05-12,0.33940997913408266
2020-05-13,0.3333257602074773
2020-05-14,0.3274523782999872
2020-05-15,0.3214463306047471
2020-05-18,0.33153525013564317
2020-05-19,0.32789327846588256
2020-05-20,0.33146806032770254
2020-05-21,0.3339290395748702
2020-05-22,0.3319559208328091
2020-05-25,0.33809471769652677
2020-05-26,0.33570288308478724
2020-05-27,0.33489504139299453
2020-05-28,0.33019646458437296
2020-05-29,0.32924759901773565
2020-06-01,0.321115450171026
2020-06-02,0.32086585548265684
2020-06-03,0.32265898034577234
2020-06-04,0.3217788929560256
2020-06-05,0.32246324487242295
2020-06-08,0.32364258976297045
2020-06-09,0.31116766917149624
2020-06-10,0.30636092650114666
2020-06-11,0.3025295563796568
2020-06-12,0.3011264837340698
2020-06-15,0.3257968706681274
2020-06-16,0.3217342973013667
2020-06-17,0.34094624447991867
2020-06-18,0.3396487772117752
2020-06-19,0.33395920108640836
2020-06-22,0.33144922593450826
2020-06-23,0.33567326254178287
2020-06-24,0.33357345037536834
2020-06-29,0.3397160436500305
2020-06-30,0.3313226739818249
2020-07-01,0.33347111499514737
2020-07-02,0.3328651287284869
2020-07-03,0.3376327108825459
2020-07-06,0.33730544892979597
2020-07-07,0.34719299349980953
2020-07-08,0.34847759520077615
2020-07-09,0.3603374266125482
2020-07-10,0.37948589897564416
2020-07-13,0.38061554737424835
2020-07-14,0.39581797013598746
2020-07-15,0.406913060068751
2020-07-16,0.40275746367314713
2020-07-17,0.42213758789566275
2020-07-20,0.41455615435104043
2020-07-21,0.4083261276355911
2020-07-22,0.39861974532010946
2020-07-23,0.3916658501424712
2020-07-24,0.4087962309690643
2020-07-27,0.4137206576638597
2020-07-28,0.4084553145838001
2020-07-29,0.39331293870407513
2020-07-30,0.3910684650710109
2020-07-31,0.3845101008082125
2020-08-03,0.3787309843777505
2020-08-04,0.3946501376095852
2020-08-05,0.3847208915494009
2020-08-06,0.38473590728612833
2020-08-07,0.3840287221221466
2020-08-10,0.39067599844665973
2020-08-11,0.3875576875148742
2020-08-12,0.38746307964770926
2020-08-13,0.3803088399966982
2020-08-14,0.36962791547158474
2020-08-17,0.3596070108988286
2020-08-18,0.35412193907814077
2020-08-19,0.35416726107304813
2020-08-20,0.3522376371140078
2020-08-21,0.3494363561202232
2020-08-24,0.3520808790455179
2020-08-25,0.3575658913199808
2020-08-26,0.3623520192424101
2020-08-27,0.3633715806873975
2020-08-28,0.3611694049036461
2020-08-31,0.3605033257287466
2020-09-01,0.34775113266106744
2020-09-02,0.34650228883888456
2020-09-03,0.34285385093520404
2020-09-04,0.3375869329089114
2020-09-07,0.33931002967538576
2020-09-08,0.3423914372448096
2020-09-09,0.3504680146491416
2020-09-10,0.36742008312072866
2020-09-11,0.3592083236820326
2020-09-14,0.3547883480421266
2020-09-15,0.34345790432523127
2020-09-16,0.3293907956508265
2020-09-17,0.3224193301944963
2020-09-18,0.3132052020128944
2020-09-21,0.3061827035510988
2020-09-22,0.2977063370117452
2020-09-23,0.2912090866750334
2020-09-24,0.28338480138331495
2020-09-25,0.27967058054026905
2020-09-28,0.27804888043201736
2020-09-29,0.27491924847829724
2020-09-30,0.2699198248696599
2020-10-09,0.27584561332937424
2020-10-12,0.2726551310338946
2020-10-13,0.26350313905772255
2020-10-14,0.2695610149034241
2020-10-15,0.27037961621784634
2020-10-16,0.26320265266690324
2020-10-19,0.2612133183498183
2020-10-20,0.2558113195076771
2020-10-21,0.2543601720563645
2020-10-22,0.25164050730362586
2020-10-23,0.25120864684001853
2020-10-26,0.25661829235086137
2020-10-27,0.2573242733074936
2020-10-28,0.26496613918930906
2020-10-29,0.26990346042361735
2020-10-30,0.27929312646994836
2020-11-02,0.30068406511247026
2020-11-03,0.2955250924862531
2020-11-04,0.28821283962276784
2020-11-05,0.28163298727729424
2020-11-06,0.2780878130532581
2020-11-09,0.27918574020150877
2020-11-10,0.2782076379366174
2020-11-11,0.27530739170067803
2020-11-12,0.288620910401532
2020-11-13,0.2832502180307849
2020-11-16,0.2857861395888437
2020-11-17,0.29478194222092896
2020-11-18,0.29263611301116477
2020-11-19,0.286878414653854
2020-11-20,0.2805951442292256
2020-11-23,0.28005909060375334
2020-11-24,0.2738797039279768
2020-11-25,0.2724687280771403
2020-11-26,0.27256689310012955
2020-11-27,0.26972924727023456
2020-11-30,0.26829998496393376
2020-12-01,0.2649425418973483
2020-12-02,0.26622420232217847
2020-12-03,0.2651805323616434
2020-12-04,0.262568859392126
2020-12-07,0.2620349797003919
2020-12-08,0.2594832339687018
2020-12-09,0.261158867744309
2020-12-10,0.2670221623825067
2020-12-11,0.28616775129480715
2020-12-14,0.28922435793491186
2020-12-15,0.28854830541851756
2020-12-16,0.29096575892623
2020-12-17,0.2889041206555717
2020-12-18,0.28565390623398645
2020-12-21,0.28626157546488906
2020-12-22,0.2895589021808409
2020-12-23,0.2910000102505101
2020-12-24,0.2967815371694292
2020-12-25,0.2983338609117269
2020-12-28,0.3026105921745335
2020-12-29,0.3068482410477673
2020-12-30,0.3004357899384994
2020-12-31,0.2922829141375828
2021-01-04,0.3122914817378394
2021-01-05,0.30998709604418423
2021-01-06,0.3111688175406021
2021-01-07,0.3205228559913683
2021-01-08,0.3234955920361328
2021-01-11,0.32949741525089393
2021-01-12,0.32965695031827086
2021-01-13,0.3361915476636644
2021-01-14,0.38503984323111895
2021-01-15,0.37912030203835184
2021-01-18,0.383821321308909
2021-01-19,0.38976729877731925
2021-01-20,0.3834927105667036
2021-01-21,0.37587262754013245
2021-01-22,0.37606979562641546
2021-01-25,0.38358548168924295
2021-01-26,0.381917471184268
2021-01-27,0.3825734686279931
2021-01-28,0.37776370944163634
2021-01-29,0.3757383597630798
2021-02-01,0.390510752427848
2021-02-02,0.4050388510142661
2021-02-03,0.43944790567960446
2021-02-04,0.43414341724141337
2021-02-05,0.4322938662812575
2021-02-08,0.4993589503949555
2021-02-09,0.4803550221791457
2021-02-10,0.49625693299383816
2021-02-18,0.5050508245405475
2021-02-19,0.5026917468267372
2021-02-22,0.5028593675369234
2021-02-23,0.5139913784840814
2021-02-24,0.5155314842550331
2021-02-25,0.5357101565803929
2021-02-26,0.5266275586912991
2021-03-01,0.5146119634327034
2021-03-02,0.5027470644910981
2021-03-03,0.4874216713840051
2021-03-04,0.48344019486613443
2021-03-05,0.47790962438319795
2021-03-08,0.47861748352795164
2021-03-09,0.5149642197566191
2021-03-10,0.5111686067622412
2021-03-11,0.5000651042315268
2021-03-12,0.4937049321656065
2021-03-15,0.4941686512874301
2021-03-16,0.4871346095023772
2021-03-17,0.47900650826084334
2021-03-18,0.47311985115784094
2021-03-19,0.46767447253770483
2021-03-22,0.46519239443341714
2021-03-23,0.4748380106028445
2021-03-24,0.4775327227477599
2021-03-25,0.47779584096999916
2021-03-26,0.4654195261060703
2021-03-29,0.4642103399478637
2021-03-30,0.46739261378573754
2021-03-31,0.4685397623235292
2021-04-01,0.47641563856865815
2021-04-02,0.4742475056351972
2021-04-06,0.4699409647678945
2021-04-07,0.4638228517133784
2021-04-08,0.46014373255653634
2021-04-09,0.4556577973130865
2021-04-12,0.46283618109377167
2021-04-13,0.46878920344935804
2021-04-14,0.45746526232852003
2021-04-15,0.4557541284006722
2021-04-16,0.44972775765144507
2021-04-19,0.44503369274865046
2021-04-20,0.438862757300159
2021-04-21,0.43077469967581883
2021-04-22,0.42486222376449556
2021-04-23,0.4269011582107431
2021-04-26,0.43398698169102745
2021-04-27,0.4446257342864982
2021-04-28,0.4638093270658985
2021-04-29,0.4682083430419308
2021-04-30,0.4782656445582893
2021-05-06,0.47875462076783876
2021-05-07,0.47592994788107446
2021-05-10,0.4830251854023775
2021-05-11,0.4766300653420067
2021-05-12,0.46439593582655436
2021-05-13,0.4522865464983601
2021-05-14,0.4488658332523195
2021-05-17,0.4492972249445373
2021-05-18,0.46000139974182475
2021-05-19,0.456206960719049
2021-05-20,0.4511375978518843
2021-05-21,0.44186836627662723
2021-05-24,0.4368446242658546
2021-05-25,0.42140269535881647
2021-05-26,0.41438762031840926
2021-05-27,0.40723903451066734
2021-05-28,0.4004438988076906
2021-05-31,0.4037019686886115
2021-06-01,0.40166072869183383
2021-06-02,0.40479057523712425
2021-06-03,0.4054628408278066
2021-06-04,0.4027908567029315
2021-06-07,0.406256085917137
2021-06-08,0.4028117550963374
2021-06-09,0.4027601341192669
2021-06-10,0.4006339974309194
2021-06-11,0.4071821150041519
2021-06-15,0.4186704310125577
2021-06-16,0.41685780530263206
2021-06-17,0.41074661342411817
2021-06-18,0.40824098176463525
2021-06-21,0.4031673599131582
2021-06-22,0.3989137591194889
2021-06-23,0.39217298652800064
2021-06-24,0.3958657347730324
2021-06-25,0.38951588940995197
2021-06-28,0.38954765085776827
2021-06-29,0.3868646287617112
2021-06-30,0.38736530355763366
2021-07-01,0.38886452163697854
2021-07-02,0.38856652575225625
2021-07-05,0.3897300035104866
2021-07-06,0.3854109221348404
2021-07-07,0.38033380450718257
2021-07-08,0.38085408750448135
2021-07-09,0.37592032474911347
2021-07-12,0.3843007663914176
2021-07-13,0.38334697837893833
2021-07-14,0.38089113868711916
2021-07-15,0.37875111173342585
2021-07-16,0.3777007823599284
2021-07-19,0.39236972720425173
2021-07-20,0.3776657061971331
2021-07-21,0.3736783570544525
2021-07-22,0.37432835025570477
2021-07-23,0.4106324741583159
2021-07-26,0.42202719867226574
2021-07-27,0.4301621089691863
2021-07-28,0.44122658843696405
2021-07-29,0.4338229142147248
2021-07-30,0.4435040675712493
2021-08-02,0.4542898432406082
2021-08-03,0.45353166338538803
2021-08-04,0.4402849710953614
2021-08-05,0.4329415953745457
2021-08-06,0.47287267918957676
2021-08-09,0.48276207525944065
2021-08-10,0.4703422656610731
2021-08-11,0.46396738984682806
2021-08-12,0.4562543997736585
2021-08-13,0.4518293939426565
2021-08-16,0.4586486397261284
2021-08-17,0.4646674021457182
2021-08-18,0.46241659277512
2021-08-19,0.4595079018160034
2021-08-20,0.45899110473871296
2021-08-23,0.45932774768153806
2021-08-24,0.4652833253526104
2021-08-25,0.46231466159312584
2021-08-26,0.4668911498072024
2021-08-27,0.47180755838208627
2021-08-30,0.48456034850158886
2021-08-31,0.48688152939250207
2021-09-01,0.4897656107282931
2021-09-02,0.480522870032601
2021-09-03,0.477738753458733
2021-09-06,0.46389733440855013
2021-09-07,0.4764829377273714
2021-09-08,0.4725675399670301
2021-09-09,0.4656188964291036
2021-09-10,0.4563648598008679
2021-09-13,0.45652232912911256
2021-09-14,0.45031138349133365
2021-09-15,0.4441926986437359
2021-09-16,0.43680166974329826
2021-09-17,0.4382115120048789
2021-09-22,0.4393817793876557
2021-09-23,0.4366266071425631
2021-09-24,0.4329594895997488
2021-09-27,0.4411734741839456
2021-09-28,0.43198084271959203
2021-09-29,0.420702399743396
2021-09-30,0.4088114754898565
2021-10-08,0.41478733810129287
2021-10-11,0.41174955588453194
2021-10-12,0.40083842407265174
2021-10-13,0.3953993579236507
2021-10-14,0.38851871828256274
2021-10-15,0.38535028924580583
2021-10-18,0.38062436198358873
2021-10-19,0.3675426719118399
2021-10-20,0.35954975575236126
2021-10-21,0.35201648450583056
2021-10-22,0.35054056028675584
2021-10-25,0.350193127091
2021-10-26,0.3488024919124394
2021-10-27,0.3548643405206492
2021-10-28,0.3683794883936422
2021-10-29,0.371932691264564
2021-11-01,0.3820274243219868
2021-11-02,0.375853089485276
2021-11-03,0.36339601150316786
2021-11-04,0.3563929543917041
2021-11-05,0.356510524274915
2021-11-08,0.352472025791533
2021-11-09,0.3436863776635994
2021-11-10,0.3352789346377413
2021-11-11,0.3327448038171157
2021-11-12,0.3339348770226078
2021-11-15,0.3398591323719925
2021-11-16,0.3401193569868411
2021-11-17,0.35407655454534687
2021-11-18,0.35271882080804295
2021-11-19,0.3496718012256155
2021-11-22,0.3457966848880537
2021-11-23,0.3430468028516901
2021-11-24,0.3403158776279721
2021-11-25,0.34086289943872794
2021-11-26,0.33840791071904597
2021-11-29,0.3416608427413948
2021-11-30,0.33965854771666926
2021-12-01,0.3371607826110316
2021-12-02,0.33658046432198113
2021-12-03,0.33293511996885206
2021-12-06,0.33627038369150486
2021-12-07,0.33604773560933926
2021-12-08,0.33470492329104723
2021-12-09,0.33256379242256473
2021-12-10,0.3309663074145371
2021-12-13,0.3303739855474176
2021-12-14,0.3310151157548732
2021-12-15,0.3252935636283038
2021-12-16,0.32094041385353744
2021-12-17,0.3203177851396676
2021-12-20,0.32616736837327676
2021-12-21,0.3252082345730664
2021-12-22,0.325473851740082
2021-12-23,0.3214889590484814
2021-12-24,0.3214541631421252
2021-12-27,0.3214195044607076
2021-12-28,0.31660338373518465
2021-12-29,0.3099367142807441
2021-12-30,0.30881439508625513
2021-12-31,0.31467900467799786
2022-01-04,0.3219940746759322
2022-01-05,0.33296224930125673
2022-01-06,0.3309485207646356
2022-01-07,0.3302902403050424
2022-01-10,0.3317897344925171
2022-01-11,0.3257155101689734
2022-01-12,0.3201939962746621
2022-01-13,0.3157572845195394
2022-01-14,0.3167555800743367
2022-01-17,0.31855167942608476
2022-01-18,0.32047945608055545
2022-01-19,0.31777745369621635
2022-01-20,0.3156489007334458
2022-01-21,0.3167051698835177
2022-01-24,0.3162081653828024
2022-01-25,0.31301938037957616
2022-01-26,0.3097825240437464
2022-01-27,0.30425210073476733
2022-01-28,0.3004770294998423
2022-02-07,0.31256241081688585
2022-02-08,0.3081036214729382
2022-02-09,0.3143967418722241
2022-02-10,0.30587721304126253
2022-02-11,0.3043438012977378
2022-02-14,0.3013995688854173
2022-02-15,0.3071750815873325
2022-02-16,0.2997379212991957
2022-02-17,0.3000538542297232
2022-02-18,0.2927128273124259
2022-02-21,0.2917966466585811
2022-02-22,0.28844801636867373
2022-02-23,0.2897138946287826
2022-02-24,0.2939022184310043
2022-02-25,0.2928773822316016
2022-02-28,0.2886159864233434
2022-03-01,0.28169223274255467
2022-03-02,0.27417474589609997
2022-03-03,0.27496220666996396
2022-03-04,0.27420861884265796
2022-03-07,0.2775466990583535
2022-03-08,0.28461930152180315
2022-03-09,0.2989371583194124
2022-03-10,0.30011948033950925
2022-03-11,0.2986213094259403
2022-03-14,0.29750632123599496
2022-03-15,0.3026257350959341
2022-03-16,0.30397942786529975
2022-03-17,0.30429396621915045
2022-03-18,0.3013603246672617
2022-03-21,0.29617450901376324
2022-03-22,0.2912580089799624
2022-03-23,0.28694637750332463
2022-03-24,0.28190223143937765
2022-03-25,0.28420353068846377
2022-03-28,0.28196458947629277
2022-03-29,0.27888410556931414
2022-03-30,0.2743399536417733
2022-03-31,0.29735834989664667
2022-04-01,0.3001965140407941
2022-04-06,0.30869000856563406
2022-04-07,0.3069748591001549
2022-04-08,0.31018862715846607
2022-04-11,0.31644863118233696
2022-04-12,0.3163885584380204
2022-04-13,0.3211380883465588
2022-04-14,0.3167694149513213
2022-04-15,0.32189484102484445
2022-04-18,0.3253769061808894
2022-04-19,0.3192620613977775
2022-04-20,0.3150842700330438
2022-04-21,0.3122163607670785
2022-04-22,0.32216643255149296
2022-04-25,0.32999661026377886
2022-04-26,0.35374912920986024
2022-04-27,0.35581934735845183
2022-04-28,0.3652666733261329
2022-04-29,0.3673477667419131
2022-05-05,0.3743298613691085
2022-05-06,0.36350109975470746
2022-05-09,0.35204375119461695
2022-05-10,0.34288245596434325
2022-05-11,0.34559518128478445
2022-05-12,0.33508487995899117
2022-05-13,0.3210088244019794
2022-05-16,0.31383591761175933
2022-05-17,0.3074434676764158
2022-05-18,0.30272754288962267
2022-05-19,0.2941735768699595
2022-05-20,0.28675888611806527
2022-05-23,0.2847557841543719
2022-05-24,0.28196272339896933
2022-05-25,0.27632881203808174
2022-05-26,0.2740975328848862
2022-05-27,0.2743456055440002
2022-05-30,0.2778363265260653
2022-05-31,0.2888776072427614
2022-06-01,0.29145372887135046
2022-06-02,0.29479601030710406
2022-06-06,0.29918954771287753
2022-06-07,0.2962841507413914
2022-06-08,0.29016186092671314
2022-06-09,0.2853270686115971
2022-06-10,0.2763006418355188
2022-06-13,0.27940525125183446
2022-06-14,0.2759666984854306
2022-06-15,0.2735787415529862
2022-06-16,0.27196106349879284
2022-06-17,0.26810659776115414
2022-06-20,0.2735526716533235
2022-06-21,0.27231120973105133
2022-06-22,0.2757505832466632
2022-06-23,0.28657318784128766
2022-06-24,0.28548408257231156
2022-06-27,0.2908963167635678
2022-06-28,0.30211053973676977
2022-06-29,0.30410134217477514
2022-06-30,0.3033543179690319
2022-07-01,0.3054678921285075
2022-07-04,0.30725171643150545
2022-07-05,0.3033013239009998
2022-07-06,0.29872152527185036
2022-07-07,0.29113977805046287
2022-07-08,0.2888969164971548
2022-07-11,0.28701890863312934
2022-07-12,0.28597816880417576
2022-07-13,0.28644468375525023
2022-07-14,0.3001663442687269
2022-07-15,0.3062242251176892
2022-07-18,0.3065814024383391
2022-07-19,0.3025123226598699
2022-07-20,0.3022428316242616
2022-07-21,0.29673951860077025
2022-07-22,0.295475747219376
2022-07-25,0.2945204617164216
2022-07-26,0.28648527964409476
2022-07-27,0.28560274060152235
2022-07-28,0.2837377201213907
2022-07-29,0.28320011715450144
2022-08-01,0.2851316801223667
2022-08-02,0.2892038689616001
2022-08-03,0.2901322351869744
2022-08-04,0.28709145068724806
2022-08-05,0.2828207357713879
2022-08-08,0.28151157321463527
2022-08-09,0.28968509004890314
2022-08-10,0.28922595994853184
2022-08-11,0.2860658151262229
2022-08-12,0.2822606132654548
2022-08-15,0.2819140434224674
2022-08-16,0.28071634666279005
2022-08-17,0.2860412406515273
2022-08-18,0.2891560776056885
2022-08-19,0.29148732784359904
2022-08-22,0.2939771030201934
2022-08-23,0.29183261484759715
2022-08-24,0.28768460491281006
2022-08-25,0.29039129028545957
2022-08-26,0.2926954603743114
2022-08-29,0.2961905074241102
2022-08-30,0.2942627261610191
2022-08-31,0.29278809288972574
2022-09-01,0.29025375494757505
2022-09-02,0.2841434275671261
2022-09-05,0.282110584951035
2022-09-06,0.27729646743383973
2022-09-07,0.27266447506856994
2022-09-08,0.27046117910524986
2022-09-09,0.2653589284276081
2022-09-13,0.2610420978720357
2022-09-14,0.254485269065632
2022-09-15,0.2549632512988521
2022-09-16,0.25510818719067374
2022-09-19,0.2574561343033986
2022-09-20,0.25153094035171547
2022-09-21,0.24555714697787337
2022-09-22,0.24038385420423317
2022-09-23,0.23755685679132973
2022-09-26,0.2429910682115882
2022-09-27,0.23860772234730837
2022-09-28,0.2356666312088089
2022-09-29,0.23722466015867585
2022-09-30,0.23752905616870265
2022-10-10,0.24728539759364557
2022-10-11,0.24719404622114383
2022-10-12,0.2442754396918889
2022-10-13,0.24629439530524982
2022-10-14,0.24553040889002373
2022-10-17,0.2486694780928933
2022-10-18,0.24850744983025672
2022-10-19,0.24461859999669514
2022-10-20,0.24487522525649216
2022-10-21,0.24457136120240502
2022-10-24,0.25141147243801953
2022-10-25,0.2561179414207082
2022-10-26,0.2569996034953163
2022-10-27,0.26316781662987265
2022-10-28,0.2682345557116285
2022-10-31,0.28258273435842807
2022-11-01,0.27738212697506925
2022-11-02,0.27789549727165436
2022-11-03,0.27097836785504137
2022-11-04,0.26387172624954536
2022-11-07,0.2597284474023101
2022-11-08,0.24949097218382485
2022-11-09,0.24310606171619978
2022-11-10,0.24262187314848208
2022-11-11,0.24215506950841528
2022-11-14,0.24408584162989624
2022-11-15,0.24655908852038863
2022-11-16,0.24194023580569046
2022-11-17,0.23668433676279294
2022-11-18,0.23546238108061385
2022-11-21,0.2343320371262658
2022-11-22,0.2308591247169811
2022-11-23,0.23061054683877186
2022-11-24,0.22675506823887243
2022-11-25,0.2231236726657356
2022-11-28,0.2234951194497604
2022-11-29,0.22346963793659244
2022-11-30,0.22039954491644057
2022-12-01,0.22252464691277585
2022-12-02,0.22134553878574736
2022-12-05,0.22431672714578624
2022-12-06,0.22071487173903218
2022-12-07,0.21768352163590368
2022-12-08,0.2147061081276866
2022-12-09,0.21577938656101822
2022-12-12,0.21306646514617295
2022-12-13,0.2114231801688915
2022-12-14,0.20938642351020492
2022-12-15,0.20526114348621116
2022-12-16,0.2025073560230586
2022-12-19,0.20006092501545888
2022-12-20,0.19592329724575464
2022-12-21,0.19122263094331418
2022-12-22,0.19007731370960304
2022-12-23,0.18883680297435607
2022-12-26,0.1908141052010874
2022-12-27,0.19246108553664473
2022-12-28,0.18882065607769505
2022-12-29,0.18604917251906744
2022-12-30,0.1822659665231448
2023-01-03,0.18568131942559815
2023-01-04,0.18529569295200862
2023-01-05,0.18597926231216338
2023-01-06,0.18407217895767974
2023-01-09,0.18385927133270144
2023-01-10,0.1802281244440103
2023-01-11,0.1776610104856495
2023-01-12,0.1741953263723558
2023-01-13,0.1729913889913131
2023-01-16,0.17452124790215667
2023-01-17,0.17246958856698116
2023-01-18,0.16823361491373204
2023-01-19,0.16655996618089708
2023-01-20,0.16316318347322817
2023-01-30,0.16978306557373643
2023-01-31,0.17209598722343245
2023-02-01,0.17569098803006525
2023-02-02,0.17603188062368988
2023-02-03,0.1724641529032684
2023-02-06,0.1728099370791109
2023-02-07,0.1725815538734018
2023-02-08,0.17055740865143562
2023-02-09,0.16973810077486573
2023-02-10,0.16677491602857156
2023-02-13,0.1703341734261034
2023-02-14,0.16875033632869996
2023-02-15,0.16729724814631425
2023-02-16,0.16623807807891788
2023-02-17,0.16505712474806242
2023-02-20,0.16772202866679603
2023-02-21,0.16480562773288937
2023-02-22,0.16145303141475545
2023-02-23,0.1608052396542994
2023-02-24,0.15648047774618898
2023-02-27,0.15549567493569874
2023-02-28,0.15393373990403353
2023-03-01,0.15304385003305188
2023-03-02,0.15344147959486185
2023-03-03,0.15254609616860498
2023-03-06,0.15480791997194032
2023-03-07,0.1517169880227111
2023-03-08,0.1491377675239407
2023-03-09,0.15013502082953287
2023-03-10,0.1505691536056586
2023-03-13,0.15561789955579228
2023-03-14,0.1585789258293057
2023-03-15,0.1609621526896152
2023-03-16,0.16305884368647183
2023-03-17,0.16416787839770566
2023-03-20,0.16941772093840451
2023-03-21,0.168284680263097
2023-03-22,0.17014429617213678
2023-03-23,0.16889459560827078
2023-03-24,0.16910687295164645
2023-03-27,0.17299945558966875
2023-03-28,0.17494988014860757
2023-03-29,0.1732599864644645
2023-03-30,0.17243254896637822
2023-03-31,0.17133766003884313
2023-04-03,0.17440740086990983
2023-04-04,0.17592004356993174
2023-04-06,0.16988006867250452
2023-04-07,0.16894416968098014
2023-04-10,0.18627284753499623
2023-04-11,0.18241214928307806
2023-04-12,0.18295667307433397
2023-04-13,0.1809877498800878
2023-04-14,0.18160238680853097
2023-04-17,0.18160343442023646
2023-04-18,0.17890667032834326
2023-04-19,0.17654994090489345
2023-04-20,0.1812785786926083
2023-04-21,0.18253125784526175
2023-04-24,0.18911760815142636
2023-04-25,0.19709930087458097
2023-04-26,0.20382198324445833
2023-04-27,0.1982187556553017
2023-04-28,0.20210879790549
2023-05-04,0.20971018937874616
2023-05-05,0.20403542207411482
2023-05-08,0.21599072480130002
2023-05-09,0.21380285765771806
2023-05-10,0.20736110555870305
2023-05-11,0.20329731873414372
2023-05-12,0.19581999187516794
2023-05-15,0.19147546532412005
2023-05-16,0.18664341824226804
2023-05-17,0.1831095233804763
2023-05-18,0.17888751151694032
2023-05-19,0.17554346398236076
2023-05-22,0.17570978270657991
2023-05-23,0.17026800185730726
2023-05-24,0.1671372241513917
2023-05-25,0.1644353658186465
2023-05-26,0.16473049996108652
2023-05-29,0.1669658346619126
2023-05-30,0.16615010926826762
2023-05-31,0.17058244800003225
2023-06-01,0.17223670978796798
2023-06-02,0.17269794642150496
2023-06-05,0.1709105187109968
2023-06-06,0.1701626521279092
2023-06-07,0.1674176500711971
2023-06-08,0.1653779837221728
2023-06-09,0.16737866104893598
2023-06-12,0.17106273292673943
2023-06-13,0.1602888181868393
2023-06-14,0.15965024760354393
2023-06-15,0.15966867187118994
2023-06-16,0.15789892213111856
2023-06-19,0.15781788374748637
2023-06-20,0.15657775133237142
2023-06-21,0.15615870116779815
2023-06-26,0.15792508438427044
2023-06-27,0.1617477346521685
2023-06-28,0.15863357503546782
2023-06-29,0.15756644346622056
2023-06-30,0.15680608124045395
2023-07-03,0.15807100899444385
2023-07-04,0.15476437509260396
2023-07-05,0.15088723165498438
2023-07-06,0.1459296288362432
2023-07-07,0.14293353410538764
2023-07-10,0.14260404944765875
2023-07-11,0.14000114035391806
2023-07-12,0.13980976233739942
2023-07-13,0.1387974073481209
2023-07-14,0.13839308298136424
2023-07-17,0.14103839738459673
2023-07-18,0.1380448901037427
2023-07-19,0.13435716748728324
2023-07-20,0.13205017846387895
2023-07-21,0.1337418234452677
2023-07-24,0.13402668252827613
2023-07-25,0.13587501300184393
2023-07-26,0.1351284365165478
2023-07-27,0.13383202507208872
2023-07-28,0.1345694200929036
2023-07-31,0.13728776023175399
2023-08-01,0.14181574199334704
2023-08-02,0.13901059839017973
2023-08-03,0.13574622477952464
2023-08-04,0.13352221038552323
2023-08-07,0.1328154007972805
2023-08-08,0.13170090139258372
2023-08-09,0.12940049110394
2023-08-10,0.12742579612167684
2023-08-11,0.12514420266242193
2023-08-14,0.12530364849972625
2023-08-15,0.12451461353088691
2023-08-16,0.12320785278722679
2023-08-17,0.12269432900490206
2023-08-18,0.12533940836910665
2023-08-21,0.1336436787743135
2023-08-22,0.1355966357124017
2023-08-23,0.13812332681916473
2023-08-24,0.14226221591112806
2023-08-25,0.1445447581768639
2023-08-28,0.1506359866346315
2023-08-29,0.1559878839475648
2023-08-30,0.15604456656017313
2023-08-31,0.15393229070900735
2023-09-01,0.1534864327282686
2023-09-04,0.15704103764582258
2023-09-05,0.1516114893722894
2023-09-06,0.14894118955620822
2023-09-07,0.1437703264114283
2023-09-08,0.14147529414317964
2023-09-11,0.14036203800586533
2023-09-12,0.13575897562207362
2023-09-13,0.1305256461346709
2023-09-14,0.12730432729819632
2023-09-15,0.1263122722756353
2023-09-18,0.12713178276862055
2023-09-19,0.12453477898990668
2023-09-20,0.12229033619872876
2023-09-21,0.1179064129202652
2023-09-22,0.11833507565655706
2023-09-25,0.1278073793950666
2023-09-26,0.12694826180753555
2023-09-27,0.12190181310942329
2023-09-28,0.12271283455242593
2023-10-09,0.13919187743242542
2023-10-10,0.14046087878439692
2023-10-11,0.14034202188676012
2023-10-12,0.13986727689838593
2023-10-13,0.1403632910321186
2023-10-16,0.1442652147110835
2023-10-17,0.1434407251697598
2023-10-18,0.14152959874814178
2023-10-19,0.14078728387636102
2023-10-20,0.14217015267973857
2023-10-23,0.14674182570608474
2023-10-24,0.15141746287344998
2023-10-25,0.1563073630134091
2023-10-26,0.15823101888561616
2023-10-27,0.16819519234720473
2023-10-30,0.17985326243398844
2023-10-31,0.18607939744143404
2023-11-01,0.18009738360063537
2023-11-02,0.17314260440065143
2023-11-03,0.17094001546954088
2023-11-06,0.16988217329873945
2023-11-07,0.1656392008204745
2023-11-08,0.16184379000451107
2023-11-09,0.15799693433560388
2023-11-10,0.15387112401519287
2023-11-13,0.15128561188743445
2023-11-14,0.14736818103742932
2023-11-15,0.1449992981678337
2023-11-16,0.14281045468794046
2023-11-17,0.14053391190132325
2023-11-20,0.14161287301951447
2023-11-21,0.13981930052436328
2023-11-22,0.13948074764337504
2023-11-23,0.13814595139586128
2023-11-24,0.13730997129656553
2023-11-27,0.14034755794092102
2023-11-28,0.1384539190570391
2023-11-29,0.13765082030364836
2023-11-30,0.13637922075432102
2023-12-01,0.13656398439326636
2023-12-04,0.13777754844712992
2023-12-05,0.13529401701755023
2023-12-06,0.14069535273011682
2023-12-07,0.14161662231277938
2023-12-08,0.14599888794804233
2023-12-11,0.14715444179070117
2023-12-12,0.145579843279831
2023-12-13,0.1432517540565703
2023-12-14,0.14094322829559516
2023-12-15,0.13808991362589274
2023-12-18,0.1376949212466535
2023-12-19,0.1358633134617243
2023-12-20,0.1345857656808401
2023-12-21,0.13388227259470456
2023-12-22,0.13397265130906683
2023-12-25,0.13560489249302612
2023-12-26,0.13432797916365302
2023-12-27,0.13567155197587452
2023-12-28,0.13943827242243467
2023-12-29,0.14157194162466263
2024-01-02,0.142667325897082
2024-01-03,0.14063378096830964
2024-01-04,0.13718777427453707
2024-01-05,0.1363871771584147
2024-01-08,0.13512653390031595
2024-01-09,0.13495129167969194
2024-01-10,0.13467076526081934
2024-01-11,0.13559339268227968
2024-01-12,0.1339734154658629
2024-01-15,0.1335798892269861
2024-01-16,0.13080747957591576
2024-01-17,0.1290341457373736
2024-01-18,0.13220306315095456
2024-01-19,0.13484913118363817
2024-01-22,0.13963797086026764
2024-01-23,0.14603087550594293
2024-01-24,0.14911523737169854
2024-01-25,0.15594114491392944
2024-01-26,0.15692600109340016
2024-01-29,0.16197538821316004
2024-01-30,0.1598776736951405
2024-01-31,0.16538034077904243
2024-02-01,0.16640337217826012
2024-02-02,0.16868140867527887
2024-02-05,0.18266703672426068
2024-02-06,0.20080897863104313
2024-02-07,0.222501162676148
2024-02-08,0.23464541989234441
2024-02-19,0.23144065192250862
2024-02-20,0.22478971772687653
2024-02-21,0.21507599328729007
2024-02-22,0.20235681661398608
2024-02-23,0.19361720618249514
2024-02-26,0.1879944379361496
2024-02-27,0.18035047203373958
2024-02-28,0.1790513196843145
2024-02-29,0.17295707916765254
2024-03-01,0.17248743154492996
2024-03-04,0.19547555345824688
2024-03-05,0.1904378571916105
2024-03-06,0.18727874968514738
2024-03-07,0.18463486914489952
2024-03-08,0.18059432580386026
2024-03-11,0.18023223664028876
2024-03-12,0.17931665708812097
2024-03-13,0.1784203703234622
2024-03-14,0.1782284547746375
2024-03-15,0.17584354782999406
2024-03-18,0.17482029748442418
2024-03-19,0.17487381179477024
2024-03-20,0.17240503270532367
2024-03-21,0.1712818323730984
2024-03-22,0.1729365357522409
2024-03-25,0.17789727077030815
2024-03-26,0.18032238242044438
2024-03-27,0.18035929013273821
2024-03-28,0.17750154130455262
2024-03-29,0.17980087047175994
2024-04-01,0.18745680170631054
2024-04-02,0.18625005674594877
2024-04-03,0.1852269673194796
2024-04-08,0.18850116360377686
2024-04-09,0.19107372939385828
2024-04-10,0.1874197502007752
2024-04-11,0.18509776746695267
2024-04-12,0.18547763155602895
2024-04-15,0.1929484916559848
2024-04-16,0.19979973920382105
2024-04-17,0.2359250581639949
2024-04-18,0.2378567838088722
2024-04-19,0.24744533563112317
2024-04-22,0.24572895004335252
2024-04-23,0.24626581964194122
2024-04-24,0.24151066713242006
2024-04-25,0.23867753510459463
2024-04-26,0.24265365206747738
2024-04-29,0.24952943731555566
2024-04-30,0.2521765897324738
2024-05-06,0.2496605428845388
2024-05-07,0.2414214220752217
2024-05-08,0.23367310883137113
2024-05-09,0.2271079083344868
2024-05-10,0.22218673755793558
2024-05-13,0.2200180737808046
2024-05-14,0.21531702323905053
2024-05-15,0.2081054252546443
2024-05-16,0.20366005463033818
2024-05-17,0.20238923241157109
2024-05-20,0.20303858759605
2024-05-21,0.19723177168847264
2024-05-22,0.1964692224360963
2024-05-23,0.19192319917787537
2024-05-24,0.1897123505659429
2024-05-27,0.18977515347138516
2024-05-28,0.18734258338765242
2024-05-29,0.18423240205778108
2024-05-30,0.18503839590094256
2024-05-31,0.18389758390752825
2024-06-03,0.19059269169955648
2024-06-04,0.1963184012029308
2024-06-05,0.19343903551568079
2024-06-06,0.19538834391080606
2024-06-07,0.19584433868632173
2024-06-11,0.19515452711080855
2024-06-12,0.19139209263608561
2024-06-13,0.19182956253035846
2024-06-14,0.19374889299144848
2024-06-17,0.19157926165305672
2024-06-18,0.19078657102560553
2024-06-19,0.18995956032411399
2024-06-20,0.1947158537185372
2024-06-21,0.1931859232522133
2024-06-24,0.19250148551742505
2024-06-25,0.19263869174339834
2024-06-26,0.1897315358672397
2024-06-27,0.18532996235265145
2024-06-28,0.18432494024894572
2024-07-01,0.18669303543739335
2024-07-02,0.18683921154456326
2024-07-03,0.18751270797671532
2024-07-04,0.1816611222581982
2024-07-05,0.1769032551208903
2024-07-08,0.18264656637178933
2024-07-09,0.18540408302735126
2024-07-10,0.1909135568662536
2024-07-11,0.18985931450584892
2024-07-12,0.18749211936625346
2024-07-15,0.18625200896710634
2024-07-16,0.18370923390278618
2024-07-17,0.18040463535354792
2024-07-18,0.17794737441120695
2024-07-19,0.17700009473858308
2024-07-22,0.17493080064157948
2024-07-23,0.1743612209033138
2024-07-24,0.1748775974810151
2024-07-25,0.17219827527054166
2024-07-26,0.17091108215552164
2024-07-29,0.1714823938986714
2024-07-30,0.16961234164372324
2024-07-31,0.17127485202971962
2024-08-01,0.16941510905638887
2024-08-02,0.16640473017256957
2024-08-05,0.16780068006007462
2024-08-06,0.16492700158561627
2024-08-07,0.16765718634775387
2024-08-08,0.16783271938753935
2024-08-09,0.164247779888994
2024-08-12,0.16364657060963614
2024-08-13,0.16099316582084824
2024-08-14,0.15886070299987212
2024-08-15,0.15658961821989006
2024-08-16,0.16054958560568564
2024-08-19,0.1660942379465645
2024-08-20,0.16543205965310193
2024-08-21,0.1644299166359361
2024-08-22,0.16412252311904513
2024-08-23,0.16836501734366904
2024-08-26,0.1710106935457101
2024-08-27,0.17251798151737596
2024-08-28,0.17283526331439508
2024-08-29,0.17381535964187125
2024-08-30,0.17355950461402136
2024-09-02,0.1773062436929511
2024-09-03,0.17216139400184807
2024-09-04,0.16776605181559895
2024-09-05,0.1634420954674998
2024-09-06,0.15852369858274526
2024-09-09,0.15640931227191388
2024-09-10,0.15394122836594565
2024-09-11,0.1528408857097364
2024-09-12,0.15288555001294307
2024-09-13,0.1529229399098711
2024-09-18,0.159242906723863
2024-09-19,0.1572265777037182
2024-09-20,0.15545491078578177
2024-09-23,0.15518569714425157
2024-09-24,0.15758834947420838
2024-09-25,0.16623253666855267
2024-09-26,0.16717847158424012
2024-09-27,0.17111961003004886
2024-09-30,0.20384628142790165
2024-10-08,0.23390292672022214
2024-10-09,0.25550176933661656
2024-10-10,0.2551579834437263
2024-10-11,0.23674393578910005
2024-10-14,0.22737104150111787
2024-10-15,0.21975626360411868
2024-10-16,0.21293663899137472
2024-10-17,0.20467273902860578
2024-10-18,0.19868263599571384
2024-10-21,0.1997641881272058
2024-10-22,0.1998618781937276
2024-10-23,0.19681204880534933
2024-10-24,0.19330711371125706
2024-10-25,0.19400908233927872
2024-10-28,0.1991110256958718
2024-10-29,0.19848217432795232
2024-10-30,0.1983343078622802
2024-10-31,0.19910027057152727
2024-11-01,0.206858990694246
2024-11-04,0.20483910030044308
2024-11-05,0.19833992310337373
2024-11-06,0.19679552737789888
2024-11-07,0.19517601182691444
2024-11-08,0.19446966040900757
2024-11-11,0.20706007921547276
2024-11-12,0.2033853586940746
2024-11-13,0.19838681087492524
2024-11-14,0.19319139878573777
2024-11-15,0.190488998544576
2024-11-18,0.19252904386590602
2024-11-19,0.18680977345091837
2024-11-20,0.1838484400762922
2024-11-21,0.17985514694436713
2024-11-22,0.17776662985177225
2024-11-25,0.1775051817984631
2024-11-26,0.17681574411290019
2024-11-27,0.17351970368549466
2024-11-28,0.17016201245841406
2024-11-29,0.1674612838995611
2024-12-02,0.16799645544874203
2024-12-03,0.16575126153835618
2024-12-04,0.1641228744709222
2024-12-05,0.1617214623542638
2024-12-06,0.16107854278404027
2024-12-09,0.1606458955449018
2024-12-10,0.15778724237105177
2024-12-11,0.15772887721022996
2024-12-12,0.1575789972498897
2024-12-13,0.15706805127194387
2024-12-16,0.1598451612451743
2024-12-17,0.16028793058810864
2024-12-18,0.15739087107967997
2024-12-19,0.15479507204116727
2024-12-20,0.15471157171222907
2024-12-23,0.15546259318262473
2024-12-24,0.15214651885182962
2024-12-25,0.1495338618073983
2024-12-26,0.14945666431515073
2024-12-27,0.14665825507125083
2024-12-30,0.14500297155950143
2024-12-31,0.1428409330894926
2025-01-02,0.1424942010859112
2025-01-03,0.14446884752114988
2025-01-06,0.1451960658119617
2025-01-07,0.14202858932944643
2025-01-08,0.13977078323843484
2025-01-09,0.13668750071768573
2025-01-10,0.13674478946335794
2025-01-13,0.13582794338296106
2025-01-14,0.1308722302927952
2025-01-15,0.13090642486123027
2025-01-16,0.1283681996467436
2025-01-17,0.1297635077137075
2025-01-20,0.13095145473136188
2025-01-21,0.1336182162768208
2025-01-22,0.13220243577163976
2025-01-23,0.12963436841515297
2025-01-24,0.12942116465705852
2025-01-27,0.13040826713246007
2025-02-05,0.135320545650711
2025-02-06,0.13297730538488875
2025-02-07,0.13068707784612807
2025-02-10,0.13086858128700635
2025-02-11,0.1309563973148923
2025-02-12,0.1280247490917595
2025-02-13,0.12664716011627505
2025-02-14,0.12800377067066737
2025-02-17,0.13090836287321006
2025-02-18,0.13382325533127631
2025-02-19,0.1328129153877862
2025-02-20,0.13321925776501298
2025-02-21,0.1342091655880337
2025-02-24,0.15262896772271234
2025-02-25,0.15147313956886607
2025-02-26,0.15024102055464555
2025-02-27,0.15180919713336669
2025-02-28,0.15194549341956115
2025-03-03,0.15268314078385675
2025-03-04,0.14977361080663693
2025-03-05,0.14682107178808435
2025-03-06,0.14496997014270274
2025-03-07,0.1447335283112322
2025-03-10,0.14397946477223325
2025-03-11,0.14104292488490244
2025-03-12,0.14016731607945157
2025-03-13,0.14258079855587352
2025-03-14,0.14156252430840296
2025-03-17,0.14094759879474564
2025-03-18,0.1393544038313427
2025-03-19,0.14086850103468582
2025-03-20,0.13948858364273858
2025-03-21,0.14261862506718637
2025-03-24,0.1472216450089225
2025-03-25,0.14751789614919206
2025-03-26,0.14516913509663862
2025-03-27,0.14409757549131053
2025-03-28,0.14391959576794905
2025-03-31,0.1453456741461348
2025-04-01,0.14454039540963187
2025-04-02,0.14042899076482246
2025-04-03,0.1417722967719452
2025-04-07,0.18181506992349378
2025-04-08,0.1977426405694348
2025-04-09,0.21612412566470218
2025-04-10,0.2070198497393438
2025-04-11,0.19990328672162083
2025-04-14,0.19172196296042762
2025-04-15,0.18374904599786196
2025-04-16,0.17578905310369491
2025-04-17,0.1702332173696551
2025-04-18,0.16852799211585404
2025-04-21,0.17064898935558875
2025-04-22,0.16807295147829723
2025-04-23,0.16877632688509783
2025-04-24,0.16628454079373509
2025-04-25,0.16714243048750163
2025-04-28,0.17086213772701195
2025-04-29,0.16995903163567352
2025-04-30,0.1707414190446963
2025-05-06,0.16593354896653836
2025-05-07,0.16080024847344662
2025-05-08,0.15659497713159914
2025-05-09,0.15224260608407159
2025-05-12,0.14854816943812982
2025-05-13,0.14426293083138483
2025-05-14,0.14053518067577098
2025-05-15,0.13708159328658792
2025-05-16,0.13640963548271717
2025-05-19,0.13682865562735133
2025-05-20,0.13594727741993481
2025-05-21,0.1354226649673369
2025-05-22,0.134084436905483
2025-05-23,0.1322830940251708
2025-05-26,0.13190260055156322
2025-05-27,0.13045570088132838
2025-05-28,0.13033478329271425
2025-05-29,0.13137736691350085
2025-05-30,0.13197549577655543
2025-06-03,0.13318730607596901
2025-06-04,0.13229584768049346
2025-06-05,0.13191080529504354
2025-06-06,0.1300593209645711
2025-06-09,0.12901341605659122
2025-06-10,0.1283549087043334
2025-06-11,0.12721088858969515
2025-06-12,0.1270992065836025
2025-06-13,0.13085673330385475
2025-06-16,0.12969344730911572
2025-06-17,0.12873728597555245
2025-06-18,0.12657684446042808
2025-06-19,0.12608017904525223
2025-06-20,0.12575137253540677
2025-06-23,0.12451375947447348
2025-06-24,0.12540115389396722
2025-06-25,0.12259357746613674
2025-06-26,0.12212759783868737
2025-06-27,0.12079047462406654
2025-06-30,0.12145934923232751
2025-07-01,0.12312315889261799
2025-07-02,0.12282506966546192
2025-07-03,0.1222065787850948
2025-07-04,0.1201207928525654
2025-07-07,0.12228353974063481
2025-07-08,0.12256372457900733
2025-07-09,0.12089247367040726
2025-07-10,0.12102270594272851
2025-07-11,0.12076926683781389
2025-07-14,0.12159530792732251
2025-07-15,0.12441220096668731
2025-07-16,0.12280376397252526
2025-07-17,0.12153196815042884
2025-07-18,0.12049282735879412
2025-07-21,0.1255101721089637
2025-07-22,0.12751919102597725
2025-07-23,0.13443190170909652
2025-07-24,0.1356601948298169
2025-07-25,0.13649709844139957
2025-07-28,0.1409789409040366
2025-07-29,0.1398503810460455
2025-07-30,0.14584375842238567
2025-07-31,0.14498039134881593
2025-08-01,0.1433927665892211
2025-08-04,0.14176845942593022
2025-08-05,0.13911167220424736
2025-08-06,0.13803354528237088
2025-08-07,0.1373262145504226
2025-08-08,0.13768517092911858
2025-08-11,0.1382089024297345
2025-08-12,0.1368375244357597
2025-08-13,0.13661518968104785
2025-08-14,0.13616925783503808
2025-08-15,0.139608845026221
2025-08-18,0.14877202930914218
2025-08-19,0.15072933407324648
2025-08-20,0.1502151382443927
2025-08-21,0.1481251483177722
2025-08-22,0.14642230454518296
2025-08-25,0.14983802838111088
2025-08-26,0.15110514723348656
2025-08-27,0.152740603074362
2025-08-28,0.1557937956173188
2025-08-29,0.16035066279433635
2025-09-01,0.1645962174283043
2025-09-02,0.1650831416686365
2025-09-03,0.16220366138291767
2025-09-04,0.16022960580432433
2025-09-05,0.1573559738178789
2025-09-08,0.15889491758653512
2025-09-09,0.15537358776274995
2025-09-10,0.1505159579466087
2025-09-11,0.14667344784841707
2025-09-12,0.14517652639611955
2025-09-15,0.14447701437650223
2025-09-16,0.1424884468262317
2025-09-17,0.14318300743817927
2025-09-18,0.14418070642681996
2025-09-19,0.15073028531338267
2025-09-22,0.1552942938786649
2025-09-23,0.15460834920140637
2025-09-24,0.1534423262400932
2025-09-25,0.15092475528072316
2025-09-26,0.15250429754216646
2025-09-29,0.1526156291250745
2025-09-30,0.1506602630947148
2025-10-09,0.15667271730657553
2025-10-10,0.15710011376959637
2025-10-13,0.15750320433091347
2025-10-14,0.1559666806268428
2025-10-15,0.1550828356162953
2025-10-16,0.15204006537452533
2025-10-17,0.14915075706322625
2025-10-20,0.14672491163229692
2025-10-21,0.14413995085514406
2025-10-22,0.14207047269308065
2025-10-23,0.14423438344553288
2025-10-24,0.14499644565498884
2025-10-27,0.15488044055315603
2025-10-28,0.1552787150071963
2025-10-29,0.15847164757169754
2025-10-30,0.16149985909641107
2025-10-31,0.1648699732592659
2025-11-03,0.16440880799267965
2025-11-04,0.16029816622633122
2025-11-05,0.15595466211271944
2025-11-06,0.15473483619262618
2025-11-07,0.1542152540130388
2025-11-10,0.15588602096425436
2025-11-11,0.15368647329696394
2025-11-12,0.15324244147178037
2025-11-13,0.15310927994917387
2025-11-14,0.1550778149789847
2025-11-17,0.1570174544339589
2025-11-18,0.15620282603970445
2025-11-19,0.15848975629666312
2025-11-20,0.15655153570426356
2025-11-21,0.1589609963499082
2025-11-24,0.17652303659950938
2025-11-25,0.17830641681627438
2025-11-26,0.17780222610975596
2025-11-27,0.17463111782911864
2025-11-28,0.1716490072937497
2025-12-01,0.1846657139392045
2025-12-02,0.18068291124650035
2025-12-03,0.1794280819807998
2025-12-04,0.17733053958139988
2025-12-05,0.17571084817005764
2025-12-08,0.1760828932888954
2025-12-09,0.17687026071229717
2025-12-10,0.17715271373146005
2025-12-11,0.17709807057383067
2025-12-12,0.1852803989095498
2025-12-15,0.18667021674428746
2025-12-16,0.18573941898023183
2025-12-17,0.18349841858890514
2025-12-18,0.1823499688520827
2025-12-19,0.1791920668550435
2025-12-22,0.1790309724742538
2025-12-23,0.17691362368108093
2025-12-24,0.17423511655452684
2025-12-25,0.17340848621268867
2025-12-26,0.17200711578465258
2025-12-29,0.17479158431461508
2025-12-30,0.17439528067682458
2025-12-31,0.17520136896382296
2026-01-05,0.18441304519908366
2026-01-06,0.19266396918804884
2026-01-07,0.1940226724105182
2026-01-08,0.19354006678009725
2026-01-09,0.19384600658709325
2026-01-12,0.20064646681685366
2026-01-13,0.203575962891992
2026-01-14,0.20348308200055937
2026-01-15,0.20273644159440896
2026-01-16,0.20355772987064574
2026-01-19,0.20326183253131094
2026-01-20,0.19981424776923867
2026-01-21,0.20276248308647893
2026-01-22,0.19866113930706386
2026-01-23,0.19751339008276514
2026-01-26,0.20697180978376506
2026-01-27,0.20305054348558096
2026-01-28,0.20643400534345976
2026-01-29,0.20848671473404826
2026-01-30,0.23004948993377491
2026-02-02,0.24686035533572728
2026-02-03,0.2385760584566202
2026-02-04,0.23282215048713686
2026-02-05,0.2258275146394486
2026-02-06,0.21791504296246905
2026-02-09,0.2137334168086238
2026-02-10,0.2097920467316722
2026-02-11,0.2038298552745684
2026-02-12,0.20057814131641025
2026-02-13,0.194925188161771
2026-02-24,0.20069877568024624
2026-02-25,0.19841386283715437
2026-02-26,0.21746015791940215
2026-02-27,0.21703295656411895
2026-03-02,0.23139041379804573
2026-03-03,0.23834839758342552
2026-03-04,0.23609765795583623
2026-03-05,0.23411528656046782
2026-03-06,0.23158867650195172
2026-03-09,0.22999045198983076
2026-03-10,0.21887033560407396
2026-03-11,0.2145315504486176
2026-03-12,0.21419424563655495
2026-03-13,0.21514481675895433
2026-03-16,0.2254227803692947
2026-03-17,0.21574268150268058
2026-03-18,0.21399724908923135
2026-03-19,0.2095028428000701
2026-03-20,0.21016950259447512
2026-03-23,0.21690960189836483
2026-03-24,0.2138163369517328
2026-03-25,0.20984697233320704
2026-03-26,0.2080585562454321
2026-03-27,0.20583125394775786
2026-03-30,0.20689239354102484
2026-03-31,0.20710807080534305
2026-04-01,0.20624063252237712
2026-04-02,0.20271981189959176
2026-04-03,0.2065826340949243
2026-04-07,0.21004581323163832
2026-04-08,0.20843359163809472
2026-04-09,0.20807243103249157
2026-04-10,0.20495875571424374
