order_book_id,date,report_year,report_period,info_classification,institute,info_summary,report_date,title,author,est_profit,report_date_last,title_last,est_profit_last,info_date,report_type,forecast_profit_max,forecast_profit_min,profit,profit_q,forecast_profit_growth_limit,profit_growth,forcast_profit_growth_limit_q,profit_growth_q,fin_report_date_last,fin_report_type_last,forecast_profit_max_last,forecast_profit_min_last,profit_last,con_calc_date,con_profit,con_calc_date_last,con_profit_last,con_profit_q_last,con_profit_gr_last,con_profit_gr_q_last,expect_rate,rice_create_tm,create_tm
002028.XSHE,2011-02-26,2010,q4,1403,,2011-02-26发布的业绩快报超出机构的一致预期,,,,,,,,2011-02-26,current_performance,,,570847054.0000,,,,,,,,,,,,,2011-02-25,451563138.4615,,,,0.2642,2021-04-12 11:01:47,2021-04-12 11:01:47
002028.XSHE,2011-02-26,2010,q4,1502,,2011-02-26发布的业绩快报同比增速超出一致预期2010同比增速,,,,,,,,2011-02-26,current_performance,,,570847054.0000,,,-0.3992,,,,,,,,,,2011-02-25,451563138.4615,,-0.5248,,0.1255,2021-04-12 11:01:47,2021-04-12 11:01:47
002028.XSHE,2011-02-26,2010,q4,1504,,2011-02-26发布的业绩快报同比增速超出2010一致预期同比增速,,,,,,,,2011-02-26,current_performance,,,,570847054.0000,,,,-0.6447,,,,,,,,2011-02-25,,94960395.2414,,-0.8425,0.1978,2021-04-12 11:01:47,2021-04-12 11:01:47
002028.XSHE,2012-10-25,2012,q3,1405,,2012-10-25发布的财报中，3季度净利润增速超出机构的一致预期,,,,,,,,2012-10-25,financial_reports,,,,70787361.3700,,,,1.3858,,,,,,,,2012-10-24,,49388800.3697,,,0.4333,2021-04-12 11:01:47,2021-04-12 11:01:47
002028.XSHE,2012-10-25,2012,q3,1501,,2012-10-25发布的财报净利润同比增速超出一致预期2012同比增速,,,,,,,,2012-10-25,financial_reports,,,144148811.1200,,,0.5358,,,,,,,,,,2012-10-24,222553350.0000,,0.4469,,0.0889,2021-04-12 11:01:47,2021-04-12 11:01:47
002028.XSHE,2012-10-25,2012,q3,1503,,2012-10-25发布的财报净利润同比增速超出2012一致预期同比增速,,,,,,,,2012-10-25,financial_reports,,,,70787361.3700,,,,1.3858,,,,,,,,2012-10-24,,49388800.3697,,0.6646,0.7212,2021-04-12 11:01:47,2021-04-12 11:01:47
002028.XSHE,2012-10-25,2012,q4,1101,东方证券,"东方证券2012-10-25发布的报告上调了该股盈利预测,分析师：曾朵红",2012-10-25,思源电气：三季报超预期 开始兑现高增长,曾朵红,240000000.0000,2012-08-20,思源电气：领先指标良好 拐点趋势进一步确立,215000000.0000,,,,,,,,,,,,,,,,,,,,,,,0.1163,2021-04-12 11:01:47,2021-04-12 11:01:47
002028.XSHE,2012-10-25,2012,q4,1301,东方证券,东方证券2012-10-25发布的报告研报标题中含有超预期信息,2012-10-25,思源电气：三季报超预期 开始兑现高增长,曾朵红,240000000.0000,,,,,,,,,,,,,,,,,,,,,,,,,,,2021-04-12 11:01:47,2021-04-12 11:01:47
002028.XSHE,2013-01-22,2012,q4,1403,,2013-01-22发布的业绩快报超出机构的一致预期,,,,,,,,2013-01-22,current_performance,,,245345143.0000,,,,,,,,,,,,,2013-01-21,231609218.1818,,,,0.0593,2021-04-12 11:01:47,2021-04-12 11:01:47
002028.XSHE,2013-01-22,2012,q4,1502,,2013-01-22发布的业绩快报同比增速超出一致预期2012同比增速,,,,,,,,2013-01-22,current_performance,,,245345143.0000,,,0.5951,,,,,,,,,,2013-01-21,231609218.1818,,0.5057,,0.0893,2021-04-12 11:01:47,2021-04-12 11:01:47
002028.XSHE,2013-01-22,2012,q4,1504,,2013-01-22发布的业绩快报同比增速超出2012一致预期同比增速,,,,,,,,2013-01-22,current_performance,,,,245345143.0000,,,,0.6878,,,,,,,,2013-01-21,,87458326.0821,,0.4587,0.2291,2021-04-12 11:01:47,2021-04-12 11:01:47
002028.XSHE,2013-03-23,2012,q4,1405,,2013-03-23发布的财报中，4季度净利润增速超出机构的一致预期,,,,,,,,2013-03-23,financial_reports,,,,104147892.5200,,,,0.7371,,,,,,,,2013-03-22,,101194325.6059,,,0.0292,2021-04-12 11:01:47,2021-04-12 11:01:47
002028.XSHE,2013-03-23,2012,q4,1503,,2013-03-23发布的财报净利润同比增速超出2012一致预期同比增速,,,,,,,,2013-03-23,financial_reports,,,,104147892.5200,,,,0.7371,,,,,,,,2013-03-22,,101194325.6059,,0.6878,0.0493,2021-04-12 11:01:47,2021-04-12 11:01:47
002028.XSHE,2013-04-13,2013,q1,1201,,近5个交易日内，该股一致预期净利润被大幅调高,,,,,,,,,,,,,,,,,,,,,,,2013-04-19,370000000.0000,2013-04-12,322409771.4286,,,,0.1476,2021-04-12 11:01:47,2021-04-12 11:01:47
002028.XSHE,2013-04-13,2013,q1,1502,,2013-04-13发布的业绩预告同比增速超出一致预期2013同比增速,,,,,,,,2013-04-13,performance_forecast,30000000.0000,20000000.0000,,,3.6651,,,,,,,,,,,2013-04-12,322409771.4286,,0.2985,,3.3666,2021-04-12 11:01:47,2021-04-12 11:01:47
002028.XSHE,2013-04-13,2013,q1,1504,,2013-04-13发布的业绩预告同比增速超出2013一致预期同比增速,,,,,,,,2013-04-13,performance_forecast,30000000.0000,20000000.0000,,,,,3.6651,,,,,,,,,2013-04-12,,5566897.6594,,0.2985,3.3666,2021-04-12 11:01:47,2021-04-12 11:01:47
002028.XSHE,2013-04-15,2013,q4,1101,东方证券,"东方证券2013-04-15发布的报告上调了该股盈利预测,分析师：曾朵红",2013-04-15,思源电气：一季报业绩大幅预增 超预期的起点,曾朵红,370000000.0000,2012-10-25,思源电气：三季报超预期 开始兑现高增长,347000000.0000,,,,,,,,,,,,,,,,,,,,,,,0.0663,2021-04-12 11:01:47,2021-04-12 11:01:47
002028.XSHE,2013-04-15,2013,q4,1301,东方证券,东方证券2013-04-15发布的报告研报标题中含有超预期信息,2013-04-15,思源电气：一季报业绩大幅预增 超预期的起点,曾朵红,370000000.0000,,,,,,,,,,,,,,,,,,,,,,,,,,,2021-04-12 11:01:47,2021-04-12 11:01:47
002028.XSHE,2013-04-15,2013,q4,1302,东方证券,东方证券2013-04-15发布的报告研报摘要中含有超预期信息,2013-04-15,思源电气：一季报业绩大幅预增 超预期的起点,曾朵红,370000000.0000,,,,,,,,,,,,,,,,,,,,,,,,,,,2021-04-12 11:01:47,2021-04-12 11:01:47
002028.XSHE,2013-04-27,2013,q1,1405,,2013-04-27发布的财报中，1季度净利润增速超出机构的一致预期,,,,,,,,2013-04-27,financial_reports,,,,24881264.3200,,,,4.8036,,,,,,,,2013-04-26,,5646639.1276,,,3.4064,2021-04-12 11:01:47,2021-04-12 11:01:47
002028.XSHE,2013-04-27,2013,q1,1501,,2013-04-27发布的财报净利润同比增速超出一致预期2013同比增速,,,,,,,,2013-04-27,financial_reports,,,24881264.3200,,,4.8036,,,,,,,,,,2013-04-26,327030252.6316,,0.3171,,4.4866,2021-04-12 11:01:47,2021-04-12 11:01:47
002028.XSHE,2013-04-27,2013,q1,1503,,2013-04-27发布的财报净利润同比增速超出2013一致预期同比增速,,,,,,,,2013-04-27,financial_reports,,,,24881264.3200,,,,4.8036,,,,,,,,2013-04-26,,5646639.1276,,0.3171,4.4865,2021-04-12 11:01:47,2021-04-12 11:01:47
002028.XSHE,2013-04-27,2013,q2,1502,,2013-04-27发布的业绩预告同比增速超出一致预期2013同比增速,,,,,,,,2013-04-27,performance_forecast,120000000.0000,100000000.0000,,,0.3631,,,,,,,,,,,2013-04-26,327030252.6316,,0.3171,,0.0460,2021-04-12 11:01:47,2021-04-12 11:01:47
002028.XSHE,2013-06-07,2013,q4,1101,华泰证券,"华泰证券2013-06-07发布的报告上调了该股盈利预测,分析师：许方宏,江艳",2013-06-07,电力设备与新能源行业月报（2013年5月）：能源局简政放权 国网管理层过渡平稳,"许方宏,江艳",378124800.0000,2013-05-29,思源电气：看好新业务发展前景 上调盈利预期,377000000.0000,,,,,,,,,,,,,,,,,,,,,,,0.0030,2021-04-12 11:01:47,2021-04-12 11:01:47
002028.XSHE,2013-06-24,2013,q4,1302,中信建投,中信建投2013-06-24发布的报告研报摘要中含有超预期信息,2013-06-24,电力设备与新能源行业：价格承诺和出口配额或将成为中欧光伏争端解决之道,徐超,369331200.0000,,,,,,,,,,,,,,,,,,,,,,,,,,,2021-04-12 11:01:47,2021-04-12 11:01:47
002028.XSHE,2013-06-30,2013,q4,1302,中泰证券,中泰证券2013-06-30发布的报告研报摘要中含有超预期信息,2013-06-30,电气设备行业2013年中期投资策略报告：行业弱势复苏 智能电网、特高压、节能环保亮点突出,"刘江啸,刘统",334156800.0000,,,,,,,,,,,,,,,,,,,,,,,,,,,2021-04-12 11:01:47,2021-04-12 11:01:47
002028.XSHE,2013-07-20,2013,q2,1502,,2013-07-20发布的业绩快报同比增速超出一致预期2013同比增速,,,,,,,,2013-07-20,current_performance,,,106694065.0000,,,0.4544,,,,,,,,,,2013-07-19,347786937.5000,,0.4007,,0.0537,2021-04-12 11:01:47,2021-04-12 11:01:47
002028.XSHE,2013-08-05,2013,q4,1101,中泰证券,"中泰证券2013-08-05发布的报告上调了该股盈利预测,分析师：刘江啸,刘统",2013-08-05,电气设备行业周报（0729-0802）：国务院部署加强配网智能化和城轨建设,"刘江啸,刘统",334156800.0000,2013-07-22,思源电气：受制于行业因素 订单增速低于预期,333000000.0000,,,,,,,,,,,,,,,,,,,,,,,0.0035,2021-04-12 11:01:47,2021-04-12 11:01:47
002028.XSHE,2013-08-10,2013,q2,1501,,2013-08-10发布的财报净利润同比增速超出一致预期2013同比增速,,,,,,,,2013-08-10,financial_reports,,,106694064.6300,,,0.4544,,,,,,,,,,2013-08-09,349169185.7143,,0.4063,,0.0481,2021-04-12 11:01:47,2021-04-12 11:01:47
002028.XSHE,2013-08-12,2013,q4,1101,海通证券,"海通证券2013-08-12发布的报告上调了该股盈利预测,分析师：牛品,房青",2013-08-12,思源电气：新产品放量 净利润快速增长,"牛品,房青",327689400.0000,2013-05-02,思源电气：优秀的企业 优秀的业绩,305412700.0000,,,,,,,,,,,,,,,,,,,,,,,0.0729,2021-04-12 11:01:47,2021-04-12 11:01:47
002028.XSHE,2013-08-12,2013,q4,1302,华泰证券,华泰证券2013-08-12发布的报告研报摘要中含有超预期信息,2013-08-12,思源电气：期待订单重拾增速,"许方宏,郑丹丹",334000000.0000,,,,,,,,,,,,,,,,,,,,,,,,,,,2021-04-12 11:01:47,2021-04-12 11:01:47
002028.XSHE,2013-08-25,2013,q4,1101,中泰证券,"中泰证券2013-08-25发布的报告上调了该股盈利预测,分析师：刘江啸,刘统",2013-08-25,电气设备行业周报：国网计划6200亿元建设特高压智能电网,"刘江啸,刘统",333277440.0000,2013-08-11,思源电气：订单增速放缓 看好公司发展前景,333000000.0000,,,,,,,,,,,,,,,,,,,,,,,0.0008,2021-04-12 11:01:47,2021-04-12 11:01:47
002028.XSHE,2013-10-27,2013,q4,1302,安信证券,安信证券2013-10-27发布的报告研报摘要中含有超预期信息,2013-10-27,思源电气：业绩达预期 订单放缓 毛利率提升,"邢达,黄守宏",361200000.0000,,,,,,,,,,,,,,,,,,,,,,,,,,,2021-04-12 11:01:47,2021-04-12 11:01:47
002028.XSHE,2013-10-28,2013,q4,1101,华泰证券,"华泰证券2013-10-28发布的报告上调了该股盈利预测,分析师：郑丹丹,许方宏",2013-10-28,思源电气：看好供应链优化与新业务拓展预期,"郑丹丹,许方宏",337000000.0000,2013-08-12,思源电气：期待订单重拾增速,334000000.0000,,,,,,,,,,,,,,,,,,,,,,,0.0090,2021-04-12 11:01:47,2021-04-12 11:01:47
002028.XSHE,2013-10-28,2013,q4,1101,海通证券,"海通证券2013-10-28发布的报告上调了该股盈利预测,分析师：牛品,房青",2013-10-28,思源电气：环比趋势已然回升,"牛品,房青",334536800.0000,2013-08-12,思源电气：新产品放量 净利润快速增长,327689400.0000,,,,,,,,,,,,,,,,,,,,,,,0.0209,2021-04-12 11:01:47,2021-04-12 11:01:47
002028.XSHE,2014-01-13,2013,q4,1302,国泰君安,国泰君安2014-01-13发布的报告研报摘要中含有超预期信息,2014-01-13,思源电气：国网集采持续突破 海外发展值得期待,"刘骁,谷琦彬,刘俊廷",351000000.0000,,,,,,,,,,,,,,,,,,,,,,,,,,,2021-04-12 11:01:47,2021-04-12 11:01:47
002028.XSHE,2014-01-18,2013,q4,1403,,2014-01-18发布的业绩快报超出机构的一致预期,,,,,,,,2014-01-18,current_performance,,,353861927.0000,,,,,,,,,,,,,2014-01-17,340348800.0000,,,,0.0397,2021-04-12 11:01:47,2021-04-12 11:01:47
002028.XSHE,2014-01-18,2013,q4,1502,,2014-01-18发布的业绩快报同比增速超出一致预期2013同比增速,,,,,,,,2014-01-18,current_performance,,,353861927.0000,,,0.4252,,,,,,,,,,2014-01-17,340348800.0000,,0.3707,,0.0544,2021-04-12 11:01:47,2021-04-12 11:01:47
002028.XSHE,2014-01-18,2013,q4,1504,,2014-01-18发布的业绩快报同比增速超出2013一致预期同比增速,,,,,,,,2014-01-18,current_performance,,,,353861927.0000,,,,0.4897,,,,,,,,2014-01-17,,141630719.0379,,0.3599,0.1298,2021-04-12 11:01:47,2021-04-12 11:01:47
002028.XSHE,2014-01-19,2013,q4,1301,安信证券,安信证券2014-01-19发布的报告研报标题中含有超预期信息,2014-01-19,思源电气：订单增速超预期 净利率提升超预期,"黄守宏,邢达",353600000.0000,,,,,,,,,,,,,,,,,,,,,,,,,,,2021-04-12 11:01:47,2021-04-12 11:01:47
002028.XSHE,2014-01-19,2013,q4,1302,安信证券,安信证券2014-01-19发布的报告研报摘要中含有超预期信息,2014-01-19,思源电气：订单增速超预期 净利率提升超预期,"黄守宏,邢达",353600000.0000,,,,,,,,,,,,,,,,,,,,,,,,,,,2021-04-12 11:01:47,2021-04-12 11:01:47
002028.XSHE,2014-01-20,2013,q4,1101,华泰证券,"华泰证券2014-01-20发布的报告上调了该股盈利预测,分析师：郑丹丹,许方宏",2014-01-20,思源电气：订单超预期 支撑业绩持续成长,"郑丹丹,许方宏",354000000.0000,2013-10-28,思源电气：看好供应链优化与新业务拓展预期,337000000.0000,,,,,,,,,,,,,,,,,,,,,,,0.0504,2021-04-12 11:01:47,2021-04-12 11:01:47
002028.XSHE,2014-01-20,2013,q4,1101,群益证券,"群益证券2014-01-20发布的报告上调了该股盈利预测,分析师：赖燊生",2014-01-20,思源电气：订单同比增30% 14年高增长值得期待,赖燊生,354000000.0000,2013-10-28,思源电气：净利润大幅增长 关注新产品订单,327000000.0000,,,,,,,,,,,,,,,,,,,,,,,0.0826,2021-04-12 11:01:47,2021-04-12 11:01:47
002028.XSHE,2014-01-20,2013,q4,1301,民生证券,民生证券2014-01-20发布的报告研报标题中含有超预期信息,2014-01-20,思源电气：业绩保持高增长 新增订单超预期,陈龙,354000000.0000,,,,,,,,,,,,,,,,,,,,,,,,,,,2021-04-12 11:01:47,2021-04-12 11:01:47
002028.XSHE,2014-01-20,2013,q4,1301,华泰证券,华泰证券2014-01-20发布的报告研报标题中含有超预期信息,2014-01-20,思源电气：订单超预期 支撑业绩持续成长,"郑丹丹,许方宏",354000000.0000,,,,,,,,,,,,,,,,,,,,,,,,,,,2021-04-12 11:01:47,2021-04-12 11:01:47
002028.XSHE,2014-01-20,2013,q4,1301,东方证券,东方证券2014-01-20发布的报告研报标题中含有超预期信息,2014-01-20,思源电气：订单超市场预期 拐点进入上升阶段,曾朵红,350000000.0000,,,,,,,,,,,,,,,,,,,,,,,,,,,2021-10-29 13:57:22,2021-10-29 13:57:22
002028.XSHE,2014-01-20,2013,q4,1302,华泰证券,华泰证券2014-01-20发布的报告研报摘要中含有超预期信息,2014-01-20,思源电气：订单超预期 支撑业绩持续成长,"郑丹丹,许方宏",354000000.0000,,,,,,,,,,,,,,,,,,,,,,,,,,,2021-04-12 11:01:47,2021-04-12 11:01:47
002028.XSHE,2014-01-20,2013,q4,1302,群益证券,群益证券2014-01-20发布的报告研报摘要中含有超预期信息,2014-01-20,思源电气：订单同比增30% 14年高增长值得期待,赖燊生,354000000.0000,,,,,,,,,,,,,,,,,,,,,,,,,,,2021-04-12 11:01:47,2021-04-12 11:01:47
002028.XSHE,2014-02-13,2013,q4,1302,群益证券,群益证券2014-02-13发布的报告研报摘要中含有超预期信息,2014-02-13,思源电气：聚焦主业 未来订单有望持续较快增长,赖燊生,354000000.0000,,,,,,,,,,,,,,,,,,,,,,,,,,,2021-04-12 11:01:47,2021-04-12 11:01:47
002028.XSHE,2014-03-05,2013,q4,1302,安信证券,安信证券2014-03-05发布的报告研报摘要中含有超预期信息,2014-03-05,思源电气：组合电器站稳市场、2014年业绩高增长,"邢达,黄守宏",353600000.0000,,,,,,,,,,,,,,,,,,,,,,,,,,,2021-04-12 11:01:47,2021-04-12 11:01:47
002028.XSHE,2014-03-24,2014,q4,1101,海通证券,"海通证券2014-03-24发布的报告上调了该股盈利预测,分析师：牛品,房青",2014-03-24,思源电气：新产品不断投放 业绩稳定增长,"牛品,房青",429968700.0000,2013-10-28,思源电气：环比趋势已然回升,429318100.0000,,,,,,,,,,,,,,,,,,,,,,,0.0015,2021-04-12 11:01:47,2021-04-12 11:01:47
002028.XSHE,2014-03-24,2014,q4,1101,中泰证券,"中泰证券2014-03-24发布的报告上调了该股盈利预测,分析师：刘统,刘江啸",2014-03-24,思源电气：交货周期延缓业绩确认,"刘统,刘江啸",431000000.0000,2013-10-27,思源电气：收入增速放缓 净利润继续快速增长,410000000.0000,,,,,,,,,,,,,,,,,,,,,,,0.0512,2021-04-12 11:01:47,2021-04-12 11:01:47
002028.XSHE,2014-03-24,2014,q4,1101,群益证券,"群益证券2014-03-24发布的报告上调了该股盈利预测,分析师：赖燊生",2014-03-24,思源电气：新业务持续突破 长期看好,赖燊生,468000000.0000,2014-02-13,思源电气：聚焦主业 未来订单有望持续较快增长,462000000.0000,,,,,,,,,,,,,,,,,,,,,,,0.0130,2021-04-12 11:01:47,2021-04-12 11:01:47
002028.XSHE,2014-03-24,2014,q4,1301,广发证券,广发证券2014-03-24发布的报告研报标题中含有超预期信息,2014-03-24,思源电气：13年订单超预期 14年仍看GIS及海外,韩玲,442000000.0000,,,,,,,,,,,,,,,,,,,,,,,,,,,2021-04-12 11:01:47,2021-04-12 11:01:47
002028.XSHE,2014-03-24,2014,q4,1301,安信证券,安信证券2014-03-24发布的报告研报标题中含有超预期信息,2014-03-24,思源电气：收入放缓 订单超预期 盈利质量超预期,"邢达,黄守宏",510300000.0000,,,,,,,,,,,,,,,,,,,,,,,,,,,2021-04-12 11:01:47,2021-04-12 11:01:47
002028.XSHE,2014-03-24,2014,q4,1302,广发证券,广发证券2014-03-24发布的报告研报摘要中含有超预期信息,2014-03-24,思源电气：13年订单超预期 14年仍看GIS及海外,韩玲,442000000.0000,,,,,,,,,,,,,,,,,,,,,,,,,,,2021-04-12 11:01:47,2021-04-12 11:01:47
002028.XSHE,2014-03-24,2014,q4,1302,群益证券,群益证券2014-03-24发布的报告研报摘要中含有超预期信息,2014-03-24,思源电气：新业务持续突破 长期看好,赖燊生,468000000.0000,,,,,,,,,,,,,,,,,,,,,,,,,,,2021-04-12 11:01:47,2021-04-12 11:01:47
002028.XSHE,2014-03-24,2014,q4,1302,安信证券,安信证券2014-03-24发布的报告研报摘要中含有超预期信息,2014-03-24,思源电气：收入放缓 订单超预期 盈利质量超预期,"邢达,黄守宏",510300000.0000,,,,,,,,,,,,,,,,,,,,,,,,,,,2021-04-12 11:01:47,2021-04-12 11:01:47
002028.XSHE,2014-04-28,2014,q4,1302,安信证券,安信证券2014-04-28发布的报告研报摘要中含有超预期信息,2014-04-28,思源电气：一季度交货低预期 维持全年预测,"邢达,黄守宏",510300000.0000,,,,,,,,,,,,,,,,,,,,,,,,,,,2021-04-12 11:01:47,2021-04-12 11:01:47
002028.XSHE,2014-04-29,2014,q4,1302,长江证券,长江证券2014-04-29发布的报告研报摘要中含有超预期信息,2014-04-29,思源电气：收入确认节奏影响致一季度下降 维持全年良好增长判断,邬博华,441900000.0000,,,,,,,,,,,,,,,,,,,,,,,,,,,2021-04-12 11:01:47,2021-04-12 11:01:47
002028.XSHE,2014-07-29,2014,q2,1502,,2014-07-29发布的业绩快报同比增速超出一致预期2014同比增速,,,,,,,,2014-07-29,current_performance,,,137203359.0000,,,0.2860,,,,,,,,,,2014-07-28,443135201.8286,,0.2780,,0.0080,2026-01-16 05:20:07,2026-01-16 05:20:07
002028.XSHE,2014-07-29,2014,q2,1504,,2014-07-29发布的业绩快报同比增速超出2014一致预期同比增速,,,,,,,,2014-07-29,current_performance,,,,137203359.0000,,,,0.5711,,,,,,,,2014-07-28,,110430917.8584,,0.3498,0.2213,2021-04-12 11:01:47,2021-04-12 11:01:47
002028.XSHE,2014-08-23,2014,q2,1405,,2014-08-23发布的财报中，2季度净利润增速超出机构的一致预期,,,,,,,,2014-08-23,financial_reports,,,,128533249.4400,,,,0.5711,,,,,,,,2014-08-22,,110234567.1377,,,0.1660,2021-04-12 11:01:47,2021-04-12 11:01:47
002028.XSHE,2014-08-23,2014,q2,1501,,2014-08-23发布的财报净利润同比增速超出一致预期2014同比增速,,,,,,,,2014-08-23,financial_reports,,,137204450.8400,,,0.2860,,,,,,,,,,2014-08-22,442340320.9143,,0.2757,,0.0103,2021-04-12 11:01:47,2021-04-12 11:01:47
002028.XSHE,2014-08-23,2014,q2,1503,,2014-08-23发布的财报净利润同比增速超出2014一致预期同比增速,,,,,,,,2014-08-23,financial_reports,,,,128533249.4400,,,,0.5711,,,,,,,,2014-08-22,,110234567.1377,,0.3474,0.2237,2021-04-12 11:01:47,2021-04-12 11:01:47
002028.XSHE,2014-08-23,2014,q3,1502,,2014-08-23发布的业绩预告同比增速超出一致预期2014同比增速,,,,,,,,2014-08-23,performance_forecast,358000000.0000,298000000.0000,,,0.4996,,,,,,,,,,,2014-08-22,442340320.9143,,0.2757,,0.2239,2021-04-12 11:01:47,2021-04-12 11:01:47
002028.XSHE,2014-08-23,2014,q3,1504,,2014-08-23发布的业绩预告同比增速超出2014一致预期同比增速,,,,,,,,2014-08-23,performance_forecast,358000000.0000,298000000.0000,,,,,0.7474,,,,,,,,,2014-08-22,,116969263.2187,,0.2711,0.4763,2021-04-12 11:01:47,2021-04-12 11:01:47
002028.XSHE,2014-10-25,2014,q3,1405,,2014-10-25发布的财报中，3季度净利润增速超出机构的一致预期,,,,,,,,2014-10-25,financial_reports,,,,185917410.5300,,,,1.0204,,,,,,,,2014-10-24,,112929493.9989,,,0.6463,2021-04-12 11:01:47,2021-04-12 11:01:47
002028.XSHE,2014-10-25,2014,q3,1501,,2014-10-25发布的财报净利润同比增速超出一致预期2014同比增速,,,,,,,,2014-10-25,financial_reports,,,323121861.3700,,,0.6260,,,,,,,,,,2014-10-24,431806991.9500,,0.2453,,0.3807,2021-04-12 11:01:47,2021-04-12 11:01:47
002028.XSHE,2014-10-25,2014,q3,1503,,2014-10-25发布的财报净利润同比增速超出2014一致预期同比增速,,,,,,,,2014-10-25,financial_reports,,,,185917410.5300,,,,1.0204,,,,,,,,2014-10-24,,112929493.9989,,0.2272,0.7932,2021-04-12 11:01:47,2021-04-12 11:01:47
002028.XSHE,2014-10-27,2014,q4,1101,中金公司,"中金公司2014-10-27发布的报告上调了该股盈利预测,分析师：张晓莹",2014-10-27,思源电气：订单增速逐季回暖,张晓莹,464000000.0000,2014-04-30,思源电气：销售模式转型拖累业绩 二季度将有所好转,421000000.0000,,,,,,,,,,,,,,,,,,,,,,,0.1021,2021-04-12 11:01:47,2021-04-12 11:01:47
002028.XSHE,2014-10-27,2014,q4,1101,海通证券,"海通证券2014-10-27发布的报告上调了该股盈利预测,分析师：牛品,房青",2014-10-27,思源电气：三季度业绩提速明显 源于出售平高股权,"牛品,房青",480874700.0000,2014-08-25,思源电气：交货延缓暂压业绩 三季度预计高增长,425670800.0000,,,,,,,,,,,,,,,,,,,,,,,0.1297,2021-04-12 11:01:47,2021-04-12 11:01:47
002028.XSHE,2014-10-27,2014,q4,1302,海通证券,海通证券2014-10-27发布的报告研报摘要中含有超预期信息,2014-10-27,思源电气：三季度业绩提速明显 源于出售平高股权,"牛品,房青",480874700.0000,,,,,,,,,,,,,,,,,,,,,,,,,,,2021-04-12 11:01:47,2021-04-12 11:01:47
002028.XSHE,2015-02-12,2014,q4,1101,民生证券,"民生证券2015-02-12发布的报告上调了该股盈利预测,分析师：陈龙",2015-02-12,思源电气：业绩基本符合预期 2015仍值得期待,陈龙,462000000.0000,2014-10-27,思源电气：收入增速提升显著 期待海外订单取得突破,446000000.0000,,,,,,,,,,,,,,,,,,,,,,,0.0359,2021-04-12 11:01:47,2021-04-12 11:01:47
002028.XSHE,2015-02-12,2014,q4,1403,,2015-02-12发布的业绩快报超出机构的一致预期,,,,,,,,2015-02-12,current_performance,,,462321011.0000,,,,,,,,,,,,,2015-02-11,420748982.0286,,,,0.0988,2021-04-12 11:01:47,2021-04-12 11:01:47
002028.XSHE,2015-02-12,2014,q4,1502,,2015-02-12发布的业绩快报同比增速超出一致预期2014同比增速,,,,,,,,2015-02-12,current_performance,,,462321011.0000,,,0.3333,,,,,,,,,,2015-02-11,420748982.0286,,0.2134,,0.1199,2021-04-12 11:01:47,2021-04-12 11:01:47
002028.XSHE,2015-02-12,2014,q4,1504,,2015-02-12发布的业绩快报同比增速超出2014一致预期同比增速,,,,,,,,2015-02-12,current_performance,,,,462321011.0000,,,,-0.0597,,,,,,,,2015-02-11,,97625486.0355,,-0.3405,0.2808,2021-04-12 11:01:47,2021-04-12 11:01:47
002028.XSHE,2015-03-21,2015,q1,1502,,2015-03-21发布的业绩预告同比增速超出一致预期2015同比增速,,,,,,,,2015-03-21,performance_forecast,39000000.0000,30000000.0000,,,2.4597,,,,,,,,,,,2015-03-20,479645420.1250,,0.0512,,2.4085,2021-04-12 11:01:47,2021-04-12 11:01:47
002028.XSHE,2015-03-21,2015,q1,1504,,2015-03-21发布的业绩预告同比增速超出2015一致预期同比增速,,,,,,,,2015-03-21,performance_forecast,39000000.0000,30000000.0000,,,,,2.4597,,,,,,,,,2015-03-20,,9115166.9117,,0.0512,2.4085,2021-04-12 11:01:47,2021-04-12 11:01:47
002028.XSHE,2015-03-23,2015,q4,1101,民生证券,"民生证券2015-03-23发布的报告上调了该股盈利预测,分析师：陈龙",2015-03-23,思源电气：一季报业绩开门红 2015值得期待,陈龙,518000000.0000,2015-02-12,思源电气：业绩基本符合预期 2015仍值得期待,510000000.0000,,,,,,,,,,,,,,,,,,,,,,,0.0157,2021-04-12 11:01:47,2021-04-12 11:01:47
002028.XSHE,2015-03-23,2015,q4,1101,华泰证券,"华泰证券2015-03-23发布的报告上调了该股盈利预测,分析师：郑丹丹,弓永峰,程鹏",2015-03-23,思源电气：GIS发展快 海外市场拓展顺利,"郑丹丹,弓永峰,程鹏",555000000.0000,2014-10-27,思源电气：全年净利润预增 前三季订单增速放缓,456000000.0000,,,,,,,,,,,,,,,,,,,,,,,0.2171,2021-04-12 11:01:47,2021-04-12 11:01:47
002028.XSHE,2015-03-23,2015,q4,1301,中金公司,中金公司2015-03-23发布的报告研报标题中含有超预期信息,2015-03-23,思源电气：年报符合预期 一季度指引略超预期,张晓莹,459000000.0000,,,,,,,,,,,,,,,,,,,,,,,,,,,2021-04-12 11:01:47,2021-04-12 11:01:47
002028.XSHE,2015-03-23,2015,q4,1302,中金公司,中金公司2015-03-23发布的报告研报摘要中含有超预期信息,2015-03-23,思源电气：年报符合预期 一季度指引略超预期,张晓莹,459000000.0000,,,,,,,,,,,,,,,,,,,,,,,,,,,2021-04-12 11:01:47,2021-04-12 11:01:47
002028.XSHE,2015-03-23,2015,q4,1302,民族证券,民族证券2015-03-23发布的报告研报摘要中含有超预期信息,2015-03-23,思源电气：业绩符合预期 关注海外和特高压进展,马光耀,457000000.0000,,,,,,,,,,,,,,,,,,,,,,,,,,,2021-04-12 11:01:47,2021-04-12 11:01:47
002028.XSHE,2015-04-06,2015,q4,1301,民生证券,民生证券2015-04-06发布的报告研报标题中含有超预期信息,2015-04-06,思源电气：海外市场终获突破 15年新签订单有望超预期,陈龙,518000000.0000,,,,,,,,,,,,,,,,,,,,,,,,,,,2021-04-12 11:01:47,2021-04-12 11:01:47
002028.XSHE,2015-04-06,2015,q4,1302,民生证券,民生证券2015-04-06发布的报告研报摘要中含有超预期信息,2015-04-06,思源电气：海外市场终获突破 15年新签订单有望超预期,陈龙,518000000.0000,,,,,,,,,,,,,,,,,,,,,,,,,,,2021-04-12 11:01:47,2021-04-12 11:01:47
002028.XSHE,2015-04-11,2015,q1,1401,,2015-04-11发布的业绩预告上调了报告期业绩,,,,,,,,2015-04-11,performance_forecast,56000000.0000,52000000.0000,,,,,,,2015-03-21,1.0,39000000.0000,30000000.0000,,,,,,,,,,2021-04-12 11:01:47,2021-04-12 11:01:47
002028.XSHE,2015-04-11,2015,q1,1502,,2015-04-11发布的业绩预告同比增速超出一致预期2015同比增速,,,,,,,,2015-04-11,performance_forecast,56000000.0000,52000000.0000,,,4.9969,,,,,,,,,,,2015-04-10,499151745.7158,,0.0939,,4.9029,2021-04-12 11:01:47,2021-04-12 11:01:47
002028.XSHE,2015-04-11,2015,q1,1504,,2015-04-11发布的业绩预告同比增速超出2015一致预期同比增速,,,,,,,,2015-04-11,performance_forecast,56000000.0000,52000000.0000,,,,,4.9969,,,,,,,,,2015-04-10,,9485427.2115,,0.0939,4.9030,2021-04-12 11:01:47,2021-04-12 11:01:47
002028.XSHE,2015-04-30,2015,q1,1405,,2015-04-30发布的财报中，1季度净利润增速超出机构的一致预期,,,,,,,,2015-04-30,financial_reports,,,,53093169.0200,,,,5.1229,,,,,,,,2015-04-29,,9520979.1372,,,4.5764,2021-04-12 11:01:47,2021-04-12 11:01:47
002028.XSHE,2015-04-30,2015,q1,1501,,2015-04-30发布的财报净利润同比增速超出一致预期2015同比增速,,,,,,,,2015-04-30,financial_reports,,,53093169.0200,,,5.1229,,,,,,,,,,2015-04-29,500982811.9145,,0.0980,,5.0250,2021-04-12 11:01:47,2021-04-12 11:01:47
002028.XSHE,2015-04-30,2015,q1,1503,,2015-04-30发布的财报净利润同比增速超出2015一致预期同比增速,,,,,,,,2015-04-30,financial_reports,,,,53093169.0200,,,,5.1229,,,,,,,,2015-04-29,,9520979.1372,,0.0980,5.0249,2021-04-12 11:01:47,2021-04-12 11:01:47
002028.XSHE,2015-04-30,2015,q2,1502,,2015-04-30发布的业绩预告同比增速超出一致预期2015同比增速,,,,,,,,2015-04-30,performance_forecast,206000000.0000,164000000.0000,,,0.1953,,,,,,,,,,,2015-04-29,500982811.9145,,0.0980,,0.0973,2021-04-12 11:01:47,2021-04-12 11:01:47
002028.XSHE,2015-07-15,2015,q2,1201,,近5个交易日内，该股一致预期净利润被大幅调高,,,,,,,,,,,,,,,,,,,,,,,2015-07-21,571000000.0000,2015-07-14,501916602.0480,,,,0.1376,2021-04-12 11:01:47,2021-04-12 11:01:47
002028.XSHE,2015-07-16,2015,q4,1101,群益证券,"群益证券2015-07-16发布的报告上调了该股盈利预测,分析师：赖燊生",2015-07-16,思源电气：利润稳增长 下半年积极因素增多,赖燊生,571000000.0000,2015-03-23,思源电气：新产品拓展顺利 订单增速加快可期,493000000.0000,,,,,,,,,,,,,,,,,,,,,,,0.1582,2021-04-12 11:01:47,2021-04-12 11:01:47
002028.XSHE,2016-03-26,2015,q4,1405,,2016-03-26发布的财报中，4季度净利润增速超出机构的一致预期,,,,,,,,2016-03-26,financial_reports,,,,145480742.2800,,,,0.0925,,,,,,,,2016-03-25,,142248559.8875,,,0.0227,2021-04-12 11:01:47,2021-04-12 11:01:47
002028.XSHE,2016-03-26,2015,q4,1503,,2016-03-26发布的财报净利润同比增速超出2015一致预期同比增速,,,,,,,,2016-03-26,financial_reports,,,,145480742.2800,,,,0.0925,,,,,,,,2016-03-25,,142248559.8875,,0.0682,0.0243,2021-04-12 11:01:47,2021-04-12 11:01:47
002028.XSHE,2016-08-22,2016,q4,1101,群益证券,"群益证券2016-08-22发布的报告上调了该股盈利预测,分析师：华巍",2016-08-22,思源电气：上半年业绩增长2.49% 预计前三季度增长0-30%,华巍,453000000.0000,2016-03-28,思源电气：15年业绩不及预期 今年有望实现稳步增长,426000000.0000,,,,,,,,,,,,,,,,,,,,,,,0.0634,2021-04-12 11:01:47,2021-04-12 11:01:47
002028.XSHE,2017-03-25,2017,q4,1101,中金公司,"中金公司2017-03-25发布的报告上调了该股盈利预测,分析师：陈龙",2017-03-25,思源电气：业绩符合预期 扣非后稳定增长 “海外加外延”提供未来双重动力,陈龙,425000000.0000,2017-02-25,思源电气：扣非后业绩稳健增长 海外市场与外延发展值得期待,412000000.0000,,,,,,,,,,,,,,,,,,,,,,,0.0316,2021-04-12 11:01:47,2021-04-12 11:01:47
002028.XSHE,2017-07-25,2017,q2,1504,,2017-07-25发布的业绩快报同比增速超出2017一致预期同比增速,,,,,,,,2017-07-25,current_performance,,,,144694453.0000,,,,0.3345,,,,,,,,2017-07-24,,126679447.8198,,0.3250,0.0095,2021-04-12 11:01:47,2021-04-12 11:01:47
002028.XSHE,2017-08-21,2017,q4,1102,招商证券,"招商证券2017-08-21发布的报告上调了该股盈利预测,分析师：游家训,龙云露",2017-08-21,思源电气：海外与新品拓展是亮点 公司治理结构有所改变,"游家训,龙云露",398000000.0000,2017-06-08,思源电气：负债表健康 通过产品拓展与海外业务保持主业增长,366000000.0000,,,,,,,,,,,,,,,,,,,,,,,0.0874,2021-04-12 11:01:47,2021-04-12 11:01:47
002028.XSHE,2017-08-22,2017,q2,1405,,2017-08-22发布的财报中，2季度净利润增速超出机构的一致预期,,,,,,,,2017-08-22,financial_reports,,,,127822893.6900,,,,0.3370,,,,,,,,2017-08-21,,122338884.0982,,,0.0448,2021-04-12 11:01:47,2021-04-12 11:01:47
002028.XSHE,2017-08-22,2017,q2,1503,,2017-08-22发布的财报净利润同比增速超出2017一致预期同比增速,,,,,,,,2017-08-22,financial_reports,,,,127822893.6900,,,,0.3370,,,,,,,,2017-08-21,,122338884.0982,,0.2796,0.0574,2021-04-12 11:01:47,2021-04-12 11:01:47
002028.XSHE,2017-08-22,2017,q4,1101,安信证券,"安信证券2017-08-22发布的报告上调了该股盈利预测,分析师：邓永康",2017-08-22,思源电气：业绩平稳 配网、海外增量市场撬动今年业绩,邓永康,419500000.0000,2017-03-27,思源电气：业绩符合预期 海外市场和配网将是未来重要增长点,417500000.0000,,,,,,,,,,,,,,,,,,,,,,,0.0048,2021-04-12 11:01:47,2021-04-12 11:01:47
002028.XSHE,2018-01-30,2017,q4,1301,中金公司,中金公司2018-01-30发布的报告研报标题中含有超预期信息,2018-01-30,思源电气：费用率下滑拖累业绩 海外订单增长超预期,季超,253000000.0000,,,,,,,,,,,,,,,,,,,,,,,,,,,2021-04-12 11:01:47,2021-04-12 11:01:47
002028.XSHE,2018-08-22,2018,q3,1504,,2018-08-22发布的业绩预告同比增速超出2018一致预期同比增速,,,,,,,,2018-08-22,performance_forecast,239630000.0000,184330000.0000,,,,,0.2611,,,,,,,,,2018-08-21,,47574246.5834,,0.2076,0.0535,2021-04-12 11:01:47,2021-04-12 11:01:47
002028.XSHE,2018-10-22,2018,q3,1201,,近5个交易日内，该股一致预期净利润被大幅调高,,,,,,,,,,,,,,,,,,,,,,,2018-10-26,320000000.0000,2018-10-19,265627358.4467,,,,0.2047,2021-04-12 11:01:47,2021-04-12 11:01:47
002028.XSHE,2018-10-22,2018,q3,1405,,2018-10-22发布的财报中，3季度净利润增速超出机构的一致预期,,,,,,,,2018-10-22,financial_reports,,,,105053651.8000,,,,1.6666,,,,,,,,2018-10-19,,49492817.1437,,,1.1226,2021-04-12 11:01:47,2021-04-12 11:01:47
002028.XSHE,2018-10-22,2018,q3,1501,,2018-10-22发布的财报净利润同比增速超出一致预期2018同比增速,,,,,,,,2018-10-22,financial_reports,,,239700553.1600,,,0.3004,,,,,,,,,,2018-10-19,265627358.4467,,0.0660,,0.2344,2021-04-12 11:01:47,2021-04-12 11:01:47
002028.XSHE,2018-10-22,2018,q3,1503,,2018-10-22发布的财报净利润同比增速超出2018一致预期同比增速,,,,,,,,2018-10-22,financial_reports,,,,105053651.8000,,,,1.6666,,,,,,,,2018-10-19,,49492817.1437,,0.2563,1.4103,2021-04-12 11:01:47,2021-04-12 11:01:47
002028.XSHE,2018-10-22,2018,q4,1201,,近5个交易日内，该股一致预期净利润被大幅调高,,,,,,,,,,,,,,,,,,,,,,,2018-10-26,320000000.0000,2018-10-19,265627358.4467,,,,0.2047,2021-04-12 11:01:47,2021-04-12 11:01:47
002028.XSHE,2018-10-24,2018,q4,1102,招商证券,"招商证券2018-10-24发布的报告上调了该股盈利预测,分析师：游家训,龙云露",2018-10-24,思源电气：业绩强劲恢复 全年有望实现较快增长,"游家训,龙云露",320000000.0000,2018-08-22,思源电气：交付进度影响收入表现 三季度或迎来业绩拐点,266000000.0000,,,,,,,,,,,,,,,,,,,,,,,0.2030,2021-04-12 11:01:47,2021-04-12 11:01:47
002028.XSHE,2018-10-24,2018,q4,1302,招商证券,招商证券2018-10-24发布的报告研报摘要中含有超预期信息,2018-10-24,思源电气：业绩强劲恢复 全年有望实现较快增长,"游家训,龙云露",320000000.0000,,,,,,,,,,,,,,,,,,,,,,,,,,,2021-04-12 11:01:47,2021-04-12 11:01:47
002028.XSHE,2019-01-25,2018,q4,1403,,2019-01-25发布的业绩快报超出机构的一致预期,,,,,,,,2019-01-25,current_performance,,,309679465.0000,,,,,,,,,,,,,2019-01-24,296481619.9800,,,,0.0445,2021-04-12 11:01:47,2021-04-12 11:01:47
002028.XSHE,2019-01-25,2018,q4,1502,,2019-01-25发布的业绩快报同比增速超出一致预期2018同比增速,,,,,,,,2019-01-25,current_performance,,,309679465.0000,,,0.2427,,,,,,,,,,2019-01-24,296481619.9800,,0.1898,,0.0530,2021-04-12 11:01:47,2021-04-12 11:01:47
002028.XSHE,2019-01-25,2018,q4,1504,,2019-01-25发布的业绩快报同比增速超出2018一致预期同比增速,,,,,,,,2019-01-25,current_performance,,,,309679465.0000,,,,0.0789,,,,,,,,2019-01-24,,56780937.0342,,-0.1246,0.2035,2021-04-12 11:01:47,2021-04-12 11:01:47
002028.XSHE,2019-03-23,2019,q1,1502,,2019-03-23发布的业绩预告同比增速超出一致预期2019同比增速,,,,,,,,2019-03-23,performance_forecast,20000000.0000,5000000.0000,,,1.6632,,,,,,,,,,,2019-03-22,387706733.8200,,0.3159,,1.3473,2021-04-12 11:01:47,2021-04-12 11:01:47
002028.XSHE,2019-04-27,2019,q1,1501,,2019-04-27发布的财报净利润同比增速超出一致预期2019同比增速,,,,,,,,2019-04-27,financial_reports,,,20208069.3600,,,3.6804,,,,,,,,,,2019-04-26,366251274.0900,,0.2431,,3.4373,2021-04-12 11:01:47,2021-04-12 11:01:47
002028.XSHE,2019-07-20,2019,q2,1502,,2019-07-20发布的业绩快报同比增速超出一致预期2019同比增速,,,,,,,,2019-07-20,current_performance,,,192247586.0000,,,0.4278,,,,,,,,,,2019-07-19,358332241.6933,,0.2162,,0.2116,2021-04-12 11:01:47,2021-04-12 11:01:47
002028.XSHE,2019-07-20,2019,q2,1504,,2019-07-20发布的业绩快报同比增速超出2019一致预期同比增速,,,,,,,,2019-07-20,current_performance,,,,192247586.0000,,,,0.2100,,,,,,,,2019-07-19,,159106212.9455,,0.1190,0.0910,2021-04-12 11:01:47,2021-04-12 11:01:47
002028.XSHE,2019-08-10,2019,q2,1201,,近5个交易日内，该股一致预期净利润被大幅调高,,,,,,,,,,,,,,,,,,,,,,,2019-08-16,417000000.0000,2019-08-09,358198908.3600,,,,0.1642,2021-04-12 11:01:47,2021-04-12 11:01:47
002028.XSHE,2019-08-10,2019,q2,1405,,2019-08-10发布的财报中，2季度净利润增速超出机构的一致预期,,,,,,,,2019-08-10,financial_reports,,,,172039517.0600,,,,0.2100,,,,,,,,2019-08-09,,159049338.5172,,,0.0817,2021-04-12 11:01:47,2021-04-12 11:01:47
002028.XSHE,2019-08-10,2019,q2,1501,,2019-08-10发布的财报净利润同比增速超出一致预期2019同比增速,,,,,,,,2019-08-10,financial_reports,,,192247586.4200,,,0.4278,,,,,,,,,,2019-08-09,358198908.3600,,0.2158,,0.2120,2021-04-12 11:01:47,2021-04-12 11:01:47
002028.XSHE,2019-08-10,2019,q2,1503,,2019-08-10发布的财报净利润同比增速超出2019一致预期同比增速,,,,,,,,2019-08-10,financial_reports,,,,172039517.0600,,,,0.2100,,,,,,,,2019-08-09,,159049338.5172,,0.1186,0.0914,2021-04-12 11:01:47,2021-04-12 11:01:47
002028.XSHE,2019-09-18,2019,q3,1201,,近5个交易日内，该股一致预期净利润被大幅调高,,,,,,,,,,,,,,,,,,,,,,,2019-09-24,556000000.0000,2019-09-17,381942366.0360,,,,0.4557,2021-04-12 11:01:47,2021-04-12 11:01:47
002028.XSHE,2019-09-18,2019,q3,1502,,2019-09-18发布的业绩预告同比增速超出一致预期2019同比增速,,,,,,,,2019-09-18,performance_forecast,431461000.0000,359550800.0000,,,0.5000,,,,,,,,,,,2019-09-17,381942366.0360,,0.2964,,0.2036,2021-04-12 11:01:47,2021-04-12 11:01:47
002028.XSHE,2019-09-18,2019,q3,1504,,2019-09-18发布的业绩预告同比增速超出2019一致预期同比增速,,,,,,,,2019-09-18,performance_forecast,431461000.0000,359550800.0000,,,,,0.5926,,,,,,,,,2019-09-17,,124572620.3044,,0.1858,0.4068,2021-04-12 11:01:47,2021-04-12 11:01:47
002028.XSHE,2019-10-25,2019,q3,1201,,近5个交易日内，该股一致预期净利润被大幅调高,,,,,,,,,,,,,,,,,,,,,,,2019-10-31,561500000.0000,2019-10-24,442968553.4240,,,,0.2676,2021-04-12 11:01:47,2021-04-12 11:01:47
002028.XSHE,2019-10-25,2019,q3,1405,,2019-10-25发布的财报中，3季度净利润增速超出机构的一致预期,,,,,,,,2019-10-25,financial_reports,,,,218065157.4000,,,,1.0758,,,,,,,,2019-10-24,,164640083.1010,,,0.3245,2021-04-12 11:01:47,2021-04-12 11:01:47
002028.XSHE,2019-10-25,2019,q3,1501,,2019-10-25发布的财报净利润同比增速超出一致预期2019同比增速,,,,,,,,2019-10-25,financial_reports,,,410312743.8200,,,0.7118,,,,,,,,,,2019-10-24,442968553.4240,,0.5035,,0.2083,2021-04-12 11:01:47,2021-04-12 11:01:47
002028.XSHE,2019-10-25,2019,q3,1503,,2019-10-25发布的财报净利润同比增速超出2019一致预期同比增速,,,,,,,,2019-10-25,financial_reports,,,,218065157.4000,,,,1.0758,,,,,,,,2019-10-24,,164640083.1010,,0.5672,0.5086,2021-04-12 11:01:47,2021-04-12 11:01:47
002028.XSHE,2019-10-25,2019,q4,1102,中金公司,"中金公司2019-10-25发布的报告上调了该股盈利预测,分析师：曾韬,张月,刘俊",2019-10-25,思源电气：业绩符合预期 积极培育新业务 费用控制有成效,"曾韬,张月,刘俊",535000000.0000,2019-09-03,思源电气：中报业绩符合预期 积极培育网内外业务,360000000.0000,,,,,,,,,,,,,,,,,,,,,,,0.4861,2021-04-12 11:01:47,2021-04-12 11:01:47
002028.XSHE,2019-10-25,2019,q4,1201,,近5个交易日内，该股一致预期净利润被大幅调高,,,,,,,,,,,,,,,,,,,,,,,2019-10-31,561500000.0000,2019-10-24,442968553.4240,,,,0.2676,2021-04-12 11:01:47,2021-04-12 11:01:47
002028.XSHE,2019-10-27,2019,q4,1102,招商证券,"招商证券2019-10-27发布的报告上调了该股盈利预测,分析师：游家训,普绍增",2019-10-27,思源电气：经营创新高 三大业务推动未来增长,"游家训,普绍增",588000000.0000,2019-08-12,思源电气：半年报业绩快速增长 再获国网大单,417000000.0000,,,,,,,,,,,,,,,,,,,,,,,0.4101,2021-04-12 11:01:47,2021-04-12 11:01:47
002028.XSHE,2020-01-14,2019,q4,1403,,2020-01-14发布的业绩快报超出机构的一致预期,,,,,,,,2020-01-14,current_performance,,,573565899.0000,,,,,,,,,,,,,2020-01-13,561851622.8933,,,,0.0208,2021-04-12 11:01:47,2021-04-12 11:01:47
002028.XSHE,2020-01-14,2019,q4,1502,,2020-01-14发布的业绩快报同比增速超出一致预期2019同比增速,,,,,,,,2020-01-14,current_performance,,,573565899.0000,,,0.9468,,,,,,,,,,2020-01-13,561851622.8933,,0.9070,,0.0398,2021-04-12 11:01:47,2021-04-12 11:01:47
002028.XSHE,2020-01-14,2019,q4,1504,,2020-01-14发布的业绩快报同比增速超出2019一致预期同比增速,,,,,,,,2020-01-14,current_performance,,,,573565899.0000,,,,1.9723,,,,,,,,2020-01-13,,151541206.7589,,1.7591,0.2132,2021-04-12 11:01:47,2021-04-12 11:01:47
002028.XSHE,2020-03-21,2019,q4,1302,东吴证券,东吴证券2020-03-21发布的报告研报摘要中含有超预期信息,2020-03-21,思源电气：电网投资有望加速 全品类龙头高增长可期,"曾朵红,柴嘉辉",574000000.0000,,,,,,,,,,,,,,,,,,,,,,,,,,,2021-04-12 11:01:47,2021-04-12 11:01:47
002028.XSHE,2020-03-30,2019,q4,1301,东吴证券,东吴证券2020-03-30发布的报告研报标题中含有超预期信息,2020-03-30,思源电气：营收增长、毛利改善、Q1业绩超预期,"曾朵红,柴嘉辉",574000000.0000,,,,,,,,,,,,,,,,,,,,,,,,,,,2021-04-12 11:01:47,2021-04-12 11:01:47
002028.XSHE,2020-03-30,2019,q4,1302,东吴证券,东吴证券2020-03-30发布的报告研报摘要中含有超预期信息,2020-03-30,思源电气：营收增长、毛利改善、Q1业绩超预期,"曾朵红,柴嘉辉",574000000.0000,,,,,,,,,,,,,,,,,,,,,,,,,,,2021-04-12 11:01:47,2021-04-12 11:01:47
002028.XSHE,2020-03-31,2020,q1,1201,,近5个交易日内，该股一致预期净利润被大幅调高,,,,,,,,,,,,,,,,,,,,,,,2020-04-07,804000000.0000,2020-03-30,727908303.4350,,,,0.1045,2022-04-15 09:30:15,2022-04-15 09:30:15
002028.XSHE,2020-03-31,2020,q1,1502,,2020-03-31发布的业绩预告同比增速超出一致预期2020同比增速,,,,,,,,2020-03-31,performance_forecast,90000000.0000,60624000.0000,,,2.0000,,,,,,,,,,,2020-03-30,727908303.4350,,0.3055,,1.6945,2021-04-12 11:01:47,2021-04-12 11:01:47
002028.XSHE,2020-03-31,2020,q1,1504,,2020-03-31发布的业绩预告同比增速超出2020一致预期同比增速,,,,,,,,2020-03-31,performance_forecast,90000000.0000,60624000.0000,,,,,2.0000,,,,,,,,,2020-03-30,,26381634.5495,,0.3055,1.6945,2021-04-12 11:01:47,2021-04-12 11:01:47
002028.XSHE,2020-04-18,2019,q4,1405,,2020-04-18发布的财报中，4季度净利润增速超出机构的一致预期,,,,,,,,2020-04-18,financial_reports,,,,147251527.6500,,,,1.6810,,,,,,,,2020-04-17,,146405799.2593,,,0.0058,2021-04-12 11:01:47,2021-04-12 11:01:47
002028.XSHE,2020-04-18,2019,q4,1503,,2020-04-18发布的财报净利润同比增速超出2019一致预期同比增速,,,,,,,,2020-04-18,financial_reports,,,,147251527.6500,,,,1.6810,,,,,,,,2020-04-17,,146405799.2593,,1.6656,0.0154,2021-04-12 11:01:47,2021-04-12 11:01:47
002028.XSHE,2020-04-19,2020,q4,1101,中金公司,"中金公司2020-04-19发布的报告上调了该股盈利预测,分析师：曾韬,张月,刘俊",2020-04-19,思源电气：2019年业绩高速成长 关注特高压及超级电容,"曾韬,张月,刘俊",768000000.0000,2019-10-25,思源电气：业绩符合预期 积极培育新业务 费用控制有成效,638000000.0000,,,,,,,,,,,,,,,,,,,,,,,0.2038,2021-04-12 11:01:47,2021-04-12 11:01:47
002028.XSHE,2020-04-19,2020,q4,1102,招商证券,"招商证券2020-04-19发布的报告上调了该股盈利预测,分析师：游家训,普绍增",2020-04-19,思源电气：业绩高增长 盈利能力有望显著提升,"游家训,普绍增",838000000.0000,2020-03-31,思源电气：Q1大幅增长 管理能力与现有业务都支撑成为大公司,804000000.0000,,,,,,,,,,,,,,,,,,,,,,,0.0423,2021-04-12 11:01:47,2021-04-12 11:01:47
002028.XSHE,2020-04-20,2020,q4,1102,东吴证券,"东吴证券2020-04-20发布的报告上调了该股盈利预测,分析师：曾朵红,柴嘉辉",2020-04-20,思源电气：盈利拐点、订单充沛 电网投资带动下有望延续高增,"曾朵红,柴嘉辉",801000000.0000,2020-03-30,思源电气：营收增长、毛利改善、Q1业绩超预期,800000000.0000,,,,,,,,,,,,,,,,,,,,,,,0.0013,2021-04-12 11:01:47,2021-04-12 11:01:47
002028.XSHE,2020-04-20,2020,q4,1302,东吴证券,东吴证券2020-04-20发布的报告研报摘要中含有超预期信息,2020-04-20,思源电气：盈利拐点、订单充沛 电网投资带动下有望延续高增,"曾朵红,柴嘉辉",801000000.0000,,,,,,,,,,,,,,,,,,,,,,,,,,,2021-04-12 11:01:47,2021-04-12 11:01:47
002028.XSHE,2020-04-25,2020,q1,1405,,2020-04-25发布的财报中，1季度净利润增速超出机构的一致预期,,,,,,,,2020-04-25,financial_reports,,,,88170272.1100,,,,3.3631,,,,,,,,2020-04-24,,27412246.0868,,,2.2165,2021-04-12 11:01:47,2021-04-12 11:01:47
002028.XSHE,2020-04-25,2020,q1,1501,,2020-04-25发布的财报净利润同比增速超出一致预期2020同比增速,,,,,,,,2020-04-25,financial_reports,,,88170272.1100,,,3.3631,,,,,,,,,,2020-04-24,756333333.3333,,0.3565,,3.0066,2021-04-12 11:01:47,2021-04-12 11:01:47
002028.XSHE,2020-04-25,2020,q1,1503,,2020-04-25发布的财报净利润同比增速超出2020一致预期同比增速,,,,,,,,2020-04-25,financial_reports,,,,88170272.1100,,,,3.3631,,,,,,,,2020-04-24,,27412246.0868,,0.3565,3.0066,2021-04-12 11:01:47,2021-04-12 11:01:47
002028.XSHE,2020-04-25,2020,q2,1502,,2020-04-25发布的业绩预告同比增速超出一致预期2020同比增速,,,,,,,,2020-04-25,performance_forecast,400000000.0000,300000000.0000,,,0.5605,,,,,,,,,,,2020-04-24,756333333.3333,,0.3565,,0.2040,2021-04-12 11:01:47,2021-04-12 11:01:47
002028.XSHE,2020-04-26,2020,q4,1102,东吴证券,"东吴证券2020-04-26发布的报告上调了该股盈利预测,分析师：曾朵红,柴嘉辉",2020-04-26,思源电气：H1预增超预期 毛利率改善趋势明确,"曾朵红,柴嘉辉",884000000.0000,2020-04-20,思源电气：盈利拐点、订单充沛 电网投资带动下有望延续高增,801000000.0000,,,,,,,,,,,,,,,,,,,,,,,0.1036,2021-04-12 11:01:47,2021-04-12 11:01:47
002028.XSHE,2020-04-26,2020,q4,1301,东吴证券,东吴证券2020-04-26发布的报告研报标题中含有超预期信息,2020-04-26,思源电气：H1预增超预期 毛利率改善趋势明确,"曾朵红,柴嘉辉",884000000.0000,,,,,,,,,,,,,,,,,,,,,,,,,,,2021-04-12 11:01:47,2021-04-12 11:01:47
002028.XSHE,2020-04-26,2020,q4,1302,招商证券,招商证券2020-04-26发布的报告研报摘要中含有超预期信息,2020-04-26,思源电气：Q1业绩贴预告上限 中报指引高增长,"游家训,普绍增",838000000.0000,,,,,,,,,,,,,,,,,,,,,,,,,,,2021-04-12 11:01:47,2021-04-12 11:01:47
002028.XSHE,2020-04-26,2020,q4,1302,东吴证券,东吴证券2020-04-26发布的报告研报摘要中含有超预期信息,2020-04-26,思源电气：H1预增超预期 毛利率改善趋势明确,"曾朵红,柴嘉辉",884000000.0000,,,,,,,,,,,,,,,,,,,,,,,,,,,2021-04-12 11:01:47,2021-04-12 11:01:47
002028.XSHE,2020-05-15,2020,q4,1302,中泰证券,中泰证券2020-05-15发布的报告研报摘要中含有超预期信息,2020-05-15,思源电气：电力设备民企龙头 多级驱动力支撑高增,苏晨,807210000.0000,,,,,,,,,,,,,,,,,,,,,,,,,,,2021-04-12 11:01:47,2021-04-12 11:01:47
002028.XSHE,2020-05-28,2020,q4,1101,华金证券,"华金证券2020-05-28发布的报告上调了该股盈利预测,分析师：肖索",2020-05-28,思源电气：新基建发力 输配龙头再起航,肖索,813000000.0000,2020-04-20,思源电气：进入景气周期 业绩有望继续高增,753000000.0000,,,,,,,,,,,,,,,,,,,,,,,0.0797,2021-04-12 11:01:47,2021-04-12 11:01:47
002028.XSHE,2020-05-28,2020,q4,1302,华金证券,华金证券2020-05-28发布的报告研报摘要中含有超预期信息,2020-05-28,思源电气：新基建发力 输配龙头再起航,肖索,813000000.0000,,,,,,,,,,,,,,,,,,,,,,,,,,,2021-04-12 11:01:47,2021-04-12 11:01:47
002028.XSHE,2020-06-16,2020,q4,1302,华金证券,华金证券2020-06-16发布的报告研报摘要中含有超预期信息,2020-06-16,电力设备行业中期策略：消纳充足 平价成长,肖索,813000000.0000,,,,,,,,,,,,,,,,,,,,,,,,,,,2021-04-12 11:01:47,2021-04-12 11:01:47
002028.XSHE,2020-06-30,2020,q4,1102,招商证券,"招商证券2020-06-30发布的报告上调了该股盈利预测,分析师：游家训,普绍增",2020-06-30,思源电气投资价值分析,"游家训,普绍增",877000000.0000,2020-04-26,思源电气：Q1业绩贴预告上限 中报指引高增长,838000000.0000,,,,,,,,,,,,,,,,,,,,,,,0.0465,2021-04-12 11:01:47,2021-04-12 11:01:47
002028.XSHE,2020-07-09,2020,q4,1102,招商证券,"招商证券2020-07-09发布的报告上调了该股盈利预测,分析师：游家训,普绍增",2020-07-09,思源电气：中报超预告上限 业绩再超预期,"游家训,普绍增",1011000000.0000,2020-06-30,思源电气投资价值分析,877000000.0000,,,,,,,,,,,,,,,,,,,,,,,0.1528,2021-04-12 11:01:47,2021-04-12 11:01:47
002028.XSHE,2020-07-09,2020,q4,1301,招商证券,招商证券2020-07-09发布的报告研报标题中含有超预期信息,2020-07-09,思源电气：中报超预告上限 业绩再超预期,"游家训,普绍增",1011000000.0000,,,,,,,,,,,,,,,,,,,,,,,,,,,2021-04-12 11:01:47,2021-04-12 11:01:47
002028.XSHE,2020-07-09,2020,q4,1302,招商证券,招商证券2020-07-09发布的报告研报摘要中含有超预期信息,2020-07-09,思源电气：中报超预告上限 业绩再超预期,"游家训,普绍增",1011000000.0000,,,,,,,,,,,,,,,,,,,,,,,,,,,2021-04-12 11:01:47,2021-04-12 11:01:47
002028.XSHE,2020-07-10,2020,q2,1201,,近5个交易日内，该股一致预期净利润被大幅调高,,,,,,,,,,,,,,,,,,,,,,,2020-07-16,1160000000.0000,2020-07-09,788739915.3667,,,,0.4707,2021-04-12 11:01:47,2021-04-12 11:01:47
002028.XSHE,2020-07-10,2020,q2,1401,,2020-07-10发布的业绩快报上调了报告期业绩,,,,,,,,2020-07-10,current_performance,,,460996616.0000,,,,,,2020-04-25,1.0,400000000.0000,300000000.0000,,,,,,,,,,2021-04-12 11:01:47,2021-04-12 11:01:47
002028.XSHE,2020-07-10,2020,q2,1502,,2020-07-10发布的业绩快报同比增速超出一致预期2020同比增速,,,,,,,,2020-07-10,current_performance,,,460996616.0000,,,1.3979,,,,,,,,,,2020-07-09,788739915.3667,,0.4146,,0.9833,2021-04-12 11:01:47,2021-04-12 11:01:47
002028.XSHE,2020-07-10,2020,q2,1504,,2020-07-10发布的业绩快报同比增速超出2020一致预期同比增速,,,,,,,,2020-07-10,current_performance,,,,460996616.0000,,,,1.1671,,,,,,,,2020-07-09,,224287918.3911,,0.3037,0.8634,2021-04-12 11:01:47,2021-04-12 11:01:47
002028.XSHE,2020-07-10,2020,q4,1102,东吴证券,"东吴证券2020-07-10发布的报告上调了该股盈利预测,分析师：曾朵红,柴嘉辉",2020-07-10,思源电气：盈利拐点、费用下降 中报大超预期,"曾朵红,柴嘉辉",1160000000.0000,2020-04-26,思源电气：H1预增超预期 毛利率改善趋势明确,884000000.0000,,,,,,,,,,,,,,,,,,,,,,,0.3122,2021-04-12 11:01:47,2021-04-12 11:01:47
002028.XSHE,2020-07-10,2020,q4,1301,东吴证券,东吴证券2020-07-10发布的报告研报标题中含有超预期信息,2020-07-10,思源电气：盈利拐点、费用下降 中报大超预期,"曾朵红,柴嘉辉",1160000000.0000,,,,,,,,,,,,,,,,,,,,,,,,,,,2021-04-12 11:01:47,2021-04-12 11:01:47
002028.XSHE,2020-07-10,2020,q4,1302,东吴证券,东吴证券2020-07-10发布的报告研报摘要中含有超预期信息,2020-07-10,思源电气：盈利拐点、费用下降 中报大超预期,"曾朵红,柴嘉辉",1160000000.0000,,,,,,,,,,,,,,,,,,,,,,,,,,,2021-04-12 11:01:47,2021-04-12 11:01:47
002028.XSHE,2020-07-27,2020,q4,1101,中泰证券,"中泰证券2020-07-27发布的报告上调了该股盈利预测,分析师：苏晨",2020-07-27,思源电气：业绩超预期 电力设备民企龙头逆势高增,苏晨,1078700000.0000,2020-05-15,思源电气：电力设备民企龙头 多级驱动力支撑高增,807210000.0000,,,,,,,,,,,,,,,,,,,,,,,0.3363,2021-04-12 11:01:47,2021-04-12 11:01:47
002028.XSHE,2020-07-27,2020,q4,1102,招商证券,"招商证券2020-07-27发布的报告上调了该股盈利预测,分析师：游家训,普绍增",2020-07-27,思源电气：3季度指引高增长 进入新一轮拓展期,"游家训,普绍增",1080000000.0000,2020-07-09,思源电气：中报超预告上限 业绩再超预期,1011000000.0000,,,,,,,,,,,,,,,,,,,,,,,0.0682,2021-04-12 11:01:47,2021-04-12 11:01:47
002028.XSHE,2020-07-27,2020,q4,1301,中泰证券,中泰证券2020-07-27发布的报告研报标题中含有超预期信息,2020-07-27,思源电气：业绩超预期 电力设备民企龙头逆势高增,苏晨,1078700000.0000,,,,,,,,,,,,,,,,,,,,,,,,,,,2021-04-12 11:01:47,2021-04-12 11:01:47
002028.XSHE,2020-07-27,2020,q4,1302,招商证券,招商证券2020-07-27发布的报告研报摘要中含有超预期信息,2020-07-27,思源电气：3季度指引高增长 进入新一轮拓展期,"游家训,普绍增",1080000000.0000,,,,,,,,,,,,,,,,,,,,,,,,,,,2021-04-12 11:01:47,2021-04-12 11:01:47
002028.XSHE,2020-07-27,2020,q4,1302,中泰证券,中泰证券2020-07-27发布的报告研报摘要中含有超预期信息,2020-07-27,思源电气：业绩超预期 电力设备民企龙头逆势高增,苏晨,1078700000.0000,,,,,,,,,,,,,,,,,,,,,,,,,,,2021-04-12 11:01:47,2021-04-12 11:01:47
002028.XSHE,2020-07-28,2020,q2,1201,,近5个交易日内，该股一致预期净利润被大幅调高,,,,,,,,,,,,,,,,,,,,,,,2020-08-03,1116000000.0000,2020-07-27,909147570.9480,,,,0.2275,2021-04-12 11:01:47,2021-04-12 11:01:47
002028.XSHE,2020-07-28,2020,q2,1405,,2020-07-28发布的财报中，2季度净利润增速超出机构的一致预期,,,,,,,,2020-07-28,financial_reports,,,,372821450.8200,,,,1.1671,,,,,,,,2020-07-27,,262841974.1643,,,0.4184,2021-04-12 11:01:47,2021-04-12 11:01:47
002028.XSHE,2020-07-28,2020,q2,1501,,2020-07-28发布的财报净利润同比增速超出一致预期2020同比增速,,,,,,,,2020-07-28,financial_reports,,,460991722.9300,,,1.3979,,,,,,,,,,2020-07-27,909147570.9480,,0.6306,,0.7673,2021-04-12 11:01:47,2021-04-12 11:01:47
002028.XSHE,2020-07-28,2020,q2,1503,,2020-07-28发布的财报净利润同比增速超出2020一致预期同比增速,,,,,,,,2020-07-28,financial_reports,,,,372821450.8200,,,,1.1671,,,,,,,,2020-07-27,,262841974.1643,,0.5278,0.6393,2021-04-12 11:01:47,2021-04-12 11:01:47
002028.XSHE,2020-07-28,2020,q3,1201,,近5个交易日内，该股一致预期净利润被大幅调高,,,,,,,,,,,,,,,,,,,,,,,2020-08-03,1116000000.0000,2020-07-27,909147570.9480,,,,0.2275,2021-04-12 11:01:47,2021-04-12 11:01:47
002028.XSHE,2020-07-28,2020,q3,1502,,2020-07-28发布的业绩预告同比增速超出一致预期2020同比增速,,,,,,,,2020-07-28,performance_forecast,900000000.0000,700000000.0000,,,0.7060,,,,,,,,,,,2020-07-27,909147570.9480,,0.6306,,0.0754,2022-04-15 09:30:15,2022-04-15 09:30:15
002028.XSHE,2020-07-28,2020,q4,1101,中金公司,"中金公司2020-07-28发布的报告上调了该股盈利预测,分析师：曾韬,张月,刘俊",2020-07-28,思源电气：中报业绩符合预期 收入稳健盈利强劲,"曾韬,张月,刘俊",1071000000.0000,2020-04-19,思源电气：2019年业绩高速成长 关注特高压及超级电容,768000000.0000,,,,,,,,,,,,,,,,,,,,,,,0.3945,2021-04-12 11:01:47,2021-04-12 11:01:47
002028.XSHE,2020-07-28,2020,q4,1101,华金证券,"华金证券2020-07-28发布的报告上调了该股盈利预测,分析师：肖索",2020-07-28,思源电气：上半年盈利大幅改善 Q3业绩预告高增,肖索,1132000000.0000,2020-07-08,思源电气：GIS量价齐升 未来增长动能充足,813000000.0000,,,,,,,,,,,,,,,,,,,,,,,0.3924,2021-04-12 11:01:47,2021-04-12 11:01:47
002028.XSHE,2020-07-28,2020,q4,1302,东吴证券,东吴证券2020-07-28发布的报告研报摘要中含有超预期信息,2020-07-28,思源电气：盈利大幅改善、外延继续开拓,"曾朵红,柴嘉辉",1160000000.0000,,,,,,,,,,,,,,,,,,,,,,,,,,,2021-04-12 11:01:47,2021-04-12 11:01:47
002028.XSHE,2020-07-28,2020,q4,1302,华金证券,华金证券2020-07-28发布的报告研报摘要中含有超预期信息,2020-07-28,思源电气：上半年盈利大幅改善 Q3业绩预告高增,肖索,1132000000.0000,,,,,,,,,,,,,,,,,,,,,,,,,,,2021-04-12 11:01:47,2021-04-12 11:01:47
002028.XSHE,2020-08-01,2020,q4,1102,招商证券,"招商证券2020-08-01发布的报告上调了该股盈利预测,分析师：游家训,普绍增",2020-08-01,思源电气：高质量的高增长 业务布局与管理水平能支撑成为大企业,"游家训,普绍增",1101000000.0000,2020-07-27,思源电气：3季度指引高增长 进入新一轮拓展期,1080000000.0000,,,,,,,,,,,,,,,,,,,,,,,0.0194,2021-04-12 11:01:47,2021-04-12 11:01:47
002028.XSHE,2020-10-17,2020,q3,1405,,2020-10-17发布的财报中，3季度净利润增速超出机构的一致预期,,,,,,,,2020-10-17,financial_reports,,,,371640038.5100,,,,0.7043,,,,,,,,2020-10-16,,358542731.7971,,,0.0365,2021-04-12 11:01:47,2021-04-12 11:01:47
002028.XSHE,2020-10-17,2020,q3,1501,,2020-10-17发布的财报净利润同比增速超出一致预期2020同比增速,,,,,,,,2020-10-17,financial_reports,,,832631761.4400,,,1.0293,,,,,,,,,,2020-10-16,1061647859.7750,,0.9041,,0.1252,2021-04-12 11:01:47,2021-04-12 11:01:47
002028.XSHE,2020-10-17,2020,q3,1503,,2020-10-17发布的财报净利润同比增速超出2020一致预期同比增速,,,,,,,,2020-10-17,financial_reports,,,,371640038.5100,,,,0.7043,,,,,,,,2020-10-16,,358542731.7971,,0.6442,0.0601,2021-04-12 11:01:47,2021-04-12 11:01:47
002028.XSHE,2020-10-17,2020,q4,1101,中泰证券,"中泰证券2020-10-17发布的报告上调了该股盈利预测,分析师：苏晨,张哲源",2020-10-17,思源电气：业绩符合预期 电力设备民企龙头加速扩张,"苏晨,张哲源",1184200000.0000,2020-07-27,思源电气：业绩超预期 电力设备民企龙头逆势高增,1078700000.0000,,,,,,,,,,,,,,,,,,,,,,,0.0978,2021-04-12 11:01:47,2021-04-12 11:01:47
002028.XSHE,2020-10-17,2020,q4,1302,中泰证券,中泰证券2020-10-17发布的报告研报摘要中含有超预期信息,2020-10-17,思源电气：业绩符合预期 电力设备民企龙头加速扩张,"苏晨,张哲源",1184200000.0000,,,,,,,,,,,,,,,,,,,,,,,,,,,2021-04-12 11:01:47,2021-04-12 11:01:47
002028.XSHE,2020-10-18,2020,q4,1302,东吴证券,东吴证券2020-10-18发布的报告研报摘要中含有超预期信息,2020-10-18,思源电气：Q3延续高增、毛利率继续改善,"曾朵红,柴嘉辉",1160000000.0000,,,,,,,,,,,,,,,,,,,,,,,,,,,2021-04-12 11:01:47,2021-04-12 11:01:47
002028.XSHE,2021-03-18,2020,q4,1301,招商证券,招商证券2021-03-18发布的报告研报标题中含有超预期信息,2021-03-18,思源电气：Q1业绩大超预期 站上发展新起点,"游家训,刘珺涵",943000000.0000,,,,,,,,,,,,,,,,,,,,,,,,,,,2021-04-12 11:01:47,2021-04-12 11:01:47
002028.XSHE,2021-03-18,2020,q4,1301,东吴证券,东吴证券2021-03-18发布的报告研报标题中含有超预期信息,2021-03-18,思源电气：盈利能力继续改善 Q1业绩大超预期,"曾朵红,柴嘉辉",943000000.0000,,,,,,,,,,,,,,,,,,,,,,,,,,,2021-04-12 11:01:47,2021-04-12 11:01:47
002028.XSHE,2021-03-18,2020,q4,1302,招商证券,招商证券2021-03-18发布的报告研报摘要中含有超预期信息,2021-03-18,思源电气：Q1业绩大超预期 站上发展新起点,"游家训,刘珺涵",943000000.0000,,,,,,,,,,,,,,,,,,,,,,,,,,,2021-04-12 11:01:47,2021-04-12 11:01:47
002028.XSHE,2021-03-18,2020,q4,1302,东吴证券,东吴证券2021-03-18发布的报告研报摘要中含有超预期信息,2021-03-18,思源电气：盈利能力继续改善 Q1业绩大超预期,"曾朵红,柴嘉辉",943000000.0000,,,,,,,,,,,,,,,,,,,,,,,,,,,2021-04-12 11:01:47,2021-04-12 11:01:47
002028.XSHE,2021-03-18,2021,q1,1502,,2021-03-18发布的业绩预告同比增速超出一致预期2021同比增速,,,,,,,,2021-03-18,performance_forecast,340000000.0000,240000000.0000,,,1.7220,,,,,,,,,,,2021-03-17,1274162471.7050,,0.3652,,1.3568,2021-04-17 08:48:30,2021-04-17 08:48:30
002028.XSHE,2021-03-18,2021,q1,1504,,2021-03-18发布的业绩预告同比增速超出2021一致预期同比增速,,,,,,,,2021-03-18,performance_forecast,340000000.0000,240000000.0000,,,,,1.7220,,,,,,,,,2021-03-17,,120370055.4846,,0.3652,1.3568,2021-04-17 08:48:30,2021-04-17 08:48:30
002028.XSHE,2021-04-18,2021,q4,1102,东吴证券,"东吴证券2021-04-18发布的报告上调了该股盈利预测,分析师：曾朵红,柴嘉辉",2021-04-18,思源电气：年报符合预期 21年海内外业务有望提速,"曾朵红,柴嘉辉",1327000000.0000,2021-03-18,思源电气：盈利能力继续改善 Q1业绩大超预期,1313000000.0000,,,,,,,,,,,,,,,,,,,,,,,0.0107,2021-04-19 14:55:09,2021-04-19 14:55:09
002028.XSHE,2021-04-18,2021,q4,1302,东吴证券,东吴证券2021-04-18发布的报告研报摘要中含有超预期信息,2021-04-18,思源电气：年报符合预期 21年海内外业务有望提速,"曾朵红,柴嘉辉",1327000000.0000,,,,,,,,,,,,,,,,,,,,,,,,,,,2021-04-19 14:55:09,2021-04-19 14:55:09
002028.XSHE,2021-04-24,2021,q1,1405,,2021-04-24发布的财报中，1季度净利润增速超出机构的一致预期,,,,,,,,2021-04-24,financial_reports,,,,280376659.1900,,,,2.1799,,,,,,,,2021-04-23,,123694074.7431,,,1.2667,2021-04-24 06:58:18,2021-04-24 06:58:18
002028.XSHE,2021-04-24,2021,q1,1501,,2021-04-24发布的财报净利润同比增速超出一致预期2021同比增速,,,,,,,,2021-04-24,financial_reports,,,280376659.1900,,,2.1799,,,,,,,,,,2021-04-23,1309340000.0000,,0.4029,,1.7771,2021-04-24 06:58:18,2021-04-24 06:58:18
002028.XSHE,2021-04-24,2021,q1,1503,,2021-04-24发布的财报净利润同比增速超出2021一致预期同比增速,,,,,,,,2021-04-24,financial_reports,,,,280376659.1900,,,,2.1799,,,,,,,,2021-04-23,,123694074.7431,,0.4029,1.7770,2021-04-24 06:58:18,2021-04-24 06:58:18
002028.XSHE,2021-04-25,2021,q4,1301,中泰证券,中泰证券2021-04-25发布的报告研报标题中含有超预期信息,2021-04-25,思源电气：Q1业绩超预期 电力设备民企龙头加速扩张,"苏晨,张哲源",1345200000.0000,,,,,,,,,,,,,,,,,,,,,,,,,,,2021-04-27 06:57:04,2021-04-27 06:57:04
002028.XSHE,2021-04-27,2021,q4,1301,华金证券,华金证券2021-04-27发布的报告研报标题中含有超预期信息,2021-04-27,思源电气：业绩持续高增长 海外复苏有望超预期,肖索,1269000000.0000,,,,,,,,,,,,,,,,,,,,,,,,,,,2021-04-30 07:01:47,2021-04-30 07:01:47
002028.XSHE,2021-10-23,2021,q4,1301,招商证券,招商证券2021-10-23发布的报告研报标题中含有超预期信息,2021-10-23,思源电气：三季度净利润环比稳健增长、业绩超预期,"游家训,刘巍",1229000000.0000,,,,,,,,,,,,,,,,,,,,,,,,,,,2021-10-25 13:25:39,2021-10-25 13:25:39
002028.XSHE,2022-01-17,2021,q4,1301,招商证券,招商证券2022-01-17发布的报告研报标题中含有超预期信息,2022-01-17,思源电气：公司经营稳健、业绩略超预期,"游家训,刘巍",1211000000.0000,,,,,,,,,,,,,,,,,,,,,,,,,,,2022-01-19 09:57:01,2022-01-19 09:57:01
002028.XSHE,2022-01-17,2021,q4,1302,招商证券,招商证券2022-01-17发布的报告研报摘要中含有超预期信息,2022-01-17,思源电气：公司经营稳健、业绩略超预期,"游家训,刘巍",1211000000.0000,,,,,,,,,,,,,,,,,,,,,,,,,,,2022-01-19 09:57:01,2022-01-19 09:57:01
002028.XSHE,2022-07-13,2022,q4,1301,招商证券,招商证券2022-07-13发布的报告研报标题中含有超预期信息,2022-07-13,思源电气：中报业绩超预期 公司经营环比不断向好,"游家训,刘巍",1360000000.0000,,,,,,,,,,,,,,,,,,,,,,,,,,,2022-07-14 06:27:46,2022-07-14 06:27:46
002028.XSHE,2022-07-13,2022,q4,1301,中金公司,中金公司2022-07-13发布的报告研报标题中含有超预期信息,2022-07-13,思源电气：中报业绩预告超预期 2Q收入高增、净利润率稳步修复,"刘倩文,曲昊源,曾韬",1458000000.0000,,,,,,,,,,,,,,,,,,,,,,,,,,,2022-07-13 12:28:11,2022-07-13 12:28:11
002028.XSHE,2022-07-13,2022,q4,1302,招商证券,招商证券2022-07-13发布的报告研报摘要中含有超预期信息,2022-07-13,思源电气：中报业绩超预期 公司经营环比不断向好,"游家训,刘巍",1360000000.0000,,,,,,,,,,,,,,,,,,,,,,,,,,,2022-07-14 06:27:46,2022-07-14 06:27:46
002028.XSHE,2022-07-14,2022,q4,1102,东吴证券,"东吴证券2022-07-14发布的报告上调了该股盈利预测,分析师：曾朵红,谢哲栋",2022-07-14,思源电气：产能快速恢复、经营环比改善 中报预告超市场预期,"曾朵红,谢哲栋",1371000000.0000,2022-05-11,思源电气：网内新常态、网外再扩张 平台生态助长跑,1330000000.0000,,,,,,,,,,,,,,,,,,,,,,,0.0308,2022-07-15 07:05:33,2022-07-15 07:05:33
002028.XSHE,2022-07-14,2022,q4,1301,东吴证券,东吴证券2022-07-14发布的报告研报标题中含有超预期信息,2022-07-14,思源电气：产能快速恢复、经营环比改善 中报预告超市场预期,"曾朵红,谢哲栋",1371000000.0000,,,,,,,,,,,,,,,,,,,,,,,,,,,2022-07-15 07:05:33,2022-07-15 07:05:33
002028.XSHE,2022-08-03,2022,q4,1302,西部证券,西部证券2022-08-03发布的报告研报摘要中含有超预期信息,2022-08-03,思源电气：民营输配电设备巨头 未来增长前景可观,杨敬梅,1370000000.0000,,,,,,,,,,,,,,,,,,,,,,,,,,,2022-08-04 06:44:32,2022-08-04 06:44:32
002028.XSHE,2022-08-22,2022,q4,1301,招商证券,招商证券2022-08-22发布的报告研报标题中含有超预期信息,2022-08-22,思源电气：二季度业绩超预期 公司环比经营态势不断向好,"游家训,刘巍",1360000000.0000,,,,,,,,,,,,,,,,,,,,,,,,,,,2022-08-24 07:43:36,2022-08-24 07:43:36
002028.XSHE,2022-08-22,2022,q4,1302,招商证券,招商证券2022-08-22发布的报告研报摘要中含有超预期信息,2022-08-22,思源电气：二季度业绩超预期 公司环比经营态势不断向好,"游家训,刘巍",1360000000.0000,,,,,,,,,,,,,,,,,,,,,,,,,,,2022-08-24 07:43:36,2022-08-24 07:43:36
002028.XSHE,2022-08-22,2022,q4,1302,东吴证券,东吴证券2022-08-22发布的报告研报摘要中含有超预期信息,2022-08-22,思源电气：业绩符合预期 营收环比改善,"曾朵红,谢哲栋",1371000000.0000,,,,,,,,,,,,,,,,,,,,,,,,,,,2022-08-23 07:18:36,2022-08-23 07:18:36
002028.XSHE,2022-08-23,2022,q4,1302,西部证券,西部证券2022-08-23发布的报告研报摘要中含有超预期信息,2022-08-23,思源电气：摆脱疫情影响业绩表现良好 GIS业务增速迅猛,杨敬梅,1370000000.0000,,,,,,,,,,,,,,,,,,,,,,,,,,,2022-08-24 15:56:43,2022-08-24 15:56:43
002028.XSHE,2022-08-25,2022,q4,1301,中信建投,中信建投2022-08-25发布的报告研报标题中含有超预期信息,2022-08-25,思源电气：营收、业绩超预期 毛利暂时性承压 修复已在路上,朱玥,1329000000.0000,,,,,,,,,,,,,,,,,,,,,,,,,,,2022-08-27 07:58:22,2022-08-27 07:58:22
002028.XSHE,2022-08-25,2022,q4,1302,中信建投,中信建投2022-08-25发布的报告研报摘要中含有超预期信息,2022-08-25,思源电气：营收、业绩超预期 毛利暂时性承压 修复已在路上,朱玥,1329000000.0000,,,,,,,,,,,,,,,,,,,,,,,,,,,2022-08-27 07:58:22,2022-08-27 07:58:22
002028.XSHE,2022-10-23,2022,q4,1302,西南证券,西南证券2022-10-23发布的报告研报摘要中含有超预期信息,2022-10-23,思源电气：Q3扣非利润环比增长 业绩有待充分释放,韩晨,1272230000.0000,,,,,,,,,,,,,,,,,,,,,,,,,,,2022-10-25 07:58:41,2022-10-25 07:58:41
002028.XSHE,2022-10-24,2022,q4,1302,东吴证券,东吴证券2022-10-24发布的报告研报摘要中含有超预期信息,2022-10-24,思源电气：业绩低于市场预期 利润率仍有向上修复空间,"曾朵红,谢哲栋",1202000000.0000,,,,,,,,,,,,,,,,,,,,,,,,,,,2022-10-25 15:06:46,2022-10-25 15:06:46
002028.XSHE,2022-11-24,2022,q4,1302,东吴证券（国际）,东吴证券（国际）2022-11-24发布的报告研报摘要中含有超预期信息,2022-11-24,思源电气：业绩低于市场预期 利润率仍有向上修复空间,陈睿彬,1202000000.0000,,,,,,,,,,,,,,,,,,,,,,,,,,,2022-11-24 13:51:35,2022-11-24 13:51:35
002028.XSHE,2023-01-16,2022,q4,1102,东吴证券,"东吴证券2023-01-16发布的报告上调了该股盈利预测,分析师：曾朵红,谢哲栋",2023-01-16,思源电气：业绩略超预期 主业压力期已过 新业务星辰大海,"曾朵红,谢哲栋",1218000000.0000,2022-10-24,思源电气：业绩低于市场预期 利润率仍有向上修复空间,1202000000.0000,,,,,,,,,,,,,,,,,,,,,,,0.0133,2023-01-17 07:26:25,2023-01-17 07:26:25
002028.XSHE,2023-01-16,2022,q4,1301,东吴证券,东吴证券2023-01-16发布的报告研报标题中含有超预期信息,2023-01-16,思源电气：业绩略超预期 主业压力期已过 新业务星辰大海,"曾朵红,谢哲栋",1218000000.0000,,,,,,,,,,,,,,,,,,,,,,,,,,,2023-01-17 07:26:25,2023-01-17 07:26:25
002028.XSHE,2023-01-16,2022,q4,1302,东吴证券,东吴证券2023-01-16发布的报告研报摘要中含有超预期信息,2023-01-16,思源电气：业绩略超预期 主业压力期已过 新业务星辰大海,"曾朵红,谢哲栋",1218000000.0000,,,,,,,,,,,,,,,,,,,,,,,,,,,2023-01-17 07:26:25,2023-01-17 07:26:25
002028.XSHE,2023-01-17,2022,q4,1101,申万宏源,"申万宏源2023-01-17发布的报告上调了该股盈利预测,分析师：查浩",2023-01-17,思源电气：业绩略好于预期 有望受益电网和集中式光伏高景气,查浩,1218000000.0000,2022-10-24,思源电气：收入端表现良好 毛利率仍有改善空间,1122000000.0000,,,,,,,,,,,,,,,,,,,,,,,0.0856,2023-01-19 07:47:55,2023-01-19 07:47:55
002028.XSHE,2023-04-15,2022,q4,1405,,2023-04-15发布的财报中，4季度净利润增速超出机构的一致预期,,,,,,,,2023-04-15,financial_reports,,,,434758824.9600,,,,0.4077,,,,,,,,2023-04-14,,432329201.9371,,,0.0056,2023-04-15 09:54:48,2023-04-15 09:54:48
002028.XSHE,2023-04-15,2022,q4,1503,,2023-04-15发布的财报净利润同比增速超出2022一致预期同比增速,,,,,,,,2023-04-15,financial_reports,,,,434758824.9600,,,,0.4077,,,,,,,,2023-04-14,,432329201.9371,,0.3998,0.0079,2023-04-15 09:54:48,2023-04-15 09:54:48
002028.XSHE,2023-04-15,2023,q4,1301,中金公司,中金公司2023-04-15发布的报告研报标题中含有超预期信息,2023-04-15,思源电气：2023年经营目标超预期 彰显公司成长信心,曾韬,1673000000.0000,,,,,,,,,,,,,,,,,,,,,,,,,,,2023-04-17 06:28:00,2023-04-17 06:28:00
002028.XSHE,2023-04-16,2023,q4,1302,广发证券,广发证券2023-04-16发布的报告研报摘要中含有超预期信息,2023-04-16,思源电气：23年收入目标稳健增长 业绩有望重回快增轨道,"陈子坤,纪成炜,陈昕",1604000000.0000,,,,,,,,,,,,,,,,,,,,,,,,,,,2023-04-17 15:52:44,2023-04-17 15:52:44
002028.XSHE,2023-04-17,2023,q4,1101,招商证券,"招商证券2023-04-17发布的报告上调了该股盈利预测,分析师：游家训,刘巍",2023-04-17,思源电气：2022年Q4业绩强劲增长 2023年订单增长目标加速,"游家训,刘巍",1616000000.0000,2023-01-10,思源电气：收购烯晶碳能股权、推动超级电容在储能和乘用车领域应用 打造公司第二增长曲线,1504000000.0000,,,,,,,,,,,,,,,,,,,,,,,0.0745,2023-04-18 15:06:21,2023-04-18 15:06:21
002028.XSHE,2023-04-17,2023,q4,1101,信达证券,"信达证券2023-04-17发布的报告上调了该股盈利预测,分析师：武浩,曾一赟,陆嘉敏",2023-04-17,思源电气：23年业绩目标超市场预期 一次设备龙头成长动力充足,"武浩,曾一赟,陆嘉敏",1644000000.0000,2022-11-15,思源电气：伴电力系统成长 享业绩行稳致远,1547000000.0000,,,,,,,,,,,,,,,,,,,,,,,0.0627,2023-04-18 07:00:33,2023-04-18 07:00:33
002028.XSHE,2023-04-17,2023,q4,1301,信达证券,信达证券2023-04-17发布的报告研报标题中含有超预期信息,2023-04-17,思源电气：23年业绩目标超市场预期 一次设备龙头成长动力充足,"武浩,曾一赟,陆嘉敏",1644000000.0000,,,,,,,,,,,,,,,,,,,,,,,,,,,2023-04-18 07:00:33,2023-04-18 07:00:33
002028.XSHE,2023-04-17,2023,q4,1302,信达证券,信达证券2023-04-17发布的报告研报摘要中含有超预期信息,2023-04-17,思源电气：23年业绩目标超市场预期 一次设备龙头成长动力充足,"武浩,曾一赟,陆嘉敏",1644000000.0000,,,,,,,,,,,,,,,,,,,,,,,,,,,2023-04-18 13:16:04,2023-04-18 13:16:04
002028.XSHE,2023-04-18,2023,q4,1101,西部证券,"西部证券2023-04-18发布的报告上调了该股盈利预测,分析师：杨敬梅",2023-04-18,思源电气：业绩符合预期 疫后有望恢复加速,杨敬梅,1640000000.0000,2022-10-25,思源电气：利润率恢复情况不及预期 订单进展情况良好,1553000000.0000,,,,,,,,,,,,,,,,,,,,,,,0.0560,2023-04-19 07:47:50,2023-04-19 07:47:50
002028.XSHE,2023-04-19,2023,q4,1101,中信证券,"中信证券2023-04-19发布的报告上调了该股盈利预测,分析师：华鹏伟,华夏",2023-04-19,思源电气：多维度市场并进 龙头行稳致远,"华鹏伟,华夏",1605000000.0000,2022-10-31,思源电气：收入单季峰值 静待盈利修复,1574000000.0000,,,,,,,,,,,,,,,,,,,,,,,0.0197,2023-04-19 15:59:05,2023-04-19 15:59:05
002028.XSHE,2023-04-22,2023,q1,1405,,2023-04-22发布的财报中，1季度净利润增速超出机构的一致预期,,,,,,,,2023-04-22,financial_reports,,,,218414345.9500,,,,0.4354,,,,,,,,2023-04-21,,200264497.8623,,,0.0906,2023-04-24 10:17:26,2023-04-24 10:17:26
002028.XSHE,2023-04-22,2023,q1,1501,,2023-04-22发布的财报净利润同比增速超出一致预期2023同比增速,,,,,,,,2023-04-22,financial_reports,,,218414345.9500,,,0.4354,,,,,,,,,,2023-04-21,1606363132.8300,,0.3161,,0.1192,2023-04-24 10:17:26,2023-04-24 10:17:26
002028.XSHE,2023-04-22,2023,q1,1503,,2023-04-22发布的财报净利润同比增速超出2023一致预期同比增速,,,,,,,,2023-04-22,financial_reports,,,,218414345.9500,,,,0.4354,,,,,,,,2023-04-21,,200264497.8623,,0.3161,0.1193,2023-04-24 10:17:26,2023-04-24 10:17:26
002028.XSHE,2023-07-12,2023,q2,1502,,2023-07-12发布的业绩快报同比增速超出一致预期2023同比增速,,,,,,,,2023-07-12,current_performance,,,700535794.0000,,,0.4808,,,,,,,,,,2023-07-11,1613046645.3143,,0.3216,,0.1592,2023-07-12 06:22:18,2023-07-12 06:22:18
002028.XSHE,2023-07-12,2023,q2,1504,,2023-07-12发布的业绩快报同比增速超出2023一致预期同比增速,,,,,,,,2023-07-12,current_performance,,,,700535794.0000,,,,0.5024,,,,,,,,2023-07-11,,418913392.6068,,0.3054,0.1970,2023-07-12 06:22:18,2023-07-12 06:22:18
002028.XSHE,2023-07-12,2023,q4,1101,国信证券,"国信证券2023-07-12发布的报告上调了该股盈利预测,分析师：王蔚祺,王晓声",2023-07-12,思源电气：业绩表现亮眼 国内外业务迎来订单收入景气共振,"王蔚祺,王晓声",1618000000.0000,2023-03-02,思源电气：深耕电力设备行业三十载 收购烯晶碳能股权打造第二增长曲线,1573000000.0000,,,,,,,,,,,,,,,,,,,,,,,0.0286,2023-07-12 14:29:23,2023-07-12 14:29:23
002028.XSHE,2023-07-12,2023,q4,1102,东吴证券,"东吴证券2023-07-12发布的报告上调了该股盈利预测,分析师：曾朵红,谢哲栋",2023-07-12,思源电气2023年半年度业绩快报点评：业绩超市场预期 盈利能力持续修复,"曾朵红,谢哲栋",1702000000.0000,2023-04-23,思源电气：业绩符合预期 延续经营韧性,1540000000.0000,,,,,,,,,,,,,,,,,,,,,,,0.1052,2023-07-12 12:32:05,2023-07-12 12:32:05
002028.XSHE,2023-07-12,2023,q4,1301,中金公司,中金公司2023-07-12发布的报告研报标题中含有超预期信息,2023-07-12,思源电气：1H23业绩快报超预期 盈利修复带来利润弹性,"曲昊源,曾韬",1673000000.0000,,,,,,,,,,,,,,,,,,,,,,,,,,,2023-07-12 10:39:47,2023-07-12 10:39:47
002028.XSHE,2023-07-12,2023,q4,1301,东吴证券,东吴证券2023-07-12发布的报告研报标题中含有超预期信息,2023-07-12,思源电气2023年半年度业绩快报点评：业绩超市场预期 盈利能力持续修复,"曾朵红,谢哲栋",1702000000.0000,,,,,,,,,,,,,,,,,,,,,,,,,,,2023-07-12 12:32:05,2023-07-12 12:32:05
002028.XSHE,2023-07-12,2023,q4,1302,招商证券,招商证券2023-07-12发布的报告研报摘要中含有超预期信息,2023-07-12,思源电气：上半年业绩快速增长 新签订单势头强劲,"游家训,刘巍",1616000000.0000,,,,,,,,,,,,,,,,,,,,,,,,,,,2023-07-13 06:23:50,2023-07-13 06:23:50
002028.XSHE,2023-07-12,2023,q4,1302,东吴证券,东吴证券2023-07-12发布的报告研报摘要中含有超预期信息,2023-07-12,思源电气2023年半年度业绩快报点评：业绩超市场预期 盈利能力持续修复,"曾朵红,谢哲栋",1702000000.0000,,,,,,,,,,,,,,,,,,,,,,,,,,,2023-07-12 12:32:05,2023-07-12 12:32:05
002028.XSHE,2023-07-14,2023,q4,1102,海通证券,"海通证券2023-07-14发布的报告上调了该股盈利预测,分析师：房青,吴杰",2023-07-14,思源电气2023半年报业绩快报点评：国内海外齐发力 上半年业绩快速增长,"房青,吴杰",1648000000.0000,2023-04-25,思源电气：一季度业绩快速增长,1589000000.0000,,,,,,,,,,,,,,,,,,,,,,,0.0371,2023-07-14 13:44:19,2023-07-14 13:44:19
002028.XSHE,2023-08-18,2023,q4,1301,中金公司,中金公司2023-08-18发布的报告研报标题中含有超预期信息,2023-08-18,思源电气：盈利修复超预期 海外加速成长、国内持续稳健,"刘倩文,曲昊源,曾韬",1673000000.0000,,,,,,,,,,,,,,,,,,,,,,,,,,,2023-08-21 08:09:53,2023-08-21 08:09:53
002028.XSHE,2023-08-19,2023,q2,1405,,2023-08-19发布的财报中，2季度净利润增速超出机构的一致预期,,,,,,,,2023-08-19,financial_reports,,,,482121447.8300,,,,0.5024,,,,,,,,2023-08-18,,429439177.2533,,,0.1227,2023-08-19 09:01:56,2023-08-19 09:01:56
002028.XSHE,2023-08-19,2023,q2,1501,,2023-08-19发布的财报净利润同比增速超出一致预期2023同比增速,,,,,,,,2023-08-19,financial_reports,,,700535793.7800,,,0.4808,,,,,,,,,,2023-08-18,1648063829.2945,,0.3503,,0.1305,2023-08-19 09:01:56,2023-08-19 09:01:56
002028.XSHE,2023-08-19,2023,q2,1503,,2023-08-19发布的财报净利润同比增速超出2023一致预期同比增速,,,,,,,,2023-08-19,financial_reports,,,,482121447.8300,,,,0.5024,,,,,,,,2023-08-18,,429439177.2533,,0.3382,0.1642,2023-08-19 09:01:56,2023-08-19 09:01:56
002028.XSHE,2023-08-19,2023,q4,1101,信达证券,"信达证券2023-08-19发布的报告上调了该股盈利预测,分析师：武浩,曾一赟",2023-08-19,思源电气：23年H1利润增速超预期 看好公司下半年业绩持续兑现,"武浩,曾一赟",1815000000.0000,2023-04-23,思源电气：23年Q1利润同比高增 看好公司长期稳步成长,1644000000.0000,,,,,,,,,,,,,,,,,,,,,,,0.1040,2023-08-20 15:49:32,2023-08-20 15:49:32
002028.XSHE,2023-08-19,2023,q4,1301,信达证券,信达证券2023-08-19发布的报告研报标题中含有超预期信息,2023-08-19,思源电气：23年H1利润增速超预期 看好公司下半年业绩持续兑现,"武浩,曾一赟",1815000000.0000,,,,,,,,,,,,,,,,,,,,,,,,,,,2023-08-20 15:49:32,2023-08-20 15:49:32
002028.XSHE,2023-08-19,2023,q4,1302,信达证券,信达证券2023-08-19发布的报告研报摘要中含有超预期信息,2023-08-19,思源电气：23年H1利润增速超预期 看好公司下半年业绩持续兑现,"武浩,曾一赟",1815000000.0000,,,,,,,,,,,,,,,,,,,,,,,,,,,2023-08-20 15:49:32,2023-08-20 15:49:32
002028.XSHE,2023-08-20,2023,q4,1101,西部证券,"西部证券2023-08-20发布的报告上调了该股盈利预测,分析师：杨敬梅",2023-08-20,思源电气：无功补偿与线圈快速增长 盈利能力修复明显,杨敬梅,1695000000.0000,2023-04-18,思源电气：业绩符合预期 疫后有望恢复加速,1640000000.0000,,,,,,,,,,,,,,,,,,,,,,,0.0335,2023-08-21 12:10:34,2023-08-21 12:10:34
002028.XSHE,2023-08-21,2023,q4,1101,西南证券,"西南证券2023-08-21发布的报告上调了该股盈利预测,分析师：韩晨",2023-08-21,思源电气：业绩符合预期 盈利修复向上,韩晨,1683490000.0000,2023-04-17,思源电气：业绩符合预期 网内网外齐头并进,1557160000.0000,,,,,,,,,,,,,,,,,,,,,,,0.0811,2023-08-23 10:50:01,2023-08-23 10:50:01
002028.XSHE,2023-08-21,2023,q4,1101,广发证券,"广发证券2023-08-21发布的报告上调了该股盈利预测,分析师：陈子坤,纪成炜,陈昕",2023-08-21,思源电气：盈利能力逐步改善 国内加海外订单支撑未来成长,"陈子坤,纪成炜,陈昕",1719000000.0000,2023-04-16,思源电气：23年收入目标稳健增长 业绩有望重回快增轨道,1604000000.0000,,,,,,,,,,,,,,,,,,,,,,,0.0717,2023-08-23 07:02:18,2023-08-23 07:02:18
002028.XSHE,2023-08-21,2023,q4,1101,国海证券,"国海证券2023-08-21发布的报告上调了该股盈利预测,分析师：李航",2023-08-21,思源电气2023年半年报业绩点评：盈利水平明显提升 海外业务进入加速增长期,李航,1662000000.0000,2023-04-17,思源电气：新业务打造第二增长曲线 全球市场贡献更大增长空间,1627000000.0000,,,,,,,,,,,,,,,,,,,,,,,0.0215,2023-08-22 11:07:42,2023-08-22 11:07:42
002028.XSHE,2023-08-21,2023,q4,1101,中信证券,"中信证券2023-08-21发布的报告上调了该股盈利预测,分析师：华鹏伟,华夏",2023-08-21,思源电气2023年中报点评：业绩表现强劲 远景空间开阔,"华鹏伟,华夏",1685000000.0000,2023-04-19,思源电气：多维度市场并进 龙头行稳致远,1605000000.0000,,,,,,,,,,,,,,,,,,,,,,,0.0498,2023-08-23 07:02:18,2023-08-23 07:02:18
002028.XSHE,2023-08-22,2023,q4,1101,申万宏源,"申万宏源2023-08-22发布的报告上调了该股盈利预测,分析师：查浩",2023-08-22,思源电气2023年半年报点评：业绩符合预期 电网电源海外三大方向有望持续发力,查浩,1722000000.0000,2023-04-24,思源电气：业绩同比显著恢复发力功率型储能业务,1647000000.0000,,,,,,,,,,,,,,,,,,,,,,,0.0455,2023-08-24 09:01:13,2023-08-24 09:01:13
002028.XSHE,2023-08-22,2023,q4,1302,招商证券,招商证券2023-08-22发布的报告研报摘要中含有超预期信息,2023-08-22,思源电气：上半年业绩快速增长 海外业务发展势头强劲,"游家训,刘巍",1616000000.0000,,,,,,,,,,,,,,,,,,,,,,,,,,,2023-08-23 07:02:18,2023-08-23 07:02:18
002028.XSHE,2023-10-20,2023,q4,1301,中金公司,中金公司2023-10-20发布的报告研报标题中含有超预期信息,2023-10-20,思源电气：3Q业绩超市场预期 毛利率创2021年来新高,"刘倩文,曲昊源,曾韬",1673000000.0000,,,,,,,,,,,,,,,,,,,,,,,,,,,2023-10-22 15:13:38,2023-10-22 15:13:38
002028.XSHE,2023-10-21,2023,q3,1405,,2023-10-21发布的财报中，3季度净利润增速超出机构的一致预期,,,,,,,,2023-10-21,financial_reports,,,,447755476.1000,,,,0.4320,,,,,,,,2023-10-20,,408757610.7991,,,0.0954,2023-10-21 09:21:26,2023-10-21 09:21:26
002028.XSHE,2023-10-21,2023,q3,1501,,2023-10-21发布的财报净利润同比增速超出一致预期2023同比增速,,,,,,,,2023-10-21,financial_reports,,,1148291269.8800,,,0.4614,,,,,,,,,,2023-10-20,1677668613.0700,,0.3746,,0.0868,2023-10-21 09:21:26,2023-10-21 09:21:26
002028.XSHE,2023-10-21,2023,q3,1503,,2023-10-21发布的财报净利润同比增速超出2023一致预期同比增速,,,,,,,,2023-10-21,financial_reports,,,,447755476.1000,,,,0.4320,,,,,,,,2023-10-20,,408757610.7991,,0.3073,0.1247,2023-10-21 09:21:26,2023-10-21 09:21:26
002028.XSHE,2023-10-22,2023,q4,1301,广发证券,广发证券2023-10-22发布的报告研报标题中含有超预期信息,2023-10-22,思源电气：业绩略超市场预期 国内外订单高增态势延续,"陈子坤,纪成炜,陈昕 等",1719000000.0000,,,,,,,,,,,,,,,,,,,,,,,,,,,2023-10-24 06:58:14,2023-10-24 06:58:14
002028.XSHE,2023-10-22,2023,q4,1301,东吴证券,东吴证券2023-10-22发布的报告研报标题中含有超预期信息,2023-10-22,思源电气：业绩略超市场预期 看好全年高质量增长,"曾朵红,谢哲栋",1702000000.0000,,,,,,,,,,,,,,,,,,,,,,,,,,,2023-10-23 10:33:43,2023-10-23 10:33:43
002028.XSHE,2023-10-22,2023,q4,1302,国信证券,国信证券2023-10-22发布的报告研报摘要中含有超预期信息,2023-10-22,思源电气：电力设备业务国内外景气共振 储能业务矩阵初具雏形,"王蔚祺,王晓声",1618000000.0000,,,,,,,,,,,,,,,,,,,,,,,,,,,2023-10-23 06:06:19,2023-10-23 06:06:19
002028.XSHE,2023-10-23,2023,q4,1302,招商证券,招商证券2023-10-23发布的报告研报摘要中含有超预期信息,2023-10-23,思源电气：三季度业绩强劲增长 订单增速良,"游家训,刘巍",1616000000.0000,,,,,,,,,,,,,,,,,,,,,,,,,,,2023-10-24 06:58:14,2023-10-24 06:58:14
002028.XSHE,2023-10-23,2023,q4,1302,申万宏源,申万宏源2023-10-23发布的报告研报摘要中含有超预期信息,2023-10-23,思源电气：毛利率显著改善 储能业务进展顺利,查浩,1722000000.0000,,,,,,,,,,,,,,,,,,,,,,,,,,,2023-10-25 06:42:40,2023-10-25 06:42:40
002028.XSHE,2023-10-24,2023,q4,1101,海通证券,"海通证券2023-10-24发布的报告上调了该股盈利预测,分析师：房青,吴杰",2023-10-24,思源电气：毛利率持续改善 海外订单持续增长,"房青,吴杰",1654000000.0000,2023-07-14,思源电气2023半年报业绩快报点评：国内海外齐发力 上半年业绩快速增长,1648000000.0000,,,,,,,,,,,,,,,,,,,,,,,0.0036,2023-10-25 06:42:40,2023-10-25 06:42:40
002028.XSHE,2023-10-24,2023,q4,1102,海通证券,"海通证券2023-10-24发布的报告上调了该股盈利预测,分析师：房青,吴杰",2023-10-24,思源电气：毛利率持续改善 海外订单持续增长,"房青,吴杰",1654000000.0000,2023-07-14,思源电气2023半年报业绩快报点评：国内海外齐发力 上半年业绩快速增长,1648000000.0000,,,,,,,,,,,,,,,,,,,,,,,0.0036,2023-10-25 11:34:21,2023-10-25 11:34:21
002028.XSHE,2023-10-25,2023,q4,1101,国海证券,"国海证券2023-10-25发布的报告上调了该股盈利预测,分析师：李航",2023-10-25,思源电气2023年三季报点评：盈利较快增长 海外市场开拓步入收获期,李航,1699000000.0000,2023-08-21,思源电气2023年半年报业绩点评：盈利水平明显提升 海外业务进入加速增长期,1662000000.0000,,,,,,,,,,,,,,,,,,,,,,,0.0223,2023-10-26 07:16:29,2023-10-26 07:16:29
002028.XSHE,2023-10-25,2023,q4,1302,国海证券,国海证券2023-10-25发布的报告研报摘要中含有超预期信息,2023-10-25,思源电气2023年三季报点评：盈利较快增长 海外市场开拓步入收获期,李航,1699000000.0000,,,,,,,,,,,,,,,,,,,,,,,,,,,2023-10-26 07:16:29,2023-10-26 07:16:29
002028.XSHE,2024-04-08,2023,q4,1301,中金公司,中金公司2024-04-08发布的报告研报标题中含有超预期信息,2024-04-08,思源电气：1Q24业绩预告超预期 重大项目加快交付,"刘倩文,曲昊源,曾韬",1545000000.0000,,,,,,,,,,,,,,,,,,,,,,,,,,,2024-04-08 14:21:29,2024-04-08 14:21:29
002028.XSHE,2024-04-08,2023,q4,1301,东吴证券,东吴证券2024-04-08发布的报告研报标题中含有超预期信息,2024-04-08,思源电气：2024Q1业绩预告点评：抢开工盯交付 业绩超市场预期,"曾朵红,谢哲栋",1545000000.0000,,,,,,,,,,,,,,,,,,,,,,,,,,,2024-04-09 06:12:39,2024-04-09 06:12:39
002028.XSHE,2024-04-08,2023,q4,1302,东吴证券,东吴证券2024-04-08发布的报告研报摘要中含有超预期信息,2024-04-08,思源电气：2024Q1业绩预告点评：抢开工盯交付 业绩超市场预期,"曾朵红,谢哲栋",1545000000.0000,,,,,,,,,,,,,,,,,,,,,,,,,,,2024-04-09 06:12:39,2024-04-09 06:12:39
002028.XSHE,2024-04-08,2023,q4,1302,西部证券,西部证券2024-04-08发布的报告研报摘要中含有超预期信息,2024-04-08,思源电气2024年一季度业绩预增公告点评：24Q1业绩预计高增 平台型龙头持续拓展产品矩阵,杨敬梅,1545000000.0000,,,,,,,,,,,,,,,,,,,,,,,,,,,2024-04-09 06:12:39,2024-04-09 06:12:39
002028.XSHE,2024-04-21,2024,q4,1302,国联证券,国联证券2024-04-21发布的报告研报摘要中含有超预期信息,2024-04-21,思源电气：业绩符合预期 国内海外需求共振促发展,贺朝晖,2033000000.0000,,,,,,,,,,,,,,,,,,,,,,,,,,,2024-04-25 07:16:26,2024-04-25 07:16:26
002028.XSHE,2024-04-22,2024,q4,1101,东吴证券,"东吴证券2024-04-22发布的报告上调了该股盈利预测,分析师：曾朵红,谢哲栋",2024-04-22,思源电气：国内+海外电网需求共振 看好公司长期稳健成长,"曾朵红,谢哲栋",2065000000.0000,2024-04-08,思源电气2024Q1业绩预告点评：抢开工盯交付 业绩超市场预期,2021000000.0000,,,,,,,,,,,,,,,,,,,,,,,0.0218,2024-04-22 06:30:14,2024-04-22 06:30:14
002028.XSHE,2024-04-22,2024,q4,1102,东吴证券,"东吴证券2024-04-22发布的报告上调了该股盈利预测,分析师：曾朵红,谢哲栋",2024-04-22,思源电气2023年报点评：国内加海外电网需求共振 看好公司长期稳健成长,"曾朵红,谢哲栋",2065000000.0000,2024-04-08,思源电气2024Q1业绩预告点评：抢开工盯交付 业绩超市场预期,2021000000.0000,,,,,,,,,,,,,,,,,,,,,,,0.0218,2024-04-22 10:31:02,2024-04-22 10:31:02
002028.XSHE,2024-04-29,2024,q1,1405,,2024-04-29发布的财报中，1季度净利润增速超出机构的一致预期,,,,,,,,2024-04-29,financial_reports,,,,363269779.1200,,,,0.6632,,,,,,,,2024-04-26,,286712511.9286,,,0.2670,2024-04-29 07:19:23,2024-04-29 07:19:23
002028.XSHE,2024-04-29,2024,q1,1501,,2024-04-29发布的财报净利润同比增速超出一致预期2024同比增速,,,,,,,,2024-04-29,financial_reports,,,363269779.1200,,,0.6632,,,,,,,,,,2024-04-26,2046645117.5857,,0.3127,,0.3506,2024-04-29 07:19:23,2024-04-29 07:19:23
002028.XSHE,2024-04-29,2024,q1,1503,,2024-04-29发布的财报净利润同比增速超出2024一致预期同比增速,,,,,,,,2024-04-29,financial_reports,,,,363269779.1200,,,,0.6632,,,,,,,,2024-04-26,,286712511.9286,,0.3127,0.3505,2024-04-29 07:19:23,2024-04-29 07:19:23
002028.XSHE,2024-04-29,2024,q4,1301,中金公司,中金公司2024-04-29发布的报告研报标题中含有超预期信息,2024-04-29,思源电气：1Q24业绩超预期 收入稳增 毛利率大幅改善,"刘倩文,曲昊源,曾韬",2064000000.0000,,,,,,,,,,,,,,,,,,,,,,,,,,,2024-04-29 12:11:02,2024-04-29 12:11:02
002028.XSHE,2024-04-29,2024,q4,1302,东吴证券,东吴证券2024-04-29发布的报告研报摘要中含有超预期信息,2024-04-29,思源电气2024年一季报点评：经营稳健高质量发展 业绩符合市场预期,"曾朵红,谢哲栋",2065000000.0000,,,,,,,,,,,,,,,,,,,,,,,,,,,2024-04-29 13:54:28,2024-04-29 13:54:28
002028.XSHE,2024-05-03,2024,q4,1301,海通国际,海通国际2024-05-03发布的报告研报标题中含有超预期信息,2024-05-03,思源电气：2024Q1业绩超市场预期 盈利能力不断提升,"杨斌,余小龙",2022000000.0000,,,,,,,,,,,,,,,,,,,,,,,,,,,2024-05-06 06:10:17,2024-05-06 06:10:17
002028.XSHE,2024-05-05,2024,q4,1301,中信建投,中信建投2024-05-05发布的报告研报标题中含有超预期信息,2024-05-05,思源电气2024一季报点评：业绩略超预期 海内外需求持续旺盛,朱玥,2029000000.0000,,,,,,,,,,,,,,,,,,,,,,,,,,,2024-05-09 06:13:16,2024-05-09 06:13:16
002028.XSHE,2024-05-12,2024,q4,1102,长江证券,"长江证券2024-05-12发布的报告上调了该股盈利预测,分析师：邬博华,曹海花,司鸿历 等",2024-05-12,思源电气：盈利能力持续增强 现金流亮眼,"邬博华,曹海花,司鸿历 等",2036000000.0000,2024-03-11,思源电气：具备持续Alpha的电力设备民企龙头,2009000000.0000,,,,,,,,,,,,,,,,,,,,,,,0.0134,2024-05-13 14:27:46,2024-05-13 14:27:46
002028.XSHE,2024-07-13,2024,q4,1302,中金公司,中金公司2024-07-13发布的报告研报摘要中含有超预期信息,2024-07-13,思源电气：订单充沛支撑经营目标兑现 全球需求景气延续,"刘倩文,曲昊源,曾韬",2064000000.0000,,,,,,,,,,,,,,,,,,,,,,,,,,,2024-07-15 10:52:00,2024-07-15 10:52:00
002028.XSHE,2024-08-03,2024,q4,1302,国金证券,国金证券2024-08-03发布的报告研报摘要中含有超预期信息,2024-08-03,思源电气：输变电一次设备民企龙头 海外&网内外多极驱动,姚遥,2045000000.0000,,,,,,,,,,,,,,,,,,,,,,,,,,,2024-08-05 06:09:18,2024-08-05 06:09:18
002028.XSHE,2024-08-18,2024,q4,1101,国金证券,"国金证券2024-08-18发布的报告上调了该股盈利预测,分析师：姚遥",2024-08-18,思源电气：盈利能力持续增强 海外业务加速拓展,姚遥,2056000000.0000,2024-08-03,思源电气：输变电一次设备民企龙头 海外&网内外多极驱动,2045000000.0000,,,,,,,,,,,,,,,,,,,,,,,0.0054,2024-08-19 06:08:20,2024-08-19 06:08:20
002028.XSHE,2024-08-18,2024,q4,1302,东吴证券,东吴证券2024-08-18发布的报告研报摘要中含有超预期信息,2024-08-18,思源电气2024年半年报点评：海外业务增速亮眼 国内+海外双轮驱动公司行稳致远,"曾朵红,谢哲栋,许钧赫",2065000000.0000,,,,,,,,,,,,,,,,,,,,,,,,,,,2024-08-18 11:53:37,2024-08-18 11:53:37
002028.XSHE,2024-08-19,2024,q4,1101,国信证券,"国信证券2024-08-19发布的报告上调了该股盈利预测,分析师：王蔚祺,王晓声",2024-08-19,思源电气：上半年海外收入快速增长 各产品毛利率均有提升,"王蔚祺,王晓声",2054000000.0000,2024-04-24,思源电气：新增订单超额完成 海外市场表现亮眼,1947000000.0000,,,,,,,,,,,,,,,,,,,,,,,0.0550,2024-08-19 15:11:22,2024-08-19 15:11:22
002028.XSHE,2024-08-19,2024,q4,1101,西部证券,"西部证券2024-08-19发布的报告上调了该股盈利预测,分析师：杨敬梅",2024-08-19,思源电气Q2业绩点评报告：业绩稳定增长 海外快速扩张,杨敬梅,2046000000.0000,2024-04-21,思源电气2023年年度报告点评：23年新增订单超额完成 平台型龙头海外增速亮眼,1923000000.0000,,,,,,,,,,,,,,,,,,,,,,,0.0640,2024-08-20 06:26:49,2024-08-20 06:26:49
002028.XSHE,2024-08-20,2024,q4,1101,国联证券,"国联证券2024-08-20发布的报告上调了该股盈利预测,分析师：贺朝晖",2024-08-20,思源电气：海外市场持续拓展 盈利能力提升,贺朝晖,2068000000.0000,2024-04-21,思源电气：业绩符合预期 国内海外需求共振促发展,2033000000.0000,,,,,,,,,,,,,,,,,,,,,,,0.0172,2024-08-20 14:16:47,2024-08-20 14:16:47
002028.XSHE,2024-10-25,2024,q4,1301,国金证券,国金证券2024-10-25发布的报告研报标题中含有超预期信息,2024-10-25,思源电气：Q3业绩略超预期 国内海外双轮驱动,研究所,2056000000.0000,,,,,,,,,,,,,,,,,,,,,,,,,,,2024-10-28 05:30:46,2024-10-28 05:30:46
002028.XSHE,2024-10-26,2024,q3,1405,,2024-10-26发布的财报中，3季度净利润增速超出机构的一致预期,,,,,,,,2024-10-26,financial_reports,,,,604227777.6200,,,,0.3495,,,,,,,,2024-10-25,,602052013.1641,,,0.0036,2024-10-26 05:26:44,2024-10-26 05:26:44
002028.XSHE,2024-10-26,2024,q3,1503,,2024-10-26发布的财报净利润同比增速超出2024一致预期同比增速,,,,,,,,2024-10-26,financial_reports,,,,604227777.6200,,,,0.3495,,,,,,,,2024-10-25,,602052013.1641,,0.3446,0.0049,2024-10-26 05:26:44,2024-10-26 05:26:44
002028.XSHE,2024-10-26,2024,q4,1301,中金公司,中金公司2024-10-26发布的报告研报标题中含有超预期信息,2024-10-26,思源电气：3Q24业绩超预期 订单充沛、确收加速,"刘倩文,曲昊源,曾韬",2064000000.0000,,,,,,,,,,,,,,,,,,,,,,,,,,,2024-10-27 16:38:01,2024-10-27 16:38:01
002028.XSHE,2024-10-26,2024,q4,1302,浙商证券,浙商证券2024-10-26发布的报告研报摘要中含有超预期信息,2024-10-26,思源电气：海外量利齐升 盈利能力上台阶,刘巍,2075000000.0000,,,,,,,,,,,,,,,,,,,,,,,,,,,2024-10-27 14:35:58,2024-10-27 14:35:58
002028.XSHE,2024-10-27,2024,q4,1102,海通证券,"海通证券2024-10-27发布的报告上调了该股盈利预测,分析师：房青,吴杰",2024-10-27,思源电气公司季报点评：国内外需求共振 三季度业绩快速增长,"房青,吴杰",2061000000.0000,2024-08-22,思源电气半年报点评：海外收入快速增长 盈利能力持续提升,2004000000.0000,,,,,,,,,,,,,,,,,,,,,,,0.0284,2024-10-28 21:31:33,2024-10-28 21:31:33
002028.XSHE,2024-10-27,2024,q4,1301,国金证券,国金证券2024-10-27发布的报告研报标题中含有超预期信息,2024-10-27,思源电气：Q3业绩略超预期 国内海外双轮驱动,姚遥,2056000000.0000,,,,,,,,,,,,,,,,,,,,,,,,,,,2024-10-28 10:20:00,2024-10-28 10:20:00
002028.XSHE,2024-10-27,2024,q4,1302,国金证券,国金证券2024-10-27发布的报告研报摘要中含有超预期信息,2024-10-27,思源电气：Q3业绩略超预期 国内海外双轮驱动,姚遥,2056000000.0000,,,,,,,,,,,,,,,,,,,,,,,,,,,2024-10-28 10:20:00,2024-10-28 10:20:00
002028.XSHE,2024-10-28,2024,q4,1101,广发证券,"广发证券2024-10-28发布的报告上调了该股盈利预测,分析师：陈子坤,纪成炜,陈昕",2024-10-28,思源电气：24Q3业绩超预期 高压GIS产能有望贡献新增长动力,"陈子坤,纪成炜,陈昕",2044000000.0000,2024-08-18,思源电气：业绩与预告保持一致 海外收入增长加毛利率表现亮眼,2004000000.0000,,,,,,,,,,,,,,,,,,,,,,,0.0200,2024-10-29 15:05:02,2024-10-29 15:05:02
002028.XSHE,2024-10-28,2024,q4,1101,西部证券,"西部证券2024-10-28发布的报告上调了该股盈利预测,分析师：杨敬梅,董正奇",2024-10-28,思源电气2024Q3业绩点评：业绩略超预期 海外发展迅速,"杨敬梅,董正奇",2071000000.0000,2024-08-19,思源电气Q2业绩点评报告：业绩稳定增长 海外快速扩张,2046000000.0000,,,,,,,,,,,,,,,,,,,,,,,0.0122,2024-10-29 15:05:02,2024-10-29 15:05:02
002028.XSHE,2024-10-28,2024,q4,1301,西南证券,西南证券2024-10-28发布的报告研报标题中含有超预期信息,2024-10-28,思源电气：Q3业绩略超预期 海外快速起量,"韩晨,李昂",2087970000.0000,,,,,,,,,,,,,,,,,,,,,,,,,,,2024-10-30 14:40:16,2024-10-30 14:40:16
002028.XSHE,2024-10-28,2024,q4,1301,广发证券,广发证券2024-10-28发布的报告研报标题中含有超预期信息,2024-10-28,思源电气：24Q3业绩超预期 高压GIS产能有望贡献新增长动力,"陈子坤,纪成炜,陈昕",2044000000.0000,,,,,,,,,,,,,,,,,,,,,,,,,,,2024-10-29 15:05:02,2024-10-29 15:05:02
002028.XSHE,2024-10-28,2024,q4,1301,中信建投,中信建投2024-10-28发布的报告研报标题中含有超预期信息,2024-10-28,思源电气2024年三季报点评：业绩超预期 稳步兑现经营目标 强α属性将持续显现,"朱玥,郑博元",2029000000.0000,,,,,,,,,,,,,,,,,,,,,,,,,,,2024-10-29 05:50:49,2024-10-29 05:50:49
002028.XSHE,2024-10-28,2024,q4,1301,西部证券,西部证券2024-10-28发布的报告研报标题中含有超预期信息,2024-10-28,思源电气2024Q3业绩点评：业绩略超预期 海外发展迅速,"杨敬梅,董正奇",2071000000.0000,,,,,,,,,,,,,,,,,,,,,,,,,,,2024-10-29 15:05:02,2024-10-29 15:05:02
002028.XSHE,2024-10-28,2024,q4,1302,广发证券,广发证券2024-10-28发布的报告研报摘要中含有超预期信息,2024-10-28,思源电气：24Q3业绩超预期 高压GIS产能有望贡献新增长动力,"陈子坤,纪成炜,陈昕",2044000000.0000,,,,,,,,,,,,,,,,,,,,,,,,,,,2024-10-29 15:05:02,2024-10-29 15:05:02
002028.XSHE,2024-10-28,2024,q4,1302,西部证券,西部证券2024-10-28发布的报告研报摘要中含有超预期信息,2024-10-28,思源电气2024Q3业绩点评：业绩略超预期 海外发展迅速,"杨敬梅,董正奇",2071000000.0000,,,,,,,,,,,,,,,,,,,,,,,,,,,2024-10-29 15:05:02,2024-10-29 15:05:02
002028.XSHE,2024-10-29,2024,q4,1101,国海证券,"国海证券2024-10-29发布的报告上调了该股盈利预测,分析师：李航,王刚,李铭全",2024-10-29,思源电气2024年三季报点评：公司业绩同比稳健增长 出海业务有望持续贡献增长动能,"李航,王刚,李铭全",2096000000.0000,2024-08-18,思源电气2024年半年报点评：公司经营稳健 海外业务实现较快增长,2075000000.0000,,,,,,,,,,,,,,,,,,,,,,,0.0101,2024-10-31 06:50:09,2024-10-31 06:50:09
002028.XSHE,2024-10-29,2024,q4,1301,中信证券,中信证券2024-10-29发布的报告研报标题中含有超预期信息,2024-10-29,思源电气2024年三季报点评：三季报表现超预期 均衡化龙头优势凸显,"华鹏伟,华夏",2035000000.0000,,,,,,,,,,,,,,,,,,,,,,,,,,,2024-10-30 19:58:55,2024-10-30 19:58:55
002028.XSHE,2025-01-17,2024,q4,1101,中金公司,"中金公司2025-01-17发布的报告上调了该股盈利预测,分析师：刘倩文,曲昊源,曾韬",2025-01-17,思源电气：2024年报预告符合预期 稳健高质量发展,"刘倩文,曲昊源,曾韬",2082000000.0000,2024-10-26,思源电气：3Q24业绩超预期 订单充沛、确收加速,2064000000.0000,,,,,,,,,,,,,,,,,,,,,,,0.0087,2025-01-20 10:07:58,2025-01-20 10:07:58
002028.XSHE,2025-01-17,2024,q4,1101,国金证券,"国金证券2025-01-17发布的报告上调了该股盈利预测,分析师：研究所",2025-01-17,思源电气：业绩略超预期 盈利能力持续增强,研究所,2086000000.0000,2024-10-27,思源电气：Q3业绩略超预期 国内海外双轮驱动,2056000000.0000,,,,,,,,,,,,,,,,,,,,,,,0.0146,2025-01-20 05:04:19,2025-01-20 05:04:19
002028.XSHE,2025-01-17,2024,q4,1301,国金证券,国金证券2025-01-17发布的报告研报标题中含有超预期信息,2025-01-17,思源电气：业绩略超预期 盈利能力持续增强,研究所,2086000000.0000,,,,,,,,,,,,,,,,,,,,,,,,,,,2025-01-20 05:04:19,2025-01-20 05:04:19
002028.XSHE,2025-01-18,2024,q4,1101,中金公司,"中金公司2025-01-18发布的报告上调了该股盈利预测,分析师：刘倩文,曲昊源,曾韬",2025-01-18,思源电气：2024年报预告符合预期 稳健高质量发展,"刘倩文,曲昊源,曾韬",2082000000.0000,2024-10-26,思源电气：3Q24业绩超预期 订单充沛、确收加速,2064000000.0000,,,,,,,,,,,,,,,,,,,,,,,0.0087,2025-01-20 05:04:19,2025-01-20 05:04:19
002028.XSHE,2025-01-18,2024,q4,1103,,近5个交易日内，已有3个以上的分析师上调了该股的盈利预测且没有分析师做下调预测,,,,,,,,,,,,,,,,,,,,,,,,,,,,,,,2025-07-12 05:02:43,2025-07-12 05:02:43
002028.XSHE,2025-01-18,2024,q4,1403,,2025-01-18发布的业绩快报超出机构的一致预期,,,,,,,,2025-01-18,current_performance,,,2086527160.0000,,,,,,,,,,,,,2025-01-17,2064966175.9796,,,,0.0104,2025-01-18 04:53:27,2025-01-18 04:53:27
002028.XSHE,2025-01-18,2024,q4,1502,,2025-01-18发布的业绩快报同比增速超出一致预期2024同比增速,,,,,,,,2025-01-18,current_performance,,,2086527160.0000,,,0.3382,,,,,,,,,,2025-01-17,2064966175.9796,,0.3244,,0.0138,2025-01-18 04:53:27,2025-01-18 04:53:27
002028.XSHE,2025-01-18,2024,q4,1504,,2025-01-18发布的业绩快报同比增速超出2024一致预期同比增速,,,,,,,,2025-01-18,current_performance,,,,2086527160.0000,,,,0.4485,,,,,,,,2025-01-17,,573587279.0910,,0.3960,0.0525,2025-01-18 04:53:27,2025-01-18 04:53:27
002028.XSHE,2025-01-19,2024,q4,1101,民生证券,"民生证券2025-01-19发布的报告上调了该股盈利预测,分析师：邓永康,李佳,许浚哲",2025-01-19,思源电气2024年业绩快报点评：业绩增速亮眼 受益于全球电网建设需求增长,"邓永康,李佳,许浚哲",2086000000.0000,2024-10-28,思源电气2024年三季报点评：24Q3业绩亮眼 加快生产基地建设,2032000000.0000,,,,,,,,,,,,,,,,,,,,,,,0.0266,2025-01-19 12:04:34,2025-01-19 12:04:34
002028.XSHE,2025-01-19,2024,q4,1101,国金证券,"国金证券2025-01-19发布的报告上调了该股盈利预测,分析师：姚遥",2025-01-19,思源电气：业绩略超预期 盈利能力持续增强,姚遥,2086000000.0000,2024-10-27,思源电气：Q3业绩略超预期 国内海外双轮驱动,2056000000.0000,,,,,,,,,,,,,,,,,,,,,,,0.0146,2025-01-20 10:07:58,2025-01-20 10:07:58
002028.XSHE,2025-01-19,2024,q4,1102,东吴证券,"东吴证券2025-01-19发布的报告上调了该股盈利预测,分析师：曾朵红,谢哲栋,司鑫尧",2025-01-19,思源电气2024年业绩快报点评：业绩符合市场预期 盈利能力继续提升,"曾朵红,谢哲栋,司鑫尧",2087000000.0000,2024-10-28,思源电气2024年三季报点评：Q3国内外交付节奏加快 业绩略超预期,2065000000.0000,,,,,,,,,,,,,,,,,,,,,,,0.0107,2025-01-20 10:07:58,2025-01-20 10:07:58
002028.XSHE,2025-01-19,2024,q4,1301,国金证券,国金证券2025-01-19发布的报告研报标题中含有超预期信息,2025-01-19,思源电气：业绩略超预期 盈利能力持续增强,姚遥,2086000000.0000,,,,,,,,,,,,,,,,,,,,,,,,,,,2025-01-20 10:07:58,2025-01-20 10:07:58
002028.XSHE,2025-01-19,2024,q4,1302,国金证券,国金证券2025-01-19发布的报告研报摘要中含有超预期信息,2025-01-19,思源电气：业绩略超预期 盈利能力持续增强,姚遥,2086000000.0000,,,,,,,,,,,,,,,,,,,,,,,,,,,2025-01-20 11:00:25,2025-01-20 11:00:25
002028.XSHE,2025-01-20,2024,q4,1101,中信证券,"中信证券2025-01-20发布的报告上调了该股盈利预测,分析师：华鹏伟,华夏,李子硕",2025-01-20,思源电气：业绩表现亮眼 国内外成长动能强劲,"华鹏伟,华夏,李子硕",2087000000.0000,2024-10-29,思源电气2024年三季报点评：三季报表现超预期 均衡化龙头优势凸显,2035000000.0000,,,,,,,,,,,,,,,,,,,,,,,0.0256,2025-01-21 18:38:48,2025-01-21 18:38:48
002028.XSHE,2025-01-20,2024,q4,1101,华泰证券,"华泰证券2025-01-20发布的报告上调了该股盈利预测,分析师：刘俊,苗雨菲,戚腾元",2025-01-20,思源电气：业绩表现亮眼 网内海外共振,"刘俊,苗雨菲,戚腾元",2087000000.0000,2024-10-25,思源电气：网内海外高景气 三季度业绩高增,2023000000.0000,,,,,,,,,,,,,,,,,,,,,,,0.0316,2025-01-21 04:56:22,2025-01-21 04:56:22
002028.XSHE,2025-01-21,2024,q4,1101,中信建投,"中信建投2025-01-21发布的报告上调了该股盈利预测,分析师：朱玥,郑博元",2025-01-21,思源电气：稳步兑现年度目标 公司发展行稳致远,"朱玥,郑博元",2087000000.0000,2024-10-28,思源电气2024年三季报点评：业绩超预期 稳步兑现经营目标 强α属性将持续显现,2029000000.0000,,,,,,,,,,,,,,,,,,,,,,,0.0286,2025-01-22 04:57:58,2025-01-22 04:57:58
002028.XSHE,2025-01-21,2024,q4,1102,中信建投,"中信建投2025-01-21发布的报告上调了该股盈利预测,分析师：朱玥,郑博元",2025-01-21,思源电气2024年业绩快报点评：稳步兑现年度目标 公司发展行稳致远,"朱玥,郑博元",2087000000.0000,2024-10-28,思源电气2024年三季报点评：业绩超预期 稳步兑现经营目标 强α属性将持续显现,2029000000.0000,,,,,,,,,,,,,,,,,,,,,,,0.0286,2025-01-22 10:06:22,2025-01-22 10:06:22
002028.XSHE,2025-02-11,2024,q4,1101,西部证券,"西部证券2025-02-11发布的报告上调了该股盈利预测,分析师：杨敬梅,董正奇",2025-02-11,思源电气深度报告：出海龙头标的 迈向全球电网设备巨头,"杨敬梅,董正奇",2086000000.0000,2024-10-28,思源电气2024Q3业绩点评：业绩略超预期 海外发展迅速,2071000000.0000,,,,,,,,,,,,,,,,,,,,,,,0.0072,2025-02-12 04:55:32,2025-02-12 04:55:32
002028.XSHE,2025-02-11,2024,q4,1302,西部证券,西部证券2025-02-11发布的报告研报摘要中含有超预期信息,2025-02-11,思源电气深度报告：出海龙头标的 迈向全球电网设备巨头,"杨敬梅,董正奇",2086000000.0000,,,,,,,,,,,,,,,,,,,,,,,,,,,2025-02-12 10:11:36,2025-02-12 10:11:36
002028.XSHE,2025-04-19,2025,q4,1101,华泰证券,"华泰证券2025-04-19发布的报告上调了该股盈利预测,分析师：刘俊,苗雨菲,戚腾元 等",2025-04-19,思源电气：在手订单充足 增长动能强劲,"刘俊,苗雨菲,戚腾元 等",2678000000.0000,2025-01-20,思源电气：业绩表现亮眼 网内海外共振,2660000000.0000,,,,,,,,,,,,,,,,,,,,,,,0.0068,2025-04-20 18:46:51,2025-04-20 18:46:51
002028.XSHE,2025-04-19,2025,q4,1101,国金证券,"国金证券2025-04-19发布的报告上调了该股盈利预测,分析师：姚遥",2025-04-19,思源电气：新增订单增长强劲 盈利能力持续增强,姚遥,2600000000.0000,2025-01-19,思源电气：业绩略超预期 盈利能力持续增强,2557000000.0000,,,,,,,,,,,,,,,,,,,,,,,0.0168,2025-04-20 12:57:10,2025-04-20 12:57:10
002028.XSHE,2025-04-19,2025,q4,1302,国金证券,国金证券2025-04-19发布的报告研报摘要中含有超预期信息,2025-04-19,思源电气：新增订单增长强劲 盈利能力持续增强,姚遥,2600000000.0000,,,,,,,,,,,,,,,,,,,,,,,,,,,2025-04-20 12:57:10,2025-04-20 12:57:10
002028.XSHE,2025-04-20,2025,q4,1101,太平洋证券,"太平洋证券2025-04-20发布的报告上调了该股盈利预测,分析师：刘强,刘淞",2025-04-20,思源电气2024年报点评：在手订单充足 出海成长可期,"刘强,刘淞",2652000000.0000,2024-10-28,思源电气2024年三季报点评：业绩持续高增 在手订单充足,2609000000.0000,,,,,,,,,,,,,,,,,,,,,,,0.0165,2025-04-25 06:00:32,2025-04-25 06:00:32
002028.XSHE,2025-04-20,2025,q4,1102,东吴证券,"东吴证券2025-04-20发布的报告上调了该股盈利预测,分析师：曾朵红,谢哲栋,司鑫尧",2025-04-20,思源电气2024年年报点评：超额完成全年目标 经营α加行业β共振助力成长,"曾朵红,谢哲栋,司鑫尧",2731000000.0000,2025-01-19,思源电气2024年业绩快报点评：业绩符合市场预期 盈利能力继续提升,2718000000.0000,,,,,,,,,,,,,,,,,,,,,,,0.0048,2025-04-20 13:52:33,2025-04-20 13:52:33
002028.XSHE,2025-04-20,2025,q4,1302,东吴证券,东吴证券2025-04-20发布的报告研报摘要中含有超预期信息,2025-04-20,思源电气2024年年报点评：超额完成全年目标 经营α加行业β共振助力成长,"曾朵红,谢哲栋,司鑫尧",2731000000.0000,,,,,,,,,,,,,,,,,,,,,,,,,,,2025-04-20 13:52:33,2025-04-20 13:52:33
002028.XSHE,2025-04-21,2025,q4,1101,广发证券,"广发证券2025-04-21发布的报告上调了该股盈利预测,分析师：陈子坤,纪成炜,陈昕",2025-04-21,思源电气：24年业绩符合预期 海外和新产品拓展助力未来增长,"陈子坤,纪成炜,陈昕",2648000000.0000,2024-10-28,思源电气：24Q3业绩超预期 高压GIS产能有望贡献新增长动力,2486000000.0000,,,,,,,,,,,,,,,,,,,,,,,0.0652,2025-04-22 12:04:33,2025-04-22 12:04:33
002028.XSHE,2025-04-25,2025,q4,1101,长江证券,"长江证券2025-04-25发布的报告上调了该股盈利预测,分析师：邬博华,曹海花,司鸿历",2025-04-25,思源电气：经营业绩表现强劲 合同负债连创新高,"邬博华,曹海花,司鸿历",2586000000.0000,2024-11-05,思源电气：24Q3增长稳定 GIS拟扩大产能,2481000000.0000,,,,,,,,,,,,,,,,,,,,,,,0.0423,2025-05-05 05:03:42,2025-05-05 05:03:42
002028.XSHE,2025-04-26,2025,q4,1302,国金证券,国金证券2025-04-26发布的报告研报摘要中含有超预期信息,2025-04-26,思源电气：业绩符合预期 国内海外高景气延续,姚遥,2600000000.0000,,,,,,,,,,,,,,,,,,,,,,,,,,,2025-04-27 14:09:57,2025-04-27 14:09:57
002028.XSHE,2025-04-27,2025,q4,1301,东吴证券,东吴证券2025-04-27发布的报告研报标题中含有超预期信息,2025-04-27,思源电气2025年一季报点评：业绩符合市场预期 看好全年业绩超目标增长,"曾朵红,谢哲栋,司鑫尧",2731000000.0000,,,,,,,,,,,,,,,,,,,,,,,,,,,2025-04-28 05:06:47,2025-04-28 05:06:47
002028.XSHE,2025-04-28,2025,q4,1101,中信证券,"中信证券2025-04-28发布的报告上调了该股盈利预测,分析师：华鹏伟,华夏,李子硕",2025-04-28,思源电气2024年年报及2025年一季报点评：业绩表现亮眼 订单预期饱满,"华鹏伟,华夏,李子硕",2671000000.0000,2025-01-20,思源电气：业绩表现亮眼 国内外成长动能强劲,2427000000.0000,,,,,,,,,,,,,,,,,,,,,,,0.1005,2025-04-29 19:35:02,2025-04-29 19:35:02
002028.XSHE,2025-05-04,2025,q4,1101,华安证券,"华安证券2025-05-04发布的报告上调了该股盈利预测,分析师：张志邦,郑洋",2025-05-04,思源电气：25年经营目标彰显信心 订单目标同比高速增长,"张志邦,郑洋",2769000000.0000,2024-12-03,思源电气：业绩增长稳健 GIS新基地有望贡献新增量,2530000000.0000,,,,,,,,,,,,,,,,,,,,,,,0.0945,2025-05-05 05:03:42,2025-05-05 05:03:42
002028.XSHE,2025-05-04,2025,q4,1102,长江证券,"长江证券2025-05-04发布的报告上调了该股盈利预测,分析师：邬博华,曹海花,司鸿历 等",2025-05-04,思源电气：经营业绩表现强劲 合同负债连创新高,"邬博华,曹海花,司鸿历 等",2586000000.0000,2024-11-05,思源电气：24Q3增长稳定 GIS拟扩大产能,2481000000.0000,,,,,,,,,,,,,,,,,,,,,,,0.0423,2025-05-05 09:01:07,2025-05-05 09:01:07
002028.XSHE,2025-07-11,2025,q4,1301,中金公司,中金公司2025-07-11发布的报告研报标题中含有超预期信息,2025-07-11,思源电气：业绩快报超预期 订单交付提速、下游投资景气,"刘倩文,曲昊源,闫汐语",2551000000.0000,,,,,,,,,,,,,,,,,,,,,,,,,,,2025-07-14 05:02:01,2025-07-14 05:02:01
002028.XSHE,2025-07-12,2025,q2,1502,,2025-07-12发布的业绩快报同比增速超出一致预期2025同比增速,,,,,,,,2025-07-12,current_performance,,,1292697964.0000,,,0.4571,,,,,,,,,,2025-07-11,2617199334.5438,,0.2773,,0.1799,2025-07-12 05:02:43,2025-07-12 05:02:43
002028.XSHE,2025-07-12,2025,q2,1504,,2025-07-12发布的业绩快报同比增速超出2025一致预期同比增速,,,,,,,,2025-07-12,current_performance,,,,1292697964.0000,,,,0.6153,,,,,,,,2025-07-11,,674538388.8598,,0.2876,0.3277,2025-07-12 05:02:43,2025-07-12 05:02:43
002028.XSHE,2025-07-12,2025,q4,1101,国金证券,"国金证券2025-07-12发布的报告上调了该股盈利预测,分析师：姚遥",2025-07-12,思源电气：业绩快报大超预期 增长动能强劲,姚遥,2747000000.0000,2025-04-26,思源电气：业绩符合预期 国内海外高景气延续,2600000000.0000,,,,,,,,,,,,,,,,,,,,,,,0.0565,2025-07-14 05:02:01,2025-07-14 05:02:01
002028.XSHE,2025-07-12,2025,q4,1301,国金证券,国金证券2025-07-12发布的报告研报标题中含有超预期信息,2025-07-12,思源电气：业绩快报大超预期 增长动能强劲,姚遥,2747000000.0000,,,,,,,,,,,,,,,,,,,,,,,,,,,2025-07-14 05:02:01,2025-07-14 05:02:01
002028.XSHE,2025-07-12,2025,q4,1302,国金证券,国金证券2025-07-12发布的报告研报摘要中含有超预期信息,2025-07-12,思源电气：业绩快报大超预期 增长动能强劲,姚遥,2747000000.0000,,,,,,,,,,,,,,,,,,,,,,,,,,,2025-07-14 11:07:30,2025-07-14 11:07:30
002028.XSHE,2025-07-14,2025,q4,1101,中信证券,"中信证券2025-07-14发布的报告上调了该股盈利预测,分析师：华夏,李子硕,华鹏伟",2025-07-14,思源电气2025年半年度业绩快报点评：业绩快报超预期 订单表现犹强劲,"华夏,李子硕,华鹏伟",2711000000.0000,2025-04-28,思源电气2024年年报及2025年一季报点评：业绩表现亮眼 订单预期饱满,2671000000.0000,,,,,,,,,,,,,,,,,,,,,,,0.0150,2025-07-15 18:45:59,2025-07-15 18:45:59
002028.XSHE,2025-07-14,2025,q4,1101,东吴证券,"东吴证券2025-07-14发布的报告上调了该股盈利预测,分析师：曾朵红,谢哲栋,司鑫尧",2025-07-14,思源电气：业绩大超市场预期 出海兑现盈利大幅提升,"曾朵红,谢哲栋,司鑫尧",2825000000.0000,2025-04-27,思源电气2025年一季报点评：业绩符合市场预期 看好全年业绩超目标增长,2731000000.0000,,,,,,,,,,,,,,,,,,,,,,,0.0344,2025-07-14 08:56:49,2025-07-14 08:56:49
002028.XSHE,2025-07-14,2025,q4,1101,国信证券,"国信证券2025-07-14发布的报告上调了该股盈利预测,分析师：王蔚祺,王晓声",2025-07-14,思源电气：上半年业绩表现亮眼 出海与网内高端市场持续突破,"王蔚祺,王晓声",2788000000.0000,2025-04-21,思源电气：国内外业务景气共振 25年经营目标彰显长期信心,2598000000.0000,,,,,,,,,,,,,,,,,,,,,,,0.0731,2025-07-15 04:58:36,2025-07-15 04:58:36
002028.XSHE,2025-07-14,2025,q4,1102,东吴证券,"东吴证券2025-07-14发布的报告上调了该股盈利预测,分析师：曾朵红,谢哲栋,司鑫尧",2025-07-14,思源电气2025年中报业绩快报点评：业绩大超市场预期 出海兑现盈利大幅提升,"曾朵红,谢哲栋,司鑫尧",2825000000.0000,2025-04-27,思源电气2025年一季报点评：业绩符合市场预期 看好全年业绩超目标增长,2731000000.0000,,,,,,,,,,,,,,,,,,,,,,,0.0344,2025-07-14 11:07:30,2025-07-14 11:07:30
002028.XSHE,2025-07-14,2025,q4,1301,中信证券,中信证券2025-07-14发布的报告研报标题中含有超预期信息,2025-07-14,思源电气2025年半年度业绩快报点评：业绩快报超预期 订单表现犹强劲,"华夏,李子硕,华鹏伟",2711000000.0000,,,,,,,,,,,,,,,,,,,,,,,,,,,2025-07-15 18:45:59,2025-07-15 18:45:59
002028.XSHE,2025-07-14,2025,q4,1301,东吴证券,东吴证券2025-07-14发布的报告研报标题中含有超预期信息,2025-07-14,思源电气2025年中报业绩快报点评：业绩大超市场预期 出海兑现盈利大幅提升,"曾朵红,谢哲栋,司鑫尧",2825000000.0000,,,,,,,,,,,,,,,,,,,,,,,,,,,2025-07-14 08:56:49,2025-07-14 08:56:49
002028.XSHE,2025-07-14,2025,q4,1302,国信证券,国信证券2025-07-14发布的报告研报摘要中含有超预期信息,2025-07-14,思源电气：上半年业绩表现亮眼 出海与网内高端市场持续突破,"王蔚祺,王晓声",2788000000.0000,,,,,,,,,,,,,,,,,,,,,,,,,,,2025-07-15 04:58:36,2025-07-15 04:58:36
002028.XSHE,2025-07-19,2025,q4,1101,中信建投,"中信建投2025-07-19发布的报告上调了该股盈利预测,分析师：朱玥,郑博元",2025-07-19,思源电气：H1业绩超预期 公司强α属性凸显,"朱玥,郑博元",2703000000.0000,2025-05-13,思源电气2025年一季报点评：Q1业绩符合预期 延续稳健上行,2613000000.0000,,,,,,,,,,,,,,,,,,,,,,,0.0344,2025-07-20 04:57:53,2025-07-20 04:57:53
002028.XSHE,2025-07-19,2025,q4,1102,中信建投,"中信建投2025-07-19发布的报告上调了该股盈利预测,分析师：朱玥,郑博元",2025-07-19,思源电气2025H1业绩快报点评：H1业绩超预期 公司强α属性凸显,"朱玥,郑博元",2703000000.0000,2025-05-13,思源电气2025年一季报点评：Q1业绩符合预期 延续稳健上行,2613000000.0000,,,,,,,,,,,,,,,,,,,,,,,0.0344,2025-07-20 09:50:39,2025-07-20 09:50:39
002028.XSHE,2025-07-19,2025,q4,1301,中信建投,中信建投2025-07-19发布的报告研报标题中含有超预期信息,2025-07-19,思源电气2025H1业绩快报点评：H1业绩超预期 公司强α属性凸显,"朱玥,郑博元",2703000000.0000,,,,,,,,,,,,,,,,,,,,,,,,,,,2025-07-20 04:57:53,2025-07-20 04:57:53
002028.XSHE,2025-08-16,2025,q2,1405,,2025-08-16发布的财报中，2季度净利润增速超出机构的一致预期,,,,,,,,2025-08-16,financial_reports,,,,846198443.8300,,,,0.6153,,,,,,,,2025-08-15,,689992631.2265,,,0.2264,2025-08-16 05:19:05,2025-08-16 05:19:05
002028.XSHE,2025-08-16,2025,q2,1501,,2025-08-16发布的财报净利润同比增速超出一致预期2025同比增速,,,,,,,,2025-08-16,financial_reports,,,1292697963.6600,,,0.4571,,,,,,,,,,2025-08-15,2666783142.4043,,0.3015,,0.1557,2025-08-16 05:19:05,2025-08-16 05:19:05
002028.XSHE,2025-08-16,2025,q2,1503,,2025-08-16发布的财报净利润同比增速超出2025一致预期同比增速,,,,,,,,2025-08-16,financial_reports,,,,846198443.8300,,,,0.6153,,,,,,,,2025-08-15,,689992631.2265,,0.3171,0.2982,2025-08-16 05:19:05,2025-08-16 05:19:05
002028.XSHE,2025-08-16,2025,q4,1101,华泰证券,"华泰证券2025-08-16发布的报告上调了该股盈利预测,分析师：刘俊,戚腾元,苗雨菲 等",2025-08-16,思源电气：收入利润节节高 扬帆远航通四海,"刘俊,戚腾元,苗雨菲 等",2746000000.0000,2025-07-13,思源电气：Q2业绩高增 再现龙头风范,2678000000.0000,,,,,,,,,,,,,,,,,,,,,,,0.0254,2025-08-17 14:01:54,2025-08-17 14:01:54
002028.XSHE,2025-08-16,2025,q4,1302,国金证券,国金证券2025-08-16发布的报告研报摘要中含有超预期信息,2025-08-16,思源电气：海外进入收获期 盈利能力持续提升,姚遥,2747000000.0000,,,,,,,,,,,,,,,,,,,,,,,,,,,2025-08-17 15:56:25,2025-08-17 15:56:25
002028.XSHE,2025-08-18,2025,q4,1101,中信证券,"中信证券2025-08-18发布的报告上调了该股盈利预测,分析师：华夏,李子硕,华鹏伟",2025-08-18,思源电气2025年中报点评：龙头业绩亮眼 长期空间可期,"华夏,李子硕,华鹏伟",2775000000.0000,2025-07-14,思源电气2025年半年度业绩快报点评：业绩快报超预期 订单表现犹强劲,2711000000.0000,,,,,,,,,,,,,,,,,,,,,,,0.0236,2025-08-19 19:03:11,2025-08-19 19:03:11
002028.XSHE,2025-08-19,2025,q4,1101,民生证券,"民生证券2025-08-19发布的报告上调了该股盈利预测,分析师：邓永康,李佳,许浚哲",2025-08-19,思源电气2025年半年度业绩点评：25H1业绩增速亮眼 海外市场贡献显著,"邓永康,李佳,许浚哲",2759000000.0000,2025-07-13,思源电气2025年半年度业绩快报点评：25H1业绩亮眼 股权回购彰显发展信心,2506000000.0000,,,,,,,,,,,,,,,,,,,,,,,0.1010,2025-08-20 05:24:11,2025-08-20 05:24:11
002028.XSHE,2025-08-20,2025,q4,1102,光大证券,"光大证券2025-08-20发布的报告上调了该股盈利预测,分析师：殷中枢,邓怡亮",2025-08-20,思源电气2025年半年报点评：25H1海外营收实现高增 控费成效逐渐体现,"殷中枢,邓怡亮",2722000000.0000,2025-04-22,思源电气2024年年报点评：24年业绩符合预期 持续突破海外市场,2601000000.0000,,,,,,,,,,,,,,,,,,,,,,,0.0465,2025-08-21 11:00:18,2025-08-21 11:00:18
002028.XSHE,2025-08-25,2025,q4,1102,长江证券,"长江证券2025-08-25发布的报告上调了该股盈利预测,分析师：邬博华,曹海花,司鸿历 等",2025-08-25,思源电气：海外业务量利齐升 订单保障持续增长,"邬博华,曹海花,司鸿历 等",2758000000.0000,2025-05-04,思源电气：经营业绩表现强劲 合同负债连创新高,2586000000.0000,,,,,,,,,,,,,,,,,,,,,,,0.0665,2025-08-26 12:03:13,2025-08-26 12:03:13
002028.XSHE,2025-09-19,2025,q4,1101,Morgan Stanley,"Morgan Stanley2025-09-19发布的报告上调了该股盈利预测,分析师：Eva Hou",2025-09-19,Sieyuan Electric Co.Ltd(002028.SZ):Risk Reward Update,Eva Hou,2724418487.0000,2025-07-07,思源电气：扩张全球份额 深耕本土竞争力 首次覆盖给予超配,2555300000.0000,,,,,,,,,,,,,,,,,,,,,,,0.0662,2025-09-21 12:56:04,2025-09-21 12:56:04
002028.XSHE,2025-10-18,2025,q3,1405,,2025-10-18发布的财报中，3季度净利润增速超出机构的一致预期,,,,,,,,2025-10-18,financial_reports,,,,898674904.6900,,,,0.4873,,,,,,,,2025-10-17,,742898052.5838,,,0.2097,2025-10-18 05:11:15,2025-10-18 05:11:15
002028.XSHE,2025-10-18,2025,q3,1501,,2025-10-18发布的财报净利润同比增速超出一致预期2025同比增速,,,,,,,,2025-10-18,financial_reports,,,2191372868.3500,,,0.4694,,,,,,,,,,2025-10-17,2721315296.9764,,0.3281,,0.1413,2025-10-18 05:11:15,2025-10-18 05:11:15
002028.XSHE,2025-10-18,2025,q3,1503,,2025-10-18发布的财报净利润同比增速超出2025一致预期同比增速,,,,,,,,2025-10-18,financial_reports,,,,898674904.6900,,,,0.4873,,,,,,,,2025-10-17,,742898052.5838,,0.2295,0.2578,2025-10-18 05:11:15,2025-10-18 05:11:15
002028.XSHE,2025-10-18,2025,q4,1101,国金证券,"国金证券2025-10-18发布的报告上调了该股盈利预测,分析师：姚遥",2025-10-18,思源电气：超预期增长延续、海外加主网加AI共驱,姚遥,2883000000.0000,2025-08-16,思源电气：海外进入收获期 盈利能力持续提升,2747000000.0000,,,,,,,,,,,,,,,,,,,,,,,0.0495,2025-10-19 15:13:57,2025-10-19 15:13:57
002028.XSHE,2025-10-18,2025,q4,1301,国金证券,国金证券2025-10-18发布的报告研报标题中含有超预期信息,2025-10-18,思源电气：超预期增长延续、海外加主网加AI共驱,姚遥,2883000000.0000,,,,,,,,,,,,,,,,,,,,,,,,,,,2025-10-19 15:13:57,2025-10-19 15:13:57
002028.XSHE,2025-10-18,2025,q4,1302,国金证券,国金证券2025-10-18发布的报告研报摘要中含有超预期信息,2025-10-18,思源电气：超预期增长延续、海外加主网加AI共驱,姚遥,2883000000.0000,,,,,,,,,,,,,,,,,,,,,,,,,,,2025-10-19 15:13:57,2025-10-19 15:13:57
002028.XSHE,2025-10-19,2025,q4,1101,中金公司,"中金公司2025-10-19发布的报告上调了该股盈利预测,分析师：刘倩文,曲昊源,闫汐语",2025-10-19,思源电气：3Q25业绩超预期 延续高质量增长,"刘倩文,曲昊源,闫汐语",2672000000.0000,2025-08-16,思源电气：业绩符合预期 海外营收高增 下游基本面强劲,2551000000.0000,,,,,,,,,,,,,,,,,,,,,,,0.0474,2025-10-20 09:00:50,2025-10-20 09:00:50
002028.XSHE,2025-10-19,2025,q4,1101,Morgan Stanley,"Morgan Stanley2025-10-19发布的报告上调了该股盈利预测,分析师：Eva Hou,Evan Chen,Estelle Wang 等",2025-10-19,Sieyuan Electric Co.Ltd(002028.SZ)Correction:3Q25 earnings beat on robust GPM expansion;Remain OW,"Eva Hou,Evan Chen,Estelle Wang 等",2843600000.0000,2025-09-19,Sieyuan Electric Co.Ltd(002028.SZ):Risk Reward Update,2724418487.0000,,,,,,,,,,,,,,,,,,,,,,,0.0437,2025-10-25 05:33:33,2025-10-25 05:33:33
002028.XSHE,2025-10-19,2025,q4,1101,中信证券,"中信证券2025-10-19发布的报告上调了该股盈利预测,分析师：华夏,李子硕,华鹏伟",2025-10-19,思源电气2025年三季报点评：业绩再创单季新高 多产品多市场增长动能充沛,"华夏,李子硕,华鹏伟",2847000000.0000,2025-08-18,思源电气2025年中报点评：龙头业绩亮眼 长期空间可期,2775000000.0000,,,,,,,,,,,,,,,,,,,,,,,0.0259,2025-10-21 05:05:50,2025-10-21 05:05:50
002028.XSHE,2025-10-19,2025,q4,1101,华泰证券,"华泰证券2025-10-19发布的报告上调了该股盈利预测,分析师：刘俊,边文姣,戚腾元",2025-10-19,思源电气：海外订单高增 合资布局IGCT阀组,"刘俊,边文姣,戚腾元",2922000000.0000,2025-08-16,思源电气：收入利润节节高 扬帆远航通四海,2746000000.0000,,,,,,,,,,,,,,,,,,,,,,,0.0641,2025-10-20 04:58:42,2025-10-20 04:58:42
002028.XSHE,2025-10-19,2025,q4,1301,中金公司,中金公司2025-10-19发布的报告研报标题中含有超预期信息,2025-10-19,思源电气：3Q25业绩超预期 延续高质量增长,"刘倩文,曲昊源,闫汐语",2672000000.0000,,,,,,,,,,,,,,,,,,,,,,,,,,,2025-10-20 09:00:50,2025-10-20 09:00:50
002028.XSHE,2025-10-19,2025,q4,1301,西部证券,西部证券2025-10-19发布的报告研报标题中含有超预期信息,2025-10-19,思源电气25Q3业绩点评：业绩持续超预期 海外业务驱动强劲,"杨敬梅,董正奇",2903000000.0000,,,,,,,,,,,,,,,,,,,,,,,,,,,2025-10-20 10:05:34,2025-10-20 10:05:34
002028.XSHE,2025-10-19,2025,q4,1302,中金公司,中金公司2025-10-19发布的报告研报摘要中含有超预期信息,2025-10-19,思源电气：3Q25业绩超预期 延续高质量增长,"刘倩文,曲昊源,闫汐语",2672000000.0000,,,,,,,,,,,,,,,,,,,,,,,,,,,2025-10-20 11:01:00,2025-10-20 11:01:00
002028.XSHE,2025-10-20,2025,q4,1101,国泰海通证券,"国泰海通证券2025-10-20发布的报告上调了该股盈利预测,分析师：徐强,房青,任苒威",2025-10-20,思源电气：前三季业绩快速增长 多产品布局海外,"徐强,房青,任苒威",2895000000.0000,2025-08-17,思源电气：国内外、产品线扩张 共推业绩持续增长,2638000000.0000,,,,,,,,,,,,,,,,,,,,,,,0.0974,2025-10-21 05:05:50,2025-10-21 05:05:50
002028.XSHE,2025-10-20,2025,q4,1101,招商证券,"招商证券2025-10-20发布的报告上调了该股盈利预测,分析师：游家训,胡佳怡",2025-10-20,思源电气：Q3业绩超预期 再创单季度历史新高,"游家训,胡佳怡",2901000000.0000,2025-08-24,思源电气：业绩创单季度历史新高 海外放量贡献进一步加大,2578000000.0000,,,,,,,,,,,,,,,,,,,,,,,0.1253,2025-10-20 18:50:33,2025-10-20 18:50:33
002028.XSHE,2025-10-20,2025,q4,1101,citigroup,"citigroup2025-10-20发布的报告上调了该股盈利预测,分析师：Pierre Lau,Bella Tian",2025-10-20,Sieyuan Electric(002028.SZ):Reiterate Buy with 2025-26E Net Profit at the High End of the Street,"Pierre Lau,Bella Tian",2937000000.0000,2025-08-18,Sieyuan Electric(002028.SZ):Both Revenue & New Order Beats in 1H25;Reiterate Buy with TP Raise,2749000000.0000,,,,,,,,,,,,,,,,,,,,,,,0.0684,2025-10-22 11:03:37,2025-10-22 11:03:37
002028.XSHE,2025-10-20,2025,q4,1102,东吴证券,"东吴证券2025-10-20发布的报告上调了该股盈利预测,分析师：曾朵红,谢哲栋,司鑫尧",2025-10-20,思源电气2025年三季报点评：经营α不断兑现 业绩超市场预期,"曾朵红,谢哲栋,司鑫尧",3017000000.0000,2025-08-17,思源电气2025年中报点评：海外收入放量提升盈利能力 业绩符合市场预期,2825000000.0000,,,,,,,,,,,,,,,,,,,,,,,0.0680,2025-10-20 18:50:33,2025-10-20 18:50:33
002028.XSHE,2025-10-20,2025,q4,1301,招商证券,招商证券2025-10-20发布的报告研报标题中含有超预期信息,2025-10-20,思源电气：Q3业绩超预期 再创单季度历史新高,"游家训,胡佳怡",2901000000.0000,,,,,,,,,,,,,,,,,,,,,,,,,,,2025-10-20 18:50:33,2025-10-20 18:50:33
002028.XSHE,2025-10-20,2025,q4,1301,东吴证券,东吴证券2025-10-20发布的报告研报标题中含有超预期信息,2025-10-20,思源电气2025年三季报点评：经营α不断兑现 业绩超市场预期,"曾朵红,谢哲栋,司鑫尧",3017000000.0000,,,,,,,,,,,,,,,,,,,,,,,,,,,2025-10-20 18:50:33,2025-10-20 18:50:33
002028.XSHE,2025-10-22,2025,q4,1101,野村东方国际证券,"野村东方国际证券2025-10-22发布的报告上调了该股盈利预测,分析师：马晓明,李沛雨",2025-10-22,Sieyuan Electric(002028.SZ):3Q earnings beat;on track to surpass guidance,"马晓明,李沛雨",2856000000.0000,2025-08-22,Sieyuan Electric(002028.SZ):A Chinese electrical equipment leader going global,2644000000.0000,,,,,,,,,,,,,,,,,,,,,,,0.0802,2025-10-23 19:04:13,2025-10-23 19:04:13
002028.XSHE,2025-10-24,2025,q4,1101,国信证券,"国信证券2025-10-24发布的报告上调了该股盈利预测,分析师：王蔚祺,王晓声",2025-10-24,思源电气：三季度业绩再创新高 海外业务持续放量,"王蔚祺,王晓声",3050000000.0000,2025-07-14,思源电气：上半年业绩表现亮眼 出海与网内高端市场持续突破,2788000000.0000,,,,,,,,,,,,,,,,,,,,,,,0.0940,2025-10-26 05:11:57,2025-10-26 05:11:57
002028.XSHE,2025-10-24,2025,q4,1302,国信证券,国信证券2025-10-24发布的报告研报摘要中含有超预期信息,2025-10-24,思源电气：三季度业绩再创新高 海外业务持续放量,"王蔚祺,王晓声",3050000000.0000,,,,,,,,,,,,,,,,,,,,,,,,,,,2025-10-26 10:09:31,2025-10-26 10:09:31
002028.XSHE,2025-10-31,2025,q4,1101,HSBC,"HSBC2025-10-31发布的报告上调了该股盈利预测,分析师：王敦,陈家崧",2025-10-31,Sieyuan Electric(002028.SZ):Buy Growth faster than expectations,"王敦,陈家崧",2877000000.0000,2025-08-25,Sieyuan Electric(002028.SS):Buy Multiple bright spots on top of 1H25 results beat,2679000000.0000,,,,,,,,,,,,,,,,,,,,,,,0.0739,2025-11-03 15:57:29,2025-11-03 15:57:29
002028.XSHE,2025-10-31,2025,q4,1101,长江证券,"长江证券2025-10-31发布的报告上调了该股盈利预测,分析师：邬博华,曹海花,司鸿历",2025-10-31,思源电气：海外延续量利提升 合同负债再创新高,"邬博华,曹海花,司鸿历",2988000000.0000,2025-08-25,思源电气：海外业务量利齐升 订单保障持续增长,2758000000.0000,,,,,,,,,,,,,,,,,,,,,,,0.0834,2025-11-16 05:14:42,2025-11-16 05:14:42
002028.XSHE,2025-10-31,2025,q4,1302,华龙证券,华龙证券2025-10-31发布的报告研报摘要中含有超预期信息,2025-10-31,思源电气2025年三季报点评报告：海外市场增长迅猛 盈利能力不断提升,"杨阳,许紫荆",2695000000.0000,,,,,,,,,,,,,,,,,,,,,,,,,,,2025-11-03 14:05:15,2025-11-03 14:05:15
002028.XSHE,2025-11-04,2025,q4,1101,华安证券,"华安证券2025-11-04发布的报告上调了该股盈利预测,分析师：张志邦,郑洋",2025-11-04,思源电气：25Q3收入、利润同比均实现高增 合同负债同比高增支撑公司业务增长,"张志邦,郑洋",2867000000.0000,2025-08-30,思源电气：25H1收入、利润同比均高增 海外业务爆发式增长,2769000000.0000,,,,,,,,,,,,,,,,,,,,,,,0.0354,2025-11-04 18:52:07,2025-11-04 18:52:07
002028.XSHE,2025-11-14,2025,q4,1102,长江证券,"长江证券2025-11-14发布的报告上调了该股盈利预测,分析师：邬博华,曹海花,司鸿历",2025-11-14,思源电气：海外延续量利提升 合同负债再创新高,"邬博华,曹海花,司鸿历",2988000000.0000,2025-08-25,思源电气：海外业务量利齐升 订单保障持续增长,2758000000.0000,,,,,,,,,,,,,,,,,,,,,,,0.0834,2025-11-16 10:06:04,2025-11-16 10:06:04
002028.XSHE,2025-11-16,2025,q4,1101,Morgan Stanley,"Morgan Stanley2025-11-16发布的报告上调了该股盈利预测,分析师：Eva Hou,Evan Chen,Estelle Wang",2025-11-16,Sieyuan Electric(002028.SS):Overseas Growth To Take Off,"Eva Hou,Evan Chen,Estelle Wang",3042000000.0000,2025-10-27,Sieyuan Electric(002028.SZ):Key Takeaways from Post 3Q25 Conference Call,2843600000.0000,,,,,,,,,,,,,,,,,,,,,,,0.0698,2025-11-18 12:01:47,2025-11-18 12:01:47
002028.XSHE,2025-11-30,2025,q4,1101,中信建投,"中信建投2025-11-30发布的报告上调了该股盈利预测,分析师：朱玥,郑博元",2025-11-30,思源电气：Q3业绩超预期 出口+网内高压增量引擎持续助力,"朱玥,郑博元",2900000000.0000,2025-09-10,思源电气2025年中报点评：海外业务增势强劲 出口加网内高压强α凸显,2703000000.0000,,,,,,,,,,,,,,,,,,,,,,,0.0729,2025-12-01 11:59:22,2025-12-01 11:59:22
002028.XSHE,2025-11-30,2025,q4,1102,中信建投,"中信建投2025-11-30发布的报告上调了该股盈利预测,分析师：朱玥,郑博元",2025-11-30,思源电气2025年三季报点评：Q3业绩超预期 出口加网内高压增量引擎持续助力,"朱玥,郑博元",2900000000.0000,2025-09-10,思源电气2025年中报点评：海外业务增势强劲 出口加网内高压强α凸显,2703000000.0000,,,,,,,,,,,,,,,,,,,,,,,0.0729,2025-12-01 15:43:47,2025-12-01 15:43:47
002028.XSHE,2025-11-30,2025,q4,1301,中信建投,中信建投2025-11-30发布的报告研报标题中含有超预期信息,2025-11-30,思源电气2025年三季报点评：Q3业绩超预期 出口加网内高压增量引擎持续助力,"朱玥,郑博元",2900000000.0000,,,,,,,,,,,,,,,,,,,,,,,,,,,2025-12-01 11:59:22,2025-12-01 11:59:22
002028.XSHE,2025-12-29,2025,q4,1101,HSBC,"HSBC2025-12-29发布的报告上调了该股盈利预测,分析师：王敦,陈家崧",2025-12-29,Sieyuan Electric(002028.SH):Buy;US supply shortage to continue in 2026-27,"王敦,陈家崧",2888000000.0000,2025-10-31,Sieyuan Electric(002028.SZ):Buy Growth faster than expectations,2877000000.0000,,,,,,,,,,,,,,,,,,,,,,,0.0038,2026-01-05 05:03:32,2026-01-05 05:03:32
002028.XSHE,2026-01-15,2025,q4,1101,华泰证券,"华泰证券2026-01-15发布的报告上调了该股盈利预测,分析师：刘俊,边文姣,戚腾元",2026-01-15,思源电气：业绩持续超预期释放,"刘俊,边文姣,戚腾元",3163000000.0000,2025-10-19,思源电气：海外订单高增 合资布局IGCT阀组,2922000000.0000,,,,,,,,,,,,,,,,,,,,,,,0.0825,2026-01-16 14:57:21,2026-01-16 14:57:21
002028.XSHE,2026-01-15,2025,q4,1301,华泰证券,华泰证券2026-01-15发布的报告研报标题中含有超预期信息,2026-01-15,思源电气：业绩持续超预期释放,"刘俊,边文姣,戚腾元",3163000000.0000,,,,,,,,,,,,,,,,,,,,,,,,,,,2026-01-16 14:57:21,2026-01-16 14:57:21
002028.XSHE,2026-01-15,2025,q4,1302,华泰证券,华泰证券2026-01-15发布的报告研报摘要中含有超预期信息,2026-01-15,思源电气：业绩持续超预期释放,"刘俊,边文姣,戚腾元",3163000000.0000,,,,,,,,,,,,,,,,,,,,,,,,,,,2026-01-16 14:57:21,2026-01-16 14:57:21
002028.XSHE,2026-01-16,2025,q4,1101,中金公司,"中金公司2026-01-16发布的报告上调了该股盈利预测,分析师：刘倩文,曲昊源,闫汐语",2026-01-16,思源电气：2025年业绩快报超预期 国内海外高景气延续,"刘倩文,曲昊源,闫汐语",3163000000.0000,2025-10-19,思源电气：3Q25业绩超预期 延续高质量增长,2672000000.0000,,,,,,,,,,,,,,,,,,,,,,,0.1838,2026-01-16 11:51:10,2026-01-16 11:51:10
002028.XSHE,2026-01-16,2025,q4,1101,Morgan Stanley,"Morgan Stanley2026-01-16发布的报告上调了该股盈利预测,分析师：Eva Hou",2026-01-16,Sieyuan Electric Co.Ltd(002028.SS):Risk Reward Update,Eva Hou,3202455929.2000,2026-01-15,"Sieyuan Electric(002028.SS):Strong 2025 preliminary results underpinned by robust revenue growth,margin expansion",3041900000.0000,,,,,,,,,,,,,,,,,,,,,,,0.0528,2026-01-18 11:05:18,2026-01-18 11:05:18
002028.XSHE,2026-01-16,2025,q4,1102,东吴证券,"东吴证券2026-01-16发布的报告上调了该股盈利预测,分析师：曾朵红,司鑫尧",2026-01-16,思源电气2025年业绩快报点评：业绩大超预期 稳步迈进next level,"曾朵红,司鑫尧",3163000000.0000,2025-10-20,思源电气2025年三季报点评：经营α不断兑现 业绩超市场预期,3017000000.0000,,,,,,,,,,,,,,,,,,,,,,,0.0484,2026-01-16 11:51:10,2026-01-16 11:51:10
002028.XSHE,2026-01-16,2025,q4,1102,国金证券,"国金证券2026-01-16发布的报告上调了该股盈利预测,分析师：姚遥",2026-01-16,思源电气：Q4业绩大超预期 看好26年多点开花,姚遥,3163000000.0000,2025-10-18,思源电气：超预期增长延续、海外加主网加AI共驱,2883000000.0000,,,,,,,,,,,,,,,,,,,,,,,0.0971,2026-01-16 11:51:10,2026-01-16 11:51:10
002028.XSHE,2026-01-16,2025,q4,1103,,近5个交易日内，已有3个以上的分析师上调了该股的盈利预测且没有分析师做下调预测,,,,,,,,,,,,,,,,,,,,,,,,,,,,,,,2026-01-22 16:00:27,2026-01-22 16:00:27
002028.XSHE,2026-01-16,2025,q4,1201,,近5个交易日内，该股一致预期净利润被大幅调高,,,,,,,,,,,,,,,,,,,,,,,2026-01-22,3169934906.7550,2026-01-15,2881243929.9091,,,,0.1002,2026-01-22 16:00:27,2026-01-22 16:00:27
002028.XSHE,2026-01-16,2025,q4,1301,中金公司,中金公司2026-01-16发布的报告研报标题中含有超预期信息,2026-01-16,思源电气：2025年业绩快报超预期 国内海外高景气延续,"刘倩文,曲昊源,闫汐语",3163000000.0000,,,,,,,,,,,,,,,,,,,,,,,,,,,2026-01-16 11:51:10,2026-01-16 11:51:10
002028.XSHE,2026-01-16,2025,q4,1301,东吴证券,东吴证券2026-01-16发布的报告研报标题中含有超预期信息,2026-01-16,思源电气2025年业绩快报点评：业绩大超预期 稳步迈进next level,"曾朵红,司鑫尧",3163000000.0000,,,,,,,,,,,,,,,,,,,,,,,,,,,2026-01-16 11:51:10,2026-01-16 11:51:10
002028.XSHE,2026-01-16,2025,q4,1301,国金证券,国金证券2026-01-16发布的报告研报标题中含有超预期信息,2026-01-16,思源电气：Q4业绩大超预期 看好26年多点开花,姚遥,3163000000.0000,,,,,,,,,,,,,,,,,,,,,,,,,,,2026-01-16 11:51:10,2026-01-16 11:51:10
002028.XSHE,2026-01-16,2025,q4,1302,东吴证券,东吴证券2026-01-16发布的报告研报摘要中含有超预期信息,2026-01-16,思源电气2025年业绩快报点评：业绩大超预期 稳步迈进next level,"曾朵红,司鑫尧",3163000000.0000,,,,,,,,,,,,,,,,,,,,,,,,,,,2026-01-16 11:51:10,2026-01-16 11:51:10
002028.XSHE,2026-01-16,2025,q4,1302,国金证券,国金证券2026-01-16发布的报告研报摘要中含有超预期信息,2026-01-16,思源电气：Q4业绩大超预期 看好26年多点开花,姚遥,3163000000.0000,,,,,,,,,,,,,,,,,,,,,,,,,,,2026-01-16 11:51:10,2026-01-16 11:51:10
002028.XSHE,2026-01-16,2025,q4,1403,,2026-01-16发布的业绩快报超出机构的一致预期,,,,,,,,2026-01-16,current_performance,,,3162751580.0000,,,,,,,,,,,,,2026-01-15,2881243929.9091,,,,0.0977,2026-01-16 05:20:07,2026-01-16 05:20:07
002028.XSHE,2026-01-16,2025,q4,1502,,2026-01-16发布的业绩快报同比增速超出一致预期2025同比增速,,,,,,,,2026-01-16,current_performance,,,3162751580.0000,,,0.5435,,,,,,,,,,2026-01-15,2881243929.9091,,0.4061,,0.1374,2026-01-16 05:20:07,2026-01-16 05:20:07
002028.XSHE,2026-01-16,2025,q4,1504,,2026-01-16发布的业绩快报同比增速超出2025一致预期同比增速,,,,,,,,2026-01-16,current_performance,,,,3162751580.0000,,,,0.7418,,,,,,,,2026-01-15,,689874122.1002,,0.2370,0.5048,2026-01-16 05:20:07,2026-01-16 05:20:07
002028.XSHE,2026-01-18,2025,q4,1101,招商证券,"招商证券2026-01-18发布的报告上调了该股盈利预测,分析师：游家训,胡佳怡",2026-01-18,思源电气：Q4业绩再超预期 未来的高度更高确定性更强,"游家训,胡佳怡",3163000000.0000,2025-11-27,思源电气：公司北美业务有望迎来突破,2901000000.0000,,,,,,,,,,,,,,,,,,,,,,,0.0903,2026-01-19 10:12:23,2026-01-19 10:12:23
002028.XSHE,2026-01-18,2025,q4,1101,西部证券,"西部证券2026-01-18发布的报告上调了该股盈利预测,分析师：杨敬梅,董正奇",2026-01-18,思源电气25年业绩快报点评：业绩持续向好 26年看AIDC 27年看储能,"杨敬梅,董正奇",3163000000.0000,2025-10-19,思源电气25Q3业绩点评：业绩持续超预期 海外业务驱动强劲,2903000000.0000,,,,,,,,,,,,,,,,,,,,,,,0.0896,2026-01-19 12:50:10,2026-01-19 12:50:10
002028.XSHE,2026-01-18,2025,q4,1301,招商证券,招商证券2026-01-18发布的报告研报标题中含有超预期信息,2026-01-18,思源电气：Q4业绩再超预期 未来的高度更高确定性更强,"游家训,胡佳怡",3163000000.0000,,,,,,,,,,,,,,,,,,,,,,,,,,,2026-01-19 10:12:23,2026-01-19 10:12:23
002028.XSHE,2026-01-18,2025,q4,1302,招商证券,招商证券2026-01-18发布的报告研报摘要中含有超预期信息,2026-01-18,思源电气：Q4业绩再超预期 未来的高度更高确定性更强,"游家训,胡佳怡",3163000000.0000,,,,,,,,,,,,,,,,,,,,,,,,,,,2026-01-19 10:12:23,2026-01-19 10:12:23
002028.XSHE,2026-01-18,2025,q4,1302,西部证券,西部证券2026-01-18发布的报告研报摘要中含有超预期信息,2026-01-18,思源电气25年业绩快报点评：业绩持续向好 26年看AIDC 27年看储能,"杨敬梅,董正奇",3163000000.0000,,,,,,,,,,,,,,,,,,,,,,,,,,,2026-01-19 12:50:10,2026-01-19 12:50:10
002028.XSHE,2026-01-19,2025,q4,1101,Goldman Sachs,"Goldman Sachs2026-01-19发布的报告上调了该股盈利预测,分析师：李舟,杜茜,陈豪",2026-01-19,思源电气：2025年预告净利润增长54% 维持买入评级,"李舟,杜茜,陈豪",3179023324.8400,2026-01-13,中国电网科技行业：日益崛起的全球电网设备市场挑战者 首次覆盖思源电气（买入）和华明装备（中性）,3128000000.0000,,,,,,,,,,,,,,,,,,,,,,,0.0163,2026-01-19 14:55:41,2026-01-19 14:55:41
002028.XSHE,2026-01-22,2025,q4,1101,中信证券,"中信证券2026-01-22发布的报告上调了该股盈利预测,分析师：李子硕,华夏",2026-01-22,思源电气2025年业绩快报点评：业绩超预期 国内外多维度景气,"李子硕,华夏",3163000000.0000,2025-10-19,思源电气2025年三季报点评：业绩再创单季新高 多产品多市场增长动能充沛,2847000000.0000,,,,,,,,,,,,,,,,,,,,,,,0.1110,2026-01-23 05:04:19,2026-01-23 05:04:19
002028.XSHE,2026-01-22,2025,q4,1301,中信证券,中信证券2026-01-22发布的报告研报标题中含有超预期信息,2026-01-22,思源电气2025年业绩快报点评：业绩超预期 国内外多维度景气,"李子硕,华夏",3163000000.0000,,,,,,,,,,,,,,,,,,,,,,,,,,,2026-01-23 05:04:19,2026-01-23 05:04:19
002028.XSHE,2026-01-27,2025,q4,1301,华西证券,华西证券2026-01-27发布的报告研报标题中含有超预期信息,2026-01-27,思源电气：2025年业绩超预期 海外业务将持续注入增长动能,"杨睿,王涵",3162000000.0000,,,,,,,,,,,,,,,,,,,,,,,,,,,2026-01-28 13:49:52,2026-01-28 13:49:52
002028.XSHE,2026-01-27,2025,q4,1302,华西证券,华西证券2026-01-27发布的报告研报摘要中含有超预期信息,2026-01-27,思源电气：2025年业绩超预期 海外业务将持续注入增长动能,"杨睿,王涵",3162000000.0000,,,,,,,,,,,,,,,,,,,,,,,,,,,2026-01-28 13:49:52,2026-01-28 13:49:52
002028.XSHE,2026-01-29,2025,q4,1302,山西证券,山西证券2026-01-29发布的报告研报摘要中含有超预期信息,2026-01-29,思源电气：海内外需求共振 公司业绩持续向好,"肖索,贾惠淋",3165000000.0000,,,,,,,,,,,,,,,,,,,,,,,,,,,2026-02-06 21:43:10,2026-02-06 15:56:36
002028.XSHE,2026-02-13,2025,q4,1101,中信建投,"中信建投2026-02-13发布的报告上调了该股盈利预测,分析师：朱玥,郑博元",2026-02-13,思源电气：业绩超预期 强Α持续兑现 海内外需求共振向上,"朱玥,郑博元",3163000000.0000,2025-11-30,思源电气2025年三季报点评：Q3业绩超预期 出口加网内高压增量引擎持续助力,2900000000.0000,,,,,,,,,,,,,,,,,,,,,,,0.0907,2026-02-15 07:01:01,2026-02-15 05:00:40
002028.XSHE,2026-02-13,2025,q4,1102,中信建投,"中信建投2026-02-13发布的报告上调了该股盈利预测,分析师：朱玥,郑博元",2026-02-13,思源电气2025年业绩快报点评：业绩超预期 强α持续兑现 海内外需求共振向上,"朱玥,郑博元",3163000000.0000,2025-11-30,思源电气2025年三季报点评：Q3业绩超预期 出口加网内高压增量引擎持续助力,2900000000.0000,,,,,,,,,,,,,,,,,,,,,,,0.0907,2026-02-23 20:27:13,2026-02-23 13:51:14
002028.XSHE,2026-02-13,2025,q4,1301,中信建投,中信建投2026-02-13发布的报告研报标题中含有超预期信息,2026-02-13,思源电气2025年业绩快报点评：业绩超预期 强α持续兑现 海内外需求共振向上,"朱玥,郑博元",3163000000.0000,,,,,,,,,,,,,,,,,,,,,,,,,,,2026-02-15 07:01:01,2026-02-15 05:00:40
002028.XSHE,2026-03-08,2025,q4,1302,东吴证券,东吴证券2026-03-08发布的报告研报摘要中含有超预期信息,2026-03-08,思源电气：乘出海浪潮启发展新阶段 优质经营赋能加速腾飞,"曾朵红,司鑫尧,许钧赫",3163000000.0000,,,,,,,,,,,,,,,,,,,,,,,,,,,2026-03-09 20:37:03,2026-03-09 08:01:03
002028.XSHE,2026-03-18,2025,q4,1101,Morgan Stanley,"Morgan Stanley2026-03-18发布的报告上调了该股盈利预测,分析师：Eva Hou",2026-03-18,Sieyuan Electric Co.Ltd.(002028.SZ):Risk Reward Update,Eva Hou,3179023324.8400,2026-02-11,Sieyuan Electric Co.Ltd.(002028.SZ):Staying the Course,3163500000.0000,,,,,,,,,,,,,,,,,,,,,,,0.0049,2026-03-20 21:34:08,2026-03-20 13:58:34
002028.XSHE,2026-04-07,2025,q4,1102,国金证券,"国金证券2026-04-07发布的报告上调了该股盈利预测,分析师：姚遥",2026-04-07,思源电气：10张图“看懂”思源电气 开启全球电力设备的“高质量收割模式”,姚遥,3164000000.0000,2026-01-16,思源电气：Q4业绩大超预期 看好26年多点开花,3163000000.0000,,,,,,,,,,,,,,,,,,,,,,,0.0003,2026-04-08 20:47:18,2026-04-08 18:52:16
