date,002028.XSHE
2009-04-03,0.33326962747186395
2009-04-07,0.3328078568367165
2009-04-08,0.3410551537680643
2009-04-09,0.33771059778168966
2009-04-10,0.3278907210930123
2009-04-13,0.32629079225382174
2009-04-14,0.3397407423536432
2009-04-15,0.3468645308572283
2009-04-16,0.3590070264656864
2009-04-17,0.3669651038784795
2009-04-20,0.36038956393312205
2009-04-21,0.3609215204342841
2009-04-22,0.37181320708992743
2009-04-23,0.3685660145913285
2009-04-24,0.36301388843524884
2009-04-27,0.3719070545189659
2009-04-28,0.36750563541052894
2009-04-29,0.3527795136075112
2009-04-30,0.34352734092191295
2009-05-04,0.32645722881583017
2009-05-05,0.32011610041855587
2009-05-06,0.31671981292262374
2009-05-07,0.3275512092544777
2009-05-08,0.3263037284336517
2009-05-11,0.3327849454042717
2009-05-12,0.3215784576905071
2009-05-13,0.31422639090852267
2009-05-14,0.308938930788762
2009-05-15,0.3018356864294123
2009-05-18,0.2999738485916013
2009-05-19,0.29555891654128513
2009-05-20,0.2944357397862888
2009-05-21,0.302627775117392
2009-05-22,0.30275737162837485
2009-05-25,0.3377209099741141
2009-05-26,0.3337074739722806
2009-05-27,0.3253584229647968
2009-06-01,0.31380443371686256
2009-06-02,0.31028336504954235
2009-06-03,0.305290014452453
2009-06-04,0.31361536934130135
2009-06-05,0.318474171952214
2009-06-08,0.3239652354509868
2009-06-09,0.32538962933702614
2009-06-10,0.3215725068345942
2009-06-11,0.3184522995618043
2009-06-12,0.3163734569662663
2009-06-15,0.3040953986035736
2009-06-16,0.3133744635196698
2009-06-17,0.3029764003071032
2009-06-18,0.29906994615346383
2009-06-19,0.2996752280342832
2009-06-22,0.3061455528263804
2009-06-23,0.30516255042910245
2009-06-24,0.2960971408378448
2009-06-25,0.2962456458712662
2009-06-26,0.29344605219148867
2009-06-29,0.29178319700734523
2009-06-30,0.29350743257584394
2009-07-01,0.2891896841834424
2009-07-02,0.29067006204319856
2009-07-03,0.2956828325843279
2009-07-06,0.3036434456751067
2009-07-07,0.302873332913884
2009-07-08,0.2981824582298566
2009-07-09,0.2961317779898985
2009-07-10,0.2932875784407377
2009-07-13,0.2993620706137541
2009-07-14,0.29262722397290064
2009-07-15,0.29723484085624274
2009-07-16,0.30359383618623437
2009-07-17,0.3087480913245371
2009-07-20,0.3060368985761248
2009-07-21,0.3149898389894793
2009-07-22,0.30844593800172
2009-07-23,0.3060083961920613
2009-07-24,0.30818330479836015
2009-07-27,0.3041426034311492
2009-07-28,0.30454541389986656
2009-07-29,0.31277282725509237
2009-07-30,0.3177706216896699
2009-07-31,0.3042478592465199
2009-08-03,0.30243136967574075
2009-08-04,0.3145991645212394
2009-08-05,0.31775494519072095
2009-08-06,0.31151604051178244
2009-08-07,0.30990386117149465
2009-08-10,0.304597496629585
2009-08-11,0.2954749490261593
2009-08-12,0.29357149299017066
2009-08-13,0.28756465500702727
2009-08-14,0.2907474213604007
2009-08-17,0.29612426355066956
2009-08-18,0.29391890251419034
2009-08-19,0.3013292473156997
2009-08-20,0.28557042749887246
2009-08-21,0.2771170564101175
2009-08-24,0.2745158196020532
2009-08-25,0.29583186743475137
2009-08-26,0.29187675385571227
2009-08-27,0.2931361879796394
2009-08-28,0.2915054187258514
2009-08-31,0.29157026675601044
2009-09-01,0.29730060262841546
2009-09-02,0.2931962838278779
2009-09-03,0.273962231243376
2009-09-04,0.2661861257575889
2009-09-07,0.25895420055464324
2009-09-08,0.24847046012883955
2009-09-09,0.2471171118927413
2009-09-10,0.24958227896842863
2009-09-11,0.24550040287701108
2009-09-14,0.24147819218623087
2009-09-15,0.24037647559667374
2009-09-16,0.24268805961749199
2009-09-17,0.2413085498361826
2009-09-18,0.24977927765281752
2009-09-21,0.26673677087740494
2009-09-22,0.26707027192692956
2009-09-23,0.2711574939521941
2009-09-24,0.27088567757998655
2009-09-25,0.26710091212829445
2009-09-28,0.2776874249177013
2009-09-29,0.29096882838834787
2009-09-30,0.2797275514026793
2009-10-09,0.26427431063473067
2009-10-12,0.26641971080911847
2009-10-13,0.2571639068747947
2009-10-14,0.25748668976511385
2009-10-15,0.25590340216268487
2009-10-16,0.2536076422694985
2009-10-19,0.24642644697690425
2009-10-20,0.24577915858407717
2009-10-21,0.2477130099526714
2009-10-22,0.24960193413324028
2009-10-23,0.24656418060976654
2009-10-26,0.2546769092406933
2009-10-27,0.26144677653040266
2009-10-28,0.2625638035790973
2009-10-29,0.265589049372084
2009-10-30,0.2589396410937265
2009-11-02,0.2664275815349151
2009-11-03,0.2648707632980539
2009-11-04,0.26180006822865076
2009-11-05,0.25904193564892425
2009-11-06,0.25997452532603355
2009-11-09,0.2578546555307492
2009-11-10,0.2541107912618545
2009-11-11,0.25291159552978293
2009-11-12,0.24927646648030438
2009-11-13,0.2789933012767357
2009-11-16,0.2761401228985553
2009-11-17,0.2742339902047942
2009-11-18,0.2765235480377722
2009-11-19,0.2746578389068
2009-11-20,0.2760471294398432
2009-11-23,0.2752478443132574
2009-11-24,0.28444380857042756
2009-11-25,0.29019400978916504
2009-11-26,0.3135558339037091
2009-11-27,0.3291943793584625
2009-11-30,0.31632925306297904
2009-12-01,0.3102511434890201
2009-12-02,0.30381113010259264
2009-12-03,0.30105120069879054
2009-12-04,0.30671701977383165
2009-12-07,0.295529680880471
2009-12-08,0.2880788034737605
2009-12-09,0.28202913071418934
2009-12-10,0.27124904046981224
2009-12-11,0.2619963254736109
2009-12-14,0.2617141785570951
2009-12-15,0.2583967277080329
2009-12-16,0.253741369386898
2009-12-17,0.2537917799583003
2009-12-18,0.2592681397970588
2009-12-21,0.25600490899488165
2009-12-22,0.2604084317068973
2009-12-23,0.2509557132658166
2009-12-24,0.2394465768014446
2009-12-25,0.23364406960918183
2009-12-28,0.22650211931435546
2009-12-29,0.22648716246914813
2009-12-30,0.2276198995286269
2009-12-31,0.22136385390904867
2010-01-04,0.2185628984680153
2010-01-05,0.22287676919378152
2010-01-06,0.2225910170065745
2010-01-07,0.2372892184034084
2010-01-08,0.23580710244640707
2010-01-11,0.25102980883365905
2010-01-12,0.24242240454238706
2010-01-13,0.2503529966794985
2010-01-14,0.2567612965894516
2010-01-15,0.25221757493044944
2010-01-18,0.25335901694945767
2010-01-19,0.2551094420830862
2010-01-20,0.26675244871223586
2010-01-21,0.2646113180404954
2010-01-22,0.26453908083219946
2010-01-25,0.2641923390499839
2010-01-26,0.2730561612651335
2010-01-27,0.2698188321661856
2010-01-28,0.26725805787160495
2010-01-29,0.2590442344095388
2010-02-01,0.28164464215111057
2010-02-02,0.27760103051409013
2010-02-03,0.27673963118174155
2010-02-04,0.2797793087316835
2010-02-05,0.2905716343045458
2010-02-08,0.28656622602457604
2010-02-09,0.27875906266064054
2010-02-10,0.26593090452616347
2010-02-11,0.2546440761588907
2010-02-12,0.2427222931751284
2010-02-22,0.23889658748034912
2010-02-23,0.2434943887302152
2010-02-24,0.2435391349661514
2010-02-25,0.23699807292810485
2010-02-26,0.23714837877124884
2010-03-01,0.23860572699733254
2010-03-02,0.23993074823108262
2010-03-03,0.24081978831267176
2010-03-04,0.245091139756052
2010-03-05,0.2443658886506095
2010-03-08,0.24096121105594107
2010-03-09,0.23750787824532557
2010-03-10,0.23517142963420226
2010-03-11,0.23651389334587072
2010-03-12,0.23408359311885676
2010-03-15,0.23699609480721956
2010-03-16,0.23161658610157682
2010-03-17,0.2205819790851093
2010-03-18,0.2147008376340719
2010-03-19,0.2147840263406064
2010-03-22,0.22010369153867604
2010-03-23,0.22252091652008152
2010-03-24,0.22682553698107472
2010-03-25,0.23857443300183603
2010-03-26,0.23881484917825097
2010-03-29,0.23450000022482578
2010-03-30,0.23149763104075763
2010-03-31,0.2338023423523425
2010-04-01,0.234873684001765
2010-04-02,0.2362443800739765
2010-04-06,0.23776787172621844
2010-04-07,0.24670052975319523
2010-04-08,0.24939794702837087
2010-04-09,0.24556038584606119
2010-04-12,0.2595429777604687
2010-04-13,0.27349930871533157
2010-04-14,0.2723292290641929
2010-04-15,0.2767153870822366
2010-04-16,0.27437423704170605
2010-04-19,0.2815181515089009
2010-04-20,0.29363526219311187
2010-04-21,0.2848329496999233
2010-04-22,0.29218419330469586
2010-04-23,0.293864123417658
2010-04-26,0.3007009446014878
2010-04-27,0.3100371473598035
2010-04-28,0.3171661623673372
2010-04-29,0.31806230659854356
2010-04-30,0.3351922123595436
2010-05-04,0.331151736414959
2010-05-05,0.31743213965598627
2010-05-06,0.3139288102442214
2010-05-07,0.3251474684919657
2010-05-10,0.33332842592544115
2010-05-11,0.32959945155254083
2010-05-12,0.3378820186191246
2010-05-13,0.3219840949207096
2010-05-14,0.3072403214124955
2010-05-17,0.30190782655450876
2010-05-18,0.29874094882841906
2010-05-19,0.2877453625086021
2010-05-20,0.28331463052290085
2010-05-21,0.2737823123576123
2010-05-24,0.2623511190426827
2010-05-25,0.25889682710439715
2010-05-26,0.25118613912107446
2010-05-27,0.24181599319419195
2010-05-28,0.23848107266557886
2010-05-31,0.24064591931874382
2010-06-01,0.24820994611110372
2010-06-02,0.24043804436653454
2010-06-03,0.23329691847680603
2010-06-04,0.22904468569748912
2010-06-07,0.23982579852000466
2010-06-08,0.23855608601258824
2010-06-09,0.23008685202049808
2010-06-10,0.22597633718871732
2010-06-11,0.22211474753100507
2010-06-17,0.22499217878416453
2010-06-18,0.22895574520248313
2010-06-21,0.22721102967102744
2010-06-22,0.22375481410007872
2010-06-23,0.21965109756082768
2010-06-24,0.21262950816244103
2010-06-25,0.2147540329065996
2010-06-28,0.21533894771731682
2010-06-29,0.2222302475194205
2010-06-30,0.23693654082594665
2010-07-01,0.24051941812970928
2010-07-02,0.3043203577766204
2010-07-05,0.3054316438273866
2010-07-06,0.29098619251587243
2010-07-07,0.28221455070993456
2010-07-08,0.28004770772164983
2010-07-09,0.269977926573052
2010-07-12,0.2696227273659979
2010-07-13,0.30342394366691844
2010-07-14,0.29896700692980266
2010-07-15,0.2979549880885358
2010-07-16,0.2949763928584804
2010-07-19,0.2792920972851984
2010-07-20,0.2754731783204142
2010-07-21,0.276425960417704
2010-07-22,0.2635382042544341
2010-07-23,0.26196871363367
2010-07-26,0.25917507273098644
2010-07-27,0.25710006394356494
2010-07-28,0.2508593101233199
2010-07-29,0.25330578276963805
2010-07-30,0.2564274915289459
2010-08-02,0.2525014368815975
2010-08-03,0.2524677846556771
2010-08-04,0.25231606555432257
2010-08-05,0.25317023247966386
2010-08-06,0.2493634703279783
2010-08-09,0.24857098740329406
2010-08-10,0.25223843728566586
2010-08-11,0.24964045903180782
2010-08-12,0.25407950520797856
2010-08-13,0.24937814833094246
2010-08-16,0.24488549026254217
2010-08-17,0.24352808865355813
2010-08-18,0.2493782237681778
2010-08-19,0.2505416755233521
2010-08-20,0.2634852526139963
2010-08-23,0.26750446144651335
2010-08-24,0.2639633028116982
2010-08-25,0.26775961149212724
2010-08-26,0.2651066045976265
2010-08-27,0.2621957964904946
2010-08-30,0.2571384836261126
2010-08-31,0.2614109386397552
2010-09-01,0.2728470769612171
2010-09-02,0.2743388979612975
2010-09-03,0.2805842895152133
2010-09-06,0.28171920721116966
2010-09-07,0.2739131883911042
2010-09-08,0.28037081108793405
2010-09-09,0.2821250514891403
2010-09-10,0.2839735926822334
2010-09-13,0.2824094430105939
2010-09-14,0.28061351001902235
2010-09-15,0.2867381877066952
2010-09-16,0.2969967495188536
2010-09-17,0.2931473115167568
2010-09-20,0.2975848563548748
2010-09-21,0.29454744171481434
2010-09-27,0.28137427363106904
2010-09-28,0.2823064668105984
2010-09-29,0.28138491710928953
2010-09-30,0.27016011292652575
2010-10-08,0.26298351262494524
2010-10-11,0.2750746869756958
2010-10-12,0.2782976000273578
2010-10-13,0.2805600304546904
2010-10-14,0.28894931266421336
2010-10-15,0.29931307635012194
2010-10-18,0.3290021041831509
2010-10-19,0.3189104568898889
2010-10-20,0.3145385677345928
2010-10-21,0.31732199276572715
2010-10-22,0.3094134253932797
2010-10-25,0.3035347115299353
2010-10-26,0.3034170819921145
2010-10-27,0.2993341128895279
2010-10-28,0.2987636339976624
2010-10-29,0.3176042802990099
2010-11-01,0.31543122662375417
2010-11-02,0.335492825246408
2010-11-03,0.33916044332225587
2010-11-04,0.32836583934865543
2010-11-05,0.3231182005647239
2010-11-08,0.3159150590832504
2010-11-09,0.31539956301703825
2010-11-10,0.3140432164152586
2010-11-11,0.30639989648854205
2010-11-12,0.31906014304995556
2010-11-15,0.32379495665844793
2010-11-16,0.3311289033546499
2010-11-17,0.33294893705762135
2010-11-18,0.31912168989874756
2010-11-19,0.30778341831748146
2010-11-22,0.3012836541883466
2010-11-23,0.2996868218882294
2010-11-24,0.2869355079405123
2010-11-25,0.2800261503701411
2010-11-26,0.2731104448247421
2010-11-29,0.27371241654161105
2010-11-30,0.2902359840892648
2010-12-01,0.2797179372704147
2010-12-02,0.27274643242569946
2010-12-03,0.2682570486242662
2010-12-06,0.26450998614515675
2010-12-07,0.25638389162595343
2010-12-08,0.24861388618026575
2010-12-09,0.24653982858124632
2010-12-10,0.23762594624429448
2010-12-13,0.22842465253918087
2010-12-14,0.22565012362671039
2010-12-15,0.22213040425613895
2010-12-16,0.21699628914982358
2010-12-17,0.2124453586889748
2010-12-20,0.22103635158801957
2010-12-21,0.21823320753500144
2010-12-22,0.21784934871615944
2010-12-23,0.21713720789421534
2010-12-24,0.22140223726136743
2010-12-27,0.23252433835139638
2010-12-28,0.24470877259051652
2010-12-29,0.24030229355232133
2010-12-30,0.23751006974828517
2010-12-31,0.23012006475641975
2011-01-04,0.23495487468084017
2011-01-05,0.23675604333615216
2011-01-06,0.23679453633284636
2011-01-07,0.2400547683465643
2011-01-10,0.24404137626204608
2011-01-11,0.24729804630566446
2011-01-12,0.24126947449438352
2011-01-13,0.23765894565752796
2011-01-14,0.24048244448122896
2011-01-17,0.2545516692580431
2011-01-18,0.249898008518834
2011-01-19,0.23858004254799328
2011-01-20,0.24776959549025493
2011-01-21,0.24746927034234364
2011-01-24,0.26481668256138846
2011-01-25,0.2764416221327855
2011-01-26,0.2633524526490104
2011-01-27,0.25517070552123133
2011-01-28,0.24692233750233453
2011-01-31,0.24351278440900276
2011-02-01,0.23685681610416057
2011-02-09,0.24225547368901554
2011-02-10,0.24003434838659438
2011-02-11,0.2357787347404579
2011-02-14,0.232028420181792
2011-02-15,0.22718088538208986
2011-02-16,0.2252732282086688
2011-02-17,0.22652345417566255
2011-02-18,0.2290519646481948
2011-02-21,0.2284729286037261
2011-02-22,0.23547711602281282
2011-02-23,0.23749733519740865
2011-02-24,0.23733646391173077
2011-02-25,0.23518678701587126
2011-02-28,0.23182303522492687
2011-03-01,0.22372443993650037
2011-03-02,0.23301285014682396
2011-03-03,0.23308005132694332
2011-03-04,0.22272418490186008
2011-03-07,0.2169208341940241
2011-03-08,0.21366617828811577
2011-03-09,0.21167723266131386
2011-03-10,0.21215253986963536
2011-03-11,0.2121546291505705
2011-03-14,0.21708577985634728
2011-03-15,0.2277867211869655
2011-03-16,0.22316822687078433
2011-03-17,0.2267517846915366
2011-03-18,0.22159289395711126
2011-03-21,0.22343829278693036
2011-03-22,0.22046879407519784
2011-03-23,0.21286083834038907
2011-03-24,0.20917353015821336
2011-03-25,0.20597036219085746
2011-03-28,0.21397631608737638
2011-03-29,0.22827748179206267
2011-03-30,0.23311149026693556
2011-03-31,0.23479575934964972
2011-04-01,0.22684956074566895
2011-04-06,0.2239048183189349
2011-04-07,0.21815599033519484
2011-04-08,0.2113856281436195
2011-04-11,0.21082504184212447
2011-04-12,0.20911694293334074
2011-04-13,0.20353038859366943
2011-04-14,0.20154134132295976
2011-04-15,0.20386262200663002
2011-04-18,0.2098913480765727
2011-04-19,0.2670803301039658
2011-04-20,0.27274678983121653
2011-04-21,0.2680637039369114
2011-04-22,0.2964945386706746
2011-04-25,0.3085796254348234
2011-04-26,0.32167591869100837
2011-04-27,0.32124699160478654
2011-04-28,0.3368632993231774
2011-04-29,0.32747868826810583
2011-05-03,0.31561053252683907
2011-05-04,0.30827165690422564
2011-05-05,0.29873648778421935
2011-05-06,0.31955101743151093
2011-05-09,0.3119012670738135
2011-05-10,0.30170405080689966
2011-05-11,0.29543318480881475
2011-05-12,0.2940887516484344
2011-05-13,0.29139673379598613
2011-05-16,0.2875548191015934
2011-05-17,0.2985843584377527
2011-05-18,0.2911279807650969
2011-05-19,0.28333221885913235
2011-05-20,0.28080377658495737
2011-05-23,0.2943492219194572
2011-05-24,0.3029744326667079
2011-05-25,0.30287835976058985
2011-05-26,0.3057682749034864
2011-05-27,0.3180414605538797
2011-05-30,0.3320100305713171
2011-05-31,0.31583876094739083
2011-06-01,0.3037111469043065
2011-06-02,0.29904957340926686
2011-06-03,0.2860013681044393
2011-06-07,0.27292766419646375
2011-06-08,0.26579169872926556
2011-06-09,0.2648095036919313
2011-06-10,0.2639509630459333
2011-06-13,0.26148029844357135
2011-06-14,0.2526793578560339
2011-06-15,0.2458453222814985
2011-06-16,0.24843343112703356
2011-06-17,0.2476059842490996
2011-06-20,0.256956935732006
2011-06-21,0.25053125206964033
2011-06-22,0.24169197150774738
2011-06-23,0.2527629485428468
2011-06-24,0.2512742476387185
2011-06-27,0.24783533052879803
2011-06-28,0.24253873753182045
2011-06-29,0.2423916525346903
2011-06-30,0.2343170951004105
2011-07-01,0.23173338653238962
2011-07-04,0.22774785004042575
2011-07-05,0.22622386545419965
2011-07-06,0.233866241225964
2011-07-07,0.23840270025782972
2011-07-08,0.2386642536741718
2011-07-11,0.25020310225104875
2011-07-12,0.271466816225723
2011-07-13,0.26994760020308983
2011-07-14,0.2777091520098902
2011-07-15,0.28166275236412724
2011-07-18,0.2893157595227243
2011-07-19,0.2888733606637634
2011-07-20,0.2889371946318834
2011-07-21,0.2898125579833526
2011-07-22,0.2844896893256112
2011-07-25,0.2967002912189831
2011-07-26,0.29751660236745253
2011-07-27,0.3217191227211256
2011-07-28,0.322848535671539
2011-07-29,0.3207467767213487
2011-08-01,0.31649778577843146
2011-08-02,0.31962531510893394
2011-08-03,0.3163196753734726
2011-08-04,0.3104793712463909
2011-08-05,0.3085299783776923
2011-08-08,0.3449003785188224
2011-08-09,0.34944577568852214
2011-08-10,0.33656078611147566
2011-08-11,0.3312801271793454
2011-08-12,0.3257574996477497
2011-08-15,0.3205062757820758
2011-08-16,0.3139556427043448
2011-08-17,0.3065224239535524
2011-08-18,0.30299027784356375
2011-08-19,0.3018293998837341
2011-08-22,0.30285290373093887
2011-08-23,0.29608425237043257
2011-08-24,0.2951171085257451
2011-08-25,0.28734477918996365
2011-08-26,0.2811306483412972
2011-08-29,0.27965049929166086
2011-08-30,0.27628218789320586
2011-08-31,0.277113136794087
2011-09-01,0.2743851666011234
2011-09-02,0.26824098373362604
2011-09-05,0.2713078523578483
2011-09-06,0.2718554728507223
2011-09-07,0.2610931718058058
2011-09-08,0.25755355318400036
2011-09-09,0.25395694839755206
2011-09-13,0.2568825180659278
2011-09-14,0.2479480606778698
2011-09-15,0.24099249872839576
2011-09-16,0.23670138442846944
2011-09-19,0.24087555353085568
2011-09-20,0.23331684255317003
2011-09-21,0.22832694637327525
2011-09-22,0.2286585647884265
2011-09-23,0.23264329754919524
2011-09-26,0.23395982674500965
2011-09-27,0.23090871022293877
2011-09-28,0.23381527343130004
2011-09-29,0.2541147393469324
2011-09-30,0.26835513166705227
2011-10-10,0.2662988068464113
2011-10-11,0.2663878394492699
2011-10-12,0.2565902828144463
2011-10-13,0.25270163676960766
2011-10-14,0.24860497055188813
2011-10-17,0.24697064716353828
2011-10-18,0.2508284256369442
2011-10-19,0.2526109931885005
2011-10-20,0.26054564454838663
2011-10-21,0.2665723707271271
2011-10-24,0.26697090271751706
2011-10-25,0.25622962384053294
2011-10-26,0.25333303989645656
2011-10-27,0.2480345800101467
2011-10-28,0.23965281379316822
2011-10-31,0.23724637703296
2011-11-01,0.23823955599408525
2011-11-02,0.2380649729958243
2011-11-03,0.2642763210525631
2011-11-04,0.25842699906820876
2011-11-07,0.25718039931381814
2011-11-08,0.2544573562903929
2011-11-09,0.24856948399086892
2011-11-10,0.2516803345354121
2011-11-11,0.24900509398794307
2011-11-14,0.24235596140753252
2011-11-15,0.24411093112054788
2011-11-16,0.2412678098521417
2011-11-17,0.2395340569658088
2011-11-18,0.2449778424209569
2011-11-21,0.24875490041961895
2011-11-22,0.24662651688439077
2011-11-23,0.2449962271158642
2011-11-24,0.24141963288572169
2011-11-25,0.2396068996311917
2011-11-28,0.2407568658811888
2011-11-29,0.23539201249680441
2011-11-30,0.24602674317904835
2011-12-01,0.24737569249523514
2011-12-02,0.25924817438946307
2011-12-05,0.26706356474046505
2011-12-06,0.26367552662195914
2011-12-07,0.2525068652641774
2011-12-08,0.24638683484117307
2011-12-09,0.24206383978516455
2011-12-12,0.2416673491101326
2011-12-13,0.2490218222817813
2011-12-14,0.25238987209613073
2011-12-15,0.26639602073047386
2011-12-16,0.261004091868557
2011-12-19,0.26174131570084425
2011-12-20,0.2583545601833288
2011-12-21,0.2559549588841732
2011-12-22,0.26977665814580476
2011-12-23,0.2610706160658915
2011-12-26,0.25746972564119996
2011-12-27,0.2607774877726567
2011-12-28,0.2644353530779876
2011-12-29,0.2652823027142639
2011-12-30,0.2557860691625482
2012-01-04,0.259327189090866
2012-01-05,0.29211151716022943
2012-01-06,0.2969102369856223
2012-01-09,0.2834776778731456
2012-01-10,0.2776138384859927
2012-01-11,0.27290530898234605
2012-01-12,0.26524883879068395
2012-01-13,0.26848251181810534
2012-01-16,0.2768439011802097
2012-01-17,0.2642013088799434
2012-01-18,0.27071792055998956
2012-01-19,0.2688516328516227
2012-01-20,0.2674738001395162
2012-01-30,0.2588583267233415
2012-01-31,0.2573403002246839
2012-02-01,0.24633126523491225
2012-02-02,0.23388357759574416
2012-02-03,0.22708075343239098
2012-02-06,0.22475123949554066
2012-02-07,0.22192402913732948
2012-02-08,0.22191677520125158
2012-02-09,0.21802442588315837
2012-02-10,0.2163735395147493
2012-02-13,0.21591287420989178
2012-02-14,0.21188700972366903
2012-02-15,0.21048103131621776
2012-02-16,0.21208416496206753
2012-02-17,0.20881437053564925
2012-02-20,0.20561375441876184
2012-02-21,0.2049086732499954
2012-02-22,0.20407945055829824
2012-02-23,0.20665479510482965
2012-02-24,0.21278720559784176
2012-02-27,0.2187314449816171
2012-02-28,0.22692604932703872
2012-02-29,0.2286851849861555
2012-03-01,0.2229881139494941
2012-03-02,0.2174070458603455
2012-03-05,0.22266201648276282
2012-03-06,0.23436121372486962
2012-03-07,0.24850113504693208
2012-03-08,0.24342269262682345
2012-03-09,0.24051498566954735
2012-03-12,0.24116730862969268
2012-03-13,0.2408587763678344
2012-03-14,0.25173403563550373
2012-03-15,0.26500516882010133
2012-03-16,0.263733360446347
2012-03-19,0.2624352396130391
2012-03-20,0.2607844809264225
2012-03-21,0.26054736842915793
2012-03-22,0.25588186686587583
2012-03-23,0.25708603527924306
2012-03-26,0.2580996508863745
2012-03-27,0.2544512114122769
2012-03-28,0.2579302240856817
2012-03-29,0.26777499847491293
2012-03-30,0.27228895481800675
2012-04-05,0.26469586728249994
2012-04-06,0.2567852897594048
2012-04-09,0.25474167686349275
2012-04-10,0.24968806204946825
2012-04-11,0.24586797957331713
2012-04-12,0.23928305202627267
2012-04-13,0.2378914843372856
2012-04-16,0.23813994800223404
2012-04-17,0.23823773150677827
2012-04-18,0.23437704525207276
2012-04-19,0.23292764043182895
2012-04-20,0.23030530661925658
2012-04-23,0.25872801217793795
2012-04-24,0.27064652723603166
2012-04-25,0.26885119135694696
2012-04-26,0.26765476412157224
2012-04-27,0.26473529440804794
2012-05-02,0.26203700400995794
2012-05-03,0.2574707790364566
2012-05-04,0.2491013406302292
2012-05-07,0.24711353396127247
2012-05-08,0.23929639764768404
2012-05-09,0.2343572369822319
2012-05-10,0.22672560843914924
2012-05-11,0.2228833943053002
2012-05-14,0.21931258027876954
2012-05-15,0.21943945748217175
2012-05-16,0.2302211201345844
2012-05-17,0.22281238363362907
2012-05-18,0.22995222995051431
2012-05-21,0.23239055088836316
2012-05-22,0.2251495267287437
2012-05-23,0.2228761640759042
2012-05-24,0.22056340528073798
2012-05-25,0.22252451315849725
2012-05-28,0.22896096428455945
2012-05-29,0.2232035040112739
2012-05-30,0.21787291811019593
2012-05-31,0.21437213591599796
2012-06-01,0.20906422789109835
2012-06-04,0.21202860957347205
2012-06-05,0.20773526571257292
2012-06-06,0.2074114957558097
2012-06-07,0.20298789729055192
2012-06-08,0.20296711480572752
2012-06-11,0.1988369765658995
2012-06-12,0.19828994291090457
2012-06-13,0.19476581315124195
2012-06-14,0.19388273345315216
2012-06-15,0.19342532375580482
2012-06-18,0.1908865683844765
2012-06-19,0.18987472941015954
2012-06-20,0.19125557559776757
2012-06-21,0.19333157281879917
2012-06-25,0.20309007304247773
2012-06-26,0.2094906105291911
2012-06-27,0.20489809782659377
2012-06-28,0.20848005615235124
2012-06-29,0.20607649234671566
2012-07-02,0.20520976549558315
2012-07-03,0.20463793481788625
2012-07-04,0.2067884300248816
2012-07-05,0.2095143371202111
2012-07-06,0.20680463398200694
2012-07-09,0.21293186601689684
2012-07-10,0.21702871807209673
2012-07-11,0.213683035380665
2012-07-12,0.2090862127067764
2012-07-13,0.23010660838118463
2012-07-16,0.24511773289747738
2012-07-17,0.24177006390168826
2012-07-18,0.23651658584243307
2012-07-19,0.26521579955462576
2012-07-20,0.26141970021983474
2012-07-23,0.26311868739785893
2012-07-24,0.25291510940970235
2012-07-25,0.24688210079766199
2012-07-26,0.24187768752045735
2012-07-27,0.24037895697032957
2012-07-30,0.25074442346133147
2012-07-31,0.26424877428279486
2012-08-01,0.25487560025401285
2012-08-02,0.26166761095484653
2012-08-03,0.25356858165227764
2012-08-06,0.2461600372760523
2012-08-07,0.24301282663204815
2012-08-08,0.24140381509276207
2012-08-09,0.235289536050721
2012-08-10,0.23704379974987655
2012-08-13,0.2378240403634618
2012-08-14,0.2381998798807983
2012-08-15,0.23581199911410788
2012-08-16,0.24475023500919893
2012-08-17,0.23921828873045206
2012-08-20,0.2374953887052425
2012-08-21,0.2333839740203683
2012-08-22,0.23465016856239324
2012-08-23,0.24395745667184995
2012-08-24,0.24707806184239958
2012-08-27,0.25442698986365136
2012-08-28,0.25192685721165753
2012-08-29,0.25149305409056066
2012-08-30,0.2632013803940515
2012-08-31,0.2563842716895127
2012-09-03,0.2523421828151082
2012-09-04,0.24756068970136103
2012-09-05,0.24433554882842737
2012-09-06,0.23818925844509628
2012-09-07,0.23485887235644431
2012-09-10,0.23370282792813657
2012-09-11,0.23035088892682237
2012-09-12,0.22516618889796827
2012-09-13,0.22620320707039648
2012-09-14,0.22218778605671416
2012-09-17,0.2261302044297713
2012-09-18,0.22201826920484774
2012-09-19,0.2176052385946502
2012-09-20,0.21963758566618277
2012-09-21,0.2250103519805478
2012-09-24,0.22180329211200614
2012-09-25,0.21941363452110477
2012-09-26,0.2206262145576422
2012-09-27,0.21243633700418094
2012-09-28,0.20643324766718704
2012-10-08,0.20506368137939332
2012-10-09,0.19987528906716617
2012-10-10,0.20039454234329906
2012-10-11,0.19911288486756634
2012-10-12,0.19921461649590877
2012-10-15,0.20957948095080534
2012-10-16,0.2048777890771758
2012-10-17,0.20054971558610674
2012-10-18,0.1949890270829732
2012-10-19,0.1923418612388911
2012-10-22,0.18920407452624483
2012-10-23,0.19490113892061298
2012-10-24,0.19672204854848602
2012-10-25,0.20328273283089188
2012-10-26,0.2108147832922312
2012-10-29,0.24081155835974588
2012-10-30,0.2382397073312952
2012-10-31,0.23253654995380607
2012-11-01,0.22232830971460765
2012-11-02,0.215410835371791
2012-11-05,0.21815460239364676
2012-11-06,0.21894102135132998
2012-11-07,0.21742374545914775
2012-11-08,0.21902845647375127
2012-11-09,0.21866031745183756
2012-11-12,0.21818002985611215
2012-11-13,0.22108335030060944
2012-11-14,0.219374468117881
2012-11-15,0.21767246775198384
2012-11-16,0.21953638949668144
2012-11-19,0.2152827301580663
2012-11-20,0.21640900063519222
2012-11-21,0.21022821517201648
2012-11-22,0.21677249667023107
2012-11-23,0.21083089024495155
2012-11-26,0.21194238381527897
2012-11-27,0.2244685785200107
2012-11-28,0.23025975060710682
2012-11-29,0.23380569824621947
2012-11-30,0.2292714053319165
2012-12-03,0.24877906521752022
2012-12-04,0.24564304106341356
2012-12-05,0.23889068078955863
2012-12-06,0.2339128295322795
2012-12-07,0.22536279099849932
2012-12-10,0.22685237938975591
2012-12-11,0.22186360547817316
2012-12-12,0.21791374063981267
2012-12-13,0.2167902837833908
2012-12-14,0.21077367529416366
2012-12-17,0.21550478061149533
2012-12-18,0.21482223445973633
2012-12-19,0.21163632761443482
2012-12-20,0.2159199553591737
2012-12-21,0.22274514873086207
2012-12-24,0.22855537811979043
2012-12-25,0.22785360439814503
2012-12-26,0.2284275444727869
2012-12-27,0.2437244227722657
2012-12-28,0.26607600988171864
2012-12-31,0.26846850127825933
2013-01-04,0.2809709773284095
2013-01-07,0.2791877744489296
2013-01-08,0.2810808224886245
2013-01-09,0.281207182625002
2013-01-10,0.27945241093647205
2013-01-11,0.28244355026941526
2013-01-14,0.2759639158273868
2013-01-15,0.2844517712871036
2013-01-16,0.29001920134600995
2013-01-17,0.290173440122945
2013-01-18,0.2814034203085737
2013-01-21,0.28242791714026805
2013-01-22,0.284043752145867
2013-01-23,0.28235949244601855
2013-01-24,0.2820922494449763
2013-01-25,0.28031575874510917
2013-01-28,0.2684395890208618
2013-01-29,0.26255848828376277
2013-01-30,0.263476877180791
2013-01-31,0.2673652862861272
2013-02-01,0.263741594119822
2013-02-04,0.2757831647410498
2013-02-05,0.2707652671864213
2013-02-06,0.26354382838028634
2013-02-07,0.2559304384674436
2013-02-08,0.24994429310523172
2013-02-18,0.25166769313442716
2013-02-19,0.2508850060217729
2013-02-20,0.24396905261737756
2013-02-21,0.24790544757796829
2013-02-22,0.24089791809666392
2013-02-25,0.2374951093831439
2013-02-26,0.23673798283004116
2013-02-27,0.24616579346835518
2013-02-28,0.24075302693120196
2013-03-01,0.23912431631492767
2013-03-04,0.24934890106380136
2013-03-05,0.24587958340622168
2013-03-06,0.24706621123665276
2013-03-07,0.25130687890043907
2013-03-08,0.24825237246741438
2013-03-11,0.24702411440512517
2013-03-12,0.24789601162844943
2013-03-13,0.2496986197185431
2013-03-14,0.24449898960081276
2013-03-15,0.23967166274448332
2013-03-18,0.26118505540741443
2013-03-19,0.2602241883362945
2013-03-20,0.2487194162765516
2013-03-21,0.2407258596056325
2013-03-22,0.2375316486089553
2013-03-25,0.23913864746913288
2013-03-26,0.24602840993642705
2013-03-27,0.24366377988646887
2013-03-28,0.2602793706876141
2013-03-29,0.26068873441723467
2013-04-01,0.2611989013245124
2013-04-02,0.2646955557345032
2013-04-03,0.26786432037192787
2013-04-08,0.27587911185235536
2013-04-09,0.2672426418833521
2013-04-10,0.25991119785811256
2013-04-11,0.2539851938683887
2013-04-12,0.25120986283058044
2013-04-15,0.2569510998805601
2013-04-16,0.25233951523439874
2013-04-17,0.24354971345748408
2013-04-18,0.23881397078589958
2013-04-19,0.2575892871926688
2013-04-22,0.2659776480195483
2013-04-23,0.26569610174216773
2013-04-24,0.2656976018163121
2013-04-25,0.2760714137872168
2013-04-26,0.28139537184800556
2013-05-02,0.3159059266989863
2013-05-03,0.3041619652751967
2013-05-06,0.29744476883167736
2013-05-07,0.2950280410910403
2013-05-08,0.29025613889961543
2013-05-09,0.2989061857919927
2013-05-10,0.30675265784949435
2013-05-13,0.30527689883091796
2013-05-14,0.3056792200743835
2013-05-15,0.29905665725684916
2013-05-16,0.30476577978611086
2013-05-17,0.3239830872724522
2013-05-20,0.33199579006844837
2013-05-21,0.33103954639930633
2013-05-22,0.3323001696140767
2013-05-23,0.3291787553829642
2013-05-24,0.3216931048862624
2013-05-27,0.32995714850788244
2013-05-28,0.33503224696017164
2013-05-29,0.32571454216414714
2013-05-30,0.3277273272684155
2013-05-31,0.32884947681960675
2013-06-03,0.3418111469961762
2013-06-04,0.34304199769220245
2013-06-05,0.33595295085495375
2013-06-06,0.33291380419515687
2013-06-07,0.3391606982865618
2013-06-13,0.35687779622872795
2013-06-14,0.346711447422679
2013-06-17,0.3471110924569371
2013-06-18,0.3397790083647008
2013-06-19,0.3376027318867113
2013-06-20,0.32985457083391573
2013-06-21,0.33950289487674845
2013-06-24,0.35016751096143817
2013-06-25,0.36203879422169705
2013-06-26,0.35440731335934056
2013-06-27,0.3581244783293151
2013-06-28,0.35253902258969205
2013-07-01,0.34532630661448566
2013-07-02,0.33631806378689316
2013-07-03,0.33651078919408073
2013-07-04,0.3355262838671826
2013-07-05,0.3298138824598386
2013-07-08,0.33472299032962033
2013-07-09,0.33042057582638446
2013-07-10,0.3211943529882894
2013-07-11,0.31159231694867895
2013-07-12,0.3077796674660143
2013-07-15,0.3011933016571721
2013-07-16,0.2984554831464164
2013-07-17,0.29905363301989935
2013-07-18,0.301139107146095
2013-07-19,0.3084735937420171
2013-07-22,0.364272270902656
2013-07-23,0.3536315350998489
2013-07-24,0.3552884917100792
2013-07-25,0.3596035335534488
2013-07-26,0.3608065373304744
2013-07-29,0.3657526792608381
2013-07-30,0.364316863210087
2013-07-31,0.3542789457456182
2013-08-01,0.3361761808045701
2013-08-02,0.33378779656405255
2013-08-05,0.3270098396016968
2013-08-06,0.32061868489025014
2013-08-07,0.32275545775231335
2013-08-08,0.3159500414099068
2013-08-09,0.3126625887521212
2013-08-12,0.3196761794015194
2013-08-13,0.3141365342455237
2013-08-14,0.3099181112880232
2013-08-15,0.30943832522211623
2013-08-16,0.3079957811490468
2013-08-19,0.30265062993137876
2013-08-20,0.3021436791632784
2013-08-21,0.29743825963693343
2013-08-22,0.29808174545483906
2013-08-23,0.3038689700191716
2013-08-26,0.3013303578970499
2013-08-27,0.30179891163676625
2013-08-28,0.3154577312652404
2013-08-29,0.31963307163691895
2013-08-30,0.34019732668331126
2013-09-02,0.3493169515576151
2013-09-03,0.3414109572148983
2013-09-04,0.33424688346897097
2013-09-05,0.32877311705685996
2013-09-06,0.32947092922960736
2013-09-09,0.3221825158024304
2013-09-10,0.32211635229017177
2013-09-11,0.32944058701422885
2013-09-12,0.3235143491823541
2013-09-13,0.32085945582557507
2013-09-16,0.3166072605408002
2013-09-17,0.31563840788736636
2013-09-18,0.30584227035566974
2013-09-23,0.2965145639900562
2013-09-24,0.2966269864944256
2013-09-25,0.29875149977819443
2013-09-26,0.30576063797389524
2013-09-27,0.30269550934178535
2013-09-30,0.2935937560592211
2013-10-08,0.2886744952448621
2013-10-09,0.28468744425071046
2013-10-10,0.2899348267301003
2013-10-11,0.28820570540794005
2013-10-14,0.29271496454633367
2013-10-15,0.2982608364359795
2013-10-16,0.2990911130317175
2013-10-17,0.2972405608501914
2013-10-18,0.28936064420682767
2013-10-21,0.28156397774646635
2013-10-22,0.2835511077821813
2013-10-23,0.2869037296729296
2013-10-24,0.28167216633326325
2013-10-25,0.2788650164032003
2013-10-28,0.28574077208668497
2013-10-29,0.2908009855716207
2013-10-30,0.2820440334940028
2013-10-31,0.28101442631037665
2013-11-01,0.2735758169713111
2013-11-04,0.26228621765293464
2013-11-05,0.251398996710661
2013-11-06,0.23919554898103174
2013-11-07,0.23548377928997397
2013-11-08,0.2322537720385681
2013-11-11,0.2299590733271847
2013-11-12,0.22411510539867524
2013-11-13,0.22060325946729503
2013-11-14,0.21778258405618361
2013-11-15,0.2109728092575829
2013-11-18,0.20821658023916775
2013-11-19,0.2073183883382075
2013-11-20,0.20298037146277056
2013-11-21,0.20360444491459598
2013-11-22,0.20272197836637082
2013-11-25,0.20471855853430246
2013-11-26,0.20472711802048849
2013-11-27,0.2001844337644158
2013-11-28,0.1987199957342731
2013-11-29,0.19798767194846514
2013-12-02,0.2109054209777318
2013-12-03,0.2184670586228161
2013-12-04,0.2161152092217474
2013-12-05,0.21443828293124834
2013-12-06,0.20852939912046367
2013-12-09,0.20390310683435547
2013-12-10,0.2022044397362132
2013-12-11,0.1982642166055881
2013-12-12,0.19336814268241573
2013-12-13,0.19046229527480754
2013-12-16,0.19372529047777587
2013-12-17,0.1918993528713334
2013-12-18,0.1755067304747282
2013-12-19,0.17228769636353547
2013-12-20,0.1739408979704872
2013-12-23,0.17834866137498123
2013-12-24,0.17242247165609378
2013-12-25,0.1702233624017831
2013-12-26,0.17124013815554218
2013-12-27,0.1852155912572424
2013-12-30,0.1877812844968863
2013-12-31,0.1857888470439151
2014-01-02,0.19395380127331763
2014-01-03,0.19978455571385864
2014-01-06,0.20579073898402792
2014-01-07,0.204245889433188
2014-01-08,0.22596093902319597
2014-01-09,0.2235602064840643
2014-01-10,0.22963700242961504
2014-01-13,0.23359299452774043
2014-01-14,0.22641466128514853
2014-01-15,0.2321122367343093
2014-01-16,0.22883103389704493
2014-01-17,0.22637445231928255
2014-01-20,0.22453800111773742
2014-01-21,0.2178001173063671
2014-01-22,0.21463759632312374
2014-01-23,0.21370538165385855
2014-01-24,0.21951777753392043
2014-01-27,0.22062988473010578
2014-01-28,0.22083877499111065
2014-01-29,0.2210070079538492
2014-01-30,0.22393004425118848
2014-02-07,0.2225357090727118
2014-02-10,0.22201342784030997
2014-02-11,0.2263881214817134
2014-02-12,0.2301802219523466
2014-02-13,0.2379053698883893
2014-02-14,0.23542805347500706
2014-02-17,0.24317098990301877
2014-02-18,0.24760983352995994
2014-02-19,0.25229854796922035
2014-02-20,0.25504698179705276
2014-02-21,0.24602111706242738
2014-02-24,0.26146691925084675
2014-02-25,0.26120134362357994
2014-02-26,0.2617819804482826
2014-02-27,0.2768336116910176
2014-02-28,0.27347256545028137
2014-03-03,0.2687409169954672
2014-03-04,0.2593778694811841
2014-03-05,0.2536578762669166
2014-03-06,0.2502304656784759
2014-03-07,0.2493451158260103
2014-03-10,0.2527607643332909
2014-03-11,0.2510840767840537
2014-03-12,0.2515865366497317
2014-03-13,0.24591641946731588
2014-03-14,0.2397297713634571
2014-03-17,0.2311520673824104
2014-03-18,0.2266672634717771
2014-03-19,0.22770284347853595
2014-03-20,0.22889991571722942
2014-03-21,0.2232687512823628
2014-03-24,0.2419093541839227
2014-03-25,0.2426653540289692
2014-03-26,0.235229742988448
2014-03-27,0.22981911287541837
2014-03-28,0.23706296790919193
2014-03-31,0.24318637039426202
2014-04-01,0.2330113045197173
2014-04-02,0.22623151570584224
2014-04-03,0.21928036073620982
2014-04-04,0.21033113373871418
2014-04-08,0.20500903849951307
2014-04-09,0.19885766542678068
2014-04-10,0.1973125429580048
2014-04-11,0.1979008669159281
2014-04-14,0.19613176505754817
2014-04-15,0.1940843522622106
2014-04-16,0.18990582891010455
2014-04-17,0.18722673107406945
2014-04-18,0.18382612734720488
2014-04-21,0.18819513433494262
2014-04-22,0.1921232601592516
2014-04-23,0.19573717332731208
2014-04-24,0.19808027466238695
2014-04-25,0.2035700314034176
2014-04-28,0.2181548262925545
2014-04-29,0.21502811204342095
2014-04-30,0.20983478053903237
2014-05-05,0.20387600442516923
2014-05-06,0.19621025355264024
2014-05-07,0.1953775216414967
2014-05-08,0.18930656181903532
2014-05-09,0.19008609562241988
2014-05-12,0.18547576054748655
2014-05-13,0.18211085367173901
2014-05-14,0.18549212416009622
2014-05-15,0.18411491446113698
2014-05-16,0.18327752230386382
2014-05-19,0.18048151465738127
2014-05-20,0.17498456328138087
2014-05-21,0.1678013125588788
2014-05-22,0.1630977471101179
2014-05-23,0.15898784118316164
2014-05-26,0.1557872432969492
2014-05-27,0.15502816806439462
2014-05-28,0.15200529698258966
2014-05-29,0.15425430868601545
2014-05-30,0.15500393965382422
2014-06-03,0.15492195396002645
2014-06-04,0.1576902217908554
2014-06-05,0.1548862491388801
2014-06-06,0.1519365304088349
2014-06-09,0.1525089199559459
2014-06-10,0.13767441667295527
2014-06-11,0.1364663277548054
2014-06-12,0.15163919843497933
2014-06-13,0.1506672653133819
2014-06-16,0.1514412216586511
2014-06-17,0.15314105592190513
2014-06-18,0.15857440371798812
2014-06-19,0.16458604741186858
2014-06-20,0.16291443463447974
2014-06-23,0.1626375949858901
2014-06-24,0.16188760973819544
2014-06-25,0.16406111400059334
2014-06-26,0.16155337426079422
2014-06-27,0.16453067184308076
2014-06-30,0.16658420570905283
2014-07-01,0.16667845013919177
2014-07-02,0.168687758491339
2014-07-03,0.1722132738368521
2014-07-04,0.17481621436135603
2014-07-07,0.17604458172336243
2014-07-08,0.17553911114679366
2014-07-09,0.17605056680858128
2014-07-10,0.21807824055682726
2014-07-11,0.21889317295092164
2014-07-14,0.22261891666907535
2014-07-15,0.2272978131862016
2014-07-16,0.23189106927144373
2014-07-17,0.22828723589680844
2014-07-18,0.2254154113699909
2014-07-21,0.22656004020156034
2014-07-22,0.220201844573716
2014-07-23,0.22097759427237001
2014-07-24,0.22197210370191794
2014-07-25,0.21989732966598413
2014-07-28,0.21457922377929842
2014-07-29,0.21202013950502152
2014-07-30,0.21204314754787473
2014-07-31,0.21438731700944832
2014-08-01,0.21334846142999814
2014-08-04,0.21020350748554334
2014-08-05,0.2088428413652493
2014-08-06,0.2074809705361349
2014-08-07,0.20497747326292098
2014-08-08,0.20254118306886357
2014-08-11,0.19991309776056213
2014-08-12,0.19883051290138762
2014-08-13,0.20392494446746748
2014-08-14,0.20600311963810622
2014-08-15,0.1985815713304809
2014-08-18,0.19835919285308792
2014-08-19,0.2019879955911345
2014-08-20,0.20416600971253568
2014-08-21,0.20549474917546037
2014-08-22,0.20521305329314557
2014-08-25,0.21647273580965143
2014-08-26,0.21835925809624648
2014-08-27,0.2688072318554733
2014-08-28,0.26989370917720584
2014-08-29,0.2599088268302146
2014-09-01,0.25247791421849064
2014-09-02,0.2460381547454744
2014-09-03,0.2482496000136882
2014-09-04,0.2460138900669449
2014-09-05,0.2444392835081219
2014-09-09,0.247702888584889
2014-09-10,0.24967441384803218
2014-09-11,0.25537934029580256
2014-09-12,0.25371206615437625
2014-09-15,0.25998446722225493
2014-09-16,0.2669843945227125
2014-09-17,0.2628865264454805
2014-09-18,0.25835234025081627
2014-09-19,0.2534166089198719
2014-09-22,0.25763656896832654
2014-09-23,0.2524135135230433
2014-09-24,0.2456920922629237
2014-09-25,0.24368558189870881
2014-09-26,0.24199486901309716
2014-09-29,0.24265222611821533
2014-09-30,0.24002814025297284
2014-10-08,0.2498275387289306
2014-10-09,0.25223520965505786
2014-10-10,0.25227748456861865
2014-10-13,0.2563261770888135
2014-10-14,0.25419851443329
2014-10-15,0.2523062213933632
2014-10-16,0.25399423929530124
2014-10-17,0.2610164660700526
2014-10-20,0.25465361192985486
2014-10-21,0.24507800583824252
2014-10-22,0.24170758861202493
2014-10-23,0.2532164210391189
2014-10-24,0.2530914891828401
2014-10-27,0.254646168314057
2014-10-28,0.244633168153789
2014-10-29,0.24057868252463024
2014-10-30,0.2397211065646496
2014-10-31,0.23866401244637306
2014-11-03,0.23411528505766888
2014-11-04,0.23842988621218533
2014-11-05,0.24744217404903893
2014-11-06,0.24622165959316794
2014-11-07,0.24568064059275985
2014-11-10,0.24414957992703687
2014-11-11,0.24775645448528885
2014-11-12,0.24485714142571144
2014-11-13,0.2483257137453197
2014-11-14,0.24676881828514766
2014-11-17,0.24070588625055916
2014-11-18,0.23420166102388412
2014-11-19,0.22876847032615752
2014-11-20,0.22204507453971575
2014-11-21,0.21616926235644832
2014-11-24,0.21286357778853077
2014-11-25,0.21498457813596641
2014-11-26,0.21864819873105126
2014-11-27,0.2265268864668327
2014-11-28,0.23212322265864124
2014-12-01,0.24126993873206684
2014-12-02,0.23729125528891304
2014-12-03,0.23999733898760436
2014-12-04,0.23753236175534725
2014-12-05,0.2500278111326599
2014-12-08,0.25299517147174877
2014-12-09,0.29290745684370334
2014-12-10,0.29943228522094856
2014-12-11,0.2937367984779516
2014-12-12,0.2904037991661959
2014-12-15,0.285467924714281
2014-12-16,0.2781194538747419
2014-12-17,0.2826810770224087
2014-12-18,0.28389643587961366
2014-12-19,0.2852071550068623
2014-12-22,0.29940921033402407
2014-12-23,0.3020703077267627
2014-12-24,0.2963107569303591
2014-12-25,0.28351136730565135
2014-12-26,0.27411898952113956
2014-12-29,0.276145288746713
2014-12-30,0.2817590102844544
2014-12-31,0.2734440995379306
2015-01-05,0.2731027723693051
2015-01-06,0.2714184995249764
2015-01-07,0.26319880532141715
2015-01-08,0.2576851389714598
2015-01-09,0.2576547422827093
2015-01-12,0.26392884171549796
2015-01-13,0.2614663368439031
2015-01-14,0.2656967850962278
2015-01-15,0.2589563446118355
2015-01-16,0.2546697112569261
2015-01-19,0.26955348579961647
2015-01-20,0.29051150923363095
2015-01-21,0.28223829277352086
2015-01-22,0.2809599587449981
2015-01-23,0.27946358258683746
2015-01-26,0.27903177174686256
2015-01-27,0.2827010605947008
2015-01-28,0.28409763164817564
2015-01-29,0.2855343049724484
2015-01-30,0.2880310592073002
2015-02-02,0.29130952934942483
2015-02-03,0.28369651158036224
2015-02-04,0.28280077642965973
2015-02-05,0.28189694942001087
2015-02-06,0.28612525861254434
2015-02-09,0.2880959653707961
2015-02-10,0.2771562239674348
2015-02-11,0.2691947434169182
2015-02-12,0.2649048488184057
2015-02-13,0.2588035411900876
2015-02-16,0.25686786454301597
2015-02-17,0.2573376594393852
2015-02-25,0.2665768122876418
2015-02-26,0.2636211304840568
2015-02-27,0.26208273623642686
2015-03-02,0.2669926288900509
2015-03-03,0.2796746959460512
2015-03-04,0.28078536625320477
2015-03-05,0.28731887632956454
2015-03-06,0.29337627034041847
2015-03-09,0.29020302815018
2015-03-10,0.28563152608267317
2015-03-11,0.2891604511395332
2015-03-12,0.27985378555971235
2015-03-13,0.28482411848733413
2015-03-16,0.2801382509732881
2015-03-17,0.2853331638613238
2015-03-18,0.2869036936528267
2015-03-19,0.288953881687302
2015-03-20,0.2854423521893791
2015-03-23,0.2897259206276013
2015-03-24,0.3107112363721268
2015-03-25,0.3266411425459466
2015-03-26,0.3335240015955511
2015-03-27,0.32728258888134604
2015-03-30,0.3207623962469199
2015-03-31,0.3155678418836374
2015-04-01,0.3252195822679406
2015-04-02,0.32386275092393485
2015-04-03,0.3308391755841063
2015-04-07,0.3308668095688885
2015-04-08,0.3389841405070013
2015-04-09,0.3474099293365725
2015-04-10,0.34083968175038126
2015-04-13,0.3885572274402882
2015-04-14,0.39722161993723104
2015-04-15,0.4011094425090984
2015-04-16,0.38821727189843047
2015-04-17,0.3780677589292285
2015-04-20,0.38983138561212677
2015-04-21,0.36953581017827536
2015-04-22,0.3568484269525208
2015-04-23,0.3601649929729665
2015-04-24,0.368780170761591
2015-04-27,0.36607358742755025
2015-04-28,0.3723303001127297
2015-04-29,0.364834989046269
2015-04-30,0.36544714603831513
2015-05-04,0.36353145375932455
2015-05-05,0.36268563565148054
2015-05-06,0.36433823604951476
2015-05-07,0.3725580949962992
2015-05-08,0.3551303565464568
2015-05-11,0.342847553488882
2015-05-12,0.3421626035265337
2015-05-13,0.34729034728836516
2015-05-14,0.35078255292310323
2015-05-15,0.3595908934637902
2015-05-18,0.3609929004362723
2015-05-19,0.3639395592072036
2015-05-20,0.36052307317288174
2015-05-21,0.3602387473527583
2015-05-22,0.3686169372534284
2015-05-25,0.37034093909496135
2015-05-26,0.33828435742066554
2015-05-27,0.3922798273959467
2015-05-28,0.3802605444009062
2015-05-29,0.38168586938846927
2015-06-01,0.3703193259436936
2015-06-02,0.4151201536348301
2015-06-03,0.42939352688839305
2015-06-04,0.442431672959395
2015-06-05,0.4052688527174392
2015-06-08,0.44379418488419903
2015-06-09,0.4458623061960057
2015-06-10,0.42799976993249095
2015-06-11,0.426860094276608
2015-06-12,0.42336374563254864
2015-06-15,0.43836606457012706
2015-06-16,0.4494140610739886
2015-06-17,0.43744040249147204
2015-06-18,0.43200682467445556
2015-06-19,0.4264445349589652
2015-06-23,0.43554039893497876
2015-06-24,0.4201572638737645
2015-06-25,0.42221200510536055
2015-06-26,0.39800073978683453
2015-06-29,0.3961027223801014
2015-06-30,0.3885570792557796
2015-07-01,0.3917644840655094
2015-07-02,0.38893723615960774
2015-07-03,0.38634190890939185
2015-07-06,0.47599264192854723
2015-07-07,0.4684566399498781
2015-07-08,0.4989034702361408
2015-07-09,0.5069678629126739
2015-07-10,0.4989373861681358
2015-07-13,0.4789450467729019
2015-07-14,0.5497184781964942
2015-07-15,0.5742022291629801
2015-07-16,0.5696445573001799
2015-07-17,0.5293167890328504
2015-07-20,0.5193039895242183
2015-07-21,0.49434684532372475
2015-07-22,0.4834290756795542
2015-07-23,0.4603755579518705
2015-07-24,0.4533830966945209
2015-07-27,0.43741741029781117
2015-07-28,0.4529333044243952
2015-07-29,0.4287005173646241
2015-07-30,0.42477271783985765
2015-07-31,0.4223045655994217
2015-08-03,0.4489795680114296
2015-08-04,0.42633279634619786
2015-08-05,0.416048665696653
2015-08-06,0.4062607108999801
2015-08-07,0.3910254919488703
2015-08-10,0.3711846721360664
2015-08-11,0.36872058491474907
2015-08-12,0.3744587875657357
2015-08-13,0.36084179407808625
2015-08-14,0.3617390441193935
2015-08-17,0.37518906483757675
2015-08-18,0.3710096921685833
2015-08-19,0.3664406320704893
2015-08-20,0.37867242403473056
2015-08-21,0.37137614424129495
2015-08-24,0.34829276660010877
2015-08-25,0.33395154528771115
2015-08-26,0.38253507363514094
2015-08-27,0.3825048745550472
2015-08-28,0.36299879991315037
2015-08-31,0.3785086672891858
2015-09-01,0.3753079966734607
2015-09-02,0.38930797444288506
2015-09-07,0.3860731797249058
2015-09-08,0.3687222587073989
2015-09-09,0.3517728011588078
2015-09-10,0.34488132470533145
2015-09-11,0.33230712682823205
2015-09-14,0.3292291593461677
2015-09-15,0.33922407576159186
2015-09-16,0.3195269411515031
2015-09-17,0.3203146126460257
2015-09-18,0.31379966150867933
2015-09-21,0.28513423311961583
2015-09-22,0.2819262532767228
2015-09-23,0.2823925616489993
2015-09-24,0.27630972119873853
2015-09-25,0.2811633307620533
2015-09-28,0.2728085381526601
2015-09-29,0.2709389516042994
2015-09-30,0.26550132049370534
2015-10-08,0.2579470982213376
2015-10-09,0.2567409730611369
2015-10-12,0.25427534151848746
2015-10-13,0.29412414553505795
2015-10-14,0.2974857655266422
2015-10-15,0.29156381628250627
2015-10-16,0.29247252691495756
2015-10-19,0.30427937059130056
2015-10-20,0.3018350583498297
2015-10-21,0.3181158257868676
2015-10-22,0.31033140735222203
2015-10-23,0.30946781087168407
2015-10-26,0.31624327866178464
2015-10-27,0.3210066597724747
2015-10-28,0.32184006434444223
2015-10-29,0.3122921404299925
2015-10-30,0.3095606040490847
2015-11-02,0.3175865909512706
2015-11-03,0.31307192871438777
2015-11-04,0.2962490227933298
2015-11-05,0.29093600177101336
2015-11-06,0.283268922636455
2015-11-09,0.29124797560864507
2015-11-10,0.27621619611869835
2015-11-11,0.2778342618901887
2015-11-12,0.3076688870622399
2015-11-13,0.31861248439357936
2015-11-16,0.31342223024795196
2015-11-17,0.29269857392914655
2015-11-18,0.3346343870836856
2015-11-19,0.3230388366352042
2015-11-20,0.3255522085846865
2015-11-23,0.33131052352447754
2015-11-24,0.32774122829332847
2015-11-25,0.32079112698497403
2015-11-26,0.3236899345977517
2015-11-27,0.3328374572451755
2015-11-30,0.3485032638557992
2015-12-01,0.3460931354021809
2015-12-02,0.342557826612409
2015-12-03,0.32690800467334596
2015-12-04,0.3166570396264727
2015-12-07,0.30822400710146985
2015-12-08,0.31128101120544055
2015-12-09,0.314265548792632
2015-12-10,0.3098069572078546
2015-12-11,0.30731267976115756
2015-12-14,0.299651450433142
2015-12-15,0.29212049765881304
2015-12-16,0.2869274549286285
2015-12-17,0.28009038764582295
2015-12-18,0.28431973028323554
2015-12-21,0.2816469644867204
2015-12-22,0.2785555859038628
2015-12-23,0.28348595063717785
2015-12-24,0.29183924969438946
2015-12-25,0.2883361469890085
2015-12-28,0.2976599773580594
2015-12-29,0.29160202421562575
2015-12-30,0.28437350626037294
2015-12-31,0.28116765002786265
2016-01-04,0.27575552243644896
2016-01-05,0.30933893286551606
2016-01-06,0.2980405134650103
2016-01-07,0.2865982664976274
2016-01-08,0.29720768257949337
2016-01-11,0.304637276304239
2016-01-12,0.3154988934970893
2016-01-13,0.3150606231127441
2016-01-14,0.3035447298951392
2016-01-15,0.30831841696750345
2016-01-18,0.30370575660481336
2016-01-19,0.2909649095652657
2016-01-20,0.29201948814955453
2016-01-21,0.3012117270251121
2016-01-22,0.30487999289496026
2016-01-25,0.29814170788028815
2016-01-26,0.2994339709503205
2016-01-27,0.3277623357757701
2016-01-28,0.341593397935535
2016-01-29,0.3279448337299658
2016-02-01,0.33049734692781385
2016-02-02,0.31234803374674885
2016-02-03,0.30100748969509566
2016-02-04,0.2958080697979811
2016-02-05,0.2944228994487672
2016-02-15,0.2937663330221929
2016-02-16,0.2842012018508561
2016-02-17,0.28093421861110085
2016-02-18,0.28217306845251916
2016-02-19,0.27461164250024594
2016-02-22,0.26928168168518496
2016-02-23,0.274808712779427
2016-02-24,0.2821856181891423
2016-02-25,0.28190385343316754
2016-02-26,0.28695259025324293
2016-02-29,0.2975723272337513
2016-03-01,0.29141381928360394
2016-03-02,0.2789831004257023
2016-03-03,0.2758356951624551
2016-03-04,0.2808384246013959
2016-03-07,0.2704259973022478
2016-03-08,0.2697628720047023
2016-03-09,0.2646520813386876
2016-03-10,0.2558043724987033
2016-03-11,0.25025226020180524
2016-03-14,0.24024708090754301
2016-03-15,0.2395212027316536
2016-03-16,0.23420857834855505
2016-03-17,0.2245722739995447
2016-03-18,0.22123869222329728
2016-03-21,0.2208793488581147
2016-03-22,0.22415491193109727
2016-03-23,0.22364616868712084
2016-03-24,0.23281384737218486
2016-03-25,0.2364383950695998
2016-03-28,0.23728912849987124
2016-03-29,0.24026523962940038
2016-03-30,0.23220193779492285
2016-03-31,0.23400045679437045
2016-04-01,0.23648581970913446
2016-04-05,0.24336155052048708
2016-04-06,0.24593314396214327
2016-04-07,0.246095199156444
2016-04-08,0.2702340090061094
2016-04-11,0.2704117020799762
2016-04-12,0.272863834133363
2016-04-13,0.2643690325772358
2016-04-14,0.25736158785634655
2016-04-15,0.24946593291121388
2016-04-18,0.2510958205263587
2016-04-19,0.2505621041176571
2016-04-20,0.26154747752113705
2016-04-21,0.26009868361959143
2016-04-22,0.2574878121501898
2016-04-25,0.25714518522553004
2016-04-26,0.2518272778490854
2016-04-27,0.24762818690906951
2016-04-28,0.24419295737099317
2016-04-29,0.238630718424212
2016-05-03,0.23209549272861676
2016-05-04,0.2296494001250196
2016-05-05,0.22455002940575727
2016-05-06,0.23005078057595585
2016-05-09,0.2452827470796644
2016-05-10,0.24456330013453065
2016-05-11,0.24515706285427624
2016-05-12,0.24556677937640842
2016-05-13,0.23822020723988394
2016-05-16,0.23210943053836033
2016-05-17,0.2289584707457797
2016-05-18,0.22865412729414264
2016-05-19,0.22068968090193736
2016-05-20,0.21649887834018508
2016-05-23,0.21268820228205423
2016-05-24,0.21074155602157155
2016-05-25,0.2052261792061765
2016-05-26,0.20093593671330046
2016-05-27,0.19795466841548193
2016-05-30,0.1961161593933176
2016-05-31,0.18884299996969503
2016-06-01,0.1876814256761012
2016-06-02,0.18790629964891603
2016-06-03,0.18973291189016203
2016-06-06,0.19224857779149807
2016-06-07,0.19645010670687366
2016-06-08,0.2016246648030573
2016-06-13,0.21244797103072888
2016-06-14,0.2122705769230956
2016-06-15,0.20668718604498007
2016-06-16,0.22073961712446777
2016-06-17,0.22168343083432507
2016-06-20,0.22582296535287907
2016-06-21,0.2255957314481025
2016-06-22,0.22132672324216074
2016-06-23,0.21996576634469503
2016-06-24,0.22249146217236512
2016-06-27,0.21753970165747796
2016-06-28,0.21632358211861974
2016-06-29,0.21418045522121368
2016-06-30,0.21413319248663418
2016-07-01,0.20897093737667585
2016-07-04,0.20386519613565843
2016-07-05,0.20245581188481568
2016-07-06,0.20419626006413025
2016-07-07,0.20547836532777464
2016-07-08,0.20244037199314635
2016-07-11,0.20546565394614752
2016-07-12,0.20675459965248993
2016-07-13,0.20272045342555312
2016-07-14,0.19823687647600466
2016-07-15,0.19478596286151717
2016-07-18,0.18335542171285324
2016-07-19,0.19482776304253882
2016-07-20,0.19205491044469788
2016-07-21,0.17527042724563918
2016-07-22,0.17302674241949803
2016-07-25,0.17539127039694766
2016-07-26,0.1696952916319167
2016-07-27,0.17853357865766667
2016-07-28,0.18137289071249887
2016-07-29,0.17867588197836576
2016-08-01,0.18664294071763446
2016-08-02,0.17881835309242572
2016-08-03,0.17531443055788706
2016-08-04,0.1687420886544181
2016-08-05,0.16438701531475167
2016-08-08,0.16203062810421376
2016-08-09,0.15804033503994566
2016-08-10,0.15484936297326413
2016-08-11,0.15258674494036845
2016-08-12,0.14778020880920342
2016-08-15,0.1456293728502229
2016-08-16,0.14785388021946827
2016-08-17,0.150335229218547
2016-08-18,0.15003862667930534
2016-08-19,0.15312200441081142
2016-08-22,0.15852217734095517
2016-08-23,0.1585258389066321
2016-08-24,0.1579928533163161
2016-08-25,0.15978151588212647
2016-08-26,0.15839264728286734
2016-08-29,0.15820474081911948
2016-08-30,0.1545322895211016
2016-08-31,0.1518896573527921
2016-09-01,0.1515800870558412
2016-09-02,0.1522638761804697
2016-09-05,0.15142306504763603
2016-09-06,0.15005643962273343
2016-09-07,0.14960606968998463
2016-09-08,0.15158457703460312
2016-09-09,0.15237931073741445
2016-09-12,0.15716860022370485
2016-09-13,0.15575640153700665
2016-09-14,0.15497328139521993
2016-09-19,0.15136367980170443
2016-09-20,0.14865142124496028
2016-09-21,0.1444195363747199
2016-09-22,0.1411140018080679
2016-09-23,0.14318541574413493
2016-09-26,0.1474907692513907
2016-09-27,0.14679398629971888
2016-09-28,0.14347377240440118
2016-09-29,0.1394917499136698
2016-09-30,0.1363964193336224
2016-10-10,0.13830573507463378
2016-10-11,0.1382024574853844
2016-10-12,0.13847776525196406
2016-10-13,0.13875873372005518
2016-10-14,0.13820623800689416
2016-10-17,0.13900486356990804
2016-10-18,0.13606527375731933
2016-10-19,0.13554652493691527
2016-10-20,0.1375584348350615
2016-10-21,0.13752589405458085
2016-10-24,0.13518121191068358
2016-10-25,0.13516451061185042
2016-10-26,0.13717848970626
2016-10-27,0.13646056576582258
2016-10-28,0.1382938779123729
2016-10-31,0.14151590242268147
2016-11-01,0.13843973447080093
2016-11-02,0.13952637380500582
2016-11-03,0.13949100861175784
2016-11-04,0.14028457407555378
2016-11-07,0.14420715422777367
2016-11-08,0.14119711467932958
2016-11-09,0.14181673112291807
2016-11-10,0.14283439682193094
2016-11-11,0.1448360020879618
2016-11-14,0.14865682235473518
2016-11-15,0.1472253667454793
2016-11-16,0.14763965017053354
2016-11-17,0.14570622819276757
2016-11-18,0.1456619439629071
2016-11-21,0.14683391719633848
2016-11-22,0.14573831632237735
2016-11-23,0.14574829942111514
2016-11-24,0.14628592063797025
2016-11-25,0.1498250925863253
2016-11-28,0.15396892137194293
2016-11-29,0.15445818504798767
2016-11-30,0.1535710796062079
2016-12-01,0.15811557475043309
2016-12-02,0.15808821439785695
2016-12-05,0.160611172921688
2016-12-06,0.15585032193859982
2016-12-07,0.15499958114756826
2016-12-08,0.15348801614777602
2016-12-09,0.15217278437624138
2016-12-12,0.16463845104980585
2016-12-13,0.16940195336429736
2016-12-14,0.2034167688823054
2016-12-15,0.1983016405717387
2016-12-16,0.19609347471094835
2016-12-19,0.19601338476356162
2016-12-20,0.19550235252624354
2016-12-21,0.19663389159338218
2016-12-22,0.20051160164457565
2016-12-23,0.20088860351888138
2016-12-26,0.1998790380805867
2016-12-27,0.1945498279804547
2016-12-28,0.19804253856453397
2016-12-29,0.19081440655312354
2016-12-30,0.19182944459787427
2017-01-03,0.2001117667461467
2017-01-04,0.1966446417390427
2017-01-05,0.19583332794957506
2017-01-06,0.19890077277855578
2017-01-09,0.1983025489588165
2017-01-10,0.20393786457844162
2017-01-11,0.20365796254516824
2017-01-12,0.2030943804302703
2017-01-13,0.2167858631346077
2017-01-16,0.23397660982240195
2017-01-17,0.22975308789027532
2017-01-18,0.2256533673112668
2017-01-19,0.22010842318642282
2017-01-20,0.21264527030735386
2017-01-23,0.20804674250150204
2017-01-24,0.2089404426177418
2017-01-25,0.20584214999291758
2017-01-26,0.20076500674666117
2017-02-03,0.19873636504898415
2017-02-06,0.19582979851994758
2017-02-07,0.19198633889023164
2017-02-08,0.1886042176219833
2017-02-09,0.18733469026369717
2017-02-10,0.1916616377294222
2017-02-13,0.1915692523986571
2017-02-14,0.18681137449483615
2017-02-15,0.1888551009210524
2017-02-16,0.19406924906772774
2017-02-17,0.19596167721775543
2017-02-20,0.19895742668555638
2017-02-21,0.19602805289991457
2017-02-22,0.19424144174297858
2017-02-23,0.20009415174419062
2017-02-24,0.19745495115898767
2017-02-27,0.20149679531308412
2017-02-28,0.19909297696335101
2017-03-01,0.19901601327596802
2017-03-02,0.2095080997370951
2017-03-03,0.22179252677740602
2017-03-06,0.21689611486314603
2017-03-07,0.21695784926417722
2017-03-08,0.21526174970753917
2017-03-09,0.21399291525067873
2017-03-10,0.21424512491726416
2017-03-13,0.22799084320642982
2017-03-14,0.22416070782577965
2017-03-15,0.22513555516859432
2017-03-16,0.22117994455668383
2017-03-17,0.22543408664315198
2017-03-20,0.23185436564346776
2017-03-21,0.23124687130226498
2017-03-22,0.23888509046898365
2017-03-23,0.24143617671032241
2017-03-24,0.24090048384217663
2017-03-27,0.24686361167433754
2017-03-28,0.2556417062407273
2017-03-29,0.26366361704961166
2017-03-30,0.271600930666599
2017-03-31,0.27401706926149955
2017-04-05,0.2865142772940284
2017-04-06,0.2993109210209608
2017-04-07,0.2976249959042787
2017-04-10,0.3180345654341102
2017-04-11,0.3125631318475683
2017-04-12,0.3194840239867641
2017-04-13,0.31008794878468404
2017-04-14,0.3032787166898064
2017-04-17,0.31537752765636595
2017-04-18,0.31614840177199743
2017-04-19,0.3352153451235044
2017-04-20,0.3271022807809102
2017-04-21,0.31922721089536654
2017-04-24,0.3260249787528562
2017-04-25,0.3366920124079844
2017-04-26,0.332674484984982
2017-04-27,0.32795974707660275
2017-04-28,0.31744687693678436
2017-05-02,0.3127822155278361
2017-05-03,0.30695452956547786
2017-05-04,0.2994714986454147
2017-05-05,0.2969842970123807
2017-05-08,0.31063396971116597
2017-05-09,0.3056704933018502
2017-05-10,0.30449569105733315
2017-05-11,0.3074963442062197
2017-05-12,0.29788801792184066
2017-05-15,0.29698324387379726
2017-05-16,0.2885060484192208
2017-05-17,0.2788319359040635
2017-05-18,0.28014853310667015
2017-05-19,0.2748594115711072
2017-05-22,0.2806230019770984
2017-05-23,0.2932099581977427
2017-05-24,0.2908497933665311
2017-05-25,0.284163018075801
2017-05-26,0.27687500571568174
2017-05-31,0.2801655770103518
2017-06-01,0.2880545963759346
2017-06-02,0.2876006325147504
2017-06-05,0.27719667263546327
2017-06-06,0.2671131350066097
2017-06-07,0.25895785082143413
2017-06-08,0.2553329444199284
2017-06-09,0.2519175049770844
2017-06-12,0.2621232010068328
2017-06-13,0.25628824374970294
2017-06-14,0.2535419708631089
2017-06-15,0.24707606252502728
2017-06-16,0.2404975798756518
2017-06-19,0.23595682560515893
2017-06-20,0.23308574271378255
2017-06-21,0.2301561021688237
2017-06-22,0.2302266641414653
2017-06-23,0.230746316475153
2017-06-26,0.22957107630527637
2017-06-27,0.22546378455560115
2017-06-28,0.22223267622751755
2017-06-29,0.2173013245778871
2017-06-30,0.21560694800009383
2017-07-03,0.2149372808825447
2017-07-04,0.20902983187621224
2017-07-05,0.2084524696689092
2017-07-06,0.21168413503589062
2017-07-07,0.21558381668950125
2017-07-10,0.24072725148370294
2017-07-11,0.24280967434952164
2017-07-12,0.24703703201607305
2017-07-13,0.24811604033106108
2017-07-14,0.25078138886981616
2017-07-17,0.2726572984881023
2017-07-18,0.28513626771557615
2017-07-19,0.28048484024807946
2017-07-20,0.2815576321472767
2017-07-21,0.2794080483972637
2017-07-24,0.277589765982094
2017-07-25,0.2727474078184652
2017-07-26,0.27004208897384985
2017-07-27,0.28038961409856483
2017-07-28,0.2745782980232721
2017-07-31,0.2706435362423147
2017-08-01,0.26887418210765407
2017-08-02,0.2793822988382318
2017-08-03,0.2784807301063276
2017-08-04,0.28082076294599706
2017-08-07,0.2760595995937259
2017-08-08,0.272168259319526
2017-08-09,0.26880528313040203
2017-08-10,0.2726394068614998
2017-08-11,0.2750070526355355
2017-08-14,0.30186759194226637
2017-08-15,0.2966617767481319
2017-08-16,0.29407980659232813
2017-08-17,0.2873716116438384
2017-08-18,0.28880670554108073
2017-08-21,0.28550507719397633
2017-08-22,0.28356283479509725
2017-08-23,0.27863058393874357
2017-08-24,0.27886417677167735
2017-08-25,0.2749788801430475
2017-08-28,0.277291306825117
2017-08-29,0.277375482155896
2017-08-30,0.2768897639838893
2017-08-31,0.27903938040814247
2017-09-01,0.276695418926252
2017-09-04,0.28330816132932685
2017-09-05,0.2806988840238388
2017-09-06,0.2799951746530806
2017-09-07,0.2813239814129088
2017-09-08,0.28528909128379726
2017-09-11,0.2878953254280376
2017-09-12,0.29155627346559837
2017-09-13,0.28702597432566723
2017-09-14,0.2916103577569838
2017-09-15,0.2998394949572776
2017-09-18,0.29761210387295195
2017-09-19,0.29453484498973465
2017-09-20,0.28892824705284986
2017-09-21,0.2888472239302845
2017-09-22,0.29010437566395586
2017-09-25,0.29565629160084694
2017-09-26,0.29748013762575526
2017-09-27,0.2888170815233963
2017-09-28,0.2845834464226293
2017-09-29,0.28050538141407605
2017-10-09,0.28294214812441826
2017-10-10,0.2836245798005358
2017-10-11,0.2953196974877941
2017-10-12,0.29428299236523436
2017-10-13,0.29432868691336267
2017-10-16,0.29991102469850467
2017-10-17,0.2975988429211888
2017-10-18,0.29481765495802925
2017-10-19,0.3126222388583554
2017-10-20,0.30703360084928183
2017-10-23,0.3009167170396855
2017-10-24,0.2915988236286002
2017-10-25,0.2835967054116492
2017-10-26,0.28224446550583654
2017-10-27,0.2809529065444646
2017-10-30,0.2995643441900235
2017-10-31,0.2977271111275675
2017-11-01,0.29524901809237036
2017-11-02,0.29407065051421444
2017-11-03,0.3012927802552784
2017-11-06,0.29953492036297674
2017-11-07,0.29600528217491057
2017-11-08,0.29841835167448416
2017-11-09,0.29248609146417937
2017-11-10,0.2946450853818473
2017-11-13,0.3026766055266446
2017-11-14,0.3088696382503492
2017-11-15,0.31182508525239744
2017-11-16,0.3131849352802669
2017-11-17,0.3299815623661024
2017-11-20,0.3436759223838038
2017-11-21,0.33752358829359425
2017-11-22,0.33775855960145396
2017-11-23,0.33852824280644495
2017-11-24,0.3344413520624192
2017-11-27,0.3341721938822703
2017-11-28,0.31969324340907385
2017-11-29,0.3144192713590749
2017-11-30,0.31060759188221426
2017-12-01,0.29981680663785704
2017-12-04,0.3144836542255234
2017-12-05,0.32046408190028425
2017-12-06,0.3120387805867976
2017-12-07,0.30223224591111686
2017-12-08,0.2917913174480846
2017-12-11,0.28155783806143964
2017-12-12,0.2804466930248504
2017-12-13,0.271626637088733
2017-12-14,0.2676740687234664
2017-12-15,0.2829292012639097
2017-12-18,0.28600697304079437
2017-12-19,0.2771758816761074
2017-12-20,0.2730092765039442
2017-12-21,0.2691959898043814
2017-12-22,0.2697844637551013
2017-12-25,0.2807630208406002
2017-12-26,0.2817068347730816
2017-12-27,0.28195529323571705
2017-12-28,0.28091813198380294
2017-12-29,0.2789120297024245
2018-01-02,0.2781035229972975
2018-01-03,0.2769685348813129
2018-01-04,0.2737877367174796
2018-01-05,0.27067426316845683
2018-01-08,0.27371857688898465
2018-01-09,0.2722508480563692
2018-01-10,0.2754646789924092
2018-01-11,0.27454695630294806
2018-01-12,0.27262115727916575
2018-01-15,0.2891255551929386
2018-01-16,0.29271636052196276
2018-01-17,0.29456694908654735
2018-01-18,0.2882759877708766
2018-01-19,0.28396098445187956
2018-01-22,0.2860629174002285
2018-01-23,0.2836129421357721
2018-01-24,0.2782396623647927
2018-01-25,0.27312899157187065
2018-01-26,0.26765142929870267
2018-01-29,0.27035213949407305
2018-01-30,0.27115868412561395
2018-01-31,0.28939279831103476
2018-02-01,0.3191219339485831
2018-02-02,0.326190079861846
2018-02-05,0.33694241909919065
2018-02-06,0.3488766107317123
2018-02-07,0.3471263706045379
2018-02-08,0.33659673066389384
2018-02-09,0.3394782528244217
2018-02-12,0.3226944111498888
2018-02-13,0.32162190369654625
2018-02-14,0.30977342771856
2018-02-22,0.2960635682197516
2018-02-23,0.28428795348422875
2018-02-26,0.27666081824628286
2018-02-27,0.2899604610565983
2018-02-28,0.28743478925099386
2018-03-01,0.27953077037444696
2018-03-02,0.2789948745189257
2018-03-05,0.2773356497834351
2018-03-06,0.2748416662645385
2018-03-07,0.2689163554346717
2018-03-08,0.26622761912385623
2018-03-09,0.2609995236878665
2018-03-12,0.26027324865261675
2018-03-13,0.2665910484800362
2018-03-14,0.2628646804819099
2018-03-15,0.27623381944944714
2018-03-16,0.27632847636009916
2018-03-19,0.27699708716854116
2018-03-20,0.28104907767384807
2018-03-21,0.2831909484794278
2018-03-22,0.2852640550349373
2018-03-23,0.31010400112045927
2018-03-26,0.31259077801937674
2018-03-27,0.303440906755424
2018-03-28,0.3033796480768046
2018-03-29,0.297821976081396
2018-03-30,0.2920707063195158
2018-04-02,0.298727989618992
2018-04-03,0.2989593901612582
2018-04-04,0.2978810149332564
2018-04-09,0.29758707584685234
2018-04-10,0.30065854356526783
2018-04-11,0.29341131548593147
2018-04-12,0.28885075283727213
2018-04-13,0.28161766820905787
2018-04-16,0.283675279840499
2018-04-17,0.2832480217507826
2018-04-18,0.2898971539330991
2018-04-19,0.28256502839316533
2018-04-20,0.2834035464483451
2018-04-23,0.28823828365899845
2018-04-24,0.27843548656109507
2018-04-25,0.27419670271418306
2018-04-26,0.28007770111576125
2018-04-27,0.2824641401726367
2018-05-02,0.2925084664875467
2018-05-03,0.2876271606052794
2018-05-04,0.27893742909482083
2018-05-07,0.2829378607570513
2018-05-08,0.28553398621465326
2018-05-09,0.27912472995234666
2018-05-10,0.2710427398824324
2018-05-11,0.2697271863970444
2018-05-14,0.27116994341319195
2018-05-15,0.2744312533844713
2018-05-16,0.2702521526730755
2018-05-17,0.2790393076278444
2018-05-18,0.27839007474507466
2018-05-21,0.27252964904762184
2018-05-22,0.271265124125856
2018-05-23,0.27021492056115143
2018-05-24,0.2663279917995732
2018-05-25,0.2710500165803734
2018-05-28,0.2849457863657897
2018-05-29,0.29076857540776546
2018-05-30,0.3098194029679179
2018-05-31,0.3177079703712971
2018-06-01,0.3164295525405901
2018-06-04,0.3178079509820422
2018-06-05,0.3049529268867722
2018-06-06,0.29961107563328226
2018-06-07,0.2946808613250496
2018-06-08,0.2906020655049149
2018-06-11,0.29032736617328886
2018-06-12,0.2846712573721094
2018-06-13,0.28366571994882545
2018-06-14,0.2829243990941549
2018-06-15,0.29208675969408954
2018-06-19,0.31886564063013334
2018-06-20,0.3245514214133725
2018-06-21,0.375079706543454
2018-06-22,0.3630612698014943
2018-06-25,0.36099412683033905
2018-06-26,0.350949676430222
2018-06-27,0.34175948687768143
2018-06-28,0.3409607663191436
2018-06-29,0.349359851665848
2018-07-02,0.3537819796903812
2018-07-03,0.3424434071793025
2018-07-04,0.3418722504720052
2018-07-05,0.3441840541759954
2018-07-06,0.34151444135495224
2018-07-09,0.3313449521285798
2018-07-10,0.3231404018386148
2018-07-11,0.321275020000188
2018-07-12,0.30776711623011144
2018-07-13,0.3036833754197212
2018-07-16,0.3053913160588502
2018-07-17,0.30164472437792117
2018-07-18,0.3000343258476602
2018-07-19,0.3010512319199032
2018-07-20,0.29424330956430034
2018-07-23,0.2922150441421067
2018-07-24,0.28861234254805507
2018-07-25,0.2871798121498575
2018-07-26,0.2884689644536876
2018-07-27,0.2892989444090191
2018-07-30,0.2934364981510301
2018-07-31,0.2898142412879261
2018-08-01,0.2850252499685319
2018-08-02,0.2933480100597673
2018-08-03,0.2938416072670969
2018-08-06,0.3007442448973082
2018-08-07,0.29076626729845917
2018-08-08,0.29109625222716756
2018-08-09,0.2753528593427806
2018-08-10,0.26446698629778304
2018-08-13,0.2586314591824089
2018-08-14,0.25014581599824476
2018-08-15,0.2455377803552852
2018-08-16,0.244520815506271
2018-08-17,0.2453056633627927
2018-08-20,0.24840471156811011
2018-08-21,0.24501309658602044
2018-08-22,0.24087615999882978
2018-08-23,0.23289374694287168
2018-08-24,0.22935911303606554
2018-08-27,0.22309316093190606
2018-08-28,0.21752123485065736
2018-08-29,0.2152885268171477
2018-08-30,0.21430666854854347
2018-08-31,0.21774758796157495
2018-09-03,0.22424966707028104
2018-09-04,0.2177358655407979
2018-09-05,0.29242757655529117
2018-09-06,0.32482044415650085
2018-09-07,0.3212411681610106
2018-09-10,0.3332578550992797
2018-09-11,0.3346491527894484
2018-09-12,0.3360783939471153
2018-09-13,0.37796031663305246
2018-09-14,0.3887838283599054
2018-09-17,0.40104145081226883
2018-09-18,0.39912559288407984
2018-09-19,0.39027051839496973
2018-09-20,0.3823908721213143
2018-09-21,0.37488213756340527
2018-09-25,0.3684567788537913
2018-09-26,0.35793473676491366
2018-09-27,0.3671024083855616
2018-09-28,0.36553875236180533
2018-10-08,0.3789803445099245
2018-10-09,0.38476278632473
2018-10-10,0.3878567757331203
2018-10-11,0.43086683882120264
2018-10-12,0.47976488296221526
2018-10-15,0.48632472819957173
2018-10-16,0.49641747351246707
2018-10-17,0.49291786005620913
2018-10-18,0.4970569664975462
2018-10-19,0.4848887153820436
2018-10-22,0.46441237753322234
2018-10-23,0.45852593736048863
2018-10-24,0.44484509921474436
2018-10-25,0.44547890643657223
2018-10-26,0.4374759771091668
2018-10-29,0.43870246073458985
2018-10-30,0.43351487724819904
2018-10-31,0.4283625997635522
2018-11-01,0.41946688040067764
2018-11-02,0.40610950606289464
2018-11-05,0.4064145653760091
2018-11-06,0.4207654819425093
2018-11-07,0.41258287551494066
2018-11-08,0.4051331375741594
2018-11-09,0.4000144780631183
2018-11-12,0.43320549383591217
2018-11-13,0.4327918163130548
2018-11-14,0.4313255270750547
2018-11-15,0.4761518831768151
2018-11-16,0.4850416530705754
2018-11-19,0.49701625306043595
2018-11-20,0.4851405763651844
2018-11-21,0.4781920743762628
2018-11-22,0.46959143349680454
2018-11-23,0.5086854932817692
2018-11-26,0.5154654291309388
2018-11-27,0.5045293712839198
2018-11-28,0.4981423943685189
2018-11-29,0.48977686943830884
2018-11-30,0.48504953968207287
2018-12-03,0.47016761213324315
2018-12-04,0.4585393781998969
2018-12-05,0.4561138609757412
2018-12-06,0.437636295972357
2018-12-07,0.43399595456413187
2018-12-10,0.4349839537560507
2018-12-11,0.4235315136661403
2018-12-12,0.40897419584050987
2018-12-13,0.3957813903677453
2018-12-14,0.3929218887159888
2018-12-17,0.3976308328879011
2018-12-18,0.39070233725313536
2018-12-19,0.3843303322331814
2018-12-20,0.37468668291935947
2018-12-21,0.3696083773073289
2018-12-24,0.3644270970771823
2018-12-25,0.3707494194629139
2018-12-26,0.37200658508327844
2018-12-27,0.37184761153158347
2018-12-28,0.3756329835642294
2019-01-02,0.381480054037733
2019-01-03,0.39041381827292015
2019-01-04,0.3833960299341756
2019-01-07,0.38086731229832116
2019-01-08,0.3788943714598428
2019-01-09,0.3723394642943975
2019-01-10,0.3688719031408017
2019-01-11,0.36777239963919334
2019-01-14,0.36877715953265117
2019-01-15,0.35755107422382665
2019-01-16,0.35338265393372376
2019-01-17,0.35018884599490646
2019-01-18,0.34485177734195777
2019-01-21,0.3398699452946839
2019-01-22,0.33489184571761654
2019-01-23,0.33467508464659124
2019-01-24,0.3339360913529351
2019-01-25,0.340581685665349
2019-01-28,0.3496659110268748
2019-01-29,0.3626949596730685
2019-01-30,0.3679495470622442
2019-01-31,0.38961045250668574
2019-02-01,0.3783964170438558
2019-02-11,0.3636281874503674
2019-02-12,0.3517945084736647
2019-02-13,0.3367655779322739
2019-02-14,0.32966815182660947
2019-02-15,0.3264306988838768
2019-02-18,0.3183093443547904
2019-02-19,0.3237601254675881
2019-02-20,0.3266198028275991
2019-02-21,0.32572641746832676
2019-02-22,0.32638499542729077
2019-02-25,0.32268554070180117
2019-02-26,0.34445963993287004
2019-02-27,0.35305062633616807
2019-02-28,0.3566908083485699
2019-03-01,0.34947848511221824
2019-03-04,0.3522412036555831
2019-03-05,0.35172220187410685
2019-03-06,0.3629779593154467
2019-03-07,0.38314809520617066
2019-03-08,0.43704663593419496
2019-03-11,0.4390064290631546
2019-03-12,0.4357252985746712
2019-03-13,0.4538330036298521
2019-03-14,0.455649564962929
2019-03-15,0.44333410387568384
2019-03-18,0.4313077626821504
2019-03-19,0.4204891394712501
2019-03-20,0.4144104801780131
2019-03-21,0.40283649138438604
2019-03-22,0.4167371305142372
2019-03-25,0.42214234751950175
2019-03-26,0.42110411538436926
2019-03-27,0.4247624875489895
2019-03-28,0.41773663092481883
2019-03-29,0.40346335486274404
2019-04-01,0.3892241233615123
2019-04-02,0.3872203905508185
2019-04-03,0.3835703734859908
2019-04-04,0.3819691035938306
2019-04-08,0.3919884244051794
2019-04-09,0.39600214195681727
2019-04-10,0.3969340433532272
2019-04-11,0.3889549901435811
2019-04-12,0.3904395505971641
2019-04-15,0.38146838275731815
2019-04-16,0.36967660602491764
2019-04-17,0.36468860308686435
2019-04-18,0.36090796661456026
2019-04-19,0.3547981999350293
2019-04-22,0.3543725773235023
2019-04-23,0.35623320634100947
2019-04-24,0.3495835716661765
2019-04-25,0.34542630665674984
2019-04-26,0.3524444653914553
2019-04-29,0.3695212719064998
2019-04-30,0.36571207268505485
2019-05-06,0.36634203719408764
2019-05-07,0.3662088064695617
2019-05-08,0.35899620612626587
2019-05-09,0.3470718437255843
2019-05-10,0.32900421010555214
2019-05-13,0.33003552936375513
2019-05-14,0.319205717142254
2019-05-15,0.3054173452292213
2019-05-16,0.2992630159627364
2019-05-17,0.298430993044891
2019-05-20,0.3088018802467704
2019-05-21,0.3013756553917071
2019-05-22,0.2952345776992303
2019-05-23,0.29111989977662495
2019-05-24,0.28956685414355565
2019-05-27,0.27839623271844216
2019-05-28,0.27014233054659553
2019-05-29,0.2644337095108431
2019-05-30,0.26502307794090474
2019-05-31,0.2639605282387868
2019-06-03,0.27047566094989284
2019-06-04,0.27085447013260733
2019-06-05,0.26865632867784256
2019-06-06,0.2664369984468932
2019-06-10,0.26494500414675803
2019-06-11,0.2532143436727396
2019-06-12,0.24832401649068075
2019-06-13,0.24513665811086746
2019-06-14,0.2426525471450038
2019-06-17,0.24414359006123998
2019-06-18,0.2399745601158184
2019-06-19,0.2342280551306509
2019-06-20,0.22918878987846175
2019-06-21,0.22914259308001306
2019-06-24,0.2295340686355462
2019-06-25,0.22978308010038684
2019-06-26,0.2287314274454877
2019-06-27,0.22400533076975118
2019-06-28,0.2210239524256228
2019-07-01,0.21562343020666752
2019-07-02,0.21567978161540224
2019-07-03,0.21395011180716966
2019-07-04,0.21155623700391485
2019-07-05,0.20837870492639207
2019-07-08,0.2096927279511706
2019-07-09,0.20914894176032103
2019-07-10,0.2077148964688433
2019-07-11,0.20577059208926193
2019-07-12,0.2017472664583603
2019-07-15,0.2045406947841649
2019-07-16,0.19960937157112094
2019-07-17,0.1954726371050429
2019-07-18,0.19175654899083383
2019-07-19,0.1877741105906139
2019-07-22,0.2469769568311715
2019-07-23,0.24579960314362764
2019-07-24,0.23999050480112694
2019-07-25,0.23722053522740308
2019-07-26,0.23629672003803887
2019-07-29,0.23574575357800995
2019-07-30,0.23066469969407583
2019-07-31,0.22974420779687296
2019-08-01,0.23202703641600134
2019-08-02,0.23519530531869975
2019-08-05,0.23676450220918382
2019-08-06,0.2491938334600561
2019-08-07,0.25195899295992574
2019-08-08,0.2517613369591575
2019-08-09,0.2523892497756509
2019-08-12,0.24880970354874615
2019-08-13,0.2485656847502824
2019-08-14,0.24334196274132736
2019-08-15,0.24035357851859426
2019-08-16,0.2387626658784052
2019-08-19,0.23890229896396578
2019-08-20,0.23872530448018195
2019-08-21,0.23943989697978674
2019-08-22,0.23972811252663548
2019-08-23,0.24423554576044482
2019-08-26,0.24802995024102
2019-08-27,0.24569994440993823
2019-08-28,0.24846946710479553
2019-08-29,0.24704360466018724
2019-08-30,0.2479639900287238
2019-09-02,0.2465009757564142
2019-09-03,0.2434601093090973
2019-09-04,0.23985443515547983
2019-09-05,0.23504642860475602
2019-09-06,0.2333208205305963
2019-09-09,0.23059635248050864
2019-09-10,0.23100221140849655
2019-09-11,0.231707101170894
2019-09-12,0.22798527533476803
2019-09-16,0.22579325358667812
2019-09-17,0.226152721899114
2019-09-18,0.239188496079453
2019-09-19,0.2473922680803241
2019-09-20,0.244822180669572
2019-09-23,0.24744399031792313
2019-09-24,0.24779657738819422
2019-09-25,0.25165752110035833
2019-09-26,0.25818441854524227
2019-09-27,0.255989063722968
2019-09-30,0.2525939307797127
2019-10-08,0.2555252884950296
2019-10-09,0.25657370438690585
2019-10-10,0.25114703354850487
2019-10-11,0.24865525012437553
2019-10-14,0.24452175466991752
2019-10-15,0.24870763316850994
2019-10-16,0.24509134279558875
2019-10-17,0.2395138908717027
2019-10-18,0.23861060541819626
2019-10-21,0.24545402765703572
2019-10-22,0.24049723657590474
2019-10-23,0.2335107090543721
2019-10-24,0.23178858703706445
2019-10-25,0.23295898387654976
2019-10-28,0.25906278989981063
2019-10-29,0.2695756606751297
2019-10-30,0.27880048297506654
2019-10-31,0.28246518840841894
2019-11-01,0.27794023839650317
2019-11-04,0.26790288695715153
2019-11-05,0.2616955078470464
2019-11-06,0.25711990414256225
2019-11-07,0.25057857584399656
2019-11-08,0.24566761620217714
2019-11-11,0.25047559370310746
2019-11-12,0.24723776967413333
2019-11-13,0.2462234434137746
2019-11-14,0.24389891286744417
2019-11-15,0.24762325121430556
2019-11-18,0.24491709964138844
2019-11-19,0.2365284769637736
2019-11-20,0.23305382834224758
2019-11-21,0.22880029171474392
2019-11-22,0.22953966897993808
2019-11-25,0.23407225970035936
2019-11-26,0.23343197829053805
2019-11-27,0.23151914431967785
2019-11-28,0.24239468729707117
2019-11-29,0.2678769602946827
2019-12-02,0.27168063360746336
2019-12-03,0.26844245262178323
2019-12-04,0.2641312575872708
2019-12-05,0.25577168999762934
2019-12-06,0.25301377027359656
2019-12-09,0.2523050452901207
2019-12-10,0.25141211878983766
2019-12-11,0.2529778479681326
2019-12-12,0.25493507513886954
2019-12-13,0.2514741279171957
2019-12-16,0.2500442184233614
2019-12-17,0.24756689684157815
2019-12-18,0.2502244466098911
2019-12-19,0.2513599281837867
2019-12-20,0.25527668578960394
2019-12-23,0.2635374892990594
2019-12-24,0.26531079049609113
2019-12-25,0.26464526552959955
2019-12-26,0.26308211010912763
2019-12-27,0.2644952917066477
2019-12-30,0.2719905019014411
2019-12-31,0.2650605458520471
2020-01-02,0.262102512206006
2020-01-03,0.2641772756587693
2020-01-06,0.2701867802513884
2020-01-07,0.2695296300053287
2020-01-08,0.2727911631283299
2020-01-09,0.2692691459040737
2020-01-10,0.2669077741764413
2020-01-13,0.2647892703738447
2020-01-14,0.268465910954214
2020-01-15,0.26489473374776545
2020-01-16,0.2647119945532371
2020-01-17,0.26569480243775007
2020-01-20,0.2731931534429222
2020-01-21,0.2742026674427766
2020-01-22,0.2779716869001159
2020-01-23,0.28335461373329246
2020-02-03,0.29187971322978856
2020-02-04,0.3607892564213739
2020-02-05,0.35346699583718305
2020-02-06,0.3522736076195221
2020-02-07,0.3510519491871963
2020-02-10,0.3480040858168669
2020-02-11,0.34148443047832694
2020-02-12,0.32995844901886656
2020-02-13,0.3216118639010026
2020-02-14,0.3124409480940737
2020-02-17,0.3032074800939342
2020-02-18,0.30086635181888377
2020-02-19,0.30323420280777935
2020-02-20,0.34300923425942037
2020-02-21,0.3957505024355839
2020-02-24,0.442824989405501
2020-02-25,0.47074355486406455
2020-02-26,0.5289139736631979
2020-02-27,0.5830806706614585
2020-02-28,0.5872065206665855
2020-03-02,0.5752953048363239
2020-03-03,0.5631688357461828
2020-03-04,0.562625082987875
2020-03-05,0.5558893986495319
2020-03-06,0.5506191615417813
2020-03-09,0.5680378948566321
2020-03-10,0.5595012901197128
2020-03-11,0.5522182080575768
2020-03-12,0.5451837640340007
2020-03-13,0.5525600372211357
2020-03-16,0.5527750807756021
2020-03-17,0.5664290317551655
2020-03-18,0.5532943767264211
2020-03-19,0.5443690602675195
2020-03-20,0.5517793376228868
2020-03-23,0.5554840552302107
2020-03-24,0.5525939280390155
2020-03-25,0.5362014391637213
2020-03-26,0.5309453127002354
2020-03-27,0.520074954004895
2020-03-30,0.5253094330026538
2020-03-31,0.5730168698715346
2020-04-01,0.5591010539653358
2020-04-02,0.5384266031022138
2020-04-03,0.5283891746765275
2020-04-07,0.5106003116558806
2020-04-08,0.5086859173131811
2020-04-09,0.509911987557406
2020-04-10,0.5114173614698977
2020-04-13,0.5162612853785922
2020-04-14,0.49890044503439146
2020-04-15,0.4797068836922283
2020-04-16,0.4773248528090572
2020-04-17,0.47550433994898217
2020-04-20,0.47281455436076697
2020-04-21,0.46951739392044944
2020-04-22,0.46687147849343785
2020-04-23,0.47176844778749505
2020-04-24,0.4789741951937274
2020-04-27,0.4948613848606517
2020-04-28,0.5149559639418582
2020-04-29,0.5222935773527265
2020-04-30,0.5181115350846177
2020-05-06,0.5134915705246704
2020-05-07,0.5097645013973623
2020-05-08,0.4900471691935884
2020-05-11,0.4975373020308781
2020-05-12,0.48575560215618113
2020-05-13,0.47663166596805967
2020-05-14,0.46748953935520826
2020-05-15,0.4589763419646397
2020-05-18,0.47731311537286375
2020-05-19,0.4724172010135921
2020-05-20,0.48518635951396033
2020-05-21,0.49008694231221167
2020-05-22,0.488373157804289
2020-05-25,0.4915427442148428
2020-05-26,0.47837683015199367
2020-05-27,0.4790798531934011
2020-05-28,0.4728623200643202
2020-05-29,0.47381606415117755
2020-06-01,0.4630940732376845
2020-06-02,0.46113666001088177
2020-06-03,0.4576729589444449
2020-06-04,0.4573610446140682
2020-06-05,0.44994540317698883
2020-06-08,0.4515631389354801
2020-06-09,0.44039061271357505
2020-06-10,0.43356965779005174
2020-06-11,0.4267448970386215
2020-06-12,0.4217966643760583
2020-06-15,0.42955991829982637
2020-06-16,0.4201134167613108
2020-06-17,0.4171983085229628
2020-06-18,0.410972680692121
2020-06-19,0.40436035256574565
2020-06-22,0.40072303524302383
2020-06-23,0.40146366583343773
2020-06-24,0.4000658672520361
2020-06-29,0.4152082317412742
2020-06-30,0.4095595366020224
2020-07-01,0.4117690270897342
2020-07-02,0.4209933369223277
2020-07-03,0.4257029854331856
2020-07-06,0.42732529393890106
2020-07-07,0.43385641626191085
2020-07-08,0.4366053988775244
2020-07-09,0.44690125148178805
2020-07-10,0.4669156339992708
2020-07-13,0.4734850402351979
2020-07-14,0.4937452671729377
2020-07-15,0.5171444490677263
2020-07-16,0.5150249307748213
2020-07-17,0.5143609643278482
2020-07-20,0.5036492646523243
2020-07-21,0.4962326625871037
2020-07-22,0.4827887286060441
2020-07-23,0.47481795566858
2020-07-24,0.4653773960737327
2020-07-27,0.48408459856243086
2020-07-28,0.47521205966110863
2020-07-29,0.4697079594741337
2020-07-30,0.4706501842712295
2020-07-31,0.45989285272643166
2020-08-03,0.46097547170069597
2020-08-04,0.46677066651729393
2020-08-05,0.4629703340400616
2020-08-06,0.46108912609699004
2020-08-07,0.45634078702937847
2020-08-10,0.4765338838475138
2020-08-11,0.5019998780836785
2020-08-12,0.5021091944178938
2020-08-13,0.49404446042512024
2020-08-14,0.480314301585789
2020-08-17,0.4668366565380839
2020-08-18,0.4584481043594278
2020-08-19,0.4562507567043778
2020-08-20,0.4524500468547878
2020-08-21,0.4467446096357965
2020-08-24,0.4470756934571385
2020-08-25,0.45463637420798597
2020-08-26,0.4499244254501828
2020-08-27,0.45084407315634883
2020-08-28,0.44565111629175647
2020-08-31,0.44277235023392314
2020-09-01,0.43322979362199426
2020-09-02,0.4303942835073115
2020-09-03,0.42474492279430487
2020-09-04,0.41423235353570326
2020-09-07,0.4173562118635769
2020-09-08,0.4237770389219962
2020-09-09,0.43042751226401155
2020-09-10,0.4501608913654392
2020-09-11,0.4413591223389467
2020-09-14,0.4383409108940996
2020-09-15,0.42519698835828257
2020-09-16,0.40718650611127766
2020-09-17,0.39593865993020194
2020-09-18,0.38536126197820575
2020-09-21,0.37296181766336933
2020-09-22,0.36109111189748616
2020-09-23,0.35431822953703074
2020-09-24,0.34400319506772375
2020-09-25,0.33929676616119986
2020-09-28,0.34175223424950013
2020-09-29,0.3384266801298881
2020-09-30,0.33548292260857326
2020-10-09,0.33552570306266855
2020-10-12,0.33220854816050815
2020-10-13,0.32577591150630614
2020-10-14,0.32514978361957414
2020-10-15,0.3273024719697021
2020-10-16,0.35734698587755465
2020-10-19,0.35525339132909156
2020-10-20,0.3512206322097405
2020-10-21,0.3513116930027899
2020-10-22,0.346515234281099
2020-10-23,0.3466498862361694
2020-10-26,0.353538317624733
2020-10-27,0.35536894635613914
2020-10-28,0.3618364952898251
2020-10-29,0.3662452384957832
2020-10-30,0.3797074244593679
2020-11-02,0.3986669042091319
2020-11-03,0.392033024316568
2020-11-04,0.3824314334025846
2020-11-05,0.37480710621917773
2020-11-06,0.368600409586827
2020-11-09,0.36586574145187006
2020-11-10,0.36595339350817746
2020-11-11,0.36168683633524956
2020-11-12,0.3605407754685208
2020-11-13,0.352660752895688
2020-11-16,0.3525548019610407
2020-11-17,0.3528709531827418
2020-11-18,0.3519014450294425
2020-11-19,0.34498969861959716
2020-11-20,0.33777979605411745
2020-11-23,0.3348747087869411
2020-11-24,0.3274909458526467
2020-11-25,0.32584489094139735
2020-11-26,0.3262741871265086
2020-11-27,0.32173182913327514
2020-11-30,0.3159269321935372
2020-12-01,0.3097290275077585
2020-12-02,0.3078513228913234
2020-12-03,0.3058186326284861
2020-12-04,0.3014879299995585
2020-12-07,0.3018284676965901
2020-12-08,0.29899350367275596
2020-12-09,0.30129255972476554
2020-12-10,0.30652168865972584
2020-12-11,0.3121735986822806
2020-12-14,0.31641914059632026
2020-12-15,0.3148340646831047
2020-12-16,0.31641044142592406
2020-12-17,0.31434248352240746
2020-12-18,0.31312046865184195
2020-12-21,0.3149168436205308
2020-12-22,0.3175474516629769
2020-12-23,0.3194686435524147
2020-12-24,0.32601973742369006
2020-12-25,0.33840466884509135
2020-12-28,0.35961094173556446
2020-12-29,0.3821958312393747
2020-12-30,0.37455828941757924
2020-12-31,0.36133358712829006
2021-01-04,0.36579024418673334
2021-01-05,0.3699330560388283
2021-01-06,0.3724674924258146
2021-01-07,0.3832844544630537
2021-01-08,0.3840967596065991
2021-01-11,0.39173296294001014
2021-01-12,0.43109013319355116
2021-01-13,0.4579309310505642
2021-01-14,0.45537258828325106
2021-01-15,0.4479193821158686
2021-01-18,0.4713169012139777
2021-01-19,0.46524394752517306
2021-01-20,0.45211482107935735
2021-01-21,0.4592759342090555
2021-01-22,0.4590918989423757
2021-01-25,0.47165463803302876
2021-01-26,0.4688222589012695
2021-01-27,0.46718686006898397
2021-01-28,0.4600275723173903
2021-01-29,0.46285250689822693
2021-02-01,0.48016359179281926
2021-02-02,0.4825398930871952
2021-02-03,0.47789886512381385
2021-02-04,0.4794858865043505
2021-02-05,0.5020773764697153
2021-02-08,0.49747159694192356
2021-02-09,0.4891962551749277
2021-02-10,0.4759150624320987
2021-02-18,0.47321104847277756
2021-02-19,0.4643841507723292
2021-02-22,0.46941441218320384
2021-02-23,0.4639760381057008
2021-02-24,0.4536621300228047
2021-02-25,0.46146035318621775
2021-02-26,0.4585467250289111
2021-03-01,0.451115653434518
2021-03-02,0.4428681789232685
2021-03-03,0.43117591913697306
2021-03-04,0.425278616154325
2021-03-05,0.4153518297274473
2021-03-08,0.41688902843254905
2021-03-09,0.4254981829543766
2021-03-10,0.42345103092322134
2021-03-11,0.41065140112226894
2021-03-12,0.40463509461155456
2021-03-15,0.4054221335300192
2021-03-16,0.400289943115171
2021-03-17,0.39390557085433464
2021-03-18,0.3981399274034189
2021-03-19,0.42428226443480205
2021-03-22,0.4252579746617336
2021-03-23,0.4310460273963907
2021-03-24,0.4332258990346474
2021-03-25,0.4337458007353984
2021-03-26,0.4230702869014534
2021-03-29,0.4223180580494778
2021-03-30,0.425395200348943
2021-03-31,0.4245551473927208
2021-04-01,0.41674604485069944
2021-04-02,0.41644311601181216
2021-04-06,0.4192960216979168
2021-04-07,0.40811185750459866
2021-04-08,0.4038602709539167
2021-04-09,0.3999655476005792
2021-04-12,0.4071508563733024
2021-04-13,0.4143139662681842
2021-04-14,0.4124299456141043
2021-04-15,0.41036923751277543
2021-04-16,0.40444832764112887
2021-04-19,0.4129245485603022
2021-04-20,0.4073892953288871
2021-04-21,0.39973343232952285
2021-04-22,0.41512958437365527
2021-04-23,0.4195890120118247
2021-04-26,0.42766670768722076
2021-04-27,0.4384294803147584
2021-04-28,0.45140630615262733
2021-04-29,0.45594966454832875
2021-04-30,0.4608272664295914
2021-05-06,0.4621755245498081
2021-05-07,0.45672424409436174
2021-05-10,0.4655850573275164
2021-05-11,0.45826334923043743
2021-05-12,0.4476522934844272
2021-05-13,0.4360671104383938
2021-05-14,0.4293079444100168
2021-05-17,0.4265092502571803
2021-05-18,0.42258043828035063
2021-05-19,0.41829467310035634
2021-05-20,0.41337571054202654
2021-05-21,0.40623662188706705
2021-05-24,0.4013993403672805
2021-05-25,0.38722768092318605
2021-05-26,0.3815650725230098
2021-05-27,0.37521035481288745
2021-05-28,0.38420548596995585
2021-05-31,0.39162110573766606
2021-06-01,0.38794992206644846
2021-06-02,0.390691900564338
2021-06-03,0.39207330369248006
2021-06-04,0.38984830544449867
2021-06-07,0.386954331807102
2021-06-08,0.38469613511122847
2021-06-09,0.37917268055412073
2021-06-10,0.3760004560420467
2021-06-11,0.3869009236978527
2021-06-15,0.39785422624162875
2021-06-16,0.3957501396585029
2021-06-17,0.39007324732181936
2021-06-18,0.3944691585357621
2021-06-21,0.3927167766992289
2021-06-22,0.3877457901474847
2021-06-23,0.380600938382501
2021-06-24,0.38209145724595595
2021-06-25,0.3755836502007135
2021-06-28,0.39718775229608716
2021-06-29,0.39660206648827456
2021-06-30,0.39196322307488224
2021-07-01,0.3941362442390001
2021-07-02,0.3914432594183735
2021-07-05,0.3933075979262104
2021-07-06,0.3879905477825992
2021-07-07,0.38654553174207373
2021-07-08,0.3882834863231519
2021-07-09,0.39158316749109406
2021-07-12,0.39814948260455646
2021-07-13,0.42666663338337857
2021-07-14,0.4255669361359738
2021-07-15,0.42871230476594724
2021-07-16,0.4232021311111329
2021-07-19,0.4284976632463227
2021-07-20,0.4125123543077223
2021-07-21,0.4097473088039877
2021-07-22,0.4120101233076552
2021-07-23,0.41887850634395474
2021-07-26,0.42875723822333744
2021-07-27,0.454895785757143
2021-07-28,0.4676679012409139
2021-07-29,0.4634149774581069
2021-07-30,0.49747722120018845
2021-08-02,0.49625578069665627
2021-08-03,0.5012178030977489
2021-08-04,0.4866797441321964
2021-08-05,0.48749027922646176
2021-08-06,0.47591330163628004
2021-08-09,0.4755464496324339
2021-08-10,0.46992600807100227
2021-08-11,0.46419049507231963
2021-08-12,0.45616103965235255
2021-08-13,0.449073480018833
2021-08-16,0.4658227686274502
2021-08-17,0.46018087746096803
2021-08-18,0.45493405481763133
2021-08-19,0.45144095305986087
2021-08-20,0.4517095562772298
2021-08-23,0.456928686042978
2021-08-24,0.4518433890083501
2021-08-25,0.4528946973089139
2021-08-26,0.45267078810809075
2021-08-27,0.463821128053359
2021-08-30,0.4788351168484644
2021-08-31,0.4818662279430563
2021-09-01,0.4852187900769751
2021-09-02,0.4899169422966676
2021-09-03,0.4968809685734749
2021-09-06,0.48652523469079545
2021-09-07,0.4827746383037162
2021-09-08,0.48361466723132984
2021-09-09,0.4825453686383459
2021-09-10,0.47254374450291325
2021-09-13,0.47237176431147
2021-09-14,0.4656509701794854
2021-09-15,0.46414842039719467
2021-09-16,0.4609194999711292
2021-09-17,0.4660218873861235
2021-09-22,0.48119477129064325
2021-09-23,0.47698131658076004
2021-09-24,0.47222432369521483
2021-09-27,0.4809405471341037
2021-09-28,0.47185472657705646
2021-09-29,0.46040368467427956
2021-09-30,0.45270428734039164
2021-10-08,0.4536065480630897
2021-10-11,0.4484148887828764
2021-10-12,0.4366453796724396
2021-10-13,0.4354146964353296
2021-10-14,0.427591381908466
2021-10-15,0.42632315135245447
2021-10-18,0.42527120156237247
2021-10-19,0.4158698570838627
2021-10-20,0.40934391373338774
2021-10-21,0.40313967793736133
2021-10-22,0.4006912880795919
2021-10-25,0.41396893166882565
2021-10-26,0.411484026972746
2021-10-27,0.4202945242126358
2021-10-28,0.43597718593953094
2021-10-29,0.4421940699985389
2021-11-01,0.4503367262800589
2021-11-02,0.44252945735934257
2021-11-03,0.42934693086137315
2021-11-04,0.422451403067673
2021-11-05,0.4191158190678253
2021-11-08,0.42550241678883693
2021-11-09,0.4142540908153227
2021-11-10,0.4027611414988098
2021-11-11,0.39983746871455794
2021-11-12,0.420361683948944
2021-11-15,0.45051493926254743
2021-11-16,0.45174884620404704
2021-11-17,0.44577562828718525
2021-11-18,0.4394820841452715
2021-11-19,0.43538535034760795
2021-11-22,0.43055569514610287
2021-11-23,0.42581976945409866
2021-11-24,0.41737290336870675
2021-11-25,0.439139064660282
2021-11-26,0.43601737660359896
2021-11-29,0.4409552562053381
2021-11-30,0.4398452768443302
2021-12-01,0.43711106734926386
2021-12-02,0.4335043850700092
2021-12-03,0.42895157458292077
2021-12-06,0.43104181536201536
2021-12-07,0.42817140086556954
2021-12-08,0.41935991670571765
2021-12-09,0.41772805883600683
2021-12-10,0.41578409213643486
2021-12-13,0.42581278590484356
2021-12-14,0.4387057293930185
2021-12-15,0.439565412559431
2021-12-16,0.43583821122591304
2021-12-17,0.43522181936496446
2021-12-20,0.4392942342853181
2021-12-21,0.43814785162144315
2021-12-22,0.43859282068320954
2021-12-23,0.4427843540603198
2021-12-24,0.44392401287843497
2021-12-27,0.47307321453922874
2021-12-28,0.46567498569307475
2021-12-29,0.455975230439175
2021-12-30,0.44794837694342804
2021-12-31,0.4450498876172175
2022-01-04,0.45244037311587426
2022-01-05,0.4515458503297933
2022-01-06,0.44598770452588365
2022-01-07,0.4397545960340287
2022-01-10,0.43717587566602406
2022-01-11,0.4292612652551966
2022-01-12,0.4222706005861855
2022-01-13,0.41658020390874423
2022-01-14,0.4178799086411429
2022-01-17,0.42025924722369495
2022-01-18,0.4214041359801655
2022-01-19,0.42489586437433663
2022-01-20,0.4207781824134359
2022-01-21,0.4224243268775161
2022-01-24,0.4205808409019646
2022-01-25,0.4169922399124701
2022-01-26,0.41377918723786494
2022-01-27,0.4052009563272746
2022-01-28,0.4098906551933593
2022-02-07,0.41621435345640434
2022-02-08,0.4072443165628889
2022-02-09,0.39670397136162466
2022-02-10,0.3860782477152527
2022-02-11,0.3801398509350961
2022-02-14,0.3778968059808274
2022-02-15,0.37228502724082396
2022-02-16,0.3637770578473927
2022-02-17,0.3573711071421081
2022-02-18,0.3475085516908657
2022-02-21,0.34580835962335843
2022-02-22,0.34159714921573026
2022-02-23,0.345441303088191
2022-02-24,0.3482431875027796
2022-02-25,0.3458009449763042
2022-02-28,0.34227196620824346
2022-03-01,0.33550727970918987
2022-03-02,0.3305133800540858
2022-03-03,0.33248918271747
2022-03-04,0.3318299317544228
2022-03-07,0.33459264515537573
2022-03-08,0.34179212358863564
2022-03-09,0.34994046414206587
2022-03-10,0.35624340419368133
2022-03-11,0.3544068567449881
2022-03-14,0.3481232548028628
2022-03-15,0.35389492951633644
2022-03-16,0.3556335572581703
2022-03-17,0.35663779535832607
2022-03-18,0.3550304236820787
2022-03-21,0.35598533735095667
2022-03-22,0.3512044811035076
2022-03-23,0.34573423728341085
2022-03-24,0.34021773076719186
2022-03-25,0.33665420978380656
2022-03-28,0.3349487451621709
2022-03-29,0.3542564352661568
2022-03-30,0.3535533867326703
2022-03-31,0.3523702655475908
2022-04-01,0.3515107722014662
2022-04-06,0.3531954704095316
2022-04-07,0.34851458347962466
2022-04-08,0.35169740914111
2022-04-11,0.3526333962826693
2022-04-12,0.35317042015836075
2022-04-13,0.35669410134783014
2022-04-14,0.35450356144608164
2022-04-15,0.3615489013710068
2022-04-18,0.3711675691469256
2022-04-19,0.37874746938452547
2022-04-20,0.3725755732725562
2022-04-21,0.370299696280736
2022-04-22,0.37770403266341707
2022-04-25,0.38673136743975695
2022-04-26,0.4156158114742691
2022-04-27,0.42421484663701786
2022-04-28,0.438493313825211
2022-04-29,0.4354631346695145
2022-05-05,0.433666490412677
2022-05-06,0.42164384352851664
2022-05-09,0.4076201197837218
2022-05-10,0.39418473200676746
2022-05-11,0.3866628367751922
2022-05-12,0.3728728846604831
2022-05-13,0.36196744575289286
2022-05-16,0.35363310312779095
2022-05-17,0.3459110976815945
2022-05-18,0.3328148438821525
2022-05-19,0.33090011265452657
2022-05-20,0.32608290262590484
2022-05-23,0.32466686273118395
2022-05-24,0.3221618848792601
2022-05-25,0.31677970538796907
2022-05-26,0.3133104438388782
2022-05-27,0.311656720706449
2022-05-30,0.3207671544310829
2022-05-31,0.32082526540700906
2022-06-01,0.3317876008393617
2022-06-02,0.3365479310458552
2022-06-06,0.3587805212579657
2022-06-07,0.35851952548571686
2022-06-08,0.3509014161055434
2022-06-09,0.3451941295811182
2022-06-10,0.341637861131471
2022-06-13,0.3483070490903503
2022-06-14,0.3445904894690537
2022-06-15,0.34107495809438976
2022-06-16,0.3354174231352468
2022-06-17,0.33071520762934603
2022-06-20,0.34778900542167046
2022-06-21,0.34138940929680356
2022-06-22,0.34017861060418175
2022-06-23,0.3372291040447803
2022-06-24,0.34114552939031373
2022-06-27,0.34392344123320107
2022-06-28,0.3436516279725157
2022-06-29,0.34330092633131715
2022-06-30,0.3465700465630023
2022-07-01,0.3579179867687254
2022-07-04,0.3898783925038093
2022-07-05,0.38409453559812085
2022-07-06,0.37874737280732956
2022-07-07,0.37430978277475613
2022-07-08,0.3748172084988142
2022-07-11,0.3725558954839874
2022-07-12,0.36908176836403517
2022-07-13,0.3748189476337695
2022-07-14,0.37885592278610514
2022-07-15,0.38623786655733744
2022-07-18,0.4216255979907597
2022-07-19,0.4176253497484887
2022-07-20,0.4085638596077703
2022-07-21,0.4037691221711617
2022-07-22,0.3941597005339547
2022-07-25,0.39411241659501356
2022-07-26,0.3835049038585035
2022-07-27,0.3871384308489432
2022-07-28,0.38283648938311643
2022-07-29,0.38419920780671607
2022-08-01,0.38908480457336064
2022-08-02,0.39786171530626036
2022-08-03,0.40111739598414653
2022-08-04,0.3964299692043632
2022-08-05,0.39983989551437205
2022-08-08,0.39595496631323934
2022-08-09,0.3961066210205383
2022-08-10,0.3960784670862262
2022-08-11,0.39264431370238023
2022-08-12,0.3955154031424752
2022-08-15,0.39153263027629026
2022-08-16,0.38777379495143494
2022-08-17,0.3846497140261668
2022-08-18,0.3864251055570153
2022-08-19,0.3899089481749067
2022-08-22,0.3944328694290502
2022-08-23,0.3972880373224519
2022-08-24,0.3919581681637081
2022-08-25,0.3982663936864955
2022-08-26,0.407965460639968
2022-08-29,0.4086411682517381
2022-08-30,0.4024623096429799
2022-08-31,0.40053989189026773
2022-09-01,0.3938913284560897
2022-09-02,0.3851854389947455
2022-09-05,0.38049934817487013
2022-09-06,0.36947747990763435
2022-09-07,0.3640306713580689
2022-09-08,0.3567369537390964
2022-09-09,0.3489593091523424
2022-09-13,0.34286501522574997
2022-09-14,0.3347022472189707
2022-09-15,0.33256161354821895
2022-09-16,0.33339450931911585
2022-09-19,0.3328742170836142
2022-09-20,0.33271476165001007
2022-09-21,0.32460659370194933
2022-09-22,0.31848943034457944
2022-09-23,0.3110756757873657
2022-09-26,0.316197944693593
2022-09-27,0.3166614816350182
2022-09-28,0.31323343244420015
2022-09-29,0.3173887376038418
2022-09-30,0.318218368832401
2022-10-10,0.33092796947313147
2022-10-11,0.3328424821285019
2022-10-12,0.3392763865630887
2022-10-13,0.33502515372051694
2022-10-14,0.3343314852790627
2022-10-17,0.3363573746128929
2022-10-18,0.34334313890949125
2022-10-19,0.3399049240094081
2022-10-20,0.335519150836773
2022-10-21,0.336348309844855
2022-10-24,0.38594780653375893
2022-10-25,0.3930175042437837
2022-10-26,0.3898569714449381
2022-10-27,0.39541174584942385
2022-10-28,0.40210643490700493
2022-10-31,0.4215289838002699
2022-11-01,0.41920961534235107
2022-11-02,0.41415836515316157
2022-11-03,0.40376985775053686
2022-11-04,0.3897280043073429
2022-11-07,0.38578043195006423
2022-11-08,0.37061423859660114
2022-11-09,0.36128320984516943
2022-11-10,0.35843162490358244
2022-11-11,0.36032940626158455
2022-11-14,0.3683681168554463
2022-11-15,0.36668303454152323
2022-11-16,0.35948056973144965
2022-11-17,0.3558959663025862
2022-11-18,0.35604080971451296
2022-11-21,0.35418207535583246
2022-11-22,0.349238326391302
2022-11-23,0.3479585727750145
2022-11-24,0.34062143415248336
2022-11-25,0.3339994834242365
2022-11-28,0.3278379711093684
2022-11-29,0.3272606780530013
2022-11-30,0.331798983065756
2022-12-01,0.32965958688087377
2022-12-02,0.329634902675972
2022-12-05,0.3343326327198525
2022-12-06,0.3285142920881971
2022-12-07,0.3234173055366372
2022-12-08,0.3206836185996448
2022-12-09,0.32188112758900844
2022-12-12,0.325147064619518
2022-12-13,0.3214797670762199
2022-12-14,0.3180321634457392
2022-12-15,0.31155913010961933
2022-12-16,0.3315576999346842
2022-12-19,0.329634932201513
2022-12-20,0.32477746926547274
2022-12-21,0.31772560334755434
2022-12-22,0.3157008596595397
2022-12-23,0.3150540454770932
2022-12-26,0.3167167223309889
2022-12-27,0.3184061598617552
2022-12-28,0.31247535321959596
2022-12-29,0.3080471803650867
2022-12-30,0.3032971944229889
2023-01-03,0.30555459173303334
2023-01-04,0.3035522643129716
2023-01-05,0.3001037803899353
2023-01-06,0.29768540741401595
2023-01-09,0.29693376178532166
2023-01-10,0.29020597711475843
2023-01-11,0.28518265699413403
2023-01-12,0.27957082487435664
2023-01-13,0.2774589204262257
2023-01-16,0.3068810886360645
2023-01-17,0.30303067966299263
2023-01-18,0.3000982117128993
2023-01-19,0.30090917123241423
2023-01-20,0.2943921247852848
2023-01-30,0.30681418791922993
2023-01-31,0.31192565262741784
2023-02-01,0.30974047620233597
2023-02-02,0.31168260320408325
2023-02-03,0.31007248026193174
2023-02-06,0.3144495077034295
2023-02-07,0.32003615667317825
2023-02-08,0.31613956002384197
2023-02-09,0.3128279430741195
2023-02-10,0.3081498862722926
2023-02-13,0.3126740820115133
2023-02-14,0.319207274676208
2023-02-15,0.3164283560331565
2023-02-16,0.3160282664785164
2023-02-17,0.31313896574961897
2023-02-20,0.31582102717821364
2023-02-21,0.3103485508336155
2023-02-22,0.3070438761863454
2023-02-23,0.3016101681757325
2023-02-24,0.29376971904903426
2023-02-27,0.29204438143226374
2023-02-28,0.287762694318159
2023-03-01,0.28547902354679383
2023-03-02,0.2864867541643126
2023-03-03,0.28478050994552667
2023-03-06,0.29050106028446276
2023-03-07,0.2843222429078121
2023-03-08,0.2791934084999252
2023-03-09,0.2820642783482792
2023-03-10,0.28316565466503857
2023-03-13,0.2893457074051288
2023-03-14,0.29294113930210747
2023-03-15,0.29368524371808
2023-03-16,0.2926794907114881
2023-03-17,0.29069770045890003
2023-03-20,0.3003233576089593
2023-03-21,0.30137966669284466
2023-03-22,0.2997411636503544
2023-03-23,0.2968233418790994
2023-03-24,0.29738394588127987
2023-03-27,0.30767126163625536
2023-03-28,0.3076367359657013
2023-03-29,0.3045244795474652
2023-03-30,0.3029188387817943
2023-03-31,0.30076972437175015
2023-04-03,0.3048223130270335
2023-04-04,0.3069615161162167
2023-04-06,0.3169955244393569
2023-04-07,0.3154169924824061
2023-04-10,0.32834701366315255
2023-04-11,0.3242856548998364
2023-04-12,0.31967249528523806
2023-04-13,0.31818532606242816
2023-04-14,0.3200031365220561
2023-04-17,0.3293627801199314
2023-04-18,0.33716634524472977
2023-04-19,0.332346481600479
2023-04-20,0.33078797722245834
2023-04-21,0.3323909452624222
2023-04-24,0.3411311193509489
2023-04-25,0.35259979904507616
2023-04-26,0.36800482329248163
2023-04-27,0.37085740209795914
2023-04-28,0.3774200087183387
2023-05-04,0.38498263917081177
2023-05-05,0.3736039448647009
2023-05-08,0.3663949402357404
2023-05-09,0.3566236118349379
2023-05-10,0.3458612769727961
2023-05-11,0.33128431396955355
2023-05-12,0.3190263203528696
2023-05-15,0.3112215838268371
2023-05-16,0.30378730245676266
2023-05-17,0.29660069907331466
2023-05-18,0.29122577856026416
2023-05-19,0.28364172364632184
2023-05-22,0.2808705940051044
2023-05-23,0.27141374442173516
2023-05-24,0.2665704009740698
2023-05-25,0.2622854358687284
2023-05-26,0.2624518392237759
2023-05-29,0.26663881493689423
2023-05-30,0.26499277317887804
2023-05-31,0.2637154462459817
2023-06-01,0.2654217707887211
2023-06-02,0.2661422894164243
2023-06-05,0.26334118985208227
2023-06-06,0.2611947963677151
2023-06-07,0.2567825544738544
2023-06-08,0.25400544026146726
2023-06-09,0.2563994545255808
2023-06-12,0.260877253293539
2023-06-13,0.2522745947145101
2023-06-14,0.2528208050693118
2023-06-15,0.260331035533005
2023-06-16,0.2587460993524485
2023-06-19,0.25883894976469884
2023-06-20,0.25189446856573755
2023-06-21,0.25162597868615005
2023-06-26,0.25428169578405485
2023-06-27,0.25426631308676245
2023-06-28,0.2488460050314326
2023-06-29,0.24764569226429745
2023-06-30,0.2456779828946778
2023-07-03,0.2463514439194359
2023-07-04,0.24167722402055122
2023-07-05,0.23603496582166364
2023-07-06,0.2280571939751558
2023-07-07,0.22404667215122953
2023-07-10,0.22489335097366023
2023-07-11,0.22794313592451132
2023-07-12,0.24507856008712
2023-07-13,0.2444132301839824
2023-07-14,0.24355081645344065
2023-07-17,0.24931894706981153
2023-07-18,0.24403450740986654
2023-07-19,0.23688246841000365
2023-07-20,0.23297488772140104
2023-07-21,0.231910563464819
2023-07-24,0.22929881046844922
2023-07-25,0.23789823728482457
2023-07-26,0.2367108321785823
2023-07-27,0.2349730015639048
2023-07-28,0.23492957503105533
2023-07-31,0.23827257273505617
2023-08-01,0.2343650341347616
2023-08-02,0.2287310484832969
2023-08-03,0.22341748825981514
2023-08-04,0.22026194219502046
2023-08-07,0.21920394661604725
2023-08-08,0.2200821194960923
2023-08-09,0.21602777533388784
2023-08-10,0.21346219944462486
2023-08-11,0.21015247804190737
2023-08-14,0.21262513991986412
2023-08-15,0.21185035493781648
2023-08-16,0.2094358488166032
2023-08-17,0.20812669444089413
2023-08-18,0.2112866633426152
2023-08-21,0.21245062409086832
2023-08-22,0.21531471812056993
2023-08-23,0.21654214729199292
2023-08-24,0.22270897543414075
2023-08-25,0.22569912839923648
2023-08-28,0.23407257572832052
2023-08-29,0.24171449816868212
2023-08-30,0.24138629890254903
2023-08-31,0.23672724009931131
2023-09-01,0.23359968928437247
2023-09-04,0.23414539503887014
2023-09-05,0.22568799212997478
2023-09-06,0.2216537060396978
2023-09-07,0.2133286393807703
2023-09-08,0.20549271392134216
2023-09-11,0.20457779503113882
2023-09-12,0.19845134074219295
2023-09-13,0.19086501122017446
2023-09-14,0.18587585081306232
2023-09-15,0.18384215620229805
2023-09-18,0.1847286182067968
2023-09-19,0.17952056115163337
2023-09-20,0.17380862669576305
2023-09-21,0.16808125872740043
2023-09-22,0.16810546099741705
2023-09-25,0.17001368642322845
2023-09-26,0.16883801744608992
2023-09-27,0.17929729189428634
2023-09-28,0.18066505694856222
2023-10-09,0.19996530673439514
2023-10-10,0.20050059003330664
2023-10-11,0.2054382707114229
2023-10-12,0.20504826299048798
2023-10-13,0.20595889019920532
2023-10-16,0.20851183707685778
2023-10-17,0.20686469330788881
2023-10-18,0.20888502364187472
2023-10-19,0.21322891271835798
2023-10-20,0.21461497802858068
2023-10-23,0.23845624202475482
2023-10-24,0.2421526423575171
2023-10-25,0.24927858019719637
2023-10-26,0.25061445441877717
2023-10-27,0.2594962573789134
2023-10-30,0.27220934345973236
2023-10-31,0.26842695842304853
2023-11-01,0.25559679162918375
2023-11-02,0.24594920111451796
2023-11-03,0.23923624322035705
2023-11-06,0.24520263619154745
2023-11-07,0.23897004535625838
2023-11-08,0.23283801431015558
2023-11-09,0.22785091881517738
2023-11-10,0.22256046292628945
2023-11-13,0.21549204896777815
2023-11-14,0.20948216411896498
2023-11-15,0.20658537511856678
2023-11-16,0.19998949560117607
2023-11-17,0.19713476735291582
2023-11-20,0.20226618547673036
2023-11-21,0.2000733024387441
2023-11-22,0.19763600930411881
2023-11-23,0.19629409217324206
2023-11-24,0.1924793461178294
2023-11-27,0.20346209642606816
2023-11-28,0.20248166768529088
2023-11-29,0.2008767321675696
2023-11-30,0.19970351645542483
2023-12-01,0.19695152536638502
2023-12-04,0.19910682592014442
2023-12-05,0.196580150151078
2023-12-06,0.19766249868747715
2023-12-07,0.1986847043208984
2023-12-08,0.20366607116097324
2023-12-11,0.20614673097920566
2023-12-12,0.2022741952082903
2023-12-13,0.19974672648974245
2023-12-14,0.19666944866131938
2023-12-15,0.19291354635585847
2023-12-18,0.1919265791240016
2023-12-19,0.18970659726864486
2023-12-20,0.18902816618319274
2023-12-21,0.18872799685479216
2023-12-22,0.1887363649161554
2023-12-25,0.19147644931301075
2023-12-26,0.19204039782217977
2023-12-27,0.19174684146743992
2023-12-28,0.2031729352203745
2023-12-29,0.20495260620762928
2024-01-02,0.2068283974696179
2024-01-03,0.2034742687385719
2024-01-04,0.19844954821904928
2024-01-05,0.19631953967518842
2024-01-08,0.19436524973081185
2024-01-09,0.19402407915892775
2024-01-10,0.19200459559875632
2024-01-11,0.19316510965964023
2024-01-12,0.19540232146955402
2024-01-15,0.1947146022972292
2024-01-16,0.19071928444086456
2024-01-17,0.18994303383007582
2024-01-18,0.2100312112426726
2024-01-19,0.22231146949161995
2024-01-22,0.2314014636146059
2024-01-23,0.2384516334551367
2024-01-24,0.24431138874825684
2024-01-25,0.2536217049619997
2024-01-26,0.25404914772209203
2024-01-29,0.26318491687818907
2024-01-30,0.2608597505196244
2024-01-31,0.27134739992788337
2024-02-01,0.2714366241875992
2024-02-02,0.2739481446996794
2024-02-05,0.3103861328078562
2024-02-06,0.3516898935381744
2024-02-07,0.3713656892147493
2024-02-08,0.3856071334369435
2024-02-19,0.3876073480952815
2024-02-20,0.37085987694085537
2024-02-21,0.35259096293967146
2024-02-22,0.336456531687093
2024-02-23,0.3223625671830012
2024-02-26,0.31303411566918904
2024-02-27,0.3032455738931096
2024-02-28,0.2989593321162619
2024-02-29,0.28752975407830067
2024-03-01,0.27879184154122694
2024-03-04,0.28069175517439454
2024-03-05,0.2723803022437793
2024-03-06,0.2639393132918183
2024-03-07,0.2574806678855125
2024-03-08,0.2502702346532985
2024-03-11,0.25916941245563424
2024-03-12,0.2579797877316684
2024-03-13,0.2557117593629648
2024-03-14,0.2506351831950565
2024-03-15,0.246373969371394
2024-03-18,0.2446086961599579
2024-03-19,0.24270660969452745
2024-03-20,0.23897798487277658
2024-03-21,0.23712068528733893
2024-03-22,0.23762006859623258
2024-03-25,0.24033455909376225
2024-03-26,0.2434537377283799
2024-03-27,0.24400463111882367
2024-03-28,0.24091263183567382
2024-03-29,0.24264438612416045
2024-04-01,0.24817075271561298
2024-04-02,0.24183748322004228
2024-04-03,0.24070399469580378
2024-04-08,0.26506144887891053
2024-04-09,0.269847918835736
2024-04-10,0.264913480930635
2024-04-11,0.2733094748435806
2024-04-12,0.28174695731008104
2024-04-15,0.28985579684219825
2024-04-16,0.29899159042103063
2024-04-17,0.3056417907105353
2024-04-18,0.3027311803510121
2024-04-19,0.2997203251748834
2024-04-22,0.301857847615608
2024-04-23,0.29792745337485094
2024-04-24,0.2924270771975619
2024-04-25,0.2876519724600077
2024-04-26,0.2910885328714207
2024-04-29,0.3065350549433202
2024-04-30,0.3093461051900301
2024-05-06,0.310642821507508
2024-05-07,0.2998421887678381
2024-05-08,0.2905045818004132
2024-05-09,0.28111695767006906
2024-05-10,0.2741105295572082
2024-05-13,0.27216376139957293
2024-05-14,0.26149022388957377
2024-05-15,0.2534868149446136
2024-05-16,0.24657986007681496
2024-05-17,0.2420994066731786
2024-05-20,0.2536758136490359
2024-05-21,0.2467702065619001
2024-05-22,0.2456362167165392
2024-05-23,0.2401588756305428
2024-05-24,0.23800123455350464
2024-05-27,0.23856504789996463
2024-05-28,0.23644918575516624
2024-05-29,0.23406272385053
2024-05-30,0.2312100829533849
2024-05-31,0.23083919859451424
2024-06-03,0.23902645259339209
2024-06-04,0.24516045351584986
2024-06-05,0.2432337181989048
2024-06-06,0.2455775545998454
2024-06-07,0.24768189948783445
2024-06-11,0.2449131521009762
2024-06-12,0.2382541921373497
2024-06-13,0.24047890143048983
2024-06-14,0.23900769087274867
2024-06-17,0.23688703264138905
2024-06-18,0.23176297871166798
2024-06-19,0.2323572731021988
2024-06-20,0.23514243508720203
2024-06-21,0.23280919869624112
2024-06-24,0.2318800015869763
2024-06-25,0.232042286859898
2024-06-26,0.2289107773453435
2024-06-27,0.22408354011439352
2024-06-28,0.22539608317726267
2024-07-01,0.23866607376667542
2024-07-02,0.23847715596511707
2024-07-03,0.23620450818888836
2024-07-04,0.22913838617441404
2024-07-05,0.22659204658249213
2024-07-08,0.2258784471628032
2024-07-09,0.22884077106441666
2024-07-10,0.2369627420840486
2024-07-11,0.23516291695787492
2024-07-12,0.23245280354529485
2024-07-15,0.23033236182830197
2024-07-16,0.23550780791842907
2024-07-17,0.23136373964952275
2024-07-18,0.22806852782451056
2024-07-19,0.22637731627722754
2024-07-22,0.22426859995832935
2024-07-23,0.22307601344923572
2024-07-24,0.22362139831639274
2024-07-25,0.22128032304152784
2024-07-26,0.22416232607968
2024-07-29,0.2252558580390719
2024-07-30,0.22195832303015667
2024-07-31,0.22595815610492348
2024-08-01,0.22433986130608338
2024-08-02,0.2202454955600275
2024-08-05,0.22138694800283348
2024-08-06,0.21736899127953338
2024-08-07,0.2203645567790374
2024-08-08,0.2182903806874665
2024-08-09,0.21438600676288055
2024-08-12,0.21412656085228007
2024-08-13,0.20828099257748275
2024-08-14,0.20682670473304432
2024-08-15,0.20361568068062377
2024-08-16,0.20745837927788705
2024-08-19,0.21142370800204444
2024-08-20,0.21208037938050237
2024-08-21,0.2111809353417689
2024-08-22,0.2118975963248409
2024-08-23,0.21731759850509136
2024-08-26,0.22737304853128723
2024-08-27,0.22980228192572788
2024-08-28,0.23014595906426716
2024-08-29,0.231343821260399
2024-08-30,0.232907834766846
2024-09-02,0.23865948630561878
2024-09-03,0.23409268062558306
2024-09-04,0.22844402661708427
2024-09-05,0.22148211580741423
2024-09-06,0.21484413693267038
2024-09-09,0.21166595282178874
2024-09-10,0.20789287417695096
2024-09-11,0.20591255021753466
2024-09-12,0.2018067382439694
2024-09-13,0.20304701315137771
2024-09-18,0.21449348283162212
2024-09-19,0.21154874472481722
2024-09-20,0.20861426388065454
2024-09-23,0.20803841965034103
2024-09-24,0.212642876558267
2024-09-25,0.2120422975453544
2024-09-26,0.21435928774686325
2024-09-27,0.22260692745103747
2024-09-30,0.26742967090183906
2024-10-08,0.3261154175235419
2024-10-09,0.40887119654952175
2024-10-10,0.4080698119650853
2024-10-11,0.3951977240347
2024-10-14,0.3795552093717272
2024-10-15,0.3645346496118584
2024-10-16,0.35833967351518115
2024-10-17,0.3475177531861864
2024-10-18,0.3402945406661531
2024-10-21,0.3442725602952569
2024-10-22,0.34427536962812044
2024-10-23,0.3475271872923118
2024-10-24,0.343293115029166
2024-10-25,0.3595640087216839
2024-10-28,0.37379155618207566
2024-10-29,0.373080215530236
2024-10-30,0.3764878183563669
2024-10-31,0.3963472771276512
2024-11-01,0.40053243985601894
2024-11-04,0.3988139295555302
2024-11-05,0.3798600326211228
2024-11-06,0.37704487784221075
2024-11-07,0.37440981706984955
2024-11-08,0.3730175213580679
2024-11-11,0.3767262452768472
2024-11-12,0.37021870251696604
2024-11-13,0.36144793814613624
2024-11-14,0.3515492138366155
2024-11-15,0.3475559258192013
2024-11-18,0.34984589182517173
2024-11-19,0.34081864073178564
2024-11-20,0.33317953876859285
2024-11-21,0.3264050034895192
2024-11-22,0.32286235280782544
2024-11-25,0.3179035268175787
2024-11-26,0.3170301974272141
2024-11-27,0.31106754154051813
2024-11-28,0.30518031946486557
2024-11-29,0.30118933184066005
2024-12-02,0.30076994169431776
2024-12-03,0.2966387659442785
2024-12-04,0.29284029764867153
2024-12-05,0.29879435728574943
2024-12-06,0.29806053831450474
2024-12-09,0.29661239342952567
2024-12-10,0.29142519524922905
2024-12-11,0.2967749796920263
2024-12-12,0.29351129649578944
2024-12-13,0.2924684693225842
2024-12-16,0.2947169545528699
2024-12-17,0.293623938322373
2024-12-18,0.2885252205375892
2024-12-19,0.283786245966022
2024-12-20,0.2798616869505764
2024-12-23,0.28140673440428726
2024-12-24,0.2763237443507205
2024-12-25,0.27225683539208345
2024-12-26,0.26595585706055364
2024-12-27,0.2618067347448145
2024-12-30,0.2585157249566555
2024-12-31,0.2501015934512525
2025-01-02,0.25812116956962144
2025-01-03,0.2621578602166004
2025-01-06,0.26564654856810316
2025-01-07,0.26241068076189233
2025-01-08,0.26200676124144445
2025-01-09,0.2562131288506481
2025-01-10,0.2561997366533496
2025-01-13,0.2552943284817505
2025-01-14,0.24610065810055312
2025-01-15,0.2413870450619469
2025-01-16,0.2403074825818782
2025-01-17,0.23930547297060248
2025-01-20,0.24278241341857656
2025-01-21,0.24579406754542824
2025-01-22,0.24230008814085427
2025-01-23,0.23819903733090425
2025-01-24,0.23952405658732623
2025-01-27,0.24084626777036086
2025-02-05,0.2592891436441302
2025-02-06,0.25478020960062653
2025-02-07,0.250869720661262
2025-02-10,0.2511750110050731
2025-02-11,0.24791067805799316
2025-02-12,0.24203611755219098
2025-02-13,0.24004064000861886
2025-02-14,0.2414900379969302
2025-02-17,0.2468721271954846
2025-02-18,0.24269536076412465
2025-02-19,0.2633888259751098
2025-02-20,0.2661019854380953
2025-02-21,0.26615706986019544
2025-02-24,0.27006177024342676
2025-02-25,0.2734556268168305
2025-02-26,0.2702842238320491
2025-02-27,0.270503738023557
2025-02-28,0.269514678498874
2025-03-03,0.2741444019991342
2025-03-04,0.2689472713013146
2025-03-05,0.26343167476877527
2025-03-06,0.25988149998041815
2025-03-07,0.2628985062592726
2025-03-10,0.2621830096681439
2025-03-11,0.2571119710330952
2025-03-12,0.2554909246189853
2025-03-13,0.2534497275520094
2025-03-14,0.2520673684989109
2025-03-17,0.24947309029803766
2025-03-18,0.24890943223318368
2025-03-19,0.24400324002849783
2025-03-20,0.24263645771691478
2025-03-21,0.2443067626930296
2025-03-24,0.2534172368312477
2025-03-25,0.26189398343759285
2025-03-26,0.25718441465974445
2025-03-27,0.2550791511847493
2025-03-28,0.2539424634014089
2025-03-31,0.25619064468961217
2025-04-01,0.25431229333682126
2025-04-02,0.24743195745115995
2025-04-03,0.25108174617497525
2025-04-07,0.3142415391569074
2025-04-08,0.34234616806393364
2025-04-09,0.3323544790730687
2025-04-10,0.3207686156832561
2025-04-11,0.309442202115977
2025-04-14,0.3113793897791579
2025-04-15,0.2986376301226668
2025-04-16,0.2857895983848602
2025-04-17,0.27707652731177956
2025-04-18,0.2693954397907346
2025-04-21,0.27950195330552363
2025-04-22,0.2748538252125155
2025-04-23,0.274071828800001
2025-04-24,0.26931105415192974
2025-04-25,0.2690468305423262
2025-04-28,0.2762578588365216
2025-04-29,0.2736928787393221
2025-04-30,0.27184517042521267
2025-05-06,0.2680399563325335
2025-05-07,0.25972515669454477
2025-05-08,0.25222036447973667
2025-05-09,0.24560091028686248
2025-05-12,0.24137564741649656
2025-05-13,0.23609709920964622
2025-05-14,0.23012260785737176
2025-05-15,0.2244395059455767
2025-05-16,0.22092734686344165
2025-05-19,0.22136375755515733
2025-05-20,0.22015397567677417
2025-05-21,0.2185597177027797
2025-05-22,0.22426660551967909
2025-05-23,0.2212926922199239
2025-05-26,0.22171498617271074
2025-05-27,0.2203520154819208
2025-05-28,0.2214776343686801
2025-05-29,0.222770568602695
2025-05-30,0.22260065168634055
2025-06-03,0.22442873982109748
2025-06-04,0.2230070397215677
2025-06-05,0.22241081808171861
2025-06-06,0.2204343475455704
2025-06-09,0.22077820915808502
2025-06-10,0.22049663700258143
2025-06-11,0.21727269274923663
2025-06-12,0.2166357306907767
2025-06-13,0.21946836233658143
2025-06-16,0.21798240450898104
2025-06-17,0.21731301764096303
2025-06-18,0.21388771124562397
2025-06-19,0.21351711551438018
2025-06-20,0.2122933879088934
2025-06-23,0.21257956966404315
2025-06-24,0.2128290148778327
2025-06-25,0.20823275565449778
2025-06-26,0.20456690043154407
2025-06-27,0.20397209943510095
2025-06-30,0.2046313882890521
2025-07-01,0.2051977158606017
2025-07-02,0.2046214272921743
2025-07-03,0.20341317139517617
2025-07-04,0.19990035640469317
2025-07-07,0.199086520478684
2025-07-08,0.20265339710876606
2025-07-09,0.2003671713686278
2025-07-10,0.1994587670022408
2025-07-11,0.1991574641415062
2025-07-14,0.25920807165442733
2025-07-15,0.29671143156175617
2025-07-16,0.29562195152010334
2025-07-17,0.2926987802881723
2025-07-18,0.29792346182242346
2025-07-21,0.30751883197493074
2025-07-22,0.31298867898286653
2025-07-23,0.31325929974626776
2025-07-24,0.311971422514911
2025-07-25,0.3195125717650712
2025-07-28,0.31777992069922256
2025-07-29,0.3133743249123391
2025-07-30,0.3102940565285829
2025-07-31,0.3121158654257022
2025-08-01,0.3091136831536779
2025-08-04,0.3055965347772298
2025-08-05,0.30241384184506503
2025-08-06,0.3004938361745902
2025-08-07,0.2991262950794545
2025-08-08,0.30183492643261517
2025-08-11,0.2996569040877999
2025-08-12,0.32066006644720063
2025-08-13,0.32021320307449824
2025-08-14,0.31898298280426163
2025-08-15,0.31845842972029426
2025-08-18,0.3359590690617342
2025-08-19,0.33709998885956477
2025-08-20,0.33619880585520223
2025-08-21,0.33142234804171583
2025-08-22,0.32925837545292475
2025-08-25,0.3334263849700181
2025-08-26,0.33631762781714875
2025-08-27,0.33961898725232853
2025-08-28,0.3356575960111386
2025-08-29,0.3424526871902025
2025-09-01,0.40415770568198367
2025-09-02,0.410155175063171
2025-09-03,0.4051344471285184
2025-09-04,0.40004835331234667
2025-09-05,0.39415791081693496
2025-09-08,0.3968161209297004
2025-09-09,0.3802663564251819
2025-09-10,0.36866931824129945
2025-09-11,0.35999554536010664
2025-09-12,0.35629714453285577
2025-09-15,0.3544911394960065
2025-09-16,0.34960728491392257
2025-09-17,0.3505947744985888
2025-09-18,0.35151212811122423
2025-09-19,0.3600195401926364
2025-09-22,0.35970089850257186
2025-09-23,0.35771265569181526
2025-09-24,0.35520282429656636
2025-09-25,0.34857506953326545
2025-09-26,0.3453260155075285
2025-09-29,0.3427237335947668
2025-09-30,0.3453065003455634
2025-10-09,0.3561331227232416
2025-10-10,0.35803950721177175
2025-10-13,0.3585385785744866
2025-10-14,0.36431945676575245
2025-10-15,0.35892641961493316
2025-10-16,0.3580205493118962
2025-10-17,0.35034926656561893
2025-10-20,0.36995925450833667
2025-10-21,0.3778790348463804
2025-10-22,0.3729428620655221
2025-10-23,0.3674039281463671
2025-10-24,0.3665254016584629
2025-10-27,0.36777462701585006
2025-10-28,0.36899962247360707
2025-10-29,0.3732978066500037
2025-10-30,0.38017245767009056
2025-10-31,0.38746016181667214
2025-11-03,0.38814997430875026
2025-11-04,0.39735035304316924
2025-11-05,0.40118022426634886
2025-11-06,0.39936996296077526
2025-11-07,0.396995539988599
2025-11-10,0.39937326973604903
2025-11-11,0.39901588111574565
2025-11-12,0.4004848691040406
2025-11-13,0.3986096341505617
2025-11-14,0.39860653830180964
2025-11-17,0.4007150474003329
2025-11-18,0.3960927611227887
2025-11-19,0.38979114254074015
2025-11-20,0.384281796367877
2025-11-21,0.3861097623698705
2025-11-24,0.3831200115153493
2025-11-25,0.3790329127186854
2025-11-26,0.3781468819801673
2025-11-27,0.3724191185533068
2025-11-28,0.3657306904312584
2025-12-01,0.3668976591396001
2025-12-02,0.3586583502361023
2025-12-03,0.35558897363675807
2025-12-04,0.35100094838736606
2025-12-05,0.3566927146583486
2025-12-08,0.3600213218051109
2025-12-09,0.35830270460003716
2025-12-10,0.3554973605814383
2025-12-11,0.3569264061959998
2025-12-12,0.3674857651427066
2025-12-15,0.37385468232964036
2025-12-16,0.37318382149879625
2025-12-17,0.3722431701403939
2025-12-18,0.3671935100850756
2025-12-19,0.36148415805151957
2025-12-22,0.3616972657852998
2025-12-23,0.35984200946079575
2025-12-24,0.35384502077328406
2025-12-25,0.3545863452605011
2025-12-26,0.35570012984650956
2025-12-29,0.365349935098974
2025-12-30,0.36438776536632866
2025-12-31,0.3624406405571784
2026-01-05,0.38747812799748
2026-01-06,0.3882607985483335
2026-01-07,0.39243483801497603
2026-01-08,0.3897703791017724
2026-01-09,0.3964153495600845
2026-01-12,0.4110988267976351
2026-01-13,0.4183733479446069
2026-01-14,0.41828580130423737
2026-01-15,0.4172995919309369
2026-01-16,0.44606706249229106
2026-01-19,0.4764682579310133
2026-01-20,0.4697673041361444
2026-01-21,0.46192191540268907
2026-01-22,0.45545630100273526
2026-01-23,0.4571033824332487
2026-01-26,0.4682797889904481
2026-01-27,0.4519065427496348
2026-01-28,0.45200392894739283
2026-01-29,0.45331029354551705
2026-01-30,0.4530851110925338
2026-02-02,0.45703086060558773
2026-02-03,0.44615074558412576
2026-02-04,0.43481570866189123
2026-02-05,0.42268421571393333
2026-02-06,0.4131062543372192
2026-02-09,0.41080183913039603
2026-02-10,0.4033763972447119
2026-02-11,0.3915697550879654
2026-02-12,0.3900208403972061
2026-02-13,0.3800394525404688
2026-02-24,0.3971400329952887
2026-02-25,0.3926247431133902
2026-02-26,0.3918300346040963
2026-02-27,0.40280514664351524
2026-03-02,0.42226298980997207
2026-03-03,0.42545157571614906
2026-03-04,0.42163828843910967
2026-03-05,0.41630733394897246
2026-03-06,0.4114288973576373
2026-03-09,0.41081876374800286
2026-03-10,0.40686238359698923
2026-03-11,0.40404643098423976
2026-03-12,0.40409109735901644
2026-03-13,0.4035299863113978
2026-03-16,0.40310510365219965
2026-03-17,0.4015108801815695
2026-03-18,0.39705216533197385
2026-03-19,0.3880561076543481
2026-03-20,0.40796741072383735
2026-03-23,0.41554327689798226
2026-03-24,0.4037559307254139
2026-03-25,0.3975608442090934
2026-03-26,0.39153106036632396
2026-03-27,0.3884822479355955
2026-03-30,0.3903810150932721
2026-03-31,0.39066473757085796
2026-04-01,0.3891855342312431
2026-04-02,0.38282366798170786
2026-04-03,0.382796009489297
2026-04-07,0.3905881238514466
2026-04-08,0.3881329533011448
2026-04-09,0.38574474072372783
2026-04-10,0.3798979239391251
