date,000651.XSHE
2009-04-03,0.2875918401391905
2009-04-07,0.28654191324589295
2009-04-08,0.2928697892775401
2009-04-09,0.2897839925744965
2009-04-10,0.307945864535043
2009-04-13,0.3122581639929327
2009-04-14,0.31546493311007345
2009-04-15,0.32781364855804623
2009-04-16,0.333768665310845
2009-04-17,0.3421923720211038
2009-04-20,0.342562060006183
2009-04-21,0.3392234081422915
2009-04-22,0.34378554281923274
2009-04-23,0.34105606979024156
2009-04-24,0.33665755999431446
2009-04-27,0.3446627710323309
2009-04-28,0.3389682014162838
2009-04-29,0.3253635156200659
2009-04-30,0.31705076567927254
2009-05-04,0.3027239608609943
2009-05-05,0.29460756465635796
2009-05-06,0.2891671186923287
2009-05-07,0.2970920607256462
2009-05-08,0.2962735924804332
2009-05-11,0.3003618391703802
2009-05-12,0.29094876529173574
2009-05-13,0.28532600850732176
2009-05-14,0.2800871995389999
2009-05-15,0.27560570817478175
2009-05-18,0.2713044497825016
2009-05-19,0.2708106848586701
2009-05-20,0.26853572031688855
2009-05-21,0.27328161539294943
2009-05-22,0.2656771621783397
2009-05-25,0.2665755030281192
2009-05-26,0.26292616299972077
2009-05-27,0.2556747692299491
2009-06-01,0.24781729847184386
2009-06-02,0.24623133852391416
2009-06-03,0.247567938380775
2009-06-04,0.25390341162901386
2009-06-05,0.25649436275198306
2009-06-08,0.26162790029583516
2009-06-09,0.26495755103214935
2009-06-10,0.2625607958448043
2009-06-11,0.2605856874332546
2009-06-12,0.26097919343617737
2009-06-15,0.2536979084992979
2009-06-16,0.24941904451033275
2009-06-17,0.22013146805157338
2009-06-18,0.21615851137460623
2009-06-19,0.2179281120839388
2009-06-22,0.2412907054719082
2009-06-23,0.2196965713115835
2009-06-24,0.2358679945942276
2009-06-25,0.2384016178740192
2009-06-26,0.23646465642948505
2009-06-29,0.2364444554282264
2009-06-30,0.23735296659539776
2009-07-01,0.2350813736738731
2009-07-02,0.24216655761485065
2009-07-03,0.24613546435686323
2009-07-06,0.2500446891116921
2009-07-07,0.24912723463767164
2009-07-08,0.24718539392098965
2009-07-09,0.248372407185906
2009-07-10,0.25666924246604633
2009-07-13,0.25749155044345406
2009-07-14,0.25246095233709337
2009-07-15,0.2544221721127537
2009-07-16,0.2577303792740818
2009-07-17,0.2608683949057348
2009-07-20,0.2669183874927631
2009-07-21,0.2733100561449308
2009-07-22,0.2673721424532181
2009-07-23,0.26436396494438297
2009-07-24,0.2693165310561465
2009-07-27,0.265394629788742
2009-07-28,0.2731849321161692
2009-07-29,0.28071345302596945
2009-07-30,0.28429208768924835
2009-07-31,0.2724440342653399
2009-08-03,0.27174551575509587
2009-08-04,0.2831170158635604
2009-08-05,0.2897072928005769
2009-08-06,0.28820517210488444
2009-08-07,0.286185572259062
2009-08-10,0.2812369341092679
2009-08-11,0.2728327505850623
2009-08-12,0.2724230241588908
2009-08-13,0.268394001880165
2009-08-14,0.25000092992856143
2009-08-17,0.2535408168802856
2009-08-18,0.27610950489413494
2009-08-19,0.28491529595782017
2009-08-20,0.26973529608569113
2009-08-21,0.2639053093040162
2009-08-24,0.2411093864335966
2009-08-25,0.25983539886373336
2009-08-26,0.25435699358193814
2009-08-27,0.2891204863188116
2009-08-28,0.28696005514397693
2009-08-31,0.2864727434442941
2009-09-01,0.29289741629387295
2009-09-02,0.2836565283195807
2009-09-03,0.26532190953808227
2009-09-04,0.2574433178450251
2009-09-07,0.25072159144789924
2009-09-08,0.24100651325479377
2009-09-09,0.23877410963554593
2009-09-10,0.22070212912690737
2009-09-11,0.21657479034796026
2009-09-14,0.23770918143084516
2009-09-15,0.23631203007467122
2009-09-16,0.23906289681212167
2009-09-17,0.23751561578995115
2009-09-18,0.24337572502238802
2009-09-21,0.24860722011038694
2009-09-22,0.2519068365807766
2009-09-23,0.2573319012552208
2009-09-24,0.25956643684176633
2009-09-25,0.25514480329378314
2009-09-28,0.25581409174150144
2009-09-29,0.25585020100901606
2009-09-30,0.24617068279813747
2009-10-09,0.23353310156239115
2009-10-12,0.23093610687299612
2009-10-13,0.20576475831778246
2009-10-14,0.20203606120977993
2009-10-15,0.2009572810897409
2009-10-16,0.19909011113537936
2009-10-19,0.19365642651293002
2009-10-20,0.19201721600453134
2009-10-21,0.21209699498943874
2009-10-22,0.21341113703592834
2009-10-23,0.2118931282702911
2009-10-26,0.21619473855877833
2009-10-27,0.228035644057568
2009-10-28,0.22728399031789545
2009-10-29,0.22880442838913922
2009-10-30,0.22404538202243354
2009-11-02,0.2296942898878216
2009-11-03,0.22880211771550818
2009-11-04,0.22951024519065258
2009-11-05,0.22829126639425626
2009-11-06,0.23063246018012912
2009-11-09,0.22873749620590117
2009-11-10,0.22621609881998433
2009-11-11,0.20708431217378231
2009-11-12,0.22490308610320556
2009-11-13,0.23154259031765795
2009-11-16,0.227999899920535
2009-11-17,0.22519364097844458
2009-11-18,0.2278971738538004
2009-11-19,0.22822732935171128
2009-11-20,0.22919953653503017
2009-11-23,0.22929327318700843
2009-11-24,0.21594161131482958
2009-11-25,0.22078562561055595
2009-11-26,0.2391848006718836
2009-11-27,0.24697558618824597
2009-11-30,0.23746587564038354
2009-12-01,0.23239163623998613
2009-12-02,0.22801182949206533
2009-12-03,0.22951009204139325
2009-12-04,0.23399305510795415
2009-12-07,0.22592577016100304
2009-12-08,0.22063720894142913
2009-12-09,0.2152514855496757
2009-12-10,0.20742560628165585
2009-12-11,0.20069101611259463
2009-12-14,0.20065018540862428
2009-12-15,0.20009819097771947
2009-12-16,0.1975860860526754
2009-12-17,0.19756713650325408
2009-12-18,0.2028574353987759
2009-12-21,0.19679134686718078
2009-12-22,0.19984689466933542
2009-12-23,0.19255945148838355
2009-12-24,0.1836668217757733
2009-12-25,0.17922665793080161
2009-12-28,0.17416416012282554
2009-12-29,0.17519578687003212
2009-12-30,0.1757550528997747
2009-12-31,0.17093994985672553
2010-01-04,0.17350332722394401
2010-01-05,0.17827023557056287
2010-01-06,0.1785598937389453
2010-01-07,0.18371603960865038
2010-01-08,0.18659441286290868
2010-01-11,0.19524086727748113
2010-01-12,0.19231179763649608
2010-01-13,0.196546752219677
2010-01-14,0.19253067304339538
2010-01-15,0.19201221916967218
2010-01-18,0.19189147581622654
2010-01-19,0.19287202622436056
2010-01-20,0.20015443534439667
2010-01-21,0.20301915353568697
2010-01-22,0.20830688119424368
2010-01-25,0.20729276307373973
2010-01-26,0.2090330506017026
2010-01-27,0.20482714721546874
2010-01-28,0.2007255460130181
2010-01-29,0.195261461163751
2010-02-01,0.21229260167128175
2010-02-02,0.2074382491932638
2010-02-03,0.2088937443309455
2010-02-04,0.20749899424456358
2010-02-05,0.20992832076312865
2010-02-08,0.20669735289046348
2010-02-09,0.20504738181977789
2010-02-10,0.1962200648838708
2010-02-11,0.18796930878603074
2010-02-12,0.17955981525332684
2010-02-22,0.1782615064857403
2010-02-23,0.18001121772564335
2010-02-24,0.17696104788417433
2010-02-25,0.17447445332174685
2010-02-26,0.17306796090622953
2010-03-01,0.17170358450644044
2010-03-02,0.17274047946836066
2010-03-03,0.17444639130892736
2010-03-04,0.17705658654489992
2010-03-05,0.18012623490879207
2010-03-08,0.17582275992685822
2010-03-09,0.17389154921147174
2010-03-10,0.17140272806818824
2010-03-11,0.17191121857437233
2010-03-12,0.17122573246274667
2010-03-15,0.17367363562926344
2010-03-16,0.17055172672767285
2010-03-17,0.1621966213773037
2010-03-18,0.15832419282198593
2010-03-19,0.15499299201250652
2010-03-22,0.15508357603606962
2010-03-23,0.1586853908100502
2010-03-24,0.16193136380227105
2010-03-25,0.17095994982176624
2010-03-26,0.17052625368397048
2010-03-29,0.16813857095490928
2010-03-30,0.1659995222415997
2010-03-31,0.16722238951422827
2010-04-01,0.16474211254548002
2010-04-02,0.16636063072817361
2010-04-06,0.16963345595679025
2010-04-07,0.17013877566538707
2010-04-08,0.17406387728986344
2010-04-09,0.17147909569884373
2010-04-12,0.1821240349617872
2010-04-13,0.1916553689448434
2010-04-14,0.19146498460228448
2010-04-15,0.1932921158632624
2010-04-16,0.18910221011629974
2010-04-19,0.19422512454718843
2010-04-20,0.20991483641785386
2010-04-21,0.20285437651487753
2010-04-22,0.20645842238824277
2010-04-23,0.20793727367880407
2010-04-26,0.21542784363907808
2010-04-27,0.22111486088058416
2010-04-28,0.22651539695202547
2010-04-29,0.27299607577834767
2010-04-30,0.27921700175081143
2010-05-04,0.25092741770457
2010-05-05,0.24201654768283387
2010-05-06,0.23877767041837494
2010-05-07,0.2460767831437052
2010-05-10,0.25375895590282904
2010-05-11,0.24973949556723682
2010-05-12,0.2546978468252846
2010-05-13,0.24280671752294913
2010-05-14,0.23228289391557203
2010-05-17,0.2309598445367634
2010-05-18,0.2286699671149569
2010-05-19,0.22048486923584365
2010-05-20,0.2220131637392978
2010-05-21,0.21444441299679515
2010-05-24,0.20450086541655133
2010-05-25,0.2079737720889521
2010-05-26,0.20123199676010356
2010-05-27,0.19271492208847515
2010-05-28,0.1890172545792176
2010-05-31,0.21479083644682342
2010-06-01,0.2011777422107741
2010-06-02,0.1950060085813412
2010-06-03,0.18932721564092572
2010-06-04,0.20551868167155102
2010-06-07,0.1968098785836508
2010-06-08,0.19265745514734292
2010-06-09,0.18623604403586078
2010-06-10,0.18336950439694716
2010-06-11,0.17972507267431556
2010-06-17,0.18234319629047335
2010-06-18,0.1866795440921046
2010-06-21,0.18387810840168445
2010-06-22,0.17973025169828255
2010-06-23,0.17677889788665943
2010-06-24,0.17111949108552874
2010-06-25,0.17079764631746003
2010-06-28,0.17162655722920578
2010-06-29,0.1762746706797782
2010-06-30,0.18857120506028666
2010-07-01,0.19164556558645837
2010-07-02,0.1948111766633838
2010-07-05,0.19371155074017007
2010-07-06,0.18835488279185617
2010-07-07,0.1868469273979644
2010-07-08,0.18470243421057458
2010-07-09,0.17886653887294954
2010-07-12,0.17643011000116215
2010-07-13,0.17862874938964987
2010-07-14,0.17606200569781577
2010-07-15,0.17494002030368935
2010-07-16,0.17380485020564912
2010-07-19,0.17137586914356698
2010-07-20,0.16940651511709473
2010-07-21,0.16724443862528607
2010-07-22,0.16057607018579287
2010-07-23,0.1596882262668717
2010-07-26,0.15807129595547162
2010-07-27,0.1573672709340414
2010-07-28,0.1538557326244485
2010-07-29,0.15581051707757954
2010-07-30,0.1579512897316706
2010-08-02,0.1563023948185484
2010-08-03,0.15663457180875007
2010-08-04,0.15653009867445167
2010-08-05,0.1577400681002108
2010-08-06,0.15550663304209544
2010-08-09,0.15520946833438062
2010-08-10,0.15766157965616778
2010-08-11,0.1559639743288271
2010-08-12,0.15981921654632794
2010-08-13,0.15673926777731362
2010-08-16,0.15448210936509374
2010-08-17,0.15920610383503206
2010-08-18,0.16709405069485672
2010-08-19,0.16852584415607222
2010-08-20,0.17507603132348726
2010-08-23,0.1786232663549145
2010-08-24,0.1764246959090728
2010-08-25,0.17894675412688274
2010-08-26,0.17738985013749647
2010-08-27,0.17496478639111904
2010-08-30,0.17152673603608978
2010-08-31,0.17614628083469758
2010-09-01,0.18411950672658328
2010-09-02,0.18652608644158203
2010-09-03,0.19203560614827594
2010-09-06,0.1956904601615362
2010-09-07,0.19090143001982218
2010-09-08,0.18716280490374793
2010-09-09,0.18977535772564758
2010-09-10,0.19090941227709457
2010-09-13,0.1864748429138716
2010-09-14,0.18688131215172096
2010-09-15,0.19436607596629224
2010-09-16,0.19731459501438245
2010-09-17,0.19413106180106174
2010-09-20,0.19578921856108744
2010-09-21,0.195450516979394
2010-09-27,0.18992937659081222
2010-09-28,0.19096726949533754
2010-09-29,0.18996285874193472
2010-09-30,0.18378276889472966
2010-10-08,0.17778914382594307
2010-10-11,0.18703794169955462
2010-10-12,0.19398699319298007
2010-10-13,0.2439771572879465
2010-10-14,0.2539057950537535
2010-10-15,0.2602022090147228
2010-10-18,0.2798069243483477
2010-10-19,0.2724484164581308
2010-10-20,0.27406258778067255
2010-10-21,0.26827114266656044
2010-10-22,0.26156673337435205
2010-10-25,0.26273875762895077
2010-10-26,0.26944659215111905
2010-10-27,0.2656459031825126
2010-10-28,0.26709200081798845
2010-10-29,0.26455583911319325
2010-11-01,0.26071128540805205
2010-11-02,0.26519979114801207
2010-11-03,0.26595180427367693
2010-11-04,0.25737673060473537
2010-11-05,0.2337328652748001
2010-11-08,0.23053883044551318
2010-11-09,0.23025396398848785
2010-11-10,0.22985734671846683
2010-11-11,0.22568202182821606
2010-11-12,0.23311663541201735
2010-11-15,0.23822307077238256
2010-11-16,0.24610148370145615
2010-11-17,0.24771675307150462
2010-11-18,0.24128486732987708
2010-11-19,0.23378220949982753
2010-11-22,0.23055642502964102
2010-11-23,0.23387431874100623
2010-11-24,0.22676176302867776
2010-11-25,0.22243452328386787
2010-11-26,0.21721153948710195
2010-11-29,0.21763198714620957
2010-11-30,0.22264367058815204
2010-12-01,0.2259106847968948
2010-12-02,0.23724513339265468
2010-12-03,0.21667622219564667
2010-12-06,0.21452348199747626
2010-12-07,0.20887024697089457
2010-12-08,0.20317378287031773
2010-12-09,0.20159106648016326
2010-12-10,0.19558095786764496
2010-12-13,0.18973059262048195
2010-12-14,0.18604349361290676
2010-12-15,0.1845985093800739
2010-12-16,0.1803388584955646
2010-12-17,0.17645920679748808
2010-12-20,0.20010064941859007
2010-12-21,0.19875883884456946
2010-12-22,0.1983511283248689
2010-12-23,0.18377743971814328
2010-12-24,0.1854525471156881
2010-12-27,0.18582817316440403
2010-12-28,0.19313149859967216
2010-12-29,0.1870308639052028
2010-12-30,0.1848262688108252
2010-12-31,0.17809245613770128
2011-01-04,0.18070779300700018
2011-01-05,0.18145435788418218
2011-01-06,0.1816344724120796
2011-01-07,0.18156357080452337
2011-01-10,0.18368963814053574
2011-01-11,0.1877547111495294
2011-01-12,0.18324699013765353
2011-01-13,0.17939401919906198
2011-01-14,0.1817782781314477
2011-01-17,0.19021434645175875
2011-01-18,0.18821650885043612
2011-01-19,0.17994460563638445
2011-01-20,0.18496954458339515
2011-01-21,0.18398693509727965
2011-01-24,0.19182165012524183
2011-01-25,0.19903575116210456
2011-01-26,0.18889015673396373
2011-01-27,0.1825453280774542
2011-01-28,0.1767178413977202
2011-01-31,0.17420636980711834
2011-02-01,0.16935347104845727
2011-02-09,0.17791874709782424
2011-02-10,0.1769750916263713
2011-02-11,0.17410939942744033
2011-02-14,0.1718057697055512
2011-02-15,0.16885669612049614
2011-02-16,0.16792732500288138
2011-02-17,0.17038700701307946
2011-02-18,0.17204855046637293
2011-02-21,0.17758322447799377
2011-02-22,0.20169610667181984
2011-02-23,0.20113114953733766
2011-02-24,0.20158025472384541
2011-02-25,0.20041074282124283
2011-02-28,0.19928698130905412
2011-03-01,0.19677842769961057
2011-03-02,0.1998203540737947
2011-03-03,0.2032537868314257
2011-03-04,0.20349699918634537
2011-03-07,0.20102835882819037
2011-03-08,0.1974711458340853
2011-03-09,0.19601453474033634
2011-03-10,0.19684155926449926
2011-03-11,0.19687354042897823
2011-03-14,0.2007102258874139
2011-03-15,0.20928984111983218
2011-03-16,0.2061513590252379
2011-03-17,0.20745751650726432
2011-03-18,0.2026756402014835
2011-03-21,0.20382355118913184
2011-03-22,0.20114001279018234
2011-03-23,0.1974488324129714
2011-03-24,0.19360467580313026
2011-03-25,0.2056726553092033
2011-03-28,0.2139632222642239
2011-03-29,0.22552030838605278
2011-03-30,0.22953851682604257
2011-03-31,0.23266655104295686
2011-04-01,0.2250933225809665
2011-04-06,0.22394991454608312
2011-04-07,0.22365806863406312
2011-04-08,0.216875337147242
2011-04-11,0.22096992131302248
2011-04-12,0.2184680449337505
2011-04-13,0.21503148823187393
2011-04-14,0.21381779495666295
2011-04-15,0.2152821416875721
2011-04-18,0.2186036074123535
2011-04-19,0.22621187989504676
2011-04-20,0.2265176114096964
2011-04-21,0.2252934807821506
2011-04-22,0.2289095165070045
2011-04-25,0.23803746955169452
2011-04-26,0.24580958261000507
2011-04-27,0.24516748329942617
2011-04-28,0.24765451073548472
2011-04-29,0.24101383717427685
2011-05-03,0.23252798526265187
2011-05-04,0.22717484337587612
2011-05-05,0.21953105597822167
2011-05-06,0.2121352917311353
2011-05-09,0.21407375970382364
2011-05-10,0.20690249480060338
2011-05-11,0.20228965767967655
2011-05-12,0.20426264466514754
2011-05-13,0.20179199558466346
2011-05-16,0.2006094988638141
2011-05-17,0.20521969680360466
2011-05-18,0.19897545907337985
2011-05-19,0.19375224381315453
2011-05-20,0.19891196305363917
2011-05-23,0.20702457581001318
2011-05-24,0.21228213819093467
2011-05-25,0.21241866861592582
2011-05-26,0.21425091750386682
2011-05-27,0.2223959232644259
2011-05-30,0.23005888787420944
2011-05-31,0.21967904147867148
2011-06-01,0.2112489841875952
2011-06-02,0.20782837270207222
2011-06-03,0.1986465456701157
2011-06-07,0.19129303756135815
2011-06-08,0.18622613589783824
2011-06-09,0.18679132678534496
2011-06-10,0.18981355410374304
2011-06-13,0.18799913873678026
2011-06-14,0.18369406667381294
2011-06-15,0.17881538423133653
2011-06-16,0.18075862809788346
2011-06-17,0.18055334899155215
2011-06-20,0.18834053060382397
2011-06-21,0.18548699528981735
2011-06-22,0.1813198238012271
2011-06-23,0.17897829432366164
2011-06-24,0.1769844096082487
2011-06-27,0.17492262769655761
2011-06-28,0.1714963600518298
2011-06-29,0.17114224253578733
2011-06-30,0.16554781633450072
2011-07-01,0.16353107276706044
2011-07-04,0.16179955467980203
2011-07-05,0.1618184941719244
2011-07-06,0.1627907048659631
2011-07-07,0.16582407738562555
2011-07-08,0.16705052197156553
2011-07-11,0.167309595619187
2011-07-12,0.17112161787626687
2011-07-13,0.16800413926110958
2011-07-14,0.17119142954729397
2011-07-15,0.1749172167482327
2011-07-18,0.17770444359653945
2011-07-19,0.18331247108691148
2011-07-20,0.18128924221046003
2011-07-21,0.181382752330292
2011-07-22,0.18168196669670927
2011-07-25,0.18884684948317396
2011-07-26,0.18917373469182033
2011-07-27,0.19219194346522678
2011-07-28,0.19316882681807773
2011-07-29,0.19481341872062743
2011-08-01,0.1932601305586502
2011-08-02,0.1955358721649621
2011-08-03,0.19380326029614015
2011-08-04,0.19036133837431699
2011-08-05,0.19094654604881434
2011-08-08,0.20714127148116124
2011-08-09,0.19214605708084528
2011-08-10,0.18675165507635744
2011-08-11,0.1836330580525722
2011-08-12,0.18087907270427098
2011-08-15,0.17938266492618402
2011-08-16,0.1761118542851845
2011-08-17,0.17216676103416995
2011-08-18,0.17197047527872675
2011-08-19,0.17250738484162828
2011-08-22,0.17214281790682198
2011-08-23,0.16826024385343907
2011-08-24,0.16669697571080444
2011-08-25,0.16257353939810068
2011-08-26,0.1590041020605982
2011-08-29,0.1600761843081523
2011-08-30,0.15682876941597373
2011-08-31,0.1562684703581176
2011-09-01,0.15531342130877243
2011-09-02,0.15323616685399255
2011-09-05,0.15513955030170107
2011-09-06,0.15776587795316013
2011-09-07,0.15138843182233355
2011-09-08,0.1496864206162338
2011-09-09,0.14811117895535392
2011-09-13,0.15026553234066814
2011-09-14,0.145147540525638
2011-09-15,0.14123184569532618
2011-09-16,0.13857358668660413
2011-09-19,0.14069630018731097
2011-09-20,0.13873072903345748
2011-09-21,0.13428568677464794
2011-09-22,0.13882970143139198
2011-09-23,0.14159474247481038
2011-09-26,0.14269586990032768
2011-09-27,0.14319764103159902
2011-09-28,0.14559838174784254
2011-09-29,0.15376888973558145
2011-09-30,0.1593997205400752
2011-10-10,0.15956280849485344
2011-10-11,0.1661300697310259
2011-10-12,0.16126831338697742
2011-10-13,0.15889137390539826
2011-10-14,0.15608934703450816
2011-10-17,0.17232542302282325
2011-10-18,0.17495856085434336
2011-10-19,0.1770537175454772
2011-10-20,0.16885417311720663
2011-10-21,0.17376758263039807
2011-10-24,0.17345374858773216
2011-10-25,0.16839269084442096
2011-10-26,0.1680166688363213
2011-10-27,0.16460364574500874
2011-10-28,0.16051193959944415
2011-10-31,0.15925844421326057
2011-11-01,0.16150754935031442
2011-11-02,0.16142047566753845
2011-11-03,0.1638456916880758
2011-11-04,0.16071895717770307
2011-11-07,0.160985765840021
2011-11-08,0.15869465396202873
2011-11-09,0.15456212083932128
2011-11-10,0.15673705721918915
2011-11-11,0.15523742717778913
2011-11-14,0.151530290816947
2011-11-15,0.15171555818556523
2011-11-16,0.1500676614481867
2011-11-17,0.1487881308546379
2011-11-18,0.15100074319942283
2011-11-21,0.15942908271762557
2011-11-22,0.15739530444009256
2011-11-23,0.15440035600884222
2011-11-24,0.15264780275419276
2011-11-25,0.15077107550150426
2011-11-28,0.1516170451197783
2011-11-29,0.1495352570370025
2011-11-30,0.15643155993781815
2011-12-01,0.1539589551016065
2011-12-02,0.15860543942123997
2011-12-05,0.16374577771894433
2011-12-06,0.16202617710843892
2011-12-07,0.15572570129771265
2011-12-08,0.15509822960477446
2011-12-09,0.15348006897159935
2011-12-12,0.15276850691304786
2011-12-13,0.1622837084921172
2011-12-14,0.16566265984551545
2011-12-15,0.17824681781612114
2011-12-16,0.1748369429785912
2011-12-19,0.17455811223765932
2011-12-20,0.17058680204524682
2011-12-21,0.17161820400593164
2011-12-22,0.177885382850104
2011-12-23,0.1716939542579082
2011-12-26,0.16844953643496574
2011-12-27,0.16958233395178696
2011-12-28,0.1782373595125949
2011-12-29,0.17371922012602617
2011-12-30,0.16744939808444026
2012-01-04,0.19298526394449184
2012-01-05,0.18477803576695465
2012-01-06,0.20931540108916308
2012-01-09,0.19949233050102397
2012-01-10,0.1947613442074807
2012-01-11,0.1941558148937466
2012-01-12,0.19236100660781158
2012-01-13,0.19465714060318032
2012-01-16,0.20055076450381407
2012-01-17,0.19136509201476318
2012-01-18,0.20650762810126205
2012-01-19,0.2121901768989632
2012-01-20,0.2065446571607642
2012-01-30,0.19893865271992908
2012-01-31,0.19735581695522494
2012-02-01,0.19208232744605183
2012-02-02,0.1816604975504909
2012-02-03,0.1762421322312977
2012-02-06,0.1747235886624507
2012-02-07,0.1723419985692881
2012-02-08,0.1651457718399694
2012-02-09,0.16233762607282679
2012-02-10,0.1609270600136869
2012-02-13,0.16141127808143185
2012-02-14,0.1613794516565035
2012-02-15,0.1601185824524797
2012-02-16,0.1627133450576031
2012-02-17,0.1604017045114062
2012-02-20,0.15900460691744564
2012-02-21,0.15859727589857242
2012-02-22,0.15818482485444296
2012-02-23,0.16064120666656856
2012-02-24,0.15996653387046
2012-02-27,0.16227108509213423
2012-02-28,0.17166623170210948
2012-02-29,0.1731858751264243
2012-03-01,0.1742059875106053
2012-03-02,0.16843883644667892
2012-03-05,0.17178035494071917
2012-03-06,0.1780185807239805
2012-03-07,0.17894774375127584
2012-03-08,0.1745631241193774
2012-03-09,0.1735429581262673
2012-03-12,0.1747332407760291
2012-03-13,0.17420293785066387
2012-03-14,0.18170890911066762
2012-03-15,0.19285586124653295
2012-03-16,0.19105476607618305
2012-03-19,0.1908707017915091
2012-03-20,0.19071436956586477
2012-03-21,0.19212342531929194
2012-03-22,0.172513345491143
2012-03-23,0.17070528522555892
2012-03-26,0.17065911305330211
2012-03-27,0.1683483294705189
2012-03-28,0.17266626007888067
2012-03-29,0.17896228901490752
2012-03-30,0.18296861227850378
2012-04-05,0.17736571936331955
2012-04-06,0.17226222366986932
2012-04-09,0.17381922792748813
2012-04-10,0.1710710900919234
2012-04-11,0.16802475798607128
2012-04-12,0.1661612570750061
2012-04-13,0.16490034085747213
2012-04-16,0.1652884086471714
2012-04-17,0.1688378221820196
2012-04-18,0.16333054773526662
2012-04-19,0.16217701629266942
2012-04-20,0.1612687069153496
2012-04-23,0.17725301640232435
2012-04-24,0.1845642404807952
2012-04-25,0.18416332092821183
2012-04-26,0.1829224340419998
2012-04-27,0.18125656227134995
2012-05-02,0.1825463558975065
2012-05-03,0.17907859895098063
2012-05-04,0.17597487376740595
2012-05-07,0.17338069520631944
2012-05-08,0.16847446900861712
2012-05-09,0.1659376646336488
2012-05-10,0.16088561965966489
2012-05-11,0.15923042462581252
2012-05-14,0.15703305213878516
2012-05-15,0.15717292499577923
2012-05-16,0.1547115999178406
2012-05-17,0.15001043640620254
2012-05-18,0.1535591784867115
2012-05-21,0.1547755970995069
2012-05-22,0.14759477949143776
2012-05-23,0.14632794189263754
2012-05-24,0.14380358298767384
2012-05-25,0.14444430484268314
2012-05-28,0.14582096534788386
2012-05-29,0.14212731611556295
2012-05-30,0.13909548510480454
2012-05-31,0.1406210562002754
2012-06-01,0.13775591302096837
2012-06-04,0.13909083999761251
2012-06-05,0.13837301091534754
2012-06-06,0.13637105811893613
2012-06-07,0.1372384139599864
2012-06-08,0.13818283328036776
2012-06-11,0.13595644832038775
2012-06-12,0.1381991878276338
2012-06-13,0.13636600974512186
2012-06-14,0.13829929681040512
2012-06-15,0.13930982446595228
2012-06-18,0.13736401312952665
2012-06-19,0.13675559767052703
2012-06-20,0.13708973456975737
2012-06-21,0.1397962645794174
2012-06-25,0.1467379684515707
2012-06-26,0.14973019397731918
2012-06-27,0.1560112375482688
2012-06-28,0.15948922727186463
2012-06-29,0.15820805758665824
2012-07-02,0.15778291692276278
2012-07-03,0.1816615149560183
2012-07-04,0.1659072156626746
2012-07-05,0.16839521834306118
2012-07-06,0.16657838504355482
2012-07-09,0.1735323003038684
2012-07-10,0.17819790152926165
2012-07-11,0.17497375197941567
2012-07-12,0.17197018581195161
2012-07-13,0.1751955000023096
2012-07-16,0.1847712719784546
2012-07-17,0.18476332727893807
2012-07-18,0.1817065717584778
2012-07-19,0.17850738029876292
2012-07-20,0.1742228248088644
2012-07-23,0.17383674591309797
2012-07-24,0.16732463713817997
2012-07-25,0.16394693132140015
2012-07-26,0.16051209360194169
2012-07-27,0.15886896982884002
2012-07-30,0.1645266311624414
2012-07-31,0.17129538506638828
2012-08-01,0.16591884903765922
2012-08-02,0.16621119844253554
2012-08-03,0.1625778609908193
2012-08-06,0.15680728602524832
2012-08-07,0.154255008833369
2012-08-08,0.15331220801368783
2012-08-09,0.15019187282149574
2012-08-10,0.15152330697665164
2012-08-13,0.15346156664427377
2012-08-14,0.15424875604101626
2012-08-15,0.15293479844767208
2012-08-16,0.1529352207731582
2012-08-17,0.14938240840874836
2012-08-20,0.14684921040826424
2012-08-21,0.14320435359392594
2012-08-22,0.14801665333097597
2012-08-23,0.1478543135208418
2012-08-24,0.1512969614822658
2012-08-27,0.15917660303618983
2012-08-28,0.1770051418609323
2012-08-29,0.16028451239799418
2012-08-30,0.16739104363388685
2012-08-31,0.16355914121792703
2012-09-03,0.15792682043545644
2012-09-04,0.15536282955715588
2012-09-05,0.15388826789275392
2012-09-06,0.14952774350121997
2012-09-07,0.14790637584869853
2012-09-10,0.14772699879298729
2012-09-11,0.14588039382484683
2012-09-12,0.14359492998180023
2012-09-13,0.14347199854219966
2012-09-14,0.14137840867232412
2012-09-17,0.14126622459093377
2012-09-18,0.13877506861287903
2012-09-19,0.1354174299237219
2012-09-20,0.13688674962501637
2012-09-21,0.13887820206502824
2012-09-24,0.13663209997769488
2012-09-25,0.13505371066732974
2012-09-26,0.13631270993581282
2012-09-27,0.13164799785344403
2012-09-28,0.12822082813434033
2012-10-08,0.12741155364793497
2012-10-09,0.12412192943590672
2012-10-10,0.12414404437981384
2012-10-11,0.12544507237391206
2012-10-12,0.12569901584826254
2012-10-15,0.13199339094400245
2012-10-16,0.12880171540855387
2012-10-17,0.1264872222168115
2012-10-18,0.12313622409140568
2012-10-19,0.12160096512498031
2012-10-22,0.11983946733236518
2012-10-23,0.1207350250283891
2012-10-24,0.12182528827265805
2012-10-25,0.12479659510823378
2012-10-26,0.12869299961362918
2012-10-29,0.12998816226848872
2012-10-30,0.13016209548777657
2012-10-31,0.1790568696378082
2012-11-01,0.17134812333007435
2012-11-02,0.1658621519006427
2012-11-05,0.16691131565385964
2012-11-06,0.16573816310516892
2012-11-07,0.16347692849917259
2012-11-08,0.16484789590962348
2012-11-09,0.16516256634013574
2012-11-12,0.16437998326266176
2012-11-13,0.16533148575853499
2012-11-14,0.1639506475899262
2012-11-15,0.16401730434397707
2012-11-16,0.16564155446439913
2012-11-19,0.1624087511213922
2012-11-20,0.1594297367299702
2012-11-21,0.15484501259918398
2012-11-22,0.1528790977692919
2012-11-23,0.1488391293557677
2012-11-26,0.1506719124165027
2012-11-27,0.15824430244115115
2012-11-28,0.16409080421993616
2012-11-29,0.16520144673701265
2012-11-30,0.1625445478429683
2012-12-03,0.1724181840784498
2012-12-04,0.174250866402157
2012-12-05,0.1694520047075558
2012-12-06,0.16546929196070123
2012-12-07,0.18671641461692828
2012-12-10,0.18417776321406693
2012-12-11,0.1824303968755095
2012-12-12,0.17951198572273966
2012-12-13,0.1800062947730243
2012-12-14,0.1752743012797588
2012-12-17,0.17995752180804425
2012-12-18,0.17953683208025406
2012-12-19,0.17746517945102355
2012-12-20,0.18329426307261806
2012-12-21,0.1892256716145749
2012-12-24,0.19213439086899467
2012-12-25,0.18753745305771038
2012-12-26,0.1913155099954934
2012-12-27,0.19888301001381598
2012-12-28,0.19201266801024236
2012-12-31,0.19342390603573495
2013-01-04,0.20249947530431653
2013-01-07,0.21781849011536777
2013-01-08,0.2198184816653236
2013-01-09,0.21985438830539153
2013-01-10,0.216043393569478
2013-01-11,0.21846177744595938
2013-01-14,0.20980955997647802
2013-01-15,0.20932342841450294
2013-01-16,0.21485273160144822
2013-01-17,0.21408695990950252
2013-01-18,0.2223837866914891
2013-01-21,0.22424450783362582
2013-01-22,0.22518845708402233
2013-01-23,0.21968083282132558
2013-01-24,0.21979617924841172
2013-01-25,0.21891574051947318
2013-01-28,0.2123553231172234
2013-01-29,0.20771855502265482
2013-01-30,0.20794679080350983
2013-01-31,0.21006675284599827
2013-02-01,0.20706163296445648
2013-02-04,0.21195614841986254
2013-02-05,0.2096945945289858
2013-02-06,0.2055132396128713
2013-02-07,0.19963913056247898
2013-02-08,0.19500318986888918
2013-02-18,0.19656637057609688
2013-02-19,0.19572108679647615
2013-02-20,0.19222371068860378
2013-02-21,0.19402290541765507
2013-02-22,0.19273288104675035
2013-02-25,0.18942792430150227
2013-02-26,0.188939732056821
2013-02-27,0.18887361773583516
2013-02-28,0.18478549213820308
2013-03-01,0.18391004070593886
2013-03-04,0.19458763604158802
2013-03-05,0.19622098413999545
2013-03-06,0.20380344216297155
2013-03-07,0.20552929781395832
2013-03-08,0.20285922339692367
2013-03-11,0.20060617105269873
2013-03-12,0.2003918442453572
2013-03-13,0.19994445180149872
2013-03-14,0.19553690549915084
2013-03-15,0.19387947991486293
2013-03-18,0.19795871112516747
2013-03-19,0.1984321719245322
2013-03-20,0.19226419768933659
2013-03-21,0.18645673139810118
2013-03-22,0.18301877877706205
2013-03-25,0.18333634117568612
2013-03-26,0.18511628715111555
2013-03-27,0.18394836161316133
2013-03-28,0.18793674678144073
2013-03-29,0.1893432480340294
2013-04-01,0.1775541886260998
2013-04-02,0.17968389949627567
2013-04-03,0.18136397252816253
2013-04-08,0.1860025098930639
2013-04-09,0.1823652870945878
2013-04-10,0.215028183278996
2013-04-11,0.20962704264649218
2013-04-12,0.2077079972736145
2013-04-15,0.21312113181654174
2013-04-16,0.20667889143486814
2013-04-17,0.19982427092231267
2013-04-18,0.19495629266622805
2013-04-19,0.1871552287180578
2013-04-22,0.20846732373367152
2013-04-23,0.20882689632781623
2013-04-24,0.20899261213601944
2013-04-25,0.21136031634570168
2013-04-26,0.2160711532722003
2013-05-02,0.22175399149035335
2013-05-03,0.21422244155575831
2013-05-06,0.20888859228818735
2013-05-07,0.2047076357044395
2013-05-08,0.2048944565388434
2013-05-09,0.20993439611623224
2013-05-10,0.21246891520335992
2013-05-13,0.21321417607534435
2013-05-14,0.21630751737991466
2013-05-15,0.21158992973716478
2013-05-16,0.2113470114200696
2013-05-17,0.20918114191731657
2013-05-20,0.23559231095593391
2013-05-21,0.23432383318474503
2013-05-22,0.23500930152782107
2013-05-23,0.23793869113470859
2013-05-24,0.23226590907270103
2013-05-27,0.23151279232545585
2013-05-28,0.23547113308780873
2013-05-29,0.23036696267208345
2013-05-30,0.22983441695658893
2013-05-31,0.2293630294821854
2013-06-03,0.23302219600298352
2013-06-04,0.23401408242077804
2013-06-05,0.22923185958377326
2013-06-06,0.22770221719443373
2013-06-07,0.23090831458404235
2013-06-13,0.23640567662662149
2013-06-14,0.22904560980776592
2013-06-17,0.23209181781751181
2013-06-18,0.24541404527791894
2013-06-19,0.24339388166923667
2013-06-20,0.23996497231284147
2013-06-21,0.24212196944102593
2013-06-24,0.2520207565345748
2013-06-25,0.26040015723484616
2013-06-26,0.25797443211805393
2013-06-27,0.26289433877851703
2013-06-28,0.26003237058182915
2013-07-01,0.24843142486392245
2013-07-02,0.2433889508027413
2013-07-03,0.24330161764237263
2013-07-04,0.2507107100229195
2013-07-05,0.24099816972993018
2013-07-08,0.25667837138694605
2013-07-09,0.2525093840557548
2013-07-10,0.2389713699935276
2013-07-11,0.23316782871712757
2013-07-12,0.22980596756661545
2013-07-15,0.22675768581361383
2013-07-16,0.2242996868011501
2013-07-17,0.2259258406959524
2013-07-18,0.22995122820921537
2013-07-19,0.24830805172950768
2013-07-22,0.24774841891175095
2013-07-23,0.23578208420202865
2013-07-24,0.23565466104002541
2013-07-25,0.23987554081546975
2013-07-26,0.24254276543285241
2013-07-29,0.2447160369984206
2013-07-30,0.2434630236687146
2013-07-31,0.24146433653719793
2013-08-01,0.23832243590067242
2013-08-02,0.2333535509992167
2013-08-05,0.2292344029021226
2013-08-06,0.22547532907256176
2013-08-07,0.22765496172912186
2013-08-08,0.22380006901877908
2013-08-09,0.22177271904538293
2013-08-12,0.21874517159760973
2013-08-13,0.21467523331340074
2013-08-14,0.21224154836136858
2013-08-15,0.21190998786547266
2013-08-16,0.21089198042706525
2013-08-19,0.21424956278801502
2013-08-20,0.2141505684761605
2013-08-21,0.21821801593745804
2013-08-22,0.21751218320076668
2013-08-23,0.23129153521404858
2013-08-26,0.2292295375194033
2013-08-27,0.22533791467937495
2013-08-28,0.23794893621826804
2013-08-29,0.2411801108180837
2013-08-30,0.2552496920486191
2013-09-02,0.26315637164386196
2013-09-03,0.2554390037769353
2013-09-04,0.25245349821556023
2013-09-05,0.24911654326561639
2013-09-06,0.24378157603038214
2013-09-09,0.23681584459787874
2013-09-10,0.23857202795013618
2013-09-11,0.24330331462451885
2013-09-12,0.24050810673452383
2013-09-13,0.23684792665232593
2013-09-16,0.23772705850051046
2013-09-17,0.23574625457548368
2013-09-18,0.22818692834278287
2013-09-23,0.22241748733284933
2013-09-24,0.22408661138582214
2013-09-25,0.27587655804499617
2013-09-26,0.28838638216787577
2013-09-27,0.2816975260386464
2013-09-30,0.28596350744898
2013-10-08,0.28458178561553416
2013-10-09,0.280627070447451
2013-10-10,0.28696902594308615
2013-10-11,0.28459328896340236
2013-10-14,0.292719023183685
2013-10-15,0.298439634787842
2013-10-16,0.30655011139265953
2013-10-17,0.2988205434955019
2013-10-18,0.2912918648516897
2013-10-21,0.28359023024954133
2013-10-22,0.2890890735732203
2013-10-23,0.2917529638569106
2013-10-24,0.28934464709649954
2013-10-25,0.2881463183117262
2013-10-28,0.2972931839728285
2013-10-29,0.3046340934710059
2013-10-30,0.30757512067238857
2013-10-31,0.30223779947415663
2013-11-01,0.2937301919257036
2013-11-04,0.2813925027100846
2013-11-05,0.27376907193933026
2013-11-06,0.2669909939093951
2013-11-07,0.2626462133657467
2013-11-08,0.2587023797889092
2013-11-11,0.25613710223045233
2013-11-12,0.24996096274532473
2013-11-13,0.2460094663147848
2013-11-14,0.24264962273387178
2013-11-15,0.23567983118747216
2013-11-18,0.2332213502379992
2013-11-19,0.23332842379671018
2013-11-20,0.22792379938198518
2013-11-21,0.23215151949767973
2013-11-22,0.23095773850364032
2013-11-25,0.23309756903100032
2013-11-26,0.232949733716786
2013-11-27,0.22961987675631368
2013-11-28,0.22787813640350466
2013-11-29,0.22695193281897388
2013-12-02,0.24425421173802175
2013-12-03,0.2511915896639489
2013-12-04,0.24905461326955125
2013-12-05,0.24848394111888253
2013-12-06,0.24536994228183556
2013-12-09,0.24122904846720536
2013-12-10,0.2409371580113154
2013-12-11,0.23679722191611394
2013-12-12,0.23156321985817838
2013-12-13,0.24368785434761006
2013-12-16,0.24896636921778467
2013-12-17,0.24696021028234844
2013-12-18,0.2419651942944232
2013-12-19,0.2371685682120714
2013-12-20,0.2483188585797681
2013-12-23,0.26200038554455246
2013-12-24,0.2538494614090429
2013-12-25,0.2498135681994533
2013-12-26,0.2511448269370722
2013-12-27,0.24365747440106988
2013-12-30,0.2441587011090173
2013-12-31,0.24147832896042334
2014-01-02,0.24328699894401634
2014-01-03,0.24683844944405384
2014-01-06,0.2504730934498509
2014-01-07,0.24809414338086597
2014-01-08,0.24611215635348768
2014-01-09,0.25097145901144824
2014-01-10,0.25764966304448667
2014-01-13,0.26236191440068074
2014-01-14,0.2543296946389731
2014-01-15,0.24847684649693794
2014-01-16,0.2449773594068569
2014-01-17,0.24260971859506067
2014-01-20,0.27032878695816065
2014-01-21,0.26303438555951103
2014-01-22,0.25734492924088326
2014-01-23,0.2529809896621039
2014-01-24,0.2545704133013672
2014-01-27,0.2624435207156739
2014-01-28,0.26239297013462387
2014-01-29,0.263344984505284
2014-01-30,0.2633075907873012
2014-02-07,0.26097675075685056
2014-02-10,0.2601837659099587
2014-02-11,0.26798431016842317
2014-02-12,0.2816321577285531
2014-02-13,0.2926847934570434
2014-02-14,0.2887083633881394
2014-02-17,0.2887040322079267
2014-02-18,0.29212810701777286
2014-02-19,0.29420788449923824
2014-02-20,0.2986496190663699
2014-02-21,0.2939369457310279
2014-02-24,0.3119289710171245
2014-02-25,0.3177491743376277
2014-02-26,0.3192161619333041
2014-02-27,0.33549925681656523
2014-02-28,0.34086067187553903
2014-03-03,0.334182575157395
2014-03-04,0.32457893264219656
2014-03-05,0.31680022818019654
2014-03-06,0.31258065420028286
2014-03-07,0.3086758198538635
2014-03-10,0.3125398300935533
2014-03-11,0.30901180094836983
2014-03-12,0.30583523524450207
2014-03-13,0.2978665864794598
2014-03-14,0.2903265209881935
2014-03-17,0.27979243805827475
2014-03-18,0.276210216520258
2014-03-19,0.2759689483952586
2014-03-20,0.27648979287777803
2014-03-21,0.2692144056051687
2014-03-24,0.27131382806709065
2014-03-25,0.27277396841995744
2014-03-26,0.2650804218131072
2014-03-27,0.260834965891609
2014-03-28,0.27577694439376943
2014-03-31,0.27782458147440425
2014-04-01,0.2661756316552065
2014-04-02,0.25815068129752855
2014-04-03,0.2516906443258916
2014-04-04,0.24202728910949553
2014-04-08,0.23652376951360682
2014-04-09,0.230419623043121
2014-04-10,0.22842398987226192
2014-04-11,0.23333900168203414
2014-04-14,0.23194879291192008
2014-04-15,0.22990498669868534
2014-04-16,0.22630229635663543
2014-04-17,0.22330878670286633
2014-04-18,0.21854865746461277
2014-04-21,0.2234975850824515
2014-04-22,0.23125276519042395
2014-04-23,0.23264410734738591
2014-04-24,0.23613539605522216
2014-04-25,0.24276673032039994
2014-04-28,0.25962829311328506
2014-04-29,0.2570220955613653
2014-04-30,0.25098945541789536
2014-05-05,0.24397986498470633
2014-05-06,0.23465785381806586
2014-05-07,0.2340621924441012
2014-05-08,0.22709444860285186
2014-05-09,0.22762485894966072
2014-05-12,0.22199830283455596
2014-05-13,0.21814339034775382
2014-05-14,0.21246895216849365
2014-05-15,0.2109732121885348
2014-05-16,0.21003690893941848
2014-05-19,0.2064101076696327
2014-05-20,0.20015593574421975
2014-05-21,0.1925551101132438
2014-05-22,0.18678407166876068
2014-05-23,0.18195597674387018
2014-05-26,0.17893571272918052
2014-05-27,0.17772360826700812
2014-05-28,0.1763401075513341
2014-05-29,0.17898982703329494
2014-05-30,0.17934825673419677
2014-06-03,0.17971833933261824
2014-06-04,0.18278383942425439
2014-06-05,0.1765359816455057
2014-06-06,0.17325826895987656
2014-06-09,0.17835859818995814
2014-06-10,0.1743770956841732
2014-06-11,0.16980044635559258
2014-06-12,0.1720501440966523
2014-06-13,0.17073497478103283
2014-06-16,0.17148413162369633
2014-06-17,0.17263269236316298
2014-06-18,0.1778556928465032
2014-06-19,0.18216730105675596
2014-06-20,0.1810324984265718
2014-06-23,0.18056378704057466
2014-06-24,0.17837649056190458
2014-06-25,0.1772837618690179
2014-06-26,0.17386823393603243
2014-06-27,0.17683457886604373
2014-06-30,0.1788614758917255
2014-07-01,0.18828150038426356
2014-07-02,0.1911435608268313
2014-07-03,0.19357385177302153
2014-07-04,0.19400903328107852
2014-07-07,0.1962041279822275
2014-07-08,0.19531251177028255
2014-07-09,0.1956683552270892
2014-07-10,0.1977393269707024
2014-07-11,0.1956129578562657
2014-07-14,0.19676558235617123
2014-07-15,0.19983394855102207
2014-07-16,0.20054346323274447
2014-07-17,0.1977419810009578
2014-07-18,0.19462658347300665
2014-07-21,0.193454482568192
2014-07-22,0.18780439714924682
2014-07-23,0.18824955034843963
2014-07-24,0.18876685472902052
2014-07-25,0.18463336678431916
2014-07-28,0.18043715249001532
2014-07-29,0.17940991369047335
2014-07-30,0.17912806326067382
2014-07-31,0.17519933052079328
2014-08-01,0.1756405744008398
2014-08-04,0.17301823644011866
2014-08-05,0.1717147923750449
2014-08-06,0.17140280550010847
2014-08-07,0.16955274221557326
2014-08-08,0.15395955338271022
2014-08-11,0.15177959331296914
2014-08-12,0.15254094087358644
2014-08-13,0.15599115460659443
2014-08-14,0.1572550863541024
2014-08-15,0.15510951719324062
2014-08-18,0.15527377532921718
2014-08-19,0.1579389691888869
2014-08-20,0.15904285452802064
2014-08-21,0.15953205111398255
2014-08-22,0.16060041609481557
2014-08-25,0.16351103519122845
2014-08-26,0.1677502222612129
2014-08-27,0.16618643803775468
2014-08-28,0.1657809681328159
2014-08-29,0.1595801099925842
2014-09-01,0.15537132083994123
2014-09-02,0.15115968091471366
2014-09-03,0.15023952340468305
2014-09-04,0.1491323603633626
2014-09-05,0.1493988687730121
2014-09-09,0.15280096646191693
2014-09-10,0.15410475758659273
2014-09-11,0.15707731974621844
2014-09-12,0.15622027525088966
2014-09-15,0.1596760480347426
2014-09-16,0.16424834735152588
2014-09-17,0.1642746564582119
2014-09-18,0.16176915720078314
2014-09-19,0.15899126953934212
2014-09-22,0.1605073013753553
2014-09-23,0.15706367553113243
2014-09-24,0.1530911092467701
2014-09-25,0.1516339570022465
2014-09-26,0.15019899558817756
2014-09-29,0.15065575456527727
2014-09-30,0.14945123404054603
2014-10-08,0.15036061746810492
2014-10-09,0.15223533339355097
2014-10-10,0.15228667114085973
2014-10-13,0.15350092900682147
2014-10-14,0.1521619891260703
2014-10-15,0.1509143095609317
2014-10-16,0.15152575160243342
2014-10-17,0.15479592806615805
2014-10-20,0.1510037133823729
2014-10-21,0.14795069937542937
2014-10-22,0.14591513561425828
2014-10-23,0.14646950068442577
2014-10-24,0.143208587323664
2014-10-27,0.14762426945306
2014-10-28,0.14206296332805274
2014-10-29,0.14203638140081196
2014-10-30,0.14252837159721807
2014-10-31,0.15702682814650207
2014-11-03,0.15702837089164182
2014-11-04,0.1601019465408008
2014-11-05,0.1589948680183457
2014-11-06,0.1573479619634407
2014-11-07,0.1567567116580214
2014-11-10,0.15545720476740335
2014-11-11,0.16105697143847952
2014-11-12,0.16169768850400787
2014-11-13,0.16392273685524805
2014-11-14,0.16334482014755938
2014-11-17,0.15961280192642932
2014-11-18,0.1551191616816321
2014-11-19,0.15131831880404875
2014-11-20,0.14702251313113554
2014-11-21,0.14427704927104396
2014-11-24,0.14348113307138927
2014-11-25,0.15210722943946295
2014-11-26,0.15361448776653874
2014-11-27,0.15599634204132307
2014-11-28,0.15985387145432317
2014-12-01,0.1824128759662437
2014-12-02,0.17954053302329825
2014-12-03,0.1980103981722055
2014-12-04,0.197416117230333
2014-12-05,0.21209256144897118
2014-12-08,0.2183417997859588
2014-12-09,0.24273039750518247
2014-12-10,0.24106309168540727
2014-12-11,0.24000473314220935
2014-12-12,0.23651079684215073
2014-12-15,0.2346983864583532
2014-12-16,0.22758253647295562
2014-12-17,0.22624556248121036
2014-12-18,0.22553748149653677
2014-12-19,0.2286528124750207
2014-12-22,0.24057778932264434
2014-12-23,0.2500689236510254
2014-12-24,0.2440921871651937
2014-12-25,0.23683373009126685
2014-12-26,0.2275712789900449
2014-12-29,0.2409627562603585
2014-12-30,0.24304238488226282
2014-12-31,0.23696519175640068
2015-01-05,0.26462291483305994
2015-01-06,0.26288229259974166
2015-01-07,0.2545645994331149
2015-01-08,0.24855218065885157
2015-01-09,0.23878128915247515
2015-01-12,0.2480354548097155
2015-01-13,0.24261798647949387
2015-01-14,0.24139615320263602
2015-01-15,0.23076800365071654
2015-01-16,0.226206054007056
2015-01-19,0.23685813984411277
2015-01-20,0.24918787786574098
2015-01-21,0.24511330878977247
2015-01-22,0.24494420639005807
2015-01-23,0.24338907171525936
2015-01-26,0.24418850661326577
2015-01-27,0.25112724724010715
2015-01-28,0.25025722027157743
2015-01-29,0.24983781720411755
2015-01-30,0.25112215072484456
2015-02-02,0.2565792346896714
2015-02-03,0.2504506196899913
2015-02-04,0.248666347805391
2015-02-05,0.24637477633757618
2015-02-06,0.2494147788500821
2015-02-09,0.24993174242626184
2015-02-10,0.2402193079870758
2015-02-11,0.23510719859738555
2015-02-12,0.23652186221809712
2015-02-13,0.2302905378056096
2015-02-16,0.2324194370564797
2015-02-17,0.2513659641267672
2015-02-25,0.25970125171144415
2015-02-26,0.2573899973768542
2015-02-27,0.2558947644489603
2015-03-02,0.2622247253635786
2015-03-03,0.27133944439627533
2015-03-04,0.2728612957564123
2015-03-05,0.28070738185803623
2015-03-06,0.2790922259486091
2015-03-09,0.27627639379422725
2015-03-10,0.2734789907827317
2015-03-11,0.2751011397508334
2015-03-12,0.27182821183697475
2015-03-13,0.26368555595170867
2015-03-16,0.2592378891980159
2015-03-17,0.2614007925430017
2015-03-18,0.26105522743301046
2015-03-19,0.26652766930379107
2015-03-20,0.2671167383193108
2015-03-23,0.2708600485958866
2015-03-24,0.28829182623698907
2015-03-25,0.2980040587546297
2015-03-26,0.30352926426335236
2015-03-27,0.30489754372596034
2015-03-30,0.298972445136835
2015-03-31,0.2947102647069479
2015-04-01,0.2882165239026315
2015-04-02,0.2730970215542005
2015-04-03,0.2769284578375142
2015-04-07,0.2761996005025548
2015-04-08,0.28841689791335634
2015-04-09,0.2958051722570408
2015-04-10,0.2907487953930773
2015-04-13,0.2891666773557151
2015-04-14,0.2973183585420298
2015-04-15,0.30047777002325826
2015-04-16,0.2933502272539229
2015-04-17,0.2854385071605103
2015-04-20,0.2941318363185658
2015-04-21,0.2946943803380242
2015-04-22,0.2842906526433822
2015-04-23,0.28624764427440547
2015-04-24,0.2948219922798217
2015-04-27,0.3052345560802475
2015-04-28,0.4067849566502057
2015-04-29,0.4307391873432026
2015-04-30,0.4238120819712838
2015-05-04,0.42149931384703637
2015-05-05,0.4193073195518752
2015-05-06,0.41165464276222385
2015-05-07,0.42121534750934514
2015-05-08,0.40510771747931107
2015-05-11,0.38742274379021635
2015-05-12,0.3905684592998664
2015-05-13,0.39756155774177704
2015-05-14,0.4019722555392574
2015-05-15,0.40394612188383205
2015-05-18,0.4060698918332119
2015-05-19,0.40094070111336766
2015-05-20,0.3985507592378078
2015-05-21,0.4098905278884888
2015-05-22,0.4217845369764905
2015-05-25,0.420280479022625
2015-05-26,0.4133133275925046
2015-05-27,0.4380432250317577
2015-05-28,0.4669601578344552
2015-05-29,0.5038458403924746
2015-06-01,0.4945100655271806
2015-06-02,0.4929672020855991
2015-06-03,0.505619241956433
2015-06-04,0.5208977939308967
2015-06-05,0.5118155403538528
2015-06-08,0.5188410758216914
2015-06-09,0.4981509267623464
2015-06-10,0.47880655590070664
2015-06-11,0.4685877472347413
2015-06-12,0.4633924035814389
2015-06-15,0.47217475326787794
2015-06-16,0.4777237741651823
2015-06-17,0.4596990981432921
2015-06-18,0.45114162990046913
2015-06-19,0.4385107827171804
2015-06-23,0.45433257753885675
2015-06-24,0.4444114780043619
2015-06-25,0.4621323524994625
2015-06-26,0.44111232647438475
2015-06-29,0.4459812655801417
2015-06-30,0.44064190463672664
2015-07-01,0.445284376950844
2015-07-02,0.4417235551089671
2015-07-03,0.470251833224176
2015-07-06,0.5487375805479335
2015-07-07,0.5666340397136699
2015-07-08,0.6137126221562609
2015-07-09,0.6047724372735584
2015-07-10,0.58936394011524
2015-07-13,0.5821413229080473
2015-07-14,0.6239689374298005
2015-07-15,0.6493261718710285
2015-07-16,0.6334652658034573
2015-07-17,0.5879625542554638
2015-07-20,0.5752057434300047
2015-07-21,0.5612895072651102
2015-07-22,0.544355294843362
2015-07-23,0.5179641877118755
2015-07-24,0.5096481623947952
2015-07-27,0.4916783147779829
2015-07-28,0.5107231356736154
2015-07-29,0.4838015967013401
2015-07-30,0.4750991754495689
2015-07-31,0.4720659599113311
2015-08-03,0.49318111225596
2015-08-04,0.46840166663699717
2015-08-05,0.45421774921778313
2015-08-06,0.44412217608486965
2015-08-07,0.4191944547250559
2015-08-10,0.3971704483653898
2015-08-11,0.3927326393439839
2015-08-12,0.3987232366253767
2015-08-13,0.38455445542113315
2015-08-14,0.3799687033790634
2015-08-17,0.38930440292238616
2015-08-18,0.38511119388861487
2015-08-19,0.37868207393129166
2015-08-20,0.3925882954308435
2015-08-21,0.38530118813219727
2015-08-24,0.3617463225097426
2015-08-25,0.3788741130167224
2015-08-26,0.4398787146083449
2015-08-27,0.44037417181986216
2015-08-28,0.4124434087288197
2015-08-31,0.4497799090068612
2015-09-01,0.44698534766438597
2015-09-02,0.4688943776664919
2015-09-07,0.4644074784615457
2015-09-08,0.44289538808755546
2015-09-09,0.4217654009539253
2015-09-10,0.41172953934554885
2015-09-11,0.3964571008852812
2015-09-14,0.39363086306828277
2015-09-15,0.3996215046374631
2015-09-16,0.375453317340421
2015-09-17,0.37592242950586835
2015-09-18,0.3664225197205527
2015-09-21,0.35052111546531417
2015-09-22,0.3467720309629773
2015-09-23,0.34132116679957875
2015-09-24,0.33237293032475407
2015-09-25,0.33626035001691007
2015-09-28,0.32635094000418363
2015-09-29,0.32433260949790893
2015-09-30,0.3179148487726903
2015-10-08,0.3071660920222245
2015-10-09,0.30531507551581644
2015-10-12,0.300671574004036
2015-10-13,0.30205601791128506
2015-10-14,0.3051665476597591
2015-10-15,0.2973743180396161
2015-10-16,0.2982259089128444
2015-10-19,0.31068843474291236
2015-10-20,0.30665355761100416
2015-10-21,0.32458863551529143
2015-10-22,0.317233100269851
2015-10-23,0.3189684738280982
2015-10-26,0.3275409086784425
2015-10-27,0.33481355118841033
2015-10-28,0.3355665224545289
2015-10-29,0.32462307340983493
2015-10-30,0.3211626902685534
2015-11-02,0.3306411148627339
2015-11-03,0.32571453348126256
2015-11-04,0.3086435924947388
2015-11-05,0.30434768783187827
2015-11-06,0.29597496415549673
2015-11-09,0.3016177382714804
2015-11-10,0.302130853343925
2015-11-11,0.30220595967212643
2015-11-12,0.3111079332168616
2015-11-13,0.3220181691341045
2015-11-16,0.3167484705996962
2015-11-17,0.31232167919993303
2015-11-18,0.2911965764347412
2015-11-19,0.27984022279666326
2015-11-20,0.27861228171310704
2015-11-23,0.2827827892141181
2015-11-24,0.28019504708336485
2015-11-25,0.27284746856578507
2015-11-26,0.30128486387962533
2015-11-27,0.30913733235250623
2015-11-30,0.32533509199935046
2015-12-01,0.326535550044825
2015-12-02,0.34404569180864997
2015-12-03,0.33286177324696803
2015-12-04,0.3291169430375241
2015-12-07,0.32000982564928626
2015-12-08,0.3231405289970833
2015-12-09,0.3285761106133747
2015-12-10,0.32367806110382674
2015-12-11,0.3228245962534519
2015-12-14,0.31462347294268145
2015-12-15,0.30389567366359116
2015-12-16,0.2981761122742631
2015-12-17,0.28898358282827946
2015-12-18,0.29383895194342835
2015-12-21,0.31548314252372617
2015-12-22,0.3110835773948422
2015-12-23,0.3223940365880166
2015-12-24,0.32596240198057275
2015-12-25,0.32131614930380037
2015-12-28,0.33011649355128714
2015-12-29,0.3244748044929257
2015-12-30,0.3161218113250804
2015-12-31,0.31273077093889534
2016-01-04,0.3022242818284733
2016-01-05,0.3397507104376791
2016-01-06,0.32728058553790723
2016-01-07,0.314866183439667
2016-01-08,0.3251939382615514
2016-01-11,0.33394075935636647
2016-01-12,0.3439711524587285
2016-01-13,0.343012948762735
2016-01-14,0.3310551912400137
2016-01-15,0.3315365410119785
2016-01-18,0.31969941153522763
2016-01-19,0.3059644277646527
2016-01-20,0.30201051279822333
2016-01-21,0.2993170431379889
2016-01-22,0.2914445413153663
2016-01-25,0.28254263896764026
2016-01-26,0.2843003702415663
2016-01-27,0.29759767065940046
2016-01-28,0.30205634625160055
2016-01-29,0.28984518930387154
2016-02-01,0.2899018427607409
2016-02-02,0.27391261898479785
2016-02-03,0.264111175318595
2016-02-04,0.2554427787490782
2016-02-05,0.25276243227738293
2016-02-15,0.25227652476463613
2016-02-16,0.24392401406300673
2016-02-17,0.24118621916624242
2016-02-18,0.24151316899310685
2016-02-19,0.2351139393642661
2016-02-22,0.23068355847381722
2016-02-23,0.22117091574442974
2016-02-24,0.22713013229029158
2016-02-25,0.22633482713816241
2016-02-26,0.23423994855718022
2016-02-29,0.2424896302242294
2016-03-01,0.23770819215466002
2016-03-02,0.2280714627540131
2016-03-03,0.22510434034051824
2016-03-04,0.22909651513045232
2016-03-07,0.22083604405129173
2016-03-08,0.22034471720197046
2016-03-09,0.2163653000512304
2016-03-10,0.20964699299351777
2016-03-11,0.20479987423558352
2016-03-14,0.19685312373916036
2016-03-15,0.19640556543687535
2016-03-16,0.19199267533079803
2016-03-17,0.18439122642142552
2016-03-18,0.18198083876582724
2016-03-21,0.18199251875471806
2016-03-22,0.18446794919927526
2016-03-23,0.1837000020847138
2016-03-24,0.19004718278678018
2016-03-25,0.19163968986080845
2016-03-28,0.19142532719530975
2016-03-29,0.19419938315885607
2016-03-30,0.18762096681421256
2016-03-31,0.18920666926360993
2016-04-01,0.19121747942725764
2016-04-05,0.1882168830495333
2016-04-06,0.18849017654104538
2016-04-07,0.18848710143241582
2016-04-08,0.19084874098433388
2016-04-11,0.189887926078378
2016-04-12,0.19161183016175
2016-04-13,0.1850520755557615
2016-04-14,0.18033663327031754
2016-04-15,0.17771706781553068
2016-04-18,0.17884752851044294
2016-04-19,0.17493708897658544
2016-04-20,0.18518649441517931
2016-04-21,0.18492435323525908
2016-04-22,0.18357827567642426
2016-04-25,0.1826218953907963
2016-04-26,0.1768202906484307
2016-04-27,0.17260514635907728
2016-04-28,0.17052017275085093
2016-04-29,0.16603953799122845
2016-05-03,0.16163140963155007
2016-05-04,0.15897902781027815
2016-05-05,0.15513565094631
2016-05-06,0.15822662938987025
2016-05-09,0.16751907756125176
2016-05-10,0.16735891702899314
2016-05-11,0.16854214392938688
2016-05-12,0.16799126108398021
2016-05-13,0.1623457009429546
2016-05-16,0.1578404916701037
2016-05-17,0.15552498187204003
2016-05-18,0.15562623291144134
2016-05-19,0.15029818580171303
2016-05-20,0.14735231315704816
2016-05-23,0.1451344230762796
2016-05-24,0.14421112861133847
2016-05-25,0.14096471213606349
2016-05-26,0.13847266725351107
2016-05-27,0.13560480041058248
2016-05-30,0.13484953340937045
2016-05-31,0.1292167855784853
2016-06-01,0.1284441036026842
2016-06-02,0.129236882816909
2016-06-03,0.13131496790488667
2016-06-06,0.13328992036872345
2016-06-07,0.13564517000974413
2016-06-08,0.1378069461569731
2016-06-13,0.146512543909797
2016-06-14,0.14751464982598514
2016-06-15,0.14231455952162303
2016-06-16,0.14492586029016774
2016-06-17,0.14403753761837823
2016-06-20,0.14496047506101983
2016-06-21,0.14453991566649996
2016-06-22,0.14183963680707587
2016-06-23,0.1418141474621598
2016-06-24,0.14459185919607284
2016-06-27,0.14179740870547403
2016-06-28,0.1402902863425778
2016-06-29,0.13882882727486567
2016-06-30,0.13988052672709714
2016-07-01,0.13610736792024627
2016-07-04,0.1325156143375464
2016-07-05,0.1307502627051944
2016-07-06,0.13194171169330338
2016-07-07,0.13150877214499426
2016-07-08,0.12959054043918886
2016-07-11,0.13159245293274252
2016-07-12,0.1337426483658501
2016-07-13,0.12694110379000115
2016-07-14,0.12324923272376319
2016-07-15,0.12207408961542637
2016-07-18,0.12262566099284548
2016-07-19,0.11942555983839745
2016-07-20,0.11702669466448021
2016-07-21,0.11569293753712385
2016-07-22,0.11312634362492745
2016-07-25,0.11450293209029244
2016-07-26,0.1117498651582363
2016-07-27,0.1178996376078444
2016-07-28,0.12137033599140523
2016-07-29,0.11917800235188998
2016-08-01,0.121873532140357
2016-08-02,0.11580771736902629
2016-08-03,0.1131978082401128
2016-08-04,0.10907792919974545
2016-08-05,0.10690600331654346
2016-08-08,0.10585597314040622
2016-08-09,0.10306241125397966
2016-08-10,0.10050430041936732
2016-08-11,0.09866807968278937
2016-08-12,0.09548186917278184
2016-08-15,0.09397340200416768
2016-08-16,0.09586457381358635
2016-08-17,0.09794945875264262
2016-08-18,0.09838965641835502
2016-08-19,0.10044599737396859
2016-08-22,0.10474192733341564
2016-08-23,0.10337663818408213
2016-08-24,0.1037047109095458
2016-08-25,0.1052455168256612
2016-08-26,0.10464791455022683
2016-08-29,0.10552530117970102
2016-08-30,0.10415386036789899
2016-08-31,0.10076504354752606
2016-09-01,0.09973518763505923
2016-09-02,0.13734914247735427
2016-09-05,0.23035528700081837
2016-09-06,0.28419157323404615
2016-09-07,0.3001652014656139
2016-09-08,0.29500134916799653
2016-09-09,0.29018843128773064
2016-09-12,0.293067634502432
2016-09-13,0.2915801733038319
2016-09-14,0.2831330831081615
2016-09-19,0.2756313450312066
2016-09-20,0.27123572641372873
2016-09-21,0.26207969626350197
2016-09-22,0.2562155951227922
2016-09-23,0.25833110763745665
2016-09-26,0.2656140217093556
2016-09-27,0.26033448831336986
2016-09-28,0.2538512042514176
2016-09-29,0.24408270379797137
2016-09-30,0.23882010675688864
2016-10-10,0.24516913714085656
2016-10-11,0.24350412183395392
2016-10-12,0.2406301813744827
2016-10-13,0.2442118058779388
2016-10-14,0.24455710011331952
2016-10-17,0.2438731643800289
2016-10-18,0.2363974549850242
2016-10-19,0.22879417742866268
2016-10-20,0.2296234495633171
2016-10-21,0.23059958661228527
2016-10-24,0.22941017398121313
2016-10-25,0.2306000840629987
2016-10-26,0.23450380088645154
2016-10-27,0.2327521344507071
2016-10-28,0.23352137819782215
2016-10-31,0.2374045318130157
2016-11-01,0.23272679980304806
2016-11-02,0.23320001283422942
2016-11-03,0.2276212675563914
2016-11-04,0.2295606449792922
2016-11-07,0.2284053207835023
2016-11-08,0.22315431740798763
2016-11-09,0.22322772012052652
2016-11-10,0.21967263992817102
2016-11-11,0.22298258924474942
2016-11-14,0.22727692510564226
2016-11-15,0.22369988931546797
2016-11-16,0.22101668691415285
2016-11-17,0.21777536353969937
2016-11-18,0.22036112536245236
2016-11-21,0.22261733908945824
2016-11-22,0.22082105955695364
2016-11-23,0.24722098229820264
2016-11-24,0.3130783752593466
2016-11-25,0.3162973563821199
2016-11-28,0.32534308553493807
2016-11-29,0.34098325917903466
2016-11-30,0.32827246617704353
2016-12-01,0.32947030627385826
2016-12-02,0.36314098203553374
2016-12-05,0.394284162131276
2016-12-06,0.3942738994196787
2016-12-07,0.38258455571588584
2016-12-08,0.3764569420501733
2016-12-09,0.3721563780674468
2016-12-12,0.3988128496387265
2016-12-13,0.39560912139533305
2016-12-14,0.39412828011073725
2016-12-15,0.3779813657059396
2016-12-16,0.37131771402512065
2016-12-19,0.3695264411470326
2016-12-20,0.3611567685633859
2016-12-21,0.3491534396527204
2016-12-22,0.34590359320091335
2016-12-23,0.35416353495332686
2016-12-26,0.35224660737711777
2016-12-27,0.3458758169236234
2016-12-28,0.3420735451319806
2016-12-29,0.33600959895309607
2016-12-30,0.33185716320988284
2017-01-03,0.3264891114416179
2017-01-04,0.31697570997630886
2017-01-05,0.2973344788905968
2017-01-06,0.3052748068150848
2017-01-09,0.3049228654620478
2017-01-10,0.3024918661525562
2017-01-11,0.3013268893486098
2017-01-12,0.2976431358278278
2017-01-13,0.30466686681773075
2017-01-16,0.32241273279698346
2017-01-17,0.3120936167355012
2017-01-18,0.3069642066835022
2017-01-19,0.30373802876330835
2017-01-20,0.2906520228496379
2017-01-23,0.2858487505080063
2017-01-24,0.28231791985944116
2017-01-25,0.27711141965988145
2017-01-26,0.2711978234484667
2017-02-03,0.27265232978632536
2017-02-06,0.26823264845089423
2017-02-07,0.2615759081225689
2017-02-08,0.2564003974575566
2017-02-09,0.2508616611697862
2017-02-10,0.24221082888935405
2017-02-13,0.24992108213000142
2017-02-14,0.2531965322257773
2017-02-15,0.25630922590964944
2017-02-16,0.25801258801225935
2017-02-17,0.2621902630397955
2017-02-20,0.26625464893849216
2017-02-21,0.2635949225745214
2017-02-22,0.2573905030248324
2017-02-23,0.2586270945791916
2017-02-24,0.25664330228180876
2017-02-27,0.2545969073684217
2017-02-28,0.2512862874670601
2017-03-01,0.24918324902780412
2017-03-02,0.24583454878764255
2017-03-03,0.24493248864404174
2017-03-06,0.2400161859282068
2017-03-07,0.2374182424017448
2017-03-08,0.23154195484524154
2017-03-09,0.23528004170534197
2017-03-10,0.23149601750977306
2017-03-13,0.22842407612832516
2017-03-14,0.22596551726225245
2017-03-15,0.22703934203330742
2017-03-16,0.22127057263380562
2017-03-17,0.22339856064971494
2017-03-20,0.2273471599871002
2017-03-21,0.2273328995075629
2017-03-22,0.23463078375943408
2017-03-23,0.23802904996653507
2017-03-24,0.24075828093725699
2017-03-27,0.2455737242330563
2017-03-28,0.24873050716438058
2017-03-29,0.2570305250844663
2017-03-30,0.26490199112403423
2017-03-31,0.2675090152724555
2017-04-05,0.2764954388971002
2017-04-06,0.27515278338408933
2017-04-07,0.2765536529655982
2017-04-10,0.29298745716502406
2017-04-11,0.29272386633170316
2017-04-12,0.29696136345578916
2017-04-13,0.2833245612339858
2017-04-14,0.27743261148079673
2017-04-17,0.2937355004719365
2017-04-18,0.3017342510569918
2017-04-19,0.30418617582549434
2017-04-20,0.31593862490114105
2017-04-21,0.3029582154083254
2017-04-24,0.31025002074410746
2017-04-25,0.30519415813516143
2017-04-26,0.3094050604875627
2017-04-27,0.3082747143056304
2017-04-28,0.29838886545928034
2017-05-02,0.2967044200451448
2017-05-03,0.28180960672194594
2017-05-04,0.2749003034973387
2017-05-05,0.2733970873765754
2017-05-08,0.27827341323433885
2017-05-09,0.2742688445380835
2017-05-10,0.2735843079492938
2017-05-11,0.2786125915578692
2017-05-12,0.2776030865990723
2017-05-15,0.2739361385780125
2017-05-16,0.2668139431053818
2017-05-17,0.25843051019206775
2017-05-18,0.2544433983128725
2017-05-19,0.249756391544808
2017-05-22,0.2581392298729043
2017-05-23,0.2723373563898604
2017-05-24,0.2698716504595135
2017-05-25,0.2609974702916519
2017-05-26,0.2547933211283299
2017-05-31,0.24970320683815517
2017-06-01,0.2549126227788235
2017-06-02,0.25257841170331224
2017-06-05,0.24487328905677497
2017-06-06,0.23602131316139635
2017-06-07,0.23085978643818536
2017-06-08,0.23277837472109733
2017-06-09,0.23728478378597712
2017-06-12,0.24578882852804
2017-06-13,0.2510165650472919
2017-06-14,0.24658175150125144
2017-06-15,0.24125081907816254
2017-06-16,0.2338189575458743
2017-06-19,0.23194457109742583
2017-06-20,0.2298746589497553
2017-06-21,0.2270372327279283
2017-06-22,0.2285314071605988
2017-06-23,0.22845327018476114
2017-06-26,0.2278678223508831
2017-06-27,0.2239422186833065
2017-06-28,0.22330497272203154
2017-06-29,0.21730757627460598
2017-06-30,0.2119175994413757
2017-07-03,0.2110861953243213
2017-07-04,0.20801073733131342
2017-07-05,0.20754123040527905
2017-07-06,0.20997211661729884
2017-07-07,0.21385518840214862
2017-07-10,0.2264013469904283
2017-07-11,0.243757358532083
2017-07-12,0.26009095852713066
2017-07-13,0.26101285402775176
2017-07-14,0.261334828196139
2017-07-17,0.279848121649026
2017-07-18,0.2892445323385005
2017-07-19,0.2854063327491756
2017-07-20,0.28109162468709387
2017-07-21,0.2790953093446602
2017-07-24,0.27527951166544873
2017-07-25,0.26930848057000334
2017-07-26,0.26667191989532274
2017-07-27,0.2692530110291005
2017-07-28,0.265095037464493
2017-07-31,0.26298393359550853
2017-08-01,0.25823920081732876
2017-08-02,0.2527769682853633
2017-08-03,0.24834571029889752
2017-08-04,0.2480340770251812
2017-08-07,0.2427139083081312
2017-08-08,0.23762110677191925
2017-08-09,0.2327030781241997
2017-08-10,0.2333940902301849
2017-08-11,0.23364588130270178
2017-08-14,0.2272286516633715
2017-08-15,0.22379292055647992
2017-08-16,0.21569043218017644
2017-08-17,0.21072238837254728
2017-08-18,0.20799121891413608
2017-08-21,0.20476540809814875
2017-08-22,0.20221522127695218
2017-08-23,0.20045656028964995
2017-08-24,0.19996542413073928
2017-08-25,0.1967985527329192
2017-08-28,0.1968195111904461
2017-08-29,0.19646268390478108
2017-08-30,0.19566003454874104
2017-08-31,0.19805486839395
2017-09-01,0.19828591409687008
2017-09-04,0.20254255570010155
2017-09-05,0.2006349137640663
2017-09-06,0.19945844261592574
2017-09-07,0.19947095763168915
2017-09-08,0.20047136525947895
2017-09-11,0.20144903719558432
2017-09-12,0.20595966081938505
2017-09-13,0.2025520024058976
2017-09-14,0.202181758866619
2017-09-15,0.19621804237144908
2017-09-18,0.1933408093718298
2017-09-19,0.19101799961367852
2017-09-20,0.1880154121345145
2017-09-21,0.18784297996894436
2017-09-22,0.1941212280723035
2017-09-25,0.19915192521332264
2017-09-26,0.20048673251017574
2017-09-27,0.1951583856103435
2017-09-28,0.19577152580740334
2017-09-29,0.19258369219520838
2017-10-09,0.19267958275223163
2017-10-10,0.19255896058463198
2017-10-11,0.19912454746039973
2017-10-12,0.19646320520238358
2017-10-13,0.19621320792608807
2017-10-16,0.2014755542612218
2017-10-17,0.20545993069077081
2017-10-18,0.20437254680779776
2017-10-19,0.20714668805870762
2017-10-20,0.20018497845436078
2017-10-23,0.19675568123409012
2017-10-24,0.19265529177447244
2017-10-25,0.18790667385000423
2017-10-26,0.19381948806902463
2017-10-27,0.19393720101203812
2017-10-30,0.20404274044666806
2017-10-31,0.21132501734695638
2017-11-01,0.21148042984991564
2017-11-02,0.2112519348108753
2017-11-03,0.21101770252334995
2017-11-06,0.20662126538377426
2017-11-07,0.20410887202592118
2017-11-08,0.20186443624277284
2017-11-09,0.1992257051529709
2017-11-10,0.20614810712259923
2017-11-13,0.21256604060933096
2017-11-14,0.21083854445233347
2017-11-15,0.21364164980668546
2017-11-16,0.21521759986254785
2017-11-17,0.22421643444583245
2017-11-20,0.2293592360038689
2017-11-21,0.22652321122122349
2017-11-22,0.22236030677533974
2017-11-23,0.2199746801157801
2017-11-24,0.217135812761993
2017-11-27,0.216816550397137
2017-11-28,0.20930338831694642
2017-11-29,0.21322750879076094
2017-11-30,0.20660242075722327
2017-12-01,0.20622180869350043
2017-12-04,0.207839358398007
2017-12-05,0.2107481652497954
2017-12-06,0.20526200561039648
2017-12-07,0.1992909890963805
2017-12-08,0.19151436401336447
2017-12-11,0.1853552814383712
2017-12-12,0.18090877190662813
2017-12-13,0.1749046045445355
2017-12-14,0.17194766340201398
2017-12-15,0.17145198645672638
2017-12-18,0.17440933332231617
2017-12-19,0.16878756087161245
2017-12-20,0.1679968317418491
2017-12-21,0.16627786351844065
2017-12-22,0.16467614151074741
2017-12-25,0.17103135661907287
2017-12-26,0.17365119588550634
2017-12-27,0.17432141257774855
2017-12-28,0.17306206167022078
2017-12-29,0.17243519338162794
2018-01-02,0.17034386475259022
2018-01-03,0.16952569530588057
2018-01-04,0.16882887483351577
2018-01-05,0.17503288311196402
2018-01-08,0.17862245973506716
2018-01-09,0.17934166478668578
2018-01-10,0.18926941941316724
2018-01-11,0.18812972741624287
2018-01-12,0.2032261971515697
2018-01-15,0.21662290334497053
2018-01-16,0.22019947868395898
2018-01-17,0.22853148816250532
2018-01-18,0.2232726806691405
2018-01-19,0.21986229277606853
2018-01-22,0.26104205401482855
2018-01-23,0.25424135043576196
2018-01-24,0.2509533578081205
2018-01-25,0.24553426659638652
2018-01-26,0.24632458046390174
2018-01-29,0.2481424345589088
2018-01-30,0.24990973559303817
2018-01-31,0.26944289292437973
2018-02-01,0.2895277263810564
2018-02-02,0.2977886763392847
2018-02-05,0.2994995215308297
2018-02-06,0.3169725063358546
2018-02-07,0.31959565270770984
2018-02-08,0.30868762843298775
2018-02-09,0.30971963557449084
2018-02-12,0.2987663346211432
2018-02-13,0.2844256772266734
2018-02-14,0.2787723653301529
2018-02-22,0.26888389342190594
2018-02-23,0.2607244049147713
2018-02-26,0.2528074873252115
2018-02-27,0.2516937346172199
2018-02-28,0.24917258804230852
2018-03-01,0.24223273940449397
2018-03-02,0.24213969851585873
2018-03-05,0.2415434175452799
2018-03-06,0.23728966753601358
2018-03-07,0.22887283999805774
2018-03-08,0.22675473064116225
2018-03-09,0.22326000947659017
2018-03-12,0.219984966668926
2018-03-13,0.22045715663939758
2018-03-14,0.21796765608512395
2018-03-15,0.2266311124103223
2018-03-16,0.22648267759079485
2018-03-19,0.22751481431879256
2018-03-20,0.22716239056027465
2018-03-21,0.2270388080748185
2018-03-22,0.2283565144376006
2018-03-23,0.24845645828252094
2018-03-26,0.25221195349924275
2018-03-27,0.2472870965657174
2018-03-28,0.2481387623791225
2018-03-29,0.2438713704784716
2018-03-30,0.23840421300534645
2018-04-02,0.24010784718781217
2018-04-03,0.24050507704968413
2018-04-04,0.2402435146136212
2018-04-09,0.23781158466231975
2018-04-10,0.24780518058398096
2018-04-11,0.23654681336199276
2018-04-12,0.23344164356922015
2018-04-13,0.22773643067721186
2018-04-16,0.23057792224247592
2018-04-17,0.22888245034188
2018-04-18,0.22523869554775666
2018-04-19,0.22582680433126442
2018-04-20,0.22738761996601947
2018-04-23,0.24575044996085796
2018-04-24,0.24182622144841417
2018-04-25,0.2384532964636869
2018-04-26,0.2714680418948394
2018-04-27,0.27875153265453656
2018-05-02,0.28934546557037377
2018-05-03,0.28272249363984653
2018-05-04,0.2745539339232099
2018-05-07,0.26415901222764326
2018-05-08,0.2574172935377733
2018-05-09,0.25157109933619926
2018-05-10,0.2435830105215972
2018-05-11,0.24148282292194415
2018-05-14,0.2418701512073483
2018-05-15,0.23792537342901454
2018-05-16,0.2334134276850535
2018-05-17,0.23000503566862118
2018-05-18,0.22687392427978628
2018-05-21,0.22436498826201043
2018-05-22,0.22304782789181984
2018-05-23,0.22170037202724496
2018-05-24,0.21844785732265934
2018-05-25,0.2223426945581139
2018-05-28,0.23287825737413378
2018-05-29,0.23858124539594266
2018-05-30,0.2485268612143815
2018-05-31,0.24658170895298206
2018-06-01,0.24636023972797672
2018-06-04,0.24748059687091242
2018-06-05,0.23757909007773234
2018-06-06,0.2308311465114519
2018-06-07,0.22566930006175867
2018-06-08,0.217802347386719
2018-06-11,0.21818320224200333
2018-06-12,0.21435149209032878
2018-06-13,0.21372267944843357
2018-06-14,0.21349911427157278
2018-06-15,0.22047841815573443
2018-06-19,0.23368168582997578
2018-06-20,0.23754696407111148
2018-06-21,0.24158599508192719
2018-06-22,0.23388916152677278
2018-06-25,0.22807229946316893
2018-06-26,0.2208764980895696
2018-06-27,0.21645810364263487
2018-06-28,0.21513645409459087
2018-06-29,0.20711171712731538
2018-07-02,0.20790066114899058
2018-07-03,0.20468381826017937
2018-07-04,0.20378201067906532
2018-07-05,0.20537055749376087
2018-07-06,0.203975429677348
2018-07-09,0.19751996792120588
2018-07-10,0.1927995132675688
2018-07-11,0.19200783791327858
2018-07-12,0.1843415202494179
2018-07-13,0.18228102238964747
2018-07-16,0.1831584177107181
2018-07-17,0.18010721708837668
2018-07-18,0.1693773333741057
2018-07-19,0.16986594468382496
2018-07-20,0.16615412633310556
2018-07-23,0.1811939470683013
2018-07-24,0.17945365185528264
2018-07-25,0.17892654300549124
2018-07-26,0.1806573679353188
2018-07-27,0.17087829332347756
2018-07-30,0.17319343255391856
2018-07-31,0.1713008580430742
2018-08-01,0.1687422347544301
2018-08-02,0.1768567454806235
2018-08-03,0.17661476832424156
2018-08-06,0.18072042963243715
2018-08-07,0.1745418280507502
2018-08-08,0.17459579321290897
2018-08-09,0.1672263391265739
2018-08-10,0.1605341966533009
2018-08-13,0.1577245635679034
2018-08-14,0.15255794197752973
2018-08-15,0.14941329789986718
2018-08-16,0.1488609198109975
2018-08-17,0.148587442624661
2018-08-20,0.15080591950612637
2018-08-21,0.1495347282264846
2018-08-22,0.1471592289819625
2018-08-23,0.14236705367866256
2018-08-24,0.14001874067618839
2018-08-27,0.13582524729266288
2018-08-28,0.1325743559075207
2018-08-29,0.13312908618514874
2018-08-30,0.13278985989338832
2018-08-31,0.13934042329103774
2018-09-03,0.14343373006908836
2018-09-04,0.1394421260795381
2018-09-05,0.13791635010277972
2018-09-06,0.13848375648140385
2018-09-07,0.13698117866404214
2018-09-10,0.1398946592745017
2018-09-11,0.14025153564679754
2018-09-12,0.13709806258237006
2018-09-13,0.13617382523266888
2018-09-14,0.1384325374795025
2018-09-17,0.14424789192609105
2018-09-18,0.14457736266529586
2018-09-19,0.14337958400841866
2018-09-20,0.14000708151626517
2018-09-21,0.13786351200894859
2018-09-25,0.13600015714494598
2018-09-26,0.13244359413282283
2018-09-27,0.13539449695868297
2018-09-28,0.13455500406544924
2018-10-08,0.14021424846007277
2018-10-09,0.15388137748672853
2018-10-10,0.1560459602686215
2018-10-11,0.16246052046849346
2018-10-12,0.1964926116783529
2018-10-15,0.18798189240821442
2018-10-16,0.19277462805793716
2018-10-17,0.1916342774909195
2018-10-18,0.21036991639717958
2018-10-19,0.19316559733197503
2018-10-22,0.18490588738910504
2018-10-23,0.18353783246338432
2018-10-24,0.17970962530732082
2018-10-25,0.17944883985017354
2018-10-26,0.17641449153910108
2018-10-29,0.17989346467434078
2018-10-30,0.1783209300399144
2018-10-31,0.17403907972628843
2018-11-01,0.1703187846277392
2018-11-02,0.16627759475228046
2018-11-05,0.16610285316479656
2018-11-06,0.16802368992053512
2018-11-07,0.16419886535787268
2018-11-08,0.16149338718153652
2018-11-09,0.15965899912432288
2018-11-12,0.15700067753928865
2018-11-13,0.15679643373430893
2018-11-14,0.1563693214054532
2018-11-15,0.16011080766839955
2018-11-16,0.16252744372423
2018-11-19,0.16642596725427455
2018-11-20,0.16611713359201408
2018-11-21,0.16403587786701232
2018-11-22,0.1617762841274725
2018-11-23,0.16181690530487586
2018-11-26,0.16338345247089966
2018-11-27,0.1596883063718871
2018-11-28,0.1573864354089999
2018-11-29,0.15485199608582437
2018-11-30,0.15591663054405605
2018-12-03,0.15156493801610285
2018-12-04,0.14813097262532693
2018-12-05,0.14778013850775995
2018-12-06,0.14537745887160902
2018-12-07,0.1441999137976843
2018-12-10,0.14422568663334942
2018-12-11,0.14024070285357162
2018-12-12,0.13528910423769214
2018-12-13,0.1310347811546472
2018-12-14,0.13006786192588055
2018-12-17,0.13087505979443378
2018-12-18,0.12923160351283638
2018-12-19,0.12699963196251687
2018-12-20,0.12362267173923328
2018-12-21,0.12198439117752197
2018-12-24,0.12077440443513933
2018-12-25,0.12292432474773392
2018-12-26,0.12400533644186987
2018-12-27,0.12423745654716878
2018-12-28,0.12567942375739635
2019-01-02,0.13171836735125336
2019-01-03,0.13848802900713666
2019-01-04,0.1355980158783505
2019-01-07,0.13559881485959507
2019-01-08,0.13489515410573383
2019-01-09,0.13255653013348354
2019-01-10,0.13197351246479047
2019-01-11,0.13187587600589165
2019-01-14,0.13276895726638108
2019-01-15,0.1307125681762317
2019-01-16,0.1309554144387073
2019-01-17,0.13095605449630032
2019-01-18,0.1325538088638054
2019-01-21,0.1298900143874067
2019-01-22,0.12817542541415033
2019-01-23,0.12749159729527015
2019-01-24,0.12637336850132755
2019-01-25,0.12840115187186085
2019-01-28,0.13239363999563722
2019-01-29,0.13756014886451304
2019-01-30,0.1394401915350788
2019-01-31,0.14752363268407587
2019-02-01,0.14417210646007436
2019-02-11,0.1376868205218334
2019-02-12,0.13314889044364703
2019-02-13,0.12997319440020036
2019-02-14,0.129819047059232
2019-02-15,0.12746592091223385
2019-02-18,0.12406001436864525
2019-02-19,0.1328799293689649
2019-02-20,0.13424106397735955
2019-02-21,0.134027548823474
2019-02-22,0.134360828119945
2019-02-25,0.13439702636730697
2019-02-26,0.1446008459846189
2019-02-27,0.14801874878620266
2019-02-28,0.14911864578648398
2019-03-01,0.14596291590624172
2019-03-04,0.1457643935078612
2019-03-05,0.14723522958288765
2019-03-06,0.14979583522987344
2019-03-07,0.15598036774487856
2019-03-08,0.16342764489303818
2019-03-11,0.16214255570493025
2019-03-12,0.16101640236671852
2019-03-13,0.16719617281618598
2019-03-14,0.1668499816287962
2019-03-15,0.16243892898582246
2019-03-18,0.16213421489384158
2019-03-19,0.15845832441414084
2019-03-20,0.1558759622971157
2019-03-21,0.15131126993626012
2019-03-22,0.15127963142565237
2019-03-25,0.15310110126222293
2019-03-26,0.15198698409895015
2019-03-27,0.1539860963261634
2019-03-28,0.15274898406406973
2019-03-29,0.14742490366822586
2019-04-01,0.14239398272170747
2019-04-02,0.1415835274888741
2019-04-03,0.14073466122473066
2019-04-04,0.14034680579876535
2019-04-08,0.1444655754609653
2019-04-09,0.22902305104076714
2019-04-10,0.31863149065288054
2019-04-11,0.3536625736272968
2019-04-12,0.3478906613062545
2019-04-15,0.34238702990965714
2019-04-16,0.335410915338113
2019-04-17,0.33033031103784016
2019-04-18,0.32767788750922905
2019-04-19,0.34773382000613146
2019-04-22,0.36892370552562215
2019-04-23,0.36755900606764985
2019-04-24,0.36212927449327253
2019-04-25,0.35639755230472253
2019-04-26,0.36430949060575096
2019-04-29,0.37784321556387385
2019-04-30,0.3810545964420653
2019-05-06,0.37921625142776116
2019-05-07,0.3763034225773243
2019-05-08,0.3713710653500255
2019-05-09,0.35800257680555975
2019-05-10,0.3364184506659007
2019-05-13,0.34313963776404877
2019-05-14,0.3312757754524318
2019-05-15,0.31812610029496285
2019-05-16,0.3091429107092162
2019-05-17,0.3060171996917284
2019-05-20,0.3146775533137569
2019-05-21,0.304689211670108
2019-05-22,0.29776629819928807
2019-05-23,0.294608649856369
2019-05-24,0.2954462591301499
2019-05-27,0.28270316517063154
2019-05-28,0.2753731016227309
2019-05-29,0.26733761067584677
2019-05-30,0.26893951929752924
2019-05-31,0.2675107002418733
2019-06-03,0.27405940664776596
2019-06-04,0.27338193905474983
2019-06-05,0.26940917816563303
2019-06-06,0.271673821274215
2019-06-10,0.26567696036966176
2019-06-11,0.25553523387767674
2019-06-12,0.25140712153512534
2019-06-13,0.2494418351652405
2019-06-14,0.252707036110468
2019-06-17,0.249333837565326
2019-06-18,0.24577853128516264
2019-06-19,0.2399684173828691
2019-06-20,0.23545610771884107
2019-06-21,0.23541747188350956
2019-06-24,0.23726756602379662
2019-06-25,0.23902856723874533
2019-06-26,0.23610314492268852
2019-06-27,0.2314681257377558
2019-06-28,0.22733641023414514
2019-07-01,0.2240132997962817
2019-07-02,0.22630782311788594
2019-07-03,0.22488729461132986
2019-07-04,0.22003882273198055
2019-07-05,0.21631066702460022
2019-07-08,0.2184661082248007
2019-07-09,0.21648753944117727
2019-07-10,0.21499195393136927
2019-07-11,0.21300553088413376
2019-07-12,0.2132341159001531
2019-07-15,0.21732323609284812
2019-07-16,0.21215873565398863
2019-07-17,0.2083962086672922
2019-07-18,0.20518982793823326
2019-07-19,0.20178639989881716
2019-07-22,0.2064383184739271
2019-07-23,0.2059644161243233
2019-07-24,0.20161010837817084
2019-07-25,0.1971471005512418
2019-07-26,0.19594145078493488
2019-07-29,0.19543551490848096
2019-07-30,0.19174232689926513
2019-07-31,0.18690382548172033
2019-08-01,0.19205343312757095
2019-08-02,0.1942793734013863
2019-08-05,0.19140023677752227
2019-08-06,0.2018240442480202
2019-08-07,0.20364261643228082
2019-08-08,0.20193430979328977
2019-08-09,0.19972868684059944
2019-08-12,0.19675700753185385
2019-08-13,0.1976363053026708
2019-08-14,0.19394105578714696
2019-08-15,0.19158862856230352
2019-08-16,0.19042769771672768
2019-08-19,0.19146482490834368
2019-08-20,0.1908841042778232
2019-08-21,0.20139894191355964
2019-08-22,0.20215124187383315
2019-08-23,0.2030320559499776
2019-08-26,0.2020471920000619
2019-08-27,0.19966312312254364
2019-08-28,0.20173122098374519
2019-08-29,0.20017923710502647
2019-08-30,0.2011932386999449
2019-09-02,0.20044476638004835
2019-09-03,0.19881959395976173
2019-09-04,0.20050965219332498
2019-09-05,0.2044201316325802
2019-09-06,0.2030445102371827
2019-09-09,0.20019798736103828
2019-09-10,0.1987969244210499
2019-09-11,0.19726117654009429
2019-09-12,0.18903555317187004
2019-09-16,0.19319805440059912
2019-09-17,0.18809337785686694
2019-09-18,0.18737817914077579
2019-09-19,0.18683288793670355
2019-09-20,0.18791001301457683
2019-09-23,0.19045681143292
2019-09-24,0.19006118551627196
2019-09-25,0.19288105507547448
2019-09-26,0.19791463940735984
2019-09-27,0.1989875674094346
2019-09-30,0.19846875173513528
2019-10-08,0.20115737621064697
2019-10-09,0.2002001972073184
2019-10-10,0.19621871515439923
2019-10-11,0.19374813759440634
2019-10-14,0.1910230998144921
2019-10-15,0.19394097310717803
2019-10-16,0.19160139530925974
2019-10-17,0.18843110510467562
2019-10-18,0.18730053420875203
2019-10-21,0.19215557357901222
2019-10-22,0.18895581897991856
2019-10-23,0.1863647726096765
2019-10-24,0.18346130014534986
2019-10-25,0.18465810022755275
2019-10-28,0.18837802996367986
2019-10-29,0.2033729937089261
2019-10-30,0.21129119345030295
2019-10-31,0.21451888936516997
2019-11-01,0.22672318213468365
2019-11-04,0.22799652035531306
2019-11-05,0.2241528022601205
2019-11-06,0.22067637281373986
2019-11-07,0.2144160588205503
2019-11-08,0.20958171127748057
2019-11-11,0.21163566687840762
2019-11-12,0.21456473300247927
2019-11-13,0.21388176431380065
2019-11-14,0.2092215655880787
2019-11-15,0.21004217676075956
2019-11-18,0.20802296046494423
2019-11-19,0.20109262979805445
2019-11-20,0.19791018184051307
2019-11-21,0.19665302764786585
2019-11-22,0.19569317260706362
2019-11-25,0.2025598167950094
2019-11-26,0.2021554255452832
2019-11-27,0.19919334039526268
2019-11-28,0.19492389729472823
2019-11-29,0.1909036900809022
2019-12-02,0.18921218084444916
2019-12-03,0.19952340218143094
2019-12-04,0.20008730064230348
2019-12-05,0.19513112284747836
2019-12-06,0.19313053335175134
2019-12-09,0.19333778649700234
2019-12-10,0.19302711531369332
2019-12-11,0.19395940394788283
2019-12-12,0.19433169810698228
2019-12-13,0.1911357792759568
2019-12-16,0.1902668272096824
2019-12-17,0.1885208582910534
2019-12-18,0.19013534066766205
2019-12-19,0.19122111746891154
2019-12-20,0.19404668367664826
2019-12-23,0.1988404973619542
2019-12-24,0.19734246821354734
2019-12-25,0.19680673599804507
2019-12-26,0.19518218268777632
2019-12-27,0.19592285600569445
2019-12-30,0.20072629333778594
2019-12-31,0.19875546693095547
2020-01-02,0.19695186779305954
2020-01-03,0.19835384197043587
2020-01-06,0.20449478825300305
2020-01-07,0.20499471400476807
2020-01-08,0.21335229176517678
2020-01-09,0.21102777019148627
2020-01-10,0.20855695191455983
2020-01-13,0.2078680155791182
2020-01-14,0.20745336882141405
2020-01-15,0.20577539130512243
2020-01-16,0.20716734847044055
2020-01-17,0.20825483467829448
2020-01-20,0.2140025709386487
2020-01-21,0.21779496310331992
2020-01-22,0.21422578148944002
2020-01-23,0.21915936963054558
2020-02-03,0.22630156731281892
2020-02-04,0.2672894496822915
2020-02-05,0.26110935159566423
2020-02-06,0.2599838236773271
2020-02-07,0.26188847279836114
2020-02-10,0.2661910240404748
2020-02-11,0.2615053043468185
2020-02-12,0.2525009933906142
2020-02-13,0.24590723781356164
2020-02-14,0.23865480360992467
2020-02-17,0.23186929498363285
2020-02-18,0.22852097463453083
2020-02-19,0.2295229821767031
2020-02-20,0.2235903796585655
2020-02-21,0.22203960470671222
2020-02-24,0.22612022662215528
2020-02-25,0.23349107920705683
2020-02-26,0.23712808345102004
2020-02-27,0.23763307272065057
2020-02-28,0.23621118562878007
2020-03-02,0.2352730934259182
2020-03-03,0.22993134460507542
2020-03-04,0.22725161045944872
2020-03-05,0.23136736755412865
2020-03-06,0.22924458471102657
2020-03-09,0.2346301068718357
2020-03-10,0.23058822226510678
2020-03-11,0.22704326573791944
2020-03-12,0.2243101694398346
2020-03-13,0.2244671777726524
2020-03-16,0.20937051029459963
2020-03-17,0.21207314308485561
2020-03-18,0.20723850350157175
2020-03-19,0.22369448245970883
2020-03-20,0.22146750145905608
2020-03-23,0.20889684726315563
2020-03-24,0.20610034841288769
2020-03-25,0.20126357281754145
2020-03-26,0.19785891549102672
2020-03-27,0.196145332124616
2020-03-30,0.19877571626882518
2020-03-31,0.1965212079801993
2020-04-01,0.19172992363481212
2020-04-02,0.18473839000707348
2020-04-03,0.1808828812522319
2020-04-07,0.17446875886626578
2020-04-08,0.1740424053367624
2020-04-09,0.1722098677964418
2020-04-10,0.18090355433620217
2020-04-13,0.21076596183188734
2020-04-14,0.20715894799686302
2020-04-15,0.21020904971375778
2020-04-16,0.20850182162866757
2020-04-17,0.20789340615742946
2020-04-20,0.2070516954924423
2020-04-21,0.20390703179210912
2020-04-22,0.2012462885540318
2020-04-23,0.20248138541447153
2020-04-24,0.2054647934193582
2020-04-27,0.21153251836344011
2020-04-28,0.21951748411246877
2020-04-29,0.22315256942458914
2020-04-30,0.22576207685567204
2020-05-06,0.22358897178053228
2020-05-07,0.21734717772616818
2020-05-08,0.2158866694743895
2020-05-11,0.21439331426265631
2020-05-12,0.2089641947475909
2020-05-13,0.20542160021861777
2020-05-14,0.20248976144948874
2020-05-15,0.19915413679741964
2020-05-18,0.2057105004988785
2020-05-19,0.2051969777449539
2020-05-20,0.20690160356983597
2020-05-21,0.20808504790617252
2020-05-22,0.20667489954896315
2020-05-25,0.2086327850480969
2020-05-26,0.2042449195744197
2020-05-27,0.19030838579007017
2020-05-28,0.20397893287641444
2020-05-29,0.18962254187585753
2020-06-01,0.18522420048824154
2020-06-02,0.18431596738442055
2020-06-03,0.18381681811206108
2020-06-04,0.20280993098138705
2020-06-05,0.1888136464187677
2020-06-08,0.21048632338232945
2020-06-09,0.20756635266067594
2020-06-10,0.20500860057431275
2020-06-11,0.20200158844624658
2020-06-12,0.19926458740129435
2020-06-15,0.20262322838515534
2020-06-16,0.19834133208866245
2020-06-17,0.1822996126015481
2020-06-18,0.17992282810000707
2020-06-19,0.17691891417800779
2020-06-22,0.19365330304035958
2020-06-23,0.19600513938833083
2020-06-24,0.1948992841836338
2020-06-29,0.19821467846155308
2020-06-30,0.19590640213428284
2020-07-01,0.1838633342695935
2020-07-02,0.1835990536045719
2020-07-03,0.18486567841194046
2020-07-06,0.18594489778533155
2020-07-07,0.19446581980450506
2020-07-08,0.1962278218086096
2020-07-09,0.19975981163273418
2020-07-10,0.20810542083236594
2020-07-13,0.2106505429363581
2020-07-14,0.21871805074691125
2020-07-15,0.22592203371539513
2020-07-16,0.22240408774892986
2020-07-17,0.22056989472185062
2020-07-20,0.2166424291816199
2020-07-21,0.2126214031356883
2020-07-22,0.20795090108399394
2020-07-23,0.20452446500018193
2020-07-24,0.20231295547761802
2020-07-27,0.20563737648730007
2020-07-28,0.20081009758848073
2020-07-29,0.1926548350058633
2020-07-30,0.19702463928779354
2020-07-31,0.1931422829499113
2020-08-03,0.19283396514495285
2020-08-04,0.19565844857474518
2020-08-05,0.19442804753564297
2020-08-06,0.19352883187513478
2020-08-07,0.19341800936208695
2020-08-10,0.19717161660885776
2020-08-11,0.1952903770702125
2020-08-12,0.19515290868190005
2020-08-13,0.19136655567413743
2020-08-14,0.18739633638548314
2020-08-17,0.1820783264682266
2020-08-18,0.17842576331638726
2020-08-19,0.17776902203248557
2020-08-20,0.17689226425268498
2020-08-21,0.17459132070426725
2020-08-24,0.1754364487358333
2020-08-25,0.17812820131237195
2020-08-26,0.17803498751159652
2020-08-27,0.17908173365969288
2020-08-28,0.18070025777098234
2020-08-31,0.1791421105683497
2020-09-01,0.1759241935808423
2020-09-02,0.175293093375003
2020-09-03,0.1763225023137716
2020-09-04,0.173020443457423
2020-09-07,0.17876364524118715
2020-09-08,0.180637288467105
2020-09-09,0.18560741594351765
2020-09-10,0.194148986530683
2020-09-11,0.1895718164664111
2020-09-14,0.18719747003275292
2020-09-15,0.18070698861097292
2020-09-16,0.17335171291544238
2020-09-17,0.16860435986201985
2020-09-18,0.16333087398254145
2020-09-21,0.16599367293555317
2020-09-22,0.1611470443807232
2020-09-23,0.15750231620752247
2020-09-24,0.15277991146544026
2020-09-25,0.15097731370768888
2020-09-28,0.15481594082666958
2020-09-29,0.15350777423737633
2020-09-30,0.1504487894078547
2020-10-09,0.14992947877475982
2020-10-12,0.14808623933405993
2020-10-13,0.14485343669448064
2020-10-14,0.15202118346686297
2020-10-15,0.15236169429020974
2020-10-16,0.1508652591451395
2020-10-19,0.14948362216376399
2020-10-20,0.14630163962534518
2020-10-21,0.1449662178746179
2020-10-22,0.14509298784997446
2020-10-23,0.14675014488225221
2020-10-26,0.15015502601748879
2020-10-27,0.15075788080973473
2020-10-28,0.15551380828886377
2020-10-29,0.15905305762095273
2020-10-30,0.1687348567757987
2020-11-02,0.1793347315426938
2020-11-03,0.1753732180129292
2020-11-04,0.17206993744796414
2020-11-05,0.16777175634792896
2020-11-06,0.1815320376630392
2020-11-09,0.17963741601888641
2020-11-10,0.17975572632485928
2020-11-11,0.17862225963793577
2020-11-12,0.17832630502977914
2020-11-13,0.17472451687334564
2020-11-16,0.17457496310988468
2020-11-17,0.17630127135623472
2020-11-18,0.17540628026427113
2020-11-19,0.1716893032599395
2020-11-20,0.16777352508839072
2020-11-23,0.16648448297098378
2020-11-24,0.16275857247833708
2020-11-25,0.1634136831805358
2020-11-26,0.16219587827343032
2020-11-27,0.16008621986097496
2020-11-30,0.16018850133253792
2020-12-01,0.1578878430986003
2020-12-02,0.1601010695883064
2020-12-03,0.1589268589942019
2020-12-04,0.15661116586085988
2020-12-07,0.15658347380145024
2020-12-08,0.16185868944556908
2020-12-09,0.16861556864868396
2020-12-10,0.16981891739308552
2020-12-11,0.17547034993477764
2020-12-14,0.1803799748843576
2020-12-15,0.18689038527320986
2020-12-16,0.18772539273760264
2020-12-17,0.18704066087115534
2020-12-18,0.18490226545444555
2020-12-21,0.18723420725602205
2020-12-22,0.1880392003438709
2020-12-23,0.19031374655165234
2020-12-24,0.19417286054649527
2020-12-25,0.19699073223187316
2020-12-28,0.20326064926916415
2020-12-29,0.2076523790054636
2020-12-30,0.20372552503317204
2020-12-31,0.19870924636648862
2021-01-04,0.201668061149102
2021-01-05,0.2052568429907997
2021-01-06,0.21333761529437692
2021-01-07,0.21898534304194917
2021-01-08,0.22029826837329425
2021-01-11,0.230853076365103
2021-01-12,0.22849543040200007
2021-01-13,0.23112136961839003
2021-01-14,0.23239705578151384
2021-01-15,0.23042155598593664
2021-01-18,0.2253356974716816
2021-01-19,0.2229604835349122
2021-01-20,0.2252570758087114
2021-01-21,0.2200969151620851
2021-01-22,0.2226789727336656
2021-01-25,0.2267833904467168
2021-01-26,0.22547670092450134
2021-01-27,0.22343022635588886
2021-01-28,0.22033741097873322
2021-01-29,0.2229455634123162
2021-02-01,0.23233892770973608
2021-02-02,0.2441508211658433
2021-02-03,0.2426581550317766
2021-02-04,0.2429044545713623
2021-02-05,0.2427542191838127
2021-02-08,0.2405117614054282
2021-02-09,0.23285766137939717
2021-02-10,0.2240641810878379
2021-02-18,0.2255083632118466
2021-02-19,0.223218474003029
2021-02-22,0.22516577724376122
2021-02-23,0.22437025334160127
2021-02-24,0.21896331655048512
2021-02-25,0.23506143600259527
2021-02-26,0.23183040037953148
2021-03-01,0.2268684033476001
2021-03-02,0.2110164576402122
2021-03-03,0.205070765310537
2021-03-04,0.20206039402796516
2021-03-05,0.20042075561954867
2021-03-08,0.20114135435553404
2021-03-09,0.22217951762847926
2021-03-10,0.22157376916454966
2021-03-11,0.21596833962068016
2021-03-12,0.2131776916824528
2021-03-15,0.2150594172956011
2021-03-16,0.2196403055729358
2021-03-17,0.2213903724630244
2021-03-18,0.2186303573975005
2021-03-19,0.21919056034009612
2021-03-22,0.21891657263893313
2021-03-23,0.22273127548014984
2021-03-24,0.2241242764882898
2021-03-25,0.2243298437259003
2021-03-26,0.22007794652630905
2021-03-29,0.2206405268432662
2021-03-30,0.2226471896539067
2021-03-31,0.22304683891215657
2021-04-01,0.22167139002844466
2021-04-02,0.22285320631503933
2021-04-06,0.22082343333991017
2021-04-07,0.21769537626159485
2021-04-08,0.21506216130693287
2021-04-09,0.21310863236103164
2021-04-12,0.2168961649571871
2021-04-13,0.20997299544139333
2021-04-14,0.20795464172439437
2021-04-15,0.20918802349786822
2021-04-16,0.2067125475002595
2021-04-19,0.20590148795032756
2021-04-20,0.20392483463966357
2021-04-21,0.20080750956607935
2021-04-22,0.19855690314741337
2021-04-23,0.19787707166951995
2021-04-26,0.20225073805216187
2021-04-27,0.20820956182159475
2021-04-28,0.21549367757683766
2021-04-29,0.21785622094082982
2021-04-30,0.22447602513044257
2021-05-06,0.22859299383864545
2021-05-07,0.2274925049818492
2021-05-10,0.22801977215582225
2021-05-11,0.22424962591643374
2021-05-12,0.2195983754991813
2021-05-13,0.21448503650887563
2021-05-14,0.2117486680493988
2021-05-17,0.21133732695147706
2021-05-18,0.20759396667729907
2021-05-19,0.20449615392961482
2021-05-20,0.20244880250595906
2021-05-21,0.19759540035131193
2021-05-24,0.19601317995779052
2021-05-25,0.19694916317558664
2021-05-26,0.19391994907200383
2021-05-27,0.1939387399664028
2021-05-28,0.19266805909906834
2021-05-31,0.19428931004842873
2021-06-01,0.19325493845956856
2021-06-02,0.19505719607439748
2021-06-03,0.19553869391508322
2021-06-04,0.19408883256820372
2021-06-07,0.19434227408871946
2021-06-08,0.19278240832637739
2021-06-09,0.1898522744439657
2021-06-10,0.18840751375328105
2021-06-11,0.1921862972904896
2021-06-15,0.20264669924354894
2021-06-16,0.20163983570190847
2021-06-17,0.1989649206320186
2021-06-18,0.19934064476553034
2021-06-21,0.21437166870701363
2021-06-22,0.2302579306436358
2021-06-23,0.232910558294693
2021-06-24,0.23403004916084927
2021-06-25,0.23009298658402508
2021-06-28,0.23076977105284904
2021-06-29,0.22987967206801363
2021-06-30,0.2298104244191861
2021-07-01,0.23139393716653206
2021-07-02,0.23007223316662853
2021-07-05,0.23122813182356172
2021-07-06,0.22748479053155174
2021-07-07,0.22358468554986
2021-07-08,0.2244217842346322
2021-07-09,0.22481823153027167
2021-07-12,0.22555390528852257
2021-07-13,0.2246803456978585
2021-07-14,0.22455069905690123
2021-07-15,0.22622618196167968
2021-07-16,0.22772533238784184
2021-07-19,0.2372714654758665
2021-07-20,0.23146076322200312
2021-07-21,0.23123302699258777
2021-07-22,0.2317440864577762
2021-07-23,0.2343556153496299
2021-07-26,0.23895213633971768
2021-07-27,0.2419762019808748
2021-07-28,0.2507256451537345
2021-07-29,0.24654810299279906
2021-07-30,0.2501660747108051
2021-08-02,0.2498160251878028
2021-08-03,0.23777217869985545
2021-08-04,0.2317289455318516
2021-08-05,0.227889349908754
2021-08-06,0.22271692401634804
2021-08-09,0.22349679895886457
2021-08-10,0.2179785388230838
2021-08-11,0.21417605419900362
2021-08-12,0.2106980247987409
2021-08-13,0.20746798900225089
2021-08-16,0.20956209574913298
2021-08-17,0.20646914178348266
2021-08-18,0.20491432919037456
2021-08-19,0.2040148029559051
2021-08-20,0.20437489303970138
2021-08-23,0.21069049914426652
2021-08-24,0.20909667266198165
2021-08-25,0.20803060388076441
2021-08-26,0.2077453932356153
2021-08-27,0.21009153031117095
2021-08-30,0.2178273246507362
2021-08-31,0.21974815316433505
2021-09-01,0.22521916693565838
2021-09-02,0.2251175660546678
2021-09-03,0.22332724858004926
2021-09-06,0.2191249411040576
2021-09-07,0.21289324117225047
2021-09-08,0.2109119750572408
2021-09-09,0.20739974342971887
2021-09-10,0.20310160069252817
2021-09-13,0.2029511134210129
2021-09-14,0.202286634249839
2021-09-15,0.19925484449685218
2021-09-16,0.2007828358505477
2021-09-17,0.20033798225599736
2021-09-22,0.19986764423712333
2021-09-23,0.19787815048584945
2021-09-24,0.19560319057796116
2021-09-27,0.19921132632443017
2021-09-28,0.19635009465592732
2021-09-29,0.19888725975763563
2021-09-30,0.1932254483044544
2021-10-08,0.19350445768252938
2021-10-11,0.1914075016985572
2021-10-12,0.18740045678238954
2021-10-13,0.1863624711852021
2021-10-14,0.18300438115924564
2021-10-15,0.18126467868554444
2021-10-18,0.17949937202686803
2021-10-19,0.17568933183806262
2021-10-20,0.17174175213590526
2021-10-21,0.1748296540252199
2021-10-22,0.17643777950744038
2021-10-25,0.17942036520034296
2021-10-26,0.17887223115607095
2021-10-27,0.18815921012071332
2021-10-28,0.19959570150986874
2021-10-29,0.20169387645170925
2021-11-01,0.20631730224417158
2021-11-02,0.20334020043178885
2021-11-03,0.19656326846623834
2021-11-04,0.19212399411463627
2021-11-05,0.19024846986759728
2021-11-08,0.18743834454883326
2021-11-09,0.1826483006813798
2021-11-10,0.1799322521498225
2021-11-11,0.1820063014883421
2021-11-12,0.18183319098803344
2021-11-15,0.18539526989681088
2021-11-16,0.1857981082145411
2021-11-17,0.18294464314056222
2021-11-18,0.18232917280392485
2021-11-19,0.17972393716371615
2021-11-22,0.17753620126319422
2021-11-23,0.17483036851045394
2021-11-24,0.17306658207175182
2021-11-25,0.1726620985870878
2021-11-26,0.17329429424379472
2021-11-29,0.17563047709343318
2021-11-30,0.17489403995388988
2021-12-01,0.17458814248453014
2021-12-02,0.1751179371040134
2021-12-03,0.17302226489165543
2021-12-06,0.17375299197557084
2021-12-07,0.172625408989425
2021-12-08,0.1697207166893945
2021-12-09,0.17208449738958417
2021-12-10,0.17114341561244206
2021-12-13,0.17074013479650035
2021-12-14,0.17158320312941502
2021-12-15,0.17123205301668515
2021-12-16,0.16870029361264913
2021-12-17,0.16818982416082578
2021-12-20,0.17101391644069197
2021-12-21,0.17076539946634764
2021-12-22,0.17164137670269083
2021-12-23,0.16960421403179168
2021-12-24,0.16969379868139384
2021-12-27,0.18271647344060207
2021-12-28,0.17994874667296493
2021-12-29,0.17685628437236822
2021-12-30,0.17370635278040383
2021-12-31,0.17151366981927263
2022-01-04,0.17407703989872642
2022-01-05,0.17619493429300942
2022-01-06,0.17376849204543374
2022-01-07,0.17405235478397615
2022-01-10,0.17316140870549923
2022-01-11,0.17173244959890932
2022-01-12,0.16882126727526287
2022-01-13,0.1669294178884452
2022-01-14,0.1671470597482301
2022-01-17,0.16870562402276848
2022-01-18,0.1701928489867019
2022-01-19,0.16766322698195332
2022-01-20,0.16647706835826864
2022-01-21,0.1670800824977422
2022-01-24,0.16634819074013768
2022-01-25,0.17228554382380104
2022-01-26,0.17187537994075125
2022-01-27,0.1704846660625605
2022-01-28,0.17391164213028554
2022-02-07,0.18014481709718258
2022-02-08,0.17655331223147314
2022-02-09,0.1712178383890561
2022-02-10,0.16658839979091028
2022-02-11,0.1683085062112992
2022-02-14,0.16813322635055625
2022-02-15,0.16702011725000165
2022-02-16,0.16282073884982076
2022-02-17,0.16067020345666316
2022-02-18,0.15618380797143394
2022-02-21,0.1553408081407637
2022-02-22,0.15330450190676492
2022-02-23,0.15544359636337673
2022-02-24,0.15656652528413711
2022-02-25,0.15520004807928497
2022-02-28,0.15344150449960162
2022-03-01,0.14996168563557785
2022-03-02,0.14599715285873222
2022-03-03,0.14778328196207569
2022-03-04,0.14758045856112245
2022-03-07,0.14850538608684083
2022-03-08,0.15156691521048984
2022-03-09,0.1551596479750665
2022-03-10,0.15618918066617016
2022-03-11,0.15490653211741134
2022-03-14,0.15427963144022183
2022-03-15,0.15648602798138542
2022-03-16,0.15875996368136142
2022-03-17,0.15865091866693212
2022-03-18,0.15680850965188908
2022-03-21,0.1561446712295799
2022-03-22,0.15528222581612725
2022-03-23,0.1529243641208608
2022-03-24,0.15164801626842436
2022-03-25,0.15033157214736942
2022-03-28,0.15070940221216847
2022-03-29,0.1486475339542543
2022-03-30,0.14628040564209657
2022-03-31,0.14737243623957547
2022-04-01,0.14778501344923292
2022-04-06,0.1477468892419791
2022-04-07,0.1456404178524411
2022-04-08,0.14690520989825318
2022-04-11,0.14919071153502136
2022-04-12,0.14856795289497088
2022-04-13,0.15125706065456965
2022-04-14,0.15098561486156642
2022-04-15,0.15251720191191512
2022-04-18,0.15427081017799352
2022-04-19,0.15108557737149483
2022-04-20,0.1497889889931631
2022-04-21,0.14853297323975292
2022-04-22,0.15325415786117783
2022-04-25,0.1564593834419361
2022-04-26,0.17482767698774282
2022-04-27,0.17713680868651466
2022-04-28,0.18360409140697884
2022-04-29,0.18396729136562465
2022-05-05,0.269552493400568
2022-05-06,0.2641164674641586
2022-05-09,0.2557639755157895
2022-05-10,0.24680006646577357
2022-05-11,0.24322411854812162
2022-05-12,0.23468420140569712
2022-05-13,0.22800653478180374
2022-05-16,0.2227195057374393
2022-05-17,0.2171183206377564
2022-05-18,0.21170089060092823
2022-05-19,0.20597339718314767
2022-05-20,0.20163542994900582
2022-05-23,0.19868448559781143
2022-05-24,0.19637319685300228
2022-05-25,0.19256218603534547
2022-05-26,0.1918454348658469
2022-05-27,0.19007470810731864
2022-05-30,0.19321841118898792
2022-05-31,0.19297455113704728
2022-06-01,0.19365610929790117
2022-06-02,0.19622357884426547
2022-06-06,0.19593143073206448
2022-06-07,0.19405307515535744
2022-06-08,0.18987392291549363
2022-06-09,0.18667397848734957
2022-06-10,0.18389637524563995
2022-06-13,0.1854297743222302
2022-06-14,0.18340549419198876
2022-06-15,0.18192132905594555
2022-06-16,0.18091864371814348
2022-06-17,0.1782208798497505
2022-06-20,0.18203690341884549
2022-06-21,0.1805895653238718
2022-06-22,0.1797870109591844
2022-06-23,0.17773304021828318
2022-06-24,0.18738533183302652
2022-06-27,0.19554786520654482
2022-06-28,0.19635470740547878
2022-06-29,0.19559142814910108
2022-06-30,0.19506528408340976
2022-07-01,0.19545648375589622
2022-07-04,0.19634559189561898
2022-07-05,0.19241608357031884
2022-07-06,0.19063998801722815
2022-07-07,0.18904576239410162
2022-07-08,0.18832221553048045
2022-07-11,0.19071834512441502
2022-07-12,0.19304722151586937
2022-07-13,0.19044591057559046
2022-07-14,0.19216304653454522
2022-07-15,0.19619325099848647
2022-07-18,0.1951966008295151
2022-07-19,0.19143270647523355
2022-07-20,0.18708031177496415
2022-07-21,0.18542026667995978
2022-07-22,0.18075093364082304
2022-07-25,0.17887128578960532
2022-07-26,0.1750955046188183
2022-07-27,0.17490834075908634
2022-07-28,0.17313319416267103
2022-07-29,0.17458323622794356
2022-08-01,0.17588868092737395
2022-08-02,0.17847518926169062
2022-08-03,0.18081996513379764
2022-08-04,0.17900456452864238
2022-08-05,0.1792381173300478
2022-08-08,0.1775807790968365
2022-08-09,0.17460421696132178
2022-08-10,0.17205073833621412
2022-08-11,0.17310742466327536
2022-08-12,0.17094005049788505
2022-08-15,0.16916272935143806
2022-08-16,0.16707006324282728
2022-08-17,0.16546793570306614
2022-08-18,0.16588671083301756
2022-08-19,0.16623275229081952
2022-08-22,0.16753728819346894
2022-08-23,0.16636887553189988
2022-08-24,0.16454661675963986
2022-08-25,0.1671066647860449
2022-08-26,0.1682477398651595
2022-08-29,0.16879435660169023
2022-08-30,0.16613222623545892
2022-08-31,0.1749456567628972
2022-09-01,0.17798813446375528
2022-09-02,0.17839019756850602
2022-09-05,0.17813723771513956
2022-09-06,0.1750452309656872
2022-09-07,0.1723255478312209
2022-09-08,0.17009171244389365
2022-09-09,0.16769585184329083
2022-09-13,0.16541395511245272
2022-09-14,0.16127727459048985
2022-09-15,0.1598317012277314
2022-09-16,0.16130137819567306
2022-09-19,0.16269588806589894
2022-09-20,0.15884862644315398
2022-09-21,0.1561910030996608
2022-09-22,0.1550990201584351
2022-09-23,0.15326290051271577
2022-09-26,0.15622952546700797
2022-09-27,0.15579748282934258
2022-09-28,0.15492323081730208
2022-09-29,0.1557691503175559
2022-09-30,0.15574374169687463
2022-10-10,0.16136012426805915
2022-10-11,0.16251674741209682
2022-10-12,0.16069595862107638
2022-10-13,0.16051208286024268
2022-10-14,0.16038539698741516
2022-10-17,0.16116019829754014
2022-10-18,0.15992175881040374
2022-10-19,0.15829527529465248
2022-10-20,0.15771156641447068
2022-10-21,0.1586590393898148
2022-10-24,0.16133367457222117
2022-10-25,0.16433105573230924
2022-10-26,0.1650457491195919
2022-10-27,0.16763766653172066
2022-10-28,0.17312834383681427
2022-10-31,0.18836456386179765
2022-11-01,0.18555217207186314
2022-11-02,0.18279605873049826
2022-11-03,0.17856307878634695
2022-11-04,0.17252535072746003
2022-11-07,0.169765882204784
2022-11-08,0.16305053535016686
2022-11-09,0.15940399046333886
2022-11-10,0.15789465020753746
2022-11-11,0.15810874143168588
2022-11-14,0.15993369460430282
2022-11-15,0.1582783232959657
2022-11-16,0.1551694248182717
2022-11-17,0.15201917007879145
2022-11-18,0.15096113697228786
2022-11-21,0.1514689393564207
2022-11-22,0.14942983789568237
2022-11-23,0.14899252864225476
2022-11-24,0.14564055685653468
2022-11-25,0.1430667292037267
2022-11-28,0.14215204810112708
2022-11-29,0.14176828445737577
2022-11-30,0.14251550501948204
2022-12-01,0.1428020330472371
2022-12-02,0.1419712848459416
2022-12-05,0.14507672128989416
2022-12-06,0.14246561890180912
2022-12-07,0.1400927412276418
2022-12-08,0.1388916632056948
2022-12-09,0.13936689923196613
2022-12-12,0.1399936262668519
2022-12-13,0.1382683980695899
2022-12-14,0.13677750929315197
2022-12-15,0.1338832304884628
2022-12-16,0.1319214137908867
2022-12-19,0.13021710727228036
2022-12-20,0.12744558740742976
2022-12-21,0.12436963292231774
2022-12-22,0.1258134544836106
2022-12-23,0.12493023765419486
2022-12-26,0.1264936865161868
2022-12-27,0.1262958091395978
2022-12-28,0.12446197497162576
2022-12-29,0.1231258868941835
2022-12-30,0.12071073113345271
2023-01-03,0.123312762127317
2023-01-04,0.12422888192937848
2023-01-05,0.12274795420796815
2023-01-06,0.12160159499812806
2023-01-09,0.12124326812941484
2023-01-10,0.11898439384552661
2023-01-11,0.11689565620372129
2023-01-12,0.11549982061967932
2023-01-13,0.11780928612269732
2023-01-16,0.12167895799394844
2023-01-17,0.12010293695558007
2023-01-18,0.11740010569739602
2023-01-19,0.11625393138378481
2023-01-20,0.11538387901648703
2023-01-30,0.11996775077829787
2023-01-31,0.12290171985494516
2023-02-01,0.12210115988672919
2023-02-02,0.12350528674654415
2023-02-03,0.12154376464286085
2023-02-06,0.12255201380584776
2023-02-07,0.1222387184067243
2023-02-08,0.12079851774298539
2023-02-09,0.11976750570261602
2023-02-10,0.11754819649060515
2023-02-13,0.11944569069522208
2023-02-14,0.11835938920241793
2023-02-15,0.11699788202817892
2023-02-16,0.11669102593358556
2023-02-17,0.11588334406268766
2023-02-20,0.11756637123550528
2023-02-21,0.11663648731948205
2023-02-22,0.11455221911748445
2023-02-23,0.11672868705822147
2023-02-24,0.11351750199805259
2023-02-27,0.11472337605353766
2023-02-28,0.113074743859276
2023-03-01,0.11341629535189031
2023-03-02,0.11412191472725397
2023-03-03,0.11400975882979052
2023-03-06,0.11641374639595646
2023-03-07,0.1138761192878335
2023-03-08,0.11287835035658716
2023-03-09,0.1145278094626625
2023-03-10,0.11431043273576955
2023-03-13,0.12376478978362469
2023-03-14,0.12608574382491758
2023-03-15,0.12663622021498694
2023-03-16,0.12663274114585066
2023-03-17,0.1273545732733623
2023-03-20,0.1321556824389967
2023-03-21,0.1315353152889123
2023-03-22,0.13410419994109304
2023-03-23,0.13356076804703376
2023-03-24,0.13549088290220782
2023-03-27,0.13859462734527428
2023-03-28,0.1385652235982034
2023-03-29,0.13909222810138158
2023-03-30,0.13813108283575845
2023-03-31,0.13795424512766666
2023-04-03,0.14283003090044286
2023-04-04,0.14381021099704722
2023-04-06,0.14483269447005984
2023-04-07,0.14590878006666297
2023-04-10,0.15056661657482578
2023-04-11,0.16183360306327849
2023-04-12,0.16017351706232827
2023-04-13,0.15846332144869274
2023-04-14,0.15772329869268434
2023-04-17,0.15818228589979053
2023-04-18,0.15733748163800657
2023-04-19,0.1553042901918482
2023-04-20,0.1682355641672422
2023-04-21,0.16952904211004746
2023-04-24,0.1762328057195663
2023-04-25,0.18398322094251474
2023-04-26,0.1919395674123783
2023-04-27,0.19662020148184728
2023-04-28,0.20207447042928858
2023-05-04,0.311523248596289
2023-05-05,0.30317462700963416
2023-05-08,0.29825324165450395
2023-05-09,0.2901057159289696
2023-05-10,0.2804619742306181
2023-05-11,0.26846647924475747
2023-05-12,0.25884480900791096
2023-05-15,0.2532479998499168
2023-05-16,0.24729888281987866
2023-05-17,0.2392966534784189
2023-05-18,0.23345138455264916
2023-05-19,0.22724333573032515
2023-05-22,0.2253949058798783
2023-05-23,0.2182420160798131
2023-05-24,0.21348837263528386
2023-05-25,0.21010272889159054
2023-05-26,0.21034212582267037
2023-05-29,0.21198029948276617
2023-05-30,0.20984586209809553
2023-05-31,0.20894913371814974
2023-06-01,0.210226339016497
2023-06-02,0.21130642930414226
2023-06-05,0.2090508336775988
2023-06-06,0.20735826413855343
2023-06-07,0.20602409347673573
2023-06-08,0.20424562839738727
2023-06-09,0.2062269782988173
2023-06-12,0.20956268924618565
2023-06-13,0.20645814511073343
2023-06-14,0.20648312543603398
2023-06-15,0.20961758611250147
2023-06-16,0.20697460506414692
2023-06-19,0.2071894006956502
2023-06-20,0.20477238975991074
2023-06-21,0.20388351995199652
2023-06-26,0.20586176366958958
2023-06-27,0.2046655566799212
2023-06-28,0.2008715639359686
2023-06-29,0.2010200730807284
2023-06-30,0.20039133811296164
2023-07-03,0.20177285878084153
2023-07-04,0.19815126944504652
2023-07-05,0.19414612108524848
2023-07-06,0.1829127795397861
2023-07-07,0.17799741481854114
2023-07-10,0.17760500301192617
2023-07-11,0.17466930140884437
2023-07-12,0.17301945055057427
2023-07-13,0.17244602264879402
2023-07-14,0.17215581414322167
2023-07-17,0.17478452338484327
2023-07-18,0.17126996032086247
2023-07-19,0.16617803120029168
2023-07-20,0.16330136499509296
2023-07-21,0.16209597489517952
2023-07-24,0.16035181163654727
2023-07-25,0.16600698906820596
2023-07-26,0.1669425526492028
2023-07-27,0.16715184298974575
2023-07-28,0.1673345164076763
2023-07-31,0.17094699065225633
2023-08-01,0.17101323689654668
2023-08-02,0.16690863945261472
2023-08-03,0.16275103371275715
2023-08-04,0.160250531211357
2023-08-07,0.1596194877141954
2023-08-08,0.15807723204779892
2023-08-09,0.15478633757935295
2023-08-10,0.15352053882566702
2023-08-11,0.15063630110156706
2023-08-14,0.150568813468459
2023-08-15,0.14939637815347612
2023-08-16,0.14811596875167657
2023-08-17,0.14666337244073038
2023-08-18,0.1489452507882453
2023-08-21,0.15115256747406594
2023-08-22,0.1539650824820583
2023-08-23,0.15493175576884902
2023-08-24,0.15936268128672743
2023-08-25,0.16166950712796774
2023-08-28,0.17081416711875375
2023-08-29,0.1766278769039474
2023-08-30,0.17675485573472519
2023-08-31,0.17710902684388832
2023-09-01,0.17372205514728525
2023-09-04,0.1720057745021977
2023-09-05,0.16604163959300386
2023-09-06,0.16337277545177079
2023-09-07,0.15761013698900322
2023-09-08,0.1561702231150164
2023-09-11,0.1547947877253064
2023-09-12,0.14986714935512715
2023-09-13,0.14398659773134695
2023-09-14,0.1400858271769076
2023-09-15,0.1382171770148167
2023-09-18,0.13872783639623912
2023-09-19,0.13540317075247155
2023-09-20,0.1316994717114866
2023-09-21,0.12791019488639394
2023-09-22,0.12824619363788511
2023-09-25,0.12854904039729734
2023-09-26,0.12774924110143598
2023-09-27,0.12896352676840026
2023-09-28,0.12988078367873943
2023-10-09,0.13114109600483106
2023-10-10,0.1404169886622373
2023-10-11,0.14020043606784643
2023-10-12,0.14086858188993664
2023-10-13,0.14044615859369744
2023-10-16,0.14257642653095873
2023-10-17,0.135037256321054
2023-10-18,0.13367431092720022
2023-10-19,0.13315458400489572
2023-10-20,0.1329274997120829
2023-10-23,0.13519082026346638
2023-10-24,0.1377880081218051
2023-10-25,0.14230973149043707
2023-10-26,0.14382482107988553
2023-10-27,0.14965193625910123
2023-10-30,0.15658907511912767
2023-10-31,0.15565768569915062
2023-11-01,0.14973613365515084
2023-11-02,0.14460308160278026
2023-11-03,0.14107619586300352
2023-11-06,0.13941708525997495
2023-11-07,0.13548589545707146
2023-11-08,0.1318397392009113
2023-11-09,0.12921199574092052
2023-11-10,0.12632395173764965
2023-11-13,0.1271935009408844
2023-11-14,0.12480527170783427
2023-11-15,0.1230918870598899
2023-11-16,0.11893295700223
2023-11-17,0.11745098236519336
2023-11-20,0.11924506618856731
2023-11-21,0.11768338872570062
2023-11-22,0.11656856864402107
2023-11-23,0.11576830458443052
2023-11-24,0.11341947632850954
2023-11-27,0.11594497813144718
2023-11-28,0.11499622357562207
2023-11-29,0.11414102284193292
2023-11-30,0.11270150254863638
2023-12-01,0.11299709936657519
2023-12-04,0.11555053734047784
2023-12-05,0.11364198272976937
2023-12-06,0.11344621250135178
2023-12-07,0.11393831981542525
2023-12-08,0.11738918986358603
2023-12-11,0.11890020136290044
2023-12-12,0.11676599040437424
2023-12-13,0.11538259365561286
2023-12-14,0.11385041378535529
2023-12-15,0.11170026516095984
2023-12-18,0.1113269657334686
2023-12-19,0.1100952482465536
2023-12-20,0.15350132659300383
2023-12-21,0.1532507507720446
2023-12-22,0.15396658738842975
2023-12-25,0.15666526705441353
2023-12-26,0.15532759694332587
2023-12-27,0.15152379507839056
2023-12-28,0.15497921718254615
2023-12-29,0.15623513175373593
2024-01-02,0.15727770927871318
2024-01-03,0.15531891629403685
2024-01-04,0.1516120307566454
2024-01-05,0.1563441377987283
2024-01-08,0.155132106412994
2024-01-09,0.15151326452927324
2024-01-10,0.15029664238044954
2024-01-11,0.14974098954369955
2024-01-12,0.14797332362429777
2024-01-15,0.14750714894759037
2024-01-16,0.14444374012375402
2024-01-17,0.1425100543068957
2024-01-18,0.14524232353311872
2024-01-19,0.14644788147340315
2024-01-22,0.14848392518674924
2024-01-23,0.15243182993264406
2024-01-24,0.1548659253555795
2024-01-25,0.1626134855507218
2024-01-26,0.16300518964802463
2024-01-29,0.1886526038277532
2024-01-30,0.18921283238297226
2024-01-31,0.19042195824947364
2024-02-01,0.19158384014727156
2024-02-02,0.19257828375595723
2024-02-05,0.22240611198643287
2024-02-06,0.2603995722300445
2024-02-07,0.2800189216066639
2024-02-08,0.2879374161497141
2024-02-19,0.2845282179752119
2024-02-20,0.2721258271212999
2024-02-21,0.25816848240409895
2024-02-22,0.24326175977025943
2024-02-23,0.23271772579249578
2024-02-26,0.22706281027429578
2024-02-27,0.21815293574663072
2024-02-28,0.21537589287029696
2024-02-29,0.20806779989234603
2024-03-01,0.20594521422398157
2024-03-04,0.20608876264270273
2024-03-05,0.20035965479361625
2024-03-06,0.1925598544021893
2024-03-07,0.19174056038485382
2024-03-08,0.18642617450555132
2024-03-11,0.1841469873298354
2024-03-12,0.18706723870204453
2024-03-13,0.18506999186273745
2024-03-14,0.1815515527654721
2024-03-15,0.18013804666347216
2024-03-18,0.1790677194997189
2024-03-19,0.17686552063875782
2024-03-20,0.17459543859723667
2024-03-21,0.17336058955116335
2024-03-22,0.17400774637989583
2024-03-25,0.17828000029826427
2024-03-26,0.17953961547902567
2024-03-27,0.18007507484089574
2024-03-28,0.17747564519130812
2024-03-29,0.17849322599286346
2024-04-01,0.18108021636493288
2024-04-02,0.1803105225508683
2024-04-03,0.17963954334015306
2024-04-08,0.18498495093458012
2024-04-09,0.188838095217477
2024-04-10,0.18544659465188135
2024-04-11,0.1838815292425378
2024-04-12,0.18620463982991203
2024-04-15,0.19672004464682824
2024-04-16,0.20684434877978816
2024-04-17,0.21125756311215918
2024-04-18,0.20905174727413114
2024-04-19,0.20682126977462667
2024-04-22,0.19704315089222285
2024-04-23,0.20979623968899344
2024-04-24,0.1924561009754506
2024-04-25,0.18947070824356715
2024-04-26,0.19361184396627745
2024-04-29,0.20571007463503815
2024-04-30,0.2110388950398142
2024-05-06,0.20877695440393934
2024-05-07,0.20167134509449725
2024-05-08,0.19544554996363217
2024-05-09,0.18905492189821968
2024-05-10,0.1839085411407476
2024-05-13,0.1860598890892009
2024-05-14,0.18285552874254477
2024-05-15,0.1769679164359338
2024-05-16,0.17167008761603195
2024-05-17,0.16863077076246666
2024-05-20,0.16863082875453922
2024-05-21,0.1642315358110805
2024-05-22,0.16186658490145828
2024-05-23,0.1575357493756088
2024-05-24,0.15519272336118264
2024-05-27,0.15549303939134226
2024-05-28,0.15403751950771874
2024-05-29,0.1516300805209674
2024-05-30,0.14966720409740858
2024-05-31,0.14842410362843403
2024-06-03,0.15089497577677213
2024-06-04,0.15228496733230246
2024-06-05,0.14940396347472218
2024-06-06,0.15070810813584212
2024-06-07,0.15117613513005454
2024-06-11,0.14974923776856974
2024-06-12,0.1454433478982961
2024-06-13,0.1456414850311807
2024-06-14,0.14512657466696147
2024-06-17,0.14353025834129757
2024-06-18,0.14064182607790945
2024-06-19,0.13768070360291582
2024-06-20,0.1402113636446977
2024-06-21,0.13873855795705822
2024-06-24,0.13822796534018533
2024-06-25,0.13833136708255375
2024-06-26,0.13647463673983215
2024-06-27,0.13337812845362643
2024-06-28,0.13297200886508562
2024-07-01,0.13717640152214758
2024-07-02,0.13763819378957512
2024-07-03,0.13666086580463385
2024-07-04,0.13337957683892748
2024-07-05,0.1378605818945386
2024-07-08,0.13192690410300886
2024-07-09,0.13394824461460367
2024-07-10,0.138191570504234
2024-07-11,0.13755267874403623
2024-07-12,0.13596394741900175
2024-07-15,0.13469587612449851
2024-07-16,0.1318145355566639
2024-07-17,0.1293662507481385
2024-07-18,0.12927252793164112
2024-07-19,0.12842740832370098
2024-07-22,0.12691420037192053
2024-07-23,0.1273769373761495
2024-07-24,0.12917255175266631
2024-07-25,0.12867849871272838
2024-07-26,0.13216575599670077
2024-07-29,0.1342229754589396
2024-07-30,0.13243576657826267
2024-07-31,0.13447991108377164
2024-08-01,0.13927010381172888
2024-08-02,0.1377216439563088
2024-08-05,0.1414084163142733
2024-08-06,0.13884460481641384
2024-08-07,0.13770730906346118
2024-08-08,0.13673833555605913
2024-08-09,0.1339755902485003
2024-08-12,0.13382438115430337
2024-08-13,0.12995103933275665
2024-08-14,0.12768328332760587
2024-08-15,0.12599644953029854
2024-08-16,0.12923777758012323
2024-08-19,0.13398959792451073
2024-08-20,0.13312991278048056
2024-08-21,0.1324452811618184
2024-08-22,0.13297151055271675
2024-08-23,0.13541105065221026
2024-08-26,0.1373807079150405
2024-08-27,0.13889998890683808
2024-08-28,0.13950847551588605
2024-08-29,0.1400508768665547
2024-08-30,0.1401849463520256
2024-09-02,0.14797362203789066
2024-09-03,0.143368501332167
2024-09-04,0.13949887748076406
2024-09-05,0.1352506426278207
2024-09-06,0.13108234670287813
2024-09-09,0.12943562074114898
2024-09-10,0.12704771224272182
2024-09-11,0.1256899320073649
2024-09-12,0.1232547406527553
2024-09-13,0.1245373552739542
2024-09-18,0.12712902641140986
2024-09-19,0.12587971889044303
2024-09-20,0.12408142978157018
2024-09-23,0.12364316483532332
2024-09-24,0.13049429424595374
2024-09-25,0.13382893744847618
2024-09-26,0.1354775791387902
2024-09-27,0.14296264905172734
2024-09-30,0.1715556174552904
2024-10-08,0.23946863075635463
2024-10-09,0.25909287591128416
2024-10-10,0.2584550182776538
2024-10-11,0.2499061539266148
2024-10-14,0.24054025575320825
2024-10-15,0.22075802770447014
2024-10-16,0.2159730437271895
2024-10-17,0.20866382856380597
2024-10-18,0.20261567289823806
2024-10-21,0.2026877776237862
2024-10-22,0.2019918250400993
2024-10-23,0.20010451040272553
2024-10-24,0.1958186200645814
2024-10-25,0.19631419292807953
2024-10-28,0.20086125375465952
2024-10-29,0.2005883172231893
2024-10-30,0.20065317475339373
2024-10-31,0.21123689630754866
2024-11-01,0.2129842078449713
2024-11-04,0.21537884538924604
2024-11-05,0.2090150235322899
2024-11-06,0.20774119771134467
2024-11-07,0.20826516524019612
2024-11-08,0.20673174344480602
2024-11-11,0.20872283962950422
2024-11-12,0.20568027562719987
2024-11-13,0.20086238721044275
2024-11-14,0.19389674431781478
2024-11-15,0.19124846882071664
2024-11-18,0.19264223388367172
2024-11-19,0.1873351287631287
2024-11-20,0.18295466297723992
2024-11-21,0.18044611284746348
2024-11-22,0.17806458021186877
2024-11-25,0.17757255352639034
2024-11-26,0.17728544687164868
2024-11-27,0.1738636401992642
2024-11-28,0.1707248381401761
2024-11-29,0.1673452765138912
2024-12-02,0.16764506125422682
2024-12-03,0.16588023367229462
2024-12-04,0.16400729839677236
2024-12-05,0.1617148610520128
2024-12-06,0.1617412783886901
2024-12-09,0.16115631540206787
2024-12-10,0.15867297061010197
2024-12-11,0.1588699355095992
2024-12-12,0.15819169438457548
2024-12-13,0.15825812896518462
2024-12-16,0.16021939881826724
2024-12-17,0.15823377474406888
2024-12-18,0.1557040385432364
2024-12-19,0.15322928197581367
2024-12-20,0.15053521603069386
2024-12-23,0.1526985842657243
2024-12-24,0.1496111634116108
2024-12-25,0.1472173412816239
2024-12-26,0.14390089880007148
2024-12-27,0.1411649992667718
2024-12-30,0.13943589532101963
2024-12-31,0.1381438775659132
2025-01-02,0.148580059156038
2025-01-03,0.15146801614254965
2025-01-06,0.1513970967415467
2025-01-07,0.1498582567175881
2025-01-08,0.1501531034972109
2025-01-09,0.14748237716696375
2025-01-10,0.1472377193279793
2025-01-13,0.14729005659845568
2025-01-14,0.14295414914272106
2025-01-15,0.14305460481921078
2025-01-16,0.14156937247492127
2025-01-17,0.14118633884098206
2025-01-20,0.1486204997168383
2025-01-21,0.14897959286964393
2025-01-22,0.14719207725158753
2025-01-23,0.14432208978241282
2025-01-24,0.14410520249443773
2025-01-27,0.14509717471747652
2025-02-05,0.14961045858630684
2025-02-06,0.1489729921680319
2025-02-07,0.14647857604379047
2025-02-10,0.14719593787766602
2025-02-11,0.14607894237988114
2025-02-12,0.142814754961611
2025-02-13,0.14149863071505575
2025-02-14,0.14215618329721308
2025-02-17,0.14537821810053508
2025-02-18,0.14609594679911492
2025-02-19,0.1498386346307213
2025-02-20,0.1501738219650205
2025-02-21,0.1525362256537938
2025-02-24,0.15462350343892442
2025-02-25,0.15278647614777166
2025-02-26,0.1511940170693787
2025-02-27,0.15155064117257624
2025-02-28,0.15148200276097584
2025-03-03,0.15210646707065448
2025-03-04,0.1555896940116019
2025-03-05,0.15275029995184128
2025-03-06,0.15088717250421158
2025-03-07,0.1503044047456468
2025-03-10,0.14977465421977731
2025-03-11,0.14674894999162874
2025-03-12,0.14585195894769318
2025-03-13,0.14479512140335354
2025-03-14,0.1442729369649027
2025-03-17,0.1430017003407598
2025-03-18,0.14048248577775171
2025-03-19,0.13846613130247074
2025-03-20,0.13788004647700697
2025-03-21,0.1460907030360457
2025-03-24,0.1512572761146803
2025-03-25,0.15170122048996507
2025-03-26,0.14910109294737128
2025-03-27,0.14805203359264613
2025-03-28,0.14676298529560222
2025-03-31,0.1490624625676441
2025-04-01,0.14680708259461
2025-04-02,0.14262607062967192
2025-04-03,0.15448681053554922
2025-04-07,0.204054231488574
2025-04-08,0.26730076413733594
2025-04-09,0.25939703394726155
2025-04-10,0.252328385834654
2025-04-11,0.24439267095696976
2025-04-14,0.23938500444697594
2025-04-15,0.2317628347335129
2025-04-16,0.22252794253900957
2025-04-17,0.21478437365295464
2025-04-18,0.20884559510865855
2025-04-21,0.20590236128983314
2025-04-22,0.2030696821287408
2025-04-23,0.2024493968164317
2025-04-24,0.1989474884520805
2025-04-25,0.199950766651416
2025-04-28,0.21375737473775866
2025-04-29,0.21167850021911586
2025-04-30,0.21153828590385207
2025-05-06,0.20667654284997594
2025-05-07,0.19979652568068065
2025-05-08,0.19416109201778667
2025-05-09,0.18877740110808547
2025-05-12,0.18653326443089935
2025-05-13,0.18104637948934757
2025-05-14,0.17632822031834253
2025-05-15,0.17320177241489734
2025-05-16,0.17167000083006043
2025-05-19,0.17254292620748818
2025-05-20,0.17304606374315576
2025-05-21,0.17229235346658858
2025-05-22,0.17008060376358394
2025-05-23,0.1681809913440667
2025-05-26,0.16677432118282867
2025-05-27,0.1658000390101977
2025-05-28,0.16541538347379775
2025-05-29,0.16709596447334815
2025-05-30,0.16777656172421596
2025-06-03,0.17213086019563964
2025-06-04,0.17097268815175468
2025-06-05,0.1715454683583872
2025-06-06,0.16950611108733862
2025-06-09,0.16823997468312282
2025-06-10,0.16742463638978852
2025-06-11,0.16455285272174858
2025-06-12,0.16404771132517965
2025-06-13,0.1665510952703982
2025-06-16,0.16494994066713947
2025-06-17,0.16367649514844473
2025-06-18,0.16135159162840665
2025-06-19,0.16065486591661618
2025-06-20,0.16070271291995658
2025-06-23,0.1596682069202446
2025-06-24,0.15057897287547659
2025-06-25,0.14738657324381688
2025-06-26,0.1451860574992287
2025-06-27,0.14414122079735128
2025-06-30,0.1453970093236247
2025-07-01,0.14610934585961297
2025-07-02,0.14723444002709793
2025-07-03,0.14649766686406318
2025-07-04,0.14418866496385932
2025-07-07,0.1435256632024499
2025-07-08,0.14192415985832801
2025-07-09,0.1400176472077918
2025-07-10,0.13937497431009144
2025-07-11,0.14086619193901262
2025-07-14,0.1423034232740228
2025-07-15,0.1445936285780028
2025-07-16,0.14273349951156117
2025-07-17,0.14078924093965714
2025-07-18,0.13911208394473804
2025-07-21,0.14592968331816827
2025-07-22,0.1489766920965875
2025-07-23,0.14895091154515203
2025-07-24,0.14755349216684346
2025-07-25,0.15064634592676765
2025-07-28,0.14974402187703834
2025-07-29,0.14817226081922596
2025-07-30,0.14670971290337628
2025-07-31,0.14611127984409214
2025-08-01,0.1448042559040472
2025-08-04,0.14301612658767637
2025-08-05,0.14034703204249466
2025-08-06,0.13930117225520122
2025-08-07,0.13870386864675913
2025-08-08,0.13882647952351626
2025-08-11,0.13953694063012312
2025-08-12,0.1381528651998251
2025-08-13,0.13914138710445986
2025-08-14,0.13943409911293747
2025-08-15,0.13925017380732846
2025-08-18,0.14254978565642262
2025-08-19,0.14560118181819587
2025-08-20,0.14708606455158169
2025-08-21,0.15079351547580705
2025-08-22,0.1493013861077974
2025-08-25,0.15142185570376748
2025-08-26,0.15434306670925674
2025-08-27,0.15556221278889035
2025-08-28,0.15645731640552155
2025-08-29,0.20520366790314873
2025-09-01,0.21247478115002363
2025-09-02,0.2102603408000638
2025-09-03,0.20749665406835976
2025-09-04,0.20387284127779376
2025-09-05,0.20009001959265243
2025-09-08,0.20206554806444588
2025-09-09,0.19646434632115684
2025-09-10,0.19027711029723435
2025-09-11,0.1853801254613002
2025-09-12,0.18308830482913724
2025-09-15,0.18201694181300362
2025-09-16,0.18018935346073547
2025-09-17,0.17930370899088643
2025-09-18,0.1802483915539539
2025-09-19,0.1812567335400621
2025-09-22,0.18210054199699083
2025-09-23,0.18201200112040972
2025-09-24,0.16998629141031096
2025-09-25,0.16747199598339263
2025-09-26,0.16701891493765175
2025-09-29,0.16537561225841443
2025-09-30,0.16328694056309706
2025-10-09,0.169099118581415
2025-10-10,0.16966900801468646
2025-10-13,0.17442812255995127
2025-10-14,0.17265187055425685
2025-10-15,0.16879518159054785
2025-10-16,0.16506745012914173
2025-10-17,0.1618261282923116
2025-10-20,0.1610200186547133
2025-10-21,0.15784900440244307
2025-10-22,0.1550578890249825
2025-10-23,0.15390310749062103
2025-10-24,0.15379643216709096
2025-10-27,0.15445961428002267
2025-10-28,0.1548720682320744
2025-10-29,0.1561449640565507
2025-10-30,0.1580003098771162
2025-10-31,0.16069858227906156
2025-11-03,0.16001204651245404
2025-11-04,0.1564534203260049
2025-11-05,0.15202502461815534
2025-11-06,0.15004292939513608
2025-11-07,0.14895847266638385
2025-11-10,0.1507961619811033
2025-11-11,0.14924623922473337
2025-11-12,0.147825041813295
2025-11-13,0.1463536758641062
2025-11-14,0.1462729475846627
2025-11-17,0.14634284200466938
2025-11-18,0.1449521711234036
2025-11-19,0.14460705930160825
2025-11-20,0.14261569308864433
2025-11-21,0.14337484069159137
2025-11-24,0.1423787099280403
2025-11-25,0.13871176527021048
2025-11-26,0.1374570885959062
2025-11-27,0.1349204082070229
2025-11-28,0.13303147817929406
2025-12-01,0.133301618910507
2025-12-02,0.13017040967617405
2025-12-03,0.12925272365010668
2025-12-04,0.12757501677637992
2025-12-05,0.1263591528383049
2025-12-08,0.1254245531951748
2025-12-09,0.12507897326948791
2025-12-10,0.12423283671048772
2025-12-11,0.1272415223695652
2025-12-12,0.1292284053197819
2025-12-15,0.13007440350565674
2025-12-16,0.1293553221051847
2025-12-17,0.1277850037310956
2025-12-18,0.12582384118830842
2025-12-19,0.12372012497181416
2025-12-22,0.12368608936095568
2025-12-23,0.12309738890677814
2025-12-24,0.12102337848627047
2025-12-25,0.12014842145257179
2025-12-26,0.11923465068222326
2025-12-29,0.12155938373434548
2025-12-30,0.12437290594194536
2025-12-31,0.12488676255618857
2026-01-05,0.12982343563862075
2026-01-06,0.13131434015356017
2026-01-07,0.13343291940810886
2026-01-08,0.13315981034680432
2026-01-09,0.1334976994378455
2026-01-12,0.13822411566072748
2026-01-13,0.14037858645068857
2026-01-14,0.14018442501673054
2026-01-15,0.13959882324530976
2026-01-16,0.14045737435346584
2026-01-19,0.14050293432173575
2026-01-20,0.1388656477549136
2026-01-21,0.13682866052703552
2026-01-22,0.13527033747596776
2026-01-23,0.1343885511711088
2026-01-26,0.137672805338546
2026-01-27,0.13554926584252086
2026-01-28,0.13661006065405784
2026-01-29,0.13690811448526516
2026-01-30,0.13738908560562613
2026-02-02,0.138884695626278
2026-02-03,0.13494594187058997
2026-02-04,0.13183376604746364
2026-02-05,0.12782971815161112
2026-02-06,0.12338258275379262
2026-02-09,0.11955618740675555
2026-02-10,0.11675869527646014
2026-02-11,0.11337079305236522
2026-02-12,0.11130146436100789
2026-02-13,0.10984446794850132
2026-02-24,0.11511624315837424
2026-02-25,0.11438136297936503
2026-02-26,0.11677937081846161
2026-02-27,0.11541456310154857
2026-03-02,0.12021196771938432
2026-03-03,0.1229388567190854
2026-03-04,0.12192836335612572
2026-03-05,0.12093621486904939
2026-03-06,0.11958586106539291
2026-03-09,0.12051526799079416
2026-03-10,0.11841290537943902
2026-03-11,0.11938095640785144
2026-03-12,0.11840032740484292
2026-03-13,0.11927819807583341
2026-03-16,0.12225991373063835
2026-03-17,0.12081699870311306
2026-03-18,0.11897008649933138
2026-03-19,0.11619747967822726
2026-03-20,0.1166093695900566
2026-03-23,0.11860778562905636
2026-03-24,0.12105200489142258
2026-03-25,0.11883568021092775
2026-03-26,0.11685045438218035
2026-03-27,0.11562310278502237
2026-03-30,0.11607810944353446
2026-03-31,0.11632454746500415
2026-04-01,0.11647868376733318
2026-04-02,0.11433249287170742
2026-04-03,0.11477588673800129
2026-04-07,0.11439372336295882
2026-04-08,0.11408299645036264
2026-04-09,0.11254116931570131
2026-04-10,0.11358620028189331
