date,000537.XSHE
2005-01-07,-0.014543848423868352
2005-01-10,-0.0008702946080726796
2005-01-11,0.006118986980746759
2005-01-12,4.0511360256566785e-05
2005-01-13,-0.007488445775052997
2005-01-14,0.0308439473132347
2005-01-17,0.011349153978657607
2005-01-18,-0.017182405901874413
2005-01-19,-0.0034895450751379377
2005-01-20,-0.0005733726092324518
2005-01-21,-0.009001540961886335
2005-01-24,-0.0038890161631589364
2005-01-25,0.008391198061845875
2005-01-26,0.00526433393343245
2005-01-27,-0.0073126713632336235
2005-01-28,0.02941383333689253
2005-01-31,0.016980755688007915
2005-02-01,0.004293489012852321
2005-02-02,0.014122677867919618
2005-02-03,0.062190559127157624
2005-02-04,0.0066888366674142
2005-02-16,0.04550519553936591
2005-02-17,-0.024249760263003656
2005-02-18,-0.02024026055791055
2005-02-21,-0.00993601440390244
2005-02-22,-0.024622068472400838
2005-02-23,-0.027157701802179413
2005-02-24,0.01924017028598883
2005-02-25,0.01286872355662663
2005-02-28,0.02804681246937187
2005-03-01,-0.008957156135095585
2005-03-02,0.037191684307882035
2005-03-03,0.0036092796614053254
2005-03-04,0.02031289453050271
2005-03-07,-0.013998480084088959
2005-03-08,-0.028266652623203783
2005-03-09,0.009503519133691154
2005-03-10,0.01060206595559646
2005-03-11,0.03264236844653148
2005-03-14,0.04584347663221413
2005-03-15,0.04056648771707312
2005-03-16,-0.015577867157180406
2005-03-17,-0.012678189118707106
2005-03-18,-0.017764916026467834
2005-03-21,0.011683494611062464
2005-03-22,0.012049145937298007
2005-03-23,-0.026385148885059863
2005-03-24,-0.02185938806650118
2005-03-25,-0.0034305244044062575
2005-03-28,-0.015469220176416016
2005-03-29,0.046249888320738966
2005-03-30,-0.0018907691960851764
2005-03-31,0.003811548906918351
2005-04-01,0.010733500726503496
2005-04-04,0.005827434516958304
2005-04-05,0.012448240176839952
2005-04-06,-0.03024542340747669
2005-04-07,-0.005433732833683355
2005-04-08,0.0034764764071670284
2005-04-11,0.03816051533751795
2005-04-12,-0.013252001465629758
2005-04-13,-0.006082984146779569
2005-04-14,-0.01318035294464371
2005-04-15,0.003973925000330437
2005-04-18,0.024945636642292875
2005-04-19,-0.014485643831642485
2005-04-20,0.01511609131648282
2005-04-21,0.005011589268694789
2005-04-22,0.02044236864115132
2005-04-25,-0.011405846923506054
2005-04-26,-0.008310732862407893
2005-04-27,-0.024178857575174566
2005-04-28,-0.0036201393308337142
2005-04-29,0.010887145031626307
2005-05-09,0.024210355894414448
2005-05-10,0.006578088623545718
2005-05-11,0.00030120693537476033
2005-05-12,0.008110486824225535
2005-05-13,0.013997171244032252
2005-05-16,0.008098627693885925
2005-05-17,0.03921551346284894
2005-05-18,0.0
2005-05-19,0.07367774388440888
2005-05-20,-0.05172944861503828
2005-05-23,-0.010706940642686586
2005-05-24,0.0022684594179443844
2005-05-25,-0.012494253959044098
2005-05-26,-0.0070547726189027354
2005-05-27,0.0002764341511716749
2005-05-30,0.050559980680838265
2005-05-31,-0.016519718244568406
2005-06-01,0.00899143629226019
2005-06-02,-0.009868869235622687
2005-06-03,0.007866274444208132
2005-06-06,-0.01739867431804286
2005-06-07,0.001723385676236519
2005-06-08,-0.013063955520153894
2005-06-09,-0.01327723702719568
2005-06-10,0.01133702612320734
2005-06-13,0.0040946185576658835
2005-06-14,-0.0016237755485766867
2005-06-15,-0.009209978164935028
2005-06-16,-0.00912415198705623
2005-06-17,0.0077189163158169205
2005-06-20,0.009690694586600462
2005-06-21,-0.011901774419199356
2005-06-22,-0.004294356656303278
2005-06-23,-0.0003150909830477097
2005-06-24,0.020396974075566034
2005-06-27,0.003224652606176836
2005-06-28,0.0
2005-06-29,-0.0023333748706948296
2005-06-30,-0.027550853885182663
2005-07-01,0.02491971052323236
2005-07-04,0.014659487914068018
2005-07-05,-0.0903975873300431
2005-07-06,-0.04219353715067219
2005-07-07,-0.05703550908742244
2005-07-08,0.0009774439642122532
2005-07-11,-0.056363413565026804
2005-07-12,-0.12127245379278531
2005-07-13,-0.043707403181003184
2005-07-14,-0.012988396437208075
2005-07-15,-0.07725127520650896
2005-07-18,-0.07727755880751042
2005-07-19,-0.0074793116294896
2005-07-20,-0.010042080428581613
2005-07-21,-0.009262393319418083
2005-07-22,-0.01024995240365497
2005-07-25,-0.011559043640755738
2005-07-26,-0.024912509076211817
2005-07-27,0.062055218558126776
2005-07-28,0.09329983539752833
2005-07-29,-0.04566826334523547
2005-08-01,-0.016493910325505404
2005-08-02,0.0024765196727178987
2005-08-03,0.014449633899753126
2005-08-04,-0.02010477797286015
2005-08-05,0.000615698764705401
2005-08-08,0.024250141120677308
2005-08-09,0.021112165943520902
2005-08-10,-0.010070662887564356
2005-08-11,-0.011767240166439012
2005-08-12,-0.04776586608001279
2005-08-15,0.014847555577369406
2005-08-16,-0.01369958306402182
2005-08-17,0.019605584753122646
2005-08-18,0.0036434595557290547
2005-08-19,-0.04832505811043573
2005-08-22,0.027169653952697055
2005-08-23,0.05423412507342623
2005-08-24,0.006016487059899104
2005-08-25,-0.007977858337702537
2005-08-26,-0.005294136455110029
2005-08-29,0.02684231686677621
2005-08-30,-0.010916771929129234
2005-08-31,-0.02020785180529523
2005-09-01,0.007638928145989071
2005-09-02,0.009467382628573936
2005-09-05,0.008884512443812317
2005-09-06,0.04306579228232155
2005-09-07,-0.01776663339127205
2005-09-08,-0.021892719896002475
2005-09-09,0.008757366566328906
2005-09-12,0.018184345685263188
2005-09-13,-0.006037688999506515
2005-09-14,0.018101774681525996
2005-09-15,-0.0026231996238384155
2005-09-16,0.020823328520269843
2005-09-19,-0.009591453159841494
2005-09-20,-0.02814180480828629
2005-09-21,0.0334396519829138
2005-09-22,-0.02068187884963331
2005-09-23,-0.041031893633057
2005-09-26,0.026188439659378726
2005-09-27,0.02669011412288228
2005-09-28,0.04269214516959491
2005-09-29,0.005903628766804156
2005-09-30,-0.02728716804571843
2005-10-10,-0.0709472602096358
2005-10-11,0.0004762945435390631
2005-10-12,0.03530995446785366
2005-10-13,0.033287789219162825
2005-10-14,-0.027175093681344097
2005-10-17,0.021173993106371327
2005-10-18,0.0150136652548934
2005-10-19,-0.01734426076629536
2005-10-20,0.009493419473272726
2005-10-21,0.00482487860100405
2005-10-24,0.004376933106459587
2005-10-25,0.0322815799314537
2005-10-26,-0.05262795807599417
2005-10-27,0.039485616994164995
2005-10-28,0.0049597013961650074
2005-10-31,-0.00262043228332539
2005-11-01,-0.0060555390143327385
2005-11-02,-0.0185287364745031
2005-11-03,-0.016561404847442278
2005-11-04,-0.002813185646090903
2005-11-07,-0.015324751814724294
2005-11-08,0.016784559819194758
2005-11-09,-0.010683896035246377
2005-11-10,-0.018781057832169275
2005-11-11,-0.021354227379246485
2005-11-14,0.004506784414401547
2005-11-15,-0.016172848618295113
2005-11-16,-0.0035043492121569608
2005-11-17,-0.013440644890922442
2005-11-18,0.008493863616808473
2005-11-21,0.02698461631286266
2005-11-22,0.006898507744664797
2005-11-23,0.0
2005-11-24,0.02605807739777705
2005-11-25,-0.008121724378418873
2005-11-28,-0.0077728432058632455
2005-11-29,-0.016821681718539067
2005-11-30,0.0007794462355491787
2005-12-01,0.014546243740238154
2005-12-02,0.006983797018134376
2005-12-05,-0.03510613803793706
2005-12-06,-0.00582984804188026
2005-12-07,0.0006327067825528526
2005-12-08,-0.002784870130911719
2005-12-09,0.0064039634822365375
2005-12-12,-0.011911888707788792
2005-12-13,0.02029077615970239
2005-12-14,-0.010121052363344625
2005-12-15,-0.016119278182813834
2005-12-16,-0.0002768751473107185
2005-12-19,0.011674437942634914
2005-12-20,-0.009443941079888116
2005-12-21,0.04333161169864095
2005-12-22,-0.01720221217612627
2005-12-23,-0.0017462575302038576
2005-12-26,0.006348897664808152
2005-12-27,0.014322477911200823
2005-12-28,-0.006088886066430191
2005-12-29,-0.0016616153627004903
2005-12-30,-0.024863970955816998
2006-01-04,0.005989474804070083
2006-01-05,0.014023028407716027
2006-01-06,-0.010877946046200772
2006-01-09,0.002763523814781175
2006-01-10,0.02890365120317251
2006-01-11,-0.010204971023721015
2006-01-12,-0.008070648032677478
2006-01-13,0.00012935535396155435
2006-01-16,0.00017361804077537304
2006-01-17,-0.020055830578830418
2006-01-18,-0.0008946730692366497
2006-01-19,0.021383848481051675
2006-01-20,0.019984503410264007
2006-01-23,0.0
2006-01-24,0.0
2006-01-25,0.0
2006-02-06,0.0
2006-02-07,0.0
2006-02-08,0.0
2006-02-09,0.0
2006-02-10,0.0
2006-02-13,0.0
2006-02-14,0.053417926419669054
2006-02-15,0.05293207017739303
2006-02-16,0.030854918182004167
2006-02-17,-0.03922194689667813
2006-02-20,-4.4843351846679536e-05
2006-02-21,0.031195735685173365
2006-02-22,-0.007773506893084664
2006-02-23,-0.006463099361679919
2006-02-24,-0.01786336265830274
2006-02-27,0.0
2006-02-28,0.0
2006-03-01,0.0
2006-03-02,0.0
2006-03-03,0.0
2006-03-06,0.0
2006-03-07,0.0
2006-03-08,0.0
2006-03-09,0.0
2006-03-10,0.0
2006-03-13,0.0
2006-03-14,0.0
2006-03-15,0.0
2006-03-16,0.0
2006-03-17,0.03277351977489394
2006-03-20,-0.04550847935010702
2006-03-21,0.10013701404927036
2006-03-22,0.07847182659153165
2006-03-23,-0.010238282667373866
2006-03-24,0.027478715267633402
2006-03-27,0.07210518147385617
2006-03-28,0.048420429216522
2006-03-29,-0.03227847166678278
2006-03-30,0.012428586095513255
2006-03-31,-0.06019475486378918
2006-04-03,0.06143324675992401
2006-04-04,0.03140484339947179
2006-04-05,-0.02604645028793027
2006-04-06,0.011515634931999252
2006-04-07,0.09038501898582851
2006-04-10,0.021129405821673077
2006-04-11,0.08800776759401865
2006-04-12,0.018111860441252396
2006-04-13,-0.04266927922533296
2006-04-14,0.02360764426350688
2006-04-17,-0.03281249157909939
2006-04-18,-0.03586712359031582
2006-04-19,0.015581723037995387
2006-04-20,-0.02824213204764371
2006-04-21,-0.0060208102047311675
2006-04-24,-0.06834673487006178
2006-04-25,0.0744927802239532
2006-04-26,-0.06687804229573775
2006-04-27,0.05190930011452739
2006-04-28,-0.025403497008523932
2006-05-08,-0.01777036581810633
2006-05-09,-0.060743722040897334
2006-05-10,0.04193628158230849
2006-05-11,0.030050543523638708
2006-05-12,-0.03408468204824484
2006-05-15,-0.008099749281328603
2006-05-16,-0.026857110819755343
2006-05-17,-0.0027149189043095406
2006-05-18,-0.029819085291152594
2006-05-19,-0.002304142061706857
2006-05-22,0.04649658555788555
2006-05-23,0.0011334595262914166
2006-05-24,0.02674443211427188
2006-05-25,0.014699122615414431
2006-05-26,0.0
2006-05-29,0.010189477416845887
2006-05-30,-0.018360742276117697
2006-05-31,-0.02060000241107394
2006-06-01,-0.02126737842573096
2006-06-02,0.12564701153333183
2006-06-05,0.04351292356097365
2006-06-06,0.046804726113496266
2006-06-07,-0.03060966573501156
2006-06-08,0.1065013137280984
2006-06-09,0.015052474381140268
2006-06-12,0.03834513203213813
2006-06-13,-0.03431696682566188
2006-06-14,-0.06768956919024752
2006-06-15,0.025111529127002985
2006-06-16,-0.024132028714072357
2006-06-19,0.02540291792417752
2006-06-20,0.06001844130356693
2006-06-21,-0.010571972011767444
2006-06-22,0.037452918144793436
2006-06-23,-0.03132174024919514
2006-06-26,0.029819748815128645
2006-06-27,-0.031051068813443036
2006-06-28,0.018970393037936552
2006-06-29,-0.048791053596995156
2006-06-30,0.007665185066966434
2006-07-03,0.03456755542343106
2006-07-04,0.02289537094023935
2006-07-05,-0.021731019043201
2006-07-06,-0.015367291268434533
2006-07-07,-0.029897388337077273
2006-07-10,-0.04635893386451867
2006-07-11,-0.008437196642713255
2006-07-12,-0.016823327869397907
2006-07-13,-0.020820222491881854
2006-07-14,-0.02943887913918499
2006-07-17,-0.014786746838077278
2006-07-18,0.02600036474570664
2006-07-19,-0.013774866161291276
2006-07-20,-0.004533297238516802
2006-07-21,-0.013009654485562943
2006-07-24,0.016587628471040335
2006-07-25,0.017235195181863165
2006-07-26,0.0880229874156276
2006-07-27,0.05640775522549291
2006-07-28,-0.028401872416910005
2006-07-31,-0.009600643929685557
2006-08-01,0.03773311747074838
2006-08-02,0.03825884238866373
2006-08-03,-0.011337940912153153
2006-08-04,-0.0024786061079965296
2006-08-07,0.014909892486012273
2006-08-08,0.022779528501074536
2006-08-09,-0.0003821516955478145
2006-08-10,-0.030561055991369192
2006-08-11,0.019902372886590015
2006-08-14,0.0021759111276984933
2006-08-15,0.004811987183384485
2006-08-16,-0.026172168990694036
2006-08-17,-0.01921129791587743
2006-08-18,-0.007759735827698783
2006-08-21,-0.013140141932431262
2006-08-22,-0.02769934454575828
2006-08-23,-0.003943885729242985
2006-08-24,0.010666090084657083
2006-08-25,0.015028298959702794
2006-08-28,-0.02186854347382497
2006-08-29,0.00901211382115305
2006-08-30,-0.028181192883208597
2006-08-31,0.08876564371165178
2006-09-01,0.0016472113726836088
2006-09-04,-0.006185481165298871
2006-09-05,-0.011364920751333583
2006-09-06,0.00574471034119961
2006-09-07,0.04569159287894371
2006-09-08,-0.02137857402463956
2006-09-11,0.053773797181935
2006-09-12,-0.010101775578529728
2006-09-13,0.0019031920216873444
2006-09-14,0.05710159175028591
2006-09-15,0.0
2006-09-18,-0.017263571352026136
2006-09-19,-0.02979980718712183
2006-09-20,-0.009812881529978206
2006-09-21,-0.04490159952516838
2006-09-22,0.009924209236937735
2006-09-25,-0.011358204911597319
2006-09-26,0.0048928292588340735
2006-09-27,0.028250981811476887
2006-09-28,-0.01711781727846453
2006-09-29,-0.04621905120298779
2006-10-09,0.009824001761235008
2006-10-10,-0.02662033156006337
2006-10-11,0.0008515508606826293
2006-10-12,0.0031486385519486
2006-10-13,0.004250917340835334
2006-10-16,-0.0158146058822
2006-10-17,-0.002970862649346882
2006-10-18,0.006143010024105347
2006-10-19,-0.015834020998884854
2006-10-20,-0.02906652857564688
2006-10-23,0.04644071603175905
2006-10-24,-0.047231399296009516
2006-10-25,-0.03314259092706888
2006-10-26,-0.01072277469967103
2006-10-27,0.018405037402502322
2006-10-30,0.05756119174412036
2006-10-31,0.0025547102357916206
2006-11-01,0.018462039280313803
2006-11-02,0.004910281046549569
2006-11-03,-0.03773297734853507
2006-11-06,-0.029335115462885968
2006-11-07,-0.0313987878714132
2006-11-08,-0.036553405610372014
2006-11-09,0.00533949988468211
2006-11-10,-0.01983831221567969
2006-11-13,0.06731767846343807
2006-11-14,0.02886522067528702
2006-11-15,-0.04117250085874489
2006-11-16,0.05410406475103967
2006-11-17,0.00645867782775424
2006-11-20,-0.02097864220856146
2006-11-21,-0.02193281995548029
2006-11-22,-0.029879119260926686
2006-11-23,0.009580738620285797
2006-11-24,-0.021530069644839025
2006-11-27,0.002498711965415415
2006-11-28,0.020863617697715376
2006-11-29,0.06937728751659461
2006-11-30,0.062176267571704094
2006-12-01,0.009117098484726666
2006-12-04,0.014997071898721194
2006-12-05,-0.03721105965055655
2006-12-06,-0.050359740030866164
2006-12-07,0.028344836864754364
2006-12-08,-0.0013166964857438193
2006-12-11,-0.012758977257387671
2006-12-12,0.0015331319507352684
2006-12-13,-0.016637006722178847
2006-12-14,0.015438931606049654
2006-12-15,0.050305717765677584
2006-12-18,-0.029971257626050987
2006-12-19,0.0037007014656267115
2006-12-20,-0.013064330504815527
2006-12-21,0.09086755061653155
2006-12-22,0.02106531895722726
2006-12-25,0.060391663045936565
2006-12-26,0.03435711349725126
2006-12-27,-0.036737520813961554
2006-12-28,0.07490785853335816
2006-12-29,-0.007091906911274384
2007-01-04,-0.02107891624066916
2007-01-05,-0.010496022443529138
2007-01-08,-0.03154565770623421
2007-01-09,0.0
2007-01-10,0.0
2007-01-11,0.0
2007-01-12,0.0
2007-01-15,0.0
2007-01-16,0.0
2007-01-17,-0.03855538626609427
2007-01-18,-0.04107080475474091
2007-01-19,0.03228110142895207
2007-01-22,0.010875767165318385
2007-01-23,0.07867371606721524
2007-01-24,-0.03070529747018165
2007-01-25,-0.04746832194482217
2007-01-26,-0.04947606305527206
2007-01-29,0.02827134023848093
2007-01-30,-0.014849878978192552
2007-01-31,-0.04030327726950793
2007-02-01,-0.04342590832322218
2007-02-02,0.002594517530058571
2007-02-05,0.030363181399897757
2007-02-06,0.00027646631797348734
2007-02-07,0.008477967673364197
2007-02-08,0.03308392175444219
2007-02-09,-0.004897861857149877
2007-02-12,-0.00712973995664664
2007-02-13,-0.02727181962890954
2007-02-14,-0.0036431939548535325
2007-02-15,-0.024185425159993675
2007-02-16,0.016837915860381136
2007-02-26,0.013339479683629064
2007-02-27,-0.0033051555693093954
2007-02-28,0.008026520272075607
2007-03-01,-0.009164227600211867
2007-03-02,0.04484739061552015
2007-03-05,0.00041960710248094626
2007-03-06,-0.022539691674588788
2007-03-07,0.010510537635132693
2007-03-08,0.010199143388276453
2007-03-09,-0.008734101714362194
2007-03-12,-0.027178736275789376
2007-03-13,0.0009628925853933795
2007-03-14,-0.022692746408688146
2007-03-15,0.07059385753047774
2007-03-16,-0.017156112062682534
2007-03-19,0.013925859558725925
2007-03-20,0.00903577020834033
2007-03-21,-0.007141413207903281
2007-03-22,-0.007546546919495213
2007-03-23,0.02739064775521209
2007-03-26,0.015831017016778186
2007-03-27,-0.008817275191225802
2007-03-28,-0.023600731131874185
2007-03-29,-0.04406027191884488
2007-03-30,0.01608244956031234
2007-04-02,-0.013898654779570828
2007-04-03,-0.027684352788054797
2007-04-04,0.0011840990302759173
2007-04-05,-0.015836181874724298
2007-04-06,0.025500355952744587
2007-04-09,-0.016713937877561404
2007-04-10,-0.011906772015695715
2007-04-11,-0.023149600090210103
2007-04-12,0.01440255459239444
2007-04-13,0.08474999160896511
2007-04-16,0.07211777539831887
2007-04-17,0.01815442154986971
2007-04-18,-0.014034910733254545
2007-04-19,-0.02051261194480848
2007-04-20,0.018688952326387807
2007-04-23,-0.03310444978792169
2007-04-24,0.0021509316382753666
2007-04-25,-0.032941638760847165
2007-04-26,0.020865168331888187
2007-04-27,-0.04097713873725436
2007-04-30,-0.06344552968241123
2007-05-08,0.034569031711150486
2007-05-09,0.06052945867807385
2007-05-10,-0.002592846491379485
2007-05-11,0.025044693139258067
2007-05-14,0.020111370074330746
2007-05-15,-0.007484350041947252
2007-05-16,-0.015831250040400126
2007-05-17,0.0028318118380848654
2007-05-18,0.052544354846617375
2007-05-21,0.04658846097073581
2007-05-22,0.025145636713474796
2007-05-23,-0.014333085956577861
2007-05-24,-0.04762361028435134
2007-05-25,-0.018652934763636157
2007-05-28,-0.006826529160212716
2007-05-29,-0.014335353723339307
2007-05-30,-0.003046769182383613
2007-05-31,-0.0109926708945891
2007-06-01,-0.0061542436276947055
2007-06-04,-0.012356975689105251
2007-06-05,-0.09120247840235393
2007-06-06,0.010119178289066472
2007-06-07,0.04050465500068967
2007-06-08,-0.02259733705471604
2007-06-11,-0.0607811292103029
2007-06-12,0.0610227907145903
2007-06-13,-0.009197065857155892
2007-06-14,-0.02529702172210483
2007-06-15,-0.02986534081128453
2007-06-18,-0.019468412535299323
2007-06-19,-0.013160126994662236
2007-06-20,-0.022324918233582382
2007-06-21,-0.05768435811994925
2007-06-22,0.019245721854758743
2007-06-25,-0.030323677024122198
2007-06-26,-0.04979020585454891
2007-06-27,0.029149022811240592
2007-06-28,0.13532065042244595
2007-06-29,0.0
2007-07-02,-0.02821807809520184
2007-07-03,-0.017836880105996645
2007-07-04,0.0068905536886187235
2007-07-05,-0.03169785913402476
2007-07-06,-0.018071718492453794
2007-07-09,-0.01998629272372398
2007-07-10,-0.020079024097215188
2007-07-11,-0.031999998263240834
2007-07-12,0.002780297593064807
2007-07-13,-0.023846305581150706
2007-07-16,0.0056597696862711495
2007-07-17,0.002334531135735028
2007-07-18,-0.009006496229014017
2007-07-19,-0.02344263616787414
2007-07-20,0.013868449748494133
2007-07-23,0.030695873064316134
2007-07-24,-0.019226166924282785
2007-07-25,0.000673689727448825
2007-07-26,0.006527466647624653
2007-07-27,0.008652408088364698
2007-07-30,0.08447869358712963
2007-07-31,-0.0022292890934897946
2007-08-01,-0.004744963104911987
2007-08-02,0.033662166054195586
2007-08-03,0.0045083527082843584
2007-08-06,-0.02694686489087878
2007-08-07,-0.027511369438073762
2007-08-08,-0.011485128433019687
2007-08-09,0.020845010892251922
2007-08-10,0.023994868674085915
2007-08-13,0.012039162190258738
2007-08-14,0.07505668376573668
2007-08-15,0.08131137644065926
2007-08-16,0.012549282903910039
2007-08-17,0.11817219598942105
2007-08-20,0.0
2007-08-21,0.0
2007-08-22,0.0
2007-08-23,0.0
2007-08-24,0.0
2007-08-27,0.03982707254316862
2007-08-28,0.09703614822962486
2007-08-29,0.07546814249163836
2007-08-30,-0.0315760852264835
2007-08-31,-0.04309017845280423
2007-09-03,0.004305333603248294
2007-09-04,-0.024317274493221762
2007-09-05,0.031963998361213525
2007-09-06,0.025778083065385857
2007-09-07,0.0014104150958607932
2007-09-10,0.07768605530082173
2007-09-11,0.015006651658944936
2007-09-12,0.004324619164306785
2007-09-13,0.05883140912413644
2007-09-14,0.08288618633103662
2007-09-17,0.041187274798301685
2007-09-18,-0.004214310682648638
2007-09-19,0.04856332056566519
2007-09-20,-0.04080927820548233
2007-09-21,-0.08467599006723175
2007-09-24,0.026239748300385047
2007-09-25,-0.03498696031540584
2007-09-26,0.02441602632876435
2007-09-27,0.009897324701891762
2007-09-28,0.041988759090126664
2007-10-08,-0.049569319676971674
2007-10-09,-0.01744201867302276
2007-10-10,0.008188659935480295
2007-10-11,-0.07841982380758608
2007-10-12,-0.030539799358954768
2007-10-15,0.05109034129054513
2007-10-16,-0.020778350347607312
2007-10-17,-0.016890117269710087
2007-10-18,-0.032869922632660684
2007-10-19,0.02645145712883003
2007-10-22,0.0019300463409156303
2007-10-23,-0.027971581625357067
2007-10-24,0.09350370862349006
2007-10-25,-0.0383735147319718
2007-10-26,0.016232723831715944
2007-10-29,0.024241850064928527
2007-10-30,-0.006556599750400356
2007-10-31,-0.0010076696769589916
2007-11-01,-0.0051606538493615475
2007-11-02,-0.003358118775159638
2007-11-05,0.001784495785876361
2007-11-06,0.03456886520846761
2007-11-07,-0.002036903213751716
2007-11-08,-0.029483980319207542
2007-11-09,-0.03181860879534181
2007-11-12,0.010775541620163368
2007-11-13,0.0
2007-11-14,-0.04168591565134788
2007-11-15,0.0237426623833725
2007-11-16,-0.04760270689132333
2007-11-19,-0.011024987460510484
2007-11-20,0.017839557970576493
2007-11-21,-0.015088226203761811
2007-11-22,-0.0033051474748738013
2007-11-23,-0.0035221299551964763
2007-11-26,0.020287121687269996
2007-11-27,0.0
2007-11-28,0.0
2007-11-29,0.0
2007-11-30,-0.08621198195808086
2007-12-03,0.005233550071692884
2007-12-04,0.05216893286236335
2007-12-05,-0.02784925491201855
2007-12-06,0.008428633915660459
2007-12-07,-0.0273454676925277
2007-12-10,0.03266552065867824
2007-12-11,0.001310763145959768
2007-12-12,-0.013492560555775246
2007-12-13,-0.03702310271266669
2007-12-14,-0.022181664168524223
2007-12-17,0.01198843221443896
2007-12-18,0.01745502917200847
2007-12-19,0.0030042845982510696
2007-12-20,-0.005450862487943187
2007-12-21,-0.024325642701099576
2007-12-24,0.020870603503677244
2007-12-25,0.005051467169358027
2007-12-26,-0.0004594156919687023
2007-12-27,0.0008442091718713143
2007-12-28,0.005240421183172675
2008-01-02,-0.02147568867368952
2008-01-03,0.028466122405006674
2008-01-04,-0.03138505712900791
2008-01-07,0.007214974646651606
2008-01-08,-0.01901936214705119
2008-01-09,-0.0018691364074022165
2008-01-10,0.022010591206965413
2008-01-11,-0.017914127266860164
2008-01-14,-0.008211183031997096
2008-01-15,0.017275157235967474
2008-01-16,0.005997549009140776
2008-01-17,-0.01265027303562382
2008-01-18,0.09044513021909807
2008-01-21,0.07329623806625228
2008-01-22,0.004099877548461139
2008-01-23,-0.02271927418729361
2008-01-24,-0.01144766257643648
2008-01-25,-0.002467878384144029
2008-01-28,0.05203110397350007
2008-01-29,0.013721330960528029
2008-01-30,-0.017116059349619413
2008-01-31,-0.06738536844739673
2008-02-01,-0.06250888170686666
2008-02-04,0.0
2008-02-05,0.0
2008-02-13,0.0
2008-02-14,0.0
2008-02-15,0.0
2008-02-18,0.0
2008-02-19,0.0
2008-02-20,0.0
2008-02-21,0.0
2008-02-22,0.0
2008-02-25,0.1304825478364818
2008-02-26,-0.049749431167025474
2008-02-27,-0.030197601057797806
2008-02-28,-0.022305383879557536
2008-02-29,-0.003140460462227412
2008-03-03,-0.013896335574774158
2008-03-04,0.030204883279594526
2008-03-05,0.02497024355792073
2008-03-06,0.006159351151786393
2008-03-07,-0.036856879617710225
2008-03-10,-0.026310018693373842
2008-03-11,-0.010976716525240392
2008-03-12,-0.009330909316929377
2008-03-13,-0.041693008848418735
2008-03-14,0.02966583313683732
2008-03-17,-0.05368665593851528
2008-03-18,-0.009567699194140161
2008-03-19,0.007311375060912499
2008-03-20,0.009363011239110264
2008-03-21,-0.013209321792137671
2008-03-24,0.010575019980458289
2008-03-25,-0.018759513600811017
2008-03-26,0.0047171698194226
2008-03-27,-0.047579082910090977
2008-03-28,-0.009585778190674021
2008-03-31,-0.010549453218195441
2008-04-01,-0.002886384614851162
2008-04-02,-0.012138649947475946
2008-04-03,0.009133446644394302
2008-04-07,-0.0018878286731486699
2008-04-08,0.06229676031091417
2008-04-09,-0.017400309626192087
2008-04-10,0.019241071486947366
2008-04-11,-0.007433837911576056
2008-04-14,0.00946017755581155
2008-04-15,0.02376797483243863
2008-04-16,0.0719983961970404
2008-04-17,0.012896316358493996
2008-04-18,-0.023165494118974728
2008-04-21,0.0016741135841558258
2008-04-22,-0.035414531126146
2008-04-23,-0.014511310546390092
2008-04-24,0.004994115507112901
2008-04-25,-0.016910738199984482
2008-04-28,-0.04132196974084132
2008-04-29,-0.029748637493567827
2008-04-30,-0.008793168783359041
2008-05-05,0.04650514728162717
2008-05-06,0.01459241383349933
2008-05-07,0.045337635350847866
2008-05-08,1.930477785950374e-05
2008-05-09,-0.021076326422462703
2008-05-12,-0.04013533045145823
2008-05-13,-0.03322860492395194
2008-05-14,-0.009957386205474428
2008-05-15,0.017612127188416843
2008-05-16,0.01784184164437269
2008-05-19,0.0
2008-05-20,-0.0356575112281312
2008-05-21,-0.01767816953233228
2008-05-22,-0.018244025491868446
2008-05-23,0.019880983546405717
2008-05-26,0.022283322662215707
2008-05-27,-0.018960550527478085
2008-05-28,-0.0026976494890042224
2008-05-29,0.005209712679548201
2008-05-30,-0.04543522773928454
2008-06-02,0.016775179467789225
2008-06-03,-0.0004164269066393809
2008-06-04,-0.023821565683609797
2008-06-05,0.02773162693040059
2008-06-06,0.00023835388821254796
2008-06-10,-0.004163438914171647
2008-06-11,-0.042092850941776006
2008-06-12,0.0026688003091708493
2008-06-13,-0.022526625358996126
2008-06-16,-0.011862379085030229
2008-06-17,-0.02780499340513551
2008-06-18,0.00954312124999427
2008-06-19,0.0008969756474436208
2008-06-20,-0.03639774850752948
2008-06-23,-0.012260426811421764
2008-06-24,-0.0060034278307091946
2008-06-25,0.031107277226621793
2008-06-26,-0.004966714459134918
2008-06-27,-0.015167385732591826
2008-06-30,-0.015451893927586734
2008-07-01,0.003822088026954683
2008-07-02,-0.009389940922779137
2008-07-03,0.0024076754440594816
2008-07-04,0.0012117762543174884
2008-07-07,-0.0016350571417030335
2008-07-08,-0.04718040966694273
2008-07-09,-0.00706182250938743
2008-07-10,0.014689807305864182
2008-07-11,-0.03045644788327037
2008-07-14,-0.0022496294522501813
2008-07-15,0.006608961491771856
2008-07-16,-0.012049549699422638
2008-07-17,0.01592880828959618
2008-07-18,-0.011109936016610283
2008-07-21,-0.0029519639505838358
2008-07-22,0.012348484700502168
2008-07-23,-0.020361350767603512
2008-07-24,-0.01022288353039269
2008-07-25,0.015179434049733003
2008-07-28,-0.00655704327910649
2008-07-29,-0.0041906348878681735
2008-07-30,-0.014512768808321625
2008-07-31,-0.0037160428872442253
2008-08-01,0.07175621029507417
2008-08-04,0.03415750972654229
2008-08-05,0.09042654014443083
2008-08-06,-0.05178829696874704
2008-08-07,-0.01997739004606057
2008-08-08,-0.011327577311973605
2008-08-11,-0.014156946685977445
2008-08-12,0.052314154344090334
2008-08-13,-0.017939831357779306
2008-08-14,-0.021151433578459413
2008-08-15,-0.0016949596112345797
2008-08-18,-0.01698234894768748
2008-08-19,0.007524455258347957
2008-08-20,0.0016432416125133076
2008-08-21,-0.023809813583819797
2008-08-22,0.023686290848656782
2008-08-25,-0.004445423054051826
2008-08-26,0.0004450466064910355
2008-08-27,0.07936543687225261
2008-08-28,-0.039530316740329745
2008-08-29,-0.00902245714037557
2008-09-01,-0.009244721459995095
2008-09-02,0.005207866401362057
2008-09-03,0.048643765221757035
2008-09-04,0.01842889728543168
2008-09-05,-0.0005051763235053575
2008-09-08,0.03539513184172613
2008-09-09,0.015469832796877046
2008-09-10,-0.0032563695414491514
2008-09-11,0.012731828043108365
2008-09-12,-0.001584195953606495
2008-09-16,0.0
2008-09-17,-0.0507663627575185
2008-09-18,-0.043967012517352584
2008-09-19,-0.0011680966999709774
2008-09-22,-0.01689412626889822
2008-09-23,-0.013572316243731689
2008-09-24,-0.0015460036297658252
2008-09-25,-0.009230296617929006
2008-09-26,0.02098436274249397
2008-10-06,-0.006593071532899231
2008-10-07,-0.009792741794693922
2008-10-08,0.02753132242194065
2008-10-09,0.012519226669284789
2008-10-10,0.0076094080021580635
2008-10-13,-0.00311815154822271
2008-10-14,-0.039285079193642915
2008-10-15,0.007156994982138117
2008-10-16,-0.0038466354151893423
2008-10-17,0.0075098105334901735
2008-10-20,-0.015118919624505976
2008-10-21,0.008794683068083127
2008-10-22,0.026413210200092255
2008-10-23,-0.020783727921866876
2008-10-24,0.001598048246855957
2008-10-27,-0.016950899917946835
2008-10-28,-0.008309571553770462
2008-10-29,-0.016878768352182886
2008-10-30,0.00420674063434269
2008-10-31,0.005853258771614276
2008-11-03,-0.02174004481160495
2008-11-04,-0.011557837987592509
2008-11-05,-0.010895278016593186
2008-11-06,-0.028799459771329073
2008-11-07,0.004659407700591544
2008-11-10,-0.0035816185020348112
2008-11-11,-0.0020624166918702617
2008-11-12,-0.0057608683567917235
2008-11-13,-0.0026863469898325
2008-11-14,-0.003757497597763476
2008-11-17,0.004070145775680281
2008-11-18,-0.025461455240052985
2008-11-19,-0.014316195990925248
2008-11-20,-0.016109211224187445
2008-11-21,-0.002598625758607722
2008-11-24,-0.01630244241176118
2008-11-25,0.0008747425931710153
2008-11-26,-0.006801080487282632
2008-11-27,0.01457019954776588
2008-11-28,-0.0237143102405782
2008-12-01,-0.003964700732871397
2008-12-02,0.0020719187120893795
2008-12-03,-0.0014320761721750147
2008-12-04,-0.0031464055743199142
2008-12-05,-0.005710347462374768
2008-12-08,-0.00017078311463834817
2008-12-09,0.00636002594153634
2008-12-10,0.03229736949547471
2008-12-11,-0.0017305623109999287
2008-12-12,0.0019337172624755705
2008-12-15,0.0063306449637086405
2008-12-16,-0.017569343038246144
2008-12-17,-0.02432092343044959
2008-12-18,0.0036632728260747385
2008-12-19,-0.015154881573199833
2008-12-22,-0.011148611954143604
2008-12-23,-0.014275161992388624
2008-12-24,0.028415218652996958
2008-12-25,-0.016325095434426562
2008-12-26,-0.0016101190117742189
2008-12-29,-0.020393473190859553
2008-12-30,-0.015187918125057997
2008-12-31,0.0
2009-01-05,0.052429072642851494
2009-01-06,-0.01837161269722059
2009-01-07,-0.03743786730814998
2009-01-08,-0.010340569858425755
2009-01-09,0.0044049271669007115
2009-01-12,-0.021981639676357627
2009-01-13,-0.012366127311330483
2009-01-14,-0.005938031118661154
2009-01-15,-0.009226573873701146
2009-01-16,0.01963886187618448
2009-01-19,0.026136685613640513
2009-01-20,-0.016874353278660846
2009-01-21,-0.014594829984464973
2009-01-22,-0.005243682427447514
2009-01-23,0.018591456963635223
2009-02-02,-0.007769337878426489
2009-02-03,-0.015378740614198638
2009-02-04,-0.005421156107647967
2009-02-05,-0.009848441692897787
2009-02-06,0.007833177819527026
2009-02-09,-0.014880522083155275
2009-02-10,-0.008785096097324745
2009-02-11,0.013718668207944635
2009-02-12,0.01098287038958972
2009-02-13,0.022898676132113716
2009-02-16,0.0588046002715646
2009-02-17,-0.005548679029044705
2009-02-18,0.013486495180097202
2009-02-19,-0.03350955347093785
2009-02-20,-0.002079346399092054
2009-02-23,-0.015465813551114226
2009-02-24,-0.04339594152893853
2009-02-25,-0.029501436167601904
2009-02-26,0.038310106879224454
2009-02-27,-0.011493819360943652
2009-03-02,0.04180333955336938
2009-03-03,-0.010498830062011993
2009-03-04,0.025218602912798538
2009-03-05,0.036215585015045515
2009-03-06,0.021957533137434083
2009-03-09,-0.018767631743728613
2009-03-10,0.002357883498224276
2009-03-11,-0.01546133561725024
2009-03-12,0.003879291425717496
2009-03-13,-0.005192293544344424
2009-03-16,0.06279755973623274
2009-03-17,-0.029384568126455846
2009-03-18,-0.03521421627449417
2009-03-19,0.07595755964810684
2009-03-20,0.0062593781433753215
2009-03-23,-0.041782033621181894
2009-03-24,0.004009601730892556
2009-03-25,0.0011046932358456142
2009-03-26,-0.027890169500770577
2009-03-27,-0.028271464579979262
2009-03-30,-0.021742051849107373
2009-03-31,0.042696050130533916
2009-04-01,-0.020485343483937584
2009-04-02,-0.009054414801947543
2009-04-03,0.032053522107554445
2009-04-07,0.03327301109972636
2009-04-08,-0.004124361465056715
2009-04-09,0.009668492452685966
2009-04-10,0.0029576892582583794
2009-04-13,-0.010165871310739642
2009-04-14,-0.03181268945234912
2009-04-15,-0.03598489095993296
2009-04-16,0.012467845191798384
2009-04-17,-0.007652485712365258
2009-04-20,0.008849644400675354
2009-04-21,-0.012198131874445612
2009-04-22,-0.0252622461384521
2009-04-23,-0.020106332696116284
2009-04-24,0.00016527695187790875
2009-04-27,0.015772074591654188
2009-04-28,-0.020067322932849692
2009-04-29,0.006953431938689275
2009-04-30,-0.011187037076748323
2009-05-04,-0.012066376869634104
2009-05-05,0.0001251873953542846
2009-05-06,0.012530250432194301
2009-05-07,-0.015831071097448222
2009-05-08,-0.0007146361768041384
2009-05-11,-0.01869155311061573
2009-05-12,-0.01124406783181088
2009-05-13,6.812635610221711e-05
2009-05-14,0.007191343137499483
2009-05-15,0.038311994063825607
2009-05-18,-0.003145108997604708
2009-05-19,-0.005647169563397992
2009-05-20,-0.009931455568292207
2009-05-21,0.03918172194748153
2009-05-22,0.016558182555542464
2009-05-25,0.03725196124939724
2009-05-26,0.038200725532605194
2009-05-27,0.10194991484456198
2009-06-01,0.06760457638675975
2009-06-02,-0.039221078612568475
2009-06-03,0.04886370954905562
2009-06-04,-0.026668557301004647
2009-06-05,0.06498552460759306
2009-06-08,0.09114990344823837
2009-06-09,-0.05226687559079756
2009-06-10,-0.04796509728128962
2009-06-11,0.029450684671262304
2009-06-12,-0.03174863042221672
2009-06-15,-0.01303598814355687
2009-06-16,0.004483499965380199
2009-06-17,0.010984710304709391
2009-06-18,0.003165249119474897
2009-06-19,-0.03882676089687585
2009-06-22,0.0069613893970315276
2009-06-23,-0.03005476626700046
2009-06-24,0.019348058934160216
2009-06-25,0.003013565600571559
2009-06-26,-0.006767859458205447
2009-06-29,0.0
2009-06-30,0.006198404206835083
2009-07-01,-0.03243741601981319
2009-07-02,0.08268226210067901
2009-07-03,0.023969038685018686
2009-07-06,0.002806856492127356
2009-07-07,-0.010044987404709105
2009-07-08,-0.019793562684904495
2009-07-09,-0.0033115231544720465
2009-07-10,-0.017383582206505033
2009-07-13,-0.00400008649156161
2009-07-14,-0.004166154512330669
2009-07-15,0.040076515703566684
2009-07-16,-0.028628731843223204
2009-07-17,-0.026315465576417056
2009-07-20,-0.006764132883296241
2009-07-21,-0.010238731426696852
2009-07-22,0.0051286417805138495
2009-07-23,0.0002094921493189482
2009-07-24,-0.020742028599543168
2009-07-27,-0.006996112939656823
2009-07-28,0.008276820291193723
2009-07-29,-0.018454719152317778
2009-07-30,-0.0023278128499900387
2009-07-31,0.0006089329354959441
2009-08-03,-0.006995126500434601
2009-08-04,0.011067771299397322
2009-08-05,-0.003508676849720359
2009-08-06,-0.002087992664930479
2009-08-07,-0.00419091684803885
2009-08-10,-0.008777564062340336
2009-08-11,0.0009831873892864398
2009-08-12,0.004408480951246921
2009-08-13,-0.014707880026196773
2009-08-14,-0.009909937244360442
2009-08-17,-0.0034334010309302054
2009-08-18,-0.02346580915458535
2009-08-19,0.04886746826439317
2009-08-20,0.003822981046015528
2009-08-21,-0.010332094518009927
2009-08-24,-0.0027842853605187963
2009-08-25,-0.01957599156793184
2009-08-26,0.001130098210532865
2009-08-27,0.09059191974395259
2009-08-28,0.04270596826754025
2009-08-31,-0.011308481510421145
2009-09-01,-0.005583929829404163
2009-09-02,0.022112294562079127
2009-09-03,-0.018711632691015348
2009-09-04,-0.013351624795289369
2009-09-07,0.0007726763042236531
2009-09-08,-0.03056853150880922
2009-09-09,-0.02172810399540539
2009-09-10,0.06787787501416265
2009-09-11,0.02949499131304543
2009-09-14,-0.025070355399419555
2009-09-15,-0.010617864181438723
2009-09-16,-0.016400666190356752
2009-09-17,-0.004420127316244018
2009-09-18,-0.015387059134502973
2009-09-21,0.004557192530691959
2009-09-22,0.010787355889995381
2009-09-23,-0.012485057215467478
2009-09-24,-0.003764641593650392
2009-09-25,0.021759398678337354
2009-09-28,-0.012721123237101714
2009-09-29,-0.037886887362040336
2009-09-30,0.0091665051108266
2009-10-09,-0.01324774726842929
2009-10-12,-0.024659182276211722
2009-10-13,-0.03189749407911041
2009-10-14,0.041685939957512436
2009-10-15,-0.019266181604061808
2009-10-16,-0.014873886982988728
2009-10-19,-0.004533839042986536
2009-10-20,0.028466880950802083
2009-10-21,-0.007078209558129805
2009-10-22,0.0018838833121052091
2009-10-23,0.011101589798539662
2009-10-26,-0.027804909289661124
2009-10-27,0.0288383974094442
2009-10-28,-0.013299472892221973
2009-10-29,-0.011382650447261194
2009-10-30,-0.007418579318550912
2009-11-02,-0.01861358535882792
2009-11-03,0.006337806976494314
2009-11-04,0.010866016769156018
2009-11-05,0.010878564133583544
2009-11-06,-0.014687128416029215
2009-11-09,0.0002232039893014003
2009-11-10,-0.00922301314868805
2009-11-11,-0.013022781491098603
2009-11-12,0.10609082295469484
2009-11-13,-0.0030799910236540317
2009-11-16,-0.0010048282437152382
2009-11-17,-0.017274864930525137
2009-11-18,-0.011116903332279856
2009-11-19,-0.013273523332527886
2009-11-20,0.05766741234659181
2009-11-23,-0.022223978525449772
2009-11-24,-0.010942639936410897
2009-11-25,0.0
2009-11-26,0.0
2009-11-27,0.0
2009-11-30,0.0
2009-12-01,0.0
2009-12-02,0.0
2009-12-03,0.0
2009-12-04,0.0
2009-12-07,0.0
2009-12-08,0.0
2009-12-09,0.0
2009-12-10,0.0
2009-12-11,0.0
2009-12-14,0.0
2009-12-15,0.0
2009-12-16,0.0
2009-12-17,0.0
2009-12-18,0.0
2009-12-21,0.0
2009-12-22,0.0
2009-12-23,0.0
2009-12-24,0.0
2009-12-25,0.09358519866367802
2009-12-28,0.08954817591515171
2009-12-29,0.10531381319585567
2009-12-30,0.01640468198638062
2009-12-31,0.022319614042904657
2010-01-04,-0.026301602885493307
2010-01-05,0.02448023412825178
2010-01-06,0.058822573274383054
2010-01-07,0.030942070023919542
2010-01-08,0.006206784430590251
2010-01-11,0.048130250397459017
2010-01-12,-0.03798992007579919
2010-01-13,-0.02792210405737674
2010-01-14,0.003711809527952265
2010-01-15,-0.019508147096083076
2010-01-18,0.08380809447002037
2010-01-19,0.030497802930051443
2010-01-20,-0.022870630787277642
2010-01-21,0.01788699846890874
2010-01-22,-0.018242427459698708
2010-01-25,0.020276817903262894
2010-01-26,-0.03106094719265877
2010-01-27,0.011710234391637538
2010-01-28,0.02976894690427597
2010-01-29,0.00684281653115004
2010-02-01,0.02669465880665868
2010-02-02,0.08367368278921306
2010-02-03,0.003998694774780966
2010-02-04,0.03495535442865134
2010-02-05,-0.04859100739928856
2010-02-08,0.012411754814081265
2010-02-09,-0.04760138876626184
2010-02-10,-0.006434739798210756
2010-02-11,0.05737979729015291
2010-02-12,-0.014685013557033624
2010-02-22,-0.035314824131183094
2010-02-23,-0.038891999459189405
2010-02-24,-0.014015985724105173
2010-02-25,-0.005944400629947402
2010-02-26,0.003737300882275652
2010-03-01,0.02721179267923442
2010-03-02,-0.018478610908372547
2010-03-03,0.03195052352670666
2010-03-04,-0.002980813313923615
2010-03-05,-0.0014176631549527828
2010-03-08,-0.03636713028070693
2010-03-09,-0.004628629431823357
2010-03-10,-0.01646346981862509
2010-03-11,-0.008805279275263513
2010-03-12,0.006482663406936949
2010-03-15,-0.0022514524648170903
2010-03-16,0.02052866760154092
2010-03-17,-0.008712010196771942
2010-03-18,-0.005238885126261952
2010-03-19,0.030969163022616746
2010-03-22,-0.0011972522904050557
2010-03-23,-0.028510832963389826
2010-03-24,-0.0025933513403964053
2010-03-25,-0.026426237508510884
2010-03-26,0.005905767875502867
2010-03-29,0.005119853171335301
2010-03-30,-0.02251030372750914
2010-03-31,0.015945787595994222
2010-04-01,-0.011011122730747357
2010-04-02,-0.0033332624532232823
2010-04-06,-0.015055375011563198
2010-04-07,-0.018834808951574612
2010-04-08,-0.003822773749247513
2010-04-09,-0.0027252739947289852
2010-04-12,-0.04237431164899781
2010-04-13,0.01761322371183684
2010-04-14,-0.002059880417595695
2010-04-15,-0.008488133054160352
2010-04-16,-0.02077489730915067
2010-04-19,-0.020185852712047356
2010-04-20,-0.04656085580966163
2010-04-21,0.023753537014353156
2010-04-22,-0.029920729953142364
2010-04-23,-0.015508094446860042
2010-04-26,0.016896996382471278
2010-04-27,0.00554797733841836
2010-04-28,0.003455385471576049
2010-04-29,-0.0030498932395077658
2010-04-30,-0.010811657948501623
2010-05-04,-0.01584119717855636
2010-05-05,-0.013095773084300662
2010-05-06,-0.007204877923054159
2010-05-07,0.03609149218461602
2010-05-10,0.09097710854415703
2010-05-11,0.0063556207948330876
2010-05-12,0.04472002476632739
2010-05-13,-0.033039681859912615
2010-05-14,-0.02391931952224175
2010-05-17,-0.007178714628343713
2010-05-18,0.04129325724857915
2010-05-19,0.025759834805008673
2010-05-20,0.04043667272568555
2010-05-21,-0.0029747721133599678
2010-05-24,-0.014605559014623626
2010-05-25,-0.011431053754467096
2010-05-26,0.027391124357387997
2010-05-27,-0.020043157990090654
2010-05-28,-0.02315594687293676
2010-05-31,-0.004162676499559662
2010-06-01,-0.02051304550356524
2010-06-02,0.050661876417606624
2010-06-03,-0.009637308020464336
2010-06-04,-0.005307779452600116
2010-06-07,0.0
2010-06-08,-0.012919363665613005
2010-06-09,0.022415599168871668
2010-06-10,-0.008706270162655681
2010-06-11,0.03271020364605654
2010-06-17,0.0011306270470860039
2010-06-18,0.03352804236748136
2010-06-21,0.013421907367326784
2010-06-22,0.019894916242652452
2010-06-23,0.0011604773246049302
2010-06-24,-0.012854258042503635
2010-06-25,0.0444146490377456
2010-06-28,0.0
2010-06-29,-0.024969318244324218
2010-06-30,-0.07524599244180802
2010-07-01,0.016177570902745228
2010-07-02,0.024037832903174315
2010-07-05,0.0018691341530143596
2010-07-06,-0.014844834486685013
2010-07-07,0.0227004453713669
2010-07-08,5.291849620099598e-05
2010-07-09,-0.00691580180325934
2010-07-12,0.019548419028681433
2010-07-13,-0.02358943327189189
2010-07-14,0.05118146673034478
2010-07-15,-0.020038053629956934
2010-07-16,-0.0008663433952670052
2010-07-19,-0.007681375961549115
2010-07-20,-0.00595585165140361
2010-07-21,-0.010051826740571054
2010-07-22,0.02217521009884646
2010-07-23,-0.013783656847109754
2010-07-26,-0.02154976296789866
2010-07-27,-0.0002487165979405382
2010-07-28,-0.009582944092203116
2010-07-29,-0.006809417057949187
2010-07-30,0.026468820535484702
2010-08-02,-0.008428449093063586
2010-08-03,-0.005172090008346977
2010-08-04,-0.012607834511658594
2010-08-05,-0.029564628809067958
2010-08-06,-0.01060944355087499
2010-08-09,-0.016030741649400673
2010-08-10,0.002804706080108736
2010-08-11,0.0055126623401342695
2010-08-12,0.0068283615074563216
2010-08-13,0.0002790526321897954
2010-08-16,-0.009616810343168115
2010-08-17,-0.01845071722837373
2010-08-18,-0.01699919785620516
2010-08-19,-0.006593927941439623
2010-08-20,0.0
2010-08-23,-0.02644044439311244
2010-08-24,0.005954448923210492
2010-08-25,-0.009663167869767356
2010-08-26,-0.018913986126901892
2010-08-27,-0.018642370926862436
2010-08-30,-0.005761009878318124
2010-08-31,-0.011861197099882372
2010-09-01,-0.010389690062302781
2010-09-02,-0.0143210064729868
2010-09-03,-0.015953721998762653
2010-09-06,0.03182295514027117
2010-09-07,-0.007618672267605617
2010-09-08,-0.006276312073214276
2010-09-09,-0.002924473377232846
2010-09-10,-0.01722493411860077
2010-09-13,0.06094337692843228
2010-09-14,-0.02127844588462339
2010-09-15,0.04983558160178047
2010-09-16,0.021567687473034395
2010-09-17,0.040311438280934225
2010-09-20,-0.0201218416631071
2010-09-21,-0.030091109374623087
2010-09-27,0.016581961687704885
2010-09-28,-0.018989041789161748
2010-09-29,0.006761182869210056
2010-09-30,-0.0036566011849745728
2010-10-08,-0.00373576000927682
2010-10-11,0.021658141427608107
2010-10-12,0.017025720587709917
2010-10-13,0.043949345205179804
2010-10-14,0.007963199666862111
2010-10-15,-0.023686597038326738
2010-10-18,-0.011138655661867052
2010-10-19,-0.030407686254847542
2010-10-20,-0.030311923582795254
2010-10-21,0.004395575368646266
2010-10-22,-0.01810456124157219
2010-10-25,-0.008864932461361295
2010-10-26,-0.011279193345213875
2010-10-27,-0.02075381813757249
2010-10-28,-0.023321487635813227
2010-10-29,-0.010010363667927732
2010-11-01,-0.013420887009832672
2010-11-02,0.02839055898307661
2010-11-03,-0.01035660877874654
2010-11-04,-0.01679790750562208
2010-11-05,-0.0036384566191768886
2010-11-08,0.01769190733823851
2010-11-09,0.013991817021212122
2010-11-10,-0.030755935984299456
2010-11-11,-0.005574171001592149
2010-11-12,-0.010972415466754565
2010-11-15,-0.004340546130436896
2010-11-16,-0.01646384711064182
2010-11-17,0.012914847449806314
2010-11-18,-0.0015055792483660221
2010-11-19,-0.01860833699519531
2010-11-22,0.009652919397425058
2010-11-23,-0.014035632475673254
2010-11-24,-0.015563347107013667
2010-11-25,0.01095883166624766
2010-11-26,-0.014040726482891265
2010-11-29,0.000706928243051548
2010-11-30,-0.015213824020336966
2010-12-01,-0.006841566842305511
2010-12-02,-0.003969598198455027
2010-12-03,-0.0009430559570335287
2010-12-06,0.008270326204511928
2010-12-07,-0.016169335262670566
2010-12-08,0.00027621408899962743
2010-12-09,0.00023962565740420078
2010-12-10,-0.005268910996845524
2010-12-13,-0.007578342309565427
2010-12-14,-0.010233742359177877
2010-12-15,-0.008591821115303483
2010-12-16,0.005378168888697519
2010-12-17,-0.011448490583777983
2010-12-20,-0.012694627081428437
2010-12-21,0.011440744710732552
2010-12-22,-0.0028068749475332715
2010-12-23,-0.013726721341499106
2010-12-24,0.015294026688031651
2010-12-27,0.01490104280043434
2010-12-28,-0.03481386792661506
2010-12-29,-0.016193058364321604
2010-12-30,-0.011006701810819586
2010-12-31,-0.004596050312940112
2011-01-04,-0.014769923336709567
2011-01-05,-0.00999756665915653
2011-01-06,-0.000718506825818907
2011-01-07,0.012685166237138354
2011-01-10,-0.0008458179342443403
2011-01-11,-0.007643702349473071
2011-01-12,0.03662638759910581
2011-01-13,0.0009752776906339009
2011-01-14,-0.026484229299047105
2011-01-17,-0.008950117831557046
2011-01-18,-0.008131008728646418
2011-01-19,-0.006441526920186364
2011-01-20,-0.008864879492655214
2011-01-21,-0.004548536706318447
2011-01-24,-0.005343502808535726
2011-01-25,0.021795888615331337
2011-01-26,-0.003020340330016264
2011-01-27,0.009658906815312606
2011-01-28,-0.0066052406854278465
2011-01-31,-0.0050419044146290705
2011-02-01,-0.00586513630069301
2011-02-09,-0.012354169540683224
2011-02-10,0.05655178200331511
2011-02-11,0.05236402753651688
2011-02-14,-0.01243503149962064
2011-02-15,-0.018121805072330036
2011-02-16,-0.011313642668179611
2011-02-17,0.002394985686883618
2011-02-18,-0.00417021278326936
2011-02-21,0.0544651995233693
2011-02-22,0.00033323344048979964
2011-02-23,-0.014816407145267173
2011-02-24,0.023014850438811962
2011-02-25,0.03247092962590658
2011-02-28,-0.01940058010930261
2011-03-01,0.013695749817771464
2011-03-02,-0.0027668985368475606
2011-03-03,-0.012158489186855068
2011-03-04,-0.009490398440810226
2011-03-07,-0.012049952638041414
2011-03-08,-0.025346345637028207
2011-03-09,-0.005572298916051084
2011-03-10,0.005965943531425164
2011-03-11,0.0
2011-03-14,-0.03773692077185234
2011-03-15,-0.015083363371394442
2011-03-16,0.006588505702726267
2011-03-17,0.021391560984991752
2011-03-18,-0.013037597605603354
2011-03-21,-0.0025361317272708577
2011-03-22,-0.013004213822981841
2011-03-23,0.039680809052415486
2011-03-24,-0.017852598768833293
2011-03-25,0.05961322885175492
2011-03-28,0.018926068065725873
2011-03-29,0.03570009964656033
2011-03-30,0.021147662175168662
2011-03-31,-0.03214224787750852
2011-04-01,0.01558023476503903
2011-04-06,-0.018222946063997297
2011-04-07,0.02242375764909518
2011-04-08,0.009612810034594793
2011-04-11,-0.011339356456062741
2011-04-12,0.021288778142841382
2011-04-13,-0.02936803112764915
2011-04-14,-0.01489422391431813
2011-04-15,-0.010651903634949396
2011-04-18,0.002169301059251276
2011-04-19,-0.012883858043256109
2011-04-20,0.01359918646219536
2011-04-21,0.026255459025459296
2011-04-22,-0.006803001635344627
2011-04-25,-0.00845491340350877
2011-04-26,-0.022826248433939392
2011-04-27,0.01810935444508319
2011-04-28,-0.0008806205851036725
2011-04-29,0.010466513886557227
2011-05-03,0.0015422886461174783
2011-05-04,-0.0033276689527099237
2011-05-05,-0.0016410832299094402
2011-05-06,0.0068776557130153446
2011-05-09,-0.023085382096179177
2011-05-10,-0.04219505321460902
2011-05-11,-0.009873733895426812
2011-05-12,0.11168886101593062
2011-05-13,-0.002343101205138004
2011-05-16,-0.015201682899547599
2011-05-17,0.010812718324610733
2011-05-18,-0.03608306512433844
2011-05-19,0.010627095943023267
2011-05-20,-0.015626329780911115
2011-05-23,-0.007555108778796012
2011-05-24,-0.0027641927239925607
2011-05-25,0.0022736652414384537
2011-05-26,0.0046852921405898165
2011-05-27,0.03635527719074967
2011-05-30,-0.06631402488854594
2011-05-31,-0.01025113944658827
2011-06-01,-0.007791769324922485
2011-06-02,0.005714644415956923
2011-06-03,-0.0022673114150635193
2011-06-07,-0.008138755796059622
2011-06-08,0.004359603569284037
2011-06-09,-0.007054360337604846
2011-06-10,0.011012385920212846
2011-06-13,-0.002458158580714985
2011-06-14,-0.001003063928285447
2011-06-15,-0.0020861753393675714
2011-06-16,0.0003172926710261273
2011-06-17,0.007890728251936707
2011-06-20,-0.0025819980793388682
2011-06-21,0.0018001012831699546
2011-06-22,-0.003985772514050098
2011-06-23,-0.0070405567998972525
2011-06-24,-0.0027572606917157898
2011-06-27,-0.015094924898659389
2011-06-28,-0.024817911495734722
2011-06-29,-0.008005238531076205
2011-06-30,-0.00973538351556916
2011-07-01,-0.008715220400419332
2011-07-04,0.012067842302360007
2011-07-05,-0.004574851937843126
2011-07-06,0.009142858714801983
2011-07-07,-0.0030563276934583395
2011-07-08,0.02917408044594893
2011-07-11,-0.01577330830510614
2011-07-12,0.005293656011865412
2011-07-13,-0.009071574967250504
2011-07-14,-0.011682257699891532
2011-07-15,-0.014982994456112186
2011-07-18,-0.009060924338176627
2011-07-19,4.9352305553577135e-05
2011-07-20,0.009826215272112077
2011-07-21,-0.002575118151506099
2011-07-22,0.00028045478062963284
2011-07-25,-0.004257315370555646
2011-07-26,-0.008458110529544871
2011-07-27,-0.008976586904571017
2011-07-28,-0.006632502938390603
2011-07-29,0.0010602137856390997
2011-08-01,-0.006548581105430147
2011-08-02,-0.028270489503864644
2011-08-03,0.00034219018469565377
2011-08-04,0.003173102713774896
2011-08-05,-0.006005673615567381
2011-08-08,-0.03275397130206368
2011-08-09,0.02705380338637718
2011-08-10,-0.023437986373223307
2011-08-11,0.010703901024707287
2011-08-12,-0.010759987013322495
2011-08-15,-0.014241561265631787
2011-08-16,-0.025669469822587984
2011-08-17,0.010902012287321454
2011-08-18,-0.011854850396657433
2011-08-19,-0.012862612245918188
2011-08-22,-0.009929394483122016
2011-08-23,-0.015840287534844583
2011-08-24,-0.0027881767061725925
2011-08-25,0.01031272757847566
2011-08-26,-0.002537577255449718
2011-08-29,-0.011242697106292361
2011-08-30,0.004772552901890012
2011-08-31,0.01484003183484226
2011-09-01,-0.009327500162554712
2011-09-02,0.003943212640261991
2011-09-05,-0.0025819989399769178
2011-09-06,-0.001035755546522234
2011-09-07,-0.0037671570105810223
2011-09-08,0.0011163197271968801
2011-09-09,0.0012032398607489322
2011-09-13,-0.006241555518330699
2011-09-14,-0.014114260734054774
2011-09-15,-0.0072881866663582874
2011-09-16,0.003624595648292998
2011-09-19,0.011336561938769404
2011-09-20,0.0010554685338115474
2011-09-21,-0.0015101092815260689
2011-09-22,-0.010205660678456602
2011-09-23,0.006196890815910993
2011-09-26,0.005766141962090788
2011-09-27,-0.0013522227083293103
2011-09-28,-0.012059169302461606
2011-09-29,-0.003963369746832361
2011-09-30,0.00896821829635959
2011-10-10,-0.008464877902326605
2011-10-11,0.024001041738829186
2011-10-12,-0.001642897160379006
2011-10-13,-0.009073167836089024
2011-10-14,-0.0025270789710428276
2011-10-17,0.007763758227502993
2011-10-18,-0.007700275752342729
2011-10-19,0.008499168743921474
2011-10-20,-0.006348437452537901
2011-10-21,0.027970001375695996
2011-10-24,-0.013603769090369488
2011-10-25,-0.0009787867535656358
2011-10-26,-0.00283592721025348
2011-10-27,-0.0006593105914293913
2011-10-28,-0.007453509483594481
2011-10-31,-0.011787408087964319
2011-11-01,-0.002345253544944465
2011-11-02,-0.02174286070959208
2011-11-03,0.004073937207158801
2011-11-04,0.013984257359935873
2011-11-07,-0.0052708063673879285
2011-11-08,0.007722117583791675
2011-11-09,-0.006082497712053582
2011-11-10,-0.004747931585013687
2011-11-11,0.005077562049073411
2011-11-14,-0.010785024289950498
2011-11-15,0.004898144663100102
2011-11-16,0.011551492854979813
2011-11-17,0.0
2011-11-18,-0.016874165527373454
2011-11-21,0.007640554886740083
2011-11-22,-0.0046895288413994225
2011-11-23,-0.007389681683194553
2011-11-24,-0.004863893444271412
2011-11-25,-0.010821802970938044
2011-11-28,-0.017548392981669946
2011-11-29,-0.012038208612668442
2011-11-30,-0.012131119386210462
2011-12-01,-0.013695822767788739
2011-12-02,0.00427777251241394
2011-12-05,0.007119859479010837
2011-12-06,-0.002732801716332228
2011-12-07,0.0023442055112700465
2011-12-08,-0.0038101160180242038
2011-12-09,0.028259522798947737
2011-12-12,0.008746336735252842
2011-12-13,0.009252430286510543
2011-12-14,0.028799848303900425
2011-12-15,0.07821215718166465
2011-12-16,-0.006578551676474219
2011-12-19,-0.009144345601076314
2011-12-20,-0.014385105286358417
2011-12-21,-0.017621235801199855
2011-12-22,-0.01431072459044069
2011-12-23,0.07189172133517065
2011-12-26,-0.010959119138332245
2011-12-27,0.010163953760920198
2011-12-28,0.06547192879146839
2011-12-29,-0.009608128498495823
2011-12-30,0.0329564191410433
2012-01-04,0.006023484519191484
2012-01-05,0.06871149375297185
2012-01-06,0.016511587118832556
2012-01-09,-0.023422253719467385
2012-01-10,-0.0204374933430179
2012-01-11,-0.023373727039568828
2012-01-12,0.002494395795379671
2012-01-13,-0.005938445310841409
2012-01-16,0.025575929840019822
2012-01-17,0.02151420884759394
2012-01-18,-0.0014508160555960076
2012-01-19,0.005892260159796398
2012-01-20,0.08294498133167533
2012-01-30,-0.006122139784769173
2012-01-31,-0.008655530721602151
2012-02-01,-0.005857958521509952
2012-02-02,-0.001994911560233976
2012-02-03,-0.02486327422123479
2012-02-06,-0.00018418405882585087
2012-02-07,-0.02085211552843545
2012-02-08,0.008804225138971469
2012-02-09,-0.030549660920416832
2012-02-10,-0.0112405728076094
2012-02-13,-0.016264455633913457
2012-02-14,0.02145858774671322
2012-02-15,-0.0008243690263448761
2012-02-16,-0.013211097042639335
2012-02-17,-0.0034296153474435895
2012-02-20,-0.012391958446280486
2012-02-21,-0.00951058688104264
2012-02-22,0.004012054376676288
2012-02-23,0.0005830811063947503
2012-02-24,0.02411818329793084
2012-02-27,-0.02167522033866088
2012-02-28,0.013797147283234548
2012-02-29,-0.0008259716435400459
2012-03-01,0.0008799467554584557
2012-03-02,-0.0072120531083848805
2012-03-05,-0.010454027615966434
2012-03-06,-0.023118300292241083
2012-03-07,-0.0041662444618654065
2012-03-08,-0.017137208515100227
2012-03-09,0.0
2012-03-12,0.014466539591302945
2012-03-13,0.01362601874231078
2012-03-14,0.03626996252363256
2012-03-15,0.048923397866267426
2012-03-16,0.045267025454123574
2012-03-19,-0.017092183251523584
2012-03-20,-0.027786781266068726
2012-03-21,0.021690858139247326
2012-03-22,0.004684320264105424
2012-03-23,0.014572549415027176
2012-03-26,-0.03899199577080115
2012-03-27,-0.018548176971024406
2012-03-28,-0.003286372146049016
2012-03-29,0.010307944769979628
2012-03-30,0.023771584484748302
2012-04-05,0.009335228041082382
2012-04-06,-0.006390296097008807
2012-04-09,-0.006922763322659016
2012-04-10,0.015599351144441543
2012-04-11,-0.0027978110386956585
2012-04-12,0.023448375715282542
2012-04-13,-0.012883379185266214
2012-04-16,0.011477477734971535
2012-04-17,0.0
2012-04-18,-0.025665542563443732
2012-04-19,-0.012401898480770533
2012-04-20,-0.00900207412936039
2012-04-23,0.00611699091541492
2012-04-24,0.012343500805322746
2012-04-25,0.011128938666137421
2012-04-26,-0.0016133953029787377
2012-04-27,-0.0003613320731451139
2012-05-02,0.002718111579681416
2012-05-03,0.0052745284813556295
2012-05-04,-0.009708263592881699
2012-05-07,-0.03346796316157297
2012-05-08,-0.007248415198386427
2012-05-09,-0.005951949310577676
2012-05-10,0.010028936808192227
2012-05-11,0.005187956293001745
2012-05-14,-0.031125371715921474
2012-05-15,0.02061927724466099
2012-05-16,-0.014454952926394968
2012-05-17,0.021916946064564485
2012-05-18,-0.008474078750406108
2012-05-21,0.005162016038984073
2012-05-22,0.01946633965156224
2012-05-23,0.01665812304006229
2012-05-24,0.05874613420103732
2012-05-25,0.0003172461358536549
2012-05-28,0.007485234645746103
2012-05-29,-0.016475011072393443
2012-05-30,0.017223572642812428
2012-05-31,-0.01882861192844384
2012-06-01,-0.007170715232815478
2012-06-04,0.015467450531584867
2012-06-05,-0.002692869597532911
2012-06-06,0.006978341455454189
2012-06-07,0.016829813212905553
2012-06-08,-0.004308635801296261
2012-06-11,0.00019168608368466677
2012-06-12,0.024804858566365648
2012-06-13,-0.01149767784418158
2012-06-14,-0.021798744209903635
2012-06-15,0.003527694675017552
2012-06-18,-0.0006705825213511995
2012-06-19,-0.032284305721727455
2012-06-20,0.012965425743597079
2012-06-21,0.0024330674868014036
2012-06-25,-0.010670570507807967
2012-06-26,0.004381583265331043
2012-06-27,-0.005355461191742771
2012-06-28,-0.021940845759501035
2012-06-29,-0.0012272449791216125
2012-07-02,-0.009838245691821668
2012-07-03,0.003843563269159158
2012-07-04,-0.011477315984286992
2012-07-05,-0.019200060873071342
2012-07-06,-0.002377047115854465
2012-07-09,-0.04170988253900837
2012-07-10,-0.01834486909005184
2012-07-11,0.01996001826482101
2012-07-12,-0.02817305955822775
2012-07-13,0.044123183598914525
2012-07-16,-0.01573233885428066
2012-07-17,0.01120137877562398
2012-07-18,-0.01104910615500912
2012-07-19,-0.002896559520052187
2012-07-20,-0.008505872496477964
2012-07-23,0.014663246588649871
2012-07-24,-0.0005836600749814097
2012-07-25,-0.006134039124258271
2012-07-26,-0.024424525290044914
2012-07-27,-0.03238836341643852
2012-07-30,-0.03031792897149827
2012-07-31,0.007970480512747643
2012-08-01,0.008970810196283926
2012-08-02,-0.009331891840403873
2012-08-03,-0.0053783185464779185
2012-08-06,0.0020285239258688303
2012-08-07,0.020511448621953515
2012-08-08,-0.011100293790073915
2012-08-09,-0.007370270146526393
2012-08-10,0.009955461933268562
2012-08-13,0.009534233378833204
2012-08-14,0.019757788140770265
2012-08-15,-0.014257115613497913
2012-08-16,-0.023082415284170175
2012-08-17,-0.0035111164654179445
2012-08-20,0.008279095457563695
2012-08-21,0.0048331428341315055
2012-08-22,0.00040856758251035623
2012-08-23,0.008899640590942658
2012-08-24,0.0014317884478449866
2012-08-27,0.0018188696677580649
2012-08-28,-0.006689096757010937
2012-08-29,-0.004407236529093816
2012-08-30,-0.02036459729092103
2012-08-31,0.00024411478795929864
2012-09-03,-0.003379438974410995
2012-09-04,-0.012352446152596229
2012-09-05,-0.005740582788580292
2012-09-06,-0.0036813816190477307
2012-09-07,0.004219954872257209
2012-09-10,-0.010954603988606681
2012-09-11,0.008069940381182458
2012-09-12,0.0030356945879733022
2012-09-13,0.001140782972162118
2012-09-14,-0.012032483407781798
2012-09-17,0.010155853663448677
2012-09-18,0.005986672781052593
2012-09-19,-0.00022705332532529064
2012-09-20,-0.005823770304858825
2012-09-21,0.004549025448905236
2012-09-24,-0.012502680653173412
2012-09-25,0.00012504512269487754
2012-09-26,0.008716397068165085
2012-09-27,-0.0008577261510668358
2012-09-28,-0.0004814475451800637
2012-10-08,-0.0035065764030332604
2012-10-09,-0.002823417841992505
2012-10-10,-0.002604794184542453
2012-10-11,-0.0046586361888188155
2012-10-12,0.008762499710620465
2012-10-15,-0.003658466635101793
2012-10-16,0.09382846924164968
2012-10-17,-0.02816491369483001
2012-10-18,0.01448546637886533
2012-10-19,-0.001585519932137854
2012-10-22,0.008967471724331877
2012-10-23,-0.004313253825558449
2012-10-24,-0.008228747351679028
2012-10-25,-0.0056379318189076
2012-10-26,0.036100900631982985
2012-10-29,0.005821260000526856
2012-10-30,-0.022819877050618092
2012-10-31,0.022065674962574854
2012-11-01,0.027537446013770082
2012-11-02,0.0022021943971499668
2012-11-05,-0.020251887530567985
2012-11-06,0.009879082508685024
2012-11-07,-0.009166970613393315
2012-11-08,0.009098796659896456
2012-11-09,0.014183362039223532
2012-11-12,0.00832170536956054
2012-11-13,-0.04803416344372834
2012-11-14,0.009664244197458184
2012-11-15,0.015049319518556141
2012-11-16,0.00627398643046194
2012-11-19,0.005050145898864182
2012-11-20,-0.00045737697676295503
2012-11-21,0.002583869550071484
2012-11-22,-0.021618441309747757
2012-11-23,0.0032962671564442107
2012-11-26,0.01432602135168392
2012-11-27,0.013410480969625535
2012-11-28,-0.029022988958350635
2012-11-29,0.00028491373502778986
2012-11-30,0.00973265623857987
2012-12-03,0.014994702438080723
2012-12-04,-0.001546771859883292
2012-12-05,-0.010615480122156032
2012-12-06,0.004863431106072964
2012-12-07,-0.009730837706623682
2012-12-10,-0.012920058333147598
2012-12-11,-0.012091488259252938
2012-12-12,0.01953757747597865
2012-12-13,-0.009218255943993068
2012-12-14,-0.0015684917231962442
2012-12-17,-0.01635910737891006
2012-12-18,0.003341757727141778
2012-12-19,-0.0044204232276574985
2012-12-20,-0.019631043936219592
2012-12-21,-0.009751541615649548
2012-12-24,-0.007587644502484709
2012-12-25,0.024053862122026648
2012-12-26,-0.029882689352807714
2012-12-27,0.007702822376115304
2012-12-28,0.018706126050539756
2012-12-31,0.029238739970307574
2013-01-04,0.05798014133581701
2013-01-07,-0.017671143436232717
2013-01-08,-0.00047390384112101
2013-01-09,-0.013097086758198602
2013-01-10,-0.0003877234647802798
2013-01-11,-0.019303712727635702
2013-01-14,0.006211598940955264
2013-01-15,-0.013517005866338284
2013-01-16,-0.010823416394703439
2013-01-17,0.008814792806765195
2013-01-18,0.00035982421739447906
2013-01-21,-0.009626116232223838
2013-01-22,-0.014963499172961709
2013-01-23,0.008677333740547986
2013-01-24,0.001669541698893759
2013-01-25,-0.005474918330382994
2013-01-28,0.030785148140033608
2013-01-29,-0.021926825963543926
2013-01-30,0.012137512520365486
2013-01-31,-0.00877648769929347
2013-02-01,-0.0076133077229950386
2013-02-04,-0.023983499913876716
2013-02-05,-0.0017320280254594228
2013-02-06,-0.026058900208054056
2013-02-07,0.01725730736241081
2013-02-08,-0.007925601227563611
2013-02-18,0.015321657196301646
2013-02-19,0.012871422256930297
2013-02-20,-0.029396350787230952
2013-02-21,-0.010972964952933092
2013-02-22,0.001156697130777199
2013-02-25,-0.02088706171311044
2013-02-26,-0.013194867308871767
2013-02-27,0.0016634129293459435
2013-02-28,-0.004407692356244004
2013-03-01,-0.010794896986250902
2013-03-04,0.005027490718470473
2013-03-05,-0.003525238008350015
2013-03-06,-0.00919775353485359
2013-03-07,-0.00011500691183571107
2013-03-08,-0.0020474098773484856
2013-03-11,0.010947408672066108
2013-03-12,0.02385561972470746
2013-03-13,-0.016438129307961204
2013-03-14,0.00642416982103059
2013-03-15,-0.009347071699727755
2013-03-18,0.007350301169637698
2013-03-19,0.008069942163897448
2013-03-20,-0.01174685078046793
2013-03-21,-0.004828151421973643
2013-03-22,-0.0008015916234042093
2013-03-25,0.004064079207859254
2013-03-26,0.0013258425010804781
2013-03-27,0.015269036342235108
2013-03-28,0.04991574523022055
2013-03-29,0.010782228466955451
2013-04-01,-0.00709720048150813
2013-04-02,-0.0027409795837748576
2013-04-03,-0.032230254304685915
2013-04-08,-0.023460712044624427
2013-04-09,-0.00265829104997781
2013-04-10,-0.01373626849069702
2013-04-11,0.0022559268913558616
2013-04-12,-0.004785221068836677
2013-04-15,-0.04450742291257734
2013-04-16,-0.0016201332357030224
2013-04-17,-0.0022528653040094233
2013-04-18,-0.003100019660089306
2013-04-19,-0.0007748532700156303
2013-04-22,-0.013763642557278072
2013-04-23,0.023529793423381698
2013-04-24,-0.008926290629339188
2013-04-25,0.0028563292052850367
2013-04-26,-0.013590482672610274
2013-05-02,-0.008183688220414575
2013-05-03,-0.0070563343174231165
2013-05-06,0.0008431039537583913
2013-05-07,-0.007983330882637493
2013-05-08,0.0434761774872164
2013-05-09,-0.013213371830605294
2013-05-10,-0.00010410836788462587
2013-05-13,0.004850606037560297
2013-05-14,0.003955239770178046
2013-05-15,-0.00739963356309698
2013-05-16,-0.000399957829101006
2013-05-17,0.02513513504010354
2013-05-20,-0.022710733163142295
2013-05-21,-0.00909018347240018
2013-05-22,0.014644126663584963
2013-05-23,0.005777093709705814
2013-05-24,-0.010721707152786177
2013-05-27,-0.009714728385940192
2013-05-28,0.031217634486072964
2013-05-29,-0.022451199343165768
2013-05-30,-0.006814825817742938
2013-05-31,-0.003870960333222191
2013-06-03,-0.0037703166173735665
2013-06-04,-0.028111365715422085
2013-06-05,-0.0008073355421610614
2013-06-06,-0.0017345103084027182
2013-06-07,0.004594392457676594
2013-06-13,0.022074435339425796
2013-06-14,-0.0031662064917936036
2013-06-17,0.0010403895439922636
2013-06-18,-0.0100693804913451
2013-06-19,0.007970844953012767
2013-06-20,0.015008819519812602
2013-06-21,-0.00745248285134269
2013-06-24,-0.02533469642292409
2013-06-25,0.000520769051485754
2013-06-26,-0.000455988085888398
2013-06-27,0.002829582577235182
2013-06-28,0.001979585433678599
2013-07-01,0.01984399346210658
2013-07-02,-0.002586587065618281
2013-07-03,0.013550908800278982
2013-07-04,0.022308773127336833
2013-07-05,0.08261263313241718
2013-07-08,0.05102792661468922
2013-07-09,0.029317912807931383
2013-07-10,0.005997100743366464
2013-07-11,-0.047454875688640985
2013-07-12,-0.028122956195211993
2013-07-15,0.03500703358777895
2013-07-16,0.031382167984750006
2013-07-17,0.024162128193031318
2013-07-18,-0.023107437339320146
2013-07-19,-0.004540730373543439
2013-07-22,0.04010042603369113
2013-07-23,0.04217840203124624
2013-07-24,0.014295424876371449
2013-07-25,0.01579741606738394
2013-07-26,0.03830790135004914
2013-07-29,-0.03510883981120516
2013-07-30,0.0001983344871496484
2013-07-31,-0.014186512458958918
2013-08-01,0.06749820123265957
2013-08-02,-0.01575788742123037
2013-08-05,-0.014123470426342596
2013-08-06,-0.023824916778202733
2013-08-07,0.045540853045647575
2013-08-08,0.0
2013-08-09,0.0
2013-08-12,0.0
2013-08-13,0.0
2013-08-14,0.0
2013-08-15,0.0
2013-08-16,0.0
2013-08-19,0.0
2013-08-20,0.0
2013-08-21,0.0
2013-08-22,0.0
2013-08-23,0.0
2013-08-26,0.0
2013-08-27,0.0
2013-08-28,0.0
2013-08-29,0.0
2013-08-30,0.0
2013-09-02,0.0
2013-09-03,0.0
2013-09-04,0.0
2013-09-05,0.0
2013-09-06,0.0
2013-09-09,0.0
2013-09-10,0.0
2013-09-11,0.0
2013-09-12,0.0
2013-09-13,0.0
2013-09-16,0.0
2013-09-17,0.0
2013-09-18,0.0
2013-09-23,0.0
2013-09-24,0.0
2013-09-25,0.0
2013-09-26,0.0
2013-09-27,0.0
2013-09-30,0.0
2013-10-08,0.0
2013-10-09,0.0
2013-10-10,0.0
2013-10-11,0.0
2013-10-14,0.0
2013-10-15,0.0
2013-10-16,0.0
2013-10-17,0.0
2013-10-18,0.0
2013-10-21,0.0
2013-10-22,0.0
2013-10-23,0.0
2013-10-24,0.0
2013-10-25,0.0
2013-10-28,0.0
2013-10-29,0.0
2013-10-30,0.0
2013-10-31,0.0
2013-11-01,0.0
2013-11-04,0.0
2013-11-05,0.0
2013-11-06,0.0
2013-11-07,0.0
2013-11-08,0.0
2013-11-11,0.0
2013-11-12,0.0
2013-11-13,-0.08589869177272408
2013-11-14,-0.10097151678161748
2013-11-15,-0.022076717553608717
2013-11-18,-0.009105886630770513
2013-11-19,-0.02987912643902714
2013-11-20,0.04440746877830243
2013-11-21,0.012302010509332266
2013-11-22,-0.02820398746002573
2013-11-25,-0.027676154478120073
2013-11-26,-0.004896528969144245
2013-11-27,0.010794885485225046
2013-11-28,-0.009666746973244421
2013-11-29,-0.01663372189786715
2013-12-02,-0.014662549479110422
2013-12-03,0.006791991306747711
2013-12-04,0.003693112838659217
2013-12-05,7.419384453383367e-05
2013-12-06,0.007197077356584675
2013-12-09,-0.0016994397384760222
2013-12-10,-0.0035572303312291706
2013-12-11,0.024637854936069417
2013-12-12,-0.00672496174256036
2013-12-13,0.0025525236135189432
2013-12-16,-0.02324192813310747
2013-12-17,-0.010043838625312867
2013-12-18,0.002123720981803255
2013-12-19,-0.004265325952238741
2013-12-20,0.010108768474980111
2013-12-23,-0.011874620683496036
2013-12-24,-0.0008646999293960549
2013-12-25,-0.014451449076168929
2013-12-26,0.0011087230999978145
2013-12-27,-0.005618935962384847
2013-12-30,-0.0038714781341517204
2013-12-31,0.008866936528275228
2014-01-02,-0.011800896812620183
2014-01-03,-0.0018800561174519212
2014-01-06,0.010973203294301959
2014-01-07,0.007765689232281751
2014-01-08,-0.01670750541674586
2014-01-09,-0.013989759912410846
2014-01-10,-0.02586245368721509
2014-01-13,0.028389237756532154
2014-01-14,-0.0044246338404928184
2014-01-15,-0.011345077443285733
2014-01-16,0.007751334735988673
2014-01-17,-0.010441105150357715
2014-01-20,-0.01663185041196654
2014-01-21,-0.0010499693545743607
2014-01-22,0.02419752001315436
2014-01-23,-0.005955741669295051
2014-01-24,0.001667448086077463
2014-01-27,-0.01345349593040691
2014-01-28,-0.001008979051382902
2014-01-29,0.002551581630444933
2014-01-30,-0.0034420209159598536
2014-02-07,0.008700698061886251
2014-02-10,0.0037956065531232624
2014-02-11,-0.011814383679713627
2014-02-12,0.020124057328541622
2014-02-13,0.010305593697710398
2014-02-14,-0.020310640102650736
2014-02-17,-0.010447348508004845
2014-02-18,0.035932527706533164
2014-02-19,-0.011343285994842163
2014-02-20,-0.008285310759707537
2014-02-21,-0.021277637583211093
2014-02-24,-0.005534150623393658
2014-02-25,0.12485303534449418
2014-02-26,-0.055168534077251856
2014-02-27,-0.030967167342929633
2014-02-28,0.022539134910431382
2014-03-03,-0.007937825542019616
2014-03-04,0.019462848742572106
2014-03-05,-0.020707435440447848
2014-03-06,0.015567492548915034
2014-03-07,-0.015773473422922953
2014-03-10,0.005252244980363731
2014-03-11,-0.00468670704593787
2014-03-12,0.0329123240178172
2014-03-13,-0.009646596082686046
2014-03-14,-0.02281584865827377
2014-03-17,-0.004708223378021764
2014-03-18,-0.009819729399739886
2014-03-19,-0.012668477480060569
2014-03-20,0.1016909346202005
2014-03-21,0.013926356797694037
2014-03-24,0.036972264995509235
2014-03-25,-0.009401889318600871
2014-03-26,-0.01626583280901733
2014-03-27,-0.020637629117350426
2014-03-28,0.024526777034777132
2014-03-31,0.04973855425887724
2014-04-01,-0.030563119274321756
2014-04-02,0.005997998203488085
2014-04-03,-0.006330497696782858
2014-04-04,-0.030606187397899408
2014-04-08,-0.0028937838099950004
2014-04-09,-0.022115572756581495
2014-04-10,0.012456461047910325
2014-04-11,0.023965716012711847
2014-04-14,-0.011564491922738462
2014-04-15,0.0008498937359429255
2014-04-16,-0.022885663671065704
2014-04-17,-0.018373228363375724
2014-04-18,0.0026959225407995387
2014-04-21,-0.013657530583464455
2014-04-22,0.0059489496622529385
2014-04-23,-0.012621576829885017
2014-04-24,0.008306010926089277
2014-04-25,0.0033630138925935665
2014-04-28,-0.04253227829586986
2014-04-29,0.024524043568705228
2014-04-30,-0.0022224873378985355
2014-05-05,-0.001887020607056155
2014-05-06,0.000931480468130557
2014-05-07,-0.026684425407373258
2014-05-08,0.01019669897450248
2014-05-09,0.021242607748170245
2014-05-12,0.004972628732536262
2014-05-13,-0.002275331943162916
2014-05-14,-0.00044635915966711147
2014-05-15,-0.01354796530175036
2014-05-16,0.007737613595746978
2014-05-19,-0.0014864673658872493
2014-05-20,0.01950703786835122
2014-05-21,-0.0007979521006034555
2014-05-22,0.008291551389910137
2014-05-23,0.003132722163248808
2014-05-26,-0.009836619841210474
2014-05-27,-0.011803820735591908
2014-05-28,-0.0008441063480002543
2014-05-29,-0.006910496016345588
2014-05-30,0.0004301891000708224
2014-06-03,-0.022606764576724853
2014-06-04,-0.0036443594073895386
2014-06-05,-0.009190139108891411
2014-06-06,-0.00873685666186909
2014-06-09,-1.751426241118452e-05
2014-06-10,-0.0016250383227364822
2014-06-11,-0.008921847193073684
2014-06-12,0.012205279928649258
2014-06-13,0.0009526661277584544
2014-06-16,-0.0007130534340899879
2014-06-17,0.02252357613676618
2014-06-18,0.002611340389232667
2014-06-19,-0.01635953994701308
2014-06-20,0.011612238978445759
2014-06-23,-0.008930939593512405
2014-06-24,-0.009690385199807344
2014-06-25,-0.009365985408285826
2014-06-26,-0.007699667166429294
2014-06-27,0.00132465151775874
2014-06-30,0.0007556441684922538
2014-07-01,0.0050883834127127235
2014-07-02,-0.001418184121282441
2014-07-03,0.002506252077607043
2014-07-04,-0.01217537258990656
2014-07-07,-0.0012551868298063158
2014-07-08,-0.011107539643415891
2014-07-09,-0.01485442174850743
2014-07-10,-0.002201957437809066
2014-07-11,-0.0003377208220468192
2014-07-14,0.00040401146467597057
2014-07-15,0.0018695980676933714
2014-07-16,0.01713113089755184
2014-07-17,-0.01130737932221721
2014-07-18,0.016127504169482863
2014-07-21,0.00023874569330403122
2014-07-22,-0.006572916320226267
2014-07-23,1.52234346488026e-05
2014-07-24,0.011063054861637132
2014-07-25,-0.0009356036986754796
2014-07-28,-0.0003682486395993785
2014-07-29,-0.007715909204339323
2014-07-30,-0.010336464343549462
2014-07-31,-0.001429949679165203
2014-08-01,-0.0014706867301991638
2014-08-04,0.008010443909114522
2014-08-05,-0.01085057401728493
2014-08-06,0.03227715295429654
2014-08-07,-0.00231891929536698
2014-08-08,-0.0009328015724752101
2014-08-11,-0.0049803860288919165
2014-08-12,0.011715807009231603
2014-08-13,-0.0019175522318527986
2014-08-14,-0.008530607379732071
2014-08-15,-0.0007798696797267843
2014-08-18,0.0017028544598450372
2014-08-19,0.0029706988662665627
2014-08-20,-0.00456689682236598
2014-08-21,-0.007628681349811399
2014-08-22,-0.0038144609296693454
2014-08-25,0.015155319381206917
2014-08-26,0.011637036269615517
2014-08-27,-0.028563229175652693
2014-08-28,-0.000517663372978221
2014-08-29,0.006865177587779487
2014-09-01,-0.009265112626953367
2014-09-02,-0.0036735233803545184
2014-09-03,0.005205655595524534
2014-09-04,0.016513318059450957
2014-09-05,0.005262525652748049
2014-09-09,-0.012214799293836506
2014-09-10,-0.0018705840141262772
2014-09-11,0.0022532159145277316
2014-09-12,0.011474082884633549
2014-09-15,-0.010967632204438187
2014-09-16,-0.009225336494280555
2014-09-17,-0.0013303635376595221
2014-09-18,0.003359726440717873
2014-09-19,-0.0044938166572868025
2014-09-22,-0.005457710210011514
2014-09-23,0.0054933941555879145
2014-09-24,0.007280869022424027
2014-09-25,-0.0029799636687665113
2014-09-26,0.0034423819730575126
2014-09-29,-0.00739246442538017
2014-09-30,-0.0038419864488648636
2014-10-08,0.007720109642304088
2014-10-09,0.01320555446575283
2014-10-10,-0.009028136603115352
2014-10-13,0.01792992196010619
2014-10-14,-0.008048757259322517
2014-10-15,-0.009458688663531877
2014-10-16,-0.005059995340361459
2014-10-17,-0.010989707349274298
2014-10-20,0.0013351568415806373
2014-10-21,0.004082136526044259
2014-10-22,-0.004844392440727773
2014-10-23,-0.014278159109131536
2014-10-24,0.010023377295414485
2014-10-27,-0.0007281375517190678
2014-10-28,0.006864362034966633
2014-10-29,-0.006427042988199225
2014-10-30,-0.005932748894049451
2014-10-31,-0.000334189485712854
2014-11-03,0.0051573799571671495
2014-11-04,0.006246963613755905
2014-11-05,0.005626589171458517
2014-11-06,-0.008328321777468362
2014-11-07,-0.007221901540645389
2014-11-10,-0.00376808530486622
2014-11-11,-0.008525482655840584
2014-11-12,-0.009846519613527761
2014-11-13,0.000692015637113708
2014-11-14,0.007326929690488891
2014-11-17,0.010742078938745833
2014-11-18,0.005012896098095074
2014-11-19,0.022213818850717444
2014-11-20,-0.010222772345885653
2014-11-21,-0.0005705657839888516
2014-11-24,0.0014463282465882188
2014-11-25,-0.006109694525332541
2014-11-26,0.007497503479366924
2014-11-27,-0.01053692557450827
2014-11-28,0.011175568795177549
2014-12-01,-0.006840830116605627
2014-12-02,-0.010527623080199847
2014-12-03,0.025108357668188707
2014-12-04,0.009005114866307267
2014-12-05,0.01822236070226798
2014-12-08,0.013666165329796587
2014-12-09,-0.04827969271844253
2014-12-10,0.006338451085992264
2014-12-11,0.001601811642726568
2014-12-12,-0.0032561179836813874
2014-12-15,0.004830446198375452
2014-12-16,-0.008978790015347918
2014-12-17,0.03700177073841145
2014-12-18,-0.016052745025621568
2014-12-19,0.01231477582562264
2014-12-22,0.026560434697357596
2014-12-23,-0.04428225973888024
2014-12-24,-0.004020997182825906
2014-12-25,0.0035781955334017648
2014-12-26,0.004266256680672188
2014-12-29,0.009251019831844903
2014-12-30,0.003726055042774224
2014-12-31,0.01916949360620932
2015-01-05,0.0017448516499052255
2015-01-06,0.0047688170740341936
2015-01-07,0.031969388841103216
2015-01-08,-0.01592494465287659
2015-01-09,-0.003470813329597495
2015-01-12,-0.01560016971152068
2015-01-13,-0.005999246584278136
2015-01-14,-0.0028793056380226334
2015-01-15,0.0024279443180469443
2015-01-16,0.0048262423980169515
2015-01-19,-0.017486438139030724
2015-01-20,-0.0006918228626301981
2015-01-21,0.005148050609554276
2015-01-22,0.00934472395777388
2015-01-23,0.00886950317044421
2015-01-26,-0.01495595108871732
2015-01-27,0.034970428079114886
2015-01-28,-0.02555559580855468
2015-01-29,-0.00041756200762018726
2015-01-30,0.004809778106005601
2015-02-02,0.005935013067215852
2015-02-03,0.002842200161241289
2015-02-04,-0.004710410070496476
2015-02-05,-0.0006749298793720911
2015-02-06,-0.015230926859737922
2015-02-09,-0.016413154192598194
2015-02-10,0.006123740435303324
2015-02-11,-0.00904801471927319
2015-02-12,0.007907212220674859
2015-02-13,-0.0026525090205745464
2015-02-16,0.018130442735748535
2015-02-17,-0.009210883562834098
2015-02-25,0.009301021081893507
2015-02-26,0.007520152287593101
2015-02-27,-0.009932661112830352
2015-03-02,-0.005848521091721175
2015-03-03,0.009532610135920643
2015-03-04,0.034619634114116525
2015-03-05,0.003603026294398762
2015-03-06,-0.014271409257387345
2015-03-09,0.007031433466187207
2015-03-10,0.016154286968728903
2015-03-11,-0.01575653194575273
2015-03-12,0.001417610819271305
2015-03-13,0.0
2015-03-16,0.0
2015-03-17,0.0
2015-03-18,0.0
2015-03-19,0.0
2015-03-20,-0.04159424211656365
2015-03-23,0.013300993935568023
2015-03-24,-0.01417956710527006
2015-03-25,0.008176867234081476
2015-03-26,-0.0015382172787239694
2015-03-27,0.02750149117989703
2015-03-30,-0.011078485127224466
2015-03-31,-0.015726968513211655
2015-04-01,0.000995968616135448
2015-04-02,0.04222660465512994
2015-04-03,-0.02518167657988389
2015-04-07,-0.008199352049494006
2015-04-08,-0.02365484955706232
2015-04-09,-0.024490252903719853
2015-04-10,-0.012429386710772658
2015-04-13,0.011729280566066827
2015-04-14,-0.011870717292759198
2015-04-15,0.03730775406771996
2015-04-16,-0.014256529492490263
2015-04-17,0.01818096193499732
2015-04-20,-0.010241419584534808
2015-04-21,-0.017222233534182285
2015-04-22,0.013940104157458819
2015-04-23,-0.007054734787217477
2015-04-24,0.0551613030337441
2015-04-27,0.015049603792583398
2015-04-28,-0.004218657820231904
2015-04-29,0.011467035273830938
2015-04-30,0.024972064534195516
2015-05-04,0.0056950667299278356
2015-05-05,0.05732174520569048
2015-05-06,0.0535450680038389
2015-05-07,0.06470182518925523
2015-05-08,-0.08135051434035291
2015-05-11,0.02508375968193966
2015-05-12,0.04215417898310301
2015-05-13,-0.002543919057269868
2015-05-14,-0.035157152647855905
2015-05-15,-0.045817791829838875
2015-05-18,-0.02206760288534749
2015-05-19,-0.006366606421382676
2015-05-20,-0.009446966806212147
2015-05-21,-0.006865920675306423
2015-05-22,0.013463615601301625
2015-05-25,0.013297875393450839
2015-05-26,-0.018846776452696435
2015-05-27,-0.007349369323689724
2015-05-28,0.06859880137207555
2015-05-29,0.045525191756860865
2015-06-01,0.006684218958743257
2015-06-02,0.013083440206555656
2015-06-03,-0.050246456443108996
2015-06-04,-0.02028561998635378
2015-06-05,0.0031957205255013083
2015-06-08,0.021435535229969646
2015-06-09,-0.038440309911078545
2015-06-10,-0.011673049043047081
2015-06-11,0.027209429125910175
2015-06-12,0.0073984539996106245
2015-06-15,0.004776647110221224
2015-06-16,-0.06351317711016537
2015-06-17,0.014942458431451582
2015-06-18,-0.013950090050003479
2015-06-19,-0.03609963066657135
2015-06-23,-0.021473845810903613
2015-06-24,-0.0018494348592844115
2015-06-25,0.010256850324071795
2015-06-26,-0.03294414399278306
2015-06-29,-0.03321924457976039
2015-06-30,0.03707364632117972
2015-07-01,-0.02330028438395941
2015-07-02,-0.015380682003129545
2015-07-03,-0.006516991445172912
2015-07-06,-0.023705563398171176
2015-07-07,-0.010805699752312006
2015-07-08,-0.0387603902766767
2015-07-09,0.04274262438650508
2015-07-10,0.0412637622834867
2015-07-13,0.01917933262479407
2015-07-14,-0.020914448596047734
2015-07-15,-0.03061780066256435
2015-07-16,0.012855348617457539
2015-07-17,0.026452044055189305
2015-07-20,0.006193885545320396
2015-07-21,-0.010166244529773223
2015-07-22,-0.024966091621128905
2015-07-23,-0.004218136328058848
2015-07-24,-0.0008183900948955814
2015-07-27,-0.00710646977899998
2015-07-28,-0.010184155262676561
2015-07-29,0.02320370561650148
2015-07-30,-0.001717127681647907
2015-07-31,-0.00413033133461075
2015-08-03,-0.015552070976669469
2015-08-04,0.019340563501416858
2015-08-05,-0.0030897318782254265
2015-08-06,0.010678230532509315
2015-08-07,0.009784730552550781
2015-08-10,-0.008622110403085519
2015-08-11,-0.016118684959556123
2015-08-12,-0.005561040842492065
2015-08-13,0.031730961903865526
2015-08-14,-0.044902501056236416
2015-08-17,-0.012003743047771798
2015-08-18,-0.01415408845113765
2015-08-19,0.0016745125979044581
2015-08-20,0.029116781403344325
2015-08-21,0.017880720972690833
2015-08-24,-0.011787432618014793
2015-08-25,-0.012297457033709006
2015-08-26,-0.05665251475455507
2015-08-27,-0.019774890370097213
2015-08-28,0.0007913007493062924
2015-08-31,0.04154899446993832
2015-09-01,-0.023815327290638885
2015-09-02,-0.02360029380967689
2015-09-07,0.0144034338176855
2015-09-08,-0.007508285017454763
2015-09-09,-0.006680497415449509
2015-09-10,-0.013532358163570478
2015-09-11,-0.004089522282344979
2015-09-14,-0.015205895401431274
2015-09-15,-0.03313042807965483
2015-09-16,-0.0014887110890813154
2015-09-17,-0.0034149965679198535
2015-09-18,0.01671491715435695
2015-09-21,0.0008620388931530679
2015-09-22,0.007795573075529187
2015-09-23,-0.03215100148692905
2015-09-24,0.0016571236673099468
2015-09-25,-0.002127541359383006
2015-09-28,0.015289947977628511
2015-09-29,0.051295906076526745
2015-09-30,-0.013412554727550412
2015-10-08,-0.0033800981657709783
2015-10-09,0.016974578322709898
2015-10-12,0.005313219006470943
2015-10-13,0.015707718886631018
2015-10-14,-0.011832926706862042
2015-10-15,0.011510939528280952
2015-10-16,-0.0043784567383869655
2015-10-19,0.008482796415720511
2015-10-20,-0.028196873323420295
2015-10-21,-0.018942044180738804
2015-10-22,-0.023027320697142042
2015-10-23,-0.018875971050333423
2015-10-26,0.0001020399281187346
2015-10-27,-0.014887253072046303
2015-10-28,0.029880646432245438
2015-10-29,0.030659007226400248
2015-10-30,0.01379418478521007
2015-11-02,-0.018963307163796114
2015-11-03,-0.0033551230264138848
2015-11-04,0.011816051988320642
2015-11-05,-0.012582291642652205
2015-11-06,-0.0021622885517690454
2015-11-09,0.018522363800813915
2015-11-10,0.031121177813468476
2015-11-11,-0.007319077181842264
2015-11-12,-0.020263381363833002
2015-11-13,0.009850155560501169
2015-11-16,-0.008095238562284078
2015-11-17,0.03587291805657155
2015-11-18,-0.020322515897212012
2015-11-19,-0.0008421890697123367
2015-11-20,-0.010871365231466874
2015-11-23,-0.031170824805045017
2015-11-24,-0.017062883992326604
2015-11-25,0.012357377372322531
2015-11-26,0.0043478247810008926
2015-11-27,-0.028114994789749145
2015-11-30,0.003163999846421914
2015-12-01,-0.0043701250615143655
2015-12-02,0.015940389444870393
2015-12-03,0.03353560271952606
2015-12-04,-0.016884467309777794
2015-12-07,-0.005644523988574551
2015-12-08,-0.023186020957459905
2015-12-09,0.06569572885671339
2015-12-10,0.011269551540879422
2015-12-11,0.019844927821238277
2015-12-14,0.019137898281252445
2015-12-15,-0.025279085436015817
2015-12-16,-0.016747407281823924
2015-12-17,0.009358785551965669
2015-12-18,-0.014188579713208194
2015-12-21,-0.009426763325344749
2015-12-22,-0.006582933762803398
2015-12-23,0.03266453111453627
2015-12-24,-0.0043701995551705414
2015-12-25,0.016379015979834387
2015-12-28,-0.009743109868347206
2015-12-29,0.030840054988580577
2015-12-30,0.01811366454704616
2015-12-31,0.017719715343483863
2016-01-04,-0.016340030232280964
2016-01-05,0.03677854042795155
2016-01-06,-0.008112615112905258
2016-01-07,-0.012430603032168919
2016-01-08,0.0007477741587259591
2016-01-11,-0.020281299928049196
2016-01-12,-0.0161050514607251
2016-01-13,-0.05477272233679583
2016-01-14,-0.0002705823433948318
2016-01-15,-0.047818846020708614
2016-01-18,0.006737787580533693
2016-01-19,0.009961400185278246
2016-01-20,0.006355843975486341
2016-01-21,-0.02683441402922626
2016-01-22,-0.009486269965742138
2016-01-25,0.012203772224966287
2016-01-26,-0.0013255753715556845
2016-01-27,-0.02400731072570356
2016-01-28,-0.024933983325250555
2016-01-29,0.01354864671081759
2016-02-01,0.0009103828101054631
2016-02-02,0.002259513978268027
2016-02-03,0.005022198307226652
2016-02-04,0.0013382824460034595
2016-02-05,-0.0029237281676319053
2016-02-15,0.01701424546042146
2016-02-16,-0.008246145728158946
2016-02-17,-0.014352064341928783
2016-02-18,-0.025952842406730518
2016-02-19,-0.0271949162469897
2016-02-22,0.0006129368899656096
2016-02-23,-0.006021186924006928
2016-02-24,0.019659626760058
2016-02-25,-0.0018899515120586047
2016-02-26,-0.011828291594806698
2016-02-29,-0.00995229620935209
2016-03-01,-0.004070674893032818
2016-03-02,0.014249773067222027
2016-03-03,0.010063866828815065
2016-03-04,0.0051546739468243605
2016-03-07,-0.009791725780274381
2016-03-08,-0.015795800909510216
2016-03-09,-0.014304728098869766
2016-03-10,0.011995920338678398
2016-03-11,-0.000463643201230633
2016-03-14,-0.0028887485510289274
2016-03-15,-0.003606346565475039
2016-03-16,-0.013061109027692999
2016-03-17,0.007676344242860105
2016-03-18,-0.0029740365856610745
2016-03-21,-0.005176191520584551
2016-03-22,0.016144181006494965
2016-03-23,0.00427912103539828
2016-03-24,-0.004462114374812191
2016-03-25,-0.010108863562399806
2016-03-28,-0.010964147188789294
2016-03-29,-0.012811314388503196
2016-03-30,-0.004521811794703574
2016-03-31,0.007984526221559535
2016-04-01,-0.006869550566919933
2016-04-05,0.019452387912651626
2016-04-06,0.011312695933945236
2016-04-07,-0.008263625877535024
2016-04-08,-0.019813698329976443
2016-04-11,0.01388899756329975
2016-04-12,-0.004395312460409483
2016-04-13,0.0
2016-04-14,0.0
2016-04-15,0.0
2016-04-18,0.0
2016-04-19,0.0
2016-04-20,0.0
2016-04-21,0.0
2016-04-22,0.0
2016-04-25,0.0
2016-04-26,0.0
2016-04-27,0.0
2016-04-28,0.0
2016-04-29,0.0
2016-05-03,0.0
2016-05-04,0.0
2016-05-05,0.0
2016-05-06,0.0
2016-05-09,0.0
2016-05-10,0.0
2016-05-11,0.0
2016-05-12,0.0
2016-05-13,0.0
2016-05-16,0.0
2016-05-17,0.0
2016-05-18,0.0
2016-05-19,0.0
2016-05-20,0.0
2016-05-23,0.0
2016-05-24,0.0
2016-05-25,0.0
2016-05-26,0.0
2016-05-27,0.0
2016-05-30,0.0
2016-05-31,0.0
2016-06-01,0.0
2016-06-02,0.0
2016-06-03,0.0
2016-06-06,0.0
2016-06-07,0.0
2016-06-08,0.0
2016-06-13,0.0
2016-06-14,0.0
2016-06-15,0.0
2016-06-16,0.0
2016-06-17,0.0
2016-06-20,0.0
2016-06-21,0.0
2016-06-22,0.0
2016-06-23,0.0
2016-06-24,0.0
2016-06-27,0.0
2016-06-28,0.0
2016-06-29,0.0
2016-06-30,0.0
2016-07-01,0.0
2016-07-04,0.0
2016-07-05,0.0
2016-07-06,0.0
2016-07-07,0.0
2016-07-08,0.0
2016-07-11,0.0
2016-07-12,0.0
2016-07-13,0.0
2016-07-14,0.0
2016-07-15,0.0
2016-07-18,0.0
2016-07-19,0.0
2016-07-20,0.09372339425258115
2016-07-21,0.055745718119978555
2016-07-22,-0.05230993468050073
2016-07-25,-0.04821422632797568
2016-07-26,0.00586936046819332
2016-07-27,-0.01888525023278733
2016-07-28,0.016601217376501005
2016-07-29,-0.0008883967852895448
2016-08-01,-0.01250849155895778
2016-08-02,-0.006904705332279951
2016-08-03,0.03774098505922521
2016-08-04,0.008190510433721425
2016-08-05,-0.017921149664366653
2016-08-08,0.018335339405166243
2016-08-09,-0.011037831410532453
2016-08-10,-0.017592047710690215
2016-08-11,-0.010028224181642908
2016-08-12,0.015210316937008896
2016-08-15,-0.008050660408904453
2016-08-16,-0.01847986698133164
2016-08-17,0.03462380528573933
2016-08-18,-0.022658405845382517
2016-08-19,-0.013862016604236473
2016-08-22,0.0012534636006158537
2016-08-23,0.05307709595534434
2016-08-24,-0.010204245498500757
2016-08-25,0.007543266276963979
2016-08-26,-0.025201372507826267
2016-08-29,-0.008446422413107607
2016-08-30,0.010962182851402744
2016-08-31,-0.0030934268699747258
2016-09-01,0.022488971037375176
2016-09-02,-0.009450406636089086
2016-09-05,-0.012817602989488443
2016-09-06,-0.006822525332011329
2016-09-07,-0.013904254034233803
2016-09-08,-0.0072340701663232984
2016-09-09,-0.013508416475020341
2016-09-12,-0.006186334896247987
2016-09-13,-0.006014606205290519
2016-09-14,-0.00878020645366864
2016-09-19,0.0035624265894109407
2016-09-20,-0.004512518583819963
2016-09-21,-0.0038124941430733097
2016-09-22,-0.005793200629030944
2016-09-23,-0.01026093631044166
2016-09-26,-0.020344668130758074
2016-09-27,0.0037141551255333305
2016-09-28,0.021331465256404256
2016-09-29,-0.005401199363162051
2016-09-30,0.01739257442922653
2016-10-10,-0.006406227935969178
2016-10-11,0.03263247392461374
2016-10-12,0.008391668149752275
2016-10-13,-0.024259558480607395
2016-10-14,0.002288360391324697
2016-10-17,-0.007003318697348443
2016-10-18,0.0037029530452331004
2016-10-19,-0.009737162597971496
2016-10-20,0.006005950809775812
2016-10-21,-0.011404844617396128
2016-10-24,0.01820645076639544
2016-10-25,-0.005942387427513324
2016-10-26,0.002621443350199641
2016-10-27,-0.01574643342675074
2016-10-28,0.011173303877065319
2016-10-31,0.017403970137182537
2016-11-01,-0.00969712737374634
2016-11-02,-0.007319564114305259
2016-11-03,-0.008867710575858233
2016-11-04,0.006624224185625203
2016-11-07,0.0014274776202656304
2016-11-08,-0.008898114021248977
2016-11-09,0.03349876701382839
2016-11-10,0.019329519237560423
2016-11-11,-0.023010155035610984
2016-11-14,0.06427867491855144
2016-11-15,-0.023641527400257892
2016-11-16,-0.028759341790869194
2016-11-17,-0.008694261602285735
2016-11-18,0.009230077141452152
2016-11-21,-0.02409054064976073
2016-11-22,0.0007359756931200195
2016-11-23,0.002964394884862852
2016-11-24,-0.0022396107771940005
2016-11-25,0.013090295404124654
2016-11-28,0.010750699175289254
2016-11-29,-0.01208855222595532
2016-11-30,-0.028979121744302706
2016-12-01,-0.004427875852237407
2016-12-02,-0.019829365339728372
2016-12-05,0.012998252808003923
2016-12-06,0.0074286736967759635
2016-12-07,-0.004726722189478177
2016-12-08,-0.007029891055364126
2016-12-09,-0.0012842725428797545
2016-12-12,-0.016181754708519167
2016-12-13,0.006438699065683596
2016-12-14,0.001480569728450099
2016-12-15,-0.004836607569875527
2016-12-16,-0.009327855794484499
2016-12-19,-0.003411035185129585
2016-12-20,-0.0021794624139312756
2016-12-21,0.009324074618134618
2016-12-22,-0.009501265941231173
2016-12-23,-0.015817418079735725
2016-12-26,0.022930855992951714
2016-12-27,-0.007951903398464476
2016-12-28,0.011537831082765673
2016-12-29,0.0030880183793608644
2016-12-30,0.00316965850228124
2017-01-03,0.00950821635861256
2017-01-04,-0.0006407756952412713
2017-01-05,0.016312279224063198
2017-01-06,-0.017128162446918806
2017-01-09,0.008666688440978414
2017-01-10,-0.019746733063271394
2017-01-11,0.004567847774554237
2017-01-12,-0.0016618980143712934
2017-01-13,0.0069742651659036
2017-01-16,-0.010318152155232511
2017-01-17,0.017380437497478158
2017-01-18,0.002668591124617676
2017-01-19,-0.01214564740881751
2017-01-20,0.012273456640404249
2017-01-23,-0.010306672212758772
2017-01-24,-0.00726141291400475
2017-01-25,0.019400679249829755
2017-01-26,-0.011351546771858331
2017-02-03,-0.0028357397339585115
2017-02-06,-0.0033384551714256226
2017-02-07,-0.005730512790319076
2017-02-08,-0.011218795545799952
2017-02-09,0.002005072466625065
2017-02-10,-0.006830596511113748
2017-02-13,-0.0021018993715131006
2017-02-14,0.0034888126365013017
2017-02-15,0.006085257343306505
2017-02-16,-0.0013770178022605162
2017-02-17,-0.006117818823190461
2017-02-20,0.015053881376073433
2017-02-21,-0.010446554527805525
2017-02-22,0.014458566603704232
2017-02-23,-0.00032073406175284896
2017-02-24,0.019912075783603676
2017-02-27,-0.0015863062936671245
2017-02-28,-0.011400829000377602
2017-03-01,-0.015407298422456498
2017-03-02,0.01252248140003137
2017-03-03,-0.0014618912170886083
2017-03-06,0.00605642257510914
2017-03-07,-0.006576217460769135
2017-03-08,-0.00924359031770133
2017-03-09,-0.014685205983683522
2017-03-10,0.0007808563185917293
2017-03-13,0.005024348241044956
2017-03-14,0.010074551547355811
2017-03-15,0.0114511922198131
2017-03-16,0.03375369070772356
2017-03-17,-0.020595989047918203
2017-03-20,0.040813451957991236
2017-03-21,0.0036368746332328212
2017-03-22,-0.0019511384875618414
2017-03-23,0.01507514651227033
2017-03-24,0.004350342542807506
2017-03-27,-0.015810264078313964
2017-03-28,-0.0085220372728477
2017-03-29,0.0018166028881606046
2017-03-30,-0.001848751070355259
2017-03-31,0.021067389769909513
2017-04-05,0.020502674402096875
2017-04-06,-0.03342045153252794
2017-04-07,-0.00932989100991642
2017-04-10,0.04260022371488662
2017-04-11,0.01977818434218629
2017-04-12,-0.08205804731909695
2017-04-13,0.008173554889287067
2017-04-14,-0.017569152806144978
2017-04-17,-0.0110422336536313
2017-04-18,0.012283787160875765
2017-04-19,-0.0006890906723441472
2017-04-20,-0.025572676869950878
2017-04-21,-0.007026229230245227
2017-04-24,0.004843119743492323
2017-04-25,-0.0008769880919784045
2017-04-26,0.014296064865519166
2017-04-27,0.007474897891512478
2017-04-28,-0.027405805423585124
2017-05-02,-0.04310203097771682
2017-05-03,-0.008714502093872359
2017-05-04,0.008317523716349274
2017-05-05,0.013614462045114625
2017-05-08,-0.00789717030884557
2017-05-09,0.01156412246640531
2017-05-10,0.0053790237413677625
2017-05-11,-0.009782241749031488
2017-05-12,0.006363273730425972
2017-05-15,0.002869282988795476
2017-05-16,-0.00425084096173876
2017-05-17,-0.014354753393713459
2017-05-18,-0.0008941097980590344
2017-05-19,0.0019433001850236225
2017-05-22,0.007950487667040422
2017-05-23,0.06829533362811452
2017-05-24,-0.018997641810283555
2017-05-25,-0.003997033942539047
2017-05-26,0.00481100977845928
2017-05-31,-0.005974572302590424
2017-06-01,0.0031870243994397383
2017-06-02,0.007401086758810196
2017-06-05,-0.008649825088525812
2017-06-06,-0.005909830705944377
2017-06-07,-0.012908222406374025
2017-06-08,0.01846153871944682
2017-06-09,-0.004661232467394365
2017-06-12,0.011581751710837456
2017-06-13,-0.017657921509718368
2017-06-14,0.00026662315039731235
2017-06-15,-0.008450826495304584
2017-06-16,-0.00409620625523618
2017-06-19,-0.009871385504109683
2017-06-20,0.0007108525352608993
2017-06-21,-0.0038316776846595195
2017-06-22,0.018636799414449973
2017-06-23,-0.013736448161281844
2017-06-26,-0.0024602158975593966
2017-06-27,-0.002332083871381881
2017-06-28,0.00621685936347887
2017-06-29,-0.0012177360342417384
2017-06-30,0.0027829794994331464
2017-07-03,-0.004354342829732407
2017-07-04,-0.0023026538915549817
2017-07-05,-0.007335079410246045
2017-07-06,0.007279951405667722
2017-07-07,-0.003964644702236742
2017-07-10,0.0015924529528050495
2017-07-11,-0.03504022566002458
2017-07-12,-0.01759473197899843
2017-07-13,-0.0013488617331449213
2017-07-14,-0.007371686538611151
2017-07-17,-0.014649722552433513
2017-07-18,0.0007736740842867965
2017-07-19,-0.004669911189544528
2017-07-20,0.006274911134498374
2017-07-21,0.020210035176046297
2017-07-24,-0.01374318365819955
2017-07-25,-0.01167356128389432
2017-07-26,0.035330667348503576
2017-07-27,-0.021996644753737332
2017-07-28,0.005956388058410651
2017-07-31,0.00946053073581769
2017-08-01,0.0261796148838635
2017-08-02,-0.011159007633335001
2017-08-03,0.01578018698427169
2017-08-04,-0.00785485628563769
2017-08-07,-0.017574940109505024
2017-08-08,0.0033444865923428946
2017-08-09,0.006100355992921349
2017-08-10,0.00892324274906562
2017-08-11,0.07257819703827251
2017-08-14,0.003009132350722624
2017-08-15,-0.004307657878944707
2017-08-16,0.01976653340879666
2017-08-17,0.0
2017-08-18,0.0
2017-08-21,0.0
2017-08-22,0.0
2017-08-23,0.0
2017-08-24,0.0
2017-08-25,0.08765049595774016
2017-08-28,-0.024410070061513855
2017-08-29,-0.023573991515089265
2017-08-30,-0.011003666387404585
2017-08-31,-0.003328656247697673
2017-09-01,0.010015392454698768
2017-09-04,-0.016349286886095344
2017-09-05,-0.02559268138292054
2017-09-06,0.0038536293388786256
2017-09-07,0.016268808615757458
2017-09-08,-0.008727257208470673
2017-09-11,-0.01695105243607902
2017-09-12,0.0018159517437223828
2017-09-13,0.0006691023862278175
2017-09-14,0.014575619768602704
2017-09-15,0.05496597548332199
2017-09-18,0.06731418921015703
2017-09-19,0.07205231974984296
2017-09-20,0.009491253438295471
2017-09-21,-0.017475537471804036
2017-09-22,0.027209917764331158
2017-09-25,0.01307637352861063
2017-09-26,0.03838360414567993
2017-09-27,0.07891960553651353
2017-09-28,0.022943240474936254
2017-09-29,0.05140074085084795
2017-10-09,0.012875976332467402
2017-10-10,-0.05687333567171672
2017-10-11,0.022299174328108767
2017-10-12,-0.008781383033008162
2017-10-13,-0.013841311364800274
2017-10-16,0.01821923451009945
2017-10-17,0.026201032085409883
2017-10-18,0.03061957075689266
2017-10-19,0.01281598761763143
2017-10-20,0.0029915410337632876
2017-10-23,0.051413304932867394
2017-10-24,0.04315394828337598
2017-10-25,-0.02038785329957952
2017-10-26,-0.017438740547813237
2017-10-27,0.010376427930970692
2017-10-30,-0.0012799827197844532
2017-10-31,0.032437924795519504
2017-11-01,-0.024786582153383273
2017-11-02,0.01094557778983762
2017-11-03,-0.03252175525353744
2017-11-06,-0.030810737199872533
2017-11-07,0.023749903491973492
2017-11-08,0.01461174050838969
2017-11-09,-0.02159514377790598
2017-11-10,0.020381450531268185
2017-11-13,0.0015564747623333097
2017-11-14,0.015008670976330712
2017-11-15,-0.00024581978792619086
2017-11-16,-0.003269157584750361
2017-11-17,0.08031774521310488
2017-11-20,-0.0150787266645461
2017-11-21,0.0016091203225280584
2017-11-22,-0.01429300542500355
2017-11-23,-0.012398474779485712
2017-11-24,-0.033004824012058565
2017-11-27,0.0024558911702104516
2017-11-28,0.001824102572587239
2017-11-29,0.0423547347521804
2017-11-30,0.00403049180921564
2017-12-01,0.008233669763152979
2017-12-04,0.019951058156020347
2017-12-05,-0.01291602572428804
2017-12-06,-0.028579948397338937
2017-12-07,0.009424343861665236
2017-12-08,0.012079940044872027
2017-12-11,0.00012390747601599694
2017-12-12,-0.010338064242642286
2017-12-13,-0.02004193285508952
2017-12-14,-0.0019951314642266777
2017-12-15,-0.03134287541631818
2017-12-18,-0.08097613806333502
2017-12-19,0.018587703922672918
2017-12-20,-0.008317864093563495
2017-12-21,-0.005341166135599026
2017-12-22,-0.015191767186007364
2017-12-25,-0.03300376698436709
2017-12-26,-0.0032915297451503365
2017-12-27,0.0413762342705082
2017-12-28,-0.030369862636462557
2017-12-29,0.046653285813581316
2018-01-02,0.044471091386917655
2018-01-03,-0.028764120972453823
2018-01-04,-0.015075574660517664
2018-01-05,0.020337182752913074
2018-01-08,0.01669634041142279
2018-01-09,-0.028452399835132605
2018-01-10,-0.034803848990139094
2018-01-11,-0.037459195039805326
2018-01-12,-0.014451114527912683
2018-01-15,0.054972911335494354
2018-01-16,-0.009205800814651013
2018-01-17,0.09570191659410343
2018-01-18,-0.017798531382276394
2018-01-19,0.0015101583210413265
2018-01-22,-0.010384362488714046
2018-01-23,0.08051587200037386
2018-01-24,0.0489460777983379
2018-01-25,0.049308350117058836
2018-01-26,-0.02671604265466862
2018-01-29,0.019944065172772106
2018-01-30,0.013103682950276727
2018-01-31,0.014320551462127564
2018-02-01,-0.005869734683837384
2018-02-02,0.00445945221140226
2018-02-05,-0.01013588283997717
2018-02-06,-0.04610056880098559
2018-02-07,-0.06004075532835941
2018-02-08,-0.008481035295027412
2018-02-09,0.0043716826867699204
2018-02-12,-0.04915548402283143
2018-02-13,0.02897828101025134
2018-02-14,0.0030223869886446732
2018-02-22,0.02581170772339514
2018-02-23,-0.008099181793954042
2018-02-26,-0.03832436490940136
2018-02-27,0.0020027250115947446
2018-02-28,0.010856355303006639
2018-03-01,-0.016348149205306313
2018-03-02,-0.006480421439087612
2018-03-05,-0.03654301627076754
2018-03-06,0.009090035221739099
2018-03-07,-0.0038517515165211198
2018-03-08,-0.029940778387508506
2018-03-09,0.008433151782421024
2018-03-12,-0.013263222990043797
2018-03-13,-0.02817660878336852
2018-03-14,0.022265868347547825
2018-03-15,-0.020756503287247773
2018-03-16,-0.012944040459040792
2018-03-19,0.020360267022620247
2018-03-20,-0.02310044202320815
2018-03-21,0.034227586301224425
2018-03-22,0.006696590793664969
2018-03-23,-0.003474319164193364
2018-03-26,0.028465628599365245
2018-03-27,0.0176500882862795
2018-03-28,0.008037977001346593
2018-03-29,0.012618049010594795
2018-03-30,0.0057634711571635765
2018-04-02,-0.024300688889812003
2018-04-03,-0.005953893784814566
2018-04-04,0.002471654164307835
2018-04-09,0.03952280225520222
2018-04-10,-0.040110497952721876
2018-04-11,0.02653300341597032
2018-04-12,-0.001579417751797138
2018-04-13,0.009219292629050174
2018-04-16,0.03408881164821844
2018-04-17,-0.04996301722384176
2018-04-18,0.01017535976661501
2018-04-19,-0.018805138839253097
2018-04-20,-0.01585313494746142
2018-04-23,0.0021321459973230195
2018-04-24,0.0007164541370851332
2018-04-25,-0.0030397659707101306
2018-04-26,-0.0002675651225802732
2018-04-27,0.013291361075789222
2018-05-02,0.009685857680200496
2018-05-03,-0.0029294903693407766
2018-05-04,0.0011525630870756192
2018-05-07,-0.003994259685126962
2018-05-08,-0.002496924283741665
2018-05-09,0.0024433947854429596
2018-05-10,-0.016052999933213307
2018-05-11,0.016609385757315444
2018-05-14,0.00529872869911039
2018-05-15,-0.03329890920593306
2018-05-16,-0.019413041152426792
2018-05-17,0.0066111575228752495
2018-05-18,0.0025929517896166364
2018-05-21,-0.002753339025626172
2018-05-22,-0.0038986466855836155
2018-05-23,0.004112875219318118
2018-05-24,0.018329190522094863
2018-05-25,-0.0042052806523278224
2018-05-28,-0.030933159700599202
2018-05-29,-0.006560928275424481
2018-05-30,0.013167533365583503
2018-05-31,-0.009761979749641388
2018-06-01,0.00887308039136862
2018-06-04,0.06751461731738494
2018-06-05,-0.0008178868446466411
2018-06-06,-0.01530037728339765
2018-06-07,-0.002850695936165772
2018-06-08,-0.010345559326827942
2018-06-11,0.006092971912449442
2018-06-12,-0.007630796048473812
2018-06-13,-0.01067430248179221
2018-06-14,0.029536786913920532
2018-06-15,-0.00494504922198644
2018-06-19,-0.03607904939240457
2018-06-20,-0.000556491594342335
2018-06-21,0.004562182412904469
2018-06-22,-0.01955855688222849
2018-06-25,-0.02946855085731362
2018-06-26,-0.020600322480408675
2018-06-27,-0.018076474281497307
2018-06-28,-0.001209483716898739
2018-06-29,-0.020102510015762326
2018-07-02,0.000214309488707827
2018-07-03,-0.0010989221130679773
2018-07-04,0.03506657621504307
2018-07-05,-0.04336019367561945
2018-07-06,0.011300084047480648
2018-07-09,0.013176324899043475
2018-07-10,-0.011231646106357848
2018-07-11,-0.008594568052513355
2018-07-12,-0.007279008496314007
2018-07-13,-0.0011127603065857663
2018-07-16,-0.010389343260826453
2018-07-17,0.004212174497437691
2018-07-18,-0.009321660120164355
2018-07-19,0.017979922493516237
2018-07-20,0.02326106017132634
2018-07-23,0.0006610835762384006
2018-07-24,0.020552672644087687
2018-07-25,-0.0045993562104481075
2018-07-26,0.0034126428401100514
2018-07-27,0.005506960689116455
2018-07-30,-0.014864386741653818
2018-07-31,0.015905757171931302
2018-08-01,-0.01603863502148105
2018-08-02,-0.017085692340785677
2018-08-03,0.012823382764285924
2018-08-06,0.0018617375100235742
2018-08-07,0.005445998489284329
2018-08-08,-0.0046428520612027055
2018-08-09,-0.014515356546744143
2018-08-10,0.004079382792926606
2018-08-13,-0.011958575039383338
2018-08-14,-0.008187559639824416
2018-08-15,0.004057712992059814
2018-08-16,-0.005228153850549014
2018-08-17,0.002884300993230237
2018-08-20,-0.004831037427240385
2018-08-21,-0.0074116402030469306
2018-08-22,-0.00954401784361678
2018-08-23,-0.0015652775536376226
2018-08-24,-0.0025530182498607096
2018-08-27,-0.00276179978213794
2018-08-28,-0.006750467261848917
2018-08-29,0.0029726089082792433
2018-08-30,-0.01881871101277962
2018-08-31,0.00356767906865218
2018-09-03,0.03093546992132905
2018-09-04,-0.001285825167347019
2018-09-05,-0.012286234805035854
2018-09-06,-0.010215425089428489
2018-09-07,-0.02232767691614392
2018-09-10,-0.0050961038069828775
2018-09-11,-0.0005763321669480272
2018-09-12,-0.010556659930015234
2018-09-13,-0.0008308719714565354
2018-09-14,-0.02198487750921153
2018-09-17,0.021398717902651125
2018-09-18,-0.012624587493550651
2018-09-19,0.008900699952410392
2018-09-20,-0.008726419977164553
2018-09-21,-0.004102893199095813
2018-09-25,-0.015355330720286175
2018-09-26,0.0049113581363113955
2018-09-27,-0.0021410304848331445
2018-09-28,0.010616093419194377
2018-10-08,-0.00515891095236376
2018-10-09,0.01858611525730923
2018-10-10,0.004790821010244972
2018-10-11,-0.015464905662961617
2018-10-12,0.025087095047674788
2018-10-15,-0.010087429953758338
2018-10-16,-0.003952961473918944
2018-10-17,-0.0007734347414894618
2018-10-18,-0.009795986206979922
2018-10-19,-0.01003315170657168
2018-10-22,0.0006828288249947356
2018-10-23,0.008636084582063764
2018-10-24,0.017415247919325964
2018-10-25,0.03459350649326809
2018-10-26,0.004025382414470015
2018-10-29,-0.0054168412986404825
2018-10-30,-0.0011086009059143326
2018-10-31,-0.012741070173665391
2018-11-01,-0.015214497822758192
2018-11-02,-0.011866637470317049
2018-11-05,-0.006843502141820362
2018-11-06,-0.0041237188078425725
2018-11-07,-0.014532336486379468
2018-11-08,-0.006297910397396708
2018-11-09,0.0013251920512539943
2018-11-12,-0.004147919041170716
2018-11-13,0.017409959190037173
2018-11-14,-0.025206933226541633
2018-11-15,-0.012723184651623573
2018-11-16,0.008428326565468935
2018-11-19,0.0150787700255849
2018-11-20,-0.01737084357392024
2018-11-21,0.00169580043065958
2018-11-22,-0.0066056362027372105
2018-11-23,-0.004365869684497564
2018-11-26,0.009662064380076196
2018-11-27,-0.012465099143987496
2018-11-28,0.002869701101465314
2018-11-29,0.008116568247221682
2018-11-30,-0.017128621687249775
2018-12-03,-0.0030322287895107394
2018-12-04,0.013547427842913183
2018-12-05,-0.011312034929291986
2018-12-06,-0.011813303671142639
2018-12-07,-0.013676940635221723
2018-12-10,0.01613447603949481
2018-12-11,0.0012823862750750495
2018-12-12,-0.04297457699635967
2018-12-13,0.025131391229647013
2018-12-14,-0.012451183501632622
2018-12-17,-0.007320051874008081
2018-12-18,0.00827073877777481
2018-12-19,0.009705956029542322
2018-12-20,0.010954561561614212
2018-12-21,-0.011412907658733137
2018-12-24,0.02910838035945339
2018-12-25,0.003412990187010698
2018-12-26,0.01753497804034177
2018-12-27,0.010350995580357921
2018-12-28,-0.0062273380187527465
2019-01-02,0.002216253446648978
2019-01-03,0.032043450176056844
2019-01-04,-0.007588308332588584
2019-01-07,-0.0022403427583825384
2019-01-08,-0.0022155879035533153
2019-01-09,-0.006748321606474314
2019-01-10,0.0039931327798723125
2019-01-11,-0.022826562438689184
2019-01-14,-0.01621984420097566
2019-01-15,-0.009257741139226793
2019-01-16,0.0027486118856264253
2019-01-17,-0.015472249976318738
2019-01-18,-0.0012190744271160549
2019-01-21,-0.012374738187379082
2019-01-22,-0.004518598339264962
2019-01-23,-0.00225428709427252
2019-01-24,-0.010570475147139529
2019-01-25,-0.004388541226852833
2019-01-28,-0.009309306440135381
2019-01-29,0.009003275767248402
2019-01-30,-0.006666711461793741
2019-01-31,-0.031282567613422144
2019-02-01,-0.012112631753269536
2019-02-11,0.0032528092404037756
2019-02-12,0.014965283854615883
2019-02-13,0.008155530711449834
2019-02-14,-0.010552566146887411
2019-02-15,-0.0023858376741238835
2019-02-18,0.011513612270289984
2019-02-19,0.0021901473935316057
2019-02-20,0.008976315359929722
2019-02-21,-0.006611597894819261
2019-02-22,-0.0036206897055270915
2019-02-25,-0.0033626822754112273
2019-02-26,0.019082892469483546
2019-02-27,0.031803463573847265
2019-02-28,0.0030891957956804767
2019-03-01,-0.004276246910776053
2019-03-04,-0.010726895291487293
2019-03-05,-0.01891025547392417
2019-03-06,-0.010837197698207133
2019-03-07,-0.005891809701467005
2019-03-08,-0.009278727862137022
2019-03-11,-0.007734618484886026
2019-03-12,0.011740921776824521
2019-03-13,-0.010707950738806375
2019-03-14,0.010628444566651588
2019-03-15,-0.0038113603339633775
2019-03-18,0.003712270128075096
2019-03-19,-0.01923022941771987
2019-03-20,0.0038258772221628707
2019-03-21,-0.013729099571199293
2019-03-22,0.009903486209282442
2019-03-25,0.0007080637379019688
2019-03-26,-0.010054399229580936
2019-03-27,-0.0017270889996999703
2019-03-28,-0.004841297115404694
2019-03-29,0.015809752526823193
2019-04-01,0.03960431892167047
2019-04-02,0.011072495300073485
2019-04-03,-0.010495247386860945
2019-04-04,-0.017853731551455195
2019-04-08,-0.00031298371405149086
2019-04-09,0.035468688708842386
2019-04-10,-0.0233189949133775
2019-04-11,-0.006070398119958131
2019-04-12,-0.002647451326957365
2019-04-15,-0.012894988882617297
2019-04-16,0.002063274609536583
2019-04-17,-0.005935429588973761
2019-04-18,-0.006045516382404401
2019-04-19,0.003908885446392492
2019-04-22,-0.004667320447408196
2019-04-23,-0.02568872941210853
2019-04-24,0.006176853541451739
2019-04-25,0.0022379448417744648
2019-04-26,-0.0504329378966006
2019-04-29,0.013446164798281892
2019-04-30,-0.029493848043728652
2019-05-06,-0.011159813731596774
2019-05-07,-0.018796392231062033
2019-05-08,-0.012064832670076624
2019-05-09,-0.002223690038942759
2019-05-10,0.0049408457174963324
2019-05-13,-0.0018381605357842782
2019-05-14,0.001646318026828325
2019-05-15,-0.0007659764260932907
2019-05-16,0.006121675768390315
2019-05-17,-0.011144406544697345
2019-05-20,0.006298664651072686
2019-05-21,-0.0032921529417098867
2019-05-22,0.003675678748814089
2019-05-23,-0.010559564133936744
2019-05-24,0.002703042680948207
2019-05-27,-0.00041237733615513
2019-05-28,-0.007244792834155323
2019-05-29,-0.006735522685749512
2019-05-30,-0.009807717715822364
2019-05-31,0.0005009313574307166
2019-06-03,-0.003872696637849369
2019-06-04,0.008852120246803721
2019-06-05,-0.0007868799746625632
2019-06-06,-0.00586964031458527
2019-06-10,-0.0032288707543599374
2019-06-11,0.008211674219095674
2019-06-12,-0.007549905253534026
2019-06-13,-0.001921489519170236
2019-06-14,-0.026772987277871935
2019-06-17,-0.0044208789197344965
2019-06-18,-0.011646730700559053
2019-06-19,0.0019104041421759005
2019-06-20,0.006576320135026625
2019-06-21,0.015040669179935675
2019-06-24,0.01132731238432669
2019-06-25,-0.006085624768467879
2019-06-26,-0.0032089305660862972
2019-06-27,-0.005047323274638775
2019-06-28,-0.004029099184441769
2019-07-01,-0.004384965419708734
2019-07-02,-0.004497298809632759
2019-07-03,0.008864369735394848
2019-07-04,-0.00036393955071862064
2019-07-05,-5.6888615781795077e-05
2019-07-08,-0.01199340903203815
2019-07-09,-0.0076734146671145155
2019-07-10,0.0006060176037293655
2019-07-11,-0.0020525195785554237
2019-07-12,-0.0037914429587094824
2019-07-15,0.010247498697347323
2019-07-16,-0.00819982006016481
2019-07-17,0.010932548578081663
2019-07-18,-0.0008753266084180443
2019-07-19,-0.009047019197424781
2019-07-22,-0.0012493550601083408
2019-07-23,0.008844556075489932
2019-07-24,-0.0014160206543989426
2019-07-25,-0.012310856526434962
2019-07-26,-0.004400523162856437
2019-07-29,-0.010140964314183955
2019-07-30,-0.000571199393666854
2019-07-31,0.00493271982792623
2019-08-01,-0.009615899200230007
2019-08-02,0.05394943978624109
2019-08-05,0.02398955941649884
2019-08-06,-0.003944662187474853
2019-08-07,-0.014812395836502942
2019-08-08,0.0049283552873523335
2019-08-09,-0.0002680192384899062
2019-08-12,-0.006923054869084802
2019-08-13,-0.0022716626712616216
2019-08-14,-0.00385986561727388
2019-08-15,-0.005664813799423925
2019-08-16,0.00819024789938893
2019-08-19,-0.007900319479470695
2019-08-20,-0.00764443414641044
2019-08-21,-0.006211355507518163
2019-08-22,0.0007005519208832904
2019-08-23,0.0022044067558977497
2019-08-26,-0.00398263221496053
2019-08-27,0.010341018630612219
2019-08-28,0.008895675041011342
2019-08-29,0.004417320228570217
2019-08-30,-0.0006322445775038387
2019-09-02,0.019596190375907582
2019-09-03,0.006658891873721154
2019-09-04,-0.008720421232033752
2019-09-05,0.009743641730616013
2019-09-06,-0.006021213304356444
2019-09-09,-0.011189410656572404
2019-09-10,-0.0034901001509594367
2019-09-11,-0.002441144014418064
2019-09-12,-0.008140780745188887
2019-09-16,0.0034600080786460867
2019-09-17,-0.0030404563916913534
2019-09-18,0.002155091284458399
2019-09-19,0.015624556522325476
2019-09-20,0.0013052407367924184
2019-09-23,0.0016418670096109318
2019-09-24,-0.007778336943547133
2019-09-25,-0.001971404939056117
2019-09-26,-0.017249577453574555
2019-09-27,-0.003177908104256809
2019-09-30,-0.011301973960276665
2019-10-08,0.00913675950734479
2019-10-09,0.025148830268046152
2019-10-10,0.0012586663140167261
2019-10-11,0.003488187578623107
2019-10-14,-0.006132557302206021
2019-10-15,-0.0033266133711500334
2019-10-16,-0.006097790088870935
2019-10-17,0.01117454325822528
2019-10-18,-0.013015500284602008
2019-10-21,0.01760771523748986
2019-10-22,-0.014156095073822013
2019-10-23,-0.008339449918037268
2019-10-24,-0.006689270865463706
2019-10-25,-0.0004891346057784487
2019-10-28,0.002043022009665411
2019-10-29,-0.011482117060138563
2019-10-30,0.0059898924905068835
2019-10-31,0.046938632013825754
2019-11-01,0.030872068733720805
2019-11-04,-0.009721380683389253
2019-11-05,0.008813129650757145
2019-11-06,-0.007682039040460947
2019-11-07,-0.007734524739667669
2019-11-08,-0.004440275175298949
2019-11-11,0.0027950072749277598
2019-11-12,0.00852697891394513
2019-11-13,-0.0035669019432989398
2019-11-14,-0.001519553920348042
2019-11-15,0.0018760843484378672
2019-11-18,0.02199411613509924
2019-11-19,-0.006657541026478428
2019-11-20,-0.0031566302628656517
2019-11-21,-0.0033524844629098417
2019-11-22,-0.012551482518700755
2019-11-25,0.011083533764849659
2019-11-26,-0.0024548272064391988
2019-11-27,-0.013475920479801201
2019-11-28,-0.0022491612998228622
2019-11-29,-0.005155511871483094
2019-12-02,-0.004111874246220504
2019-12-03,0.011228018922225627
2019-12-04,0.0007640008811868309
2019-12-05,-0.0022575806097859495
2019-12-06,-0.007696285203057161
2019-12-09,0.006352416382423159
2019-12-10,-0.006244660999151692
2019-12-11,0.014203599610985091
2019-12-12,0.0005344552602532309
2019-12-13,-0.0033215741949793876
2019-12-16,0.008456495991709757
2019-12-17,0.0031080801794850094
2019-12-18,-0.011363270438145983
2019-12-19,0.0009954331196701514
2019-12-20,0.09725146179927592
2019-12-23,-0.028131168706117423
2019-12-24,-0.0035539551611048596
2019-12-25,-0.008399959138023397
2019-12-26,0.0046807385681920735
2019-12-27,-0.01859589240857232
2019-12-30,0.0016973254806995457
2019-12-31,-0.018299482838052827
2020-01-02,-0.011274454655572055
2020-01-03,-0.007593079666421276
2020-01-06,-0.004675408610987514
2020-01-07,0.016192540461994098
2020-01-08,-0.0016593612351885265
2020-01-09,0.005753564455224236
2020-01-10,0.0009261763367515684
2020-01-13,-0.003959213329769902
2020-01-14,-0.015033450496881082
2020-01-15,-0.0028373336070659574
2020-01-16,-0.004653365161330606
2020-01-17,-0.0010532389540522961
2020-01-20,0.0016481640356664252
2020-01-21,-0.0028679125211834647
2020-01-22,0.004370738724389776
2020-01-23,-0.002783197317015852
2020-02-03,-0.0011548532917586563
2020-02-04,0.0014659750345472613
2020-02-05,-0.0017792522853743113
2020-02-06,-0.01028511775425218
2020-02-07,-0.0035697732549107297
2020-02-10,-0.009023204789270496
2020-02-11,-0.002961414355444075
2020-02-12,-0.0095896123691246
2020-02-13,-0.006321575246056381
2020-02-14,0.0007319263649159663
2020-02-17,-3.588460505105778e-05
2020-02-18,-0.003780091702643049
2020-02-19,-0.0017230974466398291
2020-02-20,-0.0010085908098221488
2020-02-21,-0.0013153022566989355
2020-02-24,-0.012238601544461304
2020-02-25,-0.004344538835439861
2020-02-26,0.018202832441917463
2020-02-27,-0.00767499004450157
2020-02-28,-0.007508345028413813
2020-03-02,-0.011064770378568747
2020-03-03,-0.007528470268521327
2020-03-04,0.025324214999960085
2020-03-05,0.002942766364229769
2020-03-06,-0.006653484819785636
2020-03-09,0.039212297599722515
2020-03-10,-0.006900200243837784
2020-03-11,0.023693095927615232
2020-03-12,0.006288299644089217
2020-03-13,0.05149489730291999
2020-03-16,-0.014306327409037374
2020-03-17,-0.018437704958552355
2020-03-18,-0.014323606943763896
2020-03-19,-0.004609142763070933
2020-03-20,0.004074030675833559
2020-03-23,-0.00037591253889589227
2020-03-24,0.0062179082818717285
2020-03-25,-0.0035618691841688213
2020-03-26,-0.016019597514178453
2020-03-27,0.0020068324488835875
2020-03-30,0.0015584255042618775
2020-03-31,0.00036976682724695724
2020-04-01,0.007446977371424484
2020-04-02,0.001020766434855545
2020-04-03,-0.009541361543382709
2020-04-07,-0.0010511033200909098
2020-04-08,0.0005626809279433154
2020-04-09,-0.007075299394096502
2020-04-10,-0.007333844571746063
2020-04-13,-0.0015713020753751637
2020-04-14,0.0011466930684779272
2020-04-15,-0.0011516258358351891
2020-04-16,0.004696029620996009
2020-04-17,-0.0014927531074214557
2020-04-20,-0.008612141260302623
2020-04-21,-0.00013393228212649558
2020-04-22,-0.00405544798414002
2020-04-23,-0.01025477468567575
2020-04-24,-0.010993843873349028
2020-04-27,-0.008696008768639405
2020-04-28,-0.00861518407956961
2020-04-29,0.010715644318788613
2020-04-30,0.005644048821889569
2020-05-06,-0.014594908022332372
2020-05-07,-0.010042766964597476
2020-05-08,-0.0008567774583176264
2020-05-11,0.002257956968816462
2020-05-12,0.0016089487775025032
2020-05-13,-0.00873244827766371
2020-05-14,-0.006365023015805712
2020-05-15,-0.008476790059261611
2020-05-18,-0.005403974585166628
2020-05-19,-0.005149512602876648
2020-05-20,-0.010685579888249806
2020-05-21,-0.001977991984793772
2020-05-22,0.009294714389477756
2020-05-25,0.008862972572397765
2020-05-26,-8.855078653165899e-07
2020-05-27,-0.006372899575972191
2020-05-28,-0.0007116044844454896
2020-05-29,-0.005837487828362461
2020-06-01,0.0011649978449249886
2020-06-02,0.011192852597969906
2020-06-03,0.006946294766664781
2020-06-04,0.002822469001808813
2020-06-05,0.0018390080880281699
2020-06-08,0.03348280198559881
2020-06-09,-0.019166796085275613
2020-06-10,0.018389381359872232
2020-06-11,0.038257712264375035
2020-06-12,0.008514515388071648
2020-06-15,0.009610252057205188
2020-06-16,-0.014327348590959355
2020-06-17,-0.002181620727634645
2020-06-18,0.008713401657570986
2020-06-19,0.0005191788561112248
2020-06-22,-0.020261052212078037
2020-06-23,-0.008325527402707561
2020-06-24,0.007188215058226826
2020-06-29,-0.010919821858039629
2020-06-30,-0.003921538603366467
2020-07-01,0.011291331001457034
2020-07-02,-0.011884219455432853
2020-07-03,-0.007148635226521156
2020-07-06,-0.0082321881353183
2020-07-07,-0.0008381251057560301
2020-07-08,-0.0035319126091884253
2020-07-09,-0.010547862654601687
2020-07-10,-0.019938413003123115
2020-07-13,-0.010827113863749738
2020-07-14,0.0019467116698429938
2020-07-15,0.003916583964076362
2020-07-16,0.007742276352678407
2020-07-17,-0.014580382843322028
2020-07-20,0.022203359006050208
2020-07-21,-0.006778127949931802
2020-07-22,0.006770666418601842
2020-07-23,0.001064719814805555
2020-07-24,0.10433360582946738
2020-07-27,-0.020797813162301042
2020-07-28,-0.03845283180030365
2020-07-29,0.002567972937530711
2020-07-30,0.03507847328348839
2020-07-31,0.04383827980535757
2020-08-03,-0.015185762976728776
2020-08-04,-0.012092195519416425
2020-08-05,0.00914356954919072
2020-08-06,-0.007342602522143317
2020-08-07,0.026715604543958694
2020-08-10,-0.00760573106658298
2020-08-11,-0.07114992130226444
2020-08-12,-0.02737899999032464
2020-08-13,0.0031805241170957503
2020-08-14,0.010726684453970101
2020-08-17,0.011917308562152333
2020-08-18,-0.023751421681253267
2020-08-19,-0.0050208613081471586
2020-08-20,0.0045154176068161744
2020-08-21,-0.011453147600099257
2020-08-24,0.006195437520277501
2020-08-25,0.010578916587452872
2020-08-26,0.011111257201112036
2020-08-27,0.004292125165897891
2020-08-28,0.04696613972937298
2020-08-31,-0.0029900939767860367
2020-09-01,0.00300940899531206
2020-09-02,-0.008218668865264166
2020-09-03,-0.007036099050794612
2020-09-04,-0.015041404680945695
2020-09-07,0.0029070090677735857
2020-09-08,0.014689168228008209
2020-09-09,-0.009354304910336446
2020-09-10,0.007576239883852963
2020-09-11,0.016113778540358947
2020-09-14,-0.003365038454743333
2020-09-15,-0.01303583627931743
2020-09-16,-0.0028814711865737443
2020-09-17,-0.00241644977372712
2020-09-18,1.9023013279894502e-05
2020-09-21,-0.00592624756091274
2020-09-22,-0.011322353435823267
2020-09-23,-0.012136868087930902
2020-09-24,-0.00998307230681977
2020-09-25,0.007172814207180772
2020-09-28,0.0030259444191357366
2020-09-29,-0.008994640427448656
2020-09-30,-0.006726950532243803
2020-10-09,0.0007911484175633539
2020-10-12,0.01268410674519637
2020-10-13,-0.0063288303225182765
2020-10-14,0.0004699385104223637
2020-10-15,0.003155751106905429
2020-10-16,0.004693474968799519
2020-10-19,0.0068490267247006895
2020-10-20,-0.008087823685317613
2020-10-21,-0.001021204387321572
2020-10-22,0.013269745942259922
2020-10-23,-0.002787526501026218
2020-10-26,-0.006314909099123488
2020-10-27,-0.0034370676387192826
2020-10-28,0.00532933620334621
2020-10-29,0.00402054887985142
2020-10-30,-0.005415486815417349
2020-11-02,-0.009439073718666806
2020-11-03,0.0022453173452763008
2020-11-04,-0.005374025721067752
2020-11-05,0.006816260692953661
2020-11-06,-0.007659149213634206
2020-11-09,0.0031400762464736196
2020-11-10,-0.00810620288794445
2020-11-11,0.002058585332990341
2020-11-12,-0.0047791678689698604
2020-11-13,-0.004723665586966044
2020-11-16,0.009562168875833475
2020-11-17,0.05247837290016324
2020-11-18,-0.01357043813009122
2020-11-19,0.002925219881421137
2020-11-20,-0.012402038074037301
2020-11-23,0.015589070304459903
2020-11-24,-0.018293198753881225
2020-11-25,0.005554790526007906
2020-11-26,0.006400598652357724
2020-11-27,-0.005162520531051089
2020-11-30,-0.0039735740068311265
2020-12-01,0.01309009879128402
2020-12-02,-0.009523203082557828
2020-12-03,0.003502319721378231
2020-12-04,-0.0027914738290738626
2020-12-07,-0.007371029940549543
2020-12-08,-0.0024104402267597826
2020-12-09,0.003014387922884821
2020-12-10,0.007905291406230749
2020-12-11,0.0027796281375686953
2020-12-14,0.0016511259447010845
2020-12-15,-0.010887816663117958
2020-12-16,0.000517960340628162
2020-12-17,-0.004349250855469823
2020-12-18,-0.008748850772885518
2020-12-21,-0.006336156740233919
2020-12-22,-0.006221410239453936
2020-12-23,-0.006474207604956809
2020-12-24,0.008202928968940952
2020-12-25,0.0012328108598200467
2020-12-28,0.014279847089170013
2020-12-29,-0.004635456462734895
2020-12-30,-0.00695501384373814
2020-12-31,-0.004134252728317982
2021-01-04,-0.002578294451945653
2021-01-05,-0.005537342235814851
2021-01-06,-0.00029292166612441065
2021-01-07,-0.006430122789977705
2021-01-08,0.014319791687087722
2021-01-11,-0.00029992354109712946
2021-01-12,0.005734161536483829
2021-01-13,0.005211097907867527
2021-01-14,-0.00030038729374116946
2021-01-15,-0.0033255613642949617
2021-01-18,-0.008586352347593964
2021-01-19,-0.009909499679295157
2021-01-20,-0.009187832693031809
2021-01-21,0.005229513932970905
2021-01-22,0.0016956473290945934
2021-01-25,-0.004785628327913334
2021-01-26,0.0024839545099051875
2021-01-27,0.007665247797643864
2021-01-28,-0.011013940452323638
2021-01-29,-0.0046460672737614565
2021-02-01,0.004900929296215934
2021-02-02,-0.008927322345750641
2021-02-03,-0.012328521110998133
2021-02-04,0.01572704057225091
2021-02-05,0.0027837542028707595
2021-02-08,-0.0021765120278904653
2021-02-09,0.009051562513367327
2021-02-10,-5.381230759303728e-05
2021-02-18,-0.005061941483007967
2021-02-19,0.016743777608570792
2021-02-22,0.00522643462911067
2021-02-23,-0.007098634761528926
2021-02-24,-0.0005467645361218049
2021-02-25,0.015631813900241424
2021-02-26,-0.010601009503371329
2021-03-01,-0.0019795930442728787
2021-03-02,-0.0016831495592700627
2021-03-03,0.0015318707518712487
2021-03-04,-0.003458378278713122
2021-03-05,0.0034543542553945126
2021-03-08,0.010041840321386532
2021-03-09,0.012605348749905078
2021-03-10,-0.012248241952667539
2021-03-11,0.0033382487185720892
2021-03-12,0.0018725642268554252
2021-03-15,-0.001881875516465176
2021-03-16,0.0030422249283298466
2021-03-17,-0.006328054152056779
2021-03-18,0.004014381864643531
2021-03-19,0.003941853012420202
2021-03-22,-0.006608351108867323
2021-03-23,-0.006116489332001449
2021-03-24,-0.0023571454578061556
2021-03-25,-0.0012070889765730805
2021-03-26,-0.004159105604385805
2021-03-29,-0.007692716381306499
2021-03-30,-0.004115593685766196
2021-03-31,-0.0025097433118724767
2021-04-01,0.0005144775130970394
2021-04-02,-0.005834856599709291
2021-04-06,-0.005447587019994134
2021-04-07,-0.005583522956978067
2021-04-08,-0.0029354779703673287
2021-04-09,-0.007639668747996625
2021-04-12,-0.0035563644796127013
2021-04-13,-0.014126115254520014
2021-04-14,-0.010738418049463632
2021-04-15,-0.003696727770249988
2021-04-16,0.00557351138961356
2021-04-19,0.004809075104957587
2021-04-20,0.0013497341275018337
2021-04-21,-0.0022633142918610533
2021-04-22,-0.0012771569894597847
2021-04-23,0.002384979909603027
2021-04-26,0.0008418241278668678
2021-04-27,-0.005942332824578963
2021-04-28,-0.0018796284357167643
2021-04-29,0.0053652863789814655
2021-04-30,-0.025665661577143225
2021-05-06,-0.0002943628277245567
2021-05-07,0.0020515401738705023
2021-05-10,-0.011159148893317896
2021-05-11,0.0008315349975593078
2021-05-12,-0.0067248589186273385
2021-05-13,-0.010188193305956262
2021-05-14,0.013499275016625942
2021-05-17,0.005775999554841864
2021-05-18,-0.011064626880800454
2021-05-19,-0.001251260311920143
2021-05-20,-0.006133164273576629
2021-05-21,-0.0009949604525725363
2021-05-24,-0.009905141039527693
2021-05-25,0.008030465774177823
2021-05-26,0.0006017003436284722
2021-05-27,-0.0037198366424455896
2021-05-28,-0.003948261009551807
2021-05-31,-0.00015341909878073112
2021-06-01,-0.007436855902362159
2021-06-02,0.004323049882403847
2021-06-03,-0.005761832319279951
2021-06-04,-0.003168544126402103
2021-06-07,-0.002019764446819698
2021-06-08,-0.021451178609829775
2021-06-09,0.0007041389949316666
2021-06-10,0.004656742908964343
2021-06-11,8.014981314940182e-05
2021-06-15,0.007352735440156043
2021-06-16,-0.00418102987497969
2021-06-17,-0.012782159738916119
2021-06-18,-0.003958365207028688
2021-06-21,-0.00010965791069710018
2021-06-22,0.00867780579126347
2021-06-23,-0.003918795628007225
2021-06-24,0.0037188545598379674
2021-06-25,0.007538462700682586
2021-06-28,0.004906955096936994
2021-06-29,-0.007710413186774243
2021-06-30,-0.0010454032757336498
2021-07-01,0.0013631858560909406
2021-07-02,0.0004766177872937271
2021-07-05,-0.011108255224758298
2021-07-06,0.011127090752940631
2021-07-07,0.0051195303352906
2021-07-08,0.006213808814426082
2021-07-09,-0.0070960760354826955
2021-07-12,0.010677068418077168
2021-07-13,-0.011182273972085755
2021-07-14,-0.002619965090525511
2021-07-15,-0.002591530951037412
2021-07-16,-0.0011161780954426397
2021-07-19,-0.0006164848975937481
2021-07-20,0.002409902061756203
2021-07-21,-0.010580708271898017
2021-07-22,-0.0026579749271793173
2021-07-23,-0.01835538303269043
2021-07-26,-0.02699416233488118
2021-07-27,-0.01340016416075571
2021-07-28,0.013769295748614692
2021-07-29,-0.013879306518255943
2021-07-30,0.006221515528974275
2021-08-02,-0.0003841253316748299
2021-08-03,0.010612263791112846
2021-08-04,-0.011194204934953524
2021-08-05,-0.002675176800465126
2021-08-06,0.015703161700203253
2021-08-09,0.017706258232445628
2021-08-10,-0.006196971057105552
2021-08-11,0.0028223890028729916
2021-08-12,-0.0009379215069521317
2021-08-13,0.009810932753613999
2021-08-16,-2.0708828968121068e-05
2021-08-17,-0.008498638544951236
2021-08-18,0.015479332832674242
2021-08-19,-0.007945471933210005
2021-08-20,0.009233540296338123
2021-08-23,-0.00958564109132922
2021-08-24,-0.008686677671634661
2021-08-25,-0.005837094083105827
2021-08-26,0.012333240671824938
2021-08-27,-0.013879588781859707
2021-08-30,-0.01889260609968784
2021-08-31,0.009946875282454054
2021-09-01,0.010769917847426303
2021-09-02,-0.011703560347450601
2021-09-03,-0.013086174965015074
2021-09-06,0.10317377317834718
2021-09-07,0.10272955507343298
2021-09-08,0.0882131039815667
2021-09-09,0.09485423566914383
2021-09-10,0.10690571351744925
2021-09-13,0.08484683496022084
2021-09-14,0.1072925643182568
2021-09-15,0.10134996608622449
2021-09-16,0.12615426140443645
2021-09-17,0.09915084846758417
2021-09-22,0.07970283242785181
2021-09-23,0.09246493607415779
2021-09-24,0.08998474913514938
2021-09-27,-0.0715929684824979
2021-09-28,0.0770683660053318
2021-09-29,-0.07902253497998332
2021-09-30,0.005474711826027545
2021-10-08,0.024660481817771553
2021-10-11,0.03549335661921772
2021-10-12,-0.07752705348013013
2021-10-13,-0.07103160226394364
2021-10-14,0.049859954128748614
2021-10-15,0.03316628700166785
2021-10-18,0.0375310188122021
2021-10-19,0.10052124857264014
2021-10-20,0.015019965580553069
2021-10-21,-0.05200517294423728
2021-10-22,0.01781726427676108
2021-10-25,-0.013238011336824188
2021-10-26,0.0331841739124356
2021-10-27,0.08731944616160565
2021-10-28,-0.06827095921206577
2021-10-29,-0.012167478382601158
2021-11-01,0.06407841364079882
2021-11-02,-0.05238849573926316
2021-11-03,-0.016227502687603104
2021-11-04,0.020975077557799947
2021-11-05,0.0010726937964796873
2021-11-08,-0.04664263532329756
2021-11-09,-0.0008940053835258636
2021-11-10,0.013225718663359988
2021-11-11,-0.038127368232769354
2021-11-12,0.10222005796594727
2021-11-15,0.10596665803736652
2021-11-16,0.004126787209495728
2021-11-17,-0.015964462650325927
2021-11-18,-0.046036429940803175
2021-11-19,0.07851629440038628
2021-11-22,0.0826004313002004
2021-11-23,0.008677302745187854
2021-11-24,-0.019576356901617714
2021-11-25,-0.014406710621296202
2021-11-26,-0.006034876723741727
2021-11-29,0.014797662521926125
2021-11-30,0.007604879347031675
2021-12-01,0.005106268298766707
2021-12-02,-0.06690705677132347
2021-12-03,0.03601330690887576
2021-12-06,0.1074809492611733
2021-12-07,-0.029814417494415817
2021-12-08,0.08247205466646351
2021-12-09,0.04449594391511671
2021-12-10,-0.03458484279711411
2021-12-13,0.054518641121139466
2021-12-14,0.07128226868485076
2021-12-15,0.06878979731134037
2021-12-16,-0.058047851645820596
2021-12-17,-0.014837328212200176
2021-12-20,-0.0506442024578288
2021-12-21,-0.0006052393338693979
2021-12-22,-0.004203482991050923
2021-12-23,0.06848864258127929
2021-12-24,0.034751654219198305
2021-12-27,-0.0451293071598369
2021-12-28,-0.03670693407267774
2021-12-29,-0.0007199052675777289
2021-12-30,0.05490861193339692
2021-12-31,-0.06285881365854294
2022-01-04,0.01123581065654898
2022-01-05,-0.0687114244966531
2022-01-06,-0.018690878307217662
2022-01-07,-0.019371295986432415
2022-01-10,-0.03180878202081748
2022-01-11,-0.004919901123138965
2022-01-12,0.07154646020582503
2022-01-13,-0.07071051963387516
2022-01-14,0.030611593028893734
2022-01-17,-0.015927760082117343
2022-01-18,0.03477707774115202
2022-01-19,0.036264738405618065
2022-01-20,0.034355767218863645
2022-01-21,0.040369523531737214
2022-01-24,0.030275000915142056
2022-01-25,-0.05841974603693417
2022-01-26,0.0063635150469806695
2022-01-27,-0.0209764366213029
2022-01-28,0.018290985656677573
2022-02-07,-0.024391904858298744
2022-02-08,-0.07732112354989712
2022-02-09,0.04952299017523731
2022-02-10,0.006658277756272193
2022-02-11,-0.03308628906855805
2022-02-14,-0.016597500699131143
2022-02-15,0.026777458000299584
2022-02-16,-0.05607079684232424
2022-02-17,-0.02181926510958144
2022-02-18,0.018743233102367488
2022-02-21,-0.006208382390721804
2022-02-22,0.0032176606289450933
2022-02-23,0.037578986113016424
2022-02-24,0.0065488479534629405
2022-02-25,0.04313143707190958
2022-02-28,0.0010063724038330939
2022-03-01,0.010449442824759743
2022-03-02,-0.028742588010939485
2022-03-03,0.01812047483964863
2022-03-04,0.025168646915815808
2022-03-07,-0.01795690563587129
2022-03-08,-0.01991646763399045
2022-03-09,0.019345920913454842
2022-03-10,-0.0206779155779728
2022-03-11,-0.07778523053141688
2022-03-14,-0.019949321625325186
2022-03-15,-0.04457986587395711
2022-03-16,-0.0012494066895033656
2022-03-17,-0.03394978272026606
2022-03-18,0.021923313895808132
2022-03-21,-0.03496960142840415
2022-03-22,-0.049128080557412704
2022-03-23,0.00936070700447969
2022-03-24,0.008654084892592895
2022-03-25,-0.013976466706734351
2022-03-28,-0.02038620643748222
2022-03-29,0.025341889885097058
2022-03-30,-0.02548132666179563
2022-03-31,-0.03327726699631186
2022-04-01,-0.03952499233788839
2022-04-06,-0.03635061524735493
2022-04-07,-0.00595925007044424
2022-04-08,-0.05061616623984527
2022-04-11,0.009706610207630695
2022-04-12,0.009081663025214043
2022-04-13,-0.027950849196979273
2022-04-14,-0.065408441534534
2022-04-15,0.014472027448984081
2022-04-18,0.05142519890576404
2022-04-19,-0.03405657834119015
2022-04-20,0.01318390680953159
2022-04-21,-0.02178383984930453
2022-04-22,0.020430582960274907
2022-04-25,-0.03168726824368748
2022-04-26,-0.05371942413291156
2022-04-27,0.047163021673827396
2022-04-28,-0.030804022601615605
2022-04-29,-0.04940482082916156
2022-05-05,-0.029722094077403758
2022-05-06,0.0023572272069267777
2022-05-09,-0.0039251943578554535
2022-05-10,0.0030274941668769623
2022-05-11,0.046401334127253266
2022-05-12,0.023932258814066493
2022-05-13,-0.06305799200940368
2022-05-16,-0.040342719492201945
2022-05-17,0.01839527747695644
2022-05-18,0.07322618256234248
2022-05-19,0.03374207373437234
2022-05-20,0.02750553615649597
2022-05-23,0.012733411330348651
2022-05-24,-0.04001107831308021
2022-05-25,0.008219483870403377
2022-05-26,-0.003960422881273786
2022-05-27,-0.01618611462259837
2022-05-30,0.03957995349949951
2022-05-31,0.040506050879225146
2022-06-01,-0.04776481251507486
2022-06-02,0.008216309189291535
2022-06-06,0.048213081434661645
2022-06-07,-0.024230178253418215
2022-06-08,-0.03919010258315116
2022-06-09,-0.03974169354756984
2022-06-10,0.001348958656491369
2022-06-13,0.00014006776934044965
2022-06-14,-0.031226410840461266
2022-06-15,-0.02902913747282334
2022-06-16,-0.00477543287905221
2022-06-17,0.0066738166678119645
2022-06-20,0.02202226624555908
2022-06-21,0.024175930445368428
2022-06-22,0.014728276005883839
2022-06-23,0.0066724204860474715
2022-06-24,-0.01456357242756103
2022-06-27,0.035220149814952674
2022-06-28,-0.034726048646583775
2022-06-29,-0.04368032653622501
2022-06-30,-0.01699978262722071
2022-07-01,0.03561315754779899
2022-07-04,0.01036840344613203
2022-07-05,-0.0341525620650028
2022-07-06,0.02977328390814907
2022-07-07,-0.05731987570287139
2022-07-08,-0.009033204834172645
2022-07-11,0.008650946414485217
2022-07-12,-0.013224873287725761
2022-07-13,0.0504765773260381
2022-07-14,-0.04616414758569497
2022-07-15,-0.04944160888808668
2022-07-18,0.07067686337506507
2022-07-19,0.09715344618282423
2022-07-20,0.09648938887966668
2022-07-21,0.0883437818658804
2022-07-22,-0.09791666050126036
2022-07-25,-0.0357852433243207
2022-07-26,-0.07092929443171664
2022-07-27,0.00539630353924418
2022-07-28,-0.03405503268621102
2022-07-29,-0.00911807196719754
2022-08-01,-0.01394255926091373
2022-08-02,-0.04702425606498858
2022-08-03,-0.0005078589722923507
2022-08-04,-0.002099903567143028
2022-08-05,-0.01015608023919913
2022-08-08,0.02402111104593235
2022-08-09,0.0019817766341767976
2022-08-10,0.036217173177875754
2022-08-11,-0.01703494297832694
2022-08-12,0.06572093642727533
2022-08-15,-0.009836936510295909
2022-08-16,0.01148369286129108
2022-08-17,0.02136258767598678
2022-08-18,0.008593741386777641
2022-08-19,0.09870168973124616
2022-08-22,-0.0673913163175992
2022-08-23,0.071317525078428
2022-08-24,-0.003324970831184354
2022-08-25,-0.0013275210020653218
2022-08-26,0.04278222632964581
2022-08-29,0.05571493430503081
2022-08-30,0.016372347391867513
2022-08-31,-0.007863630111791496
2022-09-01,-0.022058047587974996
2022-09-02,-0.005272387545636033
2022-09-05,-0.013112533863303525
2022-09-06,0.024432020506572352
2022-09-07,0.04221209361850328
2022-09-08,0.008567604719592536
2022-09-09,0.0032499544600892594
2022-09-13,-0.005180669929799646
2022-09-14,-0.0435734207249248
2022-09-15,-0.03619577728843689
2022-09-16,0.03813845997337076
2022-09-19,-0.01893860062039264
2022-09-20,-0.013054584582244802
2022-09-21,-0.0036299423489474757
2022-09-22,0.004827925135453084
2022-09-23,0.007944340549950454
2022-09-26,-0.026400260337384962
2022-09-27,0.008956174780325808
2022-09-28,-0.004485705182180548
2022-09-29,0.0014152685691962855
2022-09-30,-0.004764084784421165
2022-10-10,-0.011461869512782974
2022-10-11,-0.016628604492269897
2022-10-12,-0.00847821546972876
2022-10-13,0.036940999292348925
2022-10-14,-0.006635603152822498
2022-10-17,-0.012228443663382573
2022-10-18,0.024478588744709234
2022-10-19,-0.027793268031519217
2022-10-20,0.010020316857867157
2022-10-21,-0.0015257482341224475
2022-10-24,-0.01651380314094942
2022-10-25,-0.0005067007990054058
2022-10-26,-0.006993810499491692
2022-10-27,0.12812891923296352
2022-10-28,-0.01723947907037559
2022-10-31,0.011289554847110672
2022-11-01,9.962027702511977e-05
2022-11-02,0.0032118526444279046
2022-11-03,-0.01722155462230242
2022-11-04,-0.036044506472844226
2022-11-07,-0.013805451233948624
2022-11-08,0.032558487753453214
2022-11-09,-0.004242560730834946
2022-11-10,0.03466964315169713
2022-11-11,-0.008365676676730657
2022-11-14,-0.024788149810066752
2022-11-15,0.0021022530444799424
2022-11-16,-0.020468503535502197
2022-11-17,0.015998266044282013
2022-11-18,0.0179206848244148
2022-11-21,0.014836553396344859
2022-11-22,0.012090737081360423
2022-11-23,0.023590076139316397
2022-11-24,-0.008543970969058158
2022-11-25,0.004645158008740944
2022-11-28,-0.029285540623437516
2022-11-29,0.0068315588955506525
2022-11-30,-0.0025382536106357406
2022-12-01,0.0064622283198626914
2022-12-02,0.020096344372345403
2022-12-05,-0.00891221585165423
2022-12-06,-0.03067395391962072
2022-12-07,-0.004264625806175587
2022-12-08,-0.003741276633154417
2022-12-09,-0.022834983762901002
2022-12-12,-0.02544258901265166
2022-12-13,0.009477605736692225
2022-12-14,-0.02238041317115434
2022-12-15,0.01272929229552946
2022-12-16,0.006283116145135105
2022-12-19,-0.010883744651600018
2022-12-20,0.006868194607302888
2022-12-21,-0.020058826870855438
2022-12-22,0.0015523013656091704
2022-12-23,-0.002939524903922234
2022-12-26,0.014650309833035894
2022-12-27,0.006077677584472021
2022-12-28,0.0617566498144134
2022-12-29,-0.002670229679670285
2022-12-30,-0.013865896121866044
2023-01-03,0.012956064271098942
2023-01-04,0.02485420611512273
2023-01-05,-0.006921833361349803
2023-01-06,-0.014043966170813642
2023-01-09,0.0012645572019726724
2023-01-10,-0.020659947122973053
2023-01-11,8.441276449817556e-06
2023-01-12,0.05414553432678674
2023-01-13,-0.014158110895456807
2023-01-16,-0.01687056495660993
2023-01-17,-0.008717145253832947
2023-01-18,-0.008122916009840265
2023-01-19,-0.009473736818096682
2023-01-20,-0.0020342875236124547
2023-01-30,-0.00493163783560686
2023-01-31,0.0011208606609134225
2023-02-01,0.015110342768783796
2023-02-02,-0.029295427101898943
2023-02-03,-0.01527420767948039
2023-02-06,-0.0015751056338119494
2023-02-07,-0.004779294832423299
2023-02-08,0.002668709337843354
2023-02-09,0.0011450689797065441
2023-02-10,-0.0018562647142203355
2023-02-13,-0.012398355977399213
2023-02-14,-0.009904448176100058
2023-02-15,0.006560892613032113
2023-02-16,0.005384636767951645
2023-02-17,-0.003943512683131662
2023-02-20,-0.011943952903935956
2023-02-21,0.012092532832986584
2023-02-22,-0.003406692505921829
2023-02-23,0.0045632572421321
2023-02-24,0.007717892434853566
2023-02-27,-0.018035837219449152
2023-02-28,-0.00126996000203701
2023-03-01,-0.002346874459515569
2023-03-02,-0.007907509458480557
2023-03-03,-0.00945085616977313
2023-03-06,-7.68075086470003e-05
2023-03-07,0.02568125254571388
2023-03-08,0.01878656361394712
2023-03-09,-0.0031799154675344957
2023-03-10,-0.01858499508164768
2023-03-13,-0.005577631567361939
2023-03-14,0.013777108512579885
2023-03-15,-0.0038840667159957785
2023-03-16,-0.01384339493500397
2023-03-17,-0.012587322558034396
2023-03-20,0.002366898190319648
2023-03-21,-0.0015682909154968398
2023-03-22,0.012154592856269276
2023-03-23,0.008511376715688121
2023-03-24,-0.011174694259660155
2023-03-27,0.0006057520728948822
2023-03-28,-0.008514053622930519
2023-03-29,-0.012043679586730537
2023-03-30,-0.02364811290692494
2023-03-31,0.00018902737521102678
2023-04-03,0.0017760977130222952
2023-04-04,-0.03290918987283839
2023-04-06,0.005098646539941305
2023-04-07,0.022276748313686125
2023-04-10,0.0364800629249527
2023-04-11,-0.013468682176538847
2023-04-12,-0.014292574191202154
2023-04-13,0.022872469464019416
2023-04-14,-0.0004962418979145011
2023-04-17,-0.0007941597903469602
2023-04-18,-0.0019837575135923484
2023-04-19,-0.015901158310655757
2023-04-20,-0.0048399740398390595
2023-04-21,0.011188902045796846
2023-04-24,-0.00368228980480503
2023-04-25,-0.006880810128814929
2023-04-26,0.01867742409242872
2023-04-27,-0.008139458315254264
2023-04-28,0.0036633569478572506
2023-05-04,-0.008375510475854116
2023-05-05,0.007163979994806361
2023-05-08,-0.017858077640044677
2023-05-09,-0.003977617981893378
2023-05-10,0.007396315803639643
2023-05-11,-0.001297248869513214
2023-05-12,-0.003206224362994307
2023-05-15,0.006721417977683543
2023-05-16,-0.006894646614598588
2023-05-17,-0.00635965184945161
2023-05-18,-0.009186424327295769
2023-05-19,0.000292147356522391
2023-05-22,-0.005524254645729955
2023-05-23,-0.014272874667225866
2023-05-24,0.0047076060888035865
2023-05-25,-0.005227956848719344
2023-05-26,0.020959586220735082
2023-05-29,-0.008454004364524363
2023-05-30,0.027455220161180755
2023-05-31,-0.004677562648739829
2023-06-01,0.0037940739495437633
2023-06-02,0.006586946122544881
2023-06-05,0.011312449571215737
2023-06-06,-0.0023824033656903165
2023-06-07,-0.00857650172601475
2023-06-08,-0.00014811722820598158
2023-06-09,0.007206080718245311
2023-06-12,0.01457728331636337
2023-06-13,-0.00572951905727132
2023-06-14,0.005900417076512027
2023-06-15,-0.0017824815721454758
2023-06-16,0.0008213007855289809
2023-06-19,-0.013339994172768627
2023-06-20,0.0075563625574629305
2023-06-21,-0.0099774860767108
2023-06-26,-0.023133906390736363
2023-06-27,-0.006837073222838448
2023-06-28,-0.0005700862512963804
2023-06-29,0.002616088904526425
2023-06-30,0.004311617397667462
2023-07-03,0.03161467786974724
2023-07-04,0.0007242915618735149
2023-07-05,0.019176123734050147
2023-07-06,-0.009888111553390531
2023-07-07,0.08963794236790683
2023-07-10,-0.01656685276687277
2023-07-11,-0.007457901636878225
2023-07-12,0.008724557808629093
2023-07-13,-0.019845740477494336
2023-07-14,0.018550960153854122
2023-07-17,-0.018637424133752363
2023-07-18,0.008806143196645638
2023-07-19,-0.01589237315167996
2023-07-20,-0.01695152927177581
2023-07-21,0.000188601933431151
2023-07-24,-0.004139571183005609
2023-07-25,0.022827595995520034
2023-07-26,-0.009196172819826976
2023-07-27,-0.0013434636634553536
2023-07-28,0.0029378137753182376
2023-07-31,-0.01372975197445694
2023-08-01,-0.009997955147634848
2023-08-02,-0.0070083730925107265
2023-08-03,-0.002004271250792087
2023-08-04,-0.0025843732628273745
2023-08-07,-0.004212145369492728
2023-08-08,-0.0017704814697872984
2023-08-09,0.009828093890381242
2023-08-10,-0.006049463610436984
2023-08-11,0.004393787467440919
2023-08-14,0.003295804543586852
2023-08-15,-0.008662802790177289
2023-08-16,0.0039428932726625465
2023-08-17,-0.004233256194056793
2023-08-18,-0.0008994524339793718
2023-08-21,-0.008114458722625048
2023-08-22,0.018624420878088917
2023-08-23,-0.011315308841282977
2023-08-24,0.015386965242675339
2023-08-25,-0.01435550052211994
2023-08-28,-0.014986443400516452
2023-08-29,0.01783481732715258
2023-08-30,0.012687761906898567
2023-08-31,-0.00976798248115858
2023-09-01,-0.011071645491817158
2023-09-04,0.007992253104582422
2023-09-05,0.0009512359261950615
2023-09-06,0.0027874495411389965
2023-09-07,-0.00258970055429999
2023-09-08,-0.010961394616466056
2023-09-11,0.0011569296429939152
2023-09-12,-0.0021683851655830916
2023-09-13,-0.0013208064787055824
2023-09-14,-0.0112036086199633
2023-09-15,-0.005649351202408157
2023-09-18,0.008395058348780324
2023-09-19,-0.002668884708390155
2023-09-20,0.0003039871246417001
2023-09-21,-0.010238638218348493
2023-09-22,-0.0015956339737424365
2023-09-25,-0.001156550937284364
2023-09-26,-0.006096569976967892
2023-09-27,-0.002203636615075005
2023-09-28,0.0024897822562613414
2023-10-09,0.010179170000245413
2023-10-10,0.0006907526370546731
2023-10-11,0.00030455361881364437
2023-10-12,-0.0024243469336246073
2023-10-13,0.00935615857321809
2023-10-16,-0.02802167841025323
2023-10-17,-0.0067505656260384034
2023-10-18,0.009442974787837406
2023-10-19,0.001340967624130926
2023-10-20,0.022581954090366722
2023-10-23,-0.015569308577130722
2023-10-24,0.006815662289262635
2023-10-25,-0.006802636889140077
2023-10-26,0.002284053574112887
2023-10-27,0.010278233077097292
2023-10-30,0.004443020916282001
2023-10-31,-0.001320583858687674
2023-11-01,-0.00422804223217477
2023-11-02,-0.002795015254923186
2023-11-03,-0.0006390548284092631
2023-11-06,0.013211465758023904
2023-11-07,-0.006482660498042066
2023-11-08,-0.004138262482166354
2023-11-09,-0.003685908911483745
2023-11-10,-0.01496888687150379
2023-11-13,0.0020916862852479352
2023-11-14,0.0007136393577845197
2023-11-15,-0.004002686909215654
2023-11-16,-0.0038675433597666307
2023-11-17,-0.003002954000142529
2023-11-20,-0.011102368029595699
2023-11-21,0.010779007322621523
2023-11-22,-0.00702846818620699
2023-11-23,-0.002765981286547198
2023-11-24,-0.010416482117604823
2023-11-27,-0.005882265610614111
2023-11-28,-0.0060474405821872535
2023-11-29,-0.007528243646144258
2023-11-30,-0.012411605306038553
2023-12-01,-0.008252388578490871
2023-12-04,-0.002000397787000993
2023-12-05,-0.004663775460878039
2023-12-06,0.0024184846738617683
2023-12-07,-0.0014527374279348906
2023-12-08,-0.01816312340730416
2023-12-11,-0.014433639602920389
2023-12-12,0.0064525812260922575
2023-12-13,0.004815049042445736
2023-12-14,-0.014294462795044014
2023-12-15,0.006187172367482379
2023-12-18,-0.0010591430096400303
2023-12-19,-0.006778897607099439
2023-12-20,-0.006230797071586101
2023-12-21,0.008324200696748312
2023-12-22,-0.0004714189273600511
2023-12-25,-0.011284657574016215
2023-12-26,3.197258304147091e-06
2023-12-27,-0.005734278292215798
2023-12-28,0.012375153608801231
2023-12-29,0.006386498961950156
2024-01-02,-0.0019051611091280424
2024-01-03,-0.01451751332663695
2024-01-04,0.018644105537889134
2024-01-05,0.008557762246198747
2024-01-08,-0.006960680044498065
2024-01-09,-0.004937225577704778
2024-01-10,-0.005214962785177905
2024-01-11,0.002377527082398256
2024-01-12,-0.0008380982854642831
2024-01-15,0.009615115004566263
2024-01-16,0.0010425172209697822
2024-01-17,0.0016752212031364046
2024-01-18,-0.010787125078729202
2024-01-19,0.016980429654677585
2024-01-22,-0.01494777972127577
2024-01-23,-0.0043085350867896124
2024-01-24,0.012589378569052595
2024-01-25,0.03533454321635492
2024-01-26,-0.0389625964843509
2024-01-29,0.0019245098152034304
2024-01-30,-0.027900915558494187
2024-01-31,-0.00023843561464526736
2024-02-01,0.016527160186366012
2024-02-02,-0.01877975206865249
2024-02-05,0.021393169114829566
2024-02-06,0.044592269736383146
2024-02-07,0.03580805233680895
2024-02-08,-0.004110148286225454
2024-02-19,-0.02261100187623697
2024-02-20,0.008380016974491237
2024-02-21,-0.0080880278515162
2024-02-22,-0.013408490028962475
2024-02-23,-0.018164702841509086
2024-02-26,-0.004565866833261406
2024-02-27,-0.0007082342036693664
2024-02-28,0.02226573145983659
2024-02-29,-0.010085175453857918
2024-03-01,0.015817353473838426
2024-03-04,-0.008159294213215828
2024-03-05,-0.0033174563152828414
2024-03-06,-0.003796245068539948
2024-03-07,-0.005769360147651129
2024-03-08,-0.01389075800459067
2024-03-11,0.016803878219195593
2024-03-12,-0.0021887640780441156
2024-03-13,-0.015505644260671272
2024-03-14,-0.006734279093095632
2024-03-15,-0.00739381790141524
2024-03-18,-0.0046040135702321554
2024-03-19,-0.0036263113146514127
2024-03-20,-0.005886066367876423
2024-03-21,-0.006490166843898512
2024-03-22,-0.004042227731711296
2024-03-25,0.00165312737568361
2024-03-26,0.004881594146062936
2024-03-27,-0.007595184696752463
2024-03-28,-0.009499473317857686
2024-03-29,0.00483915888999735
2024-04-01,-0.003003260338261206
2024-04-02,-0.002302523467075766
2024-04-03,-0.00041386090149865464
2024-04-08,-0.01042417002642846
2024-04-09,0.0009504977327060094
2024-04-10,-0.010680345530991883
2024-04-11,-0.006255600910633976
2024-04-12,-0.0035518671854255918
2024-04-15,0.0188794975616206
2024-04-16,0.0539684655105202
2024-04-17,-0.005600812892237565
2024-04-18,-0.007195189012991807
2024-04-19,0.007889865349990931
2024-04-22,-0.029083784066135356
2024-04-23,-0.05312309945610729
2024-04-24,0.028677713317780226
2024-04-25,-0.00873584992139044
2024-04-26,0.006806828669833925
2024-04-29,0.01717338924446573
2024-04-30,-0.035928362909825755
2024-05-06,0.006393456340806916
2024-05-07,0.001976310707269637
2024-05-08,-0.014316236216733783
2024-05-09,0.009808276727078465
2024-05-10,0.008747795673542235
2024-05-13,0.038578568425526746
2024-05-14,-0.010907729138479007
2024-05-15,-0.003843898525812184
2024-05-16,0.011245144980800842
2024-05-17,-0.010826956143424236
2024-05-20,-0.010601530723107308
2024-05-21,0.0005812822141975154
2024-05-22,-0.0021515443782190074
2024-05-23,-0.006161972579328132
2024-05-24,0.005303871953841646
2024-05-27,-0.008284541671622755
2024-05-28,0.012304634333138838
2024-05-29,-0.00939295810385115
2024-05-30,0.02956143797338916
2024-05-31,0.05207670050978732
2024-06-03,0.043078204862093336
2024-06-04,-0.010131249546533714
2024-06-05,-0.009537863908042152
2024-06-06,-0.006906338122169304
2024-06-07,0.0015089625920460224
2024-06-11,0.02625494249059123
2024-06-12,-0.020517621823828498
2024-06-13,0.05571562950587432
2024-06-14,0.001839528116396762
2024-06-17,0.005553499964599369
2024-06-18,-0.001664190406418881
2024-06-19,-0.020860221679216025
2024-06-20,-0.007473092517020687
2024-06-21,-0.03154611763532808
2024-06-24,-0.025074334843346986
2024-06-25,-0.009176447944752496
2024-06-26,0.00385424988419634
2024-06-27,-0.02263513422894506
2024-06-28,-0.010416606307460649
2024-07-01,-0.014002924761650444
2024-07-02,-0.024227825736476225
2024-07-03,-0.012645862260844534
2024-07-04,-0.01158132777001972
2024-07-05,0.011549557465332094
2024-07-08,-0.021583677665265547
2024-07-09,-0.0034726429932382032
2024-07-10,0.012685683895315911
2024-07-11,0.030607394518693418
2024-07-12,-0.0012918194062390333
2024-07-15,-0.01949310142316281
2024-07-16,-0.000964924891112909
2024-07-17,0.011670332832652779
2024-07-18,-4.6577944753291994e-06
2024-07-19,0.0012673948985357942
2024-07-22,0.005037870231073233
2024-07-23,-0.021488921827125227
2024-07-24,-0.024306135884583392
2024-07-25,0.005523643672036219
2024-07-26,0.009784054338115477
2024-07-29,-0.029768605752179454
2024-07-30,0.0005055305126893967
2024-07-31,0.017356969041971447
2024-08-01,-0.011107481331063603
2024-08-02,-0.0015502497405055216
2024-08-05,0.014382853345713653
2024-08-06,0.0065884612120387116
2024-08-07,-0.00026921777424310754
2024-08-08,-0.010198551264566796
2024-08-09,0.0027479655022829633
2024-08-12,-0.00030073332662401177
2024-08-13,-0.006737768637318766
2024-08-14,-0.012167003999202921
2024-08-15,-0.008577008470102376
2024-08-16,-0.004707856273276748
2024-08-19,0.0001169727499347661
2024-08-20,0.009209098085450711
2024-08-21,0.01947985918204674
2024-08-22,0.001092945982061811
2024-08-23,0.004297283572347887
2024-08-26,-0.004081926533298573
2024-08-27,0.008827105146697992
2024-08-28,-0.003944321535778747
2024-08-29,0.0001394618312979077
2024-08-30,0.0042848300304364016
2024-09-02,-0.011437302825172094
2024-09-03,0.008334794827337842
2024-09-04,-0.001995672400032479
2024-09-05,-0.0076765950425774785
2024-09-06,3.9898020252953845e-05
2024-09-09,-0.00726610309746095
2024-09-10,-0.000953528693473244
2024-09-11,0.011914976663085924
2024-09-12,-0.0006560450528405384
2024-09-13,-0.006702764032097126
2024-09-18,-0.012566708903435708
2024-09-19,0.002262868098051384
2024-09-20,-0.005327808050654576
2024-09-23,-0.017251400224939276
2024-09-24,-3.5963240388715845e-05
2024-09-25,0.005079051579216221
2024-09-26,0.006419849921092527
2024-09-27,0.00931938172754311
2024-09-30,0.008287101526010268
2024-10-08,-0.018470925505529062
2024-10-09,0.009635111061719007
2024-10-10,-0.009205941185631852
2024-10-11,-0.009313943679148326
2024-10-14,-0.019871519903001716
2024-10-15,-0.004060925069799697
2024-10-16,-0.0035405613924041554
2024-10-17,-0.0026498477563665704
2024-10-18,0.018330601526045022
2024-10-21,-0.0030650748206205204
2024-10-22,-0.004254342185631539
2024-10-23,0.021439602345728816
2024-10-24,0.021314275979894673
2024-10-25,-0.0038842851752141083
2024-10-28,-0.002611417653008704
2024-10-29,-0.024550296783779634
2024-10-30,0.0325068728496211
2024-10-31,0.009648763773376812
2024-11-01,0.0075788987012914925
2024-11-04,0.00014873309141369244
2024-11-05,-0.00671714240493991
2024-11-06,0.00833814342613155
2024-11-07,-0.03018572161706811
2024-11-08,-0.0038939511482837374
2024-11-11,-0.011173416053615102
2024-11-12,0.003658125321232341
2024-11-13,0.008945491922956031
2024-11-14,-0.0037821347015840404
2024-11-15,-0.004054148987632956
2024-11-18,-0.012034164521320244
2024-11-19,0.0028756189058969676
2024-11-20,-0.008378739198986044
2024-11-21,-0.007983469423124246
2024-11-22,-0.006219625429460432
2024-11-25,9.995461216198839e-05
2024-11-26,-0.0002992373528009195
2024-11-27,0.0032863174904197226
2024-11-28,-0.016346069664874837
2024-11-29,0.005423799259885837
2024-12-02,-0.010558738795036188
2024-12-03,-0.02006333431876641
2024-12-04,-0.0014540399097635916
2024-12-05,-0.005391185061229345
2024-12-06,-0.01073913662187988
2024-12-09,-0.008318168120259985
2024-12-10,0.008623514575028442
2024-12-11,-0.014911550839806192
2024-12-12,0.015393392176087026
2024-12-13,0.01328516356668985
2024-12-16,-0.022306856921348896
2024-12-17,0.011669124661717926
2024-12-18,0.001640106413749863
2024-12-19,-0.010503245923463387
2024-12-20,0.03625617146982811
2024-12-23,-0.008437054470166969
2024-12-24,0.006158932639706382
2024-12-25,0.007106010015842273
2024-12-26,0.004728449823939948
2024-12-27,-0.010457845793439828
2024-12-30,0.003484596062765787
2024-12-31,-0.01681267541380413
2025-01-02,0.006522466293203154
2025-01-03,0.01317538816083922
2025-01-06,0.01155744859798861
2025-01-07,-0.002617017513239464
2025-01-08,0.003900444699153527
2025-01-09,0.0003269522989936685
2025-01-10,0.003769360294071815
2025-01-13,0.0075411887037494085
2025-01-14,-0.010481226254978035
2025-01-15,-0.004337119657502699
2025-01-16,-0.014902566972205045
2025-01-17,0.013381736416266362
2025-01-20,-2.3581479464287666e-05
2025-01-21,0.012250642602988686
2025-01-22,-0.007720770339396114
2025-01-23,0.00338465352410972
2025-01-24,-0.0066744847734931745
2025-01-27,-0.016011133199281755
2025-02-05,-0.008996494187160408
2025-02-06,0.01616544715488234
2025-02-07,0.0012419180527221338
2025-02-10,-0.01053511167744775
2025-02-11,-0.015483873235437158
2025-02-12,-0.0015652202147035327
2025-02-13,-0.011381789873548098
2025-02-14,-0.0013048925260041736
2025-02-17,0.0010251233823202945
2025-02-18,-0.0012703896029648987
2025-02-19,0.01341311490177332
2025-02-20,-0.004346701372772892
2025-02-21,0.0071773630893745095
2025-02-24,-0.01179231367929947
2025-02-25,-0.00487197717642021
2025-02-26,-0.007430458746908817
2025-02-27,0.0002623249789305473
2025-02-28,-0.000866208098253652
2025-03-03,0.000313678967489176
2025-03-04,-0.0064926378936474285
2025-03-05,-0.0022144989255299986
2025-03-06,0.020759766946111487
2025-03-07,-0.002601003670657926
2025-03-10,-0.0019374839522305156
2025-03-11,-0.0018348431729790782
2025-03-12,-4.681312326784183e-05
2025-03-13,-0.000843182613560492
2025-03-14,-0.00314303811728839
2025-03-17,-0.0041589700340603965
2025-03-18,0.006284908598970289
2025-03-19,0.005891352369458078
2025-03-20,0.0016594169403913984
2025-03-21,-0.0006622230085576233
2025-03-24,0.0052611269697727765
2025-03-25,-0.017854197437566603
2025-03-26,-0.002939637897899484
2025-03-27,0.010412784403329035
2025-03-28,0.004710681811671042
2025-03-31,-0.007718815859337811
2025-04-01,0.004662559871242179
2025-04-02,0.0055178675450469165
2025-04-03,-0.012638343847425008
2025-04-07,-0.024106181749450256
2025-04-08,-0.004701865669285876
2025-04-09,0.0024593670103165485
2025-04-10,-0.0008778425305206936
2025-04-11,0.014222338061522498
2025-04-14,-0.012282993281263324
2025-04-15,-0.0075131411115593365
2025-04-16,0.0043621148268690995
2025-04-17,0.006747153843506902
2025-04-18,-0.005992625107268046
2025-04-21,0.03194729859688393
2025-04-22,-0.0034735723721324363
2025-04-23,8.69184922225744e-05
2025-04-24,-0.0002128141574428543
2025-04-25,0.0012995360556483163
2025-04-28,-0.004001668816375703
2025-04-29,-0.007730184538557172
2025-04-30,0.005201165161347053
2025-05-06,-0.011434967113307635
2025-05-07,-0.0043738439629924155
2025-05-08,-0.009270155909763239
2025-05-09,-0.007720854260235007
2025-05-12,0.0018177029824244084
2025-05-13,-0.0080321078756054
2025-05-14,0.00010324008762864142
2025-05-15,0.0007630403473521275
2025-05-16,-0.0013681000179134777
2025-05-19,-0.00957245847108517
2025-05-20,0.0012982843440918698
2025-05-21,0.0006226155306778163
2025-05-22,-0.008186768776461656
2025-05-23,0.009751912313830779
2025-05-26,-0.0039005615499951053
2025-05-27,-0.006830932288660289
2025-05-28,-0.004429017635366956
2025-05-29,0.00652844672649883
2025-05-30,0.011320316137584
2025-06-03,0.004589837875577699
2025-06-04,0.002246070804842253
2025-06-05,0.0034765536121737213
2025-06-06,-0.004130607364428404
2025-06-09,-0.004032464367063146
2025-06-10,0.0014303925705392052
2025-06-11,-0.0008224988277039744
2025-06-12,0.0007749046671723624
2025-06-13,-0.0086565154055504
2025-06-16,-0.004451911634798985
2025-06-17,-0.0078750527963245
2025-06-18,-0.005156516031019276
2025-06-19,-0.00018322430183429807
2025-06-20,0.0010742805860431085
2025-06-23,-0.003420049313045432
2025-06-24,0.0020774891929269956
2025-06-25,0.00500327326003357
2025-06-26,0.00011540347271879773
2025-06-27,0.0031202487317794083
2025-06-30,0.01353004632509287
2025-07-01,-0.007268855392193496
2025-07-02,-0.007856722000041021
2025-07-03,0.007860216758770695
2025-07-04,-0.013201131177387505
2025-07-07,-0.0106341635112089
2025-07-08,-0.008163077792556591
2025-07-09,0.003913778661484179
2025-07-10,-0.00038721815568720785
2025-07-11,-0.0012637723599617135
2025-07-14,-0.004971153584018383
2025-07-15,0.020534403449106127
2025-07-16,-0.007893850962487632
2025-07-17,0.007393376050687356
2025-07-18,0.0024378674227211235
2025-07-21,-0.0021763805072897296
2025-07-22,-0.0028068030421890613
2025-07-23,-0.0006553071135872723
2025-07-24,0.009644400654471917
2025-07-25,0.00240112042214757
2025-07-28,0.007576295353349556
2025-07-29,0.007078702266569422
2025-07-30,-0.0011930134751996046
2025-07-31,-0.00309270989506499
2025-08-01,-0.0016636706562912738
2025-08-04,-0.003879157694856345
2025-08-05,-0.010379571382477918
2025-08-06,0.00502162825385672
2025-08-07,-0.003960741770216056
2025-08-08,-0.0024301192098577992
2025-08-11,-0.0006683341742972195
2025-08-12,0.003058015182421484
2025-08-13,0.02292242763845092
2025-08-14,0.0009964915084794516
2025-08-15,9.481863041174363e-05
2025-08-18,0.010227085207006659
2025-08-19,-0.0008566308702909126
2025-08-20,-0.001613804338599938
2025-08-21,-0.006463898489877492
2025-08-22,0.0003407313143361855
2025-08-25,0.005351025165501607
2025-08-26,-0.004661031460062828
2025-08-27,-0.0009245318419200468
2025-08-28,0.01978039409488414
2025-08-29,-0.009963198548490907
2025-09-01,0.006954967327374512
2025-09-02,-0.01548561304394804
2025-09-03,0.00858837123440282
2025-09-04,-0.012941677436527908
2025-09-05,0.016781530742398527
2025-09-08,0.01863773248426656
2025-09-09,-0.0020832337338217797
2025-09-10,0.000967848431627269
2025-09-11,-0.004145031866547684
2025-09-12,-0.014820206984216178
2025-09-15,-0.006210667851468565
2025-09-16,-0.0058314851484966065
2025-09-17,-0.005376583579452029
2025-09-18,0.0020744622779179066
2025-09-19,-0.0024866676756234033
2025-09-22,0.008063960272233345
2025-09-23,0.00816178600775999
2025-09-24,-0.00371488631423403
2025-09-25,0.0010931998290614822
2025-09-26,0.009291619386691085
2025-09-29,0.005466106559860141
2025-09-30,-0.0009392973865217716
2025-10-09,0.0003541302010618974
2025-10-10,-0.013724961721648051
2025-10-13,-0.011545192155746224
2025-10-14,-0.004453197240324575
2025-10-15,-0.04383253566772853
2025-10-16,-0.008655197609901882
2025-10-17,0.009811432739863145
2025-10-20,-0.01898045551987353
2025-10-21,0.004028853411718693
2025-10-22,-0.0003541055980187174
2025-10-23,0.0007277666657383875
2025-10-24,0.007628107814646391
2025-10-27,-0.013191069658412796
2025-10-28,-0.0005484519909207241
2025-10-29,-0.0058273923829757265
2025-10-30,-0.004317491220147904
2025-10-31,-0.002882755744876066
2025-11-03,-0.013410449281885707
2025-11-04,-0.006574845596800635
2025-11-05,-0.0022024732475675463
2025-11-06,0.0023899954657133904
2025-11-07,0.0004783104524726462
2025-11-10,-0.0005587291411892365
2025-11-11,-0.0018715769025585815
2025-11-12,0.001527593623509814
2025-11-13,0.004166057672355971
2025-11-14,-0.0021437191766194115
2025-11-17,-0.012402358170143122
2025-11-18,0.01084595944525616
2025-11-19,0.006066660194577652
2025-11-20,-0.00028224908961366245
2025-11-21,-0.0040363399584394215
2025-11-24,0.007752711566446901
2025-11-25,-0.005994027592717808
2025-11-26,-0.0010668879878353923
2025-11-27,-0.005393527081271994
2025-11-28,0.0012286721484331313
2025-12-01,-0.000186965855725983
2025-12-02,-0.0024797346194632506
2025-12-03,-0.0017239607268748573
2025-12-04,0.00786280108490646
2025-12-05,-0.0013137509296591637
2025-12-08,0.005867929126540151
2025-12-09,-0.004941544937651707
2025-12-10,0.002133181207083523
2025-12-11,0.002924097193281779
2025-12-12,0.0004374728833175341
2025-12-15,-0.011298882416513799
2025-12-16,0.011818824431780575
2025-12-17,0.013437356332084321
2025-12-18,-0.010608921470719656
2025-12-19,0.0038811902669825503
2025-12-22,0.00891773995286234
2025-12-23,-0.003004169296981868
2025-12-24,-0.011934961150312125
2025-12-25,-0.005105893024905364
2025-12-26,-0.004137265775003802
2025-12-29,0.007283711653464024
2025-12-30,0.0030654087630303545
2025-12-31,-0.005866723127896778
2026-01-05,0.010626454621244766
2026-01-06,-0.012018329724193682
2026-01-07,-0.0003597607391125123
2026-01-08,-0.010657690183834796
2026-01-09,0.0011680632751548351
2026-01-12,-0.005813290125026769
2026-01-13,0.009764444240239815
2026-01-14,0.019359270618355753
2026-01-15,-0.002949131804717186
2026-01-16,0.011996693850699201
2026-01-19,-0.018930160583654897
2026-01-20,-0.01104793910326475
2026-01-21,0.002396114864396018
2026-01-22,-0.00989864819323595
2026-01-23,0.007962539172765178
2026-01-26,-0.010203101708988131
2026-01-27,-0.002034197164131314
2026-01-28,0.004749558254408816
2026-01-29,-0.010439592833760369
2026-01-30,0.0002617661192478946
2026-02-02,0.0016080621800333705
2026-02-03,0.00011806624749717727
2026-02-04,0.018393453553993036
2026-02-05,-0.00596948760780688
2026-02-06,-0.012229724133037705
2026-02-09,0.001346118986526335
2026-02-10,0.006081003900982061
2026-02-11,0.012004374517291534
2026-02-12,0.013268251858255078
2026-02-13,-0.0010718509797829207
2026-02-24,-0.012522155827887259
2026-02-25,-0.007175033792762344
2026-02-26,-0.0023361750038401793
2026-02-27,-0.0110245241602537
2026-03-02,0.0013287459196475275
2026-03-03,-0.021721029153283188
2026-03-04,0.0143190220579165
2026-03-05,-0.010356524650366992
2026-03-06,0.01277326800021524
2026-03-09,-0.0002060359351230695
2026-03-10,0.10740166927609139
2026-03-11,0.07344496655247469
2026-03-12,0.0680299430028776
2026-03-13,0.014029560187173176
2026-03-16,-0.06696218775089431
2026-03-17,0.050939261011212184
2026-03-18,-0.01908501388137686
2026-03-19,-0.0024592266625886906
2026-03-20,-0.04010015890467307
2026-03-23,-0.0062910649252335225
2026-03-24,0.05640661837547746
2026-03-25,0.006076392605467742
2026-03-26,-0.03826262077002199
2026-03-27,-0.016282026407311384
2026-03-30,-0.025871174294609098
2026-03-31,-0.019885671481619765
2026-04-01,0.009465653853189877
2026-04-02,-0.0032922951407030297
2026-04-03,0.011104529281144533
2026-04-07,0.004810962172572868
2026-04-08,0.004059949115710261
2026-04-09,-0.015765783009272512
2026-04-10,0.007955636649634409
