date,000768.XSHE
2006-01-06,0.7723444049016741
2006-01-09,0.8091555939551287
2006-01-10,0.8106015374156503
2006-01-11,0.8206441483424001
2006-01-12,0.8763823163326138
2006-01-13,0.8886300202350228
2006-01-16,0.8559988804611918
2006-01-17,0.8538548499489061
2006-01-18,0.797718395689972
2006-01-19,0.7659100025678613
2006-01-20,0.767106249229787
2006-01-23,0.753744808266853
2006-01-24,0.7405646051747133
2006-01-25,0.8010921849650186
2006-02-06,0.7406156311450367
2006-02-07,0.7620687133844322
2006-02-08,0.7758860883043094
2006-02-09,0.760849496597449
2006-02-10,0.8007558602654509
2006-02-13,0.7997313697282445
2006-02-14,0.830128255214348
2006-02-15,0.8171637770955706
2006-02-16,0.8826307469581327
2006-02-17,0.8824109809839661
2006-02-20,0.8777538792095303
2006-02-21,0.8133971677809253
2006-02-22,0.8170328904604358
2006-02-23,0.8196540335013918
2006-02-24,0.8317353755982113
2006-02-27,0.8436232291863078
2006-02-28,0.8117520438444094
2006-03-01,0.8228654363168698
2006-03-02,0.7557813546632552
2006-03-03,0.7636369980513555
2006-03-06,0.7655589130380008
2006-03-07,0.8657683454190868
2006-03-08,0.8630726789167623
2006-03-09,0.8805047044962987
2006-03-10,0.849972469563463
2006-03-13,0.8287798251433838
2006-03-14,0.828476698549898
2006-03-15,0.8089573136204565
2006-03-16,0.8088123637035478
2006-03-17,0.8064642966443357
2006-03-20,0.7749107688020617
2006-03-21,0.7734775591768254
2006-03-22,0.7659856049328709
2006-03-23,0.7659385649252852
2006-03-24,0.7593967283434202
2006-03-27,0.7578166401980319
2006-03-28,0.7408873685955534
2006-03-29,0.728466292784834
2006-03-30,0.714318412488496
2006-03-31,0.7095442216291042
2006-04-03,0.6615718310585545
2006-04-04,0.6488229223982726
2006-04-05,0.6345053465346724
2006-04-06,0.6333065615181624
2006-04-07,0.6333306564748399
2006-04-10,0.9200007452360046
2006-04-11,1.0192588992284672
2006-04-12,0.9239421417111044
2006-04-13,1.1107613852889284
2006-04-14,1.1446747506630879
2006-04-17,1.1760140790094347
2006-04-18,1.1664631905521137
2006-04-19,1.1566107834643418
2006-04-20,1.153586630383423
2006-04-21,1.1104266431530116
2006-04-24,1.1023017619159887
2006-04-25,1.1020105726338332
2006-04-26,1.0655455757765473
2006-04-27,1.0656418924242765
2006-04-28,1.0127212151571598
2006-05-08,0.7425302702957532
2006-05-09,2.373221707532559
2006-05-10,2.300337973324422
2006-05-11,2.298129153807721
2006-05-12,1.988327325040353
2006-05-15,2.054952287255252
2006-05-16,2.043626372310511
2006-05-17,2.038399915336124
2006-05-18,2.049097140908056
2006-05-19,2.1794812041613247
2006-05-22,2.179677705698654
2006-05-23,2.226153684138284
2006-05-24,2.2713390308192105
2006-05-25,2.271173922366942
2006-05-26,2.2607380467053795
2006-05-29,2.247495895464482
2006-05-30,2.3093008581543164
2006-05-31,2.179009379446483
2006-06-01,2.275425626862162
2006-06-02,2.2209382382746634
2006-06-05,2.145767366349159
2006-06-06,2.134358787787612
2006-06-07,2.051378080402351
2006-06-08,2.0407146378708934
2006-06-09,1.958009292820278
2006-06-12,1.9461282144874064
2006-06-13,1.9465827198909276
2006-06-14,1.831478676295346
2006-06-15,1.8316254217262198
2006-06-16,1.7860798835863492
2006-06-19,1.7957261885513636
2006-06-20,1.8008639769321937
2006-06-21,1.802639855176717
2006-06-22,1.8085712066281532
2006-06-23,1.8193946264443883
2006-06-26,1.789403880038051
2006-06-27,1.7855717042642942
2006-06-28,1.785487201297557
2006-06-29,1.7061874816094034
2006-06-30,1.7141936300932021
2006-07-03,1.718609674410239
2006-07-04,1.7141851973690205
2006-07-05,1.695078307634106
2006-07-06,1.8020294273849617
2006-07-07,1.7635682678946052
2006-07-10,1.7634149868435272
2006-07-11,1.7947018178199607
2006-07-12,1.793759763089811
2006-07-13,1.8350231915566537
2006-07-14,1.8268185676177604
2006-07-17,1.8546245511763833
2006-07-18,1.8544072265782254
2006-07-19,1.917923249881697
2006-07-20,1.9129484142905793
2006-07-21,1.890569573392953
2006-07-24,1.890480342873908
2006-07-25,1.9025809954959694
2006-07-26,1.9101946820780704
2006-07-27,1.9332292892353065
2006-07-28,1.9469876889074773
2006-07-31,1.8983772579374452
2006-08-01,1.8843397586225754
2006-08-02,1.883398407821627
2006-08-03,1.8750475624158047
2006-08-04,1.9905799586090078
2006-08-07,1.9693910313849805
2006-08-08,1.9401106677428142
2006-08-09,1.9378074863102919
2006-08-10,1.9160336880547473
2006-08-11,1.9119957891909702
2006-08-14,1.9596628929037416
2006-08-15,1.9633383617438007
2006-08-16,1.9803103440997858
2006-08-17,1.9392085203958653
2006-08-18,1.9383913997083175
2006-08-21,1.9401130784639573
2006-08-22,1.9443088709221599
2006-08-23,1.944263012119573
2006-08-24,1.948241057860527
2006-08-25,1.951371176432013
2006-08-28,1.9001521323169484
2006-08-29,1.892923112816986
2006-08-30,1.8941715138831545
2006-08-31,1.8872338985586063
2006-09-01,1.9230592236692712
2006-09-04,2.022029226908453
2006-09-05,2.034448926083619
2006-09-06,2.031069026858314
2006-09-07,2.0148664897186275
2006-09-08,2.0246941177173783
2006-09-11,2.030804249255663
2006-09-12,1.992926710189523
2006-09-13,2.0203326765375476
2006-09-14,2.0193774589819373
2006-09-15,2.0058107324906436
2006-09-18,1.9838977189806588
2006-09-19,1.9764312736097762
2006-09-20,1.974420191664568
2006-09-21,1.9485266294711017
2006-09-22,1.851880762806487
2006-09-25,1.8510836346477404
2006-09-26,1.824399368471636
2006-09-27,1.8009350376211726
2006-09-28,1.7691961664437865
2006-09-29,1.7373353928832
2006-10-09,1.6188435926097824
2006-10-10,1.618754817690132
2006-10-11,1.618348289041468
2006-10-12,1.609220391921802
2006-10-13,1.6073758334129733
2006-10-16,1.46344710854532
2006-10-17,1.4898378350847759
2006-10-18,1.5387548372056394
2006-10-19,1.5365435737755226
2006-10-20,1.5365362022360738
2006-10-23,1.6885709524949466
2006-10-24,1.6701072218542619
2006-10-25,1.6599141565229323
2006-10-26,1.639878057509366
2006-10-27,1.572108804739664
2006-10-30,1.5587803884961564
2006-10-31,1.6677776639780608
2006-11-01,1.6148439474660936
2006-11-02,1.6160079512850474
2006-11-03,1.5983096842878584
2006-11-06,1.566653248368273
2006-11-07,1.5372173194835614
2006-11-08,1.5216981660405848
2006-11-09,1.4785849027818931
2006-11-10,1.4671370192118203
2006-11-13,1.5398577059759262
2006-11-14,1.505511853835061
2006-11-15,1.5230779945738666
2006-11-16,1.5344667495431752
2006-11-17,1.4945503088715424
2006-11-20,1.4651581346021343
2006-11-21,1.4951785282136068
2006-11-22,1.4783068639999322
2006-11-23,1.4835819531413814
2006-11-24,1.4837115095305127
2006-11-27,1.535533521658438
2006-11-28,1.543558984063538
2006-11-29,1.5277041245495444
2006-11-30,1.3843599205546573
2006-12-01,1.4197023124619144
2006-12-04,1.3221061425946996
2006-12-05,1.2975098663339242
2006-12-06,1.362114863812512
2006-12-07,1.3654317610167934
2006-12-08,1.267947280813532
2006-12-11,1.218204571451615
2006-12-12,1.2076460926562658
2006-12-13,1.2074831187026647
2006-12-14,1.2219146981648252
2006-12-15,1.2401580756169135
2006-12-18,1.1695437484300337
2006-12-19,1.1676217109059315
2006-12-20,1.2165372943030044
2006-12-21,1.249863791849718
2006-12-22,1.2594760892623382
2006-12-25,1.2755601765385096
2006-12-26,1.2778999259013724
2006-12-27,1.2347662280101328
2006-12-28,1.2437970045150213
2006-12-29,1.0946044562918842
2007-01-04,1.1183284962256574
2007-01-05,1.1254527798783984
2007-01-08,1.249455023834548
2007-01-09,1.2065066134064606
2007-01-10,1.202524760278696
2007-01-11,1.2187959785642937
2007-01-12,1.1301948003433924
2007-01-15,1.268336450598905
2007-01-16,1.3813710988527008
2007-01-17,1.3352009943358398
2007-01-18,1.3358939411552413
2007-01-19,1.3543083383511145
2007-01-22,1.2272295828829072
2007-01-23,1.2126142108825853
2007-01-24,1.206719632054725
2007-01-25,1.2855373306636562
2007-01-26,1.2591605031871842
2007-01-29,1.2167895382727614
2007-01-30,1.1768590020229175
2007-01-31,1.2337381108366037
2007-02-01,1.23185112986626
2007-02-02,1.1545814415174394
2007-02-05,1.1010220262157162
2007-02-06,1.1378838373205005
2007-02-07,1.1918959638476951
2007-02-08,1.159222730857286
2007-02-09,1.133461997913362
2007-02-12,0.9767537624349003
2007-02-13,0.9469353585754591
2007-02-14,0.9291801442663956
2007-02-15,0.962068895555252
2007-02-16,0.9609896784887816
2007-02-26,0.9639609486882998
2007-02-27,0.8833844071822777
2007-02-28,0.9595691178036191
2007-03-01,0.8821815435722263
2007-03-02,0.8709745068904354
2007-03-05,0.885439852993511
2007-03-06,0.8593154178869908
2007-03-07,0.8461451337334458
2007-03-08,0.8307176557814709
2007-03-09,0.8272137099068879
2007-03-12,0.8268279454950643
2007-03-13,0.8312171387588572
2007-03-14,0.8042459335363192
2007-03-15,0.7978747895714716
2007-03-16,0.8154403774434944
2007-03-19,0.8773669822856303
2007-03-20,0.8752795668778798
2007-03-21,0.8671716501996287
2007-03-22,0.8671005015566245
2007-03-23,0.8668423944640988
2007-03-26,0.8558081985225179
2007-03-27,0.8570018898574515
2007-03-28,0.8501734303422843
2007-03-29,0.8602332151550096
2007-03-30,0.859985415716612
2007-04-02,0.8543531394031982
2007-04-03,0.8560095819404474
2007-04-04,0.8614852886742155
2007-04-05,0.8492644723782196
2007-04-06,0.838075926378477
2007-04-09,0.8678123496420853
2007-04-10,0.8847926192361357
2007-04-11,0.8677948683272299
2007-04-12,0.9019342175741863
2007-04-13,0.878540478370025
2007-04-16,0.8379259856221614
2007-04-17,0.8307611434667266
2007-04-18,0.8474497322515694
2007-04-19,0.7115867651698875
2007-04-20,0.7731772542827332
2007-04-23,0.7137032676821755
2007-04-24,0.7140911554709232
2007-04-25,0.7168283173210986
2007-04-26,0.7313899006077608
2007-04-27,0.7307226969249183
2007-04-30,0.6897399895024645
2007-05-08,0.7967643634808067
2007-05-09,0.7978813349338958
2007-05-10,0.7917982703754617
2007-05-11,0.8018360216241935
2007-05-14,0.8080290097125551
2007-05-15,0.7194962413429743
2007-05-16,0.6954924419510333
2007-05-17,0.7041857456018568
2007-05-18,0.7042123701381362
2007-05-21,0.697122065467114
2007-05-22,0.6943101909736802
2007-05-23,0.6833970573726323
2007-05-24,0.6823671332906465
2007-05-25,0.6727002481783986
2007-05-28,0.6561375899595101
2007-05-29,0.6372841144660444
2007-05-30,0.5130929876028197
2007-05-31,0.5101285600676906
2007-06-01,0.48973166051662637
2007-06-04,0.3936263334567885
2007-06-05,0.37493976108797383
2007-06-06,0.37227396470538904
2007-06-07,0.35643818449374676
2007-06-08,0.35509669153478246
2007-06-11,0.34689358323967723
2007-06-12,0.3377977057962811
2007-06-13,0.3327411281905423
2007-06-14,0.3320418043924381
2007-06-15,0.3316297943059759
2007-06-18,0.31867944797644177
2007-06-19,0.31817109176596736
2007-06-20,0.31180734987219333
2007-06-21,0.31026764015887137
2007-06-22,0.2978613752736404
2007-06-25,0.2803148622728147
2007-06-26,0.27799424190940525
2007-06-27,0.269305707969186
2007-06-28,0.25299041396907074
2007-06-29,0.24913525520151733
2007-07-02,0.24929069853869842
2007-07-03,0.2451516703053154
2007-07-04,0.24164638752241488
2007-07-05,0.22082043816403535
2007-07-06,0.20287045559581562
2007-07-09,0.19620178225956933
2007-07-10,0.19605326955222888
2007-07-11,0.19580704904340387
2007-07-12,0.19526104789712306
2007-07-13,0.19508002290081602
2007-07-16,0.29733121149331165
2007-07-17,0.24931763520817365
2007-07-18,0.24096479905794516
2007-07-19,0.24002629446642507
2007-07-20,0.28222727981927836
2007-07-23,0.34949958404952347
2007-07-24,0.35042176650719237
2007-07-25,0.3467607627268849
2007-07-26,0.3615663359971936
2007-07-27,0.3609537074242784
2007-07-30,0.35737600348935006
2007-07-31,0.35564206788102387
2007-08-01,0.4581318697069078
2007-08-02,0.4353395796382784
2007-08-03,0.42706754472299585
2007-08-06,0.41684883955599983
2007-08-07,0.42182930482452985
2007-08-08,0.43542348279428605
2007-08-09,0.42810755578097437
2007-08-10,0.4421098965988849
2007-08-13,0.4443980466623044
2007-08-14,0.4549611514488658
2007-08-15,0.45569370217329375
2007-08-16,0.4447921538395432
2007-08-17,0.4435170472624028
2007-08-20,0.49309499117051553
2007-08-21,0.49103727755410287
2007-08-22,0.48960074132566067
2007-08-23,0.5133058308401058
2007-08-24,0.5227329164874533
2007-08-27,0.528214821697877
2007-08-28,0.5285916434216571
2007-08-29,0.5116063962205272
2007-08-30,0.5090486496196216
2007-08-31,0.49491165881147925
2007-09-03,0.4886160952613455
2007-09-04,0.5085845558208733
2007-09-05,0.5081809321347154
2007-09-06,0.5086180463646842
2007-09-07,0.4600144132081589
2007-09-10,0.48799610175225777
2007-09-11,0.637784506849357
2007-09-12,0.6239303495326977
2007-09-13,0.6298093615778672
2007-09-14,0.6286207709713445
2007-09-17,0.6547008458820209
2007-09-18,0.658628873228726
2007-09-19,0.6724691471507664
2007-09-20,0.668162813786254
2007-09-21,0.6573679204768341
2007-09-24,0.684839599874079
2007-09-25,0.6741221938935399
2007-09-26,0.6979934814860737
2007-09-27,0.7432766283326561
2007-09-28,0.78974244365405
2007-10-08,0.7781651793474851
2007-10-09,0.7828805915875953
2007-10-10,0.7832340584419308
2007-10-11,0.7560345694229241
2007-10-12,0.7455498449754077
2007-10-15,0.7806460200711944
2007-10-16,0.767438147595927
2007-10-17,0.7773743200844688
2007-10-18,0.8554855232347742
2007-10-19,0.8554733549507474
2007-10-22,0.8447391419821736
2007-10-23,0.8140414540354322
2007-10-24,0.8080288342164973
2007-10-25,0.9523787074163729
2007-10-26,0.9491568679953024
2007-10-29,0.9087397374912984
2007-10-30,0.912337081925645
2007-10-31,0.9604258303204618
2007-11-01,0.9765648501115523
2007-11-02,0.9970145034633215
2007-11-05,0.9226556546658412
2007-11-06,0.9268449662144019
2007-11-07,0.9216617105159296
2007-11-08,0.9268944465101631
2007-11-09,0.9345434344471027
2007-11-12,0.972021125678231
2007-11-13,0.9665075361009066
2007-11-14,0.9786160112886584
2007-11-15,0.9955577830742832
2007-11-16,0.9415227836029625
2007-11-19,0.9333923169712527
2007-11-20,0.9225161925651973
2007-11-21,0.9277667674535204
2007-11-22,0.7595629171390413
2007-11-23,0.7489601367905722
2007-11-26,0.7149705425516821
2007-11-27,0.713950262067962
2007-11-28,0.7412205240663721
2007-11-29,0.765633853244288
2007-11-30,0.6977065760525121
2007-12-03,0.695413626408662
2007-12-04,0.6758191243314822
2007-12-05,0.6667394827986882
2007-12-06,0.6668088670813407
2007-12-07,0.6532088962354172
2007-12-10,0.6543186140201049
2007-12-11,0.6547686405189028
2007-12-12,0.6594126236354223
2007-12-13,0.7088228280502523
2007-12-14,0.7104673284198532
2007-12-17,0.7145589789860153
2007-12-18,0.7143049284477262
2007-12-19,0.7179293851123053
2007-12-20,0.7251827835378737
2007-12-21,0.7267642370465549
2007-12-24,0.7375378865783502
2007-12-25,0.7401101388660944
2007-12-26,0.7506623785032156
2007-12-27,0.7197654431420938
2007-12-28,0.7179983500698637
2008-01-02,0.7408826941708017
2008-01-03,0.7550210899141834
2008-01-04,0.7524298746654727
2008-01-07,0.7445536520105637
2008-01-08,0.734915457691664
2008-01-09,0.7248726296590808
2008-01-10,0.7137867208412343
2008-01-11,0.7055222004193984
2008-01-14,0.7028319808754346
2008-01-15,0.6957774793104134
2008-01-16,0.6795549214032665
2008-01-17,0.7645372270282045
2008-01-18,0.7857692030389436
2008-01-21,0.6833500802602366
2008-01-22,0.7132085862809237
2008-01-23,0.7342466700445408
2008-01-24,0.7612824600457951
2008-01-25,0.7477657639814441
2008-01-28,0.6346993141867651
2008-01-29,0.6407431115101113
2008-01-30,0.642324825290399
2008-01-31,0.7040722274188941
2008-02-01,0.7307372964562715
2008-02-04,0.7929061786482001
2008-02-05,0.7957257300303301
2008-02-13,0.7976579365612254
2008-02-14,0.7963352160692949
2008-02-15,0.8057983304464623
2008-02-18,0.8181696433609831
2008-02-19,0.8397402768226877
2008-02-20,0.841782650216501
2008-02-21,0.8344306315638947
2008-02-22,0.8499998925209187
2008-02-25,0.8613756408102486
2008-02-26,0.8617663339308548
2008-02-27,0.861224519093622
2008-02-28,0.8627484493918056
2008-02-29,0.8655646194038531
2008-03-03,0.8812856956025495
2008-03-04,0.8468291063281134
2008-03-05,0.8402145255136532
2008-03-06,0.8477656864100478
2008-03-07,0.8614200872580315
2008-03-10,0.8212111308374362
2008-03-11,0.8218156860052079
2008-03-12,0.8223569202309681
2008-03-13,0.8701563493176542
2008-03-14,0.8708207884905923
2008-03-17,0.9633920572339463
2008-03-18,1.0446735962054365
2008-03-19,1.0568968631090423
2008-03-20,1.062764533115245
2008-03-21,1.061381704882876
2008-03-24,1.0902912750052336
2008-03-25,1.0885477159342387
2008-03-26,1.0877946925946362
2008-03-27,1.1235849769187767
2008-03-28,1.0884849224274527
2008-03-31,1.148204943879402
2008-04-01,1.2025767410704942
2008-04-02,1.199594112958689
2008-04-03,1.1388651074916856
2008-04-07,1.163718491766231
2008-04-08,1.1658163215704809
2008-04-09,1.2021511320940363
2008-04-10,1.1908688522050892
2008-04-11,1.1978857130272913
2008-04-14,1.1889915593776408
2008-04-15,1.1993763345681838
2008-04-16,1.2048090121334536
2008-04-17,1.1898525580605812
2008-04-18,1.1677089297937198
2008-04-21,1.1673758992681837
2008-04-22,1.1457116322826335
2008-04-23,1.1384911576462227
2008-04-24,1.1278306300663423
2008-04-25,1.1336910359742907
2008-04-28,1.1378111022992468
2008-04-29,1.1372756946305649
2008-04-30,1.1428793929223906
2008-05-05,1.166446708751387
2008-05-06,1.171915918914765
2008-05-07,1.0928501863498685
2008-05-08,1.10026593217202
2008-05-09,1.1045200810636557
2008-05-12,1.1115841469101513
2008-05-13,1.1291545383820585
2008-05-14,1.1067034495860022
2008-05-15,1.1070785309905287
2008-05-16,1.1086491918804258
2008-05-19,1.1065409232673995
2008-05-20,1.0814018691394247
2008-05-21,1.0658714272576861
2008-05-22,1.0818851010191481
2008-05-23,1.0843369951754678
2008-05-26,1.0315246890603775
2008-05-27,1.0348914392972863
2008-05-28,1.0146549941537997
2008-05-29,1.0010597045554088
2008-05-30,1.005109380139808
2008-06-02,1.0046993411591034
2008-06-03,1.0036472674093244
2008-06-04,0.9825912786195211
2008-06-05,0.9813775925513246
2008-06-06,0.9898841762241943
2008-06-10,1.0282939401240236
2008-06-11,1.0355922293946624
2008-06-12,1.0345619800471297
2008-06-13,1.028641536593762
2008-06-16,1.0370361392994036
2008-06-17,1.0004494010340719
2008-06-18,0.9884728376408544
2008-06-19,1.0311400482350257
2008-06-20,1.0010278493031446
2008-06-23,1.0036158093472332
2008-06-24,1.0058564836410695
2008-06-25,1.0256106037010109
2008-06-26,1.029528865674079
2008-06-27,1.0453639670323216
2008-06-30,1.0336932879440563
2008-07-01,1.0354313837373204
2008-07-02,1.036437291571644
2008-07-03,1.04273880592639
2008-07-04,1.0405166527534049
2008-07-07,1.0252706790604837
2008-07-08,1.026154925547676
2008-07-09,1.0025219991543317
2008-07-10,1.0022539615872792
2008-07-11,1.0028710855094687
2008-07-14,1.0013728164657796
2008-07-15,0.9884347149753809
2008-07-16,1.0108132819152948
2008-07-17,1.0075870186442875
2008-07-18,1.0113643595171868
2008-07-21,1.0247317847434556
2008-07-22,1.0249039859606608
2008-07-23,1.0251158892973211
2008-07-24,1.0110299854883895
2008-07-25,1.0088118799492218
2008-07-28,1.0102022104049266
2008-07-29,1.016356973535543
2008-07-30,1.0146805421211935
2008-07-31,1.0284330946496518
2008-08-01,1.0342767419518388
2008-08-04,1.0422540683204415
2008-08-05,1.0113725334977064
2008-08-06,1.0195369479984777
2008-08-07,1.0196211002270825
2008-08-08,1.073025019981015
2008-08-11,1.1291599529659955
2008-08-12,1.129217779671792
2008-08-13,1.1286914161987855
2008-08-14,1.1289020320687517
2008-08-15,1.1276068805201396
2008-08-18,1.1231570611627166
2008-08-19,1.1252520333864788
2008-08-20,1.1333252113022716
2008-08-21,1.1272250707778966
2008-08-22,1.1305170983803827
2008-08-25,1.130608994530669
2008-08-26,1.1472255893884127
2008-08-27,1.1472900441420824
2008-08-28,1.144659685587021
2008-08-29,1.1454016111954597
2008-09-01,1.1479215542542123
2008-09-02,1.1439948965793065
2008-09-03,1.1277592905638474
2008-09-04,1.1271534983387437
2008-09-05,1.1386227742652948
2008-09-08,1.1580897524587257
2008-09-09,1.1588510710618078
2008-09-10,1.1591676747003794
2008-09-11,1.1498414506383547
2008-09-12,1.1508120042694583
2008-09-16,1.1175858389058893
2008-09-17,1.0734952942849338
2008-09-18,1.0544936212916196
2008-09-19,1.0571917270470084
2008-09-22,1.1010437886988473
2008-09-23,1.1129196527156324
2008-09-24,1.1105742149434574
2008-09-25,1.0720106023175593
2008-09-26,1.0644944892326083
2008-10-06,1.0689085506555114
2008-10-07,1.0718504446139814
2008-10-08,1.0354902328927285
2008-10-09,1.0304990706022183
2008-10-10,0.9890397059574285
2008-10-13,0.9485997720773918
2008-10-14,0.9359008816125273
2008-10-15,0.9340797049696344
2008-10-16,0.9123267119035842
2008-10-17,0.9155622779696565
2008-10-20,0.9209934674827914
2008-10-21,0.9244421798385883
2008-10-22,0.9463174638358274
2008-10-23,0.9466839718406066
2008-10-24,0.9481509312697286
2008-10-27,0.9951472292991849
2008-10-28,0.9848517856453555
2008-10-29,0.9925171997464185
2008-10-30,0.9884968769558923
2008-10-31,0.9765470114712695
2008-11-03,0.9773831685661002
2008-11-04,0.9972944296390933
2008-11-05,0.9983932956542118
2008-11-06,0.9680261976781835
2008-11-07,0.9573930861965414
2008-11-10,0.9737490891384691
2008-11-11,0.9779440530993126
2008-11-12,0.9810468187279797
2008-11-13,0.975024924174975
2008-11-14,0.9923529378503406
2008-11-17,1.0040621125129405
2008-11-18,1.039536328014112
2008-11-19,1.0570351363498685
2008-11-20,1.04825468692417
2008-11-21,1.047711266936976
2008-11-24,1.0122389563827612
2008-11-25,1.0122395052051232
2008-11-26,1.0115834353756603
2008-11-27,1.0057311547017342
2008-11-28,1.0268625041794888
2008-12-01,1.0284556995221112
2008-12-02,1.0289028574783288
2008-12-03,1.0381768952709534
2008-12-04,1.042696697643208
2008-12-05,1.0388181354636286
2008-12-08,1.033578240999917
2008-12-09,1.0445574927140646
2008-12-10,1.0418972788334393
2008-12-11,1.043628470397157
2008-12-12,1.0433601533777563
2008-12-15,1.0433955095737555
2008-12-16,1.0433862133633476
2008-12-17,1.0455344244407274
2008-12-18,1.0634120462387757
2008-12-19,1.0613496670450333
2008-12-22,1.049602506567496
2008-12-23,1.0189860881107495
2008-12-24,1.0035588434173164
2008-12-25,1.012673130831376
2008-12-26,1.0107748822592495
2008-12-29,1.0073491307196851
2008-12-30,1.0083443303510053
2008-12-31,1.0129720994782772
2009-01-05,1.02639244725498
2009-01-06,1.0535420199712584
2009-01-07,1.0503272957285226
2009-01-08,1.022254792109651
2009-01-09,1.0164978940696983
2009-01-12,1.0164979854202374
2009-01-13,1.0340008959639513
2009-01-14,1.0347868329995955
2009-01-15,1.0348246932847396
2009-01-16,1.0364928241628921
2009-01-19,1.027402522049769
2009-01-20,1.0311145504527877
2009-01-21,1.0300800452243124
2009-01-22,1.0350045355664228
2009-01-23,1.0374560295244375
2009-02-02,1.059559649566425
2009-02-03,1.0386293707789216
2009-02-04,1.016219645820107
2009-02-05,1.0209860518534042
2009-02-06,1.0000643734202388
2009-02-09,0.9993782036387812
2009-02-10,0.99035444362945
2009-02-11,0.99107824614072
2009-02-12,0.9721164186844473
2009-02-13,1.0252031364472314
2009-02-16,0.9905201334866321
2009-02-17,1.0150574727011445
2009-02-18,0.9498428683866015
2009-02-19,0.9768453078234262
2009-02-20,0.9596735922689086
2009-02-23,0.9867066077377407
2009-02-24,0.9134994341785418
2009-02-25,0.9121954008594174
2009-02-26,0.8495745942911899
2009-02-27,0.9035245300548704
2009-03-02,0.9136507978852076
2009-03-03,0.8801718443221733
2009-03-04,0.8888380039684303
2009-03-05,0.8904453949909211
2009-03-06,0.89950310261226
2009-03-09,0.9551424341822138
2009-03-10,0.9508303088594801
2009-03-11,0.9601465987315582
2009-03-12,0.9575705270401379
2009-03-13,0.9615272173540407
2009-03-16,0.9662925392948478
2009-03-17,0.9802755208026176
2009-03-18,0.9791916648574066
2009-03-19,0.972624933068603
2009-03-20,0.9736816380067445
2009-03-23,0.974262928921794
2009-03-24,0.9810636812736045
2009-03-25,1.00245534012213
2009-03-26,0.9784240642970005
2009-03-27,0.9776824919825308
2009-03-30,0.9753862178526738
2009-03-31,0.9675837943632081
2009-04-01,0.9670790068229747
2009-04-02,0.9839417871131392
2009-04-03,0.9786003320101837
2009-04-07,0.9781407482565367
2009-04-08,0.9885586497888189
2009-04-09,0.9927674421733474
2009-04-10,0.9753922382305242
2009-04-13,0.9750431895554404
2009-04-14,0.9753792168044318
2009-04-15,0.9743789424831704
2009-04-16,0.9752006739580598
2009-04-17,0.9905021919274735
2009-04-20,0.9887832586640046
2009-04-21,0.9925536155726505
2009-04-22,0.9408969960160645
2009-04-23,0.9299077238131274
2009-04-24,0.9462401161622923
2009-04-27,0.9902372991251794
2009-04-28,0.9907138082398935
2009-04-29,0.9834568627210913
2009-04-30,0.9860795141644778
2009-05-04,0.9792399224446111
2009-05-05,0.9833237906382218
2009-05-06,0.9749126130231486
2009-05-07,0.9748810959171021
2009-05-08,0.9621128415597238
2009-05-11,0.9414614789278681
2009-05-12,1.0162910374928773
2009-05-13,1.0143341730351605
2009-05-14,0.9987175774584685
2009-05-15,0.9979837518771123
2009-05-18,0.9945205929663476
2009-05-19,0.9835131003730673
2009-05-20,0.9831088956328945
2009-05-21,0.9440628632694176
2009-05-22,0.9443343770210935
2009-05-25,0.9414750609130704
2009-05-26,0.9215455711519295
2009-05-27,0.9064922534511822
2009-06-01,0.8765424003902268
2009-06-02,0.8791912458086963
2009-06-03,0.8321708910515149
2009-06-04,0.8292358113295728
2009-06-05,0.8313056873154767
2009-06-08,0.8297754569883866
2009-06-09,0.8367563275597409
2009-06-10,0.826395226161051
2009-06-11,0.8346260372405212
2009-06-12,0.8520223554571293
2009-06-15,0.8592973181335004
2009-06-16,0.8599654053969764
2009-06-17,0.8450590518678325
2009-06-18,0.8319499547991384
2009-06-19,0.8270854496426181
2009-06-22,0.8261569734564674
2009-06-23,0.8263348986260975
2009-06-24,0.8270565899650051
2009-06-25,0.8272897140101494
2009-06-26,0.8256411972657607
2009-06-29,0.8042051857121301
2009-06-30,0.8030388159153176
2009-07-01,0.7741752022130081
2009-07-02,0.8005155267953865
2009-07-03,0.7791716284553102
2009-07-06,0.768856897242938
2009-07-07,0.7617648117481964
2009-07-08,0.7731961447738692
2009-07-09,0.8503082037896451
2009-07-10,0.8512646856110757
2009-07-13,0.8364321902439348
2009-07-14,0.8078472083709096
2009-07-15,0.8295912817864581
2009-07-16,0.8286770030087983
2009-07-17,0.8183637289235058
2009-07-20,0.8181153115477791
2009-07-21,0.8413423737447903
2009-07-22,0.8434412791542213
2009-07-23,0.8631919329974899
2009-07-24,0.8558241852803763
2009-07-27,0.9298909832701533
2009-07-28,0.9347535450357259
2009-07-29,1.0074539614916294
2009-07-30,1.1125694681015748
2009-07-31,1.0756581140027335
2009-08-03,1.0708719348115945
2009-08-04,1.0737579572165596
2009-08-05,1.025338725595654
2009-08-06,1.0129967143045138
2009-08-07,1.0711620947811662
2009-08-10,1.0659326158722895
2009-08-11,1.0654165692993214
2009-08-12,1.1059880992742985
2009-08-13,1.1144916561802836
2009-08-14,1.0605272188141557
2009-08-17,1.0808248123189084
2009-08-18,1.0895812910774154
2009-08-19,1.0817706291601847
2009-08-20,1.1066565440994152
2009-08-21,1.1112089972250483
2009-08-24,1.1405713558434611
2009-08-25,1.057142828009565
2009-08-26,1.1102432743596005
2009-08-27,1.117706936169988
2009-08-28,1.0639567863391526
2009-08-31,0.9398406657647306
2009-09-01,0.9224496451133326
2009-09-02,0.9064886789366773
2009-09-03,0.8908167297284705
2009-09-04,0.8978971346031203
2009-09-07,0.894037303543437
2009-09-08,0.9080042428002059
2009-09-09,0.907525022423272
2009-09-10,0.9164979454958295
2009-09-11,0.898536373286908
2009-09-14,0.9081971438205567
2009-09-15,0.9078338520441838
2009-09-16,0.9182114821161524
2009-09-17,0.9255748774929626
2009-09-18,0.8924937313583436
2009-09-21,0.8918130299086436
2009-09-22,0.9191244271587256
2009-09-23,0.9617598368657959
2009-09-24,0.9514768591599242
2009-09-25,0.9507984866976628
2009-09-28,0.9984349225424252
2009-09-29,0.997784358870709
2009-09-30,0.9742586908962746
2009-10-09,0.9479268329445403
2009-10-12,0.9458942890240889
2009-10-13,0.942981359843907
2009-10-14,0.9440541037046466
2009-10-15,0.9420681500161956
2009-10-16,0.9419013445946846
2009-10-19,0.9291006686493379
2009-10-20,0.9586163561542808
2009-10-21,0.9604790545458992
2009-10-22,0.9589458389063176
2009-10-23,0.9449971065730994
2009-10-26,0.9452977027240994
2009-10-27,0.9663316615583459
2009-10-28,0.9660659896778576
2009-10-29,0.9721298313245271
2009-10-30,0.9808550710030021
2009-11-02,0.9304339394558043
2009-11-03,0.9238922538588886
2009-11-04,0.9228483101991101
2009-11-05,0.9225242170539967
2009-11-06,0.9208717692996954
2009-11-09,0.9204449695795647
2009-11-10,0.9201616563518923
2009-11-11,0.9198324395524855
2009-11-12,0.9200040987126812
2009-11-13,0.9187811603886604
2009-11-16,0.8752038282903155
2009-11-17,0.8751759952818015
2009-11-18,0.8756723237204831
2009-11-19,0.8752956338232217
2009-11-20,0.8744020668205094
2009-11-23,0.8701648512801882
2009-11-24,0.8187953816527018
2009-11-25,0.7955799272268564
2009-11-26,0.7292455943911715
2009-11-27,0.6963318186721983
2009-11-30,0.6468261318543895
2009-12-01,0.6404639778841711
2009-12-02,0.6374824475292789
2009-12-03,0.6373554169472796
2009-12-04,0.630895481433957
2009-12-07,0.629458968582036
2009-12-08,0.6241512772429036
2009-12-09,0.6115263167991392
2009-12-10,0.6408146119595901
2009-12-11,0.6333527246438723
2009-12-14,0.6347313948056829
2009-12-15,0.6423525032143897
2009-12-16,0.6538480072480031
2009-12-17,0.5726070120558017
2009-12-18,0.6233577629682443
2009-12-21,0.621936198354861
2009-12-22,0.5971728331021423
2009-12-23,0.5961062993470431
2009-12-24,0.5974584175392865
2009-12-25,0.5927068076670651
2009-12-28,0.5860328282030541
2009-12-29,0.5770479024928602
2009-12-30,0.5758939322197579
2009-12-31,0.5741691991937166
2010-01-04,0.5661174527853813
2010-01-05,0.5644110265264463
2010-01-06,0.5558854213452717
2010-01-07,0.5821884812833633
2010-01-08,0.5811659764625089
2010-01-11,0.5812495339328536
2010-01-12,0.5863271655359865
2010-01-13,0.5727601314335697
2010-01-14,0.5743393117503334
2010-01-15,0.5735797516004939
2010-01-18,0.5799503605593453
2010-01-19,0.5790501632784267
2010-01-20,0.626647719567232
2010-01-21,0.6246414308615927
2010-01-22,0.6497805481950987
2010-01-25,0.6446316030412853
2010-01-26,0.7083180867265777
2010-01-27,0.6870187051103701
2010-01-28,0.6867564340430543
2010-01-29,0.6860484790084419
2010-02-01,0.6747042573956517
2010-02-02,0.6780600567050695
2010-02-03,0.6600178776651467
2010-02-04,0.6616731279326384
2010-02-05,0.6815393396466725
2010-02-08,0.6822443106163246
2010-02-09,0.6817802528695723
2010-02-10,0.7032838504189184
2010-02-11,0.7021750997892531
2010-02-12,0.7082653465085496
2010-02-22,0.7052852656395215
2010-02-23,0.6971732119222935
2010-02-24,0.6967341861332451
2010-02-25,0.6950373638984696
2010-02-26,0.6702383556395333
2010-03-01,0.6613446698243101
2010-03-02,0.6594446980463206
2010-03-03,0.6596403015846682
2010-03-04,0.6969007801795228
2010-03-05,0.6915089862101027
2010-03-08,0.6902995510026744
2010-03-09,0.6842000790176302
2010-03-10,0.689447399134289
2010-03-11,0.6903023359509124
2010-03-12,0.6813428285048638
2010-03-15,0.6889605595639983
2010-03-16,0.6883148547649013
2010-03-17,0.7296132220134032
2010-03-18,0.730021381077535
2010-03-19,0.7286565214026005
2010-03-22,0.7274335809952048
2010-03-23,0.7392673432420298
2010-03-24,0.7391532533232686
2010-03-25,0.74061632116222
2010-03-26,0.7334315725575152
2010-03-29,0.7373852847186979
2010-03-30,0.7355812874106988
2010-03-31,0.7411076414285214
2010-04-01,0.7418921155222651
2010-04-02,0.7499889250036862
2010-04-06,0.7495777674893447
2010-04-07,0.7512752712754701
2010-04-08,0.7555960666263224
2010-04-09,0.7651616506408305
2010-04-12,0.763462823786245
2010-04-13,0.7453931332056531
2010-04-14,0.7536814871733248
2010-04-15,0.7564979012193159
2010-04-16,0.7584575576786576
2010-04-19,0.8705937541411254
2010-04-20,0.8693670435110306
2010-04-21,0.8380775142217506
2010-04-22,0.8305147397220044
2010-04-23,0.8355276440053481
2010-04-26,0.8330215957504762
2010-04-27,0.8760085352565556
2010-04-28,0.8818812888652275
2010-04-29,0.8797746541336379
2010-04-30,0.8751084091501945
2010-05-04,0.8393581366861245
2010-05-05,0.8522628135968883
2010-05-06,0.8654291939164528
2010-05-07,0.8092231923400703
2010-05-10,0.8100266465206423
2010-05-11,0.8118001529304004
2010-05-12,0.8050148160237246
2010-05-13,0.800832171535736
2010-05-14,0.7980285636647608
2010-05-17,0.9379751540396865
2010-05-18,0.8865696616154469
2010-05-19,0.8879331582093916
2010-05-20,0.884104833231044
2010-05-21,0.8664461089016727
2010-05-24,0.9116534530843179
2010-05-25,0.9301136886656567
2010-05-26,0.9319257334594884
2010-05-27,0.923567113808796
2010-05-28,0.9258773305160805
2010-05-31,0.9587705257992395
2010-06-01,0.9526278098776172
2010-06-02,0.9546446825621842
2010-06-03,0.9555010325573933
2010-06-04,0.9531958385086905
2010-06-07,0.953852665739931
2010-06-08,0.9589579603526283
2010-06-09,0.9141376142931835
2010-06-10,0.908238465815372
2010-06-11,0.9075074450063351
2010-06-17,0.907174587098832
2010-06-18,0.9334543207405148
2010-06-21,0.9160359183151349
2010-06-22,0.9162267478771772
2010-06-23,0.9126168206229932
2010-06-24,0.912549601908067
2010-06-25,0.9177448289890434
2010-06-28,0.9074411080528593
2010-06-29,0.9418355119205382
2010-06-30,0.9641245532292182
2010-07-01,0.9819548724607245
2010-07-02,0.9773002339721228
2010-07-05,0.9839198346634167
2010-07-06,1.0038572020331464
2010-07-07,1.0083412795343396
2010-07-08,1.0090860742825998
2010-07-09,1.0194396601847604
2010-07-12,1.0153691003206289
2010-07-13,1.0235545954476732
2010-07-14,1.0258339744085945
2010-07-15,0.9826988116027473
2010-07-16,0.977253319217554
2010-07-19,0.9616660079143116
2010-07-20,0.9867975556416319
2010-07-21,0.9864848940896582
2010-07-22,0.9880636648441294
2010-07-23,0.984065509458206
2010-07-26,0.9860886130358156
2010-07-27,0.9871742282445451
2010-07-28,0.9860731351093803
2010-07-29,1.0250202254085996
2010-07-30,1.0215552586927508
2010-08-02,1.0009562889473334
2010-08-03,1.0181277661942871
2010-08-04,1.0157436514769524
2010-08-05,1.0105103207357573
2010-08-06,1.0576105983351087
2010-08-09,1.052807125562867
2010-08-10,1.084553078927025
2010-08-11,1.0807958061315543
2010-08-12,1.0864509555581163
2010-08-13,1.1274540866902616
2010-08-16,1.1042241369786874
2010-08-17,1.110547340379071
2010-08-18,1.1107078359727753
2010-08-19,1.102713006075542
2010-08-20,1.114278550802334
2010-08-23,1.1137019663066734
2010-08-24,1.1162546022481532
2010-08-25,1.1445581421826352
2010-08-26,1.144750424416708
2010-08-27,1.1434730988256259
2010-08-30,1.1586319160332759
2010-08-31,1.149206132576747
2010-09-01,1.1637529757821978
2010-09-02,1.1607378229598224
2010-09-03,1.1592322012198752
2010-09-06,1.1235548877380415
2010-09-07,1.12249822538924
2010-09-08,1.122503581481805
2010-09-09,1.131572792340449
2010-09-10,1.1439641531807947
2010-09-13,1.1376430770650967
2010-09-14,1.136725187687072
2010-09-15,1.1434134559828786
2010-09-16,1.1347222262894907
2010-09-17,1.1334209562892612
2010-09-20,1.1454326812735687
2010-09-21,1.147888888421211
2010-09-27,1.15020319615873
2010-09-28,1.1079810628149038
2010-09-29,1.111497413515675
2010-09-30,1.1363090967803555
2010-10-08,1.0479409017115475
2010-10-11,0.940580901426971
2010-10-12,0.9640798043137422
2010-10-13,0.909822873646015
2010-10-14,0.9075433311300232
2010-10-15,0.9876911206754023
2010-10-18,0.983704549632959
2010-10-19,0.9626442476069664
2010-10-20,0.9658733338058471
2010-10-21,0.9681319628924134
2010-10-22,0.9674388553149635
2010-10-25,0.9774412385830659
2010-10-26,0.9820897353230561
2010-10-27,1.0040534488893889
2010-10-28,1.0031415699304187
2010-10-29,0.9820991602386344
2010-11-01,0.9735122269505743
2010-11-02,0.9709641251987052
2010-11-03,0.9803599097969243
2010-11-04,1.0705035295843224
2010-11-05,1.096603465016333
2010-11-08,1.07833282192759
2010-11-09,1.0773712756705092
2010-11-10,1.0835499719880752
2010-11-11,1.0774811502269976
2010-11-12,1.2202689498749801
2010-11-15,1.2299993826833842
2010-11-16,1.1326767173806764
2010-11-17,1.091735461077668
2010-11-18,1.100988077264301
2010-11-19,1.0938502034903046
2010-11-22,1.0956695192849304
2010-11-23,1.14100020129176
2010-11-24,1.1416085724641298
2010-11-25,1.1687796687224774
2010-11-26,1.1753531598963214
2010-11-29,1.1766280302910659
2010-11-30,1.1819034852340633
2010-12-01,1.1820982599766683
2010-12-02,1.1806661896996267
2010-12-03,1.1801654398127384
2010-12-06,1.1758951314853832
2010-12-07,1.1719440685512599
2010-12-08,1.1728619792238888
2010-12-09,1.1856462834017962
2010-12-10,1.1810834993580261
2010-12-13,1.1803998366892714
2010-12-14,1.1811788727727013
2010-12-15,1.179426739403331
2010-12-16,1.183003002386289
2010-12-17,1.1811612274977397
2010-12-20,1.0518653615418054
2010-12-21,0.9622342805295395
2010-12-22,0.9449154975176307
2010-12-23,0.9598358160997853
2010-12-24,0.9839206320478872
2010-12-27,1.0008702889599659
2010-12-28,0.9954399750272117
2010-12-29,0.9983721987133471
2010-12-30,0.9977307875512658
2010-12-31,0.9940861760172999
2011-01-04,0.980948577644574
2011-01-05,0.9798346085310412
2011-01-06,0.97479003647598
2011-01-07,0.9727886010839524
2011-01-10,0.9943883107608779
2011-01-11,0.996385433940864
2011-01-12,0.9945602851970495
2011-01-13,0.9945529214861764
2011-01-14,1.0133505906957774
2011-01-17,1.0572833741991545
2011-01-18,1.0570633662565938
2011-01-19,1.0379583492596005
2011-01-20,1.0950970780335907
2011-01-21,1.091283135027938
2011-01-24,1.0907031962630394
2011-01-25,1.0970076903945418
2011-01-26,1.103685241107853
2011-01-27,1.1239588175001143
2011-01-28,1.133227625771675
2011-01-31,1.127810883381068
2011-02-01,1.1276518956070887
2011-02-09,1.0865398749487023
2011-02-10,1.0662685358912063
2011-02-11,1.0684446882736758
2011-02-14,1.0296462897300602
2011-02-15,1.0301762800117713
2011-02-16,1.0241845991244196
2011-02-17,1.0211721309227677
2011-02-18,1.020912125707688
2011-02-21,1.0747466653041204
2011-02-22,1.0592279600265533
2011-02-23,1.0583203500736582
2011-02-24,1.0623120089617042
2011-02-25,1.0600400497988223
2011-02-28,1.0658533859099824
2011-03-01,1.0572890175760477
2011-03-02,1.0622384575155017
2011-03-03,1.0665151570430207
2011-03-04,1.0901476421119303
2011-03-07,1.0771776318822004
2011-03-08,1.076659557054496
2011-03-09,1.076837420865355
2011-03-10,1.0774990647876366
2011-03-11,1.0898296711089488
2011-03-14,1.0884317723500392
2011-03-15,1.1097526168689413
2011-03-16,1.099233512628992
2011-03-17,1.1266270584950682
2011-03-18,1.127900124638342
2011-03-21,1.1206039313277596
2011-03-22,1.1132712634421609
2011-03-23,1.115450786013891
2011-03-24,1.1071897992493682
2011-03-25,1.0806276032780053
2011-03-28,1.0822580359832974
2011-03-29,1.0972542450146996
2011-03-30,1.0982174954935005
2011-03-31,1.0844191660557514
2011-04-01,1.037628274365356
2011-04-06,1.0460867952997892
2011-04-07,1.0432176049031519
2011-04-08,1.0325946581864411
2011-04-11,1.0400733656654615
2011-04-12,1.0404477711483997
2011-04-13,1.0276673914843075
2011-04-14,1.0231473068700783
2011-04-15,1.0183039346389324
2011-04-18,1.0180492171288764
2011-04-19,1.0192031827069261
2011-04-20,1.0190104897054915
2011-04-21,1.0152267480118942
2011-04-22,1.008840123692383
2011-04-25,0.9661900767315222
2011-04-26,0.9815960902302617
2011-04-27,1.0019032976921485
2011-04-28,1.0010352739045045
2011-04-29,0.9895693006805459
2011-05-03,0.9930228179794578
2011-05-04,0.9430645048176551
2011-05-05,0.9413228535234842
2011-05-06,0.9366851806530275
2011-05-09,0.9228217853343651
2011-05-10,0.896450087995898
2011-05-11,0.8949496281641574
2011-05-12,0.9023677729067853
2011-05-13,0.8931377680940108
2011-05-16,0.8753805946303242
2011-05-17,0.8814275967449672
2011-05-18,0.8754645725519069
2011-05-19,0.8703770437363184
2011-05-20,0.8698380924092924
2011-05-23,0.8764835735507516
2011-05-24,0.8794659960207168
2011-05-25,0.8880510684933699
2011-05-26,0.8835075570126018
2011-05-27,0.8716995636931627
2011-05-30,0.8764584058168359
2011-05-31,0.8973105132144651
2011-06-01,0.8968271416386989
2011-06-02,0.9043845084158288
2011-06-03,0.9155104146203942
2011-06-07,0.9134546034876122
2011-06-08,0.9170899596578044
2011-06-09,0.9413921217098588
2011-06-10,0.9648504439289821
2011-06-13,0.949144516910087
2011-06-14,0.9212558154229884
2011-06-15,0.9358955274557604
2011-06-16,0.9688158240034185
2011-06-17,0.9375787804984999
2011-06-20,0.9421117002543893
2011-06-21,0.9730376655528129
2011-06-22,0.9730742622210611
2011-06-23,0.9464515500183401
2011-06-24,0.9436726459474201
2011-06-27,0.9581299697093584
2011-06-28,0.9558354165877966
2011-06-29,0.9794218940028026
2011-06-30,0.9657300190437693
2011-07-01,0.962704573459217
2011-07-04,1.0618120132366908
2011-07-05,1.0618149352802317
2011-07-06,1.0546215413028612
2011-07-07,1.0575056898283903
2011-07-08,1.0625368587404191
2011-07-11,1.0628232776040594
2011-07-12,1.0714088285700014
2011-07-13,1.0363575895339419
2011-07-14,1.033856784244593
2011-07-15,1.0332384622152955
2011-07-18,1.019423432731371
2011-07-19,1.0162551678094973
2011-07-20,1.0135017788960679
2011-07-21,1.0248286862155602
2011-07-22,1.0199040375812491
2011-07-25,0.9174277995444777
2011-07-26,0.9272512991896511
2011-07-27,0.9285338055383658
2011-07-28,0.9574230900153735
2011-07-29,0.9747451953055905
2011-08-01,0.9694054313676445
2011-08-02,0.950179171285296
2011-08-03,0.9492780754343398
2011-08-04,0.9581929145635534
2011-08-05,0.8699886617177348
2011-08-08,1.008439333181725
2011-08-09,1.004631864193122
2011-08-10,0.9802260020608512
2011-08-11,0.9736480509787856
2011-08-12,0.9727189179128524
2011-08-15,0.9558070886879744
2011-08-16,0.961027860478127
2011-08-17,0.9588935782889044
2011-08-18,0.9698806336322634
2011-08-19,0.968784632777885
2011-08-22,0.9429377536285941
2011-08-23,0.9241550925472629
2011-08-24,0.9202232486013932
2011-08-25,0.8316514205121031
2011-08-26,0.8314327428496576
2011-08-29,0.8479303232752337
2011-08-30,0.8537419291094711
2011-08-31,0.8505421105451567
2011-09-01,0.8473191791462821
2011-09-02,0.8480055778752614
2011-09-05,0.8382673338596448
2011-09-06,0.8378778499483054
2011-09-07,0.837989751238809
2011-09-08,0.8431928491229629
2011-09-09,0.8411681809590127
2011-09-13,0.8861822415260276
2011-09-14,0.8891579191348533
2011-09-15,0.888729253385983
2011-09-16,0.8879280446723454
2011-09-19,0.9008756548988953
2011-09-20,0.9093643278717268
2011-09-21,0.9729485272670825
2011-09-22,0.950895532127862
2011-09-23,0.9524734592995417
2011-09-26,0.9512039030797009
2011-09-27,0.9468454799650682
2011-09-28,0.9402494425439025
2011-09-29,0.9618029173757228
2011-09-30,0.9694300697124333
2011-10-10,0.9849284331420799
2011-10-11,0.9843619637563703
2011-10-12,0.8407009281859181
2011-10-13,0.8715335998071856
2011-10-14,0.8786540074543104
2011-10-17,0.9043065896771909
2011-10-18,0.8754443830655575
2011-10-19,0.878679523140674
2011-10-20,0.969660808929871
2011-10-21,0.9908021341642711
2011-10-24,0.9424818068011633
2011-10-25,0.9512383581668512
2011-10-26,0.9474182093092656
2011-10-27,0.9488567921049271
2011-10-28,0.9693767170301799
2011-10-31,0.9666344290615524
2011-11-01,0.9660652609941147
2011-11-02,0.9605966503040421
2011-11-03,0.9620355644828068
2011-11-04,0.9825928311946539
2011-11-07,0.9645891949400801
2011-11-08,0.9638793467316193
2011-11-09,0.9641806934445869
2011-11-10,0.9971183432400658
2011-11-11,0.9951234575859091
2011-11-14,1.1405014793168393
2011-11-15,1.144825386165672
2011-11-16,1.1741946143411337
2011-11-17,1.169333350074946
2011-11-18,1.174155916121096
2011-11-21,1.1754225728665177
2011-11-22,1.1751080859183145
2011-11-23,1.1597931582152774
2011-11-24,1.1512785444472924
2011-11-25,1.1643489238946743
2011-11-28,1.1652212368109398
2011-11-29,1.2026603568964207
2011-11-30,1.1857079934083772
2011-12-01,1.1635509367802237
2011-12-02,1.191866708592941
2011-12-05,1.211403694527976
2011-12-06,1.2100551117550462
2011-12-07,1.208279595509509
2011-12-08,1.2083658074395578
2011-12-09,1.1963944159496323
2011-12-12,1.1849761455159145
2011-12-13,1.187214935343434
2011-12-14,1.1862286807497573
2011-12-15,1.2381434830217644
2011-12-16,1.2118243083199627
2011-12-19,1.2076453554949949
2011-12-20,1.212549616753754
2011-12-21,1.2345459423197427
2011-12-22,1.232916268608663
2011-12-23,1.2255869293311725
2011-12-26,1.2179841504743996
2011-12-27,1.2102640826214741
2011-12-28,1.209899101028266
2011-12-29,1.2096674017752973
2011-12-30,1.1774750167565997
2012-01-04,0.994241384589171
2012-01-05,0.9766607789294052
2012-01-06,0.91776506240117
2012-01-09,0.8854648814563345
2012-01-10,0.9193440090037889
2012-01-11,0.9183111584177062
2012-01-12,0.9182514652757772
2012-01-13,0.9551501642424023
2012-01-16,0.9913779105146205
2012-01-17,1.043360702807466
2012-01-18,1.0208081861779197
2012-01-19,1.0097331018940228
2012-01-20,1.0021571163193392
2012-01-30,0.9938183585756336
2012-01-31,0.9966823564015604
2012-02-01,1.0008578045821492
2012-02-02,0.9967067075050526
2012-02-03,1.0028205104400647
2012-02-06,1.003055623106251
2012-02-07,0.9977034567255942
2012-02-08,0.9773623579879056
2012-02-09,0.9775102497267136
2012-02-10,0.9773004672744852
2012-02-13,0.9767888889210476
2012-02-14,0.97621551848102
2012-02-15,0.9794633417572601
2012-02-16,0.9733307062444183
2012-02-17,0.9731454535340571
2012-02-20,0.9727999240224555
2012-02-21,0.9918728175465578
2012-02-22,0.98375544008004
2012-02-23,0.9906306627889594
2012-02-24,1.1047797637857226
2012-02-27,1.107314713929511
2012-02-28,1.0995553334655246
2012-02-29,1.1217664793671231
2012-03-01,1.1216006161332164
2012-03-02,1.1737937425700709
2012-03-05,1.1821204100377924
2012-03-06,1.1498412981130737
2012-03-07,1.155416920070454
2012-03-08,1.143035150399423
2012-03-09,1.1284086650609224
2012-03-12,1.123466851318498
2012-03-13,1.1155934110340742
2012-03-14,1.138747425577917
2012-03-15,1.1645250122231228
2012-03-16,1.1694882009683263
2012-03-19,1.1727917830311678
2012-03-20,1.179663455444068
2012-03-21,1.178762189127454
2012-03-22,1.1779953803785739
2012-03-23,1.1701375783280699
2012-03-26,1.1699263575195018
2012-03-27,1.1654698801357612
2012-03-28,1.238137716494337
2012-03-29,1.3028321145694561
2012-03-30,1.3122389744716452
2012-04-05,1.2730327377825257
2012-04-06,1.271112638037616
2012-04-09,1.238028390016326
2012-04-10,1.2472790688328363
2012-04-11,1.248485745459685
2012-04-12,1.3118404584449699
2012-04-13,1.289177950183824
2012-04-16,1.2893245625539567
2012-04-17,1.2815034895342328
2012-04-18,1.2455548091909834
2012-04-19,1.2462631123467416
2012-04-20,1.253582638613563
2012-04-23,1.2192318105262838
2012-04-24,1.2209201080079342
2012-04-25,1.1984982018381631
2012-04-26,1.197888172781338
2012-04-27,1.1975669487917922
2012-05-02,1.1717862636535137
2012-05-03,1.172252875007468
2012-05-04,1.1681656067641548
2012-05-07,1.1693619599333305
2012-05-08,1.1677150936101826
2012-05-09,1.0819375832799387
2012-05-10,1.082486666806554
2012-05-11,1.1009329010433322
2012-05-14,1.091020901063481
2012-05-15,1.0898025695611042
2012-05-16,1.1185298860524193
2012-05-17,1.1063260662848895
2012-05-18,1.0812599933966995
2012-05-21,1.0902136778009803
2012-05-22,1.0646316580778519
2012-05-23,1.0662742737712314
2012-05-24,1.0519024774514452
2012-05-25,1.033911379047101
2012-05-28,0.9830318285546625
2012-05-29,0.9912335538156443
2012-05-30,0.994623508299968
2012-05-31,0.9957727927955505
2012-06-01,0.9955713866636013
2012-06-04,1.0607537286629667
2012-06-05,1.0608003648994744
2012-06-06,1.0609055071511457
2012-06-07,1.0565230611080259
2012-06-08,1.04024306959438
2012-06-11,1.0488624195186191
2012-06-12,1.0486403958092068
2012-06-13,1.0407868765262585
2012-06-14,1.0437396539187134
2012-06-15,1.0434345786093036
2012-06-18,1.0401845784942219
2012-06-19,1.061846585698556
2012-06-20,1.0586341830918355
2012-06-21,1.0653754561996172
2012-06-25,1.0452830122912056
2012-06-26,1.044609002996981
2012-06-27,1.047810342569958
2012-06-28,1.0473532833132968
2012-06-29,1.035518978192484
2012-07-02,1.034909258391326
2012-07-03,1.033294480335592
2012-07-04,1.0283879340842446
2012-07-05,1.043858119068526
2012-07-06,1.0437440973386372
2012-07-09,1.0396827684137777
2012-07-10,1.028815119717421
2012-07-11,1.023583854676563
2012-07-12,1.0334972148069312
2012-07-13,1.034253556021097
2012-07-16,1.0177790399568012
2012-07-17,0.9823075049887503
2012-07-18,0.9828166159837359
2012-07-19,0.9809019887189669
2012-07-20,0.9976454669354453
2012-07-23,1.0297484725484134
2012-07-24,1.0294186175717472
2012-07-25,1.0375748799486946
2012-07-26,1.0329063394819682
2012-07-27,1.034923349912005
2012-07-30,1.0318651678852255
2012-07-31,1.0350202349753068
2012-08-01,1.034613908315483
2012-08-02,1.0446633679817756
2012-08-03,1.0636189945686012
2012-08-06,1.0553117516860648
2012-08-07,1.0565961819779481
2012-08-08,1.0554374264392659
2012-08-09,1.0506284709477296
2012-08-10,1.0346073324270673
2012-08-13,1.0221622136204205
2012-08-14,1.0308981447151087
2012-08-15,0.9705920210707876
2012-08-16,0.9649036063097144
2012-08-17,0.9731114523191795
2012-08-20,0.9614619244447788
2012-08-21,0.9553749454512391
2012-08-22,0.9461608858422409
2012-08-23,0.9402806944673731
2012-08-24,0.9216190003459663
2012-08-27,0.9870759213704619
2012-08-28,0.9868017092476103
2012-08-29,0.9960893475127515
2012-08-30,0.997302631287591
2012-08-31,1.0043990906525428
2012-09-03,0.9868021351111048
2012-09-04,1.0061692936995852
2012-09-05,0.9966738965741893
2012-09-06,0.9846126402196291
2012-09-07,0.9254839682602655
2012-09-10,0.9292904154980708
2012-09-11,0.9030415275261224
2012-09-12,0.9096909111793416
2012-09-13,0.8146158851806908
2012-09-14,0.776481599484159
2012-09-17,0.804276005815218
2012-09-18,0.841203438325078
2012-09-19,0.8453315080542179
2012-09-20,0.8488278390569558
2012-09-21,0.8383740004951103
2012-09-24,0.8476319630825865
2012-09-25,0.847772023242012
2012-09-26,0.874045789290296
2012-09-27,0.8334747734156573
2012-09-28,0.8480125379323264
2012-10-08,0.7888130124469288
2012-10-09,0.7956984672562178
2012-10-10,0.7984894388876989
2012-10-11,0.8272602162076449
2012-10-12,0.8296971897454989
2012-10-15,0.8417255753648683
2012-10-16,0.841766724019363
2012-10-17,0.8433343984571586
2012-10-18,0.8407365587715592
2012-10-19,0.8393240303491591
2012-10-22,0.8372437084082236
2012-10-23,0.8564814232985661
2012-10-24,0.8575206065566693
2012-10-25,0.8462653105931304
2012-10-26,0.8869947985270066
2012-10-29,0.9044871939587003
2012-10-30,0.9014919608843356
2012-10-31,0.905829911628813
2012-11-01,0.900012123928043
2012-11-02,0.8978469873526008
2012-11-05,0.8965584104994909
2012-11-06,0.9012475194382474
2012-11-07,0.8979591161081549
2012-11-08,0.8735493816284072
2012-11-09,0.8703895331720104
2012-11-12,0.8877895688065843
2012-11-13,0.9464462146449248
2012-11-14,0.9449822408364503
2012-11-15,0.935992177011166
2012-11-16,0.9375213423049535
2012-11-19,0.9381500499319396
2012-11-20,0.9337901472052882
2012-11-21,0.9333482494041383
2012-11-22,0.932740490431933
2012-11-23,0.9244609294935316
2012-11-26,0.9098709194158575
2012-11-27,0.9312015447517907
2012-11-28,0.9596071937671798
2012-11-29,0.9560965654207585
2012-11-30,0.9363656320107087
2012-12-03,0.9170605397103336
2012-12-04,0.9213608027775194
2012-12-05,0.9103314126426304
2012-12-06,0.9069292124398041
2012-12-07,0.8762431315405843
2012-12-10,0.8679515643835033
2012-12-11,0.854703717105712
2012-12-12,0.8489019176025852
2012-12-13,0.8539374077304935
2012-12-14,0.7776375899389223
2012-12-17,0.7771433165975302
2012-12-18,0.7779636868208132
2012-12-19,0.7763887014190106
2012-12-20,0.7798571257518289
2012-12-21,0.7797455772542223
2012-12-24,0.7809292939031234
2012-12-25,0.8010113254123269
2012-12-26,0.8051860217792911
2012-12-27,0.7749780369108382
2012-12-28,0.7638733736960972
2012-12-31,0.7867126371447628
2013-01-04,0.7863433589100214
2013-01-07,0.8108557900645925
2013-01-08,0.8063532099630282
2013-01-09,0.8065145084566472
2013-01-10,0.8059730632815462
2013-01-11,0.6883082866729847
2013-01-14,0.9970350310443792
2013-01-15,1.022176195998174
2013-01-16,0.9603092420396311
2013-01-17,1.0342411008500516
2013-01-18,1.0155738831518473
2013-01-21,1.0137902836937902
2013-01-22,1.0336340846124956
2013-01-23,1.0557131168033278
2013-01-24,0.9670596506642256
2013-01-25,0.9803148234196838
2013-01-28,1.220342206543057
2013-01-29,1.2367186720617125
2013-01-30,1.2406323440998572
2013-01-31,1.2494664339635224
2013-02-01,1.1716136963331616
2013-02-04,1.1728103403986332
2013-02-05,1.1257287375805607
2013-02-06,1.126080756097886
2013-02-07,1.0820469375826776
2013-02-08,1.0717785064710916
2013-02-18,1.0320873176056586
2013-02-19,1.022265578190905
2013-02-20,1.0138804002294832
2013-02-21,1.0641471311836714
2013-02-22,1.0585538523314488
2013-02-25,1.0573794209058893
2013-02-26,1.0091358102584436
2013-02-27,1.0223114487867524
2013-02-28,0.92322685076636
2013-03-01,0.9184924767505348
2013-03-04,0.7092745778821726
2013-03-05,0.676974895791894
2013-03-06,0.662203639481434
2013-03-07,0.7068395234056204
2013-03-08,0.7077886499102273
2013-03-11,0.704408917526479
2013-03-12,0.7354388931066096
2013-03-13,0.7715209443001739
2013-03-14,0.7686402184708566
2013-03-15,0.7718081025913216
2013-03-18,0.7840428516510946
2013-03-19,0.7840695075606341
2013-03-20,0.8759051045260297
2013-03-21,0.8779620327931887
2013-03-22,0.8787438450365402
2013-03-25,0.8811795229053163
2013-03-26,0.8820581735154333
2013-03-27,0.8898313520958685
2013-03-28,0.9278723289989967
2013-03-29,0.9327765844907062
2013-04-01,0.9315963500570427
2013-04-02,0.9381233814324451
2013-04-03,0.9351797008002583
2013-04-08,0.9179972722869304
2013-04-09,0.9090276106471021
2013-04-10,0.9079867433174444
2013-04-11,0.9113260724346562
2013-04-12,0.9307302729425945
2013-04-15,0.9683866358015886
2013-04-16,0.9716798125400632
2013-04-17,0.9717853944011873
2013-04-18,0.9728145278306654
2013-04-19,0.9514075783225856
2013-04-22,0.9513970413987399
2013-04-23,0.9607810302941924
2013-04-24,0.9389577183042014
2013-04-25,0.9397930714866761
2013-04-26,0.9604134774009424
2013-05-02,0.9584972009514142
2013-05-03,0.965716879346042
2013-05-06,0.9663247630932579
2013-05-07,0.9648242941578401
2013-05-08,0.9653646552820946
2013-05-09,0.9445320693831796
2013-05-10,0.9370479295926387
2013-05-13,0.9143529356794783
2013-05-14,0.9465213831295316
2013-05-15,0.9548485479312427
2013-05-16,0.9909485876054209
2013-05-17,0.9650700032597126
2013-05-20,0.9776788460959118
2013-05-21,0.9899281059754284
2013-05-22,0.9874064338275884
2013-05-23,0.9193084711511859
2013-05-24,0.9278455560467161
2013-05-27,0.9276726987946303
2013-05-28,0.8295385799468052
2013-05-29,0.8241922531868838
2013-05-30,0.826096085948509
2013-05-31,0.8448410636703664
2013-06-03,0.8427223944939488
2013-06-04,0.7934537124159031
2013-06-05,0.8013959560550552
2013-06-06,0.8226193678433452
2013-06-07,0.7892873603014032
2013-06-13,0.9139532627865943
2013-06-14,0.8995332884653741
2013-06-17,0.890135156689739
2013-06-18,0.8925623360219566
2013-06-19,0.9050735329763256
2013-06-20,1.0030349691643519
2013-06-21,1.0045841873402253
2013-06-24,1.191328278116304
2013-06-25,1.1893645695961694
2013-06-26,1.19325896671704
2013-06-27,1.1946107113030313
2013-06-28,1.1265988502307434
2013-07-01,1.137827763289233
2013-07-02,1.1467277156273483
2013-07-03,1.1524858398457087
2013-07-04,1.159934460110949
2013-07-05,1.1629680311074504
2013-07-08,1.2303423592064915
2013-07-09,1.2303195170549663
2013-07-10,1.2055297185907137
2013-07-11,1.1240772722919243
2013-07-12,1.0865352898900784
2013-07-15,1.0854584444558857
2013-07-16,1.0904152049329963
2013-07-17,1.072369144514576
2013-07-18,1.0513674261479746
2013-07-19,1.0534843580525122
2013-07-22,1.0561187930026115
2013-07-23,1.0077725975171317
2013-07-24,1.0106136673297639
2013-07-25,1.0092235992458651
2013-07-26,1.027169726706512
2013-07-29,1.049390766821482
2013-07-30,1.0465818062187529
2013-07-31,1.0471265343068406
2013-08-01,1.035344238864611
2013-08-02,1.0355530981262313
2013-08-05,1.0254743079460118
2013-08-06,1.0269434885179805
2013-08-07,1.0238326398795017
2013-08-08,1.0264360053684924
2013-08-09,1.0268523927206545
2013-08-12,0.9964285829763772
2013-08-13,0.9958295917252686
2013-08-14,0.9978308791362229
2013-08-15,1.0100748065449832
2013-08-16,1.0116506355691675
2013-08-19,1.0014343946811097
2013-08-20,1.0027818780919235
2013-08-21,1.0014512329677614
2013-08-22,1.00088433443834
2013-08-23,1.0035404766809561
2013-08-26,1.0037422574301929
2013-08-27,1.005853073836275
2013-08-28,0.9714352959736514
2013-08-29,0.9801457967088211
2013-08-30,0.982444633601326
2013-09-02,0.9860390214847861
2013-09-03,0.9653143683256433
2013-09-04,0.9596014270719728
2013-09-05,0.9676105095066547
2013-09-06,0.9945656532732816
2013-09-09,1.219536394215139
2013-09-10,1.2103810130729842
2013-09-11,1.1974957233319994
2013-09-12,1.1780133681993814
2013-09-13,1.1917256879059874
2013-09-16,1.187520054534461
2013-09-17,1.187421166925986
2013-09-18,1.1882461977168286
2013-09-23,1.1632908459867157
2013-09-24,1.1310407474510429
2013-09-25,1.1417043973421535
2013-09-26,1.196355633021143
2013-09-27,1.1922785810699794
2013-09-30,1.1884408928755772
2013-10-08,1.2032130786679591
2013-10-09,1.198546723648364
2013-10-10,1.187642257270942
2013-10-11,1.1659491066262622
2013-10-14,1.1658155888578599
2013-10-15,1.1656090031316708
2013-10-16,1.1335387466316238
2013-10-17,1.13501752257155
2013-10-18,1.1261928550555733
2013-10-21,1.0961147087532985
2013-10-22,1.1000702491518675
2013-10-23,1.0831292123028666
2013-10-24,1.0711345169454738
2013-10-25,1.1194636620734122
2013-10-28,1.1166525845857675
2013-10-29,1.1020959982624516
2013-10-30,1.0986996005110403
2013-10-31,1.0787621789430224
2013-11-01,1.0803829310651794
2013-11-04,1.079220924060501
2013-11-05,1.0785848271333538
2013-11-06,1.0756932699134498
2013-11-07,1.0745206754020058
2013-11-08,1.03972034199001
2013-11-11,1.0337278188962877
2013-11-12,1.0213640029275557
2013-11-13,0.9277063177599874
2013-11-14,0.9623115524243582
2013-11-15,0.9780717054912113
2013-11-18,0.9436702388119149
2013-11-19,0.9477271243059907
2013-11-20,0.9810934959559054
2013-11-21,1.0023037046654362
2013-11-22,0.993455388636447
2013-11-25,0.9793839104800436
2013-11-26,0.9803797120386518
2013-11-27,1.0356779341861606
2013-11-28,0.9851518836906742
2013-11-29,0.9833204133801733
2013-12-02,1.043522543908746
2013-12-03,1.034352048496565
2013-12-04,1.037695513463243
2013-12-05,1.0407504975672763
2013-12-06,1.0457712263121255
2013-12-09,1.0466473230607545
2013-12-10,1.0459489647487572
2013-12-11,1.038357600136399
2013-12-12,1.0385451855526637
2013-12-13,1.0377786349582108
2013-12-16,1.029757922837221
2013-12-17,1.0110569276604813
2013-12-18,1.0102381639941065
2013-12-19,1.0322669233906536
2013-12-20,1.0299498022552853
2013-12-23,1.03524151874828
2013-12-24,1.0329166849719469
2013-12-25,1.043982076175366
2013-12-26,1.0524462141366058
2013-12-27,1.0617974885085046
2013-12-30,1.0625471900981636
2013-12-31,1.0507675279530488
2014-01-02,1.0421494058985343
2014-01-03,1.0457218108722468
2014-01-06,1.097235735951734
2014-01-07,1.09711644863048
2014-01-08,1.0942933431894086
2014-01-09,1.0992247081629964
2014-01-10,1.1168994302049593
2014-01-13,1.1108311026903026
2014-01-14,1.1081528635715558
2014-01-15,1.1037260440150174
2014-01-16,1.1004821302206829
2014-01-17,1.1232199301404053
2014-01-20,1.1196283607491533
2014-01-21,1.1202074306751046
2014-01-22,1.0954564955392865
2014-01-23,1.0914402582329201
2014-01-24,1.0935805227916724
2014-01-27,1.0728044619255162
2014-01-28,1.069730565657181
2014-01-29,1.0816322970588905
2014-01-30,1.0310008324071438
2014-02-07,1.0441479608875437
2014-02-10,1.0408162360511055
2014-02-11,1.027145158077554
2014-02-12,1.0244787686190662
2014-02-13,1.0443662888810776
2014-02-14,1.0443474158911152
2014-02-17,1.0730215973499408
2014-02-18,1.0646147069598222
2014-02-19,1.0266186128045454
2014-02-20,1.0414237007148104
2014-02-21,1.0142851842785692
2014-02-24,1.0292499832931554
2014-02-25,1.0331109470994353
2014-02-26,1.0199601344013614
2014-02-27,1.031483482029282
2014-02-28,1.033979825813141
2014-03-03,1.0523562032838354
2014-03-04,1.034812905195364
2014-03-05,1.0370741489196365
2014-03-06,1.0343230676513613
2014-03-07,1.0399970097661124
2014-03-10,1.181968844625261
2014-03-11,1.1846977103237004
2014-03-12,1.1838482809416813
2014-03-13,1.1829752658354267
2014-03-14,1.1841616772855545
2014-03-17,1.2027184951618448
2014-03-18,1.204119217983903
2014-03-19,1.184785525449134
2014-03-20,1.2051345149591008
2014-03-21,1.1165987129954518
2014-03-24,1.1208526477895215
2014-03-25,1.1212201706082745
2014-03-26,1.1213260610226037
2014-03-27,1.1271881269031039
2014-03-28,1.1324904914113683
2014-03-31,1.1281647954550824
2014-04-01,1.123300967085988
2014-04-02,1.1055624412954637
2014-04-03,1.0965672079288278
2014-04-04,1.1026626978967373
2014-04-08,1.167368916737176
2014-04-09,1.167171401497547
2014-04-10,1.1296701608285298
2014-04-11,1.1328870798012751
2014-04-14,1.131437313611673
2014-04-15,1.0561812505784791
2014-04-16,1.055505079117265
2014-04-17,1.0632457947005598
2014-04-18,1.0630542781093932
2014-04-21,1.0517956456723738
2014-04-22,1.047660134650492
2014-04-23,1.0445358959279034
2014-04-24,1.0474708955880934
2014-04-25,1.048386133188924
2014-04-28,1.0833225660147363
2014-04-29,1.0744099231473412
2014-04-30,1.0743141832951135
2014-05-05,1.073028917601422
2014-05-06,1.0724397272995987
2014-05-07,1.019617212148641
2014-05-08,1.0205792651646235
2014-05-09,1.0214819407066433
2014-05-12,1.0217203540227597
2014-05-13,1.0101082606950669
2014-05-14,1.0088341765889226
2014-05-15,0.9497393803530308
2014-05-16,0.9481742345193512
2014-05-19,0.9133780422893436
2014-05-20,0.9115353140608405
2014-05-21,0.9159182582030483
2014-05-22,0.9263544514249795
2014-05-23,0.9212921550198288
2014-05-26,0.9467537646996468
2014-05-27,0.963752796430388
2014-05-28,0.9918416403877421
2014-05-29,0.9935716740310725
2014-05-30,0.9956791726495202
2014-06-03,1.0029938510495573
2014-06-04,1.021534639790681
2014-06-05,1.0119677473992497
2014-06-06,1.0110270769575496
2014-06-09,1.011457300840813
2014-06-10,0.9976756645197458
2014-06-11,0.9976010645836274
2014-06-12,0.9884582134993075
2014-06-13,0.9708903376028762
2014-06-16,1.026373617583556
2014-06-17,1.0200367374325288
2014-06-18,1.0137760995607947
2014-06-19,0.9191442838232323
2014-06-20,0.9381376517926184
2014-06-23,0.9281574098208146
2014-06-24,0.940004366296346
2014-06-25,0.9544540814711514
2014-06-26,0.9914016316793726
2014-06-27,0.9902011227424591
2014-06-30,1.0283457722921234
2014-07-01,1.0285130032321517
2014-07-02,1.03929381904349
2014-07-03,1.021612243904028
2014-07-04,1.0203850947645599
2014-07-07,1.0184429726728612
2014-07-08,1.006696718846092
2014-07-09,0.9349760519650778
2014-07-10,0.9215559795540426
2014-07-11,0.9558939081088514
2014-07-14,0.8528054180064436
2014-07-15,0.8615258411172422
2014-07-16,0.8846526115776127
2014-07-17,0.8681761000402153
2014-07-18,0.8502210251046662
2014-07-21,0.8431308816869859
2014-07-22,0.9070584964446493
2014-07-23,0.8941422348817503
2014-07-24,0.7274342750839126
2014-07-25,0.7728478721907762
2014-07-28,0.8157143810618962
2014-07-29,0.8570979394309105
2014-07-30,0.840308066411405
2014-07-31,0.8655960703318344
2014-08-01,0.7913210412084917
2014-08-04,0.7878440791023354
2014-08-05,0.7991996764903863
2014-08-06,0.7947958484540235
2014-08-07,0.8477282727416172
2014-08-08,0.8513302684379942
2014-08-11,0.9739938777479923
2014-08-12,0.9717300140194651
2014-08-13,0.9729650434798677
2014-08-14,1.0252550689416209
2014-08-15,0.973529675032912
2014-08-18,0.9714123691425085
2014-08-19,0.9718391162195071
2014-08-20,0.9801791433365966
2014-08-21,0.965497511340584
2014-08-22,0.9892239795012086
2014-08-25,1.028005595451881
2014-08-26,1.0520827796327483
2014-08-27,1.0660483353889825
2014-08-28,1.120888043208264
2014-08-29,1.2873336472865926
2014-09-01,1.4027689756044026
2014-09-02,1.448737624827044
2014-09-03,1.4010914403118095
2014-09-04,1.4264564351654916
2014-09-05,1.3674790219490063
2014-09-09,1.3633236034793363
2014-09-10,1.2639806035693755
2014-09-11,1.2159651080580418
2014-09-12,1.2002871728731623
2014-09-15,1.1969263425816112
2014-09-16,1.4906355449167363
2014-09-17,1.466565672623555
2014-09-18,1.4732308048267886
2014-09-19,1.562858341968501
2014-09-22,1.5236509000882732
2014-09-23,1.5233813840717432
2014-09-24,1.4056341558691117
2014-09-25,1.4049230563532862
2014-09-26,1.404615714658758
2014-09-29,1.397076958706645
2014-09-30,1.3959829770058996
2014-10-08,1.3491231001609827
2014-10-09,1.3487029480416994
2014-10-10,1.3363593608531823
2014-10-13,1.3284970986583757
2014-10-14,1.3238823127283803
2014-10-15,1.3041934749939643
2014-10-16,1.28284994749646
2014-10-17,1.2424527807172794
2014-10-20,1.1914547245602696
2014-10-21,1.306936461892434
2014-10-22,1.3052957500019033
2014-10-23,1.3800325619864158
2014-10-24,1.3906725295832545
2014-10-27,1.3212406237066734
2014-10-28,1.4582096713889894
2014-10-29,1.4251002734993048
2014-10-30,1.3986080832525871
2014-10-31,1.2498153629166409
2014-11-03,1.2519125737602028
2014-11-04,1.2528012598504403
2014-11-05,1.2452289124591505
2014-11-06,1.2512403016134492
2014-11-07,1.2382176808148828
2014-11-10,0.9743061195788545
2014-11-11,1.0170674855101889
2014-11-12,1.037043412167006
2014-11-13,1.121616761832662
2014-11-14,1.1213367319030132
2014-11-17,1.1015901440595701
2014-11-18,1.066569530604862
2014-11-19,1.0517991623109555
2014-11-20,1.0540820296640008
2014-11-21,0.9361497680230698
2014-11-24,0.8469424153416026
2014-11-25,0.8427692643380729
2014-11-26,0.8715072958367013
2014-11-27,0.8293596947386398
2014-11-28,0.6976958282152856
2014-12-01,0.6838749911072693
2014-12-02,0.5792045933258855
2014-12-03,0.6547117605658183
2014-12-04,0.60900831190333
2014-12-05,0.6754402696448106
2014-12-08,0.982851256626975
2014-12-09,0.8041904601592208
2014-12-10,0.6952466174586688
2014-12-11,0.6686388089059243
2014-12-12,0.6636494103883788
2014-12-15,0.647549469457159
2014-12-16,0.6111333838843617
2014-12-17,0.5436778320589298
2014-12-18,0.50256235061731
2014-12-19,0.4759276567736166
2014-12-22,0.4686989479412174
2014-12-23,0.5925002090495666
2014-12-24,0.45510466427987356
2014-12-25,0.4434435388391158
2014-12-26,0.4797967457131609
2014-12-29,0.48607034084925343
2014-12-30,0.48745292537310736
2014-12-31,0.48054161830852804
2015-01-05,0.491075524953335
2015-01-06,0.47877850569797337
2015-01-07,0.48035857500210105
2015-01-08,0.3870264933704405
2015-01-09,0.40166387002315973
2015-01-12,0.4445292872844974
2015-01-13,0.4407133543148121
2015-01-14,0.42837493844596847
2015-01-15,0.42295939176275504
2015-01-16,0.431922506338808
2015-01-19,0.4753753103783401
2015-01-20,0.5151734693646108
2015-01-21,0.5718425223018015
2015-01-22,0.5911564814962025
2015-01-23,0.5909871814327402
2015-01-26,0.5906425251580989
2015-01-27,0.5823094966855333
2015-01-28,0.6263051191928759
2015-01-29,0.622042265254435
2015-01-30,0.6288615295958049
2015-02-02,0.5505080885465727
2015-02-03,0.5326505914046289
2015-02-04,0.5489394904428966
2015-02-05,0.5555580162145657
2015-02-06,0.587369919213541
2015-02-09,0.5742971738276477
2015-02-10,0.5844182303035045
2015-02-11,0.5965496992059344
2015-02-12,0.5947956576884256
2015-02-13,0.5997543206411985
2015-02-16,0.59832144343903
2015-02-17,0.5927910086851744
2015-02-25,0.5328238411291617
2015-02-26,0.5154435988221134
2015-02-27,0.517073047808186
2015-03-02,0.521097315522247
2015-03-03,0.5107725826589314
2015-03-04,0.5028400276652865
2015-03-05,0.5202496934642381
2015-03-06,0.5211699145377895
2015-03-09,0.5346898934872073
2015-03-10,0.5380899562588121
2015-03-11,0.5376257955304181
2015-03-12,0.5275745066811341
2015-03-13,0.5239130967501948
2015-03-16,0.5497725244092744
2015-03-17,0.5560265694441832
2015-03-18,0.5402240026144064
2015-03-19,0.5424027378212278
2015-03-20,0.5295328230858289
2015-03-23,0.5145697675713492
2015-03-24,0.5159637966936829
2015-03-25,0.5306721260254611
2015-03-26,0.5338121933821844
2015-03-27,0.5259491256492328
2015-03-30,0.5090747247032227
2015-03-31,0.4889733301521181
2015-04-01,0.4813756384203115
2015-04-02,0.48216017308820425
2015-04-03,0.530790355767141
2015-04-07,0.49552001446539123
2015-04-08,0.4706649800151114
2015-04-09,0.498080038627465
2015-04-10,0.5120195494097656
2015-04-13,0.497781627431255
2015-04-14,0.4936399207867895
2015-04-15,0.5106514516975926
2015-04-16,0.5226090686098629
2015-04-17,0.5735826621190554
2015-04-20,0.49869740618021124
2015-04-21,0.5425593720449244
2015-04-22,0.5197577824438699
2015-04-23,0.5221628413544502
2015-04-24,0.48590247212090726
2015-04-27,0.5191957242922862
2015-04-28,0.5032570363890432
2015-04-29,0.5202120841746124
2015-04-30,0.5049656328520891
2015-05-04,0.5191101183630769
2015-05-05,0.6611996822146535
2015-05-06,0.6884711653367317
2015-05-07,0.7049022397703076
2015-05-08,0.7152332482109183
2015-05-11,0.7191884047706116
2015-05-12,0.7582924187730649
2015-05-13,0.7760621021545339
2015-05-14,0.785952588912453
2015-05-15,0.7435174113096894
2015-05-18,0.7474764041057754
2015-05-19,0.7095543414167095
2015-05-20,0.7144930878414816
2015-05-21,0.7421341624459912
2015-05-22,0.7410218126106947
2015-05-25,0.8944283318547595
2015-05-26,0.9969609708194804
2015-05-27,0.9947439670303247
2015-05-28,1.1116185947092088
2015-05-29,1.1114687102108889
2015-06-01,1.2189096083698028
2015-06-02,1.2801061207603304
2015-06-03,1.291430443367276
2015-06-04,1.2815853646986275
2015-06-05,1.282375086881347
2015-06-08,1.1754443281006024
2015-06-09,1.1733005158515912
2015-06-10,1.17271094980271
2015-06-11,1.169106828010419
2015-06-12,1.1676312029476963
2015-06-15,1.1255553445269284
2015-06-16,1.1411474109360407
2015-06-17,1.1315696850703907
2015-06-18,1.1506093908724526
2015-06-19,1.0421229631701474
2015-06-23,1.1317248405614633
2015-06-24,1.1520559398915764
2015-06-25,1.0690585597920814
2015-06-26,1.1167195095576317
2015-06-29,1.105417437535859
2015-06-30,1.096512325674451
2015-07-01,1.0509496323849978
2015-07-02,1.1148414776630085
2015-07-03,1.1737499268889113
2015-07-06,1.0713882639065955
2015-07-07,1.1106316714299016
2015-07-08,1.152265161830399
2015-07-09,1.1895698322382031
2015-07-10,1.2307571186008741
2015-07-13,1.2679734789738017
2015-07-14,1.2421870523523049
2015-07-15,1.28672756415826
2015-07-16,1.2911292410784114
2015-07-17,1.3327027627551777
2015-07-20,1.3345862675831726
2015-07-21,1.3340196688802681
2015-07-22,1.3301733547131875
2015-07-23,1.3261218033267348
2015-07-24,1.3153368247276023
2015-07-27,1.2950682838305072
2015-07-28,1.2951990597359992
2015-07-29,1.333871473504479
2015-07-30,1.3101322804345443
2015-07-31,1.3098677040855573
2015-08-03,1.3024917270887706
2015-08-04,1.343047099977998
2015-08-05,1.3323893070973212
2015-08-06,1.332918397668846
2015-08-07,1.336033728937534
2015-08-10,1.349511322716799
2015-08-11,1.3507514843309039
2015-08-12,1.3460228512742287
2015-08-13,1.3387072942537224
2015-08-14,1.3386927819021386
2015-08-17,1.3386414579039134
2015-08-18,1.2191648825803634
2015-08-19,1.2094053485317273
2015-08-20,1.2572894137370174
2015-08-21,1.2865651882278628
2015-08-24,1.2665025761107904
2015-08-25,1.280817517216699
2015-08-26,1.2896493429187148
2015-08-27,1.2489219471478452
2015-08-28,1.2847319899267875
2015-08-31,1.2944198251260224
2015-09-01,1.29600585606472
2015-09-02,1.2932518532864212
2015-09-07,1.3190532129305197
2015-09-08,1.3064953171024625
2015-09-09,1.3306173637097474
2015-09-10,1.3305239087906249
2015-09-11,1.3317726423931602
2015-09-14,1.3613975806853804
2015-09-15,1.3981125474510196
2015-09-16,1.4288560981858343
2015-09-17,1.3899940735921639
2015-09-18,1.3877759195755193
2015-09-21,1.412405437920512
2015-09-22,1.4111219327588986
2015-09-23,1.396485780516523
2015-09-24,1.3965697662501062
2015-09-25,1.4144296128932055
2015-09-28,1.4142795294284045
2015-09-29,1.4221974305252818
2015-09-30,1.439074346409315
2015-10-08,1.4314979284984646
2015-10-09,1.4383029444003594
2015-10-12,1.4307274130634
2015-10-13,1.4305559116790985
2015-10-14,1.430352423689329
2015-10-15,1.4288011420256985
2015-10-16,1.4287015359052522
2015-10-19,1.4286897093394828
2015-10-20,1.433281852848232
2015-10-21,1.4676546999820708
2015-10-22,1.4846022273763924
2015-10-23,1.4878628849387494
2015-10-26,1.498855314314668
2015-10-27,1.4997193692726376
2015-10-28,1.5194440901947766
2015-10-29,1.5215673512427086
2015-10-30,1.5217111871324949
2015-11-02,1.5347550014016105
2015-11-03,1.535935584929131
2015-11-04,1.5095588794920676
2015-11-05,1.4882648585585578
2015-11-06,1.4741501571555216
2015-11-09,1.4629216140530552
2015-11-10,1.4627881836653922
2015-11-11,1.4629081171774234
2015-11-12,1.4548193193926962
2015-11-13,1.4700942644484811
2015-11-16,1.470057227676591
2015-11-17,1.468313941965032
2015-11-18,1.475963814911322
2015-11-19,1.4771553080596946
2015-11-20,1.477048713645998
2015-11-23,1.4790549809335076
2015-11-24,1.4791285424012637
2015-11-25,1.4820389160805225
2015-11-26,1.4807436359476287
2015-11-27,1.4862873891497808
2015-11-30,1.4833084905092468
2015-12-01,1.4777418055178622
2015-12-02,1.4194664670439388
2015-12-03,1.419602262464553
2015-12-04,1.4125333175431003
2015-12-07,1.4122110237510825
2015-12-08,1.4249017501955261
2015-12-09,1.4327470360231878
2015-12-10,1.4380990593779173
2015-12-11,1.4354971056504835
2015-12-14,1.3978848912051771
2015-12-15,1.3970244305553725
2015-12-16,1.3954163266004256
2015-12-17,1.3836997694507631
2015-12-18,1.3826459285220603
2015-12-21,1.3518923478573535
2015-12-22,1.3523016310385296
2015-12-23,1.35479813024639
2015-12-24,1.3587628988354545
2015-12-25,1.3580198121735207
2015-12-28,1.3160715191063215
2015-12-29,1.3103506593473964
2015-12-30,1.311928890662189
2015-12-31,1.3070224307114737
2016-01-04,1.2637218648414785
2016-01-05,1.2671942523698043
2016-01-06,1.2656945542922475
2016-01-07,1.2923138758085646
2016-01-08,1.2710104202614534
2016-01-11,1.3021883788224937
2016-01-12,1.2962573113883493
2016-01-13,1.3278361008731896
2016-01-14,1.3563542845125514
2016-01-15,1.3421173879423642
2016-01-18,1.343854805356553
2016-01-19,1.356994797774473
2016-01-20,1.3561466050576483
2016-01-21,1.3719030003301491
2016-01-22,1.3759923452942673
2016-01-25,1.375564652973482
2016-01-26,1.388389311914439
2016-01-27,1.384436890669044
2016-01-28,1.4155225822927022
2016-01-29,1.398520632307055
2016-02-01,1.4084581437059027
2016-02-02,1.41039852612331
2016-02-03,1.4088533660389888
2016-02-04,1.413787450329512
2016-02-05,1.4149749767510411
2016-02-15,1.4088474535520137
2016-02-16,1.4006639827742695
2016-02-17,1.4062798812892787
2016-02-18,1.4079178497178124
2016-02-19,1.4077701785732721
2016-02-22,1.389308872233428
2016-02-23,1.391385816652791
2016-02-24,1.392625446530684
2016-02-25,1.424440855772056
2016-02-26,1.4138838117822585
2016-02-29,1.4366958921758932
2016-03-01,1.4399644865571735
2016-03-02,1.4422634668798424
2016-03-03,1.4413012677514616
2016-03-04,1.4356231765366445
2016-03-07,1.4411004217364343
2016-03-08,1.4402511682483403
2016-03-09,1.4430298775740644
2016-03-10,1.4392586038456785
2016-03-11,1.4377234679134472
2016-03-14,1.4441250702728272
2016-03-15,1.4434149834462682
2016-03-16,1.4366133905568226
2016-03-17,1.4436977621412441
2016-03-18,1.4598996480112345
2016-03-21,1.4490038156383536
2016-03-22,1.438263870443797
2016-03-23,1.4360534507795943
2016-03-24,1.4153418937014801
2016-03-25,1.4146718392638753
2016-03-28,1.4162950586560064
2016-03-29,1.4165401765486223
2016-03-30,1.41295805416453
2016-03-31,1.41341874482076
2016-04-01,1.4126700621064319
2016-04-05,1.4114154076362593
2016-04-06,1.410673381260111
2016-04-07,1.418907535387856
2016-04-08,1.4185194922998259
2016-04-11,1.4194447477337782
2016-04-12,1.421411188187093
2016-04-13,1.423613683366048
2016-04-14,1.422406848404689
2016-04-15,1.4226263055209891
2016-04-18,1.4263909831454935
2016-04-19,1.4258689522918093
2016-04-20,1.4449894667448286
2016-04-21,1.4488787351223886
2016-04-22,1.449068210035638
2016-04-25,1.4461840872151395
2016-04-26,1.4441740892717836
2016-04-27,1.445025133568551
2016-04-28,1.4457720712741284
2016-04-29,1.4461284473392737
2016-05-03,1.4580650181519965
2016-05-04,1.4580918019979145
2016-05-05,1.4625066196985828
2016-05-06,1.4873097431421498
2016-05-09,1.5059150225160869
2016-05-10,1.5067937295909912
2016-05-11,1.5014489928037906
2016-05-12,1.503623182697292
2016-05-13,1.5043902095786519
2016-05-16,1.5028887437602236
2016-05-17,1.5007552571244536
2016-05-18,1.5032657455380272
2016-05-19,1.5029465758884453
2016-05-20,1.5054038786648916
2016-05-23,1.5027906660282362
2016-05-24,1.5031061729844906
2016-05-25,1.5036015857595648
2016-05-26,1.5018710734255578
2016-05-27,1.5020605668154356
2016-05-30,1.4991702153504856
2016-05-31,1.460344408735341
2016-06-01,1.4585294448767465
2016-06-02,1.4586560623118054
2016-06-03,1.4505752079453662
2016-06-06,1.4512711572538977
2016-06-07,1.4511066062608213
2016-06-08,1.4458392199938337
2016-06-13,1.3995032251373232
2016-06-14,1.39330868077518
2016-06-15,1.396042263884254
2016-06-16,1.3776929407823797
2016-06-17,1.3767961339648829
2016-06-20,1.3782530153144363
2016-06-21,1.3778087615920491
2016-06-22,1.3748690089686428
2016-06-23,1.3515516097566962
2016-06-24,1.3508249629335476
2016-06-27,1.3983679123722645
2016-06-28,1.3935593075846933
2016-06-29,1.3893800531765153
2016-06-30,1.3933430816826706
2016-07-01,1.396083945772832
2016-07-04,1.5394995262984188
2016-07-05,1.5446631514485192
2016-07-06,1.555161566855277
2016-07-07,1.5595261443113642
2016-07-08,1.5586251484851208
2016-07-11,1.5555923316083364
2016-07-12,1.4405388526470257
2016-07-13,1.437777421382753
2016-07-14,1.4354737644388074
2016-07-15,1.438552771363366
2016-07-18,1.4433100660776248
2016-07-19,1.4310230480899424
2016-07-20,1.4379013897050434
2016-07-21,1.431842622952569
2016-07-22,1.4103727682242708
2016-07-25,1.415899748182431
2016-07-26,1.3919470638624085
2016-07-27,1.4969144278506101
2016-07-28,1.4934471214080929
2016-07-29,1.512705397892539
2016-08-01,1.493786519903105
2016-08-02,1.4914970111954184
2016-08-03,1.4901959928643485
2016-08-04,1.4944328459187304
2016-08-05,1.4901206902381616
2016-08-08,1.624607738289449
2016-08-09,1.6012064029207334
2016-08-10,1.6091591943667576
2016-08-11,1.6292629783255301
2016-08-12,1.5691594138881657
2016-08-15,1.5242138832383039
2016-08-16,1.5187044704004526
2016-08-17,1.5049286033593605
2016-08-18,1.4991105917686587
2016-08-19,1.499059230785132
2016-08-22,1.5526235102867338
2016-08-23,1.549609276056032
2016-08-24,1.530569892534904
2016-08-25,1.536957650469954
2016-08-26,1.5372168010088891
2016-08-29,1.5412354287867547
2016-08-30,1.5424521258610464
2016-08-31,1.5127375529216458
2016-09-01,1.5352155138285624
2016-09-02,1.538584714078016
2016-09-05,1.5386282483431806
2016-09-06,1.5296667671711413
2016-09-07,1.529367847486717
2016-09-08,1.5286506987572233
2016-09-09,1.5232129477913523
2016-09-12,1.614848763046209
2016-09-13,1.6135566691222927
2016-09-14,1.6134457467133374
2016-09-19,1.6052827209574454
2016-09-20,1.6096809215769838
2016-09-21,1.610006246834737
2016-09-22,1.604147809215091
2016-09-23,1.5953076119540077
2016-09-26,1.652086751198665
2016-09-27,1.6493207941105315
2016-09-28,1.651448705248448
2016-09-29,1.6431685228724644
2016-09-30,1.6468175646181598
2016-10-10,1.652437531806642
2016-10-11,1.6550591885248076
2016-10-12,1.6533593424935882
2016-10-13,1.6513164990492344
2016-10-14,1.651780062957335
2016-10-17,1.6641540487168824
2016-10-18,1.6416098325480195
2016-10-19,1.626531995134559
2016-10-20,1.6246544947493917
2016-10-21,1.6258814552164436
2016-10-24,1.6546903575940215
2016-10-25,1.6549305199841424
2016-10-26,1.654278000146497
2016-10-27,1.651100183970309
2016-10-28,1.6622154779083411
2016-10-31,1.654833671133808
2016-11-01,1.6229580925359242
2016-11-02,1.636813639263038
2016-11-03,1.5975209312933107
2016-11-04,1.6123799099293312
2016-11-07,1.611874289762347
2016-11-08,1.6137235894562603
2016-11-09,1.6245948271466568
2016-11-10,1.6288410656631553
2016-11-11,1.6097382627793457
2016-11-14,1.6267640509338857
2016-11-15,1.6281779127627674
2016-11-16,1.6300722457563739
2016-11-17,1.6370132785263365
2016-11-18,1.6370815839055892
2016-11-21,1.6221183010988134
2016-11-22,1.5884406893571894
2016-11-23,1.5951059926313962
2016-11-24,1.5676027977415024
2016-11-25,1.5271037916888128
2016-11-28,1.5195893514550385
2016-11-29,1.5228776914413067
2016-11-30,1.5296881804224112
2016-12-01,1.501021226916683
2016-12-02,1.5724688693218214
2016-12-05,1.4278864053781575
2016-12-06,1.4341690678291814
2016-12-07,1.437164103182227
2016-12-08,1.4415390746213643
2016-12-09,1.4202006440595463
2016-12-12,1.383879168295619
2016-12-13,1.37413374082288
2016-12-14,1.3003945962676249
2016-12-15,1.1968593210306488
2016-12-16,1.1942529162510016
2016-12-19,1.1704821756146713
2016-12-20,1.172859503780551
2016-12-21,1.1866902134404813
2016-12-22,1.190398297778329
2016-12-23,1.1856216854393096
2016-12-26,1.1696734640633917
2016-12-27,1.1809993211570815
2016-12-28,1.1671168666278973
2016-12-29,1.1656869963780019
2016-12-30,1.1613401707592947
2017-01-03,1.263126668383984
2017-01-04,1.2419725001990094
2017-01-05,1.2401482296792312
2017-01-06,1.2370388182481313
2017-01-09,1.3197081321815767
2017-01-10,1.3325505861264821
2017-01-11,1.300974395466789
2017-01-12,1.3426267527410016
2017-01-13,1.3421103737334075
2017-01-16,1.3430017666207865
2017-01-17,1.3574968668951506
2017-01-18,1.3575665598714894
2017-01-19,1.3582620097218272
2017-01-20,1.3706429276622167
2017-01-23,1.3846583543085187
2017-01-24,1.3828819003852433
2017-01-25,1.3718238014095228
2017-01-26,1.3921206504428707
2017-02-03,1.3657093184116251
2017-02-06,1.36681607125918
2017-02-07,1.3972854253593432
2017-02-08,1.4871871524683355
2017-02-09,1.4753729000067226
2017-02-10,1.4260269170549185
2017-02-13,1.376868738417423
2017-02-14,1.3778268497584498
2017-02-15,1.378551728414763
2017-02-16,1.3911671244851516
2017-02-17,1.3440774292477926
2017-02-20,1.240460644055353
2017-02-21,1.2297278706397992
2017-02-22,1.2218047928253648
2017-02-23,1.2609116442583852
2017-02-24,1.2607881621445514
2017-02-27,1.2893490020157277
2017-02-28,1.2918824932574466
2017-03-01,1.3102125034725463
2017-03-02,1.2798233062614588
2017-03-03,1.2724763411600568
2017-03-06,1.3369199179674471
2017-03-07,1.3213117021171121
2017-03-08,1.3268160817701153
2017-03-09,1.3030835909604666
2017-03-10,1.3005470119511746
2017-03-13,1.279762370590937
2017-03-14,1.2829318996368522
2017-03-15,1.2808365954545005
2017-03-16,1.2884888375944061
2017-03-17,1.358427253446033
2017-03-20,1.3570237096380198
2017-03-21,1.345149834136327
2017-03-22,1.3469407737625718
2017-03-23,1.3794011729804478
2017-03-24,1.3326270709327792
2017-03-27,1.2886985722091113
2017-03-28,1.2956724549307987
2017-03-29,1.284981089317169
2017-03-30,1.2583455014899814
2017-03-31,1.3017735589157242
2017-04-05,1.225829085866202
2017-04-06,1.212415328664552
2017-04-07,1.214438875453945
2017-04-10,1.2408981982219498
2017-04-11,1.3587813415877994
2017-04-12,1.3687258315741335
2017-04-13,1.368251788436919
2017-04-14,1.3996006958737797
2017-04-17,1.4137400878111261
2017-04-18,1.3787849483230536
2017-04-19,1.5051692237256964
2017-04-20,1.420148502681686
2017-04-21,1.4132162564691375
2017-04-24,1.3941623578531777
2017-04-25,1.368954972648532
2017-04-26,1.3770966435778238
2017-04-27,1.3809804148728972
2017-04-28,1.3549776211910465
2017-05-02,1.3419779052303364
2017-05-03,1.2600506718146207
2017-05-04,1.3589196740644347
2017-05-05,1.6619579520599286
2017-05-08,2.0846073874167543
2017-05-09,2.0858214000733026
2017-05-10,2.28783002219611
2017-05-11,2.3136383529577476
2017-05-12,2.093133545217632
2017-05-15,2.044758921071559
2017-05-16,2.102091255971471
2017-05-17,1.9940431085146508
2017-05-18,2.0071063477120292
2017-05-19,1.9945066348200218
2017-05-22,1.9500876106118719
2017-05-23,1.80650064554829
2017-05-24,1.804107082956815
2017-05-25,1.6339363356867052
2017-05-26,1.6371971955001308
2017-05-31,1.6317291754364698
2017-06-01,1.6154686371206868
2017-06-02,1.5186309484638905
2017-06-05,1.4824116168373958
2017-06-06,1.541768465729266
2017-06-07,1.5142626998661652
2017-06-08,1.4187888222413976
2017-06-09,1.398068366923765
2017-06-12,1.4125401102443418
2017-06-13,1.4279416003994145
2017-06-14,1.205869966687788
2017-06-15,1.172739874657682
2017-06-16,1.155099325389248
2017-06-19,1.265602532868277
2017-06-20,1.2721710994837574
2017-06-21,1.203933655184543
2017-06-22,1.1996155567551587
2017-06-23,1.1411779008389238
2017-06-26,1.171813972138508
2017-06-27,1.17492991715756
2017-06-28,1.2204001348137812
2017-06-29,1.2307454034168928
2017-06-30,1.2329713797715331
2017-07-03,1.207119150968472
2017-07-04,1.051281626130041
2017-07-05,0.977606991233895
2017-07-06,0.9789271534558335
2017-07-07,0.9760386541062966
2017-07-10,0.9760763968020931
2017-07-11,0.938372654077207
2017-07-12,0.9675010842452169
2017-07-13,0.980879669926792
2017-07-14,0.9641848460755843
2017-07-17,1.3347760737311838
2017-07-18,1.339646781660036
2017-07-19,1.2694206135751183
2017-07-20,1.300471514487102
2017-07-21,1.2574543934281637
2017-07-24,1.3058692699215126
2017-07-25,1.32753070191018
2017-07-26,1.2830273385924877
2017-07-27,1.2906426497072963
2017-07-28,1.2759077142968465
2017-07-31,1.2315220659308228
2017-08-01,1.1453634522348286
2017-08-02,1.1747295576345624
2017-08-03,1.1088553821438467
2017-08-04,0.8346272255862971
2017-08-07,0.7840680324333721
2017-08-08,0.7889514459621119
2017-08-09,0.7900634829329012
2017-08-10,0.7875919864313227
2017-08-11,0.651259699718558
2017-08-14,0.6882136564587059
2017-08-15,0.6948035839550407
2017-08-16,0.6707015470455414
2017-08-17,0.6485381716217664
2017-08-18,0.640936931147331
2017-08-21,0.6271937482038548
2017-08-22,0.6213853186943453
2017-08-23,0.6219010993941381
2017-08-24,0.6472347951734865
2017-08-25,0.6655130528920332
2017-08-28,0.7262662876435149
2017-08-29,0.7491079550938021
2017-08-30,0.7485699624084339
2017-08-31,0.761809511966565
2017-09-01,0.7556671804181857
2017-09-04,0.7848358029618465
2017-09-05,0.7625318925953849
2017-09-06,0.7525189213793151
2017-09-07,0.7864024295761161
2017-09-08,0.791321210487629
2017-09-11,0.7897222738535824
2017-09-12,0.7713571294897891
2017-09-13,0.7716626410628769
2017-09-14,0.7695992127237321
2017-09-15,0.7696893258024993
2017-09-18,0.7621375973036463
2017-09-19,0.7663992138052331
2017-09-20,0.7954515907119077
2017-09-21,0.80891710254054
2017-09-22,0.8101774398066796
2017-09-25,0.8075016603663489
2017-09-26,0.8094361884729772
2017-09-27,0.808042704446736
2017-09-28,0.8085171425529292
2017-09-29,0.8130358439190897
2017-10-09,0.6992268122841644
2017-10-10,0.6990897831341923
2017-10-11,0.6818696961461294
2017-10-12,0.7503047860349216
2017-10-13,0.7392312885642819
2017-10-16,0.70314262158333
2017-10-17,0.7001716082292025
2017-10-18,0.5692170874472039
2017-10-19,0.6503167280579544
2017-10-20,0.6332007284329368
2017-10-23,0.6274831152938104
2017-10-24,0.509570928801011
2017-10-25,0.5242892267915242
2017-10-26,0.5556105463033605
2017-10-27,0.47690895520278526
2017-10-30,0.6012975301348736
2017-10-31,0.5913066782478853
2017-11-01,0.5958464936046544
2017-11-02,0.6000826456466273
2017-11-03,0.6042949033776704
2017-11-06,0.7232827095427058
2017-11-07,0.7095504556889508
2017-11-08,0.6778502647261261
2017-11-09,0.6919535056981958
2017-11-10,0.5696467604649662
2017-11-13,0.5312835714107609
2017-11-14,0.43340471993287805
2017-11-15,0.5353619346233401
2017-11-16,0.4506085211020645
2017-11-17,0.3371568033413311
2017-11-20,0.30961140908703794
2017-11-21,0.23654635337612112
2017-11-22,0.2742794070044654
2017-11-23,0.5407839011658866
2017-11-24,0.5408494590619369
2017-11-27,0.527374195271005
2017-11-28,0.5308963710886032
2017-11-29,0.5249540045200061
2017-11-30,0.5177539360371883
2017-12-01,0.5135924588597917
2017-12-04,0.44048488752690335
2017-12-05,0.42578095343049754
2017-12-06,0.3630323012196925
2017-12-07,0.18970352134565857
2017-12-08,0.1657204129797026
2017-12-11,0.1748788759601625
2017-12-12,0.24458508934126202
2017-12-13,0.2910541099605201
2017-12-14,0.2931943220523422
2017-12-15,0.20262215636691244
2017-12-18,0.20522025662751786
2017-12-19,0.23716916778423605
2017-12-20,0.2458646854666728
2017-12-21,0.29808032601337936
2017-12-22,0.30396659576262375
2017-12-25,0.38881024407151155
2017-12-26,0.3968200304803097
2017-12-27,0.35490894085279395
2017-12-28,0.3244631478321868
2017-12-29,0.32338857715935726
2018-01-02,0.3592280898836037
2018-01-03,0.37256330329907666
2018-01-04,0.3701808876359344
2018-01-05,0.36562354026943245
2018-01-08,0.34875454717748755
2018-01-09,0.3567909753291925
2018-01-10,0.3413370880420418
2018-01-11,0.33784656042204947
2018-01-12,0.3159698050501734
2018-01-15,0.3215123183541535
2018-01-16,0.21209888926901643
2018-01-17,0.21903105711037732
2018-01-18,0.2259910796913273
2018-01-19,0.2309912438336109
2018-01-22,0.24219527224877752
2018-01-23,0.27952393444772694
2018-01-24,0.2848572485267299
2018-01-25,0.20614745653455815
2018-01-26,0.19176691810886573
2018-01-29,0.244159376008525
2018-01-30,0.24414587569280088
2018-01-31,0.19748788387240537
2018-02-01,0.2354716704212351
2018-02-02,0.26314381483260085
2018-02-05,0.2616046624607278
2018-02-06,1.0434877332369086
2018-02-07,1.2042369753818243
2018-02-08,1.121240379801501
2018-02-09,1.0881747775771582
2018-02-12,1.0959052512538323
2018-02-13,1.111064012467776
2018-02-14,1.09739985516382
2018-02-22,1.0629429130707408
2018-02-23,1.066837978429722
2018-02-26,1.1189538390559706
2018-02-27,0.9524097995119803
2018-02-28,0.9380428467979517
2018-03-01,0.9523384155893138
2018-03-02,0.9274208184765026
2018-03-05,0.927601941849796
2018-03-06,0.9640086248875612
2018-03-07,0.9734780151343322
2018-03-08,0.9523435248291541
2018-03-09,0.9606690501920185
2018-03-12,0.9596607262063945
2018-03-13,0.9446950206847783
2018-03-14,0.9809496625098988
2018-03-15,0.9848537667503693
2018-03-16,0.9843756461475321
2018-03-19,0.9918086291530411
2018-03-20,0.9927261811051805
2018-03-21,0.9647037419712909
2018-03-22,0.9145854222580813
2018-03-23,0.6436036311854085
2018-03-26,0.5747771325401451
2018-03-27,0.5732119693308463
2018-03-28,0.6177091862837466
2018-03-29,0.5653786537332597
2018-03-30,0.5724680017371527
2018-04-02,0.540205190480766
2018-04-03,0.5132008548263539
2018-04-04,0.5146303873358965
2018-04-09,0.5127581231025637
2018-04-10,0.3681288271609999
2018-04-11,0.36855041847656933
2018-04-12,0.4023778391983896
2018-04-13,0.36016622169597845
2018-04-16,0.3425859789584386
2018-04-17,0.29937309422437086
2018-04-18,0.3291087345188585
2018-04-19,0.3373559184232559
2018-04-20,0.3560198316626798
2018-04-23,0.3343570890607678
2018-04-24,0.4557729515038946
2018-04-25,0.4481860695367701
2018-04-26,0.4009715535144697
2018-04-27,0.3992236375676041
2018-05-02,0.40852099292417976
2018-05-03,0.37203670510676257
2018-05-04,0.38403044035875994
2018-05-07,0.3781381245750225
2018-05-08,0.3942807632766357
2018-05-09,0.39704385659458535
2018-05-10,0.3639936312375925
2018-05-11,0.37170350530928953
2018-05-14,0.2860276212363044
2018-05-15,0.3001783081607764
2018-05-16,0.2774427499050755
2018-05-17,0.2935646831491218
2018-05-18,0.2800532072395478
2018-05-21,0.2883924422497776
2018-05-22,0.3053129766294757
2018-05-23,0.2757212514477491
2018-05-24,0.30878852537247203
2018-05-25,0.3045396331084847
2018-05-28,0.27012937452066527
2018-05-29,0.2686973777822984
2018-05-30,0.24431633992007942
2018-05-31,0.14048276872632398
2018-06-01,0.19374212898659188
2018-06-04,0.19211919161302538
2018-06-05,0.26277160407134115
2018-06-06,0.25673476452066246
2018-06-07,0.2604162172501162
2018-06-08,0.30506196584079653
2018-06-11,0.3054152398226425
2018-06-12,0.304496884799592
2018-06-13,0.3575228103776335
2018-06-14,0.36735129131506267
2018-06-15,0.40023883630522655
2018-06-19,0.5471671559616852
2018-06-20,0.5724103720391545
2018-06-21,0.6127030617313085
2018-06-22,0.6354722071613427
2018-06-25,0.6172229487366855
2018-06-26,0.5515335602254771
2018-06-27,0.4986214550660817
2018-06-28,0.5104501595217956
2018-06-29,0.6336378826210928
2018-07-02,0.5954450681445452
2018-07-03,0.5994544551882639
2018-07-04,0.6013269494555501
2018-07-05,0.6098576081235234
2018-07-06,0.6147161812128702
2018-07-09,0.6778435415655
2018-07-10,0.6782551042015873
2018-07-11,0.7419673622431221
2018-07-12,0.7498618481533198
2018-07-13,0.7456247471590715
2018-07-16,0.7332941372353823
2018-07-17,0.7331451911425515
2018-07-18,0.7470598640660056
2018-07-19,0.7499002670330766
2018-07-20,0.8102294124867787
2018-07-23,0.8979872841544332
2018-07-24,0.8724505526058238
2018-07-25,0.870516119688017
2018-07-26,0.8846905899525422
2018-07-27,0.8779763753398295
2018-07-30,0.8821166744415195
2018-07-31,0.8830578198245526
2018-08-01,0.964659589968135
2018-08-02,1.0535483928452656
2018-08-03,1.0233283005142373
2018-08-06,1.0669317851144329
2018-08-07,1.0407480426997204
2018-08-08,1.0852686610204811
2018-08-09,1.1189305302503234
2018-08-10,1.1211483101624158
2018-08-13,1.116054807843132
2018-08-14,1.1218095265878534
2018-08-15,1.0737272776344267
2018-08-16,1.0755676179111966
2018-08-17,1.0821362966107142
2018-08-20,1.0922428140764908
2018-08-21,1.07398565360956
2018-08-22,1.0720786424758193
2018-08-23,1.0734655502807957
2018-08-24,1.0696556829687156
2018-08-27,1.1216894537189388
2018-08-28,1.1171419043668909
2018-08-29,1.1135118122913177
2018-08-30,1.1162367823741255
2018-08-31,1.11626016310807
2018-09-03,1.0983473227849538
2018-09-04,1.1593200159968118
2018-09-05,1.11456551672554
2018-09-06,1.0950301793946822
2018-09-07,1.0799399868901611
2018-09-10,1.1015557013851476
2018-09-11,1.0947172736461097
2018-09-12,1.0993953829378809
2018-09-13,1.1344405450926065
2018-09-14,1.1169612909734534
2018-09-17,1.1096928269819142
2018-09-18,1.0956259366182801
2018-09-19,1.076594956114423
2018-09-20,1.0778117996771253
2018-09-21,0.9459887816575888
2018-09-25,0.9152004702430327
2018-09-26,0.9074696711662783
2018-09-27,0.9152385677032406
2018-09-28,0.9072314769887111
2018-10-08,0.7848464635382069
2018-10-09,0.7861925990654385
2018-10-10,0.7848176549845978
2018-10-11,0.883671034879253
2018-10-12,0.9333582934680759
2018-10-15,0.9094999640244147
2018-10-16,0.9133737508218956
2018-10-17,0.9064249919201135
2018-10-18,0.930209149302628
2018-10-19,0.8540918510997884
2018-10-22,0.9097560733732306
2018-10-23,0.8687523759319751
2018-10-24,0.8682427809674764
2018-10-25,0.8657559478965411
2018-10-26,0.8647274155030577
2018-10-29,0.8333660966261971
2018-10-30,0.8256615341742741
2018-10-31,0.8293945265211222
2018-11-01,0.8409174482624172
2018-11-02,0.8006381064991117
2018-11-05,0.796889154645743
2018-11-06,0.799367779106069
2018-11-07,0.799123024746009
2018-11-08,0.802815614480092
2018-11-09,0.7929808483510774
2018-11-12,0.800599878175501
2018-11-13,0.8003774170383455
2018-11-14,0.7994140063119939
2018-11-15,0.8249572043477527
2018-11-16,0.819237581244671
2018-11-19,0.815043266851748
2018-11-20,0.7774318419220673
2018-11-21,0.7752910562310272
2018-11-22,0.7732451851216396
2018-11-23,0.8226723518421615
2018-11-26,0.8225544256346594
2018-11-27,0.8223721650780423
2018-11-28,0.8219601683947447
2018-11-29,0.8282555006618136
2018-11-30,0.8268932876198227
2018-12-03,0.8161697543170106
2018-12-04,0.8136856602689895
2018-12-05,0.8200196975260977
2018-12-06,0.7905464327283335
2018-12-07,0.7904517345299421
2018-12-10,0.8118235491592375
2018-12-11,0.8129293278661602
2018-12-12,0.8134229252028263
2018-12-13,0.8122078920242976
2018-12-14,0.8327750933809109
2018-12-17,0.8307242928691119
2018-12-18,0.8270778872113717
2018-12-19,0.826292974049893
2018-12-20,0.8356477507603616
2018-12-21,0.84745785993097
2018-12-24,0.8483513677877137
2018-12-25,0.8526921520448213
2018-12-26,0.8581901543898915
2018-12-27,0.8622656542135992
2018-12-28,0.8613397403415184
2019-01-02,0.842760454697941
2019-01-03,0.8381752349638708
2019-01-04,0.8215498942167128
2019-01-07,0.8383621415555138
2019-01-08,0.8404067737440998
2019-01-09,0.8201898304672433
2019-01-10,0.8198360019024484
2019-01-11,0.8222545581466334
2019-01-14,0.8250571838257361
2019-01-15,0.8205469917529143
2019-01-16,0.820164137723258
2019-01-17,0.8259238577781977
2019-01-18,0.8102950308185769
2019-01-21,0.8141715551669045
2019-01-22,0.81710554090111
2019-01-23,0.8171590406930387
2019-01-24,0.8201007975283651
2019-01-25,0.811619294827825
2019-01-28,0.8116131197728362
2019-01-29,0.8022193324262288
2019-01-30,0.7952975835801862
2019-01-31,0.784434431486786
2019-02-01,0.7992599754508747
2019-02-11,0.8019082117510979
2019-02-12,0.8051042193496346
2019-02-13,0.8350529591876711
2019-02-14,0.8348280160690309
2019-02-15,0.8279275600915753
2019-02-18,0.8559586206768094
2019-02-19,0.8553286002982295
2019-02-20,0.8532760415598283
2019-02-21,0.8542958144139801
2019-02-22,0.8436757922040325
2019-02-25,0.8966923629180549
2019-02-26,0.8954501002897395
2019-02-27,0.8938798224377464
2019-02-28,0.892833083381593
2019-03-01,0.8578328208886082
2019-03-04,0.8674790865003748
2019-03-05,0.8702367880282591
2019-03-06,0.861418403476596
2019-03-07,0.8574357989712195
2019-03-08,0.8928658790218529
2019-03-11,0.9512256364425444
2019-03-12,0.9596354276422694
2019-03-13,0.9520702899969776
2019-03-14,0.9643612129596109
2019-03-15,0.9578544432140566
2019-03-18,0.9232076358769179
2019-03-19,0.9075281459953674
2019-03-20,0.9077675490631587
2019-03-21,0.9078183922973954
2019-03-22,0.9071677449073805
2019-03-25,0.7607700079977255
2019-03-26,0.8108378998127733
2019-03-27,0.7813805094566748
2019-03-28,0.7840573589031916
2019-03-29,0.7934012667017457
2019-04-01,0.8046597242832642
2019-04-02,0.8046872066282317
2019-04-03,0.8001153989054083
2019-04-04,0.7975385909169803
2019-04-08,0.8003975425437675
2019-04-09,0.7995759289899235
2019-04-10,0.7970892507410705
2019-04-11,0.7825445625764446
2019-04-12,0.7834740202083028
2019-04-15,0.7826404445179181
2019-04-16,0.7694381858635259
2019-04-17,0.7691610422747639
2019-04-18,0.770984820633491
2019-04-19,0.7574742730498314
2019-04-22,0.7364074970567409
2019-04-23,0.7410816924111789
2019-04-24,0.7425347836611382
2019-04-25,0.7844526988444054
2019-04-26,0.7773498704395277
2019-04-29,0.772599765098578
2019-04-30,0.7735431437466013
2019-05-06,0.8721730507285517
2019-05-07,0.8712019941089192
2019-05-08,0.8521782260261979
2019-05-09,0.821543655505538
2019-05-10,0.8599572324102404
2019-05-13,0.8633011998331586
2019-05-14,0.8615263164625715
2019-05-15,0.8378059669280895
2019-05-16,0.8475902839009827
2019-05-17,0.8389683337655258
2019-05-20,0.8172690634212887
2019-05-21,0.8060750354583923
2019-05-22,0.8084659943305066
2019-05-23,0.8050447684568649
2019-05-24,0.7981644377475928
2019-05-27,0.8112041595869843
2019-05-28,0.8101503604629056
2019-05-29,0.8116724775150969
2019-05-30,0.8174531755621687
2019-05-31,0.8122872257651831
2019-06-03,0.8115490194427327
2019-06-04,0.8198417392076959
2019-06-05,0.8200621104568817
2019-06-06,0.8208797662643841
2019-06-10,0.8159199724497995
2019-06-11,0.8264571433092321
2019-06-12,0.8260992022015541
2019-06-13,0.8265402429633804
2019-06-14,0.8264310530317484
2019-06-17,0.8264170898980031
2019-06-18,0.8244009847568686
2019-06-19,0.8257907480031552
2019-06-20,0.8177902945816853
2019-06-21,0.8191328573413775
2019-06-24,0.8194155209571079
2019-06-25,0.8109317368088229
2019-06-26,0.8091043014660034
2019-06-27,0.7962610091644047
2019-06-28,0.7973777140186941
2019-07-01,0.7790197085127046
2019-07-02,0.7789097908374026
2019-07-03,0.7598422710709166
2019-07-04,0.74839882722055
2019-07-05,0.7425104306620726
2019-07-08,0.7800359117518507
2019-07-09,0.778989808191701
2019-07-10,0.778421456481566
2019-07-11,0.7787773855496045
2019-07-12,0.78152197227538
2019-07-15,0.7922901928654676
2019-07-16,0.7917602619106058
2019-07-17,0.7916703637116141
2019-07-18,0.8049605453147781
2019-07-19,0.8046700168644962
2019-07-22,0.8214555640992487
2019-07-23,0.8246573301242749
2019-07-24,0.8419238741512938
2019-07-25,0.8371265856306371
2019-07-26,0.839119784632494
2019-07-29,0.8384920532745538
2019-07-30,0.8346754580789388
2019-07-31,0.8269261047206053
2019-08-01,0.8301129915276647
2019-08-02,0.8504590217487253
2019-08-05,0.8148846008032624
2019-08-06,0.8316439422169748
2019-08-07,0.8430586791710395
2019-08-08,0.8353682429640944
2019-08-09,0.8585890410793594
2019-08-12,0.8417953492226493
2019-08-13,0.834896412017661
2019-08-14,0.8336581545003711
2019-08-15,0.8284881419316326
2019-08-16,0.8289452849884983
2019-08-19,0.8639848208298194
2019-08-20,0.8645216938134509
2019-08-21,0.8637298204503252
2019-08-22,0.8693501613156789
2019-08-23,0.8561335910328262
2019-08-26,0.8436641553839318
2019-08-27,0.8505418297859584
2019-08-28,0.8450622999425619
2019-08-29,0.8379552361651118
2019-08-30,0.8414360987779865
2019-09-02,0.9787234305621327
2019-09-03,0.9815043519758074
2019-09-04,0.9599817376864376
2019-09-05,0.9534013663572452
2019-09-06,0.9496631023998512
2019-09-09,0.9516812734423096
2019-09-10,0.9615843241543269
2019-09-11,0.9496853850791901
2019-09-12,0.916473981384038
2019-09-16,0.9117782864784361
2019-09-17,0.9717411879689731
2019-09-18,0.9678547433587481
2019-09-19,0.9711786117187906
2019-09-20,0.9631857382538126
2019-09-23,0.9601399996825482
2019-09-24,0.9575856735548567
2019-09-25,0.9716293810740174
2019-09-26,1.0083632259217046
2019-09-27,1.007065731873508
2019-09-30,1.0082740622863957
2019-10-08,0.9851425752847145
2019-10-09,0.9867093480572812
2019-10-10,0.9795595812493723
2019-10-11,0.948360713777708
2019-10-14,0.9595297271115227
2019-10-15,0.9731119351325346
2019-10-16,0.9742989625216735
2019-10-17,0.9740650158964475
2019-10-18,0.9807816000152125
2019-10-21,0.9891088100277005
2019-10-22,0.9862651694481271
2019-10-23,0.9844284301475933
2019-10-24,0.9839698829544864
2019-10-25,0.9917372442949328
2019-10-28,0.9985464872900999
2019-10-29,1.0167137466379648
2019-10-30,1.0271404489334115
2019-10-31,1.0240486668973041
2019-11-01,0.9750013118666937
2019-11-04,0.9753110751235499
2019-11-05,0.9608736834002042
2019-11-06,0.8388298547539252
2019-11-07,0.8287674284710616
2019-11-08,0.8425972975038305
2019-11-11,0.8596609424809246
2019-11-12,0.85959390216998
2019-11-13,0.8635899572025292
2019-11-14,0.8635334214434102
2019-11-15,0.8888032251645924
2019-11-18,0.8804766810129805
2019-11-19,0.9097174705795252
2019-11-20,0.9192223857550536
2019-11-21,0.8895592006742968
2019-11-22,0.870467198257844
2019-11-25,0.8586413024744742
2019-11-26,0.8749447244174485
2019-11-27,0.8766068257332124
2019-11-28,0.8814503783597201
2019-11-29,0.8411636360037394
2019-12-02,0.8394307446728293
2019-12-03,0.8520158010844265
2019-12-04,0.8511155831124633
2019-12-05,0.8501684844048344
2019-12-06,0.8354527979257239
2019-12-09,0.8397995642012109
2019-12-10,0.8367911634181632
2019-12-11,0.8372882168918625
2019-12-12,0.8436317192224216
2019-12-13,0.7944870110751553
2019-12-16,0.8311770191390659
2019-12-17,0.7897643072917483
2019-12-18,0.7928562403599755
2019-12-19,0.7924346215929177
2019-12-20,0.8036832622396922
2019-12-23,0.8191094157954912
2019-12-24,0.8339459756624373
2019-12-25,0.8329319663997858
2019-12-26,0.8185326204911422
2019-12-27,0.8215840855735864
2019-12-30,0.8283810042588826
2019-12-31,0.8279200816976285
2020-01-02,0.8223333785532894
2020-01-03,0.8021215057861035
2020-01-06,0.7935056311397046
2020-01-07,0.777544797776156
2020-01-08,0.7112428376686113
2020-01-09,0.6244954120897425
2020-01-10,0.6260627251411631
2020-01-13,0.6218724134064234
2020-01-14,0.6204256709421844
2020-01-15,0.6506733298106052
2020-01-16,0.6422533792060527
2020-01-17,0.6423135810282367
2020-01-20,0.6739788316390994
2020-01-21,0.6355711224268882
2020-01-22,0.6364407730440215
2020-01-23,0.6222260898453372
2020-02-03,1.011358598716576
2020-02-04,0.9624219325146225
2020-02-05,0.958009180575135
2020-02-06,0.9615311636863901
2020-02-07,0.9614665526633822
2020-02-10,0.961167426261101
2020-02-11,0.941750849094614
2020-02-12,0.9424426285225229
2020-02-13,0.9484463111034457
2020-02-14,0.943869024631987
2020-02-17,1.0890686694346163
2020-02-18,1.0856553294729436
2020-02-19,1.0893731228190846
2020-02-20,1.0456712652362674
2020-02-21,1.047227537903194
2020-02-24,1.0477606708215936
2020-02-25,1.0474650588305416
2020-02-26,0.9931511427443311
2020-02-27,1.0027304940999662
2020-02-28,1.036742880599632
2020-03-02,1.1536687419267528
2020-03-03,1.181452580460245
2020-03-04,1.1775577616946937
2020-03-05,1.0853958177360223
2020-03-06,1.0920269757845888
2020-03-09,1.1469619488323022
2020-03-10,1.1772904663489983
2020-03-11,1.1673407940607987
2020-03-12,1.1458707759874354
2020-03-13,1.1412692495242016
2020-03-16,1.1644032837035347
2020-03-17,1.1581349128839196
2020-03-18,1.1690666144532251
2020-03-19,1.1254319408218216
2020-03-20,1.1177631929146492
2020-03-23,1.1145338249002104
2020-03-24,1.1144137284615685
2020-03-25,1.0853603073697353
2020-03-26,1.0952172498438966
2020-03-27,1.0929384148622003
2020-03-30,1.0918661402940386
2020-03-31,1.0775875176508054
2020-04-01,1.080920727706833
2020-04-02,1.083752107587697
2020-04-03,1.0867643917368708
2020-04-07,1.1024604829912314
2020-04-08,1.093470032857225
2020-04-09,1.0948191950766015
2020-04-10,1.093649687658492
2020-04-13,1.0947623862478981
2020-04-14,1.0890109393848915
2020-04-15,1.0964544835050505
2020-04-16,1.1002319105232163
2020-04-17,1.1076987966584888
2020-04-20,1.1094095077732258
2020-04-21,1.1127845365118878
2020-04-22,1.1033353392894458
2020-04-23,1.0995769359953869
2020-04-24,1.1090925095221977
2020-04-27,1.0906155839877618
2020-04-28,1.0900682649337774
2020-04-29,1.0941432506027613
2020-04-30,1.119540385194617
2020-05-06,1.1282657068546509
2020-05-07,1.1295199245847205
2020-05-08,1.1201981943555832
2020-05-11,1.119382618515298
2020-05-12,1.1192488485831356
2020-05-13,1.1183926560334554
2020-05-14,1.1128382676403907
2020-05-15,1.114130593148612
2020-05-18,1.1242492794259278
2020-05-19,1.1096339432196094
2020-05-20,1.1313204792693106
2020-05-21,1.1340534473222155
2020-05-22,1.1187298543738182
2020-05-25,1.1172597467588752
2020-05-26,1.115798752722521
2020-05-27,1.1024720811954356
2020-05-28,1.0989428687215645
2020-05-29,1.0981682066012235
2020-06-01,1.0717570833881502
2020-06-02,1.0752806338077012
2020-06-03,1.0754000624287166
2020-06-04,1.076397956505288
2020-06-05,1.069493873851326
2020-06-08,1.0684238327444673
2020-06-09,1.0550945379078454
2020-06-10,1.0548660032270403
2020-06-11,1.049802752768758
2020-06-12,1.0468713751996652
2020-06-15,1.0506732086624724
2020-06-16,1.0440979886040906
2020-06-17,1.04555889317005
2020-06-18,1.0280588389123562
2020-06-19,1.0063499099412991
2020-06-22,1.007314398361114
2020-06-23,1.0321308446550033
2020-06-24,1.0278107583432807
2020-06-29,1.0292702312384145
2020-06-30,1.0224492298611334
2020-07-01,1.0564080419392305
2020-07-02,1.0257506130036596
2020-07-03,0.9623108376062497
2020-07-06,1.2120326866092646
2020-07-07,1.245375460747597
2020-07-08,1.3616203261331454
2020-07-09,1.3387029632667955
2020-07-10,1.365532226050029
2020-07-13,1.3480110700866754
2020-07-14,1.3178398097232846
2020-07-15,1.334539212888018
2020-07-16,1.1996617461600836
2020-07-17,1.2101057090900074
2020-07-20,1.2664296096033467
2020-07-21,1.256596787247559
2020-07-22,1.2575120830446487
2020-07-23,1.2552908783242551
2020-07-24,1.1333340861830627
2020-07-27,1.1207490267324398
2020-07-28,1.1486036558366644
2020-07-29,1.1310722939531133
2020-07-30,1.13056594362508
2020-07-31,1.118140698060768
2020-08-03,1.2152436744599493
2020-08-04,1.2141926575387758
2020-08-05,1.2136268878593923
2020-08-06,1.2021439193402308
2020-08-07,1.1993884151621323
2020-08-10,1.1929463288106585
2020-08-11,1.2073674596524082
2020-08-12,1.2386148419904228
2020-08-13,1.2332774976513194
2020-08-14,1.3381509799640572
2020-08-17,1.3727185167358131
2020-08-18,1.3723294712167373
2020-08-19,1.3715171107667488
2020-08-20,1.3924495102041443
2020-08-21,1.3710193005738531
2020-08-24,1.366301392930961
2020-08-25,1.3636909111256192
2020-08-26,1.3851497848845435
2020-08-27,1.3869915177982755
2020-08-28,1.3483819501629675
2020-08-31,1.3533703342474444
2020-09-01,1.3599443861536957
2020-09-02,1.3604215729357625
2020-09-03,1.3586765187790162
2020-09-04,1.3598946065192745
2020-09-07,1.3941732905055033
2020-09-08,1.3981502470982978
2020-09-09,1.3155809106080347
2020-09-10,1.319854131755448
2020-09-11,1.2971584439222799
2020-09-14,1.2926719732465555
2020-09-15,1.2928832744070071
2020-09-16,1.291562772986322
2020-09-17,1.289313313490054
2020-09-18,1.276444268198986
2020-09-21,1.2385307019464435
2020-09-22,1.2448454681379766
2020-09-23,1.2536801977270573
2020-09-24,1.2831673396243517
2020-09-25,1.284574195648105
2020-09-28,1.2767515924595263
2020-09-29,1.2840725089371525
2020-09-30,1.2825719970257812
2020-10-09,1.2369015383224433
2020-10-12,1.4366736142842147
2020-10-13,1.4386860754943809
2020-10-14,1.4295241111715524
2020-10-15,1.428618952699916
2020-10-16,1.4346096868565261
2020-10-19,1.4378757763463728
2020-10-20,1.4355379049453365
2020-10-21,1.4384786157808498
2020-10-22,1.4362102258200544
2020-10-23,1.4244654924590152
2020-10-26,1.4162745061566353
2020-10-27,1.416179543128557
2020-10-28,1.393562745999865
2020-10-29,1.3869682373895147
2020-10-30,1.2979926193796187
2020-11-02,1.311142963356582
2020-11-03,1.3324074219087012
2020-11-04,1.3163919597866482
2020-11-05,1.2619435828510361
2020-11-06,1.263124232112199
2020-11-09,1.2300800557540519
2020-11-10,1.231278120842744
2020-11-11,1.1940814256587942
2020-11-12,1.1931449479783012
2020-11-13,1.0446363689261182
2020-11-16,1.04039156027482
2020-11-17,1.0574380432469204
2020-11-18,1.0526115464250811
2020-11-19,1.1500931230978897
2020-11-20,1.1705833467444284
2020-11-23,1.1228838426362777
2020-11-24,1.107250883512545
2020-11-25,1.1431756373276623
2020-11-26,1.1600298819401234
2020-11-27,1.069832689684063
2020-11-30,1.057239132843455
2020-12-01,1.0693090454459182
2020-12-02,1.0677823708455234
2020-12-03,1.09013756783831
2020-12-04,1.0915669119400362
2020-12-07,1.089899960041714
2020-12-08,1.0923226180213406
2020-12-09,1.1198089709200982
2020-12-10,1.1178917904607157
2020-12-11,1.1385526198456806
2020-12-14,1.1512455735417821
2020-12-15,1.1503315109984205
2020-12-16,1.1534263213821685
2020-12-17,1.0546274999682987
2020-12-18,1.0664664555204089
2020-12-21,1.1444180254217569
2020-12-22,1.1297764774931187
2020-12-23,1.2616472278191795
2020-12-24,1.2658988071388744
2020-12-25,1.2500461609737439
2020-12-28,1.242135163925771
2020-12-29,1.2268718565946257
2020-12-30,1.2893528153314584
2020-12-31,1.3826694282671306
2021-01-04,1.4535473490531121
2021-01-05,1.2766143928838307
2021-01-06,1.278962516865336
2021-01-07,1.3135317057506826
2021-01-08,1.3400926054377087
2021-01-11,1.278125127626164
2021-01-12,1.2438127944038957
2021-01-13,1.2575824002295342
2021-01-14,1.4961308243570883
2021-01-15,1.5067940004728846
2021-01-18,1.5162926003890111
2021-01-19,1.5065865003735088
2021-01-20,1.5156686836062345
2021-01-21,1.4503146877842987
2021-01-22,1.450673652579359
2021-01-25,1.4940874294941004
2021-01-26,1.7197655138212404
2021-01-27,1.7145001748734985
2021-01-28,1.5886386339529697
2021-01-29,1.614667391376731
2021-02-01,1.6096373960041475
2021-02-02,1.6360352394596192
2021-02-03,1.642337797727662
2021-02-04,1.648820688950751
2021-02-05,1.643582041522455
2021-02-08,1.6033115982787658
2021-02-09,1.639244119764093
2021-02-10,1.4842859299564743
2021-02-18,1.4575310160966128
2021-02-19,1.4583316976067748
2021-02-22,1.4540904571074729
2021-02-23,1.4289940701300872
2021-02-24,1.326502307704728
2021-02-25,1.3393832373516794
2021-02-26,1.3661184397050337
2021-03-01,1.3704344362911405
2021-03-02,1.2627691389012372
2021-03-03,1.2276279326584552
2021-03-04,1.031392654348599
2021-03-05,1.0452635922420068
2021-03-08,1.2652245592265365
2021-03-09,1.4160228402764654
2021-03-10,1.3878302760218606
2021-03-11,1.3264876281554303
2021-03-12,1.3192193280763942
2021-03-15,1.2832838296361422
2021-03-16,1.258693005311865
2021-03-17,1.2605772098898278
2021-03-18,1.255742884814976
2021-03-19,1.1745914990086832
2021-03-22,1.156238858029969
2021-03-23,1.1676403892185896
2021-03-24,1.1838394324348116
2021-03-25,1.1834587947107666
2021-03-26,1.1661740798586282
2021-03-29,1.167373263941738
2021-03-30,1.1802796555199373
2021-03-31,1.219632741055338
2021-04-01,1.2191117309438668
2021-04-02,1.2038665007157296
2021-04-06,1.1886947294771282
2021-04-07,1.183989012830204
2021-04-08,1.1824281366914566
2021-04-09,1.1783769353520666
2021-04-12,1.2021287854219698
2021-04-13,1.2016507800728549
2021-04-14,1.20750423706649
2021-04-15,1.19956098166922
2021-04-16,1.2010629210765158
2021-04-19,1.1763164621945925
2021-04-20,1.1741625190232066
2021-04-21,1.1691627540249017
2021-04-22,1.1679931646743198
2021-04-23,1.1599996103151478
2021-04-26,1.1420508981591813
2021-04-27,1.1349352812138056
2021-04-28,1.1475884543637334
2021-04-29,1.1592538138003856
2021-04-30,1.2160751487609058
2021-05-06,1.1413176287402325
2021-05-07,1.1588241440169609
2021-05-10,1.1626213316804401
2021-05-11,1.1958405157034657
2021-05-12,1.1856454563357273
2021-05-13,1.1611186069144062
2021-05-14,1.2492717896999475
2021-05-17,1.2091692330806108
2021-05-18,1.2104343314614667
2021-05-19,1.2114537890844304
2021-05-20,1.2072947771425748
2021-05-21,1.231935320873011
2021-05-24,1.2311429373114555
2021-05-25,1.327087075465173
2021-05-26,1.3270367648386452
2021-05-27,1.3262939588694223
2021-05-28,1.3229555276241929
2021-05-31,1.3297356581657416
2021-06-01,1.3258716190648032
2021-06-02,1.3502604821828383
2021-06-03,1.3580444198419293
2021-06-04,1.3648219070887282
2021-06-07,1.3638636696534279
2021-06-08,1.3257341651974122
2021-06-09,1.3261367962877606
2021-06-10,1.3189560106847336
2021-06-11,1.3735195896681793
2021-06-15,1.3673962285707124
2021-06-16,1.3583624809225892
2021-06-17,1.34903074144184
2021-06-18,1.348994480618085
2021-06-21,1.3284537501977125
2021-06-22,1.3151676297693176
2021-06-23,1.3144994495151272
2021-06-24,1.3090619930031624
2021-06-25,1.3190145464591834
2021-06-28,1.3227242153621326
2021-06-29,1.3625998417611045
2021-06-30,1.3576260102785696
2021-07-01,1.3489875397221514
2021-07-02,1.369281447533855
2021-07-05,1.3701678086197013
2021-07-06,1.3699361044755847
2021-07-07,1.3913637726685808
2021-07-08,1.3321306957948316
2021-07-09,1.3358683312978719
2021-07-12,1.3075822712582195
2021-07-13,1.302470951878856
2021-07-14,1.3279120648757403
2021-07-15,1.2884691698744883
2021-07-16,1.0671927183057872
2021-07-19,1.0789427031992727
2021-07-20,1.0748673388772494
2021-07-21,1.080531947040713
2021-07-22,1.0757102476238438
2021-07-23,0.978319925533437
2021-07-26,0.9719798227568509
2021-07-27,0.7195138611577493
2021-07-28,0.707055180595482
2021-07-29,0.8042874903290856
2021-07-30,0.7576883570362571
2021-08-02,1.0151262583320229
2021-08-03,1.0142971422554468
2021-08-04,1.0374383831159515
2021-08-05,0.9750423341717465
2021-08-06,0.9869736898011016
2021-08-09,0.9453930859970825
2021-08-10,0.9887656519910006
2021-08-11,0.9932461038556137
2021-08-12,1.059462728011973
2021-08-13,1.0617939008471287
2021-08-16,1.0612373686324055
2021-08-17,1.0629641825321265
2021-08-18,1.0766557317252237
2021-08-19,1.0588686652198467
2021-08-20,1.028536902456967
2021-08-23,1.1238475553389145
2021-08-24,1.0395154005317981
2021-08-25,1.0332244326985234
2021-08-26,1.0642958272438527
2021-08-27,1.0338952842534699
2021-08-30,1.0216457710301434
2021-08-31,1.025653569936136
2021-09-01,0.9762216069571287
2021-09-02,0.9764914848957901
2021-09-03,1.0041896445157055
2021-09-06,1.0074089458623139
2021-09-07,1.0024379292107124
2021-09-08,1.001388292094058
2021-09-09,0.9949870416488699
2021-09-10,1.0105046831534925
2021-09-13,0.9970556278292848
2021-09-14,0.9852640229574563
2021-09-15,0.953124384082748
2021-09-16,0.9909785511934514
2021-09-17,0.9155543977297433
2021-09-22,0.8946054869026088
2021-09-23,0.9786926827383655
2021-09-24,0.9802005581600095
2021-09-27,0.9243965611378946
2021-09-28,0.928969334593241
2021-09-29,1.0309497453663117
2021-09-30,1.0130685042689955
2021-10-08,0.8918652578732594
2021-10-11,0.8939264626620451
2021-10-12,0.965930284245884
2021-10-13,0.9058857089882303
2021-10-14,0.8926986285611546
2021-10-15,0.8869435434260884
2021-10-18,0.8284623600195792
2021-10-19,0.8270529127954002
2021-10-20,0.8110922108662145
2021-10-21,0.8085050718766305
2021-10-22,0.7996492321771513
2021-10-25,0.8012311657791398
2021-10-26,0.8084349288162823
2021-10-27,0.781610008071871
2021-10-28,0.8150285803658149
2021-10-29,0.8946604881988044
2021-11-01,0.8638107313352197
2021-11-02,0.809715444848218
2021-11-03,0.8118553152885091
2021-11-04,0.8516905282508976
2021-11-05,0.8633760192811366
2021-11-08,0.865449497000335
2021-11-09,0.864021772992393
2021-11-10,0.8534757701522151
2021-11-11,0.8251485526839293
2021-11-12,0.8086014392993597
2021-11-15,0.8002174187653077
2021-11-16,0.7966373384018236
2021-11-17,0.8008443628777461
2021-11-18,0.6209006738383134
2021-11-19,0.5969564944942894
2021-11-22,0.6037831662959576
2021-11-23,0.6038131775173048
2021-11-24,0.6003005892299199
2021-11-25,0.6032112175799437
2021-11-26,0.5612269570545181
2021-11-29,0.5415000905986957
2021-11-30,0.5353626278614768
2021-12-01,0.5372469709028778
2021-12-02,0.5262502221396531
2021-12-03,0.5696851183147805
2021-12-06,0.5774833283636401
2021-12-07,0.4589637913851827
2021-12-08,0.4553886914581102
2021-12-09,0.34012811425953865
2021-12-10,0.3432213999634704
2021-12-13,0.3453366809128265
2021-12-14,0.3083375324518646
2021-12-15,0.33447157378976944
2021-12-16,0.3403158923454709
2021-12-17,0.43915176210970835
2021-12-20,0.5696105507394413
2021-12-21,0.5857189383360136
2021-12-22,0.5860692057407438
2021-12-23,0.5824763589103599
2021-12-24,0.5889484459998847
2021-12-27,0.588186556650844
2021-12-28,0.5359875883037013
2021-12-29,0.4725317308517067
2021-12-30,0.5449265910456377
2021-12-31,0.5450253504015764
2022-01-04,0.49896913953661715
2022-01-05,0.6969039784135876
2022-01-06,0.7345714096920666
2022-01-07,0.7240251293843144
2022-01-10,0.6897459619808703
2022-01-11,0.794436556020932
2022-01-12,0.8253535452720357
2022-01-13,0.8965293879978321
2022-01-14,0.8848792402087149
2022-01-17,0.9276214271147993
2022-01-18,0.913993111213798
2022-01-19,0.9691791347329379
2022-01-20,0.8868908247770807
2022-01-21,1.013451357157611
2022-01-24,1.023708881810131
2022-01-25,1.031929731218663
2022-01-26,1.0042734434454101
2022-01-27,1.0241857274184276
2022-01-28,1.0059690926972698
2022-02-07,0.9709800961545484
2022-02-08,0.9363239580257132
2022-02-09,0.9678703508901939
2022-02-10,0.9668904070203227
2022-02-11,1.008271000160533
2022-02-14,0.9173281064104767
2022-02-15,0.9454529100847784
2022-02-16,0.9337583933179544
2022-02-17,0.9440691929421584
2022-02-18,0.9394096559005464
2022-02-21,0.9385174595116632
2022-02-22,0.9275625460772327
2022-02-23,1.0697775971897074
2022-02-24,0.8620155445176931
2022-02-25,0.827868450551731
2022-02-28,0.8264732502966798
2022-03-01,0.9279173251074053
2022-03-02,0.9340465252875797
2022-03-03,0.9682401074757047
2022-03-04,1.0082696434693992
2022-03-07,0.7902125883302477
2022-03-08,0.7536092987183833
2022-03-09,0.811671752164207
2022-03-10,0.8691930676129814
2022-03-11,0.851877971816248
2022-03-14,0.7524338425805828
2022-03-15,0.8291052644612551
2022-03-16,0.8439178693307366
2022-03-17,0.8307226078949954
2022-03-18,0.8273670823442247
2022-03-21,0.8268828535587824
2022-03-22,0.8268082069167888
2022-03-23,0.8430917910779808
2022-03-24,0.8591722652121472
2022-03-25,0.8069923881621187
2022-03-28,0.8108361608951264
2022-03-29,0.7973319841727846
2022-03-30,0.7441794450228957
2022-03-31,0.7695839139928037
2022-04-01,0.7310233089238514
2022-04-06,0.7429235175939937
2022-04-07,0.7435268360113325
2022-04-08,0.7240214518343717
2022-04-11,0.8007424115031947
2022-04-12,0.7874859101755447
2022-04-13,0.8016074728240941
2022-04-14,0.8020772100588073
2022-04-15,0.8017304300573918
2022-04-18,0.783921091089048
2022-04-19,0.7710893182524676
2022-04-20,0.795042408428261
2022-04-21,0.8338580303043656
2022-04-22,0.8178990956484614
2022-04-25,1.0738873628092651
2022-04-26,1.1339718098387157
2022-04-27,1.2085828393928082
2022-04-28,1.2038784880205087
2022-04-29,1.2847338875397423
2022-05-05,1.2801403610715316
2022-05-06,1.2107922830240576
2022-05-09,1.1741065851338792
2022-05-10,1.1596971327509626
2022-05-11,1.1359451867557853
2022-05-12,1.1290682265863188
2022-05-13,1.1252586875142783
2022-05-16,1.115043368862806
2022-05-17,1.1281937964320636
2022-05-18,1.1243896012846084
2022-05-19,1.1242830263758736
2022-05-20,1.0969976117065603
2022-05-23,1.099233175337008
2022-05-24,1.128172356180937
2022-05-25,1.1355465880084257
2022-05-26,1.1439225200474068
2022-05-27,1.1429071363298118
2022-05-30,1.1374693969943266
2022-05-31,1.1334525273369482
2022-06-01,1.1266435068744514
2022-06-02,1.1292113756224123
2022-06-06,1.1371432011463791
2022-06-07,1.1515642326614701
2022-06-08,1.1154892827960194
2022-06-09,1.141617628256743
2022-06-10,1.2104932824501469
2022-06-13,1.2228220230499849
2022-06-14,1.2056317266930128
2022-06-15,1.1898777392112043
2022-06-16,1.1845491973768973
2022-06-17,1.1588081370084375
2022-06-20,1.1571111078032084
2022-06-21,1.1608717330333007
2022-06-22,1.1538008702312028
2022-06-23,1.2333994263350723
2022-06-24,1.2605743552669273
2022-06-27,1.2327656397314357
2022-06-28,1.2764747828519172
2022-06-29,1.2730089647108063
2022-06-30,1.2176139677254145
2022-07-01,1.2237090351475728
2022-07-04,1.2303215970979722
2022-07-05,1.2253844501140296
2022-07-06,1.2387077201883718
2022-07-07,1.2577462746612074
2022-07-08,1.2582594471643973
2022-07-11,1.2195744849081365
2022-07-12,1.2390578490412958
2022-07-13,1.2360574945146239
2022-07-14,1.237405539262558
2022-07-15,1.2294338944986702
2022-07-18,1.2176767480595032
2022-07-19,1.2065454230435968
2022-07-20,1.235350892008288
2022-07-21,1.2457197748677014
2022-07-22,1.244952837051217
2022-07-25,1.2672820452173474
2022-07-26,1.2548905279714735
2022-07-27,1.2503841867907473
2022-07-28,1.2511698173097123
2022-07-29,1.297620446449206
2022-08-01,1.2941650649155574
2022-08-02,1.2908760116862232
2022-08-03,1.2430916273574053
2022-08-04,1.2119730724092705
2022-08-05,1.1850079202705528
2022-08-08,1.1733721198925031
2022-08-09,1.17636118173453
2022-08-10,1.179895875878779
2022-08-11,1.1099955494954317
2022-08-12,1.111089926667182
2022-08-15,1.1120632922956644
2022-08-16,1.1117993667735067
2022-08-17,1.0950690366508093
2022-08-18,1.0771321801661704
2022-08-19,1.0990931970226654
2022-08-22,1.0884821093866688
2022-08-23,1.0949523989213292
2022-08-24,1.2193050145976803
2022-08-25,1.1986940934491357
2022-08-26,1.2004288314656681
2022-08-29,1.1867493390481532
2022-08-30,1.1887979491876657
2022-08-31,1.1882399466545928
2022-09-01,1.2013193563764626
2022-09-02,1.2010303609955004
2022-09-05,1.1978943207462662
2022-09-06,1.307398854318269
2022-09-07,1.3109744557632947
2022-09-08,1.2780099145150403
2022-09-09,1.2191112457914022
2022-09-13,1.2372526789619145
2022-09-14,1.2388151873684494
2022-09-15,1.254382569958597
2022-09-16,1.1528889691073234
2022-09-19,1.1551082149228384
2022-09-20,1.1540178680537205
2022-09-21,1.12454931961945
2022-09-22,1.1469331906308768
2022-09-23,1.1477892727448735
2022-09-26,1.1882309957115458
2022-09-27,1.1684273031690753
2022-09-28,1.249121036555066
2022-09-29,1.2490690539490064
2022-09-30,1.3057609434230697
2022-10-10,1.2223592619405124
2022-10-11,1.2119947458524178
2022-10-12,1.186773056806254
2022-10-13,1.1553992716327637
2022-10-14,1.1332104421380245
2022-10-17,1.1382867660966247
2022-10-18,1.139408376299747
2022-10-19,1.0877971585363804
2022-10-20,1.0933323825517982
2022-10-21,1.0940349140679064
2022-10-24,0.6886468827735711
2022-10-25,0.6864812055978171
2022-10-26,0.709591540597937
2022-10-27,0.7142389921260888
2022-10-28,0.7398040395349786
2022-10-31,0.760165115540871
2022-11-01,0.5490556492020949
2022-11-02,0.5814468011740409
2022-11-03,0.568752232864124
2022-11-04,0.5829751872679695
2022-11-07,0.577980617136716
2022-11-08,0.5763645571998259
2022-11-09,0.5913756108915695
2022-11-10,0.6248252182819032
2022-11-11,0.6004632923049442
2022-11-14,0.5976271494790759
2022-11-15,0.6025118978200494
2022-11-16,0.5933475613283166
2022-11-17,0.5823023251162462
2022-11-18,0.5988065261563421
2022-11-21,0.5848925696021491
2022-11-22,0.5848603166404585
2022-11-23,0.5856756276255567
2022-11-24,0.5967410219121484
2022-11-25,0.5815912430138853
2022-11-28,0.5491893614452049
2022-11-29,0.5930036324366554
2022-11-30,0.5932102960824066
2022-12-01,0.594488217325168
2022-12-02,0.6009449300285937
2022-12-05,0.6167168132857659
2022-12-06,0.6216752345216415
2022-12-07,0.6263363737125117
2022-12-08,0.6259614655314065
2022-12-09,0.6012335726474173
2022-12-12,0.5871347086266576
2022-12-13,0.5918852928803948
2022-12-14,0.5935801021891974
2022-12-15,0.5936118957427894
2022-12-16,0.5921474657871263
2022-12-19,0.5999952034108121
2022-12-20,0.5846628988208955
2022-12-21,0.5837833110434834
2022-12-22,0.5760012165887898
2022-12-23,0.5789107585882776
2022-12-26,0.5954415455615619
2022-12-27,0.5857636125650789
2022-12-28,0.5931179792061402
2022-12-29,0.567804504861222
2022-12-30,0.5748441279347996
2023-01-03,0.5801598913677644
2023-01-04,0.5789065167648509
2023-01-05,0.5619852819086223
2023-01-06,0.5615653746105181
2023-01-09,0.502222463432783
2023-01-10,0.5001185165290317
2023-01-11,0.502251638539453
2023-01-12,0.503018694109971
2023-01-13,0.49323091750017817
2023-01-16,0.5125451954453901
2023-01-17,0.5121998446679225
2023-01-18,0.5108344416722235
2023-01-19,0.5270388564341861
2023-01-20,0.5356715046066491
2023-01-30,0.5613628494242723
2023-01-31,0.5231498676123614
2023-02-01,0.5290140199292427
2023-02-02,0.5445408705676811
2023-02-03,0.5156120708552057
2023-02-06,0.5161434634382757
2023-02-07,0.5152041298695131
2023-02-08,0.5233387518641067
2023-02-09,0.5592304070274778
2023-02-10,0.5690505938372391
2023-02-13,0.5652323227999111
2023-02-14,0.5646471192138062
2023-02-15,0.551199339892802
2023-02-16,0.5729482881418527
2023-02-17,0.6038257068089611
2023-02-20,0.5553977204990196
2023-02-21,0.5631874744839787
2023-02-22,0.5585560274364928
2023-02-23,0.5598207806965398
2023-02-24,0.5025039238962483
2023-02-27,0.5119031088616552
2023-02-28,0.5180654436866219
2023-03-01,0.509281012453016
2023-03-02,0.5118456159023278
2023-03-03,0.5452212721398961
2023-03-06,0.5337833906028039
2023-03-07,0.6100032650222774
2023-03-08,0.5937173726056423
2023-03-09,0.6050194907375132
2023-03-10,0.6226394273475271
2023-03-13,0.6323409276572266
2023-03-14,0.6425848204730142
2023-03-15,0.6416832340465596
2023-03-16,0.7169909354155102
2023-03-17,0.7204441880794211
2023-03-20,0.7214756649710232
2023-03-21,0.824972152091513
2023-03-22,0.805798699594229
2023-03-23,0.8020329213747887
2023-03-24,0.8038885052513045
2023-03-27,0.8175759059479396
2023-03-28,0.8180913395824926
2023-03-29,0.8114078921518778
2023-03-30,0.812804998316512
2023-03-31,0.8140076565786669
2023-04-03,0.8399097754275635
2023-04-04,0.8324149455247388
2023-04-06,0.8169559787069313
2023-04-07,0.791612676440359
2023-04-10,0.7914433615387184
2023-04-11,0.7937521487561948
2023-04-12,0.794011449564095
2023-04-13,0.8163708177955079
2023-04-14,0.8156766961678512
2023-04-17,0.8516643355244177
2023-04-18,0.8452813368272569
2023-04-19,0.877039330088385
2023-04-20,0.8872762629150474
2023-04-21,0.7834632924116434
2023-04-24,0.851591795830689
2023-04-25,0.8645270523870697
2023-04-26,0.8629166156462045
2023-04-27,0.9199705565620515
2023-04-28,0.9502096291374953
2023-05-04,0.9493621890373792
2023-05-05,0.9536089007432319
2023-05-08,1.0362096939775682
2023-05-09,1.0416151700698866
2023-05-10,1.0475853601704201
2023-05-11,1.0534051517072522
2023-05-12,1.059197954175649
2023-05-15,1.088524041565453
2023-05-16,1.0950162771651397
2023-05-17,1.046432059455951
2023-05-18,1.049699039569535
2023-05-19,1.0466033756329853
2023-05-22,1.0339007411283963
2023-05-23,1.042535710132128
2023-05-24,1.0388957191684078
2023-05-25,1.0351956882401498
2023-05-26,1.0355348480946827
2023-05-29,1.0266663261451037
2023-05-30,1.0205126176419412
2023-05-31,0.9786704747154017
2023-06-01,0.9731812828876275
2023-06-02,0.9225628640248794
2023-06-05,0.9298040222357639
2023-06-06,0.948915470706921
2023-06-07,0.9719705898893226
2023-06-08,0.940342171353402
2023-06-09,0.9477799764728961
2023-06-12,0.9377166556584736
2023-06-13,0.9246062716339754
2023-06-14,0.9251564697866635
2023-06-15,0.9519688088666944
2023-06-16,0.9631530849701241
2023-06-19,0.9433178339542079
2023-06-20,0.9351794806404776
2023-06-21,0.9099893058149188
2023-06-26,0.8405047171542308
2023-06-27,0.8433638600623391
2023-06-28,0.8344309177595466
2023-06-29,0.772869088199008
2023-06-30,0.83138004986602
2023-07-03,0.800220946319777
2023-07-04,0.7961263853921221
2023-07-05,0.815831423584164
2023-07-06,0.8262358860629218
2023-07-07,0.81370458416876
2023-07-10,0.8123411657847852
2023-07-11,0.8075154141216077
2023-07-12,0.8209492714205547
2023-07-13,0.7503469053955175
2023-07-14,0.7502839210101505
2023-07-17,0.7283303607260753
2023-07-18,0.7195151521828438
2023-07-19,0.7202549338968907
2023-07-20,0.7484383400933549
2023-07-21,0.7488108066158911
2023-07-24,0.7360731518085472
2023-07-25,0.6198560470900037
2023-07-26,0.6220081466413385
2023-07-27,0.6222216865175888
2023-07-28,0.5400861425710679
2023-07-31,0.5445662722746768
2023-08-01,0.5509531476729203
2023-08-02,0.5720694195250192
2023-08-03,0.5769272244539161
2023-08-04,0.5747913584727062
2023-08-07,0.5704038384937202
2023-08-08,0.5732733629110045
2023-08-09,0.5700293422827644
2023-08-10,0.5669767443760829
2023-08-11,0.5872085884562479
2023-08-14,0.5666908207317778
2023-08-15,0.5731778485065917
2023-08-16,0.5828887730808323
2023-08-17,0.6203889274787973
2023-08-18,0.6388372588059785
2023-08-21,0.6860082619351089
2023-08-22,0.699919748853735
2023-08-23,0.7531012982196327
2023-08-24,0.7413074137713436
2023-08-25,0.7439820890663171
2023-08-28,0.7516963074389879
2023-08-29,0.7088349768468937
2023-08-30,0.7093736486002292
2023-08-31,0.7294325852675027
2023-09-01,0.7313720315029328
2023-09-04,0.7208868665022093
2023-09-05,0.741568700713473
2023-09-06,0.7211115088015674
2023-09-07,0.7530343568735884
2023-09-08,0.725148340543161
2023-09-11,0.6837852982387634
2023-09-12,0.6826012685004675
2023-09-13,0.6876900460128469
2023-09-14,0.6860533806492725
2023-09-15,0.6559032847860108
2023-09-18,0.6212553136441369
2023-09-19,0.6239284293289706
2023-09-20,0.6428944393532611
2023-09-21,0.6344646039078381
2023-09-22,0.6034469480578722
2023-09-25,0.6363408371294157
2023-09-26,0.6286865575145707
2023-09-27,0.6280242388189645
2023-09-28,0.6159395956411184
2023-10-09,0.6128514707445167
2023-10-10,0.6082137478718691
2023-10-11,0.5900506654106186
2023-10-12,0.6090781376622617
2023-10-13,0.6797706410045248
2023-10-16,0.6709637394871336
2023-10-17,0.6630333274544921
2023-10-18,0.6551099604752699
2023-10-19,0.6289613718594789
2023-10-20,0.6472942033394793
2023-10-23,0.6158535287586403
2023-10-24,0.63815652798823
2023-10-25,0.6552236906485861
2023-10-26,0.656957255615338
2023-10-27,0.6433296958297434
2023-10-30,0.6514755002775902
2023-10-31,0.6581667762330232
2023-11-01,0.6589185734084614
2023-11-02,0.67914448766308
2023-11-03,0.6886862659781037
2023-11-06,0.7251309385988779
2023-11-07,0.7263723121041875
2023-11-08,0.7220896784887514
2023-11-09,0.7215489201205842
2023-11-10,0.697829189410885
2023-11-13,0.6826954395930579
2023-11-14,0.6863737857320954
2023-11-15,0.6649587009697202
2023-11-16,0.6625950372649936
2023-11-17,0.6638274878008726
2023-11-20,0.6780503675055536
2023-11-21,0.6716927683730408
2023-11-22,0.6837533689839738
2023-11-23,0.6825870978242983
2023-11-24,0.7010582373881994
2023-11-27,0.6827602560968773
2023-11-28,0.67751227268048
2023-11-29,0.6695263482780738
2023-11-30,0.6560822981643577
2023-12-01,0.647944940956034
2023-12-04,0.6171382095084593
2023-12-05,0.7145361205386016
2023-12-06,0.7266733165240156
2023-12-07,0.7343716503056303
2023-12-08,0.7157020156670011
2023-12-11,0.753238990634607
2023-12-12,0.7600857309411791
2023-12-13,0.7376747785310191
2023-12-14,0.753399512764644
2023-12-15,0.7613204666048402
2023-12-18,0.7823439436928644
2023-12-19,0.7890750107968183
2023-12-20,0.8741178279160987
2023-12-21,0.8602028491672508
2023-12-22,0.9127900279543818
2023-12-25,0.9468593162775343
2023-12-26,0.9575451244149704
2023-12-27,0.9369842794964796
2023-12-28,0.840046953714177
2023-12-29,0.844361317894964
2024-01-02,0.7925425313687846
2024-01-03,0.8008720185983754
2024-01-04,0.8451308973419149
2024-01-05,0.8908342387866152
2024-01-08,0.9761954254858042
2024-01-09,0.9679131100279178
2024-01-10,0.9767812425619328
2024-01-11,0.9940259616724374
2024-01-12,0.9921991212852925
2024-01-15,0.9998716094492236
2024-01-16,1.005235294953541
2024-01-17,0.9360702050541095
2024-01-18,0.9736766299139351
2024-01-19,0.97721945089781
2024-01-22,0.9914525016955288
2024-01-23,1.0062296432026105
2024-01-24,1.0395300678409773
2024-01-25,1.1415737813604885
2024-01-26,1.1386305811998845
2024-01-29,1.1442013962876698
2024-01-30,1.0948090574674578
2024-01-31,1.1618738072186612
2024-02-01,1.1615027384662167
2024-02-02,1.2059176724859777
2024-02-05,1.150889291852231
2024-02-06,1.3279834765977483
2024-02-07,1.3412007050892099
2024-02-08,1.345290531612005
2024-02-19,1.3338194203050668
2024-02-20,1.330302956360545
2024-02-21,1.3103503456322292
2024-02-22,1.2961523508250052
2024-02-23,1.296651899669657
2024-02-26,1.2585762381733567
2024-02-27,1.2421844570594518
2024-02-28,1.2674955091202866
2024-02-29,1.2825467415854892
2024-03-01,1.3041712814373516
2024-03-04,1.303377992314646
2024-03-05,1.3129315217467197
2024-03-06,1.3038117771804116
2024-03-07,1.3266531446850225
2024-03-08,1.3245728120927207
2024-03-11,1.356664769069799
2024-03-12,1.3634151049884182
2024-03-13,1.3374248774411166
2024-03-14,1.3507258901617514
2024-03-15,1.352392489811947
2024-03-18,1.3790150400795123
2024-03-19,1.3650320897560158
2024-03-20,1.359692024626975
2024-03-21,1.3588951428637894
2024-03-22,1.3870069297025835
2024-03-25,1.3927483989762766
2024-03-26,1.3857543770338046
2024-03-27,1.4286511475392538
2024-03-28,1.4558987352372332
2024-03-29,1.4553531626972995
2024-04-01,1.3982194196587383
2024-04-02,1.4147149864051793
2024-04-03,1.4290034358655084
2024-04-08,1.4220614961673925
2024-04-09,1.4209107537162946
2024-04-10,1.4463283922004015
2024-04-11,1.4463732847806154
2024-04-12,1.438926714554296
2024-04-15,1.4454603609030212
2024-04-16,1.4645994388417893
2024-04-17,1.465794104073334
2024-04-18,1.4690668858731857
2024-04-19,1.4106737077038323
2024-04-22,1.389023819486628
2024-04-23,1.4022208294135936
2024-04-24,1.4187675701236113
2024-04-25,1.413148616846391
2024-04-26,1.3480063840913068
2024-04-29,1.3736419076373805
2024-04-30,1.3739187479064991
2024-05-06,1.3025012581396025
2024-05-07,1.3046488169895845
2024-05-08,1.3081030707079098
2024-05-09,1.4013258211814008
2024-05-10,1.4012697890636057
2024-05-13,1.3997362451383073
2024-05-14,1.4007454350393866
2024-05-15,1.4116091401278101
2024-05-16,1.401697098488294
2024-05-17,1.3981153413924072
2024-05-20,1.420417045424798
2024-05-21,1.4238527440677777
2024-05-22,1.4147166406368172
2024-05-23,1.418049219393782
2024-05-24,1.430466951727975
2024-05-27,1.4211647962677516
2024-05-28,1.3716571927695995
2024-05-29,1.3706993210633955
2024-05-30,1.3447259321619163
2024-05-31,1.3471874328058657
2024-06-03,1.3398656757026264
2024-06-04,1.348269046240557
2024-06-05,1.2719821399310218
2024-06-06,1.276161612005972
2024-06-07,1.2198534692644871
2024-06-11,1.1880870836456343
2024-06-12,1.1857355988046712
2024-06-13,1.1793217876303663
2024-06-14,1.1302262289730418
2024-06-17,1.1225796026455424
2024-06-18,1.1217686034961998
2024-06-19,1.1334339942225178
2024-06-20,1.1917464295210876
2024-06-21,1.1723983362722414
2024-06-24,1.1951359537119015
2024-06-25,1.216391707385379
2024-06-26,1.2359193432715896
2024-06-27,1.2693036115247833
2024-06-28,1.3015589297367351
2024-07-01,1.300831972752803
2024-07-02,1.3059313812260627
2024-07-03,1.3215475034751945
2024-07-04,1.3250137722029356
2024-07-05,1.2986330348089787
2024-07-08,1.2912754424567923
2024-07-09,1.3186809511194078
2024-07-10,1.3209373497804067
2024-07-11,1.4018052109004573
2024-07-12,1.4003164110926798
2024-07-15,1.399317106055385
2024-07-16,1.4032390944781163
2024-07-17,1.404054718932643
2024-07-18,1.4351674855582726
2024-07-19,1.4376758541300823
2024-07-22,1.4221617932617308
2024-07-23,1.3705618281159453
2024-07-24,1.325142211856788
2024-07-25,1.330614404044506
2024-07-26,1.384377050863027
2024-07-29,1.3738809175141267
2024-07-30,1.358984325335785
2024-07-31,1.1435913725647224
2024-08-01,1.1468371453063242
2024-08-02,1.148431496177531
2024-08-05,1.1603253640191056
2024-08-06,1.160989394794472
2024-08-07,1.1626943289350335
2024-08-08,1.1554641529608116
2024-08-09,1.153120383678588
2024-08-12,1.1539280855392215
2024-08-13,1.160123844263624
2024-08-14,1.1510752097435675
2024-08-15,1.1220083065586333
2024-08-16,1.1010393504428866
2024-08-19,1.0891033304508446
2024-08-20,1.1001050277594198
2024-08-21,1.1082723112724178
2024-08-22,1.0976938090547534
2024-08-23,1.1133920800639676
2024-08-26,1.1171825489103098
2024-08-27,1.1406707297383862
2024-08-28,1.0761648079715633
2024-08-29,1.0639632566363932
2024-08-30,1.0968383719791277
2024-09-02,1.1850427167808146
2024-09-03,1.207481052455121
2024-09-04,1.1951420970663762
2024-09-05,1.1975715202182098
2024-09-06,1.2219221268057534
2024-09-09,1.2296927670808913
2024-09-10,1.228150529330561
2024-09-11,1.23701732401505
2024-09-12,1.242257817343012
2024-09-13,1.242258528189007
2024-09-18,1.2043307752624643
2024-09-19,1.1023525890913124
2024-09-20,1.1094172288873962
2024-09-23,1.11326899484175
2024-09-24,0.8532321758903033
2024-09-25,0.8632000312948725
2024-09-26,0.7751178100735047
2024-09-27,0.8524188530379837
2024-09-30,1.0043555940522282
2024-10-08,1.1157752965649457
2024-10-09,1.0615087500019766
2024-10-10,1.0573180352812912
2024-10-11,1.081307760065006
2024-10-14,1.1075204388315336
2024-10-15,1.099470474810972
2024-10-16,1.0949275757920012
2024-10-17,1.0860962011353381
2024-10-18,1.0706234262428949
2024-10-21,1.0721646050746905
2024-10-22,1.0669981822637977
2024-10-23,1.0693110505487202
2024-10-24,1.0764021847449854
2024-10-25,1.0785726991841176
2024-10-28,1.0786397425075605
2024-10-29,1.0814874701114714
2024-10-30,1.081623161115617
2024-10-31,1.081624129774889
2024-11-01,1.0827593857771962
2024-11-04,1.0939902789984188
2024-11-05,1.16768411905413
2024-11-06,1.1629657814520307
2024-11-07,1.0403022788562877
2024-11-08,1.0188405835684533
2024-11-11,1.0115766067746332
2024-11-12,1.0277611148106307
2024-11-13,1.025252654238721
2024-11-14,1.041252715376255
2024-11-15,1.053974469403864
2024-11-18,1.0566514067309545
2024-11-19,1.0586955295158837
2024-11-20,1.0602403436924224
2024-11-21,1.0599918359930747
2024-11-22,1.0581761632864526
2024-11-25,1.0624898399727936
2024-11-26,1.0637453970829325
2024-11-27,1.0666882506920357
2024-11-28,1.0524095393756296
2024-11-29,1.0464452553563175
2024-12-02,1.0428518071333124
2024-12-03,1.0419658901202413
2024-12-04,1.0422665831367226
2024-12-05,1.0409311130475327
2024-12-06,1.0398475002776668
2024-12-09,1.0426322317911954
2024-12-10,1.0438300668355356
2024-12-11,1.0431407705145523
2024-12-12,1.0567916084065043
2024-12-13,1.0570981206635401
2024-12-16,1.062852645446895
2024-12-17,1.0610431852693423
2024-12-18,1.061882931323948
2024-12-19,1.0614657133378187
2024-12-20,1.0543478239516064
2024-12-23,1.0518059616613042
2024-12-24,1.0430568117818966
2024-12-25,1.0429991987578464
2024-12-26,1.043129618925211
2024-12-27,1.0383559483850726
2024-12-30,1.0455531349100695
2024-12-31,0.9691501226929241
2025-01-02,1.0501472885733398
2025-01-03,1.0854211852758233
2025-01-06,1.0868510557161257
2025-01-07,1.0935065712894458
2025-01-08,1.0945471083993716
2025-01-09,1.0802193374486913
2025-01-10,1.070122165506345
2025-01-13,1.0742056425951902
2025-01-14,1.0951904759450157
2025-01-15,1.1016846530391768
2025-01-16,1.1013172808376361
2025-01-17,1.1031588275193303
2025-01-20,1.0949256695951184
2025-01-21,1.0936358022371957
2025-01-22,1.0945484734770223
2025-01-23,1.0927233018409395
2025-01-24,1.0900686051352706
2025-01-27,1.0893615967323371
2025-02-05,1.0928367194576434
2025-02-06,1.1102219897709014
2025-02-07,1.091832201290285
2025-02-10,1.0912318871426652
2025-02-11,1.0982108204414731
2025-02-12,1.0955270297353992
2025-02-13,1.0902300965008451
2025-02-14,1.0630192640442846
2025-02-17,1.058856536010457
2025-02-18,1.0677776430500163
2025-02-19,1.075245586162728
2025-02-20,1.0714254544460309
2025-02-21,1.0507358320282039
2025-02-24,1.0496294311526835
2025-02-25,1.0522977863791723
2025-02-26,1.0381880689094551
2025-02-27,1.0363205595404659
2025-02-28,1.0145509423095003
2025-03-03,1.0136594630111622
2025-03-04,1.0103314707871376
2025-03-05,1.0055634074449804
2025-03-06,0.9816247945576677
2025-03-07,0.9728583145814881
2025-03-10,0.966156240509844
2025-03-11,0.9762986959878774
2025-03-12,0.9820519583720918
2025-03-13,0.9833485544637887
2025-03-14,0.9221381635669126
2025-03-17,0.9231737476126424
2025-03-18,0.9182936121030414
2025-03-19,0.9179950575267677
2025-03-20,0.866420412726441
2025-03-21,0.8520382167642417
2025-03-24,0.8184991103715697
2025-03-25,0.8183946806732304
2025-03-26,0.8187188873377323
2025-03-27,0.8151205971991397
2025-03-28,0.8181268591776268
2025-03-31,0.8461868672733117
2025-04-01,0.8458932804365764
2025-04-02,0.8515565391118213
2025-04-03,0.8528205492685055
2025-04-07,0.924247426143177
2025-04-08,0.9573052623634197
2025-04-09,0.9873047144913316
2025-04-10,0.9710965055002813
2025-04-11,0.9686057008871739
2025-04-14,0.9698709955723329
2025-04-15,0.9691120070658816
2025-04-16,0.9710379485620538
2025-04-17,0.9708409983313073
2025-04-18,0.9708088283748557
2025-04-21,0.9751933426842953
2025-04-22,0.9754121568384752
2025-04-23,0.9742770987851196
2025-04-24,0.9749945428374406
2025-04-25,0.9749920373071914
2025-04-28,0.9765107034815813
2025-04-29,0.9759979646358935
2025-04-30,0.9745455198199299
2025-05-06,0.976032513580587
2025-05-07,1.005136220861884
2025-05-08,1.0148650280463236
2025-05-09,1.021291218478963
2025-05-12,1.0966169302915296
2025-05-13,1.0922849988159373
2025-05-14,1.0496916514765646
2025-05-15,1.0586855032772864
2025-05-16,1.0477416990247417
2025-05-19,1.036369675821941
2025-05-20,1.0228500883033091
2025-05-21,1.0244510739584738
2025-05-22,1.0254601641134975
2025-05-23,1.032513812454562
2025-05-26,1.0217441551622093
2025-05-27,1.0276037158146816
2025-05-28,1.0264628958854438
2025-05-29,1.0463717147253342
2025-05-30,1.0444221054250693
2025-06-03,1.0424106267794522
2025-06-04,1.0326553643135292
2025-06-05,1.0293311826883993
2025-06-06,1.028962500681086
2025-06-09,1.0540616921020547
2025-06-10,1.0669105841315807
2025-06-11,1.062329380998975
2025-06-12,1.062701538013015
2025-06-13,1.0238013018802083
2025-06-16,1.0184877975846873
2025-06-17,1.019926902469805
2025-06-18,1.0205844172058316
2025-06-19,1.0321967272247978
2025-06-20,1.0283393298127523
2025-06-23,1.032904301930953
2025-06-24,1.0098412438557625
2025-06-25,1.1339694982660713
2025-06-26,1.1291256733853017
2025-06-27,1.0983377725374148
2025-06-30,1.114803710202318
2025-07-01,1.1172089727355992
2025-07-02,1.116804682415998
2025-07-03,1.1104367224303404
2025-07-04,1.113075668451278
2025-07-07,1.1002807212453058
2025-07-08,1.0755292508996788
2025-07-09,1.0756644820514423
2025-07-10,1.0593003437088202
2025-07-11,1.0636659295881976
2025-07-14,1.0628265064116953
2025-07-15,1.0630434836078457
2025-07-16,1.0726950847196663
2025-07-17,1.173341570434898
2025-07-18,1.198952293501074
2025-07-21,1.1736933255796222
2025-07-22,1.1318521442445808
2025-07-23,1.1325611957310067
2025-07-24,1.1421093507973503
2025-07-25,1.1446034594196144
2025-07-28,1.1477908723412684
2025-07-29,1.1714451107663824
2025-07-30,1.17632453512459
2025-07-31,1.1030720354915062
2025-08-01,1.1355032625352455
2025-08-04,1.1603681306047393
2025-08-05,1.1699511601995172
2025-08-06,1.182348163082423
2025-08-07,1.1825385989515096
2025-08-08,1.1813516438130758
2025-08-11,1.1769968916474134
2025-08-12,1.1318030582582062
2025-08-13,1.1084158200609033
2025-08-14,1.1161228954745874
2025-08-15,1.1034183580500518
2025-08-18,1.094587725256855
2025-08-19,1.08694492658282
2025-08-20,1.0636064879047653
2025-08-21,1.0766012148953001
2025-08-22,1.0259323155332056
2025-08-25,0.941897801385979
2025-08-26,0.951840115788572
2025-08-27,1.0137484368334215
2025-08-28,0.9859891982005521
2025-08-29,1.002635135648578
2025-09-01,0.9971389780085821
2025-09-02,1.0012038032208168
2025-09-03,1.1874856132904288
2025-09-04,1.20083873515009
2025-09-05,1.0996628902470136
2025-09-08,1.0968754988941662
2025-09-09,1.1040519607524482
2025-09-10,1.1055846045809796
2025-09-11,1.0468269418124074
2025-09-12,1.042198881171196
2025-09-15,1.0385721589610986
2025-09-16,1.0386714549772256
2025-09-17,1.0245709075988878
2025-09-18,1.0052014222337549
2025-09-19,1.0068193225024944
2025-09-22,0.9969531445365087
2025-09-23,0.9993368146249053
2025-09-24,1.0035732484540332
2025-09-25,0.9864444532778057
2025-09-26,0.9042080300056853
2025-09-29,0.8943745478179506
2025-09-30,0.9381826166076622
2025-10-09,0.8920185493422466
2025-10-10,0.8618895846789356
2025-10-13,0.8511457529685411
2025-10-14,0.8464614024041792
2025-10-15,0.8081243065627383
2025-10-16,0.8038604109453221
2025-10-17,0.8471836288885022
2025-10-20,0.8340463060920377
2025-10-21,0.8206096789561383
2025-10-22,0.8195778207659903
2025-10-23,0.8210041886461149
2025-10-24,0.8252240353801095
2025-10-27,0.7995707320076774
2025-10-28,0.7850495328001847
2025-10-29,0.7533739238171575
2025-10-30,0.7623652652484482
2025-10-31,0.7303704732633025
2025-11-03,0.7307862853857215
2025-11-04,0.7538821689305808
2025-11-05,0.7528740203310398
2025-11-06,0.7573990313580499
2025-11-07,0.7595454006358835
2025-11-10,0.7607402445918622
2025-11-11,0.7567521415004813
2025-11-12,0.7592787655614659
2025-11-13,0.7382889423495291
2025-11-14,0.7111569945044759
2025-11-17,0.6954477275773315
2025-11-18,0.7019591669639221
2025-11-19,0.7074146803839904
2025-11-20,0.7242632754429932
2025-11-21,0.6966836764857752
2025-11-24,0.687589931064306
2025-11-25,0.6552598922056024
2025-11-26,0.626538746729549
2025-11-27,0.6270998680730855
2025-11-28,0.626878671690916
2025-12-01,0.616144881203093
2025-12-02,0.6208611891280675
2025-12-03,0.6288604929883316
2025-12-04,0.6232340194273299
2025-12-05,0.6340888820602868
2025-12-08,0.6352994114167598
2025-12-09,0.6474373658853373
2025-12-10,0.6434365507919403
2025-12-11,0.6425740740223383
2025-12-12,0.6541892246615718
2025-12-15,0.6222861442896843
2025-12-16,0.6510923536119877
2025-12-17,0.6336391752502384
2025-12-18,0.6154239091980982
2025-12-19,0.6254739267481767
2025-12-22,0.5998046801419072
2025-12-23,0.5938280947465654
2025-12-24,0.6069484753634843
2025-12-25,0.6130993257446107
2025-12-26,0.6079755716122461
2025-12-29,0.5978336825786474
2025-12-30,0.5906021823795748
2025-12-31,0.5679645377331548
2026-01-05,0.6137742516229107
2026-01-06,0.9566226827913191
2026-01-07,0.9620085413411101
2026-01-08,0.821966504079465
2026-01-09,0.8236487241470893
2026-01-12,0.8472997658933591
2026-01-13,0.951204673084854
2026-01-14,0.9701842526572071
2026-01-15,0.9828428450587001
2026-01-16,1.0039481702285638
2026-01-19,1.0070425408100692
2026-01-20,1.0098032632529264
2026-01-21,1.0118768860988472
2026-01-22,1.0104934332673843
2026-01-23,1.0406454552956639
2026-01-26,1.0333001857477546
2026-01-27,1.0271645705833055
2026-01-28,1.0163544258090287
2026-01-29,0.930556916363463
2026-01-30,0.9887230823342819
2026-02-02,0.8812033547272755
2026-02-03,0.9672044680157519
2026-02-04,1.0561373757876669
2026-02-05,1.0726871356793066
2026-02-06,1.1163401338816625
2026-02-09,1.0511814876587937
2026-02-10,1.056827568053482
2026-02-11,1.070581228788264
2026-02-12,1.0762923608345245
2026-02-13,0.9880920149764145
2026-02-24,0.9678718109242447
2026-02-25,0.9583858722616451
2026-02-26,0.9465939086032166
2026-02-27,0.9499852574281925
2026-03-02,0.9613644863473708
2026-03-03,1.2688648925838408
2026-03-04,1.1659373841214051
2026-03-05,1.1158649602586512
2026-03-06,1.133913447138134
2026-03-09,1.203371593536311
2026-03-10,1.1796647962383764
2026-03-11,1.116529406035634
2026-03-12,1.1474255553813326
2026-03-13,1.1611381129443108
2026-03-16,1.1615389258630717
2026-03-17,1.17843292146395
2026-03-18,1.1807112175504482
2026-03-19,1.2517833874818445
2026-03-20,1.2570516344038276
2026-03-23,1.2681458902435467
2026-03-24,1.2454050952154654
2026-03-25,1.2611656471393815
2026-03-26,1.2799597060483703
2026-03-27,1.2934229717638548
2026-03-30,1.2905831331713762
2026-03-31,1.3017661216365253
2026-04-01,1.2281131413370527
2026-04-02,1.229664151728287
2026-04-03,1.2366507440494234
2026-04-07,1.2369290669686792
2026-04-08,1.182394606615497
2026-04-09,1.2003083013964198
2026-04-10,1.1907876434368427
