date,002465.XSHE
2010-08-31,0.2756706731789468
2010-09-01,0.2838152649442147
2010-09-02,0.29885181702686087
2010-09-03,0.3079042076826041
2010-09-06,0.31740138291551556
2010-09-07,0.3127265002464747
2010-09-08,0.3087627970465606
2010-09-09,0.3127182697037746
2010-09-10,0.3232504857594537
2010-09-13,0.3177081872922114
2010-09-14,0.3171642904829894
2010-09-15,0.3255679258572239
2010-09-16,0.33591791097506873
2010-09-17,0.33032707920285925
2010-09-20,0.33870363161273553
2010-09-21,0.33479053807362485
2010-09-27,0.32556397178443425
2010-09-28,0.3312644788781311
2010-09-29,0.32950748513090905
2010-09-30,0.3171887974343248
2010-10-08,0.30245879284559685
2010-10-11,0.32719649088523683
2010-10-12,0.3319538461595691
2010-10-13,0.3321130801904454
2010-10-14,0.34758355929713325
2010-10-15,0.3688278786519074
2010-10-18,0.39908889956746274
2010-10-19,0.38699728057265637
2010-10-20,0.3856243005243271
2010-10-21,0.35877635281949805
2010-10-22,0.35174099970069117
2010-10-25,0.3406627022256537
2010-10-26,0.34353646245688535
2010-10-27,0.34444288368817705
2010-10-28,0.3516632781158364
2010-10-29,0.35196853701305225
2010-11-01,0.34978643444706126
2010-11-02,0.3574453535594423
2010-11-03,0.3601794009424324
2010-11-04,0.3508332830267906
2010-11-05,0.3438359562092683
2010-11-08,0.3425911765180297
2010-11-09,0.3469495182571146
2010-11-10,0.3446472233417959
2010-11-11,0.34000870376816833
2010-11-12,0.3541841487872275
2010-11-15,0.3662627521870306
2010-11-16,0.37758767340440647
2010-11-17,0.37895027303297774
2010-11-18,0.3640929253490577
2010-11-19,0.3490155152725627
2010-11-22,0.35394809169609853
2010-11-23,0.3624638489018096
2010-11-24,0.34754970951153097
2010-11-25,0.34122134281807637
2010-11-26,0.3330727999449346
2010-11-29,0.3338629187688647
2010-11-30,0.33751854595088393
2010-12-01,0.3320862816384698
2010-12-02,0.3250460801063588
2010-12-03,0.3222239436943562
2010-12-06,0.31740158334120966
2010-12-07,0.3096883739306616
2010-12-08,0.3022372095779941
2010-12-09,0.30165239087139994
2010-12-10,0.29098495341532676
2010-12-13,0.2820403808331078
2010-12-14,0.277704283540872
2010-12-15,0.27392072118412214
2010-12-16,0.2698560653361255
2010-12-17,0.2633569172329912
2010-12-20,0.27689030773665796
2010-12-21,0.2719578850983529
2010-12-22,0.2693631195374663
2010-12-23,0.265248914494909
2010-12-24,0.2666421359651104
2010-12-27,0.26804632262286426
2010-12-28,0.27965415472730193
2010-12-29,0.2715118826752568
2010-12-30,0.26691091142455325
2010-12-31,0.25696583696691433
2011-01-04,0.26102437176741017
2011-01-05,0.26371036688566823
2011-01-06,0.2634277108676094
2011-01-07,0.26431166583668153
2011-01-10,0.2686891849996044
2011-01-11,0.2701939579110779
2011-01-12,0.26429237610113043
2011-01-13,0.26126710347280924
2011-01-14,0.26365162630436906
2011-01-17,0.2776908017822631
2011-01-18,0.27233722923347436
2011-01-19,0.26143737068728373
2011-01-20,0.26775080709637805
2011-01-21,0.2661345281077767
2011-01-24,0.2786979097372003
2011-01-25,0.28612682764618796
2011-01-26,0.2724109414020539
2011-01-27,0.2624792817365852
2011-01-28,0.2549898575991665
2011-01-31,0.2517695612091431
2011-02-01,0.24460835541727313
2011-02-09,0.2515748650465699
2011-02-10,0.24716102062116246
2011-02-11,0.24324017772443313
2011-02-14,0.24031225144923712
2011-02-15,0.23683355994253857
2011-02-16,0.23457400909893072
2011-02-17,0.23725973878417556
2011-02-18,0.23957264128768246
2011-02-21,0.23870662096308926
2011-02-22,0.25113257368643077
2011-02-23,0.2509922058584983
2011-02-24,0.25120390736356224
2011-02-25,0.24857439701321138
2011-02-28,0.24711538777388692
2011-03-01,0.24358377944322082
2011-03-02,0.24332591231435735
2011-03-03,0.2443448949576788
2011-03-04,0.24012315648526789
2011-03-07,0.23276119137772544
2011-03-08,0.2289159740852674
2011-03-09,0.22745715654244059
2011-03-10,0.22764037415533478
2011-03-11,0.22831159342940818
2011-03-14,0.23387314464198428
2011-03-15,0.24378859504655537
2011-03-16,0.2399103705277312
2011-03-17,0.24183004793525303
2011-03-18,0.23683346182331125
2011-03-21,0.2387878037859102
2011-03-22,0.23680261429561278
2011-03-23,0.22893164526637727
2011-03-24,0.22386590054135413
2011-03-25,0.22095875748597757
2011-03-28,0.23067881532388618
2011-03-29,0.2445430008320225
2011-03-30,0.24443436494919102
2011-03-31,0.24769642305584202
2011-04-01,0.2404728461004135
2011-04-06,0.23910123637895656
2011-04-07,0.2337364435709821
2011-04-08,0.2268970196044653
2011-04-11,0.2261212205297826
2011-04-12,0.22596535732907358
2011-04-13,0.21988649779962305
2011-04-14,0.21768906880002378
2011-04-15,0.22132174002222474
2011-04-18,0.24858742962640767
2011-04-19,0.2584740189261536
2011-04-20,0.2598777417468618
2011-04-21,0.2589537816955941
2011-04-22,0.25703177366013974
2011-04-25,0.2684034394384157
2011-04-26,0.27636720575876406
2011-04-27,0.2811842988591849
2011-04-28,0.28413357552716084
2011-04-29,0.27639106513237643
2011-05-03,0.2664221544438704
2011-05-04,0.2635139267499322
2011-05-05,0.25499503437804366
2011-05-06,0.24729802129210376
2011-05-09,0.23856334487339742
2011-05-10,0.23126727638800534
2011-05-11,0.22583464438866663
2011-05-12,0.2254049429986524
2011-05-13,0.2225340576151757
2011-05-16,0.2249761478725578
2011-05-17,0.2285830662773077
2011-05-18,0.22354751986943505
2011-05-19,0.21919365085696704
2011-05-20,0.22076333548801164
2011-05-23,0.2301978049759647
2011-05-24,0.23709001638586674
2011-05-25,0.23993725068314223
2011-05-26,0.24373401752026555
2011-05-27,0.2541974285476308
2011-05-30,0.26345090007862193
2011-05-31,0.252070284947242
2011-06-01,0.24308553105184094
2011-06-02,0.2390559048990974
2011-06-03,0.2289467728127804
2011-06-07,0.22085693551705102
2011-06-08,0.21556690045454663
2011-06-09,0.2098439664938476
2011-06-10,0.20993831232772453
2011-06-13,0.20745171191963688
2011-06-14,0.20019633938951387
2011-06-15,0.19431722425797154
2011-06-16,0.19646511610434053
2011-06-17,0.1967044521590602
2011-06-20,0.20717355524716785
2011-06-21,0.20229708106670838
2011-06-22,0.19837200350520948
2011-06-23,0.19408365851831458
2011-06-24,0.19312810579004047
2011-06-27,0.1940194067081765
2011-06-28,0.18940096082113406
2011-06-29,0.1897467464718881
2011-06-30,0.18673718824448463
2011-07-01,0.1854831246708504
2011-07-04,0.18272660070118432
2011-07-05,0.1814046470379054
2011-07-06,0.1816962075256762
2011-07-07,0.18954469576379882
2011-07-08,0.1895186033515585
2011-07-11,0.1897343823466189
2011-07-12,0.19331776209643406
2011-07-13,0.18846864716248538
2011-07-14,0.19132295730073598
2011-07-15,0.1949166396387405
2011-07-18,0.19843444011519476
2011-07-19,0.19871094017999755
2011-07-20,0.19701176452982572
2011-07-21,0.19644526800382753
2011-07-22,0.19696602944660951
2011-07-25,0.20521749089956381
2011-07-26,0.207351266374806
2011-07-27,0.20468271322580145
2011-07-28,0.20522739184838212
2011-07-29,0.20403645643206225
2011-08-01,0.2015940265730569
2011-08-02,0.20450897696708473
2011-08-03,0.20214910078846832
2011-08-04,0.1983036388283344
2011-08-05,0.20639870293297363
2011-08-08,0.2256165331740889
2011-08-09,0.2266014383370843
2011-08-10,0.21991255529932052
2011-08-11,0.2157096786629112
2011-08-12,0.21424744790689323
2011-08-15,0.2112006780331908
2011-08-16,0.20818770000957348
2011-08-17,0.20490191814988368
2011-08-18,0.2027959430245621
2011-08-19,0.2020569431313956
2011-08-22,0.20177669234510956
2011-08-23,0.1978704052000292
2011-08-24,0.1955805034868713
2011-08-25,0.19235303646648833
2011-08-26,0.18784582750116494
2011-08-29,0.1867490089902799
2011-08-30,0.18299805578611736
2011-08-31,0.18236025649203969
2011-09-01,0.18050058893481144
2011-09-02,0.17811824546468238
2011-09-05,0.18034309870679466
2011-09-06,0.18109591433986752
2011-09-07,0.17427108448797815
2011-09-08,0.17207514164115467
2011-09-09,0.1710446385063528
2011-09-13,0.17374432191889538
2011-09-14,0.17000160880835422
2011-09-15,0.16551340396595315
2011-09-16,0.16238173646082532
2011-09-19,0.1653193861037249
2011-09-20,0.1612395009018475
2011-09-21,0.15604643243297828
2011-09-22,0.1578164462344326
2011-09-23,0.14761865741404764
2011-09-26,0.16232532150595474
2011-09-27,0.16022456254508138
2011-09-28,0.15051023898513838
2011-09-29,0.15896243765251894
2011-09-30,0.162758832542938
2011-10-10,0.1632899357279816
2011-10-11,0.16380423082482462
2011-10-12,0.15777204849777188
2011-10-13,0.15509537266663517
2011-10-14,0.15349781132309614
2011-10-17,0.1524926740189473
2011-10-18,0.1548496949303597
2011-10-19,0.16060127836650775
2011-10-20,0.16645760025574197
2011-10-21,0.1706023590020352
2011-10-24,0.17087366501409784
2011-10-25,0.1675922486199618
2011-10-26,0.16662915793471908
2011-10-27,0.16349091862723025
2011-10-28,0.15759741842892644
2011-10-31,0.1564666235919715
2011-11-01,0.15698526223580161
2011-11-02,0.18518171694695032
2011-11-03,0.18747697746741704
2011-11-04,0.18395784360073017
2011-11-07,0.18782322559839415
2011-11-08,0.18522572685481525
2011-11-09,0.1831013202989144
2011-11-10,0.18587989551200387
2011-11-11,0.18323494651834588
2011-11-14,0.17802001351547214
2011-11-15,0.17853339418996958
2011-11-16,0.1766533696390454
2011-11-17,0.17502092882888998
2011-11-18,0.17789894579081694
2011-11-21,0.18162732783889493
2011-11-22,0.17830003270973382
2011-11-23,0.17789727894961058
2011-11-24,0.1763614159664479
2011-11-25,0.17391551108451642
2011-11-28,0.17441516626596187
2011-11-29,0.17128082292788754
2011-11-30,0.17870114432032624
2011-12-01,0.1760440957707783
2011-12-02,0.20124398164242696
2011-12-05,0.20706751730618164
2011-12-06,0.204212674017269
2011-12-07,0.19558812552939067
2011-12-08,0.19160503804015322
2011-12-09,0.1872586909497496
2011-12-12,0.18666666690421124
2011-12-13,0.19449580123405968
2011-12-14,0.19866462567740983
2011-12-15,0.21451588817142395
2011-12-16,0.20996072240635713
2011-12-19,0.20904705226716538
2011-12-20,0.20398366853147176
2011-12-21,0.20272675583060598
2011-12-22,0.2130183385390799
2011-12-23,0.20579566155110618
2011-12-26,0.20110336447532567
2011-12-27,0.2020025973532884
2011-12-28,0.20806897949782757
2011-12-29,0.20362831111649043
2011-12-30,0.19670767291705063
2012-01-04,0.1996165605353528
2012-01-05,0.2174360002638837
2012-01-06,0.2189508036572869
2012-01-09,0.20740968141371374
2012-01-10,0.2005543891651281
2012-01-11,0.19544284540666415
2012-01-12,0.1900546410267671
2012-01-13,0.19224695532910452
2012-01-16,0.19844785284225286
2012-01-17,0.18933811016170665
2012-01-18,0.21005065193637917
2012-01-19,0.20796803317535836
2012-01-20,0.20187459188326487
2012-01-30,0.20094517163001055
2012-01-31,0.19882099388642774
2012-02-01,0.19198542645327304
2012-02-02,0.18168866476893508
2012-02-03,0.17653174698248017
2012-02-06,0.17453819654538277
2012-02-07,0.17243907904554667
2012-02-08,0.16556763956551984
2012-02-09,0.16309255353118543
2012-02-10,0.16219472962555995
2012-02-13,0.1618225638705101
2012-02-14,0.16032376513989485
2012-02-15,0.1594215095791028
2012-02-16,0.16285929566743565
2012-02-17,0.16028049505674932
2012-02-20,0.15807896179086145
2012-02-21,0.1596550539256227
2012-02-22,0.16015200581473796
2012-02-23,0.16213386668811386
2012-02-24,0.16216645811316568
2012-02-27,0.16215339298012188
2012-02-28,0.17048182113720922
2012-02-29,0.17164429230523537
2012-03-01,0.16989366523661864
2012-03-02,0.16567578576770925
2012-03-05,0.17156854516805975
2012-03-06,0.18121171358970237
2012-03-07,0.18311040156895564
2012-03-08,0.17889226837921193
2012-03-09,0.177123509105575
2012-03-12,0.17797203879485182
2012-03-13,0.18310502952961713
2012-03-14,0.19215858548849823
2012-03-15,0.20407985242850976
2012-03-16,0.20398141092796904
2012-03-19,0.2019858110824404
2012-03-20,0.20394501811906973
2012-03-21,0.20349357571989188
2012-03-22,0.19990973971548306
2012-03-23,0.20292174757422637
2012-03-26,0.20250697155429423
2012-03-27,0.20172241775427416
2012-03-28,0.20346908001501937
2012-03-29,0.21092674672407194
2012-03-30,0.21394035234884629
2012-04-05,0.2075141202788846
2012-04-06,0.20127206582457774
2012-04-09,0.20002175389279056
2012-04-10,0.19664715004741817
2012-04-11,0.19357427831785196
2012-04-12,0.19095042710157845
2012-04-13,0.1891357645108208
2012-04-16,0.18957479058157217
2012-04-17,0.19074847391006647
2012-04-18,0.18468175021207991
2012-04-19,0.18292720475033636
2012-04-20,0.18406426420135974
2012-04-23,0.2016211307250003
2012-04-24,0.21114285424485146
2012-04-25,0.20989464724319545
2012-04-26,0.19021327035285693
2012-04-27,0.21073603857672693
2012-05-02,0.20883472578142415
2012-05-03,0.18603775877781825
2012-05-04,0.1990299129430303
2012-05-07,0.17887858361494055
2012-05-08,0.17560045909920238
2012-05-09,0.1728154310586058
2012-05-10,0.18632065706320208
2012-05-11,0.18827316491858878
2012-05-14,0.1904064666390423
2012-05-15,0.19032388112987617
2012-05-16,0.18662740590689014
2012-05-17,0.1855152505741034
2012-05-18,0.18963757435145717
2012-05-21,0.1921902718003155
2012-05-22,0.18416372949923435
2012-05-23,0.18233140687975322
2012-05-24,0.18021589274974908
2012-05-25,0.18356056193068318
2012-05-28,0.18503763360731332
2012-05-29,0.1801313734127143
2012-05-30,0.17596761963560512
2012-05-31,0.17512650445030603
2012-06-01,0.17058147990978337
2012-06-04,0.1716608318447595
2012-06-05,0.16964354644472113
2012-06-06,0.16713764827180844
2012-06-07,0.1652506088194781
2012-06-08,0.16546645610693855
2012-06-11,0.1626693272260785
2012-06-12,0.16253048926584238
2012-06-13,0.164360359183817
2012-06-14,0.1635946354565804
2012-06-15,0.16563829092541563
2012-06-18,0.1646086611554357
2012-06-19,0.16402925834535048
2012-06-20,0.16822253667720508
2012-06-21,0.1755445040971875
2012-06-25,0.1839587549334883
2012-06-26,0.1878329504287832
2012-06-27,0.18749589909529432
2012-06-28,0.19155002436178115
2012-06-29,0.18942462950713992
2012-07-02,0.18935382018770666
2012-07-03,0.19060500793101154
2012-07-04,0.19173770244145644
2012-07-05,0.1940266115264467
2012-07-06,0.19131833034953385
2012-07-09,0.1954807337827626
2012-07-10,0.20260037405633838
2012-07-11,0.19896685528333408
2012-07-12,0.1962366247561875
2012-07-13,0.19761518462485328
2012-07-16,0.2081666414646974
2012-07-17,0.20463617322540634
2012-07-18,0.2013576576402225
2012-07-19,0.17942227514178052
2012-07-20,0.1750907765979161
2012-07-23,0.1751519673615137
2012-07-24,0.16926341962143945
2012-07-25,0.18648695064984025
2012-07-26,0.18296938383259545
2012-07-27,0.18154110979423413
2012-07-30,0.1877436833130492
2012-07-31,0.19550282969084787
2012-08-01,0.189757392854992
2012-08-02,0.18825914135822375
2012-08-03,0.18242096131463256
2012-08-06,0.17685925530211724
2012-08-07,0.17468904595152063
2012-08-08,0.15649818136515034
2012-08-09,0.1527974890920113
2012-08-10,0.15408998478276037
2012-08-13,0.1553678865176014
2012-08-14,0.1559413556215694
2012-08-15,0.15506175211566278
2012-08-16,0.15342084285494142
2012-08-17,0.14976082643785896
2012-08-20,0.14706569334671793
2012-08-21,0.1446994931193432
2012-08-22,0.14537224698701712
2012-08-23,0.14626420750939587
2012-08-24,0.15064637155134436
2012-08-27,0.15844434990033307
2012-08-28,0.15818480001344576
2012-08-29,0.15993754484497263
2012-08-30,0.16749503202718535
2012-08-31,0.1868359362338998
2012-09-03,0.18188895539597263
2012-09-04,0.17858807562565837
2012-09-05,0.17599225640363977
2012-09-06,0.17131453920479642
2012-09-07,0.17094820943049147
2012-09-10,0.17089846792097388
2012-09-11,0.17015784013946514
2012-09-12,0.1677306628636712
2012-09-13,0.17045895320035537
2012-09-14,0.16743368028482247
2012-09-17,0.16793230609527243
2012-09-18,0.165613932633799
2012-09-19,0.16404616825514462
2012-09-20,0.16599764767037106
2012-09-21,0.1702725487263192
2012-09-24,0.16740709357898087
2012-09-25,0.1655430444825308
2012-09-26,0.1706729918872209
2012-09-27,0.16652615672523927
2012-09-28,0.1619151241588082
2012-10-08,0.16015010600270035
2012-10-09,0.1569236977158758
2012-10-10,0.15697364228361677
2012-10-11,0.15859377671056948
2012-10-12,0.1581282443236633
2012-10-15,0.1661952122315265
2012-10-16,0.17074474292146322
2012-10-17,0.1691544549623853
2012-10-18,0.16406118171090917
2012-10-19,0.16200331847999302
2012-10-22,0.1592380756922712
2012-10-23,0.16231602803010944
2012-10-24,0.16337979609749093
2012-10-25,0.1674561044226275
2012-10-26,0.18569528921401537
2012-10-29,0.18895284513849103
2012-10-30,0.1950369174585378
2012-10-31,0.19242548100619403
2012-11-01,0.18026722222733102
2012-11-02,0.17486104183188675
2012-11-05,0.18519644864660695
2012-11-06,0.184437380326793
2012-11-07,0.18586057971813932
2012-11-08,0.1885899042045485
2012-11-09,0.19048561163456906
2012-11-12,0.1895254992130342
2012-11-13,0.19120575602005585
2012-11-14,0.1894429928453002
2012-11-15,0.1884112488677794
2012-11-16,0.1908025784156582
2012-11-19,0.18794004462370026
2012-11-20,0.1843127113463912
2012-11-21,0.1786918960983088
2012-11-22,0.17595558895675972
2012-11-23,0.1715128088411027
2012-11-26,0.17263077488598946
2012-11-27,0.17754236715169286
2012-11-28,0.184570736515153
2012-11-29,0.1888462770965681
2012-11-30,0.18382756618367588
2012-12-03,0.19362157746321912
2012-12-04,0.19064623168384764
2012-12-05,0.18474004244962752
2012-12-06,0.1806318453578483
2012-12-07,0.17616828983215446
2012-12-10,0.17442732613631726
2012-12-11,0.17291028627141344
2012-12-12,0.1697518480272793
2012-12-13,0.1692306931415271
2012-12-14,0.1708503194327307
2012-12-17,0.17881938220366267
2012-12-18,0.18114119144125457
2012-12-19,0.1939296303804809
2012-12-20,0.19831557840380634
2012-12-21,0.20273957092957673
2012-12-24,0.20388924007367276
2012-12-25,0.20297148109576185
2012-12-26,0.20590002337630794
2012-12-27,0.21735427913525818
2012-12-28,0.264864417992916
2012-12-31,0.26848614853496816
2013-01-04,0.2828133560940452
2013-01-07,0.284000903075345
2013-01-08,0.3046049893700791
2013-01-09,0.32360542854832003
2013-01-10,0.3187983251443355
2013-01-11,0.3281197828621998
2013-01-14,0.3260324998524707
2013-01-15,0.3251913914457261
2013-01-16,0.3325509092383918
2013-01-17,0.33186908231254497
2013-01-18,0.3221078815342798
2013-01-21,0.32431485247923447
2013-01-22,0.32511311486315336
2013-01-23,0.31891571724591655
2013-01-24,0.3279770088521693
2013-01-25,0.32681670377923655
2013-01-28,0.31860327849486314
2013-01-29,0.3078512132107898
2013-01-30,0.30950974139753684
2013-01-31,0.31374630080915117
2013-02-01,0.3095354071380298
2013-02-04,0.3238961896121299
2013-02-05,0.31743806356462423
2013-02-06,0.3166901508065976
2013-02-07,0.30926803758137444
2013-02-08,0.31082475129784704
2013-02-18,0.30870331603012113
2013-02-19,0.3089059108043582
2013-02-20,0.3007465997994293
2013-02-21,0.3029608516832448
2013-02-22,0.29871984298654375
2013-02-25,0.29515193332511497
2013-02-26,0.29593440844447333
2013-02-27,0.2978407977179583
2013-02-28,0.29242101100691575
2013-03-01,0.2915135730760364
2013-03-04,0.30669688265104633
2013-03-05,0.3009074776606588
2013-03-06,0.30203378061809616
2013-03-07,0.30597433924062634
2013-03-08,0.3036156630045617
2013-03-11,0.3005537209615262
2013-03-12,0.30137536741929594
2013-03-13,0.3016291266554959
2013-03-14,0.29222609103368885
2013-03-15,0.2864657828421841
2013-03-18,0.29195811906545366
2013-03-19,0.29133131138033225
2013-03-20,0.2778293503569632
2013-03-21,0.2700849496432326
2013-03-22,0.2641917675604839
2013-03-25,0.26308852472537053
2013-03-26,0.26526606515750384
2013-03-27,0.2642934164381895
2013-03-28,0.27022653406303204
2013-03-29,0.2720261152942592
2013-04-01,0.27256209049969565
2013-04-02,0.2728387362369368
2013-04-03,0.27618058074531676
2013-04-08,0.29232979660745323
2013-04-09,0.28028134454514275
2013-04-10,0.27347298856878416
2013-04-11,0.2643844587244772
2013-04-12,0.2598217169165751
2013-04-15,0.2641035230403364
2013-04-16,0.256636597457692
2013-04-17,0.2472346278648428
2013-04-18,0.2403328989858876
2013-04-19,0.23078785979053393
2013-04-22,0.24367730621269093
2013-04-23,0.24310628313218094
2013-04-24,0.2437866075601119
2013-04-25,0.2530915128400769
2013-04-26,0.2578351864074537
2013-05-02,0.2645982332800552
2013-05-03,0.25552244409103325
2013-05-06,0.24938967281971727
2013-05-07,0.24483685228400995
2013-05-08,0.24357105914053767
2013-05-09,0.24950902673027112
2013-05-10,0.25371912870182894
2013-05-13,0.25288822719599463
2013-05-14,0.24961797081792522
2013-05-15,0.25072322305763056
2013-05-16,0.2513284069856567
2013-05-17,0.24819336418272858
2013-05-20,0.25217075659456395
2013-05-21,0.25496513667321763
2013-05-22,0.27328252228543165
2013-05-23,0.2712341658572804
2013-05-24,0.26785579499861056
2013-05-27,0.26766556941054015
2013-05-28,0.2758957942002138
2013-05-29,0.27007317220236043
2013-05-30,0.2694512520322183
2013-05-31,0.2681824016379393
2013-06-03,0.27096752886341635
2013-06-04,0.27518337441088603
2013-06-05,0.26992634553662653
2013-06-06,0.26646029063823207
2013-06-07,0.27545043649764134
2013-06-13,0.28987040668954184
2013-06-14,0.279791872363575
2013-06-17,0.2877062140495214
2013-06-18,0.2810131512566257
2013-06-19,0.2783292425508745
2013-06-20,0.2744816676870573
2013-06-21,0.27606241836433426
2013-06-24,0.29640094705456027
2013-06-25,0.30579385380188473
2013-06-26,0.30040628982002676
2013-06-27,0.3055023774579475
2013-06-28,0.303414620202175
2013-07-01,0.2961303558334903
2013-07-02,0.28810297547370045
2013-07-03,0.2906287271635569
2013-07-04,0.2988475117952025
2013-07-05,0.2937277370635878
2013-07-08,0.32826195770491284
2013-07-09,0.33710928923161065
2013-07-10,0.33571099071918126
2013-07-11,0.3292993144690795
2013-07-12,0.3246746617172808
2013-07-15,0.31997517927302005
2013-07-16,0.31369216393174104
2013-07-17,0.3162385879264837
2013-07-18,0.3190097775374665
2013-07-19,0.3255207950685225
2013-07-22,0.3219562798639379
2013-07-23,0.3150047382251448
2013-07-24,0.31353918847235474
2013-07-25,0.3205045586391007
2013-07-26,0.32105019617551284
2013-07-29,0.32230129863180057
2013-07-30,0.32004595437003697
2013-07-31,0.3112682543511086
2013-08-01,0.2985830895863667
2013-08-02,0.29890538929532634
2013-08-05,0.2930979086328507
2013-08-06,0.29002558406147205
2013-08-07,0.2913991630725071
2013-08-08,0.29715765668788824
2013-08-09,0.30543093195057736
2013-08-12,0.3032420560139229
2013-08-13,0.2946826656616988
2013-08-14,0.29183377486310413
2013-08-15,0.29219657525701564
2013-08-16,0.2915253058696377
2013-08-19,0.28783796174625204
2013-08-20,0.28682857444848137
2013-08-21,0.28358167221964453
2013-08-22,0.2833632191038071
2013-08-23,0.2892052716447418
2013-08-26,0.28707702908585664
2013-08-27,0.2894602203663635
2013-08-28,0.3132425643975636
2013-08-29,0.32008129203079555
2013-08-30,0.3578622504006617
2013-09-02,0.36618647176207925
2013-09-03,0.3560513366888309
2013-09-04,0.3511326826016034
2013-09-05,0.3496242632621667
2013-09-06,0.34435231065868155
2013-09-09,0.3348603929979101
2013-09-10,0.33512641456867337
2013-09-11,0.3434198434348253
2013-09-12,0.3338803006303545
2013-09-13,0.33015564843911954
2013-09-16,0.3253910805014512
2013-09-17,0.32474193540488416
2013-09-18,0.3146811112987473
2013-09-23,0.3097726089070178
2013-09-24,0.3131462486910806
2013-09-25,0.3216394163228909
2013-09-26,0.32693443245102993
2013-09-27,0.32772162160218427
2013-09-30,0.3190552192137098
2013-10-08,0.31411959517004684
2013-10-09,0.31096427377867625
2013-10-10,0.31806361376032116
2013-10-11,0.31537959630200546
2013-10-14,0.3274666737319646
2013-10-15,0.33259640620550973
2013-10-16,0.34481554612565835
2013-10-17,0.34409731377712666
2013-10-18,0.34618581843579055
2013-10-21,0.3394574810879287
2013-10-22,0.3406423879099363
2013-10-23,0.3460019148419917
2013-10-24,0.34187953555876527
2013-10-25,0.33935200335843124
2013-10-28,0.34830538448885373
2013-10-29,0.3572176687134131
2013-10-30,0.3456642404256155
2013-10-31,0.34371411844688243
2013-11-01,0.33986438847143796
2013-11-04,0.32830488204204195
2013-11-05,0.3141810618777208
2013-11-06,0.3064426111810857
2013-11-07,0.3008480927409556
2013-11-08,0.30277139731779423
2013-11-11,0.30382763372619653
2013-11-12,0.2984328211955399
2013-11-13,0.29398567780752766
2013-11-14,0.29983532850670835
2013-11-15,0.29465268044932874
2013-11-18,0.2970347756298903
2013-11-19,0.2957318793523469
2013-11-20,0.29757828951011045
2013-11-21,0.2992642914390209
2013-11-22,0.3017964660319193
2013-11-25,0.30457217935772063
2013-11-26,0.3076306619536302
2013-11-27,0.32165263432797303
2013-11-28,0.31859586755892577
2013-11-29,0.3171415171684865
2013-12-02,0.338398172861086
2013-12-03,0.3527294998292897
2013-12-04,0.3512618801427749
2013-12-05,0.3556026045678296
2013-12-06,0.3453312517998331
2013-12-09,0.3379279038108026
2013-12-10,0.33700889543579426
2013-12-11,0.3320307370083976
2013-12-12,0.3248738429335316
2013-12-13,0.31991769046798596
2013-12-16,0.32426707498569474
2013-12-17,0.3236184668723781
2013-12-18,0.32670171548669685
2013-12-19,0.32119155906664876
2013-12-20,0.3243355809981221
2013-12-23,0.33482502477396286
2013-12-24,0.3254717703478345
2013-12-25,0.32809804110918606
2013-12-26,0.32969706333114324
2013-12-27,0.3214194929333256
2013-12-30,0.3215958585180024
2013-12-31,0.3195234395000042
2014-01-02,0.32555733583785756
2014-01-03,0.3286377612088115
2014-01-06,0.3373608102854545
2014-01-07,0.33395156404141607
2014-01-08,0.33910623162614345
2014-01-09,0.342753159198376
2014-01-10,0.35159278395347615
2014-01-13,0.35735475495904495
2014-01-14,0.34695561325351093
2014-01-15,0.33875863094057235
2014-01-16,0.3325665755943779
2014-01-17,0.33171008319636386
2014-01-20,0.3376043024309329
2014-01-21,0.3277814888219178
2014-01-22,0.322111623665216
2014-01-23,0.3204800762989592
2014-01-24,0.3212440399241958
2014-01-27,0.3275236479103071
2014-01-28,0.32892684466922345
2014-01-29,0.33069322072103563
2014-01-30,0.33311555891592115
2014-02-07,0.33045408866626763
2014-02-10,0.32566693980422223
2014-02-11,0.33116200754153985
2014-02-12,0.3360511382989037
2014-02-13,0.34081123886740566
2014-02-14,0.3400084441310899
2014-02-17,0.3380175081199806
2014-02-18,0.34744566413363587
2014-02-19,0.3486403939801617
2014-02-20,0.35222804900220894
2014-02-21,0.3465951173956153
2014-02-24,0.3605962988474319
2014-02-25,0.36634578256802314
2014-02-26,0.3681664314205803
2014-02-27,0.3660212643468723
2014-02-28,0.3625817476604846
2014-03-03,0.35582765125389687
2014-03-04,0.35206393497347505
2014-03-05,0.3431702913986726
2014-03-06,0.3368386195030702
2014-03-07,0.3345664409573822
2014-03-10,0.33709127183724297
2014-03-11,0.33390162541276247
2014-03-12,0.3324576465885378
2014-03-13,0.3237847536228331
2014-03-14,0.3153124936474985
2014-03-17,0.3070878940920074
2014-03-18,0.3013388167810363
2014-03-19,0.3039113716909247
2014-03-20,0.3033750013103148
2014-03-21,0.2955047964295792
2014-03-24,0.29727142344928376
2014-03-25,0.29768933567609007
2014-03-26,0.28495500702327997
2014-03-27,0.2862749254836038
2014-03-28,0.29573389867751576
2014-03-31,0.30215078403314694
2014-04-01,0.2896913848014324
2014-04-02,0.29327532147307006
2014-04-03,0.2852352497534839
2014-04-04,0.27340244945447456
2014-04-08,0.2633192921476866
2014-04-09,0.2552378311245154
2014-04-10,0.2531777425302737
2014-04-11,0.2539528721595096
2014-04-14,0.25195907172147697
2014-04-15,0.24995567409886787
2014-04-16,0.2489329306534428
2014-04-17,0.24452873982035692
2014-04-18,0.24002639910890192
2014-04-21,0.24490790946978053
2014-04-22,0.25241924017294265
2014-04-23,0.25144319886892696
2014-04-24,0.2665926685924954
2014-04-25,0.27179157131228016
2014-04-28,0.3000559517059811
2014-04-29,0.29198284299768534
2014-04-30,0.28532725571614376
2014-05-05,0.27930507467884524
2014-05-06,0.27817385539049777
2014-05-07,0.2767861042077963
2014-05-08,0.26856816372563425
2014-05-09,0.26984925508304813
2014-05-12,0.2632709442846933
2014-05-13,0.25875417777859966
2014-05-14,0.2523458730905723
2014-05-15,0.247622670785021
2014-05-16,0.2510884484893108
2014-05-19,0.24339154734928325
2014-05-20,0.23624013148182793
2014-05-21,0.22664766320173685
2014-05-22,0.2201720532971505
2014-05-23,0.21446377720207002
2014-05-26,0.21042985991332072
2014-05-27,0.21049676674592244
2014-05-28,0.20636652794786697
2014-05-29,0.20948022983228845
2014-05-30,0.2319905018223337
2014-06-03,0.23262485770026847
2014-06-04,0.23769295370843635
2014-06-05,0.23567676030920418
2014-06-06,0.23124645195521404
2014-06-09,0.2334804261879584
2014-06-10,0.23064258735555482
2014-06-11,0.22992650054271235
2014-06-12,0.23377205830924405
2014-06-13,0.2324325019628384
2014-06-16,0.23435050915063926
2014-06-17,0.23655069448145657
2014-06-18,0.24516762598429453
2014-06-19,0.25178950931876276
2014-06-20,0.24851157291729956
2014-06-23,0.24784079079035293
2014-06-24,0.2481053365975091
2014-06-25,0.24666350711440885
2014-06-26,0.2420188028726665
2014-06-27,0.24658600282099216
2014-06-30,0.24924201132436757
2014-07-01,0.24964040909602184
2014-07-02,0.25500801542225043
2014-07-03,0.2585054926640553
2014-07-04,0.2615151697116559
2014-07-07,0.2629691263921367
2014-07-08,0.2606806922961509
2014-07-09,0.2610936876397919
2014-07-10,0.2599944855323302
2014-07-11,0.2634173412331827
2014-07-14,0.26178392802349687
2014-07-15,0.26606850967541706
2014-07-16,0.2707111773425723
2014-07-17,0.26552265378178525
2014-07-18,0.258816468191903
2014-07-21,0.25656426109229286
2014-07-22,0.24888034760738975
2014-07-23,0.2502943278922346
2014-07-24,0.25131478765198734
2014-07-25,0.24537347864372136
2014-07-28,0.2393001792213231
2014-07-29,0.23623937269637044
2014-07-30,0.23625348717490358
2014-07-31,0.23117637554893775
2014-08-01,0.2321032257950379
2014-08-04,0.22877169032520267
2014-08-05,0.22369816936943915
2014-08-06,0.2221134230564073
2014-08-07,0.22025697157157084
2014-08-08,0.21663674626734486
2014-08-11,0.21362033376357856
2014-08-12,0.21242715090972408
2014-08-13,0.21697563523744273
2014-08-14,0.21846448283878825
2014-08-15,0.221932448666947
2014-08-18,0.22164839835448902
2014-08-19,0.22477783417361094
2014-08-20,0.22632212749121886
2014-08-21,0.2265019337187326
2014-08-22,0.22745870251844733
2014-08-25,0.2314440020762993
2014-08-26,0.23277572088068318
2014-08-27,0.2340402989118201
2014-08-28,0.2331099190689908
2014-08-29,0.2258992703625606
2014-09-01,0.21923869486135783
2014-09-02,0.22235996014400408
2014-09-03,0.22053730820121775
2014-09-04,0.2184845985908777
2014-09-05,0.21694623835705665
2014-09-09,0.21955791040091258
2014-09-10,0.22184628145999835
2014-09-11,0.2291223720723392
2014-09-12,0.2333523563076799
2014-09-15,0.23826739478815906
2014-09-16,0.24719352888006957
2014-09-17,0.24688944451676062
2014-09-18,0.24229865203692835
2014-09-19,0.23819545003809328
2014-09-22,0.2407855763879674
2014-09-23,0.23661455852099011
2014-09-24,0.2308050187673232
2014-09-25,0.22898543213260897
2014-09-26,0.22230579308250964
2014-09-29,0.22222776432126795
2014-09-30,0.2208730835113877
2014-10-08,0.22275027028823308
2014-10-09,0.22428920393134932
2014-10-10,0.22455630911987992
2014-10-13,0.22978852104040698
2014-10-14,0.2282049691575577
2014-10-15,0.22818566644567165
2014-10-16,0.23242773692589416
2014-10-17,0.24403580873767128
2014-10-20,0.23797450890977284
2014-10-21,0.23410975923997818
2014-10-22,0.23135393702725873
2014-10-23,0.23150393523362872
2014-10-24,0.2261646331172219
2014-10-27,0.22390154831851147
2014-10-28,0.21473000375915313
2014-10-29,0.2100184970239281
2014-10-30,0.20909532386132493
2014-10-31,0.2077488954031528
2014-11-03,0.2076670990209381
2014-11-04,0.21140887518092905
2014-11-05,0.20988465348778743
2014-11-06,0.18861474196533048
2014-11-07,0.1877268369529044
2014-11-10,0.1868479797708804
2014-11-11,0.19430080913395906
2014-11-12,0.22270444709533546
2014-11-13,0.22766249670947108
2014-11-14,0.2291724048792494
2014-11-17,0.22494426269988793
2014-11-18,0.2194232887978727
2014-11-19,0.2150807648361636
2014-11-20,0.21444811406761824
2014-11-21,0.21116488375316375
2014-11-24,0.20804120368163934
2014-11-25,0.21913603978892784
2014-11-26,0.22153861828292645
2014-11-27,0.22537761181979302
2014-11-28,0.23067117981821958
2014-12-01,0.23943798078906214
2014-12-02,0.23377221980289162
2014-12-03,0.23842538217566314
2014-12-04,0.23588266533158372
2014-12-05,0.25012877224279356
2014-12-08,0.2539735104384877
2014-12-09,0.2744640685110154
2014-12-10,0.29288867247189154
2014-12-11,0.2988263252231805
2014-12-12,0.29120163769165863
2014-12-15,0.3033146226688771
2014-12-16,0.29388893400448307
2014-12-17,0.3024177684771478
2014-12-18,0.2994042737716059
2014-12-19,0.3017656224857676
2014-12-22,0.3306494277531051
2014-12-23,0.3326472964437474
2014-12-24,0.32268526740684067
2014-12-25,0.3088456094466615
2014-12-26,0.29721083547299576
2014-12-29,0.29951853246964005
2014-12-30,0.3041822209924279
2014-12-31,0.2956017031497071
2015-01-05,0.2930170121897483
2015-01-06,0.2911860112948273
2015-01-07,0.2823555926516894
2015-01-08,0.27545239235310515
2015-01-09,0.2723892971342099
2015-01-12,0.29394301310814824
2015-01-13,0.28766733889694523
2015-01-14,0.2838352602633053
2015-01-15,0.27198254090651175
2015-01-16,0.263025993768145
2015-01-19,0.27723844709104634
2015-01-20,0.2721023545539282
2015-01-21,0.26379772335742335
2015-01-22,0.2610170480300212
2015-01-23,0.25960938604392503
2015-01-26,0.2589166237733081
2015-01-27,0.2610225929114107
2015-01-28,0.25989915760443805
2015-01-29,0.2567571526124534
2015-01-30,0.25954853556222407
2015-02-02,0.26509034499238976
2015-02-03,0.2579227332716794
2015-02-04,0.25644264553794915
2015-02-05,0.25395658323089
2015-02-06,0.2568073969329744
2015-02-09,0.2762165974367653
2015-02-10,0.2668280024111266
2015-02-11,0.26537921802558156
2015-02-12,0.2603876813326016
2015-02-13,0.2537021689222227
2015-02-16,0.2697519058809918
2015-02-17,0.2722387534697986
2015-02-25,0.27664835669476323
2015-02-26,0.27803485380968446
2015-02-27,0.2766763651476129
2015-03-02,0.2793176074550013
2015-03-03,0.2888843612091256
2015-03-04,0.2897712636310357
2015-03-05,0.3020148558793546
2015-03-06,0.3065392348499723
2015-03-09,0.30665791898324046
2015-03-10,0.30131280607179134
2015-03-11,0.30385993656142996
2015-03-12,0.3038980623052674
2015-03-13,0.30005819952072627
2015-03-16,0.29845378901276737
2015-03-17,0.302420525299892
2015-03-18,0.30256995433847006
2015-03-19,0.3050777182675307
2015-03-20,0.3061329491892782
2015-03-23,0.30955668926462193
2015-03-24,0.33431931930168074
2015-03-25,0.3447906448987902
2015-03-26,0.36241022503692033
2015-03-27,0.37820405323727024
2015-03-30,0.3845718936733545
2015-03-31,0.37854920206194087
2015-04-01,0.36629040750091446
2015-04-02,0.36489598295638426
2015-04-03,0.3698252536459755
2015-04-07,0.37053539424752074
2015-04-08,0.3798009336349199
2015-04-09,0.39014759278225514
2015-04-10,0.38304719986536595
2015-04-13,0.37943460118667804
2015-04-14,0.3893903662617133
2015-04-15,0.3934566838769465
2015-04-16,0.3731476781830668
2015-04-17,0.36243033512787254
2015-04-20,0.38074080057819315
2015-04-21,0.3668581469679329
2015-04-22,0.3554060776212386
2015-04-23,0.3573247862661271
2015-04-24,0.3657773183382072
2015-04-27,0.3614996748917461
2015-04-28,0.36899196211968754
2015-04-29,0.36181429287597255
2015-04-30,0.35606650281900865
2015-05-04,0.35508810102688426
2015-05-05,0.35426869097378055
2015-05-06,0.34942708482058704
2015-05-07,0.3568926005329127
2015-05-08,0.33940952897710347
2015-05-11,0.32939688016311064
2015-05-12,0.3541535441047007
2015-05-13,0.3622645489415394
2015-05-14,0.36612064646896914
2015-05-15,0.3741179675080298
2015-05-18,0.37995479130143983
2015-05-19,0.37445732240562896
2015-05-20,0.3743544956423774
2015-05-21,0.3760661759185819
2015-05-22,0.3862715044387755
2015-05-25,0.38615149729299736
2015-05-26,0.38240033976045223
2015-05-27,0.40893459825759026
2015-05-28,0.42418804450858405
2015-05-29,0.42860667668879915
2015-06-01,0.41597873493245086
2015-06-02,0.4488593805055124
2015-06-03,0.47199623519427875
2015-06-04,0.4892383286842728
2015-06-05,0.489348694713387
2015-06-08,0.49689386531405655
2015-06-09,0.48727130966468707
2015-06-10,0.46769652336219664
2015-06-11,0.4592517838898458
2015-06-12,0.45396749716756823
2015-06-15,0.46301031198670456
2015-06-16,0.47287004123920673
2015-06-17,0.4576547582869179
2015-06-18,0.45608114942987177
2015-06-19,0.4450283254913505
2015-06-23,0.45245769822410864
2015-06-24,0.4343438770358184
2015-06-25,0.4354063884438716
2015-06-26,0.41099293283760147
2015-06-29,0.40862978036814934
2015-06-30,0.40084881676100226
2015-07-01,0.442023514960672
2015-07-02,0.445689758157758
2015-07-03,0.4393087148335903
2015-07-06,0.4676036957719679
2015-07-07,0.4599538889249688
2015-07-08,0.4915930590479493
2015-07-09,0.4880284725755578
2015-07-10,0.4743548427592953
2015-07-13,0.4545067628551405
2015-07-14,0.49098549688054927
2015-07-15,0.5089359718593391
2015-07-16,0.4970638280371423
2015-07-17,0.4693468828438819
2015-07-20,0.47967873943050576
2015-07-21,0.5350037229391742
2015-07-22,0.5396954352355325
2015-07-23,0.5152937067214223
2015-07-24,0.5255345172803073
2015-07-27,0.5107378693635805
2015-07-28,0.5307215415250969
2015-07-29,0.5006963061982322
2015-07-30,0.5005137454311581
2015-07-31,0.5001583491843545
2015-08-03,0.528737691305081
2015-08-04,0.5045695154882373
2015-08-05,0.49032308484556836
2015-08-06,0.48069028076576603
2015-08-07,0.45370530092390404
2015-08-10,0.43036322282668504
2015-08-11,0.4216852320336463
2015-08-12,0.4291285700627046
2015-08-13,0.4138445474965353
2015-08-14,0.4167191745901581
2015-08-17,0.4280906834647748
2015-08-18,0.4260547256944865
2015-08-19,0.4183673976964354
2015-08-20,0.437243057100918
2015-08-21,0.4360025274502251
2015-08-24,0.41034287518147905
2015-08-25,0.3951381973160879
2015-08-26,0.4558220644552614
2015-08-27,0.4562817706247726
2015-08-28,0.42795429697653686
2015-08-31,0.4786432403130334
2015-09-01,0.47949957256377684
2015-09-02,0.504246960236317
2015-09-07,0.4985457127690963
2015-09-08,0.4745571771547324
2015-09-09,0.45176654361837204
2015-09-10,0.44116565933272056
2015-09-11,0.4253026473890403
2015-09-14,0.4260985319906911
2015-09-15,0.4332466737366494
2015-09-16,0.4078038706782635
2015-09-17,0.4091304899803583
2015-09-18,0.39873477900471277
2015-09-21,0.3839945328756417
2015-09-22,0.38364796180964017
2015-09-23,0.3845913547834148
2015-09-24,0.37639305796866923
2015-09-25,0.3819750562109673
2015-09-28,0.370276925768589
2015-09-29,0.36768293967181775
2015-09-30,0.36022409815814416
2015-10-08,0.3497380811609715
2015-10-09,0.3489710970171101
2015-10-12,0.3449398091779971
2015-10-13,0.34161388941931137
2015-10-14,0.3461372843507447
2015-10-15,0.33736727752722906
2015-10-16,0.3408053060572525
2015-10-19,0.3557875679768713
2015-10-20,0.37300077699612805
2015-10-21,0.39233507353750696
2015-10-22,0.3828604222798117
2015-10-23,0.3812037547026362
2015-10-26,0.39246132688262414
2015-10-27,0.39698845120249077
2015-10-28,0.3991011295166964
2015-10-29,0.3856250577829542
2015-10-30,0.3772605429585721
2015-11-02,0.38579204317262067
2015-11-03,0.38047954911338966
2015-11-04,0.35910745761435947
2015-11-05,0.3531918126985203
2015-11-06,0.3438796719300109
2015-11-09,0.35094519220832116
2015-11-10,0.359732234215097
2015-11-11,0.3601039188015934
2015-11-12,0.372685283238057
2015-11-13,0.3850913814936977
2015-11-16,0.37823206328356634
2015-11-17,0.3743026839790472
2015-11-18,0.3686698719262376
2015-11-19,0.3545238213782523
2015-11-20,0.35351773020970007
2015-11-23,0.35863616761666806
2015-11-24,0.3545192970055112
2015-11-25,0.3445209273644537
2015-11-26,0.347409829792248
2015-11-27,0.3780278932819724
2015-11-30,0.3966308672649921
2015-12-01,0.39377152956189
2015-12-02,0.3890795299592347
2015-12-03,0.37014386215240624
2015-12-04,0.3585911614821251
2015-12-07,0.34840333833151993
2015-12-08,0.35248225107986547
2015-12-09,0.35915494590600167
2015-12-10,0.35232872351895567
2015-12-11,0.34897853115895233
2015-12-14,0.33900976093271173
2015-12-15,0.3295002847036782
2015-12-16,0.32297995086515874
2015-12-17,0.3128858221709738
2015-12-18,0.31993695282527873
2015-12-21,0.3174478677329779
2015-12-22,0.31237968786055703
2015-12-23,0.31813229203814125
2015-12-24,0.31992616322074363
2015-12-25,0.31535823764366655
2015-12-28,0.31817521328084547
2015-12-29,0.31252213038065013
2015-12-30,0.3042652233899704
2015-12-31,0.3008737112197773
2016-01-04,0.2949077947761148
2016-01-05,0.328976090147539
2016-01-06,0.3158219754060902
2016-01-07,0.3040679963492554
2016-01-08,0.3140427737355731
2016-01-11,0.32048956478467217
2016-01-12,0.32987052382570303
2016-01-13,0.3273678696538509
2016-01-14,0.31499600943901834
2016-01-15,0.31571781211924227
2016-01-18,0.30427086226997757
2016-01-19,0.29134083647382913
2016-01-20,0.2875405184399768
2016-01-21,0.28459629793036084
2016-01-22,0.2766879250888438
2016-01-25,0.267921753036798
2016-01-26,0.269443778361063
2016-01-27,0.2842755278513172
2016-01-28,0.26987049253658085
2016-01-29,0.25952315350630634
2016-02-01,0.26002762558220605
2016-02-02,0.24540021872525372
2016-02-03,0.23691873629838792
2016-02-04,0.2878959046967556
2016-02-05,0.3128300267918079
2016-02-15,0.31829206883203903
2016-02-16,0.30737826913921906
2016-02-17,0.3037167509952025
2016-02-18,0.2991975440405724
2016-02-19,0.29145203336489894
2016-02-22,0.2865408077054723
2016-02-23,0.2932728255869344
2016-02-24,0.3027943975494077
2016-02-25,0.31806699480812817
2016-02-26,0.3419915432826439
2016-02-29,0.3688553178833366
2016-03-01,0.36376710276358276
2016-03-02,0.3514857471787547
2016-03-03,0.34546689650696194
2016-03-04,0.3565260445668323
2016-03-07,0.34465535446765316
2016-03-08,0.34492993601220534
2016-03-09,0.33847922104323125
2016-03-10,0.32774087257618706
2016-03-11,0.32029748676843944
2016-03-14,0.3089546400707743
2016-03-15,0.3086422689598827
2016-03-16,0.297981334289029
2016-03-17,0.2858181730242575
2016-03-18,0.28705838498629455
2016-03-21,0.28426618142006277
2016-03-22,0.2888933113632243
2016-03-23,0.28724723218948855
2016-03-24,0.29687610554763577
2016-03-25,0.2993631651827827
2016-03-28,0.29771854611675286
2016-03-29,0.30128597057771384
2016-03-30,0.2906436000882199
2016-03-31,0.2942418458611701
2016-04-01,0.2961940022460414
2016-04-05,0.29106035951266473
2016-04-06,0.29267943435980315
2016-04-07,0.29278610392405435
2016-04-08,0.292209987601951
2016-04-11,0.28929127209258937
2016-04-12,0.29244805564779347
2016-04-13,0.28415559692610365
2016-04-14,0.27736483242680937
2016-04-15,0.27359848415089466
2016-04-18,0.27482311844018514
2016-04-19,0.26856365063093646
2016-04-20,0.2881148837658357
2016-04-21,0.2875676377129781
2016-04-22,0.28557036784486406
2016-04-25,0.2847017430055223
2016-04-26,0.27780602117541403
2016-04-27,0.2721217424996484
2016-04-28,0.26818297535956964
2016-04-29,0.26187114223737035
2016-05-03,0.2550207035203116
2016-05-04,0.2514134242255944
2016-05-05,0.24614142621091034
2016-05-06,0.2517776806424824
2016-05-09,0.2674727284491968
2016-05-10,0.2652614818421137
2016-05-11,0.2660810999520391
2016-05-12,0.26663349186503055
2016-05-13,0.259303384743863
2016-05-16,0.25256719163324953
2016-05-17,0.24876136925370632
2016-05-18,0.2483237997039061
2016-05-19,0.2413793084597675
2016-05-20,0.23804688822150039
2016-05-23,0.23409449045158867
2016-05-24,0.23201340840235904
2016-05-25,0.2262165116271207
2016-05-26,0.22176758439368965
2016-05-27,0.2183478663969923
2016-05-30,0.2164307922698806
2016-05-31,0.20864181292090664
2016-06-01,0.2030740186773382
2016-06-02,0.20388199207567753
2016-06-03,0.20638864840116175
2016-06-06,0.20915335091581538
2016-06-07,0.21357724056520097
2016-06-08,0.2271620294953632
2016-06-13,0.24104154969866257
2016-06-14,0.24180381311702176
2016-06-15,0.22978722637850127
2016-06-16,0.23536710217617945
2016-06-17,0.23505001752219506
2016-06-20,0.23849153286032784
2016-06-21,0.23825402384604238
2016-06-22,0.23323290289873508
2016-06-23,0.23235350823628254
2016-06-24,0.2333081754475418
2016-06-27,0.2277497414315755
2016-06-28,0.22611136741441934
2016-06-29,0.22293451946027004
2016-06-30,0.22260756536466794
2016-07-01,0.2171528981340235
2016-07-04,0.2123107126017441
2016-07-05,0.2087552713383566
2016-07-06,0.21068310819839864
2016-07-07,0.2120103897087878
2016-07-08,0.2086322340904075
2016-07-11,0.21258287023283046
2016-07-12,0.2124211884562454
2016-07-13,0.20691400204300756
2016-07-14,0.20179156210594817
2016-07-15,0.1994000793617859
2016-07-18,0.20205758562174464
2016-07-19,0.1978297362409391
2016-07-20,0.1942670019265957
2016-07-21,0.1912694524473884
2016-07-22,0.18888573672556774
2016-07-25,0.1906126548783222
2016-07-26,0.16984223821738076
2016-07-27,0.17841566738115935
2016-07-28,0.18138317036846247
2016-07-29,0.17810356429021695
2016-08-01,0.1795825298621648
2016-08-02,0.17142752999282834
2016-08-03,0.16760930283238343
2016-08-04,0.16138912253473822
2016-08-05,0.15755787451619255
2016-08-08,0.15548798100658426
2016-08-09,0.1510305192878969
2016-08-10,0.14796431261423687
2016-08-11,0.14546214859388423
2016-08-12,0.14046293989466202
2016-08-15,0.1389041300094179
2016-08-16,0.14150314124611527
2016-08-17,0.14418383552443628
2016-08-18,0.14385004541647095
2016-08-19,0.1458872340629946
2016-08-22,0.15131040819646718
2016-08-23,0.14914867200915335
2016-08-24,0.14826607549616003
2016-08-25,0.1499679737542967
2016-08-26,0.14832211073482007
2016-08-29,0.14776424178477182
2016-08-30,0.14512815630844886
2016-08-31,0.14120316395618618
2016-09-01,0.1388964621041972
2016-09-02,0.1383670972927289
2016-09-05,0.13762423527766976
2016-09-06,0.13656009573754915
2016-09-07,0.13699846470911994
2016-09-08,0.13517826307402353
2016-09-09,0.13392724335612013
2016-09-12,0.13797105025368023
2016-09-13,0.13783066762299942
2016-09-14,0.13770448738543822
2016-09-19,0.13482191918681308
2016-09-20,0.1328881096915088
2016-09-21,0.12801163272572016
2016-09-22,0.12529099720885956
2016-09-23,0.1255427388141385
2016-09-26,0.12960746566814688
2016-09-27,0.12831603512242917
2016-09-28,0.12563408492242828
2016-09-29,0.12162004898718964
2016-09-30,0.11896910789062899
2016-10-10,0.12109278279011766
2016-10-11,0.12023590179057542
2016-10-12,0.14007120330793052
2016-10-13,0.16575419582280057
2016-10-14,0.16538820670696366
2016-10-17,0.16910023890417764
2016-10-18,0.16770016881814384
2016-10-19,0.16608201551576934
2016-10-20,0.17226965999680105
2016-10-21,0.17659445924998568
2016-10-24,0.17546935787858375
2016-10-25,0.17731840426056852
2016-10-26,0.18322139628832695
2016-10-27,0.18193093465814703
2016-10-28,0.18337248631112524
2016-10-31,0.18676702303193626
2016-11-01,0.18347567136142467
2016-11-02,0.18537062766062312
2016-11-03,0.18173512984705706
2016-11-04,0.18310213035300302
2016-11-07,0.18261069970861096
2016-11-08,0.17861538586652645
2016-11-09,0.1794587685018428
2016-11-10,0.18071108814588696
2016-11-11,0.18274121560488016
2016-11-14,0.1858715863360884
2016-11-15,0.18466322720665013
2016-11-16,0.1851962763308379
2016-11-17,0.18426808173160183
2016-11-18,0.18637471644474032
2016-11-21,0.1906025139736981
2016-11-22,0.18825699184311934
2016-11-23,0.19197182327461237
2016-11-24,0.1946063047791262
2016-11-25,0.19363650701941174
2016-11-28,0.1970729665496499
2016-11-29,0.20173834692772408
2016-11-30,0.20062388466724945
2016-12-01,0.19722027770452696
2016-12-02,0.19777833674260134
2016-12-05,0.20301688812470461
2016-12-06,0.19398933684832148
2016-12-07,0.19022996098238135
2016-12-08,0.18500195230709118
2016-12-09,0.18551508208248285
2016-12-12,0.19896209556275896
2016-12-13,0.20132589051628097
2016-12-14,0.2012903621332472
2016-12-15,0.19923664928889753
2016-12-16,0.19374874361211405
2016-12-19,0.1956838941370628
2016-12-20,0.19496142681994585
2016-12-21,0.190494524948114
2016-12-22,0.18785928889755904
2016-12-23,0.18978868312106553
2016-12-26,0.1879173831771541
2016-12-27,0.18417838063057262
2016-12-28,0.18017206511263673
2016-12-29,0.17842196108317024
2016-12-30,0.1753438282454808
2017-01-03,0.17390789388914696
2017-01-04,0.17026643206625405
2017-01-05,0.16860658510893264
2017-01-06,0.17184980079631781
2017-01-09,0.17247907674401225
2017-01-10,0.17263478132501173
2017-01-11,0.1724932942760492
2017-01-12,0.1733114481507437
2017-01-13,0.18037418591239462
2017-01-16,0.20605717963485623
2017-01-17,0.20821438932727798
2017-01-18,0.20112876538880362
2017-01-19,0.19512406179183428
2017-01-20,0.1879863710654723
2017-01-23,0.18642670789948373
2017-01-24,0.18374801832396384
2017-01-25,0.17788426282233366
2017-01-26,0.17262524328193482
2017-02-03,0.1705390422707728
2017-02-06,0.16868951829240894
2017-02-07,0.16434799583312942
2017-02-08,0.15933184092833785
2017-02-09,0.15741022940739913
2017-02-10,0.16230918005970002
2017-02-13,0.16244446598157244
2017-02-14,0.15888393611902457
2017-02-15,0.16134396983649482
2017-02-16,0.16280008928632642
2017-02-17,0.16827925334585536
2017-02-20,0.16908139821075435
2017-02-21,0.16594179279539994
2017-02-22,0.1640681855464046
2017-02-23,0.16409870417999037
2017-02-24,0.16235753411655032
2017-02-27,0.15051531452746097
2017-02-28,0.14899975957978578
2017-03-01,0.1479499188539943
2017-03-02,0.14527456291058158
2017-03-03,0.14588174178653898
2017-03-06,0.1547973838610146
2017-03-07,0.15403458407030832
2017-03-08,0.15415257829764314
2017-03-09,0.15437172968685153
2017-03-10,0.15255590442836894
2017-03-13,0.1509438595785936
2017-03-14,0.1485036485159643
2017-03-15,0.1488019292334408
2017-03-16,0.14568789543561483
2017-03-17,0.14752267590866988
2017-03-20,0.15016403860467914
2017-03-21,0.15111959361822838
2017-03-22,0.1547290909106708
2017-03-23,0.1570853131677088
2017-03-24,0.15720311996277422
2017-03-27,0.14911240588491062
2017-03-28,0.15027290634047827
2017-03-29,0.15464451902831117
2017-03-30,0.16042437129543313
2017-03-31,0.17742025269788284
2017-04-05,0.18271697658823283
2017-04-06,0.18030011142292707
2017-04-07,0.18171858843682528
2017-04-10,0.19321135006288162
2017-04-11,0.19589586679423018
2017-04-12,0.182223158144939
2017-04-13,0.17695666079868808
2017-04-14,0.17349080198468053
2017-04-17,0.19915559386233372
2017-04-18,0.18351955946697393
2017-04-19,0.18750342707519144
2017-04-20,0.1862292908231555
2017-04-21,0.18168120647277572
2017-04-24,0.18652579136378472
2017-04-25,0.18204933317021973
2017-04-26,0.1826786648343229
2017-04-27,0.1851695873499466
2017-04-28,0.179651982153495
2017-05-02,0.17829892396552
2017-05-03,0.1754343403558638
2017-05-04,0.17261001626424619
2017-05-05,0.17317385598195775
2017-05-08,0.18103207815286282
2017-05-09,0.17748499751755392
2017-05-10,0.17766444445619833
2017-05-11,0.18104903371203
2017-05-12,0.1760477218275153
2017-05-15,0.1728079785310146
2017-05-16,0.16859222083570927
2017-05-17,0.16388124753793745
2017-05-18,0.16260266576741333
2017-05-19,0.16056085986310956
2017-05-22,0.16431312400262818
2017-05-23,0.17720803649583536
2017-05-24,0.1730297454849813
2017-05-25,0.17029792984791703
2017-05-26,0.16699709329269605
2017-05-31,0.164800588211438
2017-06-01,0.16848363144668768
2017-06-02,0.16848552128501634
2017-06-05,0.16324759777771797
2017-06-06,0.15786398193674836
2017-06-07,0.15490983761210222
2017-06-08,0.15255247715526724
2017-06-09,0.15110537035184612
2017-06-12,0.15416627321277696
2017-06-13,0.15032626242626987
2017-06-14,0.1489813195822023
2017-06-15,0.14538628601653422
2017-06-16,0.14175754702076385
2017-06-19,0.13943032518873877
2017-06-20,0.13780023025954144
2017-06-21,0.13703725158768496
2017-06-22,0.13744087068072136
2017-06-23,0.13761125860129703
2017-06-26,0.13576417848196645
2017-06-27,0.13448892193247938
2017-06-28,0.1328397138253298
2017-06-29,0.13023509716843834
2017-06-30,0.12924126602277233
2017-07-03,0.12862478486816545
2017-07-04,0.12747543610110895
2017-07-05,0.14105801517197433
2017-07-06,0.14459389104811157
2017-07-07,0.1474212610851842
2017-07-10,0.1552862612341094
2017-07-11,0.15860860221782905
2017-07-12,0.161908495187106
2017-07-13,0.16313963333125653
2017-07-14,0.16477724301475757
2017-07-17,0.17890080461527294
2017-07-18,0.1792948799790004
2017-07-19,0.1778295821094245
2017-07-20,0.17572255077633983
2017-07-21,0.16509790590973003
2017-07-24,0.1635465623788694
2017-07-25,0.16051625306804768
2017-07-26,0.15992707342217555
2017-07-27,0.16123152814718944
2017-07-28,0.15996262835883363
2017-07-31,0.15852542320246651
2017-08-01,0.15610486530743603
2017-08-02,0.15609223929470292
2017-08-03,0.15399661169266746
2017-08-04,0.1738667575374723
2017-08-07,0.15902584046392132
2017-08-08,0.15737822657123715
2017-08-09,0.15552395977595865
2017-08-10,0.1684471572820443
2017-08-11,0.16977743639866874
2017-08-14,0.15531562565349763
2017-08-15,0.15314089626536673
2017-08-16,0.1502212710110142
2017-08-17,0.14736830901479817
2017-08-18,0.14757606334802353
2017-08-21,0.14607143159021888
2017-08-22,0.1450935224075838
2017-08-23,0.14479970282399846
2017-08-24,0.1451485010001468
2017-08-25,0.14332252185113784
2017-08-28,0.147314391845879
2017-08-29,0.14822610349479062
2017-08-30,0.1479221189024992
2017-08-31,0.14821438326115222
2017-09-01,0.1475039260665802
2017-09-04,0.15080856414851096
2017-09-05,0.14988789736897742
2017-09-06,0.1535232695820585
2017-09-07,0.15385422620925968
2017-09-08,0.1533257596725154
2017-09-11,0.15418641811490108
2017-09-12,0.15641633820240947
2017-09-13,0.15433056629394512
2017-09-14,0.15407132087942405
2017-09-15,0.15562438911240617
2017-09-18,0.1556374875687834
2017-09-19,0.15356330192227943
2017-09-20,0.15063217499087783
2017-09-21,0.15070403490189854
2017-09-22,0.1725778935364389
2017-09-25,0.18107970643212465
2017-09-26,0.18451712854614852
2017-09-27,0.18048659418704557
2017-09-28,0.1781534865820662
2017-09-29,0.17533661762813638
2017-10-09,0.17546225353968253
2017-10-10,0.17593379401031245
2017-10-11,0.17947326136598013
2017-10-12,0.17783991905887178
2017-10-13,0.17593757293164886
2017-10-16,0.1794629417246197
2017-10-17,0.17681120559832011
2017-10-18,0.17534965388975413
2017-10-19,0.1774959717475157
2017-10-20,0.17486829804189652
2017-10-23,0.17167230460095442
2017-10-24,0.16810775897055022
2017-10-25,0.16380846087330733
2017-10-26,0.16252132892329582
2017-10-27,0.16889553415336211
2017-10-30,0.18301706386667868
2017-10-31,0.1811247298477325
2017-11-01,0.17966431061215785
2017-11-02,0.17948518484080794
2017-11-03,0.182109548950572
2017-11-06,0.18611205330156788
2017-11-07,0.1836689771627013
2017-11-08,0.18131310855083707
2017-11-09,0.17980749681848618
2017-11-10,0.18110985283887543
2017-11-13,0.1849922222440256
2017-11-14,0.18894424724125716
2017-11-15,0.19022559478693912
2017-11-16,0.19143412846033137
2017-11-17,0.2155430113268408
2017-11-20,0.222687393041433
2017-11-21,0.21875379677533216
2017-11-22,0.22439282701498847
2017-11-23,0.22251504956108084
2017-11-24,0.21826074474076143
2017-11-27,0.21725617204473738
2017-11-28,0.208052180112925
2017-11-29,0.20593948182794092
2017-11-30,0.2032173441786986
2017-12-01,0.19625545909279432
2017-12-04,0.2034185631293009
2017-12-05,0.23072705168791224
2017-12-06,0.22468362790916116
2017-12-07,0.21741983088968564
2017-12-08,0.20885504278192257
2017-12-11,0.20148758815088777
2017-12-12,0.19782117403694385
2017-12-13,0.19184285696513184
2017-12-14,0.1895786231350597
2017-12-15,0.18937564240643692
2017-12-18,0.19218302117075897
2017-12-19,0.18929000738191518
2017-12-20,0.1889452982600765
2017-12-21,0.18644909661281261
2017-12-22,0.18538878520533286
2017-12-25,0.19721144254829526
2017-12-26,0.19787145074704887
2017-12-27,0.2079800027489515
2017-12-28,0.20976417958965693
2017-12-29,0.20837119433185375
2018-01-02,0.20870783815448146
2018-01-03,0.2083964434614624
2018-01-04,0.21196906406952268
2018-01-05,0.210140381747878
2018-01-08,0.21344095251717296
2018-01-09,0.22111802192713387
2018-01-10,0.23015203868887515
2018-01-11,0.2295570142793306
2018-01-12,0.227580071162769
2018-01-15,0.23977293499684726
2018-01-16,0.24282391388227523
2018-01-17,0.24221802323475014
2018-01-18,0.2372510611042699
2018-01-19,0.23460438936793196
2018-01-22,0.2367008879823449
2018-01-23,0.2324087794046893
2018-01-24,0.22959379546215083
2018-01-25,0.22469405270307513
2018-01-26,0.2200628343554888
2018-01-29,0.22372319060823898
2018-01-30,0.22379478492954277
2018-01-31,0.23899683024959986
2018-02-01,0.2570843246865777
2018-02-02,0.2625192836004363
2018-02-05,0.2722871355682177
2018-02-06,0.3118885351571991
2018-02-07,0.31368094880503256
2018-02-08,0.30442174450854914
2018-02-09,0.3219048533811953
2018-02-12,0.34479706676241656
2018-02-13,0.3321062427339908
2018-02-14,0.3189379049119557
2018-02-22,0.3042408795148226
2018-02-23,0.2941279474201464
2018-02-26,0.28486825284480294
2018-02-27,0.28553321085891
2018-02-28,0.28230043613946504
2018-03-01,0.2753552406183501
2018-03-02,0.270960037621525
2018-03-05,0.27046630370576935
2018-03-06,0.26527341017202277
2018-03-07,0.25969143340336887
2018-03-08,0.2594093456094671
2018-03-09,0.25472766604795577
2018-03-12,0.25167731282189937
2018-03-13,0.2526976521704645
2018-03-14,0.24525960603329872
2018-03-15,0.2521247936054369
2018-03-16,0.2516303402936625
2018-03-19,0.2532784978352704
2018-03-20,0.25273147199140655
2018-03-21,0.2553190209071484
2018-03-22,0.256588557255453
2018-03-23,0.27935829155117975
2018-03-26,0.2828460564421718
2018-03-27,0.28230579599192346
2018-03-28,0.28223086457520613
2018-03-29,0.2761000563798087
2018-03-30,0.2699038698995426
2018-04-02,0.27521900888839135
2018-04-03,0.2793170215913593
2018-04-04,0.2852762586463414
2018-04-09,0.2975194479265266
2018-04-10,0.3003696355569494
2018-04-11,0.29432267565557324
2018-04-12,0.2956937655417754
2018-04-13,0.28946854649717363
2018-04-16,0.30026040679191673
2018-04-17,0.29485918733363603
2018-04-18,0.29998428081847966
2018-04-19,0.29312713552892483
2018-04-20,0.2897494899719159
2018-04-23,0.29512062099685926
2018-04-24,0.28559331387560793
2018-04-25,0.281591125512756
2018-04-26,0.28395939246309504
2018-04-27,0.28799439398247845
2018-05-02,0.29860140474741753
2018-05-03,0.29237722117573794
2018-05-04,0.2891041791772613
2018-05-07,0.27841401883033423
2018-05-08,0.2750962059514821
2018-05-09,0.26874696064134584
2018-05-10,0.2643401778562555
2018-05-11,0.2612231864338331
2018-05-14,0.26470458501389266
2018-05-15,0.25867219751339915
2018-05-16,0.2535057616724475
2018-05-17,0.24877909025451628
2018-05-18,0.24520564577093898
2018-05-21,0.2405892007130776
2018-05-22,0.23750854438490224
2018-05-23,0.23749784728559825
2018-05-24,0.23663537348889585
2018-05-25,0.24229832572434917
2018-05-28,0.25420508807707287
2018-05-29,0.2607120760881972
2018-05-30,0.2752432603677762
2018-05-31,0.2728973709361068
2018-06-01,0.2725042216378724
2018-06-04,0.26948273609301665
2018-06-05,0.25935561235636007
2018-06-06,0.254605610296303
2018-06-07,0.2803371811336858
2018-06-08,0.2769633006789843
2018-06-11,0.27501211969400946
2018-06-12,0.26985370752200866
2018-06-13,0.269673883200549
2018-06-14,0.2695189567446482
2018-06-15,0.2822100875299029
2018-06-19,0.3096128319571445
2018-06-20,0.31173282289583676
2018-06-21,0.40286293740052703
2018-06-22,0.3930964902243926
2018-06-25,0.38462107645496946
2018-06-26,0.37343005033777393
2018-06-27,0.3642490021853222
2018-06-28,0.3604762768475347
2018-06-29,0.3434703060798358
2018-07-02,0.36075656737764406
2018-07-03,0.3539764342800461
2018-07-04,0.3641871384401253
2018-07-05,0.36702334705011785
2018-07-06,0.36409200290635385
2018-07-09,0.35350141106593286
2018-07-10,0.3438319909068751
2018-07-11,0.3424799905989623
2018-07-12,0.32795137951925246
2018-07-13,0.3275193674994459
2018-07-16,0.32911680920983816
2018-07-17,0.31917051525314166
2018-07-18,0.3172782674599827
2018-07-19,0.31756202779157094
2018-07-20,0.3089624790747455
2018-07-23,0.3120401679580088
2018-07-24,0.30772328967284107
2018-07-25,0.3056203517731667
2018-07-26,0.3067081148322099
2018-07-27,0.30755154360407383
2018-07-30,0.31197204687402513
2018-07-31,0.3086409302572751
2018-08-01,0.3042201802563513
2018-08-02,0.3116719166839667
2018-08-03,0.31272050147134134
2018-08-06,0.3209306111546489
2018-08-07,0.30966498086725786
2018-08-08,0.3102985769685612
2018-08-09,0.2971267551303418
2018-08-10,0.28555389786460167
2018-08-13,0.27947271132227064
2018-08-14,0.2701307062134848
2018-08-15,0.2653447411347007
2018-08-16,0.26567101546747535
2018-08-17,0.2680981162286572
2018-08-20,0.27193425489747247
2018-08-21,0.2662905749423074
2018-08-22,0.2616489634184249
2018-08-23,0.25314165354086865
2018-08-24,0.25264748007737264
2018-08-27,0.2540147196441769
2018-08-28,0.24856816020399267
2018-08-29,0.24577415737199174
2018-08-30,0.2447493033669294
2018-08-31,0.24892979413233743
2018-09-03,0.2561258645177422
2018-09-04,0.2592822574333165
2018-09-05,0.2570973306297166
2018-09-06,0.25443650318501443
2018-09-07,0.2511408352922391
2018-09-10,0.2635883835555083
2018-09-11,0.2597668261396096
2018-09-12,0.2538719900395529
2018-09-13,0.2503688975728234
2018-09-14,0.2515265483437785
2018-09-17,0.2588103504350742
2018-09-18,0.25439042905925857
2018-09-19,0.24880445396207984
2018-09-20,0.24292588530441822
2018-09-21,0.23786412581777594
2018-09-25,0.2335480604394418
2018-09-26,0.22676978855953153
2018-09-27,0.23015783321521385
2018-09-28,0.2284054792562061
2018-10-08,0.23678342047307951
2018-10-09,0.23937831900974693
2018-10-10,0.2423729409055728
2018-10-11,0.26920176232782334
2018-10-12,0.31446994577668763
2018-10-15,0.3190680156981707
2018-10-16,0.33014138446143804
2018-10-17,0.3293082074488028
2018-10-18,0.3324766019628217
2018-10-19,0.3238202092174851
2018-10-22,0.3111872881633674
2018-10-23,0.3074608701806782
2018-10-24,0.2982893594405288
2018-10-25,0.32109477535902264
2018-10-26,0.3168567556291753
2018-10-29,0.3140656196289004
2018-10-30,0.30962179999594197
2018-10-31,0.3020389466290809
2018-11-01,0.29491469843577467
2018-11-02,0.2853264977577587
2018-11-05,0.28374497150307587
2018-11-06,0.2925511227275557
2018-11-07,0.2858557956127051
2018-11-08,0.2807322659398699
2018-11-09,0.2773536543322549
2018-11-12,0.27242139740497434
2018-11-13,0.2725498232072062
2018-11-14,0.27223569179666973
2018-11-15,0.2754720641262767
2018-11-16,0.2762092322998833
2018-11-19,0.2833676215152837
2018-11-20,0.28746894377849125
2018-11-21,0.2869231451486702
2018-11-22,0.2825031626387938
2018-11-23,0.28163158379288084
2018-11-26,0.28502107994674997
2018-11-27,0.27758516983102044
2018-11-28,0.2728652337194922
2018-11-29,0.26828341444860504
2018-11-30,0.2648812787365651
2018-12-03,0.25654109885136944
2018-12-04,0.2500875393479872
2018-12-05,0.24856650551193044
2018-12-06,0.24493802953413316
2018-12-07,0.24271103080134449
2018-12-10,0.24360090652059468
2018-12-11,0.2373549442237057
2018-12-12,0.22544753127674763
2018-12-13,0.2184737081528659
2018-12-14,0.2172788954822607
2018-12-17,0.21890170124065295
2018-12-18,0.21520826403329857
2018-12-19,0.21130601638613164
2018-12-20,0.20883508778887466
2018-12-21,0.20597119289217528
2018-12-24,0.20306199596989574
2018-12-25,0.20653645129647127
2018-12-26,0.213249142438412
2018-12-27,0.21363602500477763
2018-12-28,0.21806204068287968
2019-01-02,0.23968221910449006
2019-01-03,0.2548806734577568
2019-01-04,0.25010611457467835
2019-01-07,0.25056155622561604
2019-01-08,0.2488916692465468
2019-01-09,0.24455921592245447
2019-01-10,0.2420251847970942
2019-01-11,0.2415976999555238
2019-01-14,0.24166335414284612
2019-01-15,0.2381397733454833
2019-01-16,0.23470099960862198
2019-01-17,0.23223084473752817
2019-01-18,0.2290872277685014
2019-01-21,0.2254652499194927
2019-01-22,0.223419418241327
2019-01-23,0.22255395445416248
2019-01-24,0.22020469566271655
2019-01-25,0.22418520796542232
2019-01-28,0.2269298584986942
2019-01-29,0.23606189874773775
2019-01-30,0.23972286757129438
2019-01-31,0.26726896557017554
2019-02-01,0.26387342242080475
2019-02-11,0.2537827837950211
2019-02-12,0.24550915208985907
2019-02-13,0.23898114413021637
2019-02-14,0.23384428725481515
2019-02-15,0.2305951480388581
2019-02-18,0.22124972547315452
2019-02-19,0.22660697183563858
2019-02-20,0.23727622777222165
2019-02-21,0.23672046883154493
2019-02-22,0.23781751999443476
2019-02-25,0.23930382486052226
2019-02-26,0.2577593864201017
2019-02-27,0.26058516092170814
2019-02-28,0.26329817544483824
2019-03-01,0.2563306123072893
2019-03-04,0.2564581957120594
2019-03-05,0.25909334719328014
2019-03-06,0.26417301905081725
2019-03-07,0.27537554255348917
2019-03-08,0.29254127360818316
2019-03-11,0.2909282102955013
2019-03-12,0.2887537151389929
2019-03-13,0.28850268384039895
2019-03-14,0.28954913794810005
2019-03-15,0.28217737200554005
2019-03-18,0.27561032041460476
2019-03-19,0.2690005737727422
2019-03-20,0.26536560259430103
2019-03-21,0.25877215773608836
2019-03-22,0.25934762325496497
2019-03-25,0.26375916163932106
2019-03-26,0.2619784969381568
2019-03-27,0.26489186368277523
2019-03-28,0.2646610223767842
2019-03-29,0.256470745494404
2019-04-01,0.2471529436755406
2019-04-02,0.24988374029425503
2019-04-03,0.24905580311519632
2019-04-04,0.24805544072383373
2019-04-08,0.25487878670913416
2019-04-09,0.25505229030971177
2019-04-10,0.25613535391160275
2019-04-11,0.2358756570620854
2019-04-12,0.234497925094729
2019-04-15,0.22882197792761072
2019-04-16,0.22171437753022458
2019-04-17,0.21750691926454865
2019-04-18,0.2162139002407491
2019-04-19,0.21124435091985888
2019-04-22,0.2144819868313462
2019-04-23,0.2160390107485752
2019-04-24,0.2130247857276861
2019-04-25,0.2108852037671293
2019-04-26,0.21627044912149537
2019-04-29,0.22542552153595158
2019-04-30,0.22599197786541095
2019-05-06,0.22861569828528297
2019-05-07,0.22681471556130833
2019-05-08,0.22408759601425945
2019-05-09,0.21686789577286358
2019-05-10,0.20575943653436668
2019-05-13,0.20586310769828436
2019-05-14,0.20302895089418452
2019-05-15,0.1944359503912458
2019-05-16,0.19112170016074043
2019-05-17,0.18875488734175336
2019-05-20,0.2000346698524019
2019-05-21,0.21966924319467024
2019-05-22,0.21597583531820927
2019-05-23,0.21366586116545397
2019-05-24,0.19670723109577096
2019-05-27,0.2080714889956637
2019-05-28,0.2019024017152669
2019-05-29,0.19789917539855442
2019-05-30,0.20059291524358291
2019-05-31,0.20311920320945312
2019-06-03,0.2078614498194221
2019-06-04,0.21258898264486387
2019-06-05,0.2113461248290205
2019-06-06,0.21316046517861598
2019-06-10,0.2114567315560406
2019-06-11,0.2040229773235013
2019-06-12,0.2001002302105474
2019-06-13,0.1991718189625445
2019-06-14,0.20041884824894673
2019-06-17,0.2008681843394589
2019-06-18,0.19725484463928092
2019-06-19,0.19294462087864317
2019-06-20,0.18894055299219245
2019-06-21,0.18854020926933643
2019-06-24,0.18901319717865564
2019-06-25,0.19114676297595928
2019-06-26,0.19068459954213643
2019-06-27,0.18844448711735676
2019-06-28,0.18620770855864638
2019-07-01,0.182222271958041
2019-07-02,0.186823863109691
2019-07-03,0.18538154173489046
2019-07-04,0.18233522828589008
2019-07-05,0.17925441866833325
2019-07-08,0.1803471938024884
2019-07-09,0.18047515385111648
2019-07-10,0.17898001146739173
2019-07-11,0.1770502919146113
2019-07-12,0.17767646913611607
2019-07-15,0.1804995641472619
2019-07-16,0.17680062499411947
2019-07-17,0.1728543240820564
2019-07-18,0.16955034369895733
2019-07-19,0.16608709664968055
2019-07-22,0.17101975743153686
2019-07-23,0.17090571783001915
2019-07-24,0.16647380038276288
2019-07-25,0.16374264937073466
2019-07-26,0.1630027838638012
2019-07-29,0.16195897375747528
2019-07-30,0.15853845612114478
2019-07-31,0.15935788828431707
2019-08-01,0.15919267503469417
2019-08-02,0.16299036035508424
2019-08-05,0.16441088635206416
2019-08-06,0.17543074562559133
2019-08-07,0.17874702127667044
2019-08-08,0.1794914416442832
2019-08-09,0.1783297229058829
2019-08-12,0.17527363989280195
2019-08-13,0.1732764509168687
2019-08-14,0.16951659002848224
2019-08-15,0.17450046119498086
2019-08-16,0.17274626035181442
2019-08-19,0.1797576396524268
2019-08-20,0.17946447936608703
2019-08-21,0.1804448012469608
2019-08-22,0.178840156895178
2019-08-23,0.18012603457654097
2019-08-26,0.18247178139490441
2019-08-27,0.18101919394341887
2019-08-28,0.18501182692793075
2019-08-29,0.18377172780533577
2019-08-30,0.19360286011371036
2019-09-02,0.19167983394956728
2019-09-03,0.19163948007408688
2019-09-04,0.19085272158049527
2019-09-05,0.18684679687959405
2019-09-06,0.18595624459085502
2019-09-09,0.18287519998227916
2019-09-10,0.1814200011682876
2019-09-11,0.179687217775039
2019-09-12,0.17858275546933255
2019-09-16,0.17804456938606275
2019-09-17,0.17919365342697383
2019-09-18,0.1785161027764801
2019-09-19,0.1774415637220619
2019-09-20,0.17798416732349007
2019-09-23,0.181591419159152
2019-09-24,0.18170014766577458
2019-09-25,0.18369880873321953
2019-09-26,0.20716174805155257
2019-09-27,0.2155827988968702
2019-09-30,0.21356929311735665
2019-10-08,0.21861166011649663
2019-10-09,0.22028096805890826
2019-10-10,0.21697738327065025
2019-10-11,0.21411451726350447
2019-10-14,0.2109246194943182
2019-10-15,0.21519799641808274
2019-10-16,0.21268439834116307
2019-10-17,0.20822043204173107
2019-10-18,0.2099546987572212
2019-10-21,0.21789027812863548
2019-10-22,0.21330347279493095
2019-10-23,0.2117914101901979
2019-10-24,0.2085716331326497
2019-10-25,0.20448488250682753
2019-10-28,0.2085495233953331
2019-10-29,0.20603839789031633
2019-10-30,0.21229245457579152
2019-10-31,0.21636503164111315
2019-11-01,0.22087253249547809
2019-11-04,0.21703161094600623
2019-11-05,0.21364749521511225
2019-11-06,0.21143406041719678
2019-11-07,0.20812717922436763
2019-11-08,0.20388785752207217
2019-11-11,0.20735808859134458
2019-11-12,0.20606169308567862
2019-11-13,0.2054181784807156
2019-11-14,0.20113845457317028
2019-11-15,0.20239999775417292
2019-11-18,0.20072927579005212
2019-11-19,0.19377025760643635
2019-11-20,0.19245218911831957
2019-11-21,0.1891703892722231
2019-11-22,0.1905175182165808
2019-11-25,0.19805320315207467
2019-11-26,0.1977799012981507
2019-11-27,0.1952974654327331
2019-11-28,0.19077334459123352
2019-11-29,0.19655719081771586
2019-12-02,0.1947313270223927
2019-12-03,0.19112927125337206
2019-12-04,0.1879186003419187
2019-12-05,0.1819446224968663
2019-12-06,0.1797938499888579
2019-12-09,0.18002051133489896
2019-12-10,0.17965906742795495
2019-12-11,0.1811805487616274
2019-12-12,0.1820072499002082
2019-12-13,0.17900766895952033
2019-12-16,0.17780749115350122
2019-12-17,0.17631071521652192
2019-12-18,0.17778278823922014
2019-12-19,0.183139881861433
2019-12-20,0.1881819979513402
2019-12-23,0.19473008190744318
2019-12-24,0.19361405647666582
2019-12-25,0.1922369812985123
2019-12-26,0.191279735770704
2019-12-27,0.1924046910265157
2019-12-30,0.20081921319780432
2019-12-31,0.1989355046897345
2020-01-02,0.1962748452048004
2020-01-03,0.1974962920468649
2020-01-06,0.21055554333217663
2020-01-07,0.21023866549195966
2020-01-08,0.21552081044875507
2020-01-09,0.2134247391508193
2020-01-10,0.2104568068653705
2020-01-13,0.21399006834959555
2020-01-14,0.21436638024259455
2020-01-15,0.21213589480102615
2020-01-16,0.22026592003850032
2020-01-17,0.22083268525371683
2020-01-20,0.22610262646109106
2020-01-21,0.23054777592738004
2020-01-22,0.2334821073849319
2020-01-23,0.23861134071479836
2020-02-03,0.24521011864980874
2020-02-04,0.2929172315177941
2020-02-05,0.2979169760196705
2020-02-06,0.2936658896853528
2020-02-07,0.29225603416889134
2020-02-10,0.3005879719474093
2020-02-11,0.3004137972732004
2020-02-12,0.28850556857454185
2020-02-13,0.28333676602392166
2020-02-14,0.2743670751500043
2020-02-17,0.26978121880632083
2020-02-18,0.2653518094866832
2020-02-19,0.269017963572481
2020-02-20,0.2636419388254883
2020-02-21,0.26823111425917906
2020-02-24,0.2799430285582106
2020-02-25,0.2938120522908244
2020-02-26,0.3199613191345103
2020-02-27,0.32104950613307787
2020-02-28,0.32158653994716174
2020-03-02,0.3078793201250363
2020-03-03,0.30242513783700437
2020-03-04,0.2991599343747571
2020-03-05,0.29615670530240923
2020-03-06,0.29413405808445475
2020-03-09,0.29985485932795614
2020-03-10,0.299822100312912
2020-03-11,0.2997466736818586
2020-03-12,0.2977502183488446
2020-03-13,0.3037871338369221
2020-03-16,0.305928026634168
2020-03-17,0.30865630703832114
2020-03-18,0.30096558193505607
2020-03-19,0.29606913009571023
2020-03-20,0.2932348017711585
2020-03-23,0.30117998584538885
2020-03-24,0.2951037600819344
2020-03-25,0.28759727092173276
2020-03-26,0.2821243042026617
2020-03-27,0.2758727225938799
2020-03-30,0.28453115439333204
2020-03-31,0.2805993984288735
2020-04-01,0.27333982687232733
2020-04-02,0.26262655716384825
2020-04-03,0.2581819095779546
2020-04-07,0.2495479462918449
2020-04-08,0.24806014452361938
2020-04-09,0.2453555246438904
2020-04-10,0.2453308349383418
2020-04-13,0.2477142028393465
2020-04-14,0.23949148486780789
2020-04-15,0.23684879978034076
2020-04-16,0.2349201244237513
2020-04-17,0.2331395806357044
2020-04-20,0.22669336780899346
2020-04-21,0.22490253668335414
2020-04-22,0.2252814242503332
2020-04-23,0.22741437436032508
2020-04-24,0.23342049564169573
2020-04-27,0.2405319671838635
2020-04-28,0.24948208997823282
2020-04-29,0.2539146123923178
2020-04-30,0.25220084930777215
2020-05-06,0.24940222259972702
2020-05-07,0.24287681695745195
2020-05-08,0.2350710383183309
2020-05-11,0.23079431618483082
2020-05-12,0.22575889429934043
2020-05-13,0.22122396732024785
2020-05-14,0.21757167140702652
2020-05-15,0.2136779852634971
2020-05-18,0.22458284211095214
2020-05-19,0.22237974147747652
2020-05-20,0.22423576600585757
2020-05-21,0.22521310055909904
2020-05-22,0.2245271396095547
2020-05-25,0.2254182696216751
2020-05-26,0.21945378466306853
2020-05-27,0.21905188931073188
2020-05-28,0.21628590748846138
2020-05-29,0.2160317064648182
2020-06-01,0.21039568903026037
2020-06-02,0.2095677058796949
2020-06-03,0.20880415554069817
2020-06-04,0.20724145898128682
2020-06-05,0.2079472620497943
2020-06-08,0.20849553162004794
2020-06-09,0.20789184372254152
2020-06-10,0.2049421195599155
2020-06-11,0.2798152363637664
2020-06-12,0.2713218502536074
2020-06-15,0.27709442456923916
2020-06-16,0.28087727155833614
2020-06-17,0.2837400075365224
2020-06-18,0.2796676640178627
2020-06-19,0.27443960601201955
2020-06-22,0.2749375616420078
2020-06-23,0.27763192808341514
2020-06-24,0.27573995320238875
2020-06-29,0.2805160509902085
2020-06-30,0.2783744219221461
2020-07-01,0.28370192844412967
2020-07-02,0.284610476132787
2020-07-03,0.28540148675410715
2020-07-06,0.2881060419425351
2020-07-07,0.2962840934714346
2020-07-08,0.2968751390115781
2020-07-09,0.31261813238945985
2020-07-10,0.3247544928896326
2020-07-13,0.32648360154274125
2020-07-14,0.3409842512803523
2020-07-15,0.3576595136255667
2020-07-16,0.35281679653040426
2020-07-17,0.35257799673324114
2020-07-20,0.3406664637901938
2020-07-21,0.3345449443058226
2020-07-22,0.3260959753278156
2020-07-23,0.32273806442791975
2020-07-24,0.3197911997048403
2020-07-27,0.32404624035718615
2020-07-28,0.31669943605693
2020-07-29,0.3046595797370526
2020-07-30,0.3091695893180795
2020-07-31,0.30219619579316537
2020-08-03,0.30199060100816516
2020-08-04,0.30685265450698657
2020-08-05,0.3076540550426643
2020-08-06,0.31659561822045473
2020-08-07,0.3168646631871539
2020-08-10,0.32035112082086115
2020-08-11,0.32681092337011036
2020-08-12,0.32952205000014023
2020-08-13,0.3236488079992019
2020-08-14,0.3194333167771912
2020-08-17,0.3114153217759529
2020-08-18,0.30515416107516813
2020-08-19,0.3040122305304893
2020-08-20,0.30734611699195585
2020-08-21,0.3034414593613962
2020-08-24,0.30715551552913334
2020-08-25,0.31631503266738464
2020-08-26,0.3179106734944685
2020-08-27,0.3187816997330325
2020-08-28,0.315263044347061
2020-08-31,0.3131363235475029
2020-09-01,0.30626049244504244
2020-09-02,0.3041478723064367
2020-09-03,0.2999950363332583
2020-09-04,0.2943333058079242
2020-09-07,0.2956930581238353
2020-09-08,0.2986124128943411
2020-09-09,0.30631416485874857
2020-09-10,0.3209262435480562
2020-09-11,0.31520330850155004
2020-09-14,0.31171031713727143
2020-09-15,0.30333756337886186
2020-09-16,0.2842865479235312
2020-09-17,0.27645918519248625
2020-09-18,0.2686034514706483
2020-09-21,0.2743728832909916
2020-09-22,0.26556177427843114
2020-09-23,0.26152060661861853
2020-09-24,0.2541347495754584
2020-09-25,0.25094871101323796
2020-09-28,0.2532985505130124
2020-09-29,0.2540537258222565
2020-09-30,0.24832783229480376
2020-10-09,0.24709986479486823
2020-10-12,0.24417043354370507
2020-10-13,0.23350352625931908
2020-10-14,0.2327490610439242
2020-10-15,0.24392255632204865
2020-10-16,0.24030844214867905
2020-10-19,0.23811044766959477
2020-10-20,0.22879935058871761
2020-10-21,0.2266025223121848
2020-10-22,0.2240401267954782
2020-10-23,0.22361825392374143
2020-10-26,0.22656420467746652
2020-10-27,0.2271435906453692
2020-10-28,0.23324790895362665
2020-10-29,0.23614953645059855
2020-10-30,0.24807536405685263
2020-11-02,0.2782745405679583
2020-11-03,0.2735228888318122
2020-11-04,0.2682423543134418
2020-11-05,0.2628975589666003
2020-11-06,0.25890371418863184
2020-11-09,0.2551752991626428
2020-11-10,0.24873437673076082
2020-11-11,0.24592211827534186
2020-11-12,0.24532488138628286
2020-11-13,0.24068497819679513
2020-11-16,0.2408201162106604
2020-11-17,0.23845507186543285
2020-11-18,0.23764823023889944
2020-11-19,0.23462823079478898
2020-11-20,0.2297060435208054
2020-11-23,0.22768963972637082
2020-11-24,0.22674472421579506
2020-11-25,0.23922463898360277
2020-11-26,0.2416699868018472
2020-11-27,0.23843211302930775
2020-11-30,0.23881615498388947
2020-12-01,0.2350982146044806
2020-12-02,0.23441284569093998
2020-12-03,0.23296140847043437
2020-12-04,0.22967300058225612
2020-12-07,0.23027018588447265
2020-12-08,0.2293891188379358
2020-12-09,0.23073190376949368
2020-12-10,0.23352787919469917
2020-12-11,0.23147891528820477
2020-12-14,0.23425430447197335
2020-12-15,0.23291693891296306
2020-12-16,0.23842857963249597
2020-12-17,0.23716548097324613
2020-12-18,0.23530531865690746
2020-12-21,0.23565584784302204
2020-12-22,0.23654534595660837
2020-12-23,0.24040440847281214
2020-12-24,0.24850182874326684
2020-12-25,0.2525710402129394
2020-12-28,0.26304813111019787
2020-12-29,0.2882223422699929
2020-12-30,0.2837721388335889
2020-12-31,0.277929394073785
2021-01-04,0.2821027835701752
2021-01-05,0.2840984074723941
2021-01-06,0.2885746130076095
2021-01-07,0.2963846589171066
2021-01-08,0.3008872467155479
2021-01-11,0.3065398545582658
2021-01-12,0.3017483033350215
2021-01-13,0.2990391474982999
2021-01-14,0.30119860496570416
2021-01-15,0.29758415841366737
2021-01-18,0.2907279610425751
2021-01-19,0.2870767675139267
2021-01-20,0.28149220243226397
2021-01-21,0.2747565849027417
2021-01-22,0.275208618372718
2021-01-25,0.27982337422131254
2021-01-26,0.28404600309652694
2021-01-27,0.2828235933984449
2021-01-28,0.2817335203591969
2021-01-29,0.28422298160799797
2021-02-01,0.2948528420601093
2021-02-02,0.29158926800093754
2021-02-03,0.2892361371607484
2021-02-04,0.28748018094343797
2021-02-05,0.28590589155089047
2021-02-08,0.28688286690303905
2021-02-09,0.2810972530950009
2021-02-10,0.2729518688876157
2021-02-18,0.2724629050561443
2021-02-19,0.26740192820251735
2021-02-22,0.26593844877388434
2021-02-23,0.26763813881524934
2021-02-24,0.2593606942525581
2021-02-25,0.25275481623256846
2021-02-26,0.2534164050396053
2021-03-01,0.2474477919906665
2021-03-02,0.2438287607538339
2021-03-03,0.2397229513446676
2021-03-04,0.23824175614217452
2021-03-05,0.23563494323292153
2021-03-08,0.2381936328270982
2021-03-09,0.24259827909170215
2021-03-10,0.2404569199835535
2021-03-11,0.23382822037734116
2021-03-12,0.23096156527208256
2021-03-15,0.23127807390361801
2021-03-16,0.23273533679099734
2021-03-17,0.2291464528884235
2021-03-18,0.22632404848770576
2021-03-19,0.22457102277397037
2021-03-22,0.23991294583337486
2021-03-23,0.2472765473569793
2021-03-24,0.25025148979695516
2021-03-25,0.2505557332812046
2021-03-26,0.24383458513281195
2021-03-29,0.24326557267772764
2021-03-30,0.2491655195540825
2021-03-31,0.25434289446128894
2021-04-01,0.25281576220725027
2021-04-02,0.25147689649106586
2021-04-06,0.2504546518780166
2021-04-07,0.2467878717268369
2021-04-08,0.24368198794698412
2021-04-09,0.24191294896535542
2021-04-12,0.24688240596548428
2021-04-13,0.25043646348365906
2021-04-14,0.24759487295999325
2021-04-15,0.2505669366809245
2021-04-16,0.24707871789449903
2021-04-19,0.24412861359750837
2021-04-20,0.2410046149744423
2021-04-21,0.2365928294503874
2021-04-22,0.23378165924530803
2021-04-23,0.23263051335926743
2021-04-26,0.23876495230363248
2021-04-27,0.24476919366669792
2021-04-28,0.25235430532937453
2021-04-29,0.2563188648442571
2021-04-30,0.2831503935448473
2021-05-06,0.2866666199638588
2021-05-07,0.2838351172942698
2021-05-10,0.2833482811644865
2021-05-11,0.27910773287302537
2021-05-12,0.27158982887881383
2021-05-13,0.26438500415216903
2021-05-14,0.26229602401582786
2021-05-17,0.26082224529374126
2021-05-18,0.2561178507730515
2021-05-19,0.2521639971168595
2021-05-20,0.25004745133538564
2021-05-21,0.2441120680524229
2021-05-24,0.24132742829394355
2021-05-25,0.23327992402431122
2021-05-26,0.22941328459672436
2021-05-27,0.22497089555572694
2021-05-28,0.22346620075992538
2021-05-31,0.22699458462196273
2021-06-01,0.22526531143953998
2021-06-02,0.2270028539389575
2021-06-03,0.22966523889307536
2021-06-04,0.22828884816942455
2021-06-07,0.22873733430198673
2021-06-08,0.22753713431152467
2021-06-09,0.2242963269560182
2021-06-10,0.2239026843277133
2021-06-11,0.2318117225577117
2021-06-15,0.2519228994700934
2021-06-16,0.2519249659655744
2021-06-17,0.2489993020040741
2021-06-18,0.24709001443827483
2021-06-21,0.25330150875489654
2021-06-22,0.2498965761887361
2021-06-23,0.2464849264196353
2021-06-24,0.24698996984921986
2021-06-25,0.24141890587681814
2021-06-28,0.2413101638781353
2021-06-29,0.23978230930724714
2021-06-30,0.23722887901940673
2021-07-01,0.24248541706825522
2021-07-02,0.24433680507670172
2021-07-05,0.24422104994160998
2021-07-06,0.2408621857246929
2021-07-07,0.23741103264826804
2021-07-08,0.2415241208820702
2021-07-09,0.23810226537876297
2021-07-12,0.240055375838067
2021-07-13,0.24018212382709028
2021-07-14,0.23778480594293966
2021-07-15,0.23988783323652446
2021-07-16,0.23791969222922926
2021-07-19,0.24099129869827052
2021-07-20,0.23516772464550817
2021-07-21,0.2318338445459087
2021-07-22,0.23275147379239247
2021-07-23,0.24524069229134957
2021-07-26,0.25252499573356607
2021-07-27,0.2616065174123557
2021-07-28,0.28237886803822615
2021-07-29,0.27842729421532225
2021-07-30,0.3104452773420347
2021-08-02,0.3103900672559715
2021-08-03,0.3102829347024922
2021-08-04,0.3043081096708049
2021-08-05,0.3082974260653005
2021-08-06,0.30151287213061245
2021-08-09,0.2992879213840804
2021-08-10,0.2923709695609967
2021-08-11,0.28804231023426924
2021-08-12,0.28329559399700205
2021-08-13,0.2712436944008307
2021-08-16,0.2731460171386781
2021-08-17,0.27063287272976455
2021-08-18,0.2688837725502676
2021-08-19,0.2673222841969703
2021-08-20,0.2671960867535496
2021-08-23,0.30802762702039227
2021-08-24,0.31196852815508447
2021-08-25,0.3099934784728294
2021-08-26,0.31049521493273957
2021-08-27,0.3143489193693301
2021-08-30,0.32201791625463433
2021-08-31,0.3230027925692196
2021-09-01,0.3251207820362
2021-09-02,0.31845972923766314
2021-09-03,0.31959432573066004
2021-09-06,0.31582456982559476
2021-09-07,0.30810007380302745
2021-09-08,0.3055193651147677
2021-09-09,0.30638475069529686
2021-09-10,0.31427587332382945
2021-09-13,0.31891889189888434
2021-09-14,0.31425842214771893
2021-09-15,0.3091378091072755
2021-09-16,0.31652405028373315
2021-09-17,0.318690002730986
2021-09-22,0.3179149165920168
2021-09-23,0.31628355679388176
2021-09-24,0.31260396105436894
2021-09-27,0.3181645144563312
2021-09-28,0.3140635291297917
2021-09-29,0.30582466346835996
2021-09-30,0.2971736950728482
2021-10-08,0.29745877509518553
2021-10-11,0.29426915072992543
2021-10-12,0.28641682072584945
2021-10-13,0.2827572773112937
2021-10-14,0.2786603005411895
2021-10-15,0.27759759280031227
2021-10-18,0.2742530997002865
2021-10-19,0.26849805608031446
2021-10-20,0.26430107797949814
2021-10-21,0.2587804439827134
2021-10-22,0.2573375172937136
2021-10-25,0.2585566890426834
2021-10-26,0.2581088661464769
2021-10-27,0.2780001552097128
2021-10-28,0.2884637395227443
2021-10-29,0.29369812835322767
2021-11-01,0.30084769319641075
2021-11-02,0.2976533346344192
2021-11-03,0.28832064442460426
2021-11-04,0.28254994645350695
2021-11-05,0.280277788606249
2021-11-08,0.27633740028819115
2021-11-09,0.2699859114352293
2021-11-10,0.2626424310530836
2021-11-11,0.2608843692366691
2021-11-12,0.26161912839375745
2021-11-15,0.26730018848870357
2021-11-16,0.26977954450686664
2021-11-17,0.26566865869083667
2021-11-18,0.2645384914447698
2021-11-19,0.26010676850345027
2021-11-22,0.25730913529068783
2021-11-23,0.25327081220021513
2021-11-24,0.2513026222506283
2021-11-25,0.2439684932831905
2021-11-26,0.24449769562274679
2021-11-29,0.2560546732749326
2021-11-30,0.2573041918197904
2021-12-01,0.2566084705721593
2021-12-02,0.24940303654950854
2021-12-03,0.24773681054790925
2021-12-06,0.24872469161770253
2021-12-07,0.24804705848536418
2021-12-08,0.24262374660668393
2021-12-09,0.239972924833457
2021-12-10,0.23997501799410623
2021-12-13,0.23937616781871401
2021-12-14,0.2388920275947759
2021-12-15,0.23805302388538072
2021-12-16,0.2373114261763604
2021-12-17,0.23805476143616106
2021-12-20,0.2426211735964987
2021-12-21,0.24281681450850426
2021-12-22,0.2444433906626069
2021-12-23,0.24157965059708178
2021-12-24,0.24186718003143282
2021-12-27,0.2415507365344436
2021-12-28,0.23760746867412988
2021-12-29,0.23361819063361092
2021-12-30,0.22940994636309348
2021-12-31,0.2263939911926482
2022-01-04,0.2300282246234799
2022-01-05,0.22970776217800645
2022-01-06,0.22683170068437566
2022-01-07,0.22650432200277992
2022-01-10,0.22527603615057812
2022-01-11,0.22085487690801403
2022-01-12,0.2171026835406944
2022-01-13,0.21402806276434072
2022-01-14,0.21487197716798712
2022-01-17,0.2164460383172646
2022-01-18,0.20561457141393658
2022-01-19,0.20437903669713695
2022-01-20,0.202827512409598
2022-01-21,0.20353996641682803
2022-01-24,0.20297260368661668
2022-01-25,0.20359431251034332
2022-01-26,0.2014277385625514
2022-01-27,0.1971656769711566
2022-01-28,0.19826124342776003
2022-02-07,0.2051739511319786
2022-02-08,0.20082950014973663
2022-02-09,0.1953063439849385
2022-02-10,0.1901880965183537
2022-02-11,0.18995196506227582
2022-02-14,0.19077780856259394
2022-02-15,0.18813544243611602
2022-02-16,0.18462461942476996
2022-02-17,0.1823852918475744
2022-02-18,0.1779584851999921
2022-02-21,0.17764330923394606
2022-02-22,0.1755457538170207
2022-02-23,0.17845609759735664
2022-02-24,0.18190123849711223
2022-02-25,0.1812471090799676
2022-02-28,0.17929686646173795
2022-03-01,0.1768961840515453
2022-03-02,0.17357692971126507
2022-03-03,0.1756434896470612
2022-03-04,0.17544352791778575
2022-03-07,0.17671184682776256
2022-03-08,0.18050419724064912
2022-03-09,0.18516408741279758
2022-03-10,0.18903824803322664
2022-03-11,0.18769043566897364
2022-03-14,0.18683021090215163
2022-03-15,0.19013964249510387
2022-03-16,0.19624979329451603
2022-03-17,0.19583129679484162
2022-03-18,0.19574936444117108
2022-03-21,0.2754146503461623
2022-03-22,0.2715734989167058
2022-03-23,0.2694358210240089
2022-03-24,0.26612968364846257
2022-03-25,0.2645465974104697
2022-03-28,0.2682554002221305
2022-03-29,0.26665544925518886
2022-03-30,0.2635810658476751
2022-03-31,0.26430174417451197
2022-04-01,0.26483760214023583
2022-04-06,0.26893224467574256
2022-04-07,0.26482118424534934
2022-04-08,0.26743337509867615
2022-04-11,0.2718144075983106
2022-04-12,0.2719316999081688
2022-04-13,0.274760344995327
2022-04-14,0.2708842293805408
2022-04-15,0.2763247191160947
2022-04-18,0.28834324739928174
2022-04-19,0.28294632771478323
2022-04-20,0.2780406300580975
2022-04-21,0.27536912091946963
2022-04-22,0.28578099886333636
2022-04-25,0.2934354262706119
2022-04-26,0.30503257902671677
2022-04-27,0.31225449861529553
2022-04-28,0.31894040931160283
2022-04-29,0.32047126070313153
2022-05-05,0.32408844507094586
2022-05-06,0.3164143860258731
2022-05-09,0.30664608844887997
2022-05-10,0.29545660302075294
2022-05-11,0.28844568836951096
2022-05-12,0.2788681678951205
2022-05-13,0.2712049023942246
2022-05-16,0.2647431283721036
2022-05-17,0.25815277039032786
2022-05-18,0.2519055319373938
2022-05-19,0.2451191428324746
2022-05-20,0.23936659596314805
2022-05-23,0.23702892046056284
2022-05-24,0.23518550592625906
2022-05-25,0.2307092843831008
2022-05-26,0.22677989356021766
2022-05-27,0.2243581392993482
2022-05-30,0.22841668023834255
2022-05-31,0.22853566912738046
2022-06-01,0.2287269740377447
2022-06-02,0.23118930136731636
2022-06-06,0.2310832529016357
2022-06-07,0.2292952871321627
2022-06-08,0.22436325673486607
2022-06-09,0.22046152066142666
2022-06-10,0.21780626460722574
2022-06-13,0.21969588957387617
2022-06-14,0.21711392706303015
2022-06-15,0.21506340638022817
2022-06-16,0.21388075287243494
2022-06-17,0.21310938474046692
2022-06-20,0.21911131669303793
2022-06-21,0.21877416660731622
2022-06-22,0.21760170073415414
2022-06-23,0.2182792570573318
2022-06-24,0.22191825044921956
2022-06-27,0.2237960148726783
2022-06-28,0.22464039323088703
2022-06-29,0.22487370713676968
2022-06-30,0.22388132933565327
2022-07-01,0.21381609332258597
2022-07-04,0.2167398763912073
2022-07-05,0.21274737711613537
2022-07-06,0.2094721864909648
2022-07-07,0.20844757525528207
2022-07-08,0.20707124484464726
2022-07-11,0.2055153590649328
2022-07-12,0.20325781576266988
2022-07-13,0.20088879834805212
2022-07-14,0.2030567234035267
2022-07-15,0.20738369942571444
2022-07-18,0.20678196437478139
2022-07-19,0.2028765387812154
2022-07-20,0.19859609104097717
2022-07-21,0.19648416327927254
2022-07-22,0.19171397474046153
2022-07-25,0.18973639799497305
2022-07-26,0.1847478109491659
2022-07-27,0.1830821463626258
2022-07-28,0.18162256433553473
2022-07-29,0.18167768093779582
2022-08-01,0.18339455832629842
2022-08-02,0.1880413855778685
2022-08-03,0.19571942632989892
2022-08-04,0.19565640923132704
2022-08-05,0.1965504371979677
2022-08-08,0.19517803201401582
2022-08-09,0.19277790595424302
2022-08-10,0.19239750458834345
2022-08-11,0.1902409143193044
2022-08-12,0.18810204200314562
2022-08-15,0.18631486391304286
2022-08-16,0.183183383759371
2022-08-17,0.1813892490043004
2022-08-18,0.18223160073799785
2022-08-19,0.18377769342091912
2022-08-22,0.18474972904235554
2022-08-23,0.1834693104900795
2022-08-24,0.1821280341756112
2022-08-25,0.18355706173995281
2022-08-26,0.18505595375550074
2022-08-29,0.18609440972956695
2022-08-30,0.1832681905366731
2022-08-31,0.184910548101528
2022-09-01,0.1829216850694068
2022-09-02,0.18538625297830652
2022-09-05,0.18395527079989085
2022-09-06,0.17797323895616077
2022-09-07,0.17513316766811884
2022-09-08,0.17479271465721014
2022-09-09,0.1708535397067765
2022-09-13,0.16895749738667626
2022-09-14,0.16648794227302585
2022-09-15,0.16500728873511902
2022-09-16,0.16508457423765427
2022-09-19,0.16650431071224747
2022-09-20,0.16264941769486194
2022-09-21,0.15872009594333086
2022-09-22,0.15915802363099396
2022-09-23,0.1575366571404436
2022-09-26,0.16463073211705695
2022-09-27,0.1642132482365013
2022-09-28,0.1632350473639049
2022-09-29,0.17725317415752964
2022-09-30,0.1797723207138183
2022-10-10,0.18656213222851195
2022-10-11,0.1866742505392031
2022-10-12,0.17384612037886918
2022-10-13,0.17378471600639656
2022-10-14,0.1728635511863318
2022-10-17,0.17478814248441318
2022-10-18,0.17321706059575467
2022-10-19,0.1710160531478547
2022-10-20,0.1708514090130579
2022-10-21,0.17087605214238838
2022-10-24,0.1912075221237132
2022-10-25,0.19496080921898526
2022-10-26,0.19616007503616245
2022-10-27,0.1881302710697471
2022-10-28,0.19078007360369695
2022-10-31,0.20048669969016528
2022-11-01,0.20096645398512972
2022-11-02,0.19819073903966056
2022-11-03,0.19402049877335967
2022-11-04,0.19055770668657657
2022-11-07,0.1881801127385709
2022-11-08,0.1810803218899784
2022-11-09,0.17648203071434093
2022-11-10,0.17563131392164477
2022-11-11,0.1759613584922363
2022-11-14,0.17794819223966446
2022-11-15,0.17615652179509994
2022-11-16,0.17279957116364988
2022-11-17,0.16926468873819733
2022-11-18,0.16794868974696664
2022-11-21,0.16819217974411263
2022-11-22,0.16607314726073724
2022-11-23,0.16541426713696059
2022-11-24,0.16176783868329916
2022-11-25,0.1596607841825191
2022-11-28,0.15869268600136188
2022-11-29,0.15917211747719653
2022-11-30,0.15802069810990427
2022-12-01,0.15933844529655317
2022-12-02,0.15889322223462266
2022-12-05,0.16186444484612822
2022-12-06,0.15925430817091968
2022-12-07,0.15665227349429547
2022-12-08,0.15435394031833427
2022-12-09,0.1550942628908094
2022-12-12,0.1567116708816535
2022-12-13,0.15696296999512488
2022-12-14,0.15549312090436795
2022-12-15,0.152472399216678
2022-12-16,0.1503162431485524
2022-12-19,0.148529149787906
2022-12-20,0.1463139193960838
2022-12-21,0.1430039534564259
2022-12-22,0.14209694816673712
2022-12-23,0.14123270222807158
2022-12-26,0.14225591547914715
2022-12-27,0.14388716360891077
2022-12-28,0.14105001158603375
2022-12-29,0.13965029375994556
2022-12-30,0.13675957246703518
2023-01-03,0.1397680536363954
2023-01-04,0.14071053169593678
2023-01-05,0.13856952900766914
2023-01-06,0.1373456005373232
2023-01-09,0.1381430384127066
2023-01-10,0.13587817691920168
2023-01-11,0.13360419687146793
2023-01-12,0.13162304337186645
2023-01-13,0.1305453622137763
2023-01-16,0.1335363962442961
2023-01-17,0.13289568379194813
2023-01-18,0.12996116135956995
2023-01-19,0.12974321943943148
2023-01-20,0.1274394516215821
2023-01-30,0.1363806518767739
2023-01-31,0.13833227364945597
2023-02-01,0.13740371567358425
2023-02-02,0.13802503961849116
2023-02-03,0.13546045490096573
2023-02-06,0.13538367959008438
2023-02-07,0.13581720105948025
2023-02-08,0.1342014263499631
2023-02-09,0.13244931148442224
2023-02-10,0.13180756774981645
2023-02-13,0.13381390521691336
2023-02-14,0.13267825678609763
2023-02-15,0.13204737132673622
2023-02-16,0.1320289363047748
2023-02-17,0.13111211990154611
2023-02-20,0.13149700166521983
2023-02-21,0.128910564091558
2023-02-22,0.1268804524297025
2023-02-23,0.12756601499458223
2023-02-24,0.1241301037460327
2023-02-27,0.12329294977856974
2023-02-28,0.12256951272497325
2023-03-01,0.12282929975307605
2023-03-02,0.12778984353711273
2023-03-03,0.12967788674853015
2023-03-06,0.15419829315248482
2023-03-07,0.1577225942288007
2023-03-08,0.15812055385105028
2023-03-09,0.15992211367824238
2023-03-10,0.159295033838639
2023-03-13,0.1656404083623805
2023-03-14,0.16766478213998381
2023-03-15,0.16908263196330894
2023-03-16,0.17066540404776193
2023-03-17,0.17404295727181515
2023-03-20,0.18210989446457582
2023-03-21,0.1829673931895209
2023-03-22,0.18426588874871025
2023-03-23,0.18327241157749405
2023-03-24,0.18340311228041525
2023-03-27,0.18707541108435272
2023-03-28,0.18748681607768666
2023-03-29,0.18737429984733794
2023-03-30,0.19006923365649891
2023-03-31,0.19551141986204662
2023-04-03,0.19910332906523057
2023-04-04,0.20351243961697194
2023-04-06,0.2077787273476992
2023-04-07,0.2069386712021688
2023-04-10,0.210304727266822
2023-04-11,0.20594442377210728
2023-04-12,0.20458820986652346
2023-04-13,0.21822172226128148
2023-04-14,0.2173372336111746
2023-04-17,0.22246924071715973
2023-04-18,0.21957486904390888
2023-04-19,0.21636927530452113
2023-04-20,0.22800693767436672
2023-04-21,0.26419841208352385
2023-04-24,0.27332205665559817
2023-04-25,0.28548435337596373
2023-04-26,0.2936258663949102
2023-04-27,0.298780751795558
2023-04-28,0.30442413069316326
2023-05-04,0.31058764549195256
2023-05-05,0.3009541253145513
2023-05-08,0.29017520891926324
2023-05-09,0.28234867532134256
2023-05-10,0.27315023843869973
2023-05-11,0.26829785837270237
2023-05-12,0.2579248637591647
2023-05-15,0.2534447665843375
2023-05-16,0.24735778577750442
2023-05-17,0.24060076564804878
2023-05-18,0.24083961521402128
2023-05-19,0.23087344494046672
2023-05-22,0.22987544181419375
2023-05-23,0.22219876285050286
2023-05-24,0.21751135286531192
2023-05-25,0.2140275973592133
2023-05-26,0.21500834952511694
2023-05-29,0.21880102727936176
2023-05-30,0.21579852387292214
2023-05-31,0.21485540772282913
2023-06-01,0.22171913860962342
2023-06-02,0.22197066653188768
2023-06-05,0.2241879067037177
2023-06-06,0.22281732374190405
2023-06-07,0.21944526192756308
2023-06-08,0.21672640316846498
2023-06-09,0.22091463187987598
2023-06-12,0.23330600521015654
2023-06-13,0.23041594737765786
2023-06-14,0.22523177682025183
2023-06-15,0.22656669003847463
2023-06-16,0.22408685318421678
2023-06-19,0.22335542688978385
2023-06-20,0.22391791972381722
2023-06-21,0.22303621183380978
2023-06-26,0.2251962867989634
2023-06-27,0.2241937697737079
2023-06-28,0.21979731096232188
2023-06-29,0.21894369595270727
2023-06-30,0.21838877584500743
2023-07-03,0.2202593005922954
2023-07-04,0.21564167901308984
2023-07-05,0.21035586790204605
2023-07-06,0.20309746610882282
2023-07-07,0.19737632405969466
2023-07-10,0.19716881070540995
2023-07-11,0.1941641543613519
2023-07-12,0.19212378096937713
2023-07-13,0.19220001309942555
2023-07-14,0.1925081811959472
2023-07-17,0.19612126622421316
2023-07-18,0.19203751373162847
2023-07-19,0.18799911576767622
2023-07-20,0.1846287625662238
2023-07-21,0.19389913084826657
2023-07-24,0.19365470173142327
2023-07-25,0.19667461887574747
2023-07-26,0.1957495904753257
2023-07-27,0.19576944445518124
2023-07-28,0.19742518841246887
2023-07-31,0.20434951993469982
2023-08-01,0.21024638184336744
2023-08-02,0.21020958272801563
2023-08-03,0.20524210099664858
2023-08-04,0.20441831159558368
2023-08-07,0.20339336461572116
2023-08-08,0.20223458178451978
2023-08-09,0.19774317577670752
2023-08-10,0.19510231925601348
2023-08-11,0.19166293813846158
2023-08-14,0.1927060774911856
2023-08-15,0.19145194181566358
2023-08-16,0.18583359059492702
2023-08-17,0.18554092801928163
2023-08-18,0.18854540177801685
2023-08-21,0.1895115564507535
2023-08-22,0.19235229841799498
2023-08-23,0.19427762500298804
2023-08-24,0.2002432862530884
2023-08-25,0.20400492027017603
2023-08-28,0.21474117238743415
2023-08-29,0.23778882810861132
2023-08-30,0.24542109206858737
2023-08-31,0.24294576857974576
2023-09-01,0.2405513104010215
2023-09-04,0.2551111582492539
2023-09-05,0.24619055512752153
2023-09-06,0.24285395826728073
2023-09-07,0.2354575171124058
2023-09-08,0.2692035501823159
2023-09-11,0.2728004514085475
2023-09-12,0.2707972007474292
2023-09-13,0.26312634945282976
2023-09-14,0.2591857853331476
2023-09-15,0.2552301879481629
2023-09-18,0.2553020262932866
2023-09-19,0.25057732432067426
2023-09-20,0.2427512682536286
2023-09-21,0.23468200222560154
2023-09-22,0.23529041166617523
2023-09-25,0.23582989824639464
2023-09-26,0.2340419710020863
2023-09-27,0.24230710861149948
2023-09-28,0.24419358271293803
2023-10-09,0.2575775542782179
2023-10-10,0.26063818565377456
2023-10-11,0.2641104275636716
2023-10-12,0.2632165954808664
2023-10-13,0.26327131896802847
2023-10-16,0.2685086090569002
2023-10-17,0.27702348324847736
2023-10-18,0.26953337588125614
2023-10-19,0.274536860854363
2023-10-20,0.2691155449695953
2023-10-23,0.27403307067994026
2023-10-24,0.2812597661352718
2023-10-25,0.28984262765037727
2023-10-26,0.2917930243870635
2023-10-27,0.301637758880907
2023-10-30,0.320494361685568
2023-10-31,0.3334659263873398
2023-11-01,0.3172603100646917
2023-11-02,0.3142628278282575
2023-11-03,0.3151059429884693
2023-11-06,0.31049616400431074
2023-11-07,0.3017255097775925
2023-11-08,0.29468087809591514
2023-11-09,0.2881059178425542
2023-11-10,0.2808649195827441
2023-11-13,0.2764377971402984
2023-11-14,0.26994162213114836
2023-11-15,0.27391454262526654
2023-11-16,0.26484120248666526
2023-11-17,0.2648796951141654
2023-11-20,0.2706488055187013
2023-11-21,0.2679412363905039
2023-11-22,0.26519299276298325
2023-11-23,0.2629490282065507
2023-11-24,0.2583129291332568
2023-11-27,0.2632979273971348
2023-11-28,0.26033569761169617
2023-11-29,0.25853809427203545
2023-11-30,0.256094240843744
2023-12-01,0.2568524321493942
2023-12-04,0.2606100002542462
2023-12-05,0.25853966219472274
2023-12-06,0.2584087710128934
2023-12-07,0.25726650123058326
2023-12-08,0.26368520787048993
2023-12-11,0.2670410276163383
2023-12-12,0.2625767222743342
2023-12-13,0.25355664897081104
2023-12-14,0.24988469947419656
2023-12-15,0.2453502145886709
2023-12-18,0.2442500209700966
2023-12-19,0.24140859138424137
2023-12-20,0.2391947698728845
2023-12-21,0.23858931153062024
2023-12-22,0.23901030995526204
2023-12-25,0.24251602920342763
2023-12-26,0.24145643197216038
2023-12-27,0.2426635427749014
2023-12-28,0.2518597392452383
2023-12-29,0.252312080891401
2024-01-02,0.2540589417277709
2024-01-03,0.2496685695941771
2024-01-04,0.24380619384842536
2024-01-05,0.2398217554772988
2024-01-08,0.2422785652541883
2024-01-09,0.2412585912878042
2024-01-10,0.23905012970114012
2024-01-11,0.23787958530686823
2024-01-12,0.23487738959677518
2024-01-15,0.24255496943611454
2024-01-16,0.24434304760112244
2024-01-17,0.24225734826541748
2024-01-18,0.24939386953508041
2024-01-19,0.25208293605068527
2024-01-22,0.2610682382207374
2024-01-23,0.26819721870854546
2024-01-24,0.2727002740955528
2024-01-25,0.2831987815634403
2024-01-26,0.28968205363498284
2024-01-29,0.2979199419797981
2024-01-30,0.2955195002357012
2024-01-31,0.30398664932435754
2024-02-01,0.30717656297015367
2024-02-02,0.3095073150798098
2024-02-05,0.34952962521075687
2024-02-06,0.3803808309902428
2024-02-07,0.41062198937884453
2024-02-08,0.4228635254754079
2024-02-19,0.42258018268085673
2024-02-20,0.4011753042492485
2024-02-21,0.3795125354296336
2024-02-22,0.35863245474599786
2024-02-23,0.34457137596926635
2024-02-26,0.34406007086334417
2024-02-27,0.3290630395055658
2024-02-28,0.329013509232443
2024-02-29,0.3157245252342843
2024-03-01,0.306528378245728
2024-03-04,0.30365562043883526
2024-03-05,0.2948479195498012
2024-03-06,0.28490714747561907
2024-03-07,0.2784177718423586
2024-03-08,0.2704875060349257
2024-03-11,0.2623583483100499
2024-03-12,0.2610980041403415
2024-03-13,0.25689083907548266
2024-03-14,0.2520350529418403
2024-03-15,0.25194428825417514
2024-03-18,0.26113426216802826
2024-03-19,0.2577613828983848
2024-03-20,0.25089821019282976
2024-03-21,0.2614372403644088
2024-03-22,0.263083367563503
2024-03-25,0.26795546474760196
2024-03-26,0.26892471320812084
2024-03-27,0.2697332606254758
2024-03-28,0.2675046234646329
2024-03-29,0.27794988764665596
2024-04-01,0.2888668638287604
2024-04-02,0.28704831732146024
2024-04-03,0.2856152970710828
2024-04-08,0.2914281277897251
2024-04-09,0.2885466693920892
2024-04-10,0.2842971730609758
2024-04-11,0.2805461410857517
2024-04-12,0.27681509876911375
2024-04-15,0.28854936391743946
2024-04-16,0.2989906328699962
2024-04-17,0.30432142117634764
2024-04-18,0.2997875499535942
2024-04-19,0.29838023469633873
2024-04-22,0.3008620640590473
2024-04-23,0.297085778675912
2024-04-24,0.2915561022973849
2024-04-25,0.2900261768102758
2024-04-26,0.2942554609597154
2024-04-29,0.3025804617577458
2024-04-30,0.29742788230160305
2024-05-06,0.2950096973100353
2024-05-07,0.2849745778576949
2024-05-08,0.2759127660642044
2024-05-09,0.28127575803406907
2024-05-10,0.27322201968399373
2024-05-13,0.2756941676389266
2024-05-14,0.26922241318252954
2024-05-15,0.2611045335638369
2024-05-16,0.25375472332217464
2024-05-17,0.24464128755763997
2024-05-20,0.24572374649982465
2024-05-21,0.2395682659195702
2024-05-22,0.23643071031122423
2024-05-23,0.23019015678342064
2024-05-24,0.22683049464211522
2024-05-27,0.22741484024886066
2024-05-28,0.2241657527256689
2024-05-29,0.2198838854456911
2024-05-30,0.21693576272690465
2024-05-31,0.21546768113150283
2024-06-03,0.21859640490751325
2024-06-04,0.22031294976696736
2024-06-05,0.21852145334251086
2024-06-06,0.2198941461411237
2024-06-07,0.2202173185703301
2024-06-11,0.21974340493548483
2024-06-12,0.2170992575676038
2024-06-13,0.2173505138730821
2024-06-14,0.21542740883394665
2024-06-17,0.21600666976580202
2024-06-18,0.21175379777697348
2024-06-19,0.2072457383444224
2024-06-20,0.20979320627293882
2024-06-21,0.20772780351936415
2024-06-24,0.2075512620638278
2024-06-25,0.20969036712741218
2024-06-26,0.21194666579461108
2024-06-27,0.20683764733130425
2024-06-28,0.21117010281704574
2024-07-01,0.21358012233698145
2024-07-02,0.21294322556169504
2024-07-03,0.2113052514759393
2024-07-04,0.20467441501477088
2024-07-05,0.20269273046581304
2024-07-08,0.2021034942049279
2024-07-09,0.2049252014242261
2024-07-10,0.21066806120682402
2024-07-11,0.2099312503752127
2024-07-12,0.20955074648783026
2024-07-15,0.20767386406815116
2024-07-16,0.20694323520171506
2024-07-17,0.20499441137834273
2024-07-18,0.2026465889607766
2024-07-19,0.203461919621105
2024-07-22,0.20389973040463522
2024-07-23,0.2026307323619853
2024-07-24,0.20268452570620935
2024-07-25,0.19883851011758458
2024-07-26,0.19670793937627296
2024-07-29,0.19733331485818892
2024-07-30,0.19471939860347162
2024-07-31,0.19654942731030706
2024-08-01,0.1950399657085675
2024-08-02,0.19196659842795671
2024-08-05,0.19271866133997792
2024-08-06,0.1892451333775427
2024-08-07,0.19008561956444872
2024-08-08,0.18844959466625874
2024-08-09,0.1846443422672774
2024-08-12,0.18418402377149434
2024-08-13,0.1789748279032733
2024-08-14,0.1756895340043736
2024-08-15,0.17305020827494563
2024-08-16,0.1728824763602772
2024-08-19,0.17661586907608495
2024-08-20,0.17565573046195446
2024-08-21,0.17502775252265373
2024-08-22,0.17520934496506357
2024-08-23,0.1804110273706846
2024-08-26,0.18284615049372943
2024-08-27,0.18701796856655836
2024-08-28,0.18735335738700562
2024-08-29,0.18855043467803198
2024-08-30,0.1887566494417806
2024-09-02,0.19515159796480325
2024-09-03,0.18898410059505252
2024-09-04,0.18383716391628113
2024-09-05,0.17844500536671745
2024-09-06,0.17291531517383874
2024-09-09,0.1699194011053087
2024-09-10,0.16809015347547804
2024-09-11,0.1657215895557516
2024-09-12,0.16235752174299597
2024-09-13,0.16246584720203666
2024-09-18,0.1649054215504499
2024-09-19,0.17037033146367586
2024-09-20,0.1683111140518448
2024-09-23,0.16849361261539947
2024-09-24,0.17111594419063827
2024-09-25,0.17353125051092314
2024-09-26,0.17507163411652255
2024-09-27,0.1778866427010275
2024-09-30,0.21083669252922532
2024-10-08,0.24330074469137428
2024-10-09,0.3199819216321642
2024-10-10,0.32018414467885054
2024-10-11,0.3276586599277491
2024-10-14,0.31916444137051586
2024-10-15,0.3086987229250652
2024-10-16,0.3002214287854943
2024-10-17,0.2891941644450981
2024-10-18,0.29186182680198125
2024-10-21,0.2930985698708164
2024-10-22,0.2858989564456679
2024-10-23,0.2952370258398633
2024-10-24,0.2893771020413881
2024-10-25,0.2907420318358576
2024-10-28,0.2911081644012051
2024-10-29,0.29056123827555347
2024-10-30,0.2918912574391651
2024-10-31,0.2928438512703836
2024-11-01,0.29571288510831334
2024-11-04,0.29914182424505653
2024-11-05,0.28961876221173455
2024-11-06,0.2898639589552137
2024-11-07,0.2882732822953732
2024-11-08,0.2909273609251543
2024-11-11,0.30822499698341205
2024-11-12,0.3030080108664702
2024-11-13,0.2955994314232309
2024-11-14,0.2878497877312882
2024-11-15,0.28675135189333995
2024-11-18,0.3049598264157647
2024-11-19,0.2961118962985042
2024-11-20,0.28978409428331153
2024-11-21,0.27860734868255077
2024-11-22,0.2781263113661251
2024-11-25,0.2778742541844412
2024-11-26,0.2784693556316178
2024-11-27,0.27768357016015865
2024-11-28,0.2739447436596781
2024-11-29,0.2794136485463074
2024-12-02,0.273180557255925
2024-12-03,0.2697052814034399
2024-12-04,0.2698730928236464
2024-12-05,0.2661802675332075
2024-12-06,0.2667183395712458
2024-12-09,0.26647587444959253
2024-12-10,0.26319531738763385
2024-12-11,0.2634924468989237
2024-12-12,0.26142675521407244
2024-12-13,0.26269238041602766
2024-12-16,0.2649780443609243
2024-12-17,0.26157998054497184
2024-12-18,0.2572182471921051
2024-12-19,0.2539395166191724
2024-12-20,0.2507159977609562
2024-12-23,0.2533872980067264
2024-12-24,0.24786621585153168
2024-12-25,0.2451577924891448
2024-12-26,0.2402212403909326
2024-12-27,0.23750691429386306
2024-12-30,0.23436659423608527
2024-12-31,0.2307355816693602
2025-01-02,0.22992115022748727
2025-01-03,0.23240147721051893
2025-01-06,0.23432059327276583
2025-01-07,0.22920386373816337
2025-01-08,0.22512697416822958
2025-01-09,0.22081569099968887
2025-01-10,0.22170819343026751
2025-01-13,0.21967479569373213
2025-01-14,0.21236116266949023
2025-01-15,0.2093454511390201
2025-01-16,0.20610381587623927
2025-01-17,0.20493526198256518
2025-01-20,0.21420093038278412
2025-01-21,0.21383157133807998
2025-01-22,0.21071425679664468
2025-01-23,0.20635916773467003
2025-01-24,0.20621472345553496
2025-01-27,0.2076155248872849
2025-02-05,0.21549095214246397
2025-02-06,0.22045095132539447
2025-02-07,0.2191499570743123
2025-02-10,0.21943504522369878
2025-02-11,0.21665596397335316
2025-02-12,0.21467479808747233
2025-02-13,0.21313421165553284
2025-02-14,0.2141239147682661
2025-02-17,0.21875150188220674
2025-02-18,0.21985690633422
2025-02-19,0.2174771086209844
2025-02-20,0.21972999078206484
2025-02-21,0.22067813825626603
2025-02-24,0.22621552903470077
2025-02-25,0.22415173530628743
2025-02-26,0.2224356328469969
2025-02-27,0.22294826941400483
2025-02-28,0.22774108988289873
2025-03-03,0.2290524774512456
2025-03-04,0.2240819673497566
2025-03-05,0.21979455126004802
2025-03-06,0.2172085690001813
2025-03-07,0.21924419094276199
2025-03-10,0.21872447923868182
2025-03-11,0.21521590286712566
2025-03-12,0.21516798864146888
2025-03-13,0.2071126008025613
2025-03-14,0.20548868679886664
2025-03-17,0.203485115085758
2025-03-18,0.20039881601972492
2025-03-19,0.19673657172796163
2025-03-20,0.19504556906580298
2025-03-21,0.19750530498574614
2025-03-24,0.20793316385186209
2025-03-25,0.20939819635418033
2025-03-26,0.20567639729428702
2025-03-27,0.20498377167719786
2025-03-28,0.20461045068279973
2025-03-31,0.20679796318660454
2025-04-01,0.20407480099444048
2025-04-02,0.20199549051157598
2025-04-03,0.20335769522498226
2025-04-07,0.25992281702593273
2025-04-08,0.30284070732253016
2025-04-09,0.29433915887809675
2025-04-10,0.28431324835887856
2025-04-11,0.2794492629456735
2025-04-14,0.2678347977987392
2025-04-15,0.2569597252444586
2025-04-16,0.24705234492411282
2025-04-17,0.2381948426246864
2025-04-18,0.23156494079984075
2025-04-21,0.22774695149166382
2025-04-22,0.2249689386894236
2025-04-23,0.2219192307631429
2025-04-24,0.21796434330507192
2025-04-25,0.21983126430225647
2025-04-28,0.22514691868974188
2025-04-29,0.22346759955290832
2025-04-30,0.22312960458961006
2025-05-06,0.21717350399259522
2025-05-07,0.21346079783042116
2025-05-08,0.2073197025419643
2025-05-09,0.20144234597290356
2025-05-12,0.19706013964271524
2025-05-13,0.19150015100054074
2025-05-14,0.18639243816085682
2025-05-15,0.18385892565657552
2025-05-16,0.18116643392790643
2025-05-19,0.2397737473821651
2025-05-20,0.24036763397877636
2025-05-21,0.257824654105303
2025-05-22,0.2578251434963344
2025-05-23,0.2542307252880183
2025-05-26,0.25536550322113727
2025-05-27,0.2596801656598779
2025-05-28,0.2546808294532594
2025-05-29,0.25648719617227944
2025-05-30,0.2905847196499779
2025-06-03,0.29324312305723094
2025-06-04,0.2926218265420758
2025-06-05,0.29281886730814194
2025-06-06,0.29100667020887344
2025-06-09,0.2890830073443257
2025-06-10,0.28829482905615683
2025-06-11,0.28331711572497137
2025-06-12,0.28253899454272247
2025-06-13,0.28857382690067335
2025-06-16,0.28643979482689663
2025-06-17,0.2877451107336951
2025-06-18,0.28366574625336416
2025-06-19,0.28564973320844494
2025-06-20,0.28825852097389953
2025-06-23,0.287108447262105
2025-06-24,0.2963854749558453
2025-06-25,0.28631076329977856
2025-06-26,0.2818024236126449
2025-06-27,0.2807552852683321
2025-06-30,0.28414441007446506
2025-07-01,0.29455121959505803
2025-07-02,0.29396732842627105
2025-07-03,0.2872406610867847
2025-07-04,0.2826098220658862
2025-07-07,0.28107697709514556
2025-07-08,0.27796587556614005
2025-07-09,0.2739870788563429
2025-07-10,0.2722238432945121
2025-07-11,0.2733271054768725
2025-07-14,0.2761967434337718
2025-07-15,0.2797001822916852
2025-07-16,0.27493810906161537
2025-07-17,0.2706751588260493
2025-07-18,0.26688970711076504
2025-07-21,0.27585886471831567
2025-07-22,0.28095158375567214
2025-07-23,0.2811543259203389
2025-07-24,0.2788115476884605
2025-07-25,0.27921871404039655
2025-07-28,0.2726861894104821
2025-07-29,0.2694692694941134
2025-07-30,0.2667041940666736
2025-07-31,0.2649303053073694
2025-08-01,0.26247286314367324
2025-08-04,0.26028945906337536
2025-08-05,0.2558115000031106
2025-08-06,0.25830232047534674
2025-08-07,0.25671067050243457
2025-08-08,0.2585765074106507
2025-08-11,0.2596430882199366
2025-08-12,0.2588732274737503
2025-08-13,0.25866813999357824
2025-08-14,0.2611388116621139
2025-08-15,0.26101534444301583
2025-08-18,0.2672279738086903
2025-08-19,0.27618457776321703
2025-08-20,0.27735115306099595
2025-08-21,0.27693338877209595
2025-08-22,0.2739420472496831
2025-08-25,0.2781660023557856
2025-08-26,0.27960697027466497
2025-08-27,0.2823048275080574
2025-08-28,0.2871276226365934
2025-08-29,0.29270402608341317
2025-09-01,0.30019003066289807
2025-09-02,0.3000803226370236
2025-09-03,0.2953618791660246
2025-09-04,0.2899723367619179
2025-09-05,0.2843159515007613
2025-09-08,0.291437240638336
2025-09-09,0.2883877714466689
2025-09-10,0.3118721151941028
2025-09-11,0.3091495269366564
2025-09-12,0.3061393261208664
2025-09-15,0.3054134287158967
2025-09-16,0.3012390650725908
2025-09-17,0.2998480480873344
2025-09-18,0.3019740834036864
2025-09-19,0.30354339334846037
2025-09-22,0.30323485815792495
2025-09-23,0.30312384232823253
2025-09-24,0.3009443646853968
2025-09-25,0.29026172331502753
2025-09-26,0.2905175825354978
2025-09-29,0.28839205102544035
2025-09-30,0.2855181923735387
2025-10-09,0.2958998939034671
2025-10-10,0.2996606936488942
2025-10-13,0.30044262702066804
2025-10-14,0.298699222756602
2025-10-15,0.29328997466524437
2025-10-16,0.28735348945140887
2025-10-17,0.28133231604387465
2025-10-20,0.2767372513567998
2025-10-21,0.2713558231175087
2025-10-22,0.2655781195817276
2025-10-23,0.26185578951388255
2025-10-24,0.2609960809680606
2025-10-27,0.26192077032118266
2025-10-28,0.2621625133332035
2025-10-29,0.26306350860591204
2025-10-30,0.2662285019469752
2025-10-31,0.2700423967565828
2025-11-03,0.26801858915367816
2025-11-04,0.2552244166876389
2025-11-05,0.2482408515985001
2025-11-06,0.24514494732618994
2025-11-07,0.2448490669081229
2025-11-10,0.24621202190557215
2025-11-11,0.24246260349873716
2025-11-12,0.2422843701314568
2025-11-13,0.23939504674697157
2025-11-14,0.23941523222507316
2025-11-17,0.241451072347857
2025-11-18,0.23834924134765972
2025-11-19,0.23895848997695604
2025-11-20,0.23676358902243988
2025-11-21,0.2395200002879335
2025-11-24,0.23843610748660934
2025-11-25,0.2344499209662087
2025-11-26,0.23290834164135024
2025-11-27,0.22888958666574152
2025-11-28,0.2248726372599236
2025-12-01,0.2250961323990388
2025-12-02,0.22063134018158023
2025-12-03,0.21785558351447834
2025-12-04,0.21624929066821416
2025-12-05,0.21437678847600844
2025-12-08,0.21171866036223833
2025-12-09,0.21250380539846075
2025-12-10,0.21050641813830342
2025-12-11,0.21043338025166836
2025-12-12,0.21377720783715456
2025-12-15,0.21552660419847428
2025-12-16,0.21443015943230992
2025-12-17,0.21364449013784068
2025-12-18,0.21159179121845723
2025-12-19,0.21011101759143502
2025-12-22,0.2113275861855422
2025-12-23,0.20870912072483921
2025-12-24,0.20490812481519122
2025-12-25,0.2054660860576566
2025-12-26,0.2042388858836242
2025-12-29,0.26115721753492555
2025-12-30,0.26093677860731973
2025-12-31,0.26189432314821676
2026-01-05,0.310650032142765
2026-01-06,0.33611446999887207
2026-01-07,0.34040502423100233
2026-01-08,0.3383009768364104
2026-01-09,0.3522967935084811
2026-01-12,0.37054465006060067
2026-01-13,0.517756582266872
2026-01-14,0.5620817286045762
2026-01-15,0.5731310355957598
2026-01-16,0.594998319981705
2026-01-19,0.6527197852879053
2026-01-20,0.6446952576032992
2026-01-21,0.6341981333912722
2026-01-22,0.6220107011678417
2026-01-23,0.6214024820898552
2026-01-26,0.641935993414885
2026-01-27,0.6285831640154964
2026-01-28,0.605874459419913
2026-01-29,0.6103288391891205
2026-01-30,0.611831120189095
2026-02-02,0.6160640153008883
2026-02-03,0.5946729116343583
2026-02-04,0.5804020588741438
2026-02-05,0.562551015588355
2026-02-06,0.5434429687750163
2026-02-09,0.5271963302184662
2026-02-10,0.5137077583184901
2026-02-11,0.4986009136470093
2026-02-12,0.4936542613570878
2026-02-13,0.48253381352028946
2026-02-24,0.49574174887793354
2026-02-25,0.4881387634378462
2026-02-26,0.4867315939011532
2026-02-27,0.47997253743146917
2026-03-02,0.5033585894884325
2026-03-03,0.5151250812945376
2026-03-04,0.5095245668018905
2026-03-05,0.5035356161669217
2026-03-06,0.4981947451575873
2026-03-09,0.4954542941627839
2026-03-10,0.48585686079644036
2026-03-11,0.4759396870965854
2026-03-12,0.47301379966829343
2026-03-13,0.46238914735692166
2026-03-16,0.4623803600970903
2026-03-17,0.45655384780370045
2026-03-18,0.4487812266780698
2026-03-19,0.4386176667166091
2026-03-20,0.4383792830725443
2026-03-23,0.446280173826451
2026-03-24,0.43950199962781183
2026-03-25,0.43077487880630366
2026-03-26,0.4253791816882337
2026-03-27,0.4198337339448181
2026-03-30,0.42118993759934203
2026-03-31,0.4220194667688819
2026-04-01,0.4213468603151516
2026-04-02,0.4133819245218729
2026-04-03,0.41400828728023786
2026-04-07,0.4132683552111888
2026-04-08,0.40916386584755793
2026-04-09,0.4038158545385278
2026-04-10,0.3921758556120784
