date,000591.XSHE
2006-01-06,1.3225514642727338
2006-01-09,1.3281577135869447
2006-01-10,1.3347426158656264
2006-01-11,1.3506530493391604
2006-01-12,1.3455530995449196
2006-01-13,1.3263384256536188
2006-01-16,1.3094744446838573
2006-01-17,1.3038607624278034
2006-01-18,1.2551557383994787
2006-01-19,1.2552527367679724
2006-01-20,1.2508643913605892
2006-01-23,1.2602208252604163
2006-01-24,1.2623575798911113
2006-01-25,1.2295950740052186
2006-02-06,1.1595946998968423
2006-02-07,1.1636729335278124
2006-02-08,1.1638932687710544
2006-02-09,1.188131121597696
2006-02-10,1.171356936927301
2006-02-13,1.167462702391717
2006-02-14,1.179515625431602
2006-02-15,1.1731576064655342
2006-02-16,1.226265950495204
2006-02-17,1.2264421807985615
2006-02-20,1.223687494237016
2006-02-21,1.1965344343887445
2006-02-22,1.1989347667003967
2006-02-23,1.2023653352775938
2006-02-24,1.2093025574550869
2006-02-27,1.2070588902157522
2006-02-28,1.1939304013938046
2006-03-01,1.1980604364985536
2006-03-02,1.1922389303106726
2006-03-03,1.185359456655019
2006-03-06,1.187199113189031
2006-03-07,1.1686463845541855
2006-03-08,1.1672978555773268
2006-03-09,1.1630606403930173
2006-03-10,1.1604582674418038
2006-03-13,1.1512071447056142
2006-03-14,1.1536701881397153
2006-03-15,1.1504338027614094
2006-03-16,1.1491244654267583
2006-03-17,1.1576039877336872
2006-03-20,1.1732569280352863
2006-03-21,1.171407348727467
2006-03-22,1.1751259542076269
2006-03-23,1.1754791528685193
2006-03-24,1.1855483577519723
2006-03-27,1.187369996297485
2006-03-28,1.1800217189170885
2006-03-29,1.155884520889095
2006-03-30,1.181243802711661
2006-03-31,1.1916406030867221
2006-04-03,1.1596230676318036
2006-04-04,1.1463221896847597
2006-04-05,1.1526993381629427
2006-04-06,1.1486356235493662
2006-04-07,1.1473153588300955
2006-04-10,1.1793391721929305
2006-04-11,1.238935530002703
2006-04-12,1.16461492940608
2006-04-13,1.355824320193677
2006-04-14,1.2143380262423586
2006-04-17,1.2428630370281215
2006-04-18,1.2084765480436588
2006-04-19,1.1909784801509422
2006-04-20,1.1687018395271938
2006-04-21,1.11711150879089
2006-04-24,1.1660164213961888
2006-04-25,1.176153378762508
2006-04-26,1.2166010849837783
2006-04-27,1.2178118259809592
2006-04-28,1.2097632494263855
2006-05-08,1.5663787192174978
2006-05-09,1.6366968506186446
2006-05-10,1.7072926377576336
2006-05-11,1.7186750239033286
2006-05-12,1.5513981782759187
2006-05-15,1.5009129230002736
2006-05-16,1.629644122186148
2006-05-17,1.631562092270527
2006-05-18,1.628549098350319
2006-05-19,1.6858801817088436
2006-05-22,1.702012475708671
2006-05-23,1.6858930947440864
2006-05-24,1.6926837523103795
2006-05-25,1.6875276527380996
2006-05-26,1.660832007866321
2006-05-29,1.797699077876049
2006-05-30,1.7674819193396947
2006-05-31,1.7090711928659952
2006-06-01,1.8413135654910868
2006-06-02,1.7629229225216048
2006-06-05,1.749688667780202
2006-06-06,1.7708839080430527
2006-06-07,1.7716055615911126
2006-06-08,1.7661257658721539
2006-06-09,1.779547899658512
2006-06-12,1.78102597912638
2006-06-13,1.780745282773697
2006-06-14,1.769612288834861
2006-06-15,1.7702772422697635
2006-06-16,1.7902392280389712
2006-06-19,1.780950337813724
2006-06-20,1.7803718542782914
2006-06-21,1.783306530538967
2006-06-22,1.7912147681268527
2006-06-23,1.7931552115092306
2006-06-26,1.777675096036356
2006-06-27,1.7752769791259357
2006-06-28,1.77762119083435
2006-06-29,1.739321836445235
2006-06-30,1.7222549489530465
2006-07-03,1.6694465225957265
2006-07-04,1.6620098046601073
2006-07-05,1.50822364122105
2006-07-06,1.5799136151588482
2006-07-07,1.6003812924185867
2006-07-10,1.6002396699689938
2006-07-11,1.5813414638141234
2006-07-12,1.5815085808715779
2006-07-13,1.6616049536662834
2006-07-14,1.6576792189015739
2006-07-17,1.6854798703986238
2006-07-18,1.6851122590853564
2006-07-19,1.6692982854736598
2006-07-20,1.6695928381617375
2006-07-21,1.659054584987629
2006-07-24,1.6586511780760833
2006-07-25,1.6534555079030187
2006-07-26,1.64177302966601
2006-07-27,1.6122925503323027
2006-07-28,1.6120708491559055
2006-07-31,1.6830843883034678
2006-08-01,1.6945633358315788
2006-08-02,1.7029895397289474
2006-08-03,1.7035792992152494
2006-08-04,1.7750491933638581
2006-08-07,1.80762855874015
2006-08-08,1.8119529684142957
2006-08-09,1.8111893047928862
2006-08-10,1.8064412012277444
2006-08-11,1.8078216739326263
2006-08-14,1.8357803798425396
2006-08-15,1.825597725181071
2006-08-16,1.8086116700751584
2006-08-17,1.8079854163552551
2006-08-18,1.804380076655888
2006-08-21,1.8071294258347559
2006-08-22,1.824664257698043
2006-08-23,1.8245991641900814
2006-08-24,1.8144490751087008
2006-08-25,1.8137050209424364
2006-08-28,1.7820656979356246
2006-08-29,1.7805678787268329
2006-08-30,1.7762495910225695
2006-08-31,1.778031994631572
2006-09-01,1.795941612492938
2006-09-04,1.7830044451218785
2006-09-05,1.7839117801378568
2006-09-06,1.788717129968352
2006-09-07,1.7737008119003392
2006-09-08,1.7712642874898514
2006-09-11,1.7706803133709739
2006-09-12,1.7889331605159213
2006-09-13,1.7948278372472597
2006-09-14,1.7944710273973796
2006-09-15,1.8081240254747288
2006-09-18,1.7957572972288258
2006-09-19,1.7951496679316628
2006-09-20,1.7928912553438476
2006-09-21,1.8200784707115183
2006-09-22,1.7648472527741075
2006-09-25,1.7452970969289447
2006-09-26,1.7194066802002352
2006-09-27,1.7013875983153979
2006-09-28,1.7978812791025038
2006-09-29,1.7710412049439104
2006-10-09,1.8820741620086963
2006-10-10,1.8823759692984106
2006-10-11,1.8899606084718157
2006-10-12,1.9166134639997596
2006-10-13,1.9270136089113123
2006-10-16,1.9313252475632523
2006-10-17,1.9550866636858295
2006-10-18,1.9345302444406096
2006-10-19,1.9374877341503816
2006-10-20,1.93826546599518
2006-10-23,1.8344034068851964
2006-10-24,1.7910786333954039
2006-10-25,1.772738857169123
2006-10-26,1.6852464517261065
2006-10-27,1.734537189459762
2006-10-30,1.7291821635081983
2006-10-31,1.6929705348024293
2006-11-01,1.6700760422036978
2006-11-02,1.6702068051555992
2006-11-03,1.6632141358162307
2006-11-06,1.6237422047604566
2006-11-07,1.6177131356333627
2006-11-08,1.580943543015234
2006-11-09,1.5122445703252245
2006-11-10,1.469478408059016
2006-11-13,1.393047890682028
2006-11-14,1.36544054386033
2006-11-15,1.234821352159782
2006-11-16,1.2345472668516408
2006-11-17,1.1803978319994908
2006-11-20,1.213760842533994
2006-11-21,1.1722053685630804
2006-11-22,1.190141032041757
2006-11-23,1.1869367057160212
2006-11-24,1.1865490351138575
2006-11-27,1.1954520779797755
2006-11-28,1.1785060249731
2006-11-29,1.1492548797359257
2006-11-30,0.7468968019766087
2006-12-01,0.7048355931701349
2006-12-04,0.6319729967954005
2006-12-05,0.6208201923694057
2006-12-06,0.6590598242095718
2006-12-07,0.6475529648538116
2006-12-08,0.6302892589752409
2006-12-11,0.5297972704872007
2006-12-12,0.5247393576916646
2006-12-13,0.5253006590554204
2006-12-14,0.539694751039004
2006-12-15,0.4064051667178123
2006-12-18,0.38261632826340025
2006-12-19,0.3821701803267074
2006-12-20,0.3804198560012548
2006-12-21,0.3722126596373332
2006-12-22,0.3700714976910917
2006-12-25,0.35295238304870996
2006-12-26,0.3529358637380225
2006-12-27,0.33653194045114165
2006-12-28,0.3363962566433975
2006-12-29,0.3088541458192534
2007-01-04,0.30492370600119234
2007-01-05,0.30479868305249597
2007-01-08,0.393559952320301
2007-01-09,0.4909077828978682
2007-01-10,0.564206703331213
2007-01-11,0.5449543537506052
2007-01-12,0.5668650862286614
2007-01-15,0.4660010321729898
2007-01-16,0.44173992945697715
2007-01-17,0.4301737028536168
2007-01-18,0.42989498182108227
2007-01-19,0.3997475539058657
2007-01-22,0.36393916501402457
2007-01-23,0.36323525989187644
2007-01-24,0.3609464904630357
2007-01-25,0.3366372022914747
2007-01-26,0.3254874187741764
2007-01-29,0.3141782258358629
2007-01-30,0.31222684840087894
2007-01-31,0.2479556168016037
2007-02-01,0.2740091081100431
2007-02-02,0.42476358277899606
2007-02-05,0.4146723938740166
2007-02-06,0.4777855000979884
2007-02-07,0.4658609977988969
2007-02-08,0.5023163757744372
2007-02-09,0.48364458153634593
2007-02-12,0.4790360531583235
2007-02-13,0.4695558917403149
2007-02-14,0.46472101417902006
2007-02-15,0.4843241892375656
2007-02-16,0.48319909040123404
2007-02-26,0.4989559227629701
2007-02-27,0.6750534113512846
2007-02-28,0.7186326909408408
2007-03-01,0.7545863112271272
2007-03-02,0.7497854306401821
2007-03-05,0.7322484640253156
2007-03-06,0.7270120342445668
2007-03-07,0.7446710542836112
2007-03-08,0.7530424282798108
2007-03-09,0.7393227353238601
2007-03-12,0.7393600004705083
2007-03-13,0.733194613179247
2007-03-14,0.7451177027379878
2007-03-15,0.7735143353957342
2007-03-16,0.7945199460621652
2007-03-19,0.7787466760539457
2007-03-20,0.7877150383799673
2007-03-21,0.7864981184070203
2007-03-22,0.7871611835077554
2007-03-23,0.7871238278391822
2007-03-26,0.7999381763764666
2007-03-27,0.7968955933627876
2007-03-28,0.7917343419040227
2007-03-29,0.802234087244576
2007-03-30,0.8003680922142754
2007-04-02,0.8134588710014481
2007-04-03,0.8278641455488523
2007-04-04,0.8268587652093959
2007-04-05,0.8353886215580411
2007-04-06,0.8302292358796777
2007-04-09,0.8114188371427781
2007-04-10,0.7861613366943474
2007-04-11,0.7855472980367497
2007-04-12,0.8002849824797263
2007-04-13,0.8077437580530595
2007-04-16,0.7894377764763566
2007-04-17,0.8064818423850012
2007-04-18,0.8050991111939961
2007-04-19,0.8068858808581115
2007-04-20,0.8293873494246822
2007-04-23,0.8160129862653382
2007-04-24,0.8178561871082245
2007-04-25,0.8171968633350257
2007-04-26,0.8068058227155707
2007-04-27,0.809058254508893
2007-04-30,0.7858538814423444
2007-05-08,0.8057131989575603
2007-05-09,0.8021485198056483
2007-05-10,0.8018115461211086
2007-05-11,0.8113214024846581
2007-05-14,0.8071636567315392
2007-05-15,0.6910062247281512
2007-05-16,0.7049390687339261
2007-05-17,0.7383120832223091
2007-05-18,0.7400018331401946
2007-05-21,0.7294384168427663
2007-05-22,0.7369896566455212
2007-05-23,0.7402799838495941
2007-05-24,0.7540890968969952
2007-05-25,0.7501524824435014
2007-05-28,0.7839252761489045
2007-05-29,0.7740513311169693
2007-05-30,0.9163703685440682
2007-05-31,0.8803243713367503
2007-06-01,0.9797499411806658
2007-06-04,1.0429133476099168
2007-06-05,1.0520032419613337
2007-06-06,1.0437102567026486
2007-06-07,1.0698224931466693
2007-06-08,1.066795489297922
2007-06-11,1.1245458585545391
2007-06-12,1.1842852011780272
2007-06-13,1.1691697065590798
2007-06-14,1.1797949119308864
2007-06-15,1.1829204481674658
2007-06-18,1.1474285128885304
2007-06-19,1.1480884743528046
2007-06-20,1.1701575223700778
2007-06-21,1.1574834765412112
2007-06-22,1.215854675083507
2007-06-25,1.2566733920749
2007-06-26,1.2763830940668608
2007-06-27,1.2673859490540753
2007-06-28,1.2987368535721289
2007-06-29,1.2968556092260277
2007-07-02,1.2969454266253277
2007-07-03,1.2894984633974378
2007-07-04,1.2934717648975467
2007-07-05,1.3192188577454091
2007-07-06,1.3289449139704876
2007-07-09,1.3203700799938758
2007-07-10,1.3143266820255002
2007-07-11,1.3156696256314142
2007-07-12,1.315146150248957
2007-07-13,1.31548615592119
2007-07-16,1.3032034704716637
2007-07-17,1.2814573818162183
2007-07-18,1.284091894396277
2007-07-19,1.2848740938837715
2007-07-20,1.2582681992341231
2007-07-23,1.2537937606473966
2007-07-24,1.2542261165841022
2007-07-25,1.2568331710613667
2007-07-26,1.2575248099174954
2007-07-27,1.2569608063196673
2007-07-30,1.2453477433311113
2007-07-31,1.2486580377273966
2007-08-01,1.306470471800954
2007-08-02,1.2968086649682866
2007-08-03,1.255269195783869
2007-08-06,1.2594137121062645
2007-08-07,1.2618538242174264
2007-08-08,1.212212260147768
2007-08-09,1.1730778559636643
2007-08-10,1.18293639671054
2007-08-13,1.1856572306623236
2007-08-14,1.1973101029735977
2007-08-15,1.1972892456331514
2007-08-16,1.1941173641337484
2007-08-17,1.1910631227591593
2007-08-20,1.1471820450628079
2007-08-21,1.169359872650449
2007-08-22,1.1644412939666922
2007-08-23,1.1549238807638915
2007-08-24,1.1611409782947106
2007-08-27,1.1570586543895964
2007-08-28,1.1550927538643896
2007-08-29,1.076275768888523
2007-08-30,1.0699150414109446
2007-08-31,1.0612762115233128
2007-09-03,1.0794520797126796
2007-09-04,1.0937329453622322
2007-09-05,1.0918247344101706
2007-09-06,1.0883059178119632
2007-09-07,1.1423435130331996
2007-09-10,1.1524711893837334
2007-09-11,1.2389382708477386
2007-09-12,1.2228681025117956
2007-09-13,1.1956441986903745
2007-09-14,1.2107924976490887
2007-09-17,1.1955719479579836
2007-09-18,1.2009812510304312
2007-09-19,1.2096203176643845
2007-09-20,1.2058176956813904
2007-09-21,1.2124420050216003
2007-09-24,1.2128106177189453
2007-09-25,1.2115033442896237
2007-09-26,1.184266134972698
2007-09-27,1.1820566136082427
2007-09-28,1.2057294602302768
2007-10-08,1.1860481105741045
2007-10-09,1.1841693945365976
2007-10-10,1.1847819254193535
2007-10-11,1.1567801066008427
2007-10-12,1.1493941653457609
2007-10-15,1.1328205425565885
2007-10-16,1.1362782040513761
2007-10-17,1.1332596382049598
2007-10-18,0.993348414143676
2007-10-19,0.9923522988063286
2007-10-22,0.8727290975916162
2007-10-23,0.8632761382503586
2007-10-24,0.8758109478213338
2007-10-25,0.7848711222218687
2007-10-26,0.7314776856723414
2007-10-29,0.6678594018509451
2007-10-30,0.7318963191090627
2007-10-31,0.7526190060850505
2007-11-01,0.6658545034281644
2007-11-02,0.7120247968659795
2007-11-05,0.679703412908197
2007-11-06,0.6773961911528681
2007-11-07,0.6572657824468204
2007-11-08,0.8172563797322974
2007-11-09,0.8131696682696543
2007-11-12,0.8244793273315141
2007-11-13,0.8226764211796981
2007-11-14,0.8301452924790426
2007-11-15,0.8420075401341843
2007-11-16,0.8536337069379044
2007-11-19,0.84909883433451
2007-11-20,0.8598834260567894
2007-11-21,0.870211374543114
2007-11-22,0.9061249900521058
2007-11-23,0.9145119708867949
2007-11-26,0.9178233820924387
2007-11-27,0.9060279410238352
2007-11-28,0.9072972229297005
2007-11-29,0.8524337663020304
2007-11-30,0.8655715731252698
2007-12-03,0.8740566949424554
2007-12-04,0.8559416579743662
2007-12-05,0.840375173821312
2007-12-06,0.8405287779293892
2007-12-07,0.8482880037935097
2007-12-10,0.847654775528257
2007-12-11,0.8477551492211713
2007-12-12,0.836393974224996
2007-12-13,0.8192155665591717
2007-12-14,0.8197555345418684
2007-12-17,0.7377577076515799
2007-12-18,0.7441261517195692
2007-12-19,0.7411623619348346
2007-12-20,0.7301375876004497
2007-12-21,0.7279199125939384
2007-12-24,0.7157001980424881
2007-12-25,0.7168406635361763
2007-12-26,0.7275824917298154
2007-12-27,0.7094661275184025
2007-12-28,0.713944010455037
2008-01-02,0.7261721809719427
2008-01-03,0.7340508759873957
2008-01-04,0.7223542746541008
2008-01-07,0.7307418113142914
2008-01-08,0.746421989451473
2008-01-09,0.7505212865237398
2008-01-10,0.7424864860996272
2008-01-11,0.7404084775648841
2008-01-14,0.7404656911033843
2008-01-15,0.7228049199761968
2008-01-16,0.6274274947567556
2008-01-17,0.623172399618302
2008-01-18,0.6098483579442303
2008-01-21,0.6991605136899361
2008-01-22,0.845685591246146
2008-01-23,0.8282002376146336
2008-01-24,0.8304010255573174
2008-01-25,0.8484723988126073
2008-01-28,0.8295860520693565
2008-01-29,0.8293382040849676
2008-01-30,0.8145128046381059
2008-01-31,0.8190638841994952
2008-02-01,0.824317009025183
2008-02-04,0.8100963490008685
2008-02-05,0.8114924676404485
2008-02-13,0.8048666453205087
2008-02-14,0.8076033049850697
2008-02-15,0.7955066152366976
2008-02-18,0.8017371520618676
2008-02-19,0.7940211973697949
2008-02-20,0.8039083493371326
2008-02-21,0.7971379923391256
2008-02-22,0.8129356847728753
2008-02-25,0.8199739227800593
2008-02-26,0.8197820790438194
2008-02-27,0.8203485455377181
2008-02-28,0.8201278857090131
2008-02-29,0.8258237145878201
2008-03-03,0.8329521843703844
2008-03-04,0.8164454994610063
2008-03-05,0.7826332628467768
2008-03-06,0.7814498861061475
2008-03-07,0.7960987193708104
2008-03-10,0.8084080452157565
2008-03-11,0.8096128659358722
2008-03-12,0.8492740603693417
2008-03-13,0.8599069468976077
2008-03-14,0.8573105258872771
2008-03-17,0.8464706107847152
2008-03-18,0.870806931715195
2008-03-19,0.8977244065005247
2008-03-20,0.9134277149652147
2008-03-21,0.9145317538549997
2008-03-24,0.8629591545618831
2008-03-25,0.8708735541531659
2008-03-26,0.8733402215163535
2008-03-27,0.915786993687118
2008-03-28,0.9335856681427718
2008-03-31,0.9431536518287172
2008-04-01,1.0159962677947205
2008-04-02,1.0385821360055858
2008-04-03,1.021486776009051
2008-04-07,1.0182855822571675
2008-04-08,1.0190482895315374
2008-04-09,1.0520960245198256
2008-04-10,1.05221157368645
2008-04-11,1.0567720467679793
2008-04-14,1.0752750228659933
2008-04-15,1.0875132072530915
2008-04-16,1.0710670063839305
2008-04-17,1.0471734790210658
2008-04-18,1.0987537044450444
2008-04-21,1.098859262307934
2008-04-22,1.08608120531062
2008-04-23,1.0768439985055633
2008-04-24,1.0762068993214864
2008-04-25,1.0751470076432046
2008-04-28,1.071105013633725
2008-04-29,1.070958147087945
2008-04-30,1.1203708396326897
2008-05-05,1.121432977354285
2008-05-06,1.1161818343661236
2008-05-07,1.1127738261987505
2008-05-08,1.119611713970176
2008-05-09,1.1122202482023176
2008-05-12,1.1206853211836136
2008-05-13,1.086138550068828
2008-05-14,1.0534364667185112
2008-05-15,1.0590769998618152
2008-05-16,1.0610669744903312
2008-05-19,1.0475019094422104
2008-05-20,1.0824035147584363
2008-05-21,1.104224060089099
2008-05-22,1.1137568068501296
2008-05-23,1.1230513640464725
2008-05-26,1.118551818487064
2008-05-27,1.1182163802300946
2008-05-28,1.1058045030793762
2008-05-29,1.1064367767381458
2008-05-30,1.1010063343010135
2008-06-02,1.1005568742546632
2008-06-03,1.1022347641153762
2008-06-04,1.1074954480249164
2008-06-05,1.1046992052114737
2008-06-06,1.1070899158077085
2008-06-10,1.1280089918367844
2008-06-11,1.1465675419593429
2008-06-12,1.1375850400154413
2008-06-13,1.1648869641984982
2008-06-16,1.1742199511043416
2008-06-17,1.2135260484158523
2008-06-18,1.241510430209749
2008-06-19,1.254980527415348
2008-06-20,1.249401490175224
2008-06-23,1.2408895925565717
2008-06-24,1.2451079174604895
2008-06-25,1.2560385233150804
2008-06-26,1.2588077779581184
2008-06-27,1.2949109700633088
2008-06-30,1.2922584629349498
2008-07-01,1.276099321047165
2008-07-02,1.2766454183703047
2008-07-03,1.2785677479937705
2008-07-04,1.2759883929737763
2008-07-07,1.2707460730466003
2008-07-08,1.2736368309747799
2008-07-09,1.2638578576511266
2008-07-10,1.2676709523794072
2008-07-11,1.2673539528986149
2008-07-14,1.2812603138383551
2008-07-15,1.257700088890296
2008-07-16,1.2843822020975517
2008-07-17,1.2743127859678494
2008-07-18,1.251768093705375
2008-07-21,1.2436314967921676
2008-07-22,1.243613924174868
2008-07-23,1.2458736705561282
2008-07-24,1.2311766249023777
2008-07-25,1.2306990034798593
2008-07-28,1.2323390150152833
2008-07-29,1.2151270109263035
2008-07-30,1.2184732510405754
2008-07-31,1.2340913745278337
2008-08-01,1.2325914492344199
2008-08-04,1.2307222600835563
2008-08-05,1.242685007455421
2008-08-06,1.238691848690939
2008-08-07,1.2389005512155997
2008-08-08,1.2626141586130473
2008-08-11,1.3022400690681595
2008-08-12,1.3034758942860187
2008-08-13,1.3034492110020743
2008-08-14,1.303928572716729
2008-08-15,1.303256531897508
2008-08-18,1.3412373336194578
2008-08-19,1.3322830917743216
2008-08-20,1.3253683568163153
2008-08-21,1.283697986908869
2008-08-22,1.2890467633865428
2008-08-25,1.2890670535824378
2008-08-26,1.2985230737825812
2008-08-27,1.2982735627918727
2008-08-28,1.2990860163459237
2008-08-29,1.3081385087341528
2008-09-01,1.2611044169035392
2008-09-02,1.256839558109737
2008-09-03,1.2462613382349537
2008-09-04,1.2456028388226812
2008-09-05,1.2742407575636965
2008-09-08,1.2734811131490675
2008-09-09,1.2782122932165854
2008-09-10,1.2785543905885575
2008-09-11,1.2331815906157908
2008-09-12,1.2327241537571896
2008-09-16,1.2045453220349411
2008-09-17,1.1925242983475353
2008-09-18,1.184122862784333
2008-09-19,1.1611849236794112
2008-09-22,1.1119541610906807
2008-09-23,1.1394714691341719
2008-09-24,1.1419905939281094
2008-09-25,1.152852945901455
2008-09-26,1.1588460114418906
2008-10-06,1.1643240415012142
2008-10-07,1.1547749787459995
2008-10-08,1.1354050429372577
2008-10-09,1.1393251843310073
2008-10-10,1.1722744753323893
2008-10-13,1.1556179250106315
2008-10-14,1.154671683517718
2008-10-15,1.1496645649711943
2008-10-16,1.1368022106095723
2008-10-17,1.144086227108526
2008-10-20,1.1378099736761695
2008-10-21,1.1391246786637936
2008-10-22,1.13740709585512
2008-10-23,1.1378551732707118
2008-10-24,1.12136540921423
2008-10-27,1.1337803258969144
2008-10-28,1.1316528759362476
2008-10-29,1.1279951653789386
2008-10-30,1.120302521225433
2008-10-31,1.117088608469914
2008-11-03,1.1181543906078488
2008-11-04,1.1163973934122469
2008-11-05,1.1191466413557007
2008-11-06,1.111509972088319
2008-11-07,1.1069393011662563
2008-11-10,1.0785006405741437
2008-11-11,1.081229351576732
2008-11-12,1.077555095386637
2008-11-13,1.0820362138375847
2008-11-14,1.0906198690702333
2008-11-17,1.1046701321477101
2008-11-18,1.1308426996717533
2008-11-19,1.1431335691246884
2008-11-20,1.1374932634962716
2008-11-21,1.141146816177168
2008-11-24,1.0954663349458234
2008-11-25,1.0954568438865209
2008-11-26,1.0932887076383988
2008-11-27,1.0909113236336705
2008-11-28,1.0947701930445648
2008-12-01,1.1073677228387864
2008-12-02,1.108433503887754
2008-12-03,1.1543673299905162
2008-12-04,1.1383105403983484
2008-12-05,1.1370109347355377
2008-12-08,1.128062723316077
2008-12-09,1.129808670172446
2008-12-10,1.1269939581791821
2008-12-11,1.1298105743014728
2008-12-12,1.073353639894255
2008-12-15,1.0872531196311024
2008-12-16,1.0927702764634721
2008-12-17,1.089900013706586
2008-12-18,1.0743389164485277
2008-12-19,1.0741177006329008
2008-12-22,1.0642105649394746
2008-12-23,1.1084700422458516
2008-12-24,1.1138604634171667
2008-12-25,1.1082222003839406
2008-12-26,1.1089975324059216
2008-12-29,1.109396723001321
2008-12-30,1.1058790214045124
2008-12-31,1.1043923254199821
2009-01-05,1.1049626607480587
2009-01-06,1.0997521574052016
2009-01-07,1.0984910927871543
2009-01-08,1.09073426864357
2009-01-09,1.0972196664614051
2009-01-12,1.096506323960075
2009-01-13,1.099061681786487
2009-01-14,1.0851115464111516
2009-01-15,1.0852219334527249
2009-01-16,1.0746559373221583
2009-01-19,1.064883815268549
2009-01-20,1.069038459099265
2009-01-21,1.0686202864392935
2009-01-22,1.0871881287444056
2009-01-23,1.0944593229455706
2009-02-02,1.0952920598506282
2009-02-03,1.0911793812803132
2009-02-04,1.0755099742820344
2009-02-05,1.0815982487232256
2009-02-06,1.0754606766434784
2009-02-09,1.0681467858806317
2009-02-10,1.0739432778962144
2009-02-11,1.0733363143786427
2009-02-12,1.0654795909652057
2009-02-13,1.039403239010821
2009-02-16,1.0290383220126658
2009-02-17,1.048507454997004
2009-02-18,1.0208980257487865
2009-02-19,1.019609363020519
2009-02-20,1.0449237760410202
2009-02-23,1.053906033887148
2009-02-24,1.062020571637596
2009-02-25,1.062258991967141
2009-02-26,1.11429148428621
2009-02-27,1.1366610281190324
2009-03-02,1.1434046259770858
2009-03-03,1.1294950477196801
2009-03-04,1.0845631211010274
2009-03-05,1.0836553557372277
2009-03-06,1.084039368877617
2009-03-09,1.1075990813324448
2009-03-10,1.1167554239376765
2009-03-11,1.115148954542153
2009-03-12,1.1153537211837037
2009-03-13,1.1163921269539598
2009-03-16,1.1060990173688152
2009-03-17,1.127463225748885
2009-03-18,1.1278129442722675
2009-03-19,1.118948725173382
2009-03-20,1.119595240904983
2009-03-23,1.120053652973814
2009-03-24,1.1184751101381882
2009-03-25,1.1298464716316212
2009-03-26,1.1473093553807954
2009-03-27,1.1470497722184962
2009-03-30,1.1479595234479374
2009-03-31,1.1411928045522244
2009-04-01,1.1421535838556254
2009-04-02,1.1396536697399557
2009-04-03,1.1424313032439921
2009-04-07,1.1428870247186302
2009-04-08,1.1523325756624767
2009-04-09,1.148675464246406
2009-04-10,1.1381924174141065
2009-04-13,1.1265516926888461
2009-04-14,1.1247670214618075
2009-04-15,1.1238210412785552
2009-04-16,1.1238860920171894
2009-04-17,1.102629412137769
2009-04-20,1.1154701997471994
2009-04-21,1.1131343067250785
2009-04-22,1.1480613647530535
2009-04-23,1.1438467757938635
2009-04-24,1.1428712489068917
2009-04-27,1.1377094239558543
2009-04-28,1.1434255675752205
2009-04-29,1.0568659738379993
2009-04-30,1.0631581255044629
2009-05-04,1.0288571524365844
2009-05-05,1.0280232885516285
2009-05-06,1.0250235766287923
2009-05-07,1.0249664384543797
2009-05-08,1.0535772009664501
2009-05-11,1.053330201235735
2009-05-12,1.021216570761282
2009-05-13,1.0153258324618253
2009-05-14,1.0114935047988287
2009-05-15,1.0118430000306762
2009-05-18,1.0062653781263269
2009-05-19,1.0098955121647666
2009-05-20,0.9997096435293978
2009-05-21,1.0201651842230839
2009-05-22,1.0214433425276002
2009-05-25,1.0179729134748525
2009-05-26,1.0092328232808874
2009-05-27,0.9983045265730358
2009-06-01,0.9496754103182373
2009-06-02,0.9497876972863749
2009-06-03,0.924298929958037
2009-06-04,0.920827920542361
2009-06-05,0.9249955862170974
2009-06-08,0.9250486251793455
2009-06-09,0.9270468245631897
2009-06-10,0.92699784332074
2009-06-11,0.9211126436747019
2009-06-12,0.9070347130500614
2009-06-15,0.9205018734864677
2009-06-16,0.9214320178961377
2009-06-17,0.9322063687248172
2009-06-18,0.9149606432477739
2009-06-19,0.916590016054482
2009-06-22,0.9163252417453176
2009-06-23,0.9164092442699817
2009-06-24,0.9141861043327495
2009-06-25,0.9135886289756686
2009-06-26,0.9174215320741597
2009-06-29,0.8865648583173942
2009-06-30,0.8878776629030573
2009-07-01,0.8645742321848001
2009-07-02,0.8669187092586014
2009-07-03,0.8508986009063896
2009-07-06,0.8583006481068692
2009-07-07,0.856605736753975
2009-07-08,0.8572053959294261
2009-07-09,0.8649012094271216
2009-07-10,0.8659650274287883
2009-07-13,0.8520305743313766
2009-07-14,0.8442229468745391
2009-07-15,0.8384074721338908
2009-07-16,0.8377300591498814
2009-07-17,0.8517246900587401
2009-07-20,0.8343913257821802
2009-07-21,0.7897746956142966
2009-07-22,0.788175589525552
2009-07-23,0.7685131801660604
2009-07-24,0.7624582102746066
2009-07-27,0.744445757185593
2009-07-28,0.7426006621783264
2009-07-29,0.8661922830621122
2009-07-30,0.8607648051758098
2009-07-31,0.8614805978199478
2009-08-03,0.860858926255884
2009-08-04,0.8603150392998843
2009-08-05,0.8321612871587154
2009-08-06,0.8217797092134375
2009-08-07,0.8287141667105852
2009-08-10,0.8217138432986207
2009-08-11,0.826203240148699
2009-08-12,0.9089428663657804
2009-08-13,0.9316163745458208
2009-08-14,1.0231354190542261
2009-08-17,1.1168208520900338
2009-08-18,1.1237740535976268
2009-08-19,1.1052719523081114
2009-08-20,1.0784821248252097
2009-08-21,1.0848018181474095
2009-08-24,1.1145207041919694
2009-08-25,1.015237489233596
2009-08-26,1.0015105220073872
2009-08-27,0.9952587702905858
2009-08-28,1.0072583607154324
2009-08-31,1.0486475897033858
2009-09-01,1.0476275857111492
2009-09-02,1.0410013308965587
2009-09-03,1.0035919111916056
2009-09-04,1.0056408897903737
2009-09-07,1.0128935425051098
2009-09-08,0.9998472406659626
2009-09-09,0.9938377101877199
2009-09-10,0.9975839276260239
2009-09-11,1.021543671398053
2009-09-14,1.0143247313928332
2009-09-15,1.0144058095295043
2009-09-16,1.0033199061807907
2009-09-17,1.0009091243279513
2009-09-18,0.9984327003408203
2009-09-21,1.0010449039614961
2009-09-22,1.0097436828233743
2009-09-23,0.9934970484073453
2009-09-24,0.9862557113365309
2009-09-25,0.9781316561630241
2009-09-28,1.0018876927411144
2009-09-29,1.0028169259469244
2009-09-30,1.0012598509299917
2009-10-09,0.9866105182541831
2009-10-12,0.9864286057347658
2009-10-13,0.9920842602600423
2009-10-14,0.987555961328014
2009-10-15,0.9861551329715712
2009-10-16,0.9860704432044991
2009-10-19,0.9739942555745857
2009-10-20,0.9667982615390693
2009-10-21,0.9684789607670471
2009-10-22,0.9660356080200853
2009-10-23,0.9572786822459093
2009-10-26,0.9567397657169607
2009-10-27,0.9716134528725795
2009-10-28,0.975226367095162
2009-10-29,0.9540351570432126
2009-10-30,0.9673194081678407
2009-11-02,1.0103775714980894
2009-11-03,1.003500404840949
2009-11-04,1.0033890964272718
2009-11-05,1.0107955071215196
2009-11-06,1.002814001696129
2009-11-09,1.0007859952695155
2009-11-10,1.0019014493161122
2009-11-11,1.0012281144141488
2009-11-12,1.001403804139431
2009-11-13,0.9996745199535618
2009-11-16,0.9828890821311277
2009-11-17,0.9826286838638633
2009-11-18,0.982002773538726
2009-11-19,0.9850486926580421
2009-11-20,0.9846994433699162
2009-11-23,0.9774862718983839
2009-11-24,1.085748205159327
2009-11-25,1.0865515145159035
2009-11-26,1.119022967455745
2009-11-27,1.073943772944253
2009-11-30,1.0695094347940735
2009-12-01,1.0869691714762046
2009-12-02,1.0848580561273575
2009-12-03,1.07935124566447
2009-12-04,1.0475104351896833
2009-12-07,1.0543574207889896
2009-12-08,1.0456357363369793
2009-12-09,1.0625941301756165
2009-12-10,1.066838597419519
2009-12-11,1.0654711234791459
2009-12-14,1.0595713761165553
2009-12-15,1.004074098600928
2009-12-16,0.9610323602899011
2009-12-17,1.029439940931939
2009-12-18,0.9316255595806265
2009-12-21,0.9314084164671154
2009-12-22,0.9745772723676301
2009-12-23,0.9537898342291398
2009-12-24,0.9143494798368994
2009-12-25,0.918824284637953
2009-12-28,0.932863719318459
2009-12-29,0.928367845657502
2009-12-30,0.9326295188860132
2009-12-31,0.9286177865753698
2010-01-04,0.9330249694325843
2010-01-05,0.9220822951159731
2010-01-06,0.9068939120085572
2010-01-07,0.9061948090796051
2010-01-08,0.9086808664568169
2010-01-11,0.9087088230629878
2010-01-12,0.8903804312960313
2010-01-13,0.8954623937014567
2010-01-14,0.9024113196065514
2010-01-15,0.8988447520376891
2010-01-18,0.9085900370506111
2010-01-19,0.9101158180012593
2010-01-20,0.8300337741881415
2010-01-21,0.822847978067739
2010-01-22,0.8523691632766099
2010-01-25,0.8725794867799571
2010-01-26,0.8890140329121439
2010-01-27,0.8939714919257797
2010-01-28,0.8968748857799831
2010-01-29,0.8949906866904492
2010-02-01,0.8283135803827039
2010-02-02,0.8295657753496901
2010-02-03,0.9287658523989369
2010-02-04,0.9316725213728346
2010-02-05,0.9164985826205275
2010-02-08,0.9185466268028509
2010-02-09,0.9213433522748294
2010-02-10,0.9173513813584782
2010-02-11,0.9193340250117228
2010-02-12,0.9106430112796865
2010-02-22,0.8930524037395715
2010-02-23,0.8721473903602229
2010-02-24,0.8665842201214511
2010-02-25,0.8542813704381497
2010-02-26,0.8534059557186485
2010-03-01,0.8895432794401343
2010-03-02,0.897877378336902
2010-03-03,0.8909889942300905
2010-03-04,0.9643983577234976
2010-03-05,0.9635124338371649
2010-03-08,0.9660022180497058
2010-03-09,0.9650513146321302
2010-03-10,0.9892107801369533
2010-03-11,0.9902776195388223
2010-03-12,0.9796813965765565
2010-03-15,0.917253980697431
2010-03-16,0.9052543023095396
2010-03-17,0.9054916234118883
2010-03-18,0.9054072288995646
2010-03-19,0.8929803458836494
2010-03-22,0.8958717068980613
2010-03-23,0.9045591293233458
2010-03-24,0.9040323551643755
2010-03-25,0.9450680913275477
2010-03-26,0.939785348497357
2010-03-29,0.9165178022710813
2010-03-30,0.9147781151533543
2010-03-31,0.8653083197179416
2010-04-01,0.8683111997741709
2010-04-02,0.8774127348138643
2010-04-06,0.876751419077519
2010-04-07,0.8600441695167877
2010-04-08,0.8404307595425627
2010-04-09,0.83492583341278
2010-04-12,0.7804668908890291
2010-04-13,0.7249909002270241
2010-04-14,0.7388830434386185
2010-04-15,0.7385410076773208
2010-04-16,0.7770780187667693
2010-04-19,0.6624726889861171
2010-04-20,0.6600868700780668
2010-04-21,0.8146217825818614
2010-04-22,0.7985528202412538
2010-04-23,0.7920990749653128
2010-04-26,0.8271643142766582
2010-04-27,0.7935059456498714
2010-04-28,0.7850817571468409
2010-04-29,0.8637263764801079
2010-04-30,0.8378590093386281
2010-05-04,0.7272997314867824
2010-05-05,0.7551588924813963
2010-05-06,0.6752929067685424
2010-05-07,0.6767874680176215
2010-05-10,0.6432841077978353
2010-05-11,0.6705904611947916
2010-05-12,0.6325065892396875
2010-05-13,0.6844866746230533
2010-05-14,0.6703534991262445
2010-05-17,0.7301044388406148
2010-05-18,0.7370541177245319
2010-05-19,0.7400878241275836
2010-05-20,0.7646218656557743
2010-05-21,0.7468097683080519
2010-05-24,0.7974928954582303
2010-05-25,0.7755173457250615
2010-05-26,0.7752187560894452
2010-05-27,0.7886754445245541
2010-05-28,0.7675355519113352
2010-05-31,0.7803168423514417
2010-06-01,0.8137363285311223
2010-06-02,0.8232379966218727
2010-06-03,0.8215832786365637
2010-06-04,0.826458319803573
2010-06-07,0.8204449321477073
2010-06-08,0.8227643344519944
2010-06-09,0.7827973933134743
2010-06-10,0.7776430609430773
2010-06-11,0.7724002197910831
2010-06-17,0.7891588884149064
2010-06-18,0.8682890545929176
2010-06-21,0.8734652184427176
2010-06-22,0.8730419709174715
2010-06-23,0.8778884819184207
2010-06-24,0.8779265762181248
2010-06-25,0.8925328168507534
2010-06-28,0.9064594731834468
2010-06-29,0.9684859028522426
2010-06-30,0.9566500469304138
2010-07-01,0.9870137225794273
2010-07-02,0.9752891003069162
2010-07-05,0.9804863509989197
2010-07-06,0.9990808966139327
2010-07-07,1.0104765862136644
2010-07-08,1.0108487248247187
2010-07-09,1.0047565328449382
2010-07-12,0.9996539884793376
2010-07-13,1.018378722475112
2010-07-14,1.0196894407221364
2010-07-15,0.9774723546086841
2010-07-16,0.9927586724565117
2010-07-19,0.9644339762039505
2010-07-20,0.9564798679737572
2010-07-21,0.9569058839074017
2010-07-22,0.9479041979624043
2010-07-23,0.9500515369271147
2010-07-26,0.962362254666588
2010-07-27,0.9609300825554822
2010-07-28,0.922164574134514
2010-07-29,0.9245308655332035
2010-07-30,0.9293317610272622
2010-08-02,0.9408838720797397
2010-08-03,0.8897461995282494
2010-08-04,0.9008464579749341
2010-08-05,0.9013753809382924
2010-08-06,0.8823432722040556
2010-08-09,0.8979061957257142
2010-08-10,0.9370441083853815
2010-08-11,0.9346441176853783
2010-08-12,0.9513645967524561
2010-08-13,0.9660865278021503
2010-08-16,0.9824934675967362
2010-08-17,0.9751793327546502
2010-08-18,0.97757277173648
2010-08-19,0.9729973229288293
2010-08-20,0.9908418331973554
2010-08-23,0.9911578209898669
2010-08-24,1.0003038059115952
2010-08-25,0.9691774344185413
2010-08-26,0.96562093685459
2010-08-27,0.9657561314080313
2010-08-30,0.9674132456475968
2010-08-31,0.9656802198042913
2010-09-01,0.9721450356669306
2010-09-02,1.078261975327275
2010-09-03,1.0772435857534501
2010-09-06,0.9363558175754508
2010-09-07,0.9368123187006085
2010-09-08,0.9351764747856736
2010-09-09,0.9349831919548891
2010-09-10,0.9407748083141063
2010-09-13,0.9276396636549262
2010-09-14,0.9266590003475278
2010-09-15,0.9303467476810516
2010-09-16,1.0021068529267378
2010-09-17,1.0015370020749648
2010-09-20,0.9981138061972208
2010-09-21,1.0081066440400759
2010-09-27,1.0070759980813135
2010-09-28,1.0157662721305283
2010-09-29,1.0058965138835247
2010-09-30,1.0112577410937649
2010-10-08,0.8922842588416663
2010-10-11,0.8242914242564535
2010-10-12,0.789906154660089
2010-10-13,0.7383484196098175
2010-10-14,0.7306290025748803
2010-10-15,0.6264223171527905
2010-10-18,0.6233885256711368
2010-10-19,0.6584737733705127
2010-10-20,0.6545670883899958
2010-10-21,0.6433938971793517
2010-10-22,0.6429059445336037
2010-10-25,0.6002507951411168
2010-10-26,0.5991421039589749
2010-10-27,0.562018200637302
2010-10-28,0.5654621181112255
2010-10-29,0.5612584092314119
2010-11-01,0.5522829906026886
2010-11-02,0.5450829792314958
2010-11-03,0.5471878336786546
2010-11-04,0.6428504142993414
2010-11-05,0.6162875939334714
2010-11-08,0.6398355060871794
2010-11-09,0.6365177493668441
2010-11-10,0.6460161532880241
2010-11-11,0.6391872066361135
2010-11-12,0.8319533367711139
2010-11-15,0.8587722637292384
2010-11-16,0.45994689658916604
2010-11-17,0.5842360812831974
2010-11-18,0.5526822510369378
2010-11-19,0.5489292795116486
2010-11-22,0.5402765966170421
2010-11-23,0.4391365736788367
2010-11-24,0.4522093146299223
2010-11-25,0.4320617512581932
2010-11-26,0.4222344447976798
2010-11-29,0.41959801291466114
2010-11-30,0.4721054598651154
2010-12-01,0.47286803667775285
2010-12-02,0.47134312871133754
2010-12-03,0.47027635379839333
2010-12-06,0.4716954424368942
2010-12-07,0.4682157212269661
2010-12-08,0.4396537477476046
2010-12-09,0.43692903914050085
2010-12-10,0.4516232220239703
2010-12-13,0.5103537370463505
2010-12-14,0.5109057860520222
2010-12-15,0.517604127822174
2010-12-16,0.5256695053845045
2010-12-17,0.5214823323958029
2010-12-20,0.5394967895736305
2010-12-21,0.512732992214081
2010-12-22,0.5342854845577302
2010-12-23,0.5377425868050487
2010-12-24,0.5420063423184518
2010-12-27,0.620079253416915
2010-12-28,0.6488243016163319
2010-12-29,0.654692201582858
2010-12-30,0.6550848353321745
2010-12-31,0.6618114925364935
2011-01-04,0.6536683502218437
2011-01-05,0.6520114255110039
2011-01-06,0.6554023919296346
2011-01-07,0.6522405955189405
2011-01-10,0.7116098463512696
2011-01-11,0.7014590809192858
2011-01-12,0.7086696266448259
2011-01-13,0.708455408564782
2011-01-14,0.7392052955115889
2011-01-17,0.8537562695802664
2011-01-18,0.8537611000952603
2011-01-19,0.8587781971700671
2011-01-20,0.8835600791389343
2011-01-21,0.8755462389464406
2011-01-24,0.8904413156809085
2011-01-25,0.891220779910619
2011-01-26,0.8970294052441669
2011-01-27,0.9028448024852309
2011-01-28,0.9104596884011211
2011-01-31,0.8962985139905079
2011-02-01,0.8963055224917731
2011-02-09,0.8821271013276173
2011-02-10,0.9029534387214234
2011-02-11,0.9095521633983584
2011-02-14,0.8854096070014926
2011-02-15,0.8860596457679453
2011-02-16,0.8855668263563484
2011-02-17,0.8868252031681465
2011-02-18,0.8659395060014863
2011-02-21,0.8635681808172936
2011-02-22,0.9063563027006384
2011-02-23,0.9072876478105029
2011-02-24,0.9091385317344105
2011-02-25,0.908371904998777
2011-02-28,0.9102779047380283
2011-03-01,0.9139370156251846
2011-03-02,0.9057838024344472
2011-03-03,0.8899050904507746
2011-03-04,0.8859001488031568
2011-03-07,0.8601889811852946
2011-03-08,0.8597267118444104
2011-03-09,0.8600231258263584
2011-03-10,0.785104737976735
2011-03-11,0.783811991807202
2011-03-14,0.8046019833253472
2011-03-15,0.8049260385283733
2011-03-16,0.7827486363191888
2011-03-17,0.8240169150847922
2011-03-18,0.8436971013905025
2011-03-21,0.8525855680040388
2011-03-22,0.8527210729876417
2011-03-23,0.8382307367065324
2011-03-24,0.815226358075276
2011-03-25,0.7787113210694823
2011-03-28,0.7748148555419895
2011-03-29,0.8090754762117244
2011-03-30,0.809692149761145
2011-03-31,0.817181253140475
2011-04-01,0.7835543255746583
2011-04-06,0.8021148468037489
2011-04-07,0.801274555607678
2011-04-08,0.777282369539529
2011-04-11,0.7805149749904478
2011-04-12,0.7842453070554343
2011-04-13,0.7866806289083084
2011-04-14,0.7835931354100388
2011-04-15,0.7833586959504866
2011-04-18,0.7833610073903041
2011-04-19,0.6280323196577523
2011-04-20,0.6277983476876339
2011-04-21,0.621999236552318
2011-04-22,0.6438319906296627
2011-04-25,0.6646231878823093
2011-04-26,0.6752912213744948
2011-04-27,0.6845083314077244
2011-04-28,0.7640911736949956
2011-04-29,0.7830502074068862
2011-05-03,0.7976693667246716
2011-05-04,0.8374028833792302
2011-05-05,0.8365138927200998
2011-05-06,0.8335592775126156
2011-05-09,0.8357874124231055
2011-05-10,0.8395405565885031
2011-05-11,0.8343636286198294
2011-05-12,0.838813212162884
2011-05-13,0.830729505637662
2011-05-16,0.8061708433662587
2011-05-17,0.7889931629477047
2011-05-18,0.854439096274264
2011-05-19,0.865191310569041
2011-05-20,0.8656158984745637
2011-05-23,0.9550681185556369
2011-05-24,0.9548664483887782
2011-05-25,0.972427990675418
2011-05-26,0.9856177574206642
2011-05-27,1.0339227752080253
2011-05-30,1.0378656617843431
2011-05-31,1.0799527068463488
2011-06-01,1.0823907395768557
2011-06-02,1.121328025054814
2011-06-03,1.1375493054673036
2011-06-07,1.148635167385186
2011-06-08,1.1475743266321548
2011-06-09,1.1350502993227747
2011-06-10,1.1255270731096316
2011-06-13,1.1259623825123537
2011-06-14,1.1411300271127545
2011-06-15,1.1446454929191254
2011-06-16,1.1783309614252861
2011-06-17,1.1854413832565436
2011-06-20,1.195947068395624
2011-06-21,1.1897218042187956
2011-06-22,1.1895386598245241
2011-06-23,1.1640176497982557
2011-06-24,1.1270465891424544
2011-06-27,1.1318412752626779
2011-06-28,1.1377941728210312
2011-06-29,1.1545678662874335
2011-06-30,1.128004879312906
2011-07-01,1.1279323362139284
2011-07-04,1.1094327676201876
2011-07-05,1.1094880280865933
2011-07-06,1.1063930157695918
2011-07-07,1.1112632439415138
2011-07-08,1.1079134690818657
2011-07-11,1.1105925772216536
2011-07-12,1.1361574795580287
2011-07-13,1.152843803206065
2011-07-14,1.1655916138895255
2011-07-15,1.17554381404514
2011-07-18,1.1734525854458213
2011-07-19,1.1634322070830476
2011-07-20,1.1656119112192302
2011-07-21,1.1416752994290256
2011-07-22,1.1320641125751867
2011-07-25,1.1387861205491314
2011-07-26,1.1380040880497497
2011-07-27,1.1422793179764728
2011-07-28,1.1270013040665467
2011-07-29,1.107530820408797
2011-08-01,1.113102786007836
2011-08-02,1.0881105606663726
2011-08-03,1.0888770643169117
2011-08-04,1.0852021905965903
2011-08-05,1.0302011436767198
2011-08-08,1.3415053975764555
2011-08-09,1.341895995103889
2011-08-10,1.3355564513820484
2011-08-11,1.2908551663545496
2011-08-12,1.306284996518718
2011-08-15,1.287861405013186
2011-08-16,1.2867461829774143
2011-08-17,1.2859265755393015
2011-08-18,1.3278425966127403
2011-08-19,1.33047111042734
2011-08-22,1.32675554005611
2011-08-23,1.3117955269531594
2011-08-24,1.310579049106357
2011-08-25,1.226352253090714
2011-08-26,1.2267136795697118
2011-08-29,1.2100438303865038
2011-08-30,1.1921011269191333
2011-08-31,1.199711825490897
2011-09-01,1.2053116963209118
2011-09-02,1.2280055661233396
2011-09-05,1.2113418190361969
2011-09-06,1.2027205675121746
2011-09-07,1.1629063642168378
2011-09-08,1.178699628181094
2011-09-09,1.1801990718620683
2011-09-13,1.2234270280851924
2011-09-14,1.2308528575004483
2011-09-15,1.2303309731670227
2011-09-16,1.228317926775273
2011-09-19,1.2388305685363623
2011-09-20,1.2378335065004986
2011-09-21,1.1944160839950861
2011-09-22,1.1449744504836916
2011-09-23,1.1515994717973395
2011-09-26,1.1410856152576552
2011-09-27,1.1444349243574097
2011-09-28,1.1555145927598625
2011-09-29,1.1866664152730995
2011-09-30,1.1852527787597993
2011-10-10,1.1895028699079542
2011-10-11,1.1875615446430339
2011-10-12,1.1729287480017823
2011-10-13,1.1760122604879835
2011-10-14,1.1800649455484316
2011-10-17,1.173751061283302
2011-10-18,1.0741043498948146
2011-10-19,1.0830748253262985
2011-10-20,1.1898961824127225
2011-10-21,1.1982807702087392
2011-10-24,1.162651835608144
2011-10-25,1.1684139943597645
2011-10-26,1.1554746283633774
2011-10-27,1.157423030863994
2011-10-28,1.1541998689343353
2011-10-31,1.1487607317633175
2011-11-01,1.151538720723657
2011-11-02,1.160759442302154
2011-11-03,1.161123630204652
2011-11-04,1.1676191307822694
2011-11-07,1.1644698432759324
2011-11-08,1.167115192398548
2011-11-09,1.2604022948762468
2011-11-10,1.097059614593851
2011-11-11,1.09723601905494
2011-11-14,1.0587487862931906
2011-11-15,1.0573897601771585
2011-11-16,1.1263645135997662
2011-11-17,1.133385474096851
2011-11-18,1.1179475443221116
2011-11-21,1.1208305239318543
2011-11-22,1.1207202823440623
2011-11-23,1.1385296903411593
2011-11-24,1.1319674013636924
2011-11-25,1.1289413317361567
2011-11-28,1.1354415773824564
2011-11-29,1.251974834894584
2011-11-30,1.1037445315590781
2011-12-01,1.0311395239273324
2011-12-02,1.1151122374350095
2011-12-05,1.2345396620830995
2011-12-06,1.2325097698418317
2011-12-07,1.227483516714951
2011-12-08,1.2289595968735565
2011-12-09,1.2130901645425514
2011-12-12,1.2042889602829525
2011-12-13,1.2743670568914245
2011-12-14,1.3058045996183398
2011-12-15,1.2983444040852075
2011-12-16,1.3190515366227167
2011-12-19,1.319403287389144
2011-12-20,1.3197326939364893
2011-12-21,1.3254741977515614
2011-12-22,1.3249405669987155
2011-12-23,1.3275206242216933
2011-12-26,1.3131259428507966
2011-12-27,1.3346050735431338
2011-12-28,1.3357851573588186
2011-12-29,1.3357849128377481
2011-12-30,1.3268174256905578
2012-01-04,1.331697450680599
2012-01-05,1.349590640199613
2012-01-06,1.3555099597808271
2012-01-09,1.3458687642983636
2012-01-10,1.347948275979797
2012-01-11,1.3464829538587288
2012-01-12,1.346619141086334
2012-01-13,1.3948270739374509
2012-01-16,1.3995813547288958
2012-01-17,1.3661129250603252
2012-01-18,1.3634464537928508
2012-01-19,1.3288015101147108
2012-01-20,1.329806983180698
2012-01-30,1.3194783134482608
2012-01-31,1.3207282183390092
2012-02-01,1.2920843022910218
2012-02-02,1.2710063946896157
2012-02-03,1.274703068491768
2012-02-06,1.274574249434266
2012-02-07,1.2772520055658956
2012-02-08,1.2700151095553742
2012-02-09,1.2704184933272888
2012-02-10,1.2721626579313816
2012-02-13,1.2712202793848881
2012-02-14,1.267968243002958
2012-02-15,1.2796629008789417
2012-02-16,1.2572616980305125
2012-02-17,1.2557777535698647
2012-02-20,1.2545971163618788
2012-02-21,1.245731095329366
2012-02-22,1.2419043256972528
2012-02-23,1.258536187071991
2012-02-24,1.2246749178612408
2012-02-27,1.223384393189077
2012-02-28,1.2198783186391615
2012-02-29,1.2072739093416773
2012-03-01,1.2073057930328739
2012-03-02,1.195384632515588
2012-03-05,1.1879692312589298
2012-03-06,1.1865084395944392
2012-03-07,1.190469882994111
2012-03-08,1.2008240819041471
2012-03-09,1.1976308985176662
2012-03-12,1.1877967819334374
2012-03-13,1.1710238056905522
2012-03-14,1.214317479114848
2012-03-15,1.2035242440180165
2012-03-16,1.2088819183271318
2012-03-19,1.212014283609831
2012-03-20,1.1894110354478444
2012-03-21,1.1875045833098785
2012-03-22,1.1882412569569498
2012-03-23,1.197361321838612
2012-03-26,1.196492005402108
2012-03-27,1.1963803390944023
2012-03-28,1.2011786393893038
2012-03-29,1.2130448386085266
2012-03-30,1.2106508685905495
2012-04-05,1.2169936813701525
2012-04-06,1.2154893218166547
2012-04-09,1.211220406504991
2012-04-10,1.1978694169760296
2012-04-11,1.1976002279543878
2012-04-12,1.143417173622757
2012-04-13,1.1685053558909315
2012-04-16,1.1676689719025775
2012-04-17,1.0928423444131234
2012-04-18,1.0388140701290896
2012-04-19,1.031276832212577
2012-04-20,1.0140326453603838
2012-04-23,1.0358266300754797
2012-04-24,1.034904698300357
2012-04-25,1.0291740833148189
2012-04-26,1.0296528834640066
2012-04-27,1.0378368730388965
2012-05-02,0.9845846993119436
2012-05-03,0.9862465147662349
2012-05-04,0.9760784507625222
2012-05-07,0.9767374896646199
2012-05-08,0.9804173578747836
2012-05-09,0.9268707470548245
2012-05-10,0.9261062692387443
2012-05-11,0.8926414163251946
2012-05-14,0.8556876876240551
2012-05-15,0.8520344161128103
2012-05-16,0.796728195462071
2012-05-17,0.753332778225295
2012-05-18,0.8245846964590933
2012-05-21,0.8204122987869272
2012-05-22,0.8422765569811472
2012-05-23,0.8332154518252469
2012-05-24,0.8581236971403053
2012-05-25,0.8843845807184436
2012-05-28,0.8621406604171306
2012-05-29,0.8705418258726492
2012-05-30,0.8658737109221322
2012-05-31,0.8679253354831075
2012-06-01,0.86773623492892
2012-06-04,0.8700848811410845
2012-06-05,0.8697436589291209
2012-06-06,0.870920874548804
2012-06-07,0.8690751847987379
2012-06-08,0.8660120485479857
2012-06-11,0.8670061895786986
2012-06-12,0.8529480015545318
2012-06-13,0.8731885439759374
2012-06-14,0.8823435804530013
2012-06-15,0.8943337678648382
2012-06-18,0.9029736800591041
2012-06-19,0.9099163378234155
2012-06-20,0.9192039646731911
2012-06-21,0.9419610092282479
2012-06-25,0.9143028794965778
2012-06-26,0.9150237145101491
2012-06-27,0.9073468206886997
2012-06-28,0.8990250630119938
2012-06-29,0.9243597045124212
2012-07-02,0.9292657439558127
2012-07-03,0.9273673241096774
2012-07-04,0.9305024318183817
2012-07-05,0.9655467255748061
2012-07-06,1.038247058662459
2012-07-09,1.024232910748665
2012-07-10,1.0313027367290653
2012-07-11,1.045637957562467
2012-07-12,1.0963807512289399
2012-07-13,1.1006247488806165
2012-07-16,1.1352670763947523
2012-07-17,1.1367548040251796
2012-07-18,1.136970396703496
2012-07-19,1.1244426012769533
2012-07-20,1.0905932768010236
2012-07-23,1.0134263828998034
2012-07-24,1.0094367869788101
2012-07-25,1.0397244139494655
2012-07-26,1.0623774147536835
2012-07-27,1.0582109460245812
2012-07-30,1.079964753415795
2012-07-31,1.0795212961728442
2012-08-01,1.1059013854905506
2012-08-02,1.0895897666979861
2012-08-03,1.0944687233730168
2012-08-06,1.0947703446593788
2012-08-07,1.0958150672634468
2012-08-08,1.0946401783927702
2012-08-09,1.1581850274325198
2012-08-10,1.1546616898033166
2012-08-13,1.10995134960628
2012-08-14,1.1183301644188754
2012-08-15,1.1125138663644039
2012-08-16,1.1039291374392397
2012-08-17,1.1009870630263188
2012-08-20,1.083165605708542
2012-08-21,1.0670559593583517
2012-08-22,1.0703380109795717
2012-08-23,1.0634406837398769
2012-08-24,1.0369881326307828
2012-08-27,1.11801950942458
2012-08-28,1.120066653574563
2012-08-29,1.1006087724412175
2012-08-30,1.1020569480655613
2012-08-31,1.089616408044051
2012-09-03,1.0951892928214755
2012-09-04,1.083845167386491
2012-09-05,1.0775789586213054
2012-09-06,1.045137031734109
2012-09-07,0.8623804294950843
2012-09-10,0.8560867796916881
2012-09-11,0.8472048660972598
2012-09-12,0.8551999448813188
2012-09-13,0.8806877487307261
2012-09-14,0.8826746258351211
2012-09-17,0.7377547662122653
2012-09-18,0.7097750211882917
2012-09-19,0.6910037235343397
2012-09-20,0.8738072447804603
2012-09-21,0.8733664192386711
2012-09-24,0.8652598682689436
2012-09-25,0.8640871097813962
2012-09-26,0.8917255110746234
2012-09-27,0.8800724642471601
2012-09-28,0.8655290707052596
2012-10-08,0.8581009338625825
2012-10-09,0.8633848633256517
2012-10-10,0.8648055964028611
2012-10-11,0.8821382735110062
2012-10-12,0.8825962443311107
2012-10-15,0.8831036704612989
2012-10-16,0.8861180748061107
2012-10-17,0.8855332531863704
2012-10-18,0.8742700169539667
2012-10-19,0.8753051919263338
2012-10-22,0.9036257409731668
2012-10-23,0.8987771875412455
2012-10-24,0.9003344804147357
2012-10-25,0.9169963245241504
2012-10-26,0.8364640146445925
2012-10-29,0.8514144509398194
2012-10-30,0.8533885161503778
2012-10-31,0.862642801836245
2012-11-01,0.8586662438214469
2012-11-02,0.8589305696325613
2012-11-05,0.8504578226161674
2012-11-06,0.8511710861169818
2012-11-07,0.8509325093255418
2012-11-08,0.8065205720388509
2012-11-09,0.8200961416238828
2012-11-12,0.7943452398357925
2012-11-13,0.7475538956865881
2012-11-14,0.72309688541728
2012-11-15,0.7289561035822439
2012-11-16,0.713373178071772
2012-11-19,0.7108192749512173
2012-11-20,0.7175882837878362
2012-11-21,0.7213403264258732
2012-11-22,0.7166574340039822
2012-11-23,0.7214441037803742
2012-11-26,0.716467034264858
2012-11-27,0.8571423470317587
2012-11-28,0.8976959318903712
2012-11-29,0.9186705183891825
2012-11-30,0.9258363834828238
2012-12-03,1.0190593674190462
2012-12-04,1.050563162899528
2012-12-05,1.0533242108627192
2012-12-06,1.0559166162234537
2012-12-07,1.0695859532526393
2012-12-10,1.0696423603021095
2012-12-11,1.079879747790584
2012-12-12,1.075844100482913
2012-12-13,1.0864889404093911
2012-12-14,0.9412332945419776
2012-12-17,0.9520977124101474
2012-12-18,0.952009645827845
2012-12-19,0.9510151395782533
2012-12-20,0.9408045158535928
2012-12-21,0.9206429092174462
2012-12-24,0.9228399640346421
2012-12-25,0.8483129572374629
2012-12-26,0.8495159386595804
2012-12-27,0.8589854184094413
2012-12-28,0.8433018880320706
2012-12-31,0.817577929883637
2013-01-04,0.817109118716575
2013-01-07,0.8254819401698953
2013-01-08,0.8121873678792276
2013-01-09,0.8122027306298718
2013-01-10,0.8135258242231667
2013-01-11,0.8366049091147593
2013-01-14,0.8179507316503642
2013-01-15,0.8277527934575619
2013-01-16,0.8182246907330103
2013-01-17,0.8125464714420589
2013-01-18,0.798630538158472
2013-01-21,0.80054788532142
2013-01-22,0.8107610162238711
2013-01-23,0.8165661715233673
2013-01-24,0.8216274699143099
2013-01-25,0.7970679480811774
2013-01-28,0.7299729444303537
2013-01-29,0.7247412995005584
2013-01-30,0.7181043137969276
2013-01-31,0.7168569606833961
2013-02-01,0.6808677922968932
2013-02-04,0.6777846083986118
2013-02-05,0.6781064808175217
2013-02-06,0.6793464593720482
2013-02-07,0.6786350399690584
2013-02-08,0.6842836998689381
2013-02-18,0.6358900136092194
2013-02-19,0.6482327211165988
2013-02-20,0.6720825626252882
2013-02-21,0.6537483267230717
2013-02-22,0.6524903363621044
2013-02-25,0.6536735447035624
2013-02-26,0.6378125340741125
2013-02-27,0.6019017734568549
2013-02-28,0.5987077700571294
2013-03-01,0.5943232902143476
2013-03-04,0.5911372825728811
2013-03-05,0.6298325596092766
2013-03-06,0.6385546323322764
2013-03-07,0.6439670141694342
2013-03-08,0.6471215980542799
2013-03-11,0.6264441681256666
2013-03-12,0.6706884463632574
2013-03-13,0.6734686634584359
2013-03-14,0.6713305293043373
2013-03-15,0.6715729290265512
2013-03-18,0.6802037281288975
2013-03-19,0.6646018662886356
2013-03-20,0.6544115551224838
2013-03-21,0.6560320108798885
2013-03-22,0.6564190258924314
2013-03-25,0.6558313020932728
2013-03-26,0.6646201915926899
2013-03-27,0.6639674108378998
2013-03-28,0.6763514324715305
2013-03-29,0.6754500074958473
2013-04-01,0.674626828940992
2013-04-02,0.6825474311828555
2013-04-03,0.6804302775991259
2013-04-08,0.6514141332126806
2013-04-09,0.6293700589631398
2013-04-10,0.6320510010869611
2013-04-11,0.6329166578287131
2013-04-12,0.6353061708035893
2013-04-15,0.6428653700320363
2013-04-16,0.6162748253645925
2013-04-17,0.6144299745524434
2013-04-18,0.6094067261620779
2013-04-19,0.5983678225166587
2013-04-22,0.5961179979701576
2013-04-23,0.6773724840214352
2013-04-24,0.6648352283345218
2013-04-25,0.6771918529474178
2013-04-26,0.6948547380741479
2013-05-02,0.695724573938116
2013-05-03,0.6967243659080626
2013-05-06,0.6992083783623534
2013-05-07,0.6988941875383126
2013-05-08,0.6987414694315398
2013-05-09,0.7061056562923083
2013-05-10,0.7226223209621642
2013-05-13,0.721222318478866
2013-05-14,0.7027879257032588
2013-05-15,0.7154350422062935
2013-05-16,0.8017844952091504
2013-05-17,0.7847259948669483
2013-05-20,0.7710519559771238
2013-05-21,0.7733399888367979
2013-05-22,0.7722278609056493
2013-05-23,0.7786784674453121
2013-05-24,0.7955352102717996
2013-05-27,0.7974458367541964
2013-05-28,0.7679810492754798
2013-05-29,0.7682186646107447
2013-05-30,0.7553160806173621
2013-05-31,0.6955295479050011
2013-06-03,0.6867732736200506
2013-06-04,0.7048241209408366
2013-06-05,0.6851283695503237
2013-06-06,0.7127184322887617
2013-06-07,0.8006508468921333
2013-06-13,0.7401737957743191
2013-06-14,0.7233833700668663
2013-06-17,0.7069609207731529
2013-06-18,0.7030146894594639
2013-06-19,0.7177723319839473
2013-06-20,0.7092948864421887
2013-06-21,0.7065355611447607
2013-06-24,0.6568874583626383
2013-06-25,0.6559938002826
2013-06-26,0.6606681733948242
2013-06-27,0.6710025863784557
2013-06-28,0.612914247024516
2013-07-01,0.6122581247430332
2013-07-02,0.6158178106695609
2013-07-03,0.5960903479894797
2013-07-04,0.6000985681204588
2013-07-05,0.594707197841415
2013-07-08,0.6621556489654521
2013-07-09,0.6621786010523317
2013-07-10,0.6631089260704388
2013-07-11,0.6936592815211752
2013-07-12,0.672108017104453
2013-07-15,0.718425916968481
2013-07-16,0.7170039613912237
2013-07-17,0.7283564034722952
2013-07-18,0.7176117491981489
2013-07-19,0.7474683946883837
2013-07-22,0.7517583426254666
2013-07-23,0.7515309311437337
2013-07-24,0.7488270725568161
2013-07-25,0.737617478868688
2013-07-26,0.7342433370386913
2013-07-29,0.6918219326758984
2013-07-30,0.6793185486934221
2013-07-31,0.677263948570998
2013-08-01,0.6859020369670479
2013-08-02,0.685325241763775
2013-08-05,0.7087048023531687
2013-08-06,0.7110565040251252
2013-08-07,0.6924168587235113
2013-08-08,0.6915127441261719
2013-08-09,0.6914465707080453
2013-08-12,0.5998565233395576
2013-08-13,0.6176168310256887
2013-08-14,0.6257271307600238
2013-08-15,0.5993171868051467
2013-08-16,0.6183800524230552
2013-08-19,0.6190016650559619
2013-08-20,0.6443397874740991
2013-08-21,0.6396026314986097
2013-08-22,0.6435523480280264
2013-08-23,0.6304932252840367
2013-08-26,0.6399705737607503
2013-08-27,0.6419409892739202
2013-08-28,0.6580682766559969
2013-08-29,0.655333571039789
2013-08-30,0.6688364104825156
2013-09-02,0.6694801555464387
2013-09-03,0.6828280247120861
2013-09-04,0.677915072150295
2013-09-05,0.6737975649364579
2013-09-06,0.6613442801950221
2013-09-09,0.6145553531443091
2013-09-10,0.6190229672781099
2013-09-11,0.6229196154818625
2013-09-12,0.6125316241015123
2013-09-13,0.6192541631286987
2013-09-16,0.6004950489257488
2013-09-17,0.5942321383524214
2013-09-18,0.5933785508887898
2013-09-23,0.5812306658208175
2013-09-24,0.5846786411093042
2013-09-25,0.5565768286882055
2013-09-26,0.5257603623760484
2013-09-27,0.5556679337472481
2013-09-30,0.5535166401092149
2013-10-08,0.5449790048925423
2013-10-09,0.5286116938675927
2013-10-10,0.5492480972223036
2013-10-11,0.5747060913096775
2013-10-14,0.5719964292897352
2013-10-15,0.5666822784599014
2013-10-16,0.59209709782117
2013-10-17,0.5930014550133431
2013-10-18,0.5918075555748511
2013-10-21,0.642744064251498
2013-10-22,0.6356204934164733
2013-10-23,0.6502639914846736
2013-10-24,0.6862492122752534
2013-10-25,0.6952794673727204
2013-10-28,0.6928921176320405
2013-10-29,0.6761624984679838
2013-10-30,0.6792015825256622
2013-10-31,0.702474063913323
2013-11-01,0.6994969734427997
2013-11-04,0.6960366331156973
2013-11-05,0.6965487779255894
2013-11-06,0.7279966814692441
2013-11-07,0.7496493758210485
2013-11-08,0.726107552001256
2013-11-11,0.7285359878638674
2013-11-12,0.7304414216869566
2013-11-13,0.7521711709067477
2013-11-14,0.7568659740814866
2013-11-15,0.7837644425906829
2013-11-18,0.7562056001942531
2013-11-19,0.757829061474663
2013-11-20,0.7502659778135301
2013-11-21,0.747893610954243
2013-11-22,0.7435336846411037
2013-11-25,0.7533557912055112
2013-11-26,0.7536228452210598
2013-11-27,0.7611539454136711
2013-11-28,0.7780580275880439
2013-11-29,0.7762851551569002
2013-12-02,0.8721315794999783
2013-12-03,0.8863121626298025
2013-12-04,0.8670699955581754
2013-12-05,0.867071928293514
2013-12-06,0.8743292753066803
2013-12-09,0.8731833717825522
2013-12-10,0.8796995378854525
2013-12-11,0.8723360873910881
2013-12-12,0.8645049987726
2013-12-13,0.8664310257505099
2013-12-16,0.9272412176098199
2013-12-17,0.9045419195514633
2013-12-18,0.9038801658547982
2013-12-19,0.9055719882910065
2013-12-20,0.8346545598351414
2013-12-23,0.8370174385840133
2013-12-24,0.8319199474208311
2013-12-25,0.8162668921645742
2013-12-26,0.9350879536166243
2013-12-27,0.9224843815409717
2013-12-30,0.9246892576804598
2013-12-31,0.9092906689747273
2014-01-02,0.905752699716024
2014-01-03,0.8984882235472038
2014-01-06,1.006363466359732
2014-01-07,1.0063125872880543
2014-01-08,1.0050463422601268
2014-01-09,1.0055197615559546
2014-01-10,1.0260098529335537
2014-01-13,1.0105990076894937
2014-01-14,1.0168146477795048
2014-01-15,1.0166146841233064
2014-01-16,1.0149233728304758
2014-01-17,0.8905532406681343
2014-01-20,0.885099120654334
2014-01-21,0.865568410731026
2014-01-22,0.8260938085051833
2014-01-23,0.8236322014968831
2014-01-24,0.8221098336715795
2014-01-27,0.8440780609517995
2014-01-28,0.8407167042841116
2014-01-29,0.83711331915144
2014-01-30,0.8077220416378912
2014-02-07,0.8107596721375928
2014-02-10,0.8955081813763517
2014-02-11,0.8800357906857377
2014-02-12,0.8952537883318511
2014-02-13,0.8976320547820698
2014-02-14,0.903804554670957
2014-02-17,0.8958860334937
2014-02-18,0.8576232789910274
2014-02-19,0.867274438904427
2014-02-20,0.8739349805953711
2014-02-21,0.8754598711554493
2014-02-24,0.7640944500113518
2014-02-25,0.8406561910119512
2014-02-26,0.8409776811977628
2014-02-27,0.8323868395374099
2014-02-28,0.8053980944561521
2014-03-03,0.8497029344844731
2014-03-04,0.8503733814397036
2014-03-05,0.8579925601597751
2014-03-06,0.8609459053655498
2014-03-07,0.8657991763551575
2014-03-10,0.992131104868563
2014-03-11,0.9896999547209955
2014-03-12,0.9872960851036989
2014-03-13,0.9724988613827393
2014-03-14,0.955942053571108
2014-03-17,0.9621339679263272
2014-03-18,0.9635077661780191
2014-03-19,0.9767905689906964
2014-03-20,0.9515954559586721
2014-03-21,0.8773208392909592
2014-03-24,0.8617201918355979
2014-03-25,0.860402918817101
2014-03-26,0.8559001488599974
2014-03-27,0.8714072379502438
2014-03-28,0.8701169903788885
2014-03-31,0.8720215096618281
2014-04-01,0.8855561642363112
2014-04-02,0.8819590748239584
2014-04-03,0.8543065948797693
2014-04-04,0.8908248197539155
2014-04-08,0.8346744988053615
2014-04-09,0.8340575842203627
2014-04-10,0.7498776549547717
2014-04-11,0.7489905053312206
2014-04-14,0.7428499936070071
2014-04-15,0.7393480932932065
2014-04-16,0.7403073539939399
2014-04-17,0.7433809200073893
2014-04-18,0.7435194456597852
2014-04-21,0.7443878875059242
2014-04-22,0.745000076861853
2014-04-23,0.7399003071658661
2014-04-24,0.7408960664148034
2014-04-25,0.7267047375515653
2014-04-28,0.6432247735890525
2014-04-29,0.6128152811818197
2014-04-30,0.6150386580032449
2014-05-05,0.6174301376564881
2014-05-06,0.615827123547751
2014-05-07,0.6608731297704311
2014-05-08,0.6646978801459448
2014-05-09,0.6658635983502327
2014-05-12,0.6902724668470682
2014-05-13,0.7004480034494038
2014-05-14,0.6989700754987134
2014-05-15,0.7154148023944933
2014-05-16,0.7096362390924956
2014-05-19,0.6258852978732277
2014-05-20,0.6236423132889829
2014-05-21,0.620946933342693
2014-05-22,0.622452115791672
2014-05-23,0.6309076715006424
2014-05-26,0.6381727299333214
2014-05-27,0.6372967559533556
2014-05-28,0.6567330271266626
2014-05-29,0.6559127658803658
2014-05-30,0.6561737834934405
2014-06-03,0.6616666106083575
2014-06-04,0.6967535467363407
2014-06-05,0.7324764612868395
2014-06-06,0.7246077148204355
2014-06-09,0.7244231360496309
2014-06-10,0.7480755155098271
2014-06-11,0.7477230736615293
2014-06-12,0.753921712785862
2014-06-13,0.7391377264292848
2014-06-16,0.7371821692232373
2014-06-17,0.7364517764364968
2014-06-18,0.7623080568286188
2014-06-19,0.7463882876970298
2014-06-20,0.783619155840653
2014-06-23,0.7835876297038082
2014-06-24,0.7778234431215637
2014-06-25,0.7733194113658186
2014-06-26,0.76261252701051
2014-06-27,0.7625569518048211
2014-06-30,0.7528773511316597
2014-07-01,0.7527754149287166
2014-07-02,0.7508344448152395
2014-07-03,0.7468162273131725
2014-07-04,0.747357710518684
2014-07-07,0.7471903117036672
2014-07-08,0.7461908695519424
2014-07-09,0.7038376193701408
2014-07-10,0.7035415764674369
2014-07-11,0.7021830499023344
2014-07-14,0.6769942935761264
2014-07-15,0.6766522339920447
2014-07-16,0.6760707318841828
2014-07-17,0.6685916646986004
2014-07-18,0.6652185965802335
2014-07-21,0.6461729417146101
2014-07-22,0.6477348785751601
2014-07-23,0.6318046357219508
2014-07-24,0.5934633819109112
2014-07-25,0.6207242573563291
2014-07-28,0.6311387329795691
2014-07-29,0.6427772185698151
2014-07-30,0.6051255761299809
2014-07-31,0.5860243442926977
2014-08-01,0.6141984757054433
2014-08-04,0.6344257066602331
2014-08-05,0.6325977136550811
2014-08-06,0.6218221024254288
2014-08-07,0.6083567939564044
2014-08-08,0.6208505333939198
2014-08-11,0.6003013867637902
2014-08-12,0.6042655552895314
2014-08-13,0.6154063614283155
2014-08-14,0.4113718460155271
2014-08-15,0.33558128179612434
2014-08-18,0.3243600197249167
2014-08-19,0.32395347856504575
2014-08-20,0.29692432382443573
2014-08-21,0.26306349725430095
2014-08-22,0.2427355566300139
2014-08-25,0.250623885607006
2014-08-26,0.23148012907738164
2014-08-27,0.22106112946451098
2014-08-28,0.25050557238813703
2014-08-29,0.24735701603939614
2014-09-01,0.2841716352166136
2014-09-02,0.30428859476489006
2014-09-03,0.3096074264383267
2014-09-04,0.3650942657279138
2014-09-05,0.4189391612375246
2014-09-09,0.41281923489491407
2014-09-10,0.41941947190421436
2014-09-11,0.4390069869246527
2014-09-12,0.47275001204733974
2014-09-15,0.47573103871447475
2014-09-16,0.6612007102244216
2014-09-17,0.6917570460618229
2014-09-18,0.6919648696183747
2014-09-19,0.6968410035298763
2014-09-22,0.5802849101455256
2014-09-23,0.6266315355018726
2014-09-24,0.6090082404560547
2014-09-25,0.6177359521662312
2014-09-26,0.6178833458024501
2014-09-29,0.6300077598860151
2014-09-30,0.6539409931021788
2014-10-08,0.8557894704929452
2014-10-09,0.8486122165042949
2014-10-10,0.7714144128521243
2014-10-13,0.7530014479524737
2014-10-14,0.7688787093781778
2014-10-15,0.7842443837245949
2014-10-16,0.889716204829581
2014-10-17,0.8891210241477884
2014-10-20,0.9676863835678375
2014-10-21,0.9509315666216994
2014-10-22,0.9974313641190932
2014-10-23,1.0742154768490015
2014-10-24,1.076942519870209
2014-10-27,1.04887223207314
2014-10-28,0.9794641534017043
2014-10-29,0.9606856455828211
2014-10-30,1.0011674563633852
2014-10-31,0.8257371314848241
2014-11-03,0.8124855224216657
2014-11-04,0.8114177096914661
2014-11-05,0.827039453953726
2014-11-06,0.8288913902017472
2014-11-07,0.8388866200742793
2014-11-10,0.4214091367850607
2014-11-11,0.44699620626395414
2014-11-12,0.5653205384900779
2014-11-13,0.5895587848819795
2014-11-14,0.5897310473217378
2014-11-17,0.5534372571069236
2014-11-18,0.5522667284842906
2014-11-19,0.5479425723525551
2014-11-20,0.5443705303301469
2014-11-21,0.48298389252569185
2014-11-24,0.32440511273994466
2014-11-25,0.3169838583096747
2014-11-26,0.30962809026970595
2014-11-27,0.34010311687058864
2014-11-28,0.275789715229051
2014-12-01,0.2579874312370046
2014-12-02,0.19165081294670053
2014-12-03,0.1501438631638294
2014-12-04,0.011920167510474039
2014-12-05,0.018313538075393734
2014-12-08,-0.11779510772399418
2014-12-09,0.010691115885571785
2014-12-10,0.07788575642593763
2014-12-11,0.01020997987054197
2014-12-12,0.009668918730150123
2014-12-15,0.02189142608006926
2014-12-16,0.02119111013725428
2014-12-17,0.019024219839673808
2014-12-18,0.019460716277139658
2014-12-19,0.018658513457721314
2014-12-22,0.018137328533334007
2014-12-23,0.019529374665422896
2014-12-24,0.020484655790843173
2014-12-25,0.015914581714876634
2014-12-26,0.012445251525908006
2014-12-29,0.012192435291433674
2014-12-30,0.012024452003796177
2014-12-31,0.009915486856936901
2015-01-05,0.0072239559115521755
2015-01-06,0.007142407436915277
2015-01-07,0.0071022208371198945
2015-01-08,0.007712445087888376
2015-01-09,0.008048781715766264
2015-01-12,0.008599347515472946
2015-01-13,0.008667638997545258
2015-01-14,0.008924051521905849
2015-01-15,0.006232771177275966
2015-01-16,0.004814939820667634
2015-01-19,0.0069833758234926595
2015-01-20,0.006340913898395047
2015-01-21,0.003648903826272746
2015-01-22,0.0032581221682032235
2015-01-23,0.0032747445487849147
2015-01-26,0.0028524381121517745
2015-01-27,0.0032716899760555102
2015-01-28,0.0038681923909998526
2015-01-29,0.004620741603309459
2015-01-30,0.005192744896312282
2015-02-02,0.0061085247938892275
2015-02-03,0.004857230728115799
2015-02-04,0.00527101091941162
2015-02-05,0.005718268919023596
2015-02-06,0.006191231871123063
2015-02-09,0.005696405110543606
2015-02-10,0.004792319134749233
2015-02-11,0.0044369590506218555
2015-02-12,0.0043582304747301365
2015-02-13,0.00395703651597703
2015-02-16,0.003573846204184183
2015-02-17,0.0034090907974880466
2015-02-25,0.0038913832706444487
2015-02-26,0.0026833462667759157
2015-02-27,0.0026270555269912246
2015-03-02,0.0022907140688256996
2015-03-03,0.003352040563466132
2015-03-04,0.002976298122321287
2015-03-05,0.003307759097333774
2015-03-06,0.003604541501849801
2015-03-09,0.002310725553206177
2015-03-10,0.002547699562047858
2015-03-11,0.0025486240045663115
2015-03-12,0.0016485235441519763
2015-03-13,0.0015118870140800697
2015-03-16,0.0003835043790315355
2015-03-17,-0.0003301048952893776
2015-03-18,-0.0012730370144855892
2015-03-19,-0.001285527280226965
2015-03-20,-0.002742997855867399
2015-03-23,-0.0035256558574654523
2015-03-24,-0.003531933314105155
2015-03-25,-0.0030929694834306992
2015-03-26,-0.0031604147074340513
2015-03-27,-0.003330410094954195
2015-03-30,-0.0044194034906146346
2015-03-31,-0.0041534337913061185
2015-04-01,-0.004919740076717025
2015-04-02,-0.0049100665069177814
2015-04-03,-0.005348130002166157
2015-04-07,-0.006004704992545997
2015-04-08,-0.006166548983030524
2015-04-09,-0.005994269594974447
2015-04-10,-0.006616857313498681
2015-04-13,-0.007266779404494869
2015-04-14,-0.007303536791671251
2015-04-15,-0.006578689421764557
2015-04-16,-0.007153885655115999
2015-04-17,0.12609255003256006
2015-04-20,-0.017177651830964525
2015-04-21,0.1386500028928755
2015-04-22,0.3172477906398365
2015-04-23,0.3057460794096764
2015-04-24,0.22768724807530638
2015-04-27,0.18276015525717343
2015-04-28,0.18720900277194216
2015-04-29,0.19214146630447332
2015-04-30,0.20512770489136747
2015-05-04,0.18795312158502078
2015-05-05,0.3032928348653583
2015-05-06,0.3540187935241669
2015-05-07,0.3436096851053135
2015-05-08,0.36618884813451247
2015-05-11,0.45925710826904864
2015-05-12,0.4982628768323593
2015-05-13,0.509432188226481
2015-05-14,0.5067235642912101
2015-05-15,0.5542102767042049
2015-05-18,0.5410550237692267
2015-05-19,0.7315993824144812
2015-05-20,0.7514935804002865
2015-05-21,0.751120095318716
2015-05-22,0.6950609972779443
2015-05-25,0.6794237043352621
2015-05-26,0.6701474626171027
2015-05-27,0.633069330493871
2015-05-28,0.7237717665037762
2015-05-29,0.7235899240013182
2015-06-01,0.746460001981313
2015-06-02,0.8072912416039891
2015-06-03,0.8081408412626765
2015-06-04,0.7924471488911932
2015-06-05,0.7878278063307057
2015-06-08,0.7469623260190665
2015-06-09,0.7479185843688007
2015-06-10,0.7483994512605963
2015-06-11,0.7475809997752993
2015-06-12,0.7562482567650947
2015-06-15,0.8128669563107596
2015-06-16,0.9283224423459538
2015-06-17,0.9282096537379746
2015-06-18,0.9044989816691995
2015-06-19,1.0343680056286666
2015-06-23,0.925004034031272
2015-06-24,0.9178360398699785
2015-06-25,0.8231343704162416
2015-06-26,0.9220002141516465
2015-06-29,1.0017927994583407
2015-06-30,0.8988761976897647
2015-07-01,0.9489303980100863
2015-07-02,1.0147641300805377
2015-07-03,1.0794678143644871
2015-07-06,0.9803406187404601
2015-07-07,1.0197799345376435
2015-07-08,1.0690142899172166
2015-07-09,1.1160535552562822
2015-07-10,1.1636460281742647
2015-07-13,1.2026065515058415
2015-07-14,1.1339034895463
2015-07-15,1.1698627664759536
2015-07-16,1.1788309114706328
2015-07-17,1.2133118662632503
2015-07-20,1.2170297484482058
2015-07-21,1.218160983172174
2015-07-22,1.2194896220797664
2015-07-23,1.2246034076726926
2015-07-24,1.2394636547776943
2015-07-27,1.2293242818673935
2015-07-28,1.2330412658439411
2015-07-29,1.2551669599892756
2015-07-30,1.2669669809354767
2015-07-31,1.2669429918421011
2015-08-03,1.2603158382862634
2015-08-04,1.302647404482406
2015-08-05,1.2575255552717894
2015-08-06,1.24571318151276
2015-08-07,1.2450789646157003
2015-08-10,1.2481554984465955
2015-08-11,1.2477517328674146
2015-08-12,1.2535524054298797
2015-08-13,1.2516468869357125
2015-08-14,1.2505068270592956
2015-08-17,1.2518467988126
2015-08-18,1.2859315273101126
2015-08-19,1.284637978867108
2015-08-20,1.3099347870137719
2015-08-21,1.2903143218487736
2015-08-24,1.2692395567141388
2015-08-25,1.2830442280749899
2015-08-26,1.2895763913073477
2015-08-27,1.2824322549386242
2015-08-28,1.3170461930873016
2015-08-31,1.3069699799184156
2015-09-01,1.308874370892407
2015-09-02,1.3065498996366904
2015-09-07,1.2522731774070337
2015-09-08,1.2848232773778243
2015-09-09,1.296422362326215
2015-09-10,1.3005284061360536
2015-09-11,1.2989042250850136
2015-09-14,1.3282133681154145
2015-09-15,1.3298421369631925
2015-09-16,1.363188348444053
2015-09-17,1.3421755386595693
2015-09-18,1.3426981603145625
2015-09-21,1.3457127032329894
2015-09-22,1.342651815204399
2015-09-23,1.342471471027475
2015-09-24,1.3448144103580628
2015-09-25,1.3083237188112933
2015-09-28,1.305495594979108
2015-09-29,1.3112895603792294
2015-09-30,1.3125330627508285
2015-10-08,1.3318824168692802
2015-10-09,1.3326334412980996
2015-10-12,1.3374622585501095
2015-10-13,1.3370247870467071
2015-10-14,1.33397287060761
2015-10-15,1.3230513004474012
2015-10-16,1.3076118787466908
2015-10-19,1.3075849369477188
2015-10-20,1.3098791500042777
2015-10-21,1.3553991971677495
2015-10-22,1.3691751344262129
2015-10-23,1.3815020504510094
2015-10-26,1.3814392383534155
2015-10-27,1.3819465714634243
2015-10-28,1.3850823625008126
2015-10-29,1.3866038206650675
2015-10-30,1.3866708812427437
2015-11-02,1.3638791550151759
2015-11-03,1.3591327157993676
2015-11-04,1.3366508791378369
2015-11-05,1.310019906775875
2015-11-06,1.2925078940517585
2015-11-09,1.285914899837947
2015-11-10,1.2878914723364367
2015-11-11,1.2876960583643102
2015-11-12,1.2629349946900448
2015-11-13,1.246938836253505
2015-11-16,1.255575260294272
2015-11-17,1.2559249922679614
2015-11-18,1.2484700038022563
2015-11-19,1.2362870096021459
2015-11-20,1.2366232878998802
2015-11-23,1.2353584093321486
2015-11-24,1.2353558475779745
2015-11-25,1.2323786151170941
2015-11-26,1.230917635106728
2015-11-27,1.1023385690564274
2015-11-30,1.0940952473992407
2015-12-01,1.0740189084952516
2015-12-02,1.0302800101191065
2015-12-03,1.040338872083973
2015-12-04,1.044844745855994
2015-12-07,1.0445656060868136
2015-12-08,1.062970662547744
2015-12-09,1.059013692070159
2015-12-10,1.0589035607712955
2015-12-11,1.0615727155559902
2015-12-14,1.1436932166598868
2015-12-15,1.1344282973123654
2015-12-16,1.133915453456248
2015-12-17,1.1224525183080742
2015-12-18,1.1185783510872247
2015-12-21,1.0901061388223903
2015-12-22,1.087997320397451
2015-12-23,1.0803396392483315
2015-12-24,1.0814314512467258
2015-12-25,1.0810499414189474
2015-12-28,1.096591444479817
2015-12-29,1.0879269211361247
2015-12-30,1.0897527606542996
2015-12-31,1.0834598941647526
2016-01-04,1.1552230797879772
2016-01-05,1.145587651428809
2016-01-06,1.1569350131002518
2016-01-07,1.208106033154032
2016-01-08,1.207274279589501
2016-01-11,1.2741530482283276
2016-01-12,1.2666851905020307
2016-01-13,1.253397420584567
2016-01-14,1.2818674170762898
2016-01-15,1.2936283143441145
2016-01-18,1.2948005338813515
2016-01-19,1.2997200914563678
2016-01-20,1.2998682463854374
2016-01-21,1.2933791366000746
2016-01-22,1.327051098144745
2016-01-25,1.3328246807582125
2016-01-26,1.3742750849333114
2016-01-27,1.3757192176977822
2016-01-28,1.3659301598697502
2016-01-29,1.377086849378581
2016-02-01,1.3412738914177604
2016-02-02,1.3312090658657725
2016-02-03,1.331864938696983
2016-02-04,1.3181749806591376
2016-02-05,1.3136652661471804
2016-02-15,1.3150915561063816
2016-02-16,1.3101955116547988
2016-02-17,1.3075100314938164
2016-02-18,1.3062881265340773
2016-02-19,1.306475763181338
2016-02-22,1.286170380715917
2016-02-23,1.2859778018952905
2016-02-24,1.2815919574403516
2016-02-25,1.330068694384104
2016-02-26,1.3170799021087594
2016-02-29,1.3620720379137032
2016-03-01,1.3521304163654901
2016-03-02,1.3509887125947504
2016-03-03,1.3504955495750404
2016-03-04,1.3266173343993737
2016-03-07,1.32945277981428
2016-03-08,1.3305378353117678
2016-03-09,1.3390364141385123
2016-03-10,1.327153475884851
2016-03-11,1.3238616361488231
2016-03-14,1.3307176104609273
2016-03-15,1.327523126312816
2016-03-16,1.326938291775145
2016-03-17,1.33360799569245
2016-03-18,1.3427027062006331
2016-03-21,1.3432716141965606
2016-03-22,1.3461427586212142
2016-03-23,1.3450278521940435
2016-03-24,1.320719750425636
2016-03-25,1.3209253820641378
2016-03-28,1.275847764206607
2016-03-29,1.300741824714464
2016-03-30,1.2800494829683524
2016-03-31,1.2796846852143833
2016-04-01,1.2799979868564193
2016-04-05,1.2834213020883716
2016-04-06,1.2831262382745166
2016-04-07,1.28699526030976
2016-04-08,1.2937274881351215
2016-04-11,1.290848745281758
2016-04-12,1.285278113185024
2016-04-13,1.2643147034958095
2016-04-14,1.2678273384358778
2016-04-15,1.2690726597149005
2016-04-18,1.2561633755119683
2016-04-19,1.253123219110931
2016-04-20,1.3180305525566502
2016-04-21,1.3174415366514918
2016-04-22,1.318375213073629
2016-04-25,1.3214188303338812
2016-04-26,1.3278439134746587
2016-04-27,1.3297194024742784
2016-04-28,1.3278494896840918
2016-04-29,1.3274793492698167
2016-05-03,1.3218206081189523
2016-05-04,1.321295044550117
2016-05-05,1.321863863793925
2016-05-06,1.3347591026195549
2016-05-09,1.3819654059770592
2016-05-10,1.3820716843908178
2016-05-11,1.377770345969415
2016-05-12,1.3743644909762343
2016-05-13,1.3748031624466346
2016-05-16,1.3737653024525323
2016-05-17,1.370645388210413
2016-05-18,1.3817677598753204
2016-05-19,1.3819044261476823
2016-05-20,1.4061598631195544
2016-05-23,1.4029467779832454
2016-05-24,1.4142818813408091
2016-05-25,1.414151368643882
2016-05-26,1.412434862641607
2016-05-27,1.4117288586817527
2016-05-30,1.4085269123030775
2016-05-31,1.4017476183938915
2016-06-01,1.397212160390215
2016-06-02,1.3968068579531183
2016-06-03,1.390036210897449
2016-06-06,1.3885769730524595
2016-06-07,1.3894696974399365
2016-06-08,1.3894723793316786
2016-06-13,1.3940176609957184
2016-06-14,1.3944579661740701
2016-06-15,1.4066267126846306
2016-06-16,1.3965445893382358
2016-06-17,1.3896514582601989
2016-06-20,1.3897106825375873
2016-06-21,1.3876538753342562
2016-06-22,1.433856851641561
2016-06-23,1.4384235081346832
2016-06-24,1.448805485527973
2016-06-27,1.4385108660331618
2016-06-28,1.4629079364827542
2016-06-29,1.456908909567954
2016-06-30,1.4555918371118561
2016-07-01,1.4550503139957107
2016-07-04,1.440428560295926
2016-07-05,1.4402052153250335
2016-07-06,1.4383425832952816
2016-07-07,1.4396295352627517
2016-07-08,1.42996423721331
2016-07-11,1.426898236167879
2016-07-12,1.3404238697416326
2016-07-13,1.346014387328581
2016-07-14,1.3444563870940072
2016-07-15,1.3469335382833567
2016-07-18,1.3482258435753327
2016-07-19,1.3368103222663053
2016-07-20,1.3360814137700154
2016-07-21,1.3457122503481158
2016-07-22,1.306432756213897
2016-07-25,1.31023806308955
2016-07-26,1.2707389556889928
2016-07-27,1.3590310495493174
2016-07-28,1.3571434027838152
2016-07-29,1.365398110859435
2016-08-01,1.3816271500937412
2016-08-02,1.3877060889750013
2016-08-03,1.3915380963939157
2016-08-04,1.3862866439646557
2016-08-05,1.3847092621134622
2016-08-08,1.3905171924971114
2016-08-09,1.3798410635778828
2016-08-10,1.3771274538037122
2016-08-11,1.3808508850996999
2016-08-12,1.3812270020095772
2016-08-15,1.2994791884874897
2016-08-16,1.3037267291671186
2016-08-17,1.3046429347710935
2016-08-18,1.3071742301667926
2016-08-19,1.3069386799272178
2016-08-22,1.3158525348511367
2016-08-23,1.3169510135024
2016-08-24,1.308332315810183
2016-08-25,1.3232833176221024
2016-08-26,1.3227152160421742
2016-08-29,1.3223254455533038
2016-08-30,1.3218545555637424
2016-08-31,1.3114491462699838
2016-09-01,1.283689948163197
2016-09-02,1.2893518190975943
2016-09-05,1.300689690117558
2016-09-06,1.3284230340658103
2016-09-07,1.3315141534205759
2016-09-08,1.3292183282870935
2016-09-09,1.350440877824027
2016-09-12,1.3316647920467706
2016-09-13,1.3291989819852978
2016-09-14,1.3408627085930205
2016-09-19,1.3589509110983389
2016-09-20,1.3504621585516843
2016-09-21,1.3379364406813672
2016-09-22,1.3429634405989146
2016-09-23,1.3336088517457823
2016-09-26,1.4266738866263262
2016-09-27,1.4003436306070003
2016-09-28,1.4110240810095014
2016-09-29,1.4011901835310987
2016-09-30,1.4153814764204544
2016-10-10,1.3889145525320992
2016-10-11,1.379916216664568
2016-10-12,1.380406572112509
2016-10-13,1.3827088244987122
2016-10-14,1.3808906039206148
2016-10-17,1.3307761062993175
2016-10-18,1.3593898051020563
2016-10-19,1.3659534216362186
2016-10-20,1.3648390492470883
2016-10-21,1.3581269778597602
2016-10-24,1.3218515140420906
2016-10-25,1.3220203322499537
2016-10-26,1.3268668751820505
2016-10-27,1.3225209163293725
2016-10-28,1.326195276267072
2016-10-31,1.326663902525349
2016-11-01,1.3206497068494911
2016-11-02,1.329041059680975
2016-11-03,1.2991866890456611
2016-11-04,1.3022808626307512
2016-11-07,1.30305815118592
2016-11-08,1.3004804386437239
2016-11-09,1.314282698918418
2016-11-10,1.2954705292995348
2016-11-11,1.3012825663971666
2016-11-14,1.298752971516058
2016-11-15,1.2985643692970377
2016-11-16,1.2992897682585451
2016-11-17,1.296238057218608
2016-11-18,1.285135225465054
2016-11-21,1.2920729479496957
2016-11-22,1.2560010650394324
2016-11-23,1.2579229561861147
2016-11-24,1.237514017849355
2016-11-25,1.1849849835438433
2016-11-28,1.1822065409652465
2016-11-29,1.12820616475023
2016-11-30,1.091614015268594
2016-12-01,1.1075080409427351
2016-12-02,1.1171361634500852
2016-12-05,1.0923413214876825
2016-12-06,1.0890770927946076
2016-12-07,1.087147000338415
2016-12-08,1.0950351796743427
2016-12-09,1.060608561704999
2016-12-12,1.2093934424102812
2016-12-13,1.2096821869519812
2016-12-14,1.2140293737199175
2016-12-15,1.114402485307652
2016-12-16,1.1216181442081232
2016-12-19,1.1313137649558151
2016-12-20,1.1274624877665944
2016-12-21,1.1313473702354797
2016-12-22,1.1275168833969125
2016-12-23,1.1413444242390565
2016-12-26,1.1305187867054232
2016-12-27,1.1299521180986056
2016-12-28,1.1364586812105875
2016-12-29,1.1308243533902478
2016-12-30,1.1187171336815305
2017-01-03,1.1282043144695186
2017-01-04,1.1194126534250886
2017-01-05,1.1194988614076007
2017-01-06,1.1007832261768724
2017-01-09,1.1057750904678683
2017-01-10,1.1092843590048893
2017-01-11,1.1046719439259693
2017-01-12,1.1189030470921104
2017-01-13,1.1158535277430441
2017-01-16,1.1211539521427731
2017-01-17,1.1346271854950252
2017-01-18,1.12936302780211
2017-01-19,1.0909554018898555
2017-01-20,1.0544879804893386
2017-01-23,1.0553415154192998
2017-01-24,1.0563321718255165
2017-01-25,1.0556210027544888
2017-01-26,1.060607812251295
2017-02-03,1.0301013013263771
2017-02-06,1.0273406354004706
2017-02-07,1.0294884392505361
2017-02-08,1.0362493052280548
2017-02-09,1.0390518508094806
2017-02-10,1.0052523249836793
2017-02-13,0.9932497121997522
2017-02-14,0.9909198200987392
2017-02-15,1.0131914894020657
2017-02-16,0.9922382918561805
2017-02-17,1.0252489750853298
2017-02-20,0.9832104127831199
2017-02-21,0.9940004556354244
2017-02-22,0.9949827982486822
2017-02-23,0.959559856959011
2017-02-24,0.9541492233757416
2017-02-27,1.00981232157857
2017-02-28,0.9903478861043472
2017-03-01,0.9835781521402329
2017-03-02,0.9951016209106145
2017-03-03,0.9900239181334861
2017-03-06,1.1254986848403379
2017-03-07,1.1057773276393874
2017-03-08,1.1071798002175395
2017-03-09,1.0105635356816143
2017-03-10,1.0071859108535592
2017-03-13,0.8922824907434727
2017-03-14,0.8916663123570303
2017-03-15,0.9123506525967922
2017-03-16,0.9093983897440949
2017-03-17,0.959749504355653
2017-03-20,0.9644802171777171
2017-03-21,0.904990411724687
2017-03-22,0.9317624539868257
2017-03-23,0.9367024672711024
2017-03-24,0.8980994346297151
2017-03-27,0.8929620790841394
2017-03-28,0.8815250605616674
2017-03-29,0.8792048182349969
2017-03-30,0.9459834534955761
2017-03-31,0.9736210889204786
2017-04-05,1.0329181123907558
2017-04-06,1.015594519874814
2017-04-07,1.0201253159307757
2017-04-10,1.0536808285476849
2017-04-11,1.0761958322941627
2017-04-12,1.09740899532966
2017-04-13,1.1045204907374417
2017-04-14,1.1012059548266366
2017-04-17,1.1418863041821343
2017-04-18,1.1982466424999496
2017-04-19,1.2335665520884347
2017-04-20,1.2424566714332232
2017-04-21,1.241534931462758
2017-04-24,1.3325326997427613
2017-04-25,1.3445794512977127
2017-04-26,1.346589832249631
2017-04-27,1.34621399408853
2017-04-28,1.3437621664115897
2017-05-02,1.3210712869176162
2017-05-03,1.339785212069969
2017-05-04,1.312297533110133
2017-05-05,1.2897023520647573
2017-05-08,1.318897219997725
2017-05-09,1.324536955100936
2017-05-10,1.3817594384440948
2017-05-11,1.2446189684831763
2017-05-12,1.1799155852985639
2017-05-15,1.1448536402148775
2017-05-16,1.1967413428601703
2017-05-17,1.1077432103081195
2017-05-18,1.106925967992095
2017-05-19,1.1947960522921448
2017-05-22,1.1569438880853615
2017-05-23,0.8996407961458588
2017-05-24,0.8982156903128619
2017-05-25,0.8722041216566534
2017-05-26,0.8399155448128627
2017-05-31,0.8256189745480774
2017-06-01,0.8240694362802184
2017-06-02,0.8527653063664631
2017-06-05,0.8867097179769493
2017-06-06,0.9014149768705793
2017-06-07,0.9706161109368686
2017-06-08,0.8909245427305513
2017-06-09,0.882941164435094
2017-06-12,0.8966841019740923
2017-06-13,0.9131702977107157
2017-06-14,0.8999585564522403
2017-06-15,0.888634253894568
2017-06-16,0.8900562232096166
2017-06-19,0.853041998850959
2017-06-20,0.8474684821638372
2017-06-21,0.6799408925978043
2017-06-22,0.6742249061372105
2017-06-23,0.6282440920658546
2017-06-26,0.655147265812597
2017-06-27,0.6503124253058655
2017-06-28,0.6911353004594567
2017-06-29,0.6864591206833555
2017-06-30,0.6916465796674909
2017-07-03,0.6665296876972452
2017-07-04,0.6084775705006219
2017-07-05,0.5632114923478729
2017-07-06,0.5521685831036718
2017-07-07,0.560824460445419
2017-07-10,0.5694839206440162
2017-07-11,0.5232421072337836
2017-07-12,0.49974526727335233
2017-07-13,0.4545763781688017
2017-07-14,0.4594870365759203
2017-07-17,0.7491581940221967
2017-07-18,0.7544492403980019
2017-07-19,0.7636950519440698
2017-07-20,0.7865118732446774
2017-07-21,0.8361666002249052
2017-07-24,0.841811909146814
2017-07-25,0.8212994624082899
2017-07-26,0.7239908910421321
2017-07-27,0.721883775545133
2017-07-28,0.7582512620302384
2017-07-31,0.8628403545079646
2017-08-01,0.7093443191736435
2017-08-02,0.7089212667772387
2017-08-03,0.5844975004290753
2017-08-04,0.6379677314347175
2017-08-07,0.6801290593658724
2017-08-08,0.6787085141056403
2017-08-09,0.6833325261249462
2017-08-10,0.7105961760238066
2017-08-11,0.49287619048257314
2017-08-14,0.44533534130431096
2017-08-15,0.4321874003282167
2017-08-16,0.4137891232351433
2017-08-17,0.4210584836585339
2017-08-18,0.41669157491916153
2017-08-21,0.40942540027357605
2017-08-22,0.40062987321958643
2017-08-23,0.402447019176074
2017-08-24,0.3621690033845527
2017-08-25,0.3947431892282377
2017-08-28,0.40459679447402686
2017-08-29,0.4170396997995231
2017-08-30,0.41700251760351714
2017-08-31,0.42321942904985355
2017-09-01,0.425663618823546
2017-09-04,0.44059490934647627
2017-09-05,0.44560932172028606
2017-09-06,0.4507893184061147
2017-09-07,0.4724128820023347
2017-09-08,0.4696123827951476
2017-09-11,0.46811187574089685
2017-09-12,0.5243296281427541
2017-09-13,0.527941450621
2017-09-14,0.5315611072235618
2017-09-15,0.5314847484703052
2017-09-18,0.5503017200637449
2017-09-19,0.5379130735863514
2017-09-20,0.5726987746528359
2017-09-21,0.599388807374382
2017-09-22,0.5988903209737042
2017-09-25,0.6563531505970358
2017-09-26,0.6517565637902873
2017-09-27,0.6488146469843521
2017-09-28,0.6483439587611426
2017-09-29,0.6662383792915713
2017-10-09,0.6680900101570793
2017-10-10,0.6700802639077567
2017-10-11,0.7328250114758593
2017-10-12,0.6889067396435732
2017-10-13,0.696655987094521
2017-10-16,0.733699652026932
2017-10-17,0.7376107767564734
2017-10-18,0.706576184348645
2017-10-19,0.726457819430508
2017-10-20,0.6939554892481498
2017-10-23,0.6989719405180731
2017-10-24,0.664530751695339
2017-10-25,0.6505889085865116
2017-10-26,0.6296502248087065
2017-10-27,0.5744296331263445
2017-10-30,0.5953284050584677
2017-10-31,0.590232451342355
2017-11-01,0.5180909721323876
2017-11-02,0.5207621969926515
2017-11-03,0.5161045782038935
2017-11-06,0.6254622664751441
2017-11-07,0.5441063323651664
2017-11-08,0.5680289822994612
2017-11-09,0.6543620080244572
2017-11-10,1.0203538893928843
2017-11-13,1.1548830658269813
2017-11-14,1.126516899303744
2017-11-15,1.2415689077677567
2017-11-16,1.1665339526828518
2017-11-17,1.0738619145265607
2017-11-20,1.3032293374816286
2017-11-21,0.8830970790192253
2017-11-22,0.851493391754458
2017-11-23,0.6505674489236655
2017-11-24,0.6506373597041883
2017-11-27,0.8570082504328437
2017-11-28,0.8618398707284449
2017-11-29,0.8722510845338526
2017-11-30,0.8609061335864358
2017-12-01,0.8547080274926169
2017-12-04,0.7948057463814961
2017-12-05,0.7253467959754182
2017-12-06,0.7493272641227116
2017-12-07,0.7571703945801821
2017-12-08,0.7716803359210593
2017-12-11,0.8418828854014945
2017-12-12,0.84397273204431
2017-12-13,0.7845870874225139
2017-12-14,0.8200092343791364
2017-12-15,0.759960620520536
2017-12-18,0.7587539117456307
2017-12-19,0.7495188733662851
2017-12-20,0.7573861413099213
2017-12-21,0.6912327161478735
2017-12-22,0.5831713959143123
2017-12-25,0.5676207620983571
2017-12-26,0.5470179277991515
2017-12-27,0.6106490043351004
2017-12-28,0.577235319412567
2017-12-29,0.5758131429250248
2018-01-02,0.6117215813248841
2018-01-03,0.6150648151860713
2018-01-04,0.6116497071416479
2018-01-05,0.5923706353663689
2018-01-08,0.5815598694850974
2018-01-09,0.5808505549658873
2018-01-10,0.554540039838153
2018-01-11,0.551017918402053
2018-01-12,0.5332719515574409
2018-01-15,0.5370592353789554
2018-01-16,0.5207961338880615
2018-01-17,0.4851501760733291
2018-01-18,0.458817781597341
2018-01-19,0.46159567381544025
2018-01-22,0.5031318035095856
2018-01-23,0.4692703723348143
2018-01-24,0.4652254016687938
2018-01-25,0.4838621385138292
2018-01-26,0.48222121270778756
2018-01-29,0.5058898056303276
2018-01-30,0.47586167261514484
2018-01-31,0.43395602392539706
2018-02-01,0.5560325362405855
2018-02-02,0.5225641722668695
2018-02-05,0.5245619078055269
2018-02-06,0.7699185316507398
2018-02-07,0.6428138825927813
2018-02-08,0.6065053939534713
2018-02-09,0.8750433050964873
2018-02-12,0.9090635566470305
2018-02-13,0.918561325223335
2018-02-14,0.9123008173332455
2018-02-22,0.9178812441779189
2018-02-23,0.9183256908821784
2018-02-26,0.918442997068755
2018-02-27,0.908791531231481
2018-02-28,0.8990486699871378
2018-03-01,0.9168574428575115
2018-03-02,0.9112039387065387
2018-03-05,0.9113794389135299
2018-03-06,0.885565669001883
2018-03-07,0.8762339595486622
2018-03-08,0.8754068555990961
2018-03-09,0.8723734257609691
2018-03-12,0.8789228997295363
2018-03-13,0.8716117133867354
2018-03-14,0.8813293531447417
2018-03-15,0.8746159371161164
2018-03-16,0.8761954150279392
2018-03-19,0.8669423433841936
2018-03-20,0.866100185165826
2018-03-21,0.8695473394964042
2018-03-22,0.858729999322332
2018-03-23,1.0227542392194273
2018-03-26,0.9966912835804196
2018-03-27,1.0109714085024653
2018-03-28,1.0047599276619834
2018-03-29,0.9997756662645327
2018-03-30,1.0009788153121975
2018-04-02,0.9934019349032629
2018-04-03,0.9736052998811799
2018-04-04,0.9720124123741667
2018-04-09,0.9689795650891383
2018-04-10,1.1704176462825995
2018-04-11,1.1860562755603623
2018-04-12,1.190624569047285
2018-04-13,1.213448422231115
2018-04-16,1.1556792032930707
2018-04-17,1.2255446802547303
2018-04-18,1.2411665257185902
2018-04-19,1.2542291599796211
2018-04-20,1.2812138860861837
2018-04-23,1.2806720668652607
2018-04-24,1.2484176300088594
2018-04-25,1.259236319989022
2018-04-26,1.2496566910966869
2018-04-27,1.2497649940150464
2018-05-02,1.2483311930922687
2018-05-03,1.2178085439100095
2018-05-04,1.195100469464579
2018-05-07,1.174875362419323
2018-05-08,1.1507573405711118
2018-05-09,1.1525979878587975
2018-05-10,1.1541489538685472
2018-05-11,1.16140160859232
2018-05-14,1.1249424822199103
2018-05-15,1.1362111009267304
2018-05-16,1.10365146189717
2018-05-17,1.0803804892281619
2018-05-18,1.0587244730425005
2018-05-21,1.054231276796552
2018-05-22,1.0539035819999911
2018-05-23,0.9757781571475052
2018-05-24,0.9958016604346792
2018-05-25,0.9997868601073421
2018-05-28,0.9647924043784478
2018-05-29,0.93300162653005
2018-05-30,0.9574864482004385
2018-05-31,0.8850324417485792
2018-06-01,0.8763424506882541
2018-06-04,0.6795490651556162
2018-06-05,0.6806419523372147
2018-06-06,0.6885369728618665
2018-06-07,0.6872001669033475
2018-06-08,0.7219067484199653
2018-06-11,0.7218276541679528
2018-06-12,0.6793296701908742
2018-06-13,0.6415196603493803
2018-06-14,0.6351411553161488
2018-06-15,0.6407149468137971
2018-06-19,0.6859831276099037
2018-06-20,0.6844790219030887
2018-06-21,0.6197411855680918
2018-06-22,0.6081323151342718
2018-06-25,0.5718738460034269
2018-06-26,0.5512335856239433
2018-06-27,0.5519957093727496
2018-06-28,0.7057104547118105
2018-06-29,0.5629802020005172
2018-07-02,0.7336771366413787
2018-07-03,0.7321321790405116
2018-07-04,0.5298708400711475
2018-07-05,0.5262367987930332
2018-07-06,0.5089827355270509
2018-07-09,0.4685599646043203
2018-07-10,0.46125907594648585
2018-07-11,0.528499784161894
2018-07-12,0.5476198055702054
2018-07-13,0.5512678773519868
2018-07-16,0.5439512852587542
2018-07-17,0.53283913077967
2018-07-18,0.5415515119992865
2018-07-19,0.540652362289107
2018-07-20,0.5525187038658351
2018-07-23,0.5429622255613098
2018-07-24,0.5799495557520403
2018-07-25,0.5748733498230402
2018-07-26,0.5755554956295166
2018-07-27,0.5737667308173341
2018-07-30,0.5738396349020459
2018-07-31,0.5726127831203293
2018-08-01,0.6205036938413413
2018-08-02,0.6422768073915719
2018-08-03,0.5816164539184375
2018-08-06,0.608889590281493
2018-08-07,0.6482631542457578
2018-08-08,0.6373420689882147
2018-08-09,0.6801387447286654
2018-08-10,0.6736153042201424
2018-08-13,0.6784326704852496
2018-08-14,0.6809256347021554
2018-08-15,0.7414661445570319
2018-08-16,0.7493569153882336
2018-08-17,0.7595652155837482
2018-08-20,0.7695687539216615
2018-08-21,0.7727209208065364
2018-08-22,0.7807281031959129
2018-08-23,0.7811378786126615
2018-08-24,0.7817295827785311
2018-08-27,0.8053207231134255
2018-08-28,0.8087575109578092
2018-08-29,0.8096413685079425
2018-08-30,0.8016685806136887
2018-08-31,0.8041207342524372
2018-09-03,0.7903451718737041
2018-09-04,0.7646361447419419
2018-09-05,0.7833585991873718
2018-09-06,0.7792561284228825
2018-09-07,0.7793326654657079
2018-09-10,0.8012275376603989
2018-09-11,0.8008222157910995
2018-09-12,0.798072462441394
2018-09-13,0.7952049758012414
2018-09-14,0.7922314232920679
2018-09-17,0.7867017568867053
2018-09-18,0.8047644461534185
2018-09-19,0.7867383183324383
2018-09-20,0.7869526310508549
2018-09-21,0.7339455740564356
2018-09-25,0.7358047026835705
2018-09-26,0.7296556904856362
2018-09-27,0.7293415900914874
2018-09-28,0.7366522333015728
2018-10-08,0.7402932027956146
2018-10-09,0.7401173208810586
2018-10-10,0.7390349167416127
2018-10-11,0.9316648493900483
2018-10-12,0.8709971186099408
2018-10-15,0.8677739758942019
2018-10-16,0.8819727950760585
2018-10-17,0.8942507084878412
2018-10-18,0.9224734408237113
2018-10-19,0.9204060191733764
2018-10-22,0.9694981632287831
2018-10-23,0.9640003530441499
2018-10-24,0.9644415303461643
2018-10-25,0.9630097226507616
2018-10-26,0.94965196495921
2018-10-29,0.8986420414428816
2018-10-30,0.8967642114602399
2018-10-31,0.8949930014387235
2018-11-01,0.8914091042789482
2018-11-02,0.8986340689036553
2018-11-05,0.851237679922088
2018-11-06,0.8475590576266933
2018-11-07,0.8592544721271074
2018-11-08,0.8587129346800246
2018-11-09,0.8554042117950269
2018-11-12,0.8947327197391038
2018-11-13,0.9123232458228415
2018-11-14,0.9165873674868135
2018-11-15,0.9149952771870983
2018-11-16,0.9119947272417384
2018-11-19,0.8964581074877436
2018-11-20,0.9130398349912687
2018-11-21,0.9132098203490174
2018-11-22,0.9118303728443476
2018-11-23,0.9640151179584888
2018-11-26,0.9641906872917523
2018-11-27,0.9632526517047209
2018-11-28,0.9868639418203626
2018-11-29,1.0073350683372275
2018-11-30,1.0057075149594983
2018-12-03,1.0081157623955586
2018-12-04,1.0114528525884037
2018-12-05,1.0019963991419036
2018-12-06,0.9777654932156711
2018-12-07,0.9780207987601787
2018-12-10,1.0057069635578288
2018-12-11,1.0049875570277818
2018-12-12,1.0027915584239029
2018-12-13,0.9936356655158366
2018-12-14,1.0195785857419755
2018-12-17,1.019868852434554
2018-12-18,1.0216666787705055
2018-12-19,1.0221107134624443
2018-12-20,1.0138157894647788
2018-12-21,1.0178124878092698
2018-12-24,1.0191016814299663
2018-12-25,1.032033471081265
2018-12-26,1.0326552382183498
2018-12-27,1.0361358038840365
2018-12-28,1.0389253523114268
2019-01-02,1.0227195075488602
2019-01-03,1.0216517700503014
2019-01-04,1.0198554904634456
2019-01-07,1.0271180061001373
2019-01-08,1.0219344019911958
2019-01-09,1.0061208333516836
2019-01-10,1.002204192471617
2019-01-11,1.0124407538956308
2019-01-14,1.0313827274297422
2019-01-15,1.006377319034332
2019-01-16,1.0057395675152245
2019-01-17,1.0000741649412992
2019-01-18,0.9809962117068817
2019-01-21,0.9709813618790957
2019-01-22,0.9852284658572918
2019-01-23,0.985660903418348
2019-01-24,1.0102813311722267
2019-01-25,0.9984110849107887
2019-01-28,0.9985145000544835
2019-01-29,0.9972008006976532
2019-01-30,0.9450797045027656
2019-01-31,0.9308403327906537
2019-02-01,1.099132792569495
2019-02-11,1.1362710782866488
2019-02-12,1.1204144832075162
2019-02-13,1.0473727035088671
2019-02-14,1.0494749859542896
2019-02-15,1.0283300331897385
2019-02-18,1.024236403766629
2019-02-19,1.029414110643468
2019-02-20,1.0212249710680938
2019-02-21,1.0297313345205317
2019-02-22,1.0049246168612804
2019-02-25,1.0629549601149266
2019-02-26,1.0656041175579334
2019-02-27,1.0670316821366421
2019-02-28,1.0650754621115257
2019-03-01,1.0105941811283563
2019-03-04,1.003829330088769
2019-03-05,1.0147240552040748
2019-03-06,1.0250666218353486
2019-03-07,0.9870182679353848
2019-03-08,0.8166663559320126
2019-03-11,0.8774291549602801
2019-03-12,0.8666974128639988
2019-03-13,0.9009995614659726
2019-03-14,0.9110732754769008
2019-03-15,0.9405585424797284
2019-03-18,0.9159645405907614
2019-03-19,0.916322409085041
2019-03-20,0.9161734780582421
2019-03-21,0.9162912519444221
2019-03-22,0.9165248230290629
2019-03-25,0.9157458732426145
2019-03-26,0.9327230383527352
2019-03-27,0.9289513388742793
2019-03-28,0.9305009353855762
2019-03-29,0.8708518185526952
2019-04-01,0.8979480704688718
2019-04-02,0.8983723605806173
2019-04-03,0.8913123025444176
2019-04-04,0.8897410136637216
2019-04-08,0.8918475870779766
2019-04-09,0.8929381542574759
2019-04-10,0.8952263537932728
2019-04-11,0.9115691172480145
2019-04-12,0.9110767684859284
2019-04-15,0.9201477048065985
2019-04-16,0.8828884910081213
2019-04-17,0.8827668054936205
2019-04-18,0.8833866476104129
2019-04-19,0.8776390416702198
2019-04-22,0.8750194639864434
2019-04-23,0.8813020987829697
2019-04-24,0.8894082429914327
2019-04-25,0.9580550100908064
2019-04-26,0.9837305617885014
2019-04-29,0.9748234020971264
2019-04-30,0.9763018213719081
2019-05-06,1.1260386949293315
2019-05-07,1.1313175323740754
2019-05-08,1.1036253188223073
2019-05-09,1.0788361962251756
2019-05-10,1.0330766943080198
2019-05-13,1.0260877517270066
2019-05-14,1.0296136631827613
2019-05-15,1.0444754974553845
2019-05-16,1.0423233724247494
2019-05-17,1.0707791883504667
2019-05-20,1.061301491943881
2019-05-21,1.0564929116473618
2019-05-22,1.0545503066409312
2019-05-23,1.0562519278644449
2019-05-24,1.0569272773549971
2019-05-27,1.0645498034809144
2019-05-28,1.051112728408799
2019-05-29,1.0517933733772575
2019-05-30,1.054351507126908
2019-05-31,1.0461698607749486
2019-06-03,1.0452841196883869
2019-06-04,1.0491619199716424
2019-06-05,1.049428578600047
2019-06-06,1.0657518314333199
2019-06-10,1.068503772156495
2019-06-11,1.0591886211328683
2019-06-12,1.057642789324038
2019-06-13,1.0531854959808862
2019-06-14,1.0574945794943298
2019-06-17,1.057479512855561
2019-06-18,1.054323294102512
2019-06-19,1.0530151957850307
2019-06-20,0.994918840522878
2019-06-21,0.9959909896215651
2019-06-24,0.9961761218275172
2019-06-25,0.997398806993475
2019-06-26,0.9939514338600338
2019-06-27,0.9810778138554054
2019-06-28,0.9851822226053372
2019-07-01,0.9599951451553989
2019-07-02,0.9601144117326393
2019-07-03,0.9610731543837703
2019-07-04,0.958374391834562
2019-07-05,0.9547869974477134
2019-07-08,0.992645569753343
2019-07-09,0.9936716641294026
2019-07-10,0.9958911200573044
2019-07-11,0.9960515667796286
2019-07-12,0.9968956350439508
2019-07-15,0.9977581237632097
2019-07-16,0.9951086755338087
2019-07-17,0.9956009128746757
2019-07-18,1.005691516680222
2019-07-19,1.0204129986339976
2019-07-22,1.0327362033776817
2019-07-23,1.0345309228999058
2019-07-24,1.0391329690077376
2019-07-25,1.0284937723481626
2019-07-26,1.028202670531017
2019-07-29,1.0274206446034018
2019-07-30,1.0256880602174954
2019-07-31,1.0138103823398719
2019-08-01,1.0110065126631242
2019-08-02,1.0060742738177224
2019-08-05,0.9896514776672902
2019-08-06,1.015241536540818
2019-08-07,1.0109096907863853
2019-08-08,1.012005868718571
2019-08-09,1.011636524982568
2019-08-12,1.0093770980041714
2019-08-13,1.0019516644748483
2019-08-14,0.9994955324951085
2019-08-15,0.9984742818205758
2019-08-16,1.0004229899769839
2019-08-19,1.005535553650289
2019-08-20,1.0042668080944357
2019-08-21,0.997449073525821
2019-08-22,0.9923827823086763
2019-08-23,0.9918361891701981
2019-08-26,1.0006564171231853
2019-08-27,1.0360391948798378
2019-08-28,1.0370778567822192
2019-08-29,1.0416109372358566
2019-08-30,1.0366065051535782
2019-09-02,1.0422867157655373
2019-09-03,1.0426171906026098
2019-09-04,1.055656084021979
2019-09-05,1.0444164483416751
2019-09-06,1.047375098969081
2019-09-09,1.0557920417554878
2019-09-10,1.055159838771789
2019-09-11,1.0447810737801417
2019-09-12,1.0308628480521054
2019-09-16,1.0259448163908764
2019-09-17,1.0701396041675717
2019-09-18,1.0735796824330186
2019-09-19,1.0767872547220565
2019-09-20,1.0756034677698303
2019-09-23,1.0810204625580835
2019-09-24,1.0798340002713056
2019-09-25,1.0987393652211164
2019-09-26,1.1089819390339566
2019-09-27,1.1074399980713667
2019-09-30,1.0736760852224267
2019-10-08,1.0596828181663274
2019-10-09,1.0585551970520413
2019-10-10,1.0656753395990186
2019-10-11,1.047424211175821
2019-10-14,1.0710724843138608
2019-10-15,1.066554563796081
2019-10-16,1.0707008072614337
2019-10-17,1.0702333309361955
2019-10-18,1.0707413238607009
2019-10-21,1.0661180241145494
2019-10-22,1.0681985467050978
2019-10-23,1.0671688628328933
2019-10-24,1.0662985931960383
2019-10-25,1.0613890874007228
2019-10-28,1.07545910128547
2019-10-29,1.0834416841824213
2019-10-30,0.9565734387700194
2019-10-31,0.9677576029760107
2019-11-01,1.0210398241797798
2019-11-04,1.0833311609222185
2019-11-05,1.0504709052226209
2019-11-06,1.061631483813473
2019-11-07,1.06397031681663
2019-11-08,1.0905243768093622
2019-11-11,1.03452070176979
2019-11-12,1.034419103354185
2019-11-13,1.0419634854930604
2019-11-14,1.0463205917977698
2019-11-15,1.0658965167166796
2019-11-18,1.055988762955121
2019-11-19,1.0673624959491042
2019-11-20,0.9934965524450564
2019-11-21,0.9950902903321427
2019-11-22,1.0229475005668656
2019-11-25,1.0750737483723798
2019-11-26,1.069112683571399
2019-11-27,1.0707455738255802
2019-11-28,1.0845278507040843
2019-11-29,1.032893912143946
2019-12-02,1.027632406934032
2019-12-03,1.026187076907984
2019-12-04,1.024481451314795
2019-12-05,1.013310905959891
2019-12-06,1.0218391083553349
2019-12-09,1.022520339749251
2019-12-10,1.022092116258805
2019-12-11,1.0199396900710265
2019-12-12,1.0255205469647801
2019-12-13,0.9929496430600926
2019-12-16,1.0101176835126544
2019-12-17,1.0118380921421763
2019-12-18,1.01675461221028
2019-12-19,1.0047047130465965
2019-12-20,0.9886697332715954
2019-12-23,0.983397667527921
2019-12-24,0.9865184672943368
2019-12-25,0.9851141103110326
2019-12-26,0.9761296500197267
2019-12-27,0.9872441350894784
2019-12-30,0.9714637347585667
2019-12-31,0.9760838186577648
2020-01-02,0.9233560988173829
2020-01-03,0.9260786359764913
2020-01-06,0.8753672612185516
2020-01-07,0.9482990862938353
2020-01-08,0.9743230689856441
2020-01-09,0.947070933701755
2020-01-10,0.9501658839017568
2020-01-13,0.9454598479045565
2020-01-14,0.9664557827906133
2020-01-15,0.9568725777122008
2020-01-16,0.9784589245066768
2020-01-17,0.9752588032744365
2020-01-20,0.9775228342980617
2020-01-21,0.9897724283784887
2020-01-22,1.001514684697424
2020-01-23,1.0144129561739383
2020-02-03,1.157433132404742
2020-02-04,1.1133317334589152
2020-02-05,1.106585918430333
2020-02-06,1.0924701747898196
2020-02-07,1.092384443731465
2020-02-10,1.0953069925693604
2020-02-11,1.0728762804446783
2020-02-12,1.1461799142978486
2020-02-13,1.1278520755984238
2020-02-14,1.1126656362631315
2020-02-17,1.110202708809726
2020-02-18,1.0936781490189074
2020-02-19,1.1012387994606756
2020-02-20,1.1405942187957556
2020-02-21,1.139481189960479
2020-02-24,1.1421318417915762
2020-02-25,1.1457098815085545
2020-02-26,1.1051979267090437
2020-02-27,1.100324732716656
2020-02-28,1.1960450188492995
2020-03-02,1.179631154298681
2020-03-03,1.1791722447455504
2020-03-04,1.1784099773055168
2020-03-05,1.2292795853824323
2020-03-06,1.2148869660539843
2020-03-09,1.2081057525092715
2020-03-10,1.2337808388117124
2020-03-11,1.2213281467061192
2020-03-12,1.217584282055361
2020-03-13,1.2105559026689918
2020-03-16,1.174804073084205
2020-03-17,1.1738559959330113
2020-03-18,1.2022647905242732
2020-03-19,1.176320932755958
2020-03-20,1.143649277947615
2020-03-23,1.1703187027674624
2020-03-24,1.1398806931535812
2020-03-25,1.1278438901793726
2020-03-26,1.133693806271811
2020-03-27,1.134128977535957
2020-03-30,1.1450999151548353
2020-03-31,1.1426144061721972
2020-04-01,1.1425283589256197
2020-04-02,1.1464904964989446
2020-04-03,1.150138033111265
2020-04-07,1.147556402191415
2020-04-08,1.1456440653968663
2020-04-09,1.1454710295769328
2020-04-10,1.1522147822685902
2020-04-13,1.152950336470895
2020-04-14,1.1424418157975984
2020-04-15,1.1391385071751474
2020-04-16,1.1404132382157366
2020-04-17,1.1362332021910313
2020-04-20,1.1377670594237284
2020-04-21,1.1392014360536729
2020-04-22,1.1433565225227282
2020-04-23,1.1446879750165426
2020-04-24,1.148701155134102
2020-04-27,1.145674130105884
2020-04-28,1.1287904025480329
2020-04-29,1.1278893858183587
2020-04-30,1.141078056489284
2020-05-06,1.1460085676352523
2020-05-07,1.1486310235900878
2020-05-08,1.1463558281539425
2020-05-11,1.144997592668653
2020-05-12,1.1447032389476093
2020-05-13,1.1502397859116187
2020-05-14,1.1593221280659656
2020-05-15,1.1632855102550328
2020-05-18,1.161770329594981
2020-05-19,1.157836366519643
2020-05-20,1.1615974249296686
2020-05-21,1.16744726415927
2020-05-22,1.1440391292425751
2020-05-25,1.143348300238249
2020-05-26,1.1424869575642995
2020-05-27,1.1406491193707562
2020-05-28,1.1395321969639598
2020-05-29,1.1290758860895174
2020-06-01,1.122629658156293
2020-06-02,1.1247436922764877
2020-06-03,1.1249328864701873
2020-06-04,1.1245038555842006
2020-06-05,1.1214024003376222
2020-06-08,1.1196671605551332
2020-06-09,1.1142601634292542
2020-06-10,1.1153163485199509
2020-06-11,1.1103813444153774
2020-06-12,1.109375255461809
2020-06-15,1.0701875122757756
2020-06-16,1.0432786514649512
2020-06-17,1.0432330363380808
2020-06-18,1.0453331185007573
2020-06-19,1.0188769400114919
2020-06-22,1.018566292635754
2020-06-23,1.0092114748923908
2020-06-24,1.0179099597561394
2020-06-29,0.9990746436884733
2020-06-30,0.9789588750715449
2020-07-01,0.9475702104414075
2020-07-02,0.933711354783002
2020-07-03,0.917524346989133
2020-07-06,0.8436326802157115
2020-07-07,0.8366261159861221
2020-07-08,0.9706296228432258
2020-07-09,1.0079653808683149
2020-07-10,1.0206687753240604
2020-07-13,1.0188050662093722
2020-07-14,1.008929410234551
2020-07-15,1.0253503565600797
2020-07-16,0.9828805436901161
2020-07-17,0.9722789208072194
2020-07-20,1.0753970290627646
2020-07-21,1.074576595318825
2020-07-22,1.0726442795925535
2020-07-23,1.0728001292656604
2020-07-24,0.9686000071395152
2020-07-27,0.9695091963570058
2020-07-28,0.9607595715535334
2020-07-29,0.9924602395370837
2020-07-30,0.9486182610040288
2020-07-31,1.0029365345390708
2020-08-03,1.0193900462944556
2020-08-04,1.02102940766371
2020-08-05,1.0225766564918546
2020-08-06,1.0324608905545651
2020-08-07,1.0474096025442095
2020-08-10,1.0538502884263516
2020-08-11,1.04821657139692
2020-08-12,1.0640400832469514
2020-08-13,1.0549851937205956
2020-08-14,1.010338780510178
2020-08-17,0.9602575869143167
2020-08-18,0.9612907867139601
2020-08-19,0.9845597456650663
2020-08-20,1.0413492971710294
2020-08-21,1.0345160002730687
2020-08-24,1.033086276242861
2020-08-25,1.031311531139791
2020-08-26,1.0414613021159949
2020-08-27,1.0440622822761372
2020-08-28,1.0231168125871948
2020-08-31,1.023809469926324
2020-09-01,1.0189627742009792
2020-09-02,1.0187374917005039
2020-09-03,1.0282654057847385
2020-09-04,1.039868065381356
2020-09-07,1.0535110374094319
2020-09-08,1.0807983376104318
2020-09-09,1.0375672035748915
2020-09-10,1.0408856359437586
2020-09-11,1.090597894019101
2020-09-14,1.0974678337323454
2020-09-15,1.08097126492752
2020-09-16,1.0570444735452997
2020-09-17,1.066152988423501
2020-09-18,1.0912070775102332
2020-09-21,1.087244076235248
2020-09-22,1.1021787875476892
2020-09-23,1.1052159106904427
2020-09-24,1.1808243010304422
2020-09-25,1.1772017932800158
2020-09-28,1.1793879280356376
2020-09-29,1.1786106631428228
2020-09-30,1.1673685788718449
2020-10-09,1.3420468378156534
2020-10-12,1.234099333791793
2020-10-13,1.2325228087731799
2020-10-14,1.223399296880295
2020-10-15,1.2283575083202494
2020-10-16,1.232988336137331
2020-10-19,1.2515968023245818
2020-10-20,1.2516588998299876
2020-10-21,1.2538673240029006
2020-10-22,1.250360021665136
2020-10-23,1.2737176603383176
2020-10-26,1.2682157226795283
2020-10-27,1.2677704171429744
2020-10-28,1.2792070461054672
2020-10-29,1.2655750588660524
2020-10-30,1.296498991707496
2020-11-02,1.268888954508051
2020-11-03,1.399775137674715
2020-11-04,1.3564770350789765
2020-11-05,1.346317295560431
2020-11-06,1.3430955688110149
2020-11-09,1.2794666632403837
2020-11-10,1.2957064783688872
2020-11-11,1.3192042017588919
2020-11-12,1.3194502917265358
2020-11-13,1.3145873875511904
2020-11-16,1.3117968765816501
2020-11-17,1.3102013723609998
2020-11-18,1.306868762532736
2020-11-19,1.298532606962731
2020-11-20,1.2968352692501197
2020-11-23,1.3092019859945376
2020-11-24,1.303299438977946
2020-11-25,1.260479369283913
2020-11-26,1.2681384468701709
2020-11-27,1.1918899622257724
2020-11-30,1.2065959994940239
2020-12-01,1.141265893835135
2020-12-02,1.14201681308825
2020-12-03,1.1465914538036248
2020-12-04,1.1486465498184688
2020-12-07,1.1113525189498976
2020-12-08,1.1225306053766344
2020-12-09,1.1858325222082164
2020-12-10,1.184089120301436
2020-12-11,1.1936263634460786
2020-12-14,1.224221549579336
2020-12-15,1.2234021305914635
2020-12-16,1.2317249914180899
2020-12-17,1.191188819914572
2020-12-18,1.1792682517454822
2020-12-21,1.21455035281211
2020-12-22,1.2750164077739967
2020-12-23,1.4072891950799609
2020-12-24,1.3717958927200078
2020-12-25,1.5026427116572671
2020-12-28,1.5734000675927737
2020-12-29,1.659827961139389
2020-12-30,1.6735053733673182
2020-12-31,1.9013368770807169
2021-01-04,2.049903581736117
2021-01-05,1.8674891069020447
2021-01-06,1.9163092070546874
2021-01-07,1.6658651120798207
2021-01-08,1.6954818235264513
2021-01-11,1.7609722262763714
2021-01-12,1.5473099080030852
2021-01-13,1.5289472576180314
2021-01-14,1.614388481547617
2021-01-15,1.5842393863532924
2021-01-18,1.575798852287604
2021-01-19,1.63288663381312
2021-01-20,1.5906400161206846
2021-01-21,1.6211505776201236
2021-01-22,1.6209990224538775
2021-01-25,1.6606443726801077
2021-01-26,1.7760063170421851
2021-01-27,1.7810620311918346
2021-01-28,1.9729696129938468
2021-01-29,1.9875090625516645
2021-02-01,1.956278345455739
2021-02-02,1.8675120079703296
2021-02-03,1.8849968774576815
2021-02-04,1.895550882788495
2021-02-05,1.8890840410618475
2021-02-08,1.8554751372965057
2021-02-09,1.8581698021642254
2021-02-10,1.7541247704111655
2021-02-18,1.7188150133866957
2021-02-19,1.7213030604380262
2021-02-22,1.3804667550898422
2021-02-23,1.3282697808805828
2021-02-24,1.2501379988832686
2021-02-25,1.228854895462576
2021-02-26,1.2404964111076913
2021-03-01,1.3124953181973154
2021-03-02,1.1936727092708717
2021-03-03,1.1469151339094787
2021-03-04,1.1591271091499682
2021-03-05,1.1631760188848177
2021-03-08,0.8805995616451232
2021-03-09,1.021962611929238
2021-03-10,1.0152118891305524
2021-03-11,1.0140979183017913
2021-03-12,1.0431441837237594
2021-03-15,1.017270074152519
2021-03-16,1.0419122644890204
2021-03-17,1.0283863341171742
2021-03-18,1.0043750532911238
2021-03-19,0.8332668634630352
2021-03-22,0.8950483953566911
2021-03-23,0.9606542911680213
2021-03-24,0.8294877091586488
2021-03-25,0.8347742753615424
2021-03-26,0.811514883267087
2021-03-29,0.8076326823327359
2021-03-30,0.7801246137307061
2021-03-31,0.7981547594110674
2021-04-01,0.8420315808838681
2021-04-02,0.8037011676186652
2021-04-06,0.7981421849544652
2021-04-07,0.781478739813801
2021-04-08,0.7749016351548765
2021-04-09,0.7765593906329019
2021-04-12,0.7698157069693612
2021-04-13,0.7783541743018433
2021-04-14,0.7958579270401366
2021-04-15,0.8017069163278953
2021-04-16,0.8027095746833224
2021-04-19,0.8053175952098862
2021-04-20,0.8026513213645926
2021-04-21,0.7953250752304432
2021-04-22,0.7959112939736853
2021-04-23,0.7793433808593371
2021-04-26,0.7973196505446282
2021-04-27,0.7878706170162514
2021-04-28,0.7897576980083186
2021-04-29,0.7714167368537819
2021-04-30,0.7887316063936215
2021-05-06,0.7307008443158778
2021-05-07,0.7002761629831308
2021-05-10,0.6989584236621537
2021-05-11,0.7271243485447737
2021-05-12,0.7163756471940691
2021-05-13,0.7519954115713935
2021-05-14,0.7433464338629926
2021-05-17,0.7361902601043032
2021-05-18,0.7356447758944636
2021-05-19,0.719078885809339
2021-05-20,0.7129282714821016
2021-05-21,0.6455260126938329
2021-05-24,0.6451401578067154
2021-05-25,0.4803480241959312
2021-05-26,0.4804153236441521
2021-05-27,0.4775363961033259
2021-05-28,0.48832230987598796
2021-05-31,0.4930929671959352
2021-06-01,0.4884918509941571
2021-06-02,0.5124598206501115
2021-06-03,0.524731901437456
2021-06-04,0.518886098321167
2021-06-07,0.5169637515348495
2021-06-08,0.547174282059577
2021-06-09,0.5470431971586944
2021-06-10,0.5687624033647486
2021-06-11,0.5621502571940913
2021-06-15,0.6049010946765386
2021-06-16,0.6757948907178682
2021-06-17,0.6748303373933942
2021-06-18,0.6748103660147611
2021-06-21,0.670289941117393
2021-06-22,0.698887363448419
2021-06-23,0.6892854711535075
2021-06-24,0.7034800700808086
2021-06-25,0.6082906158672775
2021-06-28,0.6054435143955678
2021-06-29,0.6301115363665968
2021-06-30,0.5991812265292666
2021-07-01,0.5959695641572388
2021-07-02,0.5494878760685585
2021-07-05,0.5508332640097611
2021-07-06,0.5500011765691827
2021-07-07,0.5346731438643887
2021-07-08,0.5061696532440972
2021-07-09,0.49691531629828717
2021-07-12,0.476209336267464
2021-07-13,0.49164158974879885
2021-07-14,0.5028332699719554
2021-07-15,0.4401195389512123
2021-07-16,0.33275800130618977
2021-07-19,0.32499734816367565
2021-07-20,0.321037014001646
2021-07-21,0.3272501885295372
2021-07-22,0.3363307895700698
2021-07-23,0.2963719608439458
2021-07-26,0.36748434421520376
2021-07-27,0.5773404538920689
2021-07-28,0.5582022981082501
2021-07-29,0.630324908502782
2021-07-30,0.5162749762129505
2021-08-02,0.6379419755769931
2021-08-03,0.6370622343200669
2021-08-04,0.647517846677343
2021-08-05,0.6607803877250081
2021-08-06,0.6587918924995151
2021-08-09,0.614416753209373
2021-08-10,0.6221190763275061
2021-08-11,0.5732786650923214
2021-08-12,0.5873194896585744
2021-08-13,0.5833276305810697
2021-08-16,0.589085061571806
2021-08-17,0.6505109911524077
2021-08-18,0.6511560702615334
2021-08-19,0.651711873596943
2021-08-20,0.609044621974634
2021-08-23,0.6248127105875261
2021-08-24,0.589355034223831
2021-08-25,0.5977011249764911
2021-08-26,0.6326055320834064
2021-08-27,0.6659203183382963
2021-08-30,0.6527236565997129
2021-08-31,0.651902008400282
2021-09-01,0.7899262002093568
2021-09-02,0.7906101669655217
2021-09-03,0.7341527309456009
2021-09-06,0.7814172229257483
2021-09-07,0.7539600314959619
2021-09-08,0.7869018231623989
2021-09-09,0.7893889828731337
2021-09-10,0.739019563248861
2021-09-13,0.6892066230413115
2021-09-14,0.7797939261510308
2021-09-15,0.657110351347819
2021-09-16,0.7027468462813838
2021-09-17,0.8191129976078484
2021-09-22,0.7030517589760544
2021-09-23,0.7649914784507942
2021-09-24,0.7600940772230339
2021-09-27,0.7140606720016746
2021-09-28,0.7369256812153231
2021-09-29,0.7571209397499642
2021-09-30,0.7769223150983855
2021-10-08,0.5571051037902166
2021-10-11,0.540269502660131
2021-10-12,0.5066372612795098
2021-10-13,0.28548173372248936
2021-10-14,0.27075412309049407
2021-10-15,0.3015265125763001
2021-10-18,0.25709343082867503
2021-10-19,0.2661842249022206
2021-10-20,0.25117329018194245
2021-10-21,0.22130019837532167
2021-10-22,0.1358979273012819
2021-10-25,0.14584046366949358
2021-10-26,0.119161816407987
2021-10-27,-0.04051324743339611
2021-10-28,-0.048701577923682925
2021-10-29,-0.06164024105166568
2021-11-01,-0.0800846236644417
2021-11-02,0.06706503802388536
2021-11-03,0.11647034459080174
2021-11-04,0.15690286366903167
2021-11-05,0.24511610626814936
2021-11-08,0.24432358775340662
2021-11-09,0.24392712016684373
2021-11-10,0.23896154481790363
2021-11-11,0.1545615972839986
2021-11-12,0.14035763075420277
2021-11-15,0.14672091177024718
2021-11-16,0.14326492514032207
2021-11-17,0.1465715071128302
2021-11-18,0.12547531911143212
2021-11-19,0.14953192777368643
2021-11-22,0.17137178690732563
2021-11-23,0.17027153579471135
2021-11-24,0.18078053956579757
2021-11-25,0.18569408696233264
2021-11-26,0.23305265411543333
2021-11-29,0.233559272078028
2021-11-30,0.2132450480495852
2021-12-01,0.28093659724839043
2021-12-02,0.24639402806199737
2021-12-03,0.4964599456898756
2021-12-06,0.503880702247859
2021-12-07,0.5260006716260328
2021-12-08,0.43172481062372553
2021-12-09,0.2794822351432368
2021-12-10,0.3079802443651963
2021-12-13,0.32359002095057554
2021-12-14,0.3483137146706127
2021-12-15,0.3003811045351463
2021-12-16,0.3065295148796069
2021-12-17,0.2810813726149272
2021-12-20,0.5339865333298665
2021-12-21,0.5471546950455858
2021-12-22,0.5470288350704271
2021-12-23,0.7223237288464113
2021-12-24,0.7032054730126377
2021-12-27,0.7048836150643013
2021-12-28,0.6346199532539634
2021-12-29,0.7343502846272559
2021-12-30,0.7236999421582487
2021-12-31,0.7316286203974706
2022-01-04,0.7416242846767116
2022-01-05,0.9474885950152889
2022-01-06,0.9086705732311623
2022-01-07,0.8989412776210164
2022-01-10,0.8824285918847607
2022-01-11,0.8530749533656906
2022-01-12,0.901110036255703
2022-01-13,0.9615214459541765
2022-01-14,0.9158113308075126
2022-01-17,0.8823367769207207
2022-01-18,0.9329753556961732
2022-01-19,0.9387404979093192
2022-01-20,0.9271168269166729
2022-01-21,0.9228576854430411
2022-01-24,0.91494134128278
2022-01-25,1.1805465323075695
2022-01-26,1.1794471148439563
2022-01-27,1.2416684826730615
2022-01-28,1.2718232421088829
2022-02-07,1.3208104927239432
2022-02-08,1.2970711387611265
2022-02-09,1.290785171564586
2022-02-10,1.2807782832896135
2022-02-11,1.3339775282778097
2022-02-14,1.348579066989777
2022-02-15,1.3469867697368816
2022-02-16,1.3509171136216906
2022-02-17,1.3503904645233558
2022-02-18,1.3431167319279291
2022-02-21,1.324820395022381
2022-02-22,1.344365467213051
2022-02-23,1.3712458459440222
2022-02-24,1.2010196997846065
2022-02-25,1.299178311175279
2022-02-28,1.3003771709733158
2022-03-01,1.263443387722641
2022-03-02,1.2577873790389358
2022-03-03,1.2249986301924995
2022-03-04,1.186833889835724
2022-03-07,1.0723130282083737
2022-03-08,1.1291744489073876
2022-03-09,1.0489901705228044
2022-03-10,1.147748357568264
2022-03-11,1.1250774077780572
2022-03-14,1.1880586364489993
2022-03-15,1.4264692196404594
2022-03-16,1.260350682498475
2022-03-17,1.1868304634694142
2022-03-18,1.210591408428539
2022-03-21,1.213370909114669
2022-03-22,1.2132239629911004
2022-03-23,1.2164890294071138
2022-03-24,1.2273852293113423
2022-03-25,1.2245691635620124
2022-03-28,1.215028275300449
2022-03-29,1.2140933595776842
2022-03-30,1.184354821160533
2022-03-31,1.1992638019121076
2022-04-01,1.182587861083281
2022-04-06,1.1845341412940649
2022-04-07,1.2303330392204201
2022-04-08,1.2071592773490314
2022-04-11,1.302721477618224
2022-04-12,1.2650113072881646
2022-04-13,1.2724632358009433
2022-04-14,1.26047587063091
2022-04-15,1.2601072070958992
2022-04-18,1.25274894086694
2022-04-19,1.2426394598759025
2022-04-20,1.2458365649780694
2022-04-21,1.2926567588831699
2022-04-22,1.3088036342117677
2022-04-25,1.448986434063661
2022-04-26,1.4623769223341376
2022-04-27,1.4880743610015885
2022-04-28,1.4589562817155484
2022-04-29,1.4464117932450904
2022-05-05,1.4443568133086686
2022-05-06,1.4266676119212327
2022-05-09,1.4155895672422636
2022-05-10,1.4372685158748468
2022-05-11,1.4475121099999988
2022-05-12,1.4455068052227746
2022-05-13,1.44155932067643
2022-05-16,1.441564437662486
2022-05-17,1.4367835875339068
2022-05-18,1.4363629491141336
2022-05-19,1.4492041471939898
2022-05-20,1.3983452933510474
2022-05-23,1.3970843554027488
2022-05-24,1.4210647043076028
2022-05-25,1.434160916976897
2022-05-26,1.4316891671090486
2022-05-27,1.428237896569472
2022-05-30,1.4370601090387483
2022-05-31,1.4267980805876117
2022-06-01,1.42661407771662
2022-06-02,1.4281420252170953
2022-06-06,1.428828648002489
2022-06-07,1.4246068347919394
2022-06-08,1.3963494270676327
2022-06-09,1.4312284059261098
2022-06-10,1.5599751777204576
2022-06-13,1.5286252525348536
2022-06-14,1.5122807642912617
2022-06-15,1.482379159740431
2022-06-16,1.4747388807473227
2022-06-17,1.469094413113007
2022-06-20,1.4833388863930013
2022-06-21,1.486285073879914
2022-06-22,1.4889634752814573
2022-06-23,1.493459025961817
2022-06-24,1.4612232481294278
2022-06-27,1.464435410150283
2022-06-28,1.4670960747724011
2022-06-29,1.5079839631105738
2022-06-30,1.4875292446908959
2022-07-01,1.4839897409640923
2022-07-04,1.483763730537095
2022-07-05,1.4847540144225129
2022-07-06,1.4952630104795295
2022-07-07,1.5138024781442354
2022-07-08,1.5208204341321503
2022-07-11,1.5033121534072507
2022-07-12,1.4880769491031256
2022-07-13,1.4987425770368226
2022-07-14,1.4990757102130645
2022-07-15,1.435662278980317
2022-07-18,1.47887289209262
2022-07-19,1.4887047715173247
2022-07-20,1.4844050502808737
2022-07-21,1.4844560766743837
2022-07-22,1.4856512832019069
2022-07-25,1.5258779661039332
2022-07-26,1.5200183320772827
2022-07-27,1.511408423848871
2022-07-28,1.5114819505951778
2022-07-29,1.357189886025808
2022-08-01,1.3327415725823266
2022-08-02,1.3889456423433983
2022-08-03,1.3978325308226554
2022-08-04,1.39628001306329
2022-08-05,1.341435062339733
2022-08-08,1.340070599056095
2022-08-09,1.3426486344670856
2022-08-10,1.3042058329600177
2022-08-11,1.2394503566574393
2022-08-12,1.2394593679464154
2022-08-15,1.2362111921732521
2022-08-16,1.235418432726935
2022-08-17,1.253375752535829
2022-08-18,1.2710590937620845
2022-08-19,1.1482243301977724
2022-08-22,1.10991958084803
2022-08-23,1.1029572409495052
2022-08-24,1.212557759001628
2022-08-25,1.1960150281684738
2022-08-26,1.1972014729596963
2022-08-29,1.1962634515223782
2022-08-30,1.206109899217385
2022-08-31,1.199379312237326
2022-09-01,1.2333809279491648
2022-09-02,1.2236287163353246
2022-09-05,1.2183611893382773
2022-09-06,1.23390448053017
2022-09-07,1.2355730963858136
2022-09-08,1.2442682366243636
2022-09-09,1.1923955111541686
2022-09-13,1.1713183381057204
2022-09-14,1.2202247110083402
2022-09-15,1.271389972451001
2022-09-16,1.2768019011947118
2022-09-19,1.280484694686196
2022-09-20,1.2873406464441095
2022-09-21,1.2583077815910182
2022-09-22,1.2377694168023878
2022-09-23,1.2489291596853134
2022-09-26,1.2538498632767332
2022-09-27,1.2561754389203408
2022-09-28,1.2929291579630253
2022-09-29,1.2927727877842192
2022-09-30,1.2830535474198739
2022-10-10,1.2272060384589463
2022-10-11,1.2344222477277051
2022-10-12,1.2519570382540517
2022-10-13,1.2229092908944443
2022-10-14,1.170602345856886
2022-10-17,1.1700294820243513
2022-10-18,1.167809548596009
2022-10-19,1.1578093157399292
2022-10-20,1.1526131646253404
2022-10-21,1.1456503430718892
2022-10-24,1.0677980474931077
2022-10-25,1.0659629280309644
2022-10-26,1.0936502185892085
2022-10-27,1.094574022479896
2022-10-28,1.1252167732427405
2022-10-31,1.1391147060736997
2022-11-01,1.1632656274103388
2022-11-02,1.146590959270845
2022-11-03,1.124014744540436
2022-11-04,1.0323156343515159
2022-11-07,1.0315612470993685
2022-11-08,1.0347846610018132
2022-11-09,1.0098237510774088
2022-11-10,1.0129671373726603
2022-11-11,0.950337929896792
2022-11-14,0.9488582356023404
2022-11-15,0.9327812975586904
2022-11-16,0.926750895149832
2022-11-17,0.9294402828653907
2022-11-18,0.9242435902440528
2022-11-21,0.9073157195766934
2022-11-22,0.9065459698571315
2022-11-23,0.9102078982164872
2022-11-24,0.9114581666362543
2022-11-25,0.8999715474763408
2022-11-28,0.8385075010965288
2022-11-29,0.7478212079891864
2022-11-30,0.7466833785689363
2022-12-01,0.7371286965720785
2022-12-02,0.7210714514611783
2022-12-05,0.6919032582990389
2022-12-06,0.6809337448052295
2022-12-07,0.6862674570353984
2022-12-08,0.6861008434410353
2022-12-09,0.680702837033757
2022-12-12,0.7186336664045662
2022-12-13,0.7186130969701409
2022-12-14,0.7155151089803843
2022-12-15,0.7156783728011019
2022-12-16,0.7139042574630168
2022-12-19,0.7239271990896571
2022-12-20,0.6879327581939964
2022-12-21,0.6869325235071763
2022-12-22,0.6910532306833427
2022-12-23,0.6926624294871979
2022-12-26,0.7099994664923484
2022-12-27,0.6874028708508143
2022-12-28,0.6235195597912158
2022-12-29,0.6556466340526563
2022-12-30,0.6623854288423611
2023-01-03,0.6758243476028051
2023-01-04,0.6784512071129054
2023-01-05,0.7251510832730748
2023-01-06,0.7295006519849675
2023-01-09,0.7034949969894693
2023-01-10,0.7012114186063575
2023-01-11,0.7053754036610687
2023-01-12,0.70834237183307
2023-01-13,0.6632355621878337
2023-01-16,0.634892507338993
2023-01-17,0.6354884372011066
2023-01-18,0.6331371928193537
2023-01-19,0.6228170395105839
2023-01-20,0.6366103989128137
2023-01-30,0.6316905119799351
2023-01-31,0.6067500392894227
2023-02-01,0.6010692880993536
2023-02-02,0.61273349122809
2023-02-03,0.6270959176075169
2023-02-06,0.640394255772029
2023-02-07,0.6431238900632145
2023-02-08,0.6391479305269304
2023-02-09,0.6235604148604161
2023-02-10,0.6188552277341914
2023-02-13,0.6210212638948179
2023-02-14,0.6198959483208818
2023-02-15,0.6191652425470613
2023-02-16,0.6631409011097463
2023-02-17,0.6629243688877323
2023-02-20,0.535273880004541
2023-02-21,0.5416390252397042
2023-02-22,0.5449744327166136
2023-02-23,0.5454354616358337
2023-02-24,0.541753069969188
2023-02-27,0.5419530538935506
2023-02-28,0.5468488777435909
2023-03-01,0.529380570617007
2023-03-02,0.528692038582668
2023-03-03,0.5339743511716059
2023-03-06,0.5306712440725334
2023-03-07,0.5533833024805898
2023-03-08,0.5503230004915088
2023-03-09,0.5612271450414537
2023-03-10,0.5797661113823351
2023-03-13,0.5699915001424861
2023-03-14,0.5747036300890337
2023-03-15,0.5756126181519362
2023-03-16,0.6027840966710909
2023-03-17,0.604846501569483
2023-03-20,0.5896290273177928
2023-03-21,0.584629599520373
2023-03-22,0.5842393039984378
2023-03-23,0.5776002512280248
2023-03-24,0.565889305359052
2023-03-27,0.5669440329363155
2023-03-28,0.5750569927652497
2023-03-29,0.5722349231339089
2023-03-30,0.57260754360768
2023-03-31,0.5689470751703872
2023-04-03,0.5666469129126477
2023-04-04,0.5576998342129877
2023-04-06,0.5597708876767005
2023-04-07,0.564116010516043
2023-04-10,0.5455015057371755
2023-04-11,0.5479093187238411
2023-04-12,0.548825216079895
2023-04-13,0.4804584337868404
2023-04-14,0.47375463526045875
2023-04-17,0.4931722762072328
2023-04-18,0.49317038597302737
2023-04-19,0.4655404194141622
2023-04-20,0.464488591594358
2023-04-21,0.5034682631580116
2023-04-24,0.5482768119947947
2023-04-25,0.5521193055306632
2023-04-26,0.5450739833684373
2023-04-27,0.5108956163914564
2023-04-28,0.5047336506462268
2023-05-04,0.5050898410284583
2023-05-05,0.5142260044375486
2023-05-08,0.5413148580360201
2023-05-09,0.5227205228498176
2023-05-10,0.4942300414276971
2023-05-11,0.49428453691573826
2023-05-12,0.48437761358672354
2023-05-15,0.49475539244954553
2023-05-16,0.5007038990381841
2023-05-17,0.4942811558848787
2023-05-18,0.497049542716429
2023-05-19,0.5079612233417945
2023-05-22,0.5525182477904548
2023-05-23,0.5773440240931824
2023-05-24,0.5849751021262926
2023-05-25,0.5738936026764493
2023-05-26,0.5732860443276816
2023-05-29,0.5628597116990519
2023-05-30,0.5692947314919153
2023-05-31,0.6225904782662426
2023-06-01,0.6178386624591845
2023-06-02,0.6044170086662648
2023-06-05,0.5963710716857125
2023-06-06,0.6313055704696658
2023-06-07,0.6372311098065435
2023-06-08,0.639018363380152
2023-06-09,0.666449488787515
2023-06-12,0.6607523263621993
2023-06-13,0.6474575077411526
2023-06-14,0.6480068349284557
2023-06-15,0.6614711664747837
2023-06-16,0.6473669369880455
2023-06-19,0.6555874534731104
2023-06-20,0.6567961128231788
2023-06-21,0.648627188085289
2023-06-26,0.5893062778287358
2023-06-27,0.5747586922074719
2023-06-28,0.570958908598694
2023-06-29,0.5732029045373908
2023-06-30,0.5704242411627283
2023-07-03,0.5755010071454789
2023-07-04,0.5729998247662009
2023-07-05,0.5726602666982007
2023-07-06,0.5761774624277666
2023-07-07,0.5690661930435478
2023-07-10,0.5850247633044683
2023-07-11,0.5709622407134758
2023-07-12,0.5684467458996847
2023-07-13,0.5397458313527728
2023-07-14,0.5388751367331497
2023-07-17,0.5460934078898946
2023-07-18,0.5573119032462504
2023-07-19,0.5568227270124725
2023-07-20,0.5677399612353962
2023-07-21,0.5678506416316265
2023-07-24,0.57272754178081
2023-07-25,0.5537233525213451
2023-07-26,0.554540234707171
2023-07-27,0.5557390173719735
2023-07-28,0.5189008244685119
2023-07-31,0.5231802297499156
2023-08-01,0.5172678588636005
2023-08-02,0.5240202304036827
2023-08-03,0.5208540484880018
2023-08-04,0.5220775647039428
2023-08-07,0.5225020357362858
2023-08-08,0.5246004523377662
2023-08-09,0.5283143221004687
2023-08-10,0.5278347996807919
2023-08-11,0.5808130061565111
2023-08-14,0.5870128315678022
2023-08-15,0.5873804627171892
2023-08-16,0.5817079768136267
2023-08-17,0.5786444092550967
2023-08-18,0.6006857402727029
2023-08-21,0.6033771018337506
2023-08-22,0.5914662476594252
2023-08-23,0.6547329366702782
2023-08-24,0.637679640620067
2023-08-25,0.6350878860375513
2023-08-28,0.6439744958335964
2023-08-29,0.670242362302938
2023-08-30,0.6703185007433046
2023-08-31,0.6709942156567436
2023-09-01,0.6547155640506002
2023-09-04,0.6816505319856422
2023-09-05,0.6747299847231648
2023-09-06,0.6731335125820749
2023-09-07,0.7015982308922559
2023-09-08,0.697032477394025
2023-09-11,0.7132709509989434
2023-09-12,0.7118028582836903
2023-09-13,0.714818617347664
2023-09-14,0.7148385958090019
2023-09-15,0.7003153543719486
2023-09-18,0.6931299653158166
2023-09-19,0.695409240551847
2023-09-20,0.7065842665223003
2023-09-21,0.7364850572288654
2023-09-22,0.7071632974540004
2023-09-25,0.7368150577310796
2023-09-26,0.7320229137029628
2023-09-27,0.7354699615877607
2023-09-28,0.7262916256542618
2023-10-09,0.7270561520725853
2023-10-10,0.710899935080424
2023-10-11,0.7048044654627531
2023-10-12,0.7560430557336796
2023-10-13,0.7362827535875682
2023-10-16,0.7387795494881986
2023-10-17,0.7396839413162011
2023-10-18,0.7725159744255462
2023-10-19,0.7568038495545175
2023-10-20,0.7481339958501813
2023-10-23,0.8126114634596059
2023-10-24,0.8154770235186932
2023-10-25,0.8362231281077265
2023-10-26,0.8406646354887398
2023-10-27,0.865216986711292
2023-10-30,0.8655993230374286
2023-10-31,0.86748640116242
2023-11-01,0.867478892610563
2023-11-02,0.8710449080439323
2023-11-03,0.8751614236613304
2023-11-06,0.8775799190119169
2023-11-07,0.8827916231295487
2023-11-08,0.8844063655021177
2023-11-09,0.8856887691259689
2023-11-10,0.88225655230015
2023-11-13,0.8781611253858214
2023-11-14,0.877680875885342
2023-11-15,0.8917107746955977
2023-11-16,0.9118243357038687
2023-11-17,0.9114566875184654
2023-11-20,0.9098238951208466
2023-11-21,0.9092749088317506
2023-11-22,0.9417032720806762
2023-11-23,0.9432719117720868
2023-11-24,0.9490720416678086
2023-11-27,0.9401821403521401
2023-11-28,0.9443815760276444
2023-11-29,0.9615772724547716
2023-11-30,0.9565615143048762
2023-12-01,0.9469435590100461
2023-12-04,0.9530287032649394
2023-12-05,0.9291682209482316
2023-12-06,0.9339962592622355
2023-12-07,0.9362095317327411
2023-12-08,0.9502013528887991
2023-12-11,0.9384074764540613
2023-12-12,0.9395743006508646
2023-12-13,0.9218017653770005
2023-12-14,0.907754496318258
2023-12-15,0.91015385245504
2023-12-18,0.9235905880387985
2023-12-19,0.9110595840452217
2023-12-20,0.8870882571212354
2023-12-21,0.8893854568546864
2023-12-22,0.8897323826482954
2023-12-25,0.8817444077601458
2023-12-26,0.8805000640063229
2023-12-27,0.8818306882259902
2023-12-28,1.064225101192288
2023-12-29,1.058867368494713
2024-01-02,1.004377494234525
2024-01-03,0.9995454083439326
2024-01-04,0.9838456110232001
2024-01-05,0.9953880406069756
2024-01-08,1.037023986462228
2024-01-09,1.0447988489677906
2024-01-10,1.0461049040360588
2024-01-11,1.0629802759066092
2024-01-12,1.0500779926594803
2024-01-15,1.0516569375227636
2024-01-16,1.0332340905992934
2024-01-17,1.0641699824505948
2024-01-18,0.9694439953056649
2024-01-19,0.9757629448214926
2024-01-22,1.1240522273189066
2024-01-23,1.1419401695367677
2024-01-24,1.134532692089058
2024-01-25,1.2300834132656089
2024-01-26,1.2307706689268645
2024-01-29,1.2317267791467732
2024-01-30,1.2111669927369493
2024-01-31,1.2289922207466768
2024-02-01,1.2249102599320503
2024-02-02,1.2459876325595602
2024-02-05,1.1780926228868123
2024-02-06,1.4518397574699846
2024-02-07,1.5313948813908027
2024-02-08,1.5477159922342725
2024-02-19,1.4808713187323677
2024-02-20,1.4713087941113534
2024-02-21,1.4230869677773925
2024-02-22,1.4086038272739017
2024-02-23,1.408921176743231
2024-02-26,1.397259221430969
2024-02-27,1.3843004825518683
2024-02-28,1.3627373430381842
2024-02-29,1.3437875449729935
2024-03-01,1.33178947681158
2024-03-04,1.3326946121405718
2024-03-05,1.3056550174360326
2024-03-06,1.2825749650155207
2024-03-07,1.2886245207497664
2024-03-08,1.3019939926072852
2024-03-11,1.3393729108641692
2024-03-12,1.328896933499839
2024-03-13,1.3200349085808025
2024-03-14,1.3211743960245859
2024-03-15,1.320713684676854
2024-03-18,1.3024656622686734
2024-03-19,1.3191534381958294
2024-03-20,1.3197195994252213
2024-03-21,1.3219228990731782
2024-03-22,1.324566942956386
2024-03-25,1.331940758630931
2024-03-26,1.3309063021913181
2024-03-27,1.3551946377297863
2024-03-28,1.3465714901623258
2024-03-29,1.3485309842525133
2024-04-01,1.3077521162442538
2024-04-02,1.3019559551055186
2024-04-03,1.302616633900822
2024-04-08,1.2769617976402698
2024-04-09,1.2723787255940895
2024-04-10,1.266022301217443
2024-04-11,1.2658679729111464
2024-04-12,1.3026591990458558
2024-04-15,1.1752514171538544
2024-04-16,1.2055885377342608
2024-04-17,1.2585001548682282
2024-04-18,1.257117879172649
2024-04-19,1.2700637476401353
2024-04-22,1.2755176561676151
2024-04-23,1.2963165448048075
2024-04-24,1.2993174929806586
2024-04-25,1.2975582726258632
2024-04-26,1.3283791969456002
2024-04-29,1.3111352479267147
2024-04-30,1.3166090361842142
2024-05-06,1.310627347907873
2024-05-07,1.3103872527286122
2024-05-08,1.312150630200989
2024-05-09,1.329014002855883
2024-05-10,1.3297586038749345
2024-05-13,1.3287987615178056
2024-05-14,1.3259378015790082
2024-05-15,1.346480161733614
2024-05-16,1.3297923116028312
2024-05-17,1.3147535096658074
2024-05-20,1.314424841400378
2024-05-21,1.3232694302601848
2024-05-22,1.3388618047210352
2024-05-23,1.3915277905653227
2024-05-24,1.24883485508871
2024-05-27,1.2238644322034207
2024-05-28,1.1482578669456285
2024-05-29,1.1444921692992447
2024-05-30,1.1604977810723665
2024-05-31,1.1747802841765247
2024-06-03,1.1537744347642123
2024-06-04,1.1658365959769572
2024-06-05,1.1839768589843132
2024-06-06,1.1875738642046452
2024-06-07,1.158514352779824
2024-06-11,1.1517331185703341
2024-06-12,1.1517279562143106
2024-06-13,1.151530278774408
2024-06-14,1.1562807413801743
2024-06-17,1.1581832667482603
2024-06-18,1.155726036738425
2024-06-19,1.1726768247810924
2024-06-20,1.2169729303985024
2024-06-21,1.2114161608943632
2024-06-24,1.2461028939616814
2024-06-25,1.2486482806073211
2024-06-26,1.2767048914417487
2024-06-27,1.284103297057708
2024-06-28,1.2930241175734936
2024-07-01,1.3018473784469446
2024-07-02,1.3057628160479158
2024-07-03,1.3026213962643816
2024-07-04,1.3140852582921851
2024-07-05,1.2980435965691386
2024-07-08,1.3268693577673085
2024-07-09,1.3132871870934422
2024-07-10,1.3295197999266741
2024-07-11,1.3444423231389744
2024-07-12,1.341649254885633
2024-07-15,1.3338864454726682
2024-07-16,1.2724379431273776
2024-07-17,1.2694271968857243
2024-07-18,1.2387733322403516
2024-07-19,1.2367190410564157
2024-07-22,1.1972511034536046
2024-07-23,1.1029427768700213
2024-07-24,1.0753176395586062
2024-07-25,1.0252764273449577
2024-07-26,1.040973330193611
2024-07-29,1.047108606697406
2024-07-30,1.0469133049859427
2024-07-31,1.0523091986722068
2024-08-01,1.0363743216357015
2024-08-02,1.0300970243267387
2024-08-05,1.0418251564782615
2024-08-06,1.0420708854243061
2024-08-07,1.0427070355429453
2024-08-08,1.043145821358448
2024-08-09,1.0465505809044804
2024-08-12,1.039647914153588
2024-08-13,1.0325915994134027
2024-08-14,1.0233191530926242
2024-08-15,1.029064619426639
2024-08-16,1.02445870888735
2024-08-19,1.0141249828502361
2024-08-20,1.060888527495103
2024-08-21,1.095785989775654
2024-08-22,1.1085134059925947
2024-08-23,1.088145547850881
2024-08-26,1.0822532903398205
2024-08-27,1.089448112383105
2024-08-28,1.0295430165472255
2024-08-29,1.0087560196189913
2024-08-30,0.96363318769376
2024-09-02,0.8905125993604073
2024-09-03,0.8860941347279417
2024-09-04,0.8718885364400427
2024-09-05,0.8708642531391276
2024-09-06,0.8776242233984176
2024-09-09,0.8938141076387394
2024-09-10,0.89240073738203
2024-09-11,0.8966796141159618
2024-09-12,0.8785771687652957
2024-09-13,0.8875989409265216
2024-09-18,0.8787589386905215
2024-09-19,0.9305133462955179
2024-09-20,0.9259548383813585
2024-09-23,0.9288304078415339
2024-09-24,0.8932168433174701
2024-09-25,0.9051017518894138
2024-09-26,0.8977547681556348
2024-09-27,0.9367777722087078
2024-09-30,0.9944066944252269
2024-10-08,0.8858133820755033
2024-10-09,0.8802299929255744
2024-10-10,0.8816296074318933
2024-10-11,0.8934187330075044
2024-10-14,0.8829957407220798
2024-10-15,0.8792079813256838
2024-10-16,0.8754825576097386
2024-10-17,0.8812527037683721
2024-10-18,0.8484336772744577
2024-10-21,0.849424933395169
2024-10-22,0.85086515241231
2024-10-23,0.858492252102488
2024-10-24,0.8663159302570168
2024-10-25,0.878447665015488
2024-10-28,0.8777843350435169
2024-10-29,0.8824389138347497
2024-10-30,0.8814373183273295
2024-10-31,0.8813430731657735
2024-11-01,0.8818949159758924
2024-11-04,0.8756617516940615
2024-11-05,0.8982689426933029
2024-11-06,0.8991064482481238
2024-11-07,0.8801868694020674
2024-11-08,0.8804626543210631
2024-11-11,0.8767090976701786
2024-11-12,0.8802584991675173
2024-11-13,0.8767409698247487
2024-11-14,0.8868638540583736
2024-11-15,0.8849437324385616
2024-11-18,0.8763462391402627
2024-11-19,0.8756379039564406
2024-11-20,0.8754326441793747
2024-11-21,0.8754041959272431
2024-11-22,0.8683394939611333
2024-11-25,0.8701612864524504
2024-11-26,0.8711039682809895
2024-11-27,0.8658887054281124
2024-11-28,0.8600971967404192
2024-11-29,0.8560348191918129
2024-12-02,0.857694954574471
2024-12-03,0.8582008482398136
2024-12-04,0.8634244396510292
2024-12-05,0.863033377209923
2024-12-06,0.878251867427168
2024-12-09,0.878322458582959
2024-12-10,0.8760286858480801
2024-12-11,0.8757927403168266
2024-12-12,0.8694480815510667
2024-12-13,0.8778650754523825
2024-12-16,0.8774754687046196
2024-12-17,0.8749736919658728
2024-12-18,0.8756507194230855
2024-12-19,0.8752142493739239
2024-12-20,0.8768644224607258
2024-12-23,0.8761546809880586
2024-12-24,0.879940132556972
2024-12-25,0.8798478249908963
2024-12-26,0.8798222203682547
2024-12-27,0.8780388823140967
2024-12-30,0.8766273694698367
2024-12-31,0.8924542874066834
2025-01-02,0.9061067078330917
2025-01-03,0.8965849512993408
2025-01-06,0.8971830621614661
2025-01-07,0.8916860679472562
2025-01-08,0.8934235145876244
2025-01-09,0.8933486779906733
2025-01-10,0.904122325377979
2025-01-13,0.9052563779528603
2025-01-14,0.8925951606150994
2025-01-15,0.8901215569600375
2025-01-16,0.8912503069214832
2025-01-17,0.891209275241611
2025-01-20,0.8895937640620935
2025-01-21,0.8893069194538187
2025-01-22,0.8919429727849428
2025-01-23,0.8909461748146318
2025-01-24,0.8894299564162003
2025-01-27,0.8851935503936151
2025-02-05,0.883051438810516
2025-02-06,0.8871653808174057
2025-02-07,0.9070935344745191
2025-02-10,0.9096004034170976
2025-02-11,0.9134380342927385
2025-02-12,0.9064263676896235
2025-02-13,0.9064723306829192
2025-02-14,0.8891400208321282
2025-02-17,0.8892568320927323
2025-02-18,0.8924511452945898
2025-02-19,0.8852058584504137
2025-02-20,0.8878006959345001
2025-02-21,0.8848385149826379
2025-02-24,0.8824213977135286
2025-02-25,0.890997637042976
2025-02-26,0.9062828014868287
2025-02-27,0.9037002103362745
2025-02-28,0.8896293167610932
2025-03-03,0.8895755598792093
2025-03-04,0.8893630047133424
2025-03-05,0.884305791538645
2025-03-06,0.878957344927157
2025-03-07,0.8797029760811242
2025-03-10,0.8716090858503148
2025-03-11,0.8725512544144681
2025-03-12,0.8663547734453505
2025-03-13,0.8607321090327351
2025-03-14,0.8096074303342781
2025-03-17,0.8029646855832357
2025-03-18,0.8005242145700897
2025-03-19,0.8007460548716216
2025-03-20,0.7868839619491568
2025-03-21,0.7624485892031166
2025-03-24,0.7540927000538336
2025-03-25,0.7517703320126715
2025-03-26,0.7526479866584209
2025-03-27,0.7431040325003858
2025-03-28,0.7581546993579489
2025-03-31,0.759579631455131
2025-04-01,0.7593527151503691
2025-04-02,0.7612803877583331
2025-04-03,0.7455676711322754
2025-04-07,0.9501205024649733
2025-04-08,0.9720333725896618
2025-04-09,0.9650419359076208
2025-04-10,0.9579245751822937
2025-04-11,0.954406902435625
2025-04-14,0.9561072751597398
2025-04-15,0.9564765574578586
2025-04-16,0.9547940556312399
2025-04-17,0.9548454936739298
2025-04-18,0.9548510467716655
2025-04-21,0.9554939296893266
2025-04-22,0.9554439571632384
2025-04-23,0.9552137275194847
2025-04-24,0.9551525869452661
2025-04-25,0.9567792745316727
2025-04-28,0.9572831076569546
2025-04-29,0.9613126521109973
2025-04-30,0.961797982745598
2025-05-06,0.9613468796786289
2025-05-07,0.9585961912246702
2025-05-08,0.9669589758739864
2025-05-09,0.9682709456719428
2025-05-12,0.9537923182702787
2025-05-13,0.9544210089344818
2025-05-14,0.9425091103715768
2025-05-15,0.9426059970844708
2025-05-16,0.9442141116855464
2025-05-19,0.9403631879037161
2025-05-20,0.9400099743489578
2025-05-21,0.9353201283881301
2025-05-22,0.9367257006018271
2025-05-23,0.9416438017394912
2025-05-26,0.9292189393574264
2025-05-27,0.928666622538051
2025-05-28,0.9285240067496381
2025-05-29,0.93260826956446
2025-05-30,0.9325737001993166
2025-06-03,0.9323620289897457
2025-06-04,0.934786009499611
2025-06-05,0.9358468304910867
2025-06-06,0.9370129907667405
2025-06-09,0.9379693916823549
2025-06-10,0.9379857863047807
2025-06-11,0.9344536866553059
2025-06-12,0.9349772759633369
2025-06-13,0.9384208048930511
2025-06-16,0.9384642099019659
2025-06-17,0.9366591021974051
2025-06-18,0.9347781154963283
2025-06-19,0.9416209146359595
2025-06-20,0.9414356602902875
2025-06-23,0.9396829856525439
2025-06-24,0.9284621000330643
2025-06-25,0.9158692870194378
2025-06-26,0.9148289967115898
2025-06-27,0.8991648038974884
2025-06-30,0.8984574440561082
2025-07-01,0.8988047927971685
2025-07-02,0.8989426500066988
2025-07-03,0.8836227921813383
2025-07-04,0.890755508910115
2025-07-07,0.8701390164665589
2025-07-08,0.8927093265146795
2025-07-09,0.8953354786923754
2025-07-10,0.9036239499504799
2025-07-11,0.9024395355681809
2025-07-14,0.9032763293445466
2025-07-15,0.9026004810076663
2025-07-16,0.9041875191758585
2025-07-17,0.9188720465924358
2025-07-18,0.9015710780900853
2025-07-21,0.9162704800843106
2025-07-22,0.9513999740178489
2025-07-23,0.9519048684235244
2025-07-24,0.9560574684142547
2025-07-25,0.9622975327023144
2025-07-28,0.9611410856063698
2025-07-29,0.9540047024018473
2025-07-30,0.9532157758548436
2025-07-31,0.9898915183786784
2025-08-01,0.9700096784995684
2025-08-04,0.9604023965669352
2025-08-05,0.9412547502447929
2025-08-06,0.9415365977977544
2025-08-07,0.9417050920639166
2025-08-08,0.9358337622564074
2025-08-11,0.9273083676580992
2025-08-12,0.9076756359712347
2025-08-13,0.8887732109104027
2025-08-14,0.8918429206860479
2025-08-15,0.9102673980914388
2025-08-18,0.8930497243114165
2025-08-19,0.8942862629704786
2025-08-20,0.8813378457498182
2025-08-21,0.9028315408400345
2025-08-22,0.8208766486164952
2025-08-25,0.7074538534635624
2025-08-26,0.7012836946281247
2025-08-27,0.7395003733585029
2025-08-28,0.8717707778488768
2025-08-29,0.8370017057276716
2025-09-01,0.8141048730379103
2025-09-02,0.7863532174322049
2025-09-03,0.6917759112110566
2025-09-04,0.6678776947619468
2025-09-05,0.6876521854163521
2025-09-08,0.686781584260825
2025-09-09,0.7038888614754324
2025-09-10,0.7009312250271295
2025-09-11,0.641997744973557
2025-09-12,0.6515208030036727
2025-09-15,0.6499785469607808
2025-09-16,0.6558030803256388
2025-09-17,0.6673782698461298
2025-09-18,0.7045630353643054
2025-09-19,0.7040253379205335
2025-09-22,0.688272431248288
2025-09-23,0.6899024901579572
2025-09-24,0.6841651874000487
2025-09-25,0.6759418162094137
2025-09-26,0.6266030347124236
2025-09-29,0.5849430615998756
2025-09-30,0.5702130933094581
2025-10-09,0.6395629706049379
2025-10-10,0.5530742528800939
2025-10-13,0.5627827473519755
2025-10-14,0.5195084015574984
2025-10-15,0.5221667642727985
2025-10-16,0.5160839227721622
2025-10-17,0.5703426397520083
2025-10-20,0.566843886929902
2025-10-21,0.567675247933954
2025-10-22,0.5700332215368087
2025-10-23,0.575067135846582
2025-10-24,0.5381196315589221
2025-10-27,0.5233247584852907
2025-10-28,0.5250172986689358
2025-10-29,0.5579910338218453
2025-10-30,0.5298348538016936
2025-10-31,0.5453072836081923
2025-11-03,0.5551093747947283
2025-11-04,0.5658382139752389
2025-11-05,0.5729389152157416
2025-11-06,0.5421343062536044
2025-11-07,0.5359024514190172
2025-11-10,0.5429289823535085
2025-11-11,0.5278482463739634
2025-11-12,0.5333522328198567
2025-11-13,0.5382340815955552
2025-11-14,0.5373220485206297
2025-11-17,0.5415204841870755
2025-11-18,0.5675178215369375
2025-11-19,0.5632747653162155
2025-11-20,0.5729297935165012
2025-11-21,0.6984140159307379
2025-11-24,0.6987859060222088
2025-11-25,0.6905065505932984
2025-11-26,0.6800132068291678
2025-11-27,0.6797498249552503
2025-11-28,0.6846661682695678
2025-12-01,0.6727162599275891
2025-12-02,0.6712128389555015
2025-12-03,0.6694199886813759
2025-12-04,0.6662509851583975
2025-12-05,0.6689007691855701
2025-12-08,0.6550865219704659
2025-12-09,0.6620609417058992
2025-12-10,0.6624671755258239
2025-12-11,0.6792447079473084
2025-12-12,0.6870086080605122
2025-12-15,0.6640856853319204
2025-12-16,0.6596326489095398
2025-12-17,0.6282268644518354
2025-12-18,0.625728423886847
2025-12-19,0.6292005716135635
2025-12-22,0.6111966766279341
2025-12-23,0.611718546767358
2025-12-24,0.6122045924408209
2025-12-25,0.6127397007278433
2025-12-26,0.617920920585482
2025-12-29,0.6225071947484906
2025-12-30,0.6133787094094161
2025-12-31,0.612249323443351
2026-01-05,0.6117184172363961
2026-01-06,0.6357976948288686
2026-01-07,0.6339929554719426
2026-01-08,0.6157477540363745
2026-01-09,0.6200622356981693
2026-01-12,0.6458086873409563
2026-01-13,0.6501618510407519
2026-01-14,0.5277372583275449
2026-01-15,0.5292995710152721
2026-01-16,0.5386236827667534
2026-01-19,0.5389999238948788
2026-01-20,0.539509616550917
2026-01-21,0.5406969422848594
2026-01-22,0.5398481560953985
2026-01-23,0.3853544749375349
2026-01-26,0.3809774916897802
2026-01-27,0.37609378954282574
2026-01-28,0.3601291439771702
2026-01-29,0.31672289647994184
2026-01-30,0.41300833674168735
2026-02-02,0.30273557629570647
2026-02-03,0.4226966890460077
2026-02-04,0.44949286690149326
2026-02-05,0.5415390007854354
2026-02-06,0.4948755345203904
2026-02-09,0.5842319704671376
2026-02-10,0.5782224365766059
2026-02-11,0.5763415992082259
2026-02-12,0.5784825024475476
2026-02-13,0.6789199406609054
2026-02-24,0.6995780724285646
2026-02-25,0.7307498669333559
2026-02-26,0.7337883385946729
2026-02-27,0.691649030975805
2026-03-02,0.6805565094424225
2026-03-03,0.7385873147011986
2026-03-04,0.6295591910771537
2026-03-05,0.7385658940211712
2026-03-06,0.7582193220831714
2026-03-09,0.6718880626857034
2026-03-10,0.5752342607286074
2026-03-11,0.6670434845642844
2026-03-12,0.6623961462085673
2026-03-13,0.7361837536591873
2026-03-16,0.7316477371785006
2026-03-17,0.6716150091278478
2026-03-18,0.6444639144338775
2026-03-19,0.5832467316696617
2026-03-20,0.5677203640228727
2026-03-23,0.9133648305861255
2026-03-24,1.0997084078355202
2026-03-25,1.1591098765099348
2026-03-26,1.2306947496967238
2026-03-27,1.211166099535141
2026-03-30,1.2384087905054044
2026-03-31,1.324951239774779
2026-04-01,1.2935409157319473
2026-04-02,1.3372669341494874
2026-04-03,1.3788811490049768
2026-04-07,1.378956585384081
2026-04-08,1.2203069866671072
2026-04-09,1.2398438804665652
2026-04-10,1.172400316361416
