order_book_id,date,report_year,report_period,info_classification,institute,info_summary,report_date,title,author,est_profit,report_date_last,title_last,est_profit_last,info_date,report_type,forecast_profit_max,forecast_profit_min,profit,profit_q,forecast_profit_growth_limit,profit_growth,forcast_profit_growth_limit_q,profit_growth_q,fin_report_date_last,fin_report_type_last,forecast_profit_max_last,forecast_profit_min_last,profit_last,con_calc_date,con_profit,con_calc_date_last,con_profit_last,con_profit_q_last,con_profit_gr_last,con_profit_gr_q_last,expect_rate,rice_create_tm,create_tm
000063.XSHE,2011-01-28,2010,q4,1403,,2011-01-28发布的业绩快报超出机构的一致预期,,,,,,,,2011-01-28,current_performance,,,3254251000.0000,,,,,,,,,,,,,2011-01-27,3059377504.9700,,,,0.0637,2021-04-12 11:01:47,2021-04-12 11:01:47
000063.XSHE,2011-01-28,2010,q4,1502,,2011-01-28发布的业绩快报同比增速超出一致预期2010同比增速,,,,,,,,2011-01-28,current_performance,,,3254251000.0000,,,0.3239,,,,,,,,,,2011-01-27,3059377504.9700,,0.2446,,0.0793,2021-04-12 11:01:47,2021-04-12 11:01:47
000063.XSHE,2011-01-28,2010,q4,1504,,2011-01-28发布的业绩快报同比增速超出2010一致预期同比增速,,,,,,,,2011-01-28,current_performance,,,,3254251000.0000,,,,0.4950,,,,,,,,2011-01-27,,1697974756.6000,,0.3411,0.1539,2021-04-12 11:01:47,2021-04-12 11:01:47
000063.XSHE,2013-06-17,2013,q4,1101,招商证券,"招商证券2013-06-17发布的报告上调了该股盈利预测,分析师：周炎,陈鹏,罗聪",2013-06-17,通信行业一周谈（0610-0614）：移动启动4G用户招募 电信开启100G集采,"周炎,陈鹏,罗聪",2373653833.8000,2013-06-13,中兴通讯：LTE持续推进 从招标启动向收入确认过渡,2362000000.0000,,,,,,,,,,,,,,,,,,,,,,,0.0049,2021-04-12 11:01:47,2021-04-12 11:01:47
000063.XSHE,2013-07-22,2013,q4,1101,中金财富,"中金财富2013-07-22发布的报告上调了该股盈利预测,分析师：王大鹏",2013-07-22,中兴通讯：业绩复苏确定 TD-LTE份额有望超预期,王大鹏,1715000000.0000,2013-06-14,通信设备及信息服务行业2013年度中期投资策略报告,1701000000.0000,,,,,,,,,,,,,,,,,,,,,,,0.0082,2021-04-12 11:01:47,2021-04-12 11:01:47
000063.XSHE,2013-07-22,2013,q4,1301,中金财富,中金财富2013-07-22发布的报告研报标题中含有超预期信息,2013-07-22,中兴通讯：业绩复苏确定 TD-LTE份额有望超预期,王大鹏,1715000000.0000,,,,,,,,,,,,,,,,,,,,,,,,,,,2021-04-12 11:01:47,2021-04-12 11:01:47
000063.XSHE,2013-07-22,2013,q4,1302,华泰证券,华泰证券2013-07-22发布的报告研报摘要中含有超预期信息,2013-07-22,中兴通讯：业绩反转确定 4G弄潮儿开始爆发,孔晓明,2567000000.0000,,,,,,,,,,,,,,,,,,,,,,,,,,,2021-04-12 11:01:47,2021-04-12 11:01:47
000063.XSHE,2013-07-23,2013,q4,1101,申万宏源,"申万宏源2013-07-23发布的报告上调了该股盈利预测,分析师：王晶",2013-07-23,2013下半年通信行业投资策略：穿越周期看发展 寻找4G真赢家,王晶,1479233548.6000,2013-07-01,中兴通讯：公司放弃激进战略 重回自身能力圈,1476000000.0000,,,,,,,,,,,,,,,,,,,,,,,0.0022,2021-04-12 11:01:47,2021-04-12 11:01:47
000063.XSHE,2013-07-23,2013,q4,1101,民生证券,"民生证券2013-07-23发布的报告上调了该股盈利预测,分析师：张彤宇,李勇",2013-07-23,中兴通讯：信息消费重启行业黄金十年 中兴通讯新起点再出发,"张彤宇,李勇",2761000000.0000,2013-06-18,2013年通信行业中期投资策略报告：4G来袭 开启数据爆炸时代 催生行业景气周期,2746000000.0000,,,,,,,,,,,,,,,,,,,,,,,0.0055,2021-04-12 11:01:47,2021-04-12 11:01:47
000063.XSHE,2013-07-23,2013,q4,1101,安信证券,"安信证券2013-07-23发布的报告上调了该股盈利预测,分析师：王学恒",2013-07-23,中兴通讯：众员激励 显著复苏,王学恒,3100700000.0000,2013-07-15,通信设备制造行业：尘埃落定、一触即发,3096070218.0000,,,,,,,,,,,,,,,,,,,,,,,0.0015,2021-04-12 11:01:47,2021-04-12 11:01:47
000063.XSHE,2013-07-23,2013,q4,1301,光大证券,光大证券2013-07-23发布的报告研报标题中含有超预期信息,2013-07-23,中兴通讯：业绩改善略超预期 股权激励彰显信心,"周励谦,宋嘉吉,顾建国",2571480000.0000,,,,,,,,,,,,,,,,,,,,,,,,,,,2021-04-12 11:01:47,2021-04-12 11:01:47
000063.XSHE,2013-07-23,2013,q4,1302,招商证券,招商证券2013-07-23发布的报告研报摘要中含有超预期信息,2013-07-23,中兴通讯：行业拐点已至 公司经营改善 激励提振信心,"陈鹏,罗聪,周炎",2344000000.0000,,,,,,,,,,,,,,,,,,,,,,,,,,,2021-04-12 11:01:47,2021-04-12 11:01:47
000063.XSHE,2013-07-23,2013,q4,1302,中信证券,中信证券2013-07-23发布的报告研报摘要中含有超预期信息,2013-07-23,中兴通讯：4G龙头顺周期起舞,陈剑,2111000000.0000,,,,,,,,,,,,,,,,,,,,,,,,,,,2021-04-12 11:01:47,2021-04-12 11:01:47
000063.XSHE,2013-07-23,2013,q4,1302,光大证券,光大证券2013-07-23发布的报告研报摘要中含有超预期信息,2013-07-23,中兴通讯：业绩改善略超预期 股权激励彰显信心,"周励谦,宋嘉吉,顾建国",2571480000.0000,,,,,,,,,,,,,,,,,,,,,,,,,,,2021-04-12 11:01:47,2021-04-12 11:01:47
000063.XSHE,2013-07-23,2013,q4,1302,国金证券,国金证券2013-07-23发布的报告研报摘要中含有超预期信息,2013-07-23,中兴通讯：节流带来业绩拐点 激励驱动持续发展,张帅,2339253053.6000,,,,,,,,,,,,,,,,,,,,,,,,,,,2021-04-12 11:01:47,2021-04-12 11:01:47
000063.XSHE,2013-07-23,2013,q4,1302,安信证券,安信证券2013-07-23发布的报告研报摘要中含有超预期信息,2013-07-23,中兴通讯：众员激励 显著复苏,王学恒,3100700000.0000,,,,,,,,,,,,,,,,,,,,,,,,,,,2021-04-12 11:01:47,2021-04-12 11:01:47
000063.XSHE,2013-07-31,2013,q4,1101,华泰证券,"华泰证券2013-07-31发布的报告上调了该股盈利预测,分析师：孔晓明,康志毅",2013-07-31,通信行业：未来2年持续受益4G建网 重点推荐4家公司4G投资策略,"孔晓明,康志毅",2580058515.0000,2013-07-22,中兴通讯：业绩反转确定 4G弄潮儿开始爆发,2567000000.0000,,,,,,,,,,,,,,,,,,,,,,,0.0051,2021-04-12 11:01:47,2021-04-12 11:01:47
000063.XSHE,2013-08-11,2013,q4,1302,中泰证券,中泰证券2013-08-11发布的报告研报摘要中含有超预期信息,2013-08-11,TMT行业周报（0805-0809）：风格轮换 布局科技蓝筹的中期机会,杨红,2064000000.0000,,,,,,,,,,,,,,,,,,,,,,,,,,,2021-04-12 11:01:47,2021-04-12 11:01:47
000063.XSHE,2013-08-22,2013,q4,1101,申万宏源,"申万宏源2013-08-22发布的报告上调了该股盈利预测,分析师：王晶",2013-08-22,中兴通讯2013年中报及三季度业绩预告点评：业绩逐季改善趋势明晰,王晶,1479000000.0000,2013-07-24,中兴通讯半年业绩快报及股权激励方案点评：反转趋势明确 上调投资评级,1473000000.0000,,,,,,,,,,,,,,,,,,,,,,,0.0041,2021-04-12 11:01:47,2021-04-12 11:01:47
000063.XSHE,2013-08-22,2013,q4,1101,国金证券,"国金证券2013-08-22发布的报告上调了该股盈利预测,分析师：张帅",2013-08-22,中兴通讯：业绩符合预期 看好LTE规模份额超预期,张帅,2408000000.0000,2013-07-23,中兴通讯：节流带来业绩拐点 激励驱动持续发展,2339253053.6000,,,,,,,,,,,,,,,,,,,,,,,0.0294,2021-04-12 11:01:47,2021-04-12 11:01:47
000063.XSHE,2013-08-22,2013,q4,1101,华创证券,"华创证券2013-08-22发布的报告上调了该股盈利预测,分析师：马军,束海峰",2013-08-22,中兴通讯：行业持续景气 业绩季度持续改善,"马军,束海峰",2005000000.0000,2013-08-18,信息设备行业：“宽带中国”落地 指引行业长远发展,1995245251.6000,,,,,,,,,,,,,,,,,,,,,,,0.0049,2021-04-12 11:01:47,2021-04-12 11:01:47
000063.XSHE,2013-08-22,2013,q4,1301,招商证券,招商证券2013-08-22发布的报告研报标题中含有超预期信息,2013-08-22,中兴通讯：拐点二次确认 LTE中标超预期 守望未来成长,"陈鹏,周炎,罗聪",2270000000.0000,,,,,,,,,,,,,,,,,,,,,,,,,,,2021-04-12 11:01:47,2021-04-12 11:01:47
000063.XSHE,2013-08-22,2013,q4,1301,银河证券,银河证券2013-08-22发布的报告研报标题中含有超预期信息,2013-08-22,中兴通讯：业绩超市场预期 宽带中国、智慧城市、信息设备国产化替代多元驱动业务前景,朱劲松,2089000000.0000,,,,,,,,,,,,,,,,,,,,,,,,,,,2021-10-29 13:57:22,2021-10-29 13:57:22
000063.XSHE,2013-08-22,2013,q4,1301,国金证券,国金证券2013-08-22发布的报告研报标题中含有超预期信息,2013-08-22,中兴通讯：业绩符合预期 看好LTE规模份额超预期,张帅,2408000000.0000,,,,,,,,,,,,,,,,,,,,,,,,,,,2021-04-12 11:01:47,2021-04-12 11:01:47
000063.XSHE,2013-08-22,2013,q4,1302,招商证券,招商证券2013-08-22发布的报告研报摘要中含有超预期信息,2013-08-22,中兴通讯：拐点二次确认 LTE中标超预期 守望未来成长,"陈鹏,周炎,罗聪",2270000000.0000,,,,,,,,,,,,,,,,,,,,,,,,,,,2021-04-12 11:01:47,2021-04-12 11:01:47
000063.XSHE,2013-08-22,2013,q4,1302,海通证券,海通证券2013-08-22发布的报告研报摘要中含有超预期信息,2013-08-22,中兴通讯：业绩符合预期 已稳步进入上升通道,陈美风,1978390000.0000,,,,,,,,,,,,,,,,,,,,,,,,,,,2021-04-12 11:01:47,2021-04-12 11:01:47
000063.XSHE,2013-08-22,2013,q4,1302,兴业证券,兴业证券2013-08-22发布的报告研报摘要中含有超预期信息,2013-08-22,中兴通讯：业绩一路向好 静待LTE牌照发放,"李明杰,唐海清",2054000000.0000,,,,,,,,,,,,,,,,,,,,,,,,,,,2021-04-12 11:01:47,2021-04-12 11:01:47
000063.XSHE,2013-08-22,2013,q4,1302,国金证券,国金证券2013-08-22发布的报告研报摘要中含有超预期信息,2013-08-22,中兴通讯：业绩符合预期 看好LTE规模份额超预期,张帅,2408000000.0000,,,,,,,,,,,,,,,,,,,,,,,,,,,2021-04-12 11:01:47,2021-04-12 11:01:47
000063.XSHE,2013-08-27,2013,q4,1101,中金财富,"中金财富2013-08-27发布的报告上调了该股盈利预测,分析师：王大鹏",2013-08-27,中兴通讯：中国信息设备龙头 4G时代浴火重生,王大鹏,1799000000.0000,2013-07-22,中兴通讯：业绩复苏确定 TD-LTE份额有望超预期,1715000000.0000,,,,,,,,,,,,,,,,,,,,,,,0.0490,2021-04-12 11:01:47,2021-04-12 11:01:47
000063.XSHE,2013-09-04,2013,q4,1302,粤开证券,粤开证券2013-09-04发布的报告研报摘要中含有超预期信息,2013-09-04,中兴通讯：关注重点转向“战略反攻”,"文国庆,黄继晨",1112000000.0000,,,,,,,,,,,,,,,,,,,,,,,,,,,2021-04-12 11:01:47,2021-04-12 11:01:47
000063.XSHE,2013-09-16,2013,q4,1102,中信建投,"中信建投2013-09-16发布的报告上调了该股盈利预测,分析师：戴春荣",2013-09-16,通信行业周报：中国将很快发布4G牌照重申4G为跨年投资主线,戴春荣,2028149354.0200,2013-08-22,中兴通讯：经营能力不断改善 行业高景气助力公司业绩进入上升通道,2026790000.0000,,,,,,,,,,,,,,,,,,,,,,,0.0007,2021-04-12 11:01:47,2021-04-12 11:01:47
000063.XSHE,2013-10-13,2013,q4,1302,民族证券,民族证券2013-10-13发布的报告研报摘要中含有超预期信息,2013-10-13,通信设备行业季度策略：4G、移动转售落地 行业上行,王晓艳,1718770639.0000,,,,,,,,,,,,,,,,,,,,,,,,,,,2021-04-12 11:01:47,2021-04-12 11:01:47
000063.XSHE,2013-10-22,2013,q4,1301,银河证券,银河证券2013-10-22发布的报告研报标题中含有超预期信息,2013-10-22,中兴通讯：净利润符合预期 盈利能力趋势性指标好转超预期,朱劲松,1986000000.0000,,,,,,,,,,,,,,,,,,,,,,,,,,,2021-04-12 11:01:47,2021-04-12 11:01:47
000063.XSHE,2013-10-23,2013,q4,1101,申万宏源,"申万宏源2013-10-23发布的报告上调了该股盈利预测,分析师：王晶",2013-10-23,中兴通讯：收入、毛利率均超预期 高额资产减值影响利润,王晶,1484000000.0000,2013-08-22,中兴通讯2013年中报及三季度业绩预告点评：业绩逐季改善趋势明晰,1479000000.0000,,,,,,,,,,,,,,,,,,,,,,,0.0034,2021-04-12 11:01:47,2021-04-12 11:01:47
000063.XSHE,2013-10-23,2013,q4,1101,安信证券,"安信证券2013-10-23发布的报告上调了该股盈利预测,分析师：王学恒",2013-10-23,中兴通讯三季报点评：毛利提升 后劲十足,王学恒,2209100000.0000,2013-08-28,安全专题报告之信息安全：后“棱镜门”时代的投资策略,2201649932.8000,,,,,,,,,,,,,,,,,,,,,,,0.0034,2021-04-12 11:01:47,2021-04-12 11:01:47
000063.XSHE,2013-10-23,2013,q4,1301,申万宏源,申万宏源2013-10-23发布的报告研报标题中含有超预期信息,2013-10-23,中兴通讯：收入、毛利率均超预期 高额资产减值影响利润,王晶,1484000000.0000,,,,,,,,,,,,,,,,,,,,,,,,,,,2021-04-12 11:01:47,2021-04-12 11:01:47
000063.XSHE,2013-10-23,2013,q4,1302,招商证券,招商证券2013-10-23发布的报告研报摘要中含有超预期信息,2013-10-23,中兴通讯：业绩符合预期 “行业拐点加公司拐点”双驱动,"陈鹏,周炎,罗聪",1861000000.0000,,,,,,,,,,,,,,,,,,,,,,,,,,,2021-04-12 11:01:47,2021-04-12 11:01:47
000063.XSHE,2013-10-23,2013,q4,1302,申万宏源,申万宏源2013-10-23发布的报告研报摘要中含有超预期信息,2013-10-23,中兴通讯：收入、毛利率均超预期 高额资产减值影响利润,王晶,1484000000.0000,,,,,,,,,,,,,,,,,,,,,,,,,,,2021-04-12 11:01:47,2021-04-12 11:01:47
000063.XSHE,2013-10-23,2013,q4,1302,民生证券,民生证券2013-10-23发布的报告研报摘要中含有超预期信息,2013-10-23,中兴通讯：业绩逐季改善 未来增长可期,"张彤宇,李勇",2761000000.0000,,,,,,,,,,,,,,,,,,,,,,,,,,,2021-04-12 11:01:47,2021-04-12 11:01:47
000063.XSHE,2013-10-23,2013,q4,1302,中信证券,中信证券2013-10-23发布的报告研报摘要中含有超预期信息,2013-10-23,中兴通讯：兑现承诺 3G/4G收益延期,陈剑,2111000000.0000,,,,,,,,,,,,,,,,,,,,,,,,,,,2021-04-12 11:01:47,2021-04-12 11:01:47
000063.XSHE,2013-10-23,2013,q4,1302,海通证券,海通证券2013-10-23发布的报告研报摘要中含有超预期信息,2013-10-23,中兴通讯：业绩符合预期 4G市场地位稳固,"侯云哲,徐力",1680920000.0000,,,,,,,,,,,,,,,,,,,,,,,,,,,2021-04-12 11:01:47,2021-04-12 11:01:47
000063.XSHE,2013-12-04,2013,q4,1101,宏源证券,"宏源证券2013-12-04发布的报告上调了该股盈利预测,分析师：胡颖",2013-12-04,通信行业：4G及移动互联新时代,胡颖,1773690000.0000,2013-10-22,中兴通讯：全年扭亏为盈无压力,1448920000.0000,,,,,,,,,,,,,,,,,,,,,,,0.2241,2021-04-12 11:01:47,2021-04-12 11:01:47
000063.XSHE,2013-12-05,2013,q4,1102,中信建投,"中信建投2013-12-05发布的报告上调了该股盈利预测,分析师：于海宁,刘博生,武超则",2013-12-05,通信行业：4G牌照发放 重点关注主设备商及移动互联网应用,"于海宁,刘博生,武超则",2028149354.0200,2013-10-23,中兴通讯：毛利率显著回升 4G受益将在未来体现 王者将要归来,1693710000.0000,,,,,,,,,,,,,,,,,,,,,,,0.1975,2021-04-12 11:01:47,2021-04-12 11:01:47
000063.XSHE,2013-12-19,2013,q4,1101,海通证券,"海通证券2013-12-19发布的报告上调了该股盈利预测,分析师：徐力,侯云哲",2013-12-19,通信行业2014年度策略报告会：4G和北斗双星闪耀 2014年更精彩,"徐力,侯云哲",1684395226.2200,2013-10-23,中兴通讯：业绩符合预期 4G市场地位稳固,1680920000.0000,,,,,,,,,,,,,,,,,,,,,,,0.0021,2021-04-12 11:01:47,2021-04-12 11:01:47
000063.XSHE,2013-12-30,2013,q4,1302,光大证券,光大证券2013-12-30发布的报告研报摘要中含有超预期信息,2013-12-30,通信行业2014年度投资策略：4G逐步兑现业绩 流量经营寻求模式突破,研究所,2570000000.0000,,,,,,,,,,,,,,,,,,,,,,,,,,,2021-04-12 11:01:47,2021-04-12 11:01:47
000063.XSHE,2014-01-21,2013,q4,1302,长江证券,长江证券2014-01-21发布的报告研报摘要中含有超预期信息,2014-01-21,中兴通讯：分享行业景气 盈利步入快速增长期,"陈志坚,胡路",1409391923.9800,,,,,,,,,,,,,,,,,,,,,,,,,,,2021-04-12 11:01:47,2021-04-12 11:01:47
000063.XSHE,2014-03-27,2014,q4,1101,招商证券,"招商证券2014-03-27发布的报告上调了该股盈利预测,分析师：周炎,罗聪",2014-03-27,中兴通讯：业绩符合预期 迎来4G收获期,"周炎,罗聪",2741000000.0000,2014-01-26,中兴通讯：被低估的通讯龙头 受益4G具备业绩弹性,2737000000.0000,,,,,,,,,,,,,,,,,,,,,,,0.0015,2021-04-12 11:01:47,2021-04-12 11:01:47
000063.XSHE,2014-03-27,2014,q4,1101,华泰证券,"华泰证券2014-03-27发布的报告上调了该股盈利预测,分析师：孔晓明,康志毅",2014-03-27,中兴通讯：高增长确定 估值处于低位,"孔晓明,康志毅",2687000000.0000,2014-02-11,中兴通讯：进入4G收获期 重振终端业务,2238000000.0000,,,,,,,,,,,,,,,,,,,,,,,0.2006,2021-04-12 11:01:47,2021-04-12 11:01:47
000063.XSHE,2014-03-27,2014,q4,1101,中泰证券,"中泰证券2014-03-27发布的报告上调了该股盈利预测,分析师：陈运红",2014-03-27,中兴通讯：14年主业有望扭转下滑趋势,陈运红,2766000000.0000,2014-01-21,中兴通讯：峰回路转 买点到来,2752000000.0000,,,,,,,,,,,,,,,,,,,,,,,0.0051,2021-04-12 11:01:47,2021-04-12 11:01:47
000063.XSHE,2014-03-27,2014,q4,1101,东莞证券,"东莞证券2014-03-27发布的报告上调了该股盈利预测,分析师：杨鑫林",2014-03-27,中兴通讯：业绩拐点确认 重回高速增长通道,杨鑫林,2563830000.0000,2014-01-21,中兴通讯：全年将扭亏为盈 终端业绩继续承压,2149080000.0000,,,,,,,,,,,,,,,,,,,,,,,0.1930,2021-04-12 11:01:47,2021-04-12 11:01:47
000063.XSHE,2014-03-27,2014,q4,1302,中泰证券,中泰证券2014-03-27发布的报告研报摘要中含有超预期信息,2014-03-27,中兴通讯：14年主业有望扭转下滑趋势,陈运红,2766000000.0000,,,,,,,,,,,,,,,,,,,,,,,,,,,2021-04-12 11:01:47,2021-04-12 11:01:47
000063.XSHE,2014-04-01,2014,q4,1302,海通证券,海通证券2014-04-01发布的报告研报摘要中含有超预期信息,2014-04-01,中兴通讯：复苏确定 2014年更精彩,"侯云哲,徐力",2444420000.0000,,,,,,,,,,,,,,,,,,,,,,,,,,,2021-04-12 11:01:47,2021-04-12 11:01:47
000063.XSHE,2014-04-02,2014,q4,1302,粤开证券,粤开证券2014-04-02发布的报告研报摘要中含有超预期信息,2014-04-02,中兴通讯：业绩持续复苏 关注终端业务发展,"丁思德,黄继晨",2380000000.0000,,,,,,,,,,,,,,,,,,,,,,,,,,,2021-04-12 11:01:47,2021-04-12 11:01:47
000063.XSHE,2014-04-10,2014,q4,1102,中信建投,"中信建投2014-04-10发布的报告上调了该股盈利预测,分析师：刘博生,武超则",2014-04-10,中兴通讯：Q1业绩大幅预增 14年业绩高增长可期,"刘博生,武超则",2808320000.0000,2014-01-27,通信行业：4G商用竞争加剧 电信联通放号在即 通信行业持续向好,2744200000.0000,,,,,,,,,,,,,,,,,,,,,,,0.0234,2021-04-12 11:01:47,2021-04-12 11:01:47
000063.XSHE,2014-04-10,2014,q4,1302,中信建投,中信建投2014-04-10发布的报告研报摘要中含有超预期信息,2014-04-10,中兴通讯：Q1业绩大幅预增 14年业绩高增长可期,"刘博生,武超则",2808320000.0000,,,,,,,,,,,,,,,,,,,,,,,,,,,2021-04-12 11:01:47,2021-04-12 11:01:47
000063.XSHE,2014-04-11,2014,q1,1502,,2014-04-11发布的业绩预告同比增速超出一致预期2014同比增速,,,,,,,,2014-04-11,performance_forecast,637000000.0000,425000000.0000,,,1.0732,,,,,,,,,,,2014-04-10,2705566881.8083,,0.9928,,0.0804,2021-04-12 11:01:47,2021-04-12 11:01:47
000063.XSHE,2014-04-11,2014,q1,1504,,2014-04-11发布的业绩预告同比增速超出2014一致预期同比增速,,,,,,,,2014-04-11,performance_forecast,637000000.0000,425000000.0000,,,,,1.0732,,,,,,,,,2014-04-10,,408516028.8000,,0.9928,0.0804,2021-04-12 11:01:47,2021-04-12 11:01:47
000063.XSHE,2014-04-11,2014,q4,1301,招商证券,招商证券2014-04-11发布的报告研报标题中含有超预期信息,2014-04-11,中兴通讯：业绩超市场预期 全年高增长确定,"周炎,罗聪",2741000000.0000,,,,,,,,,,,,,,,,,,,,,,,,,,,2021-10-29 13:57:22,2021-10-29 13:57:22
000063.XSHE,2014-04-11,2014,q4,1301,光大证券,光大证券2014-04-11发布的报告研报标题中含有超预期信息,2014-04-11,中兴通讯：业绩大幅超预期 继续受益4G和终端业务,"顾建国,周励谦",2417100000.0000,,,,,,,,,,,,,,,,,,,,,,,,,,,2021-04-12 11:01:47,2021-04-12 11:01:47
000063.XSHE,2014-04-11,2014,q4,1301,安信证券,安信证券2014-04-11发布的报告研报标题中含有超预期信息,2014-04-11,中兴通讯：复苏超预期 4G龙头价值被低估,衡昆,2738100000.0000,,,,,,,,,,,,,,,,,,,,,,,,,,,2021-04-12 11:01:47,2021-04-12 11:01:47
000063.XSHE,2014-04-11,2014,q4,1302,招商证券,招商证券2014-04-11发布的报告研报摘要中含有超预期信息,2014-04-11,中兴通讯：业绩超市场预期 全年高增长确定,"周炎,罗聪",2741000000.0000,,,,,,,,,,,,,,,,,,,,,,,,,,,2021-04-12 11:01:47,2021-04-12 11:01:47
000063.XSHE,2014-04-11,2014,q4,1302,中信证券,中信证券2014-04-11发布的报告研报摘要中含有超预期信息,2014-04-11,中兴通讯：业绩反转确认 长期价值低估,"陈剑,李伟",3025000000.0000,,,,,,,,,,,,,,,,,,,,,,,,,,,2021-04-12 11:01:47,2021-04-12 11:01:47
000063.XSHE,2014-04-11,2014,q4,1302,华泰证券,华泰证券2014-04-11发布的报告研报摘要中含有超预期信息,2014-04-11,中兴通讯：卸包袱迎高增 重申买入评级,"孔晓明,康志毅",2687000000.0000,,,,,,,,,,,,,,,,,,,,,,,,,,,2021-04-12 11:01:47,2021-04-12 11:01:47
000063.XSHE,2014-04-11,2014,q4,1302,光大证券,光大证券2014-04-11发布的报告研报摘要中含有超预期信息,2014-04-11,中兴通讯：业绩大幅超预期 继续受益4G和终端业务,"顾建国,周励谦",2417100000.0000,,,,,,,,,,,,,,,,,,,,,,,,,,,2021-04-12 11:01:47,2021-04-12 11:01:47
000063.XSHE,2014-04-14,2014,q4,1302,中信建投,中信建投2014-04-14发布的报告研报摘要中含有超预期信息,2014-04-14,通信行业：宽带接入业务开放可期 新商业模式助NFC获各方关注,"武超则,于海宁,刘博生",2808320000.0000,,,,,,,,,,,,,,,,,,,,,,,,,,,2021-04-12 11:01:47,2021-04-12 11:01:47
000063.XSHE,2014-04-17,2014,q4,1301,国泰君安,国泰君安2014-04-17发布的报告研报标题中含有超预期信息,2014-04-17,中兴通讯：复苏态势明确 上半年业绩再超预期,"宋嘉吉,周明",2845000000.0000,,,,,,,,,,,,,,,,,,,,,,,,,,,2021-04-12 11:01:47,2021-04-12 11:01:47
000063.XSHE,2014-04-18,2014,q1,1405,,2014-04-18发布的财报中，1季度净利润增速超出机构的一致预期,,,,,,,,2014-04-18,financial_reports,,,,622182000.0000,,,,2.0351,,,,,,,,2014-04-17,,407163055.2000,,,0.5281,2021-04-12 11:01:47,2021-04-12 11:01:47
000063.XSHE,2014-04-18,2014,q1,1501,,2014-04-18发布的财报净利润同比增速超出一致预期2014同比增速,,,,,,,,2014-04-18,financial_reports,,,622182000.0000,,,2.0351,,,,,,,,,,2014-04-17,2696580215.1417,,0.9862,,1.0489,2021-04-12 11:01:47,2021-04-12 11:01:47
000063.XSHE,2014-04-18,2014,q1,1503,,2014-04-18发布的财报净利润同比增速超出2014一致预期同比增速,,,,,,,,2014-04-18,financial_reports,,,,622182000.0000,,,,2.0351,,,,,,,,2014-04-17,,407163055.2000,,0.9862,1.0489,2021-04-12 11:01:47,2021-04-12 11:01:47
000063.XSHE,2014-04-18,2014,q2,1502,,2014-04-18发布的业绩预告同比增速超出一致预期2014同比增速,,,,,,,,2014-04-18,performance_forecast,1000000000.0000,800000000.0000,,,1.5805,,,,,,,,,,,2014-04-17,2696580215.1417,,0.9862,,0.5943,2021-04-12 11:01:47,2021-04-12 11:01:47
000063.XSHE,2014-04-18,2014,q4,1101,中金公司,"中金公司2014-04-18发布的报告上调了该股盈利预测,分析师：董和孟",2014-04-18,中兴通讯：资本开支加速 预示业绩持续改善,董和孟,2398000000.0000,2014-03-28,中兴通讯：2013过去时 2014年4G推动力加速,2136000000.0000,,,,,,,,,,,,,,,,,,,,,,,0.1227,2021-04-12 11:01:47,2021-04-12 11:01:47
000063.XSHE,2014-04-21,2014,q4,1101,瑞银证券,"瑞银证券2014-04-21发布的报告上调了该股盈利预测,分析师：周中",2014-04-21,中兴通讯A：收入强势反弹,周中,3094000000.0000,2014-02-13,中兴通讯A：有望丰收在即,2980000000.0000,,,,,,,,,,,,,,,,,,,,,,,0.0383,2021-04-12 11:01:47,2021-04-12 11:01:47
000063.XSHE,2014-04-21,2014,q4,1302,海通证券,海通证券2014-04-21发布的报告研报摘要中含有超预期信息,2014-04-21,中兴通讯：营收毛利率双恢复 公司步入增长快车道,"侯云哲,徐力",2444420000.0000,,,,,,,,,,,,,,,,,,,,,,,,,,,2021-04-12 11:01:47,2021-04-12 11:01:47
000063.XSHE,2014-06-12,2014,q4,1302,国泰君安,国泰君安2014-06-12发布的报告研报摘要中含有超预期信息,2014-06-12,中兴通讯：致力于成为M-ICT时代第一品牌,"宋嘉吉,周明",2845000000.0000,,,,,,,,,,,,,,,,,,,,,,,,,,,2021-04-12 11:01:47,2021-04-12 11:01:47
000063.XSHE,2014-07-14,2014,q4,1101,华泰证券,"华泰证券2014-07-14发布的报告上调了该股盈利预测,分析师：孔晓明,康志毅",2014-07-14,中兴通讯：业绩超预期 高增长持续性可期,"孔晓明,康志毅",2885000000.0000,2014-04-18,中兴通讯：预期中报持续高增 再次重申买入,2687000000.0000,,,,,,,,,,,,,,,,,,,,,,,0.0737,2021-04-12 11:01:47,2021-04-12 11:01:47
000063.XSHE,2014-07-14,2014,q4,1301,长江证券,长江证券2014-07-14发布的报告研报标题中含有超预期信息,2014-07-14,中兴通讯：业绩表现超出市场预期 充分受益于行业高景气,"胡路,陈志坚",2990660911.8600,,,,,,,,,,,,,,,,,,,,,,,,,,,2021-10-29 13:57:22,2021-10-29 13:57:22
000063.XSHE,2014-07-14,2014,q4,1301,华泰证券,华泰证券2014-07-14发布的报告研报标题中含有超预期信息,2014-07-14,中兴通讯：业绩超预期 高增长持续性可期,"孔晓明,康志毅",2885000000.0000,,,,,,,,,,,,,,,,,,,,,,,,,,,2021-04-12 11:01:47,2021-04-12 11:01:47
000063.XSHE,2014-07-14,2014,q4,1302,华泰证券,华泰证券2014-07-14发布的报告研报摘要中含有超预期信息,2014-07-14,中兴通讯：业绩超预期 高增长持续性可期,"孔晓明,康志毅",2885000000.0000,,,,,,,,,,,,,,,,,,,,,,,,,,,2021-04-12 11:01:47,2021-04-12 11:01:47
000063.XSHE,2014-07-15,2014,q2,1401,,2014-07-15发布的业绩预告上调了报告期业绩,,,,,,,,2014-07-15,performance_forecast,1150000000.0000,1000000000.0000,,,,,,,2014-04-18,1.0,1000000000.0000,800000000.0000,,,,,,,,,,2021-04-12 11:01:47,2021-04-12 11:01:47
000063.XSHE,2014-07-15,2014,q2,1502,,2014-07-15发布的业绩预告同比增速超出一致预期2014同比增速,,,,,,,,2014-07-15,performance_forecast,1150000000.0000,1000000000.0000,,,2.2257,,,,,,,,,,,2014-07-14,2718489190.7716,,1.0023,,1.2233,2021-04-12 11:01:47,2021-04-12 11:01:47
000063.XSHE,2014-07-15,2014,q2,1504,,2014-07-15发布的业绩预告同比增速超出2014一致预期同比增速,,,,,,,,2014-07-15,performance_forecast,1150000000.0000,1000000000.0000,,,,,2.5977,,,,,,,,,2014-07-14,,190992599.2000,,0.8187,1.7790,2021-04-12 11:01:47,2021-04-12 11:01:47
000063.XSHE,2014-07-15,2014,q4,1101,光大证券,"光大证券2014-07-15发布的报告上调了该股盈利预测,分析师：田明华,顾建国",2014-07-15,中兴通讯：中报预告上调 复苏势头迅猛,"田明华,顾建国",2552080000.0000,2014-04-27,中兴通讯：专利申请全球第二 知识产权凸显价值,2417100000.0000,,,,,,,,,,,,,,,,,,,,,,,0.0558,2021-04-12 11:01:47,2021-04-12 11:01:47
000063.XSHE,2014-07-15,2014,q4,1301,民生证券,民生证券2014-07-15发布的报告研报标题中含有超预期信息,2014-07-15,中兴通讯：三大业务全面向好 中报业绩再超预期,"张彤宇,李勇",2837000000.0000,,,,,,,,,,,,,,,,,,,,,,,,,,,2021-04-12 11:01:47,2021-04-12 11:01:47
000063.XSHE,2014-07-15,2014,q4,1301,中信建投,中信建投2014-07-15发布的报告研报标题中含有超预期信息,2014-07-15,中兴通讯：中报预告业绩超预期 通信行业龙头公司强势归来,"刘博生,武超则",2808320000.0000,,,,,,,,,,,,,,,,,,,,,,,,,,,2021-04-12 11:01:47,2021-04-12 11:01:47
000063.XSHE,2014-07-15,2014,q4,1302,中信建投,中信建投2014-07-15发布的报告研报摘要中含有超预期信息,2014-07-15,中兴通讯：中报预告业绩超预期 通信行业龙头公司强势归来,"刘博生,武超则",2808320000.0000,,,,,,,,,,,,,,,,,,,,,,,,,,,2021-04-12 11:01:47,2021-04-12 11:01:47
000063.XSHE,2014-07-27,2014,q4,1302,国泰君安,国泰君安2014-07-27发布的报告研报摘要中含有超预期信息,2014-07-27,中兴通讯：全球发力LTE建设 中兴投资价值凸显,"宋嘉吉,周明,王胜",2845000000.0000,,,,,,,,,,,,,,,,,,,,,,,,,,,2021-04-12 11:01:47,2021-04-12 11:01:47
000063.XSHE,2014-08-15,2014,q4,1101,群益证券,"群益证券2014-08-15发布的报告上调了该股盈利预测,分析师：胡嘉铭",2014-08-15,中兴通讯：受益国内4G建设 1-9月净利润17-19亿,胡嘉铭,2724000000.0000,2014-07-15,中兴通讯：4G建设加速 1H14净利润上修至10-11.5亿元,2313000000.0000,,,,,,,,,,,,,,,,,,,,,,,0.1777,2021-04-12 11:01:47,2021-04-12 11:01:47
000063.XSHE,2014-08-20,2014,q4,1101,招商证券,"招商证券2014-08-20发布的报告上调了该股盈利预测,分析师：罗聪,周炎",2014-08-20,中兴通讯：国内4G最受益标的 业绩高增长确定性强,"罗聪,周炎",3010000000.0000,2014-07-15,中兴通讯：受益4G业绩将持续释放,2741000000.0000,,,,,,,,,,,,,,,,,,,,,,,0.0981,2021-04-12 11:01:47,2021-04-12 11:01:47
000063.XSHE,2014-08-21,2014,q2,1405,,2014-08-21发布的财报中，2季度净利润增速超出机构的一致预期,,,,,,,,2014-08-21,financial_reports,,,,506024000.0000,,,,3.8185,,,,,,,,2014-08-20,,189774413.6000,,,1.6665,2021-04-12 11:01:47,2021-04-12 11:01:47
000063.XSHE,2014-08-21,2014,q2,1501,,2014-08-21发布的财报净利润同比增速超出一致预期2014同比增速,,,,,,,,2014-08-21,financial_reports,,,1128206000.0000,,,2.6392,,,,,,,,,,2014-08-20,2705135139.6980,,0.9925,,1.6467,2021-04-12 11:01:47,2021-04-12 11:01:47
000063.XSHE,2014-08-21,2014,q2,1503,,2014-08-21发布的财报净利润同比增速超出2014一致预期同比增速,,,,,,,,2014-08-21,financial_reports,,,,506024000.0000,,,,3.8185,,,,,,,,2014-08-20,,189774413.6000,,0.8071,3.0114,2021-04-12 11:01:47,2021-04-12 11:01:47
000063.XSHE,2014-08-21,2014,q3,1502,,2014-08-21发布的业绩预告同比增速超出一致预期2014同比增速,,,,,,,,2014-08-21,performance_forecast,1900000000.0000,1700000000.0000,,,2.0819,,,,,,,,,,,2014-08-20,2705135139.6980,,0.9925,,1.0894,2021-04-12 11:01:47,2021-04-12 11:01:47
000063.XSHE,2014-08-21,2014,q3,1504,,2014-08-21发布的业绩预告同比增速超出2014一致预期同比增速,,,,,,,,2014-08-21,performance_forecast,1900000000.0000,1700000000.0000,,,,,1.3668,,,,,,,,,2014-08-20,,363636752.4000,,0.5052,0.8616,2021-04-12 11:01:47,2021-04-12 11:01:47
000063.XSHE,2014-08-21,2014,q4,1101,国泰君安,"国泰君安2014-08-21发布的报告上调了该股盈利预测,分析师：宋嘉吉,周明,王胜",2014-08-21,中兴通讯：业绩持续向好 M-ICT打开未来空间,"宋嘉吉,周明,王胜",3059000000.0000,2014-07-27,中兴通讯：全球发力LTE建设 中兴投资价值凸显,2845000000.0000,,,,,,,,,,,,,,,,,,,,,,,0.0752,2021-04-12 11:01:47,2021-04-12 11:01:47
000063.XSHE,2014-08-21,2014,q4,1101,中金公司,"中金公司2014-08-21发布的报告上调了该股盈利预测,分析师：林荣彦,董和孟",2014-08-21,"ZTE(000063.SZ/00763.HK):1H high-end of guidance,2H capex accelerating,UG to Buy","林荣彦,董和孟",2543000000.0000,2014-07-08,中兴通讯：前行道路上不乏挑战 但M-ICT机遇显现,2398000000.0000,,,,,,,,,,,,,,,,,,,,,,,0.0605,2021-04-12 11:01:47,2021-04-12 11:01:47
000063.XSHE,2014-08-21,2014,q4,1101,中信证券,"中信证券2014-08-21发布的报告上调了该股盈利预测,分析师：陈剑,李伟,王浩冰",2014-08-21,中兴通讯：业绩持续反转 下半年业绩创新高可期,"陈剑,李伟,王浩冰",3090000000.0000,2014-08-18,中兴通讯：运营商下半年资本开支持续增长,3025000000.0000,,,,,,,,,,,,,,,,,,,,,,,0.0215,2021-04-12 11:01:47,2021-04-12 11:01:47
000063.XSHE,2014-08-21,2014,q4,1101,光大证券,"光大证券2014-08-21发布的报告上调了该股盈利预测,分析师：顾建国,田明华",2014-08-21,中兴通讯：中报业绩增长264% 再次上调盈利预测,"顾建国,田明华",2660490000.0000,2014-07-15,中兴通讯：中报预告上调 复苏势头迅猛,2552080000.0000,,,,,,,,,,,,,,,,,,,,,,,0.0425,2021-04-12 11:01:47,2021-04-12 11:01:47
000063.XSHE,2014-08-21,2014,q4,1101,粤开证券,"粤开证券2014-08-21发布的报告上调了该股盈利预测,分析师：丁思德",2014-08-21,中兴通讯：财务费用锐减助盈利略超预期 跨产业发展值得期待,丁思德,2722000000.0000,2014-04-02,中兴通讯：业绩持续复苏 关注终端业务发展,2380000000.0000,,,,,,,,,,,,,,,,,,,,,,,0.1437,2021-04-12 11:01:47,2021-04-12 11:01:47
000063.XSHE,2014-08-21,2014,q4,1301,长江证券,长江证券2014-08-21发布的报告研报标题中含有超预期信息,2014-08-21,中兴通讯：4G驱动力显现 业绩表现超预期,胡路,2990660911.8600,,,,,,,,,,,,,,,,,,,,,,,,,,,2021-04-12 11:01:47,2021-04-12 11:01:47
000063.XSHE,2014-08-21,2014,q4,1301,银河证券,银河证券2014-08-21发布的报告研报标题中含有超预期信息,2014-08-21,中兴通讯：业绩略超预期 看好公司由中端制造迈向高端制造的新征程,朱劲松,2801000000.0000,,,,,,,,,,,,,,,,,,,,,,,,,,,2021-04-12 11:01:47,2021-04-12 11:01:47
000063.XSHE,2014-08-21,2014,q4,1301,粤开证券,粤开证券2014-08-21发布的报告研报标题中含有超预期信息,2014-08-21,中兴通讯：财务费用锐减助盈利略超预期 跨产业发展值得期待,丁思德,2722000000.0000,,,,,,,,,,,,,,,,,,,,,,,,,,,2021-04-12 11:01:47,2021-04-12 11:01:47
000063.XSHE,2014-08-21,2014,q4,1302,兴业证券,兴业证券2014-08-21发布的报告研报摘要中含有超预期信息,2014-08-21,中兴通讯：高增长持续 估值尚待提升,"唐海清,李明杰",3437541278.0000,,,,,,,,,,,,,,,,,,,,,,,,,,,2021-04-12 11:01:47,2021-04-12 11:01:47
000063.XSHE,2014-08-21,2014,q4,1302,国金证券,国金证券2014-08-21发布的报告研报摘要中含有超预期信息,2014-08-21,中兴通讯：天时地利人和具备 业绩东风渐来,张帅,3082700000.0000,,,,,,,,,,,,,,,,,,,,,,,,,,,2021-04-12 11:01:47,2021-04-12 11:01:47
000063.XSHE,2014-08-21,2014,q4,1302,粤开证券,粤开证券2014-08-21发布的报告研报摘要中含有超预期信息,2014-08-21,中兴通讯：财务费用锐减助盈利略超预期 跨产业发展值得期待,丁思德,2722000000.0000,,,,,,,,,,,,,,,,,,,,,,,,,,,2021-04-12 11:01:47,2021-04-12 11:01:47
000063.XSHE,2014-08-22,2014,q4,1102,中信建投,"中信建投2014-08-22发布的报告上调了该股盈利预测,分析师：武超则",2014-08-22,中兴通讯：业绩持续给力 4G投资最确定标的,武超则,2825630000.0000,2014-08-08,中兴通讯：4G设备龙头 蓝筹配置首选,2759060000.0000,,,,,,,,,,,,,,,,,,,,,,,0.0241,2021-04-12 11:01:47,2021-04-12 11:01:47
000063.XSHE,2014-09-19,2014,q4,1302,光大证券,光大证券2014-09-19发布的报告研报摘要中含有超预期信息,2014-09-19,中兴通讯：进军新能源汽车充电领域 看好M-ICT时代战略转型,"田明华,顾建国",2660490000.0000,,,,,,,,,,,,,,,,,,,,,,,,,,,2021-04-12 11:01:47,2021-04-12 11:01:47
000063.XSHE,2014-10-24,2014,q3,1405,,2014-10-24发布的财报中，3季度净利润增速超出机构的一致预期,,,,,,,,2014-10-24,financial_reports,,,,703320000.0000,,,,1.9112,,,,,,,,2014-10-23,,402000768.0000,,,0.7495,2021-04-12 11:01:47,2021-04-12 11:01:47
000063.XSHE,2014-10-24,2014,q3,1501,,2014-10-24发布的财报净利润同比增速超出一致预期2014同比增速,,,,,,,,2014-10-24,financial_reports,,,1831526000.0000,,,2.3204,,,,,,,,,,2014-10-23,2871461877.9745,,1.1150,,1.2054,2021-04-12 11:01:47,2021-04-12 11:01:47
000063.XSHE,2014-10-24,2014,q3,1503,,2014-10-24发布的财报净利润同比增速超出2014一致预期同比增速,,,,,,,,2014-10-24,financial_reports,,,,703320000.0000,,,,1.9112,,,,,,,,2014-10-23,,402000768.0000,,0.6640,1.2472,2021-04-12 11:01:47,2021-04-12 11:01:47
000063.XSHE,2014-10-24,2014,q4,1101,中金公司,"中金公司2014-10-24发布的报告上调了该股盈利预测,分析师：董和孟",2014-10-24,中兴通讯：继续受益4G资本支出周期 维持“推荐”,董和孟,2575000000.0000,2014-08-21,"ZTE(000063.SZ/00763.HK):1H high-end of guidance,2H capex accelerating,UG to Buy",2543000000.0000,,,,,,,,,,,,,,,,,,,,,,,0.0126,2021-04-12 11:01:47,2021-04-12 11:01:47
000063.XSHE,2014-10-24,2014,q4,1101,瑞银证券,"瑞银证券2014-10-24发布的报告上调了该股盈利预测,分析师：周中",2014-10-24,中兴通讯A：收入增速提高 利润率改善,周中,2891000000.0000,2014-08-21,中兴通讯A：复苏势头显现,2863000000.0000,,,,,,,,,,,,,,,,,,,,,,,0.0098,2021-04-12 11:01:47,2021-04-12 11:01:47
000063.XSHE,2014-10-24,2014,q4,1302,光大证券,光大证券2014-10-24发布的报告研报摘要中含有超预期信息,2014-10-24,中兴通讯：三季报业绩强劲 新业务布局值得期待,"顾建国,田明华",2660490000.0000,,,,,,,,,,,,,,,,,,,,,,,,,,,2021-04-12 11:01:47,2021-04-12 11:01:47
000063.XSHE,2014-11-25,2014,q4,1302,国泰君安,国泰君安2014-11-25发布的报告研报摘要中含有超预期信息,2014-11-25,中兴通讯：打响国产手机专利战 价值有望迎来重估,"宋嘉吉,王胜,周明",3059000000.0000,,,,,,,,,,,,,,,,,,,,,,,,,,,2021-04-12 11:01:47,2021-04-12 11:01:47
000063.XSHE,2014-12-17,2014,q4,1101,光大证券,"光大证券2014-12-17发布的报告上调了该股盈利预测,分析师：田明华,顾建国",2014-12-17,中兴通讯：打造创新DNA 通信巨头再起舞,"田明华,顾建国",2689670000.0000,2014-10-24,中兴通讯：三季报业绩强劲 新业务布局值得期待,2660490000.0000,,,,,,,,,,,,,,,,,,,,,,,0.0110,2021-04-12 11:01:47,2021-04-12 11:01:47
000063.XSHE,2014-12-17,2014,q4,1302,光大证券,光大证券2014-12-17发布的报告研报摘要中含有超预期信息,2014-12-17,中兴通讯：打造创新DNA 通信巨头再起舞,"田明华,顾建国",2689670000.0000,,,,,,,,,,,,,,,,,,,,,,,,,,,2021-04-12 11:01:47,2021-04-12 11:01:47
000063.XSHE,2015-01-12,2014,q4,1102,中信证券,"中信证券2015-01-12发布的报告上调了该股盈利预测,分析师：陈剑,李伟,王浩冰",2015-01-12,通信行业周报：仍看细分龙头,"陈剑,李伟,王浩冰",2715657609.6200,2015-01-05,中兴通讯：携手宇通客车共拓新能源汽车市场,2711000000.0000,,,,,,,,,,,,,,,,,,,,,,,0.0017,2021-04-12 11:01:47,2021-04-12 11:01:47
000063.XSHE,2015-01-12,2014,q4,1302,中信证券,中信证券2015-01-12发布的报告研报摘要中含有超预期信息,2015-01-12,通信行业周报：仍看细分龙头,"陈剑,李伟,王浩冰",2715657609.6200,,,,,,,,,,,,,,,,,,,,,,,,,,,2021-04-12 11:01:47,2021-04-12 11:01:47
000063.XSHE,2015-01-20,2014,q4,1101,东莞证券,"东莞证券2015-01-20发布的报告上调了该股盈利预测,分析师：杨鑫林",2015-01-20,中兴通讯：业绩增长符合预期 低估值带来投资机会,杨鑫林,2707310000.0000,2014-10-24,中兴通讯：主营恢复增长 创新业务不断壮大,2563830000.0000,,,,,,,,,,,,,,,,,,,,,,,0.0560,2021-04-12 11:01:47,2021-04-12 11:01:47
000063.XSHE,2015-01-20,2014,q4,1301,中金公司,中金公司2015-01-20发布的报告研报标题中含有超预期信息,2015-01-20,中兴通讯：业绩预告超预期 受益于资本支出增长,陈昊飞,2575000000.0000,,,,,,,,,,,,,,,,,,,,,,,,,,,2021-04-12 11:01:47,2021-04-12 11:01:47
000063.XSHE,2015-01-20,2014,q4,1302,中金公司,中金公司2015-01-20发布的报告研报摘要中含有超预期信息,2015-01-20,中兴通讯：业绩预告超预期 受益于资本支出增长,陈昊飞,2575000000.0000,,,,,,,,,,,,,,,,,,,,,,,,,,,2021-04-12 11:01:47,2021-04-12 11:01:47
000063.XSHE,2015-01-20,2014,q4,1302,华泰证券,华泰证券2015-01-20发布的报告研报摘要中含有超预期信息,2015-01-20,中兴通讯：国内外市场无忧 无线充电将入商用期,康志毅,2651000000.0000,,,,,,,,,,,,,,,,,,,,,,,,,,,2021-04-12 11:01:47,2021-04-12 11:01:47
000063.XSHE,2015-03-26,2015,q4,1101,国泰君安,"国泰君安2015-03-26发布的报告上调了该股盈利预测,分析师：宋嘉吉,王胜,周明",2015-03-26,中兴通讯：业绩良性增长 继续跨界征途,"宋嘉吉,王胜,周明",3499000000.0000,2015-02-10,中兴通讯：高通专利案落地 中兴知识产权价值凸显,3498000000.0000,,,,,,,,,,,,,,,,,,,,,,,0.0003,2021-04-12 11:01:47,2021-04-12 11:01:47
000063.XSHE,2015-03-26,2015,q4,1101,华泰证券,"华泰证券2015-03-26发布的报告上调了该股盈利预测,分析师：康志毅",2015-03-26,中兴通讯：无线产品及政企网是亮点 M-ICT竞争力初现,康志毅,3348000000.0000,2015-01-20,中兴通讯：国内外市场无忧 无线充电将入商用期,3321000000.0000,,,,,,,,,,,,,,,,,,,,,,,0.0081,2021-04-12 11:01:47,2021-04-12 11:01:47
000063.XSHE,2015-03-27,2015,q4,1101,中金公司,"中金公司2015-03-27发布的报告上调了该股盈利预测,分析师：陈昊飞",2015-03-27,中兴通讯：4G资本支出前景向好 重申推荐,陈昊飞,3100000000.0000,2015-01-28,中兴通讯：中国电信第二期招标出炉 中兴通讯是最大受益者,3099000000.0000,,,,,,,,,,,,,,,,,,,,,,,0.0003,2021-04-12 11:01:47,2021-04-12 11:01:47
000063.XSHE,2015-04-23,2015,q4,1301,招商证券,招商证券2015-04-23发布的报告研报标题中含有超预期信息,2015-04-23,中兴通讯：业绩超预期 智慧城市业务加速落地,"罗聪,王林,周炎",3518000000.0000,,,,,,,,,,,,,,,,,,,,,,,,,,,2021-04-12 11:01:47,2021-04-12 11:01:47
000063.XSHE,2015-04-23,2015,q4,1301,光大证券,光大证券2015-04-23发布的报告研报标题中含有超预期信息,2015-04-23,中兴通讯：业绩超预期 市场竞争格局趋缓,顾建国,3451270000.0000,,,,,,,,,,,,,,,,,,,,,,,,,,,2021-04-12 11:01:47,2021-04-12 11:01:47
000063.XSHE,2015-04-23,2015,q4,1302,招商证券,招商证券2015-04-23发布的报告研报摘要中含有超预期信息,2015-04-23,中兴通讯：业绩超预期 智慧城市业务加速落地,"罗聪,王林,周炎",3518000000.0000,,,,,,,,,,,,,,,,,,,,,,,,,,,2021-04-12 11:01:47,2021-04-12 11:01:47
000063.XSHE,2015-04-24,2015,q1,1405,,2015-04-24发布的财报中，1季度净利润增速超出机构的一致预期,,,,,,,,2015-04-24,financial_reports,,,,882930000.0000,,,,0.4191,,,,,,,,2015-04-23,,836772571.8000,,,0.0552,2022-02-21 15:47:12,2022-02-21 15:47:12
000063.XSHE,2015-04-24,2015,q1,1501,,2015-04-24发布的财报净利润同比增速超出一致预期2015同比增速,,,,,,,,2015-04-24,financial_reports,,,882930000.0000,,,0.4191,,,,,,,,,,2015-04-23,3541760573.2063,,0.3449,,0.0742,2022-02-21 15:47:12,2022-02-21 15:47:12
000063.XSHE,2015-04-24,2015,q1,1503,,2015-04-24发布的财报净利润同比增速超出2015一致预期同比增速,,,,,,,,2015-04-24,financial_reports,,,,882930000.0000,,,,0.4191,,,,,,,,2015-04-23,,836772571.8000,,0.3449,0.0742,2022-02-21 15:47:12,2022-02-21 15:47:12
000063.XSHE,2015-04-24,2015,q4,1301,中信证券,中信证券2015-04-24发布的报告研报标题中含有超预期信息,2015-04-24,中兴通讯：一季报业绩超预期 习近平主席见证巴基斯坦项目开通,"陈剑,李伟,王浩冰",3287000000.0000,,,,,,,,,,,,,,,,,,,,,,,,,,,2021-04-12 11:01:47,2021-04-12 11:01:47
000063.XSHE,2015-04-24,2015,q4,1301,华泰证券,华泰证券2015-04-24发布的报告研报标题中含有超预期信息,2015-04-24,中兴通讯：略超预期 看好技术优势引领的转型,康志毅,3348000000.0000,,,,,,,,,,,,,,,,,,,,,,,,,,,2021-04-12 11:01:47,2021-04-12 11:01:47
000063.XSHE,2015-04-24,2015,q4,1301,中信建投,中信建投2015-04-24发布的报告研报标题中含有超预期信息,2015-04-24,中兴通讯：A股信息设备龙头 业绩大超预期,"王大鹏,武超则",4538700000.0000,,,,,,,,,,,,,,,,,,,,,,,,,,,2021-04-12 11:01:47,2021-04-12 11:01:47
000063.XSHE,2015-04-24,2015,q4,1302,中金公司,中金公司2015-04-24发布的报告研报摘要中含有超预期信息,2015-04-24,中兴通讯：继续看好4G资本支出周期 重申推荐,陈昊飞,3100000000.0000,,,,,,,,,,,,,,,,,,,,,,,,,,,2021-04-12 11:01:47,2021-04-12 11:01:47
000063.XSHE,2015-04-24,2015,q4,1302,中信证券,中信证券2015-04-24发布的报告研报摘要中含有超预期信息,2015-04-24,中兴通讯：一季报业绩超预期 习近平主席见证巴基斯坦项目开通,"陈剑,李伟,王浩冰",3287000000.0000,,,,,,,,,,,,,,,,,,,,,,,,,,,2021-04-12 11:01:47,2021-04-12 11:01:47
000063.XSHE,2015-04-24,2015,q4,1302,华泰证券,华泰证券2015-04-24发布的报告研报摘要中含有超预期信息,2015-04-24,中兴通讯：略超预期 看好技术优势引领的转型,康志毅,3348000000.0000,,,,,,,,,,,,,,,,,,,,,,,,,,,2021-04-12 11:01:47,2021-04-12 11:01:47
000063.XSHE,2015-07-21,2015,q4,1101,长江证券,"长江证券2015-07-21发布的报告上调了该股盈利预测,分析师：胡路",2015-07-21,中兴通讯：分享行业景气收获靓丽业绩 加快新业务拓展布局长期发展,胡路,3630043589.0400,2015-07-13,中兴通讯：分享行业高景气增长 股份回购彰显长期发展信心,3609418341.9000,,,,,,,,,,,,,,,,,,,,,,,0.0057,2021-04-12 11:01:47,2021-04-12 11:01:47
000063.XSHE,2015-07-22,2015,q2,1502,,2015-07-22发布的业绩快报同比增速超出一致预期2015同比增速,,,,,,,,2015-07-22,current_performance,,,1612936000.0000,,,0.4296,,,,,,,,,,2015-07-21,3608412730.4806,,0.3702,,0.0595,2021-04-12 11:01:47,2021-04-12 11:01:47
000063.XSHE,2015-07-22,2015,q2,1504,,2015-07-22发布的业绩快报同比增速超出2015一致预期同比增速,,,,,,,,2015-07-22,current_performance,,,,1612936000.0000,,,,0.4426,,,,,,,,2015-07-21,,685662520.0000,,0.3550,0.0876,2021-04-12 11:01:47,2021-04-12 11:01:47
000063.XSHE,2015-07-22,2015,q4,1301,中信建投,中信建投2015-07-22发布的报告研报标题中含有超预期信息,2015-07-22,中兴通讯：业绩超预期 价值投资首选,"王大鹏,武超则",3630043589.0400,,,,,,,,,,,,,,,,,,,,,,,,,,,2021-04-12 11:01:47,2021-04-12 11:01:47
000063.XSHE,2015-07-22,2015,q4,1301,安信证券,安信证券2015-07-22发布的报告研报标题中含有超预期信息,2015-07-22,中兴通讯：收入利润增长超预期,张龙,3443300000.0000,,,,,,,,,,,,,,,,,,,,,,,,,,,2021-04-12 11:01:47,2021-04-12 11:01:47
000063.XSHE,2015-07-22,2015,q4,1302,中信建投,中信建投2015-07-22发布的报告研报摘要中含有超预期信息,2015-07-22,中兴通讯：业绩超预期 价值投资首选,"王大鹏,武超则",3630043589.0400,,,,,,,,,,,,,,,,,,,,,,,,,,,2021-04-12 11:01:47,2021-04-12 11:01:47
000063.XSHE,2015-07-27,2015,q4,1102,华创证券,"华创证券2015-07-27发布的报告上调了该股盈利预测,分析师：马军,束海峰",2015-07-27,中兴通讯：业绩超预期 营收和毛利率双升增长,"马军,束海峰",3406000000.0000,2015-04-23,中兴通讯：业绩符合预期 创新带动成长,3203000000.0000,,,,,,,,,,,,,,,,,,,,,,,0.0634,2021-04-12 11:01:47,2021-04-12 11:01:47
000063.XSHE,2015-07-27,2015,q4,1301,华创证券,华创证券2015-07-27发布的报告研报标题中含有超预期信息,2015-07-27,中兴通讯：业绩超预期 营收和毛利率双升增长,"马军,束海峰",3406000000.0000,,,,,,,,,,,,,,,,,,,,,,,,,,,2021-04-12 11:01:47,2021-04-12 11:01:47
000063.XSHE,2015-08-27,2015,q2,1405,,2015-08-27发布的财报中，2季度净利润增速超出机构的一致预期,,,,,,,,2015-08-27,financial_reports,,,,913408000.0000,,,,0.8051,,,,,,,,2015-08-26,,658033609.6000,,,0.3881,2021-04-12 11:01:47,2021-04-12 11:01:47
000063.XSHE,2015-08-27,2015,q2,1501,,2015-08-27发布的财报净利润同比增速超出一致预期2015同比增速,,,,,,,,2015-08-27,financial_reports,,,1796338000.0000,,,0.5922,,,,,,,,,,2015-08-26,3498537407.3847,,0.3284,,0.2638,2021-04-12 11:01:47,2021-04-12 11:01:47
000063.XSHE,2015-08-27,2015,q2,1503,,2015-08-27发布的财报净利润同比增速超出2015一致预期同比增速,,,,,,,,2015-08-27,financial_reports,,,,913408000.0000,,,,0.8051,,,,,,,,2015-08-26,,658033609.6000,,0.3004,0.5047,2021-04-12 11:01:47,2021-04-12 11:01:47
000063.XSHE,2015-08-27,2015,q4,1101,安信证券,"安信证券2015-08-27发布的报告上调了该股盈利预测,分析师：张龙",2015-08-27,中兴通讯：低估值的全球通信设备龙头,张龙,3606000000.0000,2015-07-22,中兴通讯：收入利润增长超预期,3443300000.0000,,,,,,,,,,,,,,,,,,,,,,,0.0473,2021-04-12 11:01:47,2021-04-12 11:01:47
000063.XSHE,2015-08-27,2015,q4,1102,中信证券,"中信证券2015-08-27发布的报告上调了该股盈利预测,分析师：陈剑",2015-08-27,中兴通讯：业绩创新高 持续受益自主创新,陈剑,3311000000.0000,2015-07-22,中兴通讯：自主创新旗帜 业绩持续增长,3287000000.0000,,,,,,,,,,,,,,,,,,,,,,,0.0073,2021-04-12 11:01:47,2021-04-12 11:01:47
000063.XSHE,2015-08-27,2015,q4,1301,中金公司,中金公司2015-08-27发布的报告研报标题中含有超预期信息,2015-08-27,中兴通讯：收入利润均超预期 主要受益于4G以及宽带固网资本支出,林荣彦,2938000000.0000,,,,,,,,,,,,,,,,,,,,,,,,,,,2021-04-12 11:01:47,2021-04-12 11:01:47
000063.XSHE,2015-08-31,2015,q4,1102,华创证券,"华创证券2015-08-31发布的报告上调了该股盈利预测,分析师：马军,束海峰",2015-08-31,中兴通讯：营收和盈利大增 行业逐步复苏景气,"马军,束海峰",3600000000.0000,2015-07-27,中兴通讯：业绩超预期 营收和毛利率双升增长,3406000000.0000,,,,,,,,,,,,,,,,,,,,,,,0.0570,2021-04-12 11:01:47,2021-04-12 11:01:47
000063.XSHE,2015-10-28,2015,q3,1405,,2015-10-28发布的财报中，3季度净利润增速超出机构的一致预期,,,,,,,,2015-10-28,financial_reports,,,,1097974000.0000,,,,0.5611,,,,,,,,2015-10-27,,781740180.0000,,,0.4045,2021-04-12 11:01:47,2021-04-12 11:01:47
000063.XSHE,2015-10-28,2015,q3,1501,,2015-10-28发布的财报净利润同比增速超出一致预期2015同比增速,,,,,,,,2015-10-28,financial_reports,,,2894312000.0000,,,0.5803,,,,,,,,,,2015-10-27,3469506275.8400,,0.3174,,0.2629,2021-04-12 11:01:47,2021-04-12 11:01:47
000063.XSHE,2015-10-28,2015,q3,1503,,2015-10-28发布的财报净利润同比增速超出2015一致预期同比增速,,,,,,,,2015-10-28,financial_reports,,,,1097974000.0000,,,,0.5611,,,,,,,,2015-10-27,,781740180.0000,,0.1115,0.4496,2021-04-12 11:01:47,2021-04-12 11:01:47
000063.XSHE,2015-10-28,2015,q4,1101,国泰君安,"国泰君安2015-10-28发布的报告上调了该股盈利预测,分析师：宋嘉吉,王胜,周明",2015-10-28,中兴通讯：业绩持续高增长 微电子芯片将成新看点,"宋嘉吉,王胜,周明",3752000000.0000,2015-09-11,中兴通讯：以智慧银川为标杆 领跑智慧城市2.0时代,3496000000.0000,,,,,,,,,,,,,,,,,,,,,,,0.0732,2021-04-12 11:01:47,2021-04-12 11:01:47
000063.XSHE,2015-10-28,2015,q4,1101,中金公司,"中金公司2015-10-28发布的报告上调了该股盈利预测,分析师：林荣彦",2015-10-28,中兴通讯：三季度净利润超预期 继续看好4G、光纤宽带接入 重申推荐,林荣彦,3265000000.0000,2015-08-27,中兴通讯：收入利润均超预期 主要受益于4G以及宽带固网资本支出,2938000000.0000,,,,,,,,,,,,,,,,,,,,,,,0.1113,2021-04-12 11:01:47,2021-04-12 11:01:47
000063.XSHE,2015-10-28,2015,q4,1101,西南证券,"西南证券2015-10-28发布的报告上调了该股盈利预测,分析师：田明华",2015-10-28,中兴通讯：前三季度净利劲增42% M-ICT战略初见成效,田明华,3596240000.0000,2015-08-27,中兴通讯：中报业绩大幅增长 M-ICT战略布局值得期待,3312360000.0000,,,,,,,,,,,,,,,,,,,,,,,0.0857,2021-04-12 11:01:47,2021-04-12 11:01:47
000063.XSHE,2015-10-28,2015,q4,1101,群益证券,"群益证券2015-10-28发布的报告上调了该股盈利预测,分析师：胡嘉铭",2015-10-28,中兴通讯：1-3Q净利增42% 全年业绩向好,胡嘉铭,3565000000.0000,2015-08-27,中兴通讯：1H15净利增43% 估值优势凸显,3311000000.0000,,,,,,,,,,,,,,,,,,,,,,,0.0767,2021-04-12 11:01:47,2021-04-12 11:01:47
000063.XSHE,2015-10-28,2015,q4,1102,安信证券,"安信证券2015-10-28发布的报告上调了该股盈利预测,分析师：李伟",2015-10-28,中兴通讯：业绩快速增长 创新业务引领发展,李伟,3610000000.0000,2015-08-27,中兴通讯：低估值的全球通信设备龙头,3606000000.0000,,,,,,,,,,,,,,,,,,,,,,,0.0011,2021-04-12 11:01:47,2021-04-12 11:01:47
000063.XSHE,2015-10-28,2015,q4,1301,中金公司,中金公司2015-10-28发布的报告研报标题中含有超预期信息,2015-10-28,中兴通讯：三季度净利润超预期 继续看好4G、光纤宽带接入 重申推荐,林荣彦,3265000000.0000,,,,,,,,,,,,,,,,,,,,,,,,,,,2021-04-12 11:01:47,2021-04-12 11:01:47
000063.XSHE,2015-10-28,2015,q4,1302,中金公司,中金公司2015-10-28发布的报告研报摘要中含有超预期信息,2015-10-28,中兴通讯：三季度净利润超预期 继续看好4G、光纤宽带接入 重申推荐,林荣彦,3265000000.0000,,,,,,,,,,,,,,,,,,,,,,,,,,,2021-04-12 11:01:47,2021-04-12 11:01:47
000063.XSHE,2015-10-29,2015,q4,1101,华泰证券,"华泰证券2015-10-29发布的报告上调了该股盈利预测,分析师：康志毅",2015-10-29,中兴通讯：流量设备提供者 利润率有望提升,康志毅,3548000000.0000,2015-08-27,中兴通讯：受益通信建设高潮 估值见底,3343000000.0000,,,,,,,,,,,,,,,,,,,,,,,0.0613,2021-04-12 11:01:47,2021-04-12 11:01:47
000063.XSHE,2015-11-03,2015,q4,1101,兴业证券,"兴业证券2015-11-03发布的报告上调了该股盈利预测,分析师：唐海清,王奕红",2015-11-03,中兴通讯：高端路由战略效果显现 光网络龙头地位稳固,"唐海清,王奕红",3902000000.0000,2015-10-27,中兴通讯：4G加智慧城市驱动高增长 新兴业务打开成长空间,3826000000.0000,,,,,,,,,,,,,,,,,,,,,,,0.0199,2021-04-12 11:01:47,2021-04-12 11:01:47
000063.XSHE,2015-11-23,2015,q4,1101,长江证券,"长江证券2015-11-23发布的报告上调了该股盈利预测,分析师：胡路",2015-11-23,中兴通讯：集成电路产业基金入股中兴微电子 开启芯片产业发展新篇章,胡路,3636700000.0000,2015-10-27,中兴通讯：行业景气业绩延续高增长 终端与政企业务提供持续发展动力,3630043589.0400,,,,,,,,,,,,,,,,,,,,,,,0.0018,2021-04-12 11:01:47,2021-04-12 11:01:47
000063.XSHE,2016-01-19,2015,q4,1101,长江证券,"长江证券2016-01-19发布的报告上调了该股盈利预测,分析师：胡路",2016-01-19,中兴通讯：行业景气确立全年业绩高增长 持续创新推动长期发展,胡路,3778000000.0000,2015-11-23,中兴通讯：集成电路产业基金入股中兴微电子 开启芯片产业发展新篇章,3636700000.0000,,,,,,,,,,,,,,,,,,,,,,,0.0389,2021-04-12 11:01:47,2021-04-12 11:01:47
000063.XSHE,2016-01-20,2015,q4,1101,中金公司,"中金公司2016-01-20发布的报告上调了该股盈利预测,分析师：林荣彦",2016-01-20,中兴通讯：15Q4业绩快报好于预期 受益强劲需求和销售确认递延 重申推荐,林荣彦,3779000000.0000,2015-10-28,中兴通讯：三季度净利润超预期 继续看好4G、光纤宽带接入 重申推荐,3265000000.0000,,,,,,,,,,,,,,,,,,,,,,,0.1574,2021-04-12 11:01:47,2021-04-12 11:01:47
000063.XSHE,2016-01-20,2015,q4,1101,西南证券,"西南证券2016-01-20发布的报告上调了该股盈利预测,分析师：田明华",2016-01-20,中兴通讯：营收首破千亿 打造M-ICT良性生态圈,田明华,3753795075.0300,2015-10-28,中兴通讯：前三季度净利劲增42% M-ICT战略初见成效,3596240000.0000,,,,,,,,,,,,,,,,,,,,,,,0.0438,2021-04-12 11:01:47,2021-04-12 11:01:47
000063.XSHE,2016-01-20,2015,q4,1101,中信证券,"中信证券2016-01-20发布的报告上调了该股盈利预测,分析师：陈剑",2016-01-20,中兴通讯：跨越千亿营收背后的是战略发力,陈剑,3787000000.0000,2015-12-07,通信行业2016年投资策略：通信全面融入互联网,3311000000.0000,,,,,,,,,,,,,,,,,,,,,,,0.1438,2021-04-12 11:01:47,2021-04-12 11:01:47
000063.XSHE,2016-01-20,2015,q4,1101,世纪证券,"世纪证券2016-01-20发布的报告上调了该股盈利预测,分析师：龚鑫",2016-01-20,中兴通讯：M-ICT战略显成效业务全面增长,龚鑫,3812250000.0000,2015-11-24,中兴通讯：引入战略资金 中兴微电子步入加速发展轨道,3571940000.0000,,,,,,,,,,,,,,,,,,,,,,,0.0673,2021-04-12 11:01:47,2021-04-12 11:01:47
000063.XSHE,2016-01-20,2015,q4,1101,安信证券,"安信证券2016-01-20发布的报告上调了该股盈利预测,分析师：李伟",2016-01-20,中兴通讯：收入利润创新高 估值待修复,李伟,3779600000.0000,2015-11-24,中兴通讯：国家资本助力打造中国通信“中国芯”,3610000000.0000,,,,,,,,,,,,,,,,,,,,,,,0.0470,2021-04-12 11:01:47,2021-04-12 11:01:47
000063.XSHE,2016-01-20,2015,q4,1101,浙商证券,"浙商证券2016-01-20发布的报告上调了该股盈利预测,分析师：杨云",2016-01-20,中兴通讯：2015年度业绩亮丽 营业收入突破千亿 净利润同比增长43%,杨云,3778000000.0000,2015-11-24,中兴通讯：中兴微电子获国家集成电路产业基金24亿元注资,3715000000.0000,,,,,,,,,,,,,,,,,,,,,,,0.0170,2021-04-12 11:01:47,2021-04-12 11:01:47
000063.XSHE,2016-01-20,2015,q4,1103,,近5个交易日内，已有3个以上的分析师上调了该股的盈利预测且没有分析师做下调预测,,,,,,,,,,,,,,,,,,,,,,,,,,,,,,,2021-04-12 11:01:47,2021-04-12 11:01:47
000063.XSHE,2016-01-20,2015,q4,1301,国泰君安,国泰君安2016-01-20发布的报告研报标题中含有超预期信息,2016-01-20,中兴通讯：收入端增速略超预期 估值修复机会浮现,"宋嘉吉,王胜",3752000000.0000,,,,,,,,,,,,,,,,,,,,,,,,,,,2021-04-12 11:01:47,2021-04-12 11:01:47
000063.XSHE,2016-01-20,2015,q4,1302,国泰君安,国泰君安2016-01-20发布的报告研报摘要中含有超预期信息,2016-01-20,中兴通讯：收入端增速略超预期 估值修复机会浮现,"宋嘉吉,王胜",3752000000.0000,,,,,,,,,,,,,,,,,,,,,,,,,,,2021-04-12 11:01:47,2021-04-12 11:01:47
000063.XSHE,2016-01-20,2015,q4,1302,安信证券,安信证券2016-01-20发布的报告研报摘要中含有超预期信息,2016-01-20,中兴通讯：收入利润创新高 估值待修复,李伟,3779600000.0000,,,,,,,,,,,,,,,,,,,,,,,,,,,2021-04-12 11:01:47,2021-04-12 11:01:47
000063.XSHE,2016-01-20,2015,q4,1403,,2016-01-20发布的业绩快报超出机构的一致预期,,,,,,,,2016-01-20,current_performance,,,3778570000.0000,,,,,,,,,,,,,2016-01-19,3671472803.3288,,,,0.0292,2021-04-12 11:01:47,2021-04-12 11:01:47
000063.XSHE,2016-01-20,2015,q4,1502,,2016-01-20发布的业绩快报同比增速超出一致预期2015同比增速,,,,,,,,2016-01-20,current_performance,,,3778570000.0000,,,0.4348,,,,,,,,,,2016-01-19,3671472803.3288,,0.3941,,0.0407,2021-04-12 11:01:47,2021-04-12 11:01:47
000063.XSHE,2016-01-20,2015,q4,1504,,2016-01-20发布的业绩快报同比增速超出2015一致预期同比增速,,,,,,,,2016-01-20,current_performance,,,,3778570000.0000,,,,0.1025,,,,,,,,2016-01-19,,777181605.0000,,-0.0310,0.1335,2021-04-12 11:01:47,2021-04-12 11:01:47
000063.XSHE,2016-02-28,2015,q4,1101,浙商证券,"浙商证券2016-02-28发布的报告上调了该股盈利预测,分析师：杨云",2016-02-28,中兴通讯：MWC2016顺利闭幕 中兴闪耀世界,杨云,3782000000.0000,2016-01-20,中兴通讯：2015年度业绩亮丽 营业收入突破千亿 净利润同比增长43%,3778000000.0000,,,,,,,,,,,,,,,,,,,,,,,0.0011,2021-04-12 11:01:47,2021-04-12 11:01:47
000063.XSHE,2016-04-07,2016,q4,1101,华安证券,"华安证券2016-04-07发布的报告上调了该股盈利预测,分析师：研究所",2016-04-07,中兴通讯：公司营收首破千亿 “3+1”业务稳步提升,研究所,4502000000.0000,2016-02-01,中兴通讯：M-ICT战略彰显成效 创新业务探索价值,4455053495.6400,,,,,,,,,,,,,,,,,,,,,,,0.0105,2021-04-12 11:01:47,2021-04-12 11:01:47
000063.XSHE,2016-04-29,2016,q1,1405,,2016-04-29发布的财报中，1季度净利润增速超出机构的一致预期,,,,,,,,2016-04-29,financial_reports,,,,1074492000.0000,,,,0.2170,,,,,,,,2016-04-28,,1035058839.0000,,,0.0381,2022-02-22 10:10:41,2022-02-22 10:10:41
000063.XSHE,2016-04-29,2016,q1,1501,,2016-04-29发布的财报净利润同比增速超出一致预期2016同比增速,,,,,,,,2016-04-29,financial_reports,,,1074492000.0000,,,0.2170,,,,,,,,,,2016-04-28,4249124581.4642,,0.1723,,0.0446,2022-02-22 10:10:41,2022-02-22 10:10:41
000063.XSHE,2016-04-29,2016,q1,1503,,2016-04-29发布的财报净利润同比增速超出2016一致预期同比增速,,,,,,,,2016-04-29,financial_reports,,,,1074492000.0000,,,,0.2170,,,,,,,,2016-04-28,,1035058839.0000,,0.1723,0.0447,2022-02-22 10:10:41,2022-02-22 10:10:41
000063.XSHE,2016-04-29,2016,q4,1101,中金公司,"中金公司2016-04-29发布的报告上调了该股盈利预测,分析师：林荣彦",2016-04-29,中兴通讯：一季度收入增速放缓、毛利率下滑 维持“中性”评级,林荣彦,4063000000.0000,2016-04-07,中兴通讯：业绩低于快报 出口限制暂缓但是不确定性仍存 下调至中性,3929000000.0000,,,,,,,,,,,,,,,,,,,,,,,0.0341,2021-04-12 11:01:47,2021-04-12 11:01:47
000063.XSHE,2016-04-29,2016,q4,1302,中金公司,中金公司2016-04-29发布的报告研报摘要中含有超预期信息,2016-04-29,中兴通讯：一季度收入增速放缓、毛利率下滑 维持“中性”评级,林荣彦,4063000000.0000,,,,,,,,,,,,,,,,,,,,,,,,,,,2021-04-12 11:01:47,2021-04-12 11:01:47
000063.XSHE,2016-06-27,2016,q4,1102,方正证券,"方正证券2016-06-27发布的报告上调了该股盈利预测,分析师：马军",2016-06-27,中兴通讯：M-ICT战略落地 业绩向好可期,马军,4054410000.0000,2016-04-29,中兴通讯：增长动力不竭 持续引领M-ICT,4034560000.0000,,,,,,,,,,,,,,,,,,,,,,,0.0049,2021-04-12 11:01:47,2021-04-12 11:01:47
000063.XSHE,2016-08-26,2016,q2,1501,,2016-08-26发布的财报净利润同比增速超出一致预期2016同比增速,,,,,,,,2016-08-26,financial_reports,,,2016360000.0000,,,0.1225,,,,,,,,,,2016-08-25,4067472839.6600,,0.1222,,0.0003,2022-02-22 10:10:41,2022-02-22 10:10:41
000063.XSHE,2016-08-26,2016,q4,1102,方正证券,"方正证券2016-08-26发布的报告上调了该股盈利预测,分析师：马军",2016-08-26,中兴通讯：M-ICT深度广度提升 业绩增长可持续,马军,4057180000.0000,2016-06-27,中兴通讯：M-ICT战略落地 业绩向好可期,4054410000.0000,,,,,,,,,,,,,,,,,,,,,,,0.0007,2021-04-12 11:01:47,2021-04-12 11:01:47
000063.XSHE,2016-09-19,2016,q4,1101,光大证券,"光大证券2016-09-19发布的报告上调了该股盈利预测,分析师：田明华",2016-09-19,物联网系列研究（二）：LTE-V开启车辆智能网联新征程,田明华,4083000000.0000,2016-08-26,中兴通讯：M-ICT战略持续推进 着力研发保障长远发展,4082880000.0000,,,,,,,,,,,,,,,,,,,,,,,0.0000,2021-04-12 11:01:47,2021-04-12 11:01:47
000063.XSHE,2016-10-28,2016,q3,1405,,2016-10-28发布的财报中，3季度净利润增速超出机构的一致预期,,,,,,,,2016-10-28,financial_reports,,,,1217472000.0000,,,,0.1088,,,,,,,,2016-10-27,,1169342310.0000,,,0.0412,2022-02-22 10:10:41,2022-02-22 10:10:41
000063.XSHE,2016-10-28,2016,q3,1501,,2016-10-28发布的财报净利润同比增速超出一致预期2016同比增速,,,,,,,,2016-10-28,financial_reports,,,3233832000.0000,,,0.1173,,,,,,,,,,2016-10-27,3963291588.5973,,0.0935,,0.0238,2022-02-22 10:10:41,2022-02-22 10:10:41
000063.XSHE,2016-10-28,2016,q3,1503,,2016-10-28发布的财报净利润同比增速超出2016一致预期同比增速,,,,,,,,2016-10-28,financial_reports,,,,1217472000.0000,,,,0.1088,,,,,,,,2016-10-27,,1169342310.0000,,0.0650,0.0438,2022-02-22 10:10:41,2022-02-22 10:10:41
000063.XSHE,2016-10-28,2016,q4,1101,国泰君安,"国泰君安2016-10-28发布的报告上调了该股盈利预测,分析师：宋嘉吉,王胜,朱威宇",2016-10-28,中兴通讯：布局M-ICT 2.0 静待最后的靴子落地,"宋嘉吉,王胜,朱威宇",3662000000.0000,2016-08-26,中兴通讯：固本培元 持续聚焦,3099000000.0000,,,,,,,,,,,,,,,,,,,,,,,0.1817,2021-04-12 11:01:47,2021-04-12 11:01:47
000063.XSHE,2016-10-28,2016,q4,1101,光大证券,"光大证券2016-10-28发布的报告上调了该股盈利预测,分析师：田明华",2016-10-28,中兴通讯：单季同比增速有所提升 继续推进M-ICT2.0战略,田明华,4084730000.0000,2016-09-19,物联网系列研究（二）：LTE-V开启车辆智能网联新征程,4083000000.0000,,,,,,,,,,,,,,,,,,,,,,,0.0004,2021-04-12 11:01:47,2021-04-12 11:01:47
000063.XSHE,2016-10-28,2016,q4,1302,中金公司,中金公司2016-10-28发布的报告研报摘要中含有超预期信息,2016-10-28,中兴通讯：第4季度将持续疲软 国内运营商仍为主要驱动因素 维持中性,林荣彦,3603000000.0000,,,,,,,,,,,,,,,,,,,,,,,,,,,2021-04-12 11:01:47,2021-04-12 11:01:47
000063.XSHE,2017-03-08,2016,q4,1301,中金公司,中金公司2017-03-08发布的报告研报标题中含有超预期信息,2017-03-08,中兴通讯：美国罚款落地 2016年业绩转亏 但扣除罚款净利高于预期,"肖夏,陈勤意",-2357000000.0000,,,,,,,,,,,,,,,,,,,,,,,,,,,2021-10-29 13:57:22,2021-10-29 13:57:22
000063.XSHE,2017-03-08,2016,q4,1301,中泰证券,中泰证券2017-03-08发布的报告研报标题中含有超预期信息,2017-03-08,中兴通讯：美国罚款靴子落地 一季度业绩超预期,"李伟,陈宁玉",-2357000000.0000,,,,,,,,,,,,,,,,,,,,,,,,,,,2021-04-12 11:01:47,2021-04-12 11:01:47
000063.XSHE,2017-03-08,2016,q4,1302,招商证券,招商证券2017-03-08发布的报告研报摘要中含有超预期信息,2017-03-08,中兴通讯：靴子落地 新起点轻装上阵,"周炎,王林,余俊",-2357000000.0000,,,,,,,,,,,,,,,,,,,,,,,,,,,2021-04-12 11:01:47,2021-04-12 11:01:47
000063.XSHE,2017-03-08,2016,q4,1302,中泰证券,中泰证券2017-03-08发布的报告研报摘要中含有超预期信息,2017-03-08,中兴通讯：美国罚款靴子落地 一季度业绩超预期,"李伟,陈宁玉",-2357000000.0000,,,,,,,,,,,,,,,,,,,,,,,,,,,2021-04-12 11:01:47,2021-04-12 11:01:47
000063.XSHE,2017-03-08,2016,q4,1302,群益证券,群益证券2017-03-08发布的报告研报摘要中含有超预期信息,2017-03-08,中兴通讯：认罚8.92亿美元 1Q17预增21%-32%,胡嘉铭,-2357000000.0000,,,,,,,,,,,,,,,,,,,,,,,,,,,2021-04-12 11:01:47,2021-04-12 11:01:47
000063.XSHE,2017-03-08,2016,q4,1302,安信证券,安信证券2017-03-08发布的报告研报摘要中含有超预期信息,2017-03-08,中兴通讯：中兴通讯与美国商务部达成和解、通信巨头再出发,夏庐生,-2357400000.0000,,,,,,,,,,,,,,,,,,,,,,,,,,,2021-04-12 11:01:47,2021-04-12 11:01:47
000063.XSHE,2017-03-16,2016,q4,1302,国信证券,国信证券2017-03-16发布的报告研报摘要中含有超预期信息,2017-03-16,中兴通讯：中兴能否中兴 天时地利人和,程成,-2357000000.0000,,,,,,,,,,,,,,,,,,,,,,,,,,,2021-04-12 11:01:47,2021-04-12 11:01:47
000063.XSHE,2017-03-24,2016,q4,1405,,2017-03-24发布的财报中，4季度净利润增速超出机构的一致预期,,,,,,,,2017-03-24,financial_reports,,,,-5089950000.0000,,,,-7.9706,,,,,,,,2017-03-23,,-5591214420.0000,,,0.0897,2021-04-12 11:01:47,2021-04-12 11:01:47
000063.XSHE,2017-03-24,2016,q4,1503,,2017-03-24发布的财报净利润同比增速超出2016一致预期同比增速,,,,,,,,2017-03-24,financial_reports,,,,-5089950000.0000,,,,-7.9706,,,,,,,,2017-03-23,,-5591214420.0000,,-8.6571,0.6865,2021-04-12 11:01:47,2021-04-12 11:01:47
000063.XSHE,2017-03-24,2017,q4,1102,中信建投,"中信建投2017-03-24发布的报告上调了该股盈利预测,分析师：武超则,于海宁",2017-03-24,中兴通讯：美国处罚和解靴子落地 运营商市场份额提升 ICT技术布局深入,"武超则,于海宁",4200000000.0000,2017-03-16,中兴通讯：ICT时代5G领航人,3942230000.0000,,,,,,,,,,,,,,,,,,,,,,,0.0654,2021-04-12 11:01:47,2021-04-12 11:01:47
000063.XSHE,2017-03-24,2017,q4,1302,西南证券,西南证券2017-03-24发布的报告研报摘要中含有超预期信息,2017-03-24,中兴通讯：轻装之躯聚焦业务深耕 全面布局享受5G红利,刘言,4599000000.0000,,,,,,,,,,,,,,,,,,,,,,,,,,,2021-04-12 11:01:47,2021-04-12 11:01:47
000063.XSHE,2017-03-26,2017,q4,1102,国泰君安,"国泰君安2017-03-26发布的报告上调了该股盈利预测,分析师：宋嘉吉,朱威宇,陈维",2017-03-26,中兴通讯：竞争优势显著提升 中兴走上“中兴之路”,"宋嘉吉,朱威宇,陈维",4175000000.0000,2017-03-08,中兴通讯：靴子落地 静候5G春暖花开,4168000000.0000,,,,,,,,,,,,,,,,,,,,,,,0.0017,2021-04-12 11:01:47,2021-04-12 11:01:47
000063.XSHE,2017-03-26,2017,q4,1302,国泰君安,国泰君安2017-03-26发布的报告研报摘要中含有超预期信息,2017-03-26,中兴通讯：竞争优势显著提升 中兴走上“中兴之路”,"宋嘉吉,朱威宇,陈维",4175000000.0000,,,,,,,,,,,,,,,,,,,,,,,,,,,2021-04-12 11:01:47,2021-04-12 11:01:47
000063.XSHE,2017-04-18,2017,q4,1101,长城证券,"长城证券2017-04-18发布的报告上调了该股盈利预测,分析师：赵成",2017-04-18,中兴通讯：业绩稳健增长 盈利能力增强,赵成,5073000000.0000,2017-03-16,中兴通讯：复牌后继续推荐 阵痛后期待重生,4457000000.0000,,,,,,,,,,,,,,,,,,,,,,,0.1382,2021-04-12 11:01:47,2021-04-12 11:01:47
000063.XSHE,2017-04-18,2017,q4,1102,方正证券,"方正证券2017-04-18发布的报告上调了该股盈利预测,分析师：马军",2017-04-18,中兴通讯：一季度业绩良好 持续看好公司经营,马军,4400890000.0000,2017-03-08,中兴通讯：与美国和解不确定性因素彻底消除 长期看好公司业绩,4025370000.0000,,,,,,,,,,,,,,,,,,,,,,,0.0933,2021-04-12 11:01:47,2021-04-12 11:01:47
000063.XSHE,2017-04-18,2017,q4,1302,太平洋证券,太平洋证券2017-04-18发布的报告研报摘要中含有超预期信息,2017-04-18,中兴通讯：5G系统设备龙头 业绩触底回升,张际,5042730000.0000,,,,,,,,,,,,,,,,,,,,,,,,,,,2021-04-12 11:01:47,2021-04-12 11:01:47
000063.XSHE,2017-04-20,2017,q4,1101,天风证券,"天风证券2017-04-20发布的报告上调了该股盈利预测,分析师：唐海清",2017-04-20,中兴通讯：一季度业绩增长亮眼 关注治理改善带来的长期变革,唐海清,4203420000.0000,2017-03-28,中兴通讯：年报业绩符合预期 未来业绩反转还看手机业务,4055740000.0000,,,,,,,,,,,,,,,,,,,,,,,0.0364,2021-04-12 11:01:47,2021-04-12 11:01:47
000063.XSHE,2017-04-20,2017,q4,1302,天风证券,天风证券2017-04-20发布的报告研报摘要中含有超预期信息,2017-04-20,中兴通讯：一季度业绩增长亮眼 关注治理改善带来的长期变革,唐海清,4203420000.0000,,,,,,,,,,,,,,,,,,,,,,,,,,,2021-04-12 11:01:47,2021-04-12 11:01:47
000063.XSHE,2017-04-24,2017,q4,1101,中泰证券,"中泰证券2017-04-24发布的报告上调了该股盈利预测,分析师：李伟,陈宁玉",2017-04-24,中兴通讯：绑定核心骨干 共筑“中兴”之路,"李伟,陈宁玉",4220800000.0000,2017-04-17,中兴通讯：业绩逐步好转 开启“中兴”之路,4000000000.0000,,,,,,,,,,,,,,,,,,,,,,,0.0552,2021-04-12 11:01:47,2021-04-12 11:01:47
000063.XSHE,2017-04-24,2017,q4,1302,东吴证券,东吴证券2017-04-24发布的报告研报摘要中含有超预期信息,2017-04-24,中兴通讯：大规模股权激励出台 上下一心猛冲业绩,"徐力,孙云翔",4326820000.0000,,,,,,,,,,,,,,,,,,,,,,,,,,,2021-04-12 11:01:47,2021-04-12 11:01:47
000063.XSHE,2017-04-24,2017,q4,1302,中泰证券,中泰证券2017-04-24发布的报告研报摘要中含有超预期信息,2017-04-24,中兴通讯：绑定核心骨干 共筑“中兴”之路,"李伟,陈宁玉",4220800000.0000,,,,,,,,,,,,,,,,,,,,,,,,,,,2021-04-12 11:01:47,2021-04-12 11:01:47
000063.XSHE,2017-04-25,2017,q4,1101,中金公司,"中金公司2017-04-25发布的报告上调了该股盈利预测,分析师：陈勤意,肖夏,宗佳颖",2017-04-25,中兴通讯：股权激励行权条件好于预期 维持“推荐”,"陈勤意,肖夏,宗佳颖",4210000000.0000,2017-04-18,中兴通讯：一季度业绩开门红 维持“推荐”,3742000000.0000,,,,,,,,,,,,,,,,,,,,,,,0.1251,2021-04-12 11:01:47,2021-04-12 11:01:47
000063.XSHE,2017-04-26,2017,q4,1102,中信建投,"中信建投2017-04-26发布的报告上调了该股盈利预测,分析师：武超则,于海宁",2017-04-26,中兴通讯：大规模股权激励迅速落地 基本面持续向好业绩可期,"武超则,于海宁",4208000000.0000,2017-04-18,中兴通讯：营收、利润双增长 创新、投资两边强,4200000000.0000,,,,,,,,,,,,,,,,,,,,,,,0.0019,2021-04-12 11:01:47,2021-04-12 11:01:47
000063.XSHE,2017-05-18,2017,q4,1102,海通证券,"海通证券2017-05-18发布的报告上调了该股盈利预测,分析师：朱劲松",2017-05-18,中兴通讯：一带一路助推海外业务发展 5G提速业绩估值有望双升,朱劲松,4176490000.0000,2017-04-25,中兴通讯：高标准股权激励出炉 上下一心发展提速,4174320000.0000,,,,,,,,,,,,,,,,,,,,,,,0.0005,2021-04-12 11:01:47,2021-04-12 11:01:47
000063.XSHE,2017-05-21,2017,q4,1101,兴业证券,"兴业证券2017-05-21发布的报告上调了该股盈利预测,分析师：刘亮,王奕红,王俊贤",2017-05-21,中兴通讯：5G技术4G化 或许冬天并没那么冷,"刘亮,王奕红,王俊贤",4210000000.0000,2017-03-24,中兴通讯：业绩符合预期 期待M-ICT再起航,4054000000.0000,,,,,,,,,,,,,,,,,,,,,,,0.0385,2021-04-12 11:01:47,2021-04-12 11:01:47
000063.XSHE,2017-05-30,2017,q4,1302,华泰证券,华泰证券2017-05-30发布的报告研报摘要中含有超预期信息,2017-05-30,中兴通讯：5G加速 提前布局确定性白马,周明,4347000000.0000,,,,,,,,,,,,,,,,,,,,,,,,,,,2021-04-12 11:01:47,2021-04-12 11:01:47
000063.XSHE,2017-06-18,2017,q4,1101,天风证券,"天风证券2017-06-18发布的报告上调了该股盈利预测,分析师：唐海清",2017-06-18,中兴通讯：国内外不断提速 5G龙头白马再迎利好,唐海清,4281150000.0000,2017-04-20,中兴通讯：一季度业绩增长亮眼 关注治理改善带来的长期变革,4203420000.0000,,,,,,,,,,,,,,,,,,,,,,,0.0185,2021-04-12 11:01:47,2021-04-12 11:01:47
000063.XSHE,2017-06-18,2017,q4,1302,华泰证券,华泰证券2017-06-18发布的报告研报摘要中含有超预期信息,2017-06-18,中兴通讯：NB-IoT、5G双引擎驱动公司业绩,周明,4347000000.0000,,,,,,,,,,,,,,,,,,,,,,,,,,,2021-04-12 11:01:47,2021-04-12 11:01:47
000063.XSHE,2017-06-25,2017,q4,1102,海通证券,"海通证券2017-06-25发布的报告上调了该股盈利预测,分析师：朱劲松",2017-06-25,中兴通讯：MWC召开在即 引领5G、治理加速改善,朱劲松,4529240000.0000,2017-05-18,中兴通讯：一带一路助推海外业务发展 5G提速业绩估值有望双升,4176490000.0000,,,,,,,,,,,,,,,,,,,,,,,0.0845,2021-04-12 11:01:47,2021-04-12 11:01:47
000063.XSHE,2017-06-29,2017,q4,1302,华泰证券,华泰证券2017-06-29发布的报告研报摘要中含有超预期信息,2017-06-29,中兴通讯：MasssiveMIMOO产品闪亮MMWC,周明,4347000000.0000,,,,,,,,,,,,,,,,,,,,,,,,,,,2021-04-12 11:01:47,2021-04-12 11:01:47
000063.XSHE,2017-07-16,2017,q4,1102,国泰君安,"国泰君安2017-07-16发布的报告上调了该股盈利预测,分析师：宋嘉吉,赵晖,朱威宇",2017-07-16,中兴通讯：中兴全球布局加速 海外竞争力持续提升,"宋嘉吉,赵晖,朱威宇",4306000000.0000,2017-04-24,中兴通讯：史上最严激励 折射“中兴”信心,4175000000.0000,,,,,,,,,,,,,,,,,,,,,,,0.0314,2021-04-12 11:01:47,2021-04-12 11:01:47
000063.XSHE,2017-07-19,2017,q4,1101,中泰证券,"中泰证券2017-07-19发布的报告上调了该股盈利预测,分析师：李伟,陈宁玉",2017-07-19,中兴通讯：中报业绩超预期 海外手机和国内传输设备业务实现较好增长,"李伟,陈宁玉",4429500000.0000,2017-04-24,中兴通讯：绑定核心骨干 共筑“中兴”之路,4220800000.0000,,,,,,,,,,,,,,,,,,,,,,,0.0494,2021-04-12 11:01:47,2021-04-12 11:01:47
000063.XSHE,2017-07-19,2017,q4,1102,国泰君安,"国泰君安2017-07-19发布的报告上调了该股盈利预测,分析师：宋嘉吉,赵晖,朱威宇",2017-07-19,中兴通讯：中报30%增速超预期 重回稳健增长轨道,"宋嘉吉,赵晖,朱威宇",4310167017.1600,2017-07-16,中兴通讯：中兴全球布局加速 海外竞争力持续提升,4306000000.0000,,,,,,,,,,,,,,,,,,,,,,,0.0010,2021-04-12 11:01:47,2021-04-12 11:01:47
000063.XSHE,2017-07-19,2017,q4,1301,国泰君安,国泰君安2017-07-19发布的报告研报标题中含有超预期信息,2017-07-19,中兴通讯：中报30%增速超预期 重回稳健增长轨道,"宋嘉吉,赵晖,朱威宇",4310167017.1600,,,,,,,,,,,,,,,,,,,,,,,,,,,2021-04-12 11:01:47,2021-04-12 11:01:47
000063.XSHE,2017-07-19,2017,q4,1301,中泰证券,中泰证券2017-07-19发布的报告研报标题中含有超预期信息,2017-07-19,中兴通讯：中报业绩超预期 海外手机和国内传输设备业务实现较好增长,"李伟,陈宁玉",4429500000.0000,,,,,,,,,,,,,,,,,,,,,,,,,,,2021-04-12 11:01:47,2021-04-12 11:01:47
000063.XSHE,2017-07-19,2017,q4,1301,方正证券,方正证券2017-07-19发布的报告研报标题中含有超预期信息,2017-07-19,中兴通讯：最确定最受益的ICT龙头 业绩超预期增长,马军,4400890000.0000,,,,,,,,,,,,,,,,,,,,,,,,,,,2021-04-12 11:01:47,2021-04-12 11:01:47
000063.XSHE,2017-07-19,2017,q4,1302,国泰君安,国泰君安2017-07-19发布的报告研报摘要中含有超预期信息,2017-07-19,中兴通讯：中报30%增速超预期 重回稳健增长轨道,"宋嘉吉,赵晖,朱威宇",4310167017.1600,,,,,,,,,,,,,,,,,,,,,,,,,,,2021-04-12 11:01:47,2021-04-12 11:01:47
000063.XSHE,2017-07-19,2017,q4,1302,华泰证券,华泰证券2017-07-19发布的报告研报摘要中含有超预期信息,2017-07-19,中兴通讯中报预告点评：多主业持续向好,周明,4347000000.0000,,,,,,,,,,,,,,,,,,,,,,,,,,,2021-04-12 11:01:47,2021-04-12 11:01:47
000063.XSHE,2017-07-19,2017,q4,1302,中泰证券,中泰证券2017-07-19发布的报告研报摘要中含有超预期信息,2017-07-19,中兴通讯：中报业绩超预期 海外手机和国内传输设备业务实现较好增长,"李伟,陈宁玉",4429500000.0000,,,,,,,,,,,,,,,,,,,,,,,,,,,2021-04-12 11:01:47,2021-04-12 11:01:47
000063.XSHE,2017-07-19,2017,q4,1302,方正证券,方正证券2017-07-19发布的报告研报摘要中含有超预期信息,2017-07-19,中兴通讯：最确定最受益的ICT龙头 业绩超预期增长,马军,4400890000.0000,,,,,,,,,,,,,,,,,,,,,,,,,,,2021-04-12 11:01:47,2021-04-12 11:01:47
000063.XSHE,2017-07-20,2017,q4,1101,中信证券,"中信证券2017-07-20发布的报告上调了该股盈利预测,分析师：许英博",2017-07-20,中兴通讯：业绩逐步兑现 长期价值投资首选,许英博,4433000000.0000,2017-03-27,中兴通讯：治理趋稳 关注估值修复机会和广电建网利好,4169000000.0000,,,,,,,,,,,,,,,,,,,,,,,0.0633,2021-04-12 11:01:47,2021-04-12 11:01:47
000063.XSHE,2017-07-20,2017,q4,1101,东吴证券,"东吴证券2017-07-20发布的报告上调了该股盈利预测,分析师：徐力,孙云翔",2017-07-20,中兴通讯：通信行业的优质白马 5G时代获得新机遇,"徐力,孙云翔",4629120000.0000,2017-05-17,中兴通讯：全力参与国家5G试验二阶段测试 展望长期发展和回报,4326820000.0000,,,,,,,,,,,,,,,,,,,,,,,0.0699,2021-04-12 11:01:47,2021-04-12 11:01:47
000063.XSHE,2017-07-20,2017,q4,1101,兴业证券,"兴业证券2017-07-20发布的报告上调了该股盈利预测,分析师：刘亮,王奕红",2017-07-20,中兴通讯：业绩超预期 大象起舞迎来快速增长,"刘亮,王奕红",4504000000.0000,2017-05-21,中兴通讯：5G技术4G化 或许冬天并没那么冷,4210000000.0000,,,,,,,,,,,,,,,,,,,,,,,0.0698,2021-04-12 11:01:47,2021-04-12 11:01:47
000063.XSHE,2017-07-20,2017,q4,1101,中银国际证券,"中银国际证券2017-07-20发布的报告上调了该股盈利预测,分析师：吴友文",2017-07-20,中兴通讯：2017年半年度业绩快报点评,吴友文,4536000000.0000,2017-05-22,中兴通讯：大比例中标移动PTN集采 强大竞争力逐步显现,4519398425.7600,,,,,,,,,,,,,,,,,,,,,,,0.0037,2021-04-12 11:01:47,2021-04-12 11:01:47
000063.XSHE,2017-07-20,2017,q4,1102,招商证券,"招商证券2017-07-20发布的报告上调了该股盈利预测,分析师：周炎,王林,余俊",2017-07-20,中兴通讯：中报业绩超预期 收入利润同步稳定增长,"周炎,王林,余俊",4569000000.0000,2017-07-07,中兴通讯：股权激励授予 夯实未来发展基础,4394000000.0000,,,,,,,,,,,,,,,,,,,,,,,0.0398,2021-04-12 11:01:47,2021-04-12 11:01:47
000063.XSHE,2017-07-20,2017,q4,1102,中信建投,"中信建投2017-07-20发布的报告上调了该股盈利预测,分析师：武超则",2017-07-20,中兴通讯：半年业绩超预期 中国广电宽带运营有限公司落地利好,武超则,4500000000.0000,2017-05-26,中兴通讯：大象已经起舞 何不一起尽“兴”,4208000000.0000,,,,,,,,,,,,,,,,,,,,,,,0.0694,2021-04-12 11:01:47,2021-04-12 11:01:47
000063.XSHE,2017-07-20,2017,q4,1301,招商证券,招商证券2017-07-20发布的报告研报标题中含有超预期信息,2017-07-20,中兴通讯：中报业绩超预期 收入利润同步稳定增长,"周炎,王林,余俊",4569000000.0000,,,,,,,,,,,,,,,,,,,,,,,,,,,2021-04-12 11:01:47,2021-04-12 11:01:47
000063.XSHE,2017-07-20,2017,q4,1301,民生证券,民生证券2017-07-20发布的报告研报标题中含有超预期信息,2017-07-20,中兴通讯：业绩快报超预期 盈利能力提升,"郑平,杨锟,马松",4348000000.0000,,,,,,,,,,,,,,,,,,,,,,,,,,,2021-04-12 11:01:47,2021-04-12 11:01:47
000063.XSHE,2017-07-20,2017,q4,1301,光大证券,光大证券2017-07-20发布的报告研报标题中含有超预期信息,2017-07-20,中兴通讯：中报业绩快报出炉 净利润同比增30%超预期,田明华,4695100000.0000,,,,,,,,,,,,,,,,,,,,,,,,,,,2021-04-12 11:01:47,2021-04-12 11:01:47
000063.XSHE,2017-07-20,2017,q4,1301,国信证券,国信证券2017-07-20发布的报告研报标题中含有超预期信息,2017-07-20,中兴通讯：中报超预期 继续买入,"程成,王齐昊",4482000000.0000,,,,,,,,,,,,,,,,,,,,,,,,,,,2021-04-12 11:01:47,2021-04-12 11:01:47
000063.XSHE,2017-07-20,2017,q4,1301,海通证券,海通证券2017-07-20发布的报告研报标题中含有超预期信息,2017-07-20,中兴通讯：半年业绩快报超预期 市场突破加公司治理改善提速,朱劲松,4529000000.0000,,,,,,,,,,,,,,,,,,,,,,,,,,,2021-04-12 11:01:47,2021-04-12 11:01:47
000063.XSHE,2017-07-20,2017,q4,1301,兴业证券,兴业证券2017-07-20发布的报告研报标题中含有超预期信息,2017-07-20,中兴通讯：业绩超预期 大象起舞迎来快速增长,"刘亮,王奕红",4504000000.0000,,,,,,,,,,,,,,,,,,,,,,,,,,,2021-04-12 11:01:47,2021-04-12 11:01:47
000063.XSHE,2017-07-20,2017,q4,1301,中信建投,中信建投2017-07-20发布的报告研报标题中含有超预期信息,2017-07-20,中兴通讯：半年业绩超预期 中国广电宽带运营有限公司落地利好,武超则,4500000000.0000,,,,,,,,,,,,,,,,,,,,,,,,,,,2021-04-12 11:01:47,2021-04-12 11:01:47
000063.XSHE,2017-07-20,2017,q4,1301,安信证券,安信证券2017-07-20发布的报告研报标题中含有超预期信息,2017-07-20,中兴通讯：半年报业绩增长超预期 5G中兴成长可期,夏庐生,4310167017.1600,,,,,,,,,,,,,,,,,,,,,,,,,,,2021-04-12 11:01:47,2021-04-12 11:01:47
000063.XSHE,2017-07-20,2017,q4,1302,民生证券,民生证券2017-07-20发布的报告研报摘要中含有超预期信息,2017-07-20,中兴通讯：业绩快报超预期 盈利能力提升,"郑平,杨锟,马松",4348000000.0000,,,,,,,,,,,,,,,,,,,,,,,,,,,2021-04-12 11:01:47,2021-04-12 11:01:47
000063.XSHE,2017-07-20,2017,q4,1302,国信证券,国信证券2017-07-20发布的报告研报摘要中含有超预期信息,2017-07-20,中兴通讯：中报超预期 继续买入,"程成,王齐昊",4482000000.0000,,,,,,,,,,,,,,,,,,,,,,,,,,,2021-04-12 11:01:47,2021-04-12 11:01:47
000063.XSHE,2017-07-20,2017,q4,1302,海通证券,海通证券2017-07-20发布的报告研报摘要中含有超预期信息,2017-07-20,中兴通讯：半年业绩快报超预期 市场突破加公司治理改善提速,朱劲松,4529000000.0000,,,,,,,,,,,,,,,,,,,,,,,,,,,2021-04-12 11:01:47,2021-04-12 11:01:47
000063.XSHE,2017-07-20,2017,q4,1302,兴业证券,兴业证券2017-07-20发布的报告研报摘要中含有超预期信息,2017-07-20,中兴通讯：业绩超预期 大象起舞迎来快速增长,"刘亮,王奕红",4504000000.0000,,,,,,,,,,,,,,,,,,,,,,,,,,,2021-04-12 11:01:47,2021-04-12 11:01:47
000063.XSHE,2017-07-20,2017,q4,1302,中银国际证券,中银国际证券2017-07-20发布的报告研报摘要中含有超预期信息,2017-07-20,中兴通讯：2017年半年度业绩快报点评,吴友文,4536000000.0000,,,,,,,,,,,,,,,,,,,,,,,,,,,2021-04-12 11:01:47,2021-04-12 11:01:47
000063.XSHE,2017-07-20,2017,q4,1302,安信证券,安信证券2017-07-20发布的报告研报摘要中含有超预期信息,2017-07-20,中兴通讯：半年报业绩增长超预期 5G中兴成长可期,夏庐生,4310167017.1600,,,,,,,,,,,,,,,,,,,,,,,,,,,2021-04-12 11:01:47,2021-04-12 11:01:47
000063.XSHE,2017-07-21,2017,q4,1101,中金公司,"中金公司2017-07-21发布的报告上调了该股盈利预测,分析师：宗佳颖",2017-07-21,中兴通讯：业绩回升符合预期 5G周期尚早 下调评级至“中性”,宗佳颖,4384000000.0000,2017-04-25,中兴通讯：股权激励行权条件好于预期 维持“推荐”,4210000000.0000,,,,,,,,,,,,,,,,,,,,,,,0.0413,2021-04-12 11:01:47,2021-04-12 11:01:47
000063.XSHE,2017-07-26,2017,q4,1302,国信证券,国信证券2017-07-26发布的报告研报摘要中含有超预期信息,2017-07-26,中兴通讯：九转功成 格局与盈利双提升,"程成,王齐昊",4477552144.0400,,,,,,,,,,,,,,,,,,,,,,,,,,,2021-04-12 11:01:47,2021-04-12 11:01:47
000063.XSHE,2017-07-28,2017,q4,1102,国泰君安,"国泰君安2017-07-28发布的报告上调了该股盈利预测,分析师：宋嘉吉,赵晖,朱威宇",2017-07-28,中兴通讯：出售努比亚部分股权 增利更明志,"宋嘉吉,赵晖,朱威宇",4722000000.0000,2017-07-19,中兴通讯：中报30%增速超预期 重回稳健增长轨道,4310167017.1600,,,,,,,,,,,,,,,,,,,,,,,0.0955,2021-04-12 11:01:47,2021-04-12 11:01:47
000063.XSHE,2017-07-28,2017,q4,1102,方正证券,"方正证券2017-07-28发布的报告上调了该股盈利预测,分析师：马军",2017-07-28,中兴通讯：出售努比亚10%股权 业绩有望增厚,马军,4631050000.0000,2017-07-19,中兴通讯：最确定最受益的ICT龙头 业绩超预期增长,4400890000.0000,,,,,,,,,,,,,,,,,,,,,,,0.0523,2021-04-12 11:01:47,2021-04-12 11:01:47
000063.XSHE,2017-07-28,2017,q4,1102,安信证券,"安信证券2017-07-28发布的报告上调了该股盈利预测,分析师：夏庐生",2017-07-28,中兴通讯：7亿出售努比亚10.1%股权 全力聚焦运营商主营业务,夏庐生,4483315547.1000,2017-07-20,中兴通讯：半年报业绩增长超预期 5G中兴成长可期,4310167017.1600,,,,,,,,,,,,,,,,,,,,,,,0.0402,2021-04-12 11:01:47,2021-04-12 11:01:47
000063.XSHE,2017-07-28,2017,q4,1301,招商证券,招商证券2017-07-28发布的报告研报标题中含有超预期信息,2017-07-28,中兴通讯：出售努比亚部分股权不再并表 今年投资收益有望大超市场预期,"周炎,王林,余俊",4569000000.0000,,,,,,,,,,,,,,,,,,,,,,,,,,,2021-10-29 13:57:22,2021-10-29 13:57:22
000063.XSHE,2017-07-28,2017,q4,1301,华泰证券,华泰证券2017-07-28发布的报告研报标题中含有超预期信息,2017-07-28,中兴通讯：转让努比亚股权 手机业务或超预期,周明,4347000000.0000,,,,,,,,,,,,,,,,,,,,,,,,,,,2021-04-12 11:01:47,2021-04-12 11:01:47
000063.XSHE,2017-07-28,2017,q4,1302,华泰证券,华泰证券2017-07-28发布的报告研报摘要中含有超预期信息,2017-07-28,中兴通讯：转让努比亚股权 手机业务或超预期,周明,4347000000.0000,,,,,,,,,,,,,,,,,,,,,,,,,,,2021-04-12 11:01:47,2021-04-12 11:01:47
000063.XSHE,2017-07-28,2017,q4,1302,海通证券,海通证券2017-07-28发布的报告研报摘要中含有超预期信息,2017-07-28,中兴通讯：努比亚10.1%股权出售大幅增厚投资收益 市场拓展提速增长引领行业,朱劲松,4529000000.0000,,,,,,,,,,,,,,,,,,,,,,,,,,,2021-04-12 11:01:47,2021-04-12 11:01:47
000063.XSHE,2017-07-31,2017,q4,1101,国信证券,"国信证券2017-07-31发布的报告上调了该股盈利预测,分析师：程成,王齐昊",2017-07-31,中兴通讯：完成netas 股权交割 加强欧亚非布局,"程成,王齐昊",4482000000.0000,2017-07-26,中兴通讯：九转功成 格局与盈利双提升,4477552144.0400,,,,,,,,,,,,,,,,,,,,,,,0.0010,2021-04-12 11:01:47,2021-04-12 11:01:47
000063.XSHE,2017-08-05,2017,q4,1302,海通证券,海通证券2017-08-05发布的报告研报摘要中含有超预期信息,2017-08-05,中兴通讯：中兴Pre5G全球广部署 抢跑5G时代,朱劲松,4529000000.0000,,,,,,,,,,,,,,,,,,,,,,,,,,,2021-04-12 11:01:47,2021-04-12 11:01:47
000063.XSHE,2017-08-24,2017,q4,1101,中泰证券,"中泰证券2017-08-24发布的报告上调了该股盈利预测,分析师：李伟,陈宁玉",2017-08-24,中兴通讯：利润高增长 5G蓄势待发,"李伟,陈宁玉",4524040000.0000,2017-07-19,中兴通讯：中报业绩超预期 海外手机和国内传输设备业务实现较好增长,4429500000.0000,,,,,,,,,,,,,,,,,,,,,,,0.0213,2021-04-12 11:01:47,2021-04-12 11:01:47
000063.XSHE,2017-08-24,2017,q4,1301,招商证券,招商证券2017-08-24发布的报告研报标题中含有超预期信息,2017-08-24,中兴通讯：业绩超预期 夯实基础走上“中兴”之路,"周炎,王林,余俊",4569000000.0000,,,,,,,,,,,,,,,,,,,,,,,,,,,2021-04-12 11:01:47,2021-04-12 11:01:47
000063.XSHE,2017-08-25,2017,q4,1101,东吴证券,"东吴证券2017-08-25发布的报告上调了该股盈利预测,分析师：徐力,孙云翔",2017-08-25,中兴通讯：运营商业务爆发推动上半年业绩超预期 5G加物联网布局持续发力,"徐力,孙云翔",4660680000.0000,2017-07-20,中兴通讯：通信行业的优质白马 5G时代获得新机遇,4629120000.0000,,,,,,,,,,,,,,,,,,,,,,,0.0068,2021-04-12 11:01:47,2021-04-12 11:01:47
000063.XSHE,2017-08-25,2017,q4,1101,天风证券,"天风证券2017-08-25发布的报告上调了该股盈利预测,分析师：唐海清",2017-08-25,中兴通讯：中报业绩增长29.8%超预期 厉兵秣马争当5G先锋,唐海清,4473400000.0000,2017-06-18,中兴通讯：国内外不断提速 5G龙头白马再迎利好,4281150000.0000,,,,,,,,,,,,,,,,,,,,,,,0.0449,2021-04-12 11:01:47,2021-04-12 11:01:47
000063.XSHE,2017-08-25,2017,q4,1102,国泰君安,"国泰君安2017-08-25发布的报告上调了该股盈利预测,分析师：宋嘉吉,赵晖,朱威宇",2017-08-25,中兴通讯：治理改善超预期 民资话语权提升,"宋嘉吉,赵晖,朱威宇",4723000000.0000,2017-07-28,中兴通讯：出售努比亚部分股权 增利更明志,4722000000.0000,,,,,,,,,,,,,,,,,,,,,,,0.0002,2021-04-12 11:01:47,2021-04-12 11:01:47
000063.XSHE,2017-08-25,2017,q4,1102,海通证券,"海通证券2017-08-25发布的报告上调了该股盈利预测,分析师：朱劲松",2017-08-25,中兴通讯：中报业绩高增长 大股东增持彰显信心,朱劲松,4529240000.0000,2017-08-05,中兴通讯：中兴Pre5G全球广部署 抢跑5G时代,4529000000.0000,,,,,,,,,,,,,,,,,,,,,,,0.0001,2021-04-12 11:01:47,2021-04-12 11:01:47
000063.XSHE,2017-08-25,2017,q4,1102,安信证券,"安信证券2017-08-25发布的报告上调了该股盈利预测,分析师：衡昆,夏庐生",2017-08-25,中兴通讯：半年报超预期 未来5G更可期,"衡昆,夏庐生",4516300000.0000,2017-08-04,中兴通讯：Pre 5G产品首次突破东南亚最大跨国电信运营商新加坡电信,4483315547.1000,,,,,,,,,,,,,,,,,,,,,,,0.0074,2021-04-12 11:01:47,2021-04-12 11:01:47
000063.XSHE,2017-08-25,2017,q4,1301,国泰君安,国泰君安2017-08-25发布的报告研报标题中含有超预期信息,2017-08-25,中兴通讯：治理改善超预期 民资话语权提升,"宋嘉吉,赵晖,朱威宇",4723000000.0000,,,,,,,,,,,,,,,,,,,,,,,,,,,2021-04-12 11:01:47,2021-04-12 11:01:47
000063.XSHE,2017-08-25,2017,q4,1301,东吴证券,东吴证券2017-08-25发布的报告研报标题中含有超预期信息,2017-08-25,中兴通讯：运营商业务爆发推动上半年业绩超预期 5G加物联网布局持续发力,"徐力,孙云翔",4660680000.0000,,,,,,,,,,,,,,,,,,,,,,,,,,,2021-04-12 11:01:47,2021-04-12 11:01:47
000063.XSHE,2017-08-25,2017,q4,1301,安信证券,安信证券2017-08-25发布的报告研报标题中含有超预期信息,2017-08-25,中兴通讯：半年报超预期 未来5G更可期,"衡昆,夏庐生",4516300000.0000,,,,,,,,,,,,,,,,,,,,,,,,,,,2021-04-12 11:01:47,2021-04-12 11:01:47
000063.XSHE,2017-08-25,2017,q4,1301,天风证券,天风证券2017-08-25发布的报告研报标题中含有超预期信息,2017-08-25,中兴通讯：中报业绩增长29.8%超预期 厉兵秣马争当5G先锋,唐海清,4473400000.0000,,,,,,,,,,,,,,,,,,,,,,,,,,,2021-04-12 11:01:47,2021-04-12 11:01:47
000063.XSHE,2017-08-25,2017,q4,1302,国泰君安,国泰君安2017-08-25发布的报告研报摘要中含有超预期信息,2017-08-25,中兴通讯：治理改善超预期 民资话语权提升,"宋嘉吉,赵晖,朱威宇",4723000000.0000,,,,,,,,,,,,,,,,,,,,,,,,,,,2021-04-12 11:01:47,2021-04-12 11:01:47
000063.XSHE,2017-08-25,2017,q4,1302,西南证券,西南证券2017-08-25发布的报告研报摘要中含有超预期信息,2017-08-25,中兴通讯：运营商和消费者业务双轮驱动 业绩平稳上行,刘言,4523000000.0000,,,,,,,,,,,,,,,,,,,,,,,,,,,2021-04-12 11:01:47,2021-04-12 11:01:47
000063.XSHE,2017-08-25,2017,q4,1302,海通证券,海通证券2017-08-25发布的报告研报摘要中含有超预期信息,2017-08-25,中兴通讯：中报业绩高增长 大股东增持彰显信心,朱劲松,4529240000.0000,,,,,,,,,,,,,,,,,,,,,,,,,,,2021-04-12 11:01:47,2021-04-12 11:01:47
000063.XSHE,2017-08-27,2017,q4,1302,光大证券,光大证券2017-08-27发布的报告研报摘要中含有超预期信息,2017-08-27,中兴通讯：中报业绩符合预期 运营商和消费者业务向好,田明华,4424080000.0000,,,,,,,,,,,,,,,,,,,,,,,,,,,2021-04-12 11:01:47,2021-04-12 11:01:47
000063.XSHE,2017-09-15,2017,q4,1101,中原证券,"中原证券2017-09-15发布的报告上调了该股盈利预测,分析师：顾敏豪,傅翀",2017-09-15,中兴通讯：业绩符合预期 积极参与5G标准制定,"顾敏豪,傅翀",4496700000.0000,2017-08-04,中兴通讯：快报符合预期 海外并购顺利交割,4418200000.0000,,,,,,,,,,,,,,,,,,,,,,,0.0178,2021-04-12 11:01:47,2021-04-12 11:01:47
000063.XSHE,2017-10-19,2017,q4,1101,中信证券,"中信证券2017-10-19发布的报告上调了该股盈利预测,分析师：顾海波,郑泽科",2017-10-19,中兴通讯：业绩改善和5G主题共振,"顾海波,郑泽科",4521000000.0000,2017-08-25,中兴通讯：业绩符合预期 长期价值投资首选,4432560000.0000,,,,,,,,,,,,,,,,,,,,,,,0.0200,2021-04-12 11:01:47,2021-04-12 11:01:47
000063.XSHE,2017-10-19,2017,q4,1101,群益证券,"群益证券2017-10-19发布的报告上调了该股盈利预测,分析师：胡嘉铭",2017-10-19,中兴通讯：3Q业绩表现不佳 全年净利43-48亿元,胡嘉铭,4521000000.0000,2017-08-25,中兴通讯：国内运营商和海外手机业务向好 业绩表现符合预期,4335000000.0000,,,,,,,,,,,,,,,,,,,,,,,0.0429,2021-04-12 11:01:47,2021-04-12 11:01:47
000063.XSHE,2017-10-19,2017,q4,1102,中信建投,"中信建投2017-10-19发布的报告上调了该股盈利预测,分析师：武超则",2017-10-19,中兴通讯：三季报确认投资收益 关注全年业绩夯实及后续5G机会,武超则,4500000000.0000,2017-08-25,中兴通讯：业务聚焦 持续成长 净利润更有质量,4499000000.0000,,,,,,,,,,,,,,,,,,,,,,,0.0002,2021-04-12 11:01:47,2021-04-12 11:01:47
000063.XSHE,2017-10-19,2017,q4,1302,海通证券,海通证券2017-10-19发布的报告研报摘要中含有超预期信息,2017-10-19,中兴通讯：三季度业绩快报符合预期 发展基础不断夯实,"朱劲松,余伟民",4529240000.0000,,,,,,,,,,,,,,,,,,,,,,,,,,,2021-04-12 11:01:47,2021-04-12 11:01:47
000063.XSHE,2017-10-20,2017,q4,1101,中银国际证券,"中银国际证券2017-10-20发布的报告上调了该股盈利预测,分析师：吴友文,易景明",2017-10-20,中兴通讯：业绩符合预期 5G未来领导者价值空间巨大,"吴友文,易景明",4648000000.0000,2017-08-28,中兴通讯：规模稳步提升 业绩大幅向好,4536000000.0000,,,,,,,,,,,,,,,,,,,,,,,0.0247,2021-04-12 11:01:47,2021-04-12 11:01:47
000063.XSHE,2017-10-25,2017,q4,1102,中信建投,"中信建投2017-10-25发布的报告上调了该股盈利预测,分析师：武超则",2017-10-25,中兴通讯：目前时点再看中兴通讯的安全边际和目标空间,武超则,4550000000.0000,2017-10-19,中兴通讯：三季报确认投资收益 关注全年业绩夯实及后续5G机会,4500000000.0000,,,,,,,,,,,,,,,,,,,,,,,0.0111,2021-04-12 11:01:47,2021-04-12 11:01:47
000063.XSHE,2017-10-26,2017,q4,1101,光大证券,"光大证券2017-10-26发布的报告上调了该股盈利预测,分析师：田明华",2017-10-26,中兴通讯：营收持续增长 海外5G市场获得重要突破,田明华,4495200000.0000,2017-08-27,中兴通讯：中报业绩符合预期 运营商和消费者业务向好,4424080000.0000,,,,,,,,,,,,,,,,,,,,,,,0.0161,2021-04-12 11:01:47,2021-04-12 11:01:47
000063.XSHE,2017-10-27,2017,q4,1101,西南证券,"西南证券2017-10-27发布的报告上调了该股盈利预测,分析师：刘言",2017-10-27,中兴通讯：全年业绩确定性强 关注5G持续催化,刘言,4562000000.0000,2017-08-25,中兴通讯：运营商和消费者业务双轮驱动 业绩平稳上行,4523000000.0000,,,,,,,,,,,,,,,,,,,,,,,0.0086,2021-04-12 11:01:47,2021-04-12 11:01:47
000063.XSHE,2017-10-27,2017,q4,1101,民生证券,"民生证券2017-10-27发布的报告上调了该股盈利预测,分析师：郑平,杨锟,马松",2017-10-27,中兴通讯：投资收益支撑短期业绩 5G建设先人一步,"郑平,杨锟,马松",4574000000.0000,2017-07-20,中兴通讯：业绩快报超预期 盈利能力提升,4348000000.0000,,,,,,,,,,,,,,,,,,,,,,,0.0520,2021-04-12 11:01:47,2021-04-12 11:01:47
000063.XSHE,2017-10-27,2017,q4,1101,天风证券,"天风证券2017-10-27发布的报告上调了该股盈利预测,分析师：唐海清,容志能",2017-10-27,中兴通讯：三季报显示经营向好 欧洲5G市场突破亮点不断,"唐海清,容志能",4532120000.0000,2017-10-18,中兴通讯：短期业绩明确 关注5G龙头中长期成长潜力,4473400000.0000,,,,,,,,,,,,,,,,,,,,,,,0.0131,2021-04-12 11:01:47,2021-04-12 11:01:47
000063.XSHE,2017-10-27,2017,q4,1102,国泰君安,"国泰君安2017-10-27发布的报告上调了该股盈利预测,分析师：宋嘉吉,赵晖,朱威宇",2017-10-27,中兴通讯：增长重质 经营性现金流大幅改善,"宋嘉吉,赵晖,朱威宇",4723000000.0000,2017-10-19,中兴通讯：播种5G 静待收获,4315714965.9000,,,,,,,,,,,,,,,,,,,,,,,0.0944,2021-04-12 11:01:47,2021-04-12 11:01:47
000063.XSHE,2017-10-27,2017,q4,1302,海通证券,海通证券2017-10-27发布的报告研报摘要中含有超预期信息,2017-10-27,中兴通讯：三季度经营性净现金流创新高 报表细节显业绩提升动能,"朱劲松,余伟民",4529240000.0000,,,,,,,,,,,,,,,,,,,,,,,,,,,2021-04-12 11:01:47,2021-04-12 11:01:47
000063.XSHE,2017-11-10,2017,q4,1101,东北证券,"东北证券2017-11-10发布的报告上调了该股盈利预测,分析师：熊军,黄瀚",2017-11-10,通信行业深度报告：5G开启万物互联大时代 物联网加速落地,"熊军,黄瀚",4429000000.0000,2017-10-29,中兴通讯：业绩符合预期 海外客户拓展加速,4421000000.0000,,,,,,,,,,,,,,,,,,,,,,,0.0018,2021-04-12 11:01:47,2021-04-12 11:01:47
000063.XSHE,2017-12-18,2017,q4,1302,国金证券,国金证券2017-12-18发布的报告研报摘要中含有超预期信息,2017-12-18,2018年通信行业投资策略：5G引领通信设备投资周期上行,王懿超,4513900000.0000,,,,,,,,,,,,,,,,,,,,,,,,,,,2021-04-12 11:01:47,2021-04-12 11:01:47
000063.XSHE,2018-02-01,2017,q4,1101,光大证券,"光大证券2018-02-01发布的报告上调了该股盈利预测,分析师：田明华",2018-02-01,中兴通讯：拟定增强化5G布局 设备商龙头长期成长确定,田明华,4554050000.0000,2017-12-28,通信行业2018年投资策略：紧握5G主线 掘金万物互联时代机遇,4495000000.0000,,,,,,,,,,,,,,,,,,,,,,,0.0131,2021-04-12 11:01:47,2021-04-12 11:01:47
000063.XSHE,2018-02-01,2017,q4,1301,东吴证券,东吴证券2018-02-01发布的报告研报标题中含有超预期信息,2018-02-01,中兴通讯：增发规模略超市场预期 5G发展趋势下仍将强者更强,"徐力,孙云翔",4633940000.0000,,,,,,,,,,,,,,,,,,,,,,,,,,,2021-10-29 13:57:22,2021-10-29 13:57:22
000063.XSHE,2018-02-01,2017,q4,1302,东吴证券,东吴证券2018-02-01发布的报告研报摘要中含有超预期信息,2018-02-01,中兴通讯：增发规模略超市场预期 5G发展趋势下仍将强者更强,"徐力,孙云翔",4633940000.0000,,,,,,,,,,,,,,,,,,,,,,,,,,,2021-04-12 11:01:47,2021-04-12 11:01:47
000063.XSHE,2018-02-01,2017,q4,1302,天风证券,天风证券2018-02-01发布的报告研报摘要中含有超预期信息,2018-02-01,中兴通讯：定增大力加码5G 增强公司长期竞争力,"唐海清,王俊贤",4532120000.0000,,,,,,,,,,,,,,,,,,,,,,,,,,,2021-04-12 11:01:47,2021-04-12 11:01:47
000063.XSHE,2018-02-02,2017,q4,1101,中信证券,"中信证券2018-02-02发布的报告上调了该股盈利预测,分析师：顾海波",2018-02-02,中兴通讯：拟定增130亿加码5G研发,顾海波,4528000000.0000,2017-11-21,通信行业5G系列专题研究报告：5G投资的资金配置和投资时点分析,4520550000.0000,,,,,,,,,,,,,,,,,,,,,,,0.0016,2021-04-12 11:01:47,2021-04-12 11:01:47
000063.XSHE,2018-02-02,2017,q4,1101,华泰证券,"华泰证券2018-02-02发布的报告上调了该股盈利预测,分析师：周明",2018-02-02,中兴通讯2017年度业绩预告点评：淡季不淡,周明,4547000000.0000,2018-02-01,中兴通讯：公司发布增发预案 强化5G研发,4347000000.0000,,,,,,,,,,,,,,,,,,,,,,,0.0460,2021-04-12 11:01:47,2021-04-12 11:01:47
000063.XSHE,2018-02-02,2017,q4,1101,中泰证券,"中泰证券2018-02-02发布的报告上调了该股盈利预测,分析师：陈宁玉",2018-02-02,中兴通讯：三大业务均实现增长 定增加码5G研发,陈宁玉,4524040000.0000,2017-10-26,中兴通讯：业绩符合预期 与欧洲运营商合作建设5G预商用网络,4524000000.0000,,,,,,,,,,,,,,,,,,,,,,,0.0000,2021-04-12 11:01:47,2021-04-12 11:01:47
000063.XSHE,2018-02-02,2017,q4,1101,财通证券,"财通证券2018-02-02发布的报告上调了该股盈利预测,分析师：赵成",2018-02-02,中兴通讯：定增锁定底价坚定发展信心 5G深度受益可期,赵成,4554000000.0000,2018-01-31,中兴通讯：定增投入5G研发 抢占先机,4521000000.0000,,,,,,,,,,,,,,,,,,,,,,,0.0073,2021-04-12 11:01:47,2021-04-12 11:01:47
000063.XSHE,2018-02-02,2017,q4,1103,,近5个交易日内，已有3个以上的分析师上调了该股的盈利预测且没有分析师做下调预测,,,,,,,,,,,,,,,,,,,,,,,,,,,,,,,2021-04-12 11:01:47,2021-04-12 11:01:47
000063.XSHE,2018-02-02,2017,q4,1403,,2018-02-02发布的业绩快报超出机构的一致预期,,,,,,,,2018-02-02,current_performance,,,4553788000.0000,,,,,,,,,,,,,2018-02-01,4527614887.3939,,,,0.0058,2021-04-12 11:01:47,2021-04-12 11:01:47
000063.XSHE,2018-02-02,2017,q4,1502,,2018-02-02发布的业绩快报同比增速超出一致预期2017同比增速,,,,,,,,2018-02-02,current_performance,,,4553788000.0000,,,3.4534,,,,,,,,,,2018-02-01,4527614887.3939,,3.4393,,0.0141,2021-04-12 11:01:47,2021-04-12 11:01:47
000063.XSHE,2018-02-11,2017,q4,1102,天风证券,"天风证券2018-02-11发布的报告上调了该股盈利预测,分析师：容志能,唐海清,王俊贤",2018-02-11,中兴通讯：出售中兴软创股权 持续聚焦5G主线迎接行业盛会,"容志能,唐海清,王俊贤",4558620000.0000,2018-02-01,中兴通讯：定增大力加码5G 增强公司长期竞争力,4532120000.0000,,,,,,,,,,,,,,,,,,,,,,,0.0058,2021-04-12 11:01:47,2021-04-12 11:01:47
000063.XSHE,2018-02-11,2017,q4,1302,天风证券,天风证券2018-02-11发布的报告研报摘要中含有超预期信息,2018-02-11,中兴通讯：出售中兴软创股权 持续聚焦5G主线迎接行业盛会,"容志能,唐海清,王俊贤",4558620000.0000,,,,,,,,,,,,,,,,,,,,,,,,,,,2021-04-12 11:01:47,2021-04-12 11:01:47
000063.XSHE,2018-02-12,2017,q4,1101,中信证券,"中信证券2018-02-12发布的报告上调了该股盈利预测,分析师：顾海波",2018-02-12,中兴通讯：携手阿里、万科 优化业务经营,顾海波,4554000000.0000,2018-02-02,中兴通讯：拟定增130亿加码5G研发,4528000000.0000,,,,,,,,,,,,,,,,,,,,,,,0.0057,2021-04-12 11:01:47,2021-04-12 11:01:47
000063.XSHE,2018-03-05,2017,q4,1101,财通证券,"财通证券2018-03-05发布的报告上调了该股盈利预测,分析师：赵成",2018-03-05,中兴通讯：享受5G加速和市占率提升双重红利,赵成,4564000000.0000,2018-02-09,中兴通讯：出售中兴软创股权 剥离非核心业务 聚焦5G,4554000000.0000,,,,,,,,,,,,,,,,,,,,,,,0.0022,2021-04-12 11:01:47,2021-04-12 11:01:47
000063.XSHE,2018-03-16,2018,q4,1101,西南证券,"西南证券2018-03-16发布的报告上调了该股盈利预测,分析师：刘言",2018-03-16,中兴通讯：业绩符合预期 5G龙头蓄势待发,刘言,5240000000.0000,2017-12-01,通信行业2018年投资策略：5G之花伴物联 厚积薄发待成蝶,5090000000.0000,,,,,,,,,,,,,,,,,,,,,,,0.0295,2021-04-12 11:01:47,2021-04-12 11:01:47
000063.XSHE,2018-03-16,2018,q4,1101,华泰证券,"华泰证券2018-03-16发布的报告上调了该股盈利预测,分析师：周明",2018-03-16,中兴通讯：业绩符合预期 未来聚焦5G主业,周明,5212000000.0000,2018-02-11,中兴通讯：转让中兴软创部分股权 聚焦主业,5202000000.0000,,,,,,,,,,,,,,,,,,,,,,,0.0019,2021-04-12 11:01:47,2021-04-12 11:01:47
000063.XSHE,2018-03-16,2018,q4,1101,光大证券,"光大证券2018-03-16发布的报告上调了该股盈利预测,分析师：田明华",2018-03-16,中兴通讯：三大业务均实现增长 持续看好5G龙头成长空间,田明华,5139600000.0000,2018-02-01,中兴通讯：拟定增强化5G布局 设备商龙头长期成长确定,4918900000.0000,,,,,,,,,,,,,,,,,,,,,,,0.0449,2021-04-12 11:01:47,2021-04-12 11:01:47
000063.XSHE,2018-03-16,2018,q4,1101,中泰证券,"中泰证券2018-03-16发布的报告上调了该股盈利预测,分析师：陈宁玉",2018-03-16,中兴通讯：三大业务均实现增长 聚焦5G主线,陈宁玉,5192300000.0000,2018-02-02,中兴通讯：三大业务均实现增长 定增加码5G研发,5069630000.0000,,,,,,,,,,,,,,,,,,,,,,,0.0242,2021-04-12 11:01:47,2021-04-12 11:01:47
000063.XSHE,2018-03-16,2018,q4,1101,中银国际证券,"中银国际证券2018-03-16发布的报告上调了该股盈利预测,分析师：吴友文,易景明",2018-03-16,中兴通讯：业绩符合预期 各项业务齐头并进,"吴友文,易景明",5191000000.0000,2018-02-02,中兴通讯：定增A股预案公告 聚焦5G核心竞争力,5160000000.0000,,,,,,,,,,,,,,,,,,,,,,,0.0060,2021-04-12 11:01:47,2021-04-12 11:01:47
000063.XSHE,2018-03-16,2018,q4,1101,群益证券,"群益证券2018-03-16发布的报告上调了该股盈利预测,分析师：胡嘉铭",2018-03-16,中兴通讯：主营业务稳健增长 投资收益增厚利润,胡嘉铭,4965000000.0000,2017-10-19,中兴通讯：3Q业绩表现不佳 全年净利43-48亿元,4948000000.0000,,,,,,,,,,,,,,,,,,,,,,,0.0034,2021-04-12 11:01:47,2021-04-12 11:01:47
000063.XSHE,2018-03-16,2018,q4,1101,安信证券,"安信证券2018-03-16发布的报告上调了该股盈利预测,分析师：夏庐生,彭虎",2018-03-16,中兴通讯：收入全面增长 积极加大5G投入,"夏庐生,彭虎",5333500000.0000,2018-02-09,中兴通讯：出售中兴软创部分股权 持续聚焦5G 与阿里ICT合作值得期待,5078400000.0000,,,,,,,,,,,,,,,,,,,,,,,0.0502,2021-04-12 11:01:47,2021-04-12 11:01:47
000063.XSHE,2018-03-17,2018,q4,1102,天风证券,"天风证券2018-03-17发布的报告上调了该股盈利预测,分析师：容志能,唐海清,王奕红",2018-03-17,中兴通讯：经营改善业绩符合预期 5G持续突破展望大时代,"容志能,唐海清,王奕红",5087460000.0000,2018-02-11,中兴通讯：出售中兴软创股权 持续聚焦5G主线迎接行业盛会,5043120000.0000,,,,,,,,,,,,,,,,,,,,,,,0.0088,2021-04-12 11:01:47,2021-04-12 11:01:47
000063.XSHE,2018-03-17,2018,q4,1302,天风证券,天风证券2018-03-17发布的报告研报摘要中含有超预期信息,2018-03-17,中兴通讯：经营改善业绩符合预期 5G持续突破展望大时代,"容志能,唐海清,王奕红",5087460000.0000,,,,,,,,,,,,,,,,,,,,,,,,,,,2021-04-12 11:01:47,2021-04-12 11:01:47
000063.XSHE,2018-03-20,2018,q4,1101,中金公司,"中金公司2018-03-20发布的报告上调了该股盈利预测,分析师：王兴林",2018-03-20,中兴通讯：提速降费新政消除18年业绩下滑风险 上调评级至推荐,王兴林,5097000000.0000,2017-10-19,中兴通讯：下调评级至“回避” 资本开支下行周期中的结构型问题显现,4929000000.0000,,,,,,,,,,,,,,,,,,,,,,,0.0341,2021-04-12 11:01:47,2021-04-12 11:01:47
000063.XSHE,2018-04-01,2018,q4,1101,光大证券,"光大证券2018-04-01发布的报告上调了该股盈利预测,分析师：田明华",2018-04-01,物联网系列研究之三：当机器遇上“智慧” 工业互联网崛起,田明华,5140000000.0000,2018-03-16,中兴通讯：三大业务均实现增长 持续看好5G龙头成长空间,5139600000.0000,,,,,,,,,,,,,,,,,,,,,,,0.0001,2021-04-12 11:01:47,2021-04-12 11:01:47
000063.XSHE,2018-08-31,2018,q4,1101,中信证券,"中信证券2018-08-31发布的报告上调了该股盈利预测,分析师：顾海波",2018-08-31,中兴通讯：战略聚焦5G 三季报业绩预告超预,顾海波,-5385000000.0000,2018-07-17,中兴通讯：罚款影响短期业绩 中长看5G高增,-5767000000.0000,,,,,,,,,,,,,,,,,,,,,,,0.0662,2021-04-12 11:01:47,2021-04-12 11:01:47
000063.XSHE,2018-08-31,2018,q4,1301,中泰证券,中泰证券2018-08-31发布的报告研报标题中含有超预期信息,2018-08-31,中兴通讯：业务恢复超出预期 聚焦5G砥砺前行,"吴友文,易景明",-5924000000.0000,,,,,,,,,,,,,,,,,,,,,,,,,,,2021-10-29 13:57:22,2021-10-29 13:57:22
000063.XSHE,2018-08-31,2018,q4,1302,中信证券,中信证券2018-08-31发布的报告研报摘要中含有超预期信息,2018-08-31,中兴通讯：战略聚焦5G 三季报业绩预告超预,顾海波,-5385000000.0000,,,,,,,,,,,,,,,,,,,,,,,,,,,2021-04-12 11:01:47,2021-04-12 11:01:47
000063.XSHE,2018-08-31,2018,q4,1302,天风证券,天风证券2018-08-31发布的报告研报摘要中含有超预期信息,2018-08-31,中兴通讯：经营逐步恢复 治理长期改善 轻装上阵备战5G,"唐海清,容志能",-5369900000.0000,,,,,,,,,,,,,,,,,,,,,,,,,,,2021-04-12 11:01:47,2021-04-12 11:01:47
000063.XSHE,2018-10-26,2018,q4,1302,国金证券,国金证券2018-10-26发布的报告研报摘要中含有超预期信息,2018-10-26,中兴通讯：经营快速恢复 迎接价值重估,唐川,-6583000000.0000,,,,,,,,,,,,,,,,,,,,,,,,,,,2021-04-12 11:01:47,2021-04-12 11:01:47
000063.XSHE,2018-10-29,2018,q4,1302,招商证券,招商证券2018-10-29发布的报告研报摘要中含有超预期信息,2018-10-29,中兴通讯：三季度快速恢复正常生产 5G核心标的重新上路,余俊,-6379000000.0000,,,,,,,,,,,,,,,,,,,,,,,,,,,2021-04-12 11:01:47,2021-04-12 11:01:47
000063.XSHE,2018-11-09,2018,q4,1101,中信证券,"中信证券2018-11-09发布的报告上调了该股盈利预测,分析师：顾海波",2018-11-09,中兴通讯：5G龙头 后市可期,顾海波,-6329900000.0000,2018-10-26,中兴通讯：聚焦5G战略立竿见影 经营好转,-6330000000.0000,,,,,,,,,,,,,,,,,,,,,,,0.0000,2021-04-12 11:01:47,2021-04-12 11:01:47
000063.XSHE,2018-11-28,2018,q4,1102,光大证券,"光大证券2018-11-28发布的报告上调了该股盈利预测,分析师：刘凯,石崎良,杨明辉",2018-11-28,5G系列深度报告之一：元年开启 万物互联,"刘凯,石崎良,杨明辉",-6497880000.0000,2018-10-28,中兴通讯：三季度环比改善明显 看好公司业绩回升,-6498000000.0000,,,,,,,,,,,,,,,,,,,,,,,0.0000,2021-04-12 11:01:47,2021-04-12 11:01:47
000063.XSHE,2018-12-24,2018,q4,1102,光大证券,"光大证券2018-12-24发布的报告上调了该股盈利预测,分析师：刘凯,石崎良,杨明辉 等",2018-12-24,通信行业2019年投资策略：5G确定性趋势 把握细分领域投资机会,"刘凯,石崎良,杨明辉 等",-6497000000.0000,2018-11-28,5G系列深度报告之一：元年开启 万物互联,-6497880000.0000,,,,,,,,,,,,,,,,,,,,,,,0.0001,2021-04-12 11:01:47,2021-04-12 11:01:47
000063.XSHE,2019-02-13,2018,q4,1101,国金证券,"国金证券2019-02-13发布的报告上调了该股盈利预测,分析师：唐川",2019-02-13,中兴通讯：5G落地开启“中兴”之路 上调目标价至32元,唐川,-6505000000.0000,2018-10-26,中兴通讯：经营快速恢复 迎接价值重估,-6583000000.0000,,,,,,,,,,,,,,,,,,,,,,,0.0118,2021-04-12 11:01:47,2021-04-12 11:01:47
000063.XSHE,2019-02-25,2018,q4,1302,华泰证券,华泰证券2019-02-25发布的报告研报摘要中含有超预期信息,2019-02-25,中兴通讯：5G大幕将开启 中兴扬帆再起航,"王林,陈歆伟",-5745000000.0000,,,,,,,,,,,,,,,,,,,,,,,,,,,2021-04-12 11:01:47,2021-04-12 11:01:47
000063.XSHE,2019-03-04,2018,q4,1302,国泰君安,国泰君安2019-03-04发布的报告研报摘要中含有超预期信息,2019-03-04,中兴通讯：再起航勇往直前 5G助力真成长,"庄宇,赵良毕",-4151000000.0000,,,,,,,,,,,,,,,,,,,,,,,,,,,2021-04-12 11:01:47,2021-04-12 11:01:47
000063.XSHE,2019-03-28,2019,q4,1101,招商证券,"招商证券2019-03-28发布的报告上调了该股盈利预测,分析师：余俊",2019-03-28,中兴通讯：预告一季度业绩超预期 5G龙头整装重出发,余俊,5097000000.0000,2019-01-22,中兴通讯：定增重启 夯实未来5G发展,4998000000.0000,,,,,,,,,,,,,,,,,,,,,,,0.0198,2021-04-12 11:01:47,2021-04-12 11:01:47
000063.XSHE,2019-03-28,2019,q4,1101,民生证券,"民生证券2019-03-28发布的报告上调了该股盈利预测,分析师：杨锟,杨妙姝",2019-03-28,中兴通讯：经营快速恢复 迎5G建设机遇,"杨锟,杨妙姝",5152000000.0000,2018-10-26,中兴通讯：加大研发投入 迎5G商用,4830000000.0000,,,,,,,,,,,,,,,,,,,,,,,0.0667,2021-04-12 11:01:47,2021-04-12 11:01:47
000063.XSHE,2019-03-28,2019,q4,1101,中信证券,"中信证券2019-03-28发布的报告上调了该股盈利预测,分析师：顾海波",2019-03-28,中兴通讯：2019Q1业绩预告超预期 有望领跑5G开局之年,顾海波,3860820000.0000,2018-11-09,中兴通讯：5G龙头 后市可期,3846330000.0000,,,,,,,,,,,,,,,,,,,,,,,0.0038,2021-04-12 11:01:47,2021-04-12 11:01:47
000063.XSHE,2019-03-28,2019,q4,1101,光大证券,"光大证券2019-03-28发布的报告上调了该股盈利预测,分析师：刘凯,石崎良",2019-03-28,中兴通讯：经营业务已趋于好转 19Q1净利润8-12亿元,"刘凯,石崎良",4890000000.0000,2019-03-05,5G系列深度报告之三：小基站催生大市场 光互联助力网络深度覆盖,4205000000.0000,,,,,,,,,,,,,,,,,,,,,,,0.1629,2021-04-12 11:01:47,2021-04-12 11:01:47
000063.XSHE,2019-03-28,2019,q4,1101,国信证券,"国信证券2019-03-28发布的报告上调了该股盈利预测,分析师：程成,李亚军",2019-03-28,中兴通讯：一季度业绩超预期 恢复高增长,"程成,李亚军",5117000000.0000,2018-11-02,中兴通讯：业绩符合预期 经营得到恢复,4127000000.0000,,,,,,,,,,,,,,,,,,,,,,,0.2399,2021-04-12 11:01:47,2021-04-12 11:01:47
000063.XSHE,2019-03-28,2019,q4,1101,中泰证券,"中泰证券2019-03-28发布的报告上调了该股盈利预测,分析师：吴友文,易景明",2019-03-28,中兴通讯：业务恢复步入正轨 5G开局全面发力,"吴友文,易景明",4802000000.0000,2018-10-25,中兴通讯：业务企稳向上 聚焦5G砥砺前行,3534000000.0000,,,,,,,,,,,,,,,,,,,,,,,0.3588,2021-04-12 11:01:47,2021-04-12 11:01:47
000063.XSHE,2019-03-28,2019,q4,1101,中银国际证券,"中银国际证券2019-03-28发布的报告上调了该股盈利预测,分析师：程燊彦",2019-03-28,中兴通讯：经营业绩逐步恢复 行业领头羊全力进军5G,程燊彦,4102000000.0000,2018-10-27,中兴通讯：三季度业绩起底向上 聚焦5G重装回归,3806000000.0000,,,,,,,,,,,,,,,,,,,,,,,0.0778,2021-04-12 11:01:47,2021-04-12 11:01:47
000063.XSHE,2019-03-28,2019,q4,1101,国金证券,"国金证券2019-03-28发布的报告上调了该股盈利预测,分析师：唐川",2019-03-28,中兴通讯：重回新成长周期 上调目标价至36元,唐川,5078000000.0000,2019-02-13,中兴通讯：5G落地开启“中兴”之路 上调目标价至32元,4777000000.0000,,,,,,,,,,,,,,,,,,,,,,,0.0630,2021-04-12 11:01:47,2021-04-12 11:01:47
000063.XSHE,2019-03-28,2019,q4,1101,财通证券,"财通证券2019-03-28发布的报告上调了该股盈利预测,分析师：李宏涛",2019-03-28,中兴通讯：出清制裁影响 2019重回增长,李宏涛,5501000000.0000,2018-10-25,中兴通讯：至暗之后再起航 长期稳定经营可期,5079000000.0000,,,,,,,,,,,,,,,,,,,,,,,0.0831,2021-04-12 11:01:47,2021-04-12 11:01:47
000063.XSHE,2019-03-28,2019,q4,1102,申万宏源,"申万宏源2019-03-28发布的报告上调了该股盈利预测,分析师：刘洋,朱型檑",2019-03-28,中兴通讯：一季报超预期增长 19年正式进入5G高成长通道,"刘洋,朱型檑",4532000000.0000,2019-03-13,中兴通讯：中兴MWC彰显5G优势 依旧看好全球地位提升之长期趋势,4527000000.0000,,,,,,,,,,,,,,,,,,,,,,,0.0011,2021-04-12 11:01:47,2021-04-12 11:01:47
000063.XSHE,2019-03-28,2019,q4,1102,华泰证券,"华泰证券2019-03-28发布的报告上调了该股盈利预测,分析师：王林",2019-03-28,中兴通讯：一季报业绩超预期 整装待发迎5G,王林,4600000000.0000,2019-02-25,中兴通讯：5G大幕将开启 中兴扬帆再起航,4508000000.0000,,,,,,,,,,,,,,,,,,,,,,,0.0204,2021-04-12 11:01:47,2021-04-12 11:01:47
000063.XSHE,2019-03-28,2019,q4,1102,国盛证券,"国盛证券2019-03-28发布的报告上调了该股盈利预测,分析师：宋嘉吉,黄瀚",2019-03-28,中兴通讯：业绩超预期 厉兵秣马再战5G,"宋嘉吉,黄瀚",4805000000.0000,2019-03-06,中兴通讯：发布边缘计算服务器 中兴着眼5G长远布局,4077000000.0000,,,,,,,,,,,,,,,,,,,,,,,0.1786,2021-04-12 11:01:47,2021-04-12 11:01:47
000063.XSHE,2019-03-28,2019,q4,1301,招商证券,招商证券2019-03-28发布的报告研报标题中含有超预期信息,2019-03-28,中兴通讯：预告一季度业绩超预期 5G龙头整装重出发,余俊,5097000000.0000,,,,,,,,,,,,,,,,,,,,,,,,,,,2021-04-12 11:01:47,2021-04-12 11:01:47
000063.XSHE,2019-03-28,2019,q4,1301,申万宏源,申万宏源2019-03-28发布的报告研报标题中含有超预期信息,2019-03-28,中兴通讯：一季报超预期增长 19年正式进入5G高成长通道,"刘洋,朱型檑",4532000000.0000,,,,,,,,,,,,,,,,,,,,,,,,,,,2021-04-12 11:01:47,2021-04-12 11:01:47
000063.XSHE,2019-03-28,2019,q4,1301,中信证券,中信证券2019-03-28发布的报告研报标题中含有超预期信息,2019-03-28,中兴通讯：2019Q1业绩预告超预期 有望领跑5G开局之年,顾海波,3860820000.0000,,,,,,,,,,,,,,,,,,,,,,,,,,,2021-04-12 11:01:47,2021-04-12 11:01:47
000063.XSHE,2019-03-28,2019,q4,1301,华泰证券,华泰证券2019-03-28发布的报告研报标题中含有超预期信息,2019-03-28,中兴通讯：一季报业绩超预期 整装待发迎5G,王林,4600000000.0000,,,,,,,,,,,,,,,,,,,,,,,,,,,2021-04-12 11:01:47,2021-04-12 11:01:47
000063.XSHE,2019-03-28,2019,q4,1301,国信证券,国信证券2019-03-28发布的报告研报标题中含有超预期信息,2019-03-28,中兴通讯：一季度业绩超预期 恢复高增长,"程成,李亚军",5117000000.0000,,,,,,,,,,,,,,,,,,,,,,,,,,,2021-04-12 11:01:47,2021-04-12 11:01:47
000063.XSHE,2019-03-28,2019,q4,1301,国盛证券,国盛证券2019-03-28发布的报告研报标题中含有超预期信息,2019-03-28,中兴通讯：业绩超预期 厉兵秣马再战5G,"宋嘉吉,黄瀚",4805000000.0000,,,,,,,,,,,,,,,,,,,,,,,,,,,2021-04-12 11:01:47,2021-04-12 11:01:47
000063.XSHE,2019-03-28,2019,q4,1301,天风证券,天风证券2019-03-28发布的报告研报标题中含有超预期信息,2019-03-28,中兴通讯：一季报业绩超预期 扬帆5G新起点,"容志能,唐海清,王奕红",5402170000.0000,,,,,,,,,,,,,,,,,,,,,,,,,,,2021-04-12 11:01:47,2021-04-12 11:01:47
000063.XSHE,2019-03-28,2019,q4,1302,申万宏源,申万宏源2019-03-28发布的报告研报摘要中含有超预期信息,2019-03-28,中兴通讯：一季报超预期增长 19年正式进入5G高成长通道,"刘洋,朱型檑",4532000000.0000,,,,,,,,,,,,,,,,,,,,,,,,,,,2021-04-12 11:01:47,2021-04-12 11:01:47
000063.XSHE,2019-03-28,2019,q4,1302,中信证券,中信证券2019-03-28发布的报告研报摘要中含有超预期信息,2019-03-28,中兴通讯：2019Q1业绩预告超预期 有望领跑5G开局之年,顾海波,3860820000.0000,,,,,,,,,,,,,,,,,,,,,,,,,,,2021-04-12 11:01:47,2021-04-12 11:01:47
000063.XSHE,2019-03-28,2019,q4,1302,华泰证券,华泰证券2019-03-28发布的报告研报摘要中含有超预期信息,2019-03-28,中兴通讯：一季报业绩超预期 整装待发迎5G,王林,4600000000.0000,,,,,,,,,,,,,,,,,,,,,,,,,,,2021-04-12 11:01:47,2021-04-12 11:01:47
000063.XSHE,2019-03-28,2019,q4,1302,国信证券,国信证券2019-03-28发布的报告研报摘要中含有超预期信息,2019-03-28,中兴通讯：一季度业绩超预期 恢复高增长,"程成,李亚军",5117000000.0000,,,,,,,,,,,,,,,,,,,,,,,,,,,2021-04-12 11:01:47,2021-04-12 11:01:47
000063.XSHE,2019-03-28,2019,q4,1302,兴业证券,兴业证券2019-03-28发布的报告研报摘要中含有超预期信息,2019-03-28,中兴通讯：聚焦5G主航道 稳步发展,"王胜,杨尚东",4290000000.0000,,,,,,,,,,,,,,,,,,,,,,,,,,,2021-04-12 11:01:47,2021-04-12 11:01:47
000063.XSHE,2019-03-28,2019,q4,1302,国盛证券,国盛证券2019-03-28发布的报告研报摘要中含有超预期信息,2019-03-28,中兴通讯：业绩超预期 厉兵秣马再战5G,"宋嘉吉,黄瀚",4805000000.0000,,,,,,,,,,,,,,,,,,,,,,,,,,,2021-04-12 11:01:47,2021-04-12 11:01:47
000063.XSHE,2019-03-28,2019,q4,1302,国金证券,国金证券2019-03-28发布的报告研报摘要中含有超预期信息,2019-03-28,中兴通讯：重回新成长周期 上调目标价至36元,唐川,5078000000.0000,,,,,,,,,,,,,,,,,,,,,,,,,,,2021-04-12 11:01:47,2021-04-12 11:01:47
000063.XSHE,2019-03-28,2019,q4,1302,天风证券,天风证券2019-03-28发布的报告研报摘要中含有超预期信息,2019-03-28,中兴通讯：一季报业绩超预期 扬帆5G新起点,"容志能,唐海清,王奕红",5402170000.0000,,,,,,,,,,,,,,,,,,,,,,,,,,,2021-04-12 11:01:47,2021-04-12 11:01:47
000063.XSHE,2019-03-29,2019,q4,1101,东北证券,"东北证券2019-03-29发布的报告上调了该股盈利预测,分析师：熊军,孙树明",2019-03-29,中兴通讯：5G建设带来重大机遇 创新夯实龙头地位,"熊军,孙树明",4875000000.0000,2018-12-01,通信行业：5G时代开启 关注IDC行业投资机会,4213000000.0000,,,,,,,,,,,,,,,,,,,,,,,0.1571,2021-04-12 11:01:47,2021-04-12 11:01:47
000063.XSHE,2019-03-29,2019,q4,1101,海通证券,"海通证券2019-03-29发布的报告上调了该股盈利预测,分析师：朱劲松,余伟民",2019-03-29,中兴通讯：5G龙头归来 网络设备业务恢复、预计2019年Q1业绩高增长,"朱劲松,余伟民",5056000000.0000,2018-10-28,中兴通讯：研发提速加码5G 经营数据向好,4918370000.0000,,,,,,,,,,,,,,,,,,,,,,,0.0280,2021-04-12 11:01:47,2021-04-12 11:01:47
000063.XSHE,2019-04-01,2019,q4,1101,中金公司,"中金公司2019-04-01发布的报告上调了该股盈利预测,分析师：黄乐平,闫慧辰",2019-04-01,中兴通讯：1Q19指引大幅扭亏 上调公司盈利预测,"黄乐平,闫慧辰",4342000000.0000,2019-01-21,中兴通讯：调整条件提高定增确定性 体现公司布局5G决心,3884000000.0000,,,,,,,,,,,,,,,,,,,,,,,0.1179,2021-04-12 11:01:47,2021-04-12 11:01:47
000063.XSHE,2019-04-01,2019,q4,1302,中金公司,中金公司2019-04-01发布的报告研报摘要中含有超预期信息,2019-04-01,中兴通讯：1Q19指引大幅扭亏 上调公司盈利预测,"黄乐平,闫慧辰",4342000000.0000,,,,,,,,,,,,,,,,,,,,,,,,,,,2021-04-12 11:01:47,2021-04-12 11:01:47
000063.XSHE,2019-04-02,2019,q4,1101,银河证券,"银河证券2019-04-02发布的报告上调了该股盈利预测,分析师：华立",2019-04-02,中兴通讯：凤凰涅槃 振翅高飞,华立,4655320000.0000,2018-10-30,中兴通讯：三季度业绩环比改善 研发投入积极 拥抱5G新时代,4257120000.0000,,,,,,,,,,,,,,,,,,,,,,,0.0935,2021-04-12 11:01:47,2021-04-12 11:01:47
000063.XSHE,2019-04-30,2019,q4,1101,中信证券,"中信证券2019-04-30发布的报告上调了该股盈利预测,分析师：顾海波",2019-04-30,中兴通讯：运营商业务超预期 5G龙头地位巩固,顾海波,3861000000.0000,2019-03-28,中兴通讯：2019Q1业绩预告超预期 有望领跑5G开局之年,3860820000.0000,,,,,,,,,,,,,,,,,,,,,,,0.0000,2021-04-12 11:01:47,2021-04-12 11:01:47
000063.XSHE,2019-04-30,2019,q4,1102,天风证券,"天风证券2019-04-30发布的报告上调了该股盈利预测,分析师：容志能,唐海清,王奕红 等",2019-04-30,中兴通讯：2019Q1经营改善 展望5G龙头新阶段发力,"容志能,唐海清,王奕红 等",5403480000.0000,2019-04-20,中兴通讯：5G朝阳红 再来看龙头,5402170000.0000,,,,,,,,,,,,,,,,,,,,,,,0.0002,2021-04-12 11:01:47,2021-04-12 11:01:47
000063.XSHE,2019-04-30,2019,q4,1301,中信证券,中信证券2019-04-30发布的报告研报标题中含有超预期信息,2019-04-30,中兴通讯：运营商业务超预期 5G龙头地位巩固,顾海波,3861000000.0000,,,,,,,,,,,,,,,,,,,,,,,,,,,2021-04-12 11:01:47,2021-04-12 11:01:47
000063.XSHE,2019-04-30,2019,q4,1302,中金公司,中金公司2019-04-30发布的报告研报摘要中含有超预期信息,2019-04-30,中兴通讯：1Q19核心利润、回款继续转好 2Q19指引强调扭亏,"黄乐平,闫慧辰",4342000000.0000,,,,,,,,,,,,,,,,,,,,,,,,,,,2021-04-12 11:01:47,2021-04-12 11:01:47
000063.XSHE,2019-04-30,2019,q4,1302,中信证券,中信证券2019-04-30发布的报告研报摘要中含有超预期信息,2019-04-30,中兴通讯：运营商业务超预期 5G龙头地位巩固,顾海波,3861000000.0000,,,,,,,,,,,,,,,,,,,,,,,,,,,2021-04-12 11:01:47,2021-04-12 11:01:47
000063.XSHE,2019-04-30,2019,q4,1302,国盛证券,国盛证券2019-04-30发布的报告研报摘要中含有超预期信息,2019-04-30,中兴通讯：经营改善备战5G 静待运营商需求释放,"宋嘉吉,黄瀚",4805000000.0000,,,,,,,,,,,,,,,,,,,,,,,,,,,2021-04-12 11:01:47,2021-04-12 11:01:47
000063.XSHE,2019-05-06,2019,q4,1302,国信证券,国信证券2019-05-06发布的报告研报摘要中含有超预期信息,2019-05-06,中兴通讯：业绩符合预期 5G龙头再出发,"程成,李亚军",5117000000.0000,,,,,,,,,,,,,,,,,,,,,,,,,,,2021-04-12 11:01:47,2021-04-12 11:01:47
000063.XSHE,2019-05-13,2019,q4,1302,国泰君安,国泰君安2019-05-13发布的报告研报摘要中含有超预期信息,2019-05-13,中兴通讯与国动集团签署5G战略合作协议点评：联手民营“铁塔” 共创5G辉煌,"庄宇,赵良毕",6762000000.0000,,,,,,,,,,,,,,,,,,,,,,,,,,,2021-04-12 11:01:47,2021-04-12 11:01:47
000063.XSHE,2019-07-14,2019,q4,1102,华泰证券,"华泰证券2019-07-14发布的报告上调了该股盈利预测,分析师：王林",2019-07-14,中兴通讯：5G加速 从技术重估到市场重估,王林,5078000000.0000,2019-03-28,中兴通讯：一季报业绩超预期 整装待发迎5G,4600000000.0000,,,,,,,,,,,,,,,,,,,,,,,0.1039,2021-04-12 11:01:47,2021-04-12 11:01:47
000063.XSHE,2019-07-14,2019,q4,1302,华泰证券,华泰证券2019-07-14发布的报告研报摘要中含有超预期信息,2019-07-14,中兴通讯：5G加速 从技术重估到市场重估,王林,5078000000.0000,,,,,,,,,,,,,,,,,,,,,,,,,,,2021-04-12 11:01:47,2021-04-12 11:01:47
000063.XSHE,2019-08-01,2019,q4,1302,国泰君安,国泰君安2019-08-01发布的报告研报摘要中含有超预期信息,2019-08-01,中兴通讯：新浪科技专访中兴通讯谈5G手机普及等事件快评 5G网络与终端双提速 龙头占先机,"庄宇,赵良毕",6762000000.0000,,,,,,,,,,,,,,,,,,,,,,,,,,,2021-04-12 11:01:47,2021-04-12 11:01:47
000063.XSHE,2019-08-11,2019,q4,1302,中金公司,中金公司2019-08-11发布的报告研报摘要中含有超预期信息,2019-08-11,中兴通讯：中移动资本开支指引符合预期 维持“跑赢行业”,"黄乐平,闫慧辰",4342000000.0000,,,,,,,,,,,,,,,,,,,,,,,,,,,2021-04-12 11:01:47,2021-04-12 11:01:47
000063.XSHE,2019-08-21,2019,q4,1302,中信证券,中信证券2019-08-21发布的报告研报摘要中含有超预期信息,2019-08-21,科技产业系列报告6：5G产业链 2019看预期 2020看业绩,"许英博,徐涛,顾海波",3860820000.0000,,,,,,,,,,,,,,,,,,,,,,,,,,,2021-04-12 11:01:47,2021-04-12 11:01:47
000063.XSHE,2019-08-22,2019,q4,1101,东吴证券,"东吴证券2019-08-22发布的报告上调了该股盈利预测,分析师：侯宾",2019-08-22,中兴通讯：中兴定增申请审核通过 加码5G研发、蓄力5G建设采购,侯宾,4651000000.0000,2019-06-15,中兴通讯：业绩增长稳健 国内市场广阔叠加5G技术领先 5G商用扬帆起航,4650800000.0000,,,,,,,,,,,,,,,,,,,,,,,0.0000,2021-04-12 11:01:47,2021-04-12 11:01:47
000063.XSHE,2019-08-27,2019,q4,1101,光大证券,"光大证券2019-08-27发布的报告上调了该股盈利预测,分析师：石崎良,刘凯",2019-08-27,中兴通讯：运营商业务恢复明显 看好5G建设机遇,"石崎良,刘凯",4901000000.0000,2019-06-04,中兴通讯：大国重器 凤凰涅槃,4890000000.0000,,,,,,,,,,,,,,,,,,,,,,,0.0022,2021-04-12 11:01:47,2021-04-12 11:01:47
000063.XSHE,2019-08-27,2019,q4,1101,中泰证券,"中泰证券2019-08-27发布的报告上调了该股盈利预测,分析师：吴友文,易景明",2019-08-27,中兴通讯：经营状况保持平稳 聚焦5G蓄势待发,"吴友文,易景明",5024000000.0000,2019-06-27,中兴通讯：5G新起点 网络创新凸显主设备长期价值,4649000000.0000,,,,,,,,,,,,,,,,,,,,,,,0.0807,2021-04-12 11:01:47,2021-04-12 11:01:47
000063.XSHE,2019-08-27,2019,q4,1301,东吴证券,东吴证券2019-08-27发布的报告研报标题中含有超预期信息,2019-08-27,中兴通讯：中报业绩符合预期 研发保持高投入 三季度业绩指引超预期,侯宾,4651000000.0000,,,,,,,,,,,,,,,,,,,,,,,,,,,2021-04-12 11:01:47,2021-04-12 11:01:47
000063.XSHE,2019-08-28,2019,q3,1504,,2019-08-28发布的业绩预告同比增速超出2019一致预期同比增速,,,,,,,,2019-08-28,performance_forecast,4600000000.0000,3800000000.0000,,,,,2.2219,,,,,,,,,2019-08-27,,2081484059.1000,,2.1099,0.1120,2021-04-12 11:01:47,2021-04-12 11:01:47
000063.XSHE,2019-08-28,2019,q4,1101,申万宏源,"申万宏源2019-08-28发布的报告上调了该股盈利预测,分析师：朱型檑,唐宗其",2019-08-28,中兴通讯：业绩符合预期 经营状况持续优化 基本面上行确立,"朱型檑,唐宗其",5031000000.0000,2019-04-30,中兴通讯：一季报符合预告 4G重耕叠加5G新建看好全年基本面恢复,4532000000.0000,,,,,,,,,,,,,,,,,,,,,,,0.1101,2021-04-12 11:01:47,2021-04-12 11:01:47
000063.XSHE,2019-08-28,2019,q4,1101,兴业证券,"兴业证券2019-08-28发布的报告上调了该股盈利预测,分析师：王胜,杨尚东",2019-08-28,中兴通讯：毛利率提升超预期 下半年5G驱动增长加速,"王胜,杨尚东",5375000000.0000,2019-03-28,中兴通讯：聚焦5G主航道 稳步发展,4290000000.0000,,,,,,,,,,,,,,,,,,,,,,,0.2529,2021-04-12 11:01:47,2021-04-12 11:01:47
000063.XSHE,2019-08-28,2019,q4,1101,国金证券,"国金证券2019-08-28发布的报告上调了该股盈利预测,分析师：唐川",2019-08-28,中兴通讯：进入新成长周期,唐川,5294000000.0000,2019-04-30,中兴通讯：向好趋势不变 上调目标价至40元,4548000000.0000,,,,,,,,,,,,,,,,,,,,,,,0.1640,2021-04-12 11:01:47,2021-04-12 11:01:47
000063.XSHE,2019-08-28,2019,q4,1101,群益证券,"群益证券2019-08-28发布的报告上调了该股盈利预测,分析师：李天凡",2019-08-28,中兴通讯：19年上半年扭亏为盈 生产经营恢复正轨 业绩符合预期,李天凡,5019000000.0000,2019-03-29,中兴通讯：生产经营恢复正轨 19年一季度业绩预增,4979000000.0000,,,,,,,,,,,,,,,,,,,,,,,0.0080,2021-04-12 11:01:47,2021-04-12 11:01:47
000063.XSHE,2019-08-28,2019,q4,1102,长江证券,"长江证券2019-08-28发布的报告上调了该股盈利预测,分析师：于海宁,章林",2019-08-28,中兴通讯：海外风起 新周期开启,"于海宁,章林",5376000000.0000,2019-04-30,中兴通讯：核心指标创新高 5G龙头行稳致远,5012000000.0000,,,,,,,,,,,,,,,,,,,,,,,0.0726,2021-04-12 11:01:47,2021-04-12 11:01:47
000063.XSHE,2019-08-28,2019,q4,1102,国盛证券,"国盛证券2019-08-28发布的报告上调了该股盈利预测,分析师：宋嘉吉,黄瀚",2019-08-28,中兴通讯：海外收入大增 研发持续投入 静待5G业绩释放,"宋嘉吉,黄瀚",5260000000.0000,2019-04-30,中兴通讯：经营改善备战5G 静待运营商需求释放,4805000000.0000,,,,,,,,,,,,,,,,,,,,,,,0.0947,2021-04-12 11:01:47,2021-04-12 11:01:47
000063.XSHE,2019-08-28,2019,q4,1301,兴业证券,兴业证券2019-08-28发布的报告研报标题中含有超预期信息,2019-08-28,中兴通讯：毛利率提升超预期 下半年5G驱动增长加速,"王胜,杨尚东",5375000000.0000,,,,,,,,,,,,,,,,,,,,,,,,,,,2021-04-12 11:01:47,2021-04-12 11:01:47
000063.XSHE,2019-08-28,2019,q4,1302,长江证券,长江证券2019-08-28发布的报告研报摘要中含有超预期信息,2019-08-28,中兴通讯：海外风起 新周期开启,"于海宁,章林",5376000000.0000,,,,,,,,,,,,,,,,,,,,,,,,,,,2021-04-12 11:01:47,2021-04-12 11:01:47
000063.XSHE,2019-08-28,2019,q4,1302,国信证券,国信证券2019-08-28发布的报告研报摘要中含有超预期信息,2019-08-28,中兴通讯：业绩持续改善 5G业务发展迅速,"程成,李亚军",5117000000.0000,,,,,,,,,,,,,,,,,,,,,,,,,,,2021-04-12 11:01:47,2021-04-12 11:01:47
000063.XSHE,2019-08-28,2019,q4,1302,国联证券,国联证券2019-08-28发布的报告研报摘要中含有超预期信息,2019-08-28,中兴通讯：聚焦核心业务与核心市场 等待5G起量,曹亮,4955000000.0000,,,,,,,,,,,,,,,,,,,,,,,,,,,2021-04-12 11:01:47,2021-04-12 11:01:47
000063.XSHE,2019-08-28,2019,q4,1302,华金证券,华金证券2019-08-28发布的报告研报摘要中含有超预期信息,2019-08-28,中兴通讯：基本面持续改善 聚焦5G再出发,"蔡景彦,曾捷,胡朗",4825100000.0000,,,,,,,,,,,,,,,,,,,,,,,,,,,2021-04-12 11:01:47,2021-04-12 11:01:47
000063.XSHE,2019-08-29,2019,q4,1101,中信证券,"中信证券2019-08-29发布的报告上调了该股盈利预测,分析师：顾海波",2019-08-29,中兴通讯：业务层面步入正轨 经营层面仍待优化,顾海波,4835490000.0000,2019-08-21,科技产业系列报告6：5G产业链 2019看预期 2020看业绩,3860820000.0000,,,,,,,,,,,,,,,,,,,,,,,0.2525,2021-04-12 11:01:47,2021-04-12 11:01:47
000063.XSHE,2019-09-02,2019,q4,1101,东北证券,"东北证券2019-09-02发布的报告上调了该股盈利预测,分析师：熊军,孙树明,张立",2019-09-02,中兴通讯：业绩持续改善 5G建设迎重大机遇,"熊军,孙树明,张立",5122000000.0000,2019-07-02,通信行业：5G产业链加速推进 下游应用场景逐步落地,4875000000.0000,,,,,,,,,,,,,,,,,,,,,,,0.0507,2021-04-12 11:01:47,2021-04-12 11:01:47
000063.XSHE,2019-10-28,2019,q4,1101,方正证券,"方正证券2019-10-28发布的报告上调了该股盈利预测,分析师：樊生龙",2019-10-28,中兴通讯：三季报营收略低预期 定增获批加5G规模建设 看好公司长期增长潜力,樊生龙,4842790000.0000,2019-08-27,中兴通讯：业绩基本符合预期 5G规模建设叠加4G扩容有望推动公司业绩持续增长,4842020000.0000,,,,,,,,,,,,,,,,,,,,,,,0.0002,2021-04-12 11:01:47,2021-04-12 11:01:47
000063.XSHE,2019-10-29,2019,q3,1405,,2019-10-29发布的财报中，3季度净利润增速超出机构的一致预期,,,,,,,,2019-10-29,financial_reports,,,,2745018000.0000,,,,3.1013,,,,,,,,2019-10-28,,2212936346.7000,,,0.2404,2021-04-12 11:01:47,2021-04-12 11:01:47
000063.XSHE,2019-10-29,2019,q3,1503,,2019-10-29发布的财报净利润同比增速超出2019一致预期同比增速,,,,,,,,2019-10-29,financial_reports,,,,2745018000.0000,,,,3.1013,,,,,,,,2019-10-28,,2212936346.7000,,2.3063,0.7950,2021-04-12 11:01:47,2021-04-12 11:01:47
000063.XSHE,2020-01-16,2019,q4,1101,东吴证券,"东吴证券2020-01-16发布的报告上调了该股盈利预测,分析师：侯宾,姚久花",2020-01-16,中兴通讯：完成超百亿元非公开发行A股募资 加码研发 夯实5G领先优势,"侯宾,姚久花",4659000000.0000,2019-08-27,中兴通讯：中报业绩符合预期 研发保持高投入 三季度业绩指引超预期,4651000000.0000,,,,,,,,,,,,,,,,,,,,,,,0.0017,2021-04-12 11:01:47,2021-04-12 11:01:47
000063.XSHE,2020-01-16,2019,q4,1302,东吴证券,东吴证券2020-01-16发布的报告研报摘要中含有超预期信息,2020-01-16,中兴通讯：完成超百亿元非公开发行A股募资 加码研发 夯实5G领先优势,"侯宾,姚久花",4659000000.0000,,,,,,,,,,,,,,,,,,,,,,,,,,,2021-04-12 11:01:47,2021-04-12 11:01:47
000063.XSHE,2020-01-17,2019,q4,1101,华金证券,"华金证券2020-01-17发布的报告上调了该股盈利预测,分析师：蔡景彦,曾捷,胡朗",2020-01-17,中兴通讯：115亿定增签署 5G加速发展,"蔡景彦,曾捷,胡朗",4923800000.0000,2019-08-28,中兴通讯：基本面持续改善 聚焦5G再出发,4825100000.0000,,,,,,,,,,,,,,,,,,,,,,,0.0205,2021-04-12 11:01:47,2021-04-12 11:01:47
000063.XSHE,2020-01-17,2019,q4,1302,华金证券,华金证券2020-01-17发布的报告研报摘要中含有超预期信息,2020-01-17,中兴通讯：115亿定增签署 5G加速发展,"蔡景彦,曾捷,胡朗",4923800000.0000,,,,,,,,,,,,,,,,,,,,,,,,,,,2021-04-12 11:01:47,2021-04-12 11:01:47
000063.XSHE,2020-01-18,2019,q4,1101,西部证券,"西部证券2020-01-18发布的报告上调了该股盈利预测,分析师：邢开允",2020-01-18,中兴通讯：定增落地 中兴启航,邢开允,4904000000.0000,2020-01-06,2020年通信计算机行业年度策略：5G与云为基 开拓科技应用新空间,4903000000.0000,,,,,,,,,,,,,,,,,,,,,,,0.0002,2021-04-12 11:01:47,2021-04-12 11:01:47
000063.XSHE,2020-02-04,2019,q4,1101,中金公司,"中金公司2020-02-04发布的报告上调了该股盈利预测,分析师：黄乐平,闫慧辰",2020-02-04,中兴通讯：大规模定增项目落地 疫情不改5G建设整体趋势,"黄乐平,闫慧辰",5116133183.3400,2019-08-23,中兴通讯：非公开发行审核通过 公司实力有望更上一层楼,4342000000.0000,,,,,,,,,,,,,,,,,,,,,,,0.1783,2021-04-12 11:01:47,2021-04-12 11:01:47
000063.XSHE,2020-02-14,2019,q4,1302,长江证券,长江证券2020-02-14发布的报告研报摘要中含有超预期信息,2020-02-14,中兴通讯：5G落地海内外接力 中兴行稳致远,"于海宁,章林",5012000000.0000,,,,,,,,,,,,,,,,,,,,,,,,,,,2021-04-12 11:01:47,2021-04-12 11:01:47
000063.XSHE,2020-02-17,2019,q4,1101,国金证券,"国金证券2020-02-17发布的报告上调了该股盈利预测,分析师：罗露",2020-02-17,中兴通讯：“中兴”在5G黎明 我们为什么看好中兴通讯到3000亿市值,罗露,5303000000.0000,2019-10-29,中兴通讯：非经平滑利润谷底 核心优势巩固迎接新成长周期,5294000000.0000,,,,,,,,,,,,,,,,,,,,,,,0.0017,2021-04-12 11:01:47,2021-04-12 11:01:47
000063.XSHE,2020-02-17,2019,q4,1302,国金证券,国金证券2020-02-17发布的报告研报摘要中含有超预期信息,2020-02-17,中兴通讯：“中兴”在5G黎明 我们为什么看好中兴通讯到3000亿市值,罗露,5303000000.0000,,,,,,,,,,,,,,,,,,,,,,,,,,,2021-04-12 11:01:47,2021-04-12 11:01:47
000063.XSHE,2020-03-03,2019,q4,1101,中金公司,"中金公司2020-03-03发布的报告上调了该股盈利预测,分析师：黄乐平,闫慧辰",2020-03-03,中兴通讯：5G确定性提升 继续看好新基建,"黄乐平,闫慧辰",5149000000.0000,2020-02-04,中兴通讯：大规模定增项目落地 疫情不改5G建设整体趋势,5116133183.3400,,,,,,,,,,,,,,,,,,,,,,,0.0064,2021-04-12 11:01:47,2021-04-12 11:01:47
000063.XSHE,2020-03-28,2019,q4,1405,,2020-03-28发布的财报中，4季度净利润增速超出机构的一致预期,,,,,,,,2020-03-28,financial_reports,,,,1107893000.0000,,,,1.9675,,,,,,,,2020-03-27,,794089926.0000,,,0.3952,2022-02-21 15:47:12,2022-02-21 15:47:12
000063.XSHE,2020-03-28,2019,q4,1503,,2020-03-28发布的财报净利润同比增速超出2019一致预期同比增速,,,,,,,,2020-03-28,financial_reports,,,,1107893000.0000,,,,1.9675,,,,,,,,2020-03-27,,794089926.0000,,1.1270,0.8405,2022-02-21 15:47:12,2022-02-21 15:47:12
000063.XSHE,2020-03-28,2020,q4,1101,光大证券,"光大证券2020-03-28发布的报告上调了该股盈利预测,分析师：石崎良,刘凯",2020-03-28,中兴通讯：Q4单季扣非亦好转 运营商业务增长显著,"石崎良,刘凯",6072000000.0000,2019-10-28,中兴通讯：毛利润小幅增长 经营性现金流持续改善,6050000000.0000,,,,,,,,,,,,,,,,,,,,,,,0.0036,2021-04-12 11:01:47,2021-04-12 11:01:47
000063.XSHE,2020-03-28,2020,q4,1101,国金证券,"国金证券2020-03-28发布的报告上调了该股盈利预测,分析师：罗露",2020-03-28,中兴通讯：结构优化 经营向好 维持72元目标价不变,罗露,7120000000.0000,2020-02-17,中兴通讯：“中兴”在5G黎明 我们为什么看好中兴通讯到3000亿市值,7099000000.0000,,,,,,,,,,,,,,,,,,,,,,,0.0030,2021-04-12 11:01:47,2021-04-12 11:01:47
000063.XSHE,2020-03-28,2020,q4,1101,方正证券,"方正证券2020-03-28发布的报告上调了该股盈利预测,分析师：樊生龙",2020-03-28,中兴通讯：19年盈利能力持续改善 20年新基建获利龙头 进入新景气周期,樊生龙,6075570000.0000,2020-01-23,中兴通讯：5G进入规模建设期 龙头业绩有望逐步兑现,5918490000.0000,,,,,,,,,,,,,,,,,,,,,,,0.0265,2021-04-12 11:01:47,2021-04-12 11:01:47
000063.XSHE,2020-03-28,2020,q4,1302,国盛证券,国盛证券2020-03-28发布的报告研报摘要中含有超预期信息,2020-03-28,中兴通讯：5G正发力 领跑新基建,"宋嘉吉,黄瀚",6278000000.0000,,,,,,,,,,,,,,,,,,,,,,,,,,,2021-04-12 11:01:47,2021-04-12 11:01:47
000063.XSHE,2020-03-28,2020,q4,1302,国金证券,国金证券2020-03-28发布的报告研报摘要中含有超预期信息,2020-03-28,中兴通讯：结构优化 经营向好 维持72元目标价不变,罗露,7120000000.0000,,,,,,,,,,,,,,,,,,,,,,,,,,,2021-04-12 11:01:47,2021-04-12 11:01:47
000063.XSHE,2020-03-29,2020,q4,1101,中金公司,"中金公司2020-03-29发布的报告上调了该股盈利预测,分析师：黄乐平,闫慧辰",2020-03-29,中兴通讯：核心利润快速增长 5G投资提升业绩确定性,"黄乐平,闫慧辰",5859000000.0000,2020-03-03,中兴通讯：5G确定性提升 继续看好新基建,5857000000.0000,,,,,,,,,,,,,,,,,,,,,,,0.0003,2021-04-12 11:01:47,2021-04-12 11:01:47
000063.XSHE,2020-03-29,2020,q4,1101,华西证券,"华西证券2020-03-29发布的报告上调了该股盈利预测,分析师：宋辉",2020-03-29,中兴通讯：运营商业务好转 关注公司长期盈利能力,宋辉,6017000000.0000,2019-10-29,中兴通讯：资产端“挤水分” 单季度扣非后利润下滑,5840240000.0000,,,,,,,,,,,,,,,,,,,,,,,0.0303,2021-04-12 11:01:47,2021-04-12 11:01:47
000063.XSHE,2020-03-29,2020,q4,1302,华西证券,华西证券2020-03-29发布的报告研报摘要中含有超预期信息,2020-03-29,中兴通讯：运营商业务好转 关注公司长期盈利能力,宋辉,6017000000.0000,,,,,,,,,,,,,,,,,,,,,,,,,,,2021-04-12 11:01:47,2021-04-12 11:01:47
000063.XSHE,2020-03-30,2020,q4,1101,平安证券,"平安证券2020-03-30发布的报告上调了该股盈利预测,分析师：朱琨",2020-03-30,中兴通讯：毛利率水平持续提升 管理改善成效显著,朱琨,5766000000.0000,2020-03-01,中兴通讯：估值处于低位 盈利能力将持续增强,5708000000.0000,,,,,,,,,,,,,,,,,,,,,,,0.0102,2021-04-12 11:01:47,2021-04-12 11:01:47
000063.XSHE,2020-03-30,2020,q4,1101,德邦证券,"德邦证券2020-03-30发布的报告上调了该股盈利预测,分析师：雷涛",2020-03-30,中兴通讯：2019年报符合预期 5G先锋状态良好,雷涛,6556000000.0000,2020-01-13,中兴通讯：确定的5G 进击的中兴,6267000000.0000,,,,,,,,,,,,,,,,,,,,,,,0.0461,2021-04-12 11:01:47,2021-04-12 11:01:47
000063.XSHE,2020-03-30,2020,q4,1101,东莞证券,"东莞证券2020-03-30发布的报告上调了该股盈利预测,分析师：魏红梅,邵梓朗",2020-03-30,中兴通讯：运营商网络业务持续发力 定增助力5G发展征程,"魏红梅,邵梓朗",6239430000.0000,2019-10-29,中兴通讯：外部影响渐散 营收恢复正常水平,6158070000.0000,,,,,,,,,,,,,,,,,,,,,,,0.0132,2021-04-12 11:01:47,2021-04-12 11:01:47
000063.XSHE,2020-03-30,2020,q4,1101,西部证券,"西部证券2020-03-30发布的报告上调了该股盈利预测,分析师：邢开允",2020-03-30,中兴通讯：运营商业务发展向好 有望受益新基建投资,邢开允,6227000000.0000,2020-01-18,中兴通讯：定增落地 中兴启航,5664890024.4600,,,,,,,,,,,,,,,,,,,,,,,0.0992,2021-04-12 11:01:47,2021-04-12 11:01:47
000063.XSHE,2020-03-30,2020,q4,1301,华泰证券,华泰证券2020-03-30发布的报告研报标题中含有超预期信息,2020-03-30,中兴通讯：业绩超预期 5G开启新征程,"王林,付东",5910000000.0000,,,,,,,,,,,,,,,,,,,,,,,,,,,2021-04-12 11:01:47,2021-04-12 11:01:47
000063.XSHE,2020-03-30,2020,q4,1302,申万宏源,申万宏源2020-03-30发布的报告研报摘要中含有超预期信息,2020-03-30,中兴通讯：扣非增速符合预期 新基建与流量主线长期受益,朱型檑,6180000000.0000,,,,,,,,,,,,,,,,,,,,,,,,,,,2021-04-12 11:01:47,2021-04-12 11:01:47
000063.XSHE,2020-03-30,2020,q4,1302,中信证券,中信证券2020-03-30发布的报告研报摘要中含有超预期信息,2020-03-30,中兴通讯：盈利能力增强 稳健扩张的5G龙头,顾海波,5899000000.0000,,,,,,,,,,,,,,,,,,,,,,,,,,,2021-04-12 11:01:47,2021-04-12 11:01:47
000063.XSHE,2020-03-30,2020,q4,1302,华泰证券,华泰证券2020-03-30发布的报告研报摘要中含有超预期信息,2020-03-30,中兴通讯：业绩超预期 5G开启新征程,"王林,付东",5910000000.0000,,,,,,,,,,,,,,,,,,,,,,,,,,,2021-04-12 11:01:47,2021-04-12 11:01:47
000063.XSHE,2020-03-30,2020,q4,1302,东方证券,东方证券2020-03-30发布的报告研报摘要中含有超预期信息,2020-03-30,中兴通讯：财务指标向好 运营商业务驱动成长 迎接全年景气上行,张颖,6332000000.0000,,,,,,,,,,,,,,,,,,,,,,,,,,,2021-04-12 11:01:47,2021-04-12 11:01:47
000063.XSHE,2020-03-30,2020,q4,1302,德邦证券,德邦证券2020-03-30发布的报告研报摘要中含有超预期信息,2020-03-30,中兴通讯：2019年报符合预期 5G先锋状态良好,雷涛,6556000000.0000,,,,,,,,,,,,,,,,,,,,,,,,,,,2021-04-12 11:01:47,2021-04-12 11:01:47
000063.XSHE,2020-03-30,2020,q4,1302,西部证券,西部证券2020-03-30发布的报告研报摘要中含有超预期信息,2020-03-30,中兴通讯：运营商业务发展向好 有望受益新基建投资,邢开允,6227000000.0000,,,,,,,,,,,,,,,,,,,,,,,,,,,2021-04-12 11:01:47,2021-04-12 11:01:47
000063.XSHE,2020-03-31,2020,q4,1102,海通证券,"海通证券2020-03-31发布的报告上调了该股盈利预测,分析师：朱劲松,余伟民",2020-03-31,中兴通讯：经营质量显著提升 5G龙头发展加速,"朱劲松,余伟民",6565000000.0000,2020-01-22,中兴通讯：定增落地 全面发力5G,6526000000.0000,,,,,,,,,,,,,,,,,,,,,,,0.0060,2021-04-12 11:01:47,2021-04-12 11:01:47
000063.XSHE,2020-04-02,2020,q4,1101,中原证券,"中原证券2020-04-02发布的报告上调了该股盈利预测,分析师：唐俊男,朱宇澍",2020-04-02,中兴通讯：盈利能力显著增强 运营商大规模资本开支与新基建政策吹来东风,"唐俊男,朱宇澍",6741000000.0000,2019-12-18,中兴通讯：主设备商龙头核心优势仍在 静待定增落地与业绩继续回暖,6188000000.0000,,,,,,,,,,,,,,,,,,,,,,,0.0894,2021-04-12 11:01:47,2021-04-12 11:01:47
000063.XSHE,2020-04-03,2020,q4,1302,开源证券,开源证券2020-04-03发布的报告研报摘要中含有超预期信息,2020-04-03,中兴通讯：5G大建快建 “中兴”腾飞在即,赵良毕,6278000000.0000,,,,,,,,,,,,,,,,,,,,,,,,,,,2021-04-12 11:01:47,2021-04-12 11:01:47
000063.XSHE,2020-04-25,2020,q4,1101,国泰君安,"国泰君安2020-04-25发布的报告上调了该股盈利预测,分析师：程硕,王彦龙",2020-04-25,中兴通讯：业绩符合预期 缓解掣肘加大研发,"程硕,王彦龙",5981000000.0000,2020-04-02,中兴通讯：好整以暇 新代际再突破,5979000000.0000,,,,,,,,,,,,,,,,,,,,,,,0.0003,2021-04-12 11:01:47,2021-04-12 11:01:47
000063.XSHE,2020-04-25,2020,q4,1102,天风证券,"天风证券2020-04-25发布的报告上调了该股盈利预测,分析师：容志能,唐海清,王奕红",2020-04-25,中兴通讯：虽受疫情影响Q1总体仍稳健 5G建设高峰到来 全面推进值得期待,"容志能,唐海清,王奕红",6568690000.0000,2020-03-29,中兴通讯：基本面反转趋势确立 以更好姿态迎接5G时代,6563660000.0000,,,,,,,,,,,,,,,,,,,,,,,0.0008,2021-04-12 11:01:47,2021-04-12 11:01:47
000063.XSHE,2020-04-26,2020,q4,1101,太平洋证券,"太平洋证券2020-04-26发布的报告上调了该股盈利预测,分析师：李宏涛,赵晖",2020-04-26,中兴通讯：中兴市场份额超30% 5G大规模交付将拉抬公司业绩,"李宏涛,赵晖",6049270000.0000,2020-03-29,中兴通讯：5G龙头建设全面加速 核心龙头蓄势待发,6025010000.0000,,,,,,,,,,,,,,,,,,,,,,,0.0040,2021-04-12 11:01:47,2021-04-12 11:01:47
000063.XSHE,2020-04-26,2020,q4,1302,国盛证券,国盛证券2020-04-26发布的报告研报摘要中含有超预期信息,2020-04-26,中兴通讯：业绩符合预期 高研发投入发力5G,"宋嘉吉,黄瀚",6278000000.0000,,,,,,,,,,,,,,,,,,,,,,,,,,,2021-04-12 11:01:47,2021-04-12 11:01:47
000063.XSHE,2020-04-27,2020,q4,1101,国信证券,"国信证券2020-04-27发布的报告上调了该股盈利预测,分析师：程成,马成龙",2020-04-27,中兴通讯：经营稳健 期待后续盈利提升,"程成,马成龙",6323010000.0000,2020-03-30,中兴通讯：经营管理全面提升 迎接5G建设高潮,6323000000.0000,,,,,,,,,,,,,,,,,,,,,,,0.0000,2021-04-12 11:01:47,2021-04-12 11:01:47
000063.XSHE,2020-04-27,2020,q4,1101,兴业证券,"兴业证券2020-04-27发布的报告上调了该股盈利预测,分析师：谢恒,杨尚东",2020-04-27,中兴通讯：一季度业绩整体稳健 5G建设长期利好,"谢恒,杨尚东",6040000000.0000,2020-03-27,中兴通讯：王者归来风采依旧 5G建设如火如荼,6015000000.0000,,,,,,,,,,,,,,,,,,,,,,,0.0042,2021-04-12 11:01:47,2021-04-12 11:01:47
000063.XSHE,2020-04-27,2020,q4,1302,申万宏源,申万宏源2020-04-27发布的报告研报摘要中含有超预期信息,2020-04-27,中兴通讯：一季度5G建设始发力,朱型檑,6180000000.0000,,,,,,,,,,,,,,,,,,,,,,,,,,,2021-04-12 11:01:47,2021-04-12 11:01:47
000063.XSHE,2020-04-27,2020,q4,1302,东吴证券,东吴证券2020-04-27发布的报告研报摘要中含有超预期信息,2020-04-27,中兴通讯：5G建设提速 技术、专利以及解决方案优势显著 持续看好未来业绩稳定增长,"侯宾,姚久花",7022000000.0000,,,,,,,,,,,,,,,,,,,,,,,,,,,2021-04-12 11:01:47,2021-04-12 11:01:47
000063.XSHE,2020-04-28,2020,q4,1101,群益证券,"群益证券2020-04-28发布的报告上调了该股盈利预测,分析师：李天凡",2020-04-28,中兴通讯：20年1Q扣非后净利润同比增长20.51% 业绩符合预期,李天凡,6124000000.0000,2020-03-30,中兴通讯：19年全年实现净利润51.48元 扭亏为盈业绩符合预期,5920000000.0000,,,,,,,,,,,,,,,,,,,,,,,0.0345,2021-04-12 11:01:47,2021-04-12 11:01:47
000063.XSHE,2020-04-29,2020,q4,1302,东方财富证券,东方财富证券2020-04-29发布的报告研报摘要中含有超预期信息,2020-04-29,中兴通讯：一季度受疫情影响有限 继续加大研发投入夯实5G竞争优势,何玮,6575340000.0000,,,,,,,,,,,,,,,,,,,,,,,,,,,2021-04-12 11:01:47,2021-04-12 11:01:47
000063.XSHE,2020-04-30,2020,q4,1302,民生证券,民生证券2020-04-30发布的报告研报摘要中含有超预期信息,2020-04-30,中兴通讯：受疫情影响业绩小幅下滑 不改全年增长态势,"刘欣,包江麟",6236000000.0000,,,,,,,,,,,,,,,,,,,,,,,,,,,2021-04-12 11:01:47,2021-04-12 11:01:47
000063.XSHE,2020-05-01,2020,q4,1302,西部证券,西部证券2020-05-01发布的报告研报摘要中含有超预期信息,2020-05-01,中兴通讯：疫情短期影响Q1业绩 5G表现值得期待,邢开允,6227000000.0000,,,,,,,,,,,,,,,,,,,,,,,,,,,2021-04-12 11:01:47,2021-04-12 11:01:47
000063.XSHE,2020-05-04,2020,q4,1302,东方证券,东方证券2020-05-04发布的报告研报摘要中含有超预期信息,2020-05-04,中兴通讯：扣非同比改善 看好5G龙头全年景气向上,张颖,5935000000.0000,,,,,,,,,,,,,,,,,,,,,,,,,,,2021-04-12 11:01:47,2021-04-12 11:01:47
000063.XSHE,2020-06-18,2020,q4,1302,开源证券,开源证券2020-06-18发布的报告研报摘要中含有超预期信息,2020-06-18,中兴通讯：中兴通讯全球市场份额增长 5G中坚力量核心资产,赵良毕,6278000000.0000,,,,,,,,,,,,,,,,,,,,,,,,,,,2021-04-12 11:01:47,2021-04-12 11:01:47
000063.XSHE,2020-06-19,2020,q4,1101,中金公司,"中金公司2020-06-19发布的报告上调了该股盈利预测,分析师：黄乐平,闫慧辰",2020-06-19,中兴通讯：半导体业务广受关注,"黄乐平,闫慧辰",5898000000.0000,2020-04-25,中兴通讯：疫情对公司影响有限 关注2Q20国内新基建建设带动业绩增长,5859000000.0000,,,,,,,,,,,,,,,,,,,,,,,0.0067,2021-04-12 11:01:47,2021-04-12 11:01:47
000063.XSHE,2020-07-25,2020,q4,1101,中信证券,"中信证券2020-07-25发布的报告上调了该股盈利预测,分析师：许英博,陈俊云,梁程加",2020-07-25,前沿科技年度展望系列报告5：2020全球5G和新基建产业展望,"许英博,陈俊云,梁程加",5899000000.0000,2020-06-08,科技产业2020年下半年投资策略：数字化加速 新基建助力,5898730000.0000,,,,,,,,,,,,,,,,,,,,,,,0.0000,2021-04-12 11:01:47,2021-04-12 11:01:47
000063.XSHE,2020-07-25,2020,q4,1302,中信证券,中信证券2020-07-25发布的报告研报摘要中含有超预期信息,2020-07-25,前沿科技年度展望系列报告5：2020全球5G和新基建产业展望,"许英博,陈俊云,梁程加",5899000000.0000,,,,,,,,,,,,,,,,,,,,,,,,,,,2021-04-12 11:01:47,2021-04-12 11:01:47
000063.XSHE,2020-08-29,2020,q2,1405,,2020-08-29发布的财报中，2季度净利润增速超出机构的一致预期,,,,,,,,2020-08-29,financial_reports,,,,1077301000.0000,,,,0.5501,,,,,,,,2020-08-28,,818439065.6000,,,0.3163,2021-04-12 11:01:47,2021-04-12 11:01:47
000063.XSHE,2020-08-29,2020,q2,1501,,2020-08-29发布的财报净利润同比增速超出一致预期2020同比增速,,,,,,,,2020-08-29,financial_reports,,,1873525000.0000,,,0.1399,,,,,,,,,,2020-08-28,6151749635.1026,,0.1192,,0.0207,2021-04-12 11:01:47,2021-04-12 11:01:47
000063.XSHE,2020-08-29,2020,q2,1503,,2020-08-29发布的财报净利润同比增速超出2020一致预期同比增速,,,,,,,,2020-08-29,financial_reports,,,,1077301000.0000,,,,0.5501,,,,,,,,2020-08-28,,818439065.6000,,0.1776,0.3725,2021-04-12 11:01:47,2021-04-12 11:01:47
000063.XSHE,2020-08-29,2020,q4,1101,光大证券,"光大证券2020-08-29发布的报告上调了该股盈利预测,分析师：石崎良,刘凯",2020-08-29,中兴通讯：运营商收入保持增长 现金流改善明显,"石崎良,刘凯",6076000000.0000,2020-03-28,中兴通讯：Q4单季扣非亦好转 运营商业务增长显著,6072000000.0000,,,,,,,,,,,,,,,,,,,,,,,0.0007,2021-04-12 11:01:47,2021-04-12 11:01:47
000063.XSHE,2020-08-30,2020,q4,1101,西部证券,"西部证券2020-08-30发布的报告上调了该股盈利预测,分析师：邢开允",2020-08-30,中兴通讯：受益5G建设 营收稳步增长,邢开允,6476000000.0000,2020-05-01,中兴通讯：疫情短期影响Q1业绩 5G表现值得期待,6227000000.0000,,,,,,,,,,,,,,,,,,,,,,,0.0400,2021-04-12 11:01:47,2021-04-12 11:01:47
000063.XSHE,2020-08-30,2020,q4,1302,西部证券,西部证券2020-08-30发布的报告研报摘要中含有超预期信息,2020-08-30,中兴通讯：受益5G建设 营收稳步增长,邢开允,6476000000.0000,,,,,,,,,,,,,,,,,,,,,,,,,,,2021-04-12 11:01:47,2021-04-12 11:01:47
000063.XSHE,2020-08-31,2020,q4,1302,开源证券,开源证券2020-08-31发布的报告研报摘要中含有超预期信息,2020-08-31,中兴通讯：二季度业绩边际改善明显 5G先锋市场活力凸显,赵良毕,6278000000.0000,,,,,,,,,,,,,,,,,,,,,,,,,,,2021-04-12 11:01:47,2021-04-12 11:01:47
000063.XSHE,2020-09-04,2020,q4,1101,中原证券,"中原证券2020-09-04发布的报告上调了该股盈利预测,分析师：唐俊男,朱宇澍",2020-09-04,中兴通讯：业绩平稳增长 运营商业务毛利率待改善,"唐俊男,朱宇澍",6800000000.0000,2020-04-02,中兴通讯：盈利能力显著增强 运营商大规模资本开支与新基建政策吹来东风,6741000000.0000,,,,,,,,,,,,,,,,,,,,,,,0.0088,2021-04-12 11:01:47,2021-04-12 11:01:47
000063.XSHE,2020-10-13,2020,q4,1101,中金公司,"中金公司2020-10-13发布的报告上调了该股盈利预测,分析师：黄乐平,闫慧辰",2020-10-13,中兴通讯：股权激励计划和管理层持股计划协同投资者,"黄乐平,闫慧辰",5136000000.0000,2020-08-31,中兴通讯（HK）：5G设备毛利低于预期 看好下半年份额提升,5127000000.0000,,,,,,,,,,,,,,,,,,,,,,,0.0018,2021-04-12 11:01:47,2021-04-12 11:01:47
000063.XSHE,2020-11-02,2020,q4,1302,海通证券,海通证券2020-11-02发布的报告研报摘要中含有超预期信息,2020-11-02,中兴通讯：研发费用大增 深化5G布局,"朱劲松,余伟民",4470000000.0000,,,,,,,,,,,,,,,,,,,,,,,,,,,2021-04-12 11:01:47,2021-04-12 11:01:47
000063.XSHE,2020-11-18,2020,q4,1101,银河证券,"银河证券2020-11-18发布的报告上调了该股盈利预测,分析师：龙天光",2020-11-18,中兴通讯：新基建白马启航 5G龙头奏华章,龙天光,4691600000.0000,2020-10-30,中兴通讯：Q3持续受益于5G建设 加强芯片环节保障未来竞争力,4360300000.0000,,,,,,,,,,,,,,,,,,,,,,,0.0760,2021-04-12 11:01:47,2021-04-12 11:01:47
000063.XSHE,2020-12-30,2020,q4,1302,西部证券,西部证券2020-12-30发布的报告研报摘要中含有超预期信息,2020-12-30,中兴通讯：广电正式入局拉动5G投资 新应用拉动可期,"邢开允,胡朗",4521000000.0000,,,,,,,,,,,,,,,,,,,,,,,,,,,2021-04-12 11:01:47,2021-04-12 11:01:47
000063.XSHE,2021-01-14,2020,q4,1302,国盛证券,国盛证券2021-01-14发布的报告研报摘要中含有超预期信息,2021-01-14,中兴通讯：始于5G 放眼ICT 科技龙头再启征程,"宋嘉吉,黄瀚,赵丕业",4498000000.0000,,,,,,,,,,,,,,,,,,,,,,,,,,,2021-04-12 11:01:47,2021-04-12 11:01:47
000063.XSHE,2021-01-23,2020,q4,1101,中信证券,"中信证券2021-01-23发布的报告上调了该股盈利预测,分析师：顾海波,梁程加",2021-01-23,中兴通讯：三大板块共同发力 业绩加速释放,"顾海波,梁程加",4367000000.0000,2020-12-25,中兴通讯：全球视角下重新看设备商及发展关键点,4008760000.0000,,,,,,,,,,,,,,,,,,,,,,,0.0894,2021-04-12 11:01:47,2021-04-12 11:01:47
000063.XSHE,2021-01-24,2020,q4,1101,招商证券,"招商证券2021-01-24发布的报告上调了该股盈利预测,分析师：余俊,张皓怡",2021-01-24,中兴通讯：四季度利润同比环比大幅改善 经营性现金流历史性首次突破百亿 公司经营质量全面上台阶,"余俊,张皓怡",4367000000.0000,2020-11-17,中兴通讯：ICT核心技术能力国内引领 5G龙头价值亟待重估,4058000000.0000,,,,,,,,,,,,,,,,,,,,,,,0.0761,2021-04-12 11:01:47,2021-04-12 11:01:47
000063.XSHE,2021-01-24,2020,q4,1101,光大证券,"光大证券2021-01-24发布的报告上调了该股盈利预测,分析师：石崎良,刘凯",2021-01-24,中兴通讯：Q4恢复明显 现金流持续改善,"石崎良,刘凯",4367000000.0000,2020-10-29,中兴通讯：毛利润有所好转 现金流持续改善,3908000000.0000,,,,,,,,,,,,,,,,,,,,,,,0.1175,2021-04-12 11:01:47,2021-04-12 11:01:47
000063.XSHE,2021-01-24,2020,q4,1101,太平洋证券,"太平洋证券2021-01-24发布的报告上调了该股盈利预测,分析师：李宏涛,李仁波,赵晖",2021-01-24,中兴通讯：Q4业绩强势复苏 毛利率和份额提升带来持续价值,"李宏涛,李仁波,赵晖",4367840000.0000,2020-12-27,中兴通讯：5G时代 不一样的中兴通讯,4322550000.0000,,,,,,,,,,,,,,,,,,,,,,,0.0105,2021-04-12 11:01:47,2021-04-12 11:01:47
000063.XSHE,2021-01-24,2020,q4,1301,国信证券,国信证券2021-01-24发布的报告研报标题中含有超预期信息,2021-01-24,中兴通讯：受益5G加速建设 全年业绩超预期,"程成,马成龙",4365000000.0000,,,,,,,,,,,,,,,,,,,,,,,,,,,2021-04-12 11:01:47,2021-04-12 11:01:47
000063.XSHE,2021-01-24,2020,q4,1302,国信证券,国信证券2021-01-24发布的报告研报摘要中含有超预期信息,2021-01-24,中兴通讯：受益5G加速建设 全年业绩超预期,"程成,马成龙",4365000000.0000,,,,,,,,,,,,,,,,,,,,,,,,,,,2021-04-12 11:01:47,2021-04-12 11:01:47
000063.XSHE,2021-01-25,2020,q4,1301,中原证券,中原证券2021-01-25发布的报告研报标题中含有超预期信息,2021-01-25,中兴通讯：Q4业绩超预期 国内外业务共振,"乔琪,朱宇澍",4367000000.0000,,,,,,,,,,,,,,,,,,,,,,,,,,,2021-04-12 11:01:47,2021-04-12 11:01:47
000063.XSHE,2021-01-25,2020,q4,1302,中原证券,中原证券2021-01-25发布的报告研报摘要中含有超预期信息,2021-01-25,中兴通讯：Q4业绩超预期 国内外业务共振,"乔琪,朱宇澍",4367000000.0000,,,,,,,,,,,,,,,,,,,,,,,,,,,2021-04-12 11:01:47,2021-04-12 11:01:47
000063.XSHE,2021-01-25,2020,q4,1302,群益证券,群益证券2021-01-25发布的报告研报摘要中含有超预期信息,2021-01-25,中兴通讯：4Q业绩明显改善 公司经营质量持续向好,李天凡,4367000000.0000,,,,,,,,,,,,,,,,,,,,,,,,,,,2021-04-12 11:01:47,2021-04-12 11:01:47
000063.XSHE,2021-01-25,2020,q4,1302,开源证券,开源证券2021-01-25发布的报告研报摘要中含有超预期信息,2021-01-25,中兴通讯：主设备龙头Q4业绩上扬 有望带动通信板块反转行情,赵良毕,4367000000.0000,,,,,,,,,,,,,,,,,,,,,,,,,,,2021-04-12 11:01:47,2021-04-12 11:01:47
000063.XSHE,2021-03-17,2021,q1,1502,,2021-03-17发布的业绩预告同比增速超出一致预期2021同比增速,,,,,,,,2021-03-17,performance_forecast,2400000000.0000,1800000000.0000,,,1.2607,,,,,,,,,,,2021-03-16,6036514564.4980,,0.4117,,0.8489,2021-04-12 11:01:47,2021-04-12 11:01:47
000063.XSHE,2021-03-17,2021,q1,1504,,2021-03-17发布的业绩预告同比增速超出2021一致预期同比增速,,,,,,,,2021-03-17,performance_forecast,2400000000.0000,1800000000.0000,,,,,1.2607,,,,,,,,,2021-03-16,,1124029420.8000,,0.4117,0.8490,2021-04-12 11:01:47,2021-04-12 11:01:47
000063.XSHE,2021-03-17,2021,q4,1101,中信证券,"中信证券2021-03-17发布的报告上调了该股盈利预测,分析师：梁程加",2021-03-17,中兴通讯：营收高质量重回千亿 一季度业绩预计超预期,梁程加,6109000000.0000,2021-01-23,中兴通讯：三大板块共同发力 业绩加速释放,5689000000.0000,,,,,,,,,,,,,,,,,,,,,,,0.0738,2021-04-12 11:01:47,2021-04-12 11:01:47
000063.XSHE,2021-03-17,2021,q4,1101,光大证券,"光大证券2021-03-17发布的报告上调了该股盈利预测,分析师：石崎良,刘凯",2021-03-17,中兴通讯：盈利持续回升 一季报预告超预期,"石崎良,刘凯",5582256226.5800,2021-01-24,中兴通讯：Q4恢复明显 现金流持续改善,4431000000.0000,,,,,,,,,,,,,,,,,,,,,,,0.2598,2021-04-12 11:01:47,2021-04-12 11:01:47
000063.XSHE,2021-03-17,2021,q4,1101,国信证券,"国信证券2021-03-17发布的报告上调了该股盈利预测,分析师：马成龙,陈彤",2021-03-17,中兴通讯：Q1业绩大幅提升 经营质量持续改善,"马成龙,陈彤",6103000000.0000,2021-01-24,中兴通讯：受益5G加速建设 全年业绩超预期,6038000000.0000,,,,,,,,,,,,,,,,,,,,,,,0.0108,2021-04-12 11:01:47,2021-04-12 11:01:47
000063.XSHE,2021-03-17,2021,q4,1101,银河证券,"银河证券2021-03-17发布的报告上调了该股盈利预测,分析师：龙天光",2021-03-17,中兴通讯：业绩符合预期 技术储备有望加速5G市场多方面突破,龙天光,5428600000.0000,2021-01-25,中兴通讯：Q4营收维持高位 利润持续增长 经营质量不断改善,5351584405.1200,,,,,,,,,,,,,,,,,,,,,,,0.0144,2021-04-12 11:01:47,2021-04-12 11:01:47
000063.XSHE,2021-03-17,2021,q4,1101,中泰证券,"中泰证券2021-03-17发布的报告上调了该股盈利预测,分析师：陈宁玉,易景明,周铃雅 等",2021-03-17,中兴通讯：一季度高增长 核心价值持续显现,"陈宁玉,易景明,周铃雅 等",6009000000.0000,2021-01-23,中兴通讯：Q4业绩明显改善 主营业务持续向好,5337000000.0000,,,,,,,,,,,,,,,,,,,,,,,0.1259,2021-04-12 11:01:47,2021-04-12 11:01:47
000063.XSHE,2021-03-17,2021,q4,1102,国盛证券,"国盛证券2021-03-17发布的报告上调了该股盈利预测,分析师：宋嘉吉,黄瀚,赵丕业",2021-03-17,中兴通讯：一季度业绩超预期 经营情况持续向好,"宋嘉吉,黄瀚,赵丕业",6082000000.0000,2021-01-24,中兴通讯：Q4业绩改善明显 主设备龙头新年新气象,5944000000.0000,,,,,,,,,,,,,,,,,,,,,,,0.0232,2021-04-12 11:01:47,2021-04-12 11:01:47
000063.XSHE,2021-03-17,2021,q4,1102,天风证券,"天风证券2021-03-17发布的报告上调了该股盈利预测,分析师：唐海清,姜佳汛",2021-03-17,中兴通讯：5G龙头收入破千亿 迈入利润快速释放期,"唐海清,姜佳汛",6009670000.0000,2021-01-23,中兴通讯：主营业务增长明显 5G龙头乘势起航,6006180000.0000,,,,,,,,,,,,,,,,,,,,,,,0.0006,2021-04-12 11:01:47,2021-04-12 11:01:47
000063.XSHE,2021-03-17,2021,q4,1301,西南证券,西南证券2021-03-17发布的报告研报标题中含有超预期信息,2021-03-17,中兴通讯：经营迎改善 Q1超预期,"汪敏,高宇洋",5537550000.0000,,,,,,,,,,,,,,,,,,,,,,,,,,,2021-04-12 11:01:47,2021-04-12 11:01:47
000063.XSHE,2021-03-17,2021,q4,1301,中信证券,中信证券2021-03-17发布的报告研报标题中含有超预期信息,2021-03-17,中兴通讯：营收高质量重回千亿 一季度业绩预计超预期,梁程加,6109000000.0000,,,,,,,,,,,,,,,,,,,,,,,,,,,2021-04-12 11:01:47,2021-04-12 11:01:47
000063.XSHE,2021-03-17,2021,q4,1301,东吴证券,东吴证券2021-03-17发布的报告研报标题中含有超预期信息,2021-03-17,中兴通讯：20年业绩符合预期 市场格局优化推动Q1大超预期,"侯宾,姚久花",5806000000.0000,,,,,,,,,,,,,,,,,,,,,,,,,,,2021-04-12 11:01:47,2021-04-12 11:01:47
000063.XSHE,2021-03-17,2021,q4,1301,光大证券,光大证券2021-03-17发布的报告研报标题中含有超预期信息,2021-03-17,中兴通讯：盈利持续回升 一季报预告超预期,"石崎良,刘凯",5582256226.5800,,,,,,,,,,,,,,,,,,,,,,,,,,,2021-04-12 11:01:47,2021-04-12 11:01:47
000063.XSHE,2021-03-17,2021,q4,1301,国盛证券,国盛证券2021-03-17发布的报告研报标题中含有超预期信息,2021-03-17,中兴通讯：一季度业绩超预期 经营情况持续向好,"宋嘉吉,黄瀚,赵丕业",6082000000.0000,,,,,,,,,,,,,,,,,,,,,,,,,,,2021-04-12 11:01:47,2021-04-12 11:01:47
000063.XSHE,2021-03-17,2021,q4,1302,中信证券,中信证券2021-03-17发布的报告研报摘要中含有超预期信息,2021-03-17,中兴通讯：营收高质量重回千亿 一季度业绩预计超预期,梁程加,6109000000.0000,,,,,,,,,,,,,,,,,,,,,,,,,,,2021-04-12 11:01:47,2021-04-12 11:01:47
000063.XSHE,2021-03-17,2021,q4,1302,光大证券,光大证券2021-03-17发布的报告研报摘要中含有超预期信息,2021-03-17,中兴通讯：盈利持续回升 一季报预告超预期,"石崎良,刘凯",5582256226.5800,,,,,,,,,,,,,,,,,,,,,,,,,,,2021-04-12 11:01:47,2021-04-12 11:01:47
000063.XSHE,2021-03-17,2021,q4,1302,国盛证券,国盛证券2021-03-17发布的报告研报摘要中含有超预期信息,2021-03-17,中兴通讯：一季度业绩超预期 经营情况持续向好,"宋嘉吉,黄瀚,赵丕业",6082000000.0000,,,,,,,,,,,,,,,,,,,,,,,,,,,2021-04-12 11:01:47,2021-04-12 11:01:47
000063.XSHE,2021-03-17,2021,q4,1302,天风证券,天风证券2021-03-17发布的报告研报摘要中含有超预期信息,2021-03-17,中兴通讯：5G龙头收入破千亿 迈入利润快速释放期,"唐海清,姜佳汛",6009670000.0000,,,,,,,,,,,,,,,,,,,,,,,,,,,2021-04-12 11:01:47,2021-04-12 11:01:47
000063.XSHE,2021-03-18,2021,q4,1101,开源证券,"开源证券2021-03-18发布的报告上调了该股盈利预测,分析师：赵良毕",2021-03-18,中兴通讯：Q1业绩预告超预期 公司综合实力改善卓有成效,赵良毕,6305000000.0000,2021-01-25,中兴通讯：主设备龙头Q4业绩上扬 有望带动通信板块反转行情,5639000000.0000,,,,,,,,,,,,,,,,,,,,,,,0.1181,2021-04-12 11:01:47,2021-04-12 11:01:47
000063.XSHE,2021-03-18,2021,q4,1301,广发证券,广发证券2021-03-18发布的报告研报标题中含有超预期信息,2021-03-18,中兴通讯：5G驱动主设备需求 21Q1预告超预期,"谢淑颖,许兴军,王亮",5789000000.0000,,,,,,,,,,,,,,,,,,,,,,,,,,,2021-04-12 11:01:47,2021-04-12 11:01:47
000063.XSHE,2021-03-18,2021,q4,1301,开源证券,开源证券2021-03-18发布的报告研报标题中含有超预期信息,2021-03-18,中兴通讯：Q1业绩预告超预期 公司综合实力改善卓有成效,赵良毕,6305000000.0000,,,,,,,,,,,,,,,,,,,,,,,,,,,2021-04-12 11:01:47,2021-04-12 11:01:47
000063.XSHE,2021-03-18,2021,q4,1302,申万宏源,申万宏源2021-03-18发布的报告研报摘要中含有超预期信息,2021-03-18,中兴通讯：现金流与经营效率扎实提升,"朱型檑,李国盛",5856000000.0000,,,,,,,,,,,,,,,,,,,,,,,,,,,2021-04-12 11:01:47,2021-04-12 11:01:47
000063.XSHE,2021-03-18,2021,q4,1302,广发证券,广发证券2021-03-18发布的报告研报摘要中含有超预期信息,2021-03-18,中兴通讯：5G驱动主设备需求 21Q1预告超预期,"谢淑颖,许兴军,王亮",5789000000.0000,,,,,,,,,,,,,,,,,,,,,,,,,,,2021-04-12 11:01:47,2021-04-12 11:01:47
000063.XSHE,2021-03-18,2021,q4,1302,开源证券,开源证券2021-03-18发布的报告研报摘要中含有超预期信息,2021-03-18,中兴通讯：Q1业绩预告超预期 公司综合实力改善卓有成效,赵良毕,6305000000.0000,,,,,,,,,,,,,,,,,,,,,,,,,,,2021-04-12 11:01:47,2021-04-12 11:01:47
000063.XSHE,2021-03-19,2021,q4,1102,海通证券,"海通证券2021-03-19发布的报告上调了该股盈利预测,分析师：朱劲松,余伟民",2021-03-19,中兴通讯：业绩强劲增长 规模效应渐显,"朱劲松,余伟民",6090000000.0000,2021-01-24,中兴通讯：把握5G领先机遇 主业加速恢复增长,5704000000.0000,,,,,,,,,,,,,,,,,,,,,,,0.0677,2021-04-12 11:01:47,2021-04-12 11:01:47
000063.XSHE,2021-03-23,2021,q4,1101,中原证券,"中原证券2021-03-23发布的报告上调了该股盈利预测,分析师：乔琪,朱宇澍",2021-03-23,中兴通讯：经营持续向好 运营商业务毛利率有望改善,"乔琪,朱宇澍",5924000000.0000,2021-01-25,中兴通讯：Q4业绩超预期 国内外业务共振,5179000000.0000,,,,,,,,,,,,,,,,,,,,,,,0.1439,2021-04-12 11:01:47,2021-04-12 11:01:47
000063.XSHE,2021-03-25,2021,q4,1101,西部证券,"西部证券2021-03-25发布的报告上调了该股盈利预测,分析师：雒雅梅",2021-03-25,中兴通讯：主营业务边际改善 后发优势逐步显现,雒雅梅,6507000000.0000,2020-12-30,中兴通讯：广电正式入局拉动5G投资 新应用拉动可期,5533000000.0000,,,,,,,,,,,,,,,,,,,,,,,0.1760,2021-04-12 11:01:47,2021-04-12 11:01:47
000063.XSHE,2021-04-28,2021,q4,1101,华泰证券,"华泰证券2021-04-28发布的报告上调了该股盈利预测,分析师：付东,王林",2021-04-28,中兴通讯：1Q21毛利率超预期 经营质量提升,"付东,王林",6057000000.0000,2021-03-17,中兴通讯：收入增长加速 Q1净利润同比高增,5613000000.0000,,,,,,,,,,,,,,,,,,,,,,,0.0791,2021-04-29 12:42:54,2021-04-29 12:42:54
000063.XSHE,2021-04-28,2021,q4,1301,华泰证券,华泰证券2021-04-28发布的报告研报标题中含有超预期信息,2021-04-28,中兴通讯：1Q21毛利率超预期 经营质量提升,"付东,王林",6057000000.0000,,,,,,,,,,,,,,,,,,,,,,,,,,,2021-04-29 12:42:54,2021-04-29 12:42:54
000063.XSHE,2021-04-28,2021,q4,1301,安信证券,安信证券2021-04-28发布的报告研报标题中含有超预期信息,2021-04-28,中兴通讯：一季报业绩略超市场预期 重点发展政企和消费者业务 改变市场形象,马天诣,6227300000.0000,,,,,,,,,,,,,,,,,,,,,,,,,,,2021-10-29 13:57:22,2021-10-29 13:57:22
000063.XSHE,2021-04-28,2021,q4,1301,信达证券,信达证券2021-04-28发布的报告研报标题中含有超预期信息,2021-04-28,中兴通讯：业绩超预期 研发实力强劲 盈利能力持续提升,蒋颖,6157000000.0000,,,,,,,,,,,,,,,,,,,,,,,,,,,2021-04-30 07:01:47,2021-04-30 07:01:47
000063.XSHE,2021-04-28,2021,q4,1302,华泰证券,华泰证券2021-04-28发布的报告研报摘要中含有超预期信息,2021-04-28,中兴通讯：1Q21毛利率超预期 经营质量提升,"付东,王林",6057000000.0000,,,,,,,,,,,,,,,,,,,,,,,,,,,2021-04-29 12:42:54,2021-04-29 12:42:54
000063.XSHE,2021-04-29,2021,q1,1405,,2021-04-29发布的财报中，1季度净利润增速超出机构的一致预期,,,,,,,,2021-04-29,financial_reports,,,,2181649000.0000,,,,1.7400,,,,,,,,2021-04-28,,1130478835.2000,,,0.9298,2021-04-30 07:01:47,2021-04-30 07:01:47
000063.XSHE,2021-04-29,2021,q1,1501,,2021-04-29发布的财报净利润同比增速超出一致预期2021同比增速,,,,,,,,2021-04-29,financial_reports,,,2181649000.0000,,,1.7400,,,,,,,,,,2021-04-28,6071152462.8059,,0.4198,,1.3202,2021-04-30 07:01:47,2021-04-30 07:01:47
000063.XSHE,2021-04-29,2021,q1,1503,,2021-04-29发布的财报净利润同比增速超出2021一致预期同比增速,,,,,,,,2021-04-29,financial_reports,,,,2181649000.0000,,,,1.7400,,,,,,,,2021-04-28,,1130478835.2000,,0.4198,1.3202,2021-04-30 07:01:47,2021-04-30 07:01:47
000063.XSHE,2021-04-29,2021,q4,1101,长城证券,"长城证券2021-04-29发布的报告上调了该股盈利预测,分析师：吴彤,蔡微未",2021-04-29,中兴通讯：Q1业绩亮眼 5G龙头前景广阔,"吴彤,蔡微未",6487790000.0000,2021-03-17,中兴通讯：经营改善业绩持续回升 立足芯片能力,6062180000.0000,,,,,,,,,,,,,,,,,,,,,,,0.0702,2021-05-06 12:34:31,2021-05-06 12:34:31
000063.XSHE,2021-04-29,2021,q4,1101,国泰君安,"国泰君安2021-04-29发布的报告上调了该股盈利预测,分析师：王彦龙",2021-04-29,中兴通讯：业绩如期高增长 持续研发构筑成长基石,王彦龙,6061000000.0000,2021-03-17,中兴通讯：业绩符合预期 技术积累助力格局向上,5828000000.0000,,,,,,,,,,,,,,,,,,,,,,,0.0400,2021-04-30 07:01:47,2021-04-30 07:01:47
000063.XSHE,2021-04-29,2021,q4,1101,国信证券,"国信证券2021-04-29发布的报告上调了该股盈利预测,分析师：马成龙,付晓钦",2021-04-29,中兴通讯：Q1业绩高增长 经营持续向好,"马成龙,付晓钦",6479000000.0000,2021-03-29,中兴通讯：中兴SPN集采份额领先 彰显5G时代竞争力,6103000000.0000,,,,,,,,,,,,,,,,,,,,,,,0.0616,2021-05-01 07:04:38,2021-05-01 07:04:38
000063.XSHE,2021-04-29,2021,q4,1102,长江证券,"长江证券2021-04-29发布的报告上调了该股盈利预测,分析师：于海宁",2021-04-29,中兴通讯：Q1毛利率显著改善 ICT巨头向阳而生,于海宁,6386000000.0000,2021-03-19,中兴通讯：Q1强劲增长延续 FCC认定无碍海外扩张,5905000000.0000,,,,,,,,,,,,,,,,,,,,,,,0.0815,2021-04-30 14:59:54,2021-04-30 14:59:54
000063.XSHE,2021-04-29,2021,q4,1301,方正证券,方正证券2021-04-29发布的报告研报标题中含有超预期信息,2021-04-29,中兴通讯：一季度业绩超预期 持续推进有质量增长,唐航,6059000000.0000,,,,,,,,,,,,,,,,,,,,,,,,,,,2021-04-30 07:01:47,2021-04-30 07:01:47
000063.XSHE,2021-04-29,2021,q4,1302,方正证券,方正证券2021-04-29发布的报告研报摘要中含有超预期信息,2021-04-29,中兴通讯：一季度业绩超预期 持续推进有质量增长,唐航,6059000000.0000,,,,,,,,,,,,,,,,,,,,,,,,,,,2021-04-30 07:01:47,2021-04-30 07:01:47
000063.XSHE,2021-04-29,2021,q4,1302,天风证券,天风证券2021-04-29发布的报告研报摘要中含有超预期信息,2021-04-29,中兴通讯：核心技术构建壁垒 5G龙头进入业绩成长快车道,"唐海清,姜佳汛",6009670000.0000,,,,,,,,,,,,,,,,,,,,,,,,,,,2021-04-29 15:04:33,2021-04-29 15:04:33
000063.XSHE,2021-04-30,2021,q4,1101,东北证券,"东北证券2021-04-30发布的报告上调了该股盈利预测,分析师：孙树明",2021-04-30,中兴通讯：财务指标保持良好 现金流状况大幅提升,孙树明,5851000000.0000,2021-03-17,中兴通讯：经营全面恢复上行趋势,5632000000.0000,,,,,,,,,,,,,,,,,,,,,,,0.0389,2021-05-01 07:04:38,2021-05-01 07:04:38
000063.XSHE,2021-04-30,2021,q4,1102,广发证券,"广发证券2021-04-30发布的报告上调了该股盈利预测,分析师：谢淑颖,许兴军,王亮",2021-04-30,中兴通讯：21Q1业绩向上 盈利能力改善明显,"谢淑颖,许兴军,王亮",5835000000.0000,2021-03-18,中兴通讯：5G驱动主设备需求 21Q1预告超预期,5789000000.0000,,,,,,,,,,,,,,,,,,,,,,,0.0079,2021-05-05 14:28:00,2021-05-05 14:28:00
000063.XSHE,2021-05-10,2021,q4,1101,银河证券,"银河证券2021-05-10发布的报告上调了该股盈利预测,分析师：龙天光",2021-05-10,中兴通讯：投资收益增厚业绩 5G建网受益,龙天光,6089734065.3600,2021-03-17,中兴通讯：业绩符合预期 技术储备有望加速5G市场多方面突破,5428600000.0000,,,,,,,,,,,,,,,,,,,,,,,0.1218,2021-05-11 12:32:48,2021-05-11 12:32:48
000063.XSHE,2021-05-11,2021,q4,1101,东方证券,"东方证券2021-05-11发布的报告上调了该股盈利预测,分析师：张颖",2021-05-11,中兴通讯：公司业绩稳步增长 经营质量持续改善,张颖,6444000000.0000,2021-01-26,中兴通讯：5G建设持续推进 公司步入业绩加速兑现期,5680000000.0000,,,,,,,,,,,,,,,,,,,,,,,0.1345,2021-05-11 12:32:48,2021-05-11 12:32:48
000063.XSHE,2021-05-30,2021,q4,1101,安信证券,"安信证券2021-05-30发布的报告上调了该股盈利预测,分析师：马天诣",2021-05-30,中兴通讯：从芯到端厚积迸发 招标在即拐点将至,马天诣,6338800000.0000,2021-04-28,中兴通讯：一季报业绩略超市场预期 重点发展政企和消费者业务 改变市场形象,6227300000.0000,,,,,,,,,,,,,,,,,,,,,,,0.0179,2021-05-31 12:36:17,2021-05-31 12:36:17
000063.XSHE,2021-06-07,2021,q4,1101,国信证券,"国信证券2021-06-07发布的报告上调了该股盈利预测,分析师：马成龙,陈彤",2021-06-07,中兴通讯：数字经济筑路者 5G时代全力突围,"马成龙,陈彤",6503000000.0000,2021-04-29,中兴通讯：Q1业绩高增长 经营持续向好,6479000000.0000,,,,,,,,,,,,,,,,,,,,,,,0.0037,2021-06-08 12:35:52,2021-06-08 12:35:52
000063.XSHE,2021-07-09,2021,q4,1302,浙商证券,浙商证券2021-07-09发布的报告研报摘要中含有超预期信息,2021-07-09,中兴通讯：低估的ICT全球领军企业,张建民,5674524924.5400,,,,,,,,,,,,,,,,,,,,,,,,,,,2021-07-10 07:54:24,2021-07-10 07:54:24
000063.XSHE,2021-07-10,2021,q2,1201,,近5个交易日内，该股一致预期净利润被大幅调高,,,,,,,,,,,,,,,,,,,,,,,2021-07-16,6747010000.0000,2021-07-09,6080291159.0153,,,,0.1097,2021-08-26 07:58:36,2021-08-26 07:58:36
000063.XSHE,2021-07-10,2021,q2,1502,,2021-07-10发布的业绩预告同比增速超出一致预期2021同比增速,,,,,,,,2021-07-10,performance_forecast,4300000000.0000,3800000000.0000,,,1.0283,,,,,,,,,,,2021-07-09,6080291159.0153,,0.4220,,0.6063,2021-07-10 07:54:24,2021-07-10 07:54:24
000063.XSHE,2021-07-10,2021,q2,1504,,2021-07-10发布的业绩预告同比增速超出2021一致预期同比增速,,,,,,,,2021-07-10,performance_forecast,4300000000.0000,3800000000.0000,,,,,0.5022,,,,,,,,,2021-07-09,,1207008040.4000,,0.1204,0.3818,2021-07-10 07:54:24,2021-07-10 07:54:24
000063.XSHE,2021-07-10,2021,q4,1101,国泰君安,"国泰君安2021-07-10发布的报告上调了该股盈利预测,分析师：王彦龙",2021-07-10,中兴通讯：业绩超预期 内生变化向阳而生,王彦龙,6513000000.0000,2021-04-29,中兴通讯：业绩如期高增长 持续研发构筑成长基石,6061000000.0000,,,,,,,,,,,,,,,,,,,,,,,0.0746,2021-07-12 13:33:02,2021-07-12 13:33:02
000063.XSHE,2021-07-10,2021,q4,1101,招商证券,"招商证券2021-07-10发布的报告上调了该股盈利预测,分析师：余俊,张皓怡",2021-07-10,中兴通讯：业绩再超市场预期 ICT巨头迎历史最佳发展机遇,"余俊,张皓怡",7067000000.0000,2021-04-28,中兴通讯：业绩符合预期 盈利能力显著改善 经营质量持续提升,6516000000.0000,,,,,,,,,,,,,,,,,,,,,,,0.0846,2021-07-13 07:55:06,2021-07-13 07:55:06
000063.XSHE,2021-07-10,2021,q4,1101,国信证券,"国信证券2021-07-10发布的报告上调了该股盈利预测,分析师：马成龙,陈彤",2021-07-10,中兴通讯：中报超预期 格局优化下盈利能力大幅改善,"马成龙,陈彤",7528000000.0000,2021-06-23,中兴通讯：广电700MHz建设开启 中兴份额有望提升,6503000000.0000,,,,,,,,,,,,,,,,,,,,,,,0.1576,2021-07-12 13:33:02,2021-07-12 13:33:02
000063.XSHE,2021-07-10,2021,q4,1301,国泰君安,国泰君安2021-07-10发布的报告研报标题中含有超预期信息,2021-07-10,中兴通讯：业绩超预期 内生变化向阳而生,王彦龙,6513000000.0000,,,,,,,,,,,,,,,,,,,,,,,,,,,2021-07-12 13:33:02,2021-07-12 13:33:02
000063.XSHE,2021-07-10,2021,q4,1301,招商证券,招商证券2021-07-10发布的报告研报标题中含有超预期信息,2021-07-10,中兴通讯：业绩再超市场预期 ICT巨头迎历史最佳发展机遇,"余俊,张皓怡",7067000000.0000,,,,,,,,,,,,,,,,,,,,,,,,,,,2021-10-29 13:57:22,2021-10-29 13:57:22
000063.XSHE,2021-07-10,2021,q4,1301,国信证券,国信证券2021-07-10发布的报告研报标题中含有超预期信息,2021-07-10,中兴通讯：中报超预期 格局优化下盈利能力大幅改善,"马成龙,陈彤",7528000000.0000,,,,,,,,,,,,,,,,,,,,,,,,,,,2021-07-12 13:33:02,2021-07-12 13:33:02
000063.XSHE,2021-07-10,2021,q4,1301,信达证券,信达证券2021-07-10发布的报告研报标题中含有超预期信息,2021-07-10,中兴通讯：业绩超预期 盈利能力持续提升,蒋颖,6157000000.0000,,,,,,,,,,,,,,,,,,,,,,,,,,,2021-07-12 13:33:02,2021-07-12 13:33:02
000063.XSHE,2021-07-10,2021,q4,1302,国泰君安,国泰君安2021-07-10发布的报告研报摘要中含有超预期信息,2021-07-10,中兴通讯：业绩超预期 内生变化向阳而生,王彦龙,6513000000.0000,,,,,,,,,,,,,,,,,,,,,,,,,,,2021-07-12 13:33:02,2021-07-12 13:33:02
000063.XSHE,2021-07-10,2021,q4,1302,招商证券,招商证券2021-07-10发布的报告研报摘要中含有超预期信息,2021-07-10,中兴通讯：业绩再超市场预期 ICT巨头迎历史最佳发展机遇,"余俊,张皓怡",7067000000.0000,,,,,,,,,,,,,,,,,,,,,,,,,,,2021-07-13 07:55:06,2021-07-13 07:55:06
000063.XSHE,2021-07-10,2021,q4,1302,国信证券,国信证券2021-07-10发布的报告研报摘要中含有超预期信息,2021-07-10,中兴通讯：中报超预期 格局优化下盈利能力大幅改善,"马成龙,陈彤",7528000000.0000,,,,,,,,,,,,,,,,,,,,,,,,,,,2021-07-12 13:33:02,2021-07-12 13:33:02
000063.XSHE,2021-07-10,2021,q4,1302,信达证券,信达证券2021-07-10发布的报告研报摘要中含有超预期信息,2021-07-10,中兴通讯：业绩超预期 盈利能力持续提升,蒋颖,6157000000.0000,,,,,,,,,,,,,,,,,,,,,,,,,,,2021-07-12 13:33:02,2021-07-12 13:33:02
000063.XSHE,2021-07-11,2021,q4,1101,中金公司,"中金公司2021-07-11发布的报告上调了该股盈利预测,分析师：彭虎,陈昊,李诗雯",2021-07-11,中兴通讯：1H21业绩预告超预期 看好盈利能力持续提升,"彭虎,陈昊,李诗雯",6889000000.0000,2021-03-17,中兴通讯：聚焦主业发展 收缩边界管理 1Q21利润增速有望达历史较好水平,5923000000.0000,,,,,,,,,,,,,,,,,,,,,,,0.1631,2021-07-12 16:43:58,2021-07-12 16:43:58
000063.XSHE,2021-07-11,2021,q4,1101,东吴证券,"东吴证券2021-07-11发布的报告上调了该股盈利预测,分析师：侯宾,姚久花",2021-07-11,中兴通讯：中报预告超预期 5G业务稳步向上 政企等第二曲线业务加速发展,"侯宾,姚久花",6504000000.0000,2021-06-10,中兴通讯：近期集采结果表现亮眼 ICT综合实力稳步向上,5806000000.0000,,,,,,,,,,,,,,,,,,,,,,,0.1202,2021-07-12 16:43:58,2021-07-12 16:43:58
000063.XSHE,2021-07-11,2021,q4,1101,华泰证券,"华泰证券2021-07-11发布的报告上调了该股盈利预测,分析师：付东,余熠",2021-07-11,中兴通讯：2Q21净利润同比大幅提升,"付东,余熠",6735000000.0000,2021-04-28,中兴通讯：1Q21毛利率超预期 经营质量提升,6057000000.0000,,,,,,,,,,,,,,,,,,,,,,,0.1119,2021-07-12 07:36:38,2021-07-12 07:36:38
000063.XSHE,2021-07-11,2021,q4,1101,光大证券,"光大证券2021-07-11发布的报告上调了该股盈利预测,分析师：石崎良,刘凯",2021-07-11,中兴通讯：中报预告超预期 5G建设有望回暖,"石崎良,刘凯",6029000000.0000,2021-03-17,中兴通讯：盈利持续回升 一季报预告超预期,5582256226.5800,,,,,,,,,,,,,,,,,,,,,,,0.0800,2021-07-12 16:43:58,2021-07-12 16:43:58
000063.XSHE,2021-07-11,2021,q4,1101,兴业证券,"兴业证券2021-07-11发布的报告上调了该股盈利预测,分析师：王楠,章林,代小笛",2021-07-11,中兴通讯：中报业绩超预期 毛利率持续改善,"王楠,章林,代小笛",7280000000.0000,2021-04-29,中兴通讯：业绩持续向好 毛利率环比大幅改善,5921000000.0000,,,,,,,,,,,,,,,,,,,,,,,0.2295,2021-07-12 07:36:38,2021-07-12 07:36:38
000063.XSHE,2021-07-11,2021,q4,1101,中泰证券,"中泰证券2021-07-11发布的报告上调了该股盈利预测,分析师：陈宁玉,易景明,王逢节",2021-07-11,中兴通讯：半年度超预期 份额与盈利能力有望持续优化,"陈宁玉,易景明,王逢节",7035000000.0000,2021-04-28,中兴通讯：Q1业绩符合预期 坚持固本拓新的高质量发展,6009000000.0000,,,,,,,,,,,,,,,,,,,,,,,0.1707,2021-07-12 13:33:02,2021-07-12 13:33:02
000063.XSHE,2021-07-11,2021,q4,1101,浙商证券,"浙商证券2021-07-11发布的报告上调了该股盈利预测,分析师：张建民,汪洁",2021-07-11,中兴通讯：中报超预期 上调全年盈利预测,"张建民,汪洁",6597211904.1400,2021-07-09,中兴通讯：低估的ICT全球领军企业,5674524924.5400,,,,,,,,,,,,,,,,,,,,,,,0.1626,2021-07-13 07:55:06,2021-07-13 07:55:06
000063.XSHE,2021-07-11,2021,q4,1102,长江证券,"长江证券2021-07-11发布的报告上调了该股盈利预测,分析师：于海宁,赵麦琪",2021-07-11,中兴通讯：Q2业绩增长强劲 迈入增长新阶段,"于海宁,赵麦琪",6775000000.0000,2021-04-29,中兴通讯：Q1毛利率显著改善 ICT巨头向阳而生,6386000000.0000,,,,,,,,,,,,,,,,,,,,,,,0.0609,2021-07-12 16:43:58,2021-07-12 16:43:58
000063.XSHE,2021-07-11,2021,q4,1102,国盛证券,"国盛证券2021-07-11发布的报告上调了该股盈利预测,分析师：宋嘉吉,黄瀚,赵丕业",2021-07-11,中兴通讯：中报超预期 重视硬科技ICT龙头,"宋嘉吉,黄瀚,赵丕业",6316000000.0000,2021-03-17,中兴通讯：一季度业绩超预期 经营情况持续向好,6082000000.0000,,,,,,,,,,,,,,,,,,,,,,,0.0385,2021-07-12 07:36:38,2021-07-12 07:36:38
000063.XSHE,2021-07-11,2021,q4,1102,天风证券,"天风证券2021-07-11发布的报告上调了该股盈利预测,分析师：唐海清,姜佳汛",2021-07-11,中兴通讯：业绩超预期 盈利持续改善 5G龙头核心竞争力凸显,"唐海清,姜佳汛",7007040000.0000,2021-04-29,中兴通讯：核心技术构建壁垒 5G龙头进入业绩成长快车道,6009670000.0000,,,,,,,,,,,,,,,,,,,,,,,0.1660,2021-07-12 16:43:58,2021-07-12 16:43:58
000063.XSHE,2021-07-11,2021,q4,1301,中金公司,中金公司2021-07-11发布的报告研报标题中含有超预期信息,2021-07-11,中兴通讯：1H21业绩预告超预期 看好盈利能力持续提升,"彭虎,陈昊,李诗雯",6889000000.0000,,,,,,,,,,,,,,,,,,,,,,,,,,,2021-07-12 16:43:58,2021-07-12 16:43:58
000063.XSHE,2021-07-11,2021,q4,1301,东吴证券,东吴证券2021-07-11发布的报告研报标题中含有超预期信息,2021-07-11,中兴通讯：中报预告超预期 5G业务稳步向上 政企等第二曲线业务加速发展,"侯宾,姚久花",6504000000.0000,,,,,,,,,,,,,,,,,,,,,,,,,,,2021-07-12 16:43:58,2021-07-12 16:43:58
000063.XSHE,2021-07-11,2021,q4,1301,光大证券,光大证券2021-07-11发布的报告研报标题中含有超预期信息,2021-07-11,中兴通讯：中报预告超预期 5G建设有望回暖,"石崎良,刘凯",6029000000.0000,,,,,,,,,,,,,,,,,,,,,,,,,,,2021-07-12 16:43:58,2021-07-12 16:43:58
000063.XSHE,2021-07-11,2021,q4,1301,兴业证券,兴业证券2021-07-11发布的报告研报标题中含有超预期信息,2021-07-11,中兴通讯：中报业绩超预期 毛利率持续改善,"王楠,章林,代小笛",7280000000.0000,,,,,,,,,,,,,,,,,,,,,,,,,,,2021-07-12 07:36:38,2021-07-12 07:36:38
000063.XSHE,2021-07-11,2021,q4,1301,中泰证券,中泰证券2021-07-11发布的报告研报标题中含有超预期信息,2021-07-11,中兴通讯：半年度超预期 份额与盈利能力有望持续优化,"陈宁玉,易景明,王逢节",7035000000.0000,,,,,,,,,,,,,,,,,,,,,,,,,,,2021-07-12 13:33:02,2021-07-12 13:33:02
000063.XSHE,2021-07-11,2021,q4,1301,国盛证券,国盛证券2021-07-11发布的报告研报标题中含有超预期信息,2021-07-11,中兴通讯：中报超预期 重视硬科技ICT龙头,"宋嘉吉,黄瀚,赵丕业",6316000000.0000,,,,,,,,,,,,,,,,,,,,,,,,,,,2021-07-12 07:36:38,2021-07-12 07:36:38
000063.XSHE,2021-07-11,2021,q4,1301,安信证券,安信证券2021-07-11发布的报告研报标题中含有超预期信息,2021-07-11,中兴通讯：上半年业绩大超市场预期 看好5G主设备龙头中长期发展优势,马天诣,6338800000.0000,,,,,,,,,,,,,,,,,,,,,,,,,,,2021-10-29 13:57:22,2021-10-29 13:57:22
000063.XSHE,2021-07-11,2021,q4,1301,浙商证券,浙商证券2021-07-11发布的报告研报标题中含有超预期信息,2021-07-11,中兴通讯：中报超预期 上调全年盈利预测,"张建民,汪洁",6597211904.1400,,,,,,,,,,,,,,,,,,,,,,,,,,,2021-07-13 07:55:06,2021-07-13 07:55:06
000063.XSHE,2021-07-11,2021,q4,1301,天风证券,天风证券2021-07-11发布的报告研报标题中含有超预期信息,2021-07-11,中兴通讯：业绩超预期 盈利持续改善 5G龙头核心竞争力凸显,"唐海清,姜佳汛",7007040000.0000,,,,,,,,,,,,,,,,,,,,,,,,,,,2021-07-12 16:43:58,2021-07-12 16:43:58
000063.XSHE,2021-07-11,2021,q4,1302,光大证券,光大证券2021-07-11发布的报告研报摘要中含有超预期信息,2021-07-11,中兴通讯：中报预告超预期 5G建设有望回暖,"石崎良,刘凯",6029000000.0000,,,,,,,,,,,,,,,,,,,,,,,,,,,2021-07-12 16:43:58,2021-07-12 16:43:58
000063.XSHE,2021-07-11,2021,q4,1302,兴业证券,兴业证券2021-07-11发布的报告研报摘要中含有超预期信息,2021-07-11,中兴通讯：中报业绩超预期 毛利率持续改善,"王楠,章林,代小笛",7280000000.0000,,,,,,,,,,,,,,,,,,,,,,,,,,,2021-07-12 07:36:38,2021-07-12 07:36:38
000063.XSHE,2021-07-11,2021,q4,1302,中泰证券,中泰证券2021-07-11发布的报告研报摘要中含有超预期信息,2021-07-11,中兴通讯：半年度超预期 份额与盈利能力有望持续优化,"陈宁玉,易景明,王逢节",7035000000.0000,,,,,,,,,,,,,,,,,,,,,,,,,,,2021-07-12 13:33:02,2021-07-12 13:33:02
000063.XSHE,2021-07-11,2021,q4,1302,国盛证券,国盛证券2021-07-11发布的报告研报摘要中含有超预期信息,2021-07-11,中兴通讯：中报超预期 重视硬科技ICT龙头,"宋嘉吉,黄瀚,赵丕业",6316000000.0000,,,,,,,,,,,,,,,,,,,,,,,,,,,2021-07-12 07:36:38,2021-07-12 07:36:38
000063.XSHE,2021-07-11,2021,q4,1302,安信证券,安信证券2021-07-11发布的报告研报摘要中含有超预期信息,2021-07-11,中兴通讯：上半年业绩大超市场预期 看好5G主设备龙头中长期发展优势,马天诣,6338800000.0000,,,,,,,,,,,,,,,,,,,,,,,,,,,2021-07-12 07:36:38,2021-07-12 07:36:38
000063.XSHE,2021-07-11,2021,q4,1302,浙商证券,浙商证券2021-07-11发布的报告研报摘要中含有超预期信息,2021-07-11,中兴通讯：中报超预期 上调全年盈利预测,"张建民,汪洁",6597211904.1400,,,,,,,,,,,,,,,,,,,,,,,,,,,2021-07-13 07:55:06,2021-07-13 07:55:06
000063.XSHE,2021-07-11,2021,q4,1302,天风证券,天风证券2021-07-11发布的报告研报摘要中含有超预期信息,2021-07-11,中兴通讯：业绩超预期 盈利持续改善 5G龙头核心竞争力凸显,"唐海清,姜佳汛",7007040000.0000,,,,,,,,,,,,,,,,,,,,,,,,,,,2021-07-12 16:43:58,2021-07-12 16:43:58
000063.XSHE,2021-07-12,2021,q4,1101,民生证券,"民生证券2021-07-12发布的报告上调了该股盈利预测,分析师：王芳,傅鸣非",2021-07-12,中兴通讯：多元业务稳增长 ICT龙头再出发,"王芳,傅鸣非",7571000000.0000,2021-06-11,中兴通讯：中标份额提升叠加毛利改善预期 或迎价值重估,5955000000.0000,,,,,,,,,,,,,,,,,,,,,,,0.2714,2021-07-12 16:43:58,2021-07-12 16:43:58
000063.XSHE,2021-07-12,2021,q4,1101,中信证券,"中信证券2021-07-12发布的报告上调了该股盈利预测,分析师：梁程加",2021-07-12,中兴通讯：毛利率和份额显著提升 业绩重回强劲增长,梁程加,6755000000.0000,2021-03-29,中兴通讯：SPN集采迎机遇 中兴份额创新高,6109000000.0000,,,,,,,,,,,,,,,,,,,,,,,0.1057,2021-07-13 10:50:31,2021-07-13 10:50:31
000063.XSHE,2021-07-12,2021,q4,1101,万联证券,"万联证券2021-07-12发布的报告上调了该股盈利预测,分析师：夏清莹,吴源恒",2021-07-12,中兴通讯：中报业绩超预期 ICT龙头扬帆起航,"夏清莹,吴源恒",6525000000.0000,2021-06-02,中兴通讯：砥砺前行 ICT龙头蓄势待发,6182000000.0000,,,,,,,,,,,,,,,,,,,,,,,0.0555,2021-07-13 07:55:06,2021-07-13 07:55:06
000063.XSHE,2021-07-12,2021,q4,1101,群益证券,"群益证券2021-07-12发布的报告上调了该股盈利预测,分析师：李天凡",2021-07-12,中兴通讯：毛利率改善盈利能力持续提升 2021年上半年业绩超预期,李天凡,6577000000.0000,2021-06-15,中兴通讯：中标中国移动多个项目 政企业务持续发力,6061000000.0000,,,,,,,,,,,,,,,,,,,,,,,0.0851,2021-07-13 07:55:06,2021-07-13 07:55:06
000063.XSHE,2021-07-12,2021,q4,1301,东方证券,东方证券2021-07-12发布的报告研报标题中含有超预期信息,2021-07-12,中兴通讯：中报业绩预告超预期 格局优化助推盈利能力持续改善,张颖,6444000000.0000,,,,,,,,,,,,,,,,,,,,,,,,,,,2021-07-12 16:43:58,2021-07-12 16:43:58
000063.XSHE,2021-07-12,2021,q4,1301,万联证券,万联证券2021-07-12发布的报告研报标题中含有超预期信息,2021-07-12,中兴通讯：中报业绩超预期 ICT龙头扬帆起航,"夏清莹,吴源恒",6525000000.0000,,,,,,,,,,,,,,,,,,,,,,,,,,,2021-07-13 07:55:06,2021-07-13 07:55:06
000063.XSHE,2021-07-12,2021,q4,1301,群益证券,群益证券2021-07-12发布的报告研报标题中含有超预期信息,2021-07-12,中兴通讯：毛利率改善盈利能力持续提升 2021年上半年业绩超预期,李天凡,6577000000.0000,,,,,,,,,,,,,,,,,,,,,,,,,,,2021-07-13 07:55:06,2021-07-13 07:55:06
000063.XSHE,2021-07-12,2021,q4,1301,开源证券,开源证券2021-07-12发布的报告研报标题中含有超预期信息,2021-07-12,中兴通讯：上半年业绩超预期 基本面改善与估值提升双击,赵良毕,6305000000.0000,,,,,,,,,,,,,,,,,,,,,,,,,,,2021-07-13 10:50:31,2021-07-13 10:50:31
000063.XSHE,2021-07-12,2021,q4,1302,群益证券,群益证券2021-07-12发布的报告研报摘要中含有超预期信息,2021-07-12,中兴通讯：毛利率改善盈利能力持续提升 2021年上半年业绩超预期,李天凡,6577000000.0000,,,,,,,,,,,,,,,,,,,,,,,,,,,2021-07-13 07:55:06,2021-07-13 07:55:06
000063.XSHE,2021-07-12,2021,q4,1302,开源证券,开源证券2021-07-12发布的报告研报摘要中含有超预期信息,2021-07-12,中兴通讯：上半年业绩超预期 基本面改善与估值提升双击,赵良毕,6305000000.0000,,,,,,,,,,,,,,,,,,,,,,,,,,,2021-07-13 10:50:31,2021-07-13 10:50:31
000063.XSHE,2021-07-13,2021,q4,1102,广发证券,"广发证券2021-07-13发布的报告上调了该股盈利预测,分析师：谢淑颖,许兴军,王亮",2021-07-13,中兴通讯：21H1预告超预期 归母净利润增长显著,"谢淑颖,许兴军,王亮",7866000000.0000,2021-04-30,中兴通讯：21Q1业绩向上 盈利能力改善明显,5835000000.0000,,,,,,,,,,,,,,,,,,,,,,,0.3481,2021-07-15 07:14:46,2021-07-15 07:14:46
000063.XSHE,2021-07-13,2021,q4,1301,广发证券,广发证券2021-07-13发布的报告研报标题中含有超预期信息,2021-07-13,中兴通讯：21H1预告超预期 归母净利润增长显著,"谢淑颖,许兴军,王亮",7866000000.0000,,,,,,,,,,,,,,,,,,,,,,,,,,,2021-07-15 07:14:46,2021-07-15 07:14:46
000063.XSHE,2021-07-13,2021,q4,1302,广发证券,广发证券2021-07-13发布的报告研报摘要中含有超预期信息,2021-07-13,中兴通讯：21H1预告超预期 归母净利润增长显著,"谢淑颖,许兴军,王亮",7866000000.0000,,,,,,,,,,,,,,,,,,,,,,,,,,,2021-07-15 07:14:46,2021-07-15 07:14:46
000063.XSHE,2021-07-16,2021,q4,1101,安信证券,"安信证券2021-07-16发布的报告上调了该股盈利预测,分析师：马天诣",2021-07-16,中兴通讯：携手中国一汽 拥抱汽车新四化 开启新征程,马天诣,6515100000.0000,2021-07-11,中兴通讯：上半年业绩大超市场预期 看好5G主设备龙头中长期发展优势,6338800000.0000,,,,,,,,,,,,,,,,,,,,,,,0.0278,2021-07-17 06:57:23,2021-07-17 06:57:23
000063.XSHE,2021-07-18,2021,q4,1302,信达证券,信达证券2021-07-18发布的报告研报摘要中含有超预期信息,2021-07-18,中兴通讯：中兴700M约获31%份额 份额持续提升 新业务逐步发力,蒋颖,6157000000.0000,,,,,,,,,,,,,,,,,,,,,,,,,,,2021-07-20 10:44:45,2021-07-20 10:44:45
000063.XSHE,2021-08-01,2021,q4,1101,信达证券,"信达证券2021-08-01发布的报告上调了该股盈利预测,分析师：蒋颖",2021-08-01,中兴通讯：全屏实力全球领先 消费电子王者归来,蒋颖,7085000000.0000,2021-07-18,中兴通讯：中兴700M约获31%份额 份额持续提升 新业务逐步发力,6157000000.0000,,,,,,,,,,,,,,,,,,,,,,,0.1507,2021-08-03 12:55:48,2021-08-03 12:55:48
000063.XSHE,2021-08-16,2021,q4,1101,申万宏源,"申万宏源2021-08-16发布的报告上调了该股盈利预测,分析师：朱型檑,李国盛",2021-08-16,中兴通讯：业绩高增、业务创新与行业景气催化下的估值修复,"朱型檑,李国盛",7232000000.0000,2021-04-28,中兴通讯：Q1高增之下盈利能力与利润质量齐升,5856000000.0000,,,,,,,,,,,,,,,,,,,,,,,0.2350,2021-08-17 12:47:10,2021-08-17 12:47:10
000063.XSHE,2021-08-16,2021,q4,1302,申万宏源,申万宏源2021-08-16发布的报告研报摘要中含有超预期信息,2021-08-16,中兴通讯：业绩高增、业务创新与行业景气催化下的估值修复,"朱型檑,李国盛",7232000000.0000,,,,,,,,,,,,,,,,,,,,,,,,,,,2021-08-17 12:47:10,2021-08-17 12:47:10
000063.XSHE,2021-08-28,2021,q2,1405,,2021-08-28发布的财报中，2季度净利润增速超出机构的一致预期,,,,,,,,2021-08-28,financial_reports,,,,1896964000.0000,,,,0.7608,,,,,,,,2021-08-27,,1376036567.3000,,,0.3786,2021-08-28 08:06:31,2021-08-28 08:06:31
000063.XSHE,2021-08-28,2021,q2,1501,,2021-08-28发布的财报净利润同比增速超出一致预期2021同比增速,,,,,,,,2021-08-28,financial_reports,,,4078613000.0000,,,1.1770,,,,,,,,,,2021-08-27,6626466297.5689,,0.5497,,0.6273,2021-08-28 08:06:31,2021-08-28 08:06:31
000063.XSHE,2021-08-28,2021,q2,1503,,2021-08-28发布的财报净利润同比增速超出2021一致预期同比增速,,,,,,,,2021-08-28,financial_reports,,,,1896964000.0000,,,,0.7608,,,,,,,,2021-08-27,,1376036567.3000,,0.2773,0.4835,2021-08-28 08:06:31,2021-08-28 08:06:31
000063.XSHE,2021-08-28,2021,q4,1101,光大证券,"光大证券2021-08-28发布的报告上调了该股盈利预测,分析师：石崎良,刘凯",2021-08-28,中兴通讯：运营商业务毛利率回升 消费者业务改善明显,"石崎良,刘凯",7010000000.0000,2021-07-11,中兴通讯：中报预告超预期 5G建设有望回暖,6029000000.0000,,,,,,,,,,,,,,,,,,,,,,,0.1627,2021-08-30 07:31:42,2021-08-30 07:31:42
000063.XSHE,2021-08-28,2021,q4,1101,太平洋证券,"太平洋证券2021-08-28发布的报告上调了该股盈利预测,分析师：李宏涛,李仁波",2021-08-28,中兴通讯：5G份额扩大 毛利率提升业绩大幅增长,"李宏涛,李仁波",7030110000.0000,2021-03-17,中兴通讯：把握新基建机遇 毛利率和份额提升带来持续价值,6021340000.0000,,,,,,,,,,,,,,,,,,,,,,,0.1675,2021-09-02 07:18:04,2021-09-02 07:18:04
000063.XSHE,2021-08-28,2021,q4,1102,天风证券,"天风证券2021-08-28发布的报告上调了该股盈利预测,分析师：唐海清,姜佳汛",2021-08-28,中兴通讯：中报业绩高增 份额提升加毛利率改善加新业务成长逻辑不断印证,"唐海清,姜佳汛",7007640000.0000,2021-07-11,中兴通讯：业绩超预期 盈利持续改善 5G龙头核心竞争力凸显,7007040000.0000,,,,,,,,,,,,,,,,,,,,,,,0.0001,2021-08-30 07:31:42,2021-08-30 07:31:42
000063.XSHE,2021-08-28,2021,q4,1302,光大证券,光大证券2021-08-28发布的报告研报摘要中含有超预期信息,2021-08-28,中兴通讯：运营商业务毛利率回升 消费者业务改善明显,"石崎良,刘凯",7010000000.0000,,,,,,,,,,,,,,,,,,,,,,,,,,,2021-08-30 07:31:42,2021-08-30 07:31:42
000063.XSHE,2021-08-28,2021,q4,1302,天风证券,天风证券2021-08-28发布的报告研报摘要中含有超预期信息,2021-08-28,中兴通讯：中报业绩高增 份额提升加毛利率改善加新业务成长逻辑不断印证,"唐海清,姜佳汛",7007640000.0000,,,,,,,,,,,,,,,,,,,,,,,,,,,2021-08-30 07:31:42,2021-08-30 07:31:42
000063.XSHE,2021-08-29,2021,q4,1101,东吴证券,"东吴证券2021-08-29发布的报告上调了该股盈利预测,分析师：侯宾,姚久花",2021-08-29,中兴通讯：中报业绩高增 经营质量稳步提升 ICT龙头业绩持续向好,"侯宾,姚久花",7076000000.0000,2021-08-10,中兴通讯：一汽、上汽等一线车厂陆续与中兴签署战略合作协议 助力中兴车联网业务大发展,6504000000.0000,,,,,,,,,,,,,,,,,,,,,,,0.0879,2021-09-02 07:18:04,2021-09-02 07:18:04
000063.XSHE,2021-08-29,2021,q4,1102,长江证券,"长江证券2021-08-29发布的报告上调了该股盈利预测,分析师：于海宁",2021-08-29,中兴通讯：H1毛利率大幅提升 静待新业务花开,于海宁,6972000000.0000,2021-08-10,中兴通讯：持续深化车企合作 把握汽车电子新机遇,6775000000.0000,,,,,,,,,,,,,,,,,,,,,,,0.0291,2021-08-30 11:46:36,2021-08-30 11:46:36
000063.XSHE,2021-08-29,2021,q4,1102,海通证券,"海通证券2021-08-29发布的报告上调了该股盈利预测,分析师：朱劲松,余伟民",2021-08-29,中兴通讯：净利润大增 经营趋势向好,"朱劲松,余伟民",7131000000.0000,2021-07-11,中兴通讯：提质增效成果显著 业绩大幅增长,6090000000.0000,,,,,,,,,,,,,,,,,,,,,,,0.1709,2021-08-30 07:31:42,2021-08-30 07:31:42
000063.XSHE,2021-08-29,2021,q4,1302,兴业证券,兴业证券2021-08-29发布的报告研报摘要中含有超预期信息,2021-08-29,中兴通讯：中报符合预期 毛利率持续改善,"王楠,章林,代小笛",7280000000.0000,,,,,,,,,,,,,,,,,,,,,,,,,,,2021-08-30 15:31:36,2021-08-30 15:31:36
000063.XSHE,2021-08-30,2021,q4,1101,东北证券,"东北证券2021-08-30发布的报告上调了该股盈利预测,分析师：王宁,史博文",2021-08-30,中兴通讯：业绩高速增长 政企及消费者业务快速发展,"王宁,史博文",6885000000.0000,2021-04-30,中兴通讯：财务指标保持良好 现金流状况大幅提升,5851000000.0000,,,,,,,,,,,,,,,,,,,,,,,0.1767,2021-08-31 08:00:04,2021-08-31 08:00:04
000063.XSHE,2021-08-30,2021,q4,1101,中信证券,"中信证券2021-08-30发布的报告上调了该股盈利预测,分析师：黄亚元",2021-08-30,中兴通讯：运营商业务毛利率反弹 业绩高速增长,黄亚元,6786000000.0000,2021-08-03,中兴通讯：格局重塑 再看5G龙头投资机遇,6745520000.0000,,,,,,,,,,,,,,,,,,,,,,,0.0060,2021-08-31 08:00:04,2021-08-31 08:00:04
000063.XSHE,2021-08-30,2021,q4,1101,浙商证券,"浙商证券2021-08-30发布的报告上调了该股盈利预测,分析师：张建民",2021-08-30,中兴通讯：盈利能力超预期 看好全年业绩表现,张建民,6631924835.2500,2021-07-11,中兴通讯：中报超预期 上调全年盈利预测,6597211904.1400,,,,,,,,,,,,,,,,,,,,,,,0.0053,2021-09-06 10:44:25,2021-09-06 10:44:25
000063.XSHE,2021-08-30,2021,q4,1101,开源证券,"开源证券2021-08-30发布的报告上调了该股盈利预测,分析师：赵良毕",2021-08-30,中兴通讯：估值与业绩高增长错配 ICT龙头凸显投资价值,赵良毕,7212000000.0000,2021-07-12,中兴通讯：上半年业绩超预期 基本面改善与估值提升双击,6305000000.0000,,,,,,,,,,,,,,,,,,,,,,,0.1439,2021-08-31 15:44:12,2021-08-31 15:44:12
000063.XSHE,2021-08-30,2021,q4,1301,浙商证券,浙商证券2021-08-30发布的报告研报标题中含有超预期信息,2021-08-30,中兴通讯：盈利能力超预期 看好全年业绩表现,张建民,6631924835.2500,,,,,,,,,,,,,,,,,,,,,,,,,,,2021-09-06 10:44:25,2021-09-06 10:44:25
000063.XSHE,2021-08-30,2021,q4,1302,中信证券,中信证券2021-08-30发布的报告研报摘要中含有超预期信息,2021-08-30,中兴通讯：运营商业务毛利率反弹 业绩高速增长,黄亚元,6786000000.0000,,,,,,,,,,,,,,,,,,,,,,,,,,,2021-08-31 08:00:04,2021-08-31 08:00:04
000063.XSHE,2021-08-30,2021,q4,1302,浙商证券,浙商证券2021-08-30发布的报告研报摘要中含有超预期信息,2021-08-30,中兴通讯：盈利能力超预期 看好全年业绩表现,张建民,6631924835.2500,,,,,,,,,,,,,,,,,,,,,,,,,,,2021-09-06 10:44:25,2021-09-06 10:44:25
000063.XSHE,2021-08-30,2021,q4,1302,开源证券,开源证券2021-08-30发布的报告研报摘要中含有超预期信息,2021-08-30,中兴通讯：估值与业绩高增长错配 ICT龙头凸显投资价值,赵良毕,7212000000.0000,,,,,,,,,,,,,,,,,,,,,,,,,,,2021-08-31 15:44:12,2021-08-31 15:44:12
000063.XSHE,2021-08-31,2021,q4,1101,西南证券,"西南证券2021-08-31发布的报告上调了该股盈利预测,分析师：高宇洋",2021-08-31,中兴通讯：业绩稳步提升 消费者业务增速亮眼,高宇洋,7058680000.0000,2021-03-17,中兴通讯：经营迎改善 Q1超预期,5537550000.0000,,,,,,,,,,,,,,,,,,,,,,,0.2747,2021-09-03 14:50:52,2021-09-03 14:50:52
000063.XSHE,2021-09-01,2021,q4,1101,长城证券,"长城证券2021-09-01发布的报告上调了该股盈利预测,分析师：蔡微未",2021-09-01,中兴通讯：H1盈利能力大幅提升 市场份额持续扩张,蔡微未,6828060000.0000,2021-04-29,中兴通讯：Q1业绩亮眼 5G龙头前景广阔,6487790000.0000,,,,,,,,,,,,,,,,,,,,,,,0.0524,2021-09-04 06:52:03,2021-09-04 06:52:03
000063.XSHE,2021-09-01,2021,q4,1302,长城证券,长城证券2021-09-01发布的报告研报摘要中含有超预期信息,2021-09-01,中兴通讯：H1盈利能力大幅提升 市场份额持续扩张,蔡微未,6828060000.0000,,,,,,,,,,,,,,,,,,,,,,,,,,,2021-09-04 06:52:03,2021-09-04 06:52:03
000063.XSHE,2021-10-14,2021,q4,1101,招商证券,"招商证券2021-10-14发布的报告上调了该股盈利预测,分析师：余俊,张皓怡",2021-10-14,中兴通讯：业绩符合预期 盈利能力持续提升 运营质量全面改善,"余俊,张皓怡",7277000000.0000,2021-08-28,中兴通讯：业绩符合预期 盈利质量大幅提升 下半年运营商及政企市场全面发力,7067000000.0000,,,,,,,,,,,,,,,,,,,,,,,0.0297,2021-10-15 16:45:44,2021-10-15 16:45:44
000063.XSHE,2021-10-14,2021,q4,1101,华西证券,"华西证券2021-10-14发布的报告上调了该股盈利预测,分析师：宋辉,柳珏廷",2021-10-14,中兴通讯：毛利率持续恢复 业绩有望加速改善,"宋辉,柳珏廷",7517000000.0000,2021-08-28,中兴通讯：多端拉动需求 毛利率提升 业务持续扩张,5964000000.0000,,,,,,,,,,,,,,,,,,,,,,,0.2604,2021-10-15 13:52:46,2021-10-15 13:52:46
000063.XSHE,2021-10-14,2021,q4,1101,中泰证券,"中泰证券2021-10-14发布的报告上调了该股盈利预测,分析师：陈宁玉,王逢节,佘雨晴",2021-10-14,中兴通讯：三季报预告再超预期 毛利率持续恢复,"陈宁玉,王逢节,佘雨晴",7405000000.0000,2021-08-28,中兴通讯：业绩偏预告上分位 运营商业务进入收获期,7035000000.0000,,,,,,,,,,,,,,,,,,,,,,,0.0526,2021-10-15 16:45:44,2021-10-15 16:45:44
000063.XSHE,2021-10-14,2021,q4,1101,信达证券,"信达证券2021-10-14发布的报告上调了该股盈利预测,分析师：蒋颖",2021-10-14,中兴通讯：业绩表现亮眼 硬科技龙头盈利能力不断提升,蒋颖,7326000000.0000,2021-08-27,中兴通讯：消费者业务高增长 盈利能力持续提升 研发费用营收占比创新高,7085000000.0000,,,,,,,,,,,,,,,,,,,,,,,0.0340,2021-10-15 16:45:44,2021-10-15 16:45:44
000063.XSHE,2021-10-14,2021,q4,1102,长江证券,"长江证券2021-10-14发布的报告上调了该股盈利预测,分析师：于海宁",2021-10-14,中兴通讯：Q3业绩延续强劲增长 近期集采表现亮眼,于海宁,7189000000.0000,2021-08-29,中兴通讯：H1毛利率大幅提升 静待新业务花开,6972000000.0000,,,,,,,,,,,,,,,,,,,,,,,0.0311,2021-10-18 07:24:53,2021-10-18 07:24:53
000063.XSHE,2021-10-14,2021,q4,1301,中泰证券,中泰证券2021-10-14发布的报告研报标题中含有超预期信息,2021-10-14,中兴通讯：三季报预告再超预期 毛利率持续恢复,"陈宁玉,王逢节,佘雨晴",7405000000.0000,,,,,,,,,,,,,,,,,,,,,,,,,,,2021-10-15 16:45:44,2021-10-15 16:45:44
000063.XSHE,2021-10-14,2021,q4,1302,中泰证券,中泰证券2021-10-14发布的报告研报摘要中含有超预期信息,2021-10-14,中兴通讯：三季报预告再超预期 毛利率持续恢复,"陈宁玉,王逢节,佘雨晴",7405000000.0000,,,,,,,,,,,,,,,,,,,,,,,,,,,2021-10-15 16:45:44,2021-10-15 16:45:44
000063.XSHE,2021-10-15,2021,q3,1502,,2021-10-15发布的业绩预告同比增速超出一致预期2021同比增速,,,,,,,,2021-10-15,performance_forecast,6000000000.0000,5600000000.0000,,,1.0526,,,,,,,,,,,2021-10-14,6938468038.4442,,0.6227,,0.4299,2021-10-15 07:41:11,2021-10-15 07:41:11
000063.XSHE,2021-10-15,2021,q3,1504,,2021-10-15发布的业绩预告同比增速超出2021一致预期同比增速,,,,,,,,2021-10-15,performance_forecast,6000000000.0000,5600000000.0000,,,,,0.7799,,,,,,,,,2021-10-14,,1017506304.0000,,0.1904,0.5895,2021-10-15 07:41:11,2021-10-15 07:41:11
000063.XSHE,2021-10-15,2021,q4,1101,民生证券,"民生证券2021-10-15发布的报告上调了该股盈利预测,分析师：马天诣,于一铭",2021-10-15,中兴通讯：Q3业绩大增 看好ICT龙头盈利持续释放,"马天诣,于一铭",7832000000.0000,2021-07-12,中兴通讯：多元业务稳增长 ICT龙头再出发,7571000000.0000,,,,,,,,,,,,,,,,,,,,,,,0.0345,2021-10-15 16:45:44,2021-10-15 16:45:44
000063.XSHE,2021-10-15,2021,q4,1101,东吴证券,"东吴证券2021-10-15发布的报告上调了该股盈利预测,分析师：侯宾,姚久花",2021-10-15,中兴通讯：盈利能力大幅提升 业绩持续高增,"侯宾,姚久花",7639000000.0000,2021-08-29,中兴通讯：中报业绩高增 经营质量稳步提升 ICT龙头业绩持续向好,7076000000.0000,,,,,,,,,,,,,,,,,,,,,,,0.0796,2021-10-15 16:45:44,2021-10-15 16:45:44
000063.XSHE,2021-10-15,2021,q4,1101,群益证券,"群益证券2021-10-15发布的报告上调了该股盈利预测,分析师：李天凡",2021-10-15,中兴通讯：毛利率持续改善盈利能力显著提升 三季度业绩大增,李天凡,7500000000.0000,2021-07-12,中兴通讯：毛利率改善盈利能力持续提升 2021年上半年业绩超预期,6577000000.0000,,,,,,,,,,,,,,,,,,,,,,,0.1403,2021-10-18 07:24:53,2021-10-18 07:24:53
000063.XSHE,2021-10-15,2021,q4,1102,国盛证券,"国盛证券2021-10-15发布的报告上调了该股盈利预测,分析师：宋嘉吉,黄瀚,赵丕业",2021-10-15,中兴通讯：三季报预告超预期 ICT龙头业绩持续兑现,"宋嘉吉,黄瀚,赵丕业",7162000000.0000,2021-07-11,中兴通讯：中报超预期 重视硬科技ICT龙头,6316000000.0000,,,,,,,,,,,,,,,,,,,,,,,0.1339,2021-10-15 13:52:46,2021-10-15 13:52:46
000063.XSHE,2021-10-15,2021,q4,1301,国盛证券,国盛证券2021-10-15发布的报告研报标题中含有超预期信息,2021-10-15,中兴通讯：三季报预告超预期 ICT龙头业绩持续兑现,"宋嘉吉,黄瀚,赵丕业",7162000000.0000,,,,,,,,,,,,,,,,,,,,,,,,,,,2021-10-15 13:52:46,2021-10-15 13:52:46
000063.XSHE,2021-10-15,2021,q4,1302,群益证券,群益证券2021-10-15发布的报告研报摘要中含有超预期信息,2021-10-15,中兴通讯：毛利率持续改善盈利能力显著提升 三季度业绩大增,李天凡,7500000000.0000,,,,,,,,,,,,,,,,,,,,,,,,,,,2021-10-18 07:24:53,2021-10-18 07:24:53
000063.XSHE,2021-10-17,2021,q4,1102,天风证券,"天风证券2021-10-17发布的报告上调了该股盈利预测,分析师：唐海清,姜佳汛",2021-10-17,中兴通讯：同比加速增长 业绩持续证明自己,"唐海清,姜佳汛",7007760000.0000,2021-08-28,中兴通讯：中报业绩高增 份额提升加毛利率改善加新业务成长逻辑不断印证,7007640000.0000,,,,,,,,,,,,,,,,,,,,,,,0.0000,2021-10-18 14:23:13,2021-10-18 14:23:13
000063.XSHE,2021-10-17,2021,q4,1302,天风证券,天风证券2021-10-17发布的报告研报摘要中含有超预期信息,2021-10-17,中兴通讯：同比加速增长 业绩持续证明自己,"唐海清,姜佳汛",7007760000.0000,,,,,,,,,,,,,,,,,,,,,,,,,,,2021-10-18 14:23:13,2021-10-18 14:23:13
000063.XSHE,2021-10-19,2021,q4,1101,西部证券,"西部证券2021-10-19发布的报告上调了该股盈利预测,分析师：雒雅梅",2021-10-19,中兴通讯：三季度业绩超预期增长 三大业务保质加速发展,雒雅梅,7321000000.0000,2021-09-09,中兴通讯：运营商业务市占率提升 政企与消费者业务将成未来看点,6487000000.0000,,,,,,,,,,,,,,,,,,,,,,,0.1286,2021-10-20 07:44:51,2021-10-20 07:44:51
000063.XSHE,2021-10-19,2021,q4,1301,西部证券,西部证券2021-10-19发布的报告研报标题中含有超预期信息,2021-10-19,中兴通讯：三季度业绩超预期增长 三大业务保质加速发展,雒雅梅,7321000000.0000,,,,,,,,,,,,,,,,,,,,,,,,,,,2021-10-20 07:44:51,2021-10-20 07:44:51
000063.XSHE,2021-10-19,2021,q4,1302,西部证券,西部证券2021-10-19发布的报告研报摘要中含有超预期信息,2021-10-19,中兴通讯：三季度业绩超预期增长 三大业务保质加速发展,雒雅梅,7321000000.0000,,,,,,,,,,,,,,,,,,,,,,,,,,,2021-10-20 07:44:51,2021-10-20 07:44:51
000063.XSHE,2021-10-25,2021,q4,1101,西南证券,"西南证券2021-10-25发布的报告上调了该股盈利预测,分析师：高宇洋",2021-10-25,中兴通讯：营收利润高增长 毛利率环比持续提升,高宇洋,7564560000.0000,2021-08-31,中兴通讯：业绩稳步提升 消费者业务增速亮眼,7058680000.0000,,,,,,,,,,,,,,,,,,,,,,,0.0717,2021-10-28 08:29:58,2021-10-28 08:29:58
000063.XSHE,2021-10-26,2021,q3,1405,,2021-10-26发布的财报中，3季度净利润增速超出机构的一致预期,,,,,,,,2021-10-26,financial_reports,,,,1774294000.0000,,,,1.0758,,,,,,,,2021-10-25,,1104264444.0000,,,0.6068,2021-10-26 07:42:13,2021-10-26 07:42:13
000063.XSHE,2021-10-26,2021,q3,1501,,2021-10-26发布的财报净利润同比增速超出一致预期2021同比增速,,,,,,,,2021-10-26,financial_reports,,,5852907000.0000,,,1.1453,,,,,,,,,,2021-10-25,7182398939.7137,,0.6797,,0.4656,2021-10-26 07:42:13,2021-10-26 07:42:13
000063.XSHE,2021-10-26,2021,q3,1503,,2021-10-26发布的财报净利润同比增速超出2021一致预期同比增速,,,,,,,,2021-10-26,financial_reports,,,,1774294000.0000,,,,1.0758,,,,,,,,2021-10-25,,1104264444.0000,,0.2919,0.7839,2021-10-26 07:42:13,2021-10-26 07:42:13
000063.XSHE,2021-10-26,2021,q4,1101,国泰君安,"国泰君安2021-10-26发布的报告上调了该股盈利预测,分析师：王彦龙",2021-10-26,中兴通讯：经营质量逐季改善 第二成长曲线可期,王彦龙,7075000000.0000,2021-08-30,中兴通讯：业绩符合预期 盈利质量持续提升,6513000000.0000,,,,,,,,,,,,,,,,,,,,,,,0.0863,2021-10-27 08:08:27,2021-10-27 08:08:27
000063.XSHE,2021-10-26,2021,q4,1101,华泰证券,"华泰证券2021-10-26发布的报告上调了该股盈利预测,分析师：余熠,闫慧辰",2021-10-26,中兴通讯：Q3利润高增 单季收入创三年最高,"余熠,闫慧辰",7536000000.0000,2021-07-11,中兴通讯：2Q21净利润同比大幅提升,6735000000.0000,,,,,,,,,,,,,,,,,,,,,,,0.1189,2022-09-29 13:55:30,2022-09-29 13:55:30
000063.XSHE,2021-10-26,2021,q4,1101,万联证券,"万联证券2021-10-26发布的报告上调了该股盈利预测,分析师：夏清莹,吴源恒",2021-10-26,中兴通讯：Q3利润高速增长 ICT龙头扬帆起航,"夏清莹,吴源恒",7734000000.0000,2021-07-12,中兴通讯：中报业绩超预期 ICT龙头扬帆起航,6525000000.0000,,,,,,,,,,,,,,,,,,,,,,,0.1853,2021-10-27 16:23:57,2021-10-27 16:23:57
000063.XSHE,2021-10-26,2021,q4,1101,太平洋证券,"太平洋证券2021-10-26发布的报告上调了该股盈利预测,分析师：李宏涛,李仁波",2021-10-26,中兴通讯：受益5G业务占比提升 毛利率进一步增加,"李宏涛,李仁波",7509890000.0000,2021-08-28,中兴通讯：5G份额扩大 毛利率提升业绩大幅增长,7030110000.0000,,,,,,,,,,,,,,,,,,,,,,,0.0682,2021-10-29 08:35:11,2021-10-29 08:35:11
000063.XSHE,2021-10-26,2021,q4,1302,国泰君安,国泰君安2021-10-26发布的报告研报摘要中含有超预期信息,2021-10-26,中兴通讯：经营质量逐季改善 第二成长曲线可期,王彦龙,7075000000.0000,,,,,,,,,,,,,,,,,,,,,,,,,,,2021-10-27 08:08:27,2021-10-27 08:08:27
000063.XSHE,2021-10-27,2021,q4,1101,长城证券,"长城证券2021-10-27发布的报告上调了该股盈利预测,分析师：蔡微未",2021-10-27,中兴通讯：Q3业绩亮眼 双增长曲线并进,蔡微未,7220880000.0000,2021-09-01,中兴通讯：H1盈利能力大幅提升 市场份额持续扩张,6828060000.0000,,,,,,,,,,,,,,,,,,,,,,,0.0575,2021-10-29 08:35:11,2021-10-29 08:35:11
000063.XSHE,2021-10-27,2021,q4,1101,中金公司,"中金公司2021-10-27发布的报告上调了该股盈利预测,分析师：研究所",2021-10-27,中兴通讯：5G推动业绩成长 成本优化提升毛利率水平,研究所,7496000000.0000,2021-07-11,中兴通讯：1H21业绩预告超预期 看好盈利能力持续提升,6889000000.0000,,,,,,,,,,,,,,,,,,,,,,,0.0881,2021-10-28 08:29:58,2021-10-28 08:29:58
000063.XSHE,2021-10-27,2021,q4,1101,中信证券,"中信证券2021-10-27发布的报告上调了该股盈利预测,分析师：黄亚元",2021-10-27,中兴通讯：毛利率持续提升 Q3业绩超预期,黄亚元,7248000000.0000,2021-08-30,中兴通讯：运营商业务毛利率反弹 业绩高速增长,6786000000.0000,,,,,,,,,,,,,,,,,,,,,,,0.0681,2021-10-27 13:22:01,2021-10-27 13:22:01
000063.XSHE,2021-10-27,2021,q4,1102,长江证券,"长江证券2021-10-27发布的报告上调了该股盈利预测,分析师：于海宁",2021-10-27,中兴通讯：Q3营收增长提速 毛利率持续回升,于海宁,7220000000.0000,2021-10-14,中兴通讯：Q3业绩延续强劲增长 近期集采表现亮眼,7189000000.0000,,,,,,,,,,,,,,,,,,,,,,,0.0043,2021-10-28 14:54:28,2021-10-28 14:54:28
000063.XSHE,2021-10-27,2021,q4,1102,海通证券,"海通证券2021-10-27发布的报告上调了该股盈利预测,分析师：朱劲松,余伟民",2021-10-27,中兴通讯：经营稳步向上 未来发展可期,"朱劲松,余伟民",7443000000.0000,2021-08-29,中兴通讯：净利润大增 经营趋势向好,7131000000.0000,,,,,,,,,,,,,,,,,,,,,,,0.0438,2021-10-28 14:54:28,2021-10-28 14:54:28
000063.XSHE,2021-10-27,2021,q4,1301,中信证券,中信证券2021-10-27发布的报告研报标题中含有超预期信息,2021-10-27,中兴通讯：毛利率持续提升 Q3业绩超预期,黄亚元,7248000000.0000,,,,,,,,,,,,,,,,,,,,,,,,,,,2021-10-27 13:22:01,2021-10-27 13:22:01
000063.XSHE,2021-10-27,2021,q4,1302,中金公司,中金公司2021-10-27发布的报告研报摘要中含有超预期信息,2021-10-27,中兴通讯：5G推动业绩成长 成本优化提升毛利率水平,研究所,7496000000.0000,,,,,,,,,,,,,,,,,,,,,,,,,,,2021-10-28 08:29:58,2021-10-28 08:29:58
000063.XSHE,2021-10-27,2021,q4,1302,天风证券,天风证券2021-10-27发布的报告研报摘要中含有超预期信息,2021-10-27,中兴通讯：三季度同比加速增长 成长逻辑不断验证,"唐海清,姜佳汛",7007760000.0000,,,,,,,,,,,,,,,,,,,,,,,,,,,2021-10-28 14:54:28,2021-10-28 14:54:28
000063.XSHE,2021-10-28,2021,q4,1101,东方证券,"东方证券2021-10-28发布的报告上调了该股盈利预测,分析师：张颖",2021-10-28,中兴通讯：前三季度业绩报告超预期 立足高质量增长,张颖,7093000000.0000,2021-07-12,中兴通讯：中报业绩预告超预期 格局优化助推盈利能力持续改善,6444000000.0000,,,,,,,,,,,,,,,,,,,,,,,0.1007,2021-10-30 08:34:02,2021-10-30 08:34:02
000063.XSHE,2021-10-28,2021,q4,1301,东方证券,东方证券2021-10-28发布的报告研报标题中含有超预期信息,2021-10-28,中兴通讯：前三季度业绩报告超预期 立足高质量增长,张颖,7093000000.0000,,,,,,,,,,,,,,,,,,,,,,,,,,,2021-10-30 08:34:02,2021-10-30 08:34:02
000063.XSHE,2021-10-28,2021,q4,1302,东方证券,东方证券2021-10-28发布的报告研报摘要中含有超预期信息,2021-10-28,中兴通讯：前三季度业绩报告超预期 立足高质量增长,张颖,7093000000.0000,,,,,,,,,,,,,,,,,,,,,,,,,,,2021-10-30 08:34:02,2021-10-30 08:34:02
000063.XSHE,2021-11-04,2021,q4,1101,浙商证券,"浙商证券2021-11-04发布的报告上调了该股盈利预测,分析师：张建民,汪洁",2021-11-04,中兴通讯：业绩进一步向好 即将跨入超越期,"张建民,汪洁",7612000000.0000,2021-08-30,中兴通讯：盈利能力超预期 看好全年业绩表现,6631924835.2500,,,,,,,,,,,,,,,,,,,,,,,0.1478,2021-11-05 08:45:36,2021-11-05 08:45:36
000063.XSHE,2021-11-04,2021,q4,1302,浙商证券,浙商证券2021-11-04发布的报告研报摘要中含有超预期信息,2021-11-04,中兴通讯：业绩进一步向好 即将跨入超越期,"张建民,汪洁",7612000000.0000,,,,,,,,,,,,,,,,,,,,,,,,,,,2021-11-05 08:45:36,2021-11-05 08:45:36
000063.XSHE,2021-11-09,2021,q4,1101,民生证券,"民生证券2021-11-09发布的报告上调了该股盈利预测,分析师：马天诣,于一铭",2021-11-09,中兴通讯：定增收购中兴微落地 协同效应值得期待,"马天诣,于一铭",7796000000.0000,2021-10-26,中兴通讯：固本拓新 第二曲线增长动能强劲,7762000000.0000,,,,,,,,,,,,,,,,,,,,,,,0.0044,2021-11-09 15:08:58,2021-11-09 15:08:58
000063.XSHE,2022-01-07,2021,q4,1101,安信证券,"安信证券2022-01-07发布的报告上调了该股盈利预测,分析师：张真桢",2022-01-07,中兴通讯：行业格局不断改善 公司业绩持续提升,张真桢,6873100000.0000,2021-08-29,中兴通讯：盈利能力显著改善 消费者业务有望迎来拐点,6515100000.0000,,,,,,,,,,,,,,,,,,,,,,,0.0549,2022-01-08 11:41:00,2022-01-08 11:41:00
000063.XSHE,2022-01-28,2021,q4,1101,中泰证券,"中泰证券2022-01-28发布的报告上调了该股盈利预测,分析师：陈宁玉,王逢节,佘雨晴",2022-01-28,中兴通讯：业绩符合预期 减值计提影响Q4业绩表现,"陈宁玉,王逢节,佘雨晴",7405300000.0000,2021-10-25,中兴通讯：业绩偏预告上分位 毛利率持续改善,7405000000.0000,,,,,,,,,,,,,,,,,,,,,,,0.0000,2022-02-08 09:04:24,2022-02-08 09:04:24
000063.XSHE,2022-01-29,2021,q4,1301,安信证券,安信证券2022-01-29发布的报告研报标题中含有超预期信息,2022-01-29,中兴通讯：Q4业绩超预期 目标未来2-3年进入世界500强,张真桢,6873100000.0000,,,,,,,,,,,,,,,,,,,,,,,,,,,2022-02-07 08:57:45,2022-02-07 08:57:45
000063.XSHE,2022-01-30,2021,q4,1302,中金公司,中金公司2022-01-30发布的报告研报摘要中含有超预期信息,2022-01-30,中兴通讯：收入料符合预期 看好5G和多元业务向好发展,"彭虎,陈昊,李诗雯",6972000000.0000,,,,,,,,,,,,,,,,,,,,,,,,,,,2022-02-07 08:57:45,2022-02-07 08:57:45
000063.XSHE,2022-02-06,2021,q4,1102,天风证券,"天风证券2022-02-06发布的报告上调了该股盈利预测,分析师：唐海清,姜佳汛",2022-02-06,中兴通讯：收入成长加毛利率提升 ICT/汽车电子等打开更大成长空间,"唐海清,姜佳汛",7041920000.0000,2021-10-27,中兴通讯：三季度同比加速增长 成长逻辑不断验证,7007760000.0000,,,,,,,,,,,,,,,,,,,,,,,0.0049,2022-02-07 08:57:45,2022-02-07 08:57:45
000063.XSHE,2022-02-06,2021,q4,1302,天风证券,天风证券2022-02-06发布的报告研报摘要中含有超预期信息,2022-02-06,中兴通讯：收入成长加毛利率提升 ICT/汽车电子等打开更大成长空间,"唐海清,姜佳汛",7041920000.0000,,,,,,,,,,,,,,,,,,,,,,,,,,,2022-02-07 08:57:45,2022-02-07 08:57:45
000063.XSHE,2022-03-09,2022,q4,1101,招商证券,"招商证券2022-03-09发布的报告上调了该股盈利预测,分析师：余俊,李哲瀚",2022-03-09,中兴通讯：业绩符合预期 新增长曲线愈发清晰 公司回购展现管理层长期信心,"余俊,李哲瀚",8883000000.0000,2022-02-06,中兴通讯：业绩符合预期 短中长期增长曲线愈发清晰,8874000000.0000,,,,,,,,,,,,,,,,,,,,,,,0.0010,2022-03-09 14:21:15,2022-03-09 14:21:15
000063.XSHE,2022-03-09,2022,q4,1102,国盛证券,"国盛证券2022-03-09发布的报告上调了该股盈利预测,分析师：宋嘉吉,黄瀚,赵丕业",2022-03-09,中兴通讯：年报基本符合预期 主设备龙头稳健向上,"宋嘉吉,黄瀚,赵丕业",8791000000.0000,2021-10-15,中兴通讯：三季报预告超预期 ICT龙头业绩持续兑现,8345000000.0000,,,,,,,,,,,,,,,,,,,,,,,0.0534,2022-03-09 14:21:15,2022-03-09 14:21:15
000063.XSHE,2022-03-09,2022,q4,1302,浙商证券,浙商证券2022-03-09发布的报告研报摘要中含有超预期信息,2022-03-09,中兴通讯：积极发力第二曲线 回购股票体现信心,"张建民,汪洁",8039000000.0000,,,,,,,,,,,,,,,,,,,,,,,,,,,2022-03-10 13:10:45,2022-03-10 13:10:45
000063.XSHE,2022-03-09,2022,q4,1302,天风证券,天风证券2022-03-09发布的报告研报摘要中含有超预期信息,2022-03-09,中兴通讯：收入增长加规模效应体现 ICT/汽车电子等打开更大成长空间,"唐海清,姜佳汛",9003390000.0000,,,,,,,,,,,,,,,,,,,,,,,,,,,2022-03-10 06:52:41,2022-03-10 06:52:41
000063.XSHE,2022-03-10,2022,q4,1101,中金公司,"中金公司2022-03-10发布的报告上调了该股盈利预测,分析师：彭虎,陈昊,李诗雯",2022-03-10,中兴通讯：业绩符合预告 继续关注5G及国内政企业务,"彭虎,陈昊,李诗雯",8362000000.0000,2022-01-30,中兴通讯：收入料符合预期 看好5G和多元业务向好发展,8353000000.0000,,,,,,,,,,,,,,,,,,,,,,,0.0011,2022-03-10 15:51:00,2022-03-10 15:51:00
000063.XSHE,2022-03-11,2022,q4,1302,长江证券,长江证券2022-03-11发布的报告研报摘要中含有超预期信息,2022-03-11,中兴通讯：三大业务线齐头并进 规划回购彰显信心,于海宁,8845000000.0000,,,,,,,,,,,,,,,,,,,,,,,,,,,2022-03-14 06:45:00,2022-03-14 06:45:00
000063.XSHE,2022-03-13,2022,q4,1101,东方证券,"东方证券2022-03-13发布的报告上调了该股盈利预测,分析师：张颖",2022-03-13,中兴通讯：5G建设及数字经济带动业务增长 毛利率改善,张颖,8596000000.0000,2022-02-09,中兴通讯：业绩立足高质量增长 毛利率同比恢复改善,8518000000.0000,,,,,,,,,,,,,,,,,,,,,,,0.0092,2022-03-14 14:29:41,2022-03-14 14:29:41
000063.XSHE,2022-03-23,2022,q4,1101,群益证券,"群益证券2022-03-23发布的报告上调了该股盈利预测,分析师：何利超",2022-03-23,中兴通讯：在美纠纷裁决落地 外部担忧暂告段落,何利超,8354000000.0000,2021-10-15,中兴通讯：毛利率持续改善盈利能力显著提升 三季度业绩大增,8334000000.0000,,,,,,,,,,,,,,,,,,,,,,,0.0024,2022-03-25 07:23:34,2022-03-25 07:23:34
000063.XSHE,2022-03-23,2022,q4,1302,银河证券,银河证券2022-03-23发布的报告研报摘要中含有超预期信息,2022-03-23,中兴通讯：主设备龙头复苏在即 提振信心助力通信反弹,赵良毕,8642000000.0000,,,,,,,,,,,,,,,,,,,,,,,,,,,2022-03-25 07:23:34,2022-03-25 07:23:34
000063.XSHE,2022-03-23,2022,q4,1302,浙商证券,浙商证券2022-03-23发布的报告研报摘要中含有超预期信息,2022-03-23,中兴通讯：合规观察期届满结束 稳健经营进入超越期,"张建民,汪洁",8039000000.0000,,,,,,,,,,,,,,,,,,,,,,,,,,,2022-03-24 12:34:50,2022-03-24 12:34:50
000063.XSHE,2022-03-24,2022,q4,1101,东吴证券,"东吴证券2022-03-24发布的报告上调了该股盈利预测,分析师：侯宾,姚久花",2022-03-24,中兴通讯：外部扰动因素释放 看好ICT龙头长期发展,"侯宾,姚久花",8192000000.0000,2022-03-09,中兴通讯：营收利润双创新高 加速业务拓展 蓄力更强增长动力,8182000000.0000,,,,,,,,,,,,,,,,,,,,,,,0.0012,2022-03-25 07:23:34,2022-03-25 07:23:34
000063.XSHE,2022-03-25,2022,q4,1302,东方证券,东方证券2022-03-25发布的报告研报摘要中含有超预期信息,2022-03-25,中兴通讯：五年合规观察期结束 中兴通讯开启崭新征程,张颖,7959000000.0000,,,,,,,,,,,,,,,,,,,,,,,,,,,2022-03-26 07:28:58,2022-03-26 07:28:58
000063.XSHE,2022-04-25,2022,q4,1301,华泰证券,华泰证券2022-04-25发布的报告研报标题中含有超预期信息,2022-04-25,中兴通讯：Q1业绩超预期 毛利率同比提升显著,余熠,8857000000.0000,,,,,,,,,,,,,,,,,,,,,,,,,,,2022-04-26 13:57:10,2022-04-26 13:57:10
000063.XSHE,2022-04-25,2022,q4,1301,华西证券,华西证券2022-04-25发布的报告研报标题中含有超预期信息,2022-04-25,中兴通讯：业绩略超预期 发力第二成长曲线业务布局,"宋辉,柳珏廷",7840000000.0000,,,,,,,,,,,,,,,,,,,,,,,,,,,2022-04-27 07:42:51,2022-04-27 07:42:51
000063.XSHE,2022-04-25,2022,q4,1301,申港证券,申港证券2022-04-25发布的报告研报标题中含有超预期信息,2022-04-25,中兴通讯：Q1业绩超出预期 扣非净利润大幅增长,"曹旭特,张建宇",8141860000.0000,,,,,,,,,,,,,,,,,,,,,,,,,,,2022-04-27 07:42:51,2022-04-27 07:42:51
000063.XSHE,2022-04-25,2022,q4,1302,华泰证券,华泰证券2022-04-25发布的报告研报摘要中含有超预期信息,2022-04-25,中兴通讯：Q1业绩超预期 毛利率同比提升显著,余熠,8857000000.0000,,,,,,,,,,,,,,,,,,,,,,,,,,,2022-04-26 13:57:10,2022-04-26 13:57:10
000063.XSHE,2022-04-25,2022,q4,1302,国金证券,国金证券2022-04-25发布的报告研报摘要中含有超预期信息,2022-04-25,中兴通讯：开局稳健 盈利上升趋势进一步确认,罗露,9097000000.0000,,,,,,,,,,,,,,,,,,,,,,,,,,,2022-04-27 07:42:51,2022-04-27 07:42:51
000063.XSHE,2022-04-26,2022,q4,1101,中信证券,"中信证券2022-04-26发布的报告上调了该股盈利预测,分析师：黄亚元",2022-04-26,中兴通讯：Q1利润超预期 毛利率持续改善,黄亚元,8020000000.0000,2022-03-10,中兴通讯：收入符合预期 资产减值拖累Q4业绩,7880000000.0000,,,,,,,,,,,,,,,,,,,,,,,0.0178,2022-04-27 07:42:51,2022-04-27 07:42:51
000063.XSHE,2022-04-26,2022,q4,1101,浙商证券,"浙商证券2022-04-26发布的报告上调了该股盈利预测,分析师：张建民,汪洁",2022-04-26,中兴通讯：业绩超预期 积极发力第二曲线,"张建民,汪洁",8300000000.0000,2022-03-23,中兴通讯：合规观察期届满结束 稳健经营进入超越期,8039000000.0000,,,,,,,,,,,,,,,,,,,,,,,0.0325,2022-04-28 13:52:05,2022-04-28 13:52:05
000063.XSHE,2022-04-26,2022,q4,1102,天风证券,"天风证券2022-04-26发布的报告上调了该股盈利预测,分析师：唐海清,姜佳汛",2022-04-26,中兴通讯：扣非利润大幅增长 收入稳步成长规模效应持续体现,"唐海清,姜佳汛",9006380000.0000,2022-03-09,中兴通讯：收入增长加规模效应体现 ICT/汽车电子等打开更大成长空间,9003390000.0000,,,,,,,,,,,,,,,,,,,,,,,0.0003,2022-04-27 12:03:18,2022-04-27 12:03:18
000063.XSHE,2022-04-26,2022,q4,1301,国泰君安,国泰君安2022-04-26发布的报告研报标题中含有超预期信息,2022-04-26,中兴通讯：盈利质量提升 业绩超预期,王彦龙,8693000000.0000,,,,,,,,,,,,,,,,,,,,,,,,,,,2022-04-26 11:38:07,2022-04-26 11:38:07
000063.XSHE,2022-04-26,2022,q4,1301,中金公司,中金公司2022-04-26发布的报告研报标题中含有超预期信息,2022-04-26,中兴通讯：运营商业务增长 驱动1Q22扣非净利润超预期,"彭虎,陈昊,李诗雯",8362000000.0000,,,,,,,,,,,,,,,,,,,,,,,,,,,2022-04-27 07:42:51,2022-04-27 07:42:51
000063.XSHE,2022-04-26,2022,q4,1301,民生证券,民生证券2022-04-26发布的报告研报标题中含有超预期信息,2022-04-26,中兴通讯：扣非净利大超预期 盈利能力显著改善,"马天诣,于一铭",8469000000.0000,,,,,,,,,,,,,,,,,,,,,,,,,,,2022-04-26 15:51:35,2022-04-26 15:51:35
000063.XSHE,2022-04-26,2022,q4,1301,中信证券,中信证券2022-04-26发布的报告研报标题中含有超预期信息,2022-04-26,中兴通讯：Q1利润超预期 毛利率持续改善,黄亚元,8020000000.0000,,,,,,,,,,,,,,,,,,,,,,,,,,,2022-04-27 07:42:51,2022-04-27 07:42:51
000063.XSHE,2022-04-26,2022,q4,1301,兴业证券,兴业证券2022-04-26发布的报告研报标题中含有超预期信息,2022-04-26,中兴通讯：Q1扣非利润超预期 第二曲线快速增长,"王楠,章林,代小笛 等",8312000000.0000,,,,,,,,,,,,,,,,,,,,,,,,,,,2022-04-27 12:03:18,2022-04-27 12:03:18
000063.XSHE,2022-04-26,2022,q4,1301,浙商证券,浙商证券2022-04-26发布的报告研报标题中含有超预期信息,2022-04-26,中兴通讯：业绩超预期 积极发力第二曲线,"张建民,汪洁",8300000000.0000,,,,,,,,,,,,,,,,,,,,,,,,,,,2022-04-28 13:52:05,2022-04-28 13:52:05
000063.XSHE,2022-04-26,2022,q4,1302,国泰君安,国泰君安2022-04-26发布的报告研报摘要中含有超预期信息,2022-04-26,中兴通讯：盈利质量提升 业绩超预期,王彦龙,8693000000.0000,,,,,,,,,,,,,,,,,,,,,,,,,,,2022-04-26 11:38:07,2022-04-26 11:38:07
000063.XSHE,2022-04-26,2022,q4,1302,中金公司,中金公司2022-04-26发布的报告研报摘要中含有超预期信息,2022-04-26,中兴通讯：运营商业务增长 驱动1Q22扣非净利润超预期,"彭虎,陈昊,李诗雯",8362000000.0000,,,,,,,,,,,,,,,,,,,,,,,,,,,2022-04-27 07:42:51,2022-04-27 07:42:51
000063.XSHE,2022-04-26,2022,q4,1302,民生证券,民生证券2022-04-26发布的报告研报摘要中含有超预期信息,2022-04-26,中兴通讯：扣非净利大超预期 盈利能力显著改善,"马天诣,于一铭",8469000000.0000,,,,,,,,,,,,,,,,,,,,,,,,,,,2022-04-26 15:51:35,2022-04-26 15:51:35
000063.XSHE,2022-04-26,2022,q4,1302,中信证券,中信证券2022-04-26发布的报告研报摘要中含有超预期信息,2022-04-26,中兴通讯：Q1利润超预期 毛利率持续改善,黄亚元,8020000000.0000,,,,,,,,,,,,,,,,,,,,,,,,,,,2022-04-27 07:42:51,2022-04-27 07:42:51
000063.XSHE,2022-04-26,2022,q4,1302,浙商证券,浙商证券2022-04-26发布的报告研报摘要中含有超预期信息,2022-04-26,中兴通讯：业绩超预期 积极发力第二曲线,"张建民,汪洁",8300000000.0000,,,,,,,,,,,,,,,,,,,,,,,,,,,2022-04-28 13:52:05,2022-04-28 13:52:05
000063.XSHE,2022-04-26,2022,q4,1302,天风证券,天风证券2022-04-26发布的报告研报摘要中含有超预期信息,2022-04-26,中兴通讯：扣非利润大幅增长 收入稳步成长规模效应持续体现,"唐海清,姜佳汛",9006380000.0000,,,,,,,,,,,,,,,,,,,,,,,,,,,2022-04-27 12:03:18,2022-04-27 12:03:18
000063.XSHE,2022-04-27,2022,q4,1301,中泰证券,中泰证券2022-04-27发布的报告研报标题中含有超预期信息,2022-04-27,中兴通讯：Q1业绩略超预期 发力第二成长曲线业务,"陈宁玉,王逢节,佘雨晴",8719000000.0000,,,,,,,,,,,,,,,,,,,,,,,,,,,2022-04-29 09:20:03,2022-04-29 09:20:03
000063.XSHE,2022-05-19,2022,q4,1302,中信证券,中信证券2022-05-19发布的报告研报摘要中含有超预期信息,2022-05-19,ICT设备行业深度报告：数字经济底座 盈利能力向好,黄亚元,8020000000.0000,,,,,,,,,,,,,,,,,,,,,,,,,,,2022-05-20 06:28:38,2022-05-20 06:28:38
000063.XSHE,2022-05-30,2022,q4,1101,群益证券,"群益证券2022-05-30发布的报告上调了该股盈利预测,分析师：何利超",2022-05-30,中兴通讯：移动10G PON中标份额第一 运营商业务稳步前进,何利超,8778000000.0000,2022-03-23,中兴通讯：在美纠纷裁决落地 外部担忧暂告段落,8354000000.0000,,,,,,,,,,,,,,,,,,,,,,,0.0508,2022-06-01 06:34:13,2022-06-01 06:34:13
000063.XSHE,2022-06-01,2022,q4,1302,中信证券,中信证券2022-06-01发布的报告研报摘要中含有超预期信息,2022-06-01,通信行业深度报告：ICT设备 数字经济底座 盈利能力向好,黄亚元,8020000000.0000,,,,,,,,,,,,,,,,,,,,,,,,,,,2022-06-30 11:58:29,2022-06-30 11:58:29
000063.XSHE,2022-06-15,2022,q4,1102,天风证券,"天风证券2022-06-15发布的报告上调了该股盈利预测,分析师：唐海清,姜佳汛",2022-06-15,中兴通讯：运营商全球份额继续提升 汽车电子等第二曲线前景广阔,"唐海清,姜佳汛",9006400000.0000,2022-05-10,中兴通讯：数字经济筑路者 ICT龙头助力全球数字经济发展,9006380000.0000,,,,,,,,,,,,,,,,,,,,,,,0.0000,2022-06-16 06:50:19,2022-06-16 06:50:19
000063.XSHE,2022-06-15,2022,q4,1302,天风证券,天风证券2022-06-15发布的报告研报摘要中含有超预期信息,2022-06-15,中兴通讯：运营商全球份额继续提升 汽车电子等第二曲线前景广阔,"唐海清,姜佳汛",9006400000.0000,,,,,,,,,,,,,,,,,,,,,,,,,,,2022-06-16 06:50:19,2022-06-16 06:50:19
000063.XSHE,2022-08-26,2022,q4,1101,国金证券,"国金证券2022-08-26发布的报告上调了该股盈利预测,分析师：罗露",2022-08-26,中兴通讯：经营稳健向好 新业务发力,罗露,9275000000.0000,2022-04-25,中兴通讯：开局稳健 盈利上升趋势进一步确认,9097000000.0000,,,,,,,,,,,,,,,,,,,,,,,0.0196,2022-08-29 08:43:56,2022-08-29 08:43:56
000063.XSHE,2022-08-26,2022,q4,1302,国金证券,国金证券2022-08-26发布的报告研报摘要中含有超预期信息,2022-08-26,中兴通讯：经营稳健向好 新业务发力,罗露,9275000000.0000,,,,,,,,,,,,,,,,,,,,,,,,,,,2022-08-29 08:43:56,2022-08-29 08:43:56
000063.XSHE,2022-08-28,2022,q4,1101,中金公司,"中金公司2022-08-28发布的报告上调了该股盈利预测,分析师：彭虎,陈昊,李诗雯",2022-08-28,中兴通讯：运营商业务经营质量向好 第二曲线进展积极,"彭虎,陈昊,李诗雯",8383000000.0000,2022-04-26,中兴通讯：运营商业务增长 驱动1Q22扣非净利润超预期,8362000000.0000,,,,,,,,,,,,,,,,,,,,,,,0.0025,2022-08-30 09:43:42,2022-08-30 09:43:42
000063.XSHE,2022-08-28,2022,q4,1302,浙商证券,浙商证券2022-08-28发布的报告研报摘要中含有超预期信息,2022-08-28,中兴通讯：半年报符合预期 加速拓展第二曲线,"张建民,汪洁,杨雷",8300000000.0000,,,,,,,,,,,,,,,,,,,,,,,,,,,2022-08-30 15:21:57,2022-08-30 15:21:57
000063.XSHE,2022-08-29,2022,q4,1101,中信证券,"中信证券2022-08-29发布的报告上调了该股盈利预测,分析师：黄亚元",2022-08-29,中兴通讯：Q2业绩超预期 盈利质量持续改善,黄亚元,8141000000.0000,2022-06-01,通信行业深度报告：ICT设备 数字经济底座 盈利能力向好,8020000000.0000,,,,,,,,,,,,,,,,,,,,,,,0.0151,2022-08-30 12:55:26,2022-08-30 12:55:26
000063.XSHE,2022-08-29,2022,q4,1101,光大证券,"光大证券2022-08-29发布的报告上调了该股盈利预测,分析师：石崎良,刘凯,蔡微未",2022-08-29,中兴通讯：三大主业稳健增长 盈利能力持续提升,"石崎良,刘凯,蔡微未",8037000000.0000,2022-04-27,中兴通讯：2022Q1扣非净利润大幅增长 积极发力第二增长曲线,7725000000.0000,,,,,,,,,,,,,,,,,,,,,,,0.0404,2022-08-31 08:23:53,2022-08-31 08:23:53
000063.XSHE,2022-08-29,2022,q4,1101,东方证券,"东方证券2022-08-29发布的报告上调了该股盈利预测,分析师：张颖",2022-08-29,中兴通讯：基本业务稳步增长 快速拓展第二曲线,张颖,8371000000.0000,2022-03-25,中兴通讯：五年合规观察期结束 中兴通讯开启崭新征程,7959000000.0000,,,,,,,,,,,,,,,,,,,,,,,0.0518,2022-09-01 07:14:24,2022-09-01 07:14:24
000063.XSHE,2022-08-29,2022,q4,1301,中信证券,中信证券2022-08-29发布的报告研报标题中含有超预期信息,2022-08-29,中兴通讯：Q2业绩超预期 盈利质量持续改善,黄亚元,8141000000.0000,,,,,,,,,,,,,,,,,,,,,,,,,,,2022-08-30 12:55:26,2022-08-30 12:55:26
000063.XSHE,2022-08-29,2022,q4,1302,中信证券,中信证券2022-08-29发布的报告研报摘要中含有超预期信息,2022-08-29,中兴通讯：Q2业绩超预期 盈利质量持续改善,黄亚元,8141000000.0000,,,,,,,,,,,,,,,,,,,,,,,,,,,2022-08-30 12:55:26,2022-08-30 12:55:26
000063.XSHE,2022-09-02,2022,q4,1102,长江证券,"长江证券2022-09-02发布的报告上调了该股盈利预测,分析师：于海宁,黄天佑",2022-09-02,中兴通讯：第一曲线稳中求进 第二曲线加速拓展,"于海宁,黄天佑",8348000000.0000,2022-04-27,中兴通讯：经营质量持续向好 双曲线推动增长,8342000000.0000,,,,,,,,,,,,,,,,,,,,,,,0.0007,2022-09-04 12:16:42,2022-09-04 12:16:42
000063.XSHE,2022-10-26,2022,q4,1302,国金证券,国金证券2022-10-26发布的报告研报摘要中含有超预期信息,2022-10-26,中兴通讯：经营稳健向好 第二曲线加速发力,罗露,9275000000.0000,,,,,,,,,,,,,,,,,,,,,,,,,,,2022-10-28 09:34:20,2022-10-28 09:34:20
000063.XSHE,2022-10-27,2022,q4,1302,浙商证券,浙商证券2022-10-27发布的报告研报摘要中含有超预期信息,2022-10-27,中兴通讯：固本拓新 第二曲线同比增长近40%,"张建民,汪洁,杨雷",8300000000.0000,,,,,,,,,,,,,,,,,,,,,,,,,,,2022-10-28 09:34:20,2022-10-28 09:34:20
000063.XSHE,2022-10-29,2022,q4,1102,天风证券,"天风证券2022-10-29发布的报告上调了该股盈利预测,分析师：唐海清,王奕红",2022-10-29,中兴通讯：扣非净利增长55% 盈利能力将持续提升,"唐海清,王奕红",9011050000.0000,2022-06-15,中兴通讯：运营商全球份额继续提升 汽车电子等第二曲线前景广阔,9006400000.0000,,,,,,,,,,,,,,,,,,,,,,,0.0005,2022-10-30 12:14:42,2022-10-30 12:14:42
000063.XSHE,2022-10-29,2022,q4,1302,天风证券,天风证券2022-10-29发布的报告研报摘要中含有超预期信息,2022-10-29,中兴通讯：扣非净利增长55% 盈利能力将持续提升,"唐海清,王奕红",9011050000.0000,,,,,,,,,,,,,,,,,,,,,,,,,,,2022-10-30 12:14:42,2022-10-30 12:14:42
000063.XSHE,2022-10-31,2022,q4,1102,长江证券,"长江证券2022-10-31发布的报告上调了该股盈利预测,分析师：于海宁,黄天佑",2022-10-31,中兴通讯：第二曲线保持快速增长 软硬件自主可控可期,"于海宁,黄天佑",8412000000.0000,2022-09-02,中兴通讯：第一曲线稳中求进 第二曲线加速拓展,8348000000.0000,,,,,,,,,,,,,,,,,,,,,,,0.0077,2022-11-02 07:49:35,2022-11-02 07:49:35
000063.XSHE,2022-11-07,2022,q4,1302,国联证券,国联证券2022-11-07发布的报告研报摘要中含有超预期信息,2022-11-07,中兴通讯：深耕数字经济基础设施 ICT龙头稳健增长,孙树明,7887000000.0000,,,,,,,,,,,,,,,,,,,,,,,,,,,2022-11-09 07:16:52,2022-11-09 07:16:52
000063.XSHE,2023-02-20,2022,q4,1302,中信建投,中信建投2023-02-20发布的报告研报摘要中含有超预期信息,2023-02-20,中兴通讯：经营持续向好 芯片、数据库、操作系统等实力强劲,"阎贵成,武超则,杨伟松",8517000000.0000,,,,,,,,,,,,,,,,,,,,,,,,,,,2023-02-21 07:12:59,2023-02-21 07:12:59
000063.XSHE,2023-02-21,2022,q4,1302,浙商证券,浙商证券2023-02-21发布的报告研报摘要中含有超预期信息,2023-02-21,中兴通讯：CAPEX好于预期加AIGC拉动算力 成长性有望更乐观,"张建民,汪洁",8300000000.0000,,,,,,,,,,,,,,,,,,,,,,,,,,,2023-02-22 14:50:21,2023-02-22 14:50:21
000063.XSHE,2023-03-07,2022,q4,1101,国信证券,"国信证券2023-03-07发布的报告上调了该股盈利预测,分析师：马成龙,付晓钦",2023-03-07,中兴通讯：受益数字经济发展 通信设备龙头加速第二曲线拓新,"马成龙,付晓钦",8578000000.0000,2022-10-28,中兴通讯：前三季度收入利润双位数增长,8573000000.0000,,,,,,,,,,,,,,,,,,,,,,,0.0006,2023-03-08 14:01:09,2023-03-08 14:01:09
000063.XSHE,2023-03-11,2023,q4,1101,国联证券,"国联证券2023-03-11发布的报告上调了该股盈利预测,分析师：孙树明",2023-03-11,中兴通讯：各项业务稳健经营 公司业绩符合预期,孙树明,9916000000.0000,2022-11-07,中兴通讯：深耕数字经济基础设施 ICT龙头稳健增长,9397000000.0000,,,,,,,,,,,,,,,,,,,,,,,0.0552,2023-03-13 07:20:01,2023-03-13 07:20:01
000063.XSHE,2023-03-11,2023,q4,1101,华西证券,"华西证券2023-03-11发布的报告上调了该股盈利预测,分析师：宋辉,柳珏廷",2023-03-11,中兴通讯：固本拓新 第二曲线创新业务高速成长,"宋辉,柳珏廷",9332000000.0000,2022-10-26,中兴通讯：业绩稳健 第二曲线业务维持高增态势-20221027,8629000000.0000,,,,,,,,,,,,,,,,,,,,,,,0.0815,2023-03-13 07:20:01,2023-03-13 07:20:01
000063.XSHE,2023-03-11,2023,q4,1302,国联证券,国联证券2023-03-11发布的报告研报摘要中含有超预期信息,2023-03-11,中兴通讯：各项业务稳健经营 公司业绩符合预期,孙树明,9916000000.0000,,,,,,,,,,,,,,,,,,,,,,,,,,,2023-03-13 07:20:01,2023-03-13 07:20:01
000063.XSHE,2023-03-12,2023,q4,1101,信达证券,"信达证券2023-03-12发布的报告上调了该股盈利预测,分析师：蒋颖",2023-03-12,中兴通讯：服务器等ICT业务快速发展 盈利能力持续提升,蒋颖,10190000000.0000,2023-03-08,中兴通讯：数字经济龙头全产业链布局 第二成长曲线打开新空间,10136000000.0000,,,,,,,,,,,,,,,,,,,,,,,0.0053,2023-03-13 12:35:05,2023-03-13 12:35:05
000063.XSHE,2023-03-12,2023,q4,1101,西部证券,"西部证券2023-03-12发布的报告上调了该股盈利预测,分析师：陈彤",2023-03-12,中兴通讯：盈利能力和市场竞争力提升 产业数字化赋能加速,陈彤,9698130000.0000,2022-12-28,中兴通讯：5G创新实践进入新阶段 第二曲线加速增长,9464000000.0000,,,,,,,,,,,,,,,,,,,,,,,0.0247,2023-03-14 07:07:19,2023-03-14 07:07:19
000063.XSHE,2023-03-12,2023,q4,1301,招商证券,招商证券2023-03-12发布的报告研报标题中含有超预期信息,2023-03-12,中兴通讯：核心业绩高增超预期 服务器、数据库等创新业务高速发展,"梁程加,李哲瀚",9672000000.0000,,,,,,,,,,,,,,,,,,,,,,,,,,,2023-03-13 12:35:05,2023-03-13 12:35:05
000063.XSHE,2023-03-12,2023,q4,1302,招商证券,招商证券2023-03-12发布的报告研报摘要中含有超预期信息,2023-03-12,中兴通讯：核心业绩高增超预期 服务器、数据库等创新业务高速发展,"梁程加,李哲瀚",9672000000.0000,,,,,,,,,,,,,,,,,,,,,,,,,,,2023-03-13 12:35:05,2023-03-13 12:35:05
000063.XSHE,2023-03-12,2023,q4,1302,中信建投,中信建投2023-03-12发布的报告研报摘要中含有超预期信息,2023-03-12,中兴通讯：新业务突破 公允价值变动及投资收益减少下业绩仍较快增长,"阎贵成,武超则,杨伟松",9987000000.0000,,,,,,,,,,,,,,,,,,,,,,,,,,,2023-03-14 07:07:19,2023-03-14 07:07:19
000063.XSHE,2023-03-12,2023,q4,1302,浙商证券,浙商证券2023-03-12发布的报告研报摘要中含有超预期信息,2023-03-12,中兴通讯：战略超越期稳健开局 服务器等快速增长,"张建民,汪洁",9739000000.0000,,,,,,,,,,,,,,,,,,,,,,,,,,,2023-03-13 10:17:39,2023-03-13 10:17:39
000063.XSHE,2023-03-13,2023,q4,1101,长城证券,"长城证券2023-03-13发布的报告上调了该股盈利预测,分析师：侯宾",2023-03-13,中兴通讯：数字经济筑路者 第二成长曲线稳步成长,侯宾,9660000000.0000,2022-10-26,中兴通讯：ICT行业领军 第二曲线业务加速成长,9612780000.0000,,,,,,,,,,,,,,,,,,,,,,,0.0049,2023-03-15 09:01:16,2023-03-15 09:01:16
000063.XSHE,2023-03-13,2023,q4,1101,中金公司,"中金公司2023-03-13发布的报告上调了该股盈利预测,分析师：彭虎,陈昊,李诗雯",2023-03-13,中兴通讯：毛利率增长亮眼 服务器等第二曲线业务攀升,"彭虎,陈昊,李诗雯",10158000000.0000,2022-10-27,中兴通讯：3Q22业绩符合预期 看好第二曲线长期增长,10149000000.0000,,,,,,,,,,,,,,,,,,,,,,,0.0009,2023-03-14 07:07:19,2023-03-14 07:07:19
000063.XSHE,2023-03-13,2023,q4,1101,国信证券,"国信证券2023-03-13发布的报告上调了该股盈利预测,分析师：马成龙",2023-03-13,中兴通讯：经营质量稳步提升 22年归母净利同比增长18.6%,马成龙,9873000000.0000,2023-03-07,中兴通讯：受益数字经济发展 通信设备龙头加速第二曲线拓新,9855000000.0000,,,,,,,,,,,,,,,,,,,,,,,0.0018,2023-03-14 07:07:19,2023-03-14 07:07:19
000063.XSHE,2023-03-13,2023,q4,1101,海通证券,"海通证券2023-03-13发布的报告上调了该股盈利预测,分析师：余伟民,杨彤昕",2023-03-13,中兴通讯：业绩稳步向上 第二曲线营收继续发力,"余伟民,杨彤昕",9848000000.0000,2022-11-02,中兴通讯：业绩快速增长 第二曲线业务发力,9556000000.0000,,,,,,,,,,,,,,,,,,,,,,,0.0306,2023-03-14 07:07:19,2023-03-14 07:07:19
000063.XSHE,2023-03-13,2023,q4,1101,群益证券,"群益证券2023-03-13发布的报告上调了该股盈利预测,分析师：何利超",2023-03-13,中兴通讯：全年盈利能力表现出色 第二曲线有望继续保持高增速,何利超,9748000000.0000,2022-10-27,中兴通讯：三季度盈利能力持续增强 第二曲线带动营收再创新高,9724000000.0000,,,,,,,,,,,,,,,,,,,,,,,0.0025,2023-03-14 07:07:19,2023-03-14 07:07:19
000063.XSHE,2023-03-13,2023,q4,1101,安信证券,"安信证券2023-03-13发布的报告上调了该股盈利预测,分析师：张真桢",2023-03-13,中兴通讯：三大业务协同增长 第二曲线快速拉升,张真桢,10861500000.0000,2022-10-26,中兴通讯：营收净利润双增长 第二曲线业务快速拉升,10287300000.0000,,,,,,,,,,,,,,,,,,,,,,,0.0558,2023-03-14 07:07:19,2023-03-14 07:07:19
000063.XSHE,2023-03-14,2023,q4,1102,长江证券,"长江证券2023-03-14发布的报告上调了该股盈利预测,分析师：于海宁,黄天佑",2023-03-14,中兴通讯：扣非净利表现强劲 研发投入持续加大,"于海宁,黄天佑",9715000000.0000,2022-10-31,中兴通讯：第二曲线保持快速增长 软硬件自主可控可期,9541000000.0000,,,,,,,,,,,,,,,,,,,,,,,0.0182,2023-03-15 11:00:16,2023-03-15 11:00:16
000063.XSHE,2023-03-14,2023,q4,1302,天风证券,天风证券2023-03-14发布的报告研报摘要中含有超预期信息,2023-03-14,中兴通讯：扣非归母净利润同比高增 报表质量持续改善 ICT成长动力强劲,"唐海清,王奕红",10167390000.0000,,,,,,,,,,,,,,,,,,,,,,,,,,,2023-03-14 13:00:25,2023-03-14 13:00:25
000063.XSHE,2023-03-24,2023,q4,1101,东方证券,"东方证券2023-03-24发布的报告上调了该股盈利预测,分析师：张颖",2023-03-24,中兴通讯：扣非净利润高增 第二曲线持续快速增长,张颖,9831000000.0000,2022-10-28,中兴通讯：Q3业绩稳健增长 第二曲线快速发展,9771000000.0000,,,,,,,,,,,,,,,,,,,,,,,0.0061,2023-03-24 19:40:53,2023-03-24 19:40:53
000063.XSHE,2023-04-21,2023,q4,1101,中泰证券,"中泰证券2023-04-21发布的报告上调了该股盈利预测,分析师：陈宁玉,王逢节,佘雨晴",2023-04-21,中兴通讯：第二曲线业务高增 盈利能力大幅提升,"陈宁玉,王逢节,佘雨晴",9983000000.0000,2023-03-11,中兴通讯：业务稳健增长 第二曲线快速发展,9415000000.0000,,,,,,,,,,,,,,,,,,,,,,,0.0603,2023-04-25 13:02:46,2023-04-25 13:02:46
000063.XSHE,2023-04-21,2023,q4,1301,信达证券,信达证券2023-04-21发布的报告研报标题中含有超预期信息,2023-04-21,中兴通讯：业绩超预期盈利能力大幅提升 第二曲线创新业务营收同比增长40%+,蒋颖,10190000000.0000,,,,,,,,,,,,,,,,,,,,,,,,,,,2023-04-24 10:17:26,2023-04-24 10:17:26
000063.XSHE,2023-04-22,2023,q4,1102,兴业证券,"兴业证券2023-04-22发布的报告上调了该股盈利预测,分析师：王楠,章林,代小笛 等",2023-04-22,中兴通讯：业绩超预期 AI算力等创新业务跨越式增长,"王楠,章林,代小笛 等",10078000000.0000,2023-03-15,中兴通讯：业绩稳健增长 第二曲线快速拉升,9985000000.0000,,,,,,,,,,,,,,,,,,,,,,,0.0093,2023-04-24 10:17:26,2023-04-24 10:17:26
000063.XSHE,2023-04-22,2023,q4,1102,天风证券,"天风证券2023-04-22发布的报告上调了该股盈利预测,分析师：王奕红,唐海清",2023-04-22,中兴通讯：季度业绩超预期 ICT成长动力强劲,"王奕红,唐海清",10167400000.0000,2023-03-14,中兴通讯：扣非归母净利润同比高增 报表质量持续改善 ICT成长动力强劲,10167390000.0000,,,,,,,,,,,,,,,,,,,,,,,0.0000,2023-04-24 10:17:26,2023-04-24 10:17:26
000063.XSHE,2023-04-22,2023,q4,1301,中金公司,中金公司2023-04-22发布的报告研报标题中含有超预期信息,2023-04-22,中兴通讯：毛利率超预期 服务器等第二曲线业务快速成长,"彭虎,陈昊,李诗雯",10158000000.0000,,,,,,,,,,,,,,,,,,,,,,,,,,,2023-04-24 10:17:26,2023-04-24 10:17:26
000063.XSHE,2023-04-22,2023,q4,1301,兴业证券,兴业证券2023-04-22发布的报告研报标题中含有超预期信息,2023-04-22,中兴通讯：业绩超预期 AI算力等创新业务跨越式增长,"王楠,章林,代小笛 等",10078000000.0000,,,,,,,,,,,,,,,,,,,,,,,,,,,2023-04-24 10:17:26,2023-04-24 10:17:26
000063.XSHE,2023-04-22,2023,q4,1301,国联证券,国联证券2023-04-22发布的报告研报标题中含有超预期信息,2023-04-22,中兴通讯：第二曲线创新业务高速增长 公司业绩略超预期,孙树明,9916000000.0000,,,,,,,,,,,,,,,,,,,,,,,,,,,2023-04-24 10:17:26,2023-04-24 10:17:26
000063.XSHE,2023-04-22,2023,q4,1301,天风证券,天风证券2023-04-22发布的报告研报标题中含有超预期信息,2023-04-22,中兴通讯：季度业绩超预期 ICT成长动力强劲,"王奕红,唐海清",10167400000.0000,,,,,,,,,,,,,,,,,,,,,,,,,,,2023-04-24 10:17:26,2023-04-24 10:17:26
000063.XSHE,2023-04-22,2023,q4,1302,中金公司,中金公司2023-04-22发布的报告研报摘要中含有超预期信息,2023-04-22,中兴通讯：毛利率超预期 服务器等第二曲线业务快速成长,"彭虎,陈昊,李诗雯",10158000000.0000,,,,,,,,,,,,,,,,,,,,,,,,,,,2023-04-24 10:17:26,2023-04-24 10:17:26
000063.XSHE,2023-04-22,2023,q4,1302,国联证券,国联证券2023-04-22发布的报告研报摘要中含有超预期信息,2023-04-22,中兴通讯：第二曲线创新业务高速增长 公司业绩略超预期,孙树明,9916000000.0000,,,,,,,,,,,,,,,,,,,,,,,,,,,2023-04-24 10:17:26,2023-04-24 10:17:26
000063.XSHE,2023-04-22,2023,q4,1302,天风证券,天风证券2023-04-22发布的报告研报摘要中含有超预期信息,2023-04-22,中兴通讯：季度业绩超预期 ICT成长动力强劲,"王奕红,唐海清",10167400000.0000,,,,,,,,,,,,,,,,,,,,,,,,,,,2023-04-24 10:17:26,2023-04-24 10:17:26
000063.XSHE,2023-04-23,2023,q4,1101,招商证券,"招商证券2023-04-23发布的报告上调了该股盈利预测,分析师：梁程加,李哲瀚",2023-04-23,中兴通讯：核心利润再超预期 第二曲线创新业务表现亮眼,"梁程加,李哲瀚",10075000000.0000,2023-03-12,中兴通讯：核心业绩高增超预期 服务器、数据库等创新业务高速发展,9672000000.0000,,,,,,,,,,,,,,,,,,,,,,,0.0417,2023-04-25 07:34:35,2023-04-25 07:34:35
000063.XSHE,2023-04-23,2023,q4,1101,国元证券,"国元证券2023-04-23发布的报告上调了该股盈利预测,分析师：杨为敩",2023-04-23,中兴通讯：第一季度扣非归母净利润同比增长25.7%产品矩阵丰富 盈利能力显著增强,杨为敩,10192370000.0000,2022-10-27,中兴通讯：第三季度净利润增速显著 双曲线进一步夯实,10031260000.0000,,,,,,,,,,,,,,,,,,,,,,,0.0161,2023-04-24 13:13:59,2023-04-24 13:13:59
000063.XSHE,2023-04-23,2023,q4,1101,申港证券,"申港证券2023-04-23发布的报告上调了该股盈利预测,分析师：曹旭特,张建宇",2023-04-23,中兴通讯：Q1营收稳步增长 毛利率大幅提升,"曹旭特,张建宇",9394320000.0000,2023-03-13,中兴通讯：全年业务稳定增长 第二曲线增长迅速,9098000000.0000,,,,,,,,,,,,,,,,,,,,,,,0.0326,2023-04-26 07:54:16,2023-04-26 07:54:16
000063.XSHE,2023-04-23,2023,q4,1301,招商证券,招商证券2023-04-23发布的报告研报标题中含有超预期信息,2023-04-23,中兴通讯：核心利润再超预期 第二曲线创新业务表现亮眼,"梁程加,李哲瀚",10075000000.0000,,,,,,,,,,,,,,,,,,,,,,,,,,,2023-04-25 07:34:35,2023-04-25 07:34:35
000063.XSHE,2023-04-23,2023,q4,1302,招商证券,招商证券2023-04-23发布的报告研报摘要中含有超预期信息,2023-04-23,中兴通讯：核心利润再超预期 第二曲线创新业务表现亮眼,"梁程加,李哲瀚",10075000000.0000,,,,,,,,,,,,,,,,,,,,,,,,,,,2023-04-25 07:34:35,2023-04-25 07:34:35
000063.XSHE,2023-04-23,2023,q4,1302,国金证券,国金证券2023-04-23发布的报告研报摘要中含有超预期信息,2023-04-23,中兴通讯：毛利大幅提升 算网龙头价值显现,罗露,9963000000.0000,,,,,,,,,,,,,,,,,,,,,,,,,,,2023-04-24 10:17:26,2023-04-24 10:17:26
000063.XSHE,2023-04-24,2023,q4,1101,民生证券,"民生证券2023-04-24发布的报告上调了该股盈利预测,分析师：马天诣,于一铭",2023-04-24,中兴通讯：毛利率大幅改善 ICT驱动业绩超预期,"马天诣,于一铭",9986000000.0000,2023-03-13,中兴通讯：扣非净利高增 第二曲线引领成长,9661000000.0000,,,,,,,,,,,,,,,,,,,,,,,0.0336,2023-04-25 07:34:35,2023-04-25 07:34:35
000063.XSHE,2023-04-24,2023,q4,1101,国盛证券,"国盛证券2023-04-24发布的报告上调了该股盈利预测,分析师：宋嘉吉,黄瀚,赵丕业",2023-04-24,中兴通讯：一季报业绩大超预期 5G算力龙头持续发力,"宋嘉吉,黄瀚,赵丕业",10045000000.0000,2023-02-22,中兴通讯：被低估的5G算力龙头,9803000000.0000,,,,,,,,,,,,,,,,,,,,,,,0.0247,2023-04-25 07:34:35,2023-04-25 07:34:35
000063.XSHE,2023-04-24,2023,q4,1102,国盛证券,"国盛证券2023-04-24发布的报告上调了该股盈利预测,分析师：宋嘉吉,黄瀚,赵丕业",2023-04-24,中兴通讯：一季报业绩大超预期 5G算力龙头持续发力,"宋嘉吉,黄瀚,赵丕业",10045000000.0000,2023-02-22,中兴通讯：被低估的5G算力龙头,9803000000.0000,,,,,,,,,,,,,,,,,,,,,,,0.0247,2023-04-25 13:02:46,2023-04-25 13:02:46
000063.XSHE,2023-04-24,2023,q4,1301,长城证券,长城证券2023-04-24发布的报告研报标题中含有超预期信息,2023-04-24,中兴通讯：一季报业绩超预期 第二成长曲线高速增长,侯宾,9660000000.0000,,,,,,,,,,,,,,,,,,,,,,,,,,,2023-04-25 07:34:35,2023-04-25 07:34:35
000063.XSHE,2023-04-24,2023,q4,1301,民生证券,民生证券2023-04-24发布的报告研报标题中含有超预期信息,2023-04-24,中兴通讯：毛利率大幅改善 ICT驱动业绩超预期,"马天诣,于一铭",9986000000.0000,,,,,,,,,,,,,,,,,,,,,,,,,,,2023-04-25 07:34:35,2023-04-25 07:34:35
000063.XSHE,2023-04-24,2023,q4,1301,国盛证券,国盛证券2023-04-24发布的报告研报标题中含有超预期信息,2023-04-24,中兴通讯：一季报业绩大超预期 5G算力龙头持续发力,"宋嘉吉,黄瀚,赵丕业",10045000000.0000,,,,,,,,,,,,,,,,,,,,,,,,,,,2023-04-25 07:34:35,2023-04-25 07:34:35
000063.XSHE,2023-04-24,2023,q4,1301,群益证券,群益证券2023-04-24发布的报告研报标题中含有超预期信息,2023-04-24,中兴通讯：盈利能力大超预期 第二曲线持续保持高增速,何利超,9748000000.0000,,,,,,,,,,,,,,,,,,,,,,,,,,,2023-04-26 07:54:16,2023-04-26 07:54:16
000063.XSHE,2023-04-24,2023,q4,1302,民生证券,民生证券2023-04-24发布的报告研报摘要中含有超预期信息,2023-04-24,中兴通讯：毛利率大幅改善 ICT驱动业绩超预期,"马天诣,于一铭",9986000000.0000,,,,,,,,,,,,,,,,,,,,,,,,,,,2023-04-25 13:02:46,2023-04-25 13:02:46
000063.XSHE,2023-04-24,2023,q4,1302,国盛证券,国盛证券2023-04-24发布的报告研报摘要中含有超预期信息,2023-04-24,中兴通讯：一季报业绩大超预期 5G算力龙头持续发力,"宋嘉吉,黄瀚,赵丕业",10045000000.0000,,,,,,,,,,,,,,,,,,,,,,,,,,,2023-04-25 13:02:46,2023-04-25 13:02:46
000063.XSHE,2023-04-24,2023,q4,1302,群益证券,群益证券2023-04-24发布的报告研报摘要中含有超预期信息,2023-04-24,中兴通讯：盈利能力大超预期 第二曲线持续保持高增速,何利超,9748000000.0000,,,,,,,,,,,,,,,,,,,,,,,,,,,2023-04-26 07:54:16,2023-04-26 07:54:16
000063.XSHE,2023-04-24,2023,q4,1302,浙商证券,浙商证券2023-04-24发布的报告研报摘要中含有超预期信息,2023-04-24,中兴通讯：第二曲线增超40% 大力投入AI算力,张建民,9739000000.0000,,,,,,,,,,,,,,,,,,,,,,,,,,,2023-04-25 13:02:46,2023-04-25 13:02:46
000063.XSHE,2023-04-25,2023,q4,1102,长江证券,"长江证券2023-04-25发布的报告上调了该股盈利预测,分析师：于海宁,黄天佑",2023-04-25,中兴通讯：23Q1毛利率改善明显 算力成为新增长点,"于海宁,黄天佑",9746000000.0000,2023-03-14,中兴通讯：扣非净利表现强劲 研发投入持续加大,9715000000.0000,,,,,,,,,,,,,,,,,,,,,,,0.0032,2023-04-26 15:20:25,2023-04-26 15:20:25
000063.XSHE,2023-05-04,2023,q4,1302,中信建投,中信建投2023-05-04发布的报告研报摘要中含有超预期信息,2023-05-04,中兴通讯：毛利率显著提升 AI服务器持续发力,"阎贵成,武超则,杨伟松",9987000000.0000,,,,,,,,,,,,,,,,,,,,,,,,,,,2023-05-08 06:31:55,2023-05-08 06:31:55
000063.XSHE,2023-06-19,2023,q4,1101,招商证券,"招商证券2023-06-19发布的报告上调了该股盈利预测,分析师：梁程加,李哲瀚",2023-06-19,中兴通讯系列报告3与数字经济“算力网络”系列10：中兴闪耀400G与算力网络时代,"梁程加,李哲瀚",10390000000.0000,2023-04-23,中兴通讯：核心利润再超预期 第二曲线创新业务表现亮眼,10075000000.0000,,,,,,,,,,,,,,,,,,,,,,,0.0313,2023-06-20 06:22:44,2023-06-20 06:22:44
000063.XSHE,2023-06-19,2023,q4,1101,中信证券,"中信证券2023-06-19发布的报告上调了该股盈利预测,分析师：黄亚元",2023-06-19,中兴通讯跟踪点评：400G骨干网建设加速 看好中兴ICT份额全面提升,黄亚元,10162000000.0000,2023-04-09,中兴通讯：从网络龙头走向算力领军 芯片自研加AI布局推动价值重估,10026000000.0000,,,,,,,,,,,,,,,,,,,,,,,0.0136,2023-06-20 06:22:44,2023-06-20 06:22:44
000063.XSHE,2023-06-19,2023,q4,1101,光大证券,"光大证券2023-06-19发布的报告上调了该股盈利预测,分析师：刘凯,朱宇澍",2023-06-19,中兴通讯跟踪报告之一：CT+IT并进 中国算力奠基者,"刘凯,朱宇澍",10134000000.0000,2023-03-16,中兴通讯：数字经济的筑路者 创新业务持续发力,8770000000.0000,,,,,,,,,,,,,,,,,,,,,,,0.1555,2023-06-20 10:57:41,2023-06-20 10:57:41
000063.XSHE,2023-07-04,2023,q4,1101,民生证券,"民生证券2023-07-04发布的报告上调了该股盈利预测,分析师：马天诣",2023-07-04,中兴通讯深度报告：ICT龙头转型算力中军 第二曲线打开成长空间,马天诣,10183000000.0000,2023-04-24,中兴通讯：毛利率大幅改善 ICT驱动业绩超预期,9986000000.0000,,,,,,,,,,,,,,,,,,,,,,,0.0197,2023-07-05 06:26:36,2023-07-05 06:26:36
000063.XSHE,2023-07-23,2023,q4,1101,招商证券,"招商证券2023-07-23发布的报告上调了该股盈利预测,分析师：梁程加,李哲瀚",2023-07-23,中兴通讯系列报告4：数据库业务成为公司算力解决方案关键构件,"梁程加,李哲瀚",10466000000.0000,2023-06-19,中兴通讯系列报告3与数字经济“算力网络”系列10：中兴闪耀400G与算力网络时代,10390000000.0000,,,,,,,,,,,,,,,,,,,,,,,0.0073,2023-07-24 13:46:15,2023-07-24 13:46:15
000063.XSHE,2023-08-18,2023,q4,1101,招商证券,"招商证券2023-08-18发布的报告上调了该股盈利预测,分析师：梁程加,李哲瀚",2023-08-18,中兴通讯：中报业绩强劲 毛利率与现金流亮眼,"梁程加,李哲瀚",10557000000.0000,2023-07-23,中兴通讯系列报告4：数据库业务成为公司算力解决方案关键构件,10466000000.0000,,,,,,,,,,,,,,,,,,,,,,,0.0087,2023-08-20 15:49:32,2023-08-20 15:49:32
000063.XSHE,2023-08-18,2023,q4,1101,国元证券,"国元证券2023-08-18发布的报告上调了该股盈利预测,分析师：杨为敩",2023-08-18,中兴通讯2023年半年报点评：乘“算力”之风 第二曲线增长迅速,杨为敩,11692110000.0000,2023-04-23,中兴通讯：第一季度扣非归母净利润同比增长25.7%产品矩阵丰富 盈利能力显著增强,10192370000.0000,,,,,,,,,,,,,,,,,,,,,,,0.1471,2023-08-22 14:37:00,2023-08-22 14:37:00
000063.XSHE,2023-08-18,2023,q4,1301,国联证券,国联证券2023-08-18发布的报告研报标题中含有超预期信息,2023-08-18,中兴通讯：公司归母净利润超预期 运营商业务稳健增长,孙树明,9915000000.0000,,,,,,,,,,,,,,,,,,,,,,,,,,,2023-08-20 13:14:52,2023-08-20 13:14:52
000063.XSHE,2023-08-18,2023,q4,1302,招商证券,招商证券2023-08-18发布的报告研报摘要中含有超预期信息,2023-08-18,中兴通讯：中报业绩强劲 毛利率与现金流亮眼,"梁程加,李哲瀚",10557000000.0000,,,,,,,,,,,,,,,,,,,,,,,,,,,2023-08-20 15:49:32,2023-08-20 15:49:32
000063.XSHE,2023-08-18,2023,q4,1302,国联证券,国联证券2023-08-18发布的报告研报摘要中含有超预期信息,2023-08-18,中兴通讯：公司归母净利润超预期 运营商业务稳健增长,孙树明,9915000000.0000,,,,,,,,,,,,,,,,,,,,,,,,,,,2023-08-20 15:49:32,2023-08-20 15:49:32
000063.XSHE,2023-08-20,2023,q4,1101,中金公司,"中金公司2023-08-20发布的报告上调了该股盈利预测,分析师：彭虎,陈昊,李诗雯",2023-08-20,中兴通讯：毛利率表现优异 算力基础设施贡献重要动能,"彭虎,陈昊,李诗雯",10204000000.0000,2023-04-22,中兴通讯：毛利率超预期 服务器等第二曲线业务快速成长,10158000000.0000,,,,,,,,,,,,,,,,,,,,,,,0.0045,2023-08-21 08:09:53,2023-08-21 08:09:53
000063.XSHE,2023-08-20,2023,q4,1101,中信证券,"中信证券2023-08-20发布的报告上调了该股盈利预测,分析师：黄亚元",2023-08-20,中兴通讯2023年中报点评：盈利和现金流快速增长 研发投入持续加大,黄亚元,10536000000.0000,2023-07-02,中兴通讯：从MWCS看中兴 从网络走向算力 底层核心技术持续突破,10162000000.0000,,,,,,,,,,,,,,,,,,,,,,,0.0368,2023-08-22 14:37:00,2023-08-22 14:37:00
000063.XSHE,2023-08-20,2023,q4,1101,申港证券,"申港证券2023-08-20发布的报告上调了该股盈利预测,分析师：曹旭特,张建宇",2023-08-20,中兴通讯半年报点评：H1业绩稳定增长 毛利率显著提升,"曹旭特,张建宇",9674000000.0000,2023-04-23,中兴通讯：Q1营收稳步增长 毛利率大幅提升,9394320000.0000,,,,,,,,,,,,,,,,,,,,,,,0.0298,2023-08-22 11:07:42,2023-08-22 11:07:42
000063.XSHE,2023-08-20,2023,q4,1301,民生证券,民生证券2023-08-20发布的报告研报标题中含有超预期信息,2023-08-20,中兴通讯2023年半年报点评：扣非净利率超预期 持续加强算力研发投入,马天诣,9942000000.0000,,,,,,,,,,,,,,,,,,,,,,,,,,,2023-08-20 15:49:32,2023-08-20 15:49:32
000063.XSHE,2023-08-20,2023,q4,1302,中金公司,中金公司2023-08-20发布的报告研报摘要中含有超预期信息,2023-08-20,中兴通讯：毛利率表现优异 算力基础设施贡献重要动能,"彭虎,陈昊,李诗雯",10204000000.0000,,,,,,,,,,,,,,,,,,,,,,,,,,,2023-08-21 08:09:53,2023-08-21 08:09:53
000063.XSHE,2023-08-20,2023,q4,1302,申万宏源,申万宏源2023-08-20发布的报告研报摘要中含有超预期信息,2023-08-20,中兴通讯：23H1创新导向 盈利能力与质量均优,李国盛,10060000000.0000,,,,,,,,,,,,,,,,,,,,,,,,,,,2023-08-24 06:43:08,2023-08-24 06:43:08
000063.XSHE,2023-08-20,2023,q4,1302,浙商证券,浙商证券2023-08-20发布的报告研报摘要中含有超预期信息,2023-08-20,中兴通讯23年中报点评：业绩符合预期 强化AI算力基础设施,张建民,9739000000.0000,,,,,,,,,,,,,,,,,,,,,,,,,,,2023-08-21 12:10:34,2023-08-21 12:10:34
000063.XSHE,2023-08-21,2023,q4,1101,国信证券,"国信证券2023-08-21发布的报告上调了该股盈利预测,分析师：马成龙",2023-08-21,中兴通讯：2023年上半年归母净利润同比增长20% 正加快部署算力产品,马成龙,9881000000.0000,2023-04-24,中兴通讯：一季度归母净利润同比增长19% 服务器产品持续发力,9873000000.0000,,,,,,,,,,,,,,,,,,,,,,,0.0008,2023-08-23 07:02:18,2023-08-23 07:02:18
000063.XSHE,2023-08-21,2023,q4,1102,国盛证券,"国盛证券2023-08-21发布的报告上调了该股盈利预测,分析师：宋嘉吉,黄瀚,赵丕业",2023-08-21,中兴通讯：中报业绩超预期 ICT设备龙头领跑AI,"宋嘉吉,黄瀚,赵丕业",11328000000.0000,2023-06-01,中兴通讯：借力AI再起势 长风破浪会有时,10044990000.0000,,,,,,,,,,,,,,,,,,,,,,,0.1277,2023-08-22 11:07:42,2023-08-22 11:07:42
000063.XSHE,2023-08-21,2023,q4,1102,天风证券,"天风证券2023-08-21发布的报告上调了该股盈利预测,分析师：唐海清,王奕红",2023-08-21,中兴通讯：锚定“连接加算力” 持续稳健增长迎接数智时代,"唐海清,王奕红",10493190000.0000,2023-06-23,中兴通讯：通信加算力底座龙头 迎接AI数智新时代,10165730000.0000,,,,,,,,,,,,,,,,,,,,,,,0.0322,2023-08-21 13:23:17,2023-08-21 13:23:17
000063.XSHE,2023-08-21,2023,q4,1301,国盛证券,国盛证券2023-08-21发布的报告研报标题中含有超预期信息,2023-08-21,中兴通讯：中报业绩超预期 ICT设备龙头领跑AI,"宋嘉吉,黄瀚,赵丕业",11328000000.0000,,,,,,,,,,,,,,,,,,,,,,,,,,,2023-08-22 11:07:42,2023-08-22 11:07:42
000063.XSHE,2023-08-21,2023,q4,1302,国盛证券,国盛证券2023-08-21发布的报告研报摘要中含有超预期信息,2023-08-21,中兴通讯：中报业绩超预期 ICT设备龙头领跑AI,"宋嘉吉,黄瀚,赵丕业",11328000000.0000,,,,,,,,,,,,,,,,,,,,,,,,,,,2023-08-22 11:07:42,2023-08-22 11:07:42
000063.XSHE,2023-08-21,2023,q4,1302,天风证券,天风证券2023-08-21发布的报告研报摘要中含有超预期信息,2023-08-21,中兴通讯：锚定“连接加算力” 持续稳健增长迎接数智时代,"唐海清,王奕红",10493190000.0000,,,,,,,,,,,,,,,,,,,,,,,,,,,2023-08-21 13:23:17,2023-08-21 13:23:17
000063.XSHE,2023-08-25,2023,q4,1102,长江证券,"长江证券2023-08-25发布的报告上调了该股盈利预测,分析师：于海宁,黄天佑",2023-08-25,中兴通讯：H1毛利率大幅提升 把握算力浪潮机遇,"于海宁,黄天佑",10229000000.0000,2023-04-25,中兴通讯：23Q1毛利率改善明显 算力成为新增长点,9746000000.0000,,,,,,,,,,,,,,,,,,,,,,,0.0496,2023-08-29 14:50:27,2023-08-29 14:50:27
000063.XSHE,2023-08-28,2023,q4,1102,长江证券,"长江证券2023-08-28发布的报告上调了该股盈利预测,分析师：于海宁,黄天佑",2023-08-28,中兴通讯：H1毛利率大幅提升 把握算力浪潮机遇,"于海宁,黄天佑",10229000000.0000,2023-04-25,中兴通讯：23Q1毛利率改善明显 算力成为新增长点,9746000000.0000,,,,,,,,,,,,,,,,,,,,,,,0.0496,2023-11-16 15:30:35,2023-11-16 15:30:35
000063.XSHE,2023-10-24,2023,q4,1301,光大证券,光大证券2023-10-24发布的报告研报标题中含有超预期信息,2023-10-24,中兴通讯2023年三季报点评：23年Q3毛利率超预期 不断深化“连接加算力”龙头地位,"刘凯,石崎良,朱宇澍",10134000000.0000,,,,,,,,,,,,,,,,,,,,,,,,,,,2023-10-26 07:16:29,2023-10-26 07:16:29
000063.XSHE,2023-10-24,2023,q4,1302,光大证券,光大证券2023-10-24发布的报告研报摘要中含有超预期信息,2023-10-24,中兴通讯2023年三季报点评：23年Q3毛利率超预期 不断深化“连接加算力”龙头地位,"刘凯,石崎良,朱宇澍",10134000000.0000,,,,,,,,,,,,,,,,,,,,,,,,,,,2023-10-26 07:16:29,2023-10-26 07:16:29
000063.XSHE,2023-10-25,2023,q4,1101,浙商证券,"浙商证券2023-10-25发布的报告上调了该股盈利预测,分析师：张建民,黄王琥",2023-10-25,中兴通讯2023年第三季报点评：Q3收入承压 盈利能力提升,"张建民,黄王琥",9787000000.0000,2023-08-20,中兴通讯23年中报点评：业绩符合预期 强化AI算力基础设施,9739000000.0000,,,,,,,,,,,,,,,,,,,,,,,0.0049,2023-10-26 07:16:29,2023-10-26 07:16:29
000063.XSHE,2023-10-25,2023,q4,1302,浙商证券,浙商证券2023-10-25发布的报告研报摘要中含有超预期信息,2023-10-25,中兴通讯2023年第三季报点评：Q3收入承压 盈利能力提升,"张建民,黄王琥",9787000000.0000,,,,,,,,,,,,,,,,,,,,,,,,,,,2023-10-26 07:16:29,2023-10-26 07:16:29
000063.XSHE,2024-03-09,2024,q4,1101,民生证券,"民生证券2024-03-09发布的报告上调了该股盈利预测,分析师：马天诣",2024-03-09,中兴通讯2023年报点评：业绩稳健增长 算力全栈部署激发未来潜力,马天诣,11472000000.0000,2023-10-26,中兴通讯2023年三季报点评：稳健发展凸显韧性 毛利率持续提升,10258000000.0000,,,,,,,,,,,,,,,,,,,,,,,0.1183,2024-03-10 13:09:06,2024-03-10 13:09:06
000063.XSHE,2024-03-11,2024,q4,1101,国联证券,"国联证券2024-03-11发布的报告上调了该股盈利预测,分析师：张宁",2024-03-11,中兴通讯：业绩稳定增长 积极拓展算力第二曲线,张宁,10870000000.0000,2023-10-24,中兴通讯：第三季度收入表现一般 但毛利率改善明显,10648000000.0000,,,,,,,,,,,,,,,,,,,,,,,0.0208,2024-03-14 06:22:53,2024-03-14 06:22:53
000063.XSHE,2024-03-14,2024,q4,1101,国信证券,"国信证券2024-03-14发布的报告上调了该股盈利预测,分析师：马成龙,袁文翀",2024-03-14,中兴通讯：2023年经营稳健 研发保持高强度投入,"马成龙,袁文翀",10324000000.0000,2023-10-26,中兴通讯：三季度研发投入持续加大 致力于构建全面数字经济底座,10311000000.0000,,,,,,,,,,,,,,,,,,,,,,,0.0013,2024-03-15 06:45:50,2024-03-15 06:45:50
000063.XSHE,2024-03-27,2024,q4,1302,申万宏源,申万宏源2024-03-27发布的报告研报摘要中含有超预期信息,2024-03-27,中兴通讯：盈利能力提升 算力新曲线赋能,李国盛,10809000000.0000,,,,,,,,,,,,,,,,,,,,,,,,,,,2024-03-28 14:20:05,2024-03-28 14:20:05
000063.XSHE,2024-04-30,2024,q4,1102,长江证券,"长江证券2024-04-30发布的报告上调了该股盈利预测,分析师：于海宁,黄天佑,范超",2024-04-30,中兴通讯：国内业务加速转型 经营性现金流稳健增长,"于海宁,黄天佑,范超",10298000000.0000,2024-03-31,中兴通讯：加速“连接加算力”拓展 持续提升自主可控,10060000000.0000,,,,,,,,,,,,,,,,,,,,,,,0.0237,2024-05-15 10:35:05,2024-05-15 10:35:05
000063.XSHE,2024-05-13,2024,q4,1102,长江证券,"长江证券2024-05-13发布的报告上调了该股盈利预测,分析师：于海宁,黄天佑,范超",2024-05-13,中兴通讯：国内业务加速转型 经营性现金流稳健增长,"于海宁,黄天佑,范超",10298000000.0000,2024-03-31,中兴通讯：加速“连接加算力”拓展 持续提升自主可控,10060000000.0000,,,,,,,,,,,,,,,,,,,,,,,0.0237,2024-05-16 06:16:30,2024-05-16 06:16:30
000063.XSHE,2024-07-24,2024,q4,1302,山西证券,山西证券2024-07-24发布的报告研报摘要中含有超预期信息,2024-07-24,中兴通讯：乘AI东风加强算力业务布局 第二增长曲线打开新空间,"高宇洋,张天",10506000000.0000,,,,,,,,,,,,,,,,,,,,,,,,,,,2024-07-25 12:41:27,2024-07-25 12:41:27
000063.XSHE,2024-08-20,2024,q4,1101,山西证券,"山西证券2024-08-20发布的报告上调了该股盈利预测,分析师：高宇洋,张天",2024-08-20,中兴通讯：算力、手机等第二曲线业务加速拓展 经营维持稳中有进,"高宇洋,张天",10515000000.0000,2024-07-24,中兴通讯：乘AI东风加强算力业务布局 第二增长曲线打开新空间,10506000000.0000,,,,,,,,,,,,,,,,,,,,,,,0.0009,2024-08-21 07:04:00,2024-08-21 07:04:00
000063.XSHE,2024-10-22,2024,q4,1101,国联证券,"国联证券2024-10-22发布的报告上调了该股盈利预测,分析师：张宁,张建宇",2024-10-22,中兴通讯2024年三季报点评：Q3业绩短期承压 构建开放智算生态,"张宁,张建宇",9867000000.0000,2024-08-20,中兴通讯2024年半年报点评：政企业务快速增长 盈利能力持续提升,9855000000.0000,,,,,,,,,,,,,,,,,,,,,,,0.0012,2024-10-23 10:06:44,2024-10-23 10:06:44
000063.XSHE,2024-10-23,2024,q4,1101,华龙证券,"华龙证券2024-10-23发布的报告上调了该股盈利预测,分析师：彭棋",2024-10-23,中兴通讯2024年三季报点评报告：坚持“连接加算力”主航道 业绩短期承压,彭棋,10111000000.0000,2024-08-21,中兴通讯2024年半年报点评：坚持“连接加算力”主航道 政企业务快速增长,10104000000.0000,,,,,,,,,,,,,,,,,,,,,,,0.0007,2024-10-24 15:00:09,2024-10-24 15:00:09
000063.XSHE,2024-11-21,2024,q4,1302,上海证券,上海证券2024-11-21发布的报告研报摘要中含有超预期信息,2024-11-21,中兴通讯：深度报告：布局“连接加算力” 科技新质领头羊,刘京昭,9632000000.0000,,,,,,,,,,,,,,,,,,,,,,,,,,,2024-11-22 13:08:27,2024-11-22 13:08:27
000063.XSHE,2024-12-23,2024,q4,1101,长城证券,"长城证券2024-12-23发布的报告上调了该股盈利预测,分析师：侯宾,姚久花",2024-12-23,中兴通讯：持续布局“连接加算力” 推动大模型及自研芯片业务赋能,"侯宾,姚久花",10117000000.0000,2024-10-28,中兴通讯：三季度业绩短暂承压 坚持智算主航道 助力公司长期发展,9655000000.0000,,,,,,,,,,,,,,,,,,,,,,,0.0479,2024-12-24 13:56:57,2024-12-24 13:56:57
000063.XSHE,2025-03-03,2025,q4,1101,Goldman Sachs,"Goldman Sachs2025-03-03发布的报告上调了该股盈利预测,分析师：张博凯",2025-03-03,ZTE(00763.HK):Enterprise and Consumer to offset slowing Telecom Infra cycle;4Q24 OP income slow,张博凯,10571612100.2700,2025-02-19,"ZTE(00763.HK):AI computing, AI smartphone and satellite internet to support long-term growth Neutral",10563000000.0000,,,,,,,,,,,,,,,,,,,,,,,0.0008,2025-03-03 12:53:03,2025-03-03 12:53:03
000063.XSHE,2025-03-06,2025,q4,1302,中金公司,中金公司2025-03-06发布的报告研报摘要中含有超预期信息,2025-03-06,中兴通讯：智算及终端业务加速成长 国内运营商业务承压,"彭虎,陈昊,李诗雯",8726000000.0000,,,,,,,,,,,,,,,,,,,,,,,,,,,2025-03-06 18:40:00,2025-03-06 18:40:00
000063.XSHE,2025-04-22,2025,q4,1101,甬兴证券,"甬兴证券2025-04-22发布的报告上调了该股盈利预测,分析师：应豪",2025-04-22,中兴通讯：营收重回增长轨道 战略升级初见成效,应豪,8895000000.0000,2025-03-15,中兴通讯深度报告：拓宽“连接”主航道 聚焦“算力”新机遇,8777000000.0000,,,,,,,,,,,,,,,,,,,,,,,0.0134,2025-04-26 06:02:11,2025-04-26 06:02:11
000063.XSHE,2025-04-25,2025,q4,1101,甬兴证券,"甬兴证券2025-04-25发布的报告上调了该股盈利预测,分析师：应豪",2025-04-25,中兴通讯2025年一季度业绩点评：营收重回增长轨道 战略升级初见成效,应豪,8895000000.0000,2025-03-15,中兴通讯深度报告：拓宽“连接”主航道 聚焦“算力”新机遇,8777000000.0000,,,,,,,,,,,,,,,,,,,,,,,0.0134,2025-04-27 11:07:38,2025-04-27 11:07:38
000063.XSHE,2025-04-29,2025,q4,1302,国泰海通,国泰海通2025-04-29发布的报告研报摘要中含有超预期信息,2025-04-29,中兴通讯2025年一季报点评：政企业务翻倍 收入结构变化盈利承压,"余伟民,王彦龙,杨彤昕",8728000000.0000,,,,,,,,,,,,,,,,,,,,,,,,,,,2025-04-30 06:16:05,2025-04-30 06:16:05
000063.XSHE,2025-08-20,2025,q4,1302,浙商证券,浙商证券2025-08-20发布的报告研报摘要中含有超预期信息,2025-08-20,中兴通讯推荐报告：超节点核心卡位 AI时代再造中兴,"张建民,林亮亮",8657000000.0000,,,,,,,,,,,,,,,,,,,,,,,,,,,2025-08-21 11:00:18,2025-08-21 11:00:18
000063.XSHE,2025-08-28,2025,q4,1101,招商证券,"招商证券2025-08-28发布的报告上调了该股盈利预测,分析师：梁程加,李哲瀚",2025-08-28,中兴通讯：全面拥抱AI机遇 服务器营收增至去年同期三倍,"梁程加,李哲瀚",8082000000.0000,2025-04-22,中兴通讯：AI驱动第二曲线快速增长 智算服务器订货占比超60%,8026000000.0000,,,,,,,,,,,,,,,,,,,,,,,0.0070,2025-08-29 20:06:55,2025-08-29 20:06:55
000063.XSHE,2025-08-29,2025,q4,1101,UBS Warburg,"UBS Warburg2025-08-29发布的报告上调了该股盈利预测,分析师：Sara Wang,黄雨芊,Navin Killa",2025-08-29,ZTE-A(000063.SZ):Q225 review AI opening up the second growth curve,"Sara Wang,黄雨芊,Navin Killa",7975000000.0000,2025-04-22,ZTE-A(000063.CH):revenue acceleration driven by computing demand,7973000000.0000,,,,,,,,,,,,,,,,,,,,,,,0.0003,2025-09-02 05:13:25,2025-09-02 05:13:25
000063.XSHE,2025-08-30,2025,q4,1101,中金公司,"中金公司2025-08-30发布的报告上调了该股盈利预测,分析师：彭虎,陈昊,李诗雯",2025-08-30,中兴通讯：算力、终端为代表的第二曲线营收增长强劲,"彭虎,陈昊,李诗雯",8744000000.0000,2025-04-23,中兴通讯：政企收入高增 费用控制得力对冲毛利率下降,8726000000.0000,,,,,,,,,,,,,,,,,,,,,,,0.0021,2025-08-31 12:15:23,2025-08-31 12:15:23
000063.XSHE,2025-08-30,2025,q4,1302,中金公司,中金公司2025-08-30发布的报告研报摘要中含有超预期信息,2025-08-30,中兴通讯：算力、终端为代表的第二曲线营收增长强劲,"彭虎,陈昊,李诗雯",8744000000.0000,,,,,,,,,,,,,,,,,,,,,,,,,,,2025-08-31 12:15:23,2025-08-31 12:15:23
000063.XSHE,2025-08-31,2025,q4,1302,浙商证券,浙商证券2025-08-31发布的报告研报摘要中含有超预期信息,2025-08-31,中兴通讯2025中报点评报告：算力业务翻倍增长 AI时代再造中兴,"张建民,林亮亮",8106000000.0000,,,,,,,,,,,,,,,,,,,,,,,,,,,2025-09-01 04:57:15,2025-09-01 04:57:15
000063.XSHE,2025-09-01,2025,q4,1101,中信证券,"中信证券2025-09-01发布的报告上调了该股盈利预测,分析师：李赫然,田宇昊",2025-09-01,中兴通讯2025年中报点评：营收稳健增长 智算等第二曲线业务加速放量,"李赫然,田宇昊",8518000000.0000,2025-04-24,中兴通讯2024年年报及2025年一季报点评：业绩短期承压 算力业务加速增长,8499000000.0000,,,,,,,,,,,,,,,,,,,,,,,0.0022,2025-09-04 04:55:26,2025-09-04 04:55:26
000063.XSHE,2025-10-07,2025,q4,1101,Goldman Sachs,"Goldman Sachs2025-10-07发布的报告上调了该股盈利预测,分析师：张博凯,郑宇评,张璇",2025-10-07,ZTE(000063.SZ/00763.HK):SuperPod system for enterprise AI;positive on the second-curve business;Neutral,"张博凯,郑宇评,张璇",8757500000.0000,2025-08-29,ZTE(00063.SZ/00763.HK):AI server/ Switch drives Enterprise revenues +110%YoY;2Q Rev beat while GM missed;Neutral,8754600000.0000,,,,,,,,,,,,,,,,,,,,,,,0.0003,2025-10-08 18:39:59,2025-10-08 18:39:59
000063.XSHE,2025-10-31,2025,q4,1302,中金公司,中金公司2025-10-31发布的报告研报摘要中含有超预期信息,2025-10-31,中兴通讯：Q3毛利阶段性承压 算力业务成核心增长引擎,"彭虎,陈昊,李诗雯",7258000000.0000,,,,,,,,,,,,,,,,,,,,,,,,,,,2025-10-31 17:09:49,2025-10-31 17:09:49
000063.XSHE,2025-12-02,2025,q4,1101,Goldman Sachs,"Goldman Sachs2025-12-02发布的报告上调了该股盈利预测,分析师：张博凯,郑宇评,张璇",2025-12-02,ZTE(000063.SZ/00763.HK):Doubao AI smartphone announced;co-designing AI native devices;Neutral,"张博凯,郑宇评,张璇",8658198145.4700,2025-10-29,ZTE(00763.HK):Server Storage growth solid;3Q25 Rev +5% YoY;Neutral,8643000000.0000,,,,,,,,,,,,,,,,,,,,,,,0.0018,2025-12-03 18:50:08,2025-12-03 18:50:08
000063.XSHE,2026-03-14,2026,q4,1302,中金公司,中金公司2026-03-14发布的报告研报摘要中含有超预期信息,2026-03-14,中兴通讯：算力和端侧业务快速增长 国内运营商业务承压,"彭虎,陈昊,李诗雯",6704000000.0000,,,,,,,,,,,,,,,,,,,,,,,,,,,2026-03-16 20:41:58,2026-03-16 11:02:52
