order_book_id,date,report_year,report_period,info_classification,institute,info_summary,report_date,title,author,est_profit,report_date_last,title_last,est_profit_last,info_date,report_type,forecast_profit_max,forecast_profit_min,profit,profit_q,forecast_profit_growth_limit,profit_growth,forcast_profit_growth_limit_q,profit_growth_q,fin_report_date_last,fin_report_type_last,forecast_profit_max_last,forecast_profit_min_last,profit_last,con_calc_date,con_profit,con_calc_date_last,con_profit_last,con_profit_q_last,con_profit_gr_last,con_profit_gr_q_last,expect_rate,rice_create_tm,create_tm
000776.XSHE,2011-01-25,2010,q4,2403,,2011-01-25发布的业绩快报低于机构的一致预期,,,,,,,,2011-01-25,current_performance,,,4026999500.0000,,,,,,,,,,,,,2011-01-24,4242227673.5782,,,,-0.0507,2021-04-12 11:01:49,2021-04-12 11:01:49
000776.XSHE,2011-01-25,2010,q4,2502,,2011-01-25发布的业绩快报同比增速低于一致预期2010同比增速,,,,,,,,2011-01-25,current_performance,,,4026999500.0000,,,-0.1413,,,,,,,,,,2011-01-24,4242227673.5782,,-0.0955,,-0.0459,2021-04-12 11:01:49,2021-04-12 11:01:49
000776.XSHE,2011-01-25,2010,q4,2504,,2011-01-25发布的业绩快报同比增速低于2010一致预期同比增速,,,,,,,,2011-01-25,current_performance,,,,4026999500.0000,,,,0.0049,,,,,,,,2011-01-24,,1506409688.5873,,0.1724,-0.1675,2021-04-12 11:01:49,2021-04-12 11:01:49
000776.XSHE,2011-04-21,2011,q1,2502,,2011-04-21发布的业绩快报同比增速低于一致预期2011同比增速,,,,,,,,2011-04-21,current_performance,,,665630000.0000,,,-0.2347,,,,,,,,,,2011-04-20,3932032154.9011,,-0.0236,,-0.2111,2021-04-12 11:01:49,2021-04-12 11:01:49
000776.XSHE,2011-04-21,2011,q1,2504,,2011-04-21发布的业绩快报同比增速低于2011一致预期同比增速,,,,,,,,2011-04-21,current_performance,,,,665630000.0000,,,,-0.2347,,,,,,,,2011-04-20,,849189181.9792,,-0.0236,-0.2111,2021-04-12 11:01:49,2021-04-12 11:01:49
000776.XSHE,2011-04-28,2011,q1,2405,,2011-04-28发布的财报中，1季度净利润增速低于机构的一致预期,,,,,,,,2011-04-28,financial_reports,,,,665629981.7800,,,,-0.2347,,,,,,,,2011-04-27,,847797638.8707,,,-0.2149,2021-04-12 11:01:49,2021-04-12 11:01:49
000776.XSHE,2011-04-28,2011,q1,2501,,2011-04-28发布的财报净利润同比增速低于一致预期2011同比增速,,,,,,,,2011-04-28,financial_reports,,,665629981.7800,,,-0.2347,,,,,,,,,,2011-04-27,3925375535.1222,,-0.0252,,-0.2094,2021-04-12 11:01:49,2021-04-12 11:01:49
000776.XSHE,2011-04-28,2011,q1,2503,,2011-04-28发布的财报净利润同比增速低于2011一致预期同比增速,,,,,,,,2011-04-28,financial_reports,,,,665629981.7800,,,,-0.2347,,,,,,,,2011-04-27,,847797638.8707,,-0.0252,-0.2095,2021-04-12 11:01:49,2021-04-12 11:01:49
000776.XSHE,2011-07-14,2011,q2,2502,,2011-07-14发布的业绩快报同比增速低于一致预期2011同比增速,,,,,,,,2011-07-14,current_performance,,,1343025000.0000,,,-0.1809,,,,,,,,,,2011-07-13,3721676681.0909,,-0.0758,,-0.1051,2021-04-12 11:01:49,2021-04-12 11:01:49
000776.XSHE,2011-07-14,2011,q2,2504,,2011-07-14发布的业绩快报同比增速低于2011一致预期同比增速,,,,,,,,2011-07-14,current_performance,,,,1343025000.0000,,,,-0.1202,,,,,,,,2011-07-13,,745209999.1817,,-0.0321,-0.0881,2021-04-12 11:01:49,2021-04-12 11:01:49
000776.XSHE,2011-08-23,2011,q2,2405,,2011-08-23发布的财报中，2季度净利润增速低于机构的一致预期,,,,,,,,2011-08-23,financial_reports,,,,677395049.2400,,,,-0.1202,,,,,,,,2011-08-22,,680151372.3289,,,-0.0041,2021-04-12 11:01:49,2021-04-12 11:01:49
000776.XSHE,2011-08-23,2011,q2,2501,,2011-08-23发布的财报净利润同比增速低于一致预期2011同比增速,,,,,,,,2011-08-23,financial_reports,,,1343025031.0200,,,-0.1809,,,,,,,,,,2011-08-22,3454709018.6960,,-0.1421,,-0.0388,2021-04-12 11:01:49,2021-04-12 11:01:49
000776.XSHE,2011-08-23,2011,q2,2503,,2011-08-23发布的财报净利润同比增速低于2011一致预期同比增速,,,,,,,,2011-08-23,financial_reports,,,,677395049.2400,,,,-0.1202,,,,,,,,2011-08-22,,680151372.3289,,-0.1166,-0.0036,2021-04-12 11:01:49,2021-04-12 11:01:49
000776.XSHE,2011-10-15,2011,q3,2502,,2011-10-15发布的业绩快报同比增速低于一致预期2011同比增速,,,,,,,,2011-10-15,current_performance,,,1559666200.0000,,,-0.4299,,,,,,,,,,2011-10-14,3406122010.4391,,-0.1542,,-0.2757,2021-04-12 11:01:49,2021-04-12 11:01:49
000776.XSHE,2011-10-15,2011,q3,2504,,2011-10-15发布的业绩快报同比增速低于2011一致预期同比增速,,,,,,,,2011-10-15,current_performance,,,,1559666200.0000,,,,-0.8024,,,,,,,,2011-10-14,,947295135.7720,,-0.1358,-0.6666,2021-04-12 11:01:49,2021-04-12 11:01:49
000776.XSHE,2011-10-25,2011,q3,2405,,2011-10-25发布的财报中，3季度净利润增速低于机构的一致预期,,,,,,,,2011-10-25,financial_reports,,,,216641157.5400,,,,-0.8024,,,,,,,,2011-10-24,,887993276.4278,,,-0.7560,2021-04-12 11:01:49,2021-04-12 11:01:49
000776.XSHE,2011-10-25,2011,q3,2501,,2011-10-25发布的财报净利润同比增速低于一致预期2011同比增速,,,,,,,,2011-10-25,financial_reports,,,1559666188.5600,,,-0.4299,,,,,,,,,,2011-10-24,3276985345.0706,,-0.1862,,-0.2437,2021-04-12 11:01:49,2021-04-12 11:01:49
000776.XSHE,2011-10-25,2011,q3,2503,,2011-10-25发布的财报净利润同比增速低于2011一致预期同比增速,,,,,,,,2011-10-25,financial_reports,,,,216641157.5400,,,,-0.8024,,,,,,,,2011-10-24,,887993276.4278,,-0.1899,-0.6125,2021-04-12 11:01:49,2021-04-12 11:01:49
000776.XSHE,2012-01-11,2011,q4,2403,,2012-01-11发布的业绩快报低于机构的一致预期,,,,,,,,2012-01-11,current_performance,,,2063655800.0000,,,,,,,,,,,,,2012-01-10,2559403822.3239,,,,-0.1937,2021-04-12 11:01:49,2021-04-12 11:01:49
000776.XSHE,2012-01-11,2011,q4,2502,,2012-01-11发布的业绩快报同比增速低于一致预期2011同比增速,,,,,,,,2012-01-11,current_performance,,,2063655800.0000,,,-0.4875,,,,,,,,,,2012-01-10,2559403822.3239,,-0.3644,,-0.1231,2021-04-12 11:01:49,2021-04-12 11:01:49
000776.XSHE,2012-01-11,2011,q4,2504,,2012-01-11发布的业绩快报同比增速低于2011一致预期同比增速,,,,,,,,2012-01-11,current_performance,,,,2063655800.0000,,,,-0.6097,,,,,,,,2012-01-10,,999782227.6316,,-0.2257,-0.3840,2021-04-12 11:01:49,2021-04-12 11:01:49
000776.XSHE,2012-04-12,2012,q1,2502,,2012-04-12发布的业绩快报同比增速低于一致预期2012同比增速,,,,,,,,2012-04-12,current_performance,,,651421800.0000,,,-0.0213,,,,,,,,,,2012-04-11,2741360311.5124,,0.3284,,-0.3497,2021-04-12 11:01:49,2021-04-12 11:01:49
000776.XSHE,2012-04-12,2012,q1,2504,,2012-04-12发布的业绩快报同比增速低于2012一致预期同比增速,,,,,,,,2012-04-12,current_performance,,,,651421800.0000,,,,-0.0213,,,,,,,,2012-04-11,,884222867.7966,,0.3284,-0.3497,2021-04-12 11:01:49,2021-04-12 11:01:49
000776.XSHE,2012-04-17,2011,q4,2405,,2012-04-17发布的财报中，4季度净利润增速低于机构的一致预期,,,,,,,,2012-04-17,financial_reports,,,,504012281.5300,,,,-0.6097,,,,,,,,2012-04-16,,572392433.8229,,,-0.1195,2021-04-12 11:01:49,2021-04-12 11:01:49
000776.XSHE,2012-04-17,2011,q4,2503,,2012-04-17发布的财报净利润同比增速低于2011一致预期同比增速,,,,,,,,2012-04-17,financial_reports,,,,504012281.5300,,,,-0.6097,,,,,,,,2012-04-16,,572392433.8229,,-0.5567,-0.0530,2021-04-12 11:01:49,2021-04-12 11:01:49
000776.XSHE,2012-04-24,2012,q1,2405,,2012-04-24发布的财报中，1季度净利润增速低于机构的一致预期,,,,,,,,2012-04-24,financial_reports,,,,651421790.8500,,,,-0.0213,,,,,,,,2012-04-23,,899199542.3866,,,-0.2756,2021-04-12 11:01:49,2021-04-12 11:01:49
000776.XSHE,2012-04-24,2012,q1,2501,,2012-04-24发布的财报净利润同比增速低于一致预期2012同比增速,,,,,,,,2012-04-24,financial_reports,,,651421790.8500,,,-0.0213,,,,,,,,,,2012-04-23,2787746984.3493,,0.3509,,-0.3722,2021-04-12 11:01:49,2021-04-12 11:01:49
000776.XSHE,2012-04-24,2012,q1,2503,,2012-04-24发布的财报净利润同比增速低于2012一致预期同比增速,,,,,,,,2012-04-24,financial_reports,,,,651421790.8500,,,,-0.0213,,,,,,,,2012-04-23,,899199542.3866,,0.3509,-0.3722,2021-04-12 11:01:49,2021-04-12 11:01:49
000776.XSHE,2012-07-10,2012,q2,2502,,2012-07-10发布的业绩快报同比增速低于一致预期2012同比增速,,,,,,,,2012-07-10,current_performance,,,1469818100.0000,,,0.0944,,,,,,,,,,2012-07-09,2609089696.7888,,0.2643,,-0.1699,2021-04-12 11:01:49,2021-04-12 11:01:49
000776.XSHE,2012-07-10,2012,q2,2504,,2012-07-10发布的业绩快报同比增速低于2012一致预期同比增速,,,,,,,,2012-07-10,current_performance,,,,1469818100.0000,,,,0.2082,,,,,,,,2012-07-09,,948556287.4508,,0.4003,-0.1921,2021-04-12 11:01:49,2021-04-12 11:01:49
000776.XSHE,2012-08-28,2012,q2,2405,,2012-08-28发布的财报中，2季度净利润增速低于机构的一致预期,,,,,,,,2012-08-28,financial_reports,,,,818396296.6400,,,,0.2082,,,,,,,,2012-08-27,,1098802509.3722,,,-0.2552,2021-04-12 11:01:49,2021-04-12 11:01:49
000776.XSHE,2012-08-28,2012,q2,2501,,2012-08-28发布的财报净利润同比增速低于一致预期2012同比增速,,,,,,,,2012-08-28,financial_reports,,,1469818087.4900,,,0.0944,,,,,,,,,,2012-08-27,2919145316.7200,,0.4145,,-0.3201,2021-04-12 11:01:49,2021-04-12 11:01:49
000776.XSHE,2012-08-28,2012,q2,2503,,2012-08-28发布的财报净利润同比增速低于2012一致预期同比增速,,,,,,,,2012-08-28,financial_reports,,,,818396296.6400,,,,0.2082,,,,,,,,2012-08-27,,1098802509.3722,,0.6221,-0.4139,2021-04-12 11:01:49,2021-04-12 11:01:49
000776.XSHE,2012-10-16,2012,q3,2502,,2012-10-16发布的业绩快报同比增速低于一致预期2012同比增速,,,,,,,,2012-10-16,current_performance,,,1811352000.0000,,,0.1614,,,,,,,,,,2012-10-15,2616673338.0080,,0.2680,,-0.1066,2021-04-12 11:01:49,2021-04-12 11:01:49
000776.XSHE,2012-10-16,2012,q3,2504,,2012-10-16发布的业绩快报同比增速低于2012一致预期同比增速,,,,,,,,2012-10-16,current_performance,,,,1811352000.0000,,,,0.5765,,,,,,,,2012-10-15,,344762738.1092,,0.5914,-0.0149,2021-04-12 11:01:49,2021-04-12 11:01:49
000776.XSHE,2012-10-30,2012,q3,2405,,2012-10-30发布的财报中，3季度净利润增速低于机构的一致预期,,,,,,,,2012-10-30,financial_reports,,,,341533913.2400,,,,0.5765,,,,,,,,2012-10-29,,352258522.1600,,,-0.0304,2021-04-12 11:01:49,2021-04-12 11:01:49
000776.XSHE,2012-10-30,2012,q3,2501,,2012-10-30发布的财报净利润同比增速低于一致预期2012同比增速,,,,,,,,2012-10-30,financial_reports,,,1811352000.7300,,,0.1614,,,,,,,,,,2012-10-29,2641602308.5374,,0.2800,,-0.1187,2021-04-12 11:01:49,2021-04-12 11:01:49
000776.XSHE,2012-10-30,2012,q3,2503,,2012-10-30发布的财报净利润同比增速低于2012一致预期同比增速,,,,,,,,2012-10-30,financial_reports,,,,341533913.2400,,,,0.5765,,,,,,,,2012-10-29,,352258522.1600,,0.6260,-0.0495,2021-04-12 11:01:49,2021-04-12 11:01:49
000776.XSHE,2013-01-10,2012,q4,2403,,2013-01-10发布的业绩快报低于机构的一致预期,,,,,,,,2013-01-10,current_performance,,,2189174000.0000,,,,,,,,,,,,,2013-01-09,2404875443.4428,,,,-0.0897,2021-04-12 11:01:49,2021-04-12 11:01:49
000776.XSHE,2013-01-10,2012,q4,2502,,2013-01-10发布的业绩快报同比增速低于一致预期2012同比增速,,,,,,,,2013-01-10,current_performance,,,2189174000.0000,,,0.0608,,,,,,,,,,2013-01-09,2404875443.4428,,0.1653,,-0.1045,2021-04-12 11:01:49,2021-04-12 11:01:49
000776.XSHE,2013-01-10,2012,q4,2504,,2013-01-10发布的业绩快报同比增速低于2012一致预期同比增速,,,,,,,,2013-01-10,current_performance,,,,2189174000.0000,,,,-0.2504,,,,,,,,2013-01-09,,593524862.7297,,0.1776,-0.4280,2021-04-12 11:01:49,2021-04-12 11:01:49
000776.XSHE,2013-04-10,2013,q1,2502,,2013-04-10发布的业绩快报同比增速低于一致预期2013同比增速,,,,,,,,2013-04-10,current_performance,,,680608200.0000,,,0.0448,,,,,,,,,,2013-04-09,3025482088.7000,,0.3806,,-0.3358,2021-04-12 11:01:49,2021-04-12 11:01:49
000776.XSHE,2013-04-10,2013,q1,2504,,2013-04-10发布的业绩快报同比增速低于2013一致预期同比增速,,,,,,,,2013-04-10,current_performance,,,,680608200.0000,,,,0.0448,,,,,,,,2013-04-09,,899352924.4475,,0.3806,-0.3358,2021-04-12 11:01:49,2021-04-12 11:01:49
000776.XSHE,2013-04-23,2012,q4,2405,,2013-04-23发布的财报中，4季度净利润增速低于机构的一致预期,,,,,,,,2013-04-23,financial_reports,,,,380105088.8000,,,,-0.2458,,,,,,,,2013-04-22,,437986672.6496,,,-0.1322,2021-04-12 11:01:49,2021-04-12 11:01:49
000776.XSHE,2013-04-23,2012,q4,2503,,2013-04-23发布的财报净利润同比增速低于2012一致预期同比增速,,,,,,,,2013-04-23,financial_reports,,,,380105088.8000,,,,-0.2458,,,,,,,,2013-04-22,,437986672.6496,,-0.1310,-0.1148,2021-04-12 11:01:49,2021-04-12 11:01:49
000776.XSHE,2013-04-23,2013,q1,2405,,2013-04-23发布的财报中，1季度净利润增速低于机构的一致预期,,,,,,,,2013-04-23,financial_reports,,,,680608211.9700,,,,0.0448,,,,,,,,2013-04-22,,889646739.7638,,,-0.2350,2021-04-12 11:01:49,2021-04-12 11:01:49
000776.XSHE,2013-04-23,2013,q1,2501,,2013-04-23发布的财报净利润同比增速低于一致预期2013同比增速,,,,,,,,2013-04-23,financial_reports,,,680608211.9700,,,0.0448,,,,,,,,,,2013-04-22,2992941746.4850,,0.3657,,-0.3209,2021-04-12 11:01:49,2021-04-12 11:01:49
000776.XSHE,2013-04-23,2013,q1,2503,,2013-04-23发布的财报净利润同比增速低于2013一致预期同比增速,,,,,,,,2013-04-23,financial_reports,,,,680608211.9700,,,,0.0448,,,,,,,,2013-04-22,,889646739.7638,,0.3657,-0.3209,2021-04-12 11:01:49,2021-04-12 11:01:49
000776.XSHE,2013-07-09,2013,q2,2502,,2013-07-09发布的业绩快报同比增速低于一致预期2013同比增速,,,,,,,,2013-07-09,current_performance,,,1361769700.0000,,,-0.0735,,,,,,,,,,2013-07-08,2811663445.4000,,0.2830,,-0.3565,2021-04-12 11:01:49,2021-04-12 11:01:49
000776.XSHE,2013-07-09,2013,q2,2504,,2013-07-09发布的业绩快报同比增速低于2013一致预期同比增速,,,,,,,,2013-07-09,current_performance,,,,1361769700.0000,,,,-0.1677,,,,,,,,2013-07-08,,1132496795.2904,,0.3838,-0.5515,2021-04-12 11:01:49,2021-04-12 11:01:49
000776.XSHE,2013-08-27,2013,q2,2405,,2013-08-27发布的财报中，2季度净利润增速低于机构的一致预期,,,,,,,,2013-08-27,financial_reports,,,,681161439.4700,,,,-0.1677,,,,,,,,2013-08-26,,1127750096.7699,,,-0.3960,2021-04-12 11:01:49,2021-04-12 11:01:49
000776.XSHE,2013-08-27,2013,q2,2501,,2013-08-27发布的财报净利润同比增速低于一致预期2013同比增速,,,,,,,,2013-08-27,financial_reports,,,1361769651.4400,,,-0.0735,,,,,,,,,,2013-08-26,2802784508.2040,,0.2790,,-0.3525,2021-04-12 11:01:49,2021-04-12 11:01:49
000776.XSHE,2013-08-27,2013,q2,2503,,2013-08-27发布的财报净利润同比增速低于2013一致预期同比增速,,,,,,,,2013-08-27,financial_reports,,,,681161439.4700,,,,-0.1677,,,,,,,,2013-08-26,,1127750096.7699,,0.3780,-0.5457,2021-04-12 11:01:49,2021-04-12 11:01:49
000776.XSHE,2013-12-08,2013,q4,2302,中信证券,中信证券2013-12-08发布的报告研报摘要中含有超预期信息,2013-12-08,广发证券：解决长效激励 股东与管理利益一致,"邵子钦,田良,童成墩",2760000000.0000,,,,,,,,,,,,,,,,,,,,,,,,,,,2021-04-12 11:01:49,2021-04-12 11:01:49
000776.XSHE,2013-12-11,2013,q4,2302,中信证券,中信证券2013-12-11发布的报告研报摘要中含有超预期信息,2013-12-11,证券行业2014年投资策略：改革释放制度红利 开创新业务契机,"童成墩,田良,邵子钦",2760000000.0000,,,,,,,,,,,,,,,,,,,,,,,,,,,2021-04-12 11:01:49,2021-04-12 11:01:49
000776.XSHE,2014-01-10,2013,q4,2403,,2014-01-10发布的业绩快报低于机构的一致预期,,,,,,,,2014-01-10,current_performance,,,2804232000.0000,,,,,,,,,,,,,2014-01-09,2863766268.3516,,,,-0.0208,2021-04-12 11:01:49,2021-04-12 11:01:49
000776.XSHE,2014-01-10,2013,q4,2502,,2014-01-10发布的业绩快报同比增速低于一致预期2013同比增速,,,,,,,,2014-01-10,current_performance,,,2804232000.0000,,,0.2796,,,,,,,,,,2014-01-09,2863766268.3516,,0.3068,,-0.0272,2021-04-12 11:01:49,2021-04-12 11:01:49
000776.XSHE,2014-01-10,2013,q4,2504,,2014-01-10发布的业绩快报同比增速低于2013一致预期同比增速,,,,,,,,2014-01-10,current_performance,,,,2804232000.0000,,,,0.3113,,,,,,,,2014-01-09,,557994270.3584,,0.4680,-0.1567,2021-04-12 11:01:49,2021-04-12 11:01:49
000776.XSHE,2014-04-22,2014,q4,2101,安信证券,"安信证券2014-04-22发布的报告下调了该股盈利预测,分析师：贺立,杨建海",2014-04-22,广发证券：杠杆率提升明显,"贺立,杨建海",3043000000.0000,2013-12-05,广发证券：股权激励迈出重要一步,3270000000.0000,,,,,,,,,,,,,,,,,,,,,,,-0.0694,2021-04-12 11:01:49,2021-04-12 11:01:49
000776.XSHE,2014-04-28,2014,q4,2102,银河证券,"银河证券2014-04-28发布的报告下调了该股盈利预测,分析师：赵强",2014-04-28,广发证券：多项业务表现稳健 投行业务有望延续强势回暖势头,赵强,3610767793.0400,2014-04-22,广发证券：大买方业务表现出类拔萃 创新业务收入占比大幅提升,3637000000.0000,,,,,,,,,,,,,,,,,,,,,,,-0.0072,2021-04-12 11:01:49,2021-04-12 11:01:49
000776.XSHE,2014-04-29,2014,q1,2405,,2014-04-29发布的财报中，1季度净利润增速低于机构的一致预期,,,,,,,,2014-04-29,financial_reports,,,,826237415.4700,,,,0.2140,,,,,,,,2014-04-28,,828504376.4311,,,-0.0027,2021-04-12 11:01:49,2021-04-12 11:01:49
000776.XSHE,2014-04-29,2014,q1,2501,,2014-04-29发布的财报净利润同比增速低于一致预期2014同比增速,,,,,,,,2014-04-29,financial_reports,,,826237415.4700,,,0.2140,,,,,,,,,,2014-04-28,3423610957.5600,,0.2173,,-0.0033,2021-04-12 11:01:49,2021-04-12 11:01:49
000776.XSHE,2014-04-29,2014,q1,2503,,2014-04-29发布的财报净利润同比增速低于2014一致预期同比增速,,,,,,,,2014-04-29,financial_reports,,,,826237415.4700,,,,0.2140,,,,,,,,2014-04-28,,828504376.4311,,0.2173,-0.0033,2021-04-12 11:01:49,2021-04-12 11:01:49
000776.XSHE,2014-08-19,2014,q2,2405,,2014-08-19发布的财报中，2季度净利润增速低于机构的一致预期,,,,,,,,2014-08-19,financial_reports,,,,848752639.8800,,,,0.2460,,,,,,,,2014-08-18,,864598215.1193,,,-0.0183,2021-04-12 11:01:49,2021-04-12 11:01:49
000776.XSHE,2014-08-19,2014,q2,2501,,2014-08-19发布的财报净利润同比增速低于一致预期2014同比增速,,,,,,,,2014-08-19,financial_reports,,,1674990055.3500,,,0.2300,,,,,,,,,,2014-08-18,3532225527.9627,,0.2559,,-0.0259,2021-04-12 11:01:49,2021-04-12 11:01:49
000776.XSHE,2014-08-19,2014,q2,2503,,2014-08-19发布的财报净利润同比增速低于2014一致预期同比增速,,,,,,,,2014-08-19,financial_reports,,,,848752639.8800,,,,0.2460,,,,,,,,2014-08-18,,864598215.1193,,0.2693,-0.0233,2021-04-12 11:01:49,2021-04-12 11:01:49
000776.XSHE,2014-11-23,2014,q4,2302,国金证券,国金证券2014-11-23发布的报告研报摘要中含有超预期信息,2014-11-23,广发证券：H股发行提升公司综合实力,贺立,3957000000.0000,,,,,,,,,,,,,,,,,,,,,,,,,,,2021-04-12 11:01:49,2021-04-12 11:01:49
000776.XSHE,2014-11-24,2014,q4,2302,方正证券,方正证券2014-11-24发布的报告研报摘要中含有超预期信息,2014-11-24,广发证券：H股上市有利拓展海外业务 基本面坚挺价值被低估后续股价可期,"王松柏,刘欣琦,童楠",3799000000.0000,,,,,,,,,,,,,,,,,,,,,,,,,,,2021-04-12 11:01:49,2021-04-12 11:01:49
000776.XSHE,2015-01-26,2014,q4,2302,国泰君安,国泰君安2015-01-26发布的报告研报摘要中含有超预期信息,2015-01-26,广发证券：H股融资补充资本 市场化机制领跑行业,"赵湘怀,孔祥,王宇航",5031000000.0000,,,,,,,,,,,,,,,,,,,,,,,,,,,2021-04-12 11:01:49,2021-04-12 11:01:49
000776.XSHE,2015-02-16,2015,q4,2302,方正证券,方正证券2015-02-16发布的报告研报摘要中含有超预期信息,2015-02-16,广发证券：业绩高增长、战略清晰的国内一流券商,"王松柏,刘欣琦,童楠",7265000000.0000,,,,,,,,,,,,,,,,,,,,,,,,,,,2021-04-12 11:01:49,2021-04-12 11:01:49
000776.XSHE,2015-03-15,2015,q4,2102,国泰君安,"国泰君安2015-03-15发布的报告下调了该股盈利预测,分析师：王宇航,孔祥",2015-03-15,广发证券港交所完成审阅广发证券H股发行点评：港股首发补资本 资本中介再蓄力,"王宇航,孔祥",7576000000.0000,2015-02-01,2015年证券行业更新报告：上半场做趋势 下半场抓波段,7577000000.0000,,,,,,,,,,,,,,,,,,,,,,,-0.0001,2021-04-12 11:01:49,2021-04-12 11:01:49
000776.XSHE,2015-06-28,2015,q4,2101,中信证券,"中信证券2015-06-28发布的报告下调了该股盈利预测,分析师：邵子钦,田良,童成墩",2015-06-28,证券行业重大事项点评：换手率和两融预期见顶 建议择机减持,"邵子钦,田良,童成墩",13150000000.0000,2015-05-27,证券行业2015年下半年投资策略：从追求β到精选个股,14597000000.0000,,,,,,,,,,,,,,,,,,,,,,,-0.0991,2021-04-12 11:01:49,2021-04-12 11:01:49
000776.XSHE,2015-08-24,2015,q4,2101,中信证券,"中信证券2015-08-24发布的报告下调了该股盈利预测,分析师：邵子钦,田良,童成墩",2015-08-24,广发证券：自营 上半年创收 下半年是风险,"邵子钦,田良,童成墩",13062000000.0000,2015-06-28,证券行业重大事项点评：换手率和两融预期见顶 建议择机减持,13150000000.0000,,,,,,,,,,,,,,,,,,,,,,,-0.0067,2021-04-12 11:01:49,2021-04-12 11:01:49
000776.XSHE,2015-12-01,2015,q4,2302,招商证券,招商证券2015-12-01发布的报告研报摘要中含有超预期信息,2015-12-01,证券行业2016年度投资策略：穿越风波 曲折向前,洪锦屏,13230000000.0000,,,,,,,,,,,,,,,,,,,,,,,,,,,2021-04-12 11:01:49,2021-04-12 11:01:49
000776.XSHE,2016-03-19,2015,q4,2201,,近5个交易日内，该股一致预期净利润被大幅调低,,,,,,,,,,,,,,,,,,,,,,,2016-03-25,9257915325.0743,2016-03-18,10774518183.6800,,,,-0.1408,2021-04-12 11:01:49,2021-04-12 11:01:49
000776.XSHE,2016-03-20,2016,q4,2101,招商证券,"招商证券2016-03-20发布的报告下调了该股盈利预测,分析师：郑积沙",2016-03-20,广发证券：传统业务优势依旧 自营风险有效控制,郑积沙,7057000000.0000,2015-12-01,证券行业2016年度投资策略：穿越风波 曲折向前,9497000000.0000,,,,,,,,,,,,,,,,,,,,,,,-0.2569,2021-04-12 11:01:49,2021-04-12 11:01:49
000776.XSHE,2016-03-20,2016,q4,2101,华泰证券,"华泰证券2016-03-20发布的报告下调了该股盈利预测,分析师：罗毅,沈娟",2016-03-20,广发证券：全业务链新发展 战略布局新飞跃,"罗毅,沈娟",9237000000.0000,2016-01-17,广发证券：综合平台发力 市场化助转型,11109000000.0000,,,,,,,,,,,,,,,,,,,,,,,-0.1685,2021-04-12 11:01:49,2021-04-12 11:01:49
000776.XSHE,2016-03-20,2016,q4,2101,方正证券,"方正证券2016-03-20发布的报告下调了该股盈利预测,分析师：林喜鹏",2016-03-20,广发证券：15年净利润增长163% 境外业务布局助力公司发展,林喜鹏,9278000000.0000,2015-11-02,广发证券：经纪份额稳步提升 前三季度归母净利增242%,16892000000.0000,,,,,,,,,,,,,,,,,,,,,,,-0.4507,2021-04-12 11:01:49,2021-04-12 11:01:49
000776.XSHE,2016-03-20,2016,q4,2302,方正证券,方正证券2016-03-20发布的报告研报摘要中含有超预期信息,2016-03-20,广发证券：15年净利润增长163% 境外业务布局助力公司发展,林喜鹏,9278000000.0000,,,,,,,,,,,,,,,,,,,,,,,,,,,2021-04-12 11:01:49,2021-04-12 11:01:49
000776.XSHE,2016-03-21,2016,q4,2101,中金公司,"中金公司2016-03-21发布的报告下调了该股盈利预测,分析师：杜丽娟,毛军华",2016-03-21,广发证券：稳步迈向一线龙头券商行列,"杜丽娟,毛军华",8843000000.0000,2015-10-31,广发证券：利息、投行收入跌幅略超可比同业 自营、经纪与市况波幅趋同,12547000000.0000,,,,,,,,,,,,,,,,,,,,,,,-0.2952,2021-04-12 11:01:49,2021-04-12 11:01:49
000776.XSHE,2016-03-21,2016,q4,2102,海通证券,"海通证券2016-03-21发布的报告下调了该股盈利预测,分析师：孙婷",2016-03-21,广发证券：多头并举 财富管理加大投行加大资管,孙婷,9505000000.0000,2015-11-02,广发证券：业务全面布局 积极转型财富管理,10348000000.0000,,,,,,,,,,,,,,,,,,,,,,,-0.0815,2021-04-12 11:01:49,2021-04-12 11:01:49
000776.XSHE,2016-04-28,2016,q4,2302,长江证券,长江证券2016-04-28发布的报告研报摘要中含有超预期信息,2016-04-28,广发证券：投行优势明显 资管加速创新,"蒲东君,周晶晶",9594500000.0000,,,,,,,,,,,,,,,,,,,,,,,,,,,2021-04-12 11:01:49,2021-04-12 11:01:49
000776.XSHE,2016-04-29,2016,q1,2405,,2016-04-29发布的财报中，1季度净利润增速低于机构的一致预期,,,,,,,,2016-04-29,financial_reports,,,,1805589600.4100,,,,-0.2827,,,,,,,,2016-04-28,,1868334580.6343,,,-0.0336,2021-04-12 11:01:49,2021-04-12 11:01:49
000776.XSHE,2016-04-29,2016,q1,2501,,2016-04-29发布的财报净利润同比增速低于一致预期2016同比增速,,,,,,,,2016-04-29,financial_reports,,,1805589600.4100,,,-0.2827,,,,,,,,,,2016-04-28,9798351097.6941,,-0.2578,,-0.0250,2021-04-12 11:01:49,2021-04-12 11:01:49
000776.XSHE,2016-04-29,2016,q1,2503,,2016-04-29发布的财报净利润同比增速低于2016一致预期同比增速,,,,,,,,2016-04-29,financial_reports,,,,1805589600.4100,,,,-0.2827,,,,,,,,2016-04-28,,1868334580.6343,,-0.2578,-0.0249,2021-04-12 11:01:49,2021-04-12 11:01:49
000776.XSHE,2016-07-09,2016,q2,2502,,2016-07-09发布的业绩预告同比增速低于一致预期2016同比增速,,,,,,,,2016-07-09,performance_forecast,4079803000.0000,3879803000.0000,,,-0.5147,,,,,,,,,,,2016-07-08,9371835681.2457,,-0.2901,,-0.2246,2021-04-12 11:01:49,2021-04-12 11:01:49
000776.XSHE,2016-07-09,2016,q2,2504,,2016-07-09发布的业绩预告同比增速低于2016一致预期同比增速,,,,,,,,2016-07-09,performance_forecast,4079803000.0000,3879803000.0000,,,,,-0.6138,,,,,,,,,2016-07-08,,4170355120.4658,,-0.2918,-0.3220,2021-04-12 11:01:49,2021-04-12 11:01:49
000776.XSHE,2016-08-27,2016,q2,2405,,2016-08-27发布的财报中，2季度净利润增速低于机构的一致预期,,,,,,,,2016-08-27,financial_reports,,,,2224904638.2800,,,,-0.6222,,,,,,,,2016-08-26,,3881221490.9616,,,-0.4268,2021-04-12 11:01:49,2021-04-12 11:01:49
000776.XSHE,2016-08-27,2016,q2,2501,,2016-08-27发布的财报净利润同比增速低于一致预期2016同比增速,,,,,,,,2016-08-27,financial_reports,,,4030494238.6900,,,-0.5205,,,,,,,,,,2016-08-26,8846701728.4218,,-0.3298,,-0.1907,2021-04-12 11:01:49,2021-04-12 11:01:49
000776.XSHE,2016-08-27,2016,q2,2503,,2016-08-27发布的财报净利润同比增速低于2016一致预期同比增速,,,,,,,,2016-08-27,financial_reports,,,,2224904638.2800,,,,-0.6222,,,,,,,,2016-08-26,,3881221490.9616,,-0.3409,-0.2813,2021-04-12 11:01:49,2021-04-12 11:01:49
000776.XSHE,2016-08-28,2016,q4,2101,中金公司,"中金公司2016-08-28发布的报告下调了该股盈利预测,分析师：黄洁",2016-08-28,广发证券：降幅缓于同业 投行、资管亮点频现 大经纪业务有所承压,黄洁,8600000000.0000,2016-04-29,广发证券：整体经营稳健 交易类业务成业绩主要拖累,8843000000.0000,,,,,,,,,,,,,,,,,,,,,,,-0.0275,2021-04-12 11:01:49,2021-04-12 11:01:49
000776.XSHE,2016-08-28,2016,q4,2101,民生证券,"民生证券2016-08-28发布的报告下调了该股盈利预测,分析师：李少君,周晓萍,王一川",2016-08-28,广发证券：投行领先地位稳固 资管实力提升,"李少君,周晓萍,王一川",8009000000.0000,2016-03-21,广发证券：自营经纪齐发力 业绩全面高增,8730000000.0000,,,,,,,,,,,,,,,,,,,,,,,-0.0826,2021-04-12 11:01:49,2021-04-12 11:01:49
000776.XSHE,2016-08-28,2016,q4,2102,海通证券,"海通证券2016-08-28发布的报告下调了该股盈利预测,分析师：孙婷,何婷",2016-08-28,广发证券：综合化金融战略持续推进,"孙婷,何婷",8971000000.0000,2016-04-29,广发证券：三足鼎立 一季度业绩同比下滑最少,9505000000.0000,,,,,,,,,,,,,,,,,,,,,,,-0.0562,2021-04-12 11:01:49,2021-04-12 11:01:49
000776.XSHE,2016-08-29,2016,q4,2102,申万宏源,"申万宏源2016-08-29发布的报告下调了该股盈利预测,分析师：王胜,王丛云",2016-08-29,广发证券：投行业务行业领先 集合资管业务快速增长,"王胜,王丛云",8747000000.0000,2016-03-21,广发证券：经纪业务转型初见成效 国际业务布局加速推进,9220000000.0000,,,,,,,,,,,,,,,,,,,,,,,-0.0513,2021-04-12 11:01:49,2021-04-12 11:01:49
000776.XSHE,2016-10-22,2016,q3,2501,,2016-10-22发布的财报净利润同比增速低于一致预期2016同比增速,,,,,,,,2016-10-22,financial_reports,,,6185056526.1800,,,-0.4045,,,,,,,,,,2016-10-21,8728541178.3158,,-0.3388,,-0.0657,2021-04-12 11:01:49,2021-04-12 11:01:49
000776.XSHE,2016-10-23,2016,q4,2101,华泰证券,"华泰证券2016-10-23发布的报告下调了该股盈利预测,分析师：沈娟,罗毅",2016-10-23,广发证券：业绩逐季企稳 持续改善可期,"沈娟,罗毅",8438000000.0000,2016-08-28,广发证券：领先地位保持 投行、资管实力强劲,9331000000.0000,,,,,,,,,,,,,,,,,,,,,,,-0.0957,2021-04-12 11:01:49,2021-04-12 11:01:49
000776.XSHE,2016-10-24,2016,q4,2101,民生证券,"民生证券2016-10-24发布的报告下调了该股盈利预测,分析师：李少君,周晓萍,王一川",2016-10-24,广发证券：业绩下滑符合预期 投行资管发力,"李少君,周晓萍,王一川",7546000000.0000,2016-08-28,广发证券：投行领先地位稳固 资管实力提升,8009000000.0000,,,,,,,,,,,,,,,,,,,,,,,-0.0578,2021-04-12 11:01:49,2021-04-12 11:01:49
000776.XSHE,2016-10-25,2016,q4,2101,华创证券,"华创证券2016-10-25发布的报告下调了该股盈利预测,分析师：华中炜",2016-10-25,广发证券：金融科技持续发酵 撬动未来增长空间,华中炜,8423000000.0000,2016-08-29,广发证券：智能投顾抢占先机 业务局面逐渐铺开,8456000000.0000,,,,,,,,,,,,,,,,,,,,,,,-0.0039,2021-04-12 11:01:49,2021-04-12 11:01:49
000776.XSHE,2017-03-25,2016,q4,2201,,近5个交易日内，该股一致预期净利润被大幅调低,,,,,,,,,,,,,,,,,,,,,,,2017-03-31,8513057500.0000,2017-03-24,10371607484.5527,,,,-0.1792,2021-04-12 11:01:49,2021-04-12 11:01:49
000776.XSHE,2017-03-25,2016,q4,2405,,2017-03-25发布的财报中，4季度净利润增速低于机构的一致预期,,,,,,,,2017-03-25,financial_reports,,,,1845050102.7500,,,,-0.3446,,,,,,,,2017-03-24,,2842865379.4999,,,-0.3510,2021-04-12 11:01:49,2021-04-12 11:01:49
000776.XSHE,2017-03-25,2016,q4,2503,,2017-03-25发布的财报净利润同比增速低于2016一致预期同比增速,,,,,,,,2017-03-25,financial_reports,,,,1845050102.7500,,,,-0.3446,,,,,,,,2017-03-24,,2842865379.4999,,0.0099,-0.3545,2021-04-12 11:01:49,2021-04-12 11:01:49
000776.XSHE,2017-03-25,2017,q4,2101,中金公司,"中金公司2017-03-25发布的报告下调了该股盈利预测,分析师：黄洁",2017-03-25,广发证券：经营稳健 优势突显,黄洁,9769000000.0000,2016-10-22,广发证券：业绩降幅较上半年收窄12ppt至-40% 3Q单季实现正增长,9941000000.0000,,,,,,,,,,,,,,,,,,,,,,,-0.0173,2021-04-12 11:01:49,2021-04-12 11:01:49
000776.XSHE,2017-03-25,2017,q4,2101,民生证券,"民生证券2017-03-25发布的报告下调了该股盈利预测,分析师：李锋,周晓萍",2017-03-25,广发证券：业绩进入行业前三 投行保持优势地位,"李锋,周晓萍",9170000000.0000,2016-10-24,广发证券：业绩下滑符合预期 投行资管发力,9222000000.0000,,,,,,,,,,,,,,,,,,,,,,,-0.0056,2021-04-12 11:01:49,2021-04-12 11:01:49
000776.XSHE,2017-03-26,2017,q4,2101,海通证券,"海通证券2017-03-26发布的报告下调了该股盈利预测,分析师：孙婷,何婷",2017-03-26,广发证券：投行储备丰富 17年业绩有望进一步释放,"孙婷,何婷",9325000000.0000,2016-10-23,广发证券：坚持转型发展 综合实力再获提升,9763000000.0000,,,,,,,,,,,,,,,,,,,,,,,-0.0449,2021-04-12 11:01:49,2021-04-12 11:01:49
000776.XSHE,2017-03-26,2017,q4,2102,招商证券,"招商证券2017-03-26发布的报告下调了该股盈利预测,分析师：郑积沙,马鲲鹏,王立备",2017-03-26,广发证券：投行、资管持续发力,"郑积沙,马鲲鹏,王立备",9261000000.0000,2016-10-24,广发证券：业绩超预期 资管、投行发力,10603000000.0000,,,,,,,,,,,,,,,,,,,,,,,-0.1266,2021-04-12 11:01:49,2021-04-12 11:01:49
000776.XSHE,2017-03-26,2017,q4,2102,东吴证券,"东吴证券2017-03-26发布的报告下调了该股盈利预测,分析师：丁文韬,马祥云",2017-03-26,广发证券：业绩稳健加机制领先 国际化持续推进,"丁文韬,马祥云",8780000000.0000,2016-10-23,广发证券：智能投顾领先 深港通优质券商股,9383690000.0000,,,,,,,,,,,,,,,,,,,,,,,-0.0643,2021-04-12 11:01:49,2021-04-12 11:01:49
000776.XSHE,2017-03-26,2017,q4,2102,安信证券,"安信证券2017-03-26发布的报告下调了该股盈利预测,分析师：赵湘怀",2017-03-26,广发证券：业绩领先同业 股权结构分散,赵湘怀,9887000000.0000,2016-11-07,广发证券：资产管理市场领先 股权分散机制灵活,10365000000.0000,,,,,,,,,,,,,,,,,,,,,,,-0.0461,2021-04-12 11:01:49,2021-04-12 11:01:49
000776.XSHE,2017-03-27,2017,q4,2101,华创证券,"华创证券2017-03-27发布的报告下调了该股盈利预测,分析师：洪锦屏",2017-03-27,广发证券：互金优势仍在 投行后继有力,洪锦屏,8942000000.0000,2016-10-25,广发证券：金融科技持续发酵 撬动未来增长空间,9150000000.0000,,,,,,,,,,,,,,,,,,,,,,,-0.0227,2021-04-12 11:01:49,2021-04-12 11:01:49
000776.XSHE,2017-03-27,2017,q4,2302,申万宏源,申万宏源2017-03-27发布的报告研报摘要中含有超预期信息,2017-03-27,广发证券：集合资管和股权承销保持领先优势,王丛云,8811000000.0000,,,,,,,,,,,,,,,,,,,,,,,,,,,2021-04-12 11:01:49,2021-04-12 11:01:49
000776.XSHE,2017-04-28,2017,q4,2101,东莞证券,"东莞证券2017-04-28发布的报告下调了该股盈利预测,分析师：邓茂,彭著华",2017-04-28,广发证券：IPO业务爆发式增长 智能投顾进展明显,"邓茂,彭著华",8804180000.0000,2017-03-27,广发证券：金融科技推进加快 资管、投行表现亮眼,8913230000.0000,,,,,,,,,,,,,,,,,,,,,,,-0.0122,2021-04-12 11:01:49,2021-04-12 11:01:49
000776.XSHE,2017-06-26,2017,q4,2101,华创证券,"华创证券2017-06-26发布的报告下调了该股盈利预测,分析师：洪锦屏",2017-06-26,广发证券：维持固有优势 厚积而薄发,洪锦屏,9041000000.0000,2017-04-28,广发证券：传统业务巩固 创新能力增强,9068000000.0000,,,,,,,,,,,,,,,,,,,,,,,-0.0030,2021-04-12 11:01:49,2021-04-12 11:01:49
000776.XSHE,2017-08-26,2017,q2,2405,,2017-08-26发布的财报中，2季度净利润增速低于机构的一致预期,,,,,,,,2017-08-26,financial_reports,,,,2162899917.8800,,,,-0.0279,,,,,,,,2017-08-25,,2492560666.2651,,,-0.1323,2021-04-12 11:01:49,2021-04-12 11:01:49
000776.XSHE,2017-08-26,2017,q2,2501,,2017-08-26发布的财报净利润同比增速低于一致预期2017同比增速,,,,,,,,2017-08-26,financial_reports,,,4301426721.9200,,,0.0672,,,,,,,,,,2017-08-25,9112150552.0202,,0.1347,,-0.0675,2021-04-12 11:01:49,2021-04-12 11:01:49
000776.XSHE,2017-08-26,2017,q2,2503,,2017-08-26发布的财报净利润同比增速低于2017一致预期同比增速,,,,,,,,2017-08-26,financial_reports,,,,2162899917.8800,,,,-0.0279,,,,,,,,2017-08-25,,2492560666.2651,,0.1203,-0.1482,2021-04-12 11:01:49,2021-04-12 11:01:49
000776.XSHE,2017-08-26,2017,q4,2102,招商证券,"招商证券2017-08-26发布的报告下调了该股盈利预测,分析师：郑积沙,刘淇",2017-08-26,广发证券：公司特点契合市场风格 全年业绩无忧,"郑积沙,刘淇",9208000000.0000,2017-07-16,广发证券：行业“全优生” 估值修复空间最大！,9460000000.0000,,,,,,,,,,,,,,,,,,,,,,,-0.0266,2021-04-12 11:01:49,2021-04-12 11:01:49
000776.XSHE,2017-08-27,2017,q4,2101,平安证券,"平安证券2017-08-27发布的报告下调了该股盈利预测,分析师：缴文超,陈雯,张译从",2017-08-27,广发证券：自营资管业务优势明显 金融集团化构架初步建立,"缴文超,陈雯,张译从",8817000000.0000,2017-03-26,广发证券：整体业绩表现优于行业 龙头地位进一步巩固,9312000000.0000,,,,,,,,,,,,,,,,,,,,,,,-0.0532,2021-04-12 11:01:49,2021-04-12 11:01:49
000776.XSHE,2017-08-27,2017,q4,2101,海通证券,"海通证券2017-08-27发布的报告下调了该股盈利预测,分析师：孙婷,何婷",2017-08-27,广发证券：保持科技金融优势 经营业绩保持前列,"孙婷,何婷",8521000000.0000,2017-04-28,广发证券：综合金融服务能力领先 业绩值得期待,9325000000.0000,,,,,,,,,,,,,,,,,,,,,,,-0.0862,2021-04-12 11:01:49,2021-04-12 11:01:49
000776.XSHE,2017-08-28,2017,q4,2101,中金公司,"中金公司2017-08-28发布的报告下调了该股盈利预测,分析师：曾梦雅",2017-08-28,广发证券：资本业务快速增长 行业地位进一步稳固,曾梦雅,8460000000.0000,2017-03-25,广发证券：经营稳健 优势突显,9769000000.0000,,,,,,,,,,,,,,,,,,,,,,,-0.1340,2021-04-12 11:01:49,2021-04-12 11:01:49
000776.XSHE,2017-08-28,2017,q4,2101,华创证券,"华创证券2017-08-28发布的报告下调了该股盈利预测,分析师：洪锦屏",2017-08-28,广发证券：自营、资管齐头并进 科技金融助力转型深入,洪锦屏,8868000000.0000,2017-06-26,广发证券：维持固有优势 厚积而薄发,9041000000.0000,,,,,,,,,,,,,,,,,,,,,,,-0.0191,2021-04-12 11:01:49,2021-04-12 11:01:49
000776.XSHE,2017-08-28,2017,q4,2102,华泰证券,"华泰证券2017-08-28发布的报告下调了该股盈利预测,分析师：沈娟",2017-08-28,广发证券：投行稳健投资强劲 业绩大幅领先,沈娟,8699000000.0000,2017-03-26,广发证券：战略卓有成效 发展前景斐然,10140000000.0000,,,,,,,,,,,,,,,,,,,,,,,-0.1421,2021-04-12 11:01:49,2021-04-12 11:01:49
000776.XSHE,2017-08-28,2017,q4,2302,中金公司,中金公司2017-08-28发布的报告研报摘要中含有超预期信息,2017-08-28,广发证券：资本业务快速增长 行业地位进一步稳固,曾梦雅,8460000000.0000,,,,,,,,,,,,,,,,,,,,,,,,,,,2021-04-12 11:01:49,2021-04-12 11:01:49
000776.XSHE,2017-08-28,2017,q4,2302,民生证券,民生证券2017-08-28发布的报告研报摘要中含有超预期信息,2017-08-28,广发证券：投行资管业务领先 综合金融驱动业绩增长,"李锋,周晓萍",9180000000.0000,,,,,,,,,,,,,,,,,,,,,,,,,,,2021-04-12 11:01:49,2021-04-12 11:01:49
000776.XSHE,2017-08-29,2017,q4,2101,申万宏源,"申万宏源2017-08-29发布的报告下调了该股盈利预测,分析师：王丛云",2017-08-29,广发证券：IPO和集合资管业务行业领先 ROE同比提升,王丛云,8558000000.0000,2017-04-28,广发证券：投行业务行业领先 资本中介业务保持增长,8811000000.0000,,,,,,,,,,,,,,,,,,,,,,,-0.0287,2021-04-12 11:01:49,2021-04-12 11:01:49
000776.XSHE,2017-08-29,2017,q4,2102,安信证券,"安信证券2017-08-29发布的报告下调了该股盈利预测,分析师：赵湘怀,贺明之",2017-08-29,广发证券：自营投资收益大增 IPO承销行业第一,"赵湘怀,贺明之",9376000000.0000,2017-03-26,广发证券：业绩领先同业 股权结构分散,9887000000.0000,,,,,,,,,,,,,,,,,,,,,,,-0.0517,2021-04-12 11:01:49,2021-04-12 11:01:49
000776.XSHE,2017-10-28,2017,q3,2405,,2017-10-28发布的财报中，3季度净利润增速低于机构的一致预期,,,,,,,,2017-10-28,financial_reports,,,,2065809146.8900,,,,-0.0412,,,,,,,,2017-10-27,,2478608455.5285,,,-0.1665,2021-04-12 11:01:49,2021-04-12 11:01:49
000776.XSHE,2017-10-28,2017,q3,2501,,2017-10-28发布的财报净利润同比增速低于一致预期2017同比增速,,,,,,,,2017-10-28,financial_reports,,,6367235868.8100,,,0.0295,,,,,,,,,,2017-10-27,8902522305.0044,,0.1086,,-0.0792,2021-04-12 11:01:49,2021-04-12 11:01:49
000776.XSHE,2017-10-28,2017,q3,2503,,2017-10-28发布的财报净利润同比增速低于2017一致预期同比增速,,,,,,,,2017-10-28,financial_reports,,,,2065809146.8900,,,,-0.0412,,,,,,,,2017-10-27,,2478608455.5285,,0.1504,-0.1916,2021-04-12 11:01:49,2021-04-12 11:01:49
000776.XSHE,2017-10-29,2017,q4,2101,中泰证券,"中泰证券2017-10-29发布的报告下调了该股盈利预测,分析师：戴志锋,蒋峤",2017-10-29,广发证券：投行业务持续发力 多元化发展业绩稳健,"戴志锋,蒋峤",8758370000.0000,2017-08-27,广发证券2017中报点评：IPO规模强势增长 助力构建现代投资银行,9897070000.0000,,,,,,,,,,,,,,,,,,,,,,,-0.1151,2021-04-12 11:01:49,2021-04-12 11:01:49
000776.XSHE,2017-10-29,2017,q4,2102,华泰证券,"华泰证券2017-10-29发布的报告下调了该股盈利预测,分析师：沈娟",2017-10-29,广发证券：业绩符合预期 业务多元均衡发展,沈娟,8543000000.0000,2017-08-28,广发证券：投行稳健投资强劲 业绩大幅领先,8699000000.0000,,,,,,,,,,,,,,,,,,,,,,,-0.0179,2021-04-12 11:01:49,2021-04-12 11:01:49
000776.XSHE,2017-10-30,2017,q4,2101,民生证券,"民生证券2017-10-30发布的报告下调了该股盈利预测,分析师：李锋,周晓萍",2017-10-30,广发证券：投资业务增加业绩弹性 投行业务优于行业,"李锋,周晓萍",9177000000.0000,2017-08-28,广发证券：投行资管业务领先 综合金融驱动业绩增长,9180000000.0000,,,,,,,,,,,,,,,,,,,,,,,-0.0003,2021-04-12 11:01:49,2021-04-12 11:01:49
000776.XSHE,2017-10-30,2017,q4,2101,东莞证券,"东莞证券2017-10-30发布的报告下调了该股盈利预测,分析师：彭著华",2017-10-30,广发证券：业绩符合预期 发展势头良好,彭著华,8271200000.0000,2017-08-28,广发证券：IPO业务表现亮眼 互联网金融持续向好,8861350000.0000,,,,,,,,,,,,,,,,,,,,,,,-0.0666,2021-04-12 11:01:49,2021-04-12 11:01:49
000776.XSHE,2017-10-30,2017,q4,2101,华创证券,"华创证券2017-10-30发布的报告下调了该股盈利预测,分析师：洪锦屏",2017-10-30,广发证券：IPO业务高歌猛进 自营夯实收入基础,洪锦屏,8374000000.0000,2017-08-28,广发证券：自营、资管齐头并进 科技金融助力转型深入,8868000000.0000,,,,,,,,,,,,,,,,,,,,,,,-0.0557,2021-04-12 11:01:49,2021-04-12 11:01:49
000776.XSHE,2017-11-02,2017,q4,2101,东北证券,"东北证券2017-11-02发布的报告下调了该股盈利预测,分析师：张经纬,葛玉翔",2017-11-02,广发证券：投行业务实力强劲 整体业务保持稳健发展,"张经纬,葛玉翔",8761000000.0000,2017-08-29,广发证券：投行、资管领先优势稳固 科技金融不断创新,8800000000.0000,,,,,,,,,,,,,,,,,,,,,,,-0.0044,2021-04-12 11:01:49,2021-04-12 11:01:49
000776.XSHE,2017-11-06,2017,q4,2101,民生证券,"民生证券2017-11-06发布的报告下调了该股盈利预测,分析师：李锋,周晓萍",2017-11-06,广发证券：投行IPO领先同业 各项业务排名前列,"李锋,周晓萍",8555000000.0000,2017-10-30,广发证券：投资业务增加业绩弹性 投行业务优于行业,9177000000.0000,,,,,,,,,,,,,,,,,,,,,,,-0.0678,2021-04-12 11:01:49,2021-04-12 11:01:49
000776.XSHE,2017-12-04,2017,q4,2101,民生证券,"民生证券2017-12-04发布的报告下调了该股盈利预测,分析师：李锋,周晓萍",2017-12-04,证券行业2018年度投资策略报告：边际改善趋势向好 券商格局分化强者恒强,"李锋,周晓萍",8418000000.0000,2017-11-06,广发证券：投行IPO领先同业 各项业务排名前列,8555000000.0000,,,,,,,,,,,,,,,,,,,,,,,-0.0160,2021-04-12 11:01:49,2021-04-12 11:01:49
000776.XSHE,2018-01-16,2017,q4,2101,中泰证券,"中泰证券2018-01-16发布的报告下调了该股盈利预测,分析师：戴志锋",2018-01-16,广发证券2017年度业绩快报：IPO持续发力 业绩增长良好,戴志锋,8593040000.0000,2017-10-29,广发证券：投行业务持续发力 多元化发展业绩稳健,8758370000.0000,,,,,,,,,,,,,,,,,,,,,,,-0.0189,2021-04-12 11:01:49,2021-04-12 11:01:49
000776.XSHE,2018-01-16,2017,q4,2403,,2018-01-16发布的业绩快报低于机构的一致预期,,,,,,,,2018-01-16,current_performance,,,8593041900.0000,,,,,,,,,,,,,2018-01-15,8746979397.0362,,,,-0.0176,2021-04-12 11:01:49,2021-04-12 11:01:49
000776.XSHE,2018-01-16,2017,q4,2502,,2018-01-16发布的业绩快报同比增速低于一致预期2017同比增速,,,,,,,,2018-01-16,current_performance,,,8593041900.0000,,,0.0701,,,,,,,,,,2018-01-15,8746979397.0362,,0.0893,,-0.0192,2021-04-12 11:01:49,2021-04-12 11:01:49
000776.XSHE,2018-01-16,2017,q4,2504,,2018-01-16发布的业绩快报同比增速低于2017一致预期同比增速,,,,,,,,2018-01-16,current_performance,,,,8593041900.0000,,,,0.2064,,,,,,,,2018-01-15,,2379745622.5270,,0.2898,-0.0834,2021-04-12 11:01:49,2021-04-12 11:01:49
000776.XSHE,2018-03-24,2017,q4,2405,,2018-03-24发布的财报中，4季度净利润增速低于机构的一致预期,,,,,,,,2018-03-24,financial_reports,,,,2228163191.9500,,,,0.2076,,,,,,,,2018-03-23,,2336571450.1226,,,-0.0464,2021-04-12 11:01:49,2021-04-12 11:01:49
000776.XSHE,2018-03-24,2017,q4,2503,,2018-03-24发布的财报净利润同比增速低于2017一致预期同比增速,,,,,,,,2018-03-24,financial_reports,,,,2228163191.9500,,,,0.2076,,,,,,,,2018-03-23,,2336571450.1226,,0.2664,-0.0588,2021-04-12 11:01:49,2021-04-12 11:01:49
000776.XSHE,2018-03-25,2018,q4,2101,东方证券,"东方证券2018-03-25发布的报告下调了该股盈利预测,分析师：唐子佩,张潇",2018-03-25,广发证券：优势业务持续增长 布局前瞻稳健发展,"唐子佩,张潇",9041000000.0000,2018-03-15,广发证券：民营机制提升经营效率 投行资管亮点突出,9316000000.0000,,,,,,,,,,,,,,,,,,,,,,,-0.0295,2021-04-12 11:01:49,2021-04-12 11:01:49
000776.XSHE,2018-03-25,2018,q4,2102,国泰君安,"国泰君安2018-03-25发布的报告下调了该股盈利预测,分析师：刘欣琦,齐瑞娟,高超",2018-03-25,广发证券：盈利能力领跑行业 投资驱动业绩增长,"刘欣琦,齐瑞娟,高超",9450000000.0000,2017-10-29,广发证券：大资管稳中有进 大投行厚积薄发,10911000000.0000,,,,,,,,,,,,,,,,,,,,,,,-0.1339,2021-04-12 11:01:49,2021-04-12 11:01:49
000776.XSHE,2018-03-26,2018,q4,2101,平安证券,"平安证券2018-03-26发布的报告下调了该股盈利预测,分析师：陈雯,赵耀",2018-03-26,广发证券：多项指标行业领先 自营表现突出科技助力发展,"陈雯,赵耀",9430000000.0000,2017-10-28,广发证券：资管投行领先的大型综合券商 金融科技助力发展,9441000000.0000,,,,,,,,,,,,,,,,,,,,,,,-0.0012,2021-04-12 11:01:49,2021-04-12 11:01:49
000776.XSHE,2018-03-26,2018,q4,2101,民生证券,"民生证券2018-03-26发布的报告下调了该股盈利预测,分析师：周晓萍,牛竞崑",2018-03-26,广发证券：自营创收拉动业绩 投行、资管特色突出,"周晓萍,牛竞崑",9250000000.0000,2018-01-16,广发证券：业绩优于行业 投行、资管行业领先,9640000000.0000,,,,,,,,,,,,,,,,,,,,,,,-0.0405,2021-04-12 11:01:49,2021-04-12 11:01:49
000776.XSHE,2018-03-26,2018,q4,2101,中泰证券,"中泰证券2018-03-26发布的报告下调了该股盈利预测,分析师：戴志锋",2018-03-26,广发证券：投行龙头IPO持续发力 场外衍生品收益大幅增长,戴志锋,8896580000.0000,2018-01-16,广发证券2017年度业绩快报：IPO持续发力 业绩增长良好,9599280000.0000,,,,,,,,,,,,,,,,,,,,,,,-0.0732,2021-04-12 11:01:49,2021-04-12 11:01:49
000776.XSHE,2018-03-26,2018,q4,2101,东莞证券,"东莞证券2018-03-26发布的报告下调了该股盈利预测,分析师：彭著华",2018-03-26,广发证券：金融科技持续领先 IPO业务表现亮眼,彭著华,9028700000.0000,2017-10-30,广发证券：业绩符合预期 发展势头良好,9089600000.0000,,,,,,,,,,,,,,,,,,,,,,,-0.0067,2021-04-12 11:01:49,2021-04-12 11:01:49
000776.XSHE,2018-03-26,2018,q4,2101,华安证券,"华安证券2018-03-26发布的报告下调了该股盈利预测,分析师：汪双秀",2018-03-26,广发证券：投行实力突出 财富管理转型升级,汪双秀,9696000000.0000,2017-12-21,广发证券：投行业绩释放 主动管理行业领先,9779000000.0000,,,,,,,,,,,,,,,,,,,,,,,-0.0085,2021-04-12 11:01:49,2021-04-12 11:01:49
000776.XSHE,2018-03-27,2018,q4,2101,华泰证券,"华泰证券2018-03-27发布的报告下调了该股盈利预测,分析师：沈娟,刘雪菲",2018-03-27,广发证券：投行优势明显 ROE显著领先,"沈娟,刘雪菲",9628000000.0000,2017-10-29,广发证券：业绩符合预期 业务多元均衡发展,9803000000.0000,,,,,,,,,,,,,,,,,,,,,,,-0.0179,2021-04-12 11:01:49,2021-04-12 11:01:49
000776.XSHE,2018-03-27,2018,q4,2101,中信建投,"中信建投2018-03-27发布的报告下调了该股盈利预测,分析师：赵莎莎",2018-03-27,广发证券：ROA同比大增 投行资管优势尽显,赵莎莎,9649000000.0000,2018-01-17,广发证券：业绩基本符合预期 ROE表现亮眼,10279000000.0000,,,,,,,,,,,,,,,,,,,,,,,-0.0613,2021-04-12 11:01:49,2021-04-12 11:01:49
000776.XSHE,2018-03-27,2018,q4,2102,海通证券,"海通证券2018-03-27发布的报告下调了该股盈利预测,分析师：孙婷,何婷",2018-03-27,广发证券：IPO优势显著 主动管理资管仍居行业前列,"孙婷,何婷",8804000000.0000,2017-10-29,广发证券：保持科技金融优势 经营业绩保持前列,9288000000.0000,,,,,,,,,,,,,,,,,,,,,,,-0.0521,2021-04-12 11:01:49,2021-04-12 11:01:49
000776.XSHE,2018-04-25,2018,q1,2405,,2018-04-25发布的财报中，1季度净利润增速低于机构的一致预期,,,,,,,,2018-04-25,financial_reports,,,,1526316890.7700,,,,-0.2863,,,,,,,,2018-04-24,,2331849627.1252,,,-0.3454,2021-04-12 11:01:49,2021-04-12 11:01:49
000776.XSHE,2018-04-25,2018,q1,2501,,2018-04-25发布的财报净利润同比增速低于一致预期2018同比增速,,,,,,,,2018-04-25,financial_reports,,,1526316890.7700,,,-0.2863,,,,,,,,,,2018-04-24,9372122797.2200,,0.0904,,-0.3766,2021-04-12 11:01:49,2021-04-12 11:01:49
000776.XSHE,2018-04-25,2018,q1,2503,,2018-04-25发布的财报净利润同比增速低于2018一致预期同比增速,,,,,,,,2018-04-25,financial_reports,,,,1526316890.7700,,,,-0.2863,,,,,,,,2018-04-24,,2331849627.1252,,0.0904,-0.3767,2021-04-12 11:01:49,2021-04-12 11:01:49
000776.XSHE,2018-04-25,2018,q4,2101,招商证券,"招商证券2018-04-25发布的报告下调了该股盈利预测,分析师：郑积沙,刘雨辰",2018-04-25,广发证券：投资业务是关键变量,"郑积沙,刘雨辰",8814000000.0000,2017-10-27,广发证券：投资业务出色 维持业绩预测,10236000000.0000,,,,,,,,,,,,,,,,,,,,,,,-0.1389,2021-04-12 11:01:49,2021-04-12 11:01:49
000776.XSHE,2018-04-25,2018,q4,2101,中金公司,"中金公司2018-04-25发布的报告下调了该股盈利预测,分析师：王瑶平,蒲寒",2018-04-25,广发证券：业绩略低于预期 投行及自营是主要拖累,"王瑶平,蒲寒",8543000000.0000,2018-03-26,广发证券：自营及PE业务带动全年业绩稳中有进,9358000000.0000,,,,,,,,,,,,,,,,,,,,,,,-0.0871,2021-04-12 11:01:49,2021-04-12 11:01:49
000776.XSHE,2018-04-25,2018,q4,2101,东北证券,"东北证券2018-04-25发布的报告下调了该股盈利预测,分析师：李勇,葛玉翔",2018-04-25,广发证券：投行自营拖累净利表现 IFRS9下FVTOCI自营占比42%,"李勇,葛玉翔",9412000000.0000,2018-03-28,广发证券：权益及衍生品交易投资净收益劲增12倍 多元化业务结构业内领先,9660000000.0000,,,,,,,,,,,,,,,,,,,,,,,-0.0257,2021-04-12 11:01:49,2021-04-12 11:01:49
000776.XSHE,2018-04-25,2018,q4,2101,中航证券,"中航证券2018-04-25发布的报告下调了该股盈利预测,分析师：赵律,胡江",2018-04-25,广发证券：业绩不及预期 业务结构有改善空间,"赵律,胡江",8364680000.0000,2018-03-28,广发证券：在行业变局中坚守领先地位,9287770000.0000,,,,,,,,,,,,,,,,,,,,,,,-0.0994,2021-04-12 11:01:49,2021-04-12 11:01:49
000776.XSHE,2018-04-25,2018,q4,2101,华创证券,"华创证券2018-04-25发布的报告下调了该股盈利预测,分析师：洪锦屏",2018-04-25,广发证券：IPO下滑造成业绩洼地 边际改善预期强烈,洪锦屏,9035000000.0000,2018-03-26,广发证券：机构业务多点开花 ROE行业领先,9652000000.0000,,,,,,,,,,,,,,,,,,,,,,,-0.0639,2021-04-12 11:01:49,2021-04-12 11:01:49
000776.XSHE,2018-04-25,2018,q4,2301,中金公司,中金公司2018-04-25发布的报告研报标题中含有超预期信息,2018-04-25,广发证券：业绩略低于预期 投行及自营是主要拖累,"王瑶平,蒲寒",8543000000.0000,,,,,,,,,,,,,,,,,,,,,,,,,,,2021-04-12 11:01:49,2021-04-12 11:01:49
000776.XSHE,2018-04-25,2018,q4,2301,中航证券,中航证券2018-04-25发布的报告研报标题中含有超预期信息,2018-04-25,广发证券：业绩不及预期 业务结构有改善空间,"赵律,胡江",8364680000.0000,,,,,,,,,,,,,,,,,,,,,,,,,,,2021-10-29 13:57:48,2021-10-29 13:57:48
000776.XSHE,2018-04-25,2018,q4,2302,中金公司,中金公司2018-04-25发布的报告研报摘要中含有超预期信息,2018-04-25,广发证券：业绩略低于预期 投行及自营是主要拖累,"王瑶平,蒲寒",8543000000.0000,,,,,,,,,,,,,,,,,,,,,,,,,,,2021-04-12 11:01:49,2021-04-12 11:01:49
000776.XSHE,2018-04-25,2018,q4,2302,申万宏源,申万宏源2018-04-25发布的报告研报摘要中含有超预期信息,2018-04-25,广发证券：自营下滑拖累业绩 不改全年增长预期,"王丛云,华天行",9111000000.0000,,,,,,,,,,,,,,,,,,,,,,,,,,,2021-04-12 11:01:49,2021-04-12 11:01:49
000776.XSHE,2018-04-26,2018,q4,2101,民生证券,"民生证券2018-04-26发布的报告下调了该股盈利预测,分析师：周晓萍,牛竞崑",2018-04-26,广发证券：业绩下滑符合预期 估值低位显配置价值,"周晓萍,牛竞崑",9043000000.0000,2018-03-26,广发证券：自营创收拉动业绩 投行、资管特色突出,9250000000.0000,,,,,,,,,,,,,,,,,,,,,,,-0.0224,2021-04-12 11:01:49,2021-04-12 11:01:49
000776.XSHE,2018-04-26,2018,q4,2302,国泰君安,国泰君安2018-04-26发布的报告研报摘要中含有超预期信息,2018-04-26,广发证券：投行自营短期扰动 财富管理转型持续推进,"刘欣琦,齐瑞娟,高超",9450000000.0000,,,,,,,,,,,,,,,,,,,,,,,,,,,2021-04-12 11:01:49,2021-04-12 11:01:49
000776.XSHE,2018-08-30,2018,q2,2201,,近5个交易日内，该股一致预期净利润被大幅调低,,,,,,,,,,,,,,,,,,,,,,,2018-09-05,6598179070.3855,2018-08-29,9001849429.0071,,,,-0.2670,2021-04-12 11:01:49,2021-04-12 11:01:49
000776.XSHE,2018-08-30,2018,q2,2405,,2018-08-30发布的财报中，2季度净利润增速低于机构的一致预期,,,,,,,,2018-08-30,financial_reports,,,,1331958993.0700,,,,-0.3842,,,,,,,,2018-08-29,,2504205524.9215,,,-0.4681,2021-04-12 11:01:49,2021-04-12 11:01:49
000776.XSHE,2018-08-30,2018,q2,2501,,2018-08-30发布的财报净利润同比增速低于一致预期2018同比增速,,,,,,,,2018-08-30,financial_reports,,,2858275883.8400,,,-0.3355,,,,,,,,,,2018-08-29,9001849429.0071,,0.0473,,-0.3828,2021-04-12 11:01:49,2021-04-12 11:01:49
000776.XSHE,2018-08-30,2018,q2,2503,,2018-08-30发布的财报净利润同比增速低于2018一致预期同比增速,,,,,,,,2018-08-30,financial_reports,,,,1331958993.0700,,,,-0.3842,,,,,,,,2018-08-29,,2504205524.9215,,0.1578,-0.5420,2021-04-12 11:01:49,2021-04-12 11:01:49
000776.XSHE,2018-08-30,2018,q4,2101,中金公司,"中金公司2018-08-30发布的报告下调了该股盈利预测,分析师：蒲寒,王瑶平",2018-08-30,广发证券：业绩略低于预期 权益投资及投行业务是主要拖累,"蒲寒,王瑶平",7028000000.0000,2018-04-25,广发证券：业绩略低于预期 投行及自营是主要拖累,8543000000.0000,,,,,,,,,,,,,,,,,,,,,,,-0.1773,2021-04-12 11:01:49,2021-04-12 11:01:49
000776.XSHE,2018-08-30,2018,q4,2101,中泰证券,"中泰证券2018-08-30发布的报告下调了该股盈利预测,分析师：戴志锋",2018-08-30,广发证券2018半年报点评：投行自营承压 后续期待改善,戴志锋,6813390000.0000,2018-04-25,广发证券2018一季报点评：FRS 9 实施自营波动加大 有望把握机遇实现稳健增长,8896580000.0000,,,,,,,,,,,,,,,,,,,,,,,-0.2342,2021-04-12 11:01:49,2021-04-12 11:01:49
000776.XSHE,2018-08-30,2018,q4,2102,申万宏源,"申万宏源2018-08-30发布的报告下调了该股盈利预测,分析师：马鲲鹏,王丛云,华天行 等",2018-08-30,广发证券：短期环境不利 青山尚在未来可期,"马鲲鹏,王丛云,华天行 等",6751000000.0000,2018-04-25,广发证券：自营下滑拖累业绩 不改全年增长预期,9111000000.0000,,,,,,,,,,,,,,,,,,,,,,,-0.2590,2021-04-12 11:01:49,2021-04-12 11:01:49
000776.XSHE,2018-08-30,2018,q4,2301,中金公司,中金公司2018-08-30发布的报告研报标题中含有超预期信息,2018-08-30,广发证券：业绩略低于预期 权益投资及投行业务是主要拖累,"蒲寒,王瑶平",7028000000.0000,,,,,,,,,,,,,,,,,,,,,,,,,,,2021-04-12 11:01:49,2021-04-12 11:01:49
000776.XSHE,2018-08-31,2018,q4,2101,中原证券,"中原证券2018-08-31发布的报告下调了该股盈利预测,分析师：张洋",2018-08-31,广发证券：业绩边际改善值得期待,张洋,6192000000.0000,2018-04-03,广发证券：投行、资管保持行业领先,8769000000.0000,,,,,,,,,,,,,,,,,,,,,,,-0.2939,2021-04-12 11:01:49,2021-04-12 11:01:49
000776.XSHE,2018-08-31,2018,q4,2102,海通证券,"海通证券2018-08-31发布的报告下调了该股盈利预测,分析师：孙婷,何婷",2018-08-31,广发证券：财富管理转型深化 净利润同比-34%,"孙婷,何婷",5554000000.0000,2018-04-26,广发证券：IPO储备丰富 经纪业务收入同比正增长,8804000000.0000,,,,,,,,,,,,,,,,,,,,,,,-0.3692,2021-04-12 11:01:49,2021-04-12 11:01:49
000776.XSHE,2018-09-03,2018,q4,2101,东方证券,"东方证券2018-09-03发布的报告下调了该股盈利预测,分析师：唐子佩,张潇",2018-09-03,广发证券：市场拖累业绩下滑 业务优势有所削弱,"唐子佩,张潇",7031000000.0000,2018-04-24,广发证券：投行与自营拖累业绩增速 关注IFRS9施行,9041000000.0000,,,,,,,,,,,,,,,,,,,,,,,-0.2223,2021-04-12 11:01:49,2021-04-12 11:01:49
000776.XSHE,2018-09-04,2018,q4,2101,天风证券,"天风证券2018-09-04发布的报告下调了该股盈利预测,分析师：廖志明,罗钻辉",2018-09-04,广发证券：投资业务表现疲软 业绩略低于预期,"廖志明,罗钻辉",7271390000.0000,2018-03-27,广发证券：自营驱动业绩优于行业 传统业务稳中有进,9300200000.0000,,,,,,,,,,,,,,,,,,,,,,,-0.2181,2021-04-12 11:01:49,2021-04-12 11:01:49
000776.XSHE,2018-09-04,2018,q4,2301,天风证券,天风证券2018-09-04发布的报告研报标题中含有超预期信息,2018-09-04,广发证券：投资业务表现疲软 业绩略低于预期,"廖志明,罗钻辉",7271390000.0000,,,,,,,,,,,,,,,,,,,,,,,,,,,2021-04-12 11:01:49,2021-04-12 11:01:49
000776.XSHE,2018-10-27,2018,q3,2201,,近5个交易日内，该股一致预期净利润被大幅调低,,,,,,,,,,,,,,,,,,,,,,,2018-11-02,5860037186.3467,2018-10-26,7233821519.5012,,,,-0.1899,2021-04-12 11:01:49,2021-04-12 11:01:49
000776.XSHE,2018-10-27,2018,q3,2405,,2018-10-27发布的财报中，3季度净利润增速低于机构的一致预期,,,,,,,,2018-10-27,financial_reports,,,,1255407390.2200,,,,-0.3923,,,,,,,,2018-10-26,,2105059520.6809,,,-0.4036,2021-04-12 11:01:49,2021-04-12 11:01:49
000776.XSHE,2018-10-27,2018,q3,2501,,2018-10-27发布的财报净利润同比增速低于一致预期2018同比增速,,,,,,,,2018-10-27,financial_reports,,,4113683274.0600,,,-0.3539,,,,,,,,,,2018-10-26,7233821519.5012,,-0.1584,,-0.1955,2021-04-12 11:01:49,2021-04-12 11:01:49
000776.XSHE,2018-10-27,2018,q3,2503,,2018-10-27发布的财报净利润同比增速低于2018一致预期同比增速,,,,,,,,2018-10-27,financial_reports,,,,1255407390.2200,,,,-0.3923,,,,,,,,2018-10-26,,2105059520.6809,,0.0190,-0.4113,2021-04-12 11:01:49,2021-04-12 11:01:49
000776.XSHE,2018-10-27,2018,q4,2101,天风证券,"天风证券2018-10-27发布的报告下调了该股盈利预测,分析师：罗钻辉",2018-10-27,广发证券：自营、投行拖累业绩 净利润同比-35%,罗钻辉,6062090000.0000,2018-09-04,广发证券：投资业务表现疲软 业绩略低于预期,7271390000.0000,,,,,,,,,,,,,,,,,,,,,,,-0.1663,2021-04-12 11:01:49,2021-04-12 11:01:49
000776.XSHE,2018-10-27,2018,q4,2102,海通证券,"海通证券2018-10-27发布的报告下调了该股盈利预测,分析师：孙婷,何婷",2018-10-27,广发证券：业绩承压 关注股权质押风险,"孙婷,何婷",4977000000.0000,2018-08-31,广发证券：财富管理转型深化 净利润同比-34%,5554000000.0000,,,,,,,,,,,,,,,,,,,,,,,-0.1039,2021-04-12 11:01:49,2021-04-12 11:01:49
000776.XSHE,2018-10-28,2018,q4,2301,中银国际证券,中银国际证券2018-10-28发布的报告研报标题中含有超预期信息,2018-10-28,广发证券：市场低迷拖累利润增长 业绩表现略低于预期,王维逸,6122000000.0000,,,,,,,,,,,,,,,,,,,,,,,,,,,2021-04-12 11:01:49,2021-04-12 11:01:49
000776.XSHE,2018-10-29,2018,q4,2101,中金公司,"中金公司2018-10-29发布的报告下调了该股盈利预测,分析师：姚泽宇,蒲寒,王瑶平",2018-10-29,广发证券：3Q单季投行及投资业务有所改善、经纪业务及费用端持续承压,"姚泽宇,蒲寒,王瑶平",5653000000.0000,2018-08-30,广发证券：业绩略低于预期 权益投资及投行业务是主要拖累,7028000000.0000,,,,,,,,,,,,,,,,,,,,,,,-0.1956,2021-04-12 11:01:49,2021-04-12 11:01:49
000776.XSHE,2018-10-29,2018,q4,2101,银河证券,"银河证券2018-10-29发布的报告下调了该股盈利预测,分析师：武平平",2018-10-29,广发证券：受市场行情及政策环境影响 业绩表现承压,武平平,5487183118.0800,2018-08-30,广发证券：投资交易业务下滑明显 拖累业绩表现,6935189774.2400,,,,,,,,,,,,,,,,,,,,,,,-0.2088,2021-04-12 11:01:49,2021-04-12 11:01:49
000776.XSHE,2018-10-29,2018,q4,2101,东方证券,"东方证券2018-10-29发布的报告下调了该股盈利预测,分析师：唐子佩,张潇",2018-10-29,广发证券：投行与自营拖累净利润下滑 资管业绩小幅提升,"唐子佩,张潇",6241000000.0000,2018-09-03,广发证券：市场拖累业绩下滑 业务优势有所削弱,7031000000.0000,,,,,,,,,,,,,,,,,,,,,,,-0.1124,2021-04-12 11:01:49,2021-04-12 11:01:49
000776.XSHE,2018-10-29,2018,q4,2101,中泰证券,"中泰证券2018-10-29发布的报告下调了该股盈利预测,分析师：戴志锋,陆韵婷",2018-10-29,广发证券：投行规模回升 定增有望缓解资金压力,"戴志锋,陆韵婷",5932040000.0000,2018-08-30,广发证券2018半年报点评：投行自营承压 后续期待改善,6813390000.0000,,,,,,,,,,,,,,,,,,,,,,,-0.1294,2021-04-12 11:01:49,2021-04-12 11:01:49
000776.XSHE,2018-10-29,2018,q4,2101,东兴证券,"东兴证券2018-10-29发布的报告下调了该股盈利预测,分析师：郑闵钢,安嘉晨",2018-10-29,广发证券：公司股票质押业务规模及风险可控 投行业绩回暖叠加估值较低,"郑闵钢,安嘉晨",6040000000.0000,2018-08-30,广发证券：FICC业务发力 公司杠杆率水平大幅提升,6480000000.0000,,,,,,,,,,,,,,,,,,,,,,,-0.0679,2021-04-12 11:01:49,2021-04-12 11:01:49
000776.XSHE,2018-10-29,2018,q4,2302,平安证券,平安证券2018-10-29发布的报告研报摘要中含有超预期信息,2018-10-29,广发证券：业绩有所承压 非公开发行稳步推进,"陈雯,赵耀",5807000000.0000,,,,,,,,,,,,,,,,,,,,,,,,,,,2021-04-12 11:01:49,2021-04-12 11:01:49
000776.XSHE,2019-03-27,2018,q4,2201,,近5个交易日内，该股一致预期净利润被大幅调低,,,,,,,,,,,,,,,,,,,,,,,2019-04-02,6550369923.8743,2019-03-26,7671894915.0933,,,,-0.1462,2021-04-12 11:01:49,2021-04-12 11:01:49
000776.XSHE,2019-03-27,2018,q4,2405,,2019-03-27发布的财报中，4季度净利润增速低于机构的一致预期,,,,,,,,2019-03-27,financial_reports,,,,186443067.2300,,,,-0.9163,,,,,,,,2019-03-26,,2196523274.6243,,,-0.9151,2021-04-12 11:01:49,2021-04-12 11:01:49
000776.XSHE,2019-03-27,2018,q4,2503,,2019-03-27发布的财报净利润同比增速低于2018一致预期同比增速,,,,,,,,2019-03-27,financial_reports,,,,186443067.2300,,,,-0.9163,,,,,,,,2019-03-26,,2196523274.6243,,-0.0142,-0.9021,2021-04-12 11:01:49,2021-04-12 11:01:49
000776.XSHE,2019-03-27,2019,q4,2101,中银国际证券,"中银国际证券2019-03-27发布的报告下调了该股盈利预测,分析师：王维逸",2019-03-27,广发证券：自营、投行收入大幅缩水 业绩表现低于预期,王维逸,6709000000.0000,2018-10-28,广发证券：市场低迷拖累利润增长 业绩表现略低于预期,8071000000.0000,,,,,,,,,,,,,,,,,,,,,,,-0.1688,2021-04-12 11:01:49,2021-04-12 11:01:49
000776.XSHE,2019-03-27,2019,q4,2101,天风证券,"天风证券2019-03-27发布的报告下调了该股盈利预测,分析师：罗钻辉,夏昌盛",2019-03-27,广发证券：财富管理转型见成效 19年业绩改善可期,"罗钻辉,夏昌盛",5960530000.0000,2018-10-27,广发证券：自营、投行拖累业绩 净利润同比-35%,7116330000.0000,,,,,,,,,,,,,,,,,,,,,,,-0.1624,2021-04-12 11:01:49,2021-04-12 11:01:49
000776.XSHE,2019-03-27,2019,q4,2301,中金公司,中金公司2019-03-27发布的报告研报标题中含有超预期信息,2019-03-27,广发证券：海外基金亏损并表拖累18年业绩低于预期,"蒲寒,姚泽宇,王瑶平",7246000000.0000,,,,,,,,,,,,,,,,,,,,,,,,,,,2021-04-12 11:01:49,2021-04-12 11:01:49
000776.XSHE,2019-03-27,2019,q4,2301,中信证券,中信证券2019-03-27发布的报告研报标题中含有超预期信息,2019-03-27,广发证券：境外投资亏损导致净利润低于预期,"田良,邵子钦,童成墩 等",7437000000.0000,,,,,,,,,,,,,,,,,,,,,,,,,,,2021-04-12 11:01:49,2021-04-12 11:01:49
000776.XSHE,2019-03-27,2019,q4,2301,中银国际证券,中银国际证券2019-03-27发布的报告研报标题中含有超预期信息,2019-03-27,广发证券：自营、投行收入大幅缩水 业绩表现低于预期,王维逸,6709000000.0000,,,,,,,,,,,,,,,,,,,,,,,,,,,2021-04-12 11:01:49,2021-04-12 11:01:49
000776.XSHE,2019-03-27,2019,q4,2302,中金公司,中金公司2019-03-27发布的报告研报摘要中含有超预期信息,2019-03-27,广发证券：海外基金亏损并表拖累18年业绩低于预期,"蒲寒,姚泽宇,王瑶平",7246000000.0000,,,,,,,,,,,,,,,,,,,,,,,,,,,2021-04-12 11:01:49,2021-04-12 11:01:49
000776.XSHE,2019-03-27,2019,q4,2302,申万宏源,申万宏源2019-03-27发布的报告研报摘要中含有超预期信息,2019-03-27,广发证券：权益衍生品交易业务受市场影响 FICC业绩靓丽,"马鲲鹏,王丛云,许旖珊 等",7163822404.1600,,,,,,,,,,,,,,,,,,,,,,,,,,,2021-04-12 11:01:49,2021-04-12 11:01:49
000776.XSHE,2019-03-27,2019,q4,2302,中信证券,中信证券2019-03-27发布的报告研报摘要中含有超预期信息,2019-03-27,广发证券：境外投资亏损导致净利润低于预期,"田良,邵子钦,童成墩 等",7437000000.0000,,,,,,,,,,,,,,,,,,,,,,,,,,,2021-04-12 11:01:49,2021-04-12 11:01:49
000776.XSHE,2019-03-27,2019,q4,2302,天风证券,天风证券2019-03-27发布的报告研报摘要中含有超预期信息,2019-03-27,广发证券：财富管理转型见成效 19年业绩改善可期,"罗钻辉,夏昌盛",5960530000.0000,,,,,,,,,,,,,,,,,,,,,,,,,,,2021-04-12 11:01:49,2021-04-12 11:01:49
000776.XSHE,2019-03-28,2019,q4,2101,银河证券,"银河证券2019-03-28发布的报告下调了该股盈利预测,分析师：武平平,张一纬",2019-03-28,广发证券：投资收益下滑明显 业绩表现低于预期,"武平平,张一纬",6401713637.7600,2018-10-29,广发证券：受市场行情及政策环境影响 业绩表现承压,6630346267.6800,,,,,,,,,,,,,,,,,,,,,,,-0.0345,2021-04-12 11:01:49,2021-04-12 11:01:49
000776.XSHE,2019-03-28,2019,q4,2301,银河证券,银河证券2019-03-28发布的报告研报标题中含有超预期信息,2019-03-28,广发证券：投资收益下滑明显 业绩表现低于预期,"武平平,张一纬",6401713637.7600,,,,,,,,,,,,,,,,,,,,,,,,,,,2021-04-12 11:01:49,2021-04-12 11:01:49
000776.XSHE,2019-03-28,2019,q4,2302,银河证券,银河证券2019-03-28发布的报告研报摘要中含有超预期信息,2019-03-28,广发证券：投资收益下滑明显 业绩表现低于预期,"武平平,张一纬",6401713637.7600,,,,,,,,,,,,,,,,,,,,,,,,,,,2021-04-12 11:01:49,2021-04-12 11:01:49
000776.XSHE,2019-03-29,2019,q4,2101,中泰证券,"中泰证券2019-03-29发布的报告下调了该股盈利预测,分析师：戴志锋,陆韵婷,高崧",2019-03-29,广发证券2018年报点评：自营、投行承压 主动管理规模仍居龙头首位,"戴志锋,陆韵婷,高崧",5715815748.0000,2018-10-29,广发证券：投行规模回升 定增有望缓解资金压力,7143170000.0000,,,,,,,,,,,,,,,,,,,,,,,-0.1998,2021-04-12 11:01:49,2021-04-12 11:01:49
000776.XSHE,2019-04-03,2019,q4,2101,平安证券,"平安证券2019-04-03发布的报告下调了该股盈利预测,分析师：刘志平,赵耀",2019-04-03,广发证券：自营及投行业务拖累业绩 深耕主动管理优势仍存,"刘志平,赵耀",6880000000.0000,2018-10-29,广发证券：业绩有所承压 非公开发行稳步推进,7104000000.0000,,,,,,,,,,,,,,,,,,,,,,,-0.0315,2021-04-12 11:01:49,2021-04-12 11:01:49
000776.XSHE,2019-04-11,2019,q4,2101,东方证券,"东方证券2019-04-11发布的报告下调了该股盈利预测,分析师：唐子佩,张潇",2019-04-11,广发证券：业务表现整体稳健 香港子公司拖累业绩,"唐子佩,张潇",7040000000.0000,2018-11-13,广发证券：150亿定增过会 夯实资本实力 推进协同战略发展,7573000000.0000,,,,,,,,,,,,,,,,,,,,,,,-0.0704,2021-04-12 11:01:49,2021-04-12 11:01:49
000776.XSHE,2019-08-30,2019,q2,2405,,2019-08-30发布的财报中，2季度净利润增速低于机构的一致预期,,,,,,,,2019-08-30,financial_reports,,,,1220867111.1100,,,,-0.0834,,,,,,,,2019-08-29,,2120611912.8667,,,-0.4243,2021-04-12 11:01:49,2021-04-12 11:01:49
000776.XSHE,2019-08-30,2019,q2,2501,,2019-08-30发布的财报净利润同比增速低于一致预期2019同比增速,,,,,,,,2019-08-30,financial_reports,,,4140017091.6200,,,0.4484,,,,,,,,,,2019-08-29,7335296876.6000,,0.7058,,-0.2574,2021-04-12 11:01:49,2021-04-12 11:01:49
000776.XSHE,2019-08-30,2019,q2,2503,,2019-08-30发布的财报净利润同比增速低于2019一致预期同比增速,,,,,,,,2019-08-30,financial_reports,,,,1220867111.1100,,,,-0.0834,,,,,,,,2019-08-29,,2120611912.8667,,0.5921,-0.6755,2021-04-12 11:01:49,2021-04-12 11:01:49
000776.XSHE,2019-08-30,2019,q4,2102,海通证券,"海通证券2019-08-30发布的报告下调了该股盈利预测,分析师：孙婷,何婷",2019-08-30,广发证券：持续加强全面风险管理 项目储备仍丰富,"孙婷,何婷",6470200000.0000,2019-05-01,广发证券：净利润大幅增长 自营投资大增系主因,6809000000.0000,,,,,,,,,,,,,,,,,,,,,,,-0.0498,2021-04-12 11:01:49,2021-04-12 11:01:49
000776.XSHE,2019-08-30,2019,q4,2302,中金公司,中金公司2019-08-30发布的报告研报摘要中含有超预期信息,2019-08-30,广发证券：投资驱动ROE显著回升、股票质押及债券投资规模压缩,"姚泽宇,蒲寒,王瑶平",7452000000.0000,,,,,,,,,,,,,,,,,,,,,,,,,,,2021-04-12 11:01:49,2021-04-12 11:01:49
000776.XSHE,2019-08-31,2019,q4,2101,长城证券,"长城证券2019-08-31发布的报告下调了该股盈利预测,分析师：刘文强,张永",2019-08-31,广发证券：业绩总体大幅改善 自营收入环比下降拖累增速,"刘文强,张永",6785640000.0000,2019-04-30,广发证券：大自营业务支撑业绩大幅改善 2019年值得期待,9001660000.0000,,,,,,,,,,,,,,,,,,,,,,,-0.2462,2021-04-12 11:01:49,2021-04-12 11:01:49
000776.XSHE,2019-10-30,2019,q3,2405,,2019-10-30发布的财报中，3季度净利润增速低于机构的一致预期,,,,,,,,2019-10-30,financial_reports,,,,1475640313.3400,,,,0.1754,,,,,,,,2019-10-29,,2688454926.1561,,,-0.4511,2021-04-12 11:01:49,2021-04-12 11:01:49
000776.XSHE,2019-10-30,2019,q3,2501,,2019-10-30发布的财报净利润同比增速低于一致预期2019同比增速,,,,,,,,2019-10-30,financial_reports,,,5615657404.9600,,,0.3651,,,,,,,,,,2019-10-29,7227810307.3600,,0.6808,,-0.3157,2021-04-12 11:01:49,2021-04-12 11:01:49
000776.XSHE,2019-10-30,2019,q3,2503,,2019-10-30发布的财报净利润同比增速低于2019一致预期同比增速,,,,,,,,2019-10-30,financial_reports,,,,1475640313.3400,,,,0.1754,,,,,,,,2019-10-29,,2688454926.1561,,1.1415,-0.9661,2021-04-12 11:01:49,2021-04-12 11:01:49
000776.XSHE,2019-10-30,2019,q4,2302,中金公司,中金公司2019-10-30发布的报告研报摘要中含有超预期信息,2019-10-30,广发证券：3Q投资收益率提升推动业绩环比改善,"蒲寒,姚泽宇,王瑶平",7452000000.0000,,,,,,,,,,,,,,,,,,,,,,,,,,,2021-04-12 11:01:49,2021-04-12 11:01:49
000776.XSHE,2019-11-01,2019,q4,2101,长城证券,"长城证券2019-11-01发布的报告下调了该股盈利预测,分析师：刘文强,张永",2019-11-01,广发证券：自营贡献业绩弹性 业绩增速低于同业,"刘文强,张永",5814630000.0000,2019-08-31,广发证券：业绩总体大幅改善 自营收入环比下降拖累增速,6785640000.0000,,,,,,,,,,,,,,,,,,,,,,,-0.1431,2021-04-12 11:01:49,2021-04-12 11:01:49
000776.XSHE,2020-04-29,2020,q1,2405,,2020-04-29发布的财报中，1季度净利润增速低于机构的一致预期,,,,,,,,2020-04-29,financial_reports,,,,2070542242.3100,,,,-0.2907,,,,,,,,2020-04-28,,3239672648.3700,,,-0.3609,2021-04-12 11:01:49,2021-04-12 11:01:49
000776.XSHE,2020-04-29,2020,q1,2501,,2020-04-29发布的财报净利润同比增速低于一致预期2020同比增速,,,,,,,,2020-04-29,financial_reports,,,2070542242.3100,,,-0.2907,,,,,,,,,,2020-04-28,8366825856.0533,,0.1098,,-0.4005,2021-04-12 11:01:49,2021-04-12 11:01:49
000776.XSHE,2020-04-29,2020,q1,2503,,2020-04-29发布的财报净利润同比增速低于2020一致预期同比增速,,,,,,,,2020-04-29,financial_reports,,,,2070542242.3100,,,,-0.2907,,,,,,,,2020-04-28,,3239672648.3700,,0.1098,-0.4005,2021-04-12 11:01:49,2021-04-12 11:01:49
000776.XSHE,2020-04-29,2020,q4,2101,长城证券,"长城证券2020-04-29发布的报告下调了该股盈利预测,分析师：刘文强,张永",2020-04-29,广发证券：Q1业绩符合预期 期待Q2业绩突破,"刘文强,张永",8388640000.0000,2020-03-29,广发证券：自营贡献业绩弹性 期待2020年业绩表现,8705270000.0000,,,,,,,,,,,,,,,,,,,,,,,-0.0364,2021-04-12 11:01:49,2021-04-12 11:01:49
000776.XSHE,2020-09-09,2020,q4,2302,招商证券,招商证券2020-09-09发布的报告研报摘要中含有超预期信息,2020-09-09,广发证券：投行暂时承压 资管表现亮眼,"郑积沙,刘雨辰,曾广荣",10997000000.0000,,,,,,,,,,,,,,,,,,,,,,,,,,,2021-04-12 11:01:49,2021-04-12 11:01:49
000776.XSHE,2020-10-31,2020,q4,2101,东方证券,"东方证券2020-10-31发布的报告下调了该股盈利预测,分析师：唐子佩,孙嘉赓",2020-10-31,广发证券：业绩增幅扩大加ROE保持前列 投行利空将逐步出清,"唐子佩,孙嘉赓",11205000000.0000,2020-08-29,广发证券：公募基金管理业绩靓丽 ROE大幅领先行业平均,12056000000.0000,,,,,,,,,,,,,,,,,,,,,,,-0.0706,2021-04-12 11:01:49,2021-04-12 11:01:49
000776.XSHE,2020-11-01,2020,q4,2102,申万宏源,"申万宏源2020-11-01发布的报告下调了该股盈利预测,分析师：马鲲鹏,王丛云,葛玉翔 等",2020-11-01,广发证券：3Q经纪、资管收入增长翻倍 投行收入下滑,"马鲲鹏,王丛云,葛玉翔 等",10057000000.0000,2020-08-30,广发证券：资管、自营收入超预期 投行收入同比下滑,10113000000.0000,,,,,,,,,,,,,,,,,,,,,,,-0.0055,2021-04-12 11:01:49,2021-04-12 11:01:49
000776.XSHE,2020-11-01,2020,q4,2302,申万宏源,申万宏源2020-11-01发布的报告研报摘要中含有超预期信息,2020-11-01,广发证券：3Q经纪、资管收入增长翻倍 投行收入下滑,"马鲲鹏,王丛云,葛玉翔 等",10057000000.0000,,,,,,,,,,,,,,,,,,,,,,,,,,,2021-04-12 11:01:49,2021-04-12 11:01:49
000776.XSHE,2021-02-01,2020,q4,2403,,2021-02-01发布的业绩快报低于机构的一致预期,,,,,,,,2021-02-01,current_performance,,,10041959200.0000,,,,,,,,,,,,,2021-01-29,10049607960.6133,,,,-0.0008,2021-04-12 11:01:49,2021-04-12 11:01:49
000776.XSHE,2021-02-01,2020,q4,2502,,2021-02-01发布的业绩快报同比增速低于一致预期2020同比增速,,,,,,,,2021-02-01,current_performance,,,10041959200.0000,,,0.3320,,,,,,,,,,2021-01-29,10049607960.6133,,0.3330,,-0.0010,2021-04-12 11:01:49,2021-04-12 11:01:49
000776.XSHE,2021-02-01,2020,q4,2504,,2021-02-01发布的业绩快报同比增速低于2020一致预期同比增速,,,,,,,,2021-02-01,current_performance,,,,10041959200.0000,,,,-0.0111,,,,,,,,2021-01-29,,1909609061.9698,,-0.0071,-0.0040,2021-04-12 11:01:49,2021-04-12 11:01:49
000776.XSHE,2021-03-30,2020,q4,2405,,2021-03-30发布的财报中，4季度净利润增速低于机构的一致预期,,,,,,,,2021-03-30,financial_reports,,,,1898040675.9000,,,,-0.0131,,,,,,,,2021-03-29,,1901916005.0175,,,-0.0020,2021-04-12 11:01:49,2021-04-12 11:01:49
000776.XSHE,2021-03-30,2020,q4,2503,,2021-03-30发布的财报净利润同比增速低于2020一致预期同比增速,,,,,,,,2021-03-30,financial_reports,,,,1898040675.9000,,,,-0.0131,,,,,,,,2021-03-29,,1901916005.0175,,-0.0111,-0.0020,2021-04-12 11:01:49,2021-04-12 11:01:49
000776.XSHE,2021-03-30,2021,q4,2101,东方证券,"东方证券2021-03-30发布的报告下调了该股盈利预测,分析师：唐子佩,孙嘉赓",2021-03-30,广发证券：资管双星闪耀加投行否极泰来 ROE行业领先下关注估值修复机会,"唐子佩,孙嘉赓",11761000000.0000,2020-10-31,广发证券：业绩增幅扩大加ROE保持前列 投行利空将逐步出清,14230000000.0000,,,,,,,,,,,,,,,,,,,,,,,-0.1735,2021-04-12 11:01:49,2021-04-12 11:01:49
000776.XSHE,2021-03-30,2021,q4,2302,招商证券,招商证券2021-03-30发布的报告研报摘要中含有超预期信息,2021-03-30,广发证券：投行业务处罚影响将逐步消除 看好公司综合实力,"郑积沙,刘雨辰,曾广荣",11828000000.0000,,,,,,,,,,,,,,,,,,,,,,,,,,,2021-04-12 11:01:49,2021-04-12 11:01:49
000776.XSHE,2021-03-30,2021,q4,2302,中金公司,中金公司2021-03-30发布的报告研报摘要中含有超预期信息,2021-03-30,广发证券：财富及投资管理业务增长驱动公司ROE表现优于行业,"蒲寒,姚泽宇,王瑶平",11999000000.0000,,,,,,,,,,,,,,,,,,,,,,,,,,,2021-04-12 11:01:49,2021-04-12 11:01:49
000776.XSHE,2021-04-05,2021,q4,2302,华西证券,华西证券2021-04-05发布的报告研报摘要中含有超预期信息,2021-04-05,广发证券：显著受益财富管理大发展 投行业务有望否极泰来,"吕秀华,魏涛,罗惠洲",11630000000.0000,,,,,,,,,,,,,,,,,,,,,,,,,,,2021-04-12 11:01:49,2021-04-12 11:01:49
000776.XSHE,2021-08-28,2021,q2,2405,,2021-08-28发布的财报中，2季度净利润增速低于机构的一致预期,,,,,,,,2021-08-28,financial_reports,,,,3347642850.4500,,,,-0.0906,,,,,,,,2021-08-27,,4452161952.8410,,,-0.2481,2021-08-28 08:06:31,2021-08-28 08:06:31
000776.XSHE,2021-08-28,2021,q2,2501,,2021-08-28发布的财报净利润同比增速低于一致预期2021同比增速,,,,,,,,2021-08-28,financial_reports,,,5888485025.8400,,,0.0238,,,,,,,,,,2021-08-27,12177576211.8400,,0.2131,,-0.1893,2021-08-28 08:06:31,2021-08-28 08:06:31
000776.XSHE,2021-08-28,2021,q2,2503,,2021-08-28发布的财报净利润同比增速低于2021一致预期同比增速,,,,,,,,2021-08-28,financial_reports,,,,3347642850.4500,,,,-0.0906,,,,,,,,2021-08-27,,4452161952.8410,,0.2095,-0.3001,2021-08-28 08:06:31,2021-08-28 08:06:31
000776.XSHE,2021-08-29,2021,q4,2302,国泰君安,国泰君安2021-08-29发布的报告研报摘要中含有超预期信息,2021-08-29,广发证券：财富管理产业链表现靓丽 业绩稳健推进,"刘欣琦,高宇飞",12580000000.0000,,,,,,,,,,,,,,,,,,,,,,,,,,,2021-08-31 08:00:04,2021-08-31 08:00:04
000776.XSHE,2021-10-24,2021,q4,2302,西部证券,西部证券2021-10-24发布的报告研报摘要中含有超预期信息,2021-10-24,广发证券：分类评级重回AA+管理层落定 公募子公司独树一帜,罗钻辉,11668000000.0000,,,,,,,,,,,,,,,,,,,,,,,,,,,2021-10-25 13:25:39,2021-10-25 13:25:39
000776.XSHE,2021-10-28,2021,q4,2101,申万宏源,"申万宏源2021-10-28发布的报告下调了该股盈利预测,分析师：许旖珊,李天奇",2021-10-28,广发证券：资管为业绩引擎 投行与投资短期下滑,"许旖珊,李天奇",10897000000.0000,2021-08-28,广发证券：公募势如破竹 财富业务高增 上调盈利预测,12054000000.0000,,,,,,,,,,,,,,,,,,,,,,,-0.0960,2021-10-29 14:48:24,2021-10-29 14:48:24
000776.XSHE,2021-10-28,2021,q4,2302,华西证券,华西证券2021-10-28发布的报告研报摘要中含有超预期信息,2021-10-28,广发证券：旗下公募业务大增 投行、投资业务负增 看好公募持续增长及投行投资的恢复,"吕秀华,魏涛,罗惠洲",11800000000.0000,,,,,,,,,,,,,,,,,,,,,,,,,,,2021-10-29 14:48:24,2021-10-29 14:48:24
000776.XSHE,2021-10-29,2021,q3,2405,,2021-10-29发布的财报中，3季度净利润增速低于机构的一致预期,,,,,,,,2021-10-29,financial_reports,,,,2752358789.3600,,,,0.1523,,,,,,,,2021-10-28,,3547247440.6530,,,-0.2241,2021-10-29 08:35:11,2021-10-29 08:35:11
000776.XSHE,2021-10-29,2021,q3,2501,,2021-10-29发布的财报净利润同比增速低于一致预期2021同比增速,,,,,,,,2021-10-29,financial_reports,,,8640843815.2000,,,0.0615,,,,,,,,,,2021-10-28,12254495633.9822,,0.2208,,-0.1593,2021-10-29 08:35:11,2021-10-29 08:35:11
000776.XSHE,2021-10-29,2021,q3,2503,,2021-10-29发布的财报净利润同比增速低于2021一致预期同比增速,,,,,,,,2021-10-29,financial_reports,,,,2752358789.3600,,,,0.1523,,,,,,,,2021-10-28,,3547247440.6530,,0.4851,-0.3328,2021-10-29 08:35:11,2021-10-29 08:35:11
000776.XSHE,2021-10-29,2021,q4,2101,中信建投,"中信建投2021-10-29发布的报告下调了该股盈利预测,分析师：赵然,庄严",2021-10-29,广发证券：资管业务大放异彩 投行业务静候复苏,"赵然,庄严",12073000000.0000,2021-08-29,广发证券：营收创2015H1以来新高 财富管理时代首要受益者之一,12286000000.0000,,,,,,,,,,,,,,,,,,,,,,,-0.0173,2021-10-30 08:34:02,2021-10-30 08:34:02
000776.XSHE,2021-10-29,2021,q4,2102,海通证券,"海通证券2021-10-29发布的报告下调了该股盈利预测,分析师：孙婷,何婷",2021-10-29,广发证券：资管业务表现亮眼 归母净利润同比+6.2%,"孙婷,何婷",11990000000.0000,2021-08-29,广发证券：资管业务表现亮眼 归母净利润同比+2.4%,12882000000.0000,,,,,,,,,,,,,,,,,,,,,,,-0.0692,2021-11-08 09:11:52,2021-11-08 09:11:52
000776.XSHE,2021-10-29,2021,q4,2301,中金公司,中金公司2021-10-29发布的报告研报标题中含有超预期信息,2021-10-29,广发证券：业绩略低于预期 资管收入占比保持行业领先,研究所,11390000000.0000,,,,,,,,,,,,,,,,,,,,,,,,,,,2021-11-01 08:06:11,2021-11-01 08:06:11
000776.XSHE,2021-10-29,2021,q4,2302,国泰君安,国泰君安2021-10-29发布的报告研报摘要中含有超预期信息,2021-10-29,广发证券：资管优势突出 财富管理产业链稳步推进,"刘欣琦,高宇飞",12580000000.0000,,,,,,,,,,,,,,,,,,,,,,,,,,,2021-11-01 08:06:11,2021-11-01 08:06:11
000776.XSHE,2021-10-29,2021,q4,2302,中金公司,中金公司2021-10-29发布的报告研报摘要中含有超预期信息,2021-10-29,广发证券：业绩略低于预期 资管收入占比保持行业领先,研究所,11390000000.0000,,,,,,,,,,,,,,,,,,,,,,,,,,,2021-11-01 08:06:11,2021-11-01 08:06:11
000776.XSHE,2021-10-31,2021,q4,2102,招商证券,"招商证券2021-10-31发布的报告下调了该股盈利预测,分析师：郑积沙,刘雨辰,曾广荣",2021-10-31,广发证券：财富管理产业链发力 其他业务阶段低迷,"郑积沙,刘雨辰,曾广荣",11800000000.0000,2021-08-29,广发证券：大财富管理领先发展 投行压力逐步出清,11828000000.0000,,,,,,,,,,,,,,,,,,,,,,,-0.0024,2021-11-02 07:54:47,2021-11-02 07:54:47
000776.XSHE,2021-10-31,2021,q4,2302,招商证券,招商证券2021-10-31发布的报告研报摘要中含有超预期信息,2021-10-31,广发证券：财富管理产业链发力 其他业务阶段低迷,"郑积沙,刘雨辰,曾广荣",11800000000.0000,,,,,,,,,,,,,,,,,,,,,,,,,,,2021-11-02 07:54:47,2021-11-02 07:54:47
000776.XSHE,2021-11-03,2021,q4,2101,长城证券,"长城证券2021-11-03发布的报告下调了该股盈利预测,分析师：刘文强,张文珺",2021-11-03,广发证券：大财富管理持续强劲增长 投行业务有望延续复苏势头,"刘文强,张文珺",12224030000.0000,2021-09-07,广发证券：财富加资管为主的收费类业务驱动公司业绩增长 投行改善可期,12663470000.0000,,,,,,,,,,,,,,,,,,,,,,,-0.0347,2021-11-08 09:11:52,2021-11-08 09:11:52
000776.XSHE,2022-01-04,2021,q4,2302,信达证券,信达证券2022-01-04发布的报告研报摘要中含有超预期信息,2022-01-04,广发证券：大财富阿尔法已现 投行复苏业绩可期,"王舫朝,王锐",13916000000.0000,,,,,,,,,,,,,,,,,,,,,,,,,,,2022-01-06 09:50:30,2022-01-06 09:50:30
000776.XSHE,2022-03-31,2021,q4,2201,,近5个交易日内，该股一致预期净利润被大幅调低,,,,,,,,,,,,,,,,,,,,,,,2022-04-08,12587031666.6667,2022-03-30,14700507292.7127,,,,-0.1438,2022-04-09 07:08:26,2022-04-09 07:08:26
000776.XSHE,2022-03-31,2021,q4,2405,,2022-03-31发布的财报中，4季度净利润增速低于机构的一致预期,,,,,,,,2022-03-31,financial_reports,,,,2213271712.2000,,,,0.1661,,,,,,,,2022-03-30,,3500746222.6300,,,-0.3678,2022-03-31 07:41:05,2022-03-31 07:41:05
000776.XSHE,2022-03-31,2021,q4,2503,,2022-03-31发布的财报净利润同比增速低于2021一致预期同比增速,,,,,,,,2022-03-31,financial_reports,,,,2213271712.2000,,,,0.1661,,,,,,,,2022-03-30,,3500746222.6300,,0.8444,-0.6783,2022-03-31 07:41:05,2022-03-31 07:41:05
000776.XSHE,2022-03-31,2022,q4,2101,国泰君安,"国泰君安2022-03-31发布的报告下调了该股盈利预测,分析师：刘欣琦,牛露晴,高宇飞",2022-03-31,广发证券：资产管理优势尽显 优化激励吸引人才,"刘欣琦,牛露晴,高宇飞",13252000000.0000,2021-10-29,广发证券：资管优势突出 财富管理产业链稳步推进,15510000000.0000,,,,,,,,,,,,,,,,,,,,,,,-0.1456,2022-04-01 11:53:41,2022-04-01 11:53:41
000776.XSHE,2022-03-31,2022,q4,2101,中金公司,"中金公司2022-03-31发布的报告下调了该股盈利预测,分析师：研究所",2022-03-31,广发证券：公募业务表现亮眼 机构与交易收入占比提升,研究所,12900000000.0000,2021-10-29,广发证券：业绩略低于预期 资管收入占比保持行业领先,13770000000.0000,,,,,,,,,,,,,,,,,,,,,,,-0.0632,2022-04-01 07:56:38,2022-04-01 07:56:38
000776.XSHE,2022-03-31,2022,q4,2101,申万宏源,"申万宏源2022-03-31发布的报告下调了该股盈利预测,分析师：许旖珊,李天奇",2022-03-31,广发证券：基金管理、财富管理动能强劲 启动回购彰显信心,"许旖珊,李天奇",13087000000.0000,2021-10-28,广发证券：资管为业绩引擎 投行与投资短期下滑,14920000000.0000,,,,,,,,,,,,,,,,,,,,,,,-0.1229,2022-04-01 13:26:31,2022-04-01 13:26:31
000776.XSHE,2022-03-31,2022,q4,2101,华泰证券,"华泰证券2022-03-31发布的报告下调了该股盈利预测,分析师：沈娟,王可",2022-03-31,广发证券：资管显著领跑 利润增速稳健,"沈娟,王可",11814000000.0000,2021-12-24,广发证券：市场化筑基 产业链领航,14451000000.0000,,,,,,,,,,,,,,,,,,,,,,,-0.1825,2022-04-02 06:42:48,2022-04-02 06:42:48
000776.XSHE,2022-03-31,2022,q4,2101,兴业证券,"兴业证券2022-03-31发布的报告下调了该股盈利预测,分析师：徐一洲,孙寅,许盈盈 等",2022-03-31,广发证券：资管业务增长靓眼 估值体系有望重塑,"徐一洲,孙寅,许盈盈 等",11747000000.0000,2021-10-29,广发证券：大资管优势稳固 财富大时代下成长可期,14398000000.0000,,,,,,,,,,,,,,,,,,,,,,,-0.1841,2022-04-01 15:35:29,2022-04-01 15:35:29
000776.XSHE,2022-03-31,2022,q4,2101,东方证券,"东方证券2022-03-31发布的报告下调了该股盈利预测,分析师：孙嘉赓,唐子佩",2022-03-31,广发证券：公募双星持续“闪耀” 自营与投行拖累业绩表现,"孙嘉赓,唐子佩",13606000000.0000,2021-10-28,广发证券：大资管板块表现一枝独秀 持续看好公募双子星带来的价值重估,13808000000.0000,,,,,,,,,,,,,,,,,,,,,,,-0.0146,2022-04-02 06:42:48,2022-04-02 06:42:48
000776.XSHE,2022-03-31,2022,q4,2101,华西证券,"华西证券2022-03-31发布的报告下调了该股盈利预测,分析师：吕秀华,魏涛,罗惠洲",2022-03-31,广发证券：公募基金业绩优异 启动回购计划,"吕秀华,魏涛,罗惠洲",13040000000.0000,2021-10-28,广发证券：旗下公募业务大增 投行、投资业务负增 看好公募持续增长及投行投资的恢复,13750000000.0000,,,,,,,,,,,,,,,,,,,,,,,-0.0516,2022-04-02 06:42:48,2022-04-02 06:42:48
000776.XSHE,2022-03-31,2022,q4,2101,中信建投,"中信建投2022-03-31发布的报告下调了该股盈利预测,分析师：赵然",2022-03-31,广发证券：大资管已成核心驱动 投行业务有望触底反弹,赵然,14439000000.0000,2021-10-29,广发证券：资管业务大放异彩 投行业务静候复苏,14515000000.0000,,,,,,,,,,,,,,,,,,,,,,,-0.0052,2022-04-01 13:26:31,2022-04-01 13:26:31
000776.XSHE,2022-03-31,2022,q4,2101,开源证券,"开源证券2022-03-31发布的报告下调了该股盈利预测,分析师：高超",2022-03-31,广发证券：公募和财富管理业务高增 拟实施股权激励彰显信心,高超,11446000000.0000,2021-10-29,广发证券：大财富管理驱动盈利增长 投行业务有望持续复苏,15224000000.0000,,,,,,,,,,,,,,,,,,,,,,,-0.2482,2022-04-01 07:56:38,2022-04-01 07:56:38
000776.XSHE,2022-03-31,2022,q4,2302,国泰君安,国泰君安2022-03-31发布的报告研报摘要中含有超预期信息,2022-03-31,广发证券：资产管理优势尽显 优化激励吸引人才,"刘欣琦,牛露晴,高宇飞",13252000000.0000,,,,,,,,,,,,,,,,,,,,,,,,,,,2022-04-01 11:53:41,2022-04-01 11:53:41
000776.XSHE,2022-04-01,2022,q4,2101,光大证券,"光大证券2022-04-01发布的报告下调了该股盈利预测,分析师：王一峰,王思敏",2022-04-01,广发证券：大资管业务驱动业绩增长 投行业务进入恢复期,"王一峰,王思敏",12404000000.0000,2021-12-14,证券行业2022年投资策略：莫道春意晚 暖风正当时,12805000000.0000,,,,,,,,,,,,,,,,,,,,,,,-0.0313,2022-04-02 06:42:48,2022-04-02 06:42:48
000776.XSHE,2022-04-01,2022,q4,2101,安信证券,"安信证券2022-04-01发布的报告下调了该股盈利预测,分析师：张经纬",2022-04-01,广发证券：资管持续高增 静待投行修复,张经纬,12148000000.0000,2021-10-31,广发证券：资管表现强劲 投行静待修复,14731000000.0000,,,,,,,,,,,,,,,,,,,,,,,-0.1753,2022-04-06 06:57:12,2022-04-06 06:57:12
000776.XSHE,2022-04-01,2022,q4,2102,海通证券,"海通证券2022-04-01发布的报告下调了该股盈利预测,分析师：孙婷,任广博",2022-04-01,广发证券：财富管理及资管业务行业领先 投行业务有望触底反弹,"孙婷,任广博",12807000000.0000,2022-01-19,广发证券：财富管理持续深化 受益于资管发展契机,14333000000.0000,,,,,,,,,,,,,,,,,,,,,,,-0.1065,2022-04-02 06:42:48,2022-04-02 06:42:48
000776.XSHE,2022-04-02,2022,q4,2102,招商证券,"招商证券2022-04-02发布的报告下调了该股盈利预测,分析师：郑积沙,刘雨辰,曾广荣",2022-04-02,广发证券：资管业务增速强劲 投行业务仍待修复,"郑积沙,刘雨辰,曾广荣",11303000000.0000,2021-10-31,广发证券：财富管理产业链发力 其他业务阶段低迷,14500000000.0000,,,,,,,,,,,,,,,,,,,,,,,-0.2205,2022-04-05 15:33:21,2022-04-05 15:33:21
000776.XSHE,2022-04-02,2022,q4,2102,西部证券,"西部证券2022-04-02发布的报告下调了该股盈利预测,分析师：罗钻辉",2022-04-02,广发证券：公募基金利润贡献超两成 投行仍有待恢复,罗钻辉,13271000000.0000,2021-10-24,广发证券：分类评级重回AA+管理层落定 公募子公司独树一帜,14487000000.0000,,,,,,,,,,,,,,,,,,,,,,,-0.0839,2022-04-06 12:46:46,2022-04-06 12:46:46
000776.XSHE,2022-04-02,2022,q4,2302,招商证券,招商证券2022-04-02发布的报告研报摘要中含有超预期信息,2022-04-02,广发证券：资管业务增速强劲 投行业务仍待修复,"郑积沙,刘雨辰,曾广荣",11303000000.0000,,,,,,,,,,,,,,,,,,,,,,,,,,,2022-04-05 15:33:21,2022-04-05 15:33:21
000776.XSHE,2022-04-06,2022,q4,2101,长城证券,"长城证券2022-04-06发布的报告下调了该股盈利预测,分析师：刘文强,张文珺",2022-04-06,广发证券：资管业务强劲增长 投行业务有望拾级而上,"刘文强,张文珺",11994570000.0000,2021-11-03,广发证券：大财富管理持续强劲增长 投行业务有望延续复苏势头,14426700000.0000,,,,,,,,,,,,,,,,,,,,,,,-0.1686,2022-04-08 07:04:19,2022-04-08 07:04:19
000776.XSHE,2022-04-29,2022,q4,2102,浙商证券,"浙商证券2022-04-29发布的报告下调了该股盈利预测,分析师：邱冠华,梁凤洁",2022-04-29,广发证券：业绩低于预期 投资收益拖累,"邱冠华,梁凤洁",10478000000.0000,2022-03-30,广发证券：资管仍为增长引擎 财富管理贡献提高,13024000000.0000,,,,,,,,,,,,,,,,,,,,,,,-0.1955,2022-05-08 11:45:39,2022-05-08 11:45:39
000776.XSHE,2022-04-29,2022,q4,2301,浙商证券,浙商证券2022-04-29发布的报告研报标题中含有超预期信息,2022-04-29,广发证券：业绩低于预期 投资收益拖累,"邱冠华,梁凤洁",10478000000.0000,,,,,,,,,,,,,,,,,,,,,,,,,,,2022-05-08 11:45:39,2022-05-08 11:45:39
000776.XSHE,2022-04-29,2022,q4,2302,浙商证券,浙商证券2022-04-29发布的报告研报摘要中含有超预期信息,2022-04-29,广发证券：业绩低于预期 投资收益拖累,"邱冠华,梁凤洁",10478000000.0000,,,,,,,,,,,,,,,,,,,,,,,,,,,2022-05-08 11:45:39,2022-05-08 11:45:39
000776.XSHE,2022-04-30,2022,q1,2405,,2022-04-30发布的财报中，1季度净利润增速低于机构的一致预期,,,,,,,,2022-04-30,financial_reports,,,,1302527153.8300,,,,-0.4874,,,,,,,,2022-04-29,,2912059217.2145,,,-0.5527,2022-04-30 08:53:47,2022-04-30 08:53:47
000776.XSHE,2022-04-30,2022,q1,2501,,2022-04-30发布的财报净利润同比增速低于一致预期2022同比增速,,,,,,,,2022-04-30,financial_reports,,,1302527153.8300,,,-0.4874,,,,,,,,,,2022-04-29,12439421868.5148,,0.1461,,-0.6334,2022-04-30 08:53:47,2022-04-30 08:53:47
000776.XSHE,2022-04-30,2022,q1,2503,,2022-04-30发布的财报净利润同比增速低于2022一致预期同比增速,,,,,,,,2022-04-30,financial_reports,,,,1302527153.8300,,,,-0.4874,,,,,,,,2022-04-29,,2912059217.2145,,0.1461,-0.6335,2022-04-30 08:53:47,2022-04-30 08:53:47
000776.XSHE,2022-04-30,2022,q4,2101,国泰君安,"国泰君安2022-04-30发布的报告下调了该股盈利预测,分析师：刘欣琦,牛露晴,高宇飞",2022-04-30,广发证券：投资收入下降 资管韧性十足,"刘欣琦,牛露晴,高宇飞",10466000000.0000,2022-03-31,广发证券：资产管理优势尽显 优化激励吸引人才,13252000000.0000,,,,,,,,,,,,,,,,,,,,,,,-0.2102,2022-05-05 12:59:32,2022-05-05 12:59:32
000776.XSHE,2022-04-30,2022,q4,2101,申万宏源,"申万宏源2022-04-30发布的报告下调了该股盈利预测,分析师：许旖珊,李天奇",2022-04-30,广发证券：公募业务维持龙头地位 投行业务恢复增长,"许旖珊,李天奇",10860000000.0000,2022-03-31,广发证券：基金管理、财富管理动能强劲 启动回购彰显信心,13087000000.0000,,,,,,,,,,,,,,,,,,,,,,,-0.1702,2022-05-08 11:45:39,2022-05-08 11:45:39
000776.XSHE,2022-04-30,2022,q4,2101,兴业证券,"兴业证券2022-04-30发布的报告下调了该股盈利预测,分析师：徐一洲,孙寅,许盈盈 等",2022-04-30,广发证券：市场波动短期承压 看好资产端核心优势,"徐一洲,孙寅,许盈盈 等",7845000000.0000,2022-03-31,广发证券：资管业务增长靓眼 估值体系有望重塑,11747000000.0000,,,,,,,,,,,,,,,,,,,,,,,-0.3322,2022-05-05 14:30:18,2022-05-05 14:30:18
000776.XSHE,2022-04-30,2022,q4,2101,开源证券,"开源证券2022-04-30发布的报告下调了该股盈利预测,分析师：高超",2022-04-30,广发证券：公募基金保持领先优势 机构业务有望贡献增量,高超,10141000000.0000,2022-03-31,广发证券：公募和财富管理业务高增 拟实施股权激励彰显信心,11446000000.0000,,,,,,,,,,,,,,,,,,,,,,,-0.1140,2022-05-05 14:30:18,2022-05-05 14:30:18
000776.XSHE,2022-04-30,2022,q4,2101,华金证券,"华金证券2022-04-30发布的报告下调了该股盈利预测,分析师：崔晓雁",2022-04-30,广发证券：Q1业绩受投资拖累 投行复苏 资管保持领先,崔晓雁,11331000000.0000,2022-03-30,广发证券：业绩超预期 静待投行复苏,12817000000.0000,,,,,,,,,,,,,,,,,,,,,,,-0.1159,2022-05-06 15:34:58,2022-05-06 15:34:58
000776.XSHE,2022-04-30,2022,q4,2102,海通证券,"海通证券2022-04-30发布的报告下调了该股盈利预测,分析师：孙婷,任广博",2022-04-30,广发证券：投行业务逐步恢复 自营业务同比盈转亏,"孙婷,任广博",9092000000.0000,2022-04-01,广发证券：财富管理及资管业务行业领先 投行业务有望触底反弹,12807000000.0000,,,,,,,,,,,,,,,,,,,,,,,-0.2901,2022-05-08 15:38:46,2022-05-08 15:38:46
000776.XSHE,2022-04-30,2022,q4,2302,国泰君安,国泰君安2022-04-30发布的报告研报摘要中含有超预期信息,2022-04-30,广发证券：投资收入下降 资管韧性十足,"刘欣琦,牛露晴,高宇飞",10466000000.0000,,,,,,,,,,,,,,,,,,,,,,,,,,,2022-05-05 12:59:32,2022-05-05 12:59:32
000776.XSHE,2022-04-30,2022,q4,2302,申万宏源,申万宏源2022-04-30发布的报告研报摘要中含有超预期信息,2022-04-30,广发证券：公募业务维持龙头地位 投行业务恢复增长,"许旖珊,李天奇",10860000000.0000,,,,,,,,,,,,,,,,,,,,,,,,,,,2022-05-08 11:45:39,2022-05-08 11:45:39
000776.XSHE,2022-05-01,2022,q4,2302,天风证券,天风证券2022-05-01发布的报告研报摘要中含有超预期信息,2022-05-01,广发证券：资产管理优势稳固 投资端大幅承压压制业绩表现,"夏昌盛,周颖婕,胡江",10493630000.0000,,,,,,,,,,,,,,,,,,,,,,,,,,,2022-05-05 07:02:44,2022-05-05 07:02:44
000776.XSHE,2022-05-02,2022,q4,2101,华泰证券,"华泰证券2022-05-02发布的报告下调了该股盈利预测,分析师：沈娟,王可",2022-05-02,广发证券：投资拖累利润 业绩短期承压,"沈娟,王可",9554000000.0000,2022-03-31,广发证券：资管显著领跑 利润增速稳健,11814000000.0000,,,,,,,,,,,,,,,,,,,,,,,-0.1913,2022-05-09 06:16:11,2022-05-09 06:16:11
000776.XSHE,2022-05-02,2022,q4,2101,华泰金融控股,"华泰金融控股2022-05-02发布的报告下调了该股盈利预测,分析师：沈娟,王可,汪煜",2022-05-02,"GF Securities (01776.HK/000776 CH):Net profit fell,earnings growth dragged by investments","沈娟,王可,汪煜",9554000000.0000,2022-03-31,GF Securities(01776 HK/000776 CH)AM outperformed many peers,11814000000.0000,,,,,,,,,,,,,,,,,,,,,,,-0.1913,2022-06-01 06:34:13,2022-06-01 06:34:13
000776.XSHE,2022-05-03,2022,q4,2101,华创证券,"华创证券2022-05-03发布的报告下调了该股盈利预测,分析师：徐康,洪锦屏",2022-05-03,广发证券：业绩略低预期 看好财富管理长期发展,"徐康,洪锦屏",11584053249.2800,2022-04-14,广发证券：价值重估 财富管理加投行修复带来超额增长空间,11619000000.0000,,,,,,,,,,,,,,,,,,,,,,,-0.0030,2022-05-05 07:02:44,2022-05-05 07:02:44
000776.XSHE,2022-05-03,2022,q4,2301,华创证券,华创证券2022-05-03发布的报告研报标题中含有超预期信息,2022-05-03,广发证券：业绩略低预期 看好财富管理长期发展,"徐康,洪锦屏",11619000000.0000,,,,,,,,,,,,,,,,,,,,,,,,,,,2022-05-05 07:02:44,2022-05-05 07:02:44
000776.XSHE,2022-06-22,2022,q4,2101,中信证券,"中信证券2022-06-22发布的报告下调了该股盈利预测,分析师：田良,邵子钦,肖斐斐 等",2022-06-22,金融产业2022年下半年投资策略：护城河是反脆弱武器 好生意是最终王者,"田良,邵子钦,肖斐斐 等",12554690000.0000,2022-04-01,广发证券：公募利润占比超两成 投行业务仍待复苏,12555000000.0000,,,,,,,,,,,,,,,,,,,,,,,0.0000,2022-06-23 13:09:33,2022-06-23 13:09:33
000776.XSHE,2022-08-30,2022,q4,2101,申万宏源,"申万宏源2022-08-30发布的报告下调了该股盈利预测,分析师：许旖珊",2022-08-30,广发证券：公募龙头地位稳固 投资收益率短期承压,许旖珊,9696000000.0000,2022-04-30,广发证券：公募业务维持龙头地位 投行业务恢复增长,10860000000.0000,,,,,,,,,,,,,,,,,,,,,,,-0.1072,2022-09-01 07:14:24,2022-09-01 07:14:24
000776.XSHE,2022-08-30,2022,q4,2102,浙商证券,"浙商证券2022-08-30发布的报告下调了该股盈利预测,分析师：梁凤洁,洪希柠,胡强",2022-08-30,广发证券：公募贡献维持高位 自营收入环比改善,"梁凤洁,洪希柠,胡强",9483000000.0000,2022-04-29,广发证券：业绩低于预期 投资收益拖累,10478000000.0000,,,,,,,,,,,,,,,,,,,,,,,-0.0950,2022-09-01 14:47:15,2022-09-01 14:47:15
000776.XSHE,2022-08-31,2022,q2,2201,,近5个交易日内，该股一致预期净利润被大幅调低,,,,,,,,,,,,,,,,,,,,,,,2022-09-06,9417055000.0000,2022-08-30,10953581451.6218,,,,-0.1403,2022-09-07 06:33:01,2022-09-07 06:33:01
000776.XSHE,2022-08-31,2022,q2,2405,,2022-08-31发布的财报中，2季度净利润增速低于机构的一致预期,,,,,,,,2022-08-31,financial_reports,,,,2895555548.4500,,,,-0.1350,,,,,,,,2022-08-30,,3886278585.0874,,,-0.2549,2022-08-31 08:23:54,2022-08-31 08:23:54
000776.XSHE,2022-08-31,2022,q2,2501,,2022-08-31发布的财报净利润同比增速低于一致预期2022同比增速,,,,,,,,2022-08-31,financial_reports,,,4198082702.2800,,,-0.2871,,,,,,,,,,2022-08-30,10953581451.6218,,0.0092,,-0.2962,2022-08-31 08:23:54,2022-08-31 08:23:54
000776.XSHE,2022-08-31,2022,q2,2503,,2022-08-31发布的财报净利润同比增速低于2022一致预期同比增速,,,,,,,,2022-08-31,financial_reports,,,,2895555548.4500,,,,-0.1350,,,,,,,,2022-08-30,,3886278585.0874,,0.1609,-0.2959,2022-08-31 08:23:54,2022-08-31 08:23:54
000776.XSHE,2022-08-31,2022,q4,2101,国泰君安,"国泰君安2022-08-31发布的报告下调了该股盈利预测,分析师：刘欣琦,牛露晴",2022-08-31,广发证券：投资业务阶段承压 资管优势持续巩固,"刘欣琦,牛露晴",10041000000.0000,2022-04-30,广发证券：投资收入下降 资管韧性十足,10466000000.0000,,,,,,,,,,,,,,,,,,,,,,,-0.0406,2022-09-04 12:16:42,2022-09-04 12:16:42
000776.XSHE,2022-08-31,2022,q4,2101,光大证券,"光大证券2022-08-31发布的报告下调了该股盈利预测,分析师：王思敏,王一峰",2022-08-31,广发证券：经纪业务市占率提升 公募基金子保持领先,"王思敏,王一峰",8863000000.0000,2022-04-01,广发证券：大资管业务驱动业绩增长 投行业务进入恢复期,12404000000.0000,,,,,,,,,,,,,,,,,,,,,,,-0.2855,2022-09-01 11:58:48,2022-09-01 11:58:48
000776.XSHE,2022-08-31,2022,q4,2101,华西证券,"华西证券2022-08-31发布的报告下调了该股盈利预测,分析师：吕秀华,魏涛,罗惠洲",2022-08-31,广发证券：公募基金业绩稳定 投资收益率大降拖累业绩,"吕秀华,魏涛,罗惠洲",8758000000.0000,2022-03-31,广发证券：公募基金业绩优异 启动回购计划,13040000000.0000,,,,,,,,,,,,,,,,,,,,,,,-0.3284,2022-09-02 08:00:43,2022-09-02 08:00:43
000776.XSHE,2022-08-31,2022,q4,2101,中信建投,"中信建投2022-08-31发布的报告下调了该股盈利预测,分析师：赵然,吴马涵旭",2022-08-31,广发证券：泛财富管理优势稳健 关注投行业务逆境反转,"赵然,吴马涵旭",9830000000.0000,2022-03-31,广发证券：大资管已成核心驱动 投行业务有望触底反弹,14439000000.0000,,,,,,,,,,,,,,,,,,,,,,,-0.3192,2022-09-02 08:00:43,2022-09-02 08:00:43
000776.XSHE,2022-08-31,2022,q4,2101,开源证券,"开源证券2022-08-31发布的报告下调了该股盈利预测,分析师：高超",2022-08-31,广发证券：旗下公募基金保持领先地位 投行业务有所复苏,高超,9245000000.0000,2022-04-30,广发证券：公募基金保持领先优势 机构业务有望贡献增量,10141000000.0000,,,,,,,,,,,,,,,,,,,,,,,-0.0884,2022-09-01 07:14:24,2022-09-01 07:14:24
000776.XSHE,2022-08-31,2022,q4,2302,开源证券,开源证券2022-08-31发布的报告研报摘要中含有超预期信息,2022-08-31,广发证券：旗下公募基金保持领先地位 投行业务有所复苏,高超,9245000000.0000,,,,,,,,,,,,,,,,,,,,,,,,,,,2022-09-01 07:14:24,2022-09-01 07:14:24
000776.XSHE,2022-09-01,2022,q4,2101,中金公司,"中金公司2022-09-01发布的报告下调了该股盈利预测,分析师：蒲寒,龚思匀,姚泽宇",2022-09-01,广发证券：投资改善带动二季度环比修复明显,"蒲寒,龚思匀,姚泽宇",9527000000.0000,2022-03-31,广发证券：公募业务表现亮眼 机构与交易收入占比提升,12900000000.0000,,,,,,,,,,,,,,,,,,,,,,,-0.2615,2022-09-02 13:53:15,2022-09-02 13:53:15
000776.XSHE,2022-09-01,2022,q4,2101,华泰证券,"华泰证券2022-09-01发布的报告下调了该股盈利预测,分析师：王可,沈娟",2022-09-01,广发证券：投行稳健复苏 资管优势持续,"王可,沈娟",9206000000.0000,2022-05-02,广发证券：投资拖累利润 业绩短期承压,9554000000.0000,,,,,,,,,,,,,,,,,,,,,,,-0.0364,2022-09-02 08:00:43,2022-09-02 08:00:43
000776.XSHE,2022-09-01,2022,q4,2101,东方证券,"东方证券2022-09-01发布的报告下调了该股盈利预测,分析师：孙嘉赓,唐子佩",2022-09-01,广发证券：投行业务稳健恢复 自营收入扭亏为盈表现可期,"孙嘉赓,唐子佩",9945000000.0000,2022-03-31,广发证券：公募双星持续“闪耀” 自营与投行拖累业绩表现,13606000000.0000,,,,,,,,,,,,,,,,,,,,,,,-0.2691,2022-09-03 09:09:22,2022-09-03 09:09:22
000776.XSHE,2022-09-01,2022,q4,2101,安信证券,"安信证券2022-09-01发布的报告下调了该股盈利预测,分析师：张经纬",2022-09-01,广发证券：投行复苏公募领先 投资收益短期承压,张经纬,9279000000.0000,2022-04-01,广发证券：资管持续高增 静待投行修复,12148000000.0000,,,,,,,,,,,,,,,,,,,,,,,-0.2362,2022-09-02 13:53:15,2022-09-02 13:53:15
000776.XSHE,2022-09-01,2022,q4,2102,招商证券,"招商证券2022-09-01发布的报告下调了该股盈利预测,分析师：郑积沙,刘雨辰,曾广荣 等",2022-09-01,广发证券：业绩随市场波动 资管自营承压,"郑积沙,刘雨辰,曾广荣 等",9430000000.0000,2022-04-02,广发证券：资管业务增速强劲 投行业务仍待修复,11303000000.0000,,,,,,,,,,,,,,,,,,,,,,,-0.1657,2022-09-02 08:00:43,2022-09-02 08:00:43
000776.XSHE,2022-09-01,2022,q4,2102,海通证券,"海通证券2022-09-01发布的报告下调了该股盈利预测,分析师：孙婷,何婷",2022-09-01,广发证券：自营二季度环比改善 投行业务排名稳步上升,"孙婷,何婷",8759000000.0000,2022-04-30,广发证券：投行业务逐步恢复 自营业务同比盈转亏,9092000000.0000,,,,,,,,,,,,,,,,,,,,,,,-0.0366,2022-09-06 06:57:39,2022-09-06 06:57:39
000776.XSHE,2022-09-01,2022,q4,2102,西部证券,"西部证券2022-09-01发布的报告下调了该股盈利预测,分析师：罗钻辉",2022-09-01,广发证券：22Q2业绩环比大增 投行业务蓄势待发,罗钻辉,9443000000.0000,2022-04-02,广发证券：公募基金利润贡献超两成 投行仍有待恢复,13271000000.0000,,,,,,,,,,,,,,,,,,,,,,,-0.2884,2022-09-02 16:19:58,2022-09-02 16:19:58
000776.XSHE,2022-09-01,2022,q4,2302,西部证券,西部证券2022-09-01发布的报告研报摘要中含有超预期信息,2022-09-01,广发证券：22Q2业绩环比大增 投行业务蓄势待发,罗钻辉,9443000000.0000,,,,,,,,,,,,,,,,,,,,,,,,,,,2022-09-02 16:19:58,2022-09-02 16:19:58
000776.XSHE,2022-09-02,2022,q4,2101,华泰金融控股,"华泰金融控股2022-09-02发布的报告下调了该股盈利预测,分析师：王可,沈娟,汪煜",2022-09-02,"GF Securities(000776.CH/01776.HK):IB in steady recovery,AM sustains strong performance","王可,沈娟,汪煜",9206000000.0000,2022-05-02,"GF Securities (01776.HK/000776 CH):Net profit fell,earnings growth dragged by investments",9554000000.0000,,,,,,,,,,,,,,,,,,,,,,,-0.0364,2022-10-11 13:05:22,2022-10-11 13:05:22
000776.XSHE,2022-09-05,2022,q4,2101,中原证券,"中原证券2022-09-05发布的报告下调了该股盈利预测,分析师：张洋",2022-09-05,广发证券：自营高度承压、投行回归常态、公募保持领先,张洋,9150000000.0000,2022-04-13,广发证券：大资管业务增势强劲 投行业务已正常开展,10736000000.0000,,,,,,,,,,,,,,,,,,,,,,,-0.1477,2022-09-06 12:56:08,2022-09-06 12:56:08
000776.XSHE,2022-09-06,2022,q4,2101,长城证券,"长城证券2022-09-06发布的报告下调了该股盈利预测,分析师：刘文强,张文珺",2022-09-06,广发证券：投行业务走出阴霾 投资下滑拖累业绩,"刘文强,张文珺",8901990000.0000,2022-04-06,广发证券：资管业务强劲增长 投行业务有望拾级而上,11994570000.0000,,,,,,,,,,,,,,,,,,,,,,,-0.2578,2022-09-10 07:17:17,2022-09-10 07:17:17
000776.XSHE,2022-09-06,2022,q4,2101,中信证券,"中信证券2022-09-06发布的报告下调了该股盈利预测,分析师：田良,陆昊,邵子钦 等",2022-09-06,广发证券：公募业务具备领先优势 投行业务逐步复苏,"田良,陆昊,邵子钦 等",9023000000.0000,2022-06-22,金融产业2022年下半年投资策略：护城河是反脆弱武器 好生意是最终王者,12554690000.0000,,,,,,,,,,,,,,,,,,,,,,,-0.2813,2022-09-06 12:56:08,2022-09-06 12:56:08
000776.XSHE,2022-09-06,2022,q4,2302,中信证券,中信证券2022-09-06发布的报告研报摘要中含有超预期信息,2022-09-06,广发证券：公募业务具备领先优势 投行业务逐步复苏,"田良,陆昊,邵子钦 等",9023000000.0000,,,,,,,,,,,,,,,,,,,,,,,,,,,2022-09-06 12:56:08,2022-09-06 12:56:08
000776.XSHE,2022-10-28,2022,q4,2102,浙商证券,"浙商证券2022-10-28发布的报告下调了该股盈利预测,分析师：梁凤洁,洪希柠,胡强",2022-10-28,广发证券：投资亏损拖累 业绩低于预期,"梁凤洁,洪希柠,胡强",7598000000.0000,2022-08-30,广发证券：公募贡献维持高位 自营收入环比改善,9483000000.0000,,,,,,,,,,,,,,,,,,,,,,,-0.1988,2022-11-01 08:02:07,2022-11-01 08:02:07
000776.XSHE,2022-10-28,2022,q4,2301,浙商证券,浙商证券2022-10-28发布的报告研报标题中含有超预期信息,2022-10-28,广发证券：投资亏损拖累 业绩低于预期,"梁凤洁,洪希柠,胡强",7598000000.0000,,,,,,,,,,,,,,,,,,,,,,,,,,,2022-11-01 08:02:07,2022-11-01 08:02:07
000776.XSHE,2022-10-28,2022,q4,2302,浙商证券,浙商证券2022-10-28发布的报告研报摘要中含有超预期信息,2022-10-28,广发证券：投资亏损拖累 业绩低于预期,"梁凤洁,洪希柠,胡强",7598000000.0000,,,,,,,,,,,,,,,,,,,,,,,,,,,2022-11-01 08:02:07,2022-11-01 08:02:07
000776.XSHE,2022-10-29,2022,q3,2201,,近5个交易日内，该股一致预期净利润被大幅调低,,,,,,,,,,,,,,,,,,,,,,,2022-11-04,7576547500.0000,2022-10-28,9378551016.8457,,,,-0.1921,2023-10-31 08:16:03,2023-10-31 08:16:03
000776.XSHE,2022-10-29,2022,q3,2405,,2022-10-29发布的财报中，3季度净利润增速低于机构的一致预期,,,,,,,,2022-10-29,financial_reports,,,,1036209408.1200,,,,-0.6235,,,,,,,,2022-10-28,,2871535924.9393,,,-0.6391,2022-10-29 09:17:49,2022-10-29 09:17:49
000776.XSHE,2022-10-29,2022,q3,2501,,2022-10-29发布的财报净利润同比增速低于一致预期2022同比增速,,,,,,,,2022-10-29,financial_reports,,,5234292110.4000,,,-0.3942,,,,,,,,,,2022-10-28,9378551016.8457,,-0.1359,,-0.2583,2022-10-29 09:17:49,2022-10-29 09:17:49
000776.XSHE,2022-10-29,2022,q3,2503,,2022-10-29发布的财报净利润同比增速低于2022一致预期同比增速,,,,,,,,2022-10-29,financial_reports,,,,1036209408.1200,,,,-0.6235,,,,,,,,2022-10-28,,2871535924.9393,,0.0433,-0.6668,2022-10-29 09:17:49,2022-10-29 09:17:49
000776.XSHE,2022-10-29,2022,q4,2101,兴业证券,"兴业证券2022-10-29发布的报告下调了该股盈利预测,分析师：徐一洲,孙寅,汪成鹏",2022-10-29,广发证券：资管核心优势稳固 看好投行增长潜力,"徐一洲,孙寅,汪成鹏",7505000000.0000,2022-08-31,广发证券：投行正式走出低谷 资管核心优势稳固,9281000000.0000,,,,,,,,,,,,,,,,,,,,,,,-0.1914,2022-11-02 07:49:35,2022-11-02 07:49:35
000776.XSHE,2022-10-29,2022,q4,2101,开源证券,"开源证券2022-10-29发布的报告下调了该股盈利预测,分析师：高超",2022-10-29,广发证券：公募AUM保持领先优势 投资收益拖累业绩,高超,6893000000.0000,2022-08-31,广发证券：旗下公募基金保持领先地位 投行业务有所复苏,9245000000.0000,,,,,,,,,,,,,,,,,,,,,,,-0.2544,2022-11-02 16:34:44,2022-11-02 16:34:44
000776.XSHE,2022-10-29,2022,q4,2102,招商证券,"招商证券2022-10-29发布的报告下调了该股盈利预测,分析师：郑积沙,张成凌,杨海盟 等",2022-10-29,广发证券：公募保持领先 投资拖累业绩 投行稳步复苏,"郑积沙,张成凌,杨海盟 等",8071000000.0000,2022-09-01,广发证券：业绩随市场波动 资管自营承压,9430000000.0000,,,,,,,,,,,,,,,,,,,,,,,-0.1441,2022-11-04 07:10:21,2022-11-04 07:10:21
000776.XSHE,2022-10-30,2022,q4,2101,国泰君安,"国泰君安2022-10-30发布的报告下调了该股盈利预测,分析师：刘欣琦,牛露晴",2022-10-30,广发证券：投行业务加速复苏 资管优势持续巩固,"刘欣琦,牛露晴",6527000000.0000,2022-08-31,广发证券：投资业务阶段承压 资管优势持续巩固,10041000000.0000,,,,,,,,,,,,,,,,,,,,,,,-0.3500,2022-10-31 14:41:35,2022-10-31 14:41:35
000776.XSHE,2022-10-30,2022,q4,2101,中金公司,"中金公司2022-10-30发布的报告下调了该股盈利预测,分析师：蒲寒,姚泽宇",2022-10-30,广发证券：Q3手续费业务环比增长 投资业务有所拖累,"蒲寒,姚泽宇",7987000000.0000,2022-09-01,广发证券：投资改善带动二季度环比修复明显,9527000000.0000,,,,,,,,,,,,,,,,,,,,,,,-0.1616,2022-11-03 07:20:11,2022-11-03 07:20:11
000776.XSHE,2022-10-30,2022,q4,2101,申万宏源,"申万宏源2022-10-30发布的报告下调了该股盈利预测,分析师：许旖珊",2022-10-30,广发证券：公募业务展韧性、投行步入修复期 投资短期承压,许旖珊,7200000000.0000,2022-08-30,广发证券：公募龙头地位稳固 投资收益率短期承压,9696000000.0000,,,,,,,,,,,,,,,,,,,,,,,-0.2574,2022-11-23 13:17:18,2022-11-23 13:17:18
000776.XSHE,2022-10-30,2022,q4,2101,华泰证券,"华泰证券2022-10-30发布的报告下调了该股盈利预测,分析师：沈娟,王可",2022-10-30,广发证券：投行稳步恢复 投资拖累业绩,"沈娟,王可",6392000000.0000,2022-09-01,广发证券：投行稳健复苏 资管优势持续,9206000000.0000,,,,,,,,,,,,,,,,,,,,,,,-0.3057,2022-11-02 07:49:35,2022-11-02 07:49:35
000776.XSHE,2022-10-30,2022,q4,2101,光大证券,"光大证券2022-10-30发布的报告下调了该股盈利预测,分析师：王思敏,王一峰",2022-10-30,广发证券：自营表现拖累业绩 公募基金子公司优势明显,"王思敏,王一峰",7769000000.0000,2022-08-31,广发证券：经纪业务市占率提升 公募基金子保持领先,8863000000.0000,,,,,,,,,,,,,,,,,,,,,,,-0.1234,2022-11-01 08:02:07,2022-11-01 08:02:07
000776.XSHE,2022-10-30,2022,q4,2101,中信建投,"中信建投2022-10-30发布的报告下调了该股盈利预测,分析师：赵然,吴马涵旭",2022-10-30,广发证券：投行业务增长突出 投资拖累短期业绩,"赵然,吴马涵旭",8210000000.0000,2022-08-31,广发证券：泛财富管理优势稳健 关注投行业务逆境反转,9830000000.0000,,,,,,,,,,,,,,,,,,,,,,,-0.1648,2022-11-21 15:54:07,2022-11-21 15:54:07
000776.XSHE,2022-10-30,2022,q4,2101,华创证券,"华创证券2022-10-30发布的报告下调了该股盈利预测,分析师：徐康,洪锦屏",2022-10-30,广发证券：自营业务拖累业绩 投行业务持续修复,"徐康,洪锦屏",6843000000.0000,2022-08-31,广发证券：市场波动 资管财管短期受阻,11619000000.0000,,,,,,,,,,,,,,,,,,,,,,,-0.4111,2022-11-02 13:20:38,2022-11-02 13:20:38
000776.XSHE,2022-10-30,2022,q4,2102,海通证券,"海通证券2022-10-30发布的报告下调了该股盈利预测,分析师：孙婷,何婷,任广博",2022-10-30,广发证券：投行业务大幅回暖 自营表现不佳拖累整体业绩,"孙婷,何婷,任广博",7393000000.0000,2022-09-01,广发证券：自营二季度环比改善 投行业务排名稳步上升,8759000000.0000,,,,,,,,,,,,,,,,,,,,,,,-0.1560,2022-11-02 07:49:35,2022-11-02 07:49:35
000776.XSHE,2022-10-30,2022,q4,2102,西部证券,"西部证券2022-10-30发布的报告下调了该股盈利预测,分析师：罗钻辉",2022-10-30,广发证券：Q3投行收入高增 自营拖累业绩表现,罗钻辉,7727000000.0000,2022-09-01,广发证券：22Q2业绩环比大增 投行业务蓄势待发,9443000000.0000,,,,,,,,,,,,,,,,,,,,,,,-0.1817,2022-11-01 08:02:07,2022-11-01 08:02:07
000776.XSHE,2022-10-30,2022,q4,2102,海通国际,"海通国际2022-10-30发布的报告下调了该股盈利预测,分析师：孙婷,Vivian Xu",2022-10-30,广发证券：投行业务大幅回暖 自营表现不佳拖累整体业绩,"孙婷,Vivian Xu",7393000000.0000,2022-05-06,广发证券：财富管理持续深化 受益于资管发展契机,14333000000.0000,,,,,,,,,,,,,,,,,,,,,,,-0.4842,2022-11-03 15:30:24,2022-11-03 15:30:24
000776.XSHE,2022-10-31,2022,q4,2101,安信证券,"安信证券2022-10-31发布的报告下调了该股盈利预测,分析师：张经纬",2022-10-31,广发证券：自营承压拖累业绩 投行业务稳步复苏,张经纬,6856000000.0000,2022-09-01,广发证券：投行复苏公募领先 投资收益短期承压,9279000000.0000,,,,,,,,,,,,,,,,,,,,,,,-0.2611,2022-11-02 07:49:35,2022-11-02 07:49:35
000776.XSHE,2022-11-02,2022,q4,2101,长城证券,"长城证券2022-11-02发布的报告下调了该股盈利预测,分析师：刘文强,张文珺",2022-11-02,广发证券：投行业务大幅回暖 自营下行超预期拖累整体业绩,"刘文强,张文珺",7264100000.0000,2022-09-06,广发证券：投行业务走出阴霾 投资下滑拖累业绩,8901990000.0000,,,,,,,,,,,,,,,,,,,,,,,-0.1840,2022-11-05 07:42:16,2022-11-05 07:42:16
000776.XSHE,2022-11-06,2022,q4,2101,华泰金融控股,"华泰金融控股2022-11-06发布的报告下调了该股盈利预测,分析师：沈娟,王可,汪煜",2022-11-06,"GF securities (01776 HK/000776 CH):IB recovered steadily,investment dragged down earnings","沈娟,王可,汪煜",6392000000.0000,2022-09-02,"GF Securities(000776.CH/01776.HK):IB in steady recovery,AM sustains strong performance",9206000000.0000,,,,,,,,,,,,,,,,,,,,,,,-0.3057,2022-11-10 07:15:48,2022-11-10 07:15:48
000776.XSHE,2023-03-31,2023,q4,2101,浙商证券,"浙商证券2023-03-31发布的报告下调了该股盈利预测,分析师：梁凤洁,洪希柠,胡强",2023-03-31,广发证券：投资环比显著改善 投行延续恢复趋势,"梁凤洁,洪希柠,胡强",9731000000.0000,2022-10-28,广发证券：投资亏损拖累 业绩低于预期,10290000000.0000,,,,,,,,,,,,,,,,,,,,,,,-0.0543,2023-04-01 14:12:43,2023-04-01 14:12:43
000776.XSHE,2023-03-31,2023,q4,2101,开源证券,"开源证券2023-03-31发布的报告下调了该股盈利预测,分析师：高超",2023-03-31,广发证券：公募业务保持领先地位 场外衍生品发力,高超,9799000000.0000,2022-10-29,广发证券：公募AUM保持领先优势 投资收益拖累业绩,10380000000.0000,,,,,,,,,,,,,,,,,,,,,,,-0.0560,2023-04-01 07:19:40,2023-04-01 07:19:40
000776.XSHE,2023-03-31,2023,q4,2102,东吴证券,"东吴证券2023-03-31发布的报告下调了该股盈利预测,分析师：胡翔,朱洁羽,葛玉翔",2023-03-31,广发证券：市场波动影响公司业绩 财富管理仍为推荐主逻辑,"胡翔,朱洁羽,葛玉翔",9892000000.0000,2023-01-18,广发证券：驾乘财富管理东风 重整旗鼓蓄势待发,10584000000.0000,,,,,,,,,,,,,,,,,,,,,,,-0.0654,2023-04-03 07:00:49,2023-04-03 07:00:49
000776.XSHE,2023-03-31,2023,q4,2102,浙商证券,"浙商证券2023-03-31发布的报告下调了该股盈利预测,分析师：梁凤洁,洪希柠,胡强",2023-03-31,广发证券：投资环比显著改善 投行延续恢复趋势,"梁凤洁,洪希柠,胡强",9731000000.0000,2022-10-28,广发证券：投资亏损拖累 业绩低于预期,10290000000.0000,,,,,,,,,,,,,,,,,,,,,,,-0.0543,2023-04-02 15:40:54,2023-04-02 15:40:54
000776.XSHE,2023-04-01,2023,q4,2101,招商证券,"招商证券2023-04-01发布的报告下调了该股盈利预测,分析师：郑积沙,张成凌,杨海盟 等",2023-04-01,广发证券：业绩整体承压 资管核心优势维持 投行修复亮眼,"郑积沙,张成凌,杨海盟 等",10684000000.0000,2022-10-29,广发证券：公募保持领先 投资拖累业绩 投行稳步复苏,12670000000.0000,,,,,,,,,,,,,,,,,,,,,,,-0.1567,2023-04-04 06:55:03,2023-04-04 06:55:03
000776.XSHE,2023-04-01,2023,q4,2302,招商证券,招商证券2023-04-01发布的报告研报摘要中含有超预期信息,2023-04-01,广发证券：业绩整体承压 资管核心优势维持 投行修复亮眼,"郑积沙,张成凌,杨海盟 等",10684000000.0000,,,,,,,,,,,,,,,,,,,,,,,,,,,2023-04-04 06:55:03,2023-04-04 06:55:03
000776.XSHE,2023-04-07,2023,q4,2102,申万宏源,"申万宏源2023-04-07发布的报告下调了该股盈利预测,分析师：许旖珊",2023-04-07,广发证券：直投及另类投资短期承压 公募业务龙头地位稳固,许旖珊,9608000000.0000,2022-10-30,广发证券：公募业务展韧性、投行步入修复期 投资短期承压,10729000000.0000,,,,,,,,,,,,,,,,,,,,,,,-0.1045,2023-04-08 11:32:21,2023-04-08 11:32:21
000776.XSHE,2023-04-29,2023,q4,2101,兴业证券,"兴业证券2023-04-29发布的报告下调了该股盈利预测,分析师：徐一洲,孙寅,陈静",2023-04-29,广发证券：投资提振业绩 看好资管业务长期发展,"徐一洲,孙寅,陈静",9143000000.0000,2023-04-01,广发证券：资产管理优势突出 投行业务有序修复,10196000000.0000,,,,,,,,,,,,,,,,,,,,,,,-0.1033,2023-05-05 06:54:35,2023-05-05 06:54:35
000776.XSHE,2023-05-01,2023,q4,2101,开源证券,"开源证券2023-05-01发布的报告下调了该股盈利预测,分析师：高超",2023-05-01,广发证券：自营驱动盈利改善 估值具有安全边际,高超,9296000000.0000,2023-03-31,广发证券：公募业务保持领先地位 场外衍生品发力,9799000000.0000,,,,,,,,,,,,,,,,,,,,,,,-0.0513,2023-05-02 06:28:29,2023-05-02 06:28:29
000776.XSHE,2023-05-01,2023,q4,2302,开源证券,开源证券2023-05-01发布的报告研报摘要中含有超预期信息,2023-05-01,广发证券：自营驱动盈利改善 估值具有安全边际,高超,9296000000.0000,,,,,,,,,,,,,,,,,,,,,,,,,,,2023-05-04 12:19:24,2023-05-04 12:19:24
000776.XSHE,2023-08-31,2023,q2,2405,,2023-08-31发布的财报中，2季度净利润增速低于机构的一致预期,,,,,,,,2023-08-31,financial_reports,,,,2381663149.2200,,,,-0.1775,,,,,,,,2023-08-30,,3532577769.1090,,,-0.3258,2023-08-31 07:36:11,2023-08-31 07:36:11
000776.XSHE,2023-08-31,2023,q2,2501,,2023-08-31发布的财报净利润同比增速低于一致预期2023同比增速,,,,,,,,2023-08-31,financial_reports,,,4538405676.5500,,,0.0811,,,,,,,,,,2023-08-30,10241286750.6200,,0.2916,,-0.2105,2023-08-31 07:36:11,2023-08-31 07:36:11
000776.XSHE,2023-08-31,2023,q2,2503,,2023-08-31发布的财报净利润同比增速低于2023一致预期同比增速,,,,,,,,2023-08-31,financial_reports,,,,2381663149.2200,,,,-0.1775,,,,,,,,2023-08-30,,3532577769.1090,,0.2200,-0.3975,2023-08-31 07:36:11,2023-08-31 07:36:11
000776.XSHE,2023-08-31,2023,q4,2101,国泰君安,"国泰君安2023-08-31发布的报告下调了该股盈利预测,分析师：刘欣琦,王思玥",2023-08-31,广发证券：投资驱动业绩改善 政策助推超预期发展,"刘欣琦,王思玥",9927000000.0000,2023-04-29,广发证券：投资业务大幅反弹 资产管理增长可期,10430000000.0000,,,,,,,,,,,,,,,,,,,,,,,-0.0482,2023-09-01 06:36:55,2023-09-01 06:36:55
000776.XSHE,2023-08-31,2023,q4,2101,中金公司,"中金公司2023-08-31发布的报告下调了该股盈利预测,分析师：蒲寒,龚思匀,姚泽宇",2023-08-31,20广发证券：投资收入修复明显、公募业务保持稳健,"蒲寒,龚思匀,姚泽宇",9261000000.0000,2023-04-03,广发证券：公募盈利贡献提升 投资业务有所承压,10401000000.0000,,,,,,,,,,,,,,,,,,,,,,,-0.1096,2023-08-31 12:24:03,2023-08-31 12:24:03
000776.XSHE,2023-08-31,2023,q4,2101,华泰证券,"华泰证券2023-08-31发布的报告下调了该股盈利预测,分析师：沈娟,汪煜",2023-08-31,广发证券：投资弹性延续 资管优势稳固,"沈娟,汪煜",8518000000.0000,2023-04-29,广发证券：投资强势反弹 资管优势稳固,9801000000.0000,,,,,,,,,,,,,,,,,,,,,,,-0.1309,2023-09-01 10:40:49,2023-09-01 10:40:49
000776.XSHE,2023-08-31,2023,q4,2101,兴业证券,"兴业证券2023-08-31发布的报告下调了该股盈利预测,分析师：徐一洲,孙寅,陈静",2023-08-31,广发证券2023年中报点评：资管业务贡献占比高 自营投资表现亮眼,"徐一洲,孙寅,陈静",8795000000.0000,2023-04-29,广发证券：投资提振业绩 看好资管业务长期发展,9143000000.0000,,,,,,,,,,,,,,,,,,,,,,,-0.0381,2023-09-02 09:39:57,2023-09-02 09:39:57
000776.XSHE,2023-08-31,2023,q4,2101,财通证券,"财通证券2023-08-31发布的报告下调了该股盈利预测,分析师：夏昌盛,许盈盈",2023-08-31,广发证券：投资贡献业绩弹性 看好大资管业务核心优势,"夏昌盛,许盈盈",9719000000.0000,2023-03-31,广发证券：大资管优势延续 财富管理孕育广阔空间,10980000000.0000,,,,,,,,,,,,,,,,,,,,,,,-0.1148,2023-09-06 06:23:29,2023-09-06 06:23:29
000776.XSHE,2023-08-31,2023,q4,2102,国泰君安,"国泰君安2023-08-31发布的报告下调了该股盈利预测,分析师：刘欣琦,王思玥",2023-08-31,广发证券2023年半年报点评：投资驱动业绩改善 政策助推超预期发展,"刘欣琦,王思玥",9927000000.0000,2023-04-29,广发证券：投资业务大幅反弹 资产管理增长可期,10430000000.0000,,,,,,,,,,,,,,,,,,,,,,,-0.0482,2023-09-01 12:30:49,2023-09-01 12:30:49
000776.XSHE,2023-08-31,2023,q4,2102,方正证券,"方正证券2023-08-31发布的报告下调了该股盈利预测,分析师：曹柳龙",2023-08-31,广发证券：公募业务龙头地位稳固 投资收益高增,曹柳龙,8906000000.0000,2023-04-01,广发证券：投行逐步修复 财富管理保持领先,9742000000.0000,,,,,,,,,,,,,,,,,,,,,,,-0.0858,2023-09-01 14:25:43,2023-09-01 14:25:43
000776.XSHE,2023-09-01,2023,q4,2101,申万宏源,"申万宏源2023-09-01发布的报告下调了该股盈利预测,分析师：袁豪",2023-09-01,广发证券：投资规模扩张加快 公募业务稳定贡献业绩,袁豪,8881000000.0000,2023-05-03,广发证券：好于预期 投资业务量价齐升 管理费率下降,9608000000.0000,,,,,,,,,,,,,,,,,,,,,,,-0.0757,2023-09-03 15:09:01,2023-09-03 15:09:01
000776.XSHE,2023-09-01,2023,q4,2101,中信建投,"中信建投2023-09-01发布的报告下调了该股盈利预测,分析师：赵然,吴马涵旭",2023-09-01,广发证券：投行业务稳健恢复 看好公司延续利润修复趋势,"赵然,吴马涵旭",7849000000.0000,2023-04-29,广发证券：投资贡献主要增长 资管优势地位稳固,10196000000.0000,,,,,,,,,,,,,,,,,,,,,,,-0.2302,2023-09-02 09:39:57,2023-09-02 09:39:57
000776.XSHE,2023-09-01,2023,q4,2101,西部证券,"西部证券2023-09-01发布的报告下调了该股盈利预测,分析师：罗钻辉",2023-09-01,广发证券：自营提振业绩 资管优势地位稳固,罗钻辉,8761000000.0000,2023-05-02,广发证券：自营投资回暖 业绩增长符合预期,10289000000.0000,,,,,,,,,,,,,,,,,,,,,,,-0.1485,2023-09-04 06:26:57,2023-09-04 06:26:57
000776.XSHE,2023-09-01,2023,q4,2102,申万宏源,"申万宏源2023-09-01发布的报告下调了该股盈利预测,分析师：袁豪",2023-09-01,广发证券：投资规模扩张加快 公募业务稳定贡献业绩,袁豪,8881000000.0000,2023-05-03,广发证券：好于预期 投资业务量价齐升 管理费率下降,9608000000.0000,,,,,,,,,,,,,,,,,,,,,,,-0.0757,2023-09-04 06:26:57,2023-09-04 06:26:57
000776.XSHE,2023-09-01,2023,q4,2102,东吴证券,"东吴证券2023-09-01发布的报告下调了该股盈利预测,分析师：胡翔,朱洁羽,葛玉翔",2023-09-01,广发证券-2023年中报点评：产品完善加借力科技 继续看好公司财富管理业务！,"胡翔,朱洁羽,葛玉翔",8480000000.0000,2023-04-29,广发证券：泛财富管理业务短期承压 仍为公司业绩重要支撑点,9892000000.0000,,,,,,,,,,,,,,,,,,,,,,,-0.1427,2023-09-01 10:40:49,2023-09-01 10:40:49
000776.XSHE,2023-09-02,2023,q4,2101,华创证券,"华创证券2023-09-02发布的报告下调了该股盈利预测,分析师：徐康",2023-09-02,广发证券2023年中报点评：预期内 自营业务修复明显,徐康,10127000000.0000,2023-06-04,广发证券：发展海外资管版图 响应人民币国际化部署,11973000000.0000,,,,,,,,,,,,,,,,,,,,,,,-0.1542,2023-09-04 06:26:57,2023-09-04 06:26:57
000776.XSHE,2023-09-07,2023,q4,2101,华泰金融控股,"华泰金融控股2023-09-07发布的报告下调了该股盈利预测,分析师：沈娟,汪煜",2023-09-07,"GF Securities(01776.HK/000776.CH):Investment Remained Resilient,AM Advantage Consolidated","沈娟,汪煜",8518000000.0000,2023-05-03,"GF Securities(01776.HK/000776.CH):Investment Income Rebounded,Asset Management Competitive",9801000000.0000,,,,,,,,,,,,,,,,,,,,,,,-0.1309,2023-09-07 15:15:43,2023-09-07 15:15:43
000776.XSHE,2023-09-11,2023,q4,2102,海通证券,"海通证券2023-09-11发布的报告下调了该股盈利预测,分析师：孙婷,何婷,任广博",2023-09-11,广发证券：投行业务加速回暖 代销金融产品业务逆势增长,"孙婷,何婷,任广博",9775000000.0000,2023-04-30,广发证券：自营同比大幅反转 驱动营收及净利润显著提升,10070000000.0000,,,,,,,,,,,,,,,,,,,,,,,-0.0293,2023-09-12 12:20:38,2023-09-12 12:20:38
000776.XSHE,2023-10-30,2023,q4,2101,申万宏源,"申万宏源2023-10-30发布的报告下调了该股盈利预测,分析师：罗钻辉",2023-10-30,广发证券：投资业务扭亏为盈 经纪及资管为收入支柱,罗钻辉,8485000000.0000,2023-09-01,广发证券：投资规模扩张加快 公募业务稳定贡献业绩,8881000000.0000,,,,,,,,,,,,,,,,,,,,,,,-0.0446,2023-11-01 07:12:33,2023-11-01 07:12:33
000776.XSHE,2023-10-31,2023,q3,2405,,2023-10-31发布的财报中，3季度净利润增速低于机构的一致预期,,,,,,,,2023-10-31,financial_reports,,,,1271602434.5600,,,,0.2272,,,,,,,,2023-10-30,,1379194722.2077,,,-0.0780,2023-10-31 08:16:03,2023-10-31 08:16:03
000776.XSHE,2023-10-31,2023,q3,2501,,2023-10-31发布的财报净利润同比增速低于一致预期2023同比增速,,,,,,,,2023-10-31,financial_reports,,,5810008111.1100,,,0.1100,,,,,,,,,,2023-10-30,9504761026.4960,,0.1987,,-0.0887,2023-10-31 08:16:03,2023-10-31 08:16:03
000776.XSHE,2023-10-31,2023,q3,2503,,2023-10-31发布的财报净利润同比增速低于2023一致预期同比增速,,,,,,,,2023-10-31,financial_reports,,,,1271602434.5600,,,,0.2272,,,,,,,,2023-10-30,,1379194722.2077,,0.3310,-0.1038,2023-10-31 08:16:03,2023-10-31 08:16:03
000776.XSHE,2023-10-31,2023,q4,2101,华泰证券,"华泰证券2023-10-31发布的报告下调了该股盈利预测,分析师：沈娟,汪煜",2023-10-31,广发证券：投资收入高增 资管优势延续,"沈娟,汪煜",8092000000.0000,2023-08-31,广发证券：投资弹性延续 资管优势稳固,8518000000.0000,,,,,,,,,,,,,,,,,,,,,,,-0.0500,2023-11-02 06:58:03,2023-11-02 06:58:03
000776.XSHE,2023-10-31,2023,q4,2101,西部证券,"西部证券2023-10-31发布的报告下调了该股盈利预测,分析师：雒雅梅",2023-10-31,广发证券：2023年三季报点评,雒雅梅,8520000000.0000,2023-09-01,广发证券：自营提振业绩 资管优势地位稳固,8761000000.0000,,,,,,,,,,,,,,,,,,,,,,,-0.0275,2023-11-01 07:12:33,2023-11-01 07:12:33
000776.XSHE,2023-10-31,2023,q4,2102,国泰君安,"国泰君安2023-10-31发布的报告下调了该股盈利预测,分析师：刘欣琦,牛露晴,王思玥",2023-10-31,广发证券：投资带动业绩高增 资管优势驱动成长,"刘欣琦,牛露晴,王思玥",8077000000.0000,2023-08-31,广发证券2023年半年报点评：投资驱动业绩改善 政策助推超预期发展,9927000000.0000,,,,,,,,,,,,,,,,,,,,,,,-0.1864,2023-11-01 07:12:33,2023-11-01 07:12:33
000776.XSHE,2023-10-31,2023,q4,2102,方正证券,"方正证券2023-10-31发布的报告下调了该股盈利预测,分析师：许旖珊",2023-10-31,广发证券3Q23业绩点评：轻资本业务略承压 公募业务保持韧性,许旖珊,8196000000.0000,2023-08-31,广发证券：公募业务龙头地位稳固 投资收益高增,8906000000.0000,,,,,,,,,,,,,,,,,,,,,,,-0.0797,2023-11-06 06:20:45,2023-11-06 06:20:45
000776.XSHE,2023-11-01,2023,q4,2101,国联证券,"国联证券2023-11-01发布的报告下调了该股盈利预测,分析师：刘雨辰,曾广荣",2023-11-01,广发证券：投资扭亏为盈 短期扰动不改大资管业务核心优势,"刘雨辰,曾广荣",8591000000.0000,2023-08-31,广发证券：短期扰动不改财富管理核心优势,9053000000.0000,,,,,,,,,,,,,,,,,,,,,,,-0.0510,2023-11-02 06:58:03,2023-11-02 06:58:03
000776.XSHE,2023-11-01,2023,q4,2101,东莞证券,"东莞证券2023-11-01发布的报告下调了该股盈利预测,分析师：雷国轩",2023-11-01,广发证券2023年三季报点评：手续费收入小幅下滑 自营收入大幅增长,雷国轩,9376000000.0000,2023-09-01,广发证券2023年半年报点评：投资收益同比翻倍 投行收入逆势增长,9403000000.0000,,,,,,,,,,,,,,,,,,,,,,,-0.0029,2023-11-01 14:21:07,2023-11-01 14:21:07
000776.XSHE,2023-11-03,2023,q4,2101,华泰金融控股,"华泰金融控股2023-11-03发布的报告下调了该股盈利预测,分析师：沈娟,汪煜",2023-11-03,GF Securities(01776.HK/000776.CH):Investment Income Jumped;AM Business A Competitive Edge,"沈娟,汪煜",8092000000.0000,2023-09-07,"GF Securities(01776.HK/000776.CH):Investment Remained Resilient,AM Advantage Consolidated",8518000000.0000,,,,,,,,,,,,,,,,,,,,,,,-0.0500,2023-11-04 06:38:43,2023-11-04 06:38:43
000776.XSHE,2023-12-17,2023,q4,2101,海通证券,"海通证券2023-12-17发布的报告下调了该股盈利预测,分析师：孙婷,何婷,任广博",2023-12-17,广发证券：三季度自营同比扭亏为盈 归母净利润同比+22.7%,"孙婷,何婷,任广博",8837000000.0000,2023-09-11,广发证券：投行业务加速回暖 代销金融产品业务逆势增长,9775000000.0000,,,,,,,,,,,,,,,,,,,,,,,-0.0960,2023-12-19 06:04:44,2023-12-19 06:04:44
000776.XSHE,2023-12-17,2023,q4,2102,海通证券,"海通证券2023-12-17发布的报告下调了该股盈利预测,分析师：孙婷,何婷,任广博",2023-12-17,广发证券2023年三季报点评：三季度自营同比扭亏为盈 归母净利润同比+22.7%,"孙婷,何婷,任广博",8837000000.0000,2023-09-11,广发证券：投行业务加速回暖 代销金融产品业务逆势增长,9775000000.0000,,,,,,,,,,,,,,,,,,,,,,,-0.0960,2023-12-20 09:47:36,2023-12-20 09:47:36
000776.XSHE,2024-01-16,2023,q4,2101,东莞证券,"东莞证券2024-01-16发布的报告下调了该股盈利预测,分析师：雷国轩",2024-01-16,广发证券：顺应公募化发展浪潮 借力基金深耕资管业务,雷国轩,8893000000.0000,2023-11-01,广发证券2023年三季报点评：手续费收入小幅下滑 自营收入大幅增长,9376000000.0000,,,,,,,,,,,,,,,,,,,,,,,-0.0515,2024-01-17 06:09:02,2024-01-17 06:09:02
000776.XSHE,2024-03-29,2023,q4,2201,,近5个交易日内，该股一致预期净利润被大幅调低,,,,,,,,,,,,,,,,,,,,,,,2024-04-08,7389458000.0000,2024-03-28,10790063248.2560,,,,-0.3152,2024-04-09 06:12:39,2024-04-09 06:12:39
000776.XSHE,2024-03-29,2023,q4,2405,,2024-03-29发布的财报中，4季度净利润增速低于机构的一致预期,,,,,,,,2024-03-29,financial_reports,,,,1167791386.0500,,,,-0.5667,,,,,,,,2024-03-28,,3357149917.7679,,,-0.6521,2024-03-29 10:45:09,2024-03-29 10:45:09
000776.XSHE,2024-03-29,2023,q4,2503,,2024-03-29发布的财报净利润同比增速低于2023一致预期同比增速,,,,,,,,2024-03-29,financial_reports,,,,1167791386.0500,,,,-0.5667,,,,,,,,2024-03-28,,3357149917.7679,,0.2457,-0.8124,2024-03-29 10:45:09,2024-03-29 10:45:09
000776.XSHE,2024-03-29,2024,q4,2101,申万宏源,"申万宏源2024-03-29发布的报告下调了该股盈利预测,分析师：罗钻辉",2024-03-29,广发证券：公募业务随市波动 低基数下投资业务高增,罗钻辉,7851000000.0000,2023-10-30,广发证券：投资业务扭亏为盈 经纪及资管为收入支柱,9480000000.0000,,,,,,,,,,,,,,,,,,,,,,,-0.1718,2024-03-31 11:25:44,2024-03-31 11:25:44
000776.XSHE,2024-03-29,2024,q4,2101,东吴证券,"东吴证券2024-03-29发布的报告下调了该股盈利预测,分析师：胡翔,葛玉翔,罗宇康",2024-03-29,广发证券：自营业务相对稳健 鸿蒙生态激发活力,"胡翔,葛玉翔,罗宇康",7649000000.0000,2023-10-31,广发证券2023年三季报点评：泛财富管理业务短期承压 科技领先助推公司发展,9996000000.0000,,,,,,,,,,,,,,,,,,,,,,,-0.2348,2024-03-30 10:21:28,2024-03-30 10:21:28
000776.XSHE,2024-03-29,2024,q4,2101,华泰证券,"华泰证券2024-03-29发布的报告下调了该股盈利预测,分析师：沈娟,汪煜",2024-03-29,广发证券：投资业绩改善 公募贡献显著,"沈娟,汪煜",6369000000.0000,2023-10-31,广发证券：投资收入高增 资管优势延续,9070000000.0000,,,,,,,,,,,,,,,,,,,,,,,-0.2978,2024-03-30 10:21:28,2024-03-30 10:21:28
000776.XSHE,2024-03-29,2024,q4,2101,国联证券,"国联证券2024-03-29发布的报告下调了该股盈利预测,分析师：刘雨辰",2024-03-29,广发证券：投资收益率同比提升 大资管业务随市波动,刘雨辰,7296000000.0000,2023-11-01,广发证券：投资扭亏为盈 短期扰动不改大资管业务核心优势,9578000000.0000,,,,,,,,,,,,,,,,,,,,,,,-0.2383,2024-03-31 11:25:44,2024-03-31 11:25:44
000776.XSHE,2024-03-29,2024,q4,2101,方正证券,"方正证券2024-03-29发布的报告下调了该股盈利预测,分析师：许旖珊",2024-03-29,广发证券：投资收益高增 公募费改影响有所体现,许旖珊,6994000000.0000,2023-10-31,广发证券3Q23业绩点评：轻资本业务略承压 公募业务保持韧性,9814000000.0000,,,,,,,,,,,,,,,,,,,,,,,-0.2873,2024-03-31 11:25:44,2024-03-31 11:25:44
000776.XSHE,2024-03-29,2024,q4,2102,兴业证券,"兴业证券2024-03-29发布的报告下调了该股盈利预测,分析师：徐一洲,李思倩",2024-03-29,广发证券：投资改善稳定业绩 公募业务维持韧性,"徐一洲,李思倩",8546000000.0000,2023-10-31,广发证券2023年三季报点评：资管核心优势稳固 自营投资困境反转,9627000000.0000,,,,,,,,,,,,,,,,,,,,,,,-0.1123,2024-04-01 07:02:32,2024-04-01 07:02:32
000776.XSHE,2024-03-29,2024,q4,2102,财通证券,"财通证券2024-03-29发布的报告下调了该股盈利预测,分析师：许盈盈,汪成鹏",2024-03-29,广发证券：投资贡献业绩弹性 大资管业务优势稳固,"许盈盈,汪成鹏",8138000000.0000,2023-11-01,广发证券：投资收入高增驱动业绩 大资管核心优势稳固,10699000000.0000,,,,,,,,,,,,,,,,,,,,,,,-0.2394,2024-04-01 07:02:32,2024-04-01 07:02:32
000776.XSHE,2024-03-31,2024,q4,2101,西部证券,"西部证券2024-03-31发布的报告下调了该股盈利预测,分析师：周雅婷",2024-03-31,广发证券：自营投资高增 资管业绩有所承压,周雅婷,8033000000.0000,2023-10-31,广发证券2023年三季报点评：符合预期 自营扭亏为盈,10497000000.0000,,,,,,,,,,,,,,,,,,,,,,,-0.2347,2024-04-01 11:34:28,2024-04-01 11:34:28
000776.XSHE,2024-03-31,2024,q4,2102,国泰君安,"国泰君安2024-03-31发布的报告下调了该股盈利预测,分析师：刘欣琦,王思玥",2024-03-31,广发证券2023年报点评：资管承压 强化投研核心能力利好未来,"刘欣琦,王思玥",6627000000.0000,2023-10-31,广发证券：投资带动业绩高增 资管优势驱动成长,9268000000.0000,,,,,,,,,,,,,,,,,,,,,,,-0.2850,2024-04-01 13:22:35,2024-04-01 13:22:35
000776.XSHE,2024-03-31,2024,q4,2102,海通证券,"海通证券2024-03-31发布的报告下调了该股盈利预测,分析师：孙婷,任广博",2024-03-31,广发证券年报点评：自营提振业绩 投行承销规模提升,"孙婷,任广博",7266000000.0000,2023-12-17,广发证券2023年三季报点评：三季度自营同比扭亏为盈 归母净利润同比+22.7%,11192000000.0000,,,,,,,,,,,,,,,,,,,,,,,-0.3508,2024-04-01 07:02:32,2024-04-01 07:02:32
000776.XSHE,2024-04-10,2024,q4,2101,华泰金融控股,"华泰金融控股2024-04-10发布的报告下调了该股盈利预测,分析师：沈娟,汪煜",2024-04-10,"GF Securities(01776.HK/000776.CH):Investment Income Improving,Mutual Funds Contribution Remained High","沈娟,汪煜",6369000000.0000,2023-11-03,GF Securities(01776.HK/000776.CH):Investment Income Jumped;AM Business A Competitive Edge,9070000000.0000,,,,,,,,,,,,,,,,,,,,,,,-0.2978,2024-04-11 14:18:12,2024-04-11 14:18:12
000776.XSHE,2024-04-29,2024,q4,2101,方正证券,"方正证券2024-04-29发布的报告下调了该股盈利预测,分析师：许旖珊",2024-04-29,广发证券1Q24业绩点评：资管、投资业务承压 投资规模稳步扩张,许旖珊,6993000000.0000,2024-03-29,广发证券：投资收益高增 公募费改影响有所体现,6994000000.0000,,,,,,,,,,,,,,,,,,,,,,,-0.0001,2024-05-05 10:27:47,2024-05-05 10:27:47
000776.XSHE,2024-04-29,2024,q4,2302,国泰君安,国泰君安2024-04-29发布的报告研报摘要中含有超预期信息,2024-04-29,广发证券：行情致业绩承压 夯实投研能力做优做强,"刘欣琦,王思玥",6627000000.0000,,,,,,,,,,,,,,,,,,,,,,,,,,,2024-05-01 06:28:47,2024-05-01 06:28:47
000776.XSHE,2024-04-30,2024,q1,2201,,近5个交易日内，该股一致预期净利润被大幅调低,,,,,,,,,,,,,,,,,,,,,,,2024-05-09,6856750000.0000,2024-04-29,7876039890.3378,,,,-0.1294,2024-05-10 06:32:08,2024-05-10 06:32:08
000776.XSHE,2024-04-30,2024,q1,2405,,2024-04-30发布的财报中，1季度净利润增速低于机构的一致预期,,,,,,,,2024-04-30,financial_reports,,,,1538328759.8800,,,,-0.2867,,,,,,,,2024-04-29,,2434315290.5974,,,-0.3681,2024-04-30 07:46:58,2024-04-30 07:46:58
000776.XSHE,2024-04-30,2024,q1,2501,,2024-04-30发布的财报净利润同比增速低于一致预期2024同比增速,,,,,,,,2024-04-30,financial_reports,,,1538328759.8800,,,-0.2867,,,,,,,,,,2024-04-29,7876039890.3378,,0.1287,,-0.4155,2024-04-30 07:46:58,2024-04-30 07:46:58
000776.XSHE,2024-04-30,2024,q1,2503,,2024-04-30发布的财报净利润同比增速低于2024一致预期同比增速,,,,,,,,2024-04-30,financial_reports,,,,1538328759.8800,,,,-0.2867,,,,,,,,2024-04-29,,2434315290.5974,,0.1287,-0.4154,2024-04-30 07:46:58,2024-04-30 07:46:58
000776.XSHE,2024-04-30,2024,q4,2101,申万宏源,"申万宏源2024-04-30发布的报告下调了该股盈利预测,分析师：罗钻辉",2024-04-30,广发证券：扩表提速负债支出增加 资管仍是第一大收入来源,罗钻辉,6901000000.0000,2024-03-29,广发证券：公募业务随市波动 低基数下投资业务高增,7851000000.0000,,,,,,,,,,,,,,,,,,,,,,,-0.1210,2024-05-02 10:23:39,2024-05-02 10:23:39
000776.XSHE,2024-04-30,2024,q4,2101,东吴证券,"东吴证券2024-04-30发布的报告下调了该股盈利预测,分析师：胡翔",2024-04-30,广发证券2024一季报点评：整体业绩下滑 泛财富管理业务表现相对韧性,胡翔,6993000000.0000,2024-03-29,广发证券：自营业务相对稳健 鸿蒙生态激发活力,7649000000.0000,,,,,,,,,,,,,,,,,,,,,,,-0.0858,2024-05-05 10:27:47,2024-05-05 10:27:47
000776.XSHE,2024-04-30,2024,q4,2101,华泰证券,"华泰证券2024-04-30发布的报告下调了该股盈利预测,分析师：沈娟,汪煜",2024-04-30,广发证券：投资规模扩张 业绩短期波动,"沈娟,汪煜",5985000000.0000,2024-03-29,广发证券：投资业绩改善 公募贡献显著,6369000000.0000,,,,,,,,,,,,,,,,,,,,,,,-0.0603,2024-05-07 13:18:01,2024-05-07 13:18:01
000776.XSHE,2024-04-30,2024,q4,2101,西部证券,"西部证券2024-04-30发布的报告下调了该股盈利预测,分析师：周雅婷",2024-04-30,广发证券2024年一季报点评：杠杆提升 资管承压 自营环比改善,周雅婷,7209000000.0000,2024-03-31,广发证券：自营投资高增 资管业绩有所承压,8033000000.0000,,,,,,,,,,,,,,,,,,,,,,,-0.1026,2024-05-01 08:27:54,2024-05-01 08:27:54
000776.XSHE,2024-04-30,2024,q4,2302,国泰君安,国泰君安2024-04-30发布的报告研报摘要中含有超预期信息,2024-04-30,广发证券2024年一季报点评：行情致业绩承压 夯实投研能力做优做强,"刘欣琦,王思玥",6627000000.0000,,,,,,,,,,,,,,,,,,,,,,,,,,,2024-05-05 10:27:47,2024-05-05 10:27:47
000776.XSHE,2024-05-07,2024,q4,2101,华泰金融控股,"华泰金融控股2024-05-07发布的报告下调了该股盈利预测,分析师：沈娟,汪煜",2024-05-07,GF Securities(01776.HK/000776.CH):Investment Scale Expanding;Earnings Volatile in Short Term,"沈娟,汪煜",5985000000.0000,2024-04-10,"GF Securities(01776.HK/000776.CH):Investment Income Improving,Mutual Funds Contribution Remained High",6369000000.0000,,,,,,,,,,,,,,,,,,,,,,,-0.0603,2024-05-08 15:50:09,2024-05-08 15:50:09
000776.XSHE,2024-05-09,2024,q4,2101,国联证券,"国联证券2024-05-09发布的报告下调了该股盈利预测,分析师：刘雨辰",2024-05-09,广发证券：大资管业务随市承压拖累公司利润表现,刘雨辰,7016000000.0000,2024-03-29,广发证券：投资收益率同比提升 大资管业务随市波动,7296000000.0000,,,,,,,,,,,,,,,,,,,,,,,-0.0384,2024-05-10 06:32:08,2024-05-10 06:32:08
000776.XSHE,2024-08-30,2024,q4,2101,方正证券,"方正证券2024-08-30发布的报告下调了该股盈利预测,分析师：许旖珊",2024-08-30,广发证券1H24业绩点评：利润超预期 经纪业务市占率提升 公募业务优势稳固,许旖珊,6611000000.0000,2024-04-29,广发证券1Q24业绩点评：资管、投资业务承压 投资规模稳步扩张,6993000000.0000,,,,,,,,,,,,,,,,,,,,,,,-0.0546,2024-09-01 10:29:51,2024-09-01 10:29:51
000776.XSHE,2024-08-30,2024,q4,2101,财通证券,"财通证券2024-08-30发布的报告下调了该股盈利预测,分析师：许盈盈,刘金金",2024-08-30,广发证券：自营投资修复明显 投行债承业务亮眼,"许盈盈,刘金金",7727000000.0000,2024-05-01,广发证券：短期业绩承压 看好大资管核心优势,8138000000.0000,,,,,,,,,,,,,,,,,,,,,,,-0.0505,2024-09-01 05:28:56,2024-09-01 05:28:56
000776.XSHE,2024-08-30,2024,q4,2102,财通证券,"财通证券2024-08-30发布的报告下调了该股盈利预测,分析师：许盈盈,刘金金",2024-08-30,广发证券：自营投资修复明显 投行债承业务亮眼,"许盈盈,刘金金",7727000000.0000,2024-05-01,广发证券：短期业绩承压 看好大资管核心优势,8138000000.0000,,,,,,,,,,,,,,,,,,,,,,,-0.0505,2024-09-01 09:17:40,2024-09-01 09:17:40
000776.XSHE,2024-08-31,2024,q2,2405,,2024-08-31发布的财报中，2季度净利润增速低于机构的一致预期,,,,,,,,2024-08-31,financial_reports,,,,2824042957.2800,,,,0.1857,,,,,,,,2024-08-30,,3064247807.7865,,,-0.0784,2024-08-31 07:19:24,2024-08-31 07:19:24
000776.XSHE,2024-08-31,2024,q2,2501,,2024-08-31发布的财报净利润同比增速低于一致预期2024同比增速,,,,,,,,2024-08-31,financial_reports,,,4362371717.1600,,,-0.0388,,,,,,,,,,2024-08-30,7741179672.1956,,0.1094,,-0.1482,2024-08-31 07:19:24,2024-08-31 07:19:24
000776.XSHE,2024-08-31,2024,q2,2503,,2024-08-31发布的财报净利润同比增速低于2024一致预期同比增速,,,,,,,,2024-08-31,financial_reports,,,,2824042957.2800,,,,0.1857,,,,,,,,2024-08-30,,3064247807.7865,,0.2866,-0.1009,2024-08-31 07:19:24,2024-08-31 07:19:24
000776.XSHE,2024-08-31,2024,q4,2102,兴业证券,"兴业证券2024-08-31发布的报告下调了该股盈利预测,分析师：徐一洲,李思倩",2024-08-31,广发证券2024年中报点评：大资管收入有所承压 自营投资支撑业绩,"徐一洲,李思倩",6936000000.0000,2024-03-29,广发证券：投资改善稳定业绩 公募业务维持韧性,8546000000.0000,,,,,,,,,,,,,,,,,,,,,,,-0.1884,2024-09-05 08:10:32,2024-09-05 08:10:32
000776.XSHE,2024-09-01,2024,q4,2101,东吴证券,"东吴证券2024-09-01发布的报告下调了该股盈利预测,分析师：胡翔,武欣姝,葛玉翔",2024-09-01,广发证券2024年半年报点评：泛财富管理业务波动 自营及投行业务表现亮眼,"胡翔,武欣姝,葛玉翔",6816000000.0000,2024-04-30,广发证券2024一季报点评：整体业绩下滑 泛财富管理业务表现相对韧性,6993000000.0000,,,,,,,,,,,,,,,,,,,,,,,-0.0253,2024-09-02 05:20:45,2024-09-02 05:20:45
000776.XSHE,2024-09-27,2024,q4,2101,中原证券,"中原证券2024-09-27发布的报告下调了该股盈利预测,分析师：张洋",2024-09-27,广发证券2024年中报点评：自营实现明显增长 公募收入贡献略有下降,张洋,6518000000.0000,2024-04-08,广发证券2023年年报点评：大资管业务短期承压 投资低基数下显著改善,6678000000.0000,,,,,,,,,,,,,,,,,,,,,,,-0.0240,2024-09-29 10:29:02,2024-09-29 10:29:02
000776.XSHE,2024-11-04,2024,q4,2101,华创证券,"华创证券2024-11-04发布的报告下调了该股盈利预测,分析师：徐康",2024-11-04,广发证券2024年三季报点评：业绩符合预期 自营维持稳健,徐康,8275000000.0000,2024-09-02,广发证券2024年中报点评：自营收益率修复 净利润率提升明显,8401000000.0000,,,,,,,,,,,,,,,,,,,,,,,-0.0150,2024-11-05 05:50:56,2024-11-05 05:50:56
000776.XSHE,2025-02-14,2024,q4,2101,申万宏源,"申万宏源2025-02-14发布的报告下调了该股盈利预测,分析师：罗钻辉,冉兆邦",2025-02-14,广发证券：业务结构与业绩预期改善 估值有望上修,"罗钻辉,冉兆邦",8352000000.0000,2024-10-31,广发证券：自营保持高增长 公募资管表现稳健,8902000000.0000,,,,,,,,,,,,,,,,,,,,,,,-0.0618,2025-02-15 04:53:59,2025-02-15 04:53:59
000776.XSHE,2025-02-20,2024,q4,2101,招商证券,"招商证券2025-02-20发布的报告下调了该股盈利预测,分析师：郑积沙,许诗蕾",2025-02-20,广发证券：或为当前最具投资价值的券商标的,"郑积沙,许诗蕾",8199000000.0000,2024-11-01,广发证券：资管变中求进 自营表现突出,8735000000.0000,,,,,,,,,,,,,,,,,,,,,,,-0.0614,2025-02-21 12:53:26,2025-02-21 12:53:26
000776.XSHE,2025-03-29,2025,q4,2102,国泰君安,"国泰君安2025-03-29发布的报告下调了该股盈利预测,分析师：刘欣琦,王思玥,吴浩东",2025-03-29,广发证券2024年年报点评：业绩符合预期 持续受益增量资金入市,"刘欣琦,王思玥,吴浩东",10020000000.0000,2024-10-31,广发证券2024年三季报点评：业绩好于预期 增量资金入市助推增长,10074000000.0000,,,,,,,,,,,,,,,,,,,,,,,-0.0054,2025-03-30 13:53:15,2025-03-30 13:53:15
000776.XSHE,2025-04-30,2025,q4,2101,华泰证券,"华泰证券2025-04-30发布的报告下调了该股盈利预测,分析师：沈娟,汪煜",2025-04-30,广发证券：投资贡献增长 经纪提振业绩,"沈娟,汪煜",10579000000.0000,2025-03-29,广发证券：投资弹性驱动 经纪投行复苏,11232000000.0000,,,,,,,,,,,,,,,,,,,,,,,-0.0581,2025-04-30 19:07:27,2025-04-30 19:07:27
000776.XSHE,2026-01-12,2025,q4,2102,国泰海通证券,"国泰海通证券2026-01-12发布的报告下调了该股盈利预测,分析师：刘欣琦,吴浩东",2026-01-12,广发证券H股再融资的点评：构建国际业务新增长极,"刘欣琦,吴浩东",14201000000.0000,2025-11-01,广发证券2025三季报点评：扩表增厚业绩 资管步入盈利改善阶段,15950000000.0000,,,,,,,,,,,,,,,,,,,,,,,-0.1097,2026-01-12 11:04:11,2026-01-12 11:04:11
000776.XSHE,2026-02-25,2025,q4,2101,中信证券,"中信证券2026-02-25发布的报告下调了该股盈利预测,分析师：田良,陆昊,刘家熹",2026-02-25,广发证券深度跟踪报告：“大资管”领跑市场 国际业务开拓第二增长曲线,"田良,陆昊,刘家熹",14169200000.0000,2025-10-31,广发证券2025年三季报点评：经纪与投资延续高增 再融资启动助力未来发展,14361830000.0000,,,,,,,,,,,,,,,,,,,,,,,-0.0134,2026-02-27 06:45:24,2026-02-27 05:19:31
000776.XSHE,2026-03-31,2025,q4,2405,,2026-03-31发布的财报中，4季度净利润增速低于机构的一致预期,,,,,,,,2026-03-31,financial_reports,,,,2767275134.0000,,,,-0.0366,,,,,,,,2026-03-30,,2972360110.2499,,,-0.0690,2026-03-31 06:46:25,2026-03-31 05:43:55
000776.XSHE,2026-03-31,2025,q4,2503,,2026-03-31发布的财报净利润同比增速低于2025一致预期同比增速,,,,,,,,2026-03-31,financial_reports,,,,2767275134.0000,,,,-0.0366,,,,,,,,2026-03-30,,2972360110.2499,,0.0348,-0.0714,2026-03-31 06:46:25,2026-03-31 05:43:55
000776.XSHE,2026-03-31,2026,q4,2101,华泰证券,"华泰证券2026-03-31发布的报告下调了该股盈利预测,分析师：沈娟,汪煜,孙亦欣",2026-03-31,广发证券：投资扩表与国际化并行,"沈娟,汪煜,孙亦欣",15720000000.0000,2026-01-07,广发证券：再融资助力资本扩张与国际化,16545000000.0000,,,,,,,,,,,,,,,,,,,,,,,-0.0499,2026-04-01 06:42:25,2026-04-01 05:34:14
000776.XSHE,2026-03-31,2026,q4,2101,国联民生,"国联民生2026-03-31发布的报告下调了该股盈利预测,分析师：刘雨辰,耿张逸",2026-03-31,广发证券2025年年报点评：ROE重回10% 财富管理与自营业务共振向上,"刘雨辰,耿张逸",15045000000.0000,2025-10-31,广发证券：公募业务表现亮眼 投资收益驱动业绩增长,15464000000.0000,,,,,,,,,,,,,,,,,,,,,,,-0.0271,2026-04-01 20:42:05,2026-04-01 11:58:39
000776.XSHE,2026-03-31,2026,q4,2101,开源证券,"开源证券2026-03-31发布的报告下调了该股盈利预测,分析师：高超,卢崑",2026-03-31,广发证券2025年报点评：扣非净利润同比+60% 大财富管理业务高增,"高超,卢崑",17179000000.0000,2026-01-08,广发证券配售H股及发行可转债点评：稀释总股份4%、H股19% 中长期利好国际业务,18736000000.0000,,,,,,,,,,,,,,,,,,,,,,,-0.0831,2026-03-31 20:46:56,2026-03-31 16:13:53
000776.XSHE,2026-04-01,2026,q4,2101,Goldman Sachs,"Goldman Sachs2026-04-01发布的报告下调了该股盈利预测,分析师：杨硕,欧阳方家",2026-04-01,GF Securities Co.(000776.SZ/01776.HK):Asset Management Proves Resilient;Offshore Push to Unlock Future ROE,"杨硕,欧阳方家",15467800000.0000,2026-03-31,"GF Securities Co.(000776.SZ/01776.HK):Profit Miss on Unexpected One-off Expense,Asset Management Strength Remains Intact",15851500000.0000,,,,,,,,,,,,,,,,,,,,,,,-0.0242,2026-04-02 20:38:10,2026-04-02 17:56:05
000776.XSHE,2026-04-01,2026,q4,2102,东吴证券,"东吴证券2026-04-01发布的报告下调了该股盈利预测,分析师：孙婷,罗宇康",2026-04-01,广发证券2025年年报点评：多元业务齐头并进 财富管理优势突出,"孙婷,罗宇康",15674000000.0000,2026-01-07,广发证券：广发拟配售H股及发行可转债 募资用于拓展国际业务,17153000000.0000,,,,,,,,,,,,,,,,,,,,,,,-0.0862,2026-04-02 20:38:10,2026-04-02 10:17:38
