date,000776.XSHE
2006-01-06,1.4149182072001432
2006-01-09,1.4278745000010005
2006-01-10,1.421459645203475
2006-01-11,1.4219911288520701
2006-01-12,1.4660149083665839
2006-01-13,1.4357374441239485
2006-01-16,1.4488424566118039
2006-01-17,1.4467353524604278
2006-01-18,1.4226401106168174
2006-01-19,1.417565851930249
2006-01-20,1.412733339325846
2006-01-23,1.4223471688681073
2006-01-24,1.4301933329897765
2006-01-25,1.3593854792435707
2006-02-06,1.282377526824118
2006-02-07,1.2974554572471861
2006-02-08,1.3012580743916295
2006-02-09,1.3049275585020703
2006-02-10,1.328734508487258
2006-02-13,1.3312563481300494
2006-02-14,1.335263183745065
2006-02-15,1.3437084152450138
2006-02-16,1.402605901758394
2006-02-17,1.4029851291367257
2006-02-20,1.4036203006029357
2006-02-21,1.3397245963416629
2006-02-22,1.3362950775887263
2006-02-23,1.3204474601116092
2006-02-24,1.3056394845277541
2006-02-27,1.2984161030242867
2006-02-28,1.2892227745456248
2006-03-01,1.286679851955652
2006-03-02,1.271976766408051
2006-03-03,1.2724111844813955
2006-03-06,1.275201861592321
2006-03-07,1.2589441510427706
2006-03-08,1.2781144174915016
2006-03-09,1.2708006766333169
2006-03-10,1.2625408090109107
2006-03-13,1.2597990720313075
2006-03-14,1.2622793672693589
2006-03-15,1.2691829410162585
2006-03-16,1.2719794951328909
2006-03-17,1.2744349770499097
2006-03-20,1.3073873927729116
2006-03-21,1.3167830783020331
2006-03-22,1.3159298247427995
2006-03-23,1.3167526852949902
2006-03-24,1.3053979710615922
2006-03-27,1.3031511947177954
2006-03-28,1.2668392214702153
2006-03-29,1.3059017191352018
2006-03-30,1.2948308755215345
2006-03-31,1.2783712237848885
2006-04-03,1.3251613679396215
2006-04-04,1.2928989087197014
2006-04-05,1.2598385564493368
2006-04-06,1.264375749246917
2006-04-07,1.2613922137216806
2006-04-10,1.319464436693079
2006-04-11,1.3100112110867568
2006-04-12,1.2714196745899988
2006-04-13,1.253756262934365
2006-04-14,1.4103910154653265
2006-04-17,1.4357770396533567
2006-04-18,1.4211466920161973
2006-04-19,1.3836739573150485
2006-04-20,1.4142297060536584
2006-04-21,1.4289400176741247
2006-04-24,1.481949223195636
2006-04-25,1.4826588669538376
2006-04-26,1.6437665903879868
2006-04-27,1.618143329045532
2006-04-28,1.866407400173689
2006-05-08,2.0403937147940687
2006-05-09,2.225641298893992
2006-05-10,2.348742883326113
2006-05-11,2.4030612675223466
2006-05-12,2.123651438551939
2006-05-15,1.7808382470587134
2006-05-16,1.9188467476670428
2006-05-17,1.9158174602046554
2006-05-18,1.8961183493949432
2006-05-19,2.038441932463909
2006-05-22,2.0426838088363195
2006-05-23,1.9005545904429988
2006-05-24,1.83862260147207
2006-05-25,1.8237944980435474
2006-05-26,1.935035990866204
2006-05-29,1.7526446168195975
2006-05-30,1.7262537750350546
2006-05-31,1.6013290814410148
2006-06-01,1.7377270218231402
2006-06-02,1.6250231726532023
2006-06-05,1.6111735460604388
2006-06-06,1.6095246657068134
2006-06-07,1.2224719793009982
2006-06-08,1.2201481248583388
2006-06-09,1.1699557958169757
2006-06-12,1.1687715603811186
2006-06-13,1.1688074692842996
2006-06-14,1.1589886352960397
2006-06-15,1.158651730577262
2006-06-16,1.0956735913419133
2006-06-19,1.079582602369848
2006-06-20,1.079118436051943
2006-06-21,1.0785371145530174
2006-06-22,1.0800153667261616
2006-06-23,1.0759314222035605
2006-06-26,1.0431721176213744
2006-06-27,1.0432372217465926
2006-06-28,1.0431478661419638
2006-06-29,0.9878999461671223
2006-06-30,0.9881213720778771
2006-07-03,0.9539978284050749
2006-07-04,0.9513632192774114
2006-07-05,0.938378066074121
2006-07-06,0.9070224465148378
2006-07-07,0.9047326478740512
2006-07-10,0.9046528067689041
2006-07-11,0.9024835168424222
2006-07-12,0.9019748970749856
2006-07-13,0.7169326226491124
2006-07-14,0.7116261151807869
2006-07-17,0.7015285765749238
2006-07-18,0.7009470751925951
2006-07-19,0.6642606739639579
2006-07-20,0.6610223646090077
2006-07-21,0.6562739302493992
2006-07-24,0.6553071034025668
2006-07-25,0.6454483243716337
2006-07-26,0.6458961413021644
2006-07-27,0.6399323157943092
2006-07-28,0.6356217951062327
2006-07-31,0.5770567503824976
2006-08-01,0.5741055822006103
2006-08-02,0.5736625624081321
2006-08-03,0.5738965723200881
2006-08-04,0.5512411856230164
2006-08-07,0.5444760399408797
2006-08-08,0.5164374722801574
2006-08-09,0.5168610587639829
2006-08-10,0.5028324545009488
2006-08-11,0.5016691008405886
2006-08-14,0.48216112318258425
2006-08-15,0.4688534179271213
2006-08-16,0.45893723220643007
2006-08-17,0.457110655301306
2006-08-18,0.45706915096216205
2006-08-21,0.45670739239882263
2006-08-22,0.449267798631483
2006-08-23,0.44929066828113867
2006-08-24,0.44733089782722707
2006-08-25,0.44692643872564125
2006-08-28,0.41941997594023883
2006-08-29,0.41863079878236514
2006-08-30,0.41744516074849713
2006-08-31,0.4166884501231053
2006-09-01,0.4084610654819783
2006-09-04,0.39754346303473104
2006-09-05,0.3969724339017864
2006-09-06,0.3954055363846088
2006-09-07,0.3902313592578424
2006-09-08,0.3894710220933712
2006-09-11,0.38768272104706814
2006-09-12,0.3846195200278309
2006-09-13,0.38372629421666316
2006-09-14,0.3837784114392368
2006-09-15,0.36699607788970895
2006-09-18,0.36148771533426705
2006-09-19,0.3611190337495197
2006-09-20,0.3602559695857128
2006-09-21,0.3575390505832948
2006-09-22,0.3554243665575956
2006-09-25,0.35542205267983024
2006-09-26,0.3519857188799632
2006-09-27,0.3459527765840541
2006-09-28,0.3381596953336745
2006-09-29,0.3301879690822764
2006-10-09,0.3044225247004548
2006-10-10,0.30438151552576664
2006-10-11,0.28289789863156506
2006-10-12,0.18590761418589802
2006-10-13,0.21598817437135612
2006-10-16,0.17855356291539834
2006-10-17,0.1927017485332953
2006-10-18,0.10502524081967134
2006-10-19,0.10571076948807623
2006-10-20,0.10577940346905455
2006-10-23,0.10598998927399518
2006-10-24,0.09171980630263353
2006-10-25,0.09019253965774535
2006-10-26,0.08795134308558587
2006-10-27,0.08999948545333172
2006-10-30,0.08799875947108968
2006-10-31,0.08220858007527337
2006-11-01,0.07796012033762688
2006-11-02,0.07758922469567724
2006-11-03,0.07561302852681857
2006-11-06,0.06970717930000124
2006-11-07,0.0677057469297379
2006-11-08,0.06931659313121284
2006-11-09,0.05945072843673279
2006-11-10,0.0619855559967475
2006-11-13,0.06391495531212332
2006-11-14,0.05929972499295193
2006-11-15,0.04614507782809555
2006-11-16,0.04660956061974281
2006-11-17,0.03939751853199836
2006-11-20,0.03262685339245565
2006-11-21,0.02908307542740031
2006-11-22,0.02720543383670574
2006-11-23,0.025162067144809157
2006-11-24,0.024022064337319755
2006-11-27,0.021422144662274246
2006-11-28,0.022630325854123712
2006-11-29,0.01827841640182118
2006-11-30,0.009918961920301624
2006-12-01,0.007845165945527826
2006-12-04,0.0008452017743056202
2006-12-05,-0.0008152368429120699
2006-12-06,0.00036350765640462266
2006-12-07,0.0009705710474411084
2006-12-08,0.007816919075394498
2006-12-11,-0.0008067416806141918
2006-12-12,-0.001979003769070342
2006-12-13,-0.0023273235222794875
2006-12-14,-0.005099944110823056
2006-12-15,-0.007703756119162192
2006-12-18,-0.011531730831626457
2006-12-19,-0.012721999378155017
2006-12-20,-0.013711791307423797
2006-12-21,-0.010998089482819697
2006-12-22,-0.009902389096486932
2006-12-25,-0.012684136398371584
2006-12-26,-0.012557502120086706
2006-12-27,-0.015381304979179056
2006-12-28,-0.014990446739211702
2006-12-29,-0.018169192549721724
2007-01-04,-0.019498421819052224
2007-01-05,-0.019831332760183017
2007-01-08,-0.02215866995924509
2007-01-09,-0.024424378229192443
2007-01-10,-0.026308771070713825
2007-01-11,-0.0245235468520264
2007-01-12,-0.020065405209790037
2007-01-15,-0.021520951694916007
2007-01-16,-0.023052733498491296
2007-01-17,-0.020535932462550453
2007-01-18,-0.021009269109211116
2007-01-19,-0.022314169842887983
2007-01-22,-0.023333129867032308
2007-01-23,-0.023725866214239315
2007-01-24,-0.024320312067712527
2007-01-25,-0.02019439158573524
2007-01-26,-0.021435014023210526
2007-01-29,-0.022319080341717545
2007-01-30,-0.021316076632373115
2007-01-31,-0.013452416166186245
2007-02-01,-0.013666589814007103
2007-02-02,-0.010341111148499407
2007-02-05,-0.00961189260566849
2007-02-06,-0.010518494515797058
2007-02-07,-0.011386841004795091
2007-02-08,-0.012053075113226897
2007-02-09,-0.011749035199942116
2007-02-12,-0.01282228494962247
2007-02-13,-0.013611861811917482
2007-02-14,-0.01445486720045319
2007-02-15,-0.015555505399993069
2007-02-16,-0.015570826596503157
2007-02-26,-0.016126785602382593
2007-02-27,-0.008047597342675704
2007-02-28,-0.008855782687319035
2007-03-01,-0.007979743490754554
2007-03-02,-0.00844229552896705
2007-03-05,-0.00791996973024443
2007-03-06,-0.008407002846490692
2007-03-07,-0.00907548700557595
2007-03-08,-0.009573060133990013
2007-03-09,-0.009324735725161001
2007-03-12,-0.009325316123696008
2007-03-13,-0.00961716353070647
2007-03-14,-0.008935534989773647
2007-03-15,-0.009625701384898318
2007-03-16,-0.008954559451997496
2007-03-19,-0.009582542410584392
2007-03-20,-0.010002589699731413
2007-03-21,-0.01048882058522189
2007-03-22,-0.010610419369796623
2007-03-23,-0.010677074350210432
2007-03-26,-0.011140703580981653
2007-03-27,-0.011430094789440742
2007-03-28,-0.011530836278759022
2007-03-29,-0.011352741227338488
2007-03-30,-0.01137652233791458
2007-04-02,-0.011912276754935662
2007-04-03,-0.012232871910010972
2007-04-04,-0.01246504003788234
2007-04-05,-0.012811826082369276
2007-04-06,-0.013134310937900785
2007-04-09,-0.01368848212047122
2007-04-10,-0.014111578524209136
2007-04-11,-0.01435286429482267
2007-04-12,-0.01491389799721484
2007-04-13,-0.014836529401406465
2007-04-16,-0.015207644526954755
2007-04-17,-0.015482921638202835
2007-04-18,-0.01569873938310249
2007-04-19,-0.012216741031440052
2007-04-20,-0.012483377949665354
2007-04-23,-0.012662176290571984
2007-04-24,-0.012782718330044249
2007-04-25,-0.012692664214665103
2007-04-26,-0.013281209441919484
2007-04-27,-0.012858749315618371
2007-04-30,-0.013070119653036314
2007-05-08,-0.013375662393336017
2007-05-09,-0.013596873614358402
2007-05-10,-0.014056076380959846
2007-05-11,-0.013710232940469377
2007-05-14,-0.014309584847302815
2007-05-15,-0.012425860235006794
2007-05-16,-0.012449059950303563
2007-05-17,-0.012108073183401158
2007-05-18,-0.01166886015890973
2007-05-21,-0.011945313850216376
2007-05-22,-0.011934043628076927
2007-05-23,-0.011665804138390273
2007-05-24,-0.012035593835081711
2007-05-25,-0.012211649827701808
2007-05-28,-0.012404408205276772
2007-05-29,-0.013734687563523737
2007-05-30,-0.00969746267584067
2007-05-31,-0.009662104010937334
2007-06-01,-0.00854220319694707
2007-06-04,-0.005688682909819714
2007-06-05,-0.0063769953921586735
2007-06-06,-0.006207580656502556
2007-06-07,-0.005995612173033485
2007-06-08,-0.005903636862790737
2007-06-11,-0.0060578340361208865
2007-06-12,-0.006266230759527453
2007-06-13,-0.005814445439214414
2007-06-14,-0.005581274428512547
2007-06-15,-0.005037441491703655
2007-06-18,-0.005134661375558145
2007-06-19,-0.005179275826267755
2007-06-20,-0.004899473946841129
2007-06-21,-0.004963514604992047
2007-06-22,-0.004442322229487474
2007-06-25,-0.0037999381596382407
2007-06-26,-0.003879392318269941
2007-06-27,-0.0039988480520124344
2007-06-28,-0.003381688978811226
2007-06-29,-0.0031204486006909944
2007-07-02,-0.0030995640267658603
2007-07-03,-0.003201884582618491
2007-07-04,-0.002968136489154159
2007-07-05,-0.0023097153609327754
2007-07-06,-0.002449066233115573
2007-07-09,-0.0025644031604456904
2007-07-10,-0.0024734699490758924
2007-07-11,-0.0024938509135677017
2007-07-12,-0.0025268062594075115
2007-07-13,-0.002529238447644504
2007-07-16,-0.0022292232206155087
2007-07-17,-0.002344163149461028
2007-07-18,-0.0023738513164224483
2007-07-19,-0.0023644759235545267
2007-07-20,-0.0024933471600510184
2007-07-23,-0.002603794604563034
2007-07-24,-0.0026056961185231043
2007-07-25,-0.002700348913569823
2007-07-26,-0.0027704543424637235
2007-07-27,-0.002769992936107121
2007-07-30,-0.0028625465112240107
2007-07-31,-0.0029195160203695355
2007-08-01,-0.0025421788751299502
2007-08-02,-0.0026474855078893124
2007-08-03,-0.0027462819395298412
2007-08-06,-0.0028330593757030665
2007-08-07,-0.00285052941358745
2007-08-08,-0.0027586316226022715
2007-08-09,-0.002850088859733634
2007-08-10,-0.0027707122243642635
2007-08-13,-0.002767684175925353
2007-08-14,-0.0028412952670687115
2007-08-15,-0.0028418593525816366
2007-08-16,-0.0027068773487016013
2007-08-17,-0.002537852626109721
2007-08-20,-0.0025937511592164443
2007-08-21,-0.0026611230203661468
2007-08-22,-0.002727646143726802
2007-08-23,-0.002792637373997982
2007-08-24,-0.0028583532675486405
2007-08-27,-0.002886699616144343
2007-08-28,-0.0028874459083561886
2007-08-29,-0.002757794478045399
2007-08-30,-0.002819829610119016
2007-08-31,-0.0028701703561045183
2007-09-03,-0.00295115917665122
2007-09-04,-0.002858140565343136
2007-09-05,-0.0028557036257204674
2007-09-06,-0.0028988685201754693
2007-09-07,-0.002692479186460161
2007-09-10,-0.0027560414568896614
2007-09-11,-0.0022222545147491425
2007-09-12,-0.0022880297936500723
2007-09-13,-0.0023783138191387186
2007-09-14,-0.002424539562504308
2007-09-17,-0.002500719848135715
2007-09-18,-0.0024653538326689013
2007-09-19,-0.002376249277137943
2007-09-20,-0.0024461071522559265
2007-09-21,-0.0024028464866930653
2007-09-24,-0.0024453095405403305
2007-09-25,-0.002348491970446088
2007-09-26,-0.0021919502328665514
2007-09-27,-0.002255759095188679
2007-09-28,-0.002354554439260005
2007-10-08,-0.0024165717204627053
2007-10-09,-0.0024353201603074795
2007-10-10,-0.002439951878813826
2007-10-11,-0.002504464224707142
2007-10-12,-0.002467447722277514
2007-10-15,-0.0025416579349253625
2007-10-16,-0.00259680165694995
2007-10-17,-0.00250148630334218
2007-10-18,-0.0020555752084293814
2007-10-19,-0.002042845158408998
2007-10-22,-0.0017746031029034883
2007-10-23,-0.0018481934549381854
2007-10-24,-0.0013495777266687879
2007-10-25,-0.0003867373584660892
2007-10-26,-4.841006095929161e-05
2007-10-29,8.652760039786178e-05
2007-10-30,-9.411917649188628e-05
2007-10-31,-0.00019673774096624512
2007-11-01,-6.810704524672079e-05
2007-11-02,1.4204992663188781e-05
2007-11-05,8.60601520340862e-05
2007-11-06,0.00011607151927710801
2007-11-07,9.827677763833699e-05
2007-11-08,0.000256973468236272
2007-11-09,0.00029780642167058605
2007-11-12,0.0003442171934154588
2007-11-13,0.0003760201897054825
2007-11-14,0.00020256644981827703
2007-11-15,0.00025110840800178453
2007-11-16,0.0003051304204531404
2007-11-19,0.000318495111142536
2007-11-20,0.0002640020707242047
2007-11-21,0.000319247655667839
2007-11-22,0.0004448160907842003
2007-11-23,0.0003836089970601252
2007-11-26,0.0004251159650312408
2007-11-27,0.0004832850575756034
2007-11-28,0.0005255382900020433
2007-11-29,0.00035322075578460044
2007-11-30,0.00041740292337504097
2007-12-03,0.00039354013045468547
2007-12-04,0.0003542430133187758
2007-12-05,0.00025672984304465755
2007-12-06,0.00025655585220245693
2007-12-07,0.00021343744390169006
2007-12-10,0.00015539959184626036
2007-12-11,0.00015574248142199895
2007-12-12,0.00019726982587758637
2007-12-13,0.0003021654491446938
2007-12-14,0.00024071452332521186
2007-12-17,0.00030989989154961667
2007-12-18,0.000329610250393747
2007-12-19,0.000249226435901092
2007-12-20,0.00019019934359406192
2007-12-21,0.00015366239891892946
2007-12-24,8.85025579102503e-05
2007-12-25,8.609608104159808e-05
2007-12-26,6.122982202491298e-05
2007-12-27,2.926581986445507e-06
2007-12-28,2.3630997085424912e-05
2008-01-02,-4.134253161052239e-06
2008-01-03,-2.348345173056079e-05
2008-01-04,-5.9269958458810065e-05
2008-01-07,-9.960678425302546e-05
2008-01-08,-7.499474514190226e-05
2008-01-09,-0.0001270712291579087
2008-01-10,-0.00015925419736434305
2008-01-11,-0.00017337028246906366
2008-01-14,-0.00018877078094169382
2008-01-15,-0.0001619870665450705
2008-01-16,-2.4901172018277014e-05
2008-01-17,7.117598603056149e-05
2008-01-18,3.955358794466187e-05
2008-01-21,0.00019406568325557497
2008-01-22,0.0003392030497895832
2008-01-23,0.00020342927610489546
2008-01-24,0.00018133102888697315
2008-01-25,0.00015582203589831865
2008-01-28,0.000268738117325121
2008-01-29,0.0002570050814220236
2008-01-30,0.00027922996185110937
2008-01-31,0.00031485386571025124
2008-02-01,0.0003341470472790022
2008-02-04,0.00012465155296435886
2008-02-05,0.00013512067669129698
2008-02-13,0.0001736782790091177
2008-02-14,0.00014843165282561684
2008-02-15,0.0001725431420390352
2008-02-18,0.00013402349656265516
2008-02-19,9.406692487649744e-05
2008-02-20,0.00013590664120123545
2008-02-21,0.00015172472646679313
2008-02-22,0.00021379883104621748
2008-02-25,0.00027406875738892884
2008-02-26,0.00027486316567750717
2008-02-27,0.00021666509192347694
2008-02-28,0.0002244256332725416
2008-02-29,0.00020033492531204884
2008-03-03,0.00014843646312595753
2008-03-04,0.00019228133406701687
2008-03-05,0.00020817511587031977
2008-03-06,0.00018328682533495514
2008-03-07,0.00020912361001892553
2008-03-10,0.00028298842071933044
2008-03-11,0.000276850170044927
2008-03-12,0.00032600470055465613
2008-03-13,0.00036615624708261784
2008-03-14,0.00038343848360515673
2008-03-17,0.0004379732719040237
2008-03-18,0.00048649222113668616
2008-03-19,0.00041200070360548956
2008-03-20,0.0003525286260439002
2008-03-21,0.00033556606838662707
2008-03-24,0.0003861229740598452
2008-03-25,0.0003629968582320935
2008-03-26,0.0003572612584148638
2008-03-27,0.00040607005038904924
2008-03-28,0.000308493446985373
2008-03-31,0.00034805353907586795
2008-04-01,0.00039808974322455044
2008-04-02,0.0004097539693875032
2008-04-03,0.0003559814454869838
2008-04-07,0.0002535770083111109
2008-04-08,0.00023550970284943386
2008-04-09,0.00028764112772822274
2008-04-10,0.00026015782679985147
2008-04-11,0.00024833176587470504
2008-04-14,0.0003025288927522599
2008-04-15,0.00028238337254870183
2008-04-16,0.0003083561439193765
2008-04-17,0.00033875393715132764
2008-04-18,0.0003699314648967904
2008-04-21,0.00036909627921070915
2008-04-22,0.0003539915659625559
2008-04-23,0.00027003503813625925
2008-04-24,0.0001201097625202249
2008-04-25,0.0001109953136286386
2008-04-28,0.00013042813288813746
2008-04-29,0.00011379286465686714
2008-04-30,5.140823893992153e-05
2008-05-05,2.365827125544173e-05
2008-05-06,3.4899008661499156e-05
2008-05-07,8.592645735915136e-05
2008-05-08,5.241652492054158e-05
2008-05-09,6.563811916319667e-05
2008-05-12,5.65023846590333e-05
2008-05-13,7.28732082207784e-05
2008-05-14,2.9943666474720503e-05
2008-05-15,3.711191835874196e-05
2008-05-16,4.042146706708411e-05
2008-05-19,4.708178970745759e-05
2008-05-20,0.00010951520214174256
2008-05-21,8.248483884843518e-05
2008-05-22,0.00010681045208763018
2008-05-23,0.00011841204398460776
2008-05-26,0.00015795205409240254
2008-05-27,0.0001497853947932555
2008-05-28,0.0001054559116268292
2008-05-29,0.00013926688526153666
2008-05-30,0.00012474946580310627
2008-06-02,0.00011778541708564084
2008-06-03,0.00012095074916368855
2008-06-04,0.00014677753767542942
2008-06-05,0.00015984922343824387
2008-06-06,0.00017177371862812232
2008-06-10,0.0002586855656751837
2008-06-11,0.0002854912713074028
2008-06-12,0.0003107489281040877
2008-06-13,0.0003490242946377898
2008-06-16,0.00035926303643531377
2008-06-17,0.0004001885254139942
2008-06-18,0.00029615491830556416
2008-06-19,0.00035495989543465564
2008-06-20,0.00030889621670865717
2008-06-23,0.00033078200360160676
2008-06-24,0.00029531335144036505
2008-06-25,0.0002275471719085009
2008-06-26,0.00021927466463577796
2008-06-27,0.0002745725175800359
2008-06-30,0.00028402919993810415
2008-07-01,0.0003195574495232824
2008-07-02,0.00031746149597437697
2008-07-03,0.00028191335261040275
2008-07-04,0.0002881614571596401
2008-07-07,0.00020042426928111863
2008-07-08,0.00019069565854385438
2008-07-09,0.0001309060953283237
2008-07-10,0.00014743495161791565
2008-07-11,0.00015422318928648787
2008-07-14,0.00014243025166222397
2008-07-15,0.00019416061310190477
2008-07-16,0.0002359796111648619
2008-07-17,0.0002461531456355604
2008-07-18,0.00018718227246996522
2008-07-21,0.00013334974193792969
2008-07-22,0.00013437933096797664
2008-07-23,0.00014320929941965196
2008-07-24,9.121624890287597e-05
2008-07-25,0.00010726831416239765
2008-07-28,9.395518528031758e-05
2008-07-29,0.00012061801961458406
2008-07-30,0.00012852544693813415
2008-07-31,0.0001654748109509283
2008-08-01,0.00014203530625505806
2008-08-04,0.00017557349413446316
2008-08-05,0.00021117674164987328
2008-08-06,0.00019691154728670662
2008-08-07,0.00019417745188720975
2008-08-08,0.0002557001991456485
2008-08-11,0.0003164730612016515
2008-08-12,0.0003199584802652404
2008-08-13,0.00031499917398022096
2008-08-14,0.00031160795269102073
2008-08-15,0.0003052893997738297
2008-08-18,0.0003644077175718947
2008-08-19,0.00033380037063743376
2008-08-20,0.0001791753463682858
2008-08-21,0.00021836487493570011
2008-08-22,0.00023582784994324936
2008-08-25,0.00023563657673851483
2008-08-26,0.00026893061129841934
2008-08-27,0.0002705488670198731
2008-08-28,0.00025875405438939407
2008-08-29,0.00021677982831318964
2008-09-01,0.0002564612137857517
2008-09-02,0.0002669475531853651
2008-09-03,0.0002867761494642871
2008-09-04,0.0002798043165754169
2008-09-05,0.00031550488102491836
2008-09-08,0.0003469694358027582
2008-09-09,0.0003330164610350616
2008-09-10,0.0003258675025347925
2008-09-11,0.0003635826597886955
2008-09-12,0.00035547802150553927
2008-09-16,0.0003955310226842154
2008-09-17,0.0004307970055411539
2008-09-18,0.00045111783866585807
2008-09-19,0.00023457049128501554
2008-09-22,0.00013296992679525272
2008-09-23,0.00017422131742632422
2008-09-24,0.00016119512720192482
2008-09-25,0.00010376337628673737
2008-09-26,8.932502612368841e-05
2008-10-06,0.00014372937057322902
2008-10-07,0.00015633698104423579
2008-10-08,0.00019374413763302242
2008-10-09,0.00020543154184528455
2008-10-10,0.00023857816874691684
2008-10-13,0.000188900383153547
2008-10-14,0.00020848850302303685
2008-10-15,0.0002152295666584448
2008-10-16,0.00024301370069790292
2008-10-17,0.00023361250684399233
2008-10-20,0.0001949093568617114
2008-10-21,0.00019940966291616524
2008-10-22,0.00021771727104950947
2008-10-23,0.00021457463055040468
2008-10-24,0.0002339523935319454
2008-10-27,0.00026750075519611696
2008-10-28,0.0002335279270331042
2008-10-29,0.0002519562718967151
2008-10-30,0.00022687734674998108
2008-10-31,0.00023929281588323082
2008-11-03,0.00024119722865817599
2008-11-04,0.0002504981524401754
2008-11-05,0.00020779479885835872
2008-11-06,0.00022336098419041737
2008-11-07,0.0002059617247023686
2008-11-10,0.00013103547113384116
2008-11-11,0.00013604404568914787
2008-11-12,0.0001277620864794004
2008-11-13,0.00010116263108776744
2008-11-14,7.651521598039062e-05
2008-11-17,6.30063755262822e-05
2008-11-18,9.08767601227249e-05
2008-11-19,5.4110489415189414e-05
2008-11-20,5.8476935136297655e-05
2008-11-21,6.084972008842305e-05
2008-11-24,8.157259234639689e-05
2008-11-25,8.039225099035691e-05
2008-11-26,7.67485096048611e-05
2008-11-27,7.0338702950735e-05
2008-11-28,7.645305544435991e-05
2008-12-01,6.547468282663846e-05
2008-12-02,6.383432691656244e-05
2008-12-03,4.4696278959374426e-05
2008-12-04,3.7399532440041125e-05
2008-12-05,3.4280283676296324e-05
2008-12-08,2.586055005401359e-05
2008-12-09,2.9848007302166273e-05
2008-12-10,2.3732507953310367e-05
2008-12-11,2.6926670913790604e-05
2008-12-12,3.166762552414446e-05
2008-12-15,2.9881189911918457e-05
2008-12-16,2.7338630850335127e-05
2008-12-17,2.64748209230788e-05
2008-12-18,2.4287057537669067e-05
2008-12-19,2.333011580692735e-05
2008-12-22,2.3717304762616765e-05
2008-12-23,2.5118315742338046e-05
2008-12-24,2.6509497119999086e-05
2008-12-25,2.611131299087625e-05
2008-12-26,2.6613958272675208e-05
2008-12-29,2.6581113523527806e-05
2008-12-30,2.6306390311361358e-05
2008-12-31,2.600274960534793e-05
2009-01-05,2.0984704928862646e-05
2009-01-06,1.6189965423719463e-05
2009-01-07,1.6328154521191226e-05
2009-01-08,1.736651203396046e-05
2009-01-09,1.5071139242285491e-05
2009-01-12,1.4744998315371948e-05
2009-01-13,1.533720951052961e-05
2009-01-14,1.1497468092573834e-05
2009-01-15,1.088374526290122e-05
2009-01-16,7.803702444031047e-06
2009-01-19,6.183255126881707e-06
2009-01-20,4.5401473512945035e-06
2009-01-21,4.228028097811262e-06
2009-01-22,1.8154708806471322e-06
2009-01-23,2.3643795157420946e-06
2009-02-02,5.041106936618782e-08
2009-02-03,-3.972430839677611e-06
2009-02-04,-8.05593087564599e-06
2009-02-05,-6.8488000464766465e-06
2009-02-06,-1.305073055091398e-05
2009-02-09,-1.5569937141103938e-05
2009-02-10,-1.9309232256068796e-05
2009-02-11,-1.9928578894152012e-05
2009-02-12,-1.8877832878074453e-05
2009-02-13,-2.518765065927032e-05
2009-02-16,-3.061781151823302e-05
2009-02-17,-2.1351697196948692e-05
2009-02-18,-1.0786082928205276e-05
2009-02-19,-1.2628603097619278e-05
2009-02-20,-1.890182949545965e-05
2009-02-23,-2.4879069684410057e-05
2009-02-24,-1.2754139437312267e-05
2009-02-25,-1.3240546584363069e-05
2009-02-26,-2.5794376805636667e-06
2009-02-27,1.5368851062121858e-06
2009-03-02,-1.5240846995302319e-06
2009-03-03,1.1110287583105436e-06
2009-03-04,-1.1397182697783395e-05
2009-03-05,-1.1744242401587548e-05
2009-03-06,-9.721914055530415e-06
2009-03-09,-4.299395239630279e-06
2009-03-10,-7.316993935308315e-06
2009-03-11,-5.8742660364282555e-06
2009-03-12,-5.8025824676911545e-06
2009-03-13,-5.590031720424091e-06
2009-03-16,-8.171375778961469e-06
2009-03-17,-1.442511860126479e-05
2009-03-18,-1.5533604094251454e-05
2009-03-19,-1.8821093510570657e-05
2009-03-20,-1.7621200531632948e-05
2009-03-23,-2.219408466588497e-05
2009-03-24,-2.2428154129296653e-05
2009-03-25,-1.6971858464905794e-05
2009-03-26,-2.3075478673931183e-05
2009-03-27,-2.3566456559310707e-05
2009-03-30,-2.0925153974695204e-05
2009-03-31,-2.38463880141376e-05
2009-04-01,-2.8885427877411205e-05
2009-04-02,-3.1826815079597745e-05
2009-04-03,-2.987775633047769e-05
2009-04-07,-3.0556824132065465e-05
2009-04-08,-1.7126270823654882e-05
2009-04-09,-2.0621404217565386e-05
2009-04-10,-2.9896394997158367e-05
2009-04-13,-3.589711985306569e-05
2009-04-14,-3.6885480295652943e-05
2009-04-15,-3.7377342975358446e-05
2009-04-16,-3.753685407121564e-05
2009-04-17,-3.301653072701488e-05
2009-04-20,-4.0199710011970244e-05
2009-04-21,-3.4249780839895946e-05
2009-04-22,-1.96900932473678e-05
2009-04-23,-2.1864889391638427e-05
2009-04-24,-1.6863057472025356e-05
2009-04-27,-8.241269595725137e-06
2009-04-28,-8.18462717675904e-06
2009-04-29,-1.9850431216242216e-05
2009-04-30,-2.134830721881677e-05
2009-05-04,-3.349267041614266e-05
2009-05-05,-3.5153782259246474e-05
2009-05-06,-4.173721065498608e-05
2009-05-07,-4.352731841848579e-05
2009-05-08,-4.6529410424761405e-05
2009-05-11,-3.314870308185421e-05
2009-05-12,-4.304410735536587e-05
2009-05-13,-4.776173202695252e-05
2009-05-14,-4.3928582607895586e-05
2009-05-15,-4.373141474773091e-05
2009-05-18,-4.4614710040231624e-05
2009-05-19,-4.980990347811967e-05
2009-05-20,-4.34785638130845e-05
2009-05-21,-3.070657569091924e-05
2009-05-22,-2.8166484273077132e-05
2009-05-25,-3.079303802848122e-05
2009-05-26,-2.3125592485847188e-05
2009-05-27,-3.1382812766623784e-05
2009-06-01,-5.077453250831699e-05
2009-06-02,-5.034431816432787e-05
2009-06-03,-6.37799258835264e-05
2009-06-04,-6.544754404136198e-05
2009-06-05,-6.147252086849876e-05
2009-06-08,-6.191550058044518e-05
2009-06-09,-6.391284230689973e-05
2009-06-10,-6.998701747574563e-05
2009-06-11,-6.146788469203419e-05
2009-06-12,-4.6738497617219104e-05
2009-06-15,-5.926993561528626e-05
2009-06-16,-5.716175726122259e-05
2009-06-17,-6.646607656345043e-05
2009-06-18,-7.527831127667763e-05
2009-06-19,-7.934453209978709e-05
2009-06-22,-7.728616011167256e-05
2009-06-23,-7.609096946772638e-05
2009-06-24,-8.368502223677946e-05
2009-06-25,-8.095567324363708e-05
2009-06-26,-8.251539782706681e-05
2009-06-29,-9.36541671190928e-05
2009-06-30,-8.958498684062853e-05
2009-07-01,-0.00010385396885301337
2009-07-02,-0.00011421195315155408
2009-07-03,-0.00012341985038236733
2009-07-06,-0.00013376844622048015
2009-07-07,-0.00012243309681121703
2009-07-08,-0.00012459229590622729
2009-07-09,-0.00013601970091296282
2009-07-10,-0.00013440525846206898
2009-07-13,-0.0001132946689551922
2009-07-14,-0.0001462417076189315
2009-07-15,-0.00016001728224819496
2009-07-16,-0.00016111421644897521
2009-07-17,-0.00017006132794725998
2009-07-20,-0.0002019303458221582
2009-07-21,-0.0001676422596077684
2009-07-22,-0.00019828415321992943
2009-07-23,-0.00021843937923460158
2009-07-24,-0.0002237806494075854
2009-07-27,-0.0002538802035686237
2009-07-28,-0.00025609266503956267
2009-07-29,-0.0001191263336131037
2009-07-30,-0.00014847281432978196
2009-07-31,-0.0001828888029394615
2009-08-03,-0.00020034592139982376
2009-08-04,-0.00019713757304384494
2009-08-05,-0.00017140877819356664
2009-08-06,-0.00012696974704822262
2009-08-07,-6.784694167677863e-05
2009-08-10,-6.028509193148124e-05
2009-08-11,-6.351512434767902e-05
2009-08-12,1.3836083202166552e-05
2009-08-13,-4.27569680983601e-06
2009-08-14,3.744285915206625e-05
2009-08-17,0.00010353814447877471
2009-08-18,9.175522931887909e-05
2009-08-19,0.00013587676624888595
2009-08-20,8.248334472820513e-05
2009-08-21,6.364912498601836e-05
2009-08-24,5.58943175236201e-05
2009-08-25,9.097538132080172e-05
2009-08-26,6.965826398647107e-05
2009-08-27,7.561934160867492e-05
2009-08-28,0.00010798210826217335
2009-08-31,0.00014952618217878207
2009-09-01,0.00014462373334898297
2009-09-02,0.00012909707225662573
2009-09-03,7.135967701420757e-05
2009-09-04,6.549141979529973e-05
2009-09-07,5.912209427046506e-05
2009-09-08,4.139951524582518e-05
2009-09-09,3.571851592873515e-05
2009-09-10,4.431983684829263e-05
2009-09-11,2.438296418217561e-05
2009-09-14,1.0650316632874635e-05
2009-09-15,9.258790541524578e-06
2009-09-16,2.1562612446323194e-05
2009-09-17,5.848760828939435e-06
2009-09-18,3.702804750727538e-05
2009-09-21,3.517780143592871e-05
2009-09-22,5.6098305854014035e-05
2009-09-23,7.580362055971538e-05
2009-09-24,7.002147255960423e-05
2009-09-25,7.77146223410831e-05
2009-09-28,0.00010289467899897797
2009-09-29,0.00010363509115105
2009-09-30,9.134849991779375e-05
2009-10-09,3.491820362511223e-05
2009-10-12,3.9452392997859334e-05
2009-10-13,2.564112502558903e-05
2009-10-14,1.7068020490213398e-05
2009-10-15,1.3924386960417933e-05
2009-10-16,1.471723321578575e-05
2009-10-19,-1.3130849094373327e-05
2009-10-20,-2.6321600481473025e-05
2009-10-21,-2.2595279566200003e-05
2009-10-22,-1.4328869456396962e-05
2009-10-23,-3.406943862224319e-05
2009-10-26,-3.288438869060325e-05
2009-10-27,7.151715913373692e-07
2009-10-28,-2.3765803143979104e-06
2009-10-29,2.5766763659938966e-05
2009-10-30,1.4234266038144327e-05
2009-11-02,-2.326879170605199e-05
2009-11-03,-3.5281451792401955e-05
2009-11-04,-4.0110439220906275e-05
2009-11-05,-4.189995835946602e-05
2009-11-06,-4.535021633385983e-05
2009-11-09,-4.885605965757394e-05
2009-11-10,-4.970364601044575e-05
2009-11-11,-4.6180459770046865e-05
2009-11-12,-4.5977663272666097e-05
2009-11-13,-5.1042251578392365e-05
2009-11-16,-8.301326782282562e-05
2009-11-17,-8.325274999448094e-05
2009-11-18,-8.187626982133446e-05
2009-11-19,-8.504709748543272e-05
2009-11-20,-8.120917643355222e-05
2009-11-23,-9.148150104322381e-05
2009-11-24,-4.4191871351153934e-05
2009-11-25,-7.161171066297362e-05
2009-11-26,-1.872112665043147e-05
2009-11-27,1.6686027884726625e-05
2009-11-30,-2.3522498498907486e-05
2009-12-01,-3.9090074311386546e-05
2009-12-02,-4.903484004189721e-05
2009-12-03,-4.564805316128189e-05
2009-12-04,-6.003476466402191e-05
2009-12-07,-6.6791208609903e-05
2009-12-08,-5.0324550998425395e-05
2009-12-09,-2.5348644541279007e-05
2009-12-10,-3.142203334759141e-05
2009-12-11,-2.9925356173252532e-05
2009-12-14,-4.211747111528268e-05
2009-12-15,-3.149723613836709e-05
2009-12-16,-2.2443090874648693e-05
2009-12-17,8.165780679452006e-06
2009-12-18,3.99739305586012e-05
2009-12-21,3.9701086280652346e-05
2009-12-22,7.224255284625417e-05
2009-12-23,6.099337135989183e-05
2009-12-24,2.127303528273081e-05
2009-12-25,2.7146879305555482e-05
2009-12-28,6.659974423996807e-06
2009-12-29,-1.2063104764596684e-06
2009-12-30,-2.3763177745999088e-05
2009-12-31,-2.9257896143148774e-05
2010-01-04,-1.1155985810673663e-05
2010-01-05,-2.023999105269479e-05
2010-01-06,-8.872909680683751e-06
2010-01-07,2.3499769657513547e-05
2010-01-08,2.065771587300699e-05
2010-01-11,2.102128161149814e-05
2010-01-12,-3.9231493313890855e-06
2010-01-13,5.2556018186020794e-05
2010-01-14,2.828678894719883e-05
2010-01-15,2.1612062337906263e-05
2010-01-18,1.4183828070198809e-05
2010-01-19,1.2898910634833005e-05
2010-01-20,6.532161131280674e-05
2010-01-21,5.904611651786336e-05
2010-01-22,8.083035778548269e-05
2010-01-25,9.80517486491248e-05
2010-01-26,0.0001353468319918598
2010-01-27,0.00015485277488335296
2010-01-28,0.0001505082452132455
2010-01-29,0.0001517245986148891
2010-02-01,0.0001766272652633461
2010-02-02,0.0001799060998030952
2010-02-03,0.00012467892073171039
2010-02-04,0.00013076856775830849
2010-02-05,0.00016244980568526718
2010-02-08,0.00016259428058633098
2010-02-09,0.00015168192429509486
2010-02-10,0.00012057920535750898
2010-02-11,0.00011562654203845457
2010-02-12,2.7531212225312305
2010-02-22,2.708179659309592
2010-02-23,2.731177802380937
2010-02-24,2.6931087458334972
2010-02-25,2.6833887934417064
2010-02-26,2.69207941069997
2010-03-01,2.638078337366498
2010-03-02,2.648804884199871
2010-03-03,2.6325134342335277
2010-03-04,2.5672642827961862
2010-03-05,2.5645884439715614
2010-03-08,2.531836305130781
2010-03-09,2.5144676810281332
2010-03-10,2.50357836006415
2010-03-11,2.4988144984938594
2010-03-12,2.5147868570766234
2010-03-15,2.442812019718123
2010-03-16,2.4601309709758827
2010-03-17,2.3260419477477985
2010-03-18,2.3245264316968957
2010-03-19,2.303796989177367
2010-03-22,2.292938614563891
2010-03-23,2.2917637222237395
2010-03-24,2.2908955580783594
2010-03-25,2.3114856435142452
2010-03-26,2.278524208022582
2010-03-29,2.156917000497611
2010-03-30,2.1526701963657664
2010-03-31,2.1595722122235763
2010-04-01,2.123781097837465
2010-04-02,2.1115189683071396
2010-04-06,2.1113189247187876
2010-04-07,2.127003394859977
2010-04-08,2.129722949795119
2010-04-09,2.1038357519610837
2010-04-12,2.1180339217524913
2010-04-13,2.132271250768432
2010-04-14,2.121644107610293
2010-04-15,2.1232361287541988
2010-04-16,2.14056054646112
2010-04-19,1.91804564848426
2010-04-20,1.9220208464653044
2010-04-21,1.8619233398809683
2010-04-22,1.8789996773821807
2010-04-23,1.8860378704410967
2010-04-26,1.896248532412447
2010-04-27,1.833091248091574
2010-04-28,1.8311603853841956
2010-04-29,1.8303809145441428
2010-04-30,1.8325295152321568
2010-05-04,1.857725817959156
2010-05-05,1.850000365706356
2010-05-06,1.7180742273166394
2010-05-07,1.8009605083945686
2010-05-10,1.7792241858785156
2010-05-11,1.8696215010329125
2010-05-12,1.8509390868011648
2010-05-13,1.776085326434002
2010-05-14,1.7862690090852638
2010-05-17,1.8098786659729305
2010-05-18,1.7878362124053797
2010-05-19,1.7907538824356466
2010-05-20,1.7642242957444525
2010-05-21,1.725464596464847
2010-05-24,1.7964480493541366
2010-05-25,1.7234751767101433
2010-05-26,1.7230993297437678
2010-05-27,1.6891002893638267
2010-05-28,1.6943274677658893
2010-05-31,1.7181772950747833
2010-06-01,1.7084515083327452
2010-06-02,1.7266197589591354
2010-06-03,1.7421475638012582
2010-06-04,1.7497698779149349
2010-06-07,1.75547581415078
2010-06-08,1.7581613635158642
2010-06-09,1.7315393843723006
2010-06-10,1.7417432524771428
2010-06-11,1.736873994370611
2010-06-17,1.7448131162784286
2010-06-18,1.7679927762925518
2010-06-21,1.7641751395618306
2010-06-22,1.7634107649722035
2010-06-23,1.7428563012296054
2010-06-24,1.7426056611098442
2010-06-25,1.7535295944898122
2010-06-28,1.75214461604503
2010-06-29,1.695751363492802
2010-06-30,1.7186082974232777
2010-07-01,1.7259050940044718
2010-07-02,1.723371352753411
2010-07-05,1.734084604892768
2010-07-06,1.7043704604762622
2010-07-07,1.709908206312985
2010-07-08,1.7122994310745987
2010-07-09,1.6562763431739447
2010-07-12,1.6416498266362463
2010-07-13,1.6534895653842532
2010-07-14,1.6507048137339637
2010-07-15,1.674432121748495
2010-07-16,1.6674807931554145
2010-07-19,1.6346482565959102
2010-07-20,1.6653872018368754
2010-07-21,1.661226448370927
2010-07-22,1.6609557662826293
2010-07-23,1.669559918789402
2010-07-26,1.6567974876690668
2010-07-27,1.653359447247232
2010-07-28,1.6271520273470315
2010-07-29,1.6223736254564662
2010-07-30,1.6228171181729398
2010-08-02,1.5793718168860684
2010-08-03,1.534176350860012
2010-08-04,1.5281033501774623
2010-08-05,1.5356039010307034
2010-08-06,1.5494617018375831
2010-08-09,1.5357214431783475
2010-08-10,1.578572595808677
2010-08-11,1.5734331467468592
2010-08-12,1.5920752783622443
2010-08-13,1.57318400749505
2010-08-16,1.5686773289189893
2010-08-17,1.5625223159541486
2010-08-18,1.5627006827943266
2010-08-19,1.5635531724225613
2010-08-20,1.5984857628309206
2010-08-23,1.5990725135763135
2010-08-24,1.597091691319375
2010-08-25,1.5915631449146004
2010-08-26,1.5917324482490933
2010-08-27,1.5904531629733825
2010-08-30,1.5790840002084858
2010-08-31,1.5850975828825744
2010-09-01,1.5821664394997754
2010-09-02,1.5619767688289206
2010-09-03,1.5631247074737162
2010-09-06,1.6851279294712906
2010-09-07,1.6807239912026593
2010-09-08,1.6812564573412818
2010-09-09,1.6104599220075237
2010-09-10,1.6084918580774352
2010-09-13,1.617373314950388
2010-09-14,1.6181326232098905
2010-09-15,1.6293846260449132
2010-09-16,1.4920010007145141
2010-09-17,1.4868026426647083
2010-09-20,1.4989775865900277
2010-09-21,1.497302439851256
2010-09-27,1.45822916878039
2010-09-28,1.4774629103547625
2010-09-29,1.4784052063587954
2010-09-30,1.4540466569865456
2010-10-08,1.5642057113864942
2010-10-11,1.7011476816249256
2010-10-12,1.7559499950828232
2010-10-13,1.73626112182366
2010-10-14,1.7508261417999436
2010-10-15,1.7953453291341377
2010-10-18,1.7825158043054856
2010-10-19,1.7045323232510068
2010-10-20,1.7486593280882474
2010-10-21,1.7212611637434023
2010-10-22,1.7189768952106261
2010-10-25,1.838215317531391
2010-10-26,1.8454526045895703
2010-10-27,1.8649508515476139
2010-10-28,1.859630524976515
2010-10-29,1.8853078054768089
2010-11-01,1.84597634646585
2010-11-02,1.838187727773124
2010-11-03,1.7994191445724876
2010-11-04,1.7808190637710108
2010-11-05,1.7820014967152964
2010-11-08,1.7729416731532228
2010-11-09,1.7871323416027443
2010-11-10,1.7806316510906781
2010-11-11,1.7789442319436017
2010-11-12,1.7430287892943712
2010-11-15,1.7219446701675623
2010-11-16,1.6883729497006716
2010-11-17,1.6569049420607904
2010-11-18,1.6424255571279642
2010-11-19,1.6504614062981575
2010-11-22,1.6547140346385716
2010-11-23,1.6677311973930078
2010-11-24,1.6852720192629755
2010-11-25,1.6726359586905628
2010-11-26,1.6772005306037507
2010-11-29,1.6808204797284212
2010-11-30,1.6953351953393323
2010-12-01,1.6954294145632207
2010-12-02,1.695289691961797
2010-12-03,1.6950093916638695
2010-12-06,1.7105605332742422
2010-12-07,1.7295807763816087
2010-12-08,1.7176909406751821
2010-12-09,1.7186805610324127
2010-12-10,1.7218133587894853
2010-12-13,1.681943566447418
2010-12-14,1.6797448449425918
2010-12-15,1.6768550854055433
2010-12-16,1.6870442270818808
2010-12-17,1.6878540173796146
2010-12-20,1.7091989227213755
2010-12-21,1.776717811353901
2010-12-22,1.7923584252410438
2010-12-23,1.7809236805228639
2010-12-24,1.771258259482661
2010-12-27,1.6866125268052699
2010-12-28,1.7011996863865653
2010-12-29,1.6849853929942882
2010-12-30,1.6853000619753804
2010-12-31,1.7114366490192332
2011-01-04,1.6991498402310676
2011-01-05,1.7057764625504794
2011-01-06,1.702667114493
2011-01-07,1.7026419961510393
2011-01-10,1.7395078550049803
2011-01-11,1.7364206927508314
2011-01-12,1.7298530021969019
2011-01-13,1.730931682332823
2011-01-14,1.7846839935303882
2011-01-17,1.7958119243278434
2011-01-18,1.797762224070867
2011-01-19,1.7647792467303547
2011-01-20,1.7429153652170057
2011-01-21,1.744989433797276
2011-01-24,1.76503404478563
2011-01-25,1.774778090240856
2011-01-26,1.7679338530541606
2011-01-27,1.806354154243787
2011-01-28,1.8015544273847697
2011-01-31,1.7741646544247234
2011-02-01,1.774517260487871
2011-02-09,1.8026378447527103
2011-02-10,1.7668574874745044
2011-02-11,1.764389129842257
2011-02-14,1.8767739284416178
2011-02-15,1.8767110897253387
2011-02-16,1.8581799531137007
2011-02-17,1.8608401895178224
2011-02-18,1.8567046180215938
2011-02-21,1.8393170826151006
2011-02-22,1.8406615531977621
2011-02-23,1.8378282081379114
2011-02-24,1.8497749465628655
2011-02-25,1.8446657722671282
2011-02-28,1.7967318247671196
2011-03-01,1.787664615452914
2011-03-02,1.7923266939844829
2011-03-03,1.7770905691057033
2011-03-04,1.75259268599189
2011-03-07,1.7724594788478933
2011-03-08,1.7721364035700997
2011-03-09,1.7720178763139036
2011-03-10,1.7850127043936088
2011-03-11,1.7732493755053198
2011-03-14,1.7640113882398594
2011-03-15,1.7743959726468073
2011-03-16,1.7614184485605966
2011-03-17,1.7731407811486706
2011-03-18,1.7881603006581106
2011-03-21,1.7943259918244534
2011-03-22,1.792439043512244
2011-03-23,1.784661503115422
2011-03-24,1.7892869826938347
2011-03-25,1.7638889457660092
2011-03-28,1.7631130267337982
2011-03-29,1.7801762026843737
2011-03-30,1.7838430803999472
2011-03-31,1.7594397217332118
2011-04-01,1.7223199596713177
2011-04-06,1.7560492814902318
2011-04-07,1.7414960119056033
2011-04-08,1.7437034334072228
2011-04-11,1.7480677478787157
2011-04-12,1.7490695153263738
2011-04-13,1.768221899858061
2011-04-14,1.7735379239443647
2011-04-15,1.7736406290194202
2011-04-18,1.7740873997872744
2011-04-19,1.7667183601503254
2011-04-20,1.7666325466621364
2011-04-21,1.773552158345643
2011-04-22,1.7753578299867043
2011-04-25,1.7593413435581984
2011-04-26,1.7590813760070854
2011-04-27,1.7473176929757501
2011-04-28,1.8081432283177001
2011-04-29,1.7927864308792716
2011-05-03,1.7777245579900838
2011-05-04,1.7744359875918827
2011-05-05,1.775148169495052
2011-05-06,1.773750384067584
2011-05-09,1.7761965829308672
2011-05-10,1.7737973796811966
2011-05-11,1.7758451711093581
2011-05-12,1.7869785805703413
2011-05-13,1.8169904774489776
2011-05-16,1.7948230457452938
2011-05-17,1.7842986871067015
2011-05-18,1.7635048854433149
2011-05-19,1.760742913217078
2011-05-20,1.7608907129553237
2011-05-23,1.72931214383055
2011-05-24,1.7260882543090623
2011-05-25,1.679730612668862
2011-05-26,1.64553515463769
2011-05-27,1.6445727146602322
2011-05-30,1.6477937015110669
2011-05-31,1.730289877615906
2011-06-01,1.7289168960436487
2011-06-02,1.7003516883543144
2011-06-03,1.6896472322631182
2011-06-07,1.6836429022512227
2011-06-08,1.6807669163414805
2011-06-09,1.6892286120206594
2011-06-10,1.6972741202439248
2011-06-13,1.7016953462326652
2011-06-14,1.7379585163918492
2011-06-15,1.7097727545976957
2011-06-16,1.633358917464036
2011-06-17,1.6315314267909404
2011-06-20,1.6072337542486308
2011-06-21,1.618743817509592
2011-06-22,1.6187064258190498
2011-06-23,1.6519976408159462
2011-06-24,1.836473344317176
2011-06-27,1.8302428310928318
2011-06-28,1.8321235434216288
2011-06-29,1.781660858288044
2011-06-30,1.7835912079730825
2011-07-01,1.7791593661124407
2011-07-04,1.7306323428479438
2011-07-05,1.7305924275597193
2011-07-06,1.7365342905197154
2011-07-07,1.7509821525422848
2011-07-08,1.7503501424325107
2011-07-11,1.7494603581178467
2011-07-12,1.7138258202262153
2011-07-13,1.6757097206567602
2011-07-14,1.6602426597370723
2011-07-15,1.6563034404333188
2011-07-18,1.6558505703022564
2011-07-19,1.655305601358748
2011-07-20,1.6511015125135544
2011-07-21,1.6324355086975764
2011-07-22,1.6333985074762323
2011-07-25,1.6921890216109627
2011-07-26,1.6912896079469344
2011-07-27,1.6855608997980507
2011-07-28,1.6940870638145058
2011-07-29,1.675715736190501
2011-08-01,1.6776065271959504
2011-08-02,1.683289984051975
2011-08-03,1.6842861465219396
2011-08-04,1.6836264635076275
2011-08-05,1.6791835315641357
2011-08-08,1.6557494250984452
2011-08-09,1.6535959711303
2011-08-10,1.6435192062767365
2011-08-11,1.6552605678596246
2011-08-12,1.6499938949250008
2011-08-15,1.6339591248609446
2011-08-16,1.6433530441478854
2011-08-17,1.6334481660341684
2011-08-18,1.6219084579185823
2011-08-19,1.621339898740812
2011-08-22,1.5900624877730327
2011-08-23,1.598531438085329
2011-08-24,1.594861163551965
2011-08-25,1.5860613909178682
2011-08-26,1.587450562391695
2011-08-29,1.607991713795457
2011-08-30,1.6083268885837274
2011-08-31,1.6085976217450482
2011-09-01,1.5968406489134674
2011-09-02,1.5955317584211919
2011-09-05,1.6054606692896474
2011-09-06,1.604353307044821
2011-09-07,1.5692423625718437
2011-09-08,1.572346201564762
2011-09-09,1.5693922795155897
2011-09-13,1.5647106912880175
2011-09-14,1.5721119124136442
2011-09-15,1.57117546673677
2011-09-16,1.574637771346961
2011-09-19,1.5526921406377172
2011-09-20,1.5626400386389776
2011-09-21,1.5079430664660185
2011-09-22,1.4745443522614337
2011-09-23,1.4718502030556255
2011-09-26,1.4452008520019346
2011-09-27,1.4585526584860742
2011-09-28,1.4483432260794684
2011-09-29,1.4364753368090135
2011-09-30,1.4357749855938602
2011-10-10,1.4071195279273365
2011-10-11,1.4018503637801778
2011-10-12,1.4211766158526533
2011-10-13,1.3977540433862108
2011-10-14,1.3994802386573464
2011-10-17,1.3918128429931926
2011-10-18,1.431343820122911
2011-10-19,1.4259240107512472
2011-10-20,1.367505946518497
2011-10-21,1.366711667178945
2011-10-24,1.3441647242286652
2011-10-25,1.30220045172944
2011-10-26,1.2997571981290033
2011-10-27,1.2975741588515666
2011-10-28,1.2677107025492134
2011-10-31,1.2681426847220147
2011-11-01,1.2688637566270622
2011-11-02,1.2527554161173846
2011-11-03,1.2515112079530468
2011-11-04,1.2495707077617444
2011-11-07,1.252191077687645
2011-11-08,1.2523022681734042
2011-11-09,1.2409350694930381
2011-11-10,1.234521952322744
2011-11-11,1.235842761219595
2011-11-14,1.230235852733302
2011-11-15,1.2327857585886104
2011-11-16,1.200535298525552
2011-11-17,1.2013062285418379
2011-11-18,1.1716831265954426
2011-11-21,1.1730653214802766
2011-11-22,1.1731650782655236
2011-11-23,1.1798986065737072
2011-11-24,1.1715300431209894
2011-11-25,1.1889318087146306
2011-11-28,1.189151590380439
2011-11-29,1.1883879141423552
2011-11-30,1.3070169398520879
2011-12-01,1.302432462099524
2011-12-02,1.3091347433013472
2011-12-05,1.2952152271180508
2011-12-06,1.2944020145135597
2011-12-07,1.2925900714703205
2011-12-08,1.292421614543285
2011-12-09,1.299603193530183
2011-12-12,1.2953226748703857
2011-12-13,1.3242796504377383
2011-12-14,1.3454747223412669
2011-12-15,1.3871778350096746
2011-12-16,1.3569243194587526
2011-12-19,1.3588803524222384
2011-12-20,1.3620466380222636
2011-12-21,1.383332115522227
2011-12-22,1.3785835440841667
2011-12-23,1.3729854834459563
2011-12-26,1.3863115858756094
2011-12-27,1.3721712019223762
2011-12-28,1.3776587569234253
2011-12-29,1.3717673636846281
2011-12-30,1.3722094302001828
2012-01-04,1.3719559217588628
2012-01-05,1.3710144563682998
2012-01-06,1.379322216876328
2012-01-09,1.3815887648843388
2012-01-10,1.4073473638196818
2012-01-11,1.4100622391316928
2012-01-12,1.4098560293581637
2012-01-13,1.3983638978556077
2012-01-16,1.3252996633506233
2012-01-17,1.3784468529202702
2012-01-18,1.3383272973152418
2012-01-19,1.3962299787204377
2012-01-20,1.370242580962161
2012-01-30,1.3578365844861469
2012-01-31,1.3564682074974275
2012-02-01,1.3609557102862035
2012-02-02,1.3538193550861026
2012-02-03,1.3451665787019076
2012-02-06,1.3453877506687133
2012-02-07,1.3860137352565374
2012-02-08,1.4154323454947886
2012-02-09,1.4145801091915065
2012-02-10,1.4155174631254568
2012-02-13,1.4150710291525312
2012-02-14,1.4155252809379277
2012-02-15,1.4122119455008892
2012-02-16,1.4161691130571084
2012-02-17,1.4168977444332473
2012-02-20,1.415916412460405
2012-02-21,1.4095154173093811
2012-02-22,1.425026637956611
2012-02-23,1.4263000914233603
2012-02-24,1.445022977341597
2012-02-27,1.4548243176595828
2012-02-28,1.455020230690617
2012-02-29,1.4711695170144667
2012-03-01,1.470756291284062
2012-03-02,1.5703308954298572
2012-03-05,1.5616023436785569
2012-03-06,1.4974034670297702
2012-03-07,1.4816310354988917
2012-03-08,1.4909498452648366
2012-03-09,1.4699453067384771
2012-03-12,1.4723627362935758
2012-03-13,1.4569374969672644
2012-03-14,1.4872740297403784
2012-03-15,1.4769304082076857
2012-03-16,1.4800362033889252
2012-03-19,1.4811951930722114
2012-03-20,1.5028785745048283
2012-03-21,1.4985799598151992
2012-03-22,1.4987078062972299
2012-03-23,1.4734292956823443
2012-03-26,1.4692277329641916
2012-03-27,1.4691701335867677
2012-03-28,1.3859798484144605
2012-03-29,1.369108381674185
2012-03-30,1.385522343509889
2012-04-05,1.529983140692389
2012-04-06,1.5324483950989412
2012-04-09,1.5261845651287722
2012-04-10,1.5250528809511736
2012-04-11,1.5246659599361068
2012-04-12,1.5421328679645188
2012-04-13,1.536119696846211
2012-04-16,1.531220695963433
2012-04-17,1.5490612801125965
2012-04-18,1.576631450007809
2012-04-19,1.580244823888514
2012-04-20,1.5990564745289537
2012-04-23,1.597033554732225
2012-04-24,1.5978737240600402
2012-04-25,1.577206046584807
2012-04-26,1.5780631243484937
2012-04-27,1.5854644801513156
2012-05-02,1.634727866194108
2012-05-03,1.6477608990930086
2012-05-04,1.6262313247407898
2012-05-07,1.6261253603722838
2012-05-08,1.6325137006636203
2012-05-09,1.5776446887900946
2012-05-10,1.5775979385253858
2012-05-11,1.5704032263246133
2012-05-14,1.5519244376554904
2012-05-15,1.552638390064676
2012-05-16,1.5624824855922446
2012-05-17,1.6329788057762131
2012-05-18,1.6630221744799112
2012-05-21,1.6274660930072344
2012-05-22,1.634057122127878
2012-05-23,1.6158061556899979
2012-05-24,1.6199740613119928
2012-05-25,1.622423604277719
2012-05-28,1.5810680104952917
2012-05-29,1.579280838099487
2012-05-30,1.5768168863209888
2012-05-31,1.565406740076309
2012-06-01,1.5659254706319627
2012-06-04,1.5595888121520611
2012-06-05,1.5595519494398746
2012-06-06,1.5594141549477558
2012-06-07,1.5498560200240539
2012-06-08,1.5393934807880785
2012-06-11,1.549144900798262
2012-06-12,1.5477898364489662
2012-06-13,1.5540317219228488
2012-06-14,1.5647765240590559
2012-06-15,1.5621921025331231
2012-06-18,1.5643230764166152
2012-06-19,1.552064417561834
2012-06-20,1.5551719825001988
2012-06-21,1.6106342881698272
2012-06-25,1.6633538488724797
2012-06-26,1.6619243819105005
2012-06-27,1.6652397577432199
2012-06-28,1.6440955279363825
2012-06-29,1.6777887968031533
2012-07-02,1.6777922521392459
2012-07-03,1.6796177814620317
2012-07-04,1.682464815154562
2012-07-05,1.754376738682928
2012-07-06,1.755123159356386
2012-07-09,1.8043545109008388
2012-07-10,1.7966942175408989
2012-07-11,1.8116731388798204
2012-07-12,1.8764699532348534
2012-07-13,1.8784966262747262
2012-07-16,1.8150360808525574
2012-07-17,1.8485995015459333
2012-07-18,1.8495614369957016
2012-07-19,1.83926871325911
2012-07-20,1.8654452964136619
2012-07-23,1.8033479901519902
2012-07-24,1.8082412163832704
2012-07-25,1.8141421512410087
2012-07-26,1.8176712944531102
2012-07-27,1.8146283688202867
2012-07-30,1.8768535211342172
2012-07-31,1.8763409781541192
2012-08-01,1.8573058283893227
2012-08-02,1.8798950261372043
2012-08-03,1.8914662010609873
2012-08-06,1.8977014689300988
2012-08-07,1.893767750715926
2012-08-08,1.895486313775838
2012-08-09,1.8706399979947135
2012-08-10,1.8830810288503026
2012-08-13,2.020535644545876
2012-08-14,2.0178169721608077
2012-08-15,1.9833259576259972
2012-08-16,1.970719938188141
2012-08-17,1.9688297750639439
2012-08-20,1.964205747775987
2012-08-21,1.9581851710501805
2012-08-22,1.9507954390903273
2012-08-23,1.9456019022525501
2012-08-24,1.960199002958411
2012-08-27,2.195107359201149
2012-08-28,2.141368220628871
2012-08-29,2.1527635911614467
2012-08-30,2.1483681167652993
2012-08-31,2.147652219028874
2012-09-03,2.122402185151306
2012-09-04,2.102192515697053
2012-09-05,2.0980977983761617
2012-09-06,2.0795592586379272
2012-09-07,2.1281544805963217
2012-09-10,2.157115961520624
2012-09-11,2.1002202408052266
2012-09-12,2.0933335336769767
2012-09-13,2.1078757405177946
2012-09-14,2.123405675316267
2012-09-17,2.116208978922038
2012-09-18,2.076727723901364
2012-09-19,2.0855587355649563
2012-09-20,1.9918220074505388
2012-09-21,1.993579890125953
2012-09-24,2.0034075974410817
2012-09-25,2.00459004936014
2012-09-26,1.9398616780953295
2012-09-27,1.9548921666961048
2012-09-28,1.9009461158145715
2012-10-08,1.9095639221059209
2012-10-09,1.9105064875067777
2012-10-10,1.9091200743533585
2012-10-11,1.9023930812095033
2012-10-12,1.900784198707286
2012-10-15,1.8999951585986283
2012-10-16,1.900808825605447
2012-10-17,1.902279363358839
2012-10-18,1.8642609114289268
2012-10-19,1.8648206496131354
2012-10-22,1.8759592512899148
2012-10-23,1.9056165804775707
2012-10-24,1.9121656695883693
2012-10-25,1.9217469478201985
2012-10-26,1.8571655253532025
2012-10-29,1.8558775042887738
2012-10-30,1.8583831603877032
2012-10-31,1.8530151921557434
2012-11-01,1.8373607558569913
2012-11-02,1.8351158019844434
2012-11-05,1.8380777647371036
2012-11-06,1.8290272350365742
2012-11-07,1.8345725911828887
2012-11-08,1.8627549213986185
2012-11-09,1.8657428161723983
2012-11-12,1.8737506162220523
2012-11-13,1.8810487790553279
2012-11-14,1.8854062520235844
2012-11-15,1.8603677608597147
2012-11-16,1.83721838624608
2012-11-19,1.834958258024446
2012-11-20,1.8428797566168615
2012-11-21,1.8623228695188945
2012-11-22,1.8571562099102228
2012-11-23,1.8413304108077624
2012-11-26,1.8488775211605657
2012-11-27,1.8498866730371695
2012-11-28,1.807274214109992
2012-11-29,1.875828807371491
2012-11-30,1.8345107023374443
2012-12-03,1.818019677579975
2012-12-04,1.831881812873821
2012-12-05,1.9668616864292483
2012-12-06,1.9677914647664427
2012-12-07,1.9936408858782366
2012-12-10,1.9602057204251413
2012-12-11,1.9517336783652497
2012-12-12,1.9477827391935787
2012-12-13,1.9517551037830745
2012-12-14,1.9610094331877568
2012-12-17,1.9645798533272418
2012-12-18,1.9645826321540403
2012-12-19,1.9643343078977842
2012-12-20,1.9593740052408428
2012-12-21,1.9615286518190158
2012-12-24,1.9565369321097594
2012-12-25,1.7971868672073852
2012-12-26,1.8035846436615703
2012-12-27,1.7746626001215997
2012-12-28,1.7924642483214028
2012-12-31,1.7611306924981363
2013-01-04,1.7608339085406328
2013-01-07,1.746828387766205
2013-01-08,1.749519373922589
2013-01-09,1.7494564272644852
2013-01-10,1.7500055709230946
2013-01-11,1.7707426350233892
2013-01-14,1.7366211390812771
2013-01-15,1.7201623576178924
2013-01-16,1.7289116654567225
2013-01-17,1.7025415094453833
2013-01-18,1.6578654882874235
2013-01-21,1.6511021699165664
2013-01-22,1.651947550414984
2013-01-23,1.6454618198777655
2013-01-24,1.632065317017469
2013-01-25,1.6438879587565363
2013-01-28,1.6242858302068497
2013-01-29,1.6515130664847057
2013-01-30,1.6427383069395598
2013-01-31,1.643732861730123
2013-02-01,1.6817725430231423
2013-02-04,1.6788339696875731
2013-02-05,1.6633549262065195
2013-02-06,1.6688337810284688
2013-02-07,1.6468298611639849
2013-02-08,1.6401383514924641
2013-02-18,1.6721665961148777
2013-02-19,1.6474974848627655
2013-02-20,1.6237035691917352
2013-02-21,1.5486052564305628
2013-02-22,1.5413297484926878
2013-02-25,1.5446686489012855
2013-02-26,1.5270650989312378
2013-02-27,1.5456295503505124
2013-02-28,1.5426789934835516
2013-03-01,1.5421903708227436
2013-03-04,1.5199893449626616
2013-03-05,1.498448507144366
2013-03-06,1.4817324876200908
2013-03-07,1.4826238711061615
2013-03-08,1.4908437397976617
2013-03-11,1.5000653837792817
2013-03-12,1.4881323049976911
2013-03-13,1.4818869458587554
2013-03-14,1.4827178396825118
2013-03-15,1.4856355277557274
2013-03-18,1.4884812846237232
2013-03-19,1.4865853457955824
2013-03-20,1.4573075131182576
2013-03-21,1.4559775214035575
2013-03-22,1.4547003364624527
2013-03-25,1.4581573713019662
2013-03-26,1.454320408208801
2013-03-27,1.4536016004040975
2013-03-28,1.516023661548087
2013-03-29,1.5173908773421247
2013-04-01,1.5167274456233855
2013-04-02,1.5100561735989104
2013-04-03,1.5101306124697307
2013-04-08,1.5152728404497908
2013-04-09,1.5219944550376137
2013-04-10,1.523966976842568
2013-04-11,1.5241507728187842
2013-04-12,1.5338188531438277
2013-04-15,1.521257782186782
2013-04-16,1.5410368894968598
2013-04-17,1.5409222697833664
2013-04-18,1.5414417626071872
2013-04-19,1.513705953108611
2013-04-22,1.513535045925323
2013-04-23,1.5282252771014324
2013-04-24,1.5338655683254978
2013-04-25,1.524387021758513
2013-04-26,1.5217548526679465
2013-05-02,1.5222292139192457
2013-05-03,1.52713413553973
2013-05-06,1.5205044699659902
2013-05-07,1.5180825862321388
2013-05-08,1.5124004135646891
2013-05-09,1.513691635545696
2013-05-10,1.5127569653456918
2013-05-13,1.519368040737107
2013-05-14,1.5087796083218095
2013-05-15,1.511918005331148
2013-05-16,1.5114280972469478
2013-05-17,1.4892012494227003
2013-05-20,1.4862170356603375
2013-05-21,1.4847629250124101
2013-05-22,1.4848110568471065
2013-05-23,1.4718541745241962
2013-05-24,1.469060846577823
2013-05-27,1.469760860559071
2013-05-28,1.4999391766424715
2013-05-29,1.5013162114768743
2013-05-30,1.4949739729197302
2013-05-31,1.4838578946204983
2013-06-03,1.4851392460695996
2013-06-04,1.489551777613534
2013-06-05,1.4857191865944086
2013-06-06,1.5043860139427097
2013-06-07,1.5076213408603123
2013-06-13,1.5416220836669767
2013-06-14,1.5341529814884214
2013-06-17,1.537077721252149
2013-06-18,1.535025000228706
2013-06-19,1.5256566072742201
2013-06-20,1.449987893791856
2013-06-21,1.444567021706079
2013-06-24,1.3588117784776867
2013-06-25,1.3604517600359805
2013-06-26,1.3605863398215283
2013-06-27,1.3654974186671167
2013-06-28,1.3592238965059986
2013-07-01,1.3566088797294176
2013-07-02,1.3552972544273882
2013-07-03,1.3689370109445278
2013-07-04,1.3697533421768981
2013-07-05,1.377790413727112
2013-07-08,1.3503874858630183
2013-07-09,1.35039857759675
2013-07-10,1.3747857625866287
2013-07-11,1.4131809749423037
2013-07-12,1.4261007968524595
2013-07-15,1.4885626480770777
2013-07-16,1.4877726950417114
2013-07-17,1.5041998744679637
2013-07-18,1.5000135448866356
2013-07-19,1.509095924017506
2013-07-22,1.51373073208572
2013-07-23,1.4891779188239276
2013-07-24,1.49085724247428
2013-07-25,1.4873496875740222
2013-07-26,1.4904905692320103
2013-07-29,1.4797655558850964
2013-07-30,1.4831761610687422
2013-07-31,1.4848325100181758
2013-08-01,1.4704503375641107
2013-08-02,1.469322900091259
2013-08-05,1.4706148507842463
2013-08-06,1.469178164539784
2013-08-07,1.4716538170221098
2013-08-08,1.4721804647506935
2013-08-09,1.4723618400261569
2013-08-12,1.4632842896298264
2013-08-13,1.4620688600991822
2013-08-14,1.46500473776522
2013-08-15,1.4726168574921257
2013-08-16,1.4675159361449752
2013-08-19,1.4235093916264674
2013-08-20,1.4272224287076354
2013-08-21,1.4265252353834041
2013-08-22,1.4273351382938961
2013-08-23,1.4313345619930065
2013-08-26,1.461861987542181
2013-08-27,1.4608654133880385
2013-08-28,1.4627832332012782
2013-08-29,1.45843764118419
2013-08-30,1.4572406681355803
2013-09-02,1.4568744009651822
2013-09-03,1.4372714376118405
2013-09-04,1.4387696955362241
2013-09-05,1.4406497102690035
2013-09-06,1.4328012790166011
2013-09-09,1.4191964942735558
2013-09-10,1.4458406263666335
2013-09-11,1.441862803282503
2013-09-12,1.451529910520096
2013-09-13,1.4533671456115471
2013-09-16,1.458168833948762
2013-09-17,1.4273782147211613
2013-09-18,1.4279454532470235
2013-09-23,1.4077015608244965
2013-09-24,1.419103755235446
2013-09-25,1.4203451047507545
2013-09-26,1.4385447373317257
2013-09-27,1.4465616730891073
2013-09-30,1.4353728739716436
2013-10-08,1.4244881921852695
2013-10-09,1.4241088303688112
2013-10-10,1.4380224929389809
2013-10-11,1.4305380914060526
2013-10-14,1.4287495522336344
2013-10-15,1.4259727936876023
2013-10-16,1.430912348728806
2013-10-17,1.4251307164733944
2013-10-18,1.4275289452785964
2013-10-21,1.4031585397618571
2013-10-22,1.4034194949321819
2013-10-23,1.3863236563400754
2013-10-24,1.3918348428856206
2013-10-25,1.372383762987197
2013-10-28,1.3728480007373354
2013-10-29,1.376366869817311
2013-10-30,1.3462844802235616
2013-10-31,1.3320183489116284
2013-11-01,1.3372002083750567
2013-11-04,1.3391545291204223
2013-11-05,1.3405258552733785
2013-11-06,1.3374096972324452
2013-11-07,1.3316924998346371
2013-11-08,1.3537171130738226
2013-11-11,1.351067163936119
2013-11-12,1.373801959418064
2013-11-13,1.3578044505647113
2013-11-14,1.3510401109576586
2013-11-15,1.4090014050524369
2013-11-18,1.4610904189434513
2013-11-19,1.46737730594266
2013-11-20,1.4671912866380763
2013-11-21,1.4695365898242463
2013-11-22,1.467917922809061
2013-11-25,1.4683129248524207
2013-11-26,1.4682745636686598
2013-11-27,1.4840878260311965
2013-11-28,1.4936536464756578
2013-11-29,1.4938504524679777
2013-12-02,1.4033351802123621
2013-12-03,1.3920104089404843
2013-12-04,1.339805391043893
2013-12-05,1.3324587589927508
2013-12-06,1.337910235804062
2013-12-09,1.3378651250726126
2013-12-10,1.3374552608355748
2013-12-11,1.3918250002499268
2013-12-12,1.3925917902176916
2013-12-13,1.389750887675655
2013-12-16,1.384808520044788
2013-12-17,1.3791135199183477
2013-12-18,1.3798558520237418
2013-12-19,1.3648927741369143
2013-12-20,1.4027343326031774
2013-12-23,1.4066032954988652
2013-12-24,1.3999845702712117
2013-12-25,1.4062173432831233
2013-12-26,1.3986332249733295
2013-12-27,1.3974987516189734
2013-12-30,1.3989670654613173
2013-12-31,1.4108968032050657
2014-01-02,1.412266996965229
2014-01-03,1.42169239642028
2014-01-06,1.3552234195344606
2014-01-07,1.3552962247508211
2014-01-08,1.356751032842548
2014-01-09,1.3678221932394354
2014-01-10,1.3827172932339071
2014-01-13,1.382107757381376
2014-01-14,1.3810271496844622
2014-01-15,1.3829543823609962
2014-01-16,1.384374683159567
2014-01-17,1.363196132048302
2014-01-20,1.3551355797876141
2014-01-21,1.3635842013260144
2014-01-22,1.3668480897699713
2014-01-23,1.3707131428480017
2014-01-24,1.3662166439785723
2014-01-27,1.375880906884445
2014-01-28,1.376952365685064
2014-01-29,1.3731233049818092
2014-01-30,1.3838062486782463
2014-02-07,1.3886019923864832
2014-02-10,1.340441072115276
2014-02-11,1.3301227545069696
2014-02-12,1.3313717596769647
2014-02-13,1.334833911738682
2014-02-14,1.328686284922646
2014-02-17,1.3186836729727558
2014-02-18,1.3544529926568836
2014-02-19,1.3379166652475445
2014-02-20,1.3479919622678567
2014-02-21,1.3632640011837398
2014-02-24,1.3680347840136595
2014-02-25,1.3267802340949473
2014-02-26,1.3233844508448145
2014-02-27,1.3275559573155251
2014-02-28,1.3723416966389226
2014-03-03,1.3429086311281573
2014-03-04,1.3424763654566652
2014-03-05,1.339385831256441
2014-03-06,1.340827912917701
2014-03-07,1.344952494122786
2014-03-10,1.2665516035913944
2014-03-11,1.2573511189713595
2014-03-12,1.253775793332907
2014-03-13,1.2399552224124089
2014-03-14,1.2407528659347797
2014-03-17,1.2385069474895536
2014-03-18,1.2397865298540316
2014-03-19,1.2407860191289455
2014-03-20,1.2188013549924754
2014-03-21,1.2228303120259962
2014-03-24,1.2368309507352735
2014-03-25,1.2373227624175347
2014-03-26,1.2376593602692643
2014-03-27,1.2453291306479497
2014-03-28,1.2448277957105944
2014-03-31,1.2479593534782145
2014-04-01,1.2499547180863055
2014-04-02,1.247477024499769
2014-04-03,1.2261859992926714
2014-04-04,1.2283065976314456
2014-04-08,1.2084632879247854
2014-04-09,1.2076388708909997
2014-04-10,1.2445040073140718
2014-04-11,1.2464492711660138
2014-04-14,1.2469561561377602
2014-04-15,1.251488986188949
2014-04-16,1.252185005745495
2014-04-17,1.2497155212771636
2014-04-18,1.2496036451310935
2014-04-21,1.264177163014989
2014-04-22,1.2631611944610757
2014-04-23,1.2637938333399474
2014-04-24,1.2628937520860641
2014-04-25,1.2416325257433254
2014-04-28,1.2358143087572202
2014-04-29,1.245968889072545
2014-04-30,1.2457559453837497
2014-05-05,1.2453352487655822
2014-05-06,1.246137140819435
2014-05-07,1.223829486001443
2014-05-08,1.2225972445642526
2014-05-09,1.2218838696636198
2014-05-12,1.2343192117834316
2014-05-13,1.236064266767366
2014-05-14,1.2338383418349381
2014-05-15,1.2616549246924094
2014-05-16,1.2608949452658356
2014-05-19,1.2759693554196907
2014-05-20,1.275862996625298
2014-05-21,1.2592688417987394
2014-05-22,1.260934260743354
2014-05-23,1.2506430771042276
2014-05-26,1.2454401406267397
2014-05-27,1.2429173559451785
2014-05-28,1.261936244127128
2014-05-29,1.2903190803268922
2014-05-30,1.2914596006880321
2014-06-03,1.2915125008122452
2014-06-04,1.2826256700977514
2014-06-05,1.2706053836353959
2014-06-06,1.272773194907704
2014-06-09,1.2728121156542738
2014-06-10,1.2730827355340044
2014-06-11,1.2731321392184223
2014-06-12,1.275351132009301
2014-06-13,1.2696441770657323
2014-06-16,1.2614763434022604
2014-06-17,1.2521444298414972
2014-06-18,1.253452200019277
2014-06-19,1.2755415633421217
2014-06-20,1.2605447441239426
2014-06-23,1.2610636237274722
2014-06-24,1.2599804215328607
2014-06-25,1.2481747806969175
2014-06-26,1.2431958166404409
2014-06-27,1.2432743702843412
2014-06-30,1.2340406271818236
2014-07-01,1.2340708423858289
2014-07-02,1.2358603982326204
2014-07-03,1.2347275889576699
2014-07-04,1.235194395549031
2014-07-07,1.2356291763645684
2014-07-08,1.2333641718812993
2014-07-09,1.2103574037967366
2014-07-10,1.2068645757846397
2014-07-11,1.2093997988047653
2014-07-14,1.2041312139707143
2014-07-15,1.2024477762631933
2014-07-16,1.2015836497665555
2014-07-17,1.2041887754092242
2014-07-18,1.2070019613906595
2014-07-21,1.2032142609373586
2014-07-22,1.1882619389411133
2014-07-23,1.1902940540493234
2014-07-24,1.2410345341480487
2014-07-25,1.2319280253330034
2014-07-28,1.2867279387190094
2014-07-29,1.2837007512330325
2014-07-30,1.2780479071237092
2014-07-31,1.2582512341977878
2014-08-01,1.2707124862569266
2014-08-04,1.3132479003770963
2014-08-05,1.3164683914324837
2014-08-06,1.314032251960939
2014-08-07,1.3155725775789417
2014-08-08,1.3157302136712803
2014-08-11,1.3030805518797388
2014-08-12,1.3055090701299272
2014-08-13,1.3058425010168526
2014-08-14,1.308628784880079
2014-08-15,1.310345757705945
2014-08-18,1.306604018478529
2014-08-19,1.3068435634362863
2014-08-20,1.302835186797899
2014-08-21,1.315291601975513
2014-08-22,1.3160449717928482
2014-08-25,1.3317489840949952
2014-08-26,1.3331523194244872
2014-08-27,1.3328341294893946
2014-08-28,1.327596818905654
2014-08-29,1.3118001045409715
2014-09-01,1.310905375384313
2014-09-02,1.3090310601666582
2014-09-03,1.2876236182339684
2014-09-04,1.295358808334189
2014-09-05,1.2954500382756358
2014-09-09,1.295640147766935
2014-09-10,1.3061050330090174
2014-09-11,1.297293344134891
2014-09-12,1.2910206984425219
2014-09-15,1.2919499612749277
2014-09-16,1.2988446351887803
2014-09-17,1.2991599695657932
2014-09-18,1.299292225336615
2014-09-19,1.2958829240264313
2014-09-22,1.2428421943758179
2014-09-23,1.2530844314217215
2014-09-24,1.3282008593862435
2014-09-25,1.332273339154367
2014-09-26,1.3322089018420107
2014-09-29,1.3349260785480532
2014-09-30,1.3351383781534383
2014-10-08,1.309299593257903
2014-10-09,1.3069160001744256
2014-10-10,1.30040191959255
2014-10-13,1.3080832517348
2014-10-14,1.3010241854091316
2014-10-15,1.3627335649918761
2014-10-16,1.3478588868625572
2014-10-17,1.3389817880627561
2014-10-20,1.3261078384358307
2014-10-21,1.3141025656112402
2014-10-22,1.3322308393178897
2014-10-23,1.304540512947452
2014-10-24,1.3057801119355918
2014-10-27,1.368122005757557
2014-10-28,1.3871481507932004
2014-10-29,1.3946858520007712
2014-10-30,1.3834163941318227
2014-10-31,1.4266716065446055
2014-11-03,1.4287036851809063
2014-11-04,1.428709045307088
2014-11-05,1.3969335336582815
2014-11-06,1.3976995346266037
2014-11-07,1.3761070736050878
2014-11-10,1.4453557211340637
2014-11-11,1.4479625159071665
2014-11-12,1.5125441681683385
2014-11-13,1.5134528029873304
2014-11-14,1.5135511694519819
2014-11-17,1.501625156833694
2014-11-18,1.462704833158399
2014-11-19,1.4612997202118951
2014-11-20,1.4613158585347008
2014-11-21,1.340802231144758
2014-11-24,1.7017679514015087
2014-11-25,1.8011787304835722
2014-11-26,1.9093767054177633
2014-11-27,2.0874421952379927
2014-11-28,1.8352856520415006
2014-12-01,1.845713721619672
2014-12-02,1.8966026388515236
2014-12-03,1.8477714986265545
2014-12-04,1.927022732067285
2014-12-05,1.9871623249780248
2014-12-08,2.0632118472925765
2014-12-09,1.9234216924091918
2014-12-10,1.7423604893569076
2014-12-11,1.795322181125525
2014-12-12,1.7971225331823628
2014-12-15,1.8140074194598257
2014-12-16,1.9208313322925215
2014-12-17,1.9138530803241314
2014-12-18,1.9520287174352227
2014-12-19,1.899414962400635
2014-12-22,1.895930240870439
2014-12-23,1.8092830564532643
2014-12-24,1.8498473945413165
2014-12-25,1.7851977870545892
2014-12-26,1.8788776250754962
2014-12-29,1.875083473433451
2014-12-30,1.8744715669699645
2014-12-31,1.8221754694222556
2015-01-05,1.7134237591001078
2015-01-06,1.7092276859920932
2015-01-07,1.7080478258882827
2015-01-08,1.7209234081234699
2015-01-09,1.723489986082472
2015-01-12,1.6986092032747326
2015-01-13,1.7024716143186338
2015-01-14,1.6972959221088524
2015-01-15,1.663390460007914
2015-01-16,1.6482065908329513
2015-01-19,1.5358633950754141
2015-01-20,1.478891984878613
2015-01-21,1.4898070126492027
2015-01-22,1.4919451970442155
2015-01-23,1.4918270120810582
2015-01-26,1.4751868925718672
2015-01-27,1.476066854949988
2015-01-28,1.4646600742471503
2015-01-29,1.4738548627183161
2015-01-30,1.4726733684453124
2015-02-02,1.4664765589694317
2015-02-03,1.483081862658898
2015-02-04,1.4780046426018514
2015-02-05,1.4634525482859315
2015-02-06,1.4455507975920687
2015-02-09,1.4554815962772973
2015-02-10,1.4422032996398797
2015-02-11,1.4392698760222051
2015-02-12,1.438345755051377
2015-02-13,1.4405237514565752
2015-02-16,1.427635757066663
2015-02-17,1.4249604167114833
2015-02-25,1.430330762487702
2015-02-26,1.4432025668626736
2015-02-27,1.4425955569393742
2015-03-02,1.4496298293703338
2015-03-03,1.462940738542482
2015-03-04,1.456567679756505
2015-03-05,1.4492487225469253
2015-03-06,1.4437641785705828
2015-03-09,1.3843173871637078
2015-03-10,1.3847154609061576
2015-03-11,1.3846025208961974
2015-03-12,1.3782535013004145
2015-03-13,1.376466918292222
2015-03-16,1.3701392982162857
2015-03-17,1.3842779883495304
2015-03-18,1.3948176917016175
2015-03-19,1.3964434264961265
2015-03-20,1.4252681357046002
2015-03-23,1.4124049683574782
2015-03-24,1.413564835626016
2015-03-25,1.4194960834763932
2015-03-26,1.4189182518971641
2015-03-27,1.4276731596108159
2015-03-30,1.4090822963354852
2015-03-31,1.3893144327192024
2015-04-01,1.391517222641457
2015-04-02,1.3927400038396658
2015-04-03,1.4020176416813668
2015-04-07,1.381027593430841
2015-04-08,1.3919475537241108
2015-04-09,1.3744760733629715
2015-04-10,1.3223978197039379
2015-04-13,1.2643390580400968
2015-04-14,1.2622242912185584
2015-04-15,1.2988663877425688
2015-04-16,1.2427330140991397
2015-04-17,1.2169307955763775
2015-04-20,1.2585125094040557
2015-04-21,1.2904119783979164
2015-04-22,1.3363091425073805
2015-04-23,1.3386092506154499
2015-04-24,1.3612514774934248
2015-04-27,1.3248525154236521
2015-04-28,1.3158978125810292
2015-04-29,1.3115955602099045
2015-04-30,1.3143697064003024
2015-05-04,1.3029534434484202
2015-05-05,1.2483765923494272
2015-05-06,1.2374608154094604
2015-05-07,1.184011519682853
2015-05-08,1.1569267945637807
2015-05-11,1.1583500498203976
2015-05-12,1.1552159157013442
2015-05-13,1.1621101318497673
2015-05-14,1.1643338372696317
2015-05-15,1.191520825976058
2015-05-18,1.198775785534615
2015-05-19,1.2670778859067546
2015-05-20,1.2618007033639078
2015-05-21,1.2354030717783229
2015-05-22,1.2399193122086587
2015-05-25,1.2260981422342279
2015-05-26,1.200777652705442
2015-05-27,1.2036606919635084
2015-05-28,1.2687232439450862
2015-05-29,1.2687526544350454
2015-06-01,1.258872151723987
2015-06-02,1.2404537391271282
2015-06-03,1.2413727424283811
2015-06-04,1.24290205697492
2015-06-05,1.2498249437111646
2015-06-08,1.2853932922002065
2015-06-09,1.2944468648828353
2015-06-10,1.296806247282578
2015-06-11,1.2987791299891092
2015-06-12,1.2976024522700127
2015-06-15,1.3001798092769985
2015-06-16,1.2502913505579958
2015-06-17,1.244610003870626
2015-06-18,1.2256604171462322
2015-06-19,1.135496080477164
2015-06-23,1.1338721834057197
2015-06-24,1.1199795473440033
2015-06-25,1.1017705847021
2015-06-26,1.1368753459123986
2015-06-29,1.1749612673599779
2015-06-30,1.1753707598259564
2015-07-01,1.1871666237941587
2015-07-02,1.1514818143922854
2015-07-03,1.1413434174138777
2015-07-06,1.1622768530226952
2015-07-07,1.1700811265038182
2015-07-08,1.2041718336292642
2015-07-09,1.2379514532831108
2015-07-10,1.2770515711190153
2015-07-13,1.2651881694870883
2015-07-14,1.2812673786613864
2015-07-15,1.3088445803405722
2015-07-16,1.3089817947312858
2015-07-17,1.315729937366133
2015-07-20,1.3147527101480458
2015-07-21,1.314861160527571
2015-07-22,1.315731823140013
2015-07-23,1.3150070232737736
2015-07-24,1.3183286988833123
2015-07-27,1.2938605022872287
2015-07-28,1.2901690545609867
2015-07-29,1.2666365623879707
2015-07-30,1.2747263032470955
2015-07-31,1.274791587647713
2015-08-03,1.2760985909321834
2015-08-04,1.2586934194732677
2015-08-05,1.2626302325758156
2015-08-06,1.2654416812243652
2015-08-07,1.2586259023108295
2015-08-10,1.2642431026285432
2015-08-11,1.2659028335320481
2015-08-12,1.264131970586493
2015-08-13,1.2623961962579422
2015-08-14,1.26220840992531
2015-08-17,1.2619365868330976
2015-08-18,1.2684498746579704
2015-08-19,1.2662896185344212
2015-08-20,1.2689608611162186
2015-08-21,1.2991238802667817
2015-08-24,1.2739933312160305
2015-08-25,1.2859694044790095
2015-08-26,1.2889565237388227
2015-08-27,1.3000836074910642
2015-08-28,1.2905453658014738
2015-08-31,1.288436847159329
2015-09-01,1.2877713564819664
2015-09-02,1.288130844741837
2015-09-07,1.2862271516621957
2015-09-08,1.2863209192943006
2015-09-09,1.2879294564356798
2015-09-10,1.2896781867195624
2015-09-11,1.289406179541688
2015-09-14,1.3073310717108415
2015-09-15,1.2933308285469376
2015-09-16,1.3060516387101457
2015-09-17,1.3004521567042135
2015-09-18,1.300824626927283
2015-09-21,1.298370944272732
2015-09-22,1.3044278155724849
2015-09-23,1.3106319117081855
2015-09-24,1.3093366609920634
2015-09-25,1.3154648318104574
2015-09-28,1.3157396116313809
2015-09-29,1.307256068752223
2015-09-30,1.3063441173870431
2015-10-08,1.3147468466454963
2015-10-09,1.320860657196654
2015-10-12,1.3323263741704514
2015-10-13,1.3322505538789857
2015-10-14,1.3327721143309565
2015-10-15,1.3334951186021549
2015-10-16,1.3343830979596187
2015-10-19,1.3343916108457383
2015-10-20,1.3342523613878006
2015-10-21,1.3597070828361402
2015-10-22,1.3601108386027605
2015-10-23,1.363928169453112
2015-10-26,1.3664026272074141
2015-10-27,1.3661467914559702
2015-10-28,1.3700401206851383
2015-10-29,1.3698347096313568
2015-10-30,1.3699204497215471
2015-11-02,1.3739065242720871
2015-11-03,1.3731801906605798
2015-11-04,1.4233796339887703
2015-11-05,1.4480560368255844
2015-11-06,1.4948572048278037
2015-11-09,1.4802451838197948
2015-11-10,1.4777422891038248
2015-11-11,1.4776007042057155
2015-11-12,1.4837364173538614
2015-11-13,1.4762388885023452
2015-11-16,1.4722467592130395
2015-11-17,1.4717213578610222
2015-11-18,1.4776912683861865
2015-11-19,1.4729620557258694
2015-11-20,1.4730740927013026
2015-11-23,1.4704736584613312
2015-11-24,1.4703798536884662
2015-11-25,1.4688580056506064
2015-11-26,1.4693079512733536
2015-11-27,1.5068694199392716
2015-11-30,1.5075583248592026
2015-12-01,1.5084729838881141
2015-12-02,1.5695108197966956
2015-12-03,1.57272788266622
2015-12-04,1.5458266743779934
2015-12-07,1.543253638080682
2015-12-08,1.5411268740971038
2015-12-09,1.5398052792087915
2015-12-10,1.5403866362449703
2015-12-11,1.5410566674275377
2015-12-14,1.6071344148347027
2015-12-15,1.6121329538329707
2015-12-16,1.6083435505414183
2015-12-17,1.596323758260448
2015-12-18,1.593917572586549
2015-12-21,1.5805964310994014
2015-12-22,1.5808523855473755
2015-12-23,1.5791556372827074
2015-12-24,1.588882146006835
2015-12-25,1.5881371275470184
2015-12-28,1.5876624218464424
2015-12-29,1.5853570679308229
2015-12-30,1.5847261747992543
2015-12-31,1.5891669146648726
2016-01-04,1.55421952839572
2016-01-05,1.5554513850406602
2016-01-06,1.5512186373458983
2016-01-07,1.5093812315724506
2016-01-08,1.504978020902441
2016-01-11,1.5101663108839973
2016-01-12,1.5114361457297036
2016-01-13,1.4999636021705107
2016-01-14,1.5047149649319236
2016-01-15,1.4855802699222513
2016-01-18,1.4851080666789656
2016-01-19,1.4791136219673737
2016-01-20,1.4768221828108745
2016-01-21,1.4865543942227464
2016-01-22,1.4847742463798883
2016-01-25,1.4838880239085868
2016-01-26,1.5036448250930607
2016-01-27,1.506872994099042
2016-01-28,1.4982056998433821
2016-01-29,1.5064956183121485
2016-02-01,1.5056078368197352
2016-02-02,1.5058551964299318
2016-02-03,1.506134109637931
2016-02-04,1.50271694447178
2016-02-05,1.5067570263453032
2016-02-15,1.5072256512487985
2016-02-16,1.5197565397906456
2016-02-17,1.5183665832418074
2016-02-18,1.5184685386460588
2016-02-19,1.518389322042106
2016-02-22,1.5177969711738752
2016-02-23,1.519013365511438
2016-02-24,1.5183652452871659
2016-02-25,1.5095484315644152
2016-02-26,1.506059460120233
2016-02-29,1.512309169874148
2016-03-01,1.5217238201639576
2016-03-02,1.5760157972250555
2016-03-03,1.5748320975636128
2016-03-04,1.5640554952207526
2016-03-07,1.5643362413243542
2016-03-08,1.5639209094347375
2016-03-09,1.566967965987678
2016-03-10,1.5658118897177609
2016-03-11,1.566438956670392
2016-03-14,1.580085035740862
2016-03-15,1.5781883421773157
2016-03-16,1.575630004425628
2016-03-17,1.5857598405902544
2016-03-18,1.5966110068920023
2016-03-21,1.6611058285654297
2016-03-22,1.6668076635912532
2016-03-23,1.6699844874506666
2016-03-24,1.6832636988960346
2016-03-25,1.6839561272996164
2016-03-28,1.6823873643996037
2016-03-29,1.678065411303214
2016-03-30,1.6772076499820492
2016-03-31,1.6772992820579709
2016-04-01,1.6766746139017727
2016-04-05,1.6752511306471427
2016-04-06,1.6752417132727262
2016-04-07,1.6755602263607852
2016-04-08,1.6788043750805206
2016-04-11,1.684308570120055
2016-04-12,1.6846416772408195
2016-04-13,1.6992508769490748
2016-04-14,1.6997337738865161
2016-04-15,1.700372903898185
2016-04-18,1.707374092609608
2016-04-19,1.7077031271605991
2016-04-20,1.7147920283144704
2016-04-21,1.7138600821761671
2016-04-22,1.7151768494993738
2016-04-25,1.7178794799185548
2016-04-26,1.7183897218552202
2016-04-27,1.7207204113240264
2016-04-28,1.7207558617780343
2016-04-29,1.720735279805498
2016-05-03,1.7195100652910051
2016-05-04,1.719826188067615
2016-05-05,1.71968859990868
2016-05-06,1.6973773653401807
2016-05-09,1.6977598271524925
2016-05-10,1.6980070002405618
2016-05-11,1.6938571421162874
2016-05-12,1.695485899594487
2016-05-13,1.6956967374297445
2016-05-16,1.6933829360511055
2016-05-17,1.6923600014862086
2016-05-18,1.6906910664339632
2016-05-19,1.691239863291845
2016-05-20,1.6911327471219302
2016-05-23,1.6896728808619328
2016-05-24,1.6865528746671177
2016-05-25,1.6857454503072542
2016-05-26,1.6856477770145433
2016-05-27,1.6855155591807556
2016-05-30,1.6854110355860137
2016-05-31,1.7297266731036078
2016-06-01,1.7327618007950116
2016-06-02,1.7334358407718529
2016-06-03,1.7302748973992985
2016-06-06,1.731424268642574
2016-06-07,1.7315044258609167
2016-06-08,1.7307879114712033
2016-06-13,1.7153798588257942
2016-06-14,1.714869831146298
2016-06-15,1.704551318412402
2016-06-16,1.7103665082350523
2016-06-17,1.7107361236099037
2016-06-20,1.711627047349655
2016-06-21,1.7090706942509035
2016-06-22,1.7170076635411478
2016-06-23,1.7149589809505421
2016-06-24,1.704820745311561
2016-06-27,1.7104203144203056
2016-06-28,1.7160140242047845
2016-06-29,1.7094240581772262
2016-06-30,1.710060148178814
2016-07-01,1.7112206765965043
2016-07-04,1.7171707838967458
2016-07-05,1.7175157501297613
2016-07-06,1.7153336344025258
2016-07-07,1.7155458250727047
2016-07-08,1.7109229714142706
2016-07-11,1.7090296655318613
2016-07-12,1.6627851767387258
2016-07-13,1.6621096607365393
2016-07-14,1.662798513545975
2016-07-15,1.6630001920662034
2016-07-18,1.6741177792395656
2016-07-19,1.6685329712210006
2016-07-20,1.668366527901914
2016-07-21,1.6672904630515781
2016-07-22,1.6587286123676244
2016-07-25,1.6569239091060084
2016-07-26,1.6451386307015592
2016-07-27,1.658383335337024
2016-07-28,1.6568854418775147
2016-07-29,1.6476903410430868
2016-08-01,1.6359979059093834
2016-08-02,1.6342715142900086
2016-08-03,1.6336040526293276
2016-08-04,1.6331132808563624
2016-08-05,1.6388854489097922
2016-08-08,1.625847267722761
2016-08-09,1.6214805866843995
2016-08-10,1.6167863686881456
2016-08-11,1.6096613540179656
2016-08-12,1.5774428631672859
2016-08-15,1.5929033916268098
2016-08-16,1.5889452189694557
2016-08-17,1.587596392495931
2016-08-18,1.5893836731710171
2016-08-19,1.589802924306906
2016-08-22,1.5916679162708565
2016-08-23,1.5933595343021048
2016-08-24,1.602939940160031
2016-08-25,1.590974919724
2016-08-26,1.591406585436284
2016-08-29,1.5920792452290524
2016-08-30,1.591886379474315
2016-08-31,1.585966475840415
2016-09-01,1.5836821390589098
2016-09-02,1.5820226103298607
2016-09-05,1.582241628754521
2016-09-06,1.5849499243606602
2016-09-07,1.5855745342192
2016-09-08,1.587240511822329
2016-09-09,1.563718957807384
2016-09-12,1.5514261295576603
2016-09-13,1.5530264199345227
2016-09-14,1.5591454736606525
2016-09-19,1.5467482609988799
2016-09-20,1.5483263975529973
2016-09-21,1.5509410789043043
2016-09-22,1.5379805501012624
2016-09-23,1.5409772785412708
2016-09-26,1.4866451767006967
2016-09-27,1.4919128687196286
2016-09-28,1.494426240157476
2016-09-29,1.5048379619428947
2016-09-30,1.5050613576854168
2016-10-10,1.5103203751111478
2016-10-11,1.5056191736150613
2016-10-12,1.5067389402011042
2016-10-13,1.506193011990027
2016-10-14,1.5058374973720965
2016-10-17,1.5117531295979996
2016-10-18,1.5468299640726535
2016-10-19,1.5479110405541214
2016-10-20,1.548302834931284
2016-10-21,1.5530969672260437
2016-10-24,1.5941803985414698
2016-10-25,1.594708747074712
2016-10-26,1.5922863855179126
2016-10-27,1.5946426813940164
2016-10-28,1.5915022383439827
2016-10-31,1.589849897497596
2016-11-01,1.5907832190678999
2016-11-02,1.586800330594837
2016-11-03,1.6018680643885606
2016-11-04,1.5830576144215807
2016-11-07,1.5814844240145123
2016-11-08,1.5792154969197745
2016-11-09,1.5954415681138951
2016-11-10,1.6372850766632663
2016-11-11,1.681584009742393
2016-11-14,1.6923890881180714
2016-11-15,1.6927819835826416
2016-11-16,1.6906057503194274
2016-11-17,1.686676856203394
2016-11-18,1.719858218823141
2016-11-21,1.696157426718599
2016-11-22,1.6997954656538912
2016-11-23,1.6966080725506456
2016-11-24,1.7377884274074564
2016-11-25,1.7050448654398331
2016-11-28,1.689671051915559
2016-11-29,1.6481862940731486
2016-11-30,1.63635952920095
2016-12-01,1.6309233992364365
2016-12-02,1.6538255674420297
2016-12-05,1.858436201329381
2016-12-06,1.8331355635534516
2016-12-07,1.8198882233630505
2016-12-08,1.8239918065483909
2016-12-09,1.796172249613041
2016-12-12,1.7701731950803306
2016-12-13,1.7682456837033083
2016-12-14,1.793276716034478
2016-12-15,1.732763626569932
2016-12-16,1.734295060079325
2016-12-19,1.7428441424024848
2016-12-20,1.733018363806364
2016-12-21,1.7247552053569404
2016-12-22,1.7251824178165804
2016-12-23,1.7141713012953672
2016-12-26,1.7176079169566782
2016-12-27,1.7176049635187778
2016-12-28,1.72187473309968
2016-12-29,1.7207369678012834
2016-12-30,1.7214863957118427
2017-01-03,1.715043691275839
2017-01-04,1.6914903801974837
2017-01-05,1.6910164740656952
2017-01-06,1.690493286202901
2017-01-09,1.6773443515139443
2017-01-10,1.673574533676562
2017-01-11,1.6164425765256467
2017-01-12,1.602763922852362
2017-01-13,1.6036588152174758
2017-01-16,1.6048172539870256
2017-01-17,1.5983606738818423
2017-01-18,1.5906351858757035
2017-01-19,1.5844661156817923
2017-01-20,1.5891024445948227
2017-01-23,1.5953851510726433
2017-01-24,1.5961222396811001
2017-01-25,1.599986919686034
2017-01-26,1.6049220198346617
2017-02-03,1.6171475403627318
2017-02-06,1.6134983103495062
2017-02-07,1.6181515894226193
2017-02-08,1.6417314485135328
2017-02-09,1.6283228547081428
2017-02-10,1.6293261252080995
2017-02-13,1.6401605805135133
2017-02-14,1.6405467797856979
2017-02-15,1.6349994445419813
2017-02-16,1.6554023860480944
2017-02-17,1.6437088957841315
2017-02-20,1.558240701941381
2017-02-21,1.5588182693478096
2017-02-22,1.553895301759439
2017-02-23,1.5755041615077816
2017-02-24,1.5754846683006554
2017-02-27,1.5927925538135872
2017-02-28,1.5927450712485918
2017-03-01,1.5951491335819632
2017-03-02,1.5569832228446185
2017-03-03,1.5614118630484188
2017-03-06,1.5649129110699485
2017-03-07,1.5550277310575547
2017-03-08,1.5609613935256987
2017-03-09,1.5752729125239349
2017-03-10,1.5750373408595477
2017-03-13,1.5463732121672285
2017-03-14,1.5448199676459622
2017-03-15,1.541601369762462
2017-03-16,1.581105389452346
2017-03-17,1.6161248530250787
2017-03-20,1.6142603844310037
2017-03-21,1.5813395169571407
2017-03-22,1.6055992922686209
2017-03-23,1.6055888599138564
2017-03-24,1.620328177789302
2017-03-27,1.609473981333067
2017-03-28,1.612437587632881
2017-03-29,1.6136356518763515
2017-03-30,1.5518656687058
2017-03-31,1.525056741003872
2017-04-05,1.4846283071606508
2017-04-06,1.4755230300413256
2017-04-07,1.4742037012729483
2017-04-10,1.4919958729794813
2017-04-11,1.4881497541859017
2017-04-12,1.4892454059557738
2017-04-13,1.4858651484527376
2017-04-14,1.4958520373501245
2017-04-17,1.4925360399424177
2017-04-18,1.5142281610425201
2017-04-19,1.5187697150725556
2017-04-20,1.4964126589095528
2017-04-21,1.508239374556244
2017-04-24,1.4239644075445883
2017-04-25,1.4099530017013122
2017-04-26,1.4171487137757284
2017-04-27,1.4166271252380536
2017-04-28,1.4093980219787927
2017-05-02,1.4265307321471201
2017-05-03,1.4254694211057206
2017-05-04,1.4362290047619235
2017-05-05,1.514514982720693
2017-05-08,1.4821857851051985
2017-05-09,1.4771072139244428
2017-05-10,1.4958244295860474
2017-05-11,1.4962649219439759
2017-05-12,1.4785311609562493
2017-05-15,1.5013493148208263
2017-05-16,1.4444833258834584
2017-05-17,1.4394079112109877
2017-05-18,1.4603376001020425
2017-05-19,1.4529332940131112
2017-05-22,1.4363827504143858
2017-05-23,1.439933636815696
2017-05-24,1.44008252319933
2017-05-25,1.8385703312071675
2017-05-26,1.839877190039284
2017-05-31,1.8354482635963814
2017-06-01,1.8278102500754487
2017-06-02,1.8194480050794908
2017-06-05,1.781646409199164
2017-06-06,1.7411846147160475
2017-06-07,1.67975176469639
2017-06-08,1.6340339277221307
2017-06-09,1.6193637098416813
2017-06-12,1.6297691854492107
2017-06-13,1.6379690745336017
2017-06-14,1.4465964891163048
2017-06-15,1.4282147888495276
2017-06-16,1.4312282615483076
2017-06-19,1.467851520512873
2017-06-20,1.456354684935087
2017-06-21,1.3201707427018121
2017-06-22,1.320875824196866
2017-06-23,1.2389970160005117
2017-06-26,1.261845711365443
2017-06-27,1.256139277992671
2017-06-28,1.2350502664444345
2017-06-29,1.2241205116899163
2017-06-30,1.223364610338201
2017-07-03,1.2271477138006939
2017-07-04,1.212842073324163
2017-07-05,1.1797316429060543
2017-07-06,1.1792733384747345
2017-07-07,1.1719675423887872
2017-07-10,1.1671866511066773
2017-07-11,1.165532256299968
2017-07-12,1.1657979007328085
2017-07-13,1.2048973181983904
2017-07-14,1.1913988554898103
2017-07-17,1.2175346682066923
2017-07-18,1.2139664121198765
2017-07-19,1.5569704215138087
2017-07-20,1.531569469554878
2017-07-21,1.5340610662654544
2017-07-24,1.5209387197398292
2017-07-25,1.5375033349971363
2017-07-26,1.5146116874560562
2017-07-27,1.5125494957634524
2017-07-28,1.5022076294306725
2017-07-31,1.5168726869195168
2017-08-01,1.5092843568132208
2017-08-02,1.4985380794078003
2017-08-03,1.4822964918276027
2017-08-04,1.4450180436299762
2017-08-07,1.3839248372591033
2017-08-08,1.3845601655721977
2017-08-09,1.3866512304423813
2017-08-10,1.3877971725016567
2017-08-11,1.4145901948521495
2017-08-14,1.3810385288436011
2017-08-15,1.371097418602143
2017-08-16,1.3679671475310138
2017-08-17,1.3648152145032124
2017-08-18,1.361729551421699
2017-08-21,1.3704661871678638
2017-08-22,1.3594228431412714
2017-08-23,1.362133442717952
2017-08-24,1.37350751976828
2017-08-25,1.4133786053977604
2017-08-28,1.7011288120764811
2017-08-29,1.7048753942058983
2017-08-30,1.704454645741374
2017-08-31,1.6660840902103073
2017-09-01,1.6793139694831158
2017-09-04,1.6630837994431467
2017-09-05,1.6546889149950088
2017-09-06,1.6573361802345254
2017-09-07,1.668893869770522
2017-09-08,1.67328098080101
2017-09-11,1.6727993567804724
2017-09-12,1.7078919020104815
2017-09-13,1.700636707247385
2017-09-14,1.7127903364937163
2017-09-15,1.7127997160376338
2017-09-18,1.7353050889839317
2017-09-19,1.7565805667513348
2017-09-20,1.7536992253665886
2017-09-21,1.7495081536007513
2017-09-22,1.7504127143814985
2017-09-25,1.7498711549816706
2017-09-26,1.7495463669253477
2017-09-27,1.7499357680982928
2017-09-28,1.7498971861962054
2017-09-29,1.7650546687426165
2017-10-09,1.6475276405781483
2017-10-10,1.650392742858031
2017-10-11,1.6295984085379231
2017-10-12,1.6153309978514843
2017-10-13,1.60918140996092
2017-10-16,1.6028532098603099
2017-10-17,1.6080532179397602
2017-10-18,1.5056113032573644
2017-10-19,1.5503794878623631
2017-10-20,1.5456175774227603
2017-10-23,1.540665617526373
2017-10-24,1.564922745975271
2017-10-25,1.5748689700433138
2017-10-26,1.5463672849888341
2017-10-27,1.427403476208054
2017-10-30,1.4455859139143417
2017-10-31,1.4551225146613884
2017-11-01,1.448183918715259
2017-11-02,1.4462235722377048
2017-11-03,1.4576534831742691
2017-11-06,1.3652113914867712
2017-11-07,1.4436362359156896
2017-11-08,1.4054969796629961
2017-11-09,1.3553252233158213
2017-11-10,1.3266300062292606
2017-11-13,1.2966224642508304
2017-11-14,1.3330318114061497
2017-11-15,1.33124446745477
2017-11-16,1.200793438663812
2017-11-17,1.2162874580232832
2017-11-20,1.1425191761493745
2017-11-21,1.427264774905729
2017-11-22,1.4290436232030035
2017-11-23,1.281946483905477
2017-11-24,1.28184851847491
2017-11-27,1.2211291631016818
2017-11-28,1.218624033133034
2017-11-29,1.2188827082717575
2017-11-30,1.1696681949043253
2017-12-01,1.1767012549673113
2017-12-04,1.147062654623838
2017-12-05,1.1553549023651268
2017-12-06,1.1373526952208015
2017-12-07,1.1166241990394488
2017-12-08,1.0942528811419063
2017-12-11,1.066577100634439
2017-12-12,1.100783393499554
2017-12-13,1.0646247203489911
2017-12-14,1.0797046010194458
2017-12-15,1.060095358311093
2017-12-18,1.0595046871340101
2017-12-19,1.044901846703979
2017-12-20,1.0541745096691804
2017-12-21,1.0377860263713303
2017-12-22,1.041351093664122
2017-12-25,1.0424786620501516
2017-12-26,1.0485149186317582
2017-12-27,1.03628188718933
2017-12-28,1.030414915992388
2017-12-29,1.0343057750762847
2018-01-02,1.0887274756256815
2018-01-03,1.0984135955103393
2018-01-04,1.0864545101490628
2018-01-05,1.087369987348163
2018-01-08,1.1274265897831826
2018-01-09,1.091615634506156
2018-01-10,1.0967929339897315
2018-01-11,1.100853490037127
2018-01-12,1.0987256379267771
2018-01-15,1.0992882882332813
2018-01-16,1.1516433027266835
2018-01-17,1.1021307112049594
2018-01-18,1.097735671567666
2018-01-19,1.1049015494856758
2018-01-22,1.0237124926763925
2018-01-23,1.025495172213387
2018-01-24,1.0491154461745316
2018-01-25,1.0827334832077264
2018-01-26,1.083407226219165
2018-01-29,1.0696663804628457
2018-01-30,1.118211488141866
2018-01-31,1.0893399045662095
2018-02-01,1.0913519807556271
2018-02-02,1.0771949850216005
2018-02-05,1.0778368727041614
2018-02-06,1.1894194390504353
2018-02-07,1.1627214875496232
2018-02-08,1.1715608853214377
2018-02-09,1.2558963872665603
2018-02-12,1.1983561085223855
2018-02-13,1.1972617023420091
2018-02-14,1.1837854867321096
2018-02-22,1.1447333248293534
2018-02-23,1.1483505917088517
2018-02-26,1.169755536761368
2018-02-27,1.1635726693930184
2018-02-28,1.1595644439518245
2018-03-01,1.1554012269618679
2018-03-02,1.160411030421149
2018-03-05,1.1602191057064961
2018-03-06,1.176326762424926
2018-03-07,1.1787019442977837
2018-03-08,1.1677690096176836
2018-03-09,1.1836459198722575
2018-03-12,1.191761506530756
2018-03-13,1.2058285197108716
2018-03-14,1.2076425442082495
2018-03-15,1.2016004655303596
2018-03-16,1.2263419105801443
2018-03-19,1.224247344680102
2018-03-20,1.2245591112559264
2018-03-21,1.2193577504598703
2018-03-22,1.1920339454675026
2018-03-23,1.1646074007169769
2018-03-26,1.160716953934026
2018-03-27,1.1748454431049467
2018-03-28,1.124799767206981
2018-03-29,1.1262639354748982
2018-03-30,1.1272844853003692
2018-04-02,1.1208039946988666
2018-04-03,1.1229803862565617
2018-04-04,1.1254060837216626
2018-04-09,1.1256268145407273
2018-04-10,1.1297589952243767
2018-04-11,1.124395520928022
2018-04-12,1.1187409023535428
2018-04-13,1.1218793458704062
2018-04-16,1.1391622319220236
2018-04-17,1.100285882725068
2018-04-18,1.1070596951750227
2018-04-19,1.0928243253922074
2018-04-20,1.124634106340629
2018-04-23,1.1264318717462747
2018-04-24,1.1307927350011124
2018-04-25,1.1374239531343628
2018-04-26,1.1419227018566145
2018-04-27,1.1424888085164246
2018-05-02,1.1422693940079345
2018-05-03,1.1588891826053318
2018-05-04,1.163164530364854
2018-05-07,1.1438104463335916
2018-05-08,1.129594547130919
2018-05-09,1.1334237153329603
2018-05-10,1.1323832336060147
2018-05-11,1.1381317004817646
2018-05-14,1.1262826044945564
2018-05-15,1.1193204733773052
2018-05-16,1.1228355139434256
2018-05-17,1.1148873024066968
2018-05-18,1.1149217975739272
2018-05-21,1.113338028526578
2018-05-22,1.1137667725129836
2018-05-23,1.1027300455414932
2018-05-24,1.1144348375419588
2018-05-25,1.1188734189311462
2018-05-28,1.107096056725227
2018-05-29,1.117898009180281
2018-05-30,1.1743153449694128
2018-05-31,1.1219389228001964
2018-06-01,1.1087110631080543
2018-06-04,1.0800731503776662
2018-06-05,1.0754362414411984
2018-06-06,1.0752901358488003
2018-06-07,1.0711070657281214
2018-06-08,1.0831306208364422
2018-06-11,1.0831472416645849
2018-06-12,1.0627331966183646
2018-06-13,1.0744127506778427
2018-06-14,1.0700594034189252
2018-06-15,1.0664696430205038
2018-06-19,0.9107019405044199
2018-06-20,0.8929263506516594
2018-06-21,0.9223874470656823
2018-06-22,0.9212897654169321
2018-06-25,0.9042573483549877
2018-06-26,0.8942235061140373
2018-06-27,0.8271280736281437
2018-06-28,0.8145654070298176
2018-06-29,0.8005159533610993
2018-07-02,0.7108827405914314
2018-07-03,0.7116336299683452
2018-07-04,0.7019489552323611
2018-07-05,0.704072497438249
2018-07-06,0.695353568316897
2018-07-09,0.6751644490114024
2018-07-10,0.6746592065954242
2018-07-11,0.6914885628798886
2018-07-12,0.7002427726966393
2018-07-13,0.6943054652035676
2018-07-16,0.6936979340554158
2018-07-17,0.6933279428773251
2018-07-18,0.6962283671310331
2018-07-19,0.6959319965446398
2018-07-20,0.7233615129708848
2018-07-23,0.7268709509113613
2018-07-24,0.7448651637290741
2018-07-25,0.7452759943579488
2018-07-26,0.7368205203003942
2018-07-27,0.7373970796270546
2018-07-30,0.7373401994757421
2018-07-31,0.737212954219653
2018-08-01,0.7241705949535266
2018-08-02,0.7316128746110608
2018-08-03,0.7146541418283074
2018-08-06,0.7170388545999269
2018-08-07,0.767323304655096
2018-08-08,0.7532468368200336
2018-08-09,0.7362301980760177
2018-08-10,0.7350747492175026
2018-08-13,0.7337845473218124
2018-08-14,0.732310025634924
2018-08-15,0.6851272973999369
2018-08-16,0.6730497407294859
2018-08-17,0.6504873178828245
2018-08-20,0.6616280975537442
2018-08-21,0.6303640149375914
2018-08-22,0.6261287185120971
2018-08-23,0.6260749441688794
2018-08-24,0.6287995813429473
2018-08-27,0.5966320696837771
2018-08-28,0.597672703462926
2018-08-29,0.5969070307264875
2018-08-30,0.5944699641130847
2018-08-31,0.5927304286051563
2018-09-03,0.5916679408642284
2018-09-04,0.5790757824997584
2018-09-05,0.5601829577255659
2018-09-06,0.5555202982658753
2018-09-07,0.5539514529407318
2018-09-10,0.5527793157564482
2018-09-11,0.5537652141215152
2018-09-12,0.5535684378397281
2018-09-13,0.5619613145688429
2018-09-14,0.561707606950812
2018-09-17,0.5586670728770925
2018-09-18,0.5465653561241647
2018-09-19,0.5418371295001267
2018-09-20,0.5415115783983138
2018-09-21,0.544114040979545
2018-09-25,0.5386988802794418
2018-09-26,0.5406397539598906
2018-09-27,0.5402721119047675
2018-09-28,0.5395415058741306
2018-10-08,0.51918394269591
2018-10-09,0.5192200641352848
2018-10-10,0.5188283318800646
2018-10-11,0.5415105668100655
2018-10-12,0.48914929247699396
2018-10-15,0.5217870284156197
2018-10-16,0.5603400347543936
2018-10-17,0.5548861969005162
2018-10-18,0.6341721473946045
2018-10-19,0.6079708686876951
2018-10-22,0.8510156348756593
2018-10-23,0.8339472982000444
2018-10-24,0.8348678878146544
2018-10-25,0.8377958986435489
2018-10-26,0.850260130580559
2018-10-29,0.8162402877452335
2018-10-30,0.8501736325003609
2018-10-31,0.8443158205377536
2018-11-01,0.8545391850039632
2018-11-02,0.8773924590397724
2018-11-05,0.8824756200082028
2018-11-06,0.8798548851589828
2018-11-07,0.8862974114613954
2018-11-08,0.8881948476656246
2018-11-09,0.8747205165111871
2018-11-12,0.8875833319090629
2018-11-13,0.8948414464248797
2018-11-14,0.8998586665379066
2018-11-15,0.918929544122018
2018-11-16,0.93443182819674
2018-11-19,0.9524560743930301
2018-11-20,0.9908304121705698
2018-11-21,0.9915837531079592
2018-11-22,0.9964815371366317
2018-11-23,0.9960612025181571
2018-11-26,0.9961170521301065
2018-11-27,0.996472693338327
2018-11-28,1.0134248541014783
2018-11-29,1.0215479101782208
2018-11-30,1.0314955795018639
2018-12-03,1.0275748856172673
2018-12-04,1.028949002672645
2018-12-05,1.032627658657128
2018-12-06,1.0457073936276666
2018-12-07,1.04574251376674
2018-12-10,1.062689473170653
2018-12-11,1.0645388872283301
2018-12-12,1.0650623543075934
2018-12-13,1.0571405556109676
2018-12-14,1.0695501440311195
2018-12-17,1.06836576894312
2018-12-18,1.0726364072733885
2018-12-19,1.06531219303469
2018-12-20,1.061248586736086
2018-12-21,1.0711265482299592
2018-12-24,1.0683721862838116
2018-12-25,1.0668488316176472
2018-12-26,1.069844780092022
2018-12-27,1.065044941280213
2018-12-28,1.0764288563471966
2019-01-02,1.1062126139421988
2019-01-03,1.105135861255324
2019-01-04,1.225254018083986
2019-01-07,1.2261070263389686
2019-01-08,1.2265929221738618
2019-01-09,1.2265748144238913
2019-01-10,1.2293878222051569
2019-01-11,1.2339932846998711
2019-01-14,1.2280469257695048
2019-01-15,1.2406794922932725
2019-01-16,1.2406600704247703
2019-01-17,1.2440890394827593
2019-01-18,1.2289253221690333
2019-01-21,1.2075531661856287
2019-01-22,1.2274058117201845
2019-01-23,1.2273633328500864
2019-01-24,1.2344987812571546
2019-01-25,1.2212390001207465
2019-01-28,1.2215543627722418
2019-01-29,1.2131683922581806
2019-01-30,1.217870650571069
2019-01-31,1.2133038169323784
2019-02-01,1.222560008163778
2019-02-11,1.2248779668900411
2019-02-12,1.2185439936213185
2019-02-13,1.250954169665181
2019-02-14,1.2528230914026528
2019-02-15,1.2309315785603818
2019-02-18,1.3004512202725782
2019-02-19,1.297286411419464
2019-02-20,1.298969230233771
2019-02-21,1.297794184464895
2019-02-22,1.4762397365693987
2019-02-25,1.5364612368063164
2019-02-26,1.549492563214028
2019-02-27,1.5530912876229745
2019-02-28,1.5601442399158965
2019-03-01,1.5421509208796895
2019-03-04,1.5331420460081497
2019-03-05,1.5291537117243916
2019-03-06,1.551619113970036
2019-03-07,1.5200686964928463
2019-03-08,1.6517352010972444
2019-03-11,1.6473012987451372
2019-03-12,1.6482696666796113
2019-03-13,1.6487223243972837
2019-03-14,1.6605379886205376
2019-03-15,1.652000219764175
2019-03-18,1.5872369769222348
2019-03-19,1.5873982215383662
2019-03-20,1.5873516276704425
2019-03-21,1.5872198218788063
2019-03-22,1.5883638778289144
2019-03-25,1.5805845452765528
2019-03-26,1.5941750999924575
2019-03-27,1.5639892366978434
2019-03-28,1.5687216471502576
2019-03-29,1.5795882070866407
2019-04-01,1.5216519454626303
2019-04-02,1.522053783373307
2019-04-03,1.5342162042319636
2019-04-04,1.5282168444149964
2019-04-08,1.5320625015402465
2019-04-09,1.5273964860514515
2019-04-10,1.525840518688806
2019-04-11,1.4992352439116627
2019-04-12,1.4977917440844204
2019-04-15,1.4950557625655658
2019-04-16,1.4730049352756107
2019-04-17,1.472813893169151
2019-04-18,1.4755376349126474
2019-04-19,1.4727905072876877
2019-04-22,1.4622492316339395
2019-04-23,1.4621833602130647
2019-04-24,1.4621324472443529
2019-04-25,1.4527293612950978
2019-04-26,1.4303329545327435
2019-04-29,1.4247449188036727
2019-04-30,1.4263650786389497
2019-05-06,1.4949584165931213
2019-05-07,1.4944507956464688
2019-05-08,1.4823434287170918
2019-05-09,1.4528816106505775
2019-05-10,1.4094187495956645
2019-05-13,1.4182361322774342
2019-05-14,1.4188484439543854
2019-05-15,1.3845240704478183
2019-05-16,1.3829547119385845
2019-05-17,1.3959750792356647
2019-05-20,1.395332680630021
2019-05-21,1.3856919481596457
2019-05-22,1.3871957384538407
2019-05-23,1.36196885034684
2019-05-24,1.360854959366057
2019-05-27,1.3602315431407654
2019-05-28,1.3516496038095778
2019-05-29,1.3530179848151584
2019-05-30,1.352421076651137
2019-05-31,1.3529953305328206
2019-06-03,1.3528626718172116
2019-06-04,1.3542296578282753
2019-06-05,1.3540855969133467
2019-06-06,1.351484924492725
2019-06-10,1.317336683345301
2019-06-11,1.335541379416505
2019-06-12,1.335595099954048
2019-06-13,1.334600132883746
2019-06-14,1.3409640082655254
2019-06-17,1.3409188492277253
2019-06-18,1.338019037681801
2019-06-19,1.3428959277935082
2019-06-20,1.354417613775214
2019-06-21,1.3553626357466355
2019-06-24,1.3569331788992265
2019-06-25,1.3469058113654875
2019-06-26,1.3497003061485657
2019-06-27,1.3518177531420914
2019-06-28,1.3528104594638846
2019-07-01,1.3395772665306072
2019-07-02,1.3402709353679314
2019-07-03,1.3413329409699004
2019-07-04,1.3364662887632812
2019-07-05,1.3323578629502797
2019-07-08,1.3299632187239303
2019-07-09,1.3250994452605747
2019-07-10,1.3231848602948209
2019-07-11,1.3228647513802507
2019-07-12,1.3247483831018172
2019-07-15,1.3286694153394756
2019-07-16,1.3298303037109165
2019-07-17,1.3304801920278628
2019-07-18,1.3343368987730768
2019-07-19,1.3336216877560436
2019-07-22,1.338429125769021
2019-07-23,1.3381710099777604
2019-07-24,1.3375232891006474
2019-07-25,1.3288667282666424
2019-07-26,1.3276934482833116
2019-07-29,1.332790658919195
2019-07-30,1.3340086080616151
2019-07-31,1.3296321784164353
2019-08-01,1.3301623304175274
2019-08-02,1.3455409933424753
2019-08-05,1.3079022056753156
2019-08-06,1.312924906555762
2019-08-07,1.3145634186373618
2019-08-08,1.303589214848455
2019-08-09,1.3031294164519236
2019-08-12,1.2871453907946429
2019-08-13,1.2851040302779584
2019-08-14,1.2831228273488424
2019-08-15,1.28154298239835
2019-08-16,1.2829506014458814
2019-08-19,1.3664632072999505
2019-08-20,1.3677332009618588
2019-08-21,1.368286771093355
2019-08-22,1.3650505606437024
2019-08-23,1.3594828340056124
2019-08-26,1.351356338378415
2019-08-27,1.3793925524538204
2019-08-28,1.3740849996296645
2019-08-29,1.372501669765548
2019-08-30,1.3710011706080671
2019-09-02,1.3896771143053472
2019-09-03,1.3899760083493593
2019-09-04,1.395102072005764
2019-09-05,1.4258539664231198
2019-09-06,1.4272616252778592
2019-09-09,1.4298800357259656
2019-09-10,1.4318217698373725
2019-09-11,1.4036416598680663
2019-09-12,1.393045522196896
2019-09-16,1.3946003471848882
2019-09-17,1.4146787335097533
2019-09-18,1.41124412108042
2019-09-19,1.418102139610584
2019-09-20,1.4121743025983582
2019-09-23,1.4143161660623575
2019-09-24,1.4123875317969647
2019-09-25,1.4168271843108076
2019-09-26,1.4194949660715694
2019-09-27,1.420441231325103
2019-09-30,1.4263180198593453
2019-10-08,1.4121206731734253
2019-10-09,1.4124635884514551
2019-10-10,1.4088021483968634
2019-10-11,1.4155708010040167
2019-10-14,1.4389053467689548
2019-10-15,1.446177059620074
2019-10-16,1.4443477717810884
2019-10-17,1.4440769160721922
2019-10-18,1.448249570600393
2019-10-21,1.4473359313131557
2019-10-22,1.450636532365884
2019-10-23,1.450555749566405
2019-10-24,1.4523396295905793
2019-10-25,1.454974346049515
2019-10-28,1.4681954148412626
2019-10-29,1.4802661102654384
2019-10-30,1.4791432731791065
2019-10-31,1.4781636486317085
2019-11-01,1.437300920424163
2019-11-04,1.4341113775644985
2019-11-05,1.4388187101809702
2019-11-06,1.448263975181406
2019-11-07,1.4482827396780489
2019-11-08,1.458028912899707
2019-11-11,1.4687336857810367
2019-11-12,1.4684134923218182
2019-11-13,1.4704091366019991
2019-11-14,1.4697376726224114
2019-11-15,1.465732197517409
2019-11-18,1.4628837864829212
2019-11-19,1.4498569376330925
2019-11-20,1.4519919435185118
2019-11-21,1.4428942035143442
2019-11-22,1.3970844938554434
2019-11-25,1.3994644020294242
2019-11-26,1.3928610343268206
2019-11-27,1.3928320430704166
2019-11-28,1.3883429655515505
2019-11-29,1.3489753346739408
2019-12-02,1.3517326615940086
2019-12-03,1.350829875812141
2019-12-04,1.3509424856997594
2019-12-05,1.3545931825938164
2019-12-06,1.368994434082954
2019-12-09,1.36308770253923
2019-12-10,1.3620782658397317
2019-12-11,1.3616554624449497
2019-12-12,1.3691589926091037
2019-12-13,1.408762003013888
2019-12-16,1.4184029454077296
2019-12-17,1.4582460507794344
2019-12-18,1.4458934969941093
2019-12-19,1.4452524190918876
2019-12-20,1.447382753927151
2019-12-23,1.4972549088794016
2019-12-24,1.4975205905416666
2019-12-25,1.4969692104367907
2019-12-26,1.5337632762746074
2019-12-27,1.5418179579749844
2019-12-30,1.683921996833472
2019-12-31,1.6690533767931368
2020-01-02,1.655686215933839
2020-01-03,1.650501752020453
2020-01-06,1.6398558950972344
2020-01-07,1.6255157770592228
2020-01-08,1.6895523808673754
2020-01-09,1.6893987214906288
2020-01-10,1.6882367607265432
2020-01-13,1.665393243342566
2020-01-14,1.674889239718833
2020-01-15,1.6719579606579325
2020-01-16,1.6739238881856184
2020-01-17,1.6738626655134132
2020-01-20,1.6925641705950234
2020-01-21,1.566638796098674
2020-01-22,1.5615580516829757
2020-01-23,1.5090466406698848
2020-02-03,1.3637702770393936
2020-02-04,1.317692455489403
2020-02-05,1.3136021676725127
2020-02-06,1.3117344049818442
2020-02-07,1.311777074710337
2020-02-10,1.3141621649166042
2020-02-11,1.3030796955768065
2020-02-12,1.311460473462407
2020-02-13,1.3182231940512013
2020-02-14,1.3261460610119145
2020-02-17,1.3563614998324762
2020-02-18,1.3560306543807192
2020-02-19,1.3556366135240951
2020-02-20,1.3967014925957224
2020-02-21,1.3956738118901675
2020-02-24,1.3969710822131096
2020-02-25,1.3977393845964665
2020-02-26,1.3848779519039487
2020-02-27,1.384243246175014
2020-02-28,1.4024596661658653
2020-03-02,1.406488012088627
2020-03-03,1.4076085572855113
2020-03-04,1.4121912214595713
2020-03-05,1.396253304298005
2020-03-06,1.411059708256393
2020-03-09,1.3683308850270866
2020-03-10,1.3589229309540565
2020-03-11,1.3636813650338657
2020-03-12,1.3494426445642345
2020-03-13,1.3367879129599634
2020-03-16,1.2985863837347043
2020-03-17,1.2971918680766168
2020-03-18,1.2977286070343215
2020-03-19,1.2725326450016774
2020-03-20,1.2575615422152089
2020-03-23,1.2281276027808465
2020-03-24,1.2063925596355385
2020-03-25,1.1803350891961495
2020-03-26,1.182003082048706
2020-03-27,1.181421991343175
2020-03-30,1.1822339414134015
2020-03-31,1.1819650217343292
2020-04-01,1.1820096258162784
2020-04-02,1.1782541992370636
2020-04-03,1.1800336730635088
2020-04-07,1.1662676047340241
2020-04-08,1.165589025751332
2020-04-09,1.1657950666527996
2020-04-10,1.1678583763093529
2020-04-13,1.1686619854374396
2020-04-14,1.1688612426896021
2020-04-15,1.1718273235800047
2020-04-16,1.172155193177278
2020-04-17,1.1626955321889194
2020-04-20,1.1629456043363002
2020-04-21,1.1680011192384856
2020-04-22,1.161004224814104
2020-04-23,1.1615319285540657
2020-04-24,1.1657531784275097
2020-04-27,1.1579072860692063
2020-04-28,1.1571507362039868
2020-04-29,1.1557920403344064
2020-04-30,1.1599043297912104
2020-05-06,1.1557900813526785
2020-05-07,1.1569329636427668
2020-05-08,1.1611385099464298
2020-05-11,1.1616129206686339
2020-05-12,1.1616523507204004
2020-05-13,1.1609973875176764
2020-05-14,1.1597037985136909
2020-05-15,1.155311521624733
2020-05-18,1.1511368209022397
2020-05-19,1.150408231683142
2020-05-20,1.1482951371196688
2020-05-21,1.1485984250066885
2020-05-22,1.1531472474625672
2020-05-25,1.1525908455079124
2020-05-26,1.1485492862090054
2020-05-27,1.1455108926534627
2020-05-28,1.146297777822812
2020-05-29,1.143882365811047
2020-06-01,1.147690985660362
2020-06-02,1.1454759983776774
2020-06-03,1.145611608753747
2020-06-04,1.145847352033682
2020-06-05,1.1564966194015502
2020-06-08,1.1478652901444995
2020-06-09,1.1493864463203953
2020-06-10,1.152791999269965
2020-06-11,1.144623238938754
2020-06-12,1.1431812443893847
2020-06-15,1.117910203439597
2020-06-16,1.1018329693767153
2020-06-17,1.1016760440422884
2020-06-18,1.1019509926170517
2020-06-19,1.1162912573790185
2020-06-22,1.1181696373904757
2020-06-23,1.118842590089062
2020-06-24,1.1161192004862213
2020-06-29,1.1459628199646779
2020-06-30,1.1507122071744893
2020-07-01,1.1853481872019422
2020-07-02,1.2957509969893821
2020-07-03,1.4061334538829686
2020-07-06,1.5159044306870841
2020-07-07,1.4873851754030323
2020-07-08,1.520672601441451
2020-07-09,1.5122387375456696
2020-07-10,1.5420625781276591
2020-07-13,1.4387134279363387
2020-07-14,1.4444947195379017
2020-07-15,1.4442859870780114
2020-07-16,1.3390415491918148
2020-07-17,1.3180977461757164
2020-07-20,1.3334162630395638
2020-07-21,1.3315005881537811
2020-07-22,1.3327277115688865
2020-07-23,1.3331822761493672
2020-07-24,1.2967439618863068
2020-07-27,1.294599734903578
2020-07-28,1.2905598237251603
2020-07-29,1.2846542509423897
2020-07-30,1.2861719592159773
2020-07-31,1.2846070551413658
2020-08-03,1.2970814191703834
2020-08-04,1.2971752580433336
2020-08-05,1.297429773145029
2020-08-06,1.288506853921922
2020-08-07,1.308011204633632
2020-08-10,1.310323433587029
2020-08-11,1.317619122773627
2020-08-12,1.312089498739623
2020-08-13,1.3098279712918754
2020-08-14,1.299969145158621
2020-08-17,1.3173855390766078
2020-08-18,1.3187391016670216
2020-08-19,1.3089125004672824
2020-08-20,1.3078833870997935
2020-08-21,1.3102430068466069
2020-08-24,1.3060003997909968
2020-08-25,1.3052725846492426
2020-08-26,1.3087158024376462
2020-08-27,1.3092090305465227
2020-08-28,1.2932307713027824
2020-08-31,1.278920144874206
2020-09-01,1.2863953954332576
2020-09-02,1.286462696343444
2020-09-03,1.2772094376614118
2020-09-04,1.2838232952889637
2020-09-07,1.2846017228950968
2020-09-08,1.3006538095657345
2020-09-09,1.2773403976052233
2020-09-10,1.2790151664859915
2020-09-11,1.2765478572317568
2020-09-14,1.2732983467736194
2020-09-15,1.261904926438146
2020-09-16,1.2582618894559903
2020-09-17,1.2587713964839589
2020-09-18,1.3091469677242327
2020-09-21,1.3025524938223776
2020-09-22,1.288323648806389
2020-09-23,1.2810208546666442
2020-09-24,1.2603876024434617
2020-09-25,1.2609061972971916
2020-09-28,1.259550080509183
2020-09-29,1.2592795961482242
2020-09-30,1.2606469869642394
2020-10-09,1.2331892598129406
2020-10-12,1.2136387210660284
2020-10-13,1.2086986652079785
2020-10-14,1.203646078354946
2020-10-15,1.2032156381100263
2020-10-16,1.2017821454668411
2020-10-19,1.2052975834168922
2020-10-20,1.196681963894365
2020-10-21,1.1967513208029543
2020-10-22,1.1947660517146232
2020-10-23,1.1765835793168864
2020-10-26,1.1883225831084232
2020-10-27,1.1870603527348278
2020-10-28,1.186536963178724
2020-10-29,1.1854446710683093
2020-10-30,1.2092048529015234
2020-11-02,1.2061838082915712
2020-11-03,1.220371647920719
2020-11-04,1.2121909017276298
2020-11-05,1.2071354455985563
2020-11-06,1.2070836680878176
2020-11-09,1.404999509897324
2020-11-10,1.3880753046536236
2020-11-11,1.4279866323818018
2020-11-12,1.4277292895399787
2020-11-13,1.4206376623950416
2020-11-16,1.4158018915786021
2020-11-17,1.4189536794458146
2020-11-18,1.4191794590833353
2020-11-19,1.411916131890099
2020-11-20,1.409487014475296
2020-11-23,1.402485491304663
2020-11-24,1.4031009936740986
2020-11-25,1.398720045753078
2020-11-26,1.3989675963463495
2020-11-27,1.397003891551851
2020-11-30,1.3925697329474471
2020-12-01,1.3857257584416376
2020-12-02,1.386280805070879
2020-12-03,1.3826809146129702
2020-12-04,1.3785353639846925
2020-12-07,1.3961338741851435
2020-12-08,1.395474924047982
2020-12-09,1.4158590196841145
2020-12-10,1.4158414071026169
2020-12-11,1.4181506845436644
2020-12-14,1.4034706040588634
2020-12-15,1.4034756778455164
2020-12-16,1.4009628116778785
2020-12-17,1.4123841091949663
2020-12-18,1.4161739266183793
2020-12-21,1.4041224003341266
2020-12-22,1.4500154350120915
2020-12-23,1.4429390817791192
2020-12-24,1.4460666904739008
2020-12-25,1.4557795035228447
2020-12-28,1.4457699070141818
2020-12-29,1.4379275253251613
2020-12-30,1.4148555415705089
2020-12-31,1.426099793909468
2021-01-04,1.3990947249111019
2021-01-05,1.2971290505608963
2021-01-06,1.2752601665562364
2021-01-07,1.2141553446804183
2021-01-08,1.1949695010046848
2021-01-11,1.214953948819079
2021-01-12,1.315842150810481
2021-01-13,1.3290938314769556
2021-01-14,1.2493112981288668
2021-01-15,1.2427170230384772
2021-01-18,1.2562055254633233
2021-01-19,1.1800943069630279
2021-01-20,1.1644426904578897
2021-01-21,1.1262406995936536
2021-01-22,1.125521830377211
2021-01-25,1.125269026245005
2021-01-26,1.1625492699169027
2021-01-27,1.1618587275967607
2021-01-28,1.0867955716916478
2021-01-29,1.0990736955222111
2021-02-01,1.0929620506683742
2021-02-02,1.0553058425470088
2021-02-03,1.0589570462958868
2021-02-04,1.0664798626847152
2021-02-05,1.065066508638095
2021-02-08,1.0460160719504625
2021-02-09,1.047122017357853
2021-02-10,0.987824623635555
2021-02-18,0.9641697849973236
2021-02-19,0.9712039781158225
2021-02-22,0.917008556801058
2021-02-23,0.9154236113662844
2021-02-24,0.8901292336050111
2021-02-25,0.8916518390928231
2021-02-26,0.8990638111804135
2021-03-01,0.8626624819267155
2021-03-02,0.8567874661462064
2021-03-03,0.857507310167304
2021-03-04,0.8325699268017798
2021-03-05,0.823833555628849
2021-03-08,0.7747154294708006
2021-03-09,0.7664166819927738
2021-03-10,0.7617357498315663
2021-03-11,0.7478566309117088
2021-03-12,0.7466865990742138
2021-03-15,0.7419131225275951
2021-03-16,0.7414586934229166
2021-03-17,0.7395126795515293
2021-03-18,0.7325369370902862
2021-03-19,0.7036342637968268
2021-03-22,0.7104061246507677
2021-03-23,0.7004454633397283
2021-03-24,0.6808253573697747
2021-03-25,0.6811917785102884
2021-03-26,0.6535097085299635
2021-03-29,0.656025966188569
2021-03-30,0.6428007574266268
2021-03-31,0.6448850883564926
2021-04-01,0.6493674979976125
2021-04-02,0.6404948083328448
2021-04-06,0.6388686237653926
2021-04-07,0.6376920257166295
2021-04-08,0.637710249205186
2021-04-09,0.6301683173861197
2021-04-12,0.6573096679554955
2021-04-13,0.6615189527354806
2021-04-14,0.6615385081482481
2021-04-15,0.6700044075125275
2021-04-16,0.6735905480889858
2021-04-19,0.6802283114459637
2021-04-20,0.6815196866098331
2021-04-21,0.6789789302639263
2021-04-22,0.6789358981060732
2021-04-23,0.6712487576447462
2021-04-26,0.6872670283573199
2021-04-27,0.6879268258376812
2021-04-28,0.6854763377146587
2021-04-29,0.7043397075882637
2021-04-30,0.7093944443930362
2021-05-06,0.7017093057943383
2021-05-07,0.6885080004505143
2021-05-10,0.6894630556581903
2021-05-11,0.6933920754857428
2021-05-12,0.6918052188111693
2021-05-13,0.6882178421480506
2021-05-14,0.7824775991550307
2021-05-17,0.7228986500160984
2021-05-18,0.7228616812348814
2021-05-19,0.7255643295233591
2021-05-20,0.7288889916004851
2021-05-21,0.730369395080319
2021-05-24,0.7355347109430979
2021-05-25,0.7486444080835123
2021-05-26,0.748654703245202
2021-05-27,0.7467057516187645
2021-05-28,0.7264658390629418
2021-05-31,0.7238741699633652
2021-06-01,0.7221802667201842
2021-06-02,0.7434302548467383
2021-06-03,0.7404079503488646
2021-06-04,0.7403848966092609
2021-06-07,0.7383531004874274
2021-06-08,0.7254096529609331
2021-06-09,0.7244362769832335
2021-06-10,0.7176321001595851
2021-06-11,0.7315002394820532
2021-06-15,0.7551289795379006
2021-06-16,0.7183141003966219
2021-06-17,0.7155504111014387
2021-06-18,0.7155449975546232
2021-06-21,0.7166568045582021
2021-06-22,0.7156238750945413
2021-06-23,0.715530626556505
2021-06-24,0.716272383238941
2021-06-25,0.7152747126956321
2021-06-28,0.7108170881191845
2021-06-29,0.7111787167636153
2021-06-30,0.71214347846221
2021-07-01,0.7108957034562052
2021-07-02,0.7089828356584829
2021-07-05,0.7093489527351389
2021-07-06,0.7090806652544068
2021-07-07,0.6995577063883538
2021-07-08,0.7001566445977744
2021-07-09,0.6995914184284306
2021-07-12,0.7229532880977596
2021-07-13,0.7237471598057671
2021-07-14,0.7433477575564409
2021-07-15,0.7408729932577398
2021-07-16,0.7092335403414946
2021-07-19,0.7087143501976084
2021-07-20,0.7093441872039269
2021-07-21,0.7119937437444571
2021-07-22,0.7149828072602337
2021-07-23,0.5987959247344599
2021-07-26,0.4043927807602045
2021-07-27,0.4344506215820383
2021-07-28,0.44234238823422983
2021-07-29,0.4428627300157207
2021-07-30,0.47876022981931
2021-08-02,0.7119292082938335
2021-08-03,0.7122767336014916
2021-08-04,0.7081807044882481
2021-08-05,0.7203659450476355
2021-08-06,0.7196279812126692
2021-08-09,0.8319808337451812
2021-08-10,0.8200808979814953
2021-08-11,0.7984550845431554
2021-08-12,0.8032107575047978
2021-08-13,0.7950868749128481
2021-08-16,0.7940333235461893
2021-08-17,0.7955660372171309
2021-08-18,0.9463533582118719
2021-08-19,0.9227800272718595
2021-08-20,0.9395681699823959
2021-08-23,0.9991682839986978
2021-08-24,1.0062480670863863
2021-08-25,1.0027389413256576
2021-08-26,1.059245601950262
2021-08-27,1.061704172598634
2021-08-30,1.1002117318311697
2021-08-31,1.0911379054989134
2021-09-01,1.210891587715902
2021-09-02,1.211960220354649
2021-09-03,1.2444540081807018
2021-09-06,1.2056450413542703
2021-09-07,1.3536780069447345
2021-09-08,1.3667838917854316
2021-09-09,1.3656984647469386
2021-09-10,1.3664449223224107
2021-09-13,1.3414801663659799
2021-09-14,1.3661784296189845
2021-09-15,1.3744047830997144
2021-09-16,1.440460376338624
2021-09-17,1.4568124064756793
2021-09-22,1.4433960846856766
2021-09-23,1.4359484566923149
2021-09-24,1.4392434586343654
2021-09-27,1.3794839714342892
2021-09-28,1.3841249075467073
2021-09-29,1.4578980962460835
2021-09-30,1.4476835417026055
2021-10-08,1.4172547010645498
2021-10-11,1.4133674531451546
2021-10-12,1.4593846381532405
2021-10-13,1.4128181987678818
2021-10-14,1.4058438144207532
2021-10-15,1.3956611161428536
2021-10-18,1.3312793162993035
2021-10-19,1.3804790768416546
2021-10-20,1.3746816173302476
2021-10-21,1.3622300171286625
2021-10-22,1.3632229717027442
2021-10-25,1.3933043588489833
2021-10-26,1.3937778965881273
2021-10-27,1.4398237791900326
2021-10-28,1.4497419937505258
2021-10-29,1.3670522759674772
2021-11-01,1.3735392689759895
2021-11-02,1.4504894465807978
2021-11-03,1.4302979004514549
2021-11-04,1.4384984449797626
2021-11-05,1.419688129645357
2021-11-08,1.421299049922867
2021-11-09,1.4213493879173913
2021-11-10,1.4283290039230903
2021-11-11,1.698296437604904
2021-11-12,1.700948221217551
2021-11-15,1.6980715285498984
2021-11-16,1.6986611565500946
2021-11-17,1.6965696340543808
2021-11-18,1.7013832560607303
2021-11-19,1.8125814601899393
2021-11-22,1.8426896852992705
2021-11-23,1.8427089364709652
2021-11-24,1.841621135428091
2021-11-25,1.830362353764922
2021-11-26,1.814703238030349
2021-11-29,1.8202501406772842
2021-11-30,1.7994118757047015
2021-12-01,1.8088377443717978
2021-12-02,1.8314694473466735
2021-12-03,1.8198435331223983
2021-12-06,1.8085524170890963
2021-12-07,1.7608760901143115
2021-12-08,1.7839370828732408
2021-12-09,1.6014483128888568
2021-12-10,1.6464256994723663
2021-12-13,1.644749976738229
2021-12-14,1.623571872743254
2021-12-15,1.6029059913459713
2021-12-16,1.6253215397309289
2021-12-17,1.6939591263876626
2021-12-20,1.6869010952287269
2021-12-21,1.6671798045689101
2021-12-22,1.6663832963505993
2021-12-23,1.6790032111765059
2021-12-24,1.6962592949843647
2021-12-27,1.6954077099716174
2021-12-28,1.6958578739687387
2021-12-29,1.7497786557949717
2021-12-30,1.7896394319739928
2021-12-31,1.8030688651157076
2022-01-04,1.8066406682180243
2022-01-05,1.8303690292135277
2022-01-06,1.8989322967684392
2022-01-07,1.8989776770613145
2022-01-10,1.8594566080286157
2022-01-11,1.8658084057388533
2022-01-12,1.8472793536319996
2022-01-13,1.7613497656414703
2022-01-14,1.784522046121365
2022-01-17,1.794481472281733
2022-01-18,1.7782060858005566
2022-01-19,1.7419069640448137
2022-01-20,1.7874797396453208
2022-01-21,1.8133899386950947
2022-01-24,1.8076448300177161
2022-01-25,1.7597311412556487
2022-01-26,1.7880092167651764
2022-01-27,1.7783817575272938
2022-01-28,1.8057752955337276
2022-02-07,1.6674227190262096
2022-02-08,1.6432512981015202
2022-02-09,1.5979764667958738
2022-02-10,1.600605497059763
2022-02-11,1.5551202498811016
2022-02-14,1.7518197088322804
2022-02-15,1.7439856675288268
2022-02-16,1.7376305089459876
2022-02-17,1.729434062914644
2022-02-18,1.7210280132323301
2022-02-21,1.7183958622593216
2022-02-22,1.7458944160225132
2022-02-23,1.7752132939238832
2022-02-24,1.728935248603063
2022-02-25,1.733205094780865
2022-02-28,1.728548031019711
2022-03-01,1.7414522186940213
2022-03-02,1.7309577248544104
2022-03-03,1.7313199847864513
2022-03-04,1.7288570374612238
2022-03-07,1.5687152860250773
2022-03-08,1.5156427647978234
2022-03-09,1.5510173698178342
2022-03-10,1.4878145689831255
2022-03-11,1.4948524195174109
2022-03-14,1.3266368325492335
2022-03-15,1.335009029930899
2022-03-16,1.521020495541246
2022-03-17,1.4582475171349234
2022-03-18,1.4669542249331524
2022-03-21,1.4693667079507848
2022-03-22,1.469232321936569
2022-03-23,1.467520978776212
2022-03-24,1.476888443918665
2022-03-25,1.4608666016541734
2022-03-28,1.4493093977470701
2022-03-29,1.4531251430276209
2022-03-30,1.546854078045923
2022-03-31,1.5602649914502282
2022-04-01,1.5608450685038222
2022-04-06,1.5611628522330288
2022-04-07,1.5588442453395095
2022-04-08,1.5685059820354865
2022-04-11,1.5875684971787403
2022-04-12,1.598409743967833
2022-04-13,1.6030777009557369
2022-04-14,1.634672288710396
2022-04-15,1.6348736807337174
2022-04-18,1.6526561955905978
2022-04-19,1.6602610265053972
2022-04-20,1.6460305177211578
2022-04-21,1.5907865692528373
2022-04-22,1.588811352641415
2022-04-25,1.481651294353881
2022-04-26,1.5107986468459536
2022-04-27,1.4413656785175932
2022-04-28,1.435887466246823
2022-04-29,1.504009075582283
2022-05-05,1.5064045520665417
2022-05-06,1.5011776482704728
2022-05-09,1.489169286019592
2022-05-10,1.4943650561538893
2022-05-11,1.4812875913938603
2022-05-12,1.4794267316882144
2022-05-13,1.481297113328838
2022-05-16,1.4789528655112625
2022-05-17,1.468178321039772
2022-05-18,1.459811863012069
2022-05-19,1.4573059250750149
2022-05-20,1.47182053439064
2022-05-23,1.4577052403281978
2022-05-24,1.4546455848016409
2022-05-25,1.4534605028276606
2022-05-26,1.4586083164043857
2022-05-27,1.4570427551741807
2022-05-30,1.4470956069729621
2022-05-31,1.4291156799542957
2022-06-01,1.4317643071814705
2022-06-02,1.4324435863105929
2022-06-06,1.4487980081571354
2022-06-07,1.4498978086156922
2022-06-08,1.4555630773035935
2022-06-09,1.4426537723997832
2022-06-10,1.472842801535025
2022-06-13,1.4766737214669712
2022-06-14,1.5092875596676627
2022-06-15,1.5402023441029473
2022-06-16,1.580197456271247
2022-06-17,1.5286044037190658
2022-06-20,1.5296409269637443
2022-06-21,1.530428206426312
2022-06-22,1.5316439723309592
2022-06-23,1.5444384253685906
2022-06-24,1.5180207117728821
2022-06-27,1.5204967329268908
2022-06-28,1.4977584144850802
2022-06-29,1.5151492882942752
2022-06-30,1.5022158529441438
2022-07-01,1.5050791266038794
2022-07-04,1.490084207399446
2022-07-05,1.4952051135407833
2022-07-06,1.4779645628307905
2022-07-07,1.4719479762323107
2022-07-08,1.4707961032887789
2022-07-11,1.4380225098383883
2022-07-12,1.407306833497745
2022-07-13,1.4075389550379775
2022-07-14,1.4074159197560423
2022-07-15,1.4198473940473415
2022-07-18,1.415659609959913
2022-07-19,1.4006837730031358
2022-07-20,1.3983717693445663
2022-07-21,1.4091863993238463
2022-07-22,1.408544427384999
2022-07-25,1.4158551978753344
2022-07-26,1.4063863641230865
2022-07-27,1.4005237430469184
2022-07-28,1.4005793589232736
2022-07-29,1.3984507615987358
2022-08-01,1.3852064255989684
2022-08-02,1.389647214924227
2022-08-03,1.3851746315629139
2022-08-04,1.3740763498454809
2022-08-05,1.3998880380382988
2022-08-08,1.3985305450633538
2022-08-09,1.3963937347595272
2022-08-10,1.381937929734624
2022-08-11,1.4731585306923567
2022-08-12,1.473573764934447
2022-08-15,1.4718715147341246
2022-08-16,1.470499854234005
2022-08-17,1.4660811667639746
2022-08-18,1.4558220663008774
2022-08-19,1.454078646866356
2022-08-22,1.43837180664373
2022-08-23,1.4306984392871331
2022-08-24,1.3966569135612874
2022-08-25,1.4065648166651221
2022-08-26,1.40924045939767
2022-08-29,1.408415440971566
2022-08-30,1.4037342999659348
2022-08-31,1.4064230013316847
2022-09-01,1.4058625382712842
2022-09-02,1.4074662595329142
2022-09-05,1.4059257470641697
2022-09-06,1.4523446461980527
2022-09-07,1.451249926624745
2022-09-08,1.4354081235819371
2022-09-09,1.4332158007679165
2022-09-13,1.4302069289156172
2022-09-14,1.4378078426938448
2022-09-15,1.388489949425053
2022-09-16,1.5681892849934025
2022-09-19,1.5732288215279737
2022-09-20,1.5739785861893372
2022-09-21,1.5736680363355573
2022-09-22,1.561717967397326
2022-09-23,1.5569023832001998
2022-09-26,1.576902564486117
2022-09-27,1.5352055730467564
2022-09-28,1.5407437433212259
2022-09-29,1.540779044479608
2022-09-30,1.530162299876527
2022-10-10,1.4187055984906365
2022-10-11,1.4245191166464088
2022-10-12,1.4785814691148356
2022-10-13,1.4803936885149651
2022-10-14,1.399043340908542
2022-10-17,1.3994889558703607
2022-10-18,1.3997503857943734
2022-10-19,1.3854897067076997
2022-10-20,1.3735326552043083
2022-10-21,1.3708561555335597
2022-10-24,1.323049780103317
2022-10-25,1.327767549123578
2022-10-26,1.3175317223838903
2022-10-27,1.289015940881118
2022-10-28,1.2830947667566646
2022-10-31,1.2869246377286383
2022-11-01,1.254885776680762
2022-11-02,1.2425154641162806
2022-11-03,1.2496763992980802
2022-11-04,1.2655924480306888
2022-11-07,1.26664947520001
2022-11-08,1.2645358504101984
2022-11-09,1.2642604409155787
2022-11-10,1.2480008679364318
2022-11-11,1.257373891591925
2022-11-14,1.258072336060381
2022-11-15,1.3228482248954103
2022-11-16,1.3379231316222637
2022-11-17,1.3292565481892427
2022-11-18,1.3343333424470978
2022-11-21,1.351662518353212
2022-11-22,1.352400822765246
2022-11-23,1.3519985215604993
2022-11-24,1.3490095303531635
2022-11-25,1.354852646890978
2022-11-28,1.3583814068108835
2022-11-29,1.3772831365276033
2022-11-30,1.376778615305427
2022-12-01,1.3800220088329238
2022-12-02,1.3862884470888197
2022-12-05,1.4550565613690232
2022-12-06,1.4451410530874578
2022-12-07,1.4517086300332964
2022-12-08,1.4518165982351248
2022-12-09,1.4241338651269826
2022-12-12,1.4438208462137805
2022-12-13,1.4446177557512565
2022-12-14,1.4464341305225987
2022-12-15,1.4474037608052908
2022-12-16,1.4476735757329908
2022-12-19,1.4543625619025369
2022-12-20,1.4023473863324636
2022-12-21,1.4023417045519673
2022-12-22,1.4008586875411981
2022-12-23,1.4007802195390382
2022-12-26,1.3932522645160323
2022-12-27,1.4120361806320987
2022-12-28,1.4132146321783747
2022-12-29,1.4134567093038735
2022-12-30,1.4139403297369957
2023-01-03,1.3939566141407993
2023-01-04,1.3938973604644325
2023-01-05,1.4023960650389808
2023-01-06,1.4010839850194814
2023-01-09,1.4402943785561346
2023-01-10,1.439661478487712
2023-01-11,1.4550219141851142
2023-01-12,1.4575506634975646
2023-01-13,1.5336668870494798
2023-01-16,1.6848544453378627
2023-01-17,1.6846194360854347
2023-01-18,1.6830543184743614
2023-01-19,1.69296368545049
2023-01-20,1.65842518749155
2023-01-30,1.6440243288473437
2023-01-31,1.6373877567171677
2023-02-01,1.6591139569395321
2023-02-02,1.6782885789872157
2023-02-03,1.6688798890266177
2023-02-06,1.6815794665114985
2023-02-07,1.6811899686540117
2023-02-08,1.685536995473417
2023-02-09,1.6637396659316528
2023-02-10,1.658752651391249
2023-02-13,1.6454636419861914
2023-02-14,1.6453232215526983
2023-02-15,1.6477030890203028
2023-02-16,1.6574109237313315
2023-02-17,1.6367997105724075
2023-02-20,1.6345021336511139
2023-02-21,1.6334501959576986
2023-02-22,1.6253575009218533
2023-02-23,1.6240785398225186
2023-02-24,1.6180436315569613
2023-02-27,1.6177868801712552
2023-02-28,1.6173378326217274
2023-03-01,1.5958936344502164
2023-03-02,1.5950378968999963
2023-03-03,1.5980235693666285
2023-03-06,1.6056616013024372
2023-03-07,1.619213825499216
2023-03-08,1.6144112752306554
2023-03-09,1.6144577617618658
2023-03-10,1.6078599731352028
2023-03-13,1.5859288330105497
2023-03-14,1.5900220041953497
2023-03-15,1.5907419237842515
2023-03-16,1.5725158460495436
2023-03-17,1.5797059927919774
2023-03-20,1.5779000602647615
2023-03-21,1.55894706894647
2023-03-22,1.5491315162565447
2023-03-23,1.5335265461421317
2023-03-24,1.5337993138119606
2023-03-27,1.5299095212020415
2023-03-28,1.5324079437796911
2023-03-29,1.5268496273535033
2023-03-30,1.513162379659699
2023-03-31,1.5204899201778574
2023-04-03,1.5577503576046408
2023-04-04,1.5612234495797424
2023-04-06,1.5637124893947778
2023-04-07,1.56629177979477
2023-04-10,1.5614166225737935
2023-04-11,1.5559385081641934
2023-04-12,1.5561996451259283
2023-04-13,1.5580449824490281
2023-04-14,1.5435153459616693
2023-04-17,1.597564202961649
2023-04-18,1.571991348962577
2023-04-19,1.6303209909608145
2023-04-20,1.6283162168921368
2023-04-21,1.6386415120021876
2023-04-24,1.6333295237792518
2023-04-25,1.6300940768563428
2023-04-26,1.6291936064563641
2023-04-27,1.6023603511963487
2023-04-28,1.628013394489393
2023-05-04,1.6282668750451434
2023-05-05,1.5943420927434055
2023-05-08,1.6152971389247792
2023-05-09,1.5532072701003994
2023-05-10,1.5818281315579577
2023-05-11,1.5834920503158607
2023-05-12,1.5554469822401205
2023-05-15,1.496670218435134
2023-05-16,1.5010102645731769
2023-05-17,1.497233472529685
2023-05-18,1.4981497296822455
2023-05-19,1.506548024874512
2023-05-22,1.4794733182062378
2023-05-23,1.4401511876403597
2023-05-24,1.417337178149458
2023-05-25,1.4110464955567987
2023-05-26,1.4117872094257322
2023-05-29,1.419874972376249
2023-05-30,1.4187520847213837
2023-05-31,1.3897083757828208
2023-06-01,1.3877656043671143
2023-06-02,1.3372300356275928
2023-06-05,1.3327026120058598
2023-06-06,1.325921186923356
2023-06-07,1.3136018677346635
2023-06-08,1.3021029049409247
2023-06-09,1.2928517204800622
2023-06-12,1.287823833243652
2023-06-13,1.2808211355259935
2023-06-14,1.2806600514172302
2023-06-15,1.2307583852416588
2023-06-16,1.1985503143337426
2023-06-19,1.19189489709466
2023-06-20,1.1943565811338177
2023-06-21,1.1653768552081845
2023-06-26,1.1484980847687822
2023-06-27,1.1360608005697723
2023-06-28,1.1361627325518888
2023-06-29,1.129750310053006
2023-06-30,1.1383992225554782
2023-07-03,1.1180976480210794
2023-07-04,1.1169890426138982
2023-07-05,1.0985788027806744
2023-07-06,1.0914385498952064
2023-07-07,1.0799006587334479
2023-07-10,1.0738480840724247
2023-07-11,1.0652410213804144
2023-07-12,1.0694922855905806
2023-07-13,1.062295201734468
2023-07-14,1.0619997301142734
2023-07-17,1.0553186242666939
2023-07-18,1.049447211065262
2023-07-19,1.0478927229129784
2023-07-20,1.0493918862654372
2023-07-21,1.049334078961914
2023-07-24,1.0516009870034468
2023-07-25,1.1011152383861624
2023-07-26,1.0991023518096097
2023-07-27,1.099750590919592
2023-07-28,1.272728981435748
2023-07-31,1.290915536740819
2023-08-01,1.2959362272005748
2023-08-02,1.2830084704984763
2023-08-03,1.3195639724073742
2023-08-04,1.3231888357339714
2023-08-07,1.3250054282004446
2023-08-08,1.320616871717516
2023-08-09,1.3215069368557455
2023-08-10,1.326940299525902
2023-08-11,1.2656495511429737
2023-08-14,1.2665045593224384
2023-08-15,1.2593705883092836
2023-08-16,1.2508870047887373
2023-08-17,1.2435505454766351
2023-08-18,1.2219899301502564
2023-08-21,1.273106283593232
2023-08-22,1.2609069243614106
2023-08-23,1.254831590792707
2023-08-24,1.2443731241244578
2023-08-25,1.2355477101165033
2023-08-28,1.2497756207591415
2023-08-29,1.2181849199100663
2023-08-30,1.2194300650359144
2023-08-31,1.2341753250768828
2023-09-01,1.2327533026331396
2023-09-04,1.2042876286751933
2023-09-05,1.2084006965655132
2023-09-06,1.2089022066638424
2023-09-07,1.1848688809093777
2023-09-08,1.1740412293046516
2023-09-11,1.1812894126529374
2023-09-12,1.180693927701082
2023-09-13,1.1911805772332325
2023-09-14,1.1902376143375777
2023-09-15,1.189500743371588
2023-09-18,1.181499595022747
2023-09-19,1.182425223666349
2023-09-20,1.1833190872392334
2023-09-21,1.1739601560428796
2023-09-22,1.165877393683725
2023-09-25,1.1759328169020726
2023-09-26,1.1747904257978052
2023-09-27,1.175485774414835
2023-09-28,1.1765580742610255
2023-10-09,1.1768424543950102
2023-10-10,1.1597329557562874
2023-10-11,1.1535680803255075
2023-10-12,1.1494433818261571
2023-10-13,1.1377604313480967
2023-10-16,1.140590469817335
2023-10-17,1.153785374730318
2023-10-18,1.133047958232045
2023-10-19,1.0633891129025441
2023-10-20,1.0463908114913132
2023-10-23,1.0644551108479365
2023-10-24,1.0790951215344384
2023-10-25,1.0814879959617547
2023-10-26,1.076282224012631
2023-10-27,1.071619626017326
2023-10-30,1.0601341191540004
2023-10-31,1.0553121519144222
2023-11-01,1.055568171670473
2023-11-02,1.0591309591339737
2023-11-03,1.0619596223439465
2023-11-06,1.0946107148665578
2023-11-07,1.0923716420811405
2023-11-08,1.0966593343196671
2023-11-09,1.0954801618134595
2023-11-10,1.084203731737029
2023-11-13,1.0849578988319377
2023-11-14,1.086346242560834
2023-11-15,1.0699981074954852
2023-11-16,1.0635652549872612
2023-11-17,1.0622072004526804
2023-11-20,1.06111565901723
2023-11-21,1.0616606098404564
2023-11-22,1.0574070120554993
2023-11-23,1.0449990067780008
2023-11-24,1.0508703256817955
2023-11-27,1.0423244894856096
2023-11-28,1.0402989963374698
2023-11-29,1.0407134011847357
2023-11-30,1.040325478408169
2023-12-01,1.0263813055446376
2023-12-04,1.0239660020980812
2023-12-05,0.9900946308609406
2023-12-06,0.9885587328623505
2023-12-07,0.9848796449481932
2023-12-08,0.9795868396818755
2023-12-11,0.9850166324188014
2023-12-12,0.979799695840582
2023-12-13,0.921369933274355
2023-12-14,0.9146912767969427
2023-12-15,0.9135237013659324
2023-12-18,0.9167742638388114
2023-12-19,0.9183773841308913
2023-12-20,0.9239303147418505
2023-12-21,0.9099085027619168
2023-12-22,0.9134164232263121
2023-12-25,0.907811106374065
2023-12-26,0.9187333395404211
2023-12-27,0.920041179731226
2023-12-28,0.8805895531186556
2023-12-29,0.8768687425507813
2024-01-02,0.8568777590175759
2024-01-03,0.857147320146045
2024-01-04,0.849101819008412
2024-01-05,0.8409798562490468
2024-01-08,0.8461099148640842
2024-01-09,0.8428060278944387
2024-01-10,0.8451277512919748
2024-01-11,0.8525672219450786
2024-01-12,0.8518669322481411
2024-01-15,0.8521481550481407
2024-01-16,0.8456265668638236
2024-01-17,0.8390670811198935
2024-01-18,0.8345186498673998
2024-01-19,0.8370712701944075
2024-01-22,0.8684997437278903
2024-01-23,0.8715980416278634
2024-01-24,0.949569248540362
2024-01-25,0.9058623138590602
2024-01-26,0.903241888598427
2024-01-29,0.9078840147982247
2024-01-30,0.8912271107820592
2024-01-31,0.8848703802245902
2024-02-01,0.8817507404792572
2024-02-02,0.8944890224104529
2024-02-05,0.8529080421770936
2024-02-06,0.9627878767360948
2024-02-07,0.964255310459998
2024-02-08,0.9646533636815352
2024-02-19,0.9288461766464524
2024-02-20,0.9301252562577066
2024-02-21,0.9252248085549013
2024-02-22,0.9212005957537627
2024-02-23,0.9207483329692642
2024-02-26,0.919807610981038
2024-02-27,0.9189666306224482
2024-02-28,0.9302997894120456
2024-02-29,0.920516654773434
2024-03-01,0.9170888916286731
2024-03-04,0.9156209726977727
2024-03-05,0.9006515195595769
2024-03-06,0.9022396406101715
2024-03-07,0.9015715768532649
2024-03-08,0.8994812092111505
2024-03-11,0.8948467162871921
2024-03-12,0.8969625828928782
2024-03-13,0.9001051685169054
2024-03-14,0.9023997778369387
2024-03-15,0.9032514725964669
2024-03-18,0.9201937655797686
2024-03-19,0.9310781595984046
2024-03-20,0.931035505670574
2024-03-21,0.9304756024743503
2024-03-22,0.9434598092853654
2024-03-25,0.9657014626370726
2024-03-26,0.9680809822078164
2024-03-27,0.9731376216269774
2024-03-28,0.9641117613722496
2024-03-29,0.9530662133062854
2024-04-01,0.9250552261148036
2024-04-02,0.9284475931712788
2024-04-03,0.9352334639250239
2024-04-08,0.9347471510429289
2024-04-09,0.9331933184297229
2024-04-10,0.9388416978575116
2024-04-11,0.9389972250349657
2024-04-12,0.9596285773345286
2024-04-15,0.9189327318889438
2024-04-16,0.916634158441853
2024-04-17,0.9259263917353944
2024-04-18,0.9267618395039842
2024-04-19,0.9310479417132739
2024-04-22,0.9281514157103097
2024-04-23,0.9191350127821669
2024-04-24,0.9151008677349877
2024-04-25,0.9129536917323514
2024-04-26,1.0151209173683282
2024-04-29,0.98994427890157
2024-04-30,1.004425327958252
2024-05-06,0.9768971309185963
2024-05-07,0.9768386497553129
2024-05-08,0.9845079973285351
2024-05-09,0.9745154034934016
2024-05-10,0.9745560624292093
2024-05-13,0.9746491103735271
2024-05-14,0.9724126080997771
2024-05-15,0.983820204014088
2024-05-16,0.9810098892707627
2024-05-17,0.9937353803678057
2024-05-20,0.994987168866827
2024-05-21,0.9962913565198386
2024-05-22,0.9949718657330934
2024-05-23,1.00335115722817
2024-05-24,0.9987378406628283
2024-05-27,0.9911933488317926
2024-05-28,0.9930767412647383
2024-05-29,0.9935381310296695
2024-05-30,0.9884944871596746
2024-05-31,0.9835144249896038
2024-06-03,0.9781434896409442
2024-06-04,0.9678609503769812
2024-06-05,0.9629727348725796
2024-06-06,0.9678473947582606
2024-06-07,0.9658964660442831
2024-06-11,0.9506306537896381
2024-06-12,0.9510585035695698
2024-06-13,0.9321272900436525
2024-06-14,0.9437755146238466
2024-06-17,0.9426399001468281
2024-06-18,0.9413221041106825
2024-06-19,0.9464592226318034
2024-06-20,0.9564004705967483
2024-06-21,0.9552398596766719
2024-06-24,0.9571786959693347
2024-06-25,0.9699659348395764
2024-06-26,0.9751995651271735
2024-06-27,0.9655204714582032
2024-06-28,0.9550502463184706
2024-07-01,0.9518041559312352
2024-07-02,0.9492580691940817
2024-07-03,0.9469914908712981
2024-07-04,0.9752188899145197
2024-07-05,0.9776887594921839
2024-07-08,1.0559625080269501
2024-07-09,1.0647182747434139
2024-07-10,1.0292401183623316
2024-07-11,1.046668947030416
2024-07-12,1.0441104876674752
2024-07-15,1.044392421450265
2024-07-16,1.0585535683473934
2024-07-17,1.061577194169915
2024-07-18,1.048751915314193
2024-07-19,1.0609895072752324
2024-07-22,1.0466474615843853
2024-07-23,0.9678127151974667
2024-07-24,0.9629894257575966
2024-07-25,0.9354401163218261
2024-07-26,0.9466561170035047
2024-07-29,0.9460101792352914
2024-07-30,0.9357093251574129
2024-07-31,1.0331211686221125
2024-08-01,1.025138657517931
2024-08-02,1.0487173667912528
2024-08-05,1.0279064561530498
2024-08-06,1.0278044878430053
2024-08-07,1.027597287902977
2024-08-08,1.0275009205209706
2024-08-09,1.03003431157072
2024-08-12,1.0309890462369775
2024-08-13,1.033201733983215
2024-08-14,1.0388467004817221
2024-08-15,1.029194959194767
2024-08-16,1.0264184911816632
2024-08-19,1.025186806593386
2024-08-20,1.02514916221492
2024-08-21,1.0309948801962838
2024-08-22,1.0424952340822864
2024-08-23,1.0499386133586024
2024-08-26,1.0488447685042503
2024-08-27,1.0637498811824693
2024-08-28,1.071063819132079
2024-08-29,1.0670557898594157
2024-08-30,1.1358674428334194
2024-09-02,0.8881817589844132
2024-09-03,0.9069293882115255
2024-09-04,0.9124462348598872
2024-09-05,0.9153569419311994
2024-09-06,0.8983718202332178
2024-09-09,0.8635180255169101
2024-09-10,0.8640190434883976
2024-09-11,0.8625580727801304
2024-09-12,0.8559066341777873
2024-09-13,0.8432018178438636
2024-09-18,0.8298052491338154
2024-09-19,0.8292492534853786
2024-09-20,0.8281082595618012
2024-09-23,0.8348028191206469
2024-09-24,0.8984663130736928
2024-09-25,0.941576520267857
2024-09-26,0.9709061739737213
2024-09-27,1.2346285749333659
2024-09-30,1.2064598410127811
2024-10-08,1.2980514118759374
2024-10-09,1.2476122130043832
2024-10-10,1.225465651219809
2024-10-11,1.2231044848205146
2024-10-14,1.2082622768938012
2024-10-15,1.2098500478918641
2024-10-16,1.2065954833903092
2024-10-17,1.2011181470886778
2024-10-18,1.2149303022077547
2024-10-21,1.213735183795912
2024-10-22,1.2134784742436144
2024-10-23,1.2128805926868012
2024-10-24,1.2102931004440414
2024-10-25,1.2098736013312088
2024-10-28,1.2094746169161186
2024-10-29,1.2084738338795011
2024-10-30,1.2014675253158476
2024-10-31,1.2014387738141301
2024-11-01,1.2016930187769657
2024-11-04,1.2078345358176357
2024-11-05,1.2360404732960486
2024-11-06,1.2347364578513969
2024-11-07,1.2672356679341723
2024-11-08,1.2756404649566746
2024-11-11,1.2716075753975387
2024-11-12,1.272257656545256
2024-11-13,1.2701919725867878
2024-11-14,1.2607000326147233
2024-11-15,1.2704597965558857
2024-11-18,1.271807255457904
2024-11-19,1.2714247274653991
2024-11-20,1.2711501033864043
2024-11-21,1.27114114042834
2024-11-22,1.2781857717557983
2024-11-25,1.2766793912768197
2024-11-26,1.276706455251121
2024-11-27,1.2699106333458392
2024-11-28,1.2652585486149093
2024-11-29,1.267626951311496
2024-12-02,1.2691461065366367
2024-12-03,1.2692839786225905
2024-12-04,1.2680870047186266
2024-12-05,1.2665767533926788
2024-12-06,1.2592335245320772
2024-12-09,1.2607538970656251
2024-12-10,1.2613755669505933
2024-12-11,1.2617480916016999
2024-12-12,1.2584427577603954
2024-12-13,1.2486707559426304
2024-12-16,1.2500709156065495
2024-12-17,1.2492514494269515
2024-12-18,1.2449284367180913
2024-12-19,1.2450857205381682
2024-12-20,1.243880432469119
2024-12-23,1.2432676506373388
2024-12-24,1.240608789641385
2024-12-25,1.2406072927744658
2024-12-26,1.2405824080791177
2024-12-27,1.2387746775880932
2024-12-30,1.243563334477191
2024-12-31,1.2760373542711207
2025-01-02,1.3033475259911917
2025-01-03,1.302179864557061
2025-01-06,1.2989285743640666
2025-01-07,1.2969528731433426
2025-01-08,1.2984820648388926
2025-01-09,1.2998530131551154
2025-01-10,1.2935552625833855
2025-01-13,1.2911647313637085
2025-01-14,1.2700588402566466
2025-01-15,1.2682150201416276
2025-01-16,1.2674329778037736
2025-01-17,1.2687294632933774
2025-01-20,1.268419803832719
2025-01-21,1.2681896026690453
2025-01-22,1.2622212970449769
2025-01-23,1.263715711443372
2025-01-24,1.2603360318075423
2025-01-27,1.2650142967019968
2025-02-05,1.2614126150329132
2025-02-06,1.252383317025635
2025-02-07,1.2547074918404657
2025-02-10,1.2539076493495067
2025-02-11,1.2531983647750364
2025-02-12,1.2511238942238472
2025-02-13,1.2503500390307483
2025-02-14,1.2420902832604257
2025-02-17,1.2418308511938372
2025-02-18,1.265357021156469
2025-02-19,1.2603774295873538
2025-02-20,1.2601970357014567
2025-02-21,1.2683058005182224
2025-02-24,1.2656000496002369
2025-02-25,1.2761768021090705
2025-02-26,1.2812705959907151
2025-02-27,1.279367524372961
2025-02-28,1.281616453375907
2025-03-03,1.2813973596221042
2025-03-04,1.2807320913315228
2025-03-05,1.2772385953651206
2025-03-06,1.2810693906796513
2025-03-07,1.2855205538403538
2025-03-10,1.286432298721882
2025-03-11,1.2845436445285927
2025-03-12,1.2813032659782224
2025-03-13,1.2808953617316485
2025-03-14,1.2792663562088211
2025-03-17,1.2779959225350814
2025-03-18,1.2788617097619608
2025-03-19,1.2790255330414808
2025-03-20,1.2753933372951443
2025-03-21,1.2618783108655913
2025-03-24,1.2617904627716283
2025-03-25,1.260944739955815
2025-03-26,1.2593057984806768
2025-03-27,1.2690594146663348
2025-03-28,1.2515531482731537
2025-03-31,1.2624908681138245
2025-04-01,1.2624056487811484
2025-04-02,1.2636225614921452
2025-04-03,1.250262734144652
2025-04-07,1.3348271058247467
2025-04-08,1.3539050089161104
2025-04-09,1.340469895863332
2025-04-10,1.3527972297448618
2025-04-11,1.3463297508074097
2025-04-14,1.3457144715761171
2025-04-15,1.3456542007044372
2025-04-16,1.3416856868154285
2025-04-17,1.3418375599521932
2025-04-18,1.3418556698491566
2025-04-21,1.342354289481491
2025-04-22,1.342399809653597
2025-04-23,1.3420230520799323
2025-04-24,1.3417082095461705
2025-04-25,1.3423532394145212
2025-04-28,1.3428414879077382
2025-04-29,1.3439029597009555
2025-04-30,1.3406025299239446
2025-05-06,1.3281044689874622
2025-05-07,1.3276458115283034
2025-05-08,1.3267192753567207
2025-05-09,1.3283458401423918
2025-05-12,1.3279518970283204
2025-05-13,1.3285225903146323
2025-05-14,1.4332253607576217
2025-05-15,1.4459339034229453
2025-05-16,1.449983987794859
2025-05-19,1.4493348716846504
2025-05-20,1.4382048613064282
2025-05-21,1.4331550054191091
2025-05-22,1.4335157552826823
2025-05-23,1.4386984964216587
2025-05-26,1.429561334802949
2025-05-27,1.4242792999791491
2025-05-28,1.4250149700356407
2025-05-29,1.4206334293173424
2025-05-30,1.4126025726870595
2025-06-03,1.412143886439711
2025-06-04,1.414896425703838
2025-06-05,1.4147020616359
2025-06-06,1.4158497121671683
2025-06-09,1.420561925659471
2025-06-10,1.4278492746127869
2025-06-11,1.4540461029971505
2025-06-12,1.4538310954792217
2025-06-13,1.4601045558251637
2025-06-16,1.4646305699911473
2025-06-17,1.4645438761734464
2025-06-18,1.461013276307961
2025-06-19,1.4787034329391742
2025-06-20,1.4787713877074524
2025-06-23,1.4814862879379618
2025-06-24,1.4907887158498363
2025-06-25,1.5251198303005447
2025-06-26,1.5256453440419637
2025-06-27,1.495451395763091
2025-06-30,1.4786673641902501
2025-07-01,1.475376622649366
2025-07-02,1.4753161010126516
2025-07-03,1.4729719451838117
2025-07-04,1.479669690387308
2025-07-07,1.4688914662127144
2025-07-08,1.4542235348748571
2025-07-09,1.4519389505854285
2025-07-10,1.4633776351838066
2025-07-11,1.4664296840057152
2025-07-14,1.466842818574199
2025-07-15,1.4668890262820566
2025-07-16,1.4781187236931725
2025-07-17,1.4677093684731113
2025-07-18,1.4985832629064222
2025-07-21,1.5460997144889455
2025-07-22,1.5256358540915518
2025-07-23,1.5241622075462822
2025-07-24,1.5586415920891037
2025-07-25,1.557503412563622
2025-07-28,1.5578401783661193
2025-07-29,1.5436916642787386
2025-07-30,1.5451899154918978
2025-07-31,1.5519705706587255
2025-08-01,1.5262723655043775
2025-08-04,1.5210734754801494
2025-08-05,1.5214552368123013
2025-08-06,1.5217377468188515
2025-08-07,1.521694685924899
2025-08-08,1.511956659865638
2025-08-11,1.5021845274514922
2025-08-12,1.5213223483041804
2025-08-13,1.5480618410499507
2025-08-14,1.5440444490432574
2025-08-15,1.579823251207177
2025-08-18,1.4809579450166002
2025-08-19,1.4879287725659833
2025-08-20,1.4762039311548663
2025-08-21,1.461333634470496
2025-08-22,1.7397135129375463
2025-08-25,1.4895514776697536
2025-08-26,1.5012272559415667
2025-08-27,1.5622257681312455
2025-08-28,1.5551658214163584
2025-08-29,1.5445059744845493
2025-09-01,1.5161292992435298
2025-09-02,1.5284766767156828
2025-09-03,1.5726694452757537
2025-09-04,1.4683997960729913
2025-09-05,1.3712978971053809
2025-09-08,1.3678053399635166
2025-09-09,1.3310188593258994
2025-09-10,1.3287115904754268
2025-09-11,1.3253019487470552
2025-09-12,1.3209263575352426
2025-09-15,1.3228886239808397
2025-09-16,1.3259839683106482
2025-09-17,1.3214058515225475
2025-09-18,1.3875860620027667
2025-09-19,1.3869965529736978
2025-09-22,1.3978512331459814
2025-09-23,1.3993831359989513
2025-09-24,1.3872406331647342
2025-09-25,1.3917136047329688
2025-09-26,1.3661659277748917
2025-09-29,1.6490879874119677
2025-09-30,1.6140045476926344
2025-10-09,1.6711001132976373
2025-10-10,1.3567470178124637
2025-10-13,1.39135945886776
2025-10-14,1.33650739789788
2025-10-15,1.4347235831020486
2025-10-16,1.42864636208283
2025-10-17,1.4552421819708568
2025-10-20,1.4205088605065632
2025-10-21,1.3742236142032689
2025-10-22,1.387441425094427
2025-10-23,1.3937001894685457
2025-10-24,1.383192888591728
2025-10-27,1.3902857370400992
2025-10-28,1.404190619511657
2025-10-29,1.462045039453774
2025-10-30,1.4696617109633485
2025-10-31,1.5339677800004787
2025-11-03,1.5285440778401806
2025-11-04,1.523822165819583
2025-11-05,1.5227359635478108
2025-11-06,1.5821200869721053
2025-11-07,1.5919607852663487
2025-11-10,1.6132112090553834
2025-11-11,1.6239642037598976
2025-11-12,1.6249427078947074
2025-11-13,1.6207009009619628
2025-11-14,1.6246285159402454
2025-11-17,1.63680805312497
2025-11-18,1.6049633892924682
2025-11-19,1.602318930693273
2025-11-20,1.6285731904614131
2025-11-21,1.6572565621347155
2025-11-24,1.6558188417212494
2025-11-25,1.6078157023515884
2025-11-26,1.6021695653421768
2025-11-27,1.602385041848056
2025-11-28,1.6017342999678528
2025-12-01,1.5617303434942291
2025-12-02,1.567230656356652
2025-12-03,1.5595515919173477
2025-12-04,1.5588136643140558
2025-12-05,1.5651874718543604
2025-12-08,1.5783400126631728
2025-12-09,1.601146633483884
2025-12-10,1.6033132786984872
2025-12-11,1.6147898498713718
2025-12-12,1.6245043693520975
2025-12-15,1.575943115022775
2025-12-16,1.541265605351131
2025-12-17,1.551503504274488
2025-12-18,1.5523331910776637
2025-12-19,1.5494598589394437
2025-12-22,1.5108709749837066
2025-12-23,1.5155918246780617
2025-12-24,1.5183471544634874
2025-12-25,1.515495446998859
2025-12-26,1.5190053325310418
2025-12-29,1.525666354290198
2025-12-30,1.5237697722104089
2025-12-31,1.5104669933688044
2026-01-05,1.558417150706022
2026-01-06,1.6174284087993698
2026-01-07,1.6357896931826608
2026-01-08,1.6919472074775679
2026-01-09,1.6863087590562915
2026-01-12,1.697700299457634
2026-01-13,1.6687172947752378
2026-01-14,1.6800285964489645
2026-01-15,1.6794216944694202
2026-01-16,1.6701013139237413
2026-01-19,1.669852302875526
2026-01-20,1.647809518344588
2026-01-21,1.6461417928950013
2026-01-22,1.6460376295458583
2026-01-23,1.6535327989769575
2026-01-26,1.6570091735283181
2026-01-27,1.6587159606472983
2026-01-28,1.6579580795824036
2026-01-29,1.6639974749671291
2026-01-30,1.6697717828057805
2026-02-02,1.6611799754719057
2026-02-03,1.5526872074510898
2026-02-04,1.5437087361832604
2026-02-05,1.5393737735969888
2026-02-06,1.5384224278433327
2026-02-09,1.5153368381779933
2026-02-10,1.5139512597462454
2026-02-11,1.5155633320196258
2026-02-12,1.510391135491649
2026-02-13,1.4394200813695734
2026-02-24,1.3795965122175247
2026-02-25,1.3596744880771827
2026-02-26,1.3609626040890528
2026-02-27,1.3539007091811246
2026-03-02,1.3395163208334164
2026-03-03,1.2751185835497152
2026-03-04,1.3167940801620743
2026-03-05,1.2750532298304789
2026-03-06,1.2782654891542125
2026-03-09,1.3389684731678415
2026-03-10,1.3026368789420981
2026-03-11,1.289629268992009
2026-03-12,1.2862279108732544
2026-03-13,1.2902682374574908
2026-03-16,1.289177986464121
2026-03-17,1.2116019463042078
2026-03-18,1.2006140936587242
2026-03-19,1.1950240261372935
2026-03-20,1.1928186094578381
2026-03-23,1.2134504335971756
2026-03-24,1.1850679312385206
2026-03-25,1.183575722641553
2026-03-26,1.2194656661276955
2026-03-27,1.2230951307544946
2026-03-30,1.2244440686553109
2026-03-31,1.2250917661981444
2026-04-01,1.2457846433852964
2026-04-02,1.2695748374550189
2026-04-03,1.2643312418652874
2026-04-07,1.2645180471897874
2026-04-08,1.293797414403579
2026-04-09,1.313320180854314
2026-04-10,1.36856678498358
