order_book_id,date,institute,price_raw,price_prd,grd_coef,grd_prd,rice_create_tm,create_tm,quarter_recommendation,half_year_target_price,one_year_target_price,half_year_recommendation,one_year_recommendation
600985.XSHG,2009-01-12,国投证券,9.3000,M06,1,1,2024-06-07 05:36:49,2009-01-13 17:48:53,1.0,9.3,,,
600985.XSHG,2009-03-04,国投证券,,,2,1,2024-06-07 17:55:22,2009-03-05 15:48:13,2.0,,,,
600985.XSHG,2009-03-26,浙商证券,,,3,1,2024-06-07 17:57:20,2009-03-28 13:17:17,3.0,,,,
600985.XSHG,2009-04-07,国投证券,12.0000,M06,2,1,2024-06-07 05:36:23,2009-04-09 16:33:26,2.0,12.0,,,
600985.XSHG,2009-04-30,国投证券,16.0000,M06,1,1,2024-06-07 05:36:38,2009-05-04 18:18:14,1.0,16.0,,,
600985.XSHG,2009-05-04,国投证券,16.0000,M06,1,1,2024-06-07 05:36:39,2009-05-06 17:48:00,1.0,16.0,,,
600985.XSHG,2009-05-08,湘财证券,,,1,1,2024-06-07 17:52:52,2009-05-12 16:34:39,1.0,,,,
600985.XSHG,2009-06-04,国投证券,16.0000,M06,1,1,2024-06-07 05:37:54,2009-06-09 16:49:47,1.0,16.0,,,
600985.XSHG,2009-07-06,国投证券,17.0000,M06,2,1,2024-06-07 05:36:37,2009-07-07 15:21:54,2.0,17.0,,,
600985.XSHG,2009-10-27,天相投顾,,,3,1,2024-06-07 17:53:56,2009-11-11 13:37:52,3.0,,,,
600985.XSHG,2010-08-27,国元证券,,,2,1,2024-06-07 18:00:08,2010-08-28 12:11:28,2.0,,,,
600985.XSHG,2010-12-18,财通证券,,,1,1,2024-06-07 17:58:26,2011-01-05 16:04:14,1.0,,,,
600985.XSHG,2010-12-28,光大证券,24.8000,M06,1,1,2024-06-07 05:36:43,2010-12-29 16:01:59,1.0,24.8,,,
600985.XSHG,2011-03-11,财信证券,,,2,1,2024-06-07 17:54:49,2011-03-15 16:03:38,2.0,,,,
600985.XSHG,2011-03-11,招商证券,,,2,1,2024-06-07 17:57:29,2011-03-11 18:47:34,2.0,,,,
600985.XSHG,2012-06-18,广发证券,16.0000,M06,2,1,2024-06-07 05:36:07,2012-06-19 17:52:10,2.0,16.0,,,
600985.XSHG,2012-08-31,中信建投,12.7200,M06,2,1,2024-06-07 05:37:42,2012-09-19 11:35:32,2.0,12.72,,,
600985.XSHG,2012-09-04,长江证券,,,3,1,2024-06-07 18:00:14,2012-09-07 17:13:19,3.0,,,,
600985.XSHG,2012-09-21,中信建投,13.7000,M06,2,1,2024-06-07 05:36:48,2012-09-21 14:27:44,2.0,13.7,,,
600985.XSHG,2012-09-21,国海证券,,,1,1,2024-06-07 17:58:31,2012-09-21 14:27:44,1.0,,,,
600985.XSHG,2012-10-31,国海证券,,,2,1,2024-06-07 18:00:04,2012-11-08 10:36:04,2.0,,,,
600985.XSHG,2012-11-05,国海证券,,,2,1,2024-06-07 17:59:56,2012-11-06 14:24:52,2.0,,,,
600985.XSHG,2012-11-12,国海证券,,,2,1,2024-06-07 18:00:02,2012-11-13 15:08:24,2.0,,,,
600985.XSHG,2012-11-19,国海证券,,,2,1,2024-06-07 17:59:08,2012-11-19 11:13:52,2.0,,,,
600985.XSHG,2012-11-26,国海证券,,,2,1,2024-06-07 18:01:12,2012-11-26 16:06:26,2.0,,,,
600985.XSHG,2012-12-03,国海证券,,,2,1,2024-06-07 18:00:56,2012-12-03 14:22:03,2.0,,,,
600985.XSHG,2012-12-10,国海证券,,,2,1,2024-06-07 17:59:47,2012-12-10 10:29:09,2.0,,,,
600985.XSHG,2012-12-16,国海证券,,,2,1,2024-06-07 17:55:47,2012-12-18 11:59:04,2.0,,,,
600985.XSHG,2012-12-24,国海证券,,,2,1,2024-06-07 18:00:38,2012-12-24 21:54:33,2.0,,,,
600985.XSHG,2013-01-07,国海证券,,,2,1,2024-06-07 17:59:40,2013-01-09 09:13:40,2.0,,,,
600985.XSHG,2013-01-14,国海证券,,,2,1,2024-06-07 17:56:55,2013-01-14 11:25:36,2.0,,,,
600985.XSHG,2013-01-21,国海证券,,,2,1,2024-06-07 17:57:33,2013-01-21 21:30:22,2.0,,,,
600985.XSHG,2013-01-27,国海证券,,,2,1,2024-06-07 17:55:35,2013-01-29 17:56:40,2.0,,,,
600985.XSHG,2013-02-04,国海证券,,,2,1,2024-06-07 17:58:21,2013-02-05 15:38:23,2.0,,,,
600985.XSHG,2013-02-25,国海证券,,,2,1,2024-06-07 18:00:25,2013-02-26 14:06:07,2.0,,,,
600985.XSHG,2013-03-04,国海证券,,,2,1,2024-06-07 17:59:40,2013-03-04 15:15:14,2.0,,,,
600985.XSHG,2013-03-08,中信建投,,,2,1,2024-06-07 17:56:58,2013-03-10 13:43:05,2.0,,,,
600985.XSHG,2013-03-11,国海证券,,,2,1,2024-06-07 17:59:07,2013-03-12 15:38:55,2.0,,,,
600985.XSHG,2013-03-18,国海证券,,,2,1,2024-06-07 17:54:12,2013-03-18 17:56:43,2.0,,,,
600985.XSHG,2013-03-25,国海证券,,,2,1,2024-06-07 17:54:54,2013-03-25 21:32:33,2.0,,,,
600985.XSHG,2013-04-01,国海证券,,,2,1,2024-06-07 17:55:04,2013-04-02 21:30:53,2.0,,,,
600985.XSHG,2013-04-08,国海证券,,,2,1,2024-06-07 17:56:33,2013-04-08 21:31:48,2.0,,,,
600985.XSHG,2013-04-15,国海证券,,,2,1,2024-06-07 17:55:47,2013-04-17 11:02:30,2.0,,,,
600985.XSHG,2013-04-22,国海证券,,,2,1,2024-06-07 17:56:39,2013-04-22 21:31:45,2.0,,,,
600985.XSHG,2013-05-02,国海证券,,,2,1,2024-06-07 17:52:59,2013-05-03 15:15:14,2.0,,,,
600985.XSHG,2013-05-06,国海证券,,,2,1,2024-06-07 18:00:25,2013-05-13 10:40:09,2.0,,,,
600985.XSHG,2013-05-13,国海证券,,,2,1,2024-06-07 18:00:30,2013-05-13 16:52:39,2.0,,,,
600985.XSHG,2013-05-20,国海证券,,,2,1,2024-06-07 17:53:06,2013-05-21 14:30:49,2.0,,,,
600985.XSHG,2013-05-27,国海证券,,,2,1,2024-06-07 17:57:27,2013-05-27 16:24:23,2.0,,,,
600985.XSHG,2013-06-03,国海证券,,,2,1,2024-06-07 17:53:48,2013-06-03 13:43:19,2.0,,,,
600985.XSHG,2013-06-17,国海证券,,,2,1,2024-06-07 17:58:29,2013-06-17 16:02:21,2.0,,,,
600985.XSHG,2013-06-24,国海证券,,,2,1,2024-06-07 17:57:54,2013-06-24 14:06:13,2.0,,,,
600985.XSHG,2013-07-08,国海证券,,,2,1,2024-06-07 17:57:18,2013-07-09 11:48:46,2.0,,,,
600985.XSHG,2013-07-15,国海证券,,,2,1,2024-06-07 18:00:07,2013-07-16 11:25:20,2.0,,,,
600985.XSHG,2013-07-22,国海证券,,,2,1,2024-06-07 17:59:38,2013-07-22 17:33:14,2.0,,,,
600985.XSHG,2013-08-05,国海证券,,,2,1,2024-06-07 18:00:40,2013-08-05 15:38:21,2.0,,,,
600985.XSHG,2013-08-12,国海证券,,,2,1,2024-06-07 17:58:26,2013-08-13 13:20:17,2.0,,,,
600985.XSHG,2013-08-19,国海证券,,,2,1,2024-06-07 17:55:36,2013-08-20 10:40:49,2.0,,,,
600985.XSHG,2013-08-26,国海证券,,,2,1,2024-06-07 17:57:39,2013-08-27 21:30:14,2.0,,,,
600985.XSHG,2013-09-02,国海证券,,,2,1,2024-06-07 17:56:28,2013-09-03 14:33:36,2.0,,,,
600985.XSHG,2013-09-09,国海证券,,,2,1,2024-06-07 17:56:30,2013-09-10 17:56:08,2.0,,,,
600985.XSHG,2017-04-30,华泰证券,19.1500,M06,2,1,2024-06-07 05:36:24,2017-05-02 12:11:42,2.0,19.15,,,
600985.XSHG,2017-05-02,华泰证券,,,2,1,2024-06-07 17:55:55,2017-05-03 21:30:38,2.0,,,,
600985.XSHG,2017-05-03,华泰证券,,,2,1,2024-06-07 18:00:02,2017-05-04 16:20:39,2.0,,,,
600985.XSHG,2017-05-07,华泰证券,,,2,1,2024-06-07 17:53:23,2017-05-08 21:31:14,2.0,,,,
600985.XSHG,2017-05-10,华泰证券,19.1500,M06,2,1,2024-06-07 05:38:10,2017-05-11 11:25:40,2.0,19.15,,,
600985.XSHG,2017-05-15,华泰证券,,,2,1,2024-06-07 17:58:36,2017-05-15 21:30:44,2.0,,,,
600985.XSHG,2017-05-22,华泰证券,,,2,1,2024-06-07 17:54:02,2017-05-22 21:30:49,2.0,,,,
600985.XSHG,2017-05-31,华泰证券,,,2,1,2024-06-07 17:53:31,2017-05-31 21:30:31,2.0,,,,
600985.XSHG,2017-06-05,华泰证券,,,2,1,2024-06-07 17:53:17,2017-06-05 13:20:26,2.0,,,,
600985.XSHG,2017-06-12,华泰证券,,,2,1,2024-06-07 17:54:54,2017-06-12 21:31:11,2.0,,,,
600985.XSHG,2017-06-19,华泰证券,,,2,1,2024-06-07 17:58:36,2017-06-19 14:06:06,2.0,,,,
600985.XSHG,2017-06-25,华泰证券,,,2,1,2024-06-07 17:58:52,2017-06-26 16:45:37,2.0,,,,
600985.XSHG,2017-07-03,华泰证券,,,2,1,2024-06-07 17:53:07,2017-07-04 12:11:04,2.0,,,,
600985.XSHG,2017-07-10,华泰证券,,,2,1,2024-06-07 17:55:14,2017-07-10 13:20:46,2.0,,,,
600985.XSHG,2017-07-16,华泰证券,,,2,1,2024-06-07 17:53:19,2017-07-17 21:30:11,2.0,,,,
600985.XSHG,2017-07-24,华泰证券,,,2,1,2024-06-07 17:54:12,2017-07-24 16:45:55,2.0,,,,
600985.XSHG,2017-07-30,华泰证券,,,2,1,2024-06-07 17:54:08,2017-07-31 16:45:11,2.0,,,,
600985.XSHG,2017-08-30,华泰证券,16.2500,M06,2,1,2024-06-07 05:36:37,2017-08-30 21:30:09,2.0,16.25,,,
600985.XSHG,2017-11-27,国投证券,14.3400,M06,1,1,2024-06-07 05:36:46,2017-11-28 12:11:05,1.0,14.34,,,
600985.XSHG,2017-11-29,华泰证券,16.2500,M06,2,1,2024-06-07 05:37:10,2017-11-29 11:02:09,2.0,16.25,,,
600985.XSHG,2017-12-20,国投证券,16.1700,M06,1,1,2024-06-07 05:37:29,2017-12-20 14:52:12,1.0,16.17,,,
600985.XSHG,2017-12-29,天风证券,15.0000,M06,1,1,2024-06-07 05:36:16,2017-12-29 17:08:32,1.0,15.0,,,
600985.XSHG,2017-12-29,中信建投,15.7000,M06,1,1,2024-06-07 05:37:38,2017-12-29 16:45:16,1.0,15.7,,,
600985.XSHG,2018-01-01,中信建投,,,1,1,2024-06-07 17:52:57,2018-01-02 11:48:06,1.0,,,,
600985.XSHG,2018-01-08,中信建投,,,1,1,2024-06-07 17:59:20,2018-01-08 21:30:46,1.0,,,,
600985.XSHG,2018-01-08,海通证券,17.5000,M06,1,1,2024-06-07 05:37:52,2018-01-08 17:31:14,1.0,17.5,,,
600985.XSHG,2018-01-10,中信建投,,,1,1,2024-06-07 17:53:29,2018-01-10 17:54:21,1.0,,,,
600985.XSHG,2018-01-12,国投证券,18.6200,M06,1,1,2024-06-07 05:36:13,2018-01-12 14:52:45,1.0,18.62,,,
600985.XSHG,2018-01-15,中信建投,,,1,1,2024-06-07 17:58:25,2018-01-16 17:31:16,1.0,,,,
600985.XSHG,2018-01-22,中信建投,,,1,1,2024-06-07 18:00:40,2018-01-22 17:54:09,1.0,,,,
600985.XSHG,2018-01-29,中信建投,,,1,1,2024-06-07 17:57:18,2018-01-29 17:54:07,1.0,,,,
600985.XSHG,2018-02-05,中信建投,,,1,1,2024-06-07 17:58:00,2018-02-05 17:31:22,1.0,,,,
600985.XSHG,2018-02-12,中信建投,,,1,1,2024-06-07 18:00:42,2018-02-12 17:54:08,1.0,,,,
600985.XSHG,2018-02-26,中信建投,,,1,1,2024-06-07 17:56:15,2018-02-26 17:54:11,1.0,,,,
600985.XSHG,2018-03-09,天风证券,20.0700,M06,1,1,2024-06-07 05:36:54,2018-03-11 11:25:08,1.0,20.07,,,
600985.XSHG,2018-03-10,国投证券,18.0000,M06,1,1,2024-06-07 05:36:32,2018-03-11 11:02:08,1.0,18.0,,,
600985.XSHG,2018-03-18,中泰证券,,,1,1,2024-06-07 17:57:10,2018-03-19 17:54:25,1.0,,,,
600985.XSHG,2018-03-25,中泰证券,,,1,1,2024-06-07 17:59:43,2018-03-26 21:31:33,1.0,,,,
600985.XSHG,2018-04-01,中泰证券,,,1,1,2024-06-07 17:55:36,2018-04-02 14:06:10,1.0,,,,
600985.XSHG,2018-04-15,中泰证券,,,1,1,2024-06-07 18:01:15,2018-04-16 12:11:14,1.0,,,,
600985.XSHG,2018-04-25,中泰证券,,,1,1,2024-06-07 17:56:30,2018-04-25 17:54:30,1.0,,,,
600985.XSHG,2018-04-30,中泰证券,,,1,1,2024-06-07 18:00:26,2018-05-02 21:30:30,1.0,,,,
600985.XSHG,2018-05-02,中泰证券,,,1,1,2024-06-07 17:54:39,2018-05-03 14:06:06,1.0,,,,
600985.XSHG,2018-05-06,中泰证券,,,1,1,2024-06-07 17:54:45,2018-05-07 14:52:45,1.0,,,,
600985.XSHG,2018-05-07,国投证券,15.8000,M06,1,1,2024-06-07 05:37:33,2018-05-08 12:11:09,1.0,15.8,,,
600985.XSHG,2018-05-09,中泰证券,,,1,1,2024-06-07 17:58:10,2018-05-09 16:45:34,1.0,,,,
600985.XSHG,2018-05-11,天风证券,20.0700,M06,1,1,2024-06-07 05:36:12,2018-05-11 16:45:17,1.0,20.07,,,
600985.XSHG,2018-05-13,中泰证券,,,1,1,2024-06-07 17:54:20,2018-05-14 17:54:24,1.0,,,,
600985.XSHG,2018-05-14,国投证券,19.6900,M06,1,1,2024-06-07 05:36:15,2018-05-14 17:54:24,1.0,19.69,,,
600985.XSHG,2018-05-14,招商证券,,,1,1,2024-06-07 17:54:17,2018-05-15 11:48:20,1.0,,,,
600985.XSHG,2018-05-19,中泰证券,,,1,1,2024-06-07 17:56:07,2018-05-20 14:06:07,1.0,,,,
600985.XSHG,2018-05-20,中泰证券,,,1,1,2024-06-07 17:54:57,2018-05-21 16:55:37,1.0,,,,
600985.XSHG,2018-05-27,中泰证券,,,1,1,2024-06-07 17:55:46,2018-05-28 16:56:01,1.0,,,,
600985.XSHG,2018-06-03,中泰证券,,,1,1,2024-06-07 17:52:54,2018-06-04 21:30:34,1.0,,,,
600985.XSHG,2018-06-04,中泰证券,,,1,1,2024-06-07 17:58:32,2018-06-05 17:18:15,1.0,,,,
600985.XSHG,2018-06-06,中泰证券,,,1,1,2024-06-07 17:54:04,2018-06-14 11:02:09,1.0,,,,
600985.XSHG,2018-06-10,中泰证券,,,1,1,2024-06-07 17:59:46,2018-06-10 16:55:16,1.0,,,,
600985.XSHG,2018-06-12,中泰证券,,,1,1,2024-06-07 17:52:43,2018-06-12 16:56:09,1.0,,,,
600985.XSHG,2018-06-17,中泰证券,,,1,1,2024-06-07 18:00:20,2018-06-19 17:41:21,1.0,,,,
600985.XSHG,2018-06-20,中泰证券,,,1,1,2024-06-07 17:53:03,2018-06-21 17:18:36,1.0,,,,
600985.XSHG,2018-06-24,中泰证券,,,1,1,2024-06-07 17:54:31,2018-06-25 09:53:15,1.0,,,,
600985.XSHG,2018-06-26,中泰证券,,,1,1,2024-06-07 17:59:42,2018-06-26 21:30:13,1.0,,,,
600985.XSHG,2018-07-01,中泰证券,,,1,1,2024-06-07 17:53:17,2018-07-02 14:52:30,1.0,,,,
600985.XSHG,2018-07-04,中泰证券,,,1,1,2024-06-07 17:53:50,2018-07-05 21:30:21,1.0,,,,
600985.XSHG,2018-07-08,中泰证券,,,1,1,2024-06-07 17:55:35,2018-07-08 16:55:10,1.0,,,,
600985.XSHG,2018-07-12,中泰证券,,,1,1,2024-06-07 17:52:38,2018-07-13 12:11:12,1.0,,,,
600985.XSHG,2018-07-13,中泰证券,,,1,1,2024-06-07 17:52:52,2018-07-18 17:41:15,1.0,,,,
600985.XSHG,2018-07-13,国投证券,14.8000,M06,1,1,2024-06-07 05:36:13,2018-07-13 14:06:18,1.0,14.8,,,
600985.XSHG,2018-07-15,中泰证券,,,1,1,2024-06-07 18:01:08,2018-07-16 12:11:12,1.0,,,,
600985.XSHG,2018-07-16,中泰证券,,,1,1,2024-06-07 17:57:46,2018-07-17 17:41:13,1.0,,,,
600985.XSHG,2018-07-22,中泰证券,,,1,1,2024-06-07 17:55:39,2018-07-23 21:30:20,1.0,,,,
600985.XSHG,2018-07-28,招商证券,,,1,1,2024-06-07 17:54:56,2018-07-29 11:48:10,1.0,,,,
600985.XSHG,2018-07-29,中泰证券,,,1,1,2024-06-07 17:57:01,2018-07-30 09:53:13,1.0,,,,
600985.XSHG,2018-07-29,国海证券,,,1,1,2024-06-07 17:58:53,2018-07-30 12:11:24,1.0,,,,
600985.XSHG,2018-07-29,招商证券,,,1,1,2024-06-07 18:00:02,2018-07-30 12:11:24,1.0,,,,
600985.XSHG,2018-08-01,华金证券,,,1,1,2024-06-07 17:58:43,2018-08-02 12:11:09,1.0,,,,
600985.XSHG,2018-08-04,中泰证券,,,1,1,2024-06-07 17:54:14,2018-08-05 16:55:07,1.0,,,,
600985.XSHG,2018-08-05,中泰证券,,,1,1,2024-06-07 17:57:12,2018-08-06 16:56:01,1.0,,,,
600985.XSHG,2018-08-05,招商证券,,,1,1,2024-06-07 18:00:25,2018-08-06 12:57:09,1.0,,,,
600985.XSHG,2018-08-08,招商证券,,,1,1,2024-06-07 17:57:14,2018-08-09 12:11:09,1.0,,,,
600985.XSHG,2018-08-11,中泰证券,,,1,1,2024-06-07 18:00:04,2018-08-12 21:30:09,1.0,,,,
600985.XSHG,2018-08-12,国海证券,,,1,1,2024-06-07 17:55:59,2018-08-13 14:06:11,1.0,,,,
600985.XSHG,2018-08-12,招商证券,,,1,1,2024-06-07 17:56:44,2018-08-13 11:02:06,1.0,,,,
600985.XSHG,2018-08-14,中泰证券,,,1,1,2024-06-07 17:58:29,2018-08-15 14:06:09,1.0,,,,
600985.XSHG,2018-08-18,中泰证券,,,1,1,2024-06-07 17:53:27,2018-08-20 10:16:11,1.0,,,,
600985.XSHG,2018-08-18,招商证券,,,1,1,2024-06-07 18:01:01,2018-08-19 14:52:07,1.0,,,,
600985.XSHG,2018-08-19,国投证券,16.9000,M06,1,1,2024-06-07 05:36:41,2018-08-19 12:57:06,1.0,16.9,,,
600985.XSHG,2018-08-19,国海证券,,,1,1,2024-06-07 17:56:39,2018-08-20 14:52:23,1.0,,,,
600985.XSHG,2018-08-21,招商证券,,,1,1,2024-06-07 17:57:18,2018-08-21 16:55:30,1.0,,,,
600985.XSHG,2018-08-24,招商证券,,,1,1,2024-06-07 17:57:13,2018-08-26 14:06:12,1.0,,,,
600985.XSHG,2018-08-24,中泰证券,,,1,1,2024-06-07 17:58:12,2018-08-27 09:53:08,1.0,,,,
600985.XSHG,2018-08-26,国海证券,,,1,1,2024-06-07 17:56:59,2018-08-27 21:30:23,1.0,,,,
600985.XSHG,2018-08-26,中泰证券,,,1,1,2024-06-07 17:58:44,2018-08-27 16:55:37,1.0,,,,
600985.XSHG,2018-08-28,招商证券,,,1,1,2024-06-07 17:59:40,2018-08-29 11:25:25,1.0,,,,
600985.XSHG,2018-08-31,招商证券,,,1,1,2024-06-07 17:55:27,2018-09-02 12:11:09,1.0,,,,
600985.XSHG,2018-08-31,国投证券,15.3900,M06,1,1,2024-06-07 05:37:36,2018-08-31 16:55:26,1.0,15.39,,,
600985.XSHG,2018-09-02,中泰证券,,,1,1,2024-06-07 17:56:40,2018-09-03 11:02:05,1.0,,,,
600985.XSHG,2018-09-08,招商证券,,,1,1,2024-06-07 17:54:50,2018-09-09 12:57:07,1.0,,,,
600985.XSHG,2018-09-09,中泰证券,,,1,1,2024-06-07 17:55:45,2018-09-10 12:11:11,1.0,,,,
600985.XSHG,2018-09-16,中泰证券,,,1,1,2024-06-07 17:58:21,2018-09-17 14:06:10,1.0,,,,
600985.XSHG,2018-09-16,招商证券,,,1,1,2024-06-07 18:00:52,2018-09-17 11:02:07,1.0,,,,
600985.XSHG,2018-09-17,国海证券,,,1,1,2024-06-07 18:00:12,2018-09-17 21:30:18,1.0,,,,
600985.XSHG,2018-09-21,国投证券,13.6800,M06,1,1,2024-06-07 05:37:43,2018-09-21 12:11:07,1.0,13.68,,,
600985.XSHG,2018-09-24,中泰证券,,,1,1,2024-06-07 17:56:05,2018-09-25 16:55:41,1.0,,,,
600985.XSHG,2018-09-24,招商证券,,,1,1,2024-06-07 18:00:14,2018-09-25 12:11:11,1.0,,,,
600985.XSHG,2018-10-07,中泰证券,,,1,1,2024-06-07 17:56:55,2018-10-07 14:52:03,1.0,,,,
600985.XSHG,2018-10-14,国海证券,,,1,1,2024-06-07 17:55:25,2018-10-15 12:57:15,1.0,,,,
600985.XSHG,2018-10-14,中泰证券,,,1,1,2024-06-07 17:56:31,2018-10-14 21:30:21,1.0,,,,
600985.XSHG,2018-10-14,招商证券,,,1,1,2024-06-07 18:01:05,2018-10-15 12:57:15,1.0,,,,
600985.XSHG,2018-10-21,招商证券,,,1,1,2024-06-07 17:52:54,2018-10-22 12:11:08,1.0,,,,
600985.XSHG,2018-10-21,中泰证券,,,1,1,2024-06-07 17:55:21,2018-10-22 16:55:26,1.0,,,,
600985.XSHG,2018-10-28,中泰证券,,,1,1,2024-06-07 17:53:11,2018-10-29 12:11:07,1.0,,,,
600985.XSHG,2018-10-28,招商证券,,,1,1,2024-06-07 18:00:05,2018-10-29 12:11:07,1.0,,,,
600985.XSHG,2018-10-29,国投证券,12.5600,M06,1,1,2024-06-07 05:36:24,2018-10-30 14:06:10,1.0,12.56,,,
600985.XSHG,2018-10-30,中泰证券,,,2,1,2024-06-07 17:55:54,2018-10-31 12:11:18,2.0,,,,
600985.XSHG,2018-11-03,招商证券,,,1,1,2024-06-07 17:58:20,2018-11-05 16:55:35,1.0,,,,
600985.XSHG,2018-11-04,中泰证券,,,1,1,2024-06-07 17:57:18,2018-11-05 16:55:35,1.0,,,,
600985.XSHG,2018-11-06,华创证券,15.8000,M06,1,1,2024-06-07 05:38:04,2018-11-06 17:41:03,1.0,15.8,,,
600985.XSHG,2018-11-10,中泰证券,,,1,1,2024-06-07 17:53:39,2018-11-11 16:55:03,1.0,,,,
600985.XSHG,2018-11-10,招商证券,,,1,1,2024-06-07 17:58:51,2018-11-11 16:55:03,1.0,,,,
600985.XSHG,2018-11-14,中泰证券,,,1,1,2024-06-07 18:00:42,2018-11-16 11:02:13,1.0,,,,
600985.XSHG,2018-11-17,中泰证券,,,1,1,2024-06-07 17:56:15,2018-11-19 09:53:08,1.0,,,,
600985.XSHG,2018-11-17,招商证券,,,1,1,2024-06-07 17:59:45,2018-11-18 21:30:16,1.0,,,,
600985.XSHG,2018-11-25,招商证券,,,1,1,2024-06-07 17:52:51,2018-11-26 12:57:03,1.0,,,,
600985.XSHG,2018-11-25,中泰证券,,,1,1,2024-06-07 17:56:26,2018-11-26 14:52:11,1.0,,,,
600985.XSHG,2018-12-01,中泰证券,,,1,1,2024-06-07 17:54:54,2018-12-02 16:55:06,1.0,,,,
600985.XSHG,2018-12-01,招商证券,,,1,1,2024-06-07 17:59:23,2018-12-02 14:06:05,1.0,,,,
600985.XSHG,2018-12-09,中泰证券,,,1,1,2024-06-07 17:58:09,2018-12-09 16:55:04,1.0,,,,
600985.XSHG,2018-12-09,招商证券,,,1,1,2024-06-07 17:59:16,2018-12-10 12:57:14,1.0,,,,
600985.XSHG,2018-12-15,招商证券,,,1,1,2024-06-07 17:52:38,2018-12-16 11:02:05,1.0,,,,
600985.XSHG,2018-12-16,中泰证券,,,1,1,2024-06-07 17:53:09,2018-12-16 16:55:06,1.0,,,,
600985.XSHG,2018-12-17,中泰证券,,,1,1,2024-06-07 17:53:12,2018-12-17 16:55:12,1.0,,,,
600985.XSHG,2018-12-22,招商证券,,,1,1,2024-06-07 18:00:12,2018-12-24 11:02:13,1.0,,,,
600985.XSHG,2018-12-23,中泰证券,,,1,1,2024-06-07 17:58:00,2018-12-24 09:53:05,1.0,,,,
600985.XSHG,2018-12-23,国泰海通证券,12.8100,,1,1,2024-06-07 05:37:27,2018-12-24 09:07:09,1.0,,,,
600985.XSHG,2018-12-25,国泰海通证券,12.8100,,1,1,2024-06-07 05:36:17,2018-12-26 12:57:06,1.0,,,,
600985.XSHG,2018-12-31,招商证券,,,1,1,2024-06-07 17:57:01,2019-01-01 16:55:08,1.0,,,,
600985.XSHG,2019-01-01,中泰证券,,,1,1,2024-06-07 17:54:11,2019-01-02 16:55:35,1.0,,,,
600985.XSHG,2019-01-03,中泰证券,,,1,1,2024-06-07 17:53:51,2019-01-04 12:11:07,1.0,,,,
600985.XSHG,2019-01-06,招商证券,,,1,1,2024-06-07 17:55:44,2019-01-07 12:11:21,1.0,,,,
600985.XSHG,2019-01-06,中泰证券,,,1,1,2024-06-07 17:56:54,2019-01-07 12:57:33,1.0,,,,
600985.XSHG,2019-01-06,国泰海通证券,12.8100,,1,1,2024-06-07 05:37:26,2019-01-07 11:02:16,1.0,,,,
600985.XSHG,2019-01-13,招商证券,,,1,1,2024-06-07 17:53:08,2019-01-14 09:53:05,1.0,,,,
600985.XSHG,2019-01-13,国泰海通证券,12.8100,M06,1,1,2024-06-07 05:37:23,2019-01-13 16:55:08,1.0,12.81,,,
600985.XSHG,2019-01-13,中泰证券,,,1,1,2024-06-07 17:59:59,2019-01-13 14:52:04,1.0,,,,
600985.XSHG,2019-01-14,中泰证券,,,1,1,2024-06-07 17:54:35,2019-01-15 11:02:07,1.0,,,,
600985.XSHG,2019-01-16,中泰证券,,,1,1,2024-06-07 18:00:21,2019-01-28 14:06:08,1.0,,,,
600985.XSHG,2019-01-18,招商证券,,,1,1,2024-06-07 17:56:32,2019-01-20 14:06:05,1.0,,,,
600985.XSHG,2019-01-20,中泰证券,,,1,1,2024-06-07 17:55:42,2019-01-20 21:30:04,1.0,,,,
600985.XSHG,2019-01-20,国泰海通证券,12.8100,,1,1,2024-06-07 05:37:00,2019-01-20 21:30:04,1.0,,,,
600985.XSHG,2019-01-27,中泰证券,,,1,1,2024-06-07 17:53:50,2019-01-28 12:57:06,1.0,,,,
600985.XSHG,2019-01-27,国泰海通证券,12.8100,,1,1,2024-06-07 05:38:01,2019-01-27 12:57:01,1.0,,,,
600985.XSHG,2019-01-29,国投证券,13.5200,M06,1,1,2024-06-07 05:38:03,2019-01-29 12:11:10,1.0,13.52,,,
600985.XSHG,2019-02-10,中泰证券,,,1,1,2024-06-07 17:57:12,2019-02-11 21:30:13,1.0,,,,
600985.XSHG,2019-02-10,国泰海通证券,12.8100,,1,1,2024-06-07 05:37:29,2019-02-10 21:30:05,1.0,,,,
600985.XSHG,2019-02-15,中泰证券,,,1,1,2024-06-07 17:52:56,2019-02-17 11:48:08,1.0,,,,
600985.XSHG,2019-02-17,招商证券,,,1,1,2024-06-07 17:53:01,2019-02-18 11:48:12,1.0,,,,
600985.XSHG,2019-02-17,中泰证券,,,1,1,2024-06-07 17:55:06,2019-02-18 09:53:50,1.0,,,,
600985.XSHG,2019-02-17,国泰海通证券,12.8100,,1,1,2024-06-07 05:36:55,2019-02-17 14:52:02,1.0,,,,
600985.XSHG,2019-02-22,中信证券,,,1,1,2024-06-07 17:58:10,2019-02-22 11:48:07,1.0,,,,
600985.XSHG,2019-02-23,中泰证券,,,1,1,2024-06-07 17:59:02,2019-02-25 10:39:07,1.0,,,,
600985.XSHG,2019-02-24,国泰海通证券,12.8100,,1,1,2024-06-07 05:37:12,2019-02-24 13:43:04,1.0,,,,
600985.XSHG,2019-02-24,招商证券,,,1,1,2024-06-07 17:59:13,2019-02-24 16:55:07,1.0,,,,
600985.XSHG,2019-02-25,招商证券,,,1,1,2024-06-07 17:57:50,2019-02-26 14:52:18,1.0,,,,
600985.XSHG,2019-02-26,中泰证券,,,1,1,2024-06-07 17:53:13,2019-02-26 16:55:20,1.0,,,,
600985.XSHG,2019-03-01,国泰海通证券,,,1,1,2024-06-07 18:00:12,2019-03-01 21:30:04,1.0,,,,
600985.XSHG,2019-03-02,招商证券,,,1,1,2024-06-07 17:53:05,2019-03-03 16:55:05,1.0,,,,
600985.XSHG,2019-03-02,中泰证券,,,1,1,2024-06-07 18:00:28,2019-03-04 10:39:24,1.0,,,,
600985.XSHG,2019-03-03,国泰海通证券,12.8100,,1,1,2024-06-07 05:36:53,2019-03-03 17:41:18,1.0,,,,
600985.XSHG,2019-03-06,招商证券,,,1,1,2024-06-07 17:55:38,2019-03-06 17:41:12,1.0,,,,
600985.XSHG,2019-03-07,国泰海通证券,,,1,1,2024-06-07 17:57:47,2019-03-07 12:57:03,1.0,,,,
600985.XSHG,2019-03-09,中泰证券,,,1,1,2024-06-07 17:58:31,2019-03-11 11:48:10,1.0,,,,
600985.XSHG,2019-03-10,国泰海通证券,12.8100,,1,1,2024-06-07 05:36:36,2019-03-10 21:30:03,1.0,,,,
600985.XSHG,2019-03-10,招商证券,,,1,1,2024-06-07 17:57:29,2019-03-11 11:02:06,1.0,,,,
600985.XSHG,2019-03-14,中泰证券,,,1,1,2024-06-07 17:54:09,2019-03-15 16:55:37,1.0,,,,
600985.XSHG,2019-03-16,中泰证券,,,1,1,2024-06-07 17:54:37,2019-03-18 09:53:05,1.0,,,,
600985.XSHG,2019-03-16,招商证券,,,1,1,2024-06-07 17:59:09,2019-03-17 14:06:11,1.0,,,,
600985.XSHG,2019-03-17,国泰海通证券,12.8100,,1,1,2024-06-07 05:37:21,2019-03-17 21:30:05,1.0,,,,
600985.XSHG,2019-03-20,国泰海通证券,,,1,1,2024-06-07 17:54:56,2019-03-20 10:55:27,1.0,,,,
600985.XSHG,2019-03-22,招商证券,,,1,1,2024-06-07 17:54:43,2019-03-24 16:55:07,1.0,,,,
600985.XSHG,2019-03-23,中泰证券,,,1,1,2024-06-07 18:00:00,2019-03-24 14:52:12,1.0,,,,
600985.XSHG,2019-03-24,国泰海通证券,12.8100,,1,1,2024-06-07 05:36:34,2019-03-24 14:52:12,1.0,,,,
600985.XSHG,2019-03-27,中泰证券,,,1,1,2024-06-07 17:56:51,2019-03-28 12:11:05,1.0,,,,
600985.XSHG,2019-03-28,国泰海通证券,13.2000,M06,1,1,2024-06-07 05:36:09,2019-03-28 16:55:15,1.0,13.2,,,
600985.XSHG,2019-03-28,国投证券,14.0800,M06,1,1,2024-06-07 05:37:40,2019-03-28 12:57:09,1.0,14.08,,,
600985.XSHG,2019-03-28,华创证券,15.8000,M06,1,1,2024-06-07 05:38:08,2019-03-28 14:06:05,1.0,15.8,,,
600985.XSHG,2019-03-29,招商证券,,,1,1,2024-06-07 17:53:05,2019-03-31 14:52:04,1.0,,,,
600985.XSHG,2019-03-30,国泰海通证券,,,1,1,2024-06-07 17:54:09,2019-04-01 16:55:26,1.0,,,,
600985.XSHG,2019-03-31,中泰证券,,,1,1,2024-06-07 17:58:09,2019-04-01 09:53:13,1.0,,,,
600985.XSHG,2019-03-31,国泰海通证券,12.8100,,1,1,2024-06-07 05:37:47,2019-04-01 16:55:26,1.0,,,,
600985.XSHG,2019-03-31,广发证券,14.8000,M06,1,1,2024-06-07 05:37:52,2019-03-31 12:11:09,1.0,14.8,,,
600985.XSHG,2019-04-07,中泰证券,,,1,1,2024-06-07 17:54:15,2019-04-08 11:02:11,1.0,,,,
600985.XSHG,2019-04-07,广发证券,14.8000,,1,1,2024-06-07 05:36:48,2019-04-08 09:53:04,1.0,,,,
600985.XSHG,2019-04-07,招商证券,,,1,1,2024-06-07 17:56:51,2019-04-07 21:30:04,1.0,,,,
600985.XSHG,2019-04-07,国泰海通证券,,,1,1,2024-06-07 17:59:22,2019-04-07 17:55:07,1.0,,,,
600985.XSHG,2019-04-14,中泰证券,,,1,1,2024-06-07 17:52:40,2019-04-15 21:30:26,1.0,,,,
600985.XSHG,2019-04-14,国泰海通证券,,,1,1,2024-06-07 17:54:11,2019-04-14 11:48:05,1.0,,,,
600985.XSHG,2019-04-14,广发证券,14.8000,,1,1,2024-06-07 05:36:44,2019-04-15 13:20:36,1.0,,,,
600985.XSHG,2019-04-14,招商证券,,,1,1,2024-06-07 17:57:25,2019-04-15 09:53:05,1.0,,,,
600985.XSHG,2019-04-17,中泰证券,,,1,1,2024-06-07 17:56:31,2019-04-18 14:52:07,1.0,,,,
600985.XSHG,2019-04-18,广发证券,14.8000,,1,1,2024-06-07 05:37:51,2019-04-18 14:52:07,1.0,,,,
600985.XSHG,2019-04-21,中泰证券,,,1,1,2024-06-07 17:55:35,2019-04-21 16:55:06,1.0,,,,
600985.XSHG,2019-04-21,广发证券,14.8000,,1,1,2024-06-07 05:37:21,2019-04-21 21:30:04,1.0,,,,
600985.XSHG,2019-04-21,国泰海通证券,13.2000,,1,1,2024-06-07 05:37:34,2019-04-22 12:11:23,1.0,,,,
600985.XSHG,2019-04-24,中泰证券,,,1,1,2024-06-07 17:54:28,2019-04-25 13:20:19,1.0,,,,
600985.XSHG,2019-04-28,中泰证券,,,1,1,2024-06-07 18:00:11,2019-04-30 09:07:09,1.0,,,,
600985.XSHG,2019-04-30,广发证券,14.8000,M06,1,1,2024-06-07 05:36:37,2019-05-05 15:13:02,1.0,14.8,,,
600985.XSHG,2019-04-30,国泰海通证券,13.2000,M06,1,1,2024-06-07 05:36:39,2019-04-30 16:55:13,1.0,13.2,,,
600985.XSHG,2019-04-30,国投证券,16.4700,M06,1,1,2024-06-07 05:36:42,2019-04-30 21:30:24,1.0,16.47,,,
600985.XSHG,2019-04-30,长江证券,,,1,1,2024-06-07 17:56:51,2019-05-05 14:13:02,1.0,,,,
600985.XSHG,2019-05-05,国泰海通证券,,,1,1,2024-06-07 17:59:09,2019-05-05 15:13:02,1.0,,,,
600985.XSHG,2019-05-09,中泰证券,,,1,1,2024-06-07 17:52:49,2019-05-12 11:13:02,1.0,,,,
600985.XSHG,2019-05-10,中泰证券,,,1,1,2024-06-07 17:53:14,2019-05-13 10:13:04,1.0,,,,
600985.XSHG,2019-05-12,中泰证券,,,1,1,2024-06-07 17:59:07,2019-05-12 17:13:06,1.0,,,,
600985.XSHG,2019-05-13,国泰海通证券,,,1,1,2024-06-07 17:56:49,2019-05-13 15:13:02,1.0,,,,
600985.XSHG,2019-05-15,中泰证券,,,1,1,2024-06-07 17:54:21,2019-05-16 18:13:02,1.0,,,,
600985.XSHG,2019-05-19,国泰海通证券,,,1,1,2024-06-07 17:53:08,2019-05-20 11:13:03,1.0,,,,
600985.XSHG,2019-05-19,中泰证券,,,1,1,2024-06-07 17:55:54,2019-05-19 19:13:03,1.0,,,,
600985.XSHG,2019-06-02,国泰海通证券,,,1,1,2024-06-07 17:57:03,2019-06-02 17:13:06,1.0,,,,
600985.XSHG,2019-06-06,中泰证券,,,1,1,2024-06-07 17:55:14,2019-06-10 16:13:03,1.0,,,,
600985.XSHG,2019-06-09,国泰海通证券,,,1,1,2024-06-07 18:00:59,2019-06-09 17:13:03,1.0,,,,
600985.XSHG,2019-06-11,国泰海通证券,,,1,1,2024-06-07 18:00:44,2019-06-11 18:13:05,1.0,,,,
600985.XSHG,2019-06-14,招商证券,,,1,1,2024-06-07 17:54:48,2019-06-16 11:13:03,1.0,,,,
600985.XSHG,2019-06-16,中泰证券,,,1,1,2024-06-07 17:53:47,2019-06-17 14:13:04,1.0,,,,
600985.XSHG,2019-06-16,国泰海通证券,,,1,1,2024-06-07 17:59:03,2019-06-16 15:13:02,1.0,,,,
600985.XSHG,2019-06-23,广发证券,14.8000,,1,1,2024-06-07 05:36:09,2019-06-24 11:13:02,1.0,,,,
600985.XSHG,2019-06-23,中泰证券,,,1,1,2024-06-07 17:57:07,2019-06-23 18:13:16,1.0,,,,
600985.XSHG,2019-06-24,长江证券,,,1,1,2024-06-07 17:55:53,2019-06-25 18:13:03,1.0,,,,
600985.XSHG,2019-06-29,国泰海通证券,,,1,1,2024-06-07 17:54:24,2019-06-30 13:13:02,1.0,,,,
600985.XSHG,2019-06-30,中泰证券,,,1,1,2024-06-07 17:57:27,2019-07-01 13:13:02,1.0,,,,
600985.XSHG,2019-06-30,广发证券,14.8000,,1,1,2024-06-07 05:37:40,2019-06-30 19:13:02,1.0,,,,
600985.XSHG,2019-07-02,广发证券,14.8000,,1,1,2024-06-07 05:37:09,2019-07-03 10:13:03,1.0,,,,
600985.XSHG,2019-07-07,国泰海通证券,,,1,1,2024-06-07 17:54:19,2019-07-07 14:13:03,1.0,,,,
600985.XSHG,2019-07-07,中泰证券,,,1,1,2024-06-07 17:58:35,2019-07-07 16:13:07,1.0,,,,
600985.XSHG,2019-07-07,广发证券,14.8000,,1,1,2024-06-07 05:37:54,2019-07-08 15:13:02,1.0,,,,
600985.XSHG,2019-07-08,申万宏源,,,2,1,2024-06-07 17:55:32,2019-07-09 11:13:02,2.0,,,,
600985.XSHG,2019-07-09,中泰证券,,,1,1,2024-06-07 18:00:15,2019-07-11 12:13:03,1.0,,,,
600985.XSHG,2019-07-13,国泰海通证券,,,1,1,2024-06-07 17:55:00,2019-07-15 10:13:04,1.0,,,,
600985.XSHG,2019-07-14,广发证券,14.8000,M06,1,1,2024-06-07 05:36:33,2019-07-15 13:13:04,1.0,14.8,,,
600985.XSHG,2019-07-14,中泰证券,,,1,1,2024-06-07 17:55:36,2019-07-14 18:13:04,1.0,,,,
600985.XSHG,2019-07-14,国投证券,15.3000,M06,1,1,2024-06-07 05:37:48,2019-07-14 12:13:04,1.0,15.3,,,
600985.XSHG,2019-07-15,中泰证券,,,1,1,2024-06-07 17:58:36,2019-07-16 13:13:04,1.0,,,,
600985.XSHG,2019-07-16,长江证券,,,1,1,2024-06-07 17:54:23,2019-07-18 17:13:03,1.0,,,,
600985.XSHG,2019-07-16,申万宏源,,,2,1,2024-06-07 18:01:07,2019-07-17 11:13:03,2.0,,,,
600985.XSHG,2019-07-18,广发证券,14.8000,,1,1,2024-06-07 05:38:10,2019-07-18 10:13:02,1.0,,,,
600985.XSHG,2019-07-21,国泰海通证券,,,1,1,2024-06-07 17:58:38,2019-07-22 12:13:03,1.0,,,,
600985.XSHG,2019-07-21,中泰证券,,,1,1,2024-06-07 18:00:04,2019-07-22 14:13:06,1.0,,,,
600985.XSHG,2019-07-21,广发证券,14.8000,,1,1,2024-06-07 05:37:56,2019-07-21 18:13:18,1.0,,,,
600985.XSHG,2019-07-22,中泰证券,,,1,1,2024-06-07 17:57:25,2019-07-23 15:13:02,1.0,,,,
600985.XSHG,2019-07-22,申万宏源,,,2,1,2024-06-07 17:57:27,2019-07-23 15:13:02,2.0,,,,
600985.XSHG,2019-07-28,国泰海通证券,,,1,1,2024-06-07 17:55:58,2019-07-28 12:13:03,1.0,,,,
600985.XSHG,2019-07-28,中泰证券,,,1,1,2024-06-07 17:56:36,2019-07-29 15:13:03,1.0,,,,
600985.XSHG,2019-07-28,广发证券,14.8000,,1,1,2024-06-07 05:37:25,2019-07-29 11:13:04,1.0,,,,
600985.XSHG,2019-07-29,申万宏源,,,2,1,2024-06-07 17:55:18,2019-07-30 12:13:03,2.0,,,,
600985.XSHG,2019-08-03,国泰海通证券,,,1,1,2024-06-07 17:58:09,2019-08-04 12:13:04,1.0,,,,
600985.XSHG,2019-08-04,广发证券,14.8000,,1,1,2024-06-07 05:36:43,2019-08-04 18:13:06,1.0,,,,
600985.XSHG,2019-08-04,中泰证券,,,1,1,2024-06-07 17:58:34,2019-08-05 13:13:05,1.0,,,,
600985.XSHG,2019-08-05,广发证券,14.8000,,1,1,2024-06-07 05:36:51,2019-08-06 17:13:04,1.0,,,,
600985.XSHG,2019-08-05,申万宏源,,,2,1,2024-06-07 17:58:22,2019-08-05 16:13:03,2.0,,,,
600985.XSHG,2019-08-09,中泰证券,,,1,1,2024-06-07 18:01:02,2019-08-11 16:13:06,1.0,,,,
600985.XSHG,2019-08-10,国投证券,13.6000,M06,1,1,2024-06-07 05:37:24,2019-08-11 14:13:06,1.0,13.6,,,
600985.XSHG,2019-08-11,华创证券,15.8000,M06,1,1,2024-06-07 05:36:06,2019-08-12 13:13:04,1.0,15.8,,,
600985.XSHG,2019-08-11,广发证券,14.8000,,1,1,2024-06-07 05:37:00,2019-08-11 15:13:03,1.0,,,,
600985.XSHG,2019-08-11,国泰海通证券,12.6300,M06,1,1,2024-06-07 05:38:04,2019-08-11 15:13:03,1.0,12.63,,,
600985.XSHG,2019-08-11,中泰证券,,,1,1,2024-06-07 18:01:11,2019-08-11 11:13:03,1.0,,,,
600985.XSHG,2019-08-12,广发证券,14.8000,M06,1,1,2024-06-07 05:36:43,2019-08-13 15:13:03,1.0,14.8,,,
600985.XSHG,2019-08-12,申万宏源,,,2,1,2024-06-07 17:57:52,2019-08-13 15:13:03,2.0,,,,
600985.XSHG,2019-08-14,中泰证券,,,1,1,2024-06-07 17:57:06,2019-08-15 17:13:07,1.0,,,,
600985.XSHG,2019-08-16,广发证券,14.8000,,1,1,2024-06-07 05:36:12,2019-08-19 10:13:03,1.0,,,,
600985.XSHG,2019-08-18,广发证券,14.8000,,1,1,2024-06-07 05:36:29,2019-08-18 18:13:03,1.0,,,,
600985.XSHG,2019-08-18,国泰海通证券,,,1,1,2024-06-07 17:58:14,2019-08-19 18:13:03,1.0,,,,
600985.XSHG,2019-08-18,中泰证券,,,1,1,2024-06-07 18:00:24,2019-08-18 11:13:03,1.0,,,,
600985.XSHG,2019-08-19,申万宏源,,,2,1,2024-06-07 17:53:40,2019-08-22 15:13:03,2.0,,,,
600985.XSHG,2019-08-25,中泰证券,,,1,1,2024-06-07 17:53:57,2019-08-26 10:13:03,1.0,,,,
600985.XSHG,2019-08-25,广发证券,14.8000,,1,1,2024-06-07 05:37:33,2019-08-26 13:13:03,1.0,,,,
600985.XSHG,2019-09-01,中泰证券,,,1,1,2024-06-07 18:00:45,2019-09-02 19:13:06,1.0,,,,
600985.XSHG,2019-09-01,国泰海通证券,,,1,1,2024-06-07 18:01:08,2019-09-02 12:13:05,1.0,,,,
600985.XSHG,2019-09-02,申万宏源,,,2,1,2024-06-07 17:56:35,2019-09-10 12:13:03,2.0,,,,
600985.XSHG,2019-09-08,中泰证券,,,1,1,2024-06-07 17:53:21,2019-09-08 14:13:03,1.0,,,,
600985.XSHG,2019-09-08,国泰海通证券,,,1,1,2024-06-07 17:57:53,2019-09-08 17:13:02,1.0,,,,
600985.XSHG,2019-09-15,中泰证券,,,1,1,2024-06-07 17:54:23,2019-09-16 14:13:02,1.0,,,,
600985.XSHG,2019-09-15,国泰海通证券,12.8100,,1,1,2024-06-07 05:38:02,2019-09-16 14:13:02,1.0,,,,
600985.XSHG,2019-09-16,中泰证券,,,1,1,2024-06-07 17:53:36,2019-09-17 10:13:03,1.0,,,,
600985.XSHG,2019-09-16,申万宏源,,,2,1,2024-06-07 17:55:13,2019-09-18 11:13:03,2.0,,,,
600985.XSHG,2019-09-22,国泰海通证券,,,1,1,2024-06-07 17:57:54,2019-09-23 18:13:04,1.0,,,,
600985.XSHG,2019-09-22,中泰证券,,,1,1,2024-06-07 17:59:17,2019-09-22 17:13:03,1.0,,,,
600985.XSHG,2019-09-24,申万宏源,,,2,1,2024-06-07 17:53:27,2019-09-24 16:13:02,2.0,,,,
600985.XSHG,2019-09-29,中泰证券,,,1,1,2024-06-07 17:57:52,2019-09-30 12:13:03,1.0,,,,
600985.XSHG,2019-09-30,申万宏源,,,2,1,2024-06-07 17:54:16,2019-10-08 12:13:25,2.0,,,,
600985.XSHG,2019-10-08,申万宏源,,,2,1,2024-06-07 17:52:45,2019-10-09 11:13:05,2.0,,,,
600985.XSHG,2019-10-13,中泰证券,,,1,1,2024-06-07 17:57:26,2019-10-14 13:13:04,1.0,,,,
600985.XSHG,2019-10-13,广发证券,14.8000,,1,1,2024-06-07 05:37:44,2019-10-14 14:13:06,1.0,,,,
600985.XSHG,2019-10-14,申万宏源,,,2,1,2024-06-07 17:52:47,2019-10-15 15:13:03,2.0,,,,
600985.XSHG,2019-10-20,中泰证券,,,1,1,2024-06-07 17:55:35,2019-10-20 18:13:03,1.0,,,,
600985.XSHG,2019-10-21,国泰海通证券,,,1,1,2024-06-07 17:53:57,2019-10-21 17:13:04,1.0,,,,
600985.XSHG,2019-10-21,中泰证券,,,1,1,2024-06-07 17:54:02,2019-10-21 14:13:05,1.0,,,,
600985.XSHG,2019-10-21,申万宏源,,,2,1,2024-06-07 17:56:10,2019-10-21 19:13:04,2.0,,,,
600985.XSHG,2019-10-25,中泰证券,,,1,1,2024-06-07 17:54:30,2019-10-27 19:13:03,1.0,,,,
600985.XSHG,2019-10-26,国投证券,13.6000,M06,1,1,2024-06-07 05:37:23,2019-10-27 16:13:03,1.0,13.6,,,
600985.XSHG,2019-10-27,中泰证券,,,1,1,2024-06-07 17:57:58,2019-10-27 20:13:03,1.0,,,,
600985.XSHG,2019-10-27,国泰海通证券,12.6300,M06,1,1,2024-06-07 05:37:29,2019-10-28 14:13:04,1.0,12.63,,,
600985.XSHG,2019-10-28,国泰海通证券,,,1,1,2024-06-07 18:00:00,2019-10-29 22:13:04,1.0,,,,
600985.XSHG,2019-11-03,中泰证券,,,1,1,2024-06-07 17:57:40,2019-11-04 19:13:04,1.0,,,,
600985.XSHG,2019-11-03,国泰海通证券,,,1,1,2024-06-07 17:57:47,2019-11-03 15:13:04,1.0,,,,
600985.XSHG,2019-11-06,申万宏源,,,2,1,2024-06-07 17:56:19,2019-11-06 16:13:04,2.0,,,,
600985.XSHG,2019-11-09,华创证券,,,1,1,2024-06-07 17:58:43,2019-11-10 12:13:09,1.0,,,,
600985.XSHG,2019-11-10,国泰海通证券,,,1,1,2024-06-07 17:55:54,2019-11-10 16:13:06,1.0,,,,
600985.XSHG,2019-11-10,中泰证券,,,1,1,2024-06-07 17:56:01,2019-11-11 12:13:05,1.0,,,,
600985.XSHG,2019-11-11,申万宏源,,,2,1,2024-06-07 17:53:39,2019-11-19 16:13:06,2.0,,,,
600985.XSHG,2019-11-15,中泰证券,,,1,1,2024-06-07 17:58:04,2019-11-15 15:13:08,1.0,,,,
600985.XSHG,2019-11-17,中泰证券,,,1,1,2024-06-07 17:55:06,2019-11-18 12:13:08,1.0,,,,
600985.XSHG,2019-11-17,国泰海通证券,,,1,1,2024-06-07 17:58:30,2019-11-17 12:13:21,1.0,,,,
600985.XSHG,2019-11-24,中泰证券,,,1,1,2024-06-07 17:55:44,2019-11-25 11:13:03,1.0,,,,
600985.XSHG,2019-11-24,国泰海通证券,,,1,1,2024-06-07 18:00:27,2019-11-25 12:13:06,1.0,,,,
600985.XSHG,2019-11-25,中泰证券,,,1,1,2024-06-07 17:53:39,2019-11-26 12:13:15,1.0,,,,
600985.XSHG,2019-11-25,申万宏源,,,2,1,2024-06-07 17:57:19,2019-11-26 12:13:15,2.0,,,,
600985.XSHG,2019-12-01,中泰证券,,,1,1,2024-06-07 17:56:30,2019-12-02 15:13:05,1.0,,,,
600985.XSHG,2019-12-01,国泰海通证券,,,1,1,2024-06-07 17:59:34,2019-12-01 18:13:09,1.0,,,,
600985.XSHG,2019-12-02,申万宏源,,,2,1,2024-06-07 17:59:37,2019-12-02 16:13:08,2.0,,,,
600985.XSHG,2019-12-08,中泰证券,,,1,1,2024-06-07 17:53:57,2019-12-08 17:13:04,1.0,,,,
600985.XSHG,2019-12-08,国泰海通证券,,,1,1,2024-06-07 17:59:50,2019-12-09 12:13:05,1.0,,,,
600985.XSHG,2019-12-15,国泰海通证券,,,1,1,2024-06-07 17:55:04,2019-12-15 19:13:15,1.0,,,,
600985.XSHG,2019-12-15,中泰证券,,,1,1,2024-06-07 17:58:08,2019-12-15 20:13:08,1.0,,,,
600985.XSHG,2019-12-16,申万宏源,,,2,1,2024-06-07 18:00:19,2019-12-17 12:13:11,2.0,,,,
600985.XSHG,2019-12-19,中泰证券,,,1,1,2024-06-07 17:59:19,2019-12-20 12:13:06,1.0,,,,
600985.XSHG,2019-12-22,国泰海通证券,,,1,1,2024-06-07 17:53:51,2019-12-22 19:13:03,1.0,,,,
600985.XSHG,2019-12-22,中泰证券,,,1,1,2024-06-07 17:54:10,2019-12-22 18:13:04,1.0,,,,
600985.XSHG,2019-12-23,申万宏源,,,2,1,2024-06-07 17:59:17,2019-12-23 19:13:05,2.0,,,,
600985.XSHG,2019-12-27,中泰证券,,,1,1,2024-06-07 17:54:32,2019-12-27 12:13:20,1.0,,,,
600985.XSHG,2019-12-29,中泰证券,,,1,1,2024-06-07 17:55:25,2019-12-30 11:13:04,1.0,,,,
600985.XSHG,2019-12-30,申万宏源,,,2,1,2024-06-07 17:53:14,2019-12-31 14:13:05,2.0,,,,
600985.XSHG,2019-12-30,国泰海通证券,,,1,1,2024-06-07 17:55:02,2019-12-30 18:13:06,1.0,,,,
600985.XSHG,2020-01-05,国泰海通证券,,,1,1,2024-06-07 17:53:20,2020-01-05 17:13:03,1.0,,,,
600985.XSHG,2020-01-05,中泰证券,,,1,1,2024-06-07 17:55:28,2020-01-06 14:13:04,1.0,,,,
600985.XSHG,2020-01-06,申万宏源,,,2,1,2024-06-07 17:58:03,2020-10-11 15:22:17,2.0,,,,
600985.XSHG,2020-01-10,中泰证券,,,1,1,2024-06-07 17:54:59,2020-01-12 12:13:07,1.0,,,,
600985.XSHG,2020-01-12,中泰证券,,,1,1,2024-06-07 17:55:05,2020-01-12 18:13:07,1.0,,,,
600985.XSHG,2020-01-12,国泰海通证券,,,1,1,2024-06-07 17:57:58,2020-01-13 13:13:03,1.0,,,,
600985.XSHG,2020-01-13,申万宏源,,,2,1,2024-06-07 17:55:18,2020-01-16 11:13:02,2.0,,,,
600985.XSHG,2020-01-14,广发证券,13.7200,M06,1,1,2024-06-07 05:36:47,2020-01-14 17:13:09,1.0,13.72,,,
600985.XSHG,2020-01-19,国泰海通证券,,,1,1,2024-06-07 17:54:29,2020-01-20 17:13:03,1.0,,,,
600985.XSHG,2020-01-19,中泰证券,,,1,1,2024-06-07 18:00:55,2020-01-19 19:13:04,1.0,,,,
600985.XSHG,2020-01-20,中泰证券,,,1,1,2024-06-07 17:55:08,2020-01-21 14:13:07,1.0,,,,
600985.XSHG,2020-02-01,国泰海通证券,,,1,1,2024-06-07 17:57:53,2020-02-03 15:13:04,1.0,,,,
600985.XSHG,2020-02-02,中泰证券,,,1,1,2024-06-07 17:59:38,2020-02-02 21:13:06,1.0,,,,
600985.XSHG,2020-02-03,申万宏源,,,2,1,2024-06-07 17:56:53,2020-02-05 17:13:07,2.0,,,,
600985.XSHG,2020-02-05,中泰证券,,,1,1,2024-06-07 17:57:39,2020-02-09 15:13:03,1.0,,,,
600985.XSHG,2020-02-07,中泰证券,,,1,1,2024-06-07 17:56:06,2020-02-07 19:13:06,1.0,,,,
600985.XSHG,2020-02-09,中泰证券,,,1,1,2024-06-07 17:55:13,2020-02-09 15:13:03,1.0,,,,
600985.XSHG,2020-02-10,申万宏源,,,2,1,2024-06-07 17:59:57,2020-02-10 14:13:05,2.0,,,,
600985.XSHG,2020-02-11,国泰海通证券,,,1,1,2024-06-07 17:53:02,2020-02-11 17:13:05,1.0,,,,
600985.XSHG,2020-02-15,中泰证券,,,1,1,2024-06-07 17:56:31,2020-02-16 17:13:04,1.0,,,,
600985.XSHG,2020-02-16,国泰海通证券,,,1,1,2024-06-07 17:55:37,2020-02-16 16:13:09,1.0,,,,
600985.XSHG,2020-02-16,中泰证券,,,1,1,2024-06-07 17:56:11,2020-02-16 17:13:04,1.0,,,,
600985.XSHG,2020-02-17,申万宏源,,,2,1,2024-06-07 17:55:17,2020-09-29 13:15:34,2.0,,,,
600985.XSHG,2020-02-23,中泰证券,,,1,1,2024-06-07 17:53:17,2020-02-23 15:13:03,1.0,,,,
600985.XSHG,2020-02-23,国泰海通证券,,,1,1,2024-06-07 17:56:28,2020-02-23 14:13:04,1.0,,,,
600985.XSHG,2020-02-24,国泰海通证券,,,1,1,2024-06-07 17:54:31,2020-02-24 19:13:06,1.0,,,,
600985.XSHG,2020-02-24,申万宏源,,,2,1,2024-06-07 17:57:44,2020-02-25 17:13:05,2.0,,,,
600985.XSHG,2020-02-26,海通证券,14.4850,M06,2,1,2024-06-07 05:36:38,2020-02-26 20:13:07,2.0,14.485,,,
600985.XSHG,2020-02-27,中泰证券,,,1,1,2024-06-07 17:58:20,2020-02-27 15:13:04,1.0,,,,
600985.XSHG,2020-03-01,兴业证券,,,2,1,2024-06-07 17:53:52,2020-03-02 13:13:03,2.0,,,,
600985.XSHG,2020-03-01,国泰海通证券,,,1,1,2024-06-07 17:55:45,2020-03-01 18:13:03,1.0,,,,
600985.XSHG,2020-03-01,中泰证券,,,1,1,2024-06-07 17:58:33,2020-03-01 18:13:03,1.0,,,,
600985.XSHG,2020-03-02,国泰海通证券,,,1,1,2024-06-07 17:56:45,2020-03-03 11:57:57,1.0,,,,
600985.XSHG,2020-03-02,申万宏源,,,2,1,2024-06-07 17:56:56,2020-03-04 13:42:41,2.0,,,,
600985.XSHG,2020-03-02,中泰证券,,,1,1,2024-06-07 17:58:11,2020-03-03 16:22:57,1.0,,,,
600985.XSHG,2020-03-04,国泰海通证券,,,1,1,2024-06-07 17:54:36,2020-03-04 17:05:11,1.0,,,,
600985.XSHG,2020-03-05,中泰证券,,,1,1,2024-06-07 17:56:46,2020-03-08 15:06:23,1.0,,,,
600985.XSHG,2020-03-08,华创证券,12.9600,M06,1,1,2024-06-07 05:36:48,2020-03-08 16:32:05,1.0,12.96,,,
600985.XSHG,2020-03-08,中泰证券,,,1,1,2024-06-07 17:58:51,2020-03-08 17:40:48,1.0,,,,
600985.XSHG,2020-03-08,国泰海通证券,,,1,1,2024-06-07 17:59:36,2020-03-08 18:36:39,1.0,,,,
600985.XSHG,2020-03-08,兴业证券,,,2,1,2024-06-07 18:00:29,2020-03-08 15:47:19,2.0,,,,
600985.XSHG,2020-03-09,兴业证券,,,2,1,2024-06-07 17:57:30,2020-03-10 17:15:52,2.0,,,,
600985.XSHG,2020-03-15,中泰证券,,,1,1,2024-06-07 17:57:54,2020-03-15 19:08:34,1.0,,,,
600985.XSHG,2020-03-15,国泰海通证券,,,1,1,2024-06-07 17:59:00,2020-03-15 16:19:40,1.0,,,,
600985.XSHG,2020-03-15,兴业证券,,,2,1,2024-06-07 18:01:11,2020-03-15 14:41:58,2.0,,,,
600985.XSHG,2020-03-17,中泰证券,,,1,1,2024-06-07 18:00:32,2020-03-18 11:31:21,1.0,,,,
600985.XSHG,2020-03-21,国泰海通证券,,,1,1,2024-06-07 17:57:47,2020-03-22 11:33:59,1.0,,,,
600985.XSHG,2020-03-22,兴业证券,,,2,1,2024-06-07 17:56:16,2020-03-22 15:42:58,2.0,,,,
600985.XSHG,2020-03-22,中泰证券,,,1,1,2024-06-07 17:56:57,2020-03-22 16:19:53,1.0,,,,
600985.XSHG,2020-03-23,申万宏源,,,2,1,2024-06-07 18:00:29,2020-03-24 15:57:25,2.0,,,,
600985.XSHG,2020-03-28,中泰证券,,,1,1,2024-06-07 17:56:01,2020-03-29 18:06:21,1.0,,,,
600985.XSHG,2020-03-28,国投证券,11.5500,M06,1,1,2024-06-07 05:37:01,2020-03-29 16:04:16,1.0,11.55,,,
600985.XSHG,2020-03-29,国泰海通证券,12.6300,M06,1,1,2024-06-07 05:36:15,2020-03-29 12:25:44,1.0,12.63,,,
600985.XSHG,2020-03-29,兴业证券,,,2,1,2024-06-07 17:58:37,2020-03-29 18:52:10,2.0,,,,
600985.XSHG,2020-03-29,华创证券,12.9600,M06,1,1,2024-06-07 05:38:03,2020-03-30 16:18:56,1.0,12.96,,,
600985.XSHG,2020-03-29,中泰证券,,,1,1,2024-06-07 18:00:59,2020-03-29 14:37:17,1.0,,,,
600985.XSHG,2020-03-30,申万宏源,,,2,1,2024-06-07 17:58:15,2020-03-30 16:20:58,2.0,,,,
600985.XSHG,2020-03-31,海通证券,12.9900,M06,2,1,2024-06-07 05:38:12,2020-03-31 14:43:52,2.0,12.99,,,
600985.XSHG,2020-04-05,兴业证券,,,2,1,2024-06-07 17:56:10,2020-04-06 10:23:37,2.0,,,,
600985.XSHG,2020-04-05,中泰证券,,,1,1,2024-06-07 17:56:25,2020-04-06 16:28:53,1.0,,,,
600985.XSHG,2020-04-05,华创证券,,,1,1,2024-06-07 17:58:31,2020-04-06 15:16:31,1.0,,,,
600985.XSHG,2020-04-06,国泰海通证券,,,1,1,2024-06-07 17:52:54,2020-04-06 12:37:48,1.0,,,,
600985.XSHG,2020-04-07,申万宏源,,,2,1,2024-06-07 18:00:37,2020-04-08 12:14:28,2.0,,,,
600985.XSHG,2020-04-10,中信证券,11.0000,M06,1,1,2024-06-07 05:36:23,2020-04-12 16:16:56,1.0,11.0,,,
600985.XSHG,2020-04-12,华创证券,,,1,1,2024-06-07 17:53:08,2020-04-13 10:26:43,1.0,,,,
600985.XSHG,2020-04-12,中泰证券,,,1,1,2024-06-07 17:55:07,2020-04-12 14:22:42,1.0,,,,
600985.XSHG,2020-04-12,国泰海通证券,,,1,1,2024-06-07 17:58:40,2020-04-13 13:14:47,1.0,,,,
600985.XSHG,2020-04-12,兴业证券,,,2,1,2024-06-07 18:01:09,2020-04-12 13:57:18,2.0,,,,
600985.XSHG,2020-04-13,申万宏源,,,2,1,2024-06-07 17:53:08,2020-04-13 14:12:47,2.0,,,,
600985.XSHG,2020-04-15,申万宏源,,,2,1,2024-06-07 18:00:10,2020-04-15 16:02:53,2.0,,,,
600985.XSHG,2020-04-18,中泰证券,,,1,1,2024-06-07 17:53:59,2020-04-20 12:13:43,1.0,,,,
600985.XSHG,2020-04-19,国泰海通证券,,,1,1,2024-06-07 17:53:58,2020-04-19 13:23:28,1.0,,,,
600985.XSHG,2020-04-19,中泰证券,,,1,1,2024-06-07 17:54:01,2020-04-20 10:35:27,1.0,,,,
600985.XSHG,2020-04-19,华创证券,,,1,1,2024-06-07 17:59:30,2020-04-19 17:43:45,1.0,,,,
600985.XSHG,2020-04-19,兴业证券,,,2,1,2024-06-07 17:59:50,2020-04-19 15:33:17,2.0,,,,
600985.XSHG,2020-04-20,申万宏源,,,2,1,2024-06-07 17:57:02,2020-04-20 14:25:12,2.0,,,,
600985.XSHG,2020-04-20,中泰证券,,,1,1,2024-06-07 17:59:34,2020-04-21 13:43:46,1.0,,,,
600985.XSHG,2020-04-26,中泰证券,,,1,1,2024-06-07 17:54:06,2020-04-27 12:05:54,1.0,,,,
600985.XSHG,2020-04-26,国泰海通证券,,,1,1,2024-06-07 17:57:42,2020-04-26 14:00:52,1.0,,,,
600985.XSHG,2020-04-27,申万宏源,,,2,1,2024-06-07 17:56:54,2020-04-28 20:54:34,2.0,,,,
600985.XSHG,2020-04-28,国投证券,11.5500,M06,1,1,2024-06-07 05:37:31,2020-04-29 19:32:19,1.0,11.55,,,
600985.XSHG,2020-04-29,海通证券,12.9900,M06,2,1,2024-06-07 05:37:53,2020-04-29 16:31:56,2.0,12.99,,,
600985.XSHG,2020-04-30,长江证券,,,1,1,2024-06-07 17:53:32,2020-05-05 18:53:09,1.0,,,,
600985.XSHG,2020-05-03,中泰证券,,,1,1,2024-06-07 17:58:18,2020-05-06 14:05:32,1.0,,,,
600985.XSHG,2020-05-04,中信证券,11.0000,,1,1,2024-06-07 05:36:22,2020-05-05 11:28:29,1.0,,,,
600985.XSHG,2020-05-05,中信证券,11.0000,,1,1,2024-06-07 05:36:49,2020-05-06 17:16:23,1.0,,,,
600985.XSHG,2020-05-05,国泰海通证券,,,1,1,2024-06-07 18:01:12,2020-05-06 14:02:35,1.0,,,,
600985.XSHG,2020-05-06,中泰证券,,,1,1,2024-06-07 18:00:49,2020-05-07 19:26:00,1.0,,,,
600985.XSHG,2020-05-10,广发证券,10.7000,M06,1,1,2024-06-07 05:36:07,2020-05-10 17:37:44,1.0,10.7,,,
600985.XSHG,2020-05-10,中泰证券,,,1,1,2024-06-07 17:54:58,2020-05-11 14:45:34,1.0,,,,
600985.XSHG,2020-05-10,中信证券,11.0000,,1,1,2024-06-07 05:37:17,2020-05-10 13:15:44,1.0,,,,
600985.XSHG,2020-05-10,国泰海通证券,,,1,1,2024-06-07 17:58:02,2020-05-10 13:08:22,1.0,,,,
600985.XSHG,2020-05-10,华创证券,,,1,1,2024-06-07 17:59:11,2020-05-11 14:17:54,1.0,,,,
600985.XSHG,2020-05-17,国泰海通证券,,,1,1,2024-06-07 17:54:05,2020-05-17 15:00:18,1.0,,,,
600985.XSHG,2020-05-17,华创证券,,,1,1,2024-06-07 17:57:09,2020-05-18 17:44:35,1.0,,,,
600985.XSHG,2020-05-17,中泰证券,,,1,1,2024-06-07 17:58:09,2020-05-18 14:13:25,1.0,,,,
600985.XSHG,2020-05-18,中信证券,11.0000,,1,1,2024-06-07 05:36:48,2020-05-18 14:25:01,1.0,,,,
600985.XSHG,2020-05-20,华创证券,,,1,1,2024-06-07 17:57:54,2020-05-21 13:39:55,1.0,,,,
600985.XSHG,2020-05-21,中信证券,11.0000,,1,1,2024-06-07 05:37:06,2020-05-21 10:56:16,1.0,,,,
600985.XSHG,2020-05-24,华创证券,,,1,1,2024-06-07 17:52:43,2020-05-25 14:05:43,1.0,,,,
600985.XSHG,2020-05-24,中泰证券,,,1,1,2024-06-07 17:53:30,2020-05-24 16:20:59,1.0,,,,
600985.XSHG,2020-05-24,国泰海通证券,,,1,1,2024-06-07 17:54:41,2020-05-25 12:26:13,1.0,,,,
600985.XSHG,2020-05-25,中信证券,11.0000,,1,1,2024-06-07 05:38:07,2020-05-25 15:46:55,1.0,,,,
600985.XSHG,2020-05-28,中信证券,,,1,1,2024-06-07 17:54:00,2020-05-28 17:06:46,1.0,,,,
600985.XSHG,2020-05-28,中泰证券,,,1,1,2024-06-07 17:55:53,2020-05-28 17:09:49,1.0,,,,
600985.XSHG,2020-05-31,中泰证券,,,1,1,2024-06-07 17:52:50,2020-06-01 12:24:27,1.0,,,,
600985.XSHG,2020-05-31,国泰海通证券,,,1,1,2024-06-07 17:53:32,2020-05-31 14:31:21,1.0,,,,
600985.XSHG,2020-05-31,华创证券,,,1,1,2024-06-07 17:58:08,2020-06-01 14:42:41,1.0,,,,
600985.XSHG,2020-05-31,中信证券,11.0000,,1,1,2024-06-07 05:37:38,2020-05-31 16:14:56,1.0,,,,
600985.XSHG,2020-05-31,兴业证券,,,2,1,2024-06-07 18:00:37,2020-06-05 10:45:32,2.0,,,,
600985.XSHG,2020-06-07,中信证券,11.0000,,1,1,2024-06-07 05:36:48,2020-06-08 17:37:26,1.0,,,,
600985.XSHG,2020-06-07,中泰证券,,,1,1,2024-06-07 17:57:39,2020-06-07 16:10:27,1.0,,,,
600985.XSHG,2020-06-07,国泰海通证券,,,1,1,2024-06-07 17:59:24,2020-06-08 17:39:44,1.0,,,,
600985.XSHG,2020-06-14,国泰海通证券,,,1,1,2024-06-07 17:52:48,2020-06-15 13:56:33,1.0,,,,
600985.XSHG,2020-06-14,中泰证券,,,1,1,2024-06-07 17:53:33,2020-06-15 13:35:26,1.0,,,,
600985.XSHG,2020-06-14,兴业证券,,,2,1,2024-06-07 17:58:52,2020-06-15 17:04:01,2.0,,,,
600985.XSHG,2020-06-14,中信证券,11.0000,,1,1,2024-06-07 05:37:54,2020-06-14 12:59:20,1.0,,,,
600985.XSHG,2020-06-19,中信证券,11.0000,,1,1,2024-06-07 05:37:28,2020-06-19 10:08:58,1.0,,,,
600985.XSHG,2020-06-21,华创证券,,,1,1,2024-06-07 17:53:19,2020-06-22 11:41:33,1.0,,,,
600985.XSHG,2020-06-21,国泰海通证券,,,1,1,2024-06-07 17:53:53,2020-06-21 14:20:14,1.0,,,,
600985.XSHG,2020-06-21,中泰证券,,,1,1,2024-06-07 17:55:44,2020-06-22 14:00:58,1.0,,,,
600985.XSHG,2020-06-22,中信证券,11.0000,,1,1,2024-06-07 05:36:42,2020-06-22 14:11:09,1.0,,,,
600985.XSHG,2020-06-28,中泰证券,,,1,1,2024-06-07 17:53:32,2020-06-28 20:10:34,1.0,,,,
600985.XSHG,2020-06-28,国泰海通证券,,,1,1,2024-06-07 17:55:24,2020-06-28 20:02:29,1.0,,,,
600985.XSHG,2020-06-29,中信证券,11.0000,,1,1,2024-06-07 05:36:09,2020-06-29 16:38:05,1.0,,,,
600985.XSHG,2020-07-01,中信证券,11.0000,,1,1,2024-06-07 05:37:57,2020-07-01 13:03:51,1.0,,,,
600985.XSHG,2020-07-02,中泰证券,,,1,1,2024-06-07 17:59:16,2020-07-03 13:38:01,1.0,,,,
600985.XSHG,2020-07-05,中泰证券,,,1,1,2024-06-07 17:54:47,2020-07-05 09:56:31,1.0,,,,
600985.XSHG,2020-07-05,兴业证券,,,2,1,2024-06-07 17:54:51,2020-07-06 14:44:34,2.0,,,,
600985.XSHG,2020-07-05,国泰海通证券,,,1,1,2024-06-07 17:58:46,2020-07-05 17:57:44,1.0,,,,
600985.XSHG,2020-07-05,中信证券,11.0000,,1,1,2024-06-07 05:37:49,2020-07-05 14:39:35,1.0,,,,
600985.XSHG,2020-07-06,中信证券,11.0000,,1,1,2024-06-07 05:36:30,2020-07-06 12:16:23,1.0,,,,
600985.XSHG,2020-07-12,兴业证券,,,2,1,2024-06-07 17:53:40,2020-07-12 16:13:26,2.0,,,,
600985.XSHG,2020-07-12,国泰海通证券,,,1,1,2024-06-07 17:53:54,2020-07-13 11:55:51,1.0,,,,
600985.XSHG,2020-07-12,中信证券,11.0000,,1,1,2024-06-07 05:36:32,2020-07-12 13:04:40,1.0,,,,
600985.XSHG,2020-07-12,华创证券,,,1,1,2024-06-07 17:57:53,2020-07-13 14:56:53,1.0,,,,
600985.XSHG,2020-07-12,中泰证券,,,1,1,2024-06-07 17:58:39,2020-07-12 13:09:29,1.0,,,,
600985.XSHG,2020-07-14,中信证券,11.0000,,1,1,2024-06-07 05:36:21,2020-07-14 14:06:54,1.0,,,,
600985.XSHG,2020-07-16,中泰证券,,,1,1,2024-06-07 17:53:51,2020-07-17 13:29:43,1.0,,,,
600985.XSHG,2020-07-17,中泰证券,,,1,1,2024-06-07 18:00:19,2020-07-19 15:19:32,1.0,,,,
600985.XSHG,2020-07-19,国泰海通证券,,,1,1,2024-06-07 17:55:02,2020-07-21 14:27:21,1.0,,,,
600985.XSHG,2020-07-19,中信证券,11.0000,,1,1,2024-06-07 05:37:32,2020-07-19 17:14:16,1.0,,,,
600985.XSHG,2020-07-25,中泰证券,,,1,1,2024-06-07 17:55:53,2020-07-26 13:35:30,1.0,,,,
600985.XSHG,2020-07-25,兴业证券,,,2,1,2024-06-07 17:57:33,2020-07-29 13:01:46,2.0,,,,
600985.XSHG,2020-07-26,国泰海通证券,,,1,1,2024-06-07 17:59:17,2020-07-27 15:40:38,1.0,,,,
600985.XSHG,2020-07-26,中信证券,11.0000,,1,1,2024-06-07 05:37:54,2020-07-27 10:57:11,1.0,,,,
600985.XSHG,2020-08-02,国泰海通证券,,,1,1,2024-06-07 17:56:24,2020-08-03 16:52:21,1.0,,,,
600985.XSHG,2020-08-02,中信证券,11.0000,,1,1,2024-06-07 05:38:07,2020-08-02 13:14:01,1.0,,,,
600985.XSHG,2020-08-07,中泰证券,,,1,1,2024-06-07 17:59:53,2020-08-09 11:51:28,1.0,,,,
600985.XSHG,2020-08-09,中信证券,11.0000,,1,1,2024-06-07 05:37:34,2020-08-09 15:26:10,1.0,,,,
600985.XSHG,2020-08-09,国泰海通证券,,,1,1,2024-06-07 17:59:58,2020-08-09 14:50:12,1.0,,,,
600985.XSHG,2020-08-09,兴业证券,,,2,1,2024-06-07 18:00:17,2020-08-10 14:42:14,2.0,,,,
600985.XSHG,2020-08-16,中信证券,11.0000,,1,1,2024-06-07 05:37:25,2020-08-16 17:13:12,1.0,,,,
600985.XSHG,2020-08-16,国泰海通证券,,,1,1,2024-06-07 17:58:13,2020-08-16 17:32:04,1.0,,,,
600985.XSHG,2020-08-16,中泰证券,,,1,1,2024-06-07 17:59:43,2020-08-17 11:20:07,1.0,,,,
600985.XSHG,2020-08-17,国投证券,12.4800,M06,1,1,2024-06-07 05:37:51,2020-08-18 13:48:28,1.0,12.48,,,
600985.XSHG,2020-08-18,华创证券,12.9600,M06,1,1,2024-06-07 05:36:11,2020-08-19 11:28:09,1.0,12.96,,,
600985.XSHG,2020-08-18,中信证券,11.0000,,1,1,2024-06-07 05:37:08,2020-08-18 16:31:02,1.0,,,,
600985.XSHG,2020-08-18,海通证券,14.0100,M06,2,1,2024-06-07 05:37:28,2020-08-18 10:50:14,2.0,14.01,,,
600985.XSHG,2020-08-19,中信证券,12.0000,M06,1,1,2024-06-07 05:37:35,2020-08-19 14:25:10,1.0,12.0,,,
600985.XSHG,2020-08-19,长江证券,,,1,1,2024-06-07 17:59:01,2020-08-19 12:59:24,1.0,,,,
600985.XSHG,2020-08-19,中泰证券,,,1,1,2024-06-07 18:00:44,2020-08-20 11:13:27,1.0,,,,
600985.XSHG,2020-08-22,中泰证券,,,1,1,2024-06-07 18:00:28,2020-08-23 12:05:54,1.0,,,,
600985.XSHG,2020-08-23,兴业证券,,,2,1,2024-06-07 17:54:23,2020-08-24 13:04:52,2.0,,,,
600985.XSHG,2020-08-23,中信证券,12.0000,,1,1,2024-06-07 05:36:48,2020-08-23 16:24:15,1.0,,,,
600985.XSHG,2020-08-23,国泰海通证券,,,1,1,2024-06-07 17:57:57,2020-08-23 16:19:54,1.0,,,,
600985.XSHG,2020-08-30,兴业证券,,,2,1,2024-06-07 17:53:09,2020-08-30 15:36:24,2.0,,,,
600985.XSHG,2020-08-30,国泰海通证券,,,1,1,2024-06-07 17:53:24,2020-08-30 16:07:31,1.0,,,,
600985.XSHG,2020-08-30,中信证券,12.0000,,1,1,2024-06-07 05:36:38,2020-08-30 12:01:52,1.0,,,,
600985.XSHG,2020-09-01,中信证券,12.0000,,1,1,2024-06-07 05:36:06,2020-09-01 15:27:44,1.0,,,,
600985.XSHG,2020-09-02,中泰证券,,,1,1,2024-06-07 17:57:22,2020-09-02 11:49:48,1.0,,,,
600985.XSHG,2020-09-05,中泰证券,,,1,1,2024-06-07 17:54:42,2020-09-06 15:23:11,1.0,,,,
600985.XSHG,2020-09-06,中信证券,12.0000,,1,1,2024-06-07 05:36:59,2020-09-06 16:10:19,1.0,,,,
600985.XSHG,2020-09-06,国泰海通证券,,,1,1,2024-06-07 17:58:07,2020-09-06 12:34:03,1.0,,,,
600985.XSHG,2020-09-07,中泰证券,,,1,1,2024-06-07 17:55:41,2020-09-08 14:32:11,1.0,,,,
600985.XSHG,2020-09-08,中泰证券,,,1,1,2024-06-07 17:57:00,2020-09-09 09:56:15,1.0,,,,
600985.XSHG,2020-09-09,中信证券,12.0000,,1,1,2024-06-07 05:37:46,2020-09-09 11:06:58,1.0,,,,
600985.XSHG,2020-09-09,国盛证券,15.5000,M06,1,1,2024-06-07 05:37:49,2020-09-09 10:34:19,1.0,15.5,,,
600985.XSHG,2020-09-11,中信证券,14.9000,M06,1,1,2024-06-07 05:36:49,2020-09-11 15:29:04,1.0,14.9,,,
600985.XSHG,2020-09-12,中泰证券,,,1,1,2024-06-07 17:56:35,2020-09-13 14:59:24,1.0,,,,
600985.XSHG,2020-09-13,中信证券,12.0000,,1,1,2024-06-07 05:36:37,2020-09-13 16:40:20,1.0,,,,
600985.XSHG,2020-09-13,兴业证券,,,2,1,2024-06-07 17:58:11,2020-09-15 13:03:43,2.0,,,,
600985.XSHG,2020-09-13,国泰海通证券,,,1,1,2024-06-07 17:58:22,2020-09-14 13:49:19,1.0,,,,
600985.XSHG,2020-09-15,中泰证券,,,1,1,2024-06-07 17:59:57,2020-09-17 13:21:46,1.0,,,,
600985.XSHG,2020-09-19,中泰证券,,,1,1,2024-06-07 17:56:57,2020-09-20 09:56:27,1.0,,,,
600985.XSHG,2020-09-20,中信证券,,,1,1,2024-06-07 17:57:29,2020-09-20 13:13:30,1.0,,,,
600985.XSHG,2020-09-20,国泰海通证券,,,1,1,2024-06-07 17:59:16,2020-09-21 16:34:44,1.0,,,,
600985.XSHG,2020-09-22,国泰海通证券,,,1,1,2024-06-07 17:57:21,2020-09-22 14:15:27,1.0,,,,
600985.XSHG,2020-09-27,兴业证券,,,2,1,2024-06-07 17:53:18,2020-09-28 17:48:32,2.0,,,,
600985.XSHG,2020-09-27,华创证券,,,1,1,2024-06-07 17:56:36,2020-09-28 17:12:59,1.0,,,,
600985.XSHG,2020-09-27,中泰证券,,,1,1,2024-06-07 17:57:28,2020-09-27 16:33:30,1.0,,,,
600985.XSHG,2020-09-27,国泰海通证券,,,1,1,2024-06-07 17:58:50,2020-09-28 12:37:11,1.0,,,,
600985.XSHG,2020-09-30,中信证券,,,1,1,2024-06-07 17:54:00,2020-09-30 12:09:29,1.0,,,,
600985.XSHG,2020-10-09,中泰证券,,,1,1,2024-06-07 18:01:01,2020-10-11 09:41:43,1.0,,,,
600985.XSHG,2020-10-11,兴业证券,,,2,1,2024-06-07 17:54:49,2020-10-12 12:01:43,2.0,,,,
600985.XSHG,2020-10-11,国泰海通证券,,,1,1,2024-06-07 17:56:36,2020-10-11 16:22:20,1.0,,,,
600985.XSHG,2020-10-11,中信证券,14.9000,,1,1,2024-06-07 05:37:49,2020-10-11 16:43:25,1.0,,,,
600985.XSHG,2020-10-11,中泰证券,,,1,1,2024-06-07 18:00:22,2020-10-11 16:59:16,1.0,,,,
600985.XSHG,2020-10-18,中泰证券,,,1,1,2024-06-07 17:55:56,2020-10-18 18:03:51,1.0,,,,
600985.XSHG,2020-10-18,中信证券,14.9000,,1,1,2024-06-07 05:36:57,2020-10-18 13:31:29,1.0,,,,
600985.XSHG,2020-10-18,国泰海通证券,,,1,1,2024-06-07 17:57:22,2020-10-18 13:58:26,1.0,,,,
600985.XSHG,2020-10-19,国投证券,12.4800,M06,1,1,2024-06-07 05:36:48,2020-10-20 11:00:54,1.0,12.48,,,
600985.XSHG,2020-10-19,国盛证券,15.5000,M06,1,1,2024-06-07 05:37:09,2020-10-20 13:58:32,1.0,15.5,,,
600985.XSHG,2020-10-19,兴业证券,,,2,1,2024-06-07 17:58:52,2020-10-19 12:02:34,2.0,,,,
600985.XSHG,2020-10-20,中信证券,15.4000,M06,1,1,2024-06-07 05:36:17,2020-10-21 10:40:27,1.0,15.4,,,
600985.XSHG,2020-10-20,国泰海通证券,14.0000,M06,1,1,2024-06-07 05:36:34,2020-10-20 16:53:45,1.0,14.0,,,
600985.XSHG,2020-10-20,长江证券,,,1,1,2024-06-07 17:57:03,2020-10-22 10:26:28,1.0,,,,
600985.XSHG,2020-10-20,中泰证券,,,1,1,2024-06-07 17:58:10,2020-10-20 13:58:52,1.0,,,,
600985.XSHG,2020-10-20,海通证券,14.0100,M06,2,1,2024-06-07 05:37:45,2020-10-20 12:20:50,2.0,14.01,,,
600985.XSHG,2020-10-24,中泰证券,,,1,1,2024-06-07 17:57:48,2020-10-25 14:12:07,1.0,,,,
600985.XSHG,2020-10-25,中泰证券,,,1,1,2024-06-07 17:55:49,2020-10-26 13:20:56,1.0,,,,
600985.XSHG,2020-10-25,国泰海通证券,,,1,1,2024-06-07 17:59:19,2020-10-26 17:58:09,1.0,,,,
600985.XSHG,2020-10-25,中信证券,15.4000,,1,1,2024-06-07 05:37:56,2020-10-25 17:03:33,1.0,,,,
600985.XSHG,2020-10-31,中泰证券,,,1,1,2024-06-07 18:00:40,2020-11-02 20:27:32,1.0,,,,
600985.XSHG,2020-11-01,兴业证券,,,2,1,2024-06-07 17:54:05,2020-11-02 21:56:14,2.0,,,,
600985.XSHG,2020-11-01,国泰海通证券,,,1,1,2024-06-07 17:57:06,2020-11-02 13:03:45,1.0,,,,
600985.XSHG,2020-11-01,中泰证券,,,1,1,2024-06-07 17:58:27,2020-11-02 20:25:20,1.0,,,,
600985.XSHG,2020-11-01,中信证券,,,1,1,2024-06-07 17:58:32,2020-11-02 12:43:57,1.0,,,,
600985.XSHG,2020-11-02,国泰海通证券,,,1,1,2024-06-07 17:52:54,2020-11-02 17:33:11,1.0,,,,
600985.XSHG,2020-11-03,中信证券,15.4000,,1,1,2024-06-07 05:36:40,2020-11-03 16:54:01,1.0,,,,
600985.XSHG,2020-11-04,长江证券,,,1,1,2024-06-07 17:56:27,2020-11-05 12:10:09,1.0,,,,
600985.XSHG,2020-11-08,兴业证券,,,2,1,2024-06-07 17:54:15,2020-11-09 14:22:44,2.0,,,,
600985.XSHG,2020-11-08,国泰海通证券,,,1,1,2024-06-07 17:54:35,2020-11-08 16:06:46,1.0,,,,
600985.XSHG,2020-11-08,中信证券,15.4000,,1,1,2024-06-07 05:36:45,2020-11-08 15:39:49,1.0,,,,
600985.XSHG,2020-11-08,中泰证券,,,1,1,2024-06-07 17:59:00,2020-11-09 11:25:53,1.0,,,,
600985.XSHG,2020-11-09,中泰证券,,,1,1,2024-06-07 17:54:03,2020-11-09 11:53:35,1.0,,,,
600985.XSHG,2020-11-10,中信证券,,,1,1,2024-06-07 17:53:09,2020-11-10 11:27:19,1.0,,,,
600985.XSHG,2020-11-11,中泰证券,,,1,1,2024-06-07 17:53:18,2020-11-12 13:18:21,1.0,,,,
600985.XSHG,2020-11-15,中信证券,15.4000,,1,1,2024-06-07 05:36:08,2020-11-16 16:45:41,1.0,,,,
600985.XSHG,2020-11-15,国泰海通证券,,,1,1,2024-06-07 17:53:51,2020-11-15 14:48:41,1.0,,,,
600985.XSHG,2020-11-15,中泰证券,,,1,1,2024-06-07 17:59:37,2020-11-16 10:58:20,1.0,,,,
600985.XSHG,2020-11-16,中泰证券,,,1,1,2024-06-07 17:55:48,2020-11-17 16:55:59,1.0,,,,
600985.XSHG,2020-11-16,国泰海通证券,,,1,1,2024-06-07 17:57:49,2020-11-16 14:39:12,1.0,,,,
600985.XSHG,2020-11-16,国盛证券,,,1,1,2024-06-07 17:59:00,2020-11-17 15:33:42,1.0,,,,
600985.XSHG,2020-11-16,华创证券,,,1,1,2024-06-07 18:00:20,2020-11-25 09:53:14,1.0,,,,
600985.XSHG,2020-11-17,中信证券,15.4000,,1,1,2024-06-07 05:36:46,2020-11-17 13:53:28,1.0,,,,
600985.XSHG,2020-11-18,国盛证券,15.5000,M06,1,1,2024-06-07 05:36:20,2020-11-18 09:36:42,1.0,15.5,,,
600985.XSHG,2020-11-21,中泰证券,,,1,1,2024-06-07 17:54:09,2020-11-22 12:29:24,1.0,,,,
600985.XSHG,2020-11-22,中泰证券,,,1,1,2024-06-07 17:52:39,2020-11-23 10:40:33,1.0,,,,
600985.XSHG,2020-11-22,兴业证券,,,2,1,2024-06-07 17:56:55,2020-11-23 18:06:39,2.0,,,,
600985.XSHG,2020-11-22,国泰海通证券,,,1,1,2024-06-07 17:58:41,2020-11-22 12:27:18,1.0,,,,
600985.XSHG,2020-11-22,中信证券,15.4000,,1,1,2024-06-07 05:38:01,2020-11-22 17:37:52,1.0,,,,
600985.XSHG,2020-11-23,华创证券,,,1,1,2024-06-07 17:55:57,2020-12-01 14:47:18,1.0,,,,
600985.XSHG,2020-11-23,中泰证券,,,1,1,2024-06-07 18:01:14,2020-11-24 17:35:01,1.0,,,,
600985.XSHG,2020-11-24,中泰证券,,,1,1,2024-06-07 18:00:47,2020-11-25 10:07:12,1.0,,,,
600985.XSHG,2020-11-29,中泰证券,,,1,1,2024-06-07 17:52:44,2020-11-30 11:51:14,1.0,,,,
600985.XSHG,2020-11-29,中信证券,15.4000,,1,1,2024-06-07 05:37:02,2020-11-29 17:10:07,1.0,,,,
600985.XSHG,2020-11-29,国泰海通证券,,,1,1,2024-06-07 17:57:31,2020-11-29 17:55:58,1.0,,,,
600985.XSHG,2020-11-30,中信证券,15.4000,,1,1,2024-06-07 05:36:15,2020-11-30 17:51:44,1.0,,,,
600985.XSHG,2020-12-06,华创证券,,,1,1,2024-06-07 17:52:55,2020-12-07 12:07:48,1.0,,,,
600985.XSHG,2020-12-06,国泰海通证券,,,1,1,2024-06-07 17:53:16,2020-12-07 11:43:07,1.0,,,,
600985.XSHG,2020-12-06,兴业证券,,,2,1,2024-06-07 17:55:47,2020-12-06 15:47:50,2.0,,,,
600985.XSHG,2020-12-06,中信证券,15.4000,,1,1,2024-06-07 05:37:17,2020-12-06 12:29:27,1.0,,,,
600985.XSHG,2020-12-06,中泰证券,,,1,1,2024-06-07 17:57:39,2020-12-07 10:52:35,1.0,,,,
600985.XSHG,2020-12-07,华金证券,,,1,1,2024-06-07 17:53:02,2020-12-07 17:37:13,1.0,,,,
600985.XSHG,2020-12-13,兴业证券,,,2,1,2024-06-07 17:52:40,2020-12-14 11:51:37,2.0,,,,
600985.XSHG,2020-12-13,中泰证券,,,1,1,2024-06-07 17:55:14,2020-12-14 11:23:36,1.0,,,,
600985.XSHG,2020-12-13,国泰海通证券,,,1,1,2024-06-07 17:57:59,2020-12-14 13:17:42,1.0,,,,
600985.XSHG,2020-12-13,华创证券,,,1,1,2024-06-07 17:58:38,2020-12-14 10:45:28,1.0,,,,
600985.XSHG,2020-12-14,国泰海通证券,,,1,1,2024-06-07 17:59:56,2020-12-14 11:12:38,1.0,,,,
600985.XSHG,2020-12-15,申万宏源,15.1000,M06,1,1,2024-06-07 05:38:14,2020-12-16 11:48:27,1.0,15.1,,,
600985.XSHG,2020-12-17,国盛证券,,,1,1,2024-06-07 17:55:34,2020-12-17 10:07:53,1.0,,,,
600985.XSHG,2020-12-19,中泰证券,,,1,1,2024-06-07 17:53:01,2020-12-20 13:19:40,1.0,,,,
600985.XSHG,2020-12-20,国泰海通证券,,,1,1,2024-06-07 17:54:20,2020-12-20 14:58:09,1.0,,,,
600985.XSHG,2020-12-20,中泰证券,,,1,1,2024-06-07 17:54:39,2020-12-21 11:01:48,1.0,,,,
600985.XSHG,2020-12-20,中信证券,15.4000,,1,1,2024-06-07 05:36:42,2020-12-20 17:02:56,1.0,,,,
600985.XSHG,2020-12-20,兴业证券,,,2,1,2024-06-07 17:59:49,2020-12-20 17:53:04,2.0,,,,
600985.XSHG,2020-12-20,华创证券,,,1,1,2024-06-07 18:00:29,2020-12-21 16:09:32,1.0,,,,
600985.XSHG,2020-12-23,开源证券,,,1,1,2024-06-07 17:53:02,2020-12-23 16:24:15,1.0,,,,
600985.XSHG,2020-12-25,国盛证券,15.5000,M06,1,1,2024-06-07 05:37:42,2020-12-25 14:55:57,1.0,15.5,,,
600985.XSHG,2020-12-27,国泰海通证券,,,1,1,2024-06-07 17:55:25,2020-12-28 10:42:24,1.0,,,,
600985.XSHG,2020-12-27,中泰证券,,,1,1,2024-06-07 17:56:28,2020-12-27 16:21:35,1.0,,,,
600985.XSHG,2020-12-27,开源证券,,,1,1,2024-06-07 17:56:56,2020-12-27 15:01:19,1.0,,,,
600985.XSHG,2020-12-27,中信证券,,,1,1,2024-06-07 17:59:18,2020-12-27 12:55:57,1.0,,,,
600985.XSHG,2020-12-28,华创证券,,,1,1,2024-06-07 17:54:12,2020-12-28 13:59:38,1.0,,,,
600985.XSHG,2021-01-03,中信证券,15.4000,,1,1,2024-06-07 05:36:12,2021-01-03 16:45:24,1.0,,,,
600985.XSHG,2021-01-03,兴业证券,,,2,1,2024-06-07 17:53:27,2021-01-03 17:39:24,2.0,,,,
600985.XSHG,2021-01-03,中泰证券,,,1,1,2024-06-07 17:54:06,2021-01-03 17:30:34,1.0,,,,
600985.XSHG,2021-01-03,国泰海通证券,,,1,1,2024-06-07 17:54:13,2021-01-03 16:00:47,1.0,,,,
600985.XSHG,2021-01-03,开源证券,,,1,1,2024-06-07 17:59:55,2021-01-03 17:20:37,1.0,,,,
600985.XSHG,2021-01-09,开源证券,,,1,1,2024-06-07 17:59:22,2021-01-10 10:52:30,1.0,,,,
600985.XSHG,2021-01-10,华创证券,,,1,1,2024-06-07 17:54:16,2021-01-12 11:02:57,1.0,,,,
600985.XSHG,2021-01-10,中信证券,,,1,1,2024-06-07 17:55:31,2021-01-11 12:52:07,1.0,,,,
600985.XSHG,2021-01-10,国泰海通证券,,,1,1,2024-06-07 17:57:53,2021-01-11 11:27:25,1.0,,,,
600985.XSHG,2021-01-10,中泰证券,,,1,1,2024-06-07 17:58:41,2021-01-11 13:09:26,1.0,,,,
600985.XSHG,2021-01-16,开源证券,,,1,1,2024-06-07 17:55:27,2021-01-17 11:23:35,1.0,,,,
600985.XSHG,2021-01-16,中泰证券,,,1,1,2024-06-07 17:56:39,2021-01-17 16:53:37,1.0,,,,
600985.XSHG,2021-01-17,兴业证券,,,2,1,2024-06-07 17:52:58,2021-01-18 15:51:04,2.0,,,,
600985.XSHG,2021-01-17,国泰海通证券,,,1,1,2024-06-07 17:54:59,2021-01-18 12:56:42,1.0,,,,
600985.XSHG,2021-01-17,华创证券,,,1,1,2024-06-07 17:58:11,2021-01-18 10:53:47,1.0,,,,
600985.XSHG,2021-01-17,中信证券,,,1,1,2024-06-07 17:58:46,2021-01-17 13:32:59,1.0,,,,
600985.XSHG,2021-01-17,中泰证券,,,1,1,2024-06-07 18:00:15,2021-01-18 12:56:42,1.0,,,,
600985.XSHG,2021-01-19,中泰证券,,,1,1,2024-06-07 17:59:50,2021-01-21 17:11:29,1.0,,,,
600985.XSHG,2021-01-22,长江证券,,,1,1,2024-06-07 17:53:05,2021-01-22 17:28:51,1.0,,,,
600985.XSHG,2021-01-22,中信证券,,,1,1,2024-06-07 17:59:22,2021-01-22 11:51:57,1.0,,,,
600985.XSHG,2021-01-23,开源证券,,,1,1,2024-06-07 17:58:13,2021-01-24 09:45:43,1.0,,,,
600985.XSHG,2021-01-24,兴业证券,,,2,1,2024-06-07 17:53:11,2021-01-24 15:37:45,2.0,,,,
600985.XSHG,2021-01-24,中信证券,15.4000,,1,1,2024-06-07 05:36:38,2021-01-24 13:51:12,1.0,,,,
600985.XSHG,2021-01-24,中泰证券,,,1,1,2024-06-07 17:55:15,2021-01-24 14:34:26,1.0,,,,
600985.XSHG,2021-01-24,国泰海通证券,,,1,1,2024-06-07 17:57:02,2021-01-25 17:23:22,1.0,,,,
600985.XSHG,2021-01-24,华创证券,,,1,1,2024-06-07 17:59:39,2021-01-25 15:03:08,1.0,,,,
600985.XSHG,2021-01-26,中信证券,,,1,1,2024-06-07 17:55:42,2021-01-26 10:38:05,1.0,,,,
600985.XSHG,2021-01-26,国泰海通证券,16.4700,M06,1,1,2024-06-07 05:37:24,2021-01-27 10:15:53,1.0,16.47,,,
600985.XSHG,2021-01-29,国盛证券,15.5000,M06,1,1,2024-06-07 05:37:42,2021-01-29 14:57:42,1.0,15.5,,,
600985.XSHG,2021-01-29,中信证券,,,1,1,2024-06-07 17:59:57,2021-01-29 16:23:49,1.0,,,,
600985.XSHG,2021-01-30,开源证券,,,1,1,2024-06-07 17:57:53,2021-01-31 12:12:40,1.0,,,,
600985.XSHG,2021-01-31,国泰海通证券,,,1,1,2024-06-07 17:54:03,2021-02-01 18:37:58,1.0,,,,
600985.XSHG,2021-01-31,华创证券,,,1,1,2024-06-07 17:56:14,2021-02-01 11:01:19,1.0,,,,
600985.XSHG,2021-01-31,中信证券,15.4000,,1,1,2024-06-07 05:37:22,2021-01-31 16:25:09,1.0,,,,
600985.XSHG,2021-01-31,兴业证券,,,2,1,2024-06-07 17:59:22,2021-02-01 16:27:35,2.0,,,,
600985.XSHG,2021-01-31,中泰证券,,,1,1,2024-06-07 18:00:49,2021-02-02 13:12:06,1.0,,,,
600985.XSHG,2021-02-05,申万宏源,,,1,1,2024-06-07 17:54:00,2021-02-07 12:47:45,1.0,,,,
600985.XSHG,2021-02-07,中信证券,,,1,1,2024-06-07 17:55:24,2021-02-07 15:34:14,1.0,,,,
600985.XSHG,2021-02-07,国泰海通证券,,,1,1,2024-06-07 17:56:34,2021-02-08 10:36:20,1.0,,,,
600985.XSHG,2021-02-07,兴业证券,,,2,1,2024-06-07 17:59:40,2021-02-08 12:59:25,2.0,,,,
600985.XSHG,2021-02-08,华创证券,,,1,1,2024-06-07 17:57:59,2021-02-09 10:29:19,1.0,,,,
600985.XSHG,2021-02-17,国泰海通证券,,,1,1,2024-06-07 17:58:03,2021-02-18 12:46:56,1.0,,,,
600985.XSHG,2021-02-18,中信证券,15.4000,,1,1,2024-06-07 05:37:03,2021-02-18 12:09:09,1.0,,,,
600985.XSHG,2021-02-20,开源证券,,,1,1,2024-06-07 17:53:29,2021-02-21 10:32:01,1.0,,,,
600985.XSHG,2021-02-20,国泰海通证券,,,1,1,2024-06-07 17:55:31,2021-02-21 09:05:34,1.0,,,,
600985.XSHG,2021-02-21,兴业证券,,,2,1,2024-06-07 18:00:12,2021-02-21 13:38:28,2.0,,,,
600985.XSHG,2021-02-25,国盛证券,,,1,1,2024-06-07 17:56:54,2021-02-25 15:26:41,1.0,,,,
600985.XSHG,2021-02-27,开源证券,,,1,1,2024-06-07 17:55:22,2021-02-28 13:53:15,1.0,,,,
600985.XSHG,2021-02-27,申万宏源,,,1,1,2024-06-07 17:58:53,2021-02-28 13:33:27,1.0,,,,
600985.XSHG,2021-02-28,中信证券,15.4000,,1,1,2024-06-07 05:36:10,2021-02-28 13:09:00,1.0,,,,
600985.XSHG,2021-02-28,中泰证券,,,1,1,2024-06-07 17:53:12,2021-03-01 18:40:39,1.0,,,,
600985.XSHG,2021-02-28,国泰海通证券,,,1,1,2024-06-07 17:56:37,2021-02-28 13:30:42,1.0,,,,
600985.XSHG,2021-02-28,兴业证券,,,2,1,2024-06-07 17:57:22,2021-02-28 16:50:49,2.0,,,,
600985.XSHG,2021-03-04,广发证券,13.9000,M06,1,1,2024-06-07 05:37:58,2021-03-04 15:49:11,1.0,13.9,,,
600985.XSHG,2021-03-07,国泰海通证券,,,1,1,2024-06-07 17:56:41,2021-03-07 15:47:00,1.0,,,,
600985.XSHG,2021-03-07,中泰证券,,,1,1,2024-06-07 17:57:12,2021-03-08 11:32:14,1.0,,,,
600985.XSHG,2021-03-07,兴业证券,,,2,1,2024-06-07 17:59:32,2021-03-08 14:44:42,2.0,,,,
600985.XSHG,2021-03-07,广发证券,13.9000,,1,1,2024-06-07 05:37:55,2021-03-08 13:13:26,1.0,,,,
600985.XSHG,2021-03-13,开源证券,,,1,1,2024-06-07 17:57:14,2021-03-14 09:13:31,1.0,,,,
600985.XSHG,2021-03-13,中泰证券,,,1,1,2024-06-07 17:57:52,2021-03-14 16:22:05,1.0,,,,
600985.XSHG,2021-03-13,申万宏源,,,1,1,2024-06-07 18:00:54,2021-03-14 14:01:21,1.0,,,,
600985.XSHG,2021-03-13,国泰海通证券,,,1,1,2024-06-07 18:01:02,2021-03-14 14:21:39,1.0,,,,
600985.XSHG,2021-03-14,中信证券,15.4000,,1,1,2024-06-07 05:36:45,2021-03-14 14:37:10,1.0,,,,
600985.XSHG,2021-03-14,兴业证券,,,2,1,2024-06-07 17:58:56,2021-03-15 11:56:40,2.0,,,,
600985.XSHG,2021-03-14,国泰海通证券,,,1,1,2024-06-07 17:59:41,2021-03-15 11:42:57,1.0,,,,
600985.XSHG,2021-03-14,广发证券,13.9000,,1,1,2024-06-07 05:38:03,2021-03-15 11:58:03,1.0,,,,
600985.XSHG,2021-03-16,中泰证券,,,1,1,2024-06-07 17:59:48,2021-03-17 13:49:05,1.0,,,,
600985.XSHG,2021-03-21,兴业证券,,,2,1,2024-06-07 17:54:46,2021-03-22 10:57:45,2.0,,,,
600985.XSHG,2021-03-21,中信证券,15.4000,,1,1,2024-06-07 05:36:43,2021-03-21 15:10:07,1.0,,,,
600985.XSHG,2021-03-21,广发证券,13.9000,,1,1,2024-06-07 05:36:53,2021-03-21 17:41:36,1.0,,,,
600985.XSHG,2021-03-21,中泰证券,,,1,1,2024-06-07 18:00:44,2021-03-22 11:43:12,1.0,,,,
600985.XSHG,2021-03-27,开源证券,,,1,1,2024-06-07 17:56:02,2021-03-28 13:51:53,1.0,,,,
600985.XSHG,2021-03-27,申万宏源,,,1,1,2024-06-07 17:57:56,2021-03-28 15:13:41,1.0,,,,
600985.XSHG,2021-03-28,国泰海通证券,16.4700,M06,1,1,2024-06-07 05:36:55,2021-03-29 10:04:37,1.0,16.47,,,
600985.XSHG,2021-03-28,广发证券,13.9000,,1,1,2024-06-07 05:36:56,2021-03-29 16:47:19,1.0,,,,
600985.XSHG,2021-03-28,长江证券,,,1,1,2024-06-07 17:57:28,2021-03-29 14:41:41,1.0,,,,
600985.XSHG,2021-03-28,国投证券,15.2000,M06,1,1,2024-06-07 05:37:38,2021-03-28 15:22:17,1.0,15.2,,,
600985.XSHG,2021-03-28,兴业证券,,,2,1,2024-06-07 17:58:52,2021-03-29 15:27:28,2.0,,,,
600985.XSHG,2021-03-28,中信证券,15.4000,,1,1,2024-06-07 05:37:53,2021-03-28 16:15:37,1.0,,,,
600985.XSHG,2021-03-28,中泰证券,,,1,1,2024-06-07 18:00:01,2021-03-28 16:18:50,1.0,,,,
600985.XSHG,2021-03-28,国盛证券,15.5000,M06,1,1,2024-06-07 05:38:00,2021-03-29 18:35:40,1.0,15.5,,,
600985.XSHG,2021-03-28,开源证券,,,1,1,2024-06-07 18:01:15,2021-03-29 15:02:43,1.0,,,,
600985.XSHG,2021-03-29,中信证券,14.5000,M06,1,1,2024-06-07 05:36:08,2021-03-29 10:59:09,1.0,14.5,,,
600985.XSHG,2021-03-29,中泰证券,,,1,1,2024-06-07 17:57:00,2021-03-30 18:01:51,1.0,,,,
600985.XSHG,2021-03-31,兴业证券,,,2,1,2024-06-07 17:58:32,2021-04-01 15:59:26,2.0,,,,
600985.XSHG,2021-04-01,长江证券,,,1,1,2024-06-07 17:53:40,2021-04-05 13:45:23,1.0,,,,
600985.XSHG,2021-04-01,海通证券,15.2500,M06,2,1,2024-06-07 05:36:50,2021-04-01 10:12:24,2.0,15.25,,,
600985.XSHG,2021-04-05,兴业证券,,,2,1,2024-06-07 17:52:58,2021-04-05 17:25:07,2.0,,,,
600985.XSHG,2021-04-05,广发证券,13.9000,,1,1,2024-06-07 05:38:01,2021-04-06 13:06:57,1.0,,,,
600985.XSHG,2021-04-06,中信证券,14.5000,,1,1,2024-06-07 05:37:38,2021-04-06 13:07:38,1.0,,,,
600985.XSHG,2021-04-10,开源证券,,,1,1,2024-06-07 17:53:58,2021-04-11 11:10:39,1.0,,,,
600985.XSHG,2021-04-11,广发证券,13.9000,,1,1,2024-06-07 05:36:09,2021-04-12 14:22:11,1.0,,,,
600985.XSHG,2021-04-11,兴业证券,,,2,1,2024-06-07 17:57:35,2021-04-12 11:17:33,2.0,,,,
600985.XSHG,2021-04-11,国泰海通证券,,,1,1,2024-06-07 17:58:22,2021-04-12 16:07:31,1.0,,,,
600985.XSHG,2021-04-11,中泰证券,,,1,1,2024-06-07 17:58:50,2021-04-12 13:58:24,1.0,,,,
600985.XSHG,2021-04-11,中信证券,14.5000,,1,1,2024-06-07 05:37:40,2021-04-11 13:11:08,1.0,,,,
600985.XSHG,2021-04-17,国盛证券,,,1,1,2024-06-07 17:59:57,2021-04-18 09:42:10,1.0,,,,
600985.XSHG,2021-04-18,中泰证券,,,1,1,2024-06-07 17:57:13,2021-04-19 10:47:41,1.0,,,,
600985.XSHG,2021-04-18,广发证券,13.9000,,1,1,2024-06-07 05:37:45,2021-04-19 16:08:54,1.0,,,,
600985.XSHG,2021-04-19,中信证券,,,1,1,2024-06-07 17:56:14,2021-04-19 15:29:00,1.0,,,,
600985.XSHG,2021-04-19,广发证券,13.9000,,1,1,2024-06-07 05:36:59,2021-04-19 11:59:17,1.0,,,,
600985.XSHG,2021-04-19,开源证券,,,1,1,2024-06-07 17:58:54,2021-04-19 16:07:29,1.0,,,,
600985.XSHG,2021-04-25,兴业证券,,,2,1,2024-06-07 17:54:58,2021-04-25 14:21:59,2.0,,,,
600985.XSHG,2021-04-25,开源证券,,,1,1,2024-06-07 17:58:30,2021-04-25 15:52:35,1.0,,,,
600985.XSHG,2021-04-25,国泰海通证券,,,1,1,2024-06-07 18:00:04,2021-04-25 17:39:29,1.0,,,,
600985.XSHG,2021-04-25,广发证券,13.9000,,1,1,2024-06-07 05:38:04,2021-04-26 11:39:05,1.0,,,,
600985.XSHG,2021-04-25,中泰证券,,,1,1,2024-06-07 18:00:59,2021-04-26 16:19:39,1.0,,,,
600985.XSHG,2021-04-26,中信证券,14.5000,,1,1,2024-06-07 05:36:53,2021-04-26 14:04:46,1.0,,,,
600985.XSHG,2021-04-28,中泰证券,,,1,1,2024-06-07 17:55:22,2021-04-29 10:05:31,1.0,,,,
600985.XSHG,2021-04-28,国投证券,16.2400,M06,1,1,2024-06-07 05:36:50,2021-04-29 19:20:10,1.0,16.24,,,
600985.XSHG,2021-04-29,国泰海通证券,16.4700,M06,1,1,2024-06-07 05:36:28,2021-04-29 11:23:16,1.0,16.47,,,
600985.XSHG,2021-04-29,开源证券,,,1,1,2024-06-07 17:54:44,2021-04-29 20:13:39,1.0,,,,
600985.XSHG,2021-04-29,国盛证券,15.5000,M06,1,1,2024-06-07 05:37:02,2021-04-29 20:21:24,1.0,15.5,,,
600985.XSHG,2021-04-30,长江证券,,,1,1,2024-06-07 17:58:09,2021-05-06 14:44:18,1.0,,,,
600985.XSHG,2021-05-04,国泰海通证券,,,1,1,2024-06-07 17:59:37,2021-05-05 17:25:31,1.0,,,,
600985.XSHG,2021-05-05,国泰海通证券,,,1,1,2024-06-07 17:53:08,2021-05-06 12:25:23,1.0,,,,
600985.XSHG,2021-05-05,国盛证券,,,1,1,2024-06-07 17:54:57,2021-05-05 15:33:58,1.0,,,,
600985.XSHG,2021-05-05,中泰证券,,,1,1,2024-06-07 17:56:35,2021-05-06 12:46:03,1.0,,,,
600985.XSHG,2021-05-09,国盛证券,,,1,1,2024-06-07 17:53:33,2021-05-09 14:15:38,1.0,,,,
600985.XSHG,2021-05-09,兴业证券,,,2,1,2024-06-07 17:55:13,2021-05-09 10:40:01,2.0,,,,
600985.XSHG,2021-05-09,广发证券,13.9000,,1,1,2024-06-07 05:37:12,2021-05-10 18:26:35,1.0,,,,
600985.XSHG,2021-05-10,中信证券,14.5000,,1,1,2024-06-07 05:37:47,2021-05-10 11:55:26,1.0,,,,
600985.XSHG,2021-05-11,开源证券,,,1,1,2024-06-07 17:54:47,2021-05-11 17:03:01,1.0,,,,
600985.XSHG,2021-05-16,中泰证券,,,1,1,2024-06-07 17:54:21,2021-05-17 11:31:54,1.0,,,,
600985.XSHG,2021-05-16,广发证券,13.9000,,1,1,2024-06-07 05:37:44,2021-05-17 14:21:50,1.0,,,,
600985.XSHG,2021-05-18,中泰证券,,,1,1,2024-06-07 17:53:06,2021-05-18 15:20:48,1.0,,,,
600985.XSHG,2021-05-19,中泰证券,,,1,1,2024-06-07 18:01:07,2021-05-21 13:16:40,1.0,,,,
600985.XSHG,2021-05-23,国盛证券,,,1,1,2024-06-07 17:53:48,2021-05-24 13:50:07,1.0,,,,
600985.XSHG,2021-05-23,广发证券,13.9000,,1,1,2024-06-07 05:37:43,2021-05-24 16:00:51,1.0,,,,
600985.XSHG,2021-05-28,国盛证券,,,1,1,2024-06-07 17:58:36,2021-05-28 14:16:30,1.0,,,,
600985.XSHG,2021-05-29,中泰证券,,,1,1,2024-06-07 17:56:09,2021-05-30 17:16:22,1.0,,,,
600985.XSHG,2021-05-30,广发证券,13.9000,,1,1,2024-06-07 05:36:31,2021-05-30 16:56:58,1.0,,,,
600985.XSHG,2021-05-30,兴业证券,,,2,1,2024-06-07 17:55:06,2021-05-31 13:52:00,2.0,,,,
600985.XSHG,2021-05-30,国盛证券,,,1,1,2024-06-07 18:00:00,2021-05-31 12:10:07,1.0,,,,
600985.XSHG,2021-05-30,中信证券,19.9300,,1,1,2024-06-07 05:38:00,2021-05-31 11:23:46,1.0,,,,
600985.XSHG,2021-06-05,开源证券,,,1,1,2024-06-07 17:59:14,2021-06-06 09:10:21,1.0,,,,
600985.XSHG,2021-06-06,国盛证券,,,1,1,2024-06-07 17:56:24,2021-06-06 15:08:00,1.0,,,,
600985.XSHG,2021-06-06,兴业证券,,,2,1,2024-06-07 17:57:11,2021-06-06 15:28:16,2.0,,,,
600985.XSHG,2021-06-06,广发证券,13.9000,,1,1,2024-06-07 05:37:43,2021-06-06 17:26:38,1.0,,,,
600985.XSHG,2021-06-06,国泰海通证券,,,1,1,2024-06-07 17:59:39,2021-06-06 17:16:12,1.0,,,,
600985.XSHG,2021-06-08,国泰海通证券,,,1,1,2024-06-07 18:00:48,2021-06-08 16:51:31,1.0,,,,
600985.XSHG,2021-06-10,中信证券,,,1,1,2024-06-07 17:57:41,2021-06-10 11:12:55,1.0,,,,
600985.XSHG,2021-06-13,兴业证券,,,2,1,2024-06-07 17:58:06,2021-06-14 17:39:23,2.0,,,,
600985.XSHG,2021-06-13,国泰海通证券,,,1,1,2024-06-07 17:59:30,2021-06-14 17:38:08,1.0,,,,
600985.XSHG,2021-06-13,中泰证券,,,1,1,2024-06-07 18:00:14,2021-06-15 16:38:07,1.0,,,,
600985.XSHG,2021-06-14,国盛证券,,,1,1,2024-06-07 17:58:12,2021-06-15 16:24:40,1.0,,,,
600985.XSHG,2021-06-14,中泰证券,,,1,1,2024-06-07 17:59:08,2021-06-15 15:35:21,1.0,,,,
600985.XSHG,2021-06-14,广发证券,13.9000,,1,1,2024-06-07 05:37:46,2021-06-15 13:15:43,1.0,,,,
600985.XSHG,2021-06-15,中信证券,,,1,1,2024-06-07 18:00:40,2021-06-15 15:24:58,1.0,,,,
600985.XSHG,2021-06-18,广发证券,13.9000,,1,1,2024-06-07 05:36:24,2021-06-18 14:29:08,1.0,,,,
600985.XSHG,2021-06-19,开源证券,,,1,1,2024-06-07 17:53:02,2021-06-20 09:22:25,1.0,,,,
600985.XSHG,2021-06-19,兴业证券,,,2,1,2024-06-07 18:00:43,2021-06-20 10:28:31,2.0,,,,
600985.XSHG,2021-06-20,国泰海通证券,,,1,1,2024-06-07 17:55:37,2021-06-21 10:10:08,1.0,,,,
600985.XSHG,2021-06-20,中泰证券,,,1,1,2024-06-07 17:58:41,2021-06-21 10:59:27,1.0,,,,
600985.XSHG,2021-06-25,兴业证券,,,2,1,2024-06-07 17:54:22,2021-06-25 15:02:35,2.0,,,,
600985.XSHG,2021-06-27,中泰证券,,,1,1,2024-06-07 17:56:43,2021-06-28 12:55:19,1.0,,,,
600985.XSHG,2021-07-03,中泰证券,,,1,1,2024-06-07 17:55:55,2021-07-04 16:23:01,1.0,,,,
600985.XSHG,2021-07-04,兴业证券,,,2,1,2024-06-07 17:55:53,2021-07-04 16:11:02,2.0,,,,
600985.XSHG,2021-07-04,广发证券,13.9000,,1,1,2024-06-07 05:37:31,2021-07-06 09:41:46,1.0,,,,
600985.XSHG,2021-07-04,国泰海通证券,,,1,1,2024-06-07 17:59:14,2021-07-04 11:00:11,1.0,,,,
600985.XSHG,2021-07-04,国盛证券,,,1,1,2024-06-07 18:00:21,2021-07-05 14:42:50,1.0,,,,
600985.XSHG,2021-07-06,中信证券,,,1,1,2024-06-07 17:59:16,2021-07-06 17:04:06,1.0,,,,
600985.XSHG,2021-07-10,中泰证券,,,1,1,2024-06-07 17:52:41,2021-07-12 10:49:39,1.0,,,,
600985.XSHG,2021-07-10,国泰海通证券,,,1,1,2024-06-07 17:56:43,2021-07-11 10:12:15,1.0,,,,
600985.XSHG,2021-07-11,广发证券,13.9000,,1,1,2024-06-07 05:36:09,2021-07-13 10:49:11,1.0,,,,
600985.XSHG,2021-07-11,兴业证券,,,2,1,2024-06-07 17:53:06,2021-07-11 17:50:25,2.0,,,,
600985.XSHG,2021-07-11,国泰海通证券,,,1,1,2024-06-07 17:53:57,2021-07-11 17:55:06,1.0,,,,
600985.XSHG,2021-07-11,国盛证券,,,1,1,2024-06-07 17:56:24,2021-07-12 10:56:23,1.0,,,,
600985.XSHG,2021-07-11,开源证券,,,1,1,2024-06-07 17:57:55,2021-07-11 17:51:58,1.0,,,,
600985.XSHG,2021-07-15,中泰证券,,,1,1,2024-06-07 17:57:02,2021-07-16 12:11:49,1.0,,,,
600985.XSHG,2021-07-18,国盛证券,,,1,1,2024-06-07 17:53:26,2021-07-19 10:11:10,1.0,,,,
600985.XSHG,2021-07-18,广发证券,13.9000,,1,1,2024-06-07 05:36:30,2021-07-20 11:06:39,1.0,,,,
600985.XSHG,2021-07-18,国泰海通证券,,,1,1,2024-06-07 17:54:23,2021-07-20 14:49:55,1.0,,,,
600985.XSHG,2021-07-24,兴业证券,,,2,1,2024-06-07 17:54:33,2021-07-25 10:41:48,2.0,,,,
600985.XSHG,2021-07-25,广发证券,13.9000,,1,1,2024-06-07 05:36:09,2021-07-26 14:04:21,1.0,,,,
600985.XSHG,2021-07-25,国泰海通证券,,,1,1,2024-06-07 17:53:31,2021-07-26 13:55:19,1.0,,,,
600985.XSHG,2021-07-25,中泰证券,,,1,1,2024-06-07 17:59:30,2021-07-26 09:49:05,1.0,,,,
600985.XSHG,2021-07-30,中泰证券,,,1,1,2024-06-07 17:53:32,2021-08-02 17:02:12,1.0,,,,
600985.XSHG,2021-08-01,开源证券,,,1,1,2024-06-07 17:53:26,2021-08-02 19:33:01,1.0,,,,
600985.XSHG,2021-08-01,广发证券,13.9000,,1,1,2024-06-07 05:36:58,2021-08-03 14:26:51,1.0,,,,
600985.XSHG,2021-08-02,中信证券,,,1,1,2024-06-07 18:00:42,2021-08-02 19:07:22,1.0,,,,
600985.XSHG,2021-08-07,国泰海通证券,,,1,1,2024-06-07 17:58:34,2021-08-08 16:23:26,1.0,,,,
600985.XSHG,2021-08-07,中泰证券,,,1,1,2024-06-07 18:01:01,2021-08-08 17:15:43,1.0,,,,
600985.XSHG,2021-08-08,广发证券,13.9000,,1,1,2024-06-07 05:37:50,2021-08-09 18:50:11,1.0,,,,
600985.XSHG,2021-08-08,兴业证券,,,2,1,2024-06-07 17:59:46,2021-08-08 16:06:51,2.0,,,,
600985.XSHG,2021-08-14,开源证券,,,1,1,2024-06-07 17:59:10,2021-08-15 12:41:39,1.0,,,,
600985.XSHG,2021-08-14,中泰证券,,,1,1,2024-06-07 17:59:54,2021-08-16 09:48:47,1.0,,,,
600985.XSHG,2021-08-15,广发证券,13.9000,,1,1,2024-06-07 05:36:41,2021-08-16 13:43:02,1.0,,,,
600985.XSHG,2021-08-15,兴业证券,,,2,1,2024-06-07 17:59:51,2021-08-15 16:31:12,2.0,,,,
600985.XSHG,2021-08-15,国盛证券,,,1,1,2024-06-07 18:00:53,2021-08-16 11:23:41,1.0,,,,
600985.XSHG,2021-08-15,国泰海通证券,,,1,1,2024-06-07 18:01:10,2021-08-15 16:02:42,1.0,,,,
600985.XSHG,2021-08-16,中泰证券,,,1,1,2024-06-07 18:01:01,2021-08-17 15:58:22,1.0,,,,
600985.XSHG,2021-08-21,中泰证券,,,1,1,2024-06-07 17:53:18,2021-08-22 16:57:22,1.0,,,,
600985.XSHG,2021-08-21,国泰海通证券,,,1,1,2024-06-07 17:58:32,2021-08-23 11:01:11,1.0,,,,
600985.XSHG,2021-08-22,国盛证券,,,1,1,2024-06-07 17:54:19,2021-08-23 14:35:54,1.0,,,,
600985.XSHG,2021-08-22,广发证券,13.9000,,1,1,2024-06-07 05:36:54,2021-08-24 14:35:16,1.0,,,,
600985.XSHG,2021-08-22,开源证券,,,1,1,2024-06-07 17:59:02,2021-08-23 13:53:18,1.0,,,,
600985.XSHG,2021-08-22,兴业证券,,,2,1,2024-06-07 18:01:00,2021-08-23 12:14:15,2.0,,,,
600985.XSHG,2021-08-25,国投证券,19.2300,M06,1,1,2024-06-07 05:36:14,2021-08-26 09:29:29,1.0,19.23,,,
600985.XSHG,2021-08-25,国泰海通证券,17.3600,M06,1,1,2024-06-07 05:36:45,2021-08-26 14:55:32,1.0,17.36,,,
600985.XSHG,2021-08-25,中泰证券,,,1,1,2024-06-07 17:56:45,2021-08-26 10:10:04,1.0,,,,
600985.XSHG,2021-08-26,兴业证券,,,2,1,2024-06-07 17:52:56,2021-08-26 10:22:27,2.0,,,,
600985.XSHG,2021-08-26,中信证券,19.0000,M06,1,1,2024-06-07 05:36:18,2021-08-26 12:40:41,1.0,19.0,,,
600985.XSHG,2021-08-26,长江证券,,,1,1,2024-06-07 17:54:45,2021-08-27 10:22:25,1.0,,,,
600985.XSHG,2021-08-26,广发证券,17.6000,M06,1,1,2024-06-07 05:37:20,2021-08-26 15:33:11,1.0,17.6,,,
600985.XSHG,2021-08-26,国盛证券,19.0000,M06,1,1,2024-06-07 05:37:59,2021-08-26 13:13:29,1.0,19.0,,,
600985.XSHG,2021-08-27,海通证券,17.4650,M06,2,1,2024-06-07 05:37:00,2021-08-27 12:07:46,2.0,17.465,,,
600985.XSHG,2021-08-27,开源证券,,,1,1,2024-06-07 18:00:19,2021-08-29 09:54:20,1.0,,,,
600985.XSHG,2021-08-29,广发证券,17.6000,,1,1,2024-06-07 05:36:42,2021-09-01 09:40:09,1.0,,,,
600985.XSHG,2021-08-29,国泰海通证券,,,1,1,2024-06-07 17:56:06,2021-08-30 16:13:10,1.0,,,,
600985.XSHG,2021-08-29,兴业证券,,,2,1,2024-06-07 17:57:50,2021-08-29 17:59:21,2.0,,,,
600985.XSHG,2021-08-29,国盛证券,,,1,1,2024-06-07 17:58:53,2021-09-03 17:39:48,1.0,,,,
600985.XSHG,2021-09-02,国泰海通证券,,,1,1,2024-06-07 17:53:50,2021-09-03 14:28:23,1.0,,,,
600985.XSHG,2021-09-02,广发证券,17.6000,,1,1,2024-06-07 05:37:30,2021-09-03 16:55:27,1.0,,,,
600985.XSHG,2021-09-02,长江证券,,,1,1,2024-06-07 17:59:07,2021-09-03 11:40:57,1.0,,,,
600985.XSHG,2021-09-05,国泰海通证券,,,1,1,2024-06-07 17:54:05,2021-09-12 12:26:38,1.0,,,,
600985.XSHG,2021-09-05,广发证券,17.6000,,1,1,2024-06-07 05:37:11,2021-09-07 13:57:24,1.0,,,,
600985.XSHG,2021-09-05,国盛证券,,,1,1,2024-06-07 17:59:48,2021-09-06 15:07:28,1.0,,,,
600985.XSHG,2021-09-06,开源证券,,,1,1,2024-06-07 17:55:06,2021-09-07 10:25:27,1.0,,,,
600985.XSHG,2021-09-06,兴业证券,,,2,1,2024-06-07 17:55:42,2021-09-09 10:06:59,2.0,,,,
600985.XSHG,2021-09-06,中泰证券,,,1,1,2024-06-07 17:56:19,2021-09-07 16:37:22,1.0,,,,
600985.XSHG,2021-09-11,国泰海通证券,,,1,1,2024-06-07 17:57:52,2021-09-15 15:23:21,1.0,,,,
600985.XSHG,2021-09-12,兴业证券,,,2,1,2024-06-07 17:55:52,2021-09-12 09:03:41,2.0,,,,
600985.XSHG,2021-09-12,广发证券,,,1,1,2024-06-07 17:59:36,2021-09-13 17:44:10,1.0,,,,
600985.XSHG,2021-09-12,国盛证券,,,1,1,2024-06-07 18:00:32,2021-09-13 12:24:21,1.0,,,,
600985.XSHG,2021-09-14,广发证券,17.6000,,1,1,2024-06-07 05:36:31,2021-09-14 14:26:29,1.0,,,,
600985.XSHG,2021-09-15,国泰海通证券,,,1,1,2024-06-07 17:53:58,2021-09-16 15:00:53,1.0,,,,
600985.XSHG,2021-09-15,中泰证券,,,1,1,2024-06-07 17:54:06,2021-09-20 21:15:35,1.0,,,,
600985.XSHG,2021-09-17,华金证券,,,1,1,2024-06-07 17:56:23,2021-09-21 12:13:28,1.0,,,,
600985.XSHG,2021-09-18,开源证券,,,1,1,2024-06-07 17:57:06,2021-09-21 14:30:25,1.0,,,,
600985.XSHG,2021-09-18,中泰证券,,,1,1,2024-06-07 17:59:43,2021-09-20 21:03:18,1.0,,,,
600985.XSHG,2021-09-19,国泰海通证券,,,1,1,2024-06-07 17:58:22,2021-09-22 16:31:32,1.0,,,,
600985.XSHG,2021-09-20,兴业证券,,,2,1,2024-06-07 17:58:27,2021-09-20 21:54:47,2.0,,,,
600985.XSHG,2021-09-20,国盛证券,,,1,1,2024-06-07 17:59:39,2021-09-20 21:17:41,1.0,,,,
600985.XSHG,2021-09-26,广发证券,17.6000,,1,1,2024-06-07 05:36:40,2021-09-27 14:07:56,1.0,,,,
600985.XSHG,2021-09-26,国泰海通证券,,,1,1,2024-06-07 17:55:21,2021-09-27 11:23:54,1.0,,,,
600985.XSHG,2021-09-26,国盛证券,,,1,1,2024-06-07 17:55:57,2021-09-27 11:04:10,1.0,,,,
600985.XSHG,2021-10-02,中泰证券,,,1,1,2024-06-07 17:52:40,2021-10-08 09:28:27,1.0,,,,
600985.XSHG,2021-10-04,国泰海通证券,,,1,1,2024-06-07 18:00:29,2021-10-07 14:30:43,1.0,,,,
600985.XSHG,2021-10-06,国泰海通证券,,,1,1,2024-06-07 17:57:27,2021-10-08 17:36:50,1.0,,,,
600985.XSHG,2021-10-07,开源证券,,,1,1,2024-06-07 17:57:21,2021-10-08 11:26:07,1.0,,,,
600985.XSHG,2021-10-07,国盛证券,,,1,1,2024-06-07 17:57:48,2021-10-08 18:45:15,1.0,,,,
600985.XSHG,2021-10-10,国盛证券,,,1,1,2024-06-07 17:55:30,2021-10-11 11:04:27,1.0,,,,
600985.XSHG,2021-10-10,广发证券,17.6000,,1,1,2024-06-07 05:37:00,2021-10-12 11:58:10,1.0,,,,
600985.XSHG,2021-10-16,中泰证券,,,1,1,2024-06-07 17:55:46,2021-10-18 10:04:49,1.0,,,,
600985.XSHG,2021-10-17,广发证券,17.6000,,1,1,2024-06-07 05:36:19,2021-10-19 10:35:08,1.0,,,,
600985.XSHG,2021-10-17,国盛证券,,,1,1,2024-06-07 17:55:43,2021-10-18 09:44:50,1.0,,,,
600985.XSHG,2021-10-18,国泰海通证券,,,1,1,2024-06-07 17:57:49,2021-10-19 16:03:06,1.0,,,,
600985.XSHG,2021-10-23,中泰证券,,,1,1,2024-06-07 17:54:25,2021-10-24 16:07:11,1.0,,,,
600985.XSHG,2021-10-24,开源证券,,,1,1,2024-06-07 17:55:47,2021-10-25 13:40:14,1.0,,,,
600985.XSHG,2021-10-24,国盛证券,,,1,1,2024-06-07 17:55:53,2021-10-25 10:08:56,1.0,,,,
600985.XSHG,2021-10-24,兴业证券,,,2,1,2024-06-07 17:58:03,2021-10-26 14:14:24,2.0,,,,
600985.XSHG,2021-10-24,广发证券,17.6000,,1,1,2024-06-07 05:37:53,2021-10-26 15:16:33,1.0,,,,
600985.XSHG,2021-10-28,中泰证券,,,1,1,2024-06-07 17:52:56,2021-10-31 10:35:13,1.0,,,,
600985.XSHG,2021-10-29,中泰证券,,,1,1,2024-06-07 17:54:49,2021-11-01 10:02:29,1.0,,,,
600985.XSHG,2021-10-29,长江证券,,,1,1,2024-06-07 17:56:32,2021-10-31 15:00:11,1.0,,,,
600985.XSHG,2021-10-31,开源证券,,,1,1,2024-06-07 17:54:41,2021-11-01 13:24:00,1.0,,,,
600985.XSHG,2021-10-31,国泰海通证券,,,1,1,2024-06-07 17:56:41,2021-11-01 15:29:48,1.0,,,,
600985.XSHG,2021-10-31,兴业证券,,,2,1,2024-06-07 17:58:30,2021-11-01 16:48:29,2.0,,,,
600985.XSHG,2021-10-31,国盛证券,,,1,1,2024-06-07 17:58:55,2021-11-02 16:53:42,1.0,,,,
600985.XSHG,2021-11-01,国盛证券,,,1,1,2024-06-07 17:58:37,2021-11-02 16:34:07,1.0,,,,
600985.XSHG,2021-11-02,广发证券,17.6000,,1,1,2024-06-07 05:36:06,2021-11-03 15:13:05,1.0,,,,
600985.XSHG,2021-11-02,长江证券,,,1,1,2024-06-07 18:00:03,2021-11-03 15:37:17,1.0,,,,
600985.XSHG,2021-11-07,兴业证券,,,2,1,2024-06-07 17:55:50,2021-11-07 17:01:39,2.0,,,,
600985.XSHG,2021-11-07,广发证券,17.6000,,1,1,2024-06-07 05:37:40,2021-11-09 11:32:15,1.0,,,,
600985.XSHG,2021-11-07,国盛证券,,,1,1,2024-06-07 17:59:03,2021-11-07 17:07:16,1.0,,,,
600985.XSHG,2021-11-07,开源证券,,,1,1,2024-06-07 17:59:47,2021-11-08 14:45:25,1.0,,,,
600985.XSHG,2021-11-14,广发证券,17.6000,,1,1,2024-06-07 05:36:17,2021-11-19 15:05:59,1.0,,,,
600985.XSHG,2021-11-14,国泰海通证券,,,1,1,2024-06-07 17:55:02,2021-11-17 15:01:02,1.0,,,,
600985.XSHG,2021-11-20,国泰海通证券,,,1,1,2024-06-07 18:00:40,2021-11-22 14:22:52,1.0,,,,
600985.XSHG,2021-11-21,兴业证券,,,2,1,2024-06-07 17:59:40,2021-11-22 10:11:44,2.0,,,,
600985.XSHG,2021-11-21,国盛证券,,,1,1,2024-06-07 17:59:46,2021-11-21 16:16:10,1.0,,,,
600985.XSHG,2021-11-21,广发证券,17.6000,,1,1,2024-06-07 05:38:08,2021-11-22 17:33:39,1.0,,,,
600985.XSHG,2021-11-23,国泰海通证券,,,1,1,2024-06-07 17:53:46,2021-11-24 10:59:06,1.0,,,,
600985.XSHG,2021-11-24,开源证券,,,1,1,2024-06-07 17:56:40,2021-11-25 09:19:56,1.0,,,,
600985.XSHG,2021-11-25,开源证券,,,1,1,2024-06-07 17:52:56,2021-11-26 09:16:17,1.0,,,,
600985.XSHG,2021-11-27,国泰海通证券,,,1,1,2024-06-07 17:56:36,2021-11-29 13:14:09,1.0,,,,
600985.XSHG,2021-11-27,国盛证券,,,1,1,2024-06-07 18:00:18,2021-11-28 10:38:43,1.0,,,,
600985.XSHG,2021-11-28,开源证券,,,1,1,2024-06-07 17:55:08,2021-11-28 15:26:06,1.0,,,,
600985.XSHG,2021-11-28,广发证券,17.6000,,1,1,2024-06-07 05:36:46,2021-11-30 13:35:17,1.0,,,,
600985.XSHG,2021-11-28,国盛证券,,,1,1,2024-06-07 17:55:52,2021-11-28 16:34:25,1.0,,,,
600985.XSHG,2021-11-28,兴业证券,,,2,1,2024-06-07 17:58:14,2021-11-29 15:55:16,2.0,,,,
600985.XSHG,2021-11-30,国泰海通证券,15.7600,M06,1,1,2024-06-07 05:36:14,2021-12-01 10:21:55,1.0,15.76,,,
600985.XSHG,2021-12-05,国盛证券,,,1,1,2024-06-07 17:53:06,2021-12-06 10:04:20,1.0,,,,
600985.XSHG,2021-12-05,开源证券,,,1,1,2024-06-07 17:55:40,2021-12-06 13:44:45,1.0,,,,
600985.XSHG,2021-12-05,兴业证券,,,2,1,2024-06-07 17:59:31,2021-12-06 13:17:22,2.0,,,,
600985.XSHG,2021-12-05,国泰海通证券,,,1,1,2024-06-07 18:00:19,2021-12-06 14:28:21,1.0,,,,
600985.XSHG,2021-12-06,广发证券,17.6000,,1,1,2024-06-07 05:36:19,2021-12-06 14:53:14,1.0,,,,
600985.XSHG,2021-12-12,国盛证券,,,1,1,2024-06-07 17:56:09,2021-12-13 10:29:41,1.0,,,,
600985.XSHG,2021-12-12,广发证券,17.6000,,1,1,2024-06-07 05:37:02,2021-12-13 16:55:29,1.0,,,,
600985.XSHG,2021-12-12,开源证券,,,1,1,2024-06-07 17:57:46,2021-12-12 17:47:59,1.0,,,,
600985.XSHG,2021-12-12,国泰海通证券,,,1,1,2024-06-07 17:59:52,2021-12-13 14:34:00,1.0,,,,
600985.XSHG,2021-12-15,中泰证券,,,1,1,2024-06-07 17:53:29,2021-12-17 14:40:31,1.0,,,,
600985.XSHG,2021-12-19,国盛证券,,,1,1,2024-06-07 17:53:30,2021-12-20 10:14:48,1.0,,,,
600985.XSHG,2021-12-19,国泰海通证券,,,1,1,2024-06-07 17:54:20,2021-12-20 16:34:37,1.0,,,,
600985.XSHG,2021-12-19,开源证券,,,1,1,2024-06-07 17:55:55,2021-12-19 17:10:51,1.0,,,,
600985.XSHG,2021-12-19,广发证券,17.6000,,1,1,2024-06-07 05:37:29,2021-12-21 16:14:17,1.0,,,,
600985.XSHG,2021-12-19,兴业证券,,,2,1,2024-06-07 17:58:40,2021-12-19 16:00:34,2.0,,,,
600985.XSHG,2021-12-26,广发证券,17.6000,,1,1,2024-06-07 05:37:18,2021-12-27 14:50:08,1.0,,,,
600985.XSHG,2021-12-26,国泰海通证券,,,1,1,2024-06-07 17:58:47,2021-12-27 11:28:18,1.0,,,,
600985.XSHG,2021-12-28,长江证券,,,1,1,2024-06-07 17:55:51,2021-12-29 09:17:56,1.0,,,,
600985.XSHG,2021-12-29,民生证券,,,1,1,2024-06-07 17:54:50,2021-12-29 10:02:24,1.0,,,,
600985.XSHG,2022-01-02,国泰海通证券,,,1,1,2024-06-07 17:56:21,2022-01-04 17:05:48,1.0,,,,
600985.XSHG,2022-01-03,兴业证券,,,2,1,2024-06-07 17:55:52,2022-01-05 17:27:17,2.0,,,,
600985.XSHG,2022-01-03,开源证券,,,1,1,2024-06-07 17:56:12,2022-01-04 12:21:59,1.0,,,,
600985.XSHG,2022-01-03,广发证券,17.6000,,1,1,2024-06-07 05:37:26,2022-01-04 13:05:32,1.0,,,,
600985.XSHG,2022-01-03,国盛证券,,,1,1,2024-06-07 18:00:13,2022-01-03 17:05:07,1.0,,,,
600985.XSHG,2022-01-08,中泰证券,,,1,1,2024-06-07 17:56:20,2022-01-10 13:08:16,1.0,,,,
600985.XSHG,2022-01-08,国泰海通证券,,,1,1,2024-06-07 17:57:06,2022-01-09 16:31:09,1.0,,,,
600985.XSHG,2022-01-09,开源证券,,,1,1,2024-06-07 17:53:28,2022-01-10 12:35:06,1.0,,,,
600985.XSHG,2022-01-09,广发证券,17.6000,,1,1,2024-06-07 05:36:28,2022-01-10 20:20:27,1.0,,,,
600985.XSHG,2022-01-09,国盛证券,,,1,1,2024-06-07 18:00:44,2022-01-09 17:42:46,1.0,,,,
600985.XSHG,2022-01-09,兴业证券,,,2,1,2024-06-07 18:01:12,2022-01-10 12:06:01,2.0,,,,
600985.XSHG,2022-01-15,国泰海通证券,,,1,1,2024-06-07 17:59:53,2022-01-17 10:10:49,1.0,,,,
600985.XSHG,2022-01-16,国盛证券,,,1,1,2024-06-07 17:53:35,2022-01-17 14:12:44,1.0,,,,
600985.XSHG,2022-01-16,兴业证券,,,2,1,2024-06-07 17:56:56,2022-01-17 11:14:18,2.0,,,,
600985.XSHG,2022-01-16,广发证券,17.6000,,1,1,2024-06-07 05:38:10,2022-01-17 17:39:07,1.0,,,,
600985.XSHG,2022-01-16,开源证券,,,1,1,2024-06-07 18:01:03,2022-01-17 14:54:36,1.0,,,,
600985.XSHG,2022-01-18,国泰海通证券,,,1,1,2024-06-07 17:52:52,2022-01-18 09:11:15,1.0,,,,
600985.XSHG,2022-01-18,中泰证券,,,1,1,2024-06-07 17:58:13,2022-01-19 17:11:57,1.0,,,,
600985.XSHG,2022-01-19,广发证券,17.6000,,1,1,2024-06-07 05:37:32,2022-01-19 16:03:50,1.0,,,,
600985.XSHG,2022-01-20,国泰海通证券,,,1,1,2024-06-07 17:53:33,2022-01-21 11:21:20,1.0,,,,
600985.XSHG,2022-01-22,中泰证券,,,1,1,2024-06-07 17:58:13,2022-01-24 10:48:45,1.0,,,,
600985.XSHG,2022-01-23,广发证券,17.6000,,1,1,2024-06-07 05:36:59,2022-01-24 17:16:26,1.0,,,,
600985.XSHG,2022-01-23,国泰海通证券,,,1,1,2024-06-07 17:56:52,2022-01-24 17:02:29,1.0,,,,
600985.XSHG,2022-01-23,国盛证券,,,1,1,2024-06-07 18:01:11,2022-01-24 10:58:45,1.0,,,,
600985.XSHG,2022-01-28,长江证券,,,1,1,2024-06-07 17:59:27,2022-01-28 11:14:13,1.0,,,,
600985.XSHG,2022-01-31,国盛证券,,,1,1,2024-06-07 17:53:33,2022-02-06 16:44:00,1.0,,,,
600985.XSHG,2022-02-06,国泰海通证券,,,1,1,2024-06-07 17:54:23,2022-02-07 11:38:01,1.0,,,,
600985.XSHG,2022-02-06,广发证券,17.6000,,1,1,2024-06-07 05:36:42,2022-02-07 17:58:21,1.0,,,,
600985.XSHG,2022-02-06,兴业证券,,,2,1,2024-06-07 18:00:52,2022-02-06 20:40:10,2.0,,,,
600985.XSHG,2022-02-09,国泰海通证券,,,1,1,2024-06-07 17:55:02,2022-02-10 09:37:59,1.0,,,,
600985.XSHG,2022-02-09,民生证券,,,1,1,2024-06-07 17:58:56,2022-02-09 09:58:31,1.0,,,,
600985.XSHG,2022-02-12,国泰海通证券,,,1,1,2024-06-07 17:58:13,2022-02-14 10:19:00,1.0,,,,
600985.XSHG,2022-02-12,中泰证券,,,1,1,2024-06-07 18:00:41,2022-02-14 10:37:36,1.0,,,,
600985.XSHG,2022-02-13,兴业证券,,,2,1,2024-06-07 17:53:15,2022-02-14 13:37:30,2.0,,,,
600985.XSHG,2022-02-13,广发证券,17.6000,,1,1,2024-06-07 05:36:44,2022-02-14 16:38:58,1.0,,,,
600985.XSHG,2022-02-13,国盛证券,,,1,1,2024-06-07 17:55:49,2022-02-13 15:49:21,1.0,,,,
600985.XSHG,2022-02-13,开源证券,,,1,1,2024-06-07 17:59:28,2022-02-14 10:25:25,1.0,,,,
600985.XSHG,2022-02-14,国泰海通证券,,,1,1,2024-06-07 17:56:41,2022-02-15 10:24:59,1.0,,,,
600985.XSHG,2022-02-20,国盛证券,,,1,1,2024-06-07 17:55:55,2022-02-20 15:32:01,1.0,,,,
600985.XSHG,2022-02-20,广发证券,17.6000,,1,1,2024-06-07 05:37:01,2022-02-21 18:26:32,1.0,,,,
600985.XSHG,2022-02-20,国泰海通证券,,,1,1,2024-06-07 17:56:49,2022-02-20 10:58:39,1.0,,,,
600985.XSHG,2022-02-20,华创证券,,,1,1,2024-06-07 17:57:32,2022-02-21 16:01:23,1.0,,,,
600985.XSHG,2022-02-20,兴业证券,,,2,1,2024-06-07 18:00:44,2022-02-20 14:47:18,2.0,,,,
600985.XSHG,2022-02-20,民生证券,,,1,1,2024-06-07 18:00:48,2022-02-20 11:57:12,1.0,,,,
600985.XSHG,2022-02-24,广发证券,17.6000,,1,1,2024-06-07 05:37:10,2022-02-25 13:24:57,1.0,,,,
600985.XSHG,2022-02-24,国泰海通证券,,,1,1,2024-06-07 18:00:23,2022-02-24 20:22:35,1.0,,,,
600985.XSHG,2022-02-26,民生证券,,,1,1,2024-06-07 17:57:38,2022-02-27 09:51:46,1.0,,,,
600985.XSHG,2022-02-27,广发证券,17.6000,,1,1,2024-06-07 05:36:19,2022-03-01 14:07:41,1.0,,,,
600985.XSHG,2022-02-27,国盛证券,,,1,1,2024-06-07 17:53:39,2022-02-27 15:42:48,1.0,,,,
600985.XSHG,2022-02-27,华创证券,,,1,1,2024-06-07 17:54:47,2022-02-28 10:01:03,1.0,,,,
600985.XSHG,2022-02-27,开源证券,,,1,1,2024-06-07 17:58:29,2022-02-28 10:17:21,1.0,,,,
600985.XSHG,2022-03-02,国泰海通证券,,,1,1,2024-06-07 17:58:11,2022-03-03 09:54:08,1.0,,,,
600985.XSHG,2022-03-03,国盛证券,,,1,1,2024-06-07 17:58:00,2022-03-03 10:33:42,1.0,,,,
600985.XSHG,2022-03-04,中泰证券,,,1,1,2024-06-07 17:56:21,2022-03-06 14:37:13,1.0,,,,
600985.XSHG,2022-03-06,兴业证券,,,2,1,2024-06-07 17:53:28,2022-03-06 15:24:53,2.0,,,,
600985.XSHG,2022-03-06,开源证券,,,1,1,2024-06-07 17:55:27,2022-03-07 14:17:30,1.0,,,,
600985.XSHG,2022-03-06,广发证券,17.6000,,1,1,2024-06-07 05:37:08,2022-03-07 21:20:04,1.0,,,,
600985.XSHG,2022-03-06,国盛证券,,,1,1,2024-06-07 17:58:05,2022-03-06 16:41:14,1.0,,,,
600985.XSHG,2022-03-06,民生证券,,,1,1,2024-06-07 17:59:19,2022-03-06 12:04:33,1.0,,,,
600985.XSHG,2022-03-06,国泰海通证券,,,1,1,2024-06-07 18:00:21,2022-03-07 13:10:14,1.0,,,,
600985.XSHG,2022-03-08,国泰海通证券,,,1,1,2024-06-07 17:56:29,2022-03-08 19:53:42,1.0,,,,
600985.XSHG,2022-03-13,广发证券,17.6000,,1,1,2024-06-07 05:36:21,2022-03-14 18:37:01,1.0,,,,
600985.XSHG,2022-03-13,民生证券,,,1,1,2024-06-07 17:54:29,2022-03-13 15:40:35,1.0,,,,
600985.XSHG,2022-03-13,国盛证券,,,1,1,2024-06-07 17:54:54,2022-03-13 16:15:18,1.0,,,,
600985.XSHG,2022-03-13,兴业证券,,,2,1,2024-06-07 17:56:15,2022-03-14 09:24:05,2.0,,,,
600985.XSHG,2022-03-13,华创证券,,,1,1,2024-06-07 17:56:31,2022-03-14 17:29:20,1.0,,,,
600985.XSHG,2022-03-15,国泰海通证券,,,1,1,2024-06-07 17:54:23,2022-03-16 12:01:43,1.0,,,,
600985.XSHG,2022-03-15,中泰证券,,,1,1,2024-06-07 17:55:10,2022-03-16 10:14:55,1.0,,,,
600985.XSHG,2022-03-19,民生证券,,,1,1,2024-06-07 17:59:06,2022-03-20 10:12:33,1.0,,,,
600985.XSHG,2022-03-19,国泰海通证券,,,1,1,2024-06-07 18:00:22,2022-03-20 10:16:38,1.0,,,,
600985.XSHG,2022-03-20,国盛证券,,,1,1,2024-06-07 17:54:50,2022-03-21 17:02:52,1.0,,,,
600985.XSHG,2022-03-20,广发证券,17.6000,,1,1,2024-06-07 05:37:43,2022-03-21 17:18:10,1.0,,,,
600985.XSHG,2022-03-20,兴业证券,,,2,1,2024-06-07 17:59:56,2022-03-21 17:46:37,2.0,,,,
600985.XSHG,2022-03-20,开源证券,,,1,1,2024-06-07 18:00:36,2022-03-22 13:40:49,1.0,,,,
600985.XSHG,2022-03-22,民生证券,,,1,1,2024-06-07 17:53:56,2022-03-23 10:01:24,1.0,,,,
600985.XSHG,2022-03-22,长江证券,,,1,1,2024-06-07 17:55:47,2022-03-23 14:11:35,1.0,,,,
600985.XSHG,2022-03-24,国泰海通证券,,,1,1,2024-06-07 17:53:36,2022-03-24 12:29:31,1.0,,,,
600985.XSHG,2022-03-24,广发证券,17.6000,,1,1,2024-06-07 05:36:26,2022-03-25 15:21:07,1.0,,,,
600985.XSHG,2022-03-27,兴业证券,,,2,1,2024-06-07 17:52:53,2022-03-28 10:06:06,2.0,,,,
600985.XSHG,2022-03-27,国盛证券,,,1,1,2024-06-07 17:53:03,2022-03-28 11:04:15,1.0,,,,
600985.XSHG,2022-03-27,国泰海通证券,,,1,1,2024-06-07 17:53:20,2022-03-31 10:37:37,1.0,,,,
600985.XSHG,2022-03-27,民生证券,,,1,1,2024-06-07 17:56:29,2022-03-31 10:32:34,1.0,,,,
600985.XSHG,2022-03-27,开源证券,,,1,1,2024-06-07 17:56:34,2022-03-28 13:50:25,1.0,,,,
600985.XSHG,2022-03-27,广发证券,17.6000,,1,1,2024-06-07 05:37:30,2022-03-28 17:50:01,1.0,,,,
600985.XSHG,2022-03-27,华创证券,,,1,1,2024-06-07 17:58:42,2022-03-28 10:04:40,1.0,,,,
600985.XSHG,2022-03-30,中泰证券,,,1,1,2024-06-07 17:59:13,2022-04-01 09:27:55,1.0,,,,
600985.XSHG,2022-03-31,民生证券,,,1,1,2024-06-07 17:52:48,2022-03-31 13:36:28,1.0,,,,
600985.XSHG,2022-03-31,国泰海通证券,22.3200,M06,1,1,2024-06-07 05:37:08,2022-03-31 14:35:16,1.0,22.32,,,
600985.XSHG,2022-03-31,首创证券,,,1,1,2024-06-07 17:57:03,2022-04-05 12:10:37,1.0,,,,
600985.XSHG,2022-03-31,长江证券,,,1,1,2024-06-07 17:58:14,2022-04-01 08:42:14,1.0,,,,
600985.XSHG,2022-03-31,国盛证券,,,1,1,2024-06-07 18:00:37,2022-03-31 14:34:31,1.0,,,,
600985.XSHG,2022-04-01,中信证券,20.0000,M06,1,1,2024-06-07 05:36:06,2022-04-01 16:04:29,1.0,20.0,,,
600985.XSHG,2022-04-01,开源证券,,,1,1,2024-06-07 17:58:51,2022-04-05 09:47:57,1.0,,,,
600985.XSHG,2022-04-02,海通证券,19.1550,M06,2,1,2024-06-07 05:36:25,2022-04-06 08:46:42,2.0,19.155,,,
600985.XSHG,2022-04-02,华创证券,20.2400,M06,1,1,2024-06-07 05:36:55,2022-04-05 09:44:13,1.0,20.24,,,
600985.XSHG,2022-04-02,中泰证券,,,1,1,2024-06-07 17:59:31,2022-04-06 13:12:37,1.0,,,,
600985.XSHG,2022-04-03,国泰海通证券,,,1,1,2024-06-07 17:53:12,2022-04-06 19:18:04,1.0,,,,
600985.XSHG,2022-04-03,民生证券,,,1,1,2024-06-07 17:55:58,2022-04-05 10:39:50,1.0,,,,
600985.XSHG,2022-04-04,国泰海通证券,,,1,1,2024-06-07 17:56:25,2022-04-06 11:45:36,1.0,,,,
600985.XSHG,2022-04-05,广发证券,20.0000,M06,1,1,2024-06-07 05:36:20,2022-04-06 15:30:19,1.0,20.0,,,
600985.XSHG,2022-04-05,开源证券,,,1,1,2024-06-07 17:54:38,2022-04-06 15:26:42,1.0,,,,
600985.XSHG,2022-04-05,国泰海通证券,22.3200,M06,1,1,2024-06-07 05:37:47,2022-04-06 09:24:16,1.0,22.32,,,
600985.XSHG,2022-04-05,国盛证券,,,1,1,2024-06-07 18:00:28,2022-04-07 09:27:57,1.0,,,,
600985.XSHG,2022-04-09,国泰海通证券,,,1,1,2024-06-07 17:57:52,2022-04-10 13:58:57,1.0,,,,
600985.XSHG,2022-04-10,广发证券,20.0000,,1,1,2024-06-07 05:37:10,2022-04-11 17:52:45,1.0,,,,
600985.XSHG,2022-04-10,民生证券,,,1,1,2024-06-07 17:57:25,2022-04-10 10:35:25,1.0,,,,
600985.XSHG,2022-04-10,国盛证券,,,1,1,2024-06-07 17:58:56,2022-04-11 10:29:28,1.0,,,,
600985.XSHG,2022-04-10,开源证券,,,1,1,2024-06-07 17:59:32,2022-04-11 14:21:12,1.0,,,,
600985.XSHG,2022-04-10,华创证券,,,1,1,2024-06-07 18:00:26,2022-04-11 14:33:52,1.0,,,,
600985.XSHG,2022-04-12,长江证券,,,1,1,2024-06-07 17:56:30,2022-04-12 12:23:53,1.0,,,,
600985.XSHG,2022-04-14,国泰海通证券,,,1,1,2024-06-07 17:53:40,2022-04-14 14:36:54,1.0,,,,
600985.XSHG,2022-04-16,民生证券,,,1,1,2024-06-07 17:55:01,2022-04-17 11:24:37,1.0,,,,
600985.XSHG,2022-04-17,开源证券,,,1,1,2024-06-07 17:53:23,2022-04-17 17:42:50,1.0,,,,
600985.XSHG,2022-04-17,广发证券,20.0000,,1,1,2024-06-07 05:36:40,2022-04-18 13:50:05,1.0,,,,
600985.XSHG,2022-04-17,国盛证券,,,1,1,2024-06-07 17:56:30,2022-04-17 17:44:36,1.0,,,,
600985.XSHG,2022-04-17,国泰海通证券,,,1,1,2024-06-07 17:56:41,2022-04-17 16:58:23,1.0,,,,
600985.XSHG,2022-04-17,兴业证券,,,2,1,2024-06-07 17:57:36,2022-04-18 17:17:12,2.0,,,,
600985.XSHG,2022-04-19,国泰海通证券,,,1,1,2024-06-07 17:58:41,2022-04-19 10:58:48,1.0,,,,
600985.XSHG,2022-04-20,中泰证券,,,1,1,2024-06-07 17:57:00,2022-04-21 17:52:12,1.0,,,,
600985.XSHG,2022-04-23,国泰海通证券,,,1,1,2024-06-07 17:59:52,2022-04-24 10:53:23,1.0,,,,
600985.XSHG,2022-04-24,广发证券,20.0000,,1,1,2024-06-07 05:36:11,2022-04-25 16:29:36,1.0,,,,
600985.XSHG,2022-04-24,国盛证券,,,1,1,2024-06-07 17:55:34,2022-04-24 17:26:50,1.0,,,,
600985.XSHG,2022-04-24,民生证券,,,1,1,2024-06-07 18:00:52,2022-04-24 11:21:06,1.0,,,,
600985.XSHG,2022-04-24,兴业证券,,,2,1,2024-06-07 18:01:07,2022-04-25 16:34:11,2.0,,,,
600985.XSHG,2022-04-25,民生证券,,,1,1,2024-06-07 17:56:31,2022-04-25 15:27:02,1.0,,,,
600985.XSHG,2022-04-29,长江证券,,,1,1,2024-06-07 17:53:03,2022-05-05 13:14:06,1.0,,,,
600985.XSHG,2022-04-29,民生证券,,,1,1,2024-06-07 17:55:58,2022-04-29 09:53:08,1.0,,,,
600985.XSHG,2022-04-29,国盛证券,,,1,1,2024-06-07 17:57:55,2022-05-04 15:50:29,1.0,,,,
600985.XSHG,2022-05-02,开源证券,,,1,1,2024-06-07 18:00:22,2022-05-04 08:35:04,1.0,,,,
600985.XSHG,2022-05-03,兴业证券,,,2,1,2024-06-07 17:53:16,2022-05-05 10:00:03,2.0,,,,
600985.XSHG,2022-05-03,国泰海通证券,,,1,1,2024-06-07 17:58:44,2022-05-04 09:50:36,1.0,,,,
600985.XSHG,2022-05-04,广发证券,20.0000,,1,1,2024-06-07 05:36:19,2022-05-31 11:54:56,1.0,,,,
600985.XSHG,2022-05-04,国盛证券,,,1,1,2024-06-07 17:55:41,2022-05-04 15:57:19,1.0,,,,
600985.XSHG,2022-05-04,开源证券,,,1,1,2024-06-07 17:59:13,2022-05-10 13:52:59,1.0,,,,
600985.XSHG,2022-05-06,开源证券,,,1,1,2024-06-07 17:53:07,2022-05-09 15:44:42,1.0,,,,
600985.XSHG,2022-05-08,广发证券,20.0000,,1,1,2024-06-07 05:36:19,2022-06-09 15:25:17,1.0,,,,
600985.XSHG,2022-05-08,民生证券,,,1,1,2024-06-07 17:54:01,2022-05-10 11:12:46,1.0,,,,
600985.XSHG,2022-05-08,国泰海通证券,,,1,1,2024-06-07 17:54:32,2022-05-09 11:56:35,1.0,,,,
600985.XSHG,2022-05-08,开源证券,,,1,1,2024-06-07 17:57:00,2022-05-13 10:52:12,1.0,,,,
600985.XSHG,2022-05-08,国盛证券,,,1,1,2024-06-07 17:58:14,2022-05-09 15:10:53,1.0,,,,
600985.XSHG,2022-05-08,兴业证券,,,2,1,2024-06-07 18:01:06,2022-05-10 15:29:44,2.0,,,,
600985.XSHG,2022-05-14,国泰海通证券,,,1,1,2024-06-07 17:52:51,2022-05-15 09:49:52,1.0,,,,
600985.XSHG,2022-05-15,国盛证券,,,1,1,2024-06-07 17:55:01,2022-05-15 17:34:09,1.0,,,,
600985.XSHG,2022-05-15,民生证券,,,1,1,2024-06-07 17:57:41,2022-05-15 11:26:18,1.0,,,,
600985.XSHG,2022-05-15,广发证券,20.0000,,1,1,2024-06-07 05:37:45,2022-05-16 17:24:29,1.0,,,,
600985.XSHG,2022-05-16,兴业证券,,,2,1,2024-06-07 17:59:39,2022-05-16 13:54:29,2.0,,,,
600985.XSHG,2022-05-16,国泰海通证券,,,1,1,2024-06-07 17:59:53,2022-05-17 11:16:10,1.0,,,,
600985.XSHG,2022-05-17,长江证券,,,1,1,2024-06-07 17:54:04,2022-05-17 11:08:33,1.0,,,,
600985.XSHG,2022-05-21,国泰海通证券,,,1,1,2024-06-07 17:58:29,2022-05-22 12:11:04,1.0,,,,
600985.XSHG,2022-05-22,民生证券,,,1,1,2024-06-07 17:54:36,2022-05-22 13:19:18,1.0,,,,
600985.XSHG,2022-05-22,国盛证券,,,1,1,2024-06-07 17:57:11,2022-05-23 10:04:37,1.0,,,,
600985.XSHG,2022-05-22,开源证券,,,1,1,2024-06-07 17:57:40,2022-05-22 17:16:35,1.0,,,,
600985.XSHG,2022-05-22,兴业证券,,,2,1,2024-06-07 17:59:49,2022-05-23 15:04:58,2.0,,,,
600985.XSHG,2022-05-28,国泰海通证券,,,1,1,2024-06-07 17:55:37,2022-05-29 09:43:04,1.0,,,,
600985.XSHG,2022-05-28,中泰证券,,,1,1,2024-06-07 17:59:20,2022-05-29 17:43:57,1.0,,,,
600985.XSHG,2022-05-29,国盛证券,,,1,1,2024-06-07 17:53:04,2022-05-29 17:38:50,1.0,,,,
600985.XSHG,2022-05-29,兴业证券,,,2,1,2024-06-07 17:54:40,2022-05-30 10:52:14,2.0,,,,
600985.XSHG,2022-05-29,民生证券,,,1,1,2024-06-07 17:55:01,2022-05-29 12:56:47,1.0,,,,
600985.XSHG,2022-05-29,开源证券,,,1,1,2024-06-07 17:57:36,2022-05-29 17:02:45,1.0,,,,
600985.XSHG,2022-05-29,广发证券,20.0000,,1,1,2024-06-07 05:38:03,2022-05-30 15:48:56,1.0,,,,
600985.XSHG,2022-05-31,国泰海通证券,,,1,1,2024-06-07 17:56:05,2022-06-01 11:40:49,1.0,,,,
600985.XSHG,2022-06-02,中泰证券,,,1,1,2024-06-07 17:55:44,2022-07-01 17:44:28,1.0,,,,
600985.XSHG,2022-06-02,华创证券,,,1,1,2024-06-07 18:00:28,2022-06-05 10:33:00,1.0,,,,
600985.XSHG,2022-06-04,兴业证券,,,2,1,2024-06-07 17:57:20,2022-06-05 10:29:13,2.0,,,,
600985.XSHG,2022-06-04,国泰海通证券,,,1,1,2024-06-07 17:57:31,2022-06-06 18:00:33,1.0,,,,
600985.XSHG,2022-06-04,中泰证券,,,1,1,2024-06-07 17:58:45,2022-06-05 14:13:04,1.0,,,,
600985.XSHG,2022-06-05,广发证券,20.0000,,1,1,2024-06-07 05:36:32,2022-06-07 14:39:33,1.0,,,,
600985.XSHG,2022-06-05,民生证券,,,1,1,2024-06-07 17:57:32,2022-06-05 11:27:33,1.0,,,,
600985.XSHG,2022-06-05,国盛证券,,,1,1,2024-06-07 17:58:28,2022-06-05 16:20:45,1.0,,,,
600985.XSHG,2022-06-05,开源证券,,,1,1,2024-06-07 18:01:04,2022-06-05 17:04:15,1.0,,,,
600985.XSHG,2022-06-09,国泰海通证券,,,1,1,2024-06-07 17:58:25,2022-06-10 11:34:37,1.0,,,,
600985.XSHG,2022-06-11,中泰证券,,,1,1,2024-06-07 17:58:05,2022-06-12 17:20:53,1.0,,,,
600985.XSHG,2022-06-11,国泰海通证券,,,1,1,2024-06-07 17:58:20,2022-06-12 11:34:47,1.0,,,,
600985.XSHG,2022-06-11,民生证券,,,1,1,2024-06-07 17:58:30,2022-06-12 10:11:27,1.0,,,,
600985.XSHG,2022-06-12,广发证券,20.0000,,1,1,2024-06-07 05:36:37,2022-06-13 17:32:42,1.0,,,,
600985.XSHG,2022-06-12,开源证券,,,1,1,2024-06-07 17:58:13,2022-06-12 17:33:53,1.0,,,,
600985.XSHG,2022-06-12,国盛证券,,,1,1,2024-06-07 17:59:15,2022-07-04 14:36:56,1.0,,,,
600985.XSHG,2022-06-13,国泰海通证券,,,1,1,2024-06-07 17:59:21,2022-06-14 09:11:52,1.0,,,,
600985.XSHG,2022-06-15,国泰海通证券,,,1,1,2024-06-07 18:01:12,2022-06-16 14:33:48,1.0,,,,
600985.XSHG,2022-06-18,中泰证券,,,1,1,2024-06-07 17:59:10,2022-06-30 16:38:18,1.0,,,,
600985.XSHG,2022-06-19,开源证券,,,1,1,2024-06-07 17:52:54,2022-06-20 11:16:59,1.0,,,,
600985.XSHG,2022-06-19,中泰证券,,,1,1,2024-06-07 17:53:40,2022-06-20 14:27:22,1.0,,,,
600985.XSHG,2022-06-19,国泰海通证券,,,1,1,2024-06-07 17:56:09,2022-06-20 14:11:30,1.0,,,,
600985.XSHG,2022-06-19,广发证券,20.0000,,1,1,2024-06-07 05:37:16,2022-06-21 11:02:24,1.0,,,,
600985.XSHG,2022-06-19,国盛证券,,,1,1,2024-06-07 17:59:29,2022-06-19 15:50:07,1.0,,,,
600985.XSHG,2022-06-20,兴业证券,,,2,1,2024-06-07 17:55:04,2022-07-01 14:34:37,2.0,,,,
600985.XSHG,2022-06-25,中泰证券,,,1,1,2024-06-07 17:57:14,2022-06-26 14:50:20,1.0,,,,
600985.XSHG,2022-06-26,广发证券,20.0000,,1,1,2024-06-07 05:36:13,2022-06-27 11:49:50,1.0,,,,
600985.XSHG,2022-06-26,国盛证券,,,1,1,2024-06-07 17:58:57,2022-06-27 12:52:01,1.0,,,,
600985.XSHG,2022-06-26,国泰海通证券,,,1,1,2024-06-07 17:59:27,2022-06-26 12:24:26,1.0,,,,
600985.XSHG,2022-06-26,开源证券,,,1,1,2024-06-07 18:00:44,2022-06-30 16:12:29,1.0,,,,
600985.XSHG,2022-06-27,兴业证券,,,2,1,2024-06-07 17:57:29,2022-06-27 17:02:59,2.0,,,,
600985.XSHG,2022-06-29,国泰海通证券,,,1,1,2024-06-07 17:55:57,2022-06-29 12:32:10,1.0,,,,
600985.XSHG,2022-07-02,中泰证券,,,1,1,2024-06-07 17:56:23,2022-07-03 11:57:44,1.0,,,,
600985.XSHG,2022-07-03,国盛证券,,,1,1,2024-06-07 17:55:36,2022-07-04 12:51:49,1.0,,,,
600985.XSHG,2022-07-03,开源证券,,,1,1,2024-06-07 17:57:26,2022-07-04 12:41:16,1.0,,,,
600985.XSHG,2022-07-03,广发证券,20.0000,,1,1,2024-06-07 05:37:58,2022-07-05 12:24:27,1.0,,,,
600985.XSHG,2022-07-03,国泰海通证券,,,1,1,2024-06-07 18:00:19,2022-07-04 12:54:31,1.0,,,,
600985.XSHG,2022-07-04,兴业证券,,,2,1,2024-06-07 17:55:08,2022-07-04 14:32:41,2.0,,,,
600985.XSHG,2022-07-09,中泰证券,,,1,1,2024-06-07 18:00:36,2022-07-10 13:19:02,1.0,,,,
600985.XSHG,2022-07-10,兴业证券,,,2,1,2024-06-07 17:54:37,2022-07-11 15:35:02,2.0,,,,
600985.XSHG,2022-07-10,国盛证券,,,1,1,2024-06-07 17:58:08,2022-07-11 16:07:05,1.0,,,,
600985.XSHG,2022-07-10,广发证券,,,1,1,2024-06-07 17:58:32,2022-07-11 17:53:34,1.0,,,,
600985.XSHG,2022-07-10,国泰海通证券,,,1,1,2024-06-07 17:59:46,2022-07-11 13:15:42,1.0,,,,
600985.XSHG,2022-07-13,国泰海通证券,,,1,1,2024-06-07 17:53:46,2022-07-14 11:04:22,1.0,,,,
600985.XSHG,2022-07-16,中泰证券,,,1,1,2024-06-07 17:54:33,2022-07-17 15:31:48,1.0,,,,
600985.XSHG,2022-07-16,国泰海通证券,,,1,1,2024-06-07 17:58:58,2022-07-17 15:39:40,1.0,,,,
600985.XSHG,2022-07-17,国盛证券,,,1,1,2024-06-07 17:53:31,2022-07-18 15:08:26,1.0,,,,
600985.XSHG,2022-07-17,开源证券,,,1,1,2024-06-07 17:54:30,2022-07-18 11:18:56,1.0,,,,
600985.XSHG,2022-07-17,广发证券,20.0000,,1,1,2024-06-07 05:36:44,2022-07-19 09:33:23,1.0,,,,
600985.XSHG,2022-07-17,兴业证券,,,2,1,2024-06-07 17:56:58,2022-07-19 13:04:58,2.0,,,,
600985.XSHG,2022-07-20,中泰证券,,,1,1,2024-06-07 17:57:22,2022-07-22 14:12:38,1.0,,,,
600985.XSHG,2022-07-23,中泰证券,,,1,1,2024-06-07 17:56:38,2022-07-24 09:54:55,1.0,,,,
600985.XSHG,2022-07-24,广发证券,20.0000,,1,1,2024-06-07 05:36:13,2022-07-25 17:34:09,1.0,,,,
600985.XSHG,2022-07-24,国泰海通证券,,,1,1,2024-06-07 17:53:11,2022-07-24 13:52:00,1.0,,,,
600985.XSHG,2022-07-24,兴业证券,,,2,1,2024-06-07 18:00:28,2022-07-24 17:29:02,2.0,,,,
600985.XSHG,2022-07-24,国盛证券,,,1,1,2024-06-07 18:01:14,2022-07-25 13:54:57,1.0,,,,
600985.XSHG,2022-07-26,国盛证券,,,1,1,2024-06-07 17:52:57,2022-07-26 09:31:39,1.0,,,,
600985.XSHG,2022-07-30,中泰证券,,,1,1,2024-06-07 17:59:51,2022-07-31 13:56:45,1.0,,,,
600985.XSHG,2022-07-31,开源证券,,,1,1,2024-06-07 17:55:43,2022-08-01 13:14:42,1.0,,,,
600985.XSHG,2022-07-31,国泰海通证券,,,1,1,2024-06-07 17:56:51,2022-08-01 09:49:18,1.0,,,,
600985.XSHG,2022-07-31,广发证券,20.0000,,1,1,2024-06-07 05:37:58,2022-08-02 18:02:40,1.0,,,,
600985.XSHG,2022-07-31,国盛证券,,,1,1,2024-06-07 18:01:00,2022-08-01 13:19:45,1.0,,,,
600985.XSHG,2022-07-31,兴业证券,,,2,1,2024-06-07 18:01:08,2022-07-31 12:54:44,2.0,,,,
600985.XSHG,2022-08-06,中泰证券,,,1,1,2024-06-07 18:00:29,2022-08-07 17:10:06,1.0,,,,
600985.XSHG,2022-08-07,兴业证券,,,2,1,2024-06-07 17:52:56,2022-08-07 16:32:58,2.0,,,,
600985.XSHG,2022-08-07,国盛证券,,,1,1,2024-06-07 17:53:26,2022-08-07 16:29:10,1.0,,,,
600985.XSHG,2022-08-07,国泰海通证券,,,1,1,2024-06-07 17:54:13,2022-08-08 13:40:43,1.0,,,,
600985.XSHG,2022-08-07,开源证券,,,1,1,2024-06-07 17:56:37,2022-08-08 13:37:21,1.0,,,,
600985.XSHG,2022-08-07,广发证券,20.0000,,1,1,2024-06-07 05:37:38,2022-08-09 10:39:32,1.0,,,,
600985.XSHG,2022-08-09,国泰海通证券,,,1,1,2024-06-07 17:52:57,2022-08-09 11:25:06,1.0,,,,
600985.XSHG,2022-08-13,中泰证券,,,1,1,2024-06-07 17:59:01,2022-08-14 10:10:21,1.0,,,,
600985.XSHG,2022-08-13,民生证券,,,1,1,2024-06-07 17:59:04,2022-08-14 10:20:22,1.0,,,,
600985.XSHG,2022-08-14,开源证券,,,1,1,2024-06-07 17:52:38,2022-08-16 13:46:48,1.0,,,,
600985.XSHG,2022-08-14,广发证券,20.0000,,1,1,2024-06-07 05:36:25,2022-08-15 13:07:53,1.0,,,,
600985.XSHG,2022-08-14,国盛证券,,,1,1,2024-06-07 17:55:11,2022-08-14 18:21:23,1.0,,,,
600985.XSHG,2022-08-14,兴业证券,,,2,1,2024-06-07 17:55:13,2022-08-15 18:14:38,2.0,,,,
600985.XSHG,2022-08-14,国泰海通证券,,,1,1,2024-06-07 17:59:06,2022-08-14 15:04:29,1.0,,,,
600985.XSHG,2022-08-15,国泰海通证券,,,1,1,2024-06-07 17:52:48,2022-08-17 16:31:12,1.0,,,,
600985.XSHG,2022-08-20,民生证券,,,1,1,2024-06-07 17:55:34,2022-08-21 13:41:56,1.0,,,,
600985.XSHG,2022-08-20,中泰证券,,,1,1,2024-06-07 17:58:50,2022-08-22 19:47:41,1.0,,,,
600985.XSHG,2022-08-21,开源证券,,,1,1,2024-06-07 17:52:39,2022-08-22 19:46:09,1.0,,,,
600985.XSHG,2022-08-21,国盛证券,,,1,1,2024-06-07 17:55:51,2022-08-22 18:33:26,1.0,,,,
600985.XSHG,2022-08-21,国泰海通证券,,,1,1,2024-06-07 17:56:05,2022-08-21 16:42:29,1.0,,,,
600985.XSHG,2022-08-21,兴业证券,,,2,1,2024-06-07 17:56:58,2022-08-22 16:42:30,2.0,,,,
600985.XSHG,2022-08-21,广发证券,20.0000,,1,1,2024-06-07 05:37:41,2022-08-22 18:49:22,1.0,,,,
600985.XSHG,2022-08-24,国泰海通证券,,,1,1,2024-06-07 17:59:30,2022-08-26 18:07:29,1.0,,,,
600985.XSHG,2022-08-25,民生证券,,,1,1,2024-06-07 17:55:26,2022-08-26 11:14:40,1.0,,,,
600985.XSHG,2022-08-25,中泰证券,,,1,1,2024-06-07 17:58:13,2022-08-26 16:05:21,1.0,,,,
600985.XSHG,2022-08-26,首创证券,,,1,1,2024-06-07 17:56:52,2022-08-30 13:44:46,1.0,,,,
600985.XSHG,2022-08-26,国盛证券,,,1,1,2024-06-07 17:56:53,2022-08-26 21:02:55,1.0,,,,
600985.XSHG,2022-08-26,开源证券,,,1,1,2024-06-07 17:57:28,2022-08-28 10:28:34,1.0,,,,
600985.XSHG,2022-08-26,中信证券,21.0000,M06,1,1,2024-06-07 05:37:41,2022-08-26 14:19:05,1.0,21.0,,,
600985.XSHG,2022-08-26,国泰海通证券,21.3100,M06,1,1,2024-06-07 05:38:02,2022-08-30 09:59:13,1.0,21.31,,,
600985.XSHG,2022-08-27,民生证券,,,1,1,2024-06-07 17:55:37,2022-08-29 11:15:27,1.0,,,,
600985.XSHG,2022-08-27,海通证券,23.4650,M06,2,1,2024-06-07 05:37:02,2022-08-29 19:08:04,2.0,23.465,,,
600985.XSHG,2022-08-27,国泰海通证券,,,1,1,2024-06-07 17:59:31,2022-08-29 12:23:11,1.0,,,,
600985.XSHG,2022-08-27,中泰证券,,,1,1,2024-06-07 18:00:19,2022-08-29 10:21:52,1.0,,,,
600985.XSHG,2022-08-28,开源证券,,,1,1,2024-06-07 17:52:48,2022-09-02 19:54:39,1.0,,,,
600985.XSHG,2022-08-28,广发证券,20.0000,,1,1,2024-06-07 05:36:33,2022-09-25 10:50:48,1.0,,,,
600985.XSHG,2022-08-28,国盛证券,,,1,1,2024-06-07 17:56:15,2022-08-30 20:09:43,1.0,,,,
600985.XSHG,2022-08-28,兴业证券,,,2,1,2024-06-07 17:59:30,2022-09-02 19:53:53,2.0,,,,
600985.XSHG,2022-08-29,广发证券,20.0000,,1,1,2024-06-07 05:37:39,2022-08-29 19:55:18,1.0,,,,
600985.XSHG,2022-09-01,长江证券,,,1,1,2024-06-07 17:58:35,2022-09-01 09:59:15,1.0,,,,
600985.XSHG,2022-09-03,民生证券,,,1,1,2024-06-07 17:53:21,2022-09-04 16:02:59,1.0,,,,
600985.XSHG,2022-09-03,中泰证券,,,1,1,2024-06-07 17:59:14,2022-09-06 14:32:20,1.0,,,,
600985.XSHG,2022-09-04,国盛证券,,,1,1,2024-06-07 17:54:48,2022-09-06 16:03:00,1.0,,,,
600985.XSHG,2022-09-04,国泰海通证券,,,1,1,2024-06-07 17:57:49,2022-09-05 16:52:11,1.0,,,,
600985.XSHG,2022-09-04,兴业证券,,,2,1,2024-06-07 17:57:53,2022-09-05 16:45:37,2.0,,,,
600985.XSHG,2022-09-04,广发证券,20.0000,,1,1,2024-06-07 05:37:56,2022-09-08 16:44:46,1.0,,,,
600985.XSHG,2022-09-04,开源证券,,,1,1,2024-06-07 18:00:21,2022-09-06 17:34:07,1.0,,,,
600985.XSHG,2022-09-05,广发证券,20.0000,,1,1,2024-06-07 05:36:42,2022-09-08 16:40:50,1.0,,,,
600985.XSHG,2022-09-07,民生证券,,,1,1,2024-06-07 17:53:53,2022-09-07 15:03:08,1.0,,,,
600985.XSHG,2022-09-11,国泰海通证券,,,1,1,2024-06-07 17:53:18,2022-09-12 12:05:34,1.0,,,,
600985.XSHG,2022-09-11,民生证券,,,1,1,2024-06-07 17:54:39,2022-09-12 14:49:41,1.0,,,,
600985.XSHG,2022-09-11,中泰证券,,,1,1,2024-06-07 17:58:31,2022-09-12 13:47:53,1.0,,,,
600985.XSHG,2022-09-12,广发证券,20.0000,,1,1,2024-06-07 05:36:15,2022-09-14 15:18:48,1.0,,,,
600985.XSHG,2022-09-12,国盛证券,,,1,1,2024-06-07 17:53:58,2022-09-13 12:42:46,1.0,,,,
600985.XSHG,2022-09-12,兴业证券,,,2,1,2024-06-07 17:58:42,2022-09-12 14:04:51,2.0,,,,
600985.XSHG,2022-09-12,开源证券,,,1,1,2024-06-07 18:00:33,2022-09-13 16:26:49,1.0,,,,
600985.XSHG,2022-09-13,中泰证券,,,1,1,2024-06-07 17:57:40,2022-09-14 17:37:25,1.0,,,,
600985.XSHG,2022-09-16,国泰海通证券,,,1,1,2024-06-07 17:53:31,2022-09-18 10:16:30,1.0,,,,
600985.XSHG,2022-09-16,国盛证券,,,1,1,2024-06-07 17:56:23,2022-09-18 09:49:21,1.0,,,,
600985.XSHG,2022-09-17,中泰证券,,,1,1,2024-06-07 17:53:26,2022-09-18 10:27:15,1.0,,,,
600985.XSHG,2022-09-17,国泰海通证券,,,1,1,2024-06-07 17:59:08,2022-09-19 14:33:27,1.0,,,,
600985.XSHG,2022-09-18,民生证券,,,1,1,2024-06-07 17:54:45,2022-09-18 10:33:23,1.0,,,,
600985.XSHG,2022-09-18,兴业证券,,,2,1,2024-06-07 17:56:35,2022-09-18 16:46:55,2.0,,,,
600985.XSHG,2022-09-18,国盛证券,,,1,1,2024-06-07 17:57:30,2022-09-18 15:01:45,1.0,,,,
600985.XSHG,2022-09-18,广发证券,20.0000,,1,1,2024-06-07 05:37:22,2022-09-20 09:59:54,1.0,,,,
600985.XSHG,2022-09-18,开源证券,,,1,1,2024-06-07 17:58:26,2022-09-20 15:00:27,1.0,,,,
600985.XSHG,2022-09-20,开源证券,,,1,1,2024-06-07 17:56:54,2022-09-21 10:04:03,1.0,,,,
600985.XSHG,2022-09-24,中泰证券,,,1,1,2024-06-07 17:57:39,2022-09-25 15:49:04,1.0,,,,
600985.XSHG,2022-09-25,广发证券,20.0000,,1,1,2024-06-07 05:36:42,2022-09-26 11:49:20,1.0,,,,
600985.XSHG,2022-09-25,兴业证券,,,2,1,2024-06-07 17:58:00,2022-09-26 13:07:06,2.0,,,,
600985.XSHG,2022-09-25,民生证券,,,1,1,2024-06-07 17:59:18,2022-09-25 12:01:08,1.0,,,,
600985.XSHG,2022-09-25,国泰海通证券,,,1,1,2024-06-07 17:59:27,2022-09-25 09:01:46,1.0,,,,
600985.XSHG,2022-09-25,国盛证券,,,1,1,2024-06-07 17:59:50,2022-09-27 16:19:00,1.0,,,,
600985.XSHG,2022-09-26,国泰海通证券,,,1,1,2024-06-07 17:55:12,2022-09-26 13:22:08,1.0,,,,
600985.XSHG,2022-09-29,中泰证券,,,1,1,2024-06-07 17:58:06,2022-09-30 09:32:15,1.0,,,,
600985.XSHG,2022-10-08,国盛证券,,,1,1,2024-06-07 17:54:57,2022-10-09 15:28:17,1.0,,,,
600985.XSHG,2022-10-08,中泰证券,,,1,1,2024-06-07 17:59:10,2022-10-10 16:14:20,1.0,,,,
600985.XSHG,2022-10-08,兴业证券,,,2,1,2024-06-07 17:59:19,2022-10-10 16:25:41,2.0,,,,
600985.XSHG,2022-10-09,国盛证券,,,1,1,2024-06-07 17:54:17,2022-10-10 15:37:43,1.0,,,,
600985.XSHG,2022-10-09,民生证券,,,1,1,2024-06-07 17:55:37,2022-10-10 16:11:34,1.0,,,,
600985.XSHG,2022-10-09,广发证券,20.0000,,1,1,2024-06-07 05:37:52,2022-10-11 09:52:47,1.0,,,,
600985.XSHG,2022-10-11,国盛证券,,,1,1,2024-06-07 17:54:12,2022-10-11 17:13:45,1.0,,,,
600985.XSHG,2022-10-15,中泰证券,,,1,1,2024-06-07 17:53:33,2022-10-16 13:43:14,1.0,,,,
600985.XSHG,2022-10-15,民生证券,,,1,1,2024-06-07 17:59:42,2022-10-16 13:59:39,1.0,,,,
600985.XSHG,2022-10-16,兴业证券,,,2,1,2024-06-07 17:55:04,2022-10-17 17:32:15,2.0,,,,
600985.XSHG,2022-10-16,国盛证券,,,1,1,2024-06-07 17:55:47,2022-10-17 17:58:01,1.0,,,,
600985.XSHG,2022-10-16,国泰海通证券,,,1,1,2024-06-07 17:56:06,2022-10-16 15:32:31,1.0,,,,
600985.XSHG,2022-10-16,广发证券,20.0000,,1,1,2024-06-07 05:37:36,2022-10-18 16:24:34,1.0,,,,
600985.XSHG,2022-10-22,中泰证券,,,1,1,2024-06-07 17:58:17,2022-10-23 13:31:38,1.0,,,,
600985.XSHG,2022-10-22,国泰海通证券,,,1,1,2024-06-07 17:59:02,2022-10-23 13:21:02,1.0,,,,
600985.XSHG,2022-10-23,民生证券,,,1,1,2024-06-07 17:53:30,2022-10-24 13:35:38,1.0,,,,
600985.XSHG,2022-10-23,国盛证券,,,1,1,2024-06-07 17:54:38,2022-10-23 17:33:23,1.0,,,,
600985.XSHG,2022-10-23,兴业证券,,,2,1,2024-06-07 17:58:20,2022-10-23 17:44:46,2.0,,,,
600985.XSHG,2022-10-24,国泰海通证券,,,1,1,2024-06-07 17:58:39,2022-10-25 18:33:02,1.0,,,,
600985.XSHG,2022-10-25,国盛证券,,,1,1,2024-06-07 17:57:28,2022-10-25 13:44:11,1.0,,,,
600985.XSHG,2022-10-27,中泰证券,,,1,1,2024-06-07 17:54:55,2022-10-30 17:08:24,1.0,,,,
600985.XSHG,2022-10-27,民生证券,,,1,1,2024-06-07 17:56:45,2022-10-28 09:02:56,1.0,,,,
600985.XSHG,2022-10-28,国泰海通证券,21.3100,M06,1,1,2024-06-07 05:36:13,2022-11-01 15:18:39,1.0,21.31,,,
600985.XSHG,2022-10-28,国盛证券,,,1,1,2024-06-07 17:56:53,2022-10-30 10:09:56,1.0,,,,
600985.XSHG,2022-10-29,开源证券,,,1,1,2024-06-07 17:53:43,2022-11-01 13:44:16,1.0,,,,
600985.XSHG,2022-10-29,中泰证券,,,1,1,2024-06-07 17:54:32,2022-11-06 11:35:59,1.0,,,,
600985.XSHG,2022-10-29,海通证券,21.1800,M06,2,1,2024-06-07 05:37:16,2022-11-02 18:21:36,2.0,21.18,,,
600985.XSHG,2022-10-30,开源证券,,,1,1,2024-06-07 17:52:39,2022-11-06 14:21:42,1.0,,,,
600985.XSHG,2022-10-30,广发证券,20.0000,,1,1,2024-06-07 05:36:37,2022-11-01 19:06:34,1.0,,,,
600985.XSHG,2022-10-30,民生证券,,,1,1,2024-06-07 17:55:27,2022-11-03 22:58:02,1.0,,,,
600985.XSHG,2022-10-30,国泰海通证券,,,1,1,2024-06-07 17:56:06,2022-11-06 11:34:20,1.0,,,,
600985.XSHG,2022-10-30,长江证券,,,1,1,2024-06-07 17:56:50,2022-10-31 11:01:19,1.0,,,,
600985.XSHG,2022-10-30,兴业证券,,,2,1,2024-06-07 17:56:53,2022-11-03 13:12:35,2.0,,,,
600985.XSHG,2022-10-30,国盛证券,,,1,1,2024-06-07 18:00:39,2022-11-06 11:07:40,1.0,,,,
600985.XSHG,2022-10-31,国泰海通证券,,,1,1,2024-06-07 17:53:41,2022-11-04 15:27:30,1.0,,,,
600985.XSHG,2022-10-31,国盛证券,,,1,1,2024-06-07 17:55:59,2022-11-06 14:15:23,1.0,,,,
600985.XSHG,2022-11-01,国泰海通证券,,,1,1,2024-06-07 17:59:08,2022-11-03 23:26:28,1.0,,,,
600985.XSHG,2022-11-05,中泰证券,,,1,1,2024-06-07 17:58:15,2022-11-07 15:55:26,1.0,,,,
600985.XSHG,2022-11-05,民生证券,,,1,1,2024-06-07 17:59:12,2022-11-07 21:06:49,1.0,,,,
600985.XSHG,2022-11-06,国泰海通证券,,,1,1,2024-06-07 17:53:22,2022-11-07 16:20:30,1.0,,,,
600985.XSHG,2022-11-06,兴业证券,,,2,1,2024-06-07 17:59:48,2022-11-07 08:59:38,2.0,,,,
600985.XSHG,2022-11-06,民生证券,,,1,1,2024-06-07 18:00:58,2022-11-06 16:57:27,1.0,,,,
600985.XSHG,2022-11-07,开源证券,,,1,1,2024-06-07 17:54:05,2022-11-08 17:29:34,1.0,,,,
600985.XSHG,2022-11-07,国盛证券,,,1,1,2024-06-07 17:56:00,2022-11-08 14:47:39,1.0,,,,
600985.XSHG,2022-11-08,国盛证券,,,1,1,2024-06-07 17:55:46,2022-11-08 16:43:52,1.0,,,,
600985.XSHG,2022-11-08,国泰海通证券,,,1,1,2024-06-07 17:57:30,2022-11-09 14:37:51,1.0,,,,
600985.XSHG,2022-11-12,民生证券,,,1,1,2024-06-07 17:53:26,2022-11-13 14:39:28,1.0,,,,
600985.XSHG,2022-11-12,中泰证券,,,1,1,2024-06-07 17:53:38,2022-11-13 13:13:11,1.0,,,,
600985.XSHG,2022-11-13,国盛证券,,,1,1,2024-06-07 17:54:17,2022-11-14 14:36:35,1.0,,,,
600985.XSHG,2022-11-13,开源证券,,,1,1,2024-06-07 17:54:44,2022-11-15 16:30:28,1.0,,,,
600985.XSHG,2022-11-13,广发证券,20.0000,,1,1,2024-06-07 05:37:19,2022-11-17 14:39:29,1.0,,,,
600985.XSHG,2022-11-13,兴业证券,,,2,1,2024-06-07 17:57:54,2022-11-13 12:59:13,2.0,,,,
600985.XSHG,2022-11-14,国信证券,17.2200,M06,1,1,2024-06-07 05:37:44,2022-11-15 15:23:52,1.0,17.22,,,
600985.XSHG,2022-11-15,开源证券,,,1,1,2024-06-07 17:54:59,2022-11-15 17:52:16,1.0,,,,
600985.XSHG,2022-11-15,国泰海通证券,,,1,1,2024-06-07 17:58:54,2022-11-16 15:37:44,1.0,,,,
600985.XSHG,2022-11-15,兴业证券,,,2,1,2024-06-07 18:00:33,2022-11-15 17:40:04,2.0,,,,
600985.XSHG,2022-11-16,国盛证券,,,1,1,2024-06-07 17:59:54,2022-11-16 16:11:49,1.0,,,,
600985.XSHG,2022-11-18,中泰证券,,,1,1,2024-06-07 17:57:42,2022-11-20 14:25:04,1.0,,,,
600985.XSHG,2022-11-19,民生证券,,,1,1,2024-06-07 17:58:50,2022-11-20 13:31:23,1.0,,,,
600985.XSHG,2022-11-19,国泰海通证券,,,1,1,2024-06-07 17:58:54,2022-11-20 13:35:05,1.0,,,,
600985.XSHG,2022-11-20,兴业证券,,,2,1,2024-06-07 17:53:47,2022-11-20 16:04:24,2.0,,,,
600985.XSHG,2022-11-20,广发证券,20.0000,,1,1,2024-06-07 05:36:27,2022-11-21 16:56:57,1.0,,,,
600985.XSHG,2022-11-20,开源证券,,,1,1,2024-06-07 17:56:50,2022-11-23 16:36:33,1.0,,,,
600985.XSHG,2022-11-20,国盛证券,,,1,1,2024-06-07 17:58:39,2022-11-21 14:15:27,1.0,,,,
600985.XSHG,2022-11-20,国信证券,,,1,1,2024-06-07 17:58:41,2022-11-21 16:42:01,1.0,,,,
600985.XSHG,2022-11-22,国泰海通证券,,,1,1,2024-06-07 17:57:26,2022-11-23 10:57:32,1.0,,,,
600985.XSHG,2022-11-26,国泰海通证券,,,1,1,2024-06-07 17:57:14,2022-11-27 09:58:27,1.0,,,,
600985.XSHG,2022-11-26,中泰证券,,,1,1,2024-06-07 17:59:28,2022-11-27 11:35:44,1.0,,,,
600985.XSHG,2022-11-27,民生证券,,,1,1,2024-06-07 17:53:32,2022-11-28 14:40:25,1.0,,,,
600985.XSHG,2022-11-27,国盛证券,,,1,1,2024-06-07 17:55:57,2022-11-28 13:55:44,1.0,,,,
600985.XSHG,2022-11-27,开源证券,,,1,1,2024-06-07 17:58:55,2022-11-29 15:39:38,1.0,,,,
600985.XSHG,2022-11-27,国信证券,,,1,1,2024-06-07 18:01:00,2022-11-28 17:39:39,1.0,,,,
600985.XSHG,2022-11-28,国信证券,,,1,1,2024-06-07 17:59:23,2022-12-13 15:43:55,1.0,,,,
600985.XSHG,2022-12-01,国信证券,,,1,1,2024-06-07 17:53:52,2022-12-02 16:06:43,1.0,,,,
600985.XSHG,2022-12-02,开源证券,,,1,1,2024-06-07 17:53:28,2022-12-02 16:08:17,1.0,,,,
600985.XSHG,2022-12-02,国泰海通证券,,,1,1,2024-06-07 17:54:58,2022-12-04 13:01:04,1.0,,,,
600985.XSHG,2022-12-03,民生证券,,,1,1,2024-06-07 17:53:07,2022-12-04 11:02:56,1.0,,,,
600985.XSHG,2022-12-03,中泰证券,,,1,1,2024-06-07 17:55:26,2022-12-05 13:35:41,1.0,,,,
600985.XSHG,2022-12-04,兴业证券,,,2,1,2024-06-07 17:54:09,2022-12-04 17:43:38,2.0,,,,
600985.XSHG,2022-12-04,开源证券,,,1,1,2024-06-07 17:54:18,2022-12-07 16:17:04,1.0,,,,
600985.XSHG,2022-12-04,广发证券,20.0000,,1,1,2024-06-07 05:37:03,2022-12-05 16:38:41,1.0,,,,
600985.XSHG,2022-12-04,国信证券,,,1,1,2024-06-07 17:56:46,2022-12-05 20:01:12,1.0,,,,
600985.XSHG,2022-12-04,国盛证券,,,1,1,2024-06-07 17:57:46,2022-12-04 18:21:54,1.0,,,,
600985.XSHG,2022-12-05,国泰海通证券,,,1,1,2024-06-07 17:55:05,2022-12-06 12:06:20,1.0,,,,
600985.XSHG,2022-12-09,中泰证券,,,1,1,2024-06-07 17:55:27,2022-12-11 13:43:08,1.0,,,,
600985.XSHG,2022-12-10,民生证券,,,1,1,2024-06-07 17:55:03,2022-12-11 13:50:41,1.0,,,,
600985.XSHG,2022-12-10,国泰海通证券,,,1,1,2024-06-07 18:00:49,2022-12-11 18:34:23,1.0,,,,
600985.XSHG,2022-12-11,兴业证券,,,2,1,2024-06-07 17:57:36,2022-12-12 14:52:18,2.0,,,,
600985.XSHG,2022-12-11,国盛证券,,,1,1,2024-06-07 17:57:47,2022-12-12 14:47:48,1.0,,,,
600985.XSHG,2022-12-11,开源证券,,,1,1,2024-06-07 17:58:04,2022-12-13 12:12:25,1.0,,,,
600985.XSHG,2022-12-11,国信证券,,,1,1,2024-06-07 17:58:28,2022-12-12 13:48:41,1.0,,,,
600985.XSHG,2022-12-11,广发证券,20.0000,,1,1,2024-06-07 05:38:10,2022-12-12 15:24:57,1.0,,,,
600985.XSHG,2022-12-14,国泰海通证券,,,1,1,2024-06-07 17:59:38,2022-12-14 14:09:34,1.0,,,,
600985.XSHG,2022-12-15,国泰海通证券,,,1,1,2024-06-07 17:57:39,2022-12-16 12:18:33,1.0,,,,
600985.XSHG,2022-12-16,中泰证券,,,1,1,2024-06-07 18:00:47,2022-12-18 14:14:55,1.0,,,,
600985.XSHG,2022-12-17,国泰海通证券,,,1,1,2024-06-07 17:53:46,2022-12-18 13:54:54,1.0,,,,
600985.XSHG,2022-12-17,民生证券,,,1,1,2024-06-07 17:55:57,2022-12-18 13:56:22,1.0,,,,
600985.XSHG,2022-12-18,广发证券,20.0000,,1,1,2024-06-07 05:36:07,2022-12-19 13:09:19,1.0,,,,
600985.XSHG,2022-12-18,国盛证券,,,1,1,2024-06-07 17:56:06,2022-12-18 16:28:43,1.0,,,,
600985.XSHG,2022-12-18,国信证券,,,1,1,2024-06-07 17:56:38,2022-12-19 13:01:21,1.0,,,,
600985.XSHG,2022-12-19,兴业证券,,,2,1,2024-06-07 17:58:38,2022-12-20 13:16:35,2.0,,,,
600985.XSHG,2022-12-24,国泰海通证券,,,1,1,2024-06-07 17:56:07,2022-12-25 18:00:25,1.0,,,,
600985.XSHG,2022-12-24,中泰证券,,,1,1,2024-06-07 17:56:38,2022-12-25 14:17:42,1.0,,,,
600985.XSHG,2022-12-25,国盛证券,,,1,1,2024-06-07 17:54:34,2022-12-26 12:09:30,1.0,,,,
600985.XSHG,2022-12-25,广发证券,20.0000,,1,1,2024-06-07 05:36:54,2022-12-27 11:02:00,1.0,,,,
600985.XSHG,2022-12-25,兴业证券,,,2,1,2024-06-07 17:56:45,2022-12-27 11:09:00,2.0,,,,
600985.XSHG,2022-12-25,民生证券,,,1,1,2024-06-07 17:57:28,2022-12-25 15:46:10,1.0,,,,
600985.XSHG,2022-12-25,国信证券,,,1,1,2024-06-07 17:58:12,2022-12-26 10:48:26,1.0,,,,
600985.XSHG,2022-12-25,开源证券,,,1,1,2024-06-07 18:00:00,2022-12-26 15:35:55,1.0,,,,
600985.XSHG,2022-12-30,中泰证券,,,1,1,2024-06-07 17:57:24,2023-01-02 15:07:39,1.0,,,,
600985.XSHG,2022-12-31,民生证券,,,1,1,2024-06-07 17:54:03,2023-01-02 16:03:42,1.0,,,,
600985.XSHG,2023-01-01,兴业证券,,,2,1,2024-06-07 17:58:49,2023-01-02 16:16:26,2.0,,,,
600985.XSHG,2023-01-02,民生证券,,,1,1,2024-06-07 17:53:33,2023-01-03 13:34:56,1.0,,,,
600985.XSHG,2023-01-02,国盛证券,,,1,1,2024-06-07 17:54:23,2023-01-02 17:36:52,1.0,,,,
600985.XSHG,2023-01-02,国泰海通证券,,,1,1,2024-06-07 17:55:14,2023-01-02 16:45:54,1.0,,,,
600985.XSHG,2023-01-02,国信证券,,,1,1,2024-06-07 17:58:03,2023-01-03 13:40:31,1.0,,,,
600985.XSHG,2023-01-02,广发证券,20.0000,,1,1,2024-06-07 05:37:34,2023-01-04 16:46:31,1.0,,,,
600985.XSHG,2023-01-02,开源证券,,,1,1,2024-06-07 17:59:14,2023-01-03 14:05:21,1.0,,,,
600985.XSHG,2023-01-06,中泰证券,,,1,1,2024-06-07 17:54:05,2023-01-08 17:05:37,1.0,,,,
600985.XSHG,2023-01-08,国信证券,,,1,1,2024-06-07 17:53:56,2023-01-09 15:50:54,1.0,,,,
600985.XSHG,2023-01-08,国泰海通证券,,,1,1,2024-06-07 17:54:09,2023-01-08 15:56:32,1.0,,,,
600985.XSHG,2023-01-08,广发证券,20.0000,,1,1,2024-06-07 05:37:08,2023-01-11 10:05:32,1.0,,,,
600985.XSHG,2023-01-08,民生证券,,,1,1,2024-06-07 17:58:33,2023-01-08 17:47:27,1.0,,,,
600985.XSHG,2023-01-08,国盛证券,,,1,1,2024-06-07 17:59:50,2023-01-09 14:44:24,1.0,,,,
600985.XSHG,2023-01-09,兴业证券,,,2,1,2024-06-07 17:56:09,2023-01-09 13:55:23,2.0,,,,
600985.XSHG,2023-01-12,民生证券,,,1,1,2024-06-07 17:55:47,2023-01-13 16:01:24,1.0,,,,
600985.XSHG,2023-01-13,中泰证券,,,1,1,2024-06-07 17:59:04,2023-01-15 13:58:38,1.0,,,,
600985.XSHG,2023-01-14,国泰海通证券,,,1,1,2024-06-07 17:55:58,2023-01-15 13:36:11,1.0,,,,
600985.XSHG,2023-01-14,民生证券,,,1,1,2024-06-07 17:59:47,2023-01-15 13:43:04,1.0,,,,
600985.XSHG,2023-01-15,国信证券,,,1,1,2024-06-07 17:53:43,2023-01-16 18:22:42,1.0,,,,
600985.XSHG,2023-01-15,国盛证券,,,1,1,2024-06-07 17:55:01,2023-01-16 14:42:49,1.0,,,,
600985.XSHG,2023-01-15,开源证券,,,1,1,2024-06-07 17:56:28,2023-01-16 15:54:50,1.0,,,,
600985.XSHG,2023-01-15,兴业证券,,,2,1,2024-06-07 17:56:41,2023-01-16 15:13:41,2.0,,,,
600985.XSHG,2023-01-15,广发证券,20.0000,,1,1,2024-06-07 05:37:42,2023-01-16 15:01:29,1.0,,,,
600985.XSHG,2023-01-16,信达证券,,,1,1,2024-06-07 17:53:27,2023-01-17 09:51:49,1.0,,,,
600985.XSHG,2023-01-18,国泰海通证券,,,1,1,2024-06-07 17:57:11,2023-01-19 18:37:00,1.0,,,,
600985.XSHG,2023-01-28,兴业证券,,,2,1,2024-06-07 17:54:15,2023-01-31 16:43:07,2.0,,,,
600985.XSHG,2023-01-28,民生证券,,,1,1,2024-06-07 17:54:50,2023-01-29 14:31:14,1.0,,,,
600985.XSHG,2023-01-29,开源证券,,,1,1,2024-06-07 17:52:47,2023-01-31 16:00:29,1.0,,,,
600985.XSHG,2023-01-29,广发证券,20.0000,,1,1,2024-06-07 05:36:15,2023-01-30 21:03:58,1.0,,,,
600985.XSHG,2023-01-29,民生证券,,,1,1,2024-06-07 17:57:57,2023-01-30 21:35:40,1.0,,,,
600985.XSHG,2023-01-29,国盛证券,,,1,1,2024-06-07 17:58:16,2023-01-30 16:05:52,1.0,,,,
600985.XSHG,2023-01-29,中泰证券,,,1,1,2024-06-07 17:59:54,2023-01-30 16:22:11,1.0,,,,
600985.XSHG,2023-01-29,国信证券,,,1,1,2024-06-07 18:00:56,2023-01-30 18:04:22,1.0,,,,
600985.XSHG,2023-01-31,广发证券,20.0000,,1,1,2024-06-07 05:36:20,2023-02-09 17:27:48,1.0,,,,
600985.XSHG,2023-02-04,中泰证券,,,1,1,2024-06-07 17:56:55,2023-02-06 17:27:29,1.0,,,,
600985.XSHG,2023-02-04,民生证券,,,1,1,2024-06-07 18:00:58,2023-02-05 11:22:08,1.0,,,,
600985.XSHG,2023-02-05,广发证券,20.0000,M06,1,1,2024-06-07 05:36:05,2023-02-07 17:28:47,1.0,20.0,,,
600985.XSHG,2023-02-05,国泰海通证券,,,1,1,2024-06-07 17:53:01,2023-02-05 17:00:42,1.0,,,,
600985.XSHG,2023-02-05,国盛证券,,,1,1,2024-06-07 17:56:52,2023-02-06 15:16:29,1.0,,,,
600985.XSHG,2023-02-05,兴业证券,,,2,1,2024-06-07 17:56:59,2023-02-05 16:20:36,2.0,,,,
600985.XSHG,2023-02-05,国信证券,,,1,1,2024-06-07 17:59:00,2023-02-06 15:52:02,1.0,,,,
600985.XSHG,2023-02-07,广发证券,20.0000,,1,1,2024-06-07 05:38:05,2023-02-08 14:32:05,1.0,,,,
600985.XSHG,2023-02-10,南京证券,,,2,1,2024-06-07 17:56:59,2023-03-07 15:28:01,2.0,,,,
600985.XSHG,2023-02-11,中泰证券,,,1,1,2024-06-07 17:56:47,2023-02-13 15:36:44,1.0,,,,
600985.XSHG,2023-02-12,国泰海通证券,,,1,1,2024-06-07 17:53:58,2023-02-12 14:32:56,1.0,,,,
600985.XSHG,2023-02-12,广发证券,20.0000,M06,1,1,2024-06-07 05:36:42,2023-02-13 15:56:50,1.0,20.0,,,
600985.XSHG,2023-02-12,兴业证券,,,2,1,2024-06-07 17:56:59,2023-02-12 14:22:20,2.0,,,,
600985.XSHG,2023-02-12,开源证券,,,1,1,2024-06-07 17:57:50,2023-02-13 16:01:37,1.0,,,,
600985.XSHG,2023-02-12,国信证券,,,1,1,2024-06-07 17:57:54,2023-02-13 17:39:43,1.0,,,,
600985.XSHG,2023-02-12,国盛证券,,,1,1,2024-06-07 17:59:55,2023-02-12 14:25:49,1.0,,,,
600985.XSHG,2023-02-12,民生证券,,,1,1,2024-06-07 18:00:21,2023-02-12 14:33:57,1.0,,,,
600985.XSHG,2023-02-14,国盛证券,,,1,1,2024-06-07 17:53:54,2023-02-14 11:33:39,1.0,,,,
600985.XSHG,2023-02-18,中泰证券,,,1,1,2024-06-07 17:53:42,2023-02-21 16:30:46,1.0,,,,
600985.XSHG,2023-02-18,民生证券,,,1,1,2024-06-07 17:57:13,2023-02-19 17:22:23,1.0,,,,
600985.XSHG,2023-02-18,国泰海通证券,,,1,1,2024-06-07 17:59:52,2023-02-20 14:23:55,1.0,,,,
600985.XSHG,2023-02-19,兴业证券,,,2,1,2024-06-07 17:53:41,2023-02-21 13:31:55,2.0,,,,
600985.XSHG,2023-02-19,广发证券,20.0000,,1,1,2024-06-07 05:36:35,2023-02-21 13:03:32,1.0,,,,
600985.XSHG,2023-02-19,开源证券,,,1,1,2024-06-07 17:56:15,2023-02-20 15:15:36,1.0,,,,
600985.XSHG,2023-02-19,国信证券,,,1,1,2024-06-07 17:59:27,2023-02-20 18:10:37,1.0,,,,
600985.XSHG,2023-02-23,广发证券,20.0000,,1,1,2024-06-07 05:37:54,2023-02-24 11:44:08,1.0,,,,
600985.XSHG,2023-02-25,中泰证券,,,1,1,2024-06-07 17:55:45,2023-02-28 17:55:29,1.0,,,,
600985.XSHG,2023-02-25,国泰海通证券,,,1,1,2024-06-07 18:00:01,2023-02-26 13:23:08,1.0,,,,
600985.XSHG,2023-02-26,兴业证券,,,2,1,2024-06-07 17:56:19,2023-02-26 11:48:48,2.0,,,,
600985.XSHG,2023-02-26,民生证券,,,1,1,2024-06-07 17:56:25,2023-02-26 16:32:49,1.0,,,,
600985.XSHG,2023-02-26,开源证券,,,1,1,2024-06-07 17:56:49,2023-02-27 13:32:28,1.0,,,,
600985.XSHG,2023-02-26,广发证券,20.0000,,1,1,2024-06-07 05:37:43,2023-02-27 20:48:29,1.0,,,,
600985.XSHG,2023-02-28,国信证券,,,1,1,2024-06-07 17:54:09,2023-02-28 17:50:33,1.0,,,,
600985.XSHG,2023-03-04,中泰证券,,,1,1,2024-06-07 17:54:35,2023-03-06 11:50:12,1.0,,,,
600985.XSHG,2023-03-05,国信证券,,,1,1,2024-06-07 17:53:32,2023-03-06 15:48:16,1.0,,,,
600985.XSHG,2023-03-05,国泰海通证券,,,1,1,2024-06-07 17:54:43,2023-03-05 13:15:25,1.0,,,,
600985.XSHG,2023-03-05,民生证券,,,1,1,2024-06-07 17:57:14,2023-03-05 16:51:00,1.0,,,,
600985.XSHG,2023-03-05,兴业证券,,,2,1,2024-06-07 17:59:11,2023-03-06 17:26:18,2.0,,,,
600985.XSHG,2023-03-05,开源证券,,,1,1,2024-06-07 18:00:49,2023-03-06 11:34:31,1.0,,,,
600985.XSHG,2023-03-05,广发证券,20.0000,M06,1,1,2024-06-07 05:38:12,2023-03-08 16:54:26,1.0,20.0,,,
600985.XSHG,2023-03-11,国泰海通证券,,,1,1,2024-06-07 17:55:45,2023-03-12 14:56:52,1.0,,,,
600985.XSHG,2023-03-11,中泰证券,,,1,1,2024-06-07 17:56:52,2023-03-12 17:00:18,1.0,,,,
600985.XSHG,2023-03-12,民生证券,,,1,1,2024-06-07 17:52:39,2023-03-13 16:24:03,1.0,,,,
600985.XSHG,2023-03-12,广发证券,20.0000,,1,1,2024-06-07 05:36:25,2023-03-13 17:42:06,1.0,,,,
600985.XSHG,2023-03-12,兴业证券,,,2,1,2024-06-07 18:00:19,2023-03-12 16:59:02,2.0,,,,
600985.XSHG,2023-03-13,国信证券,,,1,1,2024-06-07 17:54:01,2023-03-13 13:22:56,1.0,,,,
600985.XSHG,2023-03-15,国泰海通证券,,,1,1,2024-06-07 17:58:58,2023-03-16 13:24:59,1.0,,,,
600985.XSHG,2023-03-18,开源证券,,,1,1,2024-06-07 17:55:36,2023-03-19 16:42:01,1.0,,,,
600985.XSHG,2023-03-18,中泰证券,,,1,1,2024-06-07 17:58:19,2023-03-19 18:15:08,1.0,,,,
600985.XSHG,2023-03-18,民生证券,,,1,1,2024-06-07 18:00:20,2023-03-19 13:21:03,1.0,,,,
600985.XSHG,2023-03-19,兴业证券,,,2,1,2024-06-07 17:58:09,2023-03-20 12:56:31,2.0,,,,
600985.XSHG,2023-03-19,国泰海通证券,,,1,1,2024-06-07 17:58:37,2023-03-19 18:30:00,1.0,,,,
600985.XSHG,2023-03-19,广发证券,20.0000,,1,1,2024-06-07 05:37:41,2023-03-20 16:10:53,1.0,,,,
600985.XSHG,2023-03-20,国信证券,,,1,1,2024-06-07 17:58:02,2023-03-20 16:00:37,1.0,,,,
600985.XSHG,2023-03-26,广发证券,20.0000,,1,1,2024-06-07 05:36:09,2023-03-27 16:46:20,1.0,,,,
600985.XSHG,2023-03-26,开源证券,,,1,1,2024-06-07 17:53:38,2023-03-28 13:24:41,1.0,,,,
600985.XSHG,2023-03-26,中泰证券,,,1,1,2024-06-07 17:57:55,2023-03-27 18:04:14,1.0,,,,
600985.XSHG,2023-03-26,兴业证券,,,2,1,2024-06-07 17:58:05,2023-03-26 15:25:14,2.0,,,,
600985.XSHG,2023-03-26,国泰海通证券,,,1,1,2024-06-07 17:58:10,2023-03-27 15:36:21,1.0,,,,
600985.XSHG,2023-03-28,中泰证券,,,1,1,2024-06-07 17:57:23,2023-03-29 12:43:19,1.0,,,,
600985.XSHG,2023-03-29,民生证券,,,1,1,2024-06-07 17:54:33,2023-03-29 12:42:24,1.0,,,,
600985.XSHG,2023-03-29,开源证券,,,1,1,2024-06-07 17:55:18,2023-03-29 19:13:49,1.0,,,,
600985.XSHG,2023-03-29,国海证券,,,1,1,2024-06-07 17:56:01,2023-03-29 21:07:43,1.0,,,,
600985.XSHG,2023-03-29,国泰海通证券,21.3100,M06,1,1,2024-06-07 05:37:30,2023-03-29 14:41:41,1.0,21.31,,,
600985.XSHG,2023-03-29,信达证券,,,1,1,2024-06-07 17:58:26,2023-03-29 11:36:51,1.0,,,,
600985.XSHG,2023-03-30,中信证券,16.0000,M06,1,1,2024-06-07 05:36:14,2023-03-30 16:34:33,1.0,16.0,,,
600985.XSHG,2023-03-30,国泰海通证券,,,1,1,2024-06-07 17:53:19,2023-03-31 13:34:43,1.0,,,,
600985.XSHG,2023-03-30,国信证券,,,1,1,2024-06-07 17:56:28,2023-03-31 02:54:33,1.0,,,,
600985.XSHG,2023-03-30,兴业证券,,,2,1,2024-06-07 17:58:09,2023-03-30 12:21:50,2.0,,,,
600985.XSHG,2023-03-30,长江证券,,,1,1,2024-06-07 17:58:45,2023-04-02 10:51:11,1.0,,,,
600985.XSHG,2023-03-31,首创证券,,,1,1,2024-06-07 17:59:58,2023-04-13 16:08:56,1.0,,,,
600985.XSHG,2023-04-01,中泰证券,,,1,1,2024-06-07 17:56:31,2023-04-02 14:50:25,1.0,,,,
600985.XSHG,2023-04-02,兴业证券,,,2,1,2024-06-07 17:53:36,2023-04-03 18:53:47,2.0,,,,
600985.XSHG,2023-04-02,国信证券,,,1,1,2024-06-07 17:58:13,2023-04-06 18:32:43,1.0,,,,
600985.XSHG,2023-04-02,国泰海通证券,,,1,1,2024-06-07 17:58:17,2023-04-02 14:14:32,1.0,,,,
600985.XSHG,2023-04-02,国海证券,,,1,1,2024-06-07 17:58:36,2023-04-03 18:06:42,1.0,,,,
600985.XSHG,2023-04-04,国盛证券,,,1,1,2024-06-07 17:55:23,2023-04-04 19:14:49,1.0,,,,
600985.XSHG,2023-04-04,海通证券,19.0150,M06,2,1,2024-06-07 05:37:00,2023-04-04 10:31:25,2.0,19.015,,,
600985.XSHG,2023-04-08,国泰海通证券,,,1,1,2024-06-07 17:55:02,2023-04-09 14:18:30,1.0,,,,
600985.XSHG,2023-04-08,中泰证券,,,1,1,2024-06-07 18:01:16,2023-04-11 16:39:52,1.0,,,,
600985.XSHG,2023-04-09,国海证券,,,1,1,2024-06-07 17:52:56,2023-04-11 14:52:03,1.0,,,,
600985.XSHG,2023-04-09,华创证券,15.0500,M06,2,1,2024-06-07 05:36:35,2023-04-09 17:32:23,2.0,15.05,,,
600985.XSHG,2023-04-09,兴业证券,,,2,1,2024-06-07 18:00:19,2023-04-09 18:31:04,2.0,,,,
600985.XSHG,2023-04-10,国信证券,,,1,1,2024-06-07 18:00:11,2023-04-11 16:05:37,1.0,,,,
600985.XSHG,2023-04-15,中泰证券,,,1,1,2024-06-07 17:57:09,2023-04-17 14:24:08,1.0,,,,
600985.XSHG,2023-04-15,国泰海通证券,21.3100,M06,1,1,2024-06-07 05:37:34,2023-04-15 18:03:43,1.0,21.31,,,
600985.XSHG,2023-04-16,开源证券,,,1,1,2024-06-07 17:55:49,2023-04-17 16:34:20,1.0,,,,
600985.XSHG,2023-04-16,国海证券,,,1,1,2024-06-07 17:57:07,2023-04-17 13:03:39,1.0,,,,
600985.XSHG,2023-04-16,兴业证券,,,2,1,2024-06-07 17:57:19,2023-04-16 14:56:51,2.0,,,,
600985.XSHG,2023-04-16,国信证券,,,1,1,2024-06-07 17:59:47,2023-04-18 13:23:27,1.0,,,,
600985.XSHG,2023-04-17,广发证券,20.0000,M06,1,1,2024-06-07 05:37:29,2023-04-18 12:23:26,1.0,20.0,,,
600985.XSHG,2023-04-19,国泰海通证券,,,1,1,2024-06-07 17:52:55,2023-04-19 12:34:09,1.0,,,,
600985.XSHG,2023-04-22,中泰证券,,,1,1,2024-06-07 17:57:40,2023-04-25 15:27:07,1.0,,,,
600985.XSHG,2023-04-23,国泰海通证券,,,1,1,2024-06-07 17:53:14,2023-04-23 15:30:03,1.0,,,,
600985.XSHG,2023-04-23,兴业证券,,,2,1,2024-06-07 17:58:38,2023-04-23 17:41:08,2.0,,,,
600985.XSHG,2023-04-23,国海证券,,,1,1,2024-06-07 17:59:44,2023-04-26 18:08:30,1.0,,,,
600985.XSHG,2023-04-23,国信证券,,,1,1,2024-06-07 18:01:09,2023-04-24 13:55:12,1.0,,,,
600985.XSHG,2023-04-27,民生证券,,,1,1,2024-06-07 17:57:36,2023-04-28 00:46:19,1.0,,,,
600985.XSHG,2023-04-28,长江证券,,,1,1,2024-06-07 17:55:52,2023-05-03 17:48:49,1.0,,,,
600985.XSHG,2023-04-28,国盛证券,,,1,1,2024-06-07 18:00:23,2023-04-28 19:31:07,1.0,,,,
600985.XSHG,2023-04-28,开源证券,,,1,1,2024-06-07 18:00:37,2023-04-28 16:28:03,1.0,,,,
600985.XSHG,2023-04-28,信达证券,,,1,1,2024-06-07 18:01:01,2023-04-28 19:46:39,1.0,,,,
600985.XSHG,2023-05-02,广发证券,20.0000,,1,1,2024-06-07 05:36:20,2023-05-10 17:51:14,1.0,,,,
600985.XSHG,2023-05-03,国泰海通证券,,,1,1,2024-06-07 17:53:48,2023-05-09 11:43:28,1.0,,,,
600985.XSHG,2023-05-03,国海证券,,,1,1,2024-06-07 17:56:01,2023-05-05 17:53:38,1.0,,,,
600985.XSHG,2023-05-04,国海证券,,,1,1,2024-06-07 17:53:01,2023-05-04 12:26:44,1.0,,,,
600985.XSHG,2023-05-04,国信证券,,,1,1,2024-06-07 17:53:59,2023-05-09 18:49:32,1.0,,,,
600985.XSHG,2023-05-05,开源证券,,,1,1,2024-06-07 17:56:35,2023-05-09 18:55:37,1.0,,,,
600985.XSHG,2023-05-05,国海证券,,,1,1,2024-06-07 17:57:38,2023-05-09 18:22:53,1.0,,,,
600985.XSHG,2023-05-06,中泰证券,,,1,1,2024-06-07 17:56:10,2023-05-10 15:20:23,1.0,,,,
600985.XSHG,2023-05-06,国信证券,,,1,1,2024-06-07 18:01:06,2023-05-09 17:40:48,1.0,,,,
600985.XSHG,2023-05-07,广发证券,20.0000,,1,1,2024-06-07 05:36:46,2023-05-15 14:45:29,1.0,,,,
600985.XSHG,2023-05-07,国信证券,,,1,1,2024-06-07 17:55:31,2023-05-09 17:27:00,1.0,,,,
600985.XSHG,2023-05-07,兴业证券,,,2,1,2024-06-07 17:56:45,2023-05-09 19:16:10,2.0,,,,
600985.XSHG,2023-05-07,国海证券,,,1,1,2024-06-07 17:57:41,2023-05-11 15:13:42,1.0,,,,
600985.XSHG,2023-05-10,中泰证券,,,1,1,2024-06-07 17:56:28,2023-05-12 17:02:15,1.0,,,,
600985.XSHG,2023-05-13,中泰证券,,,1,1,2024-06-07 17:58:13,2023-05-17 12:20:44,1.0,,,,
600985.XSHG,2023-05-14,兴业证券,,,2,1,2024-06-07 17:53:40,2023-05-14 18:18:25,2.0,,,,
600985.XSHG,2023-05-14,开源证券,,,1,1,2024-06-07 17:55:42,2023-05-15 13:49:38,1.0,,,,
600985.XSHG,2023-05-14,国泰海通证券,,,1,1,2024-06-07 17:57:42,2023-05-14 18:07:29,1.0,,,,
600985.XSHG,2023-05-14,广发证券,20.0000,,1,1,2024-06-07 05:37:32,2023-05-15 16:02:59,1.0,,,,
600985.XSHG,2023-05-14,国海证券,,,1,1,2024-06-07 17:59:38,2023-05-15 15:44:24,1.0,,,,
600985.XSHG,2023-05-14,国信证券,,,1,1,2024-06-07 18:00:21,2023-05-15 12:08:32,1.0,,,,
600985.XSHG,2023-05-16,国泰海通证券,,,1,1,2024-06-07 17:53:42,2023-05-17 11:26:16,1.0,,,,
600985.XSHG,2023-05-20,国泰海通证券,,,1,1,2024-06-07 17:55:27,2023-05-21 17:51:19,1.0,,,,
600985.XSHG,2023-05-20,中泰证券,,,1,1,2024-06-07 17:55:46,2023-05-22 14:15:36,1.0,,,,
600985.XSHG,2023-05-21,国海证券,,,1,1,2024-06-07 17:58:09,2023-05-22 15:59:13,1.0,,,,
600985.XSHG,2023-05-21,国信证券,,,1,1,2024-06-07 17:58:28,2023-05-22 13:54:57,1.0,,,,
600985.XSHG,2023-05-21,兴业证券,,,2,1,2024-06-07 17:59:17,2023-05-21 15:59:17,2.0,,,,
600985.XSHG,2023-05-21,开源证券,,,1,1,2024-06-07 17:59:46,2023-05-22 14:40:45,1.0,,,,
600985.XSHG,2023-05-21,广发证券,20.0000,,1,1,2024-06-07 05:37:58,2023-05-23 14:19:31,1.0,,,,
600985.XSHG,2023-05-27,中泰证券,,,1,1,2024-06-07 17:58:13,2023-05-29 13:50:17,1.0,,,,
600985.XSHG,2023-05-28,兴业证券,,,2,1,2024-06-07 17:52:41,2023-05-28 14:26:08,2.0,,,,
600985.XSHG,2023-05-28,国信证券,,,1,1,2024-06-07 17:54:37,2023-05-29 14:00:40,1.0,,,,
600985.XSHG,2023-05-28,广发证券,20.0000,,1,1,2024-06-07 05:37:17,2023-05-30 11:23:07,1.0,,,,
600985.XSHG,2023-05-28,国海证券,,,1,1,2024-06-07 17:58:38,2023-05-29 14:00:41,1.0,,,,
600985.XSHG,2023-05-28,国泰海通证券,,,1,1,2024-06-07 18:00:21,2023-05-28 13:08:15,1.0,,,,
600985.XSHG,2023-05-30,兴业证券,,,2,1,2024-06-07 17:59:19,2023-05-30 14:26:50,2.0,,,,
600985.XSHG,2023-06-03,中泰证券,,,1,1,2024-06-07 18:00:28,2023-06-04 17:54:35,1.0,,,,
600985.XSHG,2023-06-04,开源证券,,,1,1,2024-06-07 17:55:00,2023-06-04 15:53:36,1.0,,,,
600985.XSHG,2023-06-04,国泰海通证券,,,1,1,2024-06-07 17:56:33,2023-06-05 13:50:37,1.0,,,,
600985.XSHG,2023-06-04,兴业证券,,,2,1,2024-06-07 17:57:36,2023-06-04 15:20:17,2.0,,,,
600985.XSHG,2023-06-04,国海证券,,,1,1,2024-06-07 17:59:53,2023-06-05 14:23:56,1.0,,,,
600985.XSHG,2023-06-04,广发证券,20.0000,,1,1,2024-06-07 05:37:59,2023-06-05 15:17:23,1.0,,,,
600985.XSHG,2023-06-10,开源证券,,,1,1,2024-06-07 17:58:17,2023-06-11 13:22:32,1.0,,,,
600985.XSHG,2023-06-10,中泰证券,,,1,1,2024-06-07 18:00:09,2023-06-12 17:16:53,1.0,,,,
600985.XSHG,2023-06-11,国信证券,,,1,1,2024-06-07 17:53:24,2023-06-12 13:50:16,1.0,,,,
600985.XSHG,2023-06-11,国海证券,,,1,1,2024-06-07 17:57:04,2023-06-12 16:08:58,1.0,,,,
600985.XSHG,2023-06-11,兴业证券,,,2,1,2024-06-07 17:59:20,2023-06-11 17:18:57,2.0,,,,
600985.XSHG,2023-06-11,广发证券,20.0000,,1,1,2024-06-07 05:37:54,2023-06-11 17:40:29,1.0,,,,
600985.XSHG,2023-06-12,国泰海通证券,,,1,1,2024-06-07 17:52:52,2023-06-13 14:08:04,1.0,,,,
600985.XSHG,2023-06-13,德邦证券,15.9200,M06,1,1,2024-06-07 05:36:50,2023-06-13 13:50:24,1.0,15.92,,,
600985.XSHG,2023-06-17,开源证券,,,1,1,2024-06-07 17:53:50,2023-06-18 17:03:15,1.0,,,,
600985.XSHG,2023-06-17,中泰证券,,,1,1,2024-06-07 17:58:02,2023-06-20 11:00:09,1.0,,,,
600985.XSHG,2023-06-18,广发证券,20.0000,,1,1,2024-06-07 05:36:25,2023-06-19 11:43:46,1.0,,,,
600985.XSHG,2023-06-18,国泰海通证券,,,1,1,2024-06-07 17:54:06,2023-06-18 15:13:25,1.0,,,,
600985.XSHG,2023-06-18,国信证券,,,1,1,2024-06-07 17:55:35,2023-06-19 12:40:57,1.0,,,,
600985.XSHG,2023-06-18,兴业证券,,,2,1,2024-06-07 17:58:05,2023-06-18 16:37:16,2.0,,,,
600985.XSHG,2023-06-18,国海证券,,,1,1,2024-06-07 17:59:22,2023-06-19 16:33:03,1.0,,,,
600985.XSHG,2023-06-23,中泰证券,,,1,1,2024-06-07 17:54:29,2023-06-25 13:22:57,1.0,,,,
600985.XSHG,2023-06-25,广发证券,20.0000,,1,1,2024-06-07 05:36:17,2023-06-26 17:31:28,1.0,,,,
600985.XSHG,2023-06-25,开源证券,,,1,1,2024-06-07 17:57:47,2023-06-26 13:31:52,1.0,,,,
600985.XSHG,2023-06-25,国海证券,,,1,1,2024-06-07 18:00:35,2023-06-26 13:22:09,1.0,,,,
600985.XSHG,2023-06-26,兴业证券,,,2,1,2024-06-07 17:55:29,2023-06-27 11:19:44,2.0,,,,
600985.XSHG,2023-06-27,国信证券,,,1,1,2024-06-07 17:52:48,2023-06-27 12:54:53,1.0,,,,
600985.XSHG,2023-06-27,国泰海通证券,,,1,1,2024-06-07 17:53:11,2023-06-27 15:32:19,1.0,,,,
600985.XSHG,2023-07-01,中泰证券,,,1,1,2024-06-07 18:01:07,2023-07-03 15:39:58,1.0,,,,
600985.XSHG,2023-07-02,开源证券,,,1,1,2024-06-07 17:53:00,2023-07-03 11:38:06,1.0,,,,
600985.XSHG,2023-07-02,国海证券,,,1,1,2024-06-07 17:55:05,2023-07-03 16:49:52,1.0,,,,
600985.XSHG,2023-07-02,兴业证券,,,2,1,2024-06-07 17:55:52,2023-07-02 14:22:37,2.0,,,,
600985.XSHG,2023-07-02,广发证券,20.0000,,1,1,2024-06-07 05:36:57,2023-07-03 16:28:32,1.0,,,,
600985.XSHG,2023-07-02,国泰海通证券,,,1,1,2024-06-07 17:59:40,2023-07-02 17:38:56,1.0,,,,
600985.XSHG,2023-07-03,国信证券,,,1,1,2024-06-07 17:59:30,2023-07-03 17:35:10,1.0,,,,
600985.XSHG,2023-07-07,中信证券,,,1,1,2024-06-07 17:52:42,2023-07-25 14:45:46,1.0,,,,
600985.XSHG,2023-07-08,开源证券,,,1,1,2024-06-07 17:58:12,2023-07-09 15:05:40,1.0,,,,
600985.XSHG,2023-07-08,中泰证券,,,1,1,2024-06-07 18:00:17,2023-07-10 17:17:57,1.0,,,,
600985.XSHG,2023-07-08,国泰海通证券,,,1,1,2024-06-07 18:00:41,2023-07-10 11:39:34,1.0,,,,
600985.XSHG,2023-07-09,国信证券,,,1,1,2024-06-07 17:52:45,2023-07-10 16:03:27,1.0,,,,
600985.XSHG,2023-07-09,兴业证券,,,2,1,2024-06-07 17:57:22,2023-07-09 15:33:03,2.0,,,,
600985.XSHG,2023-07-09,广发证券,20.0000,,1,1,2024-06-07 05:37:55,2023-07-11 14:26:22,1.0,,,,
600985.XSHG,2023-07-09,国海证券,,,1,1,2024-06-07 18:00:50,2023-07-10 14:04:48,1.0,,,,
600985.XSHG,2023-07-15,中泰证券,,,1,1,2024-06-07 17:59:31,2023-07-19 13:10:29,1.0,,,,
600985.XSHG,2023-07-16,兴业证券,,,2,1,2024-06-07 17:53:15,2023-07-16 16:40:27,2.0,,,,
600985.XSHG,2023-07-16,国信证券,,,1,1,2024-06-07 17:53:47,2023-07-17 13:38:16,1.0,,,,
600985.XSHG,2023-07-16,国海证券,,,1,1,2024-06-07 17:58:40,2023-07-19 13:14:07,1.0,,,,
600985.XSHG,2023-07-16,广发证券,20.0000,,1,1,2024-06-07 05:37:57,2023-07-18 11:18:59,1.0,,,,
600985.XSHG,2023-07-16,国泰海通证券,,,1,1,2024-06-07 18:00:34,2023-07-17 17:34:51,1.0,,,,
600985.XSHG,2023-07-17,国泰海通证券,,,1,1,2024-06-07 17:55:46,2023-07-18 16:58:43,1.0,,,,
600985.XSHG,2023-07-18,德邦证券,,,1,1,2024-06-07 17:53:58,2023-07-19 13:23:46,1.0,,,,
600985.XSHG,2023-07-19,兴业证券,,,2,1,2024-06-07 17:54:26,2023-07-19 18:26:19,2.0,,,,
600985.XSHG,2023-07-22,中泰证券,,,1,1,2024-06-07 17:52:40,2023-07-24 12:54:11,1.0,,,,
600985.XSHG,2023-07-22,德邦证券,,,1,1,2024-06-07 17:54:46,2023-07-24 17:08:39,1.0,,,,
600985.XSHG,2023-07-23,国海证券,,,1,1,2024-06-07 17:52:52,2023-07-24 10:56:01,1.0,,,,
600985.XSHG,2023-07-23,广发证券,20.0000,,1,1,2024-06-07 05:36:11,2023-07-25 15:39:41,1.0,,,,
600985.XSHG,2023-07-23,国信证券,,,1,1,2024-06-07 17:57:51,2023-07-24 10:09:45,1.0,,,,
600985.XSHG,2023-07-23,开源证券,,,1,1,2024-06-07 17:58:49,2023-07-23 16:49:06,1.0,,,,
600985.XSHG,2023-07-23,国泰海通证券,,,1,1,2024-06-07 17:59:57,2023-07-24 11:59:49,1.0,,,,
600985.XSHG,2023-07-23,兴业证券,,,2,1,2024-06-07 18:00:14,2023-07-23 17:03:37,2.0,,,,
600985.XSHG,2023-07-25,兴业证券,,,2,1,2024-06-07 17:58:36,2023-07-25 16:44:18,2.0,,,,
600985.XSHG,2023-07-27,国信证券,,,1,1,2024-06-07 17:54:14,2023-07-27 13:50:36,1.0,,,,
600985.XSHG,2023-07-29,中泰证券,,,1,1,2024-06-07 17:59:44,2023-07-30 17:55:26,1.0,,,,
600985.XSHG,2023-07-30,兴业证券,,,2,1,2024-06-07 17:54:01,2023-07-31 13:09:37,2.0,,,,
600985.XSHG,2023-07-30,国泰海通证券,,,1,1,2024-06-07 17:54:01,2023-07-31 17:38:50,1.0,,,,
600985.XSHG,2023-07-30,国信证券,,,1,1,2024-06-07 17:55:21,2023-07-31 13:10:49,1.0,,,,
600985.XSHG,2023-07-30,国海证券,,,1,1,2024-06-07 17:58:37,2023-07-31 16:55:57,1.0,,,,
600985.XSHG,2023-07-30,广发证券,20.0000,,1,1,2024-06-07 05:37:48,2023-07-31 17:44:07,1.0,,,,
600985.XSHG,2023-08-03,开源证券,,,1,1,2024-06-07 17:56:02,2023-08-04 10:03:03,1.0,,,,
600985.XSHG,2023-08-04,广发证券,20.0000,,1,1,2024-06-07 05:36:11,2023-08-04 13:41:53,1.0,,,,
600985.XSHG,2023-08-05,国泰海通证券,,,1,1,2024-06-07 17:57:39,2023-08-07 14:34:17,1.0,,,,
600985.XSHG,2023-08-05,中泰证券,,,1,1,2024-06-07 18:00:01,2023-08-08 14:47:56,1.0,,,,
600985.XSHG,2023-08-05,开源证券,,,1,1,2024-06-07 18:00:35,2023-08-07 15:59:05,1.0,,,,
600985.XSHG,2023-08-06,国海证券,,,1,1,2024-06-07 17:53:49,2023-08-08 11:12:34,1.0,,,,
600985.XSHG,2023-08-06,广发证券,20.0000,,1,1,2024-06-07 05:36:40,2023-08-07 15:49:24,1.0,,,,
600985.XSHG,2023-08-06,德邦证券,,,1,1,2024-06-07 17:55:55,2023-08-07 14:59:44,1.0,,,,
600985.XSHG,2023-08-06,兴业证券,,,2,1,2024-06-07 17:59:59,2023-08-06 17:25:37,2.0,,,,
600985.XSHG,2023-08-06,国信证券,,,1,1,2024-06-07 18:00:24,2023-08-07 11:53:23,1.0,,,,
600985.XSHG,2023-08-12,中泰证券,,,1,1,2024-06-07 17:52:58,2023-08-14 14:46:33,1.0,,,,
600985.XSHG,2023-08-13,国海证券,,,1,1,2024-06-07 17:52:59,2023-08-14 13:47:17,1.0,,,,
600985.XSHG,2023-08-13,兴业证券,,,2,1,2024-06-07 17:54:41,2023-08-13 13:34:33,2.0,,,,
600985.XSHG,2023-08-13,广发证券,20.0000,,1,1,2024-06-07 05:36:43,2023-08-14 13:46:29,1.0,,,,
600985.XSHG,2023-08-13,国泰海通证券,,,1,1,2024-06-07 17:59:38,2023-08-15 10:42:40,1.0,,,,
600985.XSHG,2023-08-14,国信证券,,,1,1,2024-06-07 17:58:29,2023-08-14 14:39:56,1.0,,,,
600985.XSHG,2023-08-16,兴业证券,,,2,1,2024-06-07 17:53:03,2023-08-17 12:30:30,2.0,,,,
600985.XSHG,2023-08-16,德邦证券,,,1,1,2024-06-07 17:53:07,2023-08-17 11:58:31,1.0,,,,
600985.XSHG,2023-08-16,国泰海通证券,,,1,1,2024-06-07 17:58:22,2023-08-17 11:34:06,1.0,,,,
600985.XSHG,2023-08-19,中泰证券,,,1,1,2024-06-07 17:58:15,2023-08-20 18:00:55,1.0,,,,
600985.XSHG,2023-08-19,德邦证券,,,1,1,2024-06-07 17:58:29,2023-08-21 14:23:49,1.0,,,,
600985.XSHG,2023-08-20,国泰海通证券,,,1,1,2024-06-07 17:52:47,2023-08-22 12:02:17,1.0,,,,
600985.XSHG,2023-08-20,国信证券,,,1,1,2024-06-07 17:58:07,2023-08-21 12:20:24,1.0,,,,
600985.XSHG,2023-08-20,兴业证券,,,2,1,2024-06-07 17:58:33,2023-08-20 17:39:15,2.0,,,,
600985.XSHG,2023-08-20,广发证券,20.0000,,1,1,2024-06-07 05:37:54,2023-08-21 16:24:08,1.0,,,,
600985.XSHG,2023-08-20,国海证券,,,1,1,2024-06-07 18:00:51,2023-08-23 16:14:16,1.0,,,,
600985.XSHG,2023-08-26,中泰证券,,,1,1,2024-06-07 17:52:44,2023-08-28 19:04:38,1.0,,,,
600985.XSHG,2023-08-26,国泰海通证券,,,1,1,2024-06-07 17:58:40,2023-08-27 19:52:56,1.0,,,,
600985.XSHG,2023-08-27,广发证券,20.0000,,1,1,2024-06-07 05:36:33,2023-08-28 18:29:42,1.0,,,,
600985.XSHG,2023-08-27,国信证券,,,1,1,2024-06-07 17:57:04,2023-08-28 14:32:41,1.0,,,,
600985.XSHG,2023-08-27,开源证券,,,1,1,2024-06-07 18:00:16,2023-08-28 14:10:28,1.0,,,,
600985.XSHG,2023-08-27,德邦证券,,,1,1,2024-06-07 18:00:38,2023-08-28 18:17:03,1.0,,,,
600985.XSHG,2023-08-27,兴业证券,,,2,1,2024-06-07 18:01:05,2023-08-27 17:47:00,2.0,,,,
600985.XSHG,2023-08-28,国海证券,,,1,1,2024-06-07 17:58:50,2023-08-29 13:54:41,1.0,,,,
600985.XSHG,2023-08-29,中泰证券,,,1,1,2024-06-07 17:55:13,2023-08-30 13:36:29,1.0,,,,
600985.XSHG,2023-08-29,信达证券,,,1,1,2024-06-07 17:59:30,2023-08-29 22:34:13,1.0,,,,
600985.XSHG,2023-08-30,国泰海通证券,17.3400,M06,1,1,2024-06-07 05:36:23,2023-09-07 16:54:24,1.0,17.34,,,
600985.XSHG,2023-08-30,国海证券,,,1,1,2024-06-07 17:53:50,2023-09-01 16:53:19,1.0,,,,
600985.XSHG,2023-08-30,山西证券,,,2,1,2024-06-07 17:54:02,2023-08-31 13:31:34,2.0,,,,
600985.XSHG,2023-08-30,民生证券,,,1,1,2024-06-07 17:55:38,2023-08-30 15:57:00,1.0,,,,
600985.XSHG,2023-08-30,兴业证券,,,2,1,2024-06-07 17:57:51,2023-08-30 14:16:05,2.0,,,,
600985.XSHG,2023-08-30,中信证券,15.0000,M06,1,1,2024-06-07 05:37:51,2023-09-11 11:33:07,1.0,15.0,,,
600985.XSHG,2023-08-30,国盛证券,,,1,1,2024-06-07 18:00:16,2023-08-30 15:41:32,1.0,,,,
600985.XSHG,2023-09-02,中泰证券,,,1,1,2024-06-07 17:52:58,2023-09-04 13:52:43,1.0,,,,
600985.XSHG,2023-09-03,开源证券,,,1,1,2024-06-07 17:52:51,2023-09-04 13:56:07,1.0,,,,
600985.XSHG,2023-09-03,长江证券,,,1,1,2024-06-07 17:52:55,2023-09-04 15:04:18,1.0,,,,
600985.XSHG,2023-09-03,国泰海通证券,,,1,1,2024-06-07 17:53:03,2023-09-06 13:17:52,1.0,,,,
600985.XSHG,2023-09-03,广发证券,20.0000,,1,1,2024-06-07 05:36:21,2023-09-04 13:46:46,1.0,,,,
600985.XSHG,2023-09-03,国信证券,,,1,1,2024-06-07 17:54:03,2023-09-03 19:23:30,1.0,,,,
600985.XSHG,2023-09-03,国海证券,,,1,1,2024-06-07 17:55:27,2023-09-04 16:05:26,1.0,,,,
600985.XSHG,2023-09-03,兴业证券,,,2,1,2024-06-07 17:58:30,2023-09-03 15:07:25,2.0,,,,
600985.XSHG,2023-09-04,开源证券,,,1,1,2024-06-07 17:56:10,2023-09-05 09:30:07,1.0,,,,
600985.XSHG,2023-09-04,兴业证券,,,2,1,2024-06-07 17:59:56,2023-09-05 14:54:35,2.0,,,,
600985.XSHG,2023-09-04,广发证券,20.0000,,1,1,2024-06-07 05:37:57,2023-09-04 18:01:29,1.0,,,,
600985.XSHG,2023-09-05,海通证券,18.2650,M06,2,1,2024-06-07 05:37:51,2023-09-05 16:36:32,2.0,18.265,,,
600985.XSHG,2023-09-07,中信证券,,,1,1,2024-06-07 17:55:11,2023-09-13 15:18:37,1.0,,,,
600985.XSHG,2023-09-09,中泰证券,,,1,1,2024-06-07 17:53:48,2023-09-11 12:35:04,1.0,,,,
600985.XSHG,2023-09-10,广发证券,20.0000,,1,1,2024-06-07 05:36:09,2023-09-11 13:22:07,1.0,,,,
600985.XSHG,2023-09-10,国信证券,,,1,1,2024-06-07 17:53:35,2023-09-11 12:28:10,1.0,,,,
600985.XSHG,2023-09-10,开源证券,,,1,1,2024-06-07 17:55:53,2023-09-11 15:30:02,1.0,,,,
600985.XSHG,2023-09-10,国海证券,,,1,1,2024-06-07 17:56:32,2023-09-10 17:08:11,1.0,,,,
600985.XSHG,2023-09-10,国泰海通证券,,,1,1,2024-06-07 17:56:52,2023-09-12 14:06:08,1.0,,,,
600985.XSHG,2023-09-10,德邦证券,,,1,1,2024-06-07 17:57:04,2023-09-11 17:05:53,1.0,,,,
600985.XSHG,2023-09-10,兴业证券,,,2,1,2024-06-07 17:58:13,2023-09-10 16:42:04,2.0,,,,
600985.XSHG,2023-09-11,国海证券,,,1,1,2024-06-07 17:58:28,2023-09-12 15:02:13,1.0,,,,
600985.XSHG,2023-09-12,国信证券,,,1,1,2024-06-07 18:00:07,2023-09-12 20:00:17,1.0,,,,
600985.XSHG,2023-09-15,中信证券,,,1,1,2024-06-07 18:00:59,2023-09-15 14:20:23,1.0,,,,
600985.XSHG,2023-09-16,中泰证券,,,1,1,2024-06-07 17:57:34,2023-09-18 12:41:33,1.0,,,,
600985.XSHG,2023-09-17,国海证券,,,1,1,2024-06-07 17:53:59,2023-09-18 12:49:08,1.0,,,,
600985.XSHG,2023-09-17,国信证券,,,1,1,2024-06-07 17:54:12,2023-09-17 16:04:40,1.0,,,,
600985.XSHG,2023-09-17,广发证券,20.0000,,1,1,2024-06-07 05:37:23,2023-09-18 12:48:15,1.0,,,,
600985.XSHG,2023-09-17,兴业证券,,,2,1,2024-06-07 17:58:30,2023-09-17 15:32:43,2.0,,,,
600985.XSHG,2023-09-17,开源证券,,,1,1,2024-06-07 17:58:33,2023-09-18 12:00:38,1.0,,,,
600985.XSHG,2023-09-17,国泰海通证券,,,1,1,2024-06-07 18:00:58,2023-09-18 15:42:18,1.0,,,,
600985.XSHG,2023-09-18,国泰海通证券,,,1,1,2024-06-07 17:57:14,2023-09-19 13:55:20,1.0,,,,
600985.XSHG,2023-09-18,海通国际,19.6700,M06,2,1,2024-06-07 05:37:47,2023-09-19 09:16:44,2.0,19.67,,,
600985.XSHG,2023-09-21,海通国际,,,2,1,2024-06-07 17:58:35,2023-09-22 13:58:55,2.0,,,,
600985.XSHG,2023-09-23,中泰证券,,,1,1,2024-06-07 17:57:40,2023-09-24 14:33:38,1.0,,,,
600985.XSHG,2023-09-24,广发证券,20.0000,,1,1,2024-06-07 05:36:22,2023-09-26 13:23:11,1.0,,,,
600985.XSHG,2023-09-24,兴业证券,,,2,1,2024-06-07 17:54:01,2023-09-24 17:06:07,2.0,,,,
600985.XSHG,2023-09-24,德邦证券,,,1,1,2024-06-07 17:58:28,2023-09-25 12:56:49,1.0,,,,
600985.XSHG,2023-09-24,国信证券,,,1,1,2024-06-07 17:59:29,2023-09-25 13:41:57,1.0,,,,
600985.XSHG,2023-09-24,国海证券,,,1,1,2024-06-07 17:59:55,2023-09-25 12:31:10,1.0,,,,
600985.XSHG,2023-09-24,开源证券,,,1,1,2024-06-07 17:59:59,2023-09-25 13:23:04,1.0,,,,
600985.XSHG,2023-09-24,国泰海通证券,,,1,1,2024-06-07 18:00:23,2023-09-25 15:15:19,1.0,,,,
600985.XSHG,2023-10-07,中泰证券,,,1,1,2024-06-07 17:56:50,2023-10-08 12:19:17,1.0,,,,
600985.XSHG,2023-10-08,开源证券,,,1,1,2024-06-07 17:53:30,2023-10-09 14:26:16,1.0,,,,
600985.XSHG,2023-10-08,国泰海通证券,,,1,1,2024-06-07 17:54:22,2023-10-10 13:42:29,1.0,,,,
600985.XSHG,2023-10-08,广发证券,20.0000,,1,1,2024-06-07 05:37:26,2023-10-09 17:19:18,1.0,,,,
600985.XSHG,2023-10-08,国信证券,,,1,1,2024-06-07 17:59:36,2023-10-10 11:03:18,1.0,,,,
600985.XSHG,2023-10-08,兴业证券,,,2,1,2024-06-07 18:00:37,2023-10-09 17:24:30,2.0,,,,
600985.XSHG,2023-10-08,国海证券,,,1,1,2024-06-07 18:01:10,2023-10-09 16:04:57,1.0,,,,
600985.XSHG,2023-10-14,中泰证券,,,1,1,2024-06-07 17:55:49,2023-10-15 16:03:14,1.0,,,,
600985.XSHG,2023-10-15,国信证券,,,1,1,2024-06-07 17:52:51,2023-10-16 12:34:49,1.0,,,,
600985.XSHG,2023-10-15,国泰海通证券,,,1,1,2024-06-07 17:53:57,2023-10-17 13:43:12,1.0,,,,
600985.XSHG,2023-10-15,广发证券,20.0000,,1,1,2024-06-07 05:36:33,2023-10-16 12:53:01,1.0,,,,
600985.XSHG,2023-10-15,德邦证券,,,1,1,2024-06-07 17:56:16,2023-10-15 16:02:04,1.0,,,,
600985.XSHG,2023-10-15,兴业证券,,,2,1,2024-06-07 17:58:22,2023-10-15 15:02:51,2.0,,,,
600985.XSHG,2023-10-15,国海证券,,,1,1,2024-06-07 17:58:30,2023-10-16 13:19:45,1.0,,,,
600985.XSHG,2023-10-19,国泰海通证券,,,1,1,2024-06-07 18:00:28,2023-10-20 11:21:43,1.0,,,,
600985.XSHG,2023-10-20,德邦证券,,,1,1,2024-06-07 17:55:06,2023-10-20 16:41:15,1.0,,,,
600985.XSHG,2023-10-21,中泰证券,,,1,1,2024-06-07 17:53:42,2023-10-23 13:42:26,1.0,,,,
600985.XSHG,2023-10-21,德邦证券,,,1,1,2024-06-07 17:55:26,2023-10-22 14:58:24,1.0,,,,
600985.XSHG,2023-10-21,国海证券,,,1,1,2024-06-07 17:58:55,2023-10-24 13:06:33,1.0,,,,
600985.XSHG,2023-10-22,国信证券,,,1,1,2024-06-07 17:52:56,2023-10-22 15:44:26,1.0,,,,
600985.XSHG,2023-10-22,国泰海通证券,,,1,1,2024-06-07 17:54:14,2023-10-23 15:24:33,1.0,,,,
600985.XSHG,2023-10-22,广发证券,20.0000,,1,1,2024-06-07 05:36:33,2023-10-23 14:05:45,1.0,,,,
600985.XSHG,2023-10-22,兴业证券,,,2,1,2024-06-07 17:55:52,2023-10-22 17:55:14,2.0,,,,
600985.XSHG,2023-10-28,中泰证券,,,1,1,2024-06-07 17:52:52,2023-10-31 13:40:39,1.0,,,,
600985.XSHG,2023-10-28,信达证券,,,1,1,2024-06-07 17:54:01,2023-10-28 12:16:46,1.0,,,,
600985.XSHG,2023-10-28,民生证券,,,1,1,2024-06-07 17:54:30,2023-10-28 23:50:34,1.0,,,,
600985.XSHG,2023-10-28,国信证券,,,1,1,2024-06-07 17:56:50,2023-10-28 21:12:09,1.0,,,,
600985.XSHG,2023-10-28,国盛证券,,,1,1,2024-06-07 17:57:49,2023-10-28 19:52:49,1.0,,,,
600985.XSHG,2023-10-29,德邦证券,,,1,1,2024-06-07 17:53:25,2023-10-29 19:05:43,1.0,,,,
600985.XSHG,2023-10-29,国信证券,,,1,1,2024-06-07 17:54:10,2023-10-30 18:19:55,1.0,,,,
600985.XSHG,2023-10-29,国海证券,,,1,1,2024-06-07 17:54:57,2023-11-02 13:55:04,1.0,,,,
600985.XSHG,2023-10-29,兴业证券,,,2,1,2024-06-07 17:59:54,2023-10-29 18:44:03,2.0,,,,
600985.XSHG,2023-10-30,中信证券,,,1,1,2024-06-07 17:55:30,2023-10-30 20:09:05,1.0,,,,
600985.XSHG,2023-10-30,国泰海通证券,,,1,1,2024-06-07 17:59:34,2023-10-31 18:00:06,1.0,,,,
600985.XSHG,2023-10-31,中泰证券,,,1,1,2024-06-07 17:54:08,2023-11-03 16:22:06,1.0,,,,
600985.XSHG,2023-10-31,中信证券,,,1,1,2024-06-07 17:58:51,2023-11-01 14:01:15,1.0,,,,
600985.XSHG,2023-11-01,国海证券,,,1,1,2024-06-07 17:53:35,2023-11-05 04:37:15,1.0,,,,
600985.XSHG,2023-11-02,广发证券,20.0000,,1,1,2024-06-07 05:37:19,2023-11-03 19:16:42,1.0,,,,
600985.XSHG,2023-11-04,中泰证券,,,1,1,2024-06-07 17:58:00,2023-11-07 14:11:26,1.0,,,,
600985.XSHG,2023-11-04,国泰海通证券,,,1,1,2024-06-07 18:00:27,2023-11-06 15:37:23,1.0,,,,
600985.XSHG,2023-11-05,广发证券,18.8000,,1,1,2024-06-07 05:36:17,2023-11-06 16:51:57,1.0,,,,
600985.XSHG,2023-11-05,国海证券,,,1,1,2024-06-07 17:54:21,2023-11-06 15:16:34,1.0,,,,
600985.XSHG,2023-11-05,国信证券,,,1,1,2024-06-07 17:56:29,2023-11-07 17:43:37,1.0,,,,
600985.XSHG,2023-11-05,德邦证券,,,1,1,2024-06-07 17:59:30,2023-11-06 15:56:42,1.0,,,,
600985.XSHG,2023-11-05,兴业证券,,,2,1,2024-06-07 17:59:47,2023-11-06 15:15:36,2.0,,,,
600985.XSHG,2023-11-06,广发证券,18.8000,,1,1,2024-06-07 05:37:24,2023-11-07 15:20:59,1.0,,,,
600985.XSHG,2023-11-07,长江证券,,,1,1,2024-06-07 17:58:18,2023-11-07 10:33:31,1.0,,,,
600985.XSHG,2023-11-08,德邦证券,,,1,1,2024-06-07 17:55:56,2023-11-08 17:33:14,1.0,,,,
600985.XSHG,2023-11-09,国盛证券,,,1,1,2024-06-07 17:54:05,2023-11-09 12:10:28,1.0,,,,
600985.XSHG,2023-11-09,海通证券,17.6650,M06,2,1,2024-06-07 05:37:45,2023-11-09 16:16:52,2.0,17.665,,,
600985.XSHG,2023-11-10,国海证券,,,1,1,2024-06-07 17:58:14,2023-11-12 13:50:32,1.0,,,,
600985.XSHG,2023-11-11,国盛证券,,,1,1,2024-06-07 17:56:52,2023-11-12 13:20:27,1.0,,,,
600985.XSHG,2023-11-11,中泰证券,,,1,1,2024-06-07 17:57:53,2023-11-12 17:31:56,1.0,,,,
600985.XSHG,2023-11-11,民生证券,,,1,1,2024-06-07 17:59:42,2023-11-12 14:13:31,1.0,,,,
600985.XSHG,2023-11-12,国海证券,,,1,1,2024-06-07 17:52:56,2023-11-13 14:12:35,1.0,,,,
600985.XSHG,2023-11-12,国泰海通证券,,,1,1,2024-06-07 17:54:00,2023-11-13 13:20:48,1.0,,,,
600985.XSHG,2023-11-12,中信证券,,,1,1,2024-06-07 17:54:37,2023-11-12 15:45:25,1.0,,,,
600985.XSHG,2023-11-12,开源证券,,,1,1,2024-06-07 17:57:26,2023-11-13 14:05:08,1.0,,,,
600985.XSHG,2023-11-12,国信证券,,,1,1,2024-06-07 17:57:34,2023-11-13 15:02:44,1.0,,,,
600985.XSHG,2023-11-12,德邦证券,,,1,1,2024-06-07 17:57:36,2023-11-14 13:25:27,1.0,,,,
600985.XSHG,2023-11-12,广发证券,18.8000,,1,1,2024-06-07 05:37:35,2023-11-13 17:20:10,1.0,,,,
600985.XSHG,2023-11-12,兴业证券,,,2,1,2024-06-07 18:00:57,2023-11-12 17:07:59,2.0,,,,
600985.XSHG,2023-11-13,兴业证券,,,2,1,2024-06-07 17:56:42,2023-11-13 17:12:34,2.0,,,,
600985.XSHG,2023-11-14,开源证券,,,1,1,2024-06-07 18:00:54,2023-11-14 20:04:30,1.0,,,,
600985.XSHG,2023-11-16,国泰海通证券,,,1,1,2024-06-07 17:52:52,2023-11-17 14:15:37,1.0,,,,
600985.XSHG,2023-11-16,广发证券,18.8000,,1,1,2024-06-07 05:36:40,2023-11-17 12:25:10,1.0,,,,
600985.XSHG,2023-11-16,国盛证券,,,1,1,2024-06-07 17:55:59,2023-11-16 16:01:29,1.0,,,,
600985.XSHG,2023-11-16,德邦证券,,,1,1,2024-06-07 17:58:08,2023-11-17 14:05:39,1.0,,,,
600985.XSHG,2023-11-18,民生证券,,,1,1,2024-06-07 17:53:43,2023-11-19 14:28:45,1.0,,,,
600985.XSHG,2023-11-19,广发证券,18.8000,,1,1,2024-06-07 05:36:07,2023-11-20 17:24:38,1.0,,,,
600985.XSHG,2023-11-19,国信证券,,,1,1,2024-06-07 17:53:46,2023-11-21 12:47:13,1.0,,,,
600985.XSHG,2023-11-19,国盛证券,,,1,1,2024-06-07 17:56:17,2023-11-19 16:59:55,1.0,,,,
600985.XSHG,2023-11-19,中泰证券,,,1,1,2024-06-07 17:56:50,2023-11-20 16:50:58,1.0,,,,
600985.XSHG,2023-11-19,国海证券,,,1,1,2024-06-07 17:58:27,2023-11-20 16:15:34,1.0,,,,
600985.XSHG,2023-11-19,兴业证券,,,2,1,2024-06-07 18:01:14,2023-11-19 17:11:37,2.0,,,,
600985.XSHG,2023-11-22,长城证券,,,2,1,2024-06-07 17:55:58,2023-11-23 14:31:15,2.0,,,,
600985.XSHG,2023-11-25,民生证券,,,1,1,2024-06-07 17:55:43,2023-11-26 14:19:38,1.0,,,,
600985.XSHG,2023-11-25,中泰证券,,,1,1,2024-06-07 18:01:07,2023-11-27 14:24:44,1.0,,,,
600985.XSHG,2023-11-26,国泰海通证券,,,1,1,2024-06-07 17:53:34,2023-11-27 17:21:39,1.0,,,,
600985.XSHG,2023-11-26,兴业证券,,,2,1,2024-06-07 17:53:53,2023-11-26 13:50:35,2.0,,,,
600985.XSHG,2023-11-26,中信证券,,,1,1,2024-06-07 17:54:02,2023-11-27 17:53:36,1.0,,,,
600985.XSHG,2023-11-26,广发证券,18.8000,,1,1,2024-06-07 05:36:46,2023-11-27 11:06:47,1.0,,,,
600985.XSHG,2023-11-26,国信证券,,,1,1,2024-06-07 17:56:39,2023-11-27 16:10:27,1.0,,,,
600985.XSHG,2023-11-26,国盛证券,,,1,1,2024-06-07 17:57:09,2023-11-26 17:38:19,1.0,,,,
600985.XSHG,2023-11-26,开源证券,,,1,1,2024-06-07 17:57:45,2023-11-26 18:16:02,1.0,,,,
600985.XSHG,2023-11-26,国海证券,,,1,1,2024-06-07 17:58:41,2023-11-27 16:33:02,1.0,,,,
600985.XSHG,2023-11-26,中泰证券,,,1,1,2024-06-07 17:59:05,2023-11-27 13:49:25,1.0,,,,
600985.XSHG,2023-11-27,广发证券,18.8000,,1,1,2024-06-07 05:37:48,2023-11-27 16:19:14,1.0,,,,
600985.XSHG,2023-12-02,中泰证券,,,1,1,2024-06-07 17:53:45,2023-12-03 17:20:49,1.0,,,,
600985.XSHG,2023-12-02,民生证券,,,1,1,2024-06-07 17:54:18,2023-12-03 12:55:57,1.0,,,,
600985.XSHG,2023-12-03,兴业证券,,,2,1,2024-06-07 17:53:46,2023-12-04 15:34:16,2.0,,,,
600985.XSHG,2023-12-03,国信证券,,,1,1,2024-06-07 17:54:51,2023-12-05 17:32:21,1.0,,,,
600985.XSHG,2023-12-03,广发证券,18.8000,,1,1,2024-06-07 05:36:44,2023-12-04 13:01:51,1.0,,,,
600985.XSHG,2023-12-03,国海证券,,,1,1,2024-06-07 17:57:30,2023-12-04 12:50:33,1.0,,,,
600985.XSHG,2023-12-03,国泰海通证券,,,1,1,2024-06-07 17:57:38,2023-12-04 14:33:12,1.0,,,,
600985.XSHG,2023-12-03,长城证券,,,2,1,2024-06-07 18:00:32,2023-12-05 17:30:34,2.0,,,,
600985.XSHG,2023-12-05,兴业证券,,,2,1,2024-06-07 17:57:23,2023-12-06 12:15:03,2.0,,,,
600985.XSHG,2023-12-07,国盛证券,,,1,1,2024-06-07 17:53:24,2023-12-07 12:10:44,1.0,,,,
600985.XSHG,2023-12-07,中信证券,,,1,1,2024-06-07 18:01:12,2023-12-07 16:56:49,1.0,,,,
600985.XSHG,2023-12-09,民生证券,,,1,1,2024-06-07 17:54:27,2023-12-10 14:22:35,1.0,,,,
600985.XSHG,2023-12-09,中泰证券,,,1,1,2024-06-07 17:59:37,2023-12-11 13:20:34,1.0,,,,
600985.XSHG,2023-12-09,德邦证券,,,1,1,2024-06-07 17:59:52,2023-12-10 17:52:48,1.0,,,,
600985.XSHG,2023-12-10,开源证券,,,1,1,2024-06-07 17:52:38,2023-12-11 11:52:09,1.0,,,,
600985.XSHG,2023-12-10,长城证券,,,2,1,2024-06-07 17:53:58,2023-12-12 12:47:58,2.0,,,,
600985.XSHG,2023-12-10,国泰海通证券,,,1,1,2024-06-07 17:54:53,2023-12-11 13:32:20,1.0,,,,
600985.XSHG,2023-12-10,国信证券,,,1,1,2024-06-07 17:54:58,2023-12-12 12:14:08,1.0,,,,
600985.XSHG,2023-12-10,国盛证券,,,1,1,2024-06-07 17:56:08,2023-12-10 13:12:32,1.0,,,,
600985.XSHG,2023-12-10,国海证券,,,1,1,2024-06-07 18:00:18,2023-12-11 16:46:50,1.0,,,,
600985.XSHG,2023-12-10,兴业证券,,,2,1,2024-06-07 18:00:23,2023-12-11 13:35:13,2.0,,,,
600985.XSHG,2023-12-10,广发证券,18.8000,,1,1,2024-06-07 05:38:10,2023-12-11 11:44:32,1.0,,,,
600985.XSHG,2023-12-12,国投证券,18.8000,M06,1,1,2024-06-07 05:36:11,2023-12-13 08:44:39,1.0,18.8,,,
600985.XSHG,2023-12-16,民生证券,,,1,1,2024-06-07 17:53:54,2023-12-17 12:00:31,1.0,,,,
600985.XSHG,2023-12-17,国信证券,,,1,1,2024-06-07 17:53:53,2023-12-18 14:13:17,1.0,,,,
600985.XSHG,2023-12-17,国海证券,,,1,1,2024-06-07 17:53:57,2023-12-18 13:37:30,1.0,,,,
600985.XSHG,2023-12-17,国泰海通证券,,,1,1,2024-06-07 17:53:59,2023-12-18 18:16:06,1.0,,,,
600985.XSHG,2023-12-17,长城证券,,,2,1,2024-06-07 17:54:34,2023-12-19 14:07:22,2.0,,,,
600985.XSHG,2023-12-17,开源证券,,,1,1,2024-06-07 17:54:40,2023-12-18 14:53:58,1.0,,,,
600985.XSHG,2023-12-17,广发证券,18.8000,,1,1,2024-06-07 05:36:45,2023-12-19 13:53:04,1.0,,,,
600985.XSHG,2023-12-17,兴业证券,,,2,1,2024-06-07 17:57:11,2023-12-17 17:14:04,2.0,,,,
600985.XSHG,2023-12-17,国盛证券,,,1,1,2024-06-07 18:00:49,2023-12-18 11:55:51,1.0,,,,
600985.XSHG,2023-12-18,国海证券,,,1,1,2024-06-07 17:58:21,2023-12-19 13:49:36,1.0,,,,
600985.XSHG,2023-12-21,国泰海通证券,,,1,1,2024-06-07 17:56:35,2023-12-22 14:18:08,1.0,,,,
600985.XSHG,2023-12-22,广发证券,18.8000,,1,1,2024-06-07 05:37:30,2023-12-22 16:35:38,1.0,,,,
600985.XSHG,2023-12-23,民生证券,,,1,1,2024-06-07 17:57:44,2023-12-24 15:39:22,1.0,,,,
600985.XSHG,2023-12-23,中泰证券,,,1,1,2024-06-07 18:00:34,2023-12-24 17:16:42,1.0,,,,
600985.XSHG,2023-12-24,国信证券,,,1,1,2024-06-07 17:52:45,2023-12-25 15:48:00,1.0,,,,
600985.XSHG,2023-12-24,国泰海通证券,,,1,1,2024-06-07 17:53:04,2023-12-24 16:49:01,1.0,,,,
600985.XSHG,2023-12-24,国海证券,,,1,1,2024-06-07 17:54:50,2023-12-25 15:46:22,1.0,,,,
600985.XSHG,2023-12-24,国盛证券,,,1,1,2024-06-07 17:55:55,2023-12-24 16:16:58,1.0,,,,
600985.XSHG,2023-12-24,兴业证券,,,2,1,2024-06-07 17:57:18,2023-12-24 16:08:54,2.0,,,,
600985.XSHG,2023-12-24,广发证券,18.8000,,1,1,2024-06-07 05:37:23,2023-12-25 17:30:24,1.0,,,,
600985.XSHG,2023-12-24,长城证券,,,2,1,2024-06-07 17:58:05,2023-12-26 13:59:16,2.0,,,,
600985.XSHG,2023-12-25,德邦证券,,,1,1,2024-06-07 17:58:16,2023-12-25 13:22:56,1.0,,,,
600985.XSHG,2023-12-26,国盛证券,,,1,1,2024-06-07 17:54:24,2023-12-27 09:30:27,1.0,,,,
600985.XSHG,2023-12-26,广发证券,18.8000,,1,1,2024-06-07 05:37:16,2023-12-26 14:59:51,1.0,,,,
600985.XSHG,2023-12-26,长城证券,,,2,1,2024-06-07 17:58:03,2023-12-27 15:25:15,2.0,,,,
600985.XSHG,2023-12-28,国海证券,,,1,1,2024-06-07 17:59:51,2024-01-01 16:56:49,1.0,,,,
600985.XSHG,2023-12-29,国海证券,,,1,1,2024-06-07 17:56:24,2024-01-01 15:05:08,1.0,,,,
600985.XSHG,2023-12-30,中泰证券,,,1,1,2024-06-07 17:54:15,2024-01-01 14:46:57,1.0,,,,
600985.XSHG,2023-12-31,兴业证券,,,2,1,2024-06-07 17:55:09,2024-01-01 15:50:21,2.0,,,,
600985.XSHG,2023-12-31,民生证券,,,1,1,2024-06-07 17:57:04,2024-01-01 15:58:49,1.0,,,,
600985.XSHG,2024-01-01,国盛证券,,,1,1,2024-06-07 17:55:35,2024-01-01 12:52:28,1.0,,,,
600985.XSHG,2024-01-01,广发证券,18.8000,,1,1,2024-06-07 05:37:45,2024-01-02 14:12:19,1.0,,,,
600985.XSHG,2024-01-01,国泰海通证券,,,1,1,2024-06-07 17:59:38,2024-01-02 15:06:57,1.0,,,,
600985.XSHG,2024-01-01,国信证券,,,1,1,2024-06-07 17:59:49,2024-01-02 16:57:54,1.0,,,,
600985.XSHG,2024-01-02,国海证券,,,1,1,2024-06-07 17:55:49,2024-01-02 17:41:57,1.0,,,,
600985.XSHG,2024-01-06,民生证券,,,1,1,2024-06-07 17:53:54,2024-01-07 14:52:03,1.0,,,,
600985.XSHG,2024-01-07,广发证券,18.8000,,1,1,2024-06-07 05:36:08,2024-01-09 10:09:54,1.0,,,,
600985.XSHG,2024-01-07,中泰证券,,,1,1,2024-06-07 17:54:10,2024-01-08 15:15:25,1.0,,,,
600985.XSHG,2024-01-07,国盛证券,,,1,1,2024-06-07 17:59:25,2024-01-07 14:30:32,1.0,,,,
600985.XSHG,2024-01-07,国海证券,,,1,1,2024-06-07 17:59:43,2024-01-08 17:18:42,1.0,,,,
600985.XSHG,2024-01-07,长城证券,,,2,1,2024-06-07 17:59:49,2024-01-09 10:16:32,2.0,,,,
600985.XSHG,2024-01-07,国信证券,,,1,1,2024-06-07 17:59:56,2024-01-07 14:48:52,1.0,,,,
600985.XSHG,2024-01-07,兴业证券,,,2,1,2024-06-07 18:00:54,2024-01-08 15:00:58,2.0,,,,
600985.XSHG,2024-01-08,国泰海通证券,,,1,1,2024-06-07 17:58:51,2024-01-08 15:42:22,1.0,,,,
600985.XSHG,2024-01-10,国泰海通证券,,,1,1,2024-06-07 17:58:48,2024-01-11 10:49:13,1.0,,,,
600985.XSHG,2024-01-13,国泰海通证券,,,1,1,2024-06-07 17:53:23,2024-01-14 14:11:07,1.0,,,,
600985.XSHG,2024-01-13,民生证券,,,1,1,2024-06-07 17:54:47,2024-01-14 14:50:00,1.0,,,,
600985.XSHG,2024-01-13,中泰证券,,,1,1,2024-06-07 17:56:43,2024-01-15 16:13:40,1.0,,,,
600985.XSHG,2024-01-14,长城证券,,,2,1,2024-06-07 17:53:03,2024-01-16 12:10:53,2.0,,,,
600985.XSHG,2024-01-14,国投证券,18.8000,,1,1,2024-06-07 05:36:13,2024-01-15 14:19:32,1.0,,,,
600985.XSHG,2024-01-14,兴业证券,,,2,1,2024-06-07 17:55:49,2024-01-14 14:39:46,2.0,,,,
600985.XSHG,2024-01-14,国盛证券,,,1,1,2024-06-07 17:56:29,2024-01-14 14:35:34,1.0,,,,
600985.XSHG,2024-01-14,国海证券,,,1,1,2024-06-07 17:56:44,2024-01-15 13:28:24,1.0,,,,
600985.XSHG,2024-01-14,广发证券,18.8000,,1,1,2024-06-07 05:37:28,2024-01-15 16:07:21,1.0,,,,
600985.XSHG,2024-01-14,国信证券,,,1,1,2024-06-07 17:58:26,2024-01-15 13:07:12,1.0,,,,
600985.XSHG,2024-01-18,国盛证券,,,1,1,2024-06-07 17:54:23,2024-01-18 11:50:17,1.0,,,,
600985.XSHG,2024-01-18,国海证券,,,1,1,2024-06-07 17:57:54,2024-01-19 13:57:52,1.0,,,,
600985.XSHG,2024-01-20,民生证券,,,1,1,2024-06-07 17:55:51,2024-01-21 15:02:06,1.0,,,,
600985.XSHG,2024-01-20,国泰海通证券,,,1,1,2024-06-07 17:57:26,2024-01-21 15:56:04,1.0,,,,
600985.XSHG,2024-01-20,中泰证券,,,1,1,2024-06-07 18:00:30,2024-01-23 15:22:56,1.0,,,,
600985.XSHG,2024-01-21,国海证券,,,1,1,2024-06-07 17:53:08,2024-01-22 15:19:15,1.0,,,,
600985.XSHG,2024-01-21,兴业证券,,,2,1,2024-06-07 17:54:40,2024-01-22 15:26:27,2.0,,,,
600985.XSHG,2024-01-21,德邦证券,,,1,1,2024-06-07 17:55:19,2024-01-21 13:50:53,1.0,,,,
600985.XSHG,2024-01-21,广发证券,18.8000,,1,1,2024-06-07 05:37:30,2024-01-22 13:55:05,1.0,,,,
600985.XSHG,2024-01-21,长城证券,,,2,1,2024-06-07 17:59:02,2024-01-23 16:53:17,2.0,,,,
600985.XSHG,2024-01-21,国信证券,,,1,1,2024-06-07 17:59:09,2024-01-22 14:47:53,1.0,,,,
600985.XSHG,2024-01-21,国盛证券,,,1,1,2024-06-07 17:59:45,2024-01-21 14:15:32,1.0,,,,
600985.XSHG,2024-01-21,开源证券,,,1,1,2024-06-07 18:00:55,2024-01-22 15:22:15,1.0,,,,
600985.XSHG,2024-01-23,国海证券,,,1,1,2024-06-07 17:56:24,2024-01-23 16:53:24,1.0,,,,
600985.XSHG,2024-01-23,广发证券,18.8000,,1,1,2024-06-07 05:37:23,2024-01-24 14:03:44,1.0,,,,
600985.XSHG,2024-01-23,德邦证券,,,1,1,2024-06-07 17:58:50,2024-01-24 10:34:59,1.0,,,,
600985.XSHG,2024-01-23,国泰海通证券,,,1,1,2024-06-07 18:00:41,2024-01-24 16:11:31,1.0,,,,
600985.XSHG,2024-01-25,广发证券,18.8000,,1,1,2024-06-07 05:36:46,2024-01-26 14:39:56,1.0,,,,
600985.XSHG,2024-01-26,中信证券,,,1,1,2024-07-03 18:08:28,2024-07-03 13:18:57,1.0,,,,
600985.XSHG,2024-01-28,国盛证券,,,1,1,2024-06-07 17:53:09,2024-01-28 13:58:50,1.0,,,,
600985.XSHG,2024-01-28,中泰证券,,,1,1,2024-06-07 17:53:43,2024-01-28 16:53:15,1.0,,,,
600985.XSHG,2024-01-28,国海证券,,,1,1,2024-06-07 17:54:18,2024-01-29 14:04:59,1.0,,,,
600985.XSHG,2024-01-28,广发证券,18.8000,,1,1,2024-06-07 05:37:10,2024-01-29 13:58:36,1.0,,,,
600985.XSHG,2024-01-28,民生证券,,,1,1,2024-06-07 17:57:32,2024-01-28 13:32:06,1.0,,,,
600985.XSHG,2024-01-28,兴业证券,,,2,1,2024-06-07 17:57:37,2024-01-28 17:04:18,2.0,,,,
600985.XSHG,2024-01-28,开源证券,,,1,1,2024-06-07 17:58:13,2024-01-29 15:44:31,1.0,,,,
600985.XSHG,2024-01-28,国信证券,,,1,1,2024-06-07 17:58:48,2024-01-29 11:56:20,1.0,,,,
600985.XSHG,2024-01-29,长城证券,,,2,1,2024-06-07 17:58:33,2024-01-30 14:19:07,2.0,,,,
600985.XSHG,2024-01-29,中信证券,,,1,1,2024-07-03 18:08:28,2024-07-03 13:28:20,1.0,,,,
600985.XSHG,2024-01-29,国泰海通证券,,,1,1,2024-06-07 18:00:37,2024-01-30 10:58:53,1.0,,,,
600985.XSHG,2024-01-31,中信证券,,,1,1,2024-07-03 18:08:27,2024-07-03 13:26:44,1.0,,,,
600985.XSHG,2024-02-02,民生证券,,,1,1,2024-06-07 17:57:50,2024-02-04 13:44:10,1.0,,,,
600985.XSHG,2024-02-03,中泰证券,,,1,1,2024-06-07 17:54:08,2024-02-04 17:34:18,1.0,,,,
600985.XSHG,2024-02-03,民生证券,,,1,1,2024-06-07 17:56:29,2024-02-04 13:17:10,1.0,,,,
600985.XSHG,2024-02-04,国信证券,,,1,1,2024-06-07 17:53:43,2024-02-05 16:13:18,1.0,,,,
600985.XSHG,2024-02-04,兴业证券,,,2,1,2024-06-07 17:53:58,2024-02-05 16:33:07,2.0,,,,
600985.XSHG,2024-02-04,开源证券,,,1,1,2024-06-07 17:55:39,2024-02-05 13:56:00,1.0,,,,
600985.XSHG,2024-02-04,国泰海通证券,,,1,1,2024-06-07 17:55:54,2024-02-04 18:06:59,1.0,,,,
600985.XSHG,2024-02-04,国盛证券,,,1,1,2024-06-07 17:56:16,2024-02-04 16:51:29,1.0,,,,
600985.XSHG,2024-02-04,广发证券,18.8000,,1,1,2024-06-07 05:37:08,2024-02-05 13:26:06,1.0,,,,
600985.XSHG,2024-02-04,国海证券,,,1,1,2024-06-07 18:00:53,2024-02-05 15:34:51,1.0,,,,
600985.XSHG,2024-02-05,长城证券,,,2,1,2024-06-07 18:01:08,2024-02-06 11:46:22,2.0,,,,
600985.XSHG,2024-02-17,国泰海通证券,,,1,1,2024-06-07 17:52:49,2024-02-18 16:06:43,1.0,,,,
600985.XSHG,2024-02-18,国盛证券,,,1,1,2024-06-07 17:56:33,2024-02-18 13:08:57,1.0,,,,
600985.XSHG,2024-02-18,国信证券,,,1,1,2024-06-07 17:57:44,2024-02-19 13:49:08,1.0,,,,
600985.XSHG,2024-02-18,广发证券,18.8000,,1,1,2024-06-07 05:37:39,2024-02-19 16:07:43,1.0,,,,
600985.XSHG,2024-02-18,民生证券,,,1,1,2024-06-07 17:59:01,2024-02-19 14:07:56,1.0,,,,
600985.XSHG,2024-02-18,中泰证券,,,1,1,2024-06-07 18:00:39,2024-02-19 14:15:24,1.0,,,,
600985.XSHG,2024-02-18,国海证券,,,1,1,2024-06-07 18:00:51,2024-02-20 14:23:32,1.0,,,,
600985.XSHG,2024-02-19,东北证券,,,1,1,2024-06-07 17:55:00,2024-02-19 23:22:19,1.0,,,,
600985.XSHG,2024-02-20,德邦证券,,,1,1,2024-06-07 17:59:13,2024-02-21 10:16:27,1.0,,,,
600985.XSHG,2024-02-22,国盛证券,,,1,1,2024-06-07 17:54:53,2024-02-22 13:16:08,1.0,,,,
600985.XSHG,2024-02-22,国泰海通证券,,,1,1,2024-06-07 17:58:11,2024-02-22 16:04:22,1.0,,,,
600985.XSHG,2024-02-24,国泰海通证券,,,1,1,2024-06-07 17:59:09,2024-02-25 16:23:49,1.0,,,,
600985.XSHG,2024-02-24,民生证券,,,1,1,2024-06-07 17:59:17,2024-02-25 13:59:04,1.0,,,,
600985.XSHG,2024-02-25,国海证券,,,1,1,2024-06-07 17:54:34,2024-02-26 16:12:03,1.0,,,,
600985.XSHG,2024-02-25,兴业证券,,,2,1,2024-06-07 17:54:34,2024-02-26 15:00:01,2.0,,,,
600985.XSHG,2024-02-25,长城证券,,,2,1,2024-06-07 17:55:21,2024-02-27 15:14:54,2.0,,,,
600985.XSHG,2024-02-25,中泰证券,,,1,1,2024-06-07 17:56:25,2024-02-26 16:52:57,1.0,,,,
600985.XSHG,2024-02-25,广发证券,18.8000,,1,1,2024-06-07 05:37:07,2024-02-26 16:54:25,1.0,,,,
600985.XSHG,2024-02-25,国信证券,,,1,1,2024-06-07 17:57:59,2024-02-25 18:25:46,1.0,,,,
600985.XSHG,2024-02-25,开源证券,,,1,1,2024-06-07 17:58:10,2024-02-26 12:24:57,1.0,,,,
600985.XSHG,2024-02-25,国盛证券,,,1,1,2024-06-07 18:00:21,2024-02-25 14:21:20,1.0,,,,
600985.XSHG,2024-02-28,长城证券,,,2,1,2024-06-07 17:56:33,2024-03-01 17:14:58,2.0,,,,
600985.XSHG,2024-03-01,国海证券,,,1,1,2024-06-07 17:56:20,2024-03-03 11:12:28,1.0,,,,
600985.XSHG,2024-03-02,国泰海通证券,,,1,1,2024-06-07 17:53:59,2024-03-03 12:51:28,1.0,,,,
600985.XSHG,2024-03-02,民生证券,,,1,1,2024-06-07 17:57:37,2024-03-03 11:06:26,1.0,,,,
600985.XSHG,2024-03-02,中泰证券,,,1,1,2024-06-07 18:00:55,2024-03-05 17:39:54,1.0,,,,
600985.XSHG,2024-03-03,兴业证券,,,2,1,2024-06-07 17:52:52,2024-03-03 17:23:11,2.0,,,,
600985.XSHG,2024-03-03,国海证券,,,1,1,2024-06-07 17:54:20,2024-03-04 12:54:09,1.0,,,,
600985.XSHG,2024-03-03,开源证券,,,1,1,2024-06-07 17:55:37,2024-03-03 16:20:36,1.0,,,,
600985.XSHG,2024-03-03,广发证券,18.8000,,1,1,2024-06-07 05:36:59,2024-03-05 15:45:45,1.0,,,,
600985.XSHG,2024-03-03,长城证券,,,2,1,2024-06-07 17:56:37,2024-03-05 09:42:26,2.0,,,,
600985.XSHG,2024-03-03,国盛证券,,,1,1,2024-06-07 17:57:23,2024-03-03 16:21:36,1.0,,,,
600985.XSHG,2024-03-03,国信证券,,,1,1,2024-06-07 18:00:20,2024-03-04 13:25:28,1.0,,,,
600985.XSHG,2024-03-09,中泰证券,,,1,1,2024-06-07 17:53:34,2024-03-10 17:06:49,1.0,,,,
600985.XSHG,2024-03-09,民生证券,,,1,1,2024-06-07 17:57:08,2024-03-10 12:34:30,1.0,,,,
600985.XSHG,2024-03-10,国盛证券,,,1,1,2024-06-07 17:52:39,2024-03-11 13:07:56,1.0,,,,
600985.XSHG,2024-03-10,广发证券,18.8000,,1,1,2024-06-07 05:36:40,2024-03-11 14:17:33,1.0,,,,
600985.XSHG,2024-03-10,兴业证券,,,2,1,2024-06-07 17:57:51,2024-03-12 16:14:41,2.0,,,,
600985.XSHG,2024-03-10,国信证券,,,1,1,2024-06-07 17:58:18,2024-03-10 16:57:21,1.0,,,,
600985.XSHG,2024-03-10,国海证券,,,1,1,2024-06-07 17:59:54,2024-03-11 16:11:39,1.0,,,,
600985.XSHG,2024-03-10,长城证券,,,2,1,2024-06-07 18:00:26,2024-03-11 16:50:51,2.0,,,,
600985.XSHG,2024-03-10,国泰海通证券,,,1,1,2024-06-07 18:00:56,2024-03-10 17:15:27,1.0,,,,
600985.XSHG,2024-03-12,国海证券,,,1,1,2024-06-07 17:55:14,2024-03-13 15:34:35,1.0,,,,
600985.XSHG,2024-03-16,民生证券,,,1,1,2024-06-07 17:57:29,2024-03-17 13:08:34,1.0,,,,
600985.XSHG,2024-03-16,长城证券,,,2,1,2024-06-07 17:58:57,2024-03-18 16:24:12,2.0,,,,
600985.XSHG,2024-03-16,中泰证券,,,1,1,2024-06-07 18:01:00,2024-03-17 14:46:06,1.0,,,,
600985.XSHG,2024-03-17,国泰海通证券,,,1,1,2024-06-07 17:55:35,2024-03-18 13:40:23,1.0,,,,
600985.XSHG,2024-03-17,兴业证券,,,2,1,2024-06-07 17:56:41,2024-03-17 17:39:52,2.0,,,,
600985.XSHG,2024-03-17,开源证券,,,1,1,2024-06-07 17:57:23,2024-03-17 11:52:41,1.0,,,,
600985.XSHG,2024-03-17,国海证券,,,1,1,2024-06-07 17:57:32,2024-03-19 15:49:32,1.0,,,,
600985.XSHG,2024-03-17,广发证券,18.8000,,1,1,2024-06-07 05:37:31,2024-03-19 11:16:18,1.0,,,,
600985.XSHG,2024-03-17,国信证券,,,1,1,2024-06-07 17:59:16,2024-03-18 13:44:04,1.0,,,,
600985.XSHG,2024-03-17,国盛证券,,,1,1,2024-06-07 17:59:42,2024-03-18 13:29:02,1.0,,,,
600985.XSHG,2024-03-18,民生证券,,,1,1,2024-06-07 17:53:54,2024-03-19 12:16:51,1.0,,,,
600985.XSHG,2024-03-18,国盛证券,,,1,1,2024-06-07 17:57:57,2024-03-18 13:15:09,1.0,,,,
600985.XSHG,2024-03-19,长城证券,,,2,1,2024-06-07 17:54:36,2024-03-19 17:22:15,2.0,,,,
600985.XSHG,2024-03-19,国海证券,,,1,1,2024-06-07 17:57:30,2024-03-20 17:34:57,1.0,,,,
600985.XSHG,2024-03-19,国盛证券,,,1,1,2024-06-07 18:00:57,2024-03-19 14:19:25,1.0,,,,
600985.XSHG,2024-03-22,广发证券,18.8000,,1,1,2024-06-07 05:36:44,2024-03-25 12:19:47,1.0,,,,
600985.XSHG,2024-03-23,中泰证券,,,1,1,2024-06-07 17:58:15,2024-03-25 15:40:30,1.0,,,,
600985.XSHG,2024-03-23,民生证券,,,1,1,2024-06-07 17:59:50,2024-03-24 17:59:07,1.0,,,,
600985.XSHG,2024-03-24,广发证券,18.8000,,1,1,2024-06-07 05:36:08,2024-03-26 17:47:08,1.0,,,,
600985.XSHG,2024-03-24,长城证券,,,2,1,2024-06-07 17:54:49,2024-03-26 17:42:58,2.0,,,,
600985.XSHG,2024-03-24,开源证券,,,1,1,2024-06-07 17:55:55,2024-03-25 11:59:59,1.0,,,,
600985.XSHG,2024-03-24,国盛证券,,,1,1,2024-06-07 17:58:38,2024-03-25 12:21:05,1.0,,,,
600985.XSHG,2024-03-24,国泰海通证券,,,1,1,2024-06-07 17:58:44,2024-03-25 17:05:26,1.0,,,,
600985.XSHG,2024-03-24,兴业证券,,,2,1,2024-06-07 18:00:01,2024-03-25 14:35:41,2.0,,,,
600985.XSHG,2024-03-24,国信证券,,,1,1,2024-06-07 18:00:56,2024-03-25 16:23:11,1.0,,,,
600985.XSHG,2024-03-24,国海证券,,,1,1,2024-06-07 18:01:04,2024-03-26 13:46:33,1.0,,,,
600985.XSHG,2024-03-25,国泰海通证券,,,1,1,2024-06-07 17:58:47,2024-03-26 16:42:00,1.0,,,,
600985.XSHG,2024-03-28,长城证券,,,2,1,2024-06-07 17:54:50,2024-04-03 08:48:08,2.0,,,,
600985.XSHG,2024-03-28,信达证券,,,1,1,2024-06-07 17:55:50,2024-03-28 23:09:45,1.0,,,,
600985.XSHG,2024-03-29,德邦证券,,,1,1,2024-06-07 17:52:50,2024-03-29 21:32:57,1.0,,,,
600985.XSHG,2024-03-29,国盛证券,,,1,1,2024-06-07 17:53:46,2024-03-29 12:40:42,1.0,,,,
600985.XSHG,2024-03-29,民生证券,,,1,1,2024-06-07 17:57:32,2024-03-29 01:36:57,1.0,,,,
600985.XSHG,2024-03-29,开源证券,,,1,1,2024-06-07 17:58:40,2024-03-29 14:00:28,1.0,,,,
600985.XSHG,2024-03-29,国海证券,,,1,1,2024-06-07 17:58:41,2024-03-29 22:26:11,1.0,,,,
600985.XSHG,2024-03-30,国泰海通证券,23.7600,M06,1,1,2024-06-07 05:37:43,2024-04-01 04:11:40,1.0,23.76,,,
600985.XSHG,2024-03-30,国投证券,18.8000,M06,1,1,2024-06-07 05:37:43,2024-04-02 15:01:49,1.0,18.8,,,
600985.XSHG,2024-03-30,中泰证券,,,1,1,2024-06-07 18:01:05,2024-04-01 17:17:36,1.0,,,,
600985.XSHG,2024-03-31,国盛证券,,,1,1,2024-06-07 17:52:46,2024-04-01 14:12:25,1.0,,,,
600985.XSHG,2024-03-31,国泰海通证券,,,1,1,2024-06-07 17:52:54,2024-04-08 17:52:36,1.0,,,,
600985.XSHG,2024-03-31,兴业证券,,,2,1,2024-06-07 17:53:01,2024-03-31 12:14:55,2.0,,,,
600985.XSHG,2024-03-31,国信证券,,,1,1,2024-06-07 17:53:27,2024-04-01 16:52:53,1.0,,,,
600985.XSHG,2024-03-31,广发证券,18.8000,,1,1,2024-06-07 05:36:37,2024-04-09 16:08:01,1.0,,,,
600985.XSHG,2024-03-31,开源证券,,,1,1,2024-06-07 17:55:34,2024-03-31 18:47:45,1.0,,,,
600985.XSHG,2024-03-31,民生证券,,,1,1,2024-06-07 17:55:48,2024-03-31 18:59:51,1.0,,,,
600985.XSHG,2024-03-31,长城证券,,,2,1,2024-06-07 17:57:47,2024-04-03 13:31:53,2.0,,,,
600985.XSHG,2024-03-31,国海证券,,,1,1,2024-06-07 17:57:56,2024-04-01 13:54:31,1.0,,,,
600985.XSHG,2024-04-01,国信证券,,,1,1,2024-06-07 17:53:51,2024-04-03 15:13:30,1.0,,,,
600985.XSHG,2024-04-01,中泰证券,,,1,1,2024-06-07 17:57:35,2024-04-03 17:29:13,1.0,,,,
600985.XSHG,2024-04-06,民生证券,,,1,1,2024-06-07 17:56:36,2024-04-07 13:33:38,1.0,,,,
600985.XSHG,2024-04-06,中泰证券,,,1,1,2024-06-07 17:57:44,2024-04-08 13:42:43,1.0,,,,
600985.XSHG,2024-04-07,国泰海通证券,,,1,1,2024-06-07 17:53:40,2024-04-09 16:23:11,1.0,,,,
600985.XSHG,2024-04-07,国盛证券,,,1,1,2024-06-07 17:54:54,2024-04-07 18:23:12,1.0,,,,
600985.XSHG,2024-04-07,开源证券,,,1,1,2024-06-07 17:56:22,2024-04-08 13:03:03,1.0,,,,
600985.XSHG,2024-04-07,广发证券,18.8000,,1,1,2024-06-07 05:37:41,2024-04-08 17:38:56,1.0,,,,
600985.XSHG,2024-04-07,兴业证券,,,2,1,2024-06-07 17:59:57,2024-04-07 17:40:43,2.0,,,,
600985.XSHG,2024-04-07,国信证券,,,1,1,2024-06-07 18:00:03,2024-04-08 12:59:39,1.0,,,,
600985.XSHG,2024-04-08,国海证券,,,1,1,2024-06-07 17:57:42,2024-04-09 14:27:08,1.0,,,,
600985.XSHG,2024-04-09,首创证券,,,1,1,2024-06-07 17:57:39,2024-04-10 13:37:07,1.0,,,,
600985.XSHG,2024-04-09,海通证券,21.0850,M06,2,1,2024-06-07 05:37:46,2024-04-09 19:56:41,2.0,21.085,,,
600985.XSHG,2024-04-11,山西证券,,,2,1,2024-06-07 17:52:42,2024-04-11 12:53:12,2.0,,,,
600985.XSHG,2024-04-11,民生证券,,,1,1,2024-06-07 17:54:37,2024-04-12 13:44:45,1.0,,,,
600985.XSHG,2024-04-12,民生证券,,,1,1,2024-06-07 17:52:41,2024-04-14 14:12:23,1.0,,,,
600985.XSHG,2024-04-13,民生证券,,,1,1,2024-06-07 17:53:26,2024-04-14 14:09:24,1.0,,,,
600985.XSHG,2024-04-13,中泰证券,,,1,1,2024-06-07 17:54:10,2024-04-15 13:48:36,1.0,,,,
600985.XSHG,2024-04-14,广发证券,18.8000,,1,1,2024-06-07 05:36:06,2024-04-15 14:02:57,1.0,,,,
600985.XSHG,2024-04-14,国盛证券,,,1,1,2024-06-07 17:52:59,2024-04-14 13:51:00,1.0,,,,
600985.XSHG,2024-04-14,国海证券,,,1,1,2024-06-07 17:53:13,2024-04-15 16:50:15,1.0,,,,
600985.XSHG,2024-04-14,长城证券,,,2,1,2024-06-07 17:53:14,2024-04-16 14:24:56,2.0,,,,
600985.XSHG,2024-04-14,兴业证券,,,2,1,2024-06-07 17:54:03,2024-04-15 14:36:56,2.0,,,,
600985.XSHG,2024-04-14,国信证券,,,1,1,2024-06-07 17:54:25,2024-04-15 16:58:45,1.0,,,,
600985.XSHG,2024-04-14,长江证券,,,1,1,2024-06-07 17:55:06,2024-04-15 23:57:26,1.0,,,,
600985.XSHG,2024-04-14,国泰海通证券,,,1,1,2024-06-07 17:57:36,2024-04-15 13:46:30,1.0,,,,
600985.XSHG,2024-04-14,开源证券,,,1,1,2024-06-07 18:00:57,2024-04-15 14:59:52,1.0,,,,
600985.XSHG,2024-04-15,华创证券,19.7600,M06,2,1,2024-06-07 05:37:07,2024-04-16 00:18:44,2.0,19.76,,,
600985.XSHG,2024-04-15,长城证券,,,2,1,2024-06-07 18:00:11,2024-04-16 15:20:36,2.0,,,,
600985.XSHG,2024-04-16,国盛证券,,,1,1,2024-06-07 17:53:29,2024-04-17 14:20:08,1.0,,,,
600985.XSHG,2024-04-17,国海证券,,,1,1,2024-06-07 17:56:18,2024-04-18 15:05:25,1.0,,,,
600985.XSHG,2024-04-18,长城证券,,,2,1,2024-06-07 17:54:58,2024-04-19 16:18:42,2.0,,,,
600985.XSHG,2024-04-18,广发证券,,,1,1,2024-06-07 17:56:34,2024-04-19 16:54:50,1.0,,,,
600985.XSHG,2024-04-20,中泰证券,,,1,1,2024-06-07 17:53:21,2024-04-21 17:14:36,1.0,,,,
600985.XSHG,2024-04-20,民生证券,,,1,1,2024-06-07 17:58:03,2024-04-21 13:57:01,1.0,,,,
600985.XSHG,2024-04-21,国信证券,,,1,1,2024-06-07 17:52:45,2024-04-22 13:42:36,1.0,,,,
600985.XSHG,2024-04-21,长城证券,,,2,1,2024-06-07 17:54:37,2024-04-23 16:38:45,2.0,,,,
600985.XSHG,2024-04-21,国泰海通证券,,,1,1,2024-06-07 17:55:11,2024-04-22 16:49:29,1.0,,,,
600985.XSHG,2024-04-21,广发证券,18.8000,,1,1,2024-06-07 05:36:53,2024-04-23 15:00:53,1.0,,,,
600985.XSHG,2024-04-21,国盛证券,,,1,1,2024-06-07 17:56:00,2024-04-21 17:47:45,1.0,,,,
600985.XSHG,2024-04-21,开源证券,,,1,1,2024-06-07 17:57:47,2024-04-22 14:12:00,1.0,,,,
600985.XSHG,2024-04-21,兴业证券,,,2,1,2024-06-07 17:57:51,2024-04-23 13:06:43,2.0,,,,
600985.XSHG,2024-04-21,国海证券,,,1,1,2024-06-07 17:57:58,2024-04-22 14:04:20,1.0,,,,
600985.XSHG,2024-04-23,国泰海通证券,,,1,1,2024-06-07 17:58:30,2024-04-24 12:45:23,1.0,,,,
600985.XSHG,2024-04-25,国海证券,,,1,1,2024-06-07 18:00:21,2024-04-28 17:52:33,1.0,,,,
600985.XSHG,2024-04-26,开源证券,,,1,1,2024-06-07 17:59:16,2024-04-27 22:55:38,1.0,,,,
600985.XSHG,2024-04-27,中泰证券,,,1,1,2024-06-07 17:53:40,2024-04-28 14:39:23,1.0,,,,
600985.XSHG,2024-04-27,国信证券,,,1,1,2024-06-07 17:57:47,2024-04-28 14:48:27,1.0,,,,
600985.XSHG,2024-04-27,民生证券,,,1,1,2024-06-07 18:00:15,2024-04-27 13:19:30,1.0,,,,
600985.XSHG,2024-04-28,民生证券,,,1,1,2024-06-07 17:53:19,2024-04-28 14:43:55,1.0,,,,
600985.XSHG,2024-04-28,中泰证券,,,1,1,2024-06-07 17:53:46,2024-04-29 17:12:35,1.0,,,,
600985.XSHG,2024-04-28,兴业证券,,,2,1,2024-06-07 17:54:33,2024-04-28 14:54:11,2.0,,,,
600985.XSHG,2024-04-28,信达证券,,,1,1,2024-06-07 17:55:57,2024-04-28 18:43:56,1.0,,,,
600985.XSHG,2024-04-28,长城证券,,,2,1,2024-06-07 17:57:51,2024-04-30 03:53:24,2.0,,,,
600985.XSHG,2024-04-28,广发证券,18.8000,,1,1,2024-06-07 05:37:25,2024-04-29 18:31:16,1.0,,,,
600985.XSHG,2024-04-28,国信证券,,,1,1,2024-06-07 17:59:31,2024-04-29 03:18:40,1.0,,,,
600985.XSHG,2024-04-28,国盛证券,,,1,1,2024-06-07 17:59:44,2024-04-28 13:03:08,1.0,,,,
600985.XSHG,2024-04-28,德邦证券,,,1,1,2024-06-07 18:00:49,2024-04-28 19:59:05,1.0,,,,
600985.XSHG,2024-04-28,国海证券,,,1,1,2024-06-07 18:00:50,2024-05-06 08:26:22,1.0,,,,
600985.XSHG,2024-04-28,开源证券,,,1,1,2024-06-07 18:01:14,2024-04-29 14:31:14,1.0,,,,
600985.XSHG,2024-04-29,国泰海通证券,,,1,1,2024-06-07 17:54:03,2024-04-29 15:15:13,1.0,,,,
600985.XSHG,2024-04-30,国泰海通证券,23.7600,M06,1,1,2024-06-07 05:37:18,2024-04-30 18:14:34,1.0,23.76,,,
600985.XSHG,2024-04-30,东北证券,,,1,1,2024-06-07 18:00:25,2024-04-30 14:34:45,1.0,,,,
600985.XSHG,2024-05-04,广发证券,18.8000,,1,1,2024-06-07 05:37:57,2024-05-08 13:40:38,1.0,,,,
600985.XSHG,2024-05-05,国信证券,,,1,1,2024-06-07 17:54:18,2024-05-06 19:35:34,1.0,,,,
600985.XSHG,2024-05-05,国盛证券,,,1,1,2024-06-07 17:54:18,2024-05-05 18:32:55,1.0,,,,
600985.XSHG,2024-05-05,中泰证券,,,1,1,2024-06-07 17:56:08,2024-05-06 18:39:18,1.0,,,,
600985.XSHG,2024-05-05,开源证券,,,1,1,2024-06-07 17:56:14,2024-05-09 17:41:28,1.0,,,,
600985.XSHG,2024-05-05,广发证券,18.8000,,1,1,2024-06-07 05:37:20,2024-05-07 13:11:28,1.0,,,,
600985.XSHG,2024-05-06,国海证券,,,1,1,2024-06-07 17:54:33,2024-05-07 15:51:17,1.0,,,,
600985.XSHG,2024-05-06,广发证券,21.8000,M06,1,1,2024-06-07 05:37:49,2024-05-08 17:22:57,1.0,21.8,,,
600985.XSHG,2024-05-08,开源证券,,,1,1,2024-06-07 17:54:03,2024-05-09 18:05:33,1.0,,,,
600985.XSHG,2024-05-08,长城证券,,,2,1,2024-06-07 17:55:06,2024-05-10 15:56:14,2.0,,,,
600985.XSHG,2024-05-08,国泰海通证券,,,1,1,2024-06-07 17:58:27,2024-05-08 16:20:40,1.0,,,,
600985.XSHG,2024-05-09,民生证券,,,1,1,2024-06-07 17:55:27,2024-05-09 17:51:32,1.0,,,,
600985.XSHG,2024-05-11,中泰证券,,,1,1,2024-06-07 17:56:25,2024-05-13 12:28:43,1.0,,,,
600985.XSHG,2024-05-11,民生证券,,,1,1,2024-06-07 17:57:43,2024-05-12 13:46:28,1.0,,,,
600985.XSHG,2024-05-12,长城证券,,,2,1,2024-06-07 17:56:18,2024-05-13 16:56:18,2.0,,,,
600985.XSHG,2024-05-12,兴业证券,,,2,1,2024-06-07 17:57:57,2024-05-13 11:59:57,2.0,,,,
600985.XSHG,2024-05-12,国海证券,,,1,1,2024-06-07 17:58:14,2024-05-13 14:13:59,1.0,,,,
600985.XSHG,2024-05-12,国盛证券,,,1,1,2024-06-07 17:58:36,2024-05-12 15:30:33,1.0,,,,
600985.XSHG,2024-05-12,广发证券,18.8000,,1,1,2024-06-07 05:37:54,2024-05-14 13:31:18,1.0,,,,
600985.XSHG,2024-05-12,国信证券,,,1,1,2024-06-07 18:00:39,2024-05-13 14:32:19,1.0,,,,
600985.XSHG,2024-05-13,开源证券,,,1,1,2024-06-07 17:53:06,2024-05-14 16:33:08,1.0,,,,
600985.XSHG,2024-05-13,国泰海通证券,,,1,1,2024-06-07 17:56:50,2024-05-14 13:20:50,1.0,,,,
600985.XSHG,2024-05-14,兴业证券,,,2,1,2024-06-11 22:14:08,2024-05-15 10:16:12,2.0,,,,
600985.XSHG,2024-05-16,国泰海通证券,,,1,1,2024-06-07 17:54:56,2024-05-16 10:57:05,1.0,,,,
600985.XSHG,2024-05-18,民生证券,,,1,1,2024-06-07 17:56:44,2024-05-19 15:02:35,1.0,,,,
600985.XSHG,2024-05-18,中泰证券,,,1,1,2024-06-07 17:59:20,2024-05-20 16:03:29,1.0,,,,
600985.XSHG,2024-05-19,国泰海通证券,,,1,1,2024-06-07 17:53:06,2024-05-20 14:05:03,1.0,,,,
600985.XSHG,2024-05-19,国盛证券,,,1,1,2024-06-07 17:53:32,2024-05-20 13:51:34,1.0,,,,
600985.XSHG,2024-05-19,国海证券,,,1,1,2024-06-07 17:53:32,2024-05-20 14:25:03,1.0,,,,
600985.XSHG,2024-05-19,开源证券,,,1,1,2024-06-07 17:58:55,2024-05-19 17:46:28,1.0,,,,
600985.XSHG,2024-05-19,国信证券,,,1,1,2024-06-07 17:59:12,2024-05-20 14:48:50,1.0,,,,
600985.XSHG,2024-05-19,兴业证券,,,2,1,2024-06-07 17:59:28,2024-05-20 14:54:59,2.0,,,,
600985.XSHG,2024-05-19,广发证券,18.8000,,1,1,2024-06-07 05:38:14,2024-05-20 15:04:04,1.0,,,,
600985.XSHG,2024-05-20,国盛证券,,,1,1,2024-06-07 17:52:40,2024-05-20 15:45:21,1.0,,,,
600985.XSHG,2024-05-20,长城证券,,,2,1,2024-06-07 17:53:13,2024-05-22 14:28:46,2.0,,,,
600985.XSHG,2024-05-20,广发证券,18.8000,,1,1,2024-06-07 05:37:55,2024-05-21 14:04:29,1.0,,,,
600985.XSHG,2024-05-25,民生证券,,,1,1,2024-06-07 17:58:01,2024-05-26 12:01:38,1.0,,,,
600985.XSHG,2024-05-25,中泰证券,,,1,1,2024-06-07 18:00:36,2024-05-28 13:33:48,1.0,,,,
600985.XSHG,2024-05-26,长城证券,,,2,1,2024-06-07 17:52:38,2024-05-28 14:50:12,2.0,,,,
600985.XSHG,2024-05-26,开源证券,,,1,1,2024-06-07 17:53:42,2024-05-26 16:44:29,1.0,,,,
600985.XSHG,2024-05-26,国泰海通证券,,,1,1,2024-06-07 17:54:15,2024-05-27 13:30:53,1.0,,,,
600985.XSHG,2024-05-26,广发证券,21.8000,,1,1,2024-06-07 05:36:33,2024-05-27 15:01:09,1.0,,,,
600985.XSHG,2024-05-26,国盛证券,,,1,1,2024-06-07 17:54:43,2024-05-27 11:41:08,1.0,,,,
600985.XSHG,2024-05-26,国信证券,,,1,1,2024-06-07 17:57:06,2024-05-26 17:37:40,1.0,,,,
600985.XSHG,2024-05-26,国海证券,,,1,1,2024-06-07 17:59:24,2024-05-27 13:35:53,1.0,,,,
600985.XSHG,2024-06-01,中泰证券,,,1,1,2024-06-07 17:56:27,2024-06-02 14:19:01,1.0,,,,
600985.XSHG,2024-06-01,民生证券,,,1,1,2024-06-07 17:57:53,2024-06-02 15:04:31,1.0,,,,
600985.XSHG,2024-06-02,开源证券,,,1,1,2024-06-07 17:52:58,2024-06-03 14:37:16,1.0,,,,
600985.XSHG,2024-06-02,国海证券,,,1,1,2024-06-07 17:56:01,2024-06-02 17:44:43,1.0,,,,
600985.XSHG,2024-06-02,国盛证券,,,1,1,2024-06-07 17:56:56,2024-06-03 14:49:16,1.0,,,,
600985.XSHG,2024-06-02,国信证券,,,2,1,2024-06-07 17:57:05,2024-06-03 14:39:06,2.0,,,,
600985.XSHG,2024-06-02,长城证券,,,2,1,2024-06-07 17:58:26,2024-06-05 14:30:49,2.0,,,,
600985.XSHG,2024-06-02,广发证券,21.8000,,1,1,2024-06-07 05:37:35,2024-06-04 11:54:59,1.0,,,,
600985.XSHG,2024-06-02,国泰海通证券,,,1,1,2024-06-07 17:59:51,2024-06-04 16:19:48,1.0,,,,
600985.XSHG,2024-06-08,中泰证券,,,1,1,2024-06-10 17:53:39,2024-06-10 14:11:55,1.0,,,,
600985.XSHG,2024-06-08,民生证券,,,1,1,2024-06-10 17:53:39,2024-06-10 14:14:00,1.0,,,,
600985.XSHG,2024-06-09,国信证券,,,2,1,2024-06-10 17:53:41,2024-06-10 15:38:45,2.0,,,,
600985.XSHG,2024-06-10,国泰海通证券,,,1,1,2024-06-11 22:14:08,2024-06-11 16:03:28,1.0,,,,
600985.XSHG,2024-06-10,广发证券,21.8000,,1,1,2024-06-11 22:14:10,2024-06-11 16:49:17,1.0,,,,
600985.XSHG,2024-06-10,国海证券,,,1,1,2024-06-11 15:54:05,2024-06-11 12:20:07,1.0,,,,
600985.XSHG,2024-06-10,国盛证券,,,1,1,2024-06-10 21:31:38,2024-06-10 15:48:41,1.0,,,,
600985.XSHG,2024-06-10,长城证券,,,2,1,2024-06-12 21:58:52,2024-06-12 16:32:27,2.0,,,,
600985.XSHG,2024-06-11,海通证券,22.2800,M06,2,1,2024-06-11 22:14:10,2024-06-11 17:15:26,2.0,22.28,,,
600985.XSHG,2024-06-15,中泰证券,,,1,1,2024-06-17 18:24:22,2024-06-17 15:05:57,1.0,,,,
600985.XSHG,2024-06-15,民生证券,,,1,1,2024-06-16 15:43:43,2024-06-16 13:43:43,1.0,,,,
600985.XSHG,2024-06-16,国盛证券,,,1,1,2024-06-17 17:48:19,2024-06-17 14:45:16,1.0,,,,
600985.XSHG,2024-06-16,开源证券,,,1,1,2024-06-16 21:42:42,2024-06-16 16:50:55,1.0,,,,
600985.XSHG,2024-06-16,国信证券,,,2,1,2024-06-17 18:24:23,2024-06-17 15:13:22,2.0,,,,
600985.XSHG,2024-06-16,国泰海通证券,,,1,1,2024-06-17 13:44:38,2024-06-17 11:01:01,1.0,,,,
600985.XSHG,2024-06-16,广发证券,21.8000,,1,1,2024-06-17 21:09:12,2024-06-17 15:53:11,1.0,,,,
600985.XSHG,2024-06-16,国海证券,,,1,1,2024-06-17 13:44:39,2024-06-17 10:56:49,1.0,,,,
600985.XSHG,2024-06-17,长城证券,,,2,1,2024-06-19 11:40:15,2024-06-19 08:52:41,2.0,,,,
600985.XSHG,2024-06-18,国海证券,,,1,1,2024-06-19 14:57:04,2024-06-19 11:20:28,1.0,,,,
600985.XSHG,2024-06-18,国盛证券,,,1,1,2024-06-18 13:31:17,2024-06-18 11:17:04,1.0,,,,
600985.XSHG,2024-06-18,中金公司,23.0000,M06,2,1,2024-06-18 12:13:26,2024-06-18 07:49:48,2.0,23.0,,,
600985.XSHG,2024-06-19,广发证券,21.8000,,1,1,2024-06-20 13:37:01,2024-06-20 10:06:01,1.0,,,,
600985.XSHG,2024-06-19,长城证券,,,2,1,2024-06-20 22:15:05,2024-06-20 17:11:53,2.0,,,,
600985.XSHG,2024-06-22,长城证券,,,2,1,2024-06-25 13:23:28,2024-06-25 10:51:24,2.0,,,,
600985.XSHG,2024-06-22,民生证券,,,1,1,2024-06-23 14:02:34,2024-06-23 11:40:28,1.0,,,,
600985.XSHG,2024-06-22,中泰证券,,,1,1,2024-06-23 18:01:52,2024-06-23 15:31:39,1.0,,,,
600985.XSHG,2024-06-22,国信证券,,,2,1,2024-06-23 14:42:22,2024-06-23 11:51:58,2.0,,,,
600985.XSHG,2024-06-23,国泰海通证券,,,1,1,2024-06-24 18:02:49,2024-06-24 13:56:18,1.0,,,,
600985.XSHG,2024-06-23,国盛证券,,,1,1,2024-06-24 16:03:02,2024-06-24 13:21:14,1.0,,,,
600985.XSHG,2024-06-23,开源证券,,,1,1,2024-06-24 21:32:20,2024-06-24 13:14:51,1.0,,,,
600985.XSHG,2024-06-23,广发证券,21.8000,,1,1,2024-06-24 18:02:55,2024-06-24 15:26:07,1.0,,,,
600985.XSHG,2024-06-29,中泰证券,,,1,1,2024-07-01 18:07:06,2024-07-01 14:38:22,1.0,,,,
600985.XSHG,2024-06-29,民生证券,,,1,1,2024-06-30 15:26:51,2024-06-30 13:08:50,1.0,,,,
600985.XSHG,2024-06-30,兴业证券,,,2,1,2024-07-04 18:09:35,2024-07-04 14:20:30,2.0,,,,
600985.XSHG,2024-06-30,广发证券,21.8000,,1,1,2024-07-01 21:30:28,2024-07-01 17:08:16,1.0,,,,
600985.XSHG,2024-06-30,国盛证券,,,1,1,2024-06-30 21:26:15,2024-06-30 17:28:02,1.0,,,,
600985.XSHG,2024-06-30,国信证券,,,2,1,2024-07-02 17:28:08,2024-07-02 14:01:17,2.0,,,,
600985.XSHG,2024-06-30,长城证券,,,2,1,2024-07-01 18:07:13,2024-07-01 15:43:58,2.0,,,,
600985.XSHG,2024-06-30,国海证券,,,1,1,2024-07-01 18:07:08,2024-07-01 14:39:56,1.0,,,,
600985.XSHG,2024-07-01,国泰海通证券,,,1,1,2024-07-02 17:28:09,2024-07-02 14:36:54,1.0,,,,
600985.XSHG,2024-07-02,广发证券,21.8000,,1,1,2024-07-03 21:28:27,2024-07-03 16:45:52,1.0,,,,
600985.XSHG,2024-07-06,民生证券,,,1,1,2024-07-07 18:02:42,2024-07-07 14:28:12,1.0,,,,
600985.XSHG,2024-07-07,国泰海通证券,,,1,1,2024-07-07 21:22:01,2024-07-07 17:30:32,1.0,,,,
600985.XSHG,2024-07-07,国盛证券,,,1,1,2024-07-07 21:22:01,2024-07-07 16:51:32,1.0,,,,
600985.XSHG,2024-07-07,长城证券,,,2,1,2024-07-08 17:26:06,2024-07-08 14:30:49,2.0,,,,
600985.XSHG,2024-07-07,兴业证券,,,2,1,2024-07-08 21:22:32,2024-07-08 17:40:00,2.0,,,,
600985.XSHG,2024-07-07,广发证券,21.8000,,1,1,2024-07-09 21:23:07,2024-07-09 15:53:33,1.0,,,,
600985.XSHG,2024-07-07,国信证券,,,2,1,2024-07-09 21:23:07,2024-07-09 16:22:40,2.0,,,,
600985.XSHG,2024-07-07,国海证券,,,1,1,2024-07-07 18:02:42,2024-07-07 15:44:31,1.0,,,,
600985.XSHG,2024-07-07,中泰证券,,,1,1,2024-07-08 18:02:32,2024-07-08 14:56:44,1.0,,,,
600985.XSHG,2024-07-13,民生证券,,,1,1,2024-07-14 15:45:13,2024-07-14 12:37:25,1.0,,,,
600985.XSHG,2024-07-13,中泰证券,,,1,1,2024-07-15 21:46:17,2024-07-15 17:37:12,1.0,,,,
600985.XSHG,2024-07-14,开源证券,,,1,1,2024-07-14 21:45:43,2024-07-14 16:51:42,1.0,,,,
600985.XSHG,2024-07-14,兴业证券,,,2,1,2024-07-16 14:25:59,2024-07-16 11:18:47,2.0,,,,
600985.XSHG,2024-07-14,国海证券,,,1,1,2024-07-15 17:49:24,2024-07-15 14:08:28,1.0,,,,
600985.XSHG,2024-07-14,国泰海通证券,,,1,1,2024-07-15 14:25:23,2024-07-15 12:34:34,1.0,,,,
600985.XSHG,2024-07-14,国信证券,,,2,1,2024-07-15 18:25:56,2024-07-15 14:45:46,2.0,,,,
600985.XSHG,2024-07-14,国盛证券,,,1,1,2024-07-15 14:25:23,2024-07-15 12:25:33,1.0,,,,
600985.XSHG,2024-07-14,广发证券,21.8000,,1,1,2024-07-15 18:25:57,2024-07-15 15:10:22,1.0,,,,
600985.XSHG,2024-07-14,长城证券,,,2,1,2024-07-15 21:46:17,2024-07-15 17:32:18,2.0,,,,
600985.XSHG,2024-07-15,长城证券,,,2,1,2024-07-16 21:07:28,2024-07-16 16:35:44,2.0,,,,
600985.XSHG,2024-07-15,广发证券,21.8000,,1,1,2024-07-16 13:06:39,2024-07-16 10:47:56,1.0,,,,
600985.XSHG,2024-07-16,国盛证券,,,1,1,2024-07-18 14:07:21,2024-07-18 11:19:17,1.0,,,,
600985.XSHG,2024-07-16,国海证券,,,1,1,2024-07-17 13:26:47,2024-07-17 11:32:24,1.0,,,,
600985.XSHG,2024-07-17,浙商证券,,,2,1,2024-07-18 21:40:18,2024-07-18 17:40:45,2.0,,,,
600985.XSHG,2024-07-19,中金公司,23.0000,,2,1,2024-07-19 21:34:40,2024-07-19 16:35:40,2.0,,,,
600985.XSHG,2024-07-20,民生证券,,,1,1,2024-07-21 18:09:16,2024-07-21 15:33:54,1.0,,,,
600985.XSHG,2024-07-21,长城证券,,,2,1,2024-07-23 18:18:30,2024-07-23 14:06:40,2.0,,,,
600985.XSHG,2024-07-21,开源证券,,,1,1,2024-07-22 21:39:03,2024-07-22 17:48:55,1.0,,,,
600985.XSHG,2024-07-21,广发证券,21.8000,,1,1,2024-07-23 21:41:03,2024-07-23 17:10:36,1.0,,,,
600985.XSHG,2024-07-21,兴业证券,,,2,1,2024-07-23 13:37:52,2024-07-23 11:43:08,2.0,,,,
600985.XSHG,2024-07-21,国泰海通证券,,,1,1,2024-07-22 21:39:06,2024-07-22 18:17:41,1.0,,,,
600985.XSHG,2024-07-21,国海证券,,,1,1,2024-07-22 15:38:28,2024-07-22 12:48:32,1.0,,,,
600985.XSHG,2024-07-21,国盛证券,,,1,1,2024-07-21 18:09:17,2024-07-21 14:56:48,1.0,,,,
600985.XSHG,2024-07-21,中泰证券,,,1,1,2024-07-22 14:17:58,2024-07-22 11:47:27,1.0,,,,
600985.XSHG,2024-07-22,广发证券,21.8000,,1,1,2024-07-23 18:18:32,2024-07-23 14:52:01,1.0,,,,
600985.XSHG,2024-07-22,国海证券,,,1,1,2024-07-23 18:18:32,2024-07-23 14:55:43,1.0,,,,
600985.XSHG,2024-07-22,国盛证券,,,1,1,2024-07-23 14:58:09,2024-07-23 12:58:02,1.0,,,,
600985.XSHG,2024-07-22,国泰海通证券,,,1,1,2024-07-22 21:39:06,2024-07-22 18:04:19,1.0,,,,
600985.XSHG,2024-07-24,国盛证券,,,1,1,2024-07-26 18:43:29,2024-07-26 15:02:51,1.0,,,,
600985.XSHG,2024-07-27,民生证券,,,1,1,2024-07-28 14:52:09,2024-07-28 12:36:47,1.0,,,,
600985.XSHG,2024-07-27,中泰证券,,,1,1,2024-07-29 15:32:09,2024-07-29 13:16:05,1.0,,,,
600985.XSHG,2024-07-28,国盛证券,,,1,1,2024-07-29 15:32:08,2024-07-29 13:28:13,1.0,,,,
600985.XSHG,2024-07-28,兴业证券,,,2,1,2024-07-30 15:36:20,2024-07-30 13:34:11,2.0,,,,
600985.XSHG,2024-07-28,开源证券,,,1,1,2024-07-29 14:52:00,2024-07-29 12:43:50,1.0,,,,
600985.XSHG,2024-07-28,国海证券,,,1,1,2024-07-29 17:53:43,2024-07-29 13:47:41,1.0,,,,
600985.XSHG,2024-07-28,广发证券,21.8000,,1,1,2024-07-29 21:13:16,2024-07-29 16:02:16,1.0,,,,
600985.XSHG,2024-07-28,长城证券,,,2,1,2024-07-30 15:36:20,2024-07-30 13:41:16,2.0,,,,
600985.XSHG,2024-07-29,国泰海通证券,,,1,1,2024-07-30 13:22:00,2024-07-30 11:02:53,1.0,,,,
600985.XSHG,2024-07-31,国盛证券,,,1,1,2024-08-01 17:43:55,2024-08-01 14:01:34,1.0,,,,
600985.XSHG,2024-08-03,中泰证券,,,1,1,2024-08-05 18:24:43,2024-08-05 15:01:22,1.0,,,,
600985.XSHG,2024-08-04,长城证券,,,2,1,2024-08-06 17:46:17,2024-08-06 14:12:11,2.0,,,,
600985.XSHG,2024-08-04,国盛证券,,,1,1,2024-08-04 21:45:12,2024-08-04 17:46:28,1.0,,,,
600985.XSHG,2024-08-04,国海证券,,,1,1,2024-08-05 17:44:51,2024-08-05 14:32:26,1.0,,,,
600985.XSHG,2024-08-04,开源证券,,,1,1,2024-08-05 17:44:51,2024-08-05 13:43:05,1.0,,,,
600985.XSHG,2024-08-04,广发证券,21.8000,,1,1,2024-08-06 13:06:04,2024-08-06 10:37:28,1.0,,,,
600985.XSHG,2024-08-04,兴业证券,,,2,1,2024-08-06 13:06:05,2024-08-06 10:55:44,2.0,,,,
600985.XSHG,2024-08-05,国泰海通证券,,,1,1,2024-08-05 17:44:50,2024-08-05 13:49:16,1.0,,,,
600985.XSHG,2024-08-06,国泰海通证券,,,1,1,2024-08-07 13:05:56,2024-08-07 11:11:52,1.0,,,,
600985.XSHG,2024-08-09,国盛证券,,,1,1,2024-08-11 13:11:17,2024-08-11 11:14:37,1.0,,,,
600985.XSHG,2024-08-10,中泰证券,,,1,1,2024-08-12 17:12:03,2024-08-12 13:21:52,1.0,,,,
600985.XSHG,2024-08-11,国泰海通证券,,,1,1,2024-08-12 17:51:30,2024-08-12 15:13:26,1.0,,,,
600985.XSHG,2024-08-11,国盛证券,,,1,1,2024-08-11 15:51:03,2024-08-11 12:48:11,1.0,,,,
600985.XSHG,2024-08-11,开源证券,,,1,1,2024-08-12 17:12:07,2024-08-12 12:48:22,1.0,,,,
600985.XSHG,2024-08-11,广发证券,21.8000,,1,1,2024-08-12 21:51:37,2024-08-12 17:25:16,1.0,,,,
600985.XSHG,2024-08-11,长城证券,,,2,1,2024-08-13 17:52:08,2024-08-13 14:10:07,2.0,,,,
600985.XSHG,2024-08-11,兴业证券,,,2,1,2024-08-15 18:22:17,2024-08-15 13:49:18,2.0,,,,
600985.XSHG,2024-08-15,东北证券,,,1,1,2024-08-16 15:43:20,2024-08-16 13:10:20,1.0,,,,
600985.XSHG,2024-08-16,长城证券,,,2,1,2024-08-18 21:06:50,2024-08-18 15:49:15,2.0,,,,
600985.XSHG,2024-08-17,国盛证券,,,1,1,2024-08-18 17:44:39,2024-08-18 14:13:01,1.0,,,,
600985.XSHG,2024-08-18,广发证券,21.8000,,1,1,2024-08-19 21:51:06,2024-08-19 16:16:58,1.0,,,,
600985.XSHG,2024-08-18,国海证券,,,1,1,2024-08-19 18:01:06,2024-08-19 13:53:27,1.0,,,,
600985.XSHG,2024-08-18,国泰海通证券,,,1,1,2024-08-20 15:21:28,2024-08-20 13:36:47,1.0,,,,
600985.XSHG,2024-08-18,国盛证券,,,1,1,2024-08-19 18:01:10,2024-08-19 15:35:46,1.0,,,,
600985.XSHG,2024-08-18,兴业证券,,,2,1,2024-08-30 22:09:26,2024-08-22 17:52:54,2.0,,,,
600985.XSHG,2024-08-19,长城证券,,,2,1,2024-08-20 15:21:27,2024-08-20 13:03:09,2.0,,,,
600985.XSHG,2024-08-24,国盛证券,,,1,1,2024-08-25 17:24:38,2024-08-25 14:31:07,1.0,,,,
600985.XSHG,2024-08-25,开源证券,,,1,1,2024-08-26 21:58:44,2024-08-26 18:23:08,1.0,,,,
600985.XSHG,2024-08-25,国泰海通证券,,,1,1,2024-08-26 21:58:42,2024-08-26 16:38:24,1.0,,,,
600985.XSHG,2024-08-25,国盛证券,,,1,1,2024-08-26 18:05:13,2024-08-26 14:48:29,1.0,,,,
600985.XSHG,2024-08-25,兴业证券,,,2,1,2024-08-28 17:29:26,2024-08-28 14:09:50,2.0,,,,
600985.XSHG,2024-08-25,国海证券,,,1,1,2024-08-26 21:58:47,2024-08-26 18:14:49,1.0,,,,
600985.XSHG,2024-08-25,长城证券,,,2,1,2024-08-26 21:58:48,2024-08-26 17:47:05,2.0,,,,
600985.XSHG,2024-08-25,中泰证券,,,1,1,2024-08-26 22:06:10,2024-08-26 19:17:57,1.0,,,,
600985.XSHG,2024-08-25,广发证券,21.8000,,1,1,2024-08-26 21:58:51,2024-08-26 17:56:52,1.0,,,,
600985.XSHG,2024-08-26,长城证券,,,2,1,2024-08-28 22:13:12,2024-08-28 18:09:24,2.0,,,,
600985.XSHG,2024-08-26,广发证券,21.8000,,1,1,2024-08-27 21:39:16,2024-08-27 17:39:23,1.0,,,,
600985.XSHG,2024-08-30,长城证券,,,1,1,2024-09-06 14:26:25,2024-09-06 11:22:20,1.0,,,,
600985.XSHG,2024-08-30,开源证券,,,1,1,2024-08-30 13:56:39,2024-08-30 11:41:36,1.0,,,,
600985.XSHG,2024-08-30,兴业证券,,,2,1,2024-09-02 13:43:47,2024-09-02 11:08:56,2.0,,,,
600985.XSHG,2024-08-30,德邦证券,,,1,1,2024-09-01 12:49:21,2024-08-31 09:23:49,1.0,,,,
600985.XSHG,2024-08-30,中信证券,,,1,1,2024-09-01 21:29:07,2024-09-01 18:57:32,1.0,,,,
600985.XSHG,2024-08-30,国泰海通证券,18.4000,M06,1,1,2024-09-01 17:29:21,2024-08-30 17:45:58,1.0,18.4,,,
600985.XSHG,2024-08-30,民生证券,,,1,1,2024-08-30 21:27:57,2024-08-30 17:11:17,1.0,,,,
600985.XSHG,2024-08-30,信达证券,,,1,1,2024-09-01 13:29:03,2024-08-30 17:39:10,1.0,,,,
600985.XSHG,2024-08-30,国盛证券,,,1,1,2024-08-30 11:57:02,2024-08-30 09:51:04,1.0,,,,
600985.XSHG,2024-08-30,中金公司,19.0000,M06,2,1,2024-08-30 21:27:58,2024-08-30 18:19:49,2.0,19.0,,,
600985.XSHG,2024-08-31,中泰证券,,,1,1,2024-09-03 01:43:21,2024-09-02 21:28:25,1.0,,,,
600985.XSHG,2024-09-01,国盛证券,,,1,1,2024-09-01 21:29:06,2024-09-01 19:01:09,1.0,,,,
600985.XSHG,2024-09-01,国泰海通证券,,,1,1,2024-09-03 21:11:53,2024-09-03 16:02:42,1.0,,,,
600985.XSHG,2024-09-01,广发证券,21.8000,,1,1,2024-09-06 18:26:09,2024-09-06 15:28:35,1.0,,,,
600985.XSHG,2024-09-01,开源证券,,,1,1,2024-09-03 01:43:21,2024-09-02 20:22:21,1.0,,,,
600985.XSHG,2024-09-01,方正证券,,,1,1,2024-09-05 11:11:05,2024-09-04 18:40:58,1.0,,,,
600985.XSHG,2024-09-01,兴业证券,,,2,1,2024-09-03 21:46:24,2024-09-03 17:44:07,2.0,,,,
600985.XSHG,2024-09-02,国投证券,16.2000,M06,1,1,2024-09-02 14:22:55,2024-09-02 12:29:30,1.0,16.2,,,
600985.XSHG,2024-09-02,国海证券,,,1,1,2024-09-03 11:03:28,2024-09-03 02:28:52,1.0,,,,
600985.XSHG,2024-09-03,国盛证券,,,1,1,2024-09-04 23:27:36,2024-09-04 19:01:20,1.0,,,,
600985.XSHG,2024-09-03,广发证券,21.8000,,1,1,2024-09-04 23:27:35,2024-09-04 17:05:40,1.0,,,,
600985.XSHG,2024-09-04,开源证券,,,1,1,2024-09-05 13:47:17,2024-09-05 10:29:25,1.0,,,,
600985.XSHG,2024-09-05,海通证券,18.7550,M06,2,1,2024-09-06 12:25:34,2024-09-06 09:27:12,2.0,18.755,,,
600985.XSHG,2024-09-07,国海证券,,,1,1,2024-09-09 23:02:11,2024-09-09 18:10:37,1.0,,,,
600985.XSHG,2024-09-07,中泰证券,,,1,1,2024-09-09 14:27:35,2024-09-09 12:26:53,1.0,,,,
600985.XSHG,2024-09-08,中泰证券,,,1,1,2024-09-09 23:02:11,2024-09-09 18:18:32,1.0,,,,
600985.XSHG,2024-09-08,长城证券,,,1,1,2024-09-10 17:59:07,2024-09-10 15:26:15,1.0,,,,
600985.XSHG,2024-09-08,兴业证券,,,2,1,2024-09-18 13:49:10,2024-09-11 14:43:11,2.0,,,,
600985.XSHG,2024-09-08,国盛证券,,,1,1,2024-09-08 22:27:47,2024-09-08 19:14:30,1.0,,,,
600985.XSHG,2024-09-09,广发证券,21.8000,,1,1,2024-09-10 15:18:23,2024-09-10 11:58:49,1.0,,,,
600985.XSHG,2024-09-09,国泰海通证券,,,1,1,2024-09-09 21:47:50,2024-09-09 17:45:57,1.0,,,,
600985.XSHG,2024-09-11,国海证券,,,1,1,2024-09-12 21:19:43,2024-09-12 15:20:43,1.0,,,,
600985.XSHG,2024-09-15,国盛证券,,,1,1,2024-09-17 18:02:49,2024-09-17 14:55:29,1.0,,,,
600985.XSHG,2024-09-15,开源证券,,,1,1,2024-09-17 21:22:10,2024-09-17 15:50:48,1.0,,,,
600985.XSHG,2024-09-15,中泰证券,,,1,1,2024-09-17 18:02:52,2024-09-17 14:16:38,1.0,,,,
600985.XSHG,2024-09-16,国盛证券,,,1,1,2024-09-17 21:22:09,2024-09-17 15:47:05,1.0,,,,
600985.XSHG,2024-09-16,广发证券,21.8000,,1,1,2024-09-18 17:49:43,2024-09-18 13:43:29,1.0,,,,
600985.XSHG,2024-09-17,国海证券,,,1,1,2024-09-18 17:49:45,2024-09-18 14:36:35,1.0,,,,
600985.XSHG,2024-09-17,国泰海通证券,,,1,1,2024-09-18 17:49:42,2024-09-18 13:48:51,1.0,,,,
600985.XSHG,2024-09-17,兴业证券,,,2,1,2024-09-18 17:49:43,2024-09-18 14:17:09,2.0,,,,
600985.XSHG,2024-09-18,长城证券,,,1,1,2024-09-19 17:50:25,2024-09-19 14:39:41,1.0,,,,
600985.XSHG,2024-09-19,国泰海通证券,,,1,1,2024-09-22 21:52:08,2024-09-22 18:25:15,1.0,,,,
600985.XSHG,2024-09-19,国海证券,,,1,1,2024-09-20 17:52:53,2024-09-20 14:34:00,1.0,,,,
600985.XSHG,2024-09-19,长城证券,,,1,1,2024-09-20 21:50:47,2024-09-20 16:48:18,1.0,,,,
600985.XSHG,2024-09-22,兴业证券,,,2,1,2024-09-23 17:52:34,2024-09-23 14:54:03,2.0,,,,
600985.XSHG,2024-09-22,广发证券,21.8000,,1,1,2024-09-23 17:52:32,2024-09-23 13:46:27,1.0,,,,
600985.XSHG,2024-09-22,长城证券,,,1,1,2024-09-24 13:13:12,2024-09-24 10:59:26,1.0,,,,
600985.XSHG,2024-09-22,中泰证券,,,1,1,2024-09-23 17:52:32,2024-09-23 13:02:43,1.0,,,,
600985.XSHG,2024-09-22,开源证券,,,1,1,2024-09-22 21:52:08,2024-09-22 18:23:55,1.0,,,,
600985.XSHG,2024-09-22,国盛证券,,,1,1,2024-09-23 17:52:36,2024-09-23 15:32:01,1.0,,,,
600985.XSHG,2024-09-22,国泰海通证券,,,1,1,2024-09-23 17:52:33,2024-09-23 14:09:40,1.0,,,,
600985.XSHG,2024-09-23,国盛证券,,,1,1,2024-09-23 21:52:43,2024-09-23 16:46:13,1.0,,,,
600985.XSHG,2024-09-23,国海证券,,,1,1,2024-09-23 21:52:44,2024-09-23 16:33:36,1.0,,,,
600985.XSHG,2024-09-24,国盛证券,,,1,1,2024-09-25 12:33:32,2024-09-25 10:14:27,1.0,,,,
600985.XSHG,2024-09-29,广发证券,21.8000,,1,1,2024-09-30 17:56:24,2024-09-30 11:46:03,1.0,,,,
600985.XSHG,2024-09-29,国盛证券,,,1,1,2024-09-30 14:36:37,2024-09-30 12:23:56,1.0,,,,
600985.XSHG,2024-09-29,中泰证券,,,1,1,2024-09-29 17:56:08,2024-09-29 14:04:13,1.0,,,,
600985.XSHG,2024-09-29,申万宏源,,,1,1,2024-09-29 21:16:37,2024-09-29 16:24:14,1.0,,,,
600985.XSHG,2024-09-29,兴业证券,,,2,1,2024-09-30 15:16:52,2024-09-30 12:49:24,2.0,,,,
600985.XSHG,2024-09-29,开源证券,,,1,1,2024-09-29 17:56:08,2024-09-29 14:02:56,1.0,,,,
600985.XSHG,2024-09-30,国海证券,,,1,1,2024-09-30 21:32:45,2024-09-30 16:41:55,1.0,,,,
600985.XSHG,2024-10-04,国盛证券,,,1,1,2024-10-08 18:12:31,2024-10-08 15:22:44,1.0,,,,
600985.XSHG,2024-10-06,国泰海通证券,,,1,1,2024-10-08 01:02:58,2024-10-07 12:50:14,1.0,,,,
600985.XSHG,2024-10-12,民生证券,,,1,1,2024-10-13 18:16:11,2024-10-13 14:20:57,1.0,,,,
600985.XSHG,2024-10-13,国泰海通证券,,,1,1,2024-10-13 21:35:31,2024-10-13 17:31:03,1.0,,,,
600985.XSHG,2024-10-13,中泰证券,,,1,1,2024-10-16 13:37:40,2024-10-16 10:15:15,1.0,,,,
600985.XSHG,2024-10-13,开源证券,,,1,1,2024-10-13 16:15:23,2024-10-13 13:13:58,1.0,,,,
600985.XSHG,2024-10-13,广发证券,21.8000,,1,1,2024-10-14 21:03:32,2024-10-14 13:34:52,1.0,,,,
600985.XSHG,2024-10-13,国盛证券,,,1,1,2024-10-13 21:35:31,2024-10-13 17:06:05,1.0,,,,
600985.XSHG,2024-10-13,兴业证券,,,2,1,2024-10-14 17:36:51,2024-10-14 14:08:33,2.0,,,,
600985.XSHG,2024-10-13,长城证券,,,1,1,2024-10-14 17:36:51,2024-10-14 14:26:54,1.0,,,,
600985.XSHG,2024-10-14,开源证券,,,1,1,2024-10-15 15:36:33,2024-10-15 11:24:06,1.0,,,,
600985.XSHG,2024-10-14,国海证券,,,1,1,2024-10-15 18:16:43,2024-10-15 14:39:08,1.0,,,,
600985.XSHG,2024-10-19,国泰海通证券,,,1,1,2024-10-21 12:20:14,2024-10-21 10:13:30,1.0,,,,
600985.XSHG,2024-10-19,民生证券,,,1,1,2024-10-20 18:19:55,2024-10-20 14:14:48,1.0,,,,
600985.XSHG,2024-10-20,长城证券,,,1,1,2024-10-22 13:00:35,2024-10-22 10:47:58,1.0,,,,
600985.XSHG,2024-10-20,开源证券,,,1,1,2024-10-20 18:19:55,2024-10-20 13:36:00,1.0,,,,
600985.XSHG,2024-10-20,国海证券,,,1,1,2024-10-21 12:20:15,2024-10-21 10:14:13,1.0,,,,
600985.XSHG,2024-10-20,广发证券,21.8000,,1,1,2024-10-21 18:19:52,2024-10-21 13:24:12,1.0,,,,
600985.XSHG,2024-10-20,兴业证券,,,2,1,2024-10-21 21:01:05,2024-10-21 15:53:47,2.0,,,,
600985.XSHG,2024-10-20,中泰证券,,,1,1,2024-10-20 21:39:40,2024-10-20 16:12:50,1.0,,,,
600985.XSHG,2024-10-20,国盛证券,,,1,1,2024-10-20 13:39:24,2024-10-20 11:02:16,1.0,,,,
600985.XSHG,2024-10-21,长城证券,,,1,1,2024-10-22 17:42:00,2024-10-22 13:45:29,1.0,,,,
600985.XSHG,2024-10-21,国海证券,,,1,1,2024-10-21 21:01:04,2024-10-21 14:59:03,1.0,,,,
600985.XSHG,2024-10-22,国盛证券,,,1,1,2024-10-23 18:21:50,2024-10-23 13:47:02,1.0,,,,
600985.XSHG,2024-10-25,国盛证券,,,1,1,2024-10-25 22:23:09,2024-10-25 17:16:03,1.0,,,,
600985.XSHG,2024-10-26,民生证券,,,1,1,2024-10-27 13:44:02,2024-10-27 11:03:12,1.0,,,,
600985.XSHG,2024-10-27,国泰海通证券,,,1,1,2024-10-28 22:24:49,2024-10-28 18:25:58,1.0,,,,
600985.XSHG,2024-10-27,广发证券,21.8000,,1,1,2024-10-28 21:04:33,2024-10-28 15:40:44,1.0,,,,
600985.XSHG,2024-10-27,国海证券,,,1,1,2024-10-28 18:24:14,2024-10-28 14:39:52,1.0,,,,
600985.XSHG,2024-10-27,国盛证券,,,1,1,2024-10-27 18:24:02,2024-10-27 15:23:12,1.0,,,,
600985.XSHG,2024-10-27,兴业证券,,,2,1,2024-10-28 18:24:14,2024-10-28 15:27:45,2.0,,,,
600985.XSHG,2024-10-27,中泰证券,,,1,1,2024-10-28 21:04:35,2024-10-28 15:28:02,1.0,,,,
600985.XSHG,2024-10-27,开源证券,,,1,1,2024-10-27 18:24:02,2024-10-27 13:16:51,1.0,,,,
600985.XSHG,2024-10-28,国泰海通证券,,,1,1,2024-10-28 21:04:33,2024-10-28 15:35:44,1.0,,,,
600985.XSHG,2024-10-29,国盛证券,,,1,1,2024-10-30 21:06:21,2024-10-29 22:20:53,1.0,,,,
600985.XSHG,2024-10-30,国泰海通证券,18.4000,M06,1,1,2024-10-31 13:06:24,2024-10-31 10:49:21,1.0,18.4,,,
600985.XSHG,2024-10-30,民生证券,,,1,1,2024-10-30 17:47:14,2024-10-30 14:20:58,1.0,,,,
600985.XSHG,2024-10-30,中泰证券,,,1,1,2024-10-30 21:45:36,2024-10-30 17:50:30,1.0,,,,
600985.XSHG,2024-10-30,信达证券,,,1,1,2024-10-30 21:45:37,2024-10-30 18:09:15,1.0,,,,
600985.XSHG,2024-10-30,中信证券,,,1,1,2024-10-30 21:06:22,2024-10-30 16:21:13,1.0,,,,
600985.XSHG,2024-10-30,长城证券,,,1,1,2024-11-01 17:47:52,2024-11-01 14:22:36,1.0,,,,
600985.XSHG,2024-10-30,开源证券,,,1,1,2024-11-05 10:28:52,2024-10-30 15:36:52,1.0,,,,
600985.XSHG,2024-10-31,德邦证券,,,1,1,2024-10-31 21:46:09,2024-10-31 18:25:15,1.0,,,,
600985.XSHG,2024-10-31,中金公司,19.0000,M06,2,1,2024-10-31 12:26:15,2024-10-31 09:49:41,2.0,19.0,,,
600985.XSHG,2024-11-01,山西证券,,,2,1,2024-11-03 12:28:22,2024-11-02 17:40:51,2.0,,,,
600985.XSHG,2024-11-01,海通证券,19.0750,M06,2,1,2024-11-01 21:47:24,2024-11-01 12:34:54,2.0,19.075,,,
600985.XSHG,2024-11-01,国海证券,,,1,1,2024-11-03 14:29:13,2024-10-31 19:19:35,1.0,,,,
600985.XSHG,2024-11-02,民生证券,,,1,1,2024-11-03 21:08:56,2024-11-03 15:25:39,1.0,,,,
600985.XSHG,2024-11-03,长城证券,,,1,1,2024-11-05 13:09:27,2024-11-05 11:08:28,1.0,,,,
600985.XSHG,2024-11-03,国海证券,,,1,1,2024-11-04 21:48:34,2024-11-04 18:10:50,1.0,,,,
600985.XSHG,2024-11-03,国盛证券,,,1,1,2024-11-04 13:48:34,2024-11-04 11:17:54,1.0,,,,
600985.XSHG,2024-11-03,国泰海通证券,,,1,1,2024-11-08 22:00:24,2024-11-08 17:15:41,1.0,,,,
600985.XSHG,2024-11-03,兴业证券,,,2,1,2024-11-04 21:48:38,2024-11-04 18:49:58,2.0,,,,
600985.XSHG,2024-11-03,中泰证券,,,1,1,2024-11-04 21:48:39,2024-11-04 18:04:28,1.0,,,,
600985.XSHG,2024-11-03,广发证券,21.8000,,1,1,2024-11-04 22:28:37,2024-11-04 19:39:14,1.0,,,,
600985.XSHG,2024-11-03,开源证券,,,1,1,2024-11-04 21:48:40,2024-11-04 17:44:14,1.0,,,,
600985.XSHG,2024-11-05,开源证券,,,1,1,2024-11-05 21:49:24,2024-11-05 16:39:04,1.0,,,,
600985.XSHG,2024-11-05,广发证券,21.8000,,1,1,2024-11-06 17:53:25,2024-11-06 14:47:49,1.0,,,,
600985.XSHG,2024-11-07,广发证券,18.8200,M06,1,1,2024-11-08 15:50:49,2024-11-08 13:30:45,1.0,18.82,,,
600985.XSHG,2024-11-09,民生证券,,,1,1,2024-11-10 17:53:12,2024-11-10 14:44:36,1.0,,,,
600985.XSHG,2024-11-10,国泰海通证券,,,1,1,2024-11-11 17:53:55,2024-11-11 12:59:28,1.0,,,,
600985.XSHG,2024-11-10,广发证券,21.8000,,1,1,2024-11-11 21:21:05,2024-11-11 16:04:17,1.0,,,,
600985.XSHG,2024-11-10,中泰证券,,,1,1,2024-11-11 21:52:55,2024-11-11 18:02:25,1.0,,,,
600985.XSHG,2024-11-10,国海证券,,,1,1,2024-11-11 21:52:55,2024-11-11 17:39:57,1.0,,,,
600985.XSHG,2024-11-10,国盛证券,,,1,1,2024-11-10 21:13:31,2024-11-10 15:49:26,1.0,,,,
600985.XSHG,2024-11-10,兴业证券,,,2,1,2024-11-11 21:52:56,2024-11-11 17:16:27,2.0,,,,
600985.XSHG,2024-11-11,长城证券,,,1,1,2024-11-13 11:54:08,2024-11-13 09:32:09,1.0,,,,
600985.XSHG,2024-11-11,国海证券,,,1,1,2024-11-12 17:54:01,2024-11-12 14:54:59,1.0,,,,
600985.XSHG,2024-11-15,长城证券,,,1,1,2024-11-18 21:17:09,2024-11-18 16:28:02,1.0,,,,
600985.XSHG,2024-11-15,国盛证券,,,1,1,2024-11-15 21:56:00,2024-11-15 15:55:57,1.0,,,,
600985.XSHG,2024-11-16,民生证券,,,1,1,2024-11-17 13:16:48,2024-11-17 09:47:42,1.0,,,,
600985.XSHG,2024-11-16,国海证券,,,1,1,2024-11-18 17:57:14,2024-11-18 14:33:26,1.0,,,,
600985.XSHG,2024-11-16,中泰证券,,,1,1,2024-11-18 10:36:38,2024-11-17 17:46:09,1.0,,,,
600985.XSHG,2024-11-17,兴业证券,,,2,1,2024-11-18 17:57:14,2024-11-18 14:57:21,2.0,,,,
600985.XSHG,2024-11-17,广发证券,21.8000,,1,1,2024-11-18 17:57:15,2024-11-18 14:25:15,1.0,,,,
600985.XSHG,2024-11-17,长城证券,,,1,1,2024-11-19 17:57:53,2024-11-19 14:59:08,1.0,,,,
600985.XSHG,2024-11-17,国盛证券,,,1,1,2024-11-19 21:17:52,2024-11-17 13:32:28,1.0,,,,
600985.XSHG,2024-11-18,长江证券,,,1,1,2024-11-19 21:17:51,2024-11-19 10:32:23,1.0,,,,
600985.XSHG,2024-11-21,国泰海通证券,,,1,1,2024-11-21 21:27:59,2024-11-21 17:10:49,1.0,,,,
600985.XSHG,2024-11-23,民生证券,,,1,1,2024-11-24 13:21:13,2024-11-24 09:42:36,1.0,,,,
600985.XSHG,2024-11-23,中泰证券,,,1,1,2024-11-24 21:20:58,2024-11-24 17:39:35,1.0,,,,
600985.XSHG,2024-11-24,国海证券,,,1,1,2024-11-25 14:02:06,2024-11-25 11:04:50,1.0,,,,
600985.XSHG,2024-11-24,开源证券,,,1,1,2024-11-25 14:02:06,2024-11-25 11:09:08,1.0,,,,
600985.XSHG,2024-11-24,国盛证券,,,1,1,2024-11-24 21:20:58,2024-11-24 15:15:49,1.0,,,,
600985.XSHG,2024-11-24,广发证券,21.8000,,1,1,2024-11-25 17:22:40,2024-11-25 13:24:32,1.0,,,,
600985.XSHG,2024-11-24,长城证券,,,1,1,2024-11-25 18:01:07,2024-11-25 15:03:41,1.0,,,,
600985.XSHG,2024-11-24,兴业证券,,,2,1,2024-11-25 17:22:41,2024-11-25 13:51:08,2.0,,,,
600985.XSHG,2024-11-30,中金公司,19.0000,,2,1,2024-12-02 18:05:38,2024-12-02 15:14:11,2.0,,,,
600985.XSHG,2024-11-30,中泰证券,,,1,1,2024-12-01 21:25:45,2024-12-01 17:11:30,1.0,,,,
600985.XSHG,2024-11-30,民生证券,,,1,1,2024-12-01 18:05:19,2024-12-01 14:28:33,1.0,,,,
600985.XSHG,2024-12-01,长城证券,,,1,1,2024-12-02 21:36:13,2024-12-02 17:16:22,1.0,,,,
600985.XSHG,2024-12-01,兴业证券,,,2,1,2024-12-02 21:36:12,2024-12-02 15:21:50,2.0,,,,
600985.XSHG,2024-12-01,国泰海通证券,,,1,1,2024-12-02 21:36:14,2024-12-02 17:06:15,1.0,,,,
600985.XSHG,2024-12-01,国盛证券,,,1,1,2024-12-01 18:05:18,2024-12-01 13:57:01,1.0,,,,
600985.XSHG,2024-12-01,国海证券,,,1,1,2024-12-01 21:25:44,2024-12-01 15:20:52,1.0,,,,
600985.XSHG,2024-12-01,广发证券,21.8000,,1,1,2024-12-02 21:36:14,2024-12-02 16:30:37,1.0,,,,
600985.XSHG,2024-12-06,申万宏源,,,1,1,2024-12-06 21:28:08,2024-12-06 15:52:56,1.0,,,,
600985.XSHG,2024-12-07,民生证券,,,1,1,2024-12-09 21:29:58,2024-12-09 15:49:13,1.0,,,,
600985.XSHG,2024-12-07,长城证券,,,1,1,2024-12-09 18:09:37,2024-12-09 15:22:03,1.0,,,,
600985.XSHG,2024-12-08,国海证券,,,1,1,2024-12-10 13:30:15,2024-12-10 10:30:31,1.0,,,,
600985.XSHG,2024-12-08,中泰证券,,,1,1,2024-12-09 17:30:32,2024-12-09 13:45:37,1.0,,,,
600985.XSHG,2024-12-08,广发证券,21.8000,,1,1,2024-12-09 18:09:36,2024-12-09 14:21:19,1.0,,,,
600985.XSHG,2024-12-08,国盛证券,,,1,1,2024-12-08 15:29:06,2024-12-08 12:42:18,1.0,,,,
600985.XSHG,2024-12-11,广发证券,21.8000,,1,1,2024-12-11 21:36:47,2024-12-11 17:24:28,1.0,,,,
600985.XSHG,2024-12-14,民生证券,,,1,1,2024-12-15 17:34:24,2024-12-15 13:36:17,1.0,,,,
600985.XSHG,2024-12-14,中泰证券,,,1,1,2024-12-15 21:33:33,2024-12-15 17:29:16,1.0,,,,
600985.XSHG,2024-12-15,长城证券,,,1,1,2024-12-16 17:34:41,2024-12-16 13:51:04,1.0,,,,
600985.XSHG,2024-12-15,民生证券,,,1,1,2024-12-18 20:55:49,2024-12-15 15:46:07,1.0,,,,
600985.XSHG,2024-12-15,国海证券,,,1,1,2024-12-16 13:34:14,2024-12-16 11:08:39,1.0,,,,
600985.XSHG,2024-12-15,兴业证券,,,2,1,2024-12-18 20:55:49,2024-12-16 12:27:44,2.0,,,,
600985.XSHG,2024-12-15,国盛证券,,,1,1,2024-12-16 13:34:14,2024-12-16 09:49:02,1.0,,,,
600985.XSHG,2024-12-15,国泰海通证券,,,1,1,2024-12-15 21:33:33,2024-12-15 17:11:50,1.0,,,,
600985.XSHG,2024-12-15,广发证券,21.8000,,1,1,2024-12-16 17:34:42,2024-12-16 13:20:05,1.0,,,,
600985.XSHG,2024-12-17,国盛证券,,,1,1,2024-12-17 21:35:10,2024-12-17 15:31:44,1.0,,,,
600985.XSHG,2024-12-17,德邦证券,,,1,1,2024-12-17 21:35:10,2024-12-17 16:34:41,1.0,,,,
600985.XSHG,2024-12-18,长城证券,,,1,1,2024-12-19 17:36:04,2024-12-19 14:21:32,1.0,,,,
600985.XSHG,2024-12-18,国海证券,,,1,1,2024-12-19 14:16:30,2024-12-19 10:49:46,1.0,,,,
600985.XSHG,2024-12-19,国盛证券,,,1,1,2024-12-19 18:16:37,2024-12-19 14:19:27,1.0,,,,
600985.XSHG,2024-12-21,民生证券,,,1,1,2024-12-22 13:38:30,2024-12-22 11:02:52,1.0,,,,
600985.XSHG,2024-12-22,广发证券,21.8000,,1,1,2024-12-23 17:39:04,2024-12-23 13:42:44,1.0,,,,
600985.XSHG,2024-12-22,国海证券,,,1,1,2024-12-22 21:37:49,2024-12-22 16:35:24,1.0,,,,
600985.XSHG,2024-12-22,开源证券,,,1,1,2024-12-23 18:18:03,2024-12-23 15:11:32,1.0,,,,
600985.XSHG,2024-12-22,国泰海通证券,,,1,1,2024-12-23 22:18:46,2024-12-23 17:21:05,1.0,,,,
600985.XSHG,2024-12-22,中泰证券,,,1,1,2024-12-22 18:17:48,2024-12-22 15:14:13,1.0,,,,
600985.XSHG,2024-12-22,长城证券,,,1,1,2024-12-23 18:18:04,2024-12-23 15:41:53,1.0,,,,
600985.XSHG,2024-12-22,国盛证券,,,1,1,2024-12-25 17:39:19,2024-12-23 14:54:50,1.0,,,,
600985.XSHG,2024-12-23,国海证券,,,1,1,2024-12-25 13:00:04,2024-12-25 09:15:17,1.0,,,,
600985.XSHG,2024-12-28,中泰证券,,,1,1,2024-12-29 17:41:59,2024-12-29 13:52:26,1.0,,,,
600985.XSHG,2024-12-28,民生证券,,,1,1,2024-12-29 21:42:19,2024-12-29 16:06:36,1.0,,,,
600985.XSHG,2024-12-28,长城证券,,,1,1,2024-12-30 21:42:32,2024-12-30 17:31:17,1.0,,,,
600985.XSHG,2024-12-29,广发证券,21.8000,,1,1,2024-12-30 13:42:13,2024-12-30 11:12:41,1.0,,,,
600985.XSHG,2024-12-29,兴业证券,,,2,1,2024-12-30 15:42:49,2024-12-30 11:49:53,2.0,,,,
600985.XSHG,2024-12-29,国泰海通证券,,,1,1,2024-12-30 21:05:29,2024-12-30 16:05:20,1.0,,,,
600985.XSHG,2024-12-29,国盛证券,,,1,1,2024-12-30 13:42:14,2024-12-30 10:55:33,1.0,,,,
600985.XSHG,2024-12-29,国海证券,,,1,1,2024-12-29 21:42:19,2024-12-29 16:08:05,1.0,,,,
600985.XSHG,2025-01-01,国盛证券,,,1,1,2025-01-02 15:20:25,2025-01-02 11:48:52,1.0,,,,
600985.XSHG,2025-01-04,中泰证券,,,1,1,2025-01-05 17:22:41,2025-01-05 13:44:14,1.0,,,,
600985.XSHG,2025-01-04,民生证券,,,1,1,2025-01-05 13:21:57,2025-01-05 10:27:21,1.0,,,,
600985.XSHG,2025-01-05,开源证券,,,1,1,2025-01-06 21:51:37,2025-01-06 15:37:22,1.0,,,,
600985.XSHG,2025-01-05,国盛证券,,,1,1,2025-01-05 22:42:43,2025-01-05 17:35:50,1.0,,,,
600985.XSHG,2025-01-05,国泰海通证券,,,1,1,2025-01-06 13:22:37,2025-01-06 10:20:23,1.0,,,,
600985.XSHG,2025-01-05,国海证券,,,1,1,2025-01-06 17:23:22,2025-01-06 11:23:37,1.0,,,,
600985.XSHG,2025-01-05,广发证券,18.8200,,1,1,2025-01-05 22:42:43,2025-01-05 17:15:35,1.0,,,,
600985.XSHG,2025-01-11,中泰证券,,,1,1,2025-01-16 17:29:01,2025-01-12 14:34:50,1.0,,,,
600985.XSHG,2025-01-11,民生证券,,,1,1,2025-01-12 18:06:14,2025-01-12 12:47:57,1.0,,,,
600985.XSHG,2025-01-12,国盛证券,,,1,1,2025-01-12 18:06:13,2025-01-12 14:06:00,1.0,,,,
600985.XSHG,2025-01-12,国海证券,,,1,1,2025-01-13 13:27:13,2025-01-13 10:35:33,1.0,,,,
600985.XSHG,2025-01-12,开源证券,,,1,1,2025-01-13 21:53:06,2025-01-13 16:48:24,1.0,,,,
600985.XSHG,2025-01-12,兴业证券,,,2,1,2025-01-13 21:53:05,2025-01-13 15:43:55,2.0,,,,
600985.XSHG,2025-01-12,广发证券,18.8200,,1,1,2025-01-15 21:55:40,2025-01-12 17:36:41,1.0,,,,
600985.XSHG,2025-01-12,国泰海通证券,,,1,1,2025-01-13 18:06:52,2025-01-13 15:09:35,1.0,,,,
600985.XSHG,2025-01-15,国盛证券,,,1,1,2025-01-15 21:55:40,2025-01-15 15:32:01,1.0,,,,
600985.XSHG,2025-01-17,中泰证券,,,1,1,2025-01-19 15:21:50,2025-01-19 12:37:33,1.0,,,,
600985.XSHG,2025-01-18,民生证券,,,1,1,2025-01-19 21:22:16,2025-01-19 14:42:06,1.0,,,,
600985.XSHG,2025-01-18,国海证券,,,1,1,2025-01-19 21:22:16,2025-01-19 15:15:10,1.0,,,,
600985.XSHG,2025-01-18,国盛证券,,,1,1,2025-01-19 21:22:16,2025-01-19 13:07:26,1.0,,,,
600985.XSHG,2025-01-19,国海证券,,,1,1,2025-01-20 17:34:03,2025-01-20 11:45:38,1.0,,,,
600985.XSHG,2025-01-19,国泰海通证券,,,1,1,2025-01-20 17:34:03,2025-01-20 13:54:28,1.0,,,,
600985.XSHG,2025-01-19,国盛证券,,,1,1,2025-01-20 17:34:06,2025-01-20 11:57:22,1.0,,,,
600985.XSHG,2025-01-19,广发证券,18.8200,,1,1,2025-01-20 18:12:49,2025-01-20 14:30:20,1.0,,,,
600985.XSHG,2025-01-20,国盛证券,,,1,1,2025-01-21 15:31:16,2025-01-21 11:20:59,1.0,,,,
600985.XSHG,2025-01-23,国海证券,,,1,1,2025-01-24 17:37:33,2025-01-24 13:14:21,1.0,,,,
600985.XSHG,2025-01-24,国泰海通证券,,,1,1,2025-01-24 18:13:31,2025-01-24 14:36:55,1.0,,,,
600985.XSHG,2025-01-25,国海证券,,,1,1,2025-01-26 21:35:25,2025-01-26 16:17:36,1.0,,,,
600985.XSHG,2025-01-25,民生证券,,,1,1,2025-01-26 18:15:25,2025-01-26 14:49:39,1.0,,,,
600985.XSHG,2025-01-25,中泰证券,,,1,1,2025-01-26 18:15:25,2025-01-26 14:42:27,1.0,,,,
600985.XSHG,2025-01-26,兴业证券,,,2,1,2025-01-27 14:55:41,2025-01-27 11:53:46,2.0,,,,
600985.XSHG,2025-01-26,国盛证券,,,1,1,2025-01-26 18:15:25,2025-01-26 15:04:54,1.0,,,,
600985.XSHG,2025-01-26,广发证券,18.8200,,1,1,2025-03-12 18:14:16,2025-03-12 14:42:22,1.0,,,,
600985.XSHG,2025-01-27,国泰海通证券,,,1,1,2025-02-04 20:22:45,2025-02-04 13:18:33,1.0,,,,
600985.XSHG,2025-02-04,民生证券,,,1,1,2025-02-05 14:37:27,2025-02-05 11:48:55,1.0,,,,
600985.XSHG,2025-02-07,国盛证券,,,1,1,2025-02-07 17:58:43,2025-02-07 15:09:45,1.0,,,,
600985.XSHG,2025-02-08,中泰证券,,,1,1,2025-02-13 21:21:45,2025-02-10 10:47:09,1.0,,,,
600985.XSHG,2025-02-08,民生证券,,,1,1,2025-02-09 17:20:14,2025-02-09 13:39:14,1.0,,,,
600985.XSHG,2025-02-09,国泰海通证券,,,1,1,2025-02-10 16:40:41,2025-02-10 13:27:49,1.0,,,,
600985.XSHG,2025-02-09,国盛证券,,,1,1,2025-02-09 17:20:14,2025-02-09 13:34:29,1.0,,,,
600985.XSHG,2025-02-09,兴业证券,,,2,1,2025-02-10 21:20:03,2025-02-10 15:17:52,2.0,,,,
600985.XSHG,2025-02-09,开源证券,,,1,1,2025-02-10 17:19:50,2025-02-10 14:18:21,1.0,,,,
600985.XSHG,2025-02-09,广发证券,18.8200,,1,1,2025-03-11 20:58:17,2025-03-11 16:13:09,1.0,,,,
600985.XSHG,2025-02-09,国海证券,,,1,1,2025-02-10 13:20:25,2025-02-10 10:30:20,1.0,,,,
600985.XSHG,2025-02-12,国海证券,,,1,1,2025-02-13 11:29:01,2025-02-13 09:05:07,1.0,,,,
600985.XSHG,2025-02-15,中泰证券,,,1,1,2025-02-16 17:24:31,2025-02-16 13:54:46,1.0,,,,
600985.XSHG,2025-02-15,民生证券,,,1,1,2025-02-16 15:24:27,2025-02-16 11:37:11,1.0,,,,
600985.XSHG,2025-02-16,国海证券,,,1,1,2025-02-17 17:24:37,2025-02-17 13:19:30,1.0,,,,
600985.XSHG,2025-02-16,国盛证券,,,1,1,2025-02-17 21:24:54,2025-02-16 13:52:54,1.0,,,,
600985.XSHG,2025-02-16,国泰海通证券,,,1,1,2025-02-17 17:24:38,2025-02-17 12:20:23,1.0,,,,
600985.XSHG,2025-02-16,广发证券,18.8200,,1,1,2025-03-11 17:33:03,2025-03-11 13:39:09,1.0,,,,
600985.XSHG,2025-02-19,国盛证券,,,1,1,2025-02-20 12:45:58,2025-02-20 09:26:58,1.0,,,,
600985.XSHG,2025-02-22,民生证券,,,1,1,2025-02-23 15:28:34,2025-02-23 12:02:22,1.0,,,,
600985.XSHG,2025-02-22,国泰海通证券,,,1,1,2025-02-23 17:28:08,2025-02-23 13:43:00,1.0,,,,
600985.XSHG,2025-02-22,中泰证券,,,1,1,2025-02-23 17:28:08,2025-02-23 13:45:48,1.0,,,,
600985.XSHG,2025-02-23,国盛证券,,,1,1,2025-02-24 20:59:08,2025-02-23 15:10:20,1.0,,,,
600985.XSHG,2025-02-23,国海证券,,,1,1,2025-02-24 17:33:44,2025-02-24 13:43:53,1.0,,,,
600985.XSHG,2025-02-23,广发证券,18.8200,,1,1,2025-03-10 21:33:14,2025-03-10 16:39:11,1.0,,,,
600985.XSHG,2025-02-26,申万宏源,,,1,1,2025-02-26 18:15:26,2025-02-26 14:16:56,1.0,,,,
600985.XSHG,2025-02-28,海通国际,,,2,1,2025-03-02 12:14:43,2025-03-02 09:51:03,2.0,,,,
600985.XSHG,2025-03-01,民生证券,,,1,1,2025-03-02 18:14:19,2025-03-02 14:48:11,1.0,,,,
600985.XSHG,2025-03-02,广发证券,18.8200,,1,1,2025-03-06 12:50:34,2025-03-06 10:39:34,1.0,,,,
600985.XSHG,2025-03-02,国泰海通证券,,,1,1,2025-03-03 21:18:36,2025-03-03 13:39:04,1.0,,,,
600985.XSHG,2025-03-02,兴业证券,,,2,1,2025-03-03 15:55:13,2025-03-03 12:50:49,2.0,,,,
600985.XSHG,2025-03-02,国海证券,,,1,1,2025-03-03 12:57:26,2025-03-03 10:34:59,1.0,,,,
600985.XSHG,2025-03-02,中泰证券,,,1,1,2025-03-03 15:55:14,2025-03-03 12:57:37,1.0,,,,
600985.XSHG,2025-03-02,国盛证券,,,1,1,2025-03-03 21:18:37,2025-03-02 15:08:48,1.0,,,,
600985.XSHG,2025-03-04,国盛证券,,,1,1,2025-03-04 21:44:29,2025-03-04 16:16:10,1.0,,,,
600985.XSHG,2025-03-05,国盛证券,,,1,1,2025-03-06 17:31:13,2025-03-06 13:23:40,1.0,,,,
600985.XSHG,2025-03-06,国盛证券,,,1,1,2025-03-07 12:50:38,2025-03-07 10:17:39,1.0,,,,
600985.XSHG,2025-03-07,国泰海通证券,,,1,1,2025-03-12 17:34:05,2025-03-09 15:11:03,1.0,,,,
600985.XSHG,2025-03-08,民生证券,,,1,1,2025-03-09 20:53:01,2025-03-09 15:26:37,1.0,,,,
600985.XSHG,2025-03-08,中泰证券,,,1,1,2025-03-10 18:12:57,2025-03-10 14:40:50,1.0,,,,
600985.XSHG,2025-03-09,广发证券,18.8200,,1,1,2025-03-10 14:52:20,2025-03-10 11:57:36,1.0,,,,
600985.XSHG,2025-03-09,兴业证券,,,2,1,2025-03-10 20:53:01,2025-03-10 14:48:29,2.0,,,,
600985.XSHG,2025-03-09,国盛证券,,,1,1,2025-03-09 18:12:05,2025-03-09 14:47:57,1.0,,,,
600985.XSHG,2025-03-09,国泰海通证券,,,1,1,2025-03-12 17:34:04,2025-03-11 10:52:57,1.0,,,,
600985.XSHG,2025-03-09,国海证券,,,1,1,2025-03-10 14:52:21,2025-03-10 12:03:08,1.0,,,,
600985.XSHG,2025-03-12,广发证券,18.8200,,1,1,2025-03-13 18:14:30,2025-03-13 13:40:23,1.0,,,,
600985.XSHG,2025-03-14,国泰海通证券,,,1,1,2025-03-14 20:55:40,2025-03-14 15:05:51,1.0,,,,
600985.XSHG,2025-03-15,中泰证券,,,1,1,2025-03-16 17:37:01,2025-03-16 13:14:28,1.0,,,,
600985.XSHG,2025-03-15,民生证券,,,1,1,2025-03-16 18:17:05,2025-03-16 14:35:34,1.0,,,,
600985.XSHG,2025-03-16,国泰海通证券,,,1,1,2025-03-19 20:58:24,2025-03-17 16:31:10,1.0,,,,
600985.XSHG,2025-03-16,开源证券,,,1,1,2025-03-16 21:36:38,2025-03-16 15:51:21,1.0,,,,
600985.XSHG,2025-03-16,国海证券,,,1,1,2025-03-17 17:36:42,2025-03-17 13:32:24,1.0,,,,
600985.XSHG,2025-03-16,国盛证券,,,1,1,2025-03-16 21:36:38,2025-03-16 17:05:37,1.0,,,,
600985.XSHG,2025-03-16,兴业证券,,,2,1,2025-03-17 17:36:44,2025-03-17 12:58:39,2.0,,,,
600985.XSHG,2025-03-16,广发证券,18.8200,,1,1,2025-03-17 18:16:51,2025-03-17 14:30:34,1.0,,,,
600985.XSHG,2025-03-18,国海证券,,,1,1,2025-03-19 13:37:46,2025-03-19 11:05:31,1.0,,,,
600985.XSHG,2025-03-18,国盛证券,,,1,1,2025-03-18 17:37:12,2025-03-18 13:53:22,1.0,,,,
600985.XSHG,2025-03-20,广发证券,18.8200,,1,1,2025-03-20 20:58:38,2025-03-20 15:50:55,1.0,,,,
600985.XSHG,2025-03-22,民生证券,,,1,1,2025-03-23 18:20:26,2025-03-23 14:51:12,1.0,,,,
600985.XSHG,2025-03-22,中泰证券,,,1,1,2025-03-23 18:20:26,2025-03-23 14:24:22,1.0,,,,
600985.XSHG,2025-03-23,兴业证券,,,2,1,2025-03-24 18:21:37,2025-03-24 14:58:58,2.0,,,,
600985.XSHG,2025-03-23,国海证券,,,1,1,2025-03-24 18:21:37,2025-03-24 14:56:12,1.0,,,,
600985.XSHG,2025-03-23,广发证券,18.8200,,1,1,2025-03-24 18:21:38,2025-03-24 15:04:35,1.0,,,,
600985.XSHG,2025-03-23,国盛证券,,,1,1,2025-03-26 21:04:28,2025-03-24 15:27:41,1.0,,,,
600985.XSHG,2025-03-23,国泰海通证券,,,1,1,2025-03-25 00:27:47,2025-03-24 18:21:30,1.0,,,,
600985.XSHG,2025-03-28,中泰证券,,,1,1,2025-03-30 11:05:04,2025-03-29 18:59:20,1.0,,,,
600985.XSHG,2025-03-28,民生证券,,,1,1,2025-03-30 12:24:55,2025-03-28 18:26:43,1.0,,,,
600985.XSHG,2025-03-28,国盛证券,,,1,1,2025-03-28 21:44:22,2025-03-28 17:19:33,1.0,,,,
600985.XSHG,2025-03-28,开源证券,,,1,1,2025-03-30 11:05:05,2025-03-28 18:26:28,1.0,,,,
600985.XSHG,2025-03-28,信达证券,,,1,1,2025-03-28 21:03:42,2025-03-28 15:51:16,1.0,,,,
600985.XSHG,2025-03-28,国海证券,,,1,1,2025-03-30 12:24:55,2025-03-30 10:03:20,1.0,,,,
600985.XSHG,2025-03-29,中泰证券,,,1,1,2025-03-30 21:45:05,2025-03-30 18:17:50,1.0,,,,
600985.XSHG,2025-03-29,民生证券,,,1,1,2025-03-30 18:24:51,2025-03-30 14:59:54,1.0,,,,
600985.XSHG,2025-03-29,德邦证券,,,1,1,2025-03-30 21:04:52,2025-03-30 14:45:49,1.0,,,,
600985.XSHG,2025-03-29,中金公司,15.0000,M06,2,1,2025-03-30 17:45:37,2025-03-30 14:42:17,2.0,15.0,,,
600985.XSHG,2025-03-30,国盛证券,,,1,1,2025-04-02 17:48:15,2025-03-31 15:42:42,1.0,,,,
600985.XSHG,2025-03-30,广发证券,18.8200,,1,1,2025-03-31 23:16:45,2025-03-31 18:47:36,1.0,,,,
600985.XSHG,2025-03-30,中信证券,,,1,1,2025-04-01 21:46:15,2025-04-01 18:34:59,1.0,,,,
600985.XSHG,2025-03-30,国泰海通证券,,,1,1,2025-03-30 22:25:17,2025-03-30 18:54:33,1.0,,,,
600985.XSHG,2025-03-30,方正证券,,,1,1,2025-04-02 17:48:16,2025-04-02 15:22:44,1.0,,,,
600985.XSHG,2025-03-30,兴业证券,,,2,1,2025-03-31 11:47:47,2025-03-31 09:21:52,2.0,,,,
600985.XSHG,2025-03-30,国海证券,,,1,1,2025-03-31 23:16:49,2025-03-31 18:52:04,1.0,,,,
600985.XSHG,2025-03-30,开源证券,,,1,1,2025-03-30 22:25:17,2025-03-30 19:20:17,1.0,,,,
600985.XSHG,2025-04-01,山西证券,,,2,1,2025-04-01 21:25:48,2025-04-01 16:26:00,2.0,,,,
600985.XSHG,2025-04-02,广发证券,18.8200,,1,1,2025-04-02 21:08:08,2025-04-02 16:08:03,1.0,,,,
600985.XSHG,2025-04-03,长江证券,,,1,1,2025-04-03 12:58:41,2025-04-03 10:04:30,1.0,,,,
600985.XSHG,2025-04-04,民生证券,,,1,1,2025-04-06 15:40:36,2025-04-06 13:01:46,1.0,,,,
600985.XSHG,2025-04-04,广发证券,18.8200,,1,1,2025-04-06 21:40:36,2025-04-06 17:52:23,1.0,,,,
600985.XSHG,2025-04-05,中泰证券,,,1,1,2025-04-06 17:40:50,2025-04-06 13:24:25,1.0,,,,
600985.XSHG,2025-04-06,国盛证券,,,1,1,2025-04-07 15:55:41,2025-04-07 13:02:50,1.0,,,,
600985.XSHG,2025-04-06,开源证券,,,1,1,2025-04-07 21:41:22,2025-04-07 15:19:39,1.0,,,,
600985.XSHG,2025-04-06,广发证券,18.8200,,1,1,2025-04-07 17:55:23,2025-04-07 13:58:47,1.0,,,,
600985.XSHG,2025-04-06,国海证券,,,1,1,2025-04-06 21:40:37,2025-04-06 16:58:18,1.0,,,,
600985.XSHG,2025-04-07,广发证券,18.8200,,1,1,2025-04-07 21:41:23,2025-04-07 15:44:32,1.0,,,,
600985.XSHG,2025-04-07,国泰海通证券,,,1,1,2025-04-09 12:57:07,2025-04-09 10:43:41,1.0,,,,
600985.XSHG,2025-04-12,民生证券,,,1,1,2025-04-13 17:55:45,2025-04-13 13:22:44,1.0,,,,
600985.XSHG,2025-04-12,中泰证券,,,1,1,2025-04-13 17:55:45,2025-04-13 13:04:45,1.0,,,,
600985.XSHG,2025-04-13,国海证券,,,1,1,2025-04-14 17:56:31,2025-04-14 14:23:52,1.0,,,,
600985.XSHG,2025-04-13,开源证券,,,1,1,2025-04-14 17:56:32,2025-04-14 14:51:24,1.0,,,,
600985.XSHG,2025-04-13,国盛证券,,,1,1,2025-04-13 21:15:52,2025-04-13 18:01:35,1.0,,,,
600985.XSHG,2025-04-13,兴业证券,,,2,1,2025-04-14 17:56:33,2025-04-14 14:39:31,2.0,,,,
600985.XSHG,2025-04-13,广发证券,18.8200,,1,1,2025-04-14 17:56:38,2025-04-14 14:24:33,1.0,,,,
600985.XSHG,2025-04-14,国泰海通证券,,,1,1,2025-04-15 21:03:15,2025-04-15 16:03:01,1.0,,,,
600985.XSHG,2025-04-15,华创证券,14.4900,M06,2,1,2025-04-16 11:14:20,2025-04-16 08:23:38,2.0,14.49,,,
600985.XSHG,2025-04-17,国海证券,,,1,1,2025-04-18 15:06:21,2025-04-18 10:18:35,1.0,,,,
600985.XSHG,2025-04-17,国盛证券,,,1,1,2025-04-17 13:56:15,2025-04-17 10:49:25,1.0,,,,
600985.XSHG,2025-04-19,民生证券,,,1,1,2025-04-20 13:43:29,2025-04-20 10:34:26,1.0,,,,
600985.XSHG,2025-04-19,中泰证券,,,1,1,2025-04-20 21:43:01,2025-04-20 17:08:27,1.0,,,,
600985.XSHG,2025-04-20,兴业证券,,,2,1,2025-04-21 17:38:40,2025-04-21 13:16:37,2.0,,,,
600985.XSHG,2025-04-20,广发证券,18.8200,,1,1,2025-04-21 14:18:07,2025-04-21 11:03:43,1.0,,,,
600985.XSHG,2025-04-20,国海证券,,,1,1,2025-04-21 18:18:55,2025-04-21 14:49:43,1.0,,,,
600985.XSHG,2025-04-20,国盛证券,,,1,1,2025-04-21 18:18:56,2025-04-21 15:10:29,1.0,,,,
600985.XSHG,2025-04-21,国泰海通证券,,,1,1,2025-04-22 22:17:10,2025-04-22 16:33:37,1.0,,,,
600985.XSHG,2025-04-23,国海证券,,,1,1,2025-04-24 14:13:02,2025-04-24 10:55:42,1.0,,,,
600985.XSHG,2025-04-23,广发证券,18.8200,,1,1,2025-04-24 17:32:54,2025-04-24 13:24:41,1.0,,,,
600985.XSHG,2025-04-24,国泰海通证券,,,1,1,2025-05-15 21:14:24,2025-04-27 15:29:22,1.0,,,,
600985.XSHG,2025-04-26,民生证券,,,1,1,2025-04-27 18:23:28,2025-04-27 15:00:46,1.0,,,,
600985.XSHG,2025-04-26,中泰证券,,,1,1,2025-04-27 21:43:05,2025-04-27 16:29:35,1.0,,,,
600985.XSHG,2025-04-27,开源证券,,,1,1,2025-04-28 21:56:30,2025-04-28 18:08:00,1.0,,,,
600985.XSHG,2025-04-27,广发证券,18.8200,,1,1,2025-04-28 21:56:30,2025-04-28 16:55:32,1.0,,,,
600985.XSHG,2025-04-27,国海证券,,,1,1,2025-04-30 21:34:21,2025-04-30 16:58:04,1.0,,,,
600985.XSHG,2025-04-27,国盛证券,,,1,1,2025-04-28 15:56:01,2025-04-28 13:23:24,1.0,,,,
600985.XSHG,2025-04-28,兴业证券,,,2,1,2025-04-29 18:00:09,2025-04-29 14:52:36,2.0,,,,
600985.XSHG,2025-04-30,方正证券,,,1,1,2025-05-05 21:54:56,2025-05-05 17:41:51,1.0,,,,
600985.XSHG,2025-04-30,民生证券,,,1,1,2025-04-30 21:34:21,2025-04-30 17:34:45,1.0,,,,
600985.XSHG,2025-04-30,国盛证券,,,1,1,2025-04-30 18:00:17,2025-04-30 15:38:08,1.0,,,,
600985.XSHG,2025-04-30,信达证券,,,1,1,2025-04-30 21:34:19,2025-04-30 15:49:17,1.0,,,,
600985.XSHG,2025-04-30,国泰海通证券,,,1,1,2025-04-30 22:00:18,2025-04-30 19:22:53,1.0,,,,
600985.XSHG,2025-05-02,国海证券,,,1,1,2025-05-05 11:23:09,2025-05-03 10:59:17,1.0,,,,
600985.XSHG,2025-05-04,广发证券,18.8200,,1,1,2025-05-13 21:36:17,2025-05-08 18:15:39,1.0,,,,
600985.XSHG,2025-05-05,广发证券,18.8200,,1,1,2025-05-06 21:49:38,2025-05-06 16:40:14,1.0,,,,
600985.XSHG,2025-05-05,浙商证券,,,2,1,2025-05-06 11:23:41,2025-05-06 09:19:02,2.0,,,,
600985.XSHG,2025-05-05,国盛证券,,,1,1,2025-05-06 15:23:52,2025-05-06 11:24:45,1.0,,,,
600985.XSHG,2025-05-08,开源证券,,,1,1,2025-05-08 10:52:33,2025-05-08 08:03:55,1.0,,,,
600985.XSHG,2025-05-09,国海证券,,,1,1,2025-05-09 21:36:42,2025-05-09 18:36:22,1.0,,,,
600985.XSHG,2025-05-10,民生证券,,,1,1,2025-05-11 22:47:08,2025-05-11 18:39:10,1.0,,,,
600985.XSHG,2025-05-11,广发证券,18.8200,,1,1,2025-05-12 17:27:59,2025-05-12 13:20:01,1.0,,,,
600985.XSHG,2025-05-11,国海证券,,,1,1,2025-05-12 22:06:53,2025-05-12 18:14:30,1.0,,,,
600985.XSHG,2025-05-11,开源证券,,,1,1,2025-05-12 18:07:28,2025-05-12 14:17:29,1.0,,,,
600985.XSHG,2025-05-11,国泰海通证券,,,1,1,2025-05-14 18:08:07,2025-05-14 14:59:10,1.0,,,,
600985.XSHG,2025-05-11,国盛证券,,,1,1,2025-05-12 14:47:39,2025-05-12 11:47:54,1.0,,,,
600985.XSHG,2025-05-12,开源证券,,,1,1,2025-05-26 14:40:43,2025-05-12 13:57:15,1.0,,,,
600985.XSHG,2025-05-12,山西证券,,,2,1,2025-05-13 11:27:51,2025-05-12 23:56:24,2.0,,,,
600985.XSHG,2025-05-17,中泰证券,,,1,1,2025-05-18 17:57:01,2025-05-18 13:43:22,1.0,,,,
600985.XSHG,2025-05-17,民生证券,,,1,1,2025-05-18 17:57:02,2025-05-18 13:21:13,1.0,,,,
600985.XSHG,2025-05-18,国盛证券,,,1,1,2025-05-19 17:57:23,2025-05-19 14:30:17,1.0,,,,
600985.XSHG,2025-05-18,兴业证券,,,2,1,2025-05-19 17:57:23,2025-05-19 13:24:11,2.0,,,,
600985.XSHG,2025-05-18,国海证券,,,1,1,2025-05-19 17:57:26,2025-05-19 14:31:55,1.0,,,,
600985.XSHG,2025-05-18,开源证券,,,1,1,2025-05-18 21:16:04,2025-05-18 16:56:55,1.0,,,,
600985.XSHG,2025-05-18,广发证券,18.8200,,1,1,2025-05-19 15:57:12,2025-05-19 12:47:55,1.0,,,,
600985.XSHG,2025-05-20,国海证券,,,1,1,2025-05-21 13:57:54,2025-05-21 10:54:26,1.0,,,,
600985.XSHG,2025-05-21,国泰海通证券,,,1,1,2025-05-21 17:58:32,2025-05-21 13:24:44,1.0,,,,
600985.XSHG,2025-05-23,国信证券,14.2500,M06,2,1,2025-05-25 13:20:40,2025-05-23 17:59:43,2.0,14.25,,,
600985.XSHG,2025-05-24,中泰证券,,,1,1,2025-05-27 11:21:42,2025-05-25 13:27:31,1.0,,,,
600985.XSHG,2025-05-24,民生证券,,,1,1,2025-05-25 18:00:46,2025-05-25 15:04:23,1.0,,,,
600985.XSHG,2025-05-25,广发证券,18.8200,,1,1,2025-05-26 18:01:25,2025-05-26 14:05:45,1.0,,,,
600985.XSHG,2025-05-25,兴业证券,,,2,1,2025-05-26 18:01:25,2025-05-26 14:14:59,2.0,,,,
600985.XSHG,2025-05-25,国盛证券,,,1,1,2025-05-26 11:21:12,2025-05-26 09:36:25,1.0,,,,
600985.XSHG,2025-05-25,开源证券,,,1,1,2025-05-26 21:22:38,2025-05-26 15:28:09,1.0,,,,
600985.XSHG,2025-05-25,国海证券,,,1,1,2025-05-26 18:01:30,2025-05-26 14:27:45,1.0,,,,
600985.XSHG,2025-05-27,广发证券,18.8200,,1,1,2025-05-28 18:42:20,2025-05-28 14:55:04,1.0,,,,
600985.XSHG,2025-05-30,开源证券,,,1,1,2025-05-30 18:34:43,2025-05-30 15:21:36,1.0,,,,
600985.XSHG,2025-05-31,国泰海通证券,,,1,1,2025-06-02 21:25:10,2025-06-02 16:43:13,1.0,,,,
600985.XSHG,2025-05-31,中泰证券,,,1,1,2025-06-02 21:25:10,2025-06-02 16:34:54,1.0,,,,
600985.XSHG,2025-06-01,民生证券,,,1,1,2025-06-02 21:25:09,2025-06-02 17:20:49,1.0,,,,
600985.XSHG,2025-06-01,国海证券,,,1,1,2025-06-02 21:25:10,2025-06-02 17:49:59,1.0,,,,
600985.XSHG,2025-06-02,国盛证券,,,1,1,2025-06-03 12:05:19,2025-06-03 10:22:19,1.0,,,,
600985.XSHG,2025-06-02,兴业证券,,,2,1,2025-06-03 11:26:06,2025-06-03 10:03:40,2.0,,,,
600985.XSHG,2025-06-02,广发证券,18.8200,,1,1,2025-06-03 17:26:08,2025-06-03 15:15:31,1.0,,,,
600985.XSHG,2025-06-04,民生证券,,,1,1,2025-06-05 11:26:59,2025-06-05 09:47:52,1.0,,,,
600985.XSHG,2025-06-05,国泰海通证券,,,1,1,2025-06-05 11:26:59,2025-06-05 09:49:39,1.0,,,,
600985.XSHG,2025-06-07,中泰证券,,,1,1,2025-06-08 17:29:38,2025-06-08 14:23:34,1.0,,,,
600985.XSHG,2025-06-07,民生证券,,,1,1,2025-06-08 17:29:38,2025-06-08 14:19:19,1.0,,,,
600985.XSHG,2025-06-08,国盛证券,,,1,1,2025-06-09 17:32:58,2025-06-09 14:51:46,1.0,,,,
600985.XSHG,2025-06-08,国海证券,,,1,1,2025-06-09 17:32:58,2025-06-09 15:42:30,1.0,,,,
600985.XSHG,2025-06-08,广发证券,18.8200,,1,1,2025-06-08 20:49:00,2025-06-08 16:57:37,1.0,,,,
600985.XSHG,2025-06-08,兴业证券,,,2,1,2025-06-09 15:29:42,2025-06-09 13:54:41,2.0,,,,
600985.XSHG,2025-06-14,中泰证券,,,1,1,2025-06-15 15:33:42,2025-06-15 14:14:38,1.0,,,,
600985.XSHG,2025-06-14,民生证券,,,1,1,2025-06-15 14:52:59,2025-06-15 12:12:39,1.0,,,,
600985.XSHG,2025-06-15,广发证券,18.8200,,1,1,2025-06-16 12:13:11,2025-06-16 10:56:25,1.0,,,,
600985.XSHG,2025-06-15,国盛证券,,,1,1,2025-06-16 12:13:12,2025-06-16 10:14:59,1.0,,,,
600985.XSHG,2025-06-15,国海证券,,,1,1,2025-06-16 12:13:13,2025-06-16 10:27:10,1.0,,,,
600985.XSHG,2025-06-16,国泰海通证券,,,1,1,2025-06-17 20:28:37,2025-06-17 13:56:37,1.0,,,,
600985.XSHG,2025-06-17,国海证券,,,1,1,2025-06-18 17:39:34,2025-06-18 14:16:59,1.0,,,,
600985.XSHG,2025-06-20,华福证券,16.2300,M06,1,1,2025-06-21 01:36:04,2025-06-20 22:18:37,1.0,16.23,,,
600985.XSHG,2025-06-21,民生证券,,,1,1,2025-06-22 14:57:44,2025-06-22 13:08:20,1.0,,,,
600985.XSHG,2025-06-21,中泰证券,,,1,1,2025-06-22 14:57:44,2025-06-22 12:18:19,1.0,,,,
600985.XSHG,2025-06-22,国盛证券,,,1,1,2025-06-22 17:37:31,2025-06-22 16:30:34,1.0,,,,
600985.XSHG,2025-06-22,广发证券,18.8200,,1,1,2025-06-23 12:57:54,2025-06-23 10:50:56,1.0,,,,
600985.XSHG,2025-06-22,国海证券,,,1,1,2025-06-23 14:57:55,2025-06-23 13:32:42,1.0,,,,
600985.XSHG,2025-06-22,国泰海通证券,13.6600,M06,1,1,2025-06-23 17:40:18,2025-06-23 14:53:02,1.0,13.66,,,
600985.XSHG,2025-06-22,兴业证券,,,2,1,2025-06-23 12:57:56,2025-06-23 11:28:58,2.0,,,,
600985.XSHG,2025-06-23,国泰海通证券,,,1,1,2025-06-24 17:40:01,2025-06-24 14:47:48,1.0,,,,
600985.XSHG,2025-06-28,中泰证券,,,1,1,2025-06-29 17:41:40,2025-06-29 14:10:36,1.0,,,,
600985.XSHG,2025-06-29,国海证券,,,1,1,2025-06-30 17:45:20,2025-06-30 15:36:11,1.0,,,,
600985.XSHG,2025-06-29,国泰海通证券,,,1,1,2025-07-01 01:42:32,2025-06-30 17:54:55,1.0,,,,
600985.XSHG,2025-06-29,国盛证券,,,1,1,2025-06-30 17:45:20,2025-06-30 15:14:52,1.0,,,,
600985.XSHG,2025-06-29,民生证券,,,1,1,2025-06-29 17:41:39,2025-06-29 15:11:12,1.0,,,,
600985.XSHG,2025-06-29,兴业证券,,,2,1,2025-07-01 01:42:33,2025-06-30 17:53:34,2.0,,,,
600985.XSHG,2025-06-29,广发证券,18.8200,,1,1,2025-06-30 14:22:44,2025-06-30 12:37:44,1.0,,,,
600985.XSHG,2025-07-02,国泰海通证券,,,1,1,2025-07-02 21:43:58,2025-07-02 17:23:53,1.0,,,,
600985.XSHG,2025-07-05,中泰证券,,,1,1,2025-07-06 17:46:13,2025-07-06 15:00:22,1.0,,,,
600985.XSHG,2025-07-05,民生证券,,,1,1,2025-07-06 17:46:14,2025-07-06 14:16:10,1.0,,,,
600985.XSHG,2025-07-06,国海证券,,,1,1,2025-07-07 17:49:42,2025-07-07 15:08:50,1.0,,,,
600985.XSHG,2025-07-06,国泰海通证券,,,1,1,2025-07-07 14:26:12,2025-07-07 12:49:24,1.0,,,,
600985.XSHG,2025-07-06,兴业证券,,,2,1,2025-07-07 15:46:37,2025-07-07 13:51:33,2.0,,,,
600985.XSHG,2025-07-06,国盛证券,,,1,1,2025-07-07 17:49:42,2025-07-07 15:19:59,1.0,,,,
600985.XSHG,2025-07-06,广发证券,18.8200,,1,1,2025-07-07 14:26:13,2025-07-07 11:37:02,1.0,,,,
600985.XSHG,2025-07-07,国泰海通证券,,,1,1,2025-07-08 14:26:42,2025-07-08 11:22:11,1.0,,,,
600985.XSHG,2025-07-07,广发证券,18.8200,,1,1,2025-07-08 14:26:42,2025-07-08 11:38:44,1.0,,,,
600985.XSHG,2025-07-12,民生证券,,,1,1,2025-07-13 15:50:24,2025-07-13 13:46:16,1.0,,,,
600985.XSHG,2025-07-12,中泰证券,,,1,1,2025-07-13 21:10:57,2025-07-13 15:46:20,1.0,,,,
600985.XSHG,2025-07-13,国海证券,,,1,1,2025-07-14 14:30:30,2025-07-14 12:48:48,1.0,,,,
600985.XSHG,2025-07-13,国盛证券,,,1,1,2025-07-14 17:52:32,2025-07-14 14:41:32,1.0,,,,
600985.XSHG,2025-07-13,广发证券,18.8200,,1,1,2025-07-14 21:10:49,2025-07-14 17:52:09,1.0,,,,
600985.XSHG,2025-07-13,开源证券,,,1,1,2025-07-14 14:30:29,2025-07-14 11:19:07,1.0,,,,
600985.XSHG,2025-07-13,国泰海通证券,,,1,1,2025-07-13 21:10:57,2025-07-13 17:16:25,1.0,,,,
600985.XSHG,2025-07-14,兴业证券,,,2,1,2025-07-15 12:31:36,2025-07-15 10:28:24,2.0,,,,
600985.XSHG,2025-07-16,国海证券,,,1,1,2025-07-18 15:58:06,2025-07-18 14:05:04,1.0,,,,
600985.XSHG,2025-07-17,国泰海通证券,,,1,1,2025-07-17 21:13:09,2025-07-17 17:29:01,1.0,,,,
600985.XSHG,2025-07-19,民生证券,,,1,1,2025-07-20 15:54:23,2025-07-20 14:02:04,1.0,,,,
600985.XSHG,2025-07-19,中泰证券,,,1,1,2025-07-20 17:54:09,2025-07-20 15:00:25,1.0,,,,
600985.XSHG,2025-07-20,国盛证券,,,1,1,2025-07-21 17:55:28,2025-07-21 15:00:36,1.0,,,,
600985.XSHG,2025-07-20,国海证券,,,1,1,2025-07-21 15:54:44,2025-07-21 13:49:33,1.0,,,,
600985.XSHG,2025-07-20,开源证券,,,1,1,2025-07-25 17:57:13,2025-07-25 15:06:16,1.0,,,,
600985.XSHG,2025-07-20,兴业证券,,,2,1,2025-07-20 17:54:10,2025-07-20 14:27:19,2.0,,,,
600985.XSHG,2025-07-20,广发证券,18.8200,,1,1,2025-07-21 15:54:44,2025-07-21 14:13:39,1.0,,,,
600985.XSHG,2025-07-20,国泰海通证券,,,1,1,2025-07-20 21:14:36,2025-07-20 16:34:40,1.0,,,,
600985.XSHG,2025-07-22,广发证券,18.8200,,1,1,2025-07-23 17:56:42,2025-07-23 16:10:20,1.0,,,,
600985.XSHG,2025-07-22,国泰海通证券,,,1,1,2025-07-23 12:36:08,2025-07-23 10:33:55,1.0,,,,
600985.XSHG,2025-07-23,中金公司,15.0000,,2,1,2025-07-23 11:56:26,2025-07-23 10:47:41,2.0,,,,
600985.XSHG,2025-07-24,广发证券,18.8200,,1,1,2025-07-24 15:56:22,2025-07-24 13:15:18,1.0,,,,
600985.XSHG,2025-07-26,中泰证券,,,1,1,2025-07-28 15:59:16,2025-07-28 13:49:59,1.0,,,,
600985.XSHG,2025-07-27,国盛证券,,,1,1,2025-07-28 15:19:33,2025-07-28 13:44:19,1.0,,,,
600985.XSHG,2025-07-27,民生证券,,,1,1,2025-07-28 15:19:34,2025-07-28 12:42:18,1.0,,,,
600985.XSHG,2025-07-27,广发证券,18.8200,,1,1,2025-07-28 15:19:34,2025-07-28 12:14:04,1.0,,,,
600985.XSHG,2025-07-27,国泰海通证券,,,1,1,2025-07-29 17:59:50,2025-07-29 15:20:19,1.0,,,,
600985.XSHG,2025-07-28,开源证券,,,1,1,2025-07-29 11:59:23,2025-07-29 09:59:39,1.0,,,,
600985.XSHG,2025-07-28,广发证券,18.8200,,1,1,2025-07-28 21:19:16,2025-07-28 17:31:11,1.0,,,,
600985.XSHG,2025-07-28,中金公司,15.0000,,2,1,2025-07-28 17:59:41,2025-07-28 15:27:54,2.0,,,,
600985.XSHG,2025-07-30,国泰海通证券,,,1,1,2025-07-31 14:01:27,2025-07-31 11:21:51,1.0,,,,
600985.XSHG,2025-08-02,中泰证券,,,1,1,2025-08-03 21:24:09,2025-08-03 16:55:43,1.0,,,,
600985.XSHG,2025-08-02,民生证券,,,1,1,2025-08-03 17:24:25,2025-08-03 14:40:26,1.0,,,,
600985.XSHG,2025-08-03,国泰海通证券,,,1,1,2025-08-03 21:24:09,2025-08-03 17:25:39,1.0,,,,
600985.XSHG,2025-08-03,广发证券,18.8200,,1,1,2025-08-04 17:51:32,2025-08-04 14:20:49,1.0,,,,
600985.XSHG,2025-08-03,国盛证券,,,1,1,2025-08-04 15:51:54,2025-08-04 14:18:19,1.0,,,,
600985.XSHG,2025-08-03,国海证券,,,1,1,2025-08-03 21:24:10,2025-08-03 18:04:04,1.0,,,,
600985.XSHG,2025-08-03,兴业证券,,,2,1,2025-08-04 14:31:30,2025-08-04 13:09:00,2.0,,,,
600985.XSHG,2025-08-03,开源证券,,,1,1,2025-08-14 10:05:40,2025-08-14 08:35:43,1.0,,,,
600985.XSHG,2025-08-05,兴业证券,,,2,1,2025-08-06 10:37:56,2025-08-06 09:40:38,2.0,,,,
600985.XSHG,2025-08-09,中泰证券,,,1,1,2025-08-10 18:00:15,2025-08-10 15:39:06,1.0,,,,
600985.XSHG,2025-08-09,民生证券,,,1,1,2025-08-10 14:40:47,2025-08-10 13:09:40,1.0,,,,
600985.XSHG,2025-08-10,国盛证券,,,1,1,2025-08-11 17:27:45,2025-08-11 15:39:53,1.0,,,,
600985.XSHG,2025-08-10,兴业证券,,,2,1,2025-08-11 15:27:40,2025-08-11 13:44:06,2.0,,,,
600985.XSHG,2025-08-10,广发证券,18.8200,,1,1,2025-08-10 18:00:15,2025-08-10 16:13:59,1.0,,,,
600985.XSHG,2025-08-10,开源证券,,,1,1,2025-08-11 17:27:47,2025-08-11 14:43:30,1.0,,,,
600985.XSHG,2025-08-10,国海证券,,,1,1,2025-08-11 17:27:47,2025-08-11 16:00:15,1.0,,,,
600985.XSHG,2025-08-10,国泰海通证券,,,1,1,2025-08-11 14:01:10,2025-08-11 11:35:31,1.0,,,,
600985.XSHG,2025-08-11,兴业证券,,,2,1,2025-08-11 21:27:54,2025-08-11 17:42:26,2.0,,,,
600985.XSHG,2025-08-14,国海证券,,,1,1,2025-08-15 18:06:29,2025-08-15 15:28:31,1.0,,,,
600985.XSHG,2025-08-16,民生证券,,,1,1,2025-08-17 17:28:03,2025-08-17 15:11:41,1.0,,,,
600985.XSHG,2025-08-16,国海证券,,,1,1,2025-08-17 21:28:15,2025-08-17 18:07:21,1.0,,,,
600985.XSHG,2025-08-16,中泰证券,,,1,1,2025-08-17 21:28:15,2025-08-17 17:00:33,1.0,,,,
600985.XSHG,2025-08-17,广发证券,18.8200,,1,1,2025-08-18 14:47:59,2025-08-18 13:06:34,1.0,,,,
600985.XSHG,2025-08-17,兴业证券,,,2,1,2025-08-18 15:28:44,2025-08-18 14:04:22,2.0,,,,
600985.XSHG,2025-08-17,开源证券,,,1,1,2025-08-18 14:47:59,2025-08-18 13:15:00,1.0,,,,
600985.XSHG,2025-08-17,国泰海通证券,,,1,1,2025-08-18 17:28:12,2025-08-18 15:26:42,1.0,,,,
600985.XSHG,2025-08-17,国海证券,,,1,1,2025-08-18 10:47:49,2025-08-18 09:22:19,1.0,,,,
600985.XSHG,2025-08-22,兴业证券,,,2,1,2025-08-24 20:53:12,2025-08-24 17:36:36,2.0,,,,
600985.XSHG,2025-08-23,民生证券,,,1,1,2025-08-24 20:53:12,2025-08-24 16:30:26,1.0,,,,
600985.XSHG,2025-08-23,中泰证券,,,1,1,2025-08-24 20:53:12,2025-08-24 16:36:23,1.0,,,,
600985.XSHG,2025-08-24,兴业证券,,,2,1,2025-08-25 21:01:59,2025-08-25 18:51:53,2.0,,,,
600985.XSHG,2025-08-24,广发证券,18.8200,,1,1,2025-08-25 21:02:00,2025-08-25 17:22:50,1.0,,,,
600985.XSHG,2025-08-24,国海证券,,,1,1,2025-08-25 17:33:53,2025-08-25 14:27:04,1.0,,,,
600985.XSHG,2025-08-24,国盛证券,,,1,1,2025-08-25 21:02:01,2025-08-25 17:29:04,1.0,,,,
600985.XSHG,2025-08-24,开源证券,,,1,1,2025-08-25 17:33:53,2025-08-25 14:32:04,1.0,,,,
600985.XSHG,2025-08-24,国泰海通证券,,,1,1,2025-08-26 20:54:12,2025-08-26 18:20:15,1.0,,,,
600985.XSHG,2025-08-27,民生证券,,,1,1,2025-08-27 13:34:24,2025-08-27 12:41:48,1.0,,,,
600985.XSHG,2025-08-27,中信证券,16.0000,M06,1,1,2025-08-28 21:56:32,2025-08-28 18:34:44,1.0,16.0,,,
600985.XSHG,2025-08-27,兴业证券,,,2,1,2025-08-27 21:50:15,2025-08-27 17:46:13,2.0,,,,
600985.XSHG,2025-08-27,国盛证券,,,1,1,2025-08-27 10:54:35,2025-08-27 10:09:57,1.0,,,,
600985.XSHG,2025-08-28,国海证券,,,1,1,2025-08-28 17:35:26,2025-08-28 16:30:26,1.0,,,,
600985.XSHG,2025-08-28,中金公司,15.0000,M06,2,1,2025-08-28 14:54:43,2025-08-28 13:39:26,2.0,15.0,,,
600985.XSHG,2025-08-29,申万宏源,,,1,1,2025-08-30 17:36:15,2025-08-30 15:28:13,1.0,,,,
600985.XSHG,2025-08-29,浙商证券,,,2,1,2025-08-31 15:36:32,2025-08-31 14:34:40,2.0,,,,
600985.XSHG,2025-08-29,方正证券,,,1,1,2025-09-01 21:01:13,2025-09-01 17:47:31,1.0,,,,
600985.XSHG,2025-08-30,民生证券,,,1,1,2025-08-31 12:56:50,2025-08-31 10:54:00,1.0,,,,
600985.XSHG,2025-08-30,中泰证券,,,1,1,2025-08-31 22:17:30,2025-08-31 20:09:27,1.0,,,,
600985.XSHG,2025-08-30,国信证券,,,2,1,2025-09-02 17:37:42,2025-09-02 15:03:43,2.0,,,,
600985.XSHG,2025-08-31,广发证券,18.8200,,1,1,2025-09-02 22:02:06,2025-09-02 19:34:09,1.0,,,,
600985.XSHG,2025-08-31,国盛证券,,,1,1,2025-09-02 01:38:46,2025-09-01 20:31:44,1.0,,,,
600985.XSHG,2025-08-31,国海证券,,,1,1,2025-09-02 22:02:10,2025-09-02 18:20:39,1.0,,,,
600985.XSHG,2025-08-31,开源证券,,,1,1,2025-09-03 01:40:45,2025-09-02 20:03:20,1.0,,,,
600985.XSHG,2025-08-31,国泰海通证券,,,1,1,2025-09-03 01:40:45,2025-09-02 20:00:54,1.0,,,,
600985.XSHG,2025-09-01,国泰海通证券,14.6400,M06,1,1,2025-09-01 10:16:48,2025-09-01 08:37:11,1.0,14.64,,,
600985.XSHG,2025-09-03,国泰海通证券,,,1,1,2025-09-04 14:18:56,2025-09-04 13:02:59,1.0,,,,
600985.XSHG,2025-09-03,开源证券,,,1,1,2025-09-07 17:40:56,2025-09-07 16:02:16,1.0,,,,
600985.XSHG,2025-09-04,广发证券,18.8200,,1,1,2025-09-05 17:39:43,2025-09-05 14:16:47,1.0,,,,
600985.XSHG,2025-09-05,华福证券,,,1,1,2025-09-05 21:50:13,2025-09-05 18:04:18,1.0,,,,
600985.XSHG,2025-09-06,民生证券,,,1,1,2025-09-07 17:40:55,2025-09-07 14:50:33,1.0,,,,
600985.XSHG,2025-09-06,中泰证券,,,1,1,2025-09-07 17:40:56,2025-09-07 14:15:16,1.0,,,,
600985.XSHG,2025-09-07,国海证券,,,1,1,2025-09-08 11:41:30,2025-09-08 09:53:27,1.0,,,,
600985.XSHG,2025-09-07,兴业证券,,,2,1,2025-09-08 11:41:30,2025-09-08 10:10:35,2.0,,,,
600985.XSHG,2025-09-07,国盛证券,,,1,1,2025-09-08 12:21:13,2025-09-08 11:21:10,1.0,,,,
600985.XSHG,2025-09-07,开源证券,,,1,1,2025-09-08 12:21:13,2025-09-08 11:14:37,1.0,,,,
600985.XSHG,2025-09-07,广发证券,18.8200,,1,1,2025-09-08 15:41:46,2025-09-08 13:51:16,1.0,,,,
600985.XSHG,2025-09-08,国盛证券,,,1,1,2025-09-08 17:41:34,2025-09-08 14:59:50,1.0,,,,
600985.XSHG,2025-09-08,广发证券,16.2600,M06,1,1,2025-09-09 11:01:39,2025-09-09 10:14:32,1.0,16.26,,,
600985.XSHG,2025-09-10,兴业证券,,,2,1,2025-09-11 14:23:55,2025-09-11 12:11:46,2.0,,,,
600985.XSHG,2025-09-10,国海证券,,,1,1,2025-09-10 17:43:04,2025-09-10 14:45:06,1.0,,,,
600985.XSHG,2025-09-10,长江证券,,,1,1,2025-09-10 15:42:17,2025-09-10 14:23:29,1.0,,,,
600985.XSHG,2025-09-11,国泰海通证券,,,1,1,2025-09-12 14:24:22,2025-09-12 12:03:48,1.0,,,,
600985.XSHG,2025-09-13,中泰证券,,,1,1,2025-09-14 21:05:30,2025-09-14 16:33:29,1.0,,,,
600985.XSHG,2025-09-13,民生证券,,,1,1,2025-09-14 10:24:41,2025-09-14 09:09:20,1.0,,,,
600985.XSHG,2025-09-14,开源证券,,,1,1,2025-09-15 14:25:35,2025-09-15 11:34:29,1.0,,,,
600985.XSHG,2025-09-14,兴业证券,,,2,1,2025-09-15 17:45:47,2025-09-15 14:31:59,2.0,,,,
600985.XSHG,2025-09-14,国海证券,,,1,1,2025-09-15 12:25:33,2025-09-15 11:14:20,1.0,,,,
600985.XSHG,2025-09-14,国盛证券,,,1,1,2025-09-17 17:47:32,2025-09-17 14:53:01,1.0,,,,
600985.XSHG,2025-09-14,广发证券,16.2600,,1,1,2025-09-15 15:05:18,2025-09-15 13:30:55,1.0,,,,
600985.XSHG,2025-09-16,国海证券,,,1,1,2025-09-17 11:46:30,2025-09-17 10:05:43,1.0,,,,
600985.XSHG,2025-09-17,国盛证券,,,1,1,2025-09-17 17:47:33,2025-09-17 15:45:57,1.0,,,,
600985.XSHG,2025-09-18,天风证券,16.7500,M06,1,1,2025-09-18 11:47:32,2025-09-18 10:18:18,1.0,16.75,,,
600985.XSHG,2025-09-20,民生证券,,,1,1,2025-09-21 15:49:38,2025-09-21 13:22:51,1.0,,,,
600985.XSHG,2025-09-20,中泰证券,,,1,1,2025-09-21 15:49:38,2025-09-21 13:40:32,1.0,,,,
600985.XSHG,2025-09-21,国海证券,,,1,1,2025-09-22 17:50:36,2025-09-22 14:41:42,1.0,,,,
600985.XSHG,2025-09-21,广发证券,16.2600,,1,1,2025-09-22 21:16:22,2025-09-22 16:24:19,1.0,,,,
600985.XSHG,2025-09-21,国盛证券,,,1,1,2025-09-22 15:10:50,2025-09-22 13:21:12,1.0,,,,
600985.XSHG,2025-09-21,国泰海通证券,,,1,1,2025-09-22 15:10:50,2025-09-22 13:23:19,1.0,,,,
600985.XSHG,2025-09-21,兴业证券,,,2,1,2025-09-22 15:10:51,2025-09-22 13:26:45,2.0,,,,
600985.XSHG,2025-09-27,中泰证券,,,1,1,2025-09-28 12:51:12,2025-09-28 11:02:22,1.0,,,,
600985.XSHG,2025-09-27,民生证券,,,1,1,2025-09-28 17:30:55,2025-09-28 13:50:14,1.0,,,,
600985.XSHG,2025-09-28,国海证券,,,1,1,2025-09-29 17:31:08,2025-09-29 14:35:52,1.0,,,,
600985.XSHG,2025-09-28,广发证券,16.2600,,1,1,2025-09-29 15:30:39,2025-09-29 13:53:44,1.0,,,,
600985.XSHG,2025-09-28,国盛证券,,,1,1,2025-09-29 15:30:41,2025-09-29 13:25:46,1.0,,,,
600985.XSHG,2025-09-29,国泰海通证券,,,1,1,2025-09-29 15:30:40,2025-09-29 14:03:35,1.0,,,,
600985.XSHG,2025-09-29,兴业证券,,,2,1,2025-09-30 14:51:22,2025-09-30 11:52:56,2.0,,,,
600985.XSHG,2025-09-30,东方财富证券,,,2,1,2025-09-30 17:32:59,2025-09-30 16:23:55,2.0,,,,
600985.XSHG,2025-10-01,广发证券,16.2600,,1,1,2025-10-08 17:59:28,2025-10-08 15:44:04,1.0,,,,
600985.XSHG,2025-10-11,中泰证券,,,1,1,2025-10-12 13:22:26,2025-10-12 11:13:27,1.0,,,,
600985.XSHG,2025-10-12,国盛证券,,,1,1,2025-10-13 12:02:28,2025-10-13 10:27:14,1.0,,,,
600985.XSHG,2025-10-12,广发证券,16.2600,,1,1,2025-10-13 15:22:56,2025-10-13 13:34:52,1.0,,,,
600985.XSHG,2025-10-12,国海证券,,,1,1,2025-10-13 15:22:56,2025-10-13 13:09:03,1.0,,,,
600985.XSHG,2025-10-12,国泰海通证券,,,1,1,2025-10-12 18:02:11,2025-10-12 15:26:22,1.0,,,,
600985.XSHG,2025-10-12,兴业证券,,,2,1,2025-10-12 21:22:37,2025-10-12 16:59:52,2.0,,,,
600985.XSHG,2025-10-17,国海证券,,,1,1,2025-10-19 15:26:47,2025-10-19 13:46:19,1.0,,,,
600985.XSHG,2025-10-18,中泰证券,,,1,1,2025-10-19 15:26:47,2025-10-19 13:27:55,1.0,,,,
600985.XSHG,2025-10-18,民生证券,,,1,1,2025-10-20 15:27:30,2025-10-20 13:48:41,1.0,,,,
600985.XSHG,2025-10-19,国泰海通证券,,,1,1,2025-10-20 14:47:44,2025-10-20 13:13:16,1.0,,,,
600985.XSHG,2025-10-19,广发证券,16.2600,,1,1,2025-10-20 21:34:27,2025-10-20 17:00:54,1.0,,,,
600985.XSHG,2025-10-19,国海证券,,,1,1,2025-10-20 15:27:30,2025-10-20 13:16:48,1.0,,,,
600985.XSHG,2025-10-19,国盛证券,,,1,1,2025-10-20 12:47:35,2025-10-20 11:35:20,1.0,,,,
600985.XSHG,2025-10-21,国盛证券,,,1,1,2025-10-22 15:28:04,2025-10-22 14:03:27,1.0,,,,
600985.XSHG,2025-10-21,国海证券,,,1,1,2025-10-22 14:08:47,2025-10-22 11:47:33,1.0,,,,
600985.XSHG,2025-10-25,中泰证券,,,1,1,2025-10-26 17:30:56,2025-10-26 14:15:17,1.0,,,,
600985.XSHG,2025-10-26,国盛证券,,,1,1,2025-10-27 12:51:01,2025-10-27 11:47:08,1.0,,,,
600985.XSHG,2025-10-26,国海证券,,,1,1,2025-10-27 17:31:16,2025-10-27 14:53:47,1.0,,,,
600985.XSHG,2025-10-26,民生证券,,,1,1,2025-10-26 15:30:51,2025-10-26 13:48:42,1.0,,,,
600985.XSHG,2025-10-26,广发证券,16.2600,,1,1,2025-10-26 20:51:24,2025-10-26 17:21:57,1.0,,,,
600985.XSHG,2025-10-26,兴业证券,,,2,1,2025-10-27 14:51:00,2025-10-27 13:37:32,2.0,,,,
600985.XSHG,2025-10-26,国泰海通证券,,,1,1,2025-10-26 20:51:24,2025-10-26 16:24:51,1.0,,,,
600985.XSHG,2025-10-26,开源证券,,,1,1,2025-10-27 17:31:18,2025-10-27 14:35:01,1.0,,,,
600985.XSHG,2025-10-30,国泰海通证券,,,1,1,2025-10-31 22:16:37,2025-10-31 18:57:18,1.0,,,,
600985.XSHG,2025-10-31,国盛证券,,,1,1,2025-10-31 10:56:19,2025-10-31 09:53:45,1.0,,,,
600985.XSHG,2025-10-31,民生证券,,,1,1,2025-10-31 22:16:37,2025-10-31 17:20:20,1.0,,,,
600985.XSHG,2025-10-31,开源证券,,,1,1,2025-11-03 17:38:23,2025-11-03 14:15:32,1.0,,,,
600985.XSHG,2025-10-31,兴业证券,,,2,1,2025-11-01 08:56:10,2025-11-01 08:34:24,2.0,,,,
600985.XSHG,2025-11-01,民生证券,,,1,1,2025-11-02 14:57:40,2025-11-02 11:53:59,1.0,,,,
600985.XSHG,2025-11-01,中泰证券,,,1,1,2025-11-02 14:57:41,2025-11-02 13:32:25,1.0,,,,
600985.XSHG,2025-11-01,信达证券,,,1,1,2025-11-02 13:37:20,2025-11-02 12:27:56,1.0,,,,
600985.XSHG,2025-11-02,开源证券,,,1,1,2025-11-03 21:52:56,2025-11-03 17:40:43,1.0,,,,
600985.XSHG,2025-11-02,国盛证券,,,1,1,2025-11-03 21:52:56,2025-11-03 17:50:55,1.0,,,,
600985.XSHG,2025-11-02,广发证券,16.2600,,1,1,2025-11-03 21:52:58,2025-11-03 17:52:55,1.0,,,,
600985.XSHG,2025-11-02,方正证券,,,2,1,2025-11-04 17:38:40,2025-11-04 15:03:03,2.0,,,,
600985.XSHG,2025-11-02,国海证券,,,1,1,2025-11-03 21:53:00,2025-11-03 17:54:12,1.0,,,,
600985.XSHG,2025-11-03,国泰海通证券,,,1,1,2025-11-03 15:37:15,2025-11-03 13:50:15,1.0,,,,
600985.XSHG,2025-11-03,中信证券,16.0000,M06,1,1,2025-11-05 10:58:40,2025-11-05 08:46:32,1.0,16.0,,,
600985.XSHG,2025-11-04,开源证券,,,1,1,2025-11-05 17:39:13,2025-11-05 14:49:30,1.0,,,,
600985.XSHG,2025-11-05,广发证券,16.2600,,1,1,2025-11-05 17:39:12,2025-11-05 14:56:09,1.0,,,,
600985.XSHG,2025-11-05,国海证券,,,1,1,2025-11-06 14:59:37,2025-11-06 13:30:16,1.0,,,,
600985.XSHG,2025-11-07,国泰海通证券,,,1,1,2025-11-09 20:54:30,2025-11-09 16:58:19,1.0,,,,
600985.XSHG,2025-11-07,中泰证券,,,1,1,2025-11-09 17:35:00,2025-11-09 14:06:32,1.0,,,,
600985.XSHG,2025-11-08,民生证券,,,1,1,2025-11-09 17:35:00,2025-11-09 14:07:24,1.0,,,,
600985.XSHG,2025-11-09,国泰海通证券,,,1,1,2025-11-10 20:55:14,2025-11-10 16:17:00,1.0,,,,
600985.XSHG,2025-11-09,国海证券,,,1,1,2025-11-10 15:34:31,2025-11-10 13:49:21,1.0,,,,
600985.XSHG,2025-11-09,国盛证券,,,1,1,2025-11-10 14:15:11,2025-11-10 13:06:27,1.0,,,,
600985.XSHG,2025-11-09,广发证券,16.2600,,1,1,2025-11-10 14:54:51,2025-11-10 13:22:07,1.0,,,,
600985.XSHG,2025-11-09,开源证券,,,1,1,2025-11-10 14:54:52,2025-11-10 13:38:36,1.0,,,,
600985.XSHG,2025-11-11,广发证券,16.2600,,1,1,2025-11-16 20:59:22,2025-11-16 17:41:04,1.0,,,,
600985.XSHG,2025-11-11,兴业证券,,,2,1,2025-11-12 14:56:26,2025-11-12 11:31:54,2.0,,,,
600985.XSHG,2025-11-15,中泰证券,,,1,1,2025-11-16 14:59:08,2025-11-16 13:24:08,1.0,,,,
600985.XSHG,2025-11-15,民生证券,,,1,1,2025-11-16 14:59:08,2025-11-16 13:40:56,1.0,,,,
600985.XSHG,2025-11-16,国泰海通证券,,,1,1,2025-11-17 15:39:40,2025-11-17 14:22:36,1.0,,,,
600985.XSHG,2025-11-16,国盛证券,,,1,1,2025-11-17 13:39:38,2025-11-17 11:15:49,1.0,,,,
600985.XSHG,2025-11-16,长江证券,,,1,1,2025-11-17 13:39:39,2025-11-17 12:27:16,1.0,,,,
600985.XSHG,2025-11-16,开源证券,,,1,1,2025-11-17 13:39:39,2025-11-17 12:07:36,1.0,,,,
600985.XSHG,2025-11-16,国海证券,,,1,1,2025-11-17 13:39:39,2025-11-17 12:39:11,1.0,,,,
600985.XSHG,2025-11-20,国海证券,,,1,1,2025-11-21 15:41:57,2025-11-21 14:05:53,1.0,,,,
600985.XSHG,2025-11-20,国盛证券,,,1,1,2025-11-20 21:01:14,2025-11-20 17:00:12,1.0,,,,
600985.XSHG,2025-11-22,中泰证券,,,1,1,2025-11-23 14:22:41,2025-11-23 13:09:04,1.0,,,,
600985.XSHG,2025-11-23,国泰海通证券,,,1,1,2025-11-24 16:23:47,2025-11-24 14:52:02,1.0,,,,
600985.XSHG,2025-11-23,国海证券,,,1,1,2025-11-23 21:03:33,2025-11-23 17:27:47,1.0,,,,
600985.XSHG,2025-11-23,开源证券,,,1,1,2025-11-24 15:03:08,2025-11-24 11:39:13,1.0,,,,
600985.XSHG,2025-11-23,国盛证券,,,1,1,2025-11-24 14:23:27,2025-11-24 13:05:11,1.0,,,,
600985.XSHG,2025-11-23,兴业证券,,,2,1,2025-11-24 15:03:09,2025-11-24 12:43:17,2.0,,,,
600985.XSHG,2025-11-29,中泰证券,,,1,1,2025-11-30 11:49:47,2025-11-30 10:42:36,1.0,,,,
600985.XSHG,2025-11-29,国联民生,,,1,1,2025-12-02 15:10:59,2025-12-02 13:16:57,1.0,,,,
600985.XSHG,2025-11-30,广发证券,16.2600,,1,1,2025-12-01 14:30:38,2025-12-01 12:20:28,1.0,,,,
600985.XSHG,2025-11-30,兴业证券,,,2,1,2025-12-01 15:10:21,2025-12-01 13:44:55,2.0,,,,
600985.XSHG,2025-11-30,国盛证券,,,1,1,2025-12-01 15:10:22,2025-12-01 13:43:57,1.0,,,,
600985.XSHG,2025-11-30,国海证券,,,1,1,2025-12-01 14:30:39,2025-12-01 13:09:55,1.0,,,,
600985.XSHG,2025-11-30,开源证券,,,1,1,2025-12-01 15:51:03,2025-12-01 14:40:23,1.0,,,,
600985.XSHG,2025-12-02,广发证券,16.2600,,1,1,2025-12-03 12:31:44,2025-12-03 10:25:49,1.0,,,,
600985.XSHG,2025-12-06,中泰证券,,,1,1,2025-12-07 14:34:32,2025-12-07 11:20:24,1.0,,,,
600985.XSHG,2025-12-06,国联民生,,,1,1,2025-12-08 15:55:20,2025-12-08 14:06:20,1.0,,,,
600985.XSHG,2025-12-07,国盛证券,,,1,1,2025-12-08 16:35:07,2025-12-08 15:30:13,1.0,,,,
600985.XSHG,2025-12-07,国泰海通证券,,,1,1,2025-12-08 21:31:47,2025-12-08 15:52:00,1.0,,,,
600985.XSHG,2025-12-07,兴业证券,,,2,1,2025-12-08 15:14:34,2025-12-08 13:21:02,2.0,,,,
600985.XSHG,2025-12-07,开源证券,,,1,1,2025-12-08 14:34:52,2025-12-08 12:47:38,1.0,,,,
600985.XSHG,2025-12-07,广发证券,16.2600,,1,1,2025-12-07 21:15:59,2025-12-07 16:33:26,1.0,,,,
600985.XSHG,2025-12-09,广发证券,16.2600,,1,1,2025-12-10 14:35:42,2025-12-10 11:15:44,1.0,,,,
600985.XSHG,2025-12-11,东方财富证券,,,2,1,2025-12-11 21:27:00,2025-12-11 17:31:16,2.0,,,,
600985.XSHG,2025-12-13,国联民生,,,1,1,2025-12-15 15:19:07,2025-12-15 13:24:52,1.0,,,,
600985.XSHG,2025-12-13,国海证券,,,1,1,2025-12-14 21:18:46,2025-12-14 16:40:26,1.0,,,,
600985.XSHG,2025-12-13,中泰证券,,,1,1,2025-12-14 12:38:12,2025-12-14 10:40:11,1.0,,,,
600985.XSHG,2025-12-14,广发证券,16.2600,,1,1,2025-12-16 11:59:18,2025-12-16 10:21:47,1.0,,,,
600985.XSHG,2025-12-14,兴业证券,,,2,1,2025-12-14 21:18:46,2025-12-14 16:38:20,2.0,,,,
600985.XSHG,2025-12-14,国盛证券,,,1,1,2025-12-15 15:19:07,2025-12-15 14:07:48,1.0,,,,
600985.XSHG,2025-12-14,开源证券,,,1,1,2025-12-15 14:39:27,2025-12-15 12:48:52,1.0,,,,
600985.XSHG,2025-12-15,国泰海通证券,,,1,1,2025-12-15 11:58:43,2025-12-15 10:46:33,1.0,,,,
600985.XSHG,2025-12-15,海通国际,,,2,1,2025-12-16 11:20:04,2025-12-16 10:20:38,2.0,,,,
600985.XSHG,2025-12-16,国海证券,,,1,1,2025-12-17 11:20:33,2025-12-17 10:04:57,1.0,,,,
600985.XSHG,2025-12-16,中金公司,15.0000,,2,1,2025-12-17 11:20:34,2025-12-17 09:54:58,2.0,,,,
600985.XSHG,2025-12-18,国盛证券,,,1,1,2025-12-19 02:00:55,2025-12-18 17:47:06,1.0,,,,
600985.XSHG,2025-12-20,国联民生,,,1,1,2025-12-22 15:23:08,2025-12-22 12:00:18,1.0,,,,
600985.XSHG,2025-12-20,中泰证券,,,1,1,2025-12-21 12:03:13,2025-12-21 10:09:17,1.0,,,,
600985.XSHG,2025-12-21,广发证券,16.2600,,1,1,2025-12-22 16:03:50,2025-12-22 14:07:51,1.0,,,,
600985.XSHG,2025-12-21,国盛证券,,,1,1,2025-12-22 15:23:08,2025-12-22 13:30:50,1.0,,,,
600985.XSHG,2025-12-21,国海证券,,,1,1,2025-12-22 12:43:21,2025-12-22 11:09:23,1.0,,,,
600985.XSHG,2025-12-21,兴业证券,,,2,1,2025-12-22 15:23:08,2025-12-22 11:57:20,2.0,,,,
600985.XSHG,2025-12-22,海通国际,,,2,1,2025-12-23 16:43:50,2025-12-23 15:41:56,2.0,,,,
600985.XSHG,2025-12-23,国联民生,,,1,1,2025-12-23 22:04:27,2025-12-23 16:56:14,1.0,,,,
600985.XSHG,2025-12-27,国联民生,,,1,1,2025-12-28 13:26:50,2025-12-28 10:40:41,1.0,,,,
600985.XSHG,2025-12-27,中泰证券,,,1,1,2025-12-28 15:26:51,2025-12-28 14:13:52,1.0,,,,
600985.XSHG,2025-12-28,国盛证券,,,1,1,2025-12-29 12:08:17,2025-12-29 10:59:00,1.0,,,,
600985.XSHG,2025-12-28,广发证券,16.2600,,1,1,2025-12-29 15:28:09,2025-12-29 13:25:38,1.0,,,,
600985.XSHG,2025-12-28,国泰海通证券,,,1,1,2025-12-28 17:26:57,2025-12-28 14:45:46,1.0,,,,
600985.XSHG,2025-12-28,兴业证券,,,2,1,2025-12-28 21:27:35,2025-12-28 17:09:55,2.0,,,,
600985.XSHG,2025-12-28,国海证券,,,1,1,2025-12-29 12:08:18,2025-12-29 10:34:51,1.0,,,,
600985.XSHG,2025-12-29,海通国际,,,2,1,2025-12-30 11:28:06,2025-12-30 10:43:33,2.0,,,,
600985.XSHG,2025-12-31,广发证券,16.2600,,1,1,2025-12-31 21:38:43,2025-12-31 16:57:22,1.0,,,,
600985.XSHG,2026-01-04,中泰证券,,,1,1,2026-01-05 16:12:01,2026-01-05 14:17:19,1.0,,,,
600985.XSHG,2026-01-04,广发证券,16.2600,,1,1,2026-01-05 14:51:39,2026-01-05 13:30:32,1.0,,,,
600985.XSHG,2026-01-04,国海证券,,,1,1,2026-01-05 14:51:39,2026-01-05 13:23:02,1.0,,,,
600985.XSHG,2026-01-06,国海证券,,,1,1,2026-01-07 14:13:22,2026-01-07 12:33:49,1.0,,,,
600985.XSHG,2026-01-10,国海证券,,,1,1,2026-01-12 14:56:08,2026-01-12 13:25:43,1.0,,,,
600985.XSHG,2026-01-10,中泰证券,,,1,1,2026-01-11 10:55:06,2026-01-11 09:41:27,1.0,,,,
600985.XSHG,2026-01-10,国联民生,,,1,1,2026-01-11 20:56:18,2026-01-11 16:58:00,1.0,,,,
600985.XSHG,2026-01-11,广发证券,16.2600,,1,1,2026-01-13 21:03:11,2026-01-13 15:56:07,1.0,,,,
600985.XSHG,2026-01-11,兴业证券,,,2,1,2026-01-12 18:04:08,2026-01-12 14:44:50,2.0,,,,
600985.XSHG,2026-01-11,国盛证券,,,1,1,2026-01-12 14:16:28,2026-01-12 11:30:20,1.0,,,,
600985.XSHG,2026-01-17,国联民生,,,1,1,2026-01-18 17:39:36,2026-01-18 14:32:38,1.0,,,,
600985.XSHG,2026-01-17,中泰证券,,,1,1,2026-01-18 12:20:07,2026-01-18 10:32:23,1.0,,,,
600985.XSHG,2026-01-17,国海证券,,,1,1,2026-01-18 17:39:36,2026-01-18 15:47:09,1.0,,,,
600985.XSHG,2026-01-18,广发证券,16.2600,,1,1,2026-01-19 12:20:35,2026-01-19 11:13:39,1.0,,,,
600985.XSHG,2026-01-18,国盛证券,,,1,1,2026-01-19 11:39:52,2026-01-19 10:38:14,1.0,,,,
600985.XSHG,2026-01-18,兴业证券,,,2,1,2026-01-19 15:00:19,2026-01-19 12:33:42,2.0,,,,
600985.XSHG,2026-01-18,国泰海通证券,,,1,1,2026-01-19 17:40:04,2026-01-19 14:56:41,1.0,,,,
600985.XSHG,2026-01-18,开源证券,,,1,1,2026-01-19 15:00:19,2026-01-19 11:28:09,1.0,,,,
600985.XSHG,2026-01-19,国海证券,,,1,1,2026-01-20 15:00:25,2026-01-20 11:54:49,1.0,,,,
600985.XSHG,2026-01-20,国盛证券,,,1,1,2026-01-20 21:06:56,2026-01-20 16:31:16,1.0,,,,
600985.XSHG,2026-01-23,国海证券,,,1,1,2026-01-25 14:23:55,2026-01-25 11:25:15,1.0,,,,
600985.XSHG,2026-01-24,开源证券,,,1,1,2026-01-26 15:05:09,2026-01-26 13:20:42,1.0,,,,
600985.XSHG,2026-01-24,中泰证券,,,1,1,2026-01-25 16:23:57,2026-01-25 13:40:25,1.0,,,,
600985.XSHG,2026-01-24,国联民生,,,1,1,2026-01-25 21:04:44,2026-01-25 16:07:08,1.0,,,,
600985.XSHG,2026-01-25,开源证券,,,1,1,2026-01-27 21:05:35,2026-01-27 17:10:37,1.0,,,,
600985.XSHG,2026-01-25,国泰海通证券,,,1,1,2026-01-26 14:24:22,2026-01-26 12:41:29,1.0,,,,
600985.XSHG,2026-01-25,国盛证券,,,1,1,2026-01-26 15:05:09,2026-01-26 13:41:53,1.0,,,,
600985.XSHG,2026-01-25,广发证券,16.2600,,1,1,2026-01-26 14:24:23,2026-01-26 12:57:37,1.0,,,,
600985.XSHG,2026-01-25,国海证券,,,1,1,2026-01-26 15:05:10,2026-01-26 14:09:45,1.0,,,,
600985.XSHG,2026-01-30,中泰证券,,,1,1,2026-01-31 21:08:35,2026-01-31 17:34:44,1.0,,,,
600985.XSHG,2026-01-30,国泰海通证券,,,1,1,2026-01-30 22:27:47,2026-01-30 15:46:47,1.0,,,,
600985.XSHG,2026-01-31,中泰证券,,,1,1,2026-02-01 16:28:47,2026-02-01 14:37:05,1.0,,,,
600985.XSHG,2026-01-31,国海证券,,,1,1,2026-02-02 13:08:44,2026-02-02 11:15:41,1.0,,,,
600985.XSHG,2026-01-31,兴业证券,,,2,1,2026-02-01 16:28:47,2026-02-01 14:30:31,2.0,,,,
600985.XSHG,2026-01-31,国联民生,,,1,1,2026-02-01 16:28:48,2026-02-01 14:35:15,1.0,,,,
600985.XSHG,2026-02-01,国盛证券,,,1,1,2026-02-02 13:49:23,2026-02-02 12:27:43,1.0,,,,
600985.XSHG,2026-02-01,广发证券,16.2600,,1,1,2026-02-01 17:49:12,2026-02-01 15:01:33,1.0,,,,
600985.XSHG,2026-02-01,国泰海通证券,,,1,1,2026-02-02 12:28:54,2026-02-02 10:58:32,1.0,,,,
600985.XSHG,2026-02-03,国海证券,,,1,1,2026-02-04 14:51:23,2026-02-04 13:10:53,1.0,,,,
600985.XSHG,2026-02-03,广发证券,16.2600,,1,1,2026-02-04 14:51:23,2026-02-04 13:05:16,1.0,,,,
600985.XSHG,2026-02-07,国联民生,,,1,1,2026-02-08 15:33:47,2026-02-08 11:48:30,1.0,,,,
600985.XSHG,2026-02-07,中泰证券,,,1,1,2026-02-08 17:33:52,2026-02-08 15:32:35,1.0,,,,
600985.XSHG,2026-02-07,方正证券,,,1,1,2026-02-09 16:15:11,2026-02-09 14:03:20,1.0,,,,
600985.XSHG,2026-02-08,兴业证券,,,2,1,2026-02-09 16:15:10,2026-02-09 14:15:28,2.0,,,,
600985.XSHG,2026-02-08,国盛证券,,,1,1,2026-02-09 14:54:18,2026-02-09 12:21:06,1.0,,,,
600985.XSHG,2026-02-08,广发证券,16.2600,,1,1,2026-02-09 16:15:10,2026-02-09 13:54:11,1.0,,,,
600985.XSHG,2026-02-08,国泰海通证券,,,1,1,2026-02-09 14:54:18,2026-02-09 12:18:36,1.0,,,,
600985.XSHG,2026-02-08,开源证券,,,1,1,2026-02-09 16:15:10,2026-02-09 13:21:13,1.0,,,,
600985.XSHG,2026-02-08,国海证券,,,1,1,2026-02-09 17:34:01,2026-02-09 14:51:35,1.0,,,,
600985.XSHG,2026-02-11,国海证券,,,1,1,2026-02-12 09:58:44,2026-02-12 08:41:13,1.0,,,,
600985.XSHG,2026-02-14,国联民生,,,1,1,2026-02-23 17:25:58,2026-02-23 14:45:24,1.0,,,,
600985.XSHG,2026-02-15,广发证券,16.2600,,1,1,2026-02-23 16:05:36,2026-02-23 13:45:00,1.0,,,,
600985.XSHG,2026-02-23,国海证券,,,1,1,2026-02-24 17:26:03,2026-02-24 14:38:59,1.0,,,,
600985.XSHG,2026-02-23,国盛证券,,,1,1,2026-02-24 15:26:00,2026-02-24 12:38:16,1.0,,,,
600985.XSHG,2026-02-23,国泰海通证券,,,1,1,2026-02-24 17:26:03,2026-02-24 15:27:43,1.0,,,,
600985.XSHG,2026-02-28,国泰海通证券,,,1,1,2026-03-01 17:29:18,2026-03-01 14:50:12,1.0,,,,
600985.XSHG,2026-02-28,中泰证券,,,1,1,2026-03-01 16:09:56,2026-03-01 14:37:39,1.0,,,,
600985.XSHG,2026-02-28,国联民生,,,1,1,2026-03-01 16:09:56,2026-03-01 14:30:32,1.0,,,,
600985.XSHG,2026-03-01,广发证券,16.2600,,1,1,2026-03-02 16:10:43,2026-03-02 13:38:35,1.0,,,,
600985.XSHG,2026-03-01,兴业证券,,,2,1,2026-03-02 21:30:21,2026-03-02 16:54:22,2.0,,,,
600985.XSHG,2026-03-01,国海证券,,,1,1,2026-03-02 16:10:44,2026-03-02 14:09:27,1.0,,,,
600985.XSHG,2026-03-01,国盛证券,,,1,1,2026-03-02 15:30:01,2026-03-02 13:36:51,1.0,,,,
600985.XSHG,2026-03-05,东方证券,,,2,1,2026-03-06 12:13:23,2026-03-06 10:48:46,2.0,,,,
600985.XSHG,2026-03-07,国联民生,,,1,1,2026-03-08 16:14:03,2026-03-08 14:01:20,1.0,,,,
600985.XSHG,2026-03-07,国海证券,,,1,1,2026-03-09 15:34:13,2026-03-09 14:11:16,1.0,,,,
600985.XSHG,2026-03-07,中泰证券,,,1,1,2026-03-08 14:14:02,2026-03-08 10:29:44,1.0,,,,
600985.XSHG,2026-03-08,国泰海通证券,,,1,1,2026-03-09 14:13:50,2026-03-09 12:12:18,1.0,,,,
600985.XSHG,2026-03-08,国盛证券,,,1,1,2026-03-09 14:54:29,2026-03-09 13:25:20,1.0,,,,
600985.XSHG,2026-03-08,浙商证券,,,2,1,2026-03-09 10:54:19,2026-03-09 08:55:42,2.0,,,,
600985.XSHG,2026-03-08,兴业证券,,,2,1,2026-03-08 21:34:36,2026-03-08 17:15:48,2.0,,,,
600985.XSHG,2026-03-08,广发证券,16.2600,,1,1,2026-03-08 21:34:36,2026-03-08 16:03:32,1.0,,,,
600985.XSHG,2026-03-14,国联民生,,,1,1,2026-03-15 17:39:13,2026-03-15 15:12:05,1.0,,,,
600985.XSHG,2026-03-14,中泰证券,,,1,1,2026-03-15 16:29:16,2026-03-15 13:58:16,1.0,,,,
600985.XSHG,2026-03-15,国盛证券,,,1,1,2026-03-16 14:19:22,2026-03-16 11:27:51,1.0,,,,
600985.XSHG,2026-03-15,兴业证券,,,2,1,2026-03-16 14:59:00,2026-03-16 14:03:16,2.0,,,,
600985.XSHG,2026-03-15,国海证券,,,1,1,2026-03-16 14:59:00,2026-03-16 13:38:54,1.0,,,,
600985.XSHG,2026-03-15,国泰海通证券,,,1,1,2026-03-16 14:19:23,2026-03-16 11:54:08,1.0,,,,
600985.XSHG,2026-03-15,广发证券,16.2600,,1,1,2026-03-16 14:19:24,2026-03-16 12:42:18,1.0,,,,
600985.XSHG,2026-03-17,国海证券,,,1,1,2026-03-19 12:20:49,2026-03-19 11:11:18,1.0,,,,
600985.XSHG,2026-03-18,国盛证券,,,1,1,2026-03-19 14:20:54,2026-03-19 12:31:02,1.0,,,,
600985.XSHG,2026-03-19,国联民生,,,1,1,2026-03-19 21:40:18,2026-03-19 17:03:25,1.0,,,,
600985.XSHG,2026-03-20,国联民生,,,1,1,2026-03-22 17:42:10,2026-03-22 15:31:56,1.0,,,,
600985.XSHG,2026-03-21,中泰证券,,,1,1,2026-03-22 17:42:09,2026-03-22 15:16:52,1.0,,,,
600985.XSHG,2026-03-21,国联民生,,,1,1,2026-03-22 17:42:10,2026-03-22 15:32:56,1.0,,,,
600985.XSHG,2026-03-22,兴业证券,,,2,1,2026-03-23 14:22:34,2026-03-23 13:09:19,2.0,,,,
600985.XSHG,2026-03-22,国海证券,,,1,1,2026-03-22 21:02:35,2026-03-22 17:17:13,1.0,,,,
600985.XSHG,2026-03-22,国泰海通证券,,,1,1,2026-03-23 17:42:56,2026-03-23 15:23:18,1.0,,,,
600985.XSHG,2026-03-22,广发证券,16.2600,,1,1,2026-03-22 17:42:09,2026-03-22 15:27:12,1.0,,,,
600985.XSHG,2026-03-22,国盛证券,,,1,1,2026-03-23 14:22:34,2026-03-23 12:38:27,1.0,,,,
600985.XSHG,2026-03-28,中泰证券,,,1,1,2026-03-29 01:46:01,2026-03-28 23:09:18,1.0,,,,
600985.XSHG,2026-03-28,德邦证券,,,1,1,2026-03-29 15:47:09,2026-03-29 14:33:33,1.0,,,,
600985.XSHG,2026-03-29,国联民生,,,1,1,2026-03-30 11:07:03,2026-03-30 09:41:39,1.0,,,,
600985.XSHG,2026-03-29,国泰海通证券,,,1,1,2026-03-30 14:26:29,2026-03-30 12:37:58,1.0,,,,
600985.XSHG,2026-03-29,广发证券,16.2600,,1,1,2026-03-30 15:07:15,2026-03-30 13:21:36,1.0,,,,
600985.XSHG,2026-03-29,兴业证券,,,2,1,2026-03-30 11:07:03,2026-03-30 08:47:54,2.0,,,,
600985.XSHG,2026-03-29,国海证券,,,1,1,2026-03-30 21:07:40,2026-03-30 18:42:33,1.0,,,,
600985.XSHG,2026-03-30,中信证券,17.0000,M06,1,1,2026-03-30 21:07:38,2026-03-30 18:30:05,1.0,17.0,,,
600985.XSHG,2026-03-30,国盛证券,,,1,1,2026-03-30 17:46:57,2026-03-30 16:33:51,1.0,,,,
600985.XSHG,2026-03-30,国海证券,,,1,1,2026-03-31 10:27:43,2026-03-31 08:32:31,1.0,,,,
600985.XSHG,2026-03-31,国泰海通证券,17.8100,M06,1,1,2026-04-01 11:07:58,2026-04-01 10:11:55,1.0,17.81,,,
600985.XSHG,2026-03-31,东方证券,18.3400,M06,2,1,2026-03-31 12:27:18,2026-03-31 11:43:41,2.0,18.34,,,
600985.XSHG,2026-04-01,国信证券,,,2,1,2026-04-02 13:08:44,2026-04-02 12:13:04,2.0,,,,
600985.XSHG,2026-04-02,方正证券,,,1,1,2026-04-03 11:49:34,2026-04-03 09:59:31,1.0,,,,
600985.XSHG,2026-04-02,国信证券,,,2,1,2026-04-02 14:29:08,2026-04-02 12:59:48,2.0,,,,
600985.XSHG,2026-04-02,申万宏源,,,1,1,2026-04-02 21:48:49,2026-04-02 18:21:00,1.0,,,,
600985.XSHG,2026-04-02,长江证券,,,1,1,2026-04-03 17:49:49,2026-04-03 16:40:47,1.0,,,,
600985.XSHG,2026-04-03,广发证券,15.8600,M06,1,1,2026-04-04 12:30:23,2026-04-04 10:05:59,1.0,15.86,,,
600985.XSHG,2026-04-03,开源证券,,,1,1,2026-04-06 12:31:02,2026-04-06 10:58:00,1.0,,,,
600985.XSHG,2026-04-04,中泰证券,,,1,1,2026-04-06 14:31:04,2026-04-06 13:10:51,1.0,,,,
600985.XSHG,2026-04-04,国联民生,,,1,1,2026-04-06 14:31:04,2026-04-06 13:13:11,1.0,,,,
600985.XSHG,2026-04-05,国海证券,,,1,1,2026-04-06 15:51:31,2026-04-06 13:47:10,1.0,,,,
600985.XSHG,2026-04-06,国泰海通证券,,,1,1,2026-04-07 17:52:24,2026-04-07 15:36:38,1.0,,,,
600985.XSHG,2026-04-06,国盛证券,,,1,1,2026-04-07 21:26:57,2026-04-07 16:59:35,1.0,,,,
600985.XSHG,2026-04-06,广发证券,15.8600,,1,1,2026-04-07 21:26:58,2026-04-07 17:20:29,1.0,,,,
600985.XSHG,2026-04-07,浙商证券,,,2,1,2026-04-08 17:53:04,2026-04-08 16:20:46,2.0,,,,
600985.XSHG,2026-04-08,广发证券,15.8600,,1,1,2026-04-08 15:53:02,2026-04-08 14:08:08,1.0,,,,
600985.XSHG,2026-04-09,山西证券,,,2,1,2026-04-09 12:33:11,2026-04-09 11:04:12,2.0,,,,
600985.XSHG,2026-04-11,中泰证券,,,1,1,2026-04-12 15:55:38,2026-04-12 13:46:06,1.0,,,,
600985.XSHG,2026-04-12,国联民生,,,1,1,2026-04-12 21:15:11,2026-04-12 16:22:11,1.0,,,,
