date,000661.XSHE
2009-04-03,0.5340482539958981
2009-04-07,0.5285092606423967
2009-04-08,0.5390473478885516
2009-04-09,0.53202772392636
2009-04-10,0.5160693504886319
2009-04-13,0.518413176293766
2009-04-14,0.5234061580079651
2009-04-15,0.5403986328766849
2009-04-16,0.5629041470499377
2009-04-17,0.573173540389219
2009-04-20,0.5619566011285212
2009-04-21,0.5660702601403768
2009-04-22,0.5781297573610554
2009-04-23,0.5734136122180793
2009-04-24,0.5659850650014999
2009-04-27,0.5830713662806682
2009-04-28,0.5745010387353053
2009-04-29,0.5530156826961807
2009-04-30,0.5365896055803195
2009-05-04,0.5023943220817652
2009-05-05,0.48920343754326656
2009-05-06,0.4805093623035003
2009-05-07,0.4937983093279556
2009-05-08,0.4918484605188001
2009-05-11,0.500512419829607
2009-05-12,0.48810925479572115
2009-05-13,0.4773604002247456
2009-05-14,0.47925613865530986
2009-05-15,0.4667018220949884
2009-05-18,0.46191904427948705
2009-05-19,0.45761203186757154
2009-05-20,0.45343957384524675
2009-05-21,0.4614967647265479
2009-05-22,0.4497963782447908
2009-05-25,0.4652897820962671
2009-05-26,0.4620894709475268
2009-05-27,0.45007860164875146
2009-06-01,0.4453328055027692
2009-06-02,0.4440007536466495
2009-06-03,0.4363442857530639
2009-06-04,0.45272860952312877
2009-06-05,0.4573397188053433
2009-06-08,0.45846476767999833
2009-06-09,0.46312992563204747
2009-06-10,0.4603321313688172
2009-06-11,0.4559020247863689
2009-06-12,0.4679755102923273
2009-06-15,0.4542608462060469
2009-06-16,0.45635001683156584
2009-06-17,0.4419554682782033
2009-06-18,0.4356575618039285
2009-06-19,0.4361711296956469
2009-06-22,0.441214487461803
2009-06-23,0.4393465505556518
2009-06-24,0.4271343024752653
2009-06-25,0.42724438999716097
2009-06-26,0.4152085098780783
2009-06-29,0.4152520431420274
2009-06-30,0.4169519039159524
2009-07-01,0.4110395894104942
2009-07-02,0.4116353731666693
2009-07-03,0.41958308734671695
2009-07-06,0.42686039779487284
2009-07-07,0.4270108028897612
2009-07-08,0.41970146995786284
2009-07-09,0.4186228339003145
2009-07-10,0.4161396506743445
2009-07-13,0.448360562787348
2009-07-14,0.46228983229613974
2009-07-15,0.4685523655067239
2009-07-16,0.47512115552798617
2009-07-17,0.4873590466956433
2009-07-20,0.4826865155521202
2009-07-21,0.4957066014174615
2009-07-22,0.4853506857286203
2009-07-23,0.4797478395054137
2009-07-24,0.525116653773498
2009-07-27,0.5190522413426616
2009-07-28,0.5248815386419905
2009-07-29,0.5413126123044987
2009-07-30,0.5468791770589498
2009-07-31,0.5261329383877957
2009-08-03,0.5235217860201649
2009-08-04,0.5375734568708628
2009-08-05,0.5463227324860189
2009-08-06,0.5467324701004442
2009-08-07,0.5440506530473883
2009-08-10,0.5354275264698296
2009-08-11,0.5193508322352933
2009-08-12,0.5195148439644137
2009-08-13,0.5110554578167801
2009-08-14,0.518360849123588
2009-08-17,0.5263258067045534
2009-08-18,0.5210854574297851
2009-08-19,0.5390764809863453
2009-08-20,0.5090204743430315
2009-08-21,0.4970940523001071
2009-08-24,0.4951455074886533
2009-08-25,0.5320236866977383
2009-08-26,0.5208667973474291
2009-08-27,0.5305726523738677
2009-08-28,0.5315613167399212
2009-08-31,0.52936200695574
2009-09-01,0.5404048275444944
2009-09-02,0.5236959061716091
2009-09-03,0.4896321609865417
2009-09-04,0.475091566872753
2009-09-07,0.4529072360429009
2009-09-08,0.4355314818334233
2009-09-09,0.43192668175516286
2009-09-10,0.4322527478017976
2009-09-11,0.4224767080217982
2009-09-14,0.41596638658442875
2009-09-15,0.4136822874077481
2009-09-16,0.41896461072985525
2009-09-17,0.41561886450576196
2009-09-18,0.42560317663226716
2009-09-21,0.43318920798898164
2009-09-22,0.43326240669733973
2009-09-23,0.4403630781395235
2009-09-24,0.4434392215504498
2009-09-25,0.4362469572863336
2009-09-28,0.4495703626894398
2009-09-29,0.4527119736228754
2009-09-30,0.43473831555415476
2009-10-09,0.408898063128185
2009-10-12,0.4070999892390408
2009-10-13,0.39307363232078935
2009-10-14,0.38557474570732325
2009-10-15,0.38088503731180773
2009-10-16,0.37817868486543754
2009-10-19,0.369318692111647
2009-10-20,0.36624245197808836
2009-10-21,0.3678081373737512
2009-10-22,0.36772683713502696
2009-10-23,0.36699293081231293
2009-10-26,0.37714549701373046
2009-10-27,0.3879243875060495
2009-10-28,0.3865477674805442
2009-10-29,0.38859361346073285
2009-10-30,0.37508323247285436
2009-11-02,0.38444946584225587
2009-11-03,0.38270373371786076
2009-11-04,0.37890605029110735
2009-11-05,0.376190774248781
2009-11-06,0.37887616705951394
2009-11-09,0.3754790132972221
2009-11-10,0.37197970132940966
2009-11-11,0.369416278286604
2009-11-12,0.36362382948350025
2009-11-13,0.3726121803614734
2009-11-16,0.366015127681477
2009-11-17,0.36205743596889234
2009-11-18,0.36556527734499694
2009-11-19,0.3669296126379125
2009-11-20,0.36840890195987674
2009-11-23,0.36712479719522867
2009-11-24,0.3774648525698125
2009-11-25,0.385385602373289
2009-11-26,0.42067167786859916
2009-11-27,0.4352588441052068
2009-11-30,0.41415918458860546
2009-12-01,0.40268364153375974
2009-12-02,0.3957477400997284
2009-12-03,0.39353923843573857
2009-12-04,0.39959677358822926
2009-12-07,0.38606852200619346
2009-12-08,0.376819323781296
2009-12-09,0.36797793925524913
2009-12-10,0.3545542594392176
2009-12-11,0.343258839403601
2009-12-14,0.34533463803748404
2009-12-15,0.3385483224838895
2009-12-16,0.33270721263323144
2009-12-17,0.3332199439075052
2009-12-18,0.34463989801610434
2009-12-21,0.3351179405362356
2009-12-22,0.34107559144901317
2009-12-23,0.32613590100109496
2009-12-24,0.31088337291309687
2009-12-25,0.3042224877542822
2009-12-28,0.2947619806024112
2009-12-29,0.29445409676948503
2009-12-30,0.3216226372621857
2009-12-31,0.3131399596053687
2010-01-04,0.31140310081955336
2010-01-05,0.32289363880542526
2010-01-06,0.32360627766651245
2010-01-07,0.3336651603978644
2010-01-08,0.3335668394228429
2010-01-11,0.3455574203859556
2010-01-12,0.34012174587119465
2010-01-13,0.3474517898653188
2010-01-14,0.3457851808531736
2010-01-15,0.3452948660559466
2010-01-18,0.37785717283790665
2010-01-19,0.4030983956952675
2010-01-20,0.42150501044716715
2010-01-21,0.4303607805358585
2010-01-22,0.4550704656301672
2010-01-25,0.4619328179874967
2010-01-26,0.4817259922056596
2010-01-27,0.4795188553958772
2010-01-28,0.4691332732275952
2010-01-29,0.45881665546811995
2010-02-01,0.49746221389391276
2010-02-02,0.4862097869790817
2010-02-03,0.5021825677403684
2010-02-04,0.49221044435554184
2010-02-05,0.5012890126183835
2010-02-08,0.49311276156651535
2010-02-09,0.47626476843464427
2010-02-10,0.45628297346283275
2010-02-11,0.43730649274322975
2010-02-12,0.4170898258498422
2010-02-22,0.41441908009790857
2010-02-23,0.4252649995810294
2010-02-24,0.41854019369092105
2010-02-25,0.4068032160731079
2010-02-26,0.40421937491703025
2010-03-01,0.40049950258095796
2010-03-02,0.40216444712178195
2010-03-03,0.40357477070210823
2010-03-04,0.42182162572599086
2010-03-05,0.4200494328692467
2010-03-08,0.40847194205692156
2010-03-09,0.4020687528290736
2010-03-10,0.3976620360271889
2010-03-11,0.3983492564673275
2010-03-12,0.39345072397199976
2010-03-15,0.4016270151696258
2010-03-16,0.39216537670992196
2010-03-17,0.37362360687172896
2010-03-18,0.36364746790024205
2010-03-19,0.3543443680566084
2010-03-22,0.35269822127046285
2010-03-23,0.3573061361191214
2010-03-24,0.362863244284848
2010-03-25,0.37757714516411295
2010-03-26,0.37684871549540977
2010-03-29,0.3773495619075067
2010-03-30,0.371364351529005
2010-03-31,0.37517473664242507
2010-04-01,0.36948974150558195
2010-04-02,0.37035507095418885
2010-04-06,0.3760951357120198
2010-04-07,0.3760897368058503
2010-04-08,0.41204341710566333
2010-04-09,0.4064485063150771
2010-04-12,0.4278243266676113
2010-04-13,0.4500609420062006
2010-04-14,0.4784912658137917
2010-04-15,0.4837013045625348
2010-04-16,0.47134454290554845
2010-04-19,0.48010347244862567
2010-04-20,0.5008855982592599
2010-04-21,0.4855346687759609
2010-04-22,0.48605636779789674
2010-04-23,0.4899675827394599
2010-04-26,0.5063360503984708
2010-04-27,0.5177941493659257
2010-04-28,0.5282925432991801
2010-04-29,0.5412130027462383
2010-04-30,0.5578727172671201
2010-05-04,0.5505910764174833
2010-05-05,0.5278411095990941
2010-05-06,0.517976942375349
2010-05-07,0.5332899366775671
2010-05-10,0.5530892196450172
2010-05-11,0.5473937954232652
2010-05-12,0.5577491533834095
2010-05-13,0.5306381050745361
2010-05-14,0.5056464643923051
2010-05-17,0.5084902050202135
2010-05-18,0.5025129272607599
2010-05-19,0.48371036370323467
2010-05-20,0.4789182330194
2010-05-21,0.4617527975728453
2010-05-24,0.43915678846940354
2010-05-25,0.4255740681863528
2010-05-26,0.41198493517148677
2010-05-27,0.395217260511261
2010-05-28,0.3870249945430377
2010-05-31,0.3899272145684647
2010-06-01,0.3994112886686338
2010-06-02,0.38553774430434
2010-06-03,0.3758126701277559
2010-06-04,0.36789589646183357
2010-06-07,0.3842696556526096
2010-06-08,0.3765209393396551
2010-06-09,0.36466944072073365
2010-06-10,0.3598835787449079
2010-06-11,0.35666078695453896
2010-06-17,0.3611169060455043
2010-06-18,0.3691100912618549
2010-06-21,0.366779947941374
2010-06-22,0.3582629308398752
2010-06-23,0.3512740903288102
2010-06-24,0.3394628446601665
2010-06-25,0.34038259879997096
2010-06-28,0.34626865423067443
2010-06-29,0.3557897483963599
2010-06-30,0.3829806301388091
2010-07-01,0.3897088227707117
2010-07-02,0.39029842108827295
2010-07-05,0.38946086129853197
2010-07-06,0.3825672606560177
2010-07-07,0.3709974441059004
2010-07-08,0.3691824850516565
2010-07-09,0.3594445448092983
2010-07-12,0.3520912418843674
2010-07-13,0.35679961726039844
2010-07-14,0.3508881925796977
2010-07-15,0.3453317294425309
2010-07-16,0.34285317526488135
2010-07-19,0.33371696546022667
2010-07-20,0.32754707903594166
2010-07-21,0.32063269313784254
2010-07-22,0.30943326466054605
2010-07-23,0.3071338298620955
2010-07-26,0.3032806180289258
2010-07-27,0.3021965068692632
2010-07-28,0.2951449232665376
2010-07-29,0.2976069387824818
2010-07-30,0.2991566339556246
2010-08-02,0.29525012504604004
2010-08-03,0.29520134815767635
2010-08-04,0.29705198424404544
2010-08-05,0.2977548582633538
2010-08-06,0.2933519902134794
2010-08-09,0.29193684976839807
2010-08-10,0.2974473859978192
2010-08-11,0.2971172108654905
2010-08-12,0.3042972309554131
2010-08-13,0.29927900635228805
2010-08-16,0.29461063185725744
2010-08-17,0.2934166590855501
2010-08-18,0.2966214654634651
2010-08-19,0.2962655007491619
2010-08-20,0.3074047281394853
2010-08-23,0.31093088912829764
2010-08-24,0.31986014038862426
2010-08-25,0.3240100594045892
2010-08-26,0.3317282305664947
2010-08-27,0.32912605429080327
2010-08-30,0.3241847999154661
2010-08-31,0.3314093479365175
2010-09-01,0.35029641723492916
2010-09-02,0.35310382476750246
2010-09-03,0.3587083140396791
2010-09-06,0.3642722423168463
2010-09-07,0.35693538232227773
2010-09-08,0.35051844721954883
2010-09-09,0.3536544685255642
2010-09-10,0.35337281160526945
2010-09-13,0.3454935697951175
2010-09-14,0.34352056438047407
2010-09-15,0.3526625981158172
2010-09-16,0.35902329381593734
2010-09-17,0.35391932055925396
2010-09-20,0.3594934095044132
2010-09-21,0.3573128535137614
2010-09-27,0.34852760580695985
2010-09-28,0.34931974398608573
2010-09-29,0.34786641328536855
2010-09-30,0.3432740149725923
2010-10-08,0.3347336317432357
2010-10-11,0.3609347856192526
2010-10-12,0.36197102884364923
2010-10-13,0.3682898279279663
2010-10-14,0.392203084579345
2010-10-15,0.403546276570586
2010-10-18,0.4315483483456128
2010-10-19,0.43851270496208716
2010-10-20,0.44584731889190277
2010-10-21,0.44266003169484486
2010-10-22,0.43203866762899273
2010-10-25,0.4220389193823713
2010-10-26,0.4217220787842523
2010-10-27,0.4219214222421863
2010-10-28,0.42075376789532204
2010-10-29,0.45808884421599644
2010-11-01,0.4551641347407245
2010-11-02,0.46893358590873047
2010-11-03,0.5116186246482219
2010-11-04,0.4962928125327268
2010-11-05,0.4874345516051942
2010-11-08,0.48096917809600304
2010-11-09,0.47861983739018543
2010-11-10,0.47724899676523486
2010-11-11,0.46634823527212965
2010-11-12,0.47089213868466084
2010-11-15,0.48579506207515927
2010-11-16,0.5035321404626344
2010-11-17,0.5047782730949402
2010-11-18,0.48367548401501465
2010-11-19,0.46955735119343806
2010-11-22,0.4592458949382943
2010-11-23,0.47472089760954295
2010-11-24,0.4733999260440924
2010-11-25,0.46201400731214115
2010-11-26,0.4504507296875165
2010-11-29,0.44040104241113626
2010-11-30,0.44582025578147083
2010-12-01,0.4378581174122687
2010-12-02,0.4495219434447003
2010-12-03,0.4410897123012122
2010-12-06,0.4373414508402012
2010-12-07,0.4244445951213068
2010-12-08,0.41120643381290295
2010-12-09,0.40863543993718915
2010-12-10,0.38555278693042166
2010-12-13,0.37121310549265285
2010-12-14,0.36417693154498937
2010-12-15,0.35767626772155453
2010-12-16,0.34926502066425374
2010-12-17,0.3415734716403505
2010-12-20,0.3551808555173976
2010-12-21,0.35057002259494857
2010-12-22,0.34622217402488803
2010-12-23,0.34354676929635203
2010-12-24,0.34522949589736796
2010-12-27,0.3471803149219773
2010-12-28,0.3629408821523622
2010-12-29,0.3512174551947602
2010-12-30,0.34575893651718553
2010-12-31,0.33287935007706787
2011-01-04,0.33888805934855226
2011-01-05,0.3395824622670437
2011-01-06,0.34098335000956176
2011-01-07,0.34615900328877774
2011-01-10,0.3497038822514246
2011-01-11,0.35692956180910185
2011-01-12,0.34818391671115007
2011-01-13,0.34059144107426353
2011-01-14,0.3441812126133257
2011-01-17,0.36148255113004174
2011-01-18,0.3548867747983593
2011-01-19,0.34800666525963064
2011-01-20,0.35696514694149173
2011-01-21,0.3549311752204374
2011-01-24,0.37333265375580366
2011-01-25,0.3877786518094255
2011-01-26,0.3683075325266798
2011-01-27,0.3554331049450943
2011-01-28,0.34101428641344866
2011-01-31,0.33591095788698505
2011-02-01,0.32847570164532247
2011-02-09,0.3354309678682954
2011-02-10,0.3327497450631219
2011-02-11,0.32670783968572054
2011-02-14,0.3213341350274091
2011-02-15,0.314752491736329
2011-02-16,0.31140363519478703
2011-02-17,0.3129928779023963
2011-02-18,0.3159353892584883
2011-02-21,0.3147614834762221
2011-02-22,0.3219250649376004
2011-02-23,0.3217718037083436
2011-02-24,0.3217873046496548
2011-02-25,0.3197226501742674
2011-02-28,0.31654575731414303
2011-03-01,0.31557183264898114
2011-03-02,0.3264144356217881
2011-03-03,0.32733812094209946
2011-03-04,0.3210209546047535
2011-03-07,0.31342787005099454
2011-03-08,0.3076680134492283
2011-03-09,0.3126289342193702
2011-03-10,0.3215191759149852
2011-03-11,0.32165542368193106
2011-03-14,0.3278489894127712
2011-03-15,0.3405838746174169
2011-03-16,0.33342333404036345
2011-03-17,0.33710009298276605
2011-03-18,0.3291036329133889
2011-03-21,0.3302981880564045
2011-03-22,0.3255435127046246
2011-03-23,0.3151917148886294
2011-03-24,0.30832424781482737
2011-03-25,0.3061743338722932
2011-03-28,0.3192858769304471
2011-03-29,0.3337774727817686
2011-03-30,0.34416335547314625
2011-03-31,0.3471910406343076
2011-04-01,0.3367497259489668
2011-04-06,0.33795144391572607
2011-04-07,0.3306440789522365
2011-04-08,0.32282114476042684
2011-04-11,0.3223627318478631
2011-04-12,0.32016127375369413
2011-04-13,0.310819787389444
2011-04-14,0.3110607744973105
2011-04-15,0.312813784187496
2011-04-18,0.3174818667181364
2011-04-19,0.3286075347051414
2011-04-20,0.3338220938357591
2011-04-21,0.33070452633996533
2011-04-22,0.32863713652616416
2011-04-25,0.3426492077891835
2011-04-26,0.353764192250817
2011-04-27,0.3510237618030371
2011-04-28,0.3551408382185608
2011-04-29,0.3439001935401966
2011-05-03,0.33567255227445214
2011-05-04,0.32765932802990877
2011-05-05,0.3156569683786284
2011-05-06,0.3062258470548259
2011-05-09,0.2976879192939566
2011-05-10,0.2876111031804083
2011-05-11,0.2815927691150169
2011-05-12,0.28027983368065046
2011-05-13,0.2780145980276479
2011-05-16,0.29157617052083434
2011-05-17,0.29688862594433924
2011-05-18,0.29577792720537965
2011-05-19,0.2898387941015779
2011-05-20,0.2892838661732975
2011-05-23,0.30068639417948945
2011-05-24,0.3157165442574096
2011-05-25,0.3155695068349893
2011-05-26,0.31755183645082574
2011-05-27,0.3329824714440346
2011-05-30,0.3459137945092705
2011-05-31,0.32645391992858136
2011-06-01,0.31385039779603474
2011-06-02,0.31113258162925317
2011-06-03,0.297686694961713
2011-06-07,0.2866612259372028
2011-06-08,0.2796706934804866
2011-06-09,0.2783470176321184
2011-06-10,0.27743156361350124
2011-06-13,0.2744069957074859
2011-06-14,0.26567878309276594
2011-06-15,0.258168316382386
2011-06-16,0.26163023553214176
2011-06-17,0.26156395647250186
2011-06-20,0.2726843165593426
2011-06-21,0.26363045427656406
2011-06-22,0.2573366588725796
2011-06-23,0.25196442616190523
2011-06-24,0.24977946480815638
2011-06-27,0.24620679293568967
2011-06-28,0.24116358039244434
2011-06-29,0.24062067437112278
2011-06-30,0.2323834331684362
2011-07-01,0.22969219284089454
2011-07-04,0.22597018940750438
2011-07-05,0.2245989986631946
2011-07-06,0.22516458141767048
2011-07-07,0.2290926116868004
2011-07-08,0.22933348681737264
2011-07-11,0.24012132152324195
2011-07-12,0.24397873045031596
2011-07-13,0.23769533716830799
2011-07-14,0.24237883366513793
2011-07-15,0.2464656542419611
2011-07-18,0.2527700678883708
2011-07-19,0.2524565777112352
2011-07-20,0.25039609768640375
2011-07-21,0.25012116827478265
2011-07-22,0.24655128073920776
2011-07-25,0.25634487811242584
2011-07-26,0.2566389373930565
2011-07-27,0.2508897988135842
2011-07-28,0.25986923391438077
2011-07-29,0.25856552701918656
2011-08-01,0.25475615457272105
2011-08-02,0.2594300218148284
2011-08-03,0.2612330957692203
2011-08-04,0.25625402202587566
2011-08-05,0.25829337005421255
2011-08-08,0.2837025048809246
2011-08-09,0.2828387486648118
2011-08-10,0.2746708127038676
2011-08-11,0.26986745127916306
2011-08-12,0.2655716493485936
2011-08-15,0.2619399092888824
2011-08-16,0.25636630375264674
2011-08-17,0.24978521269743936
2011-08-18,0.24818132794116163
2011-08-19,0.24728288246422292
2011-08-22,0.2465259446155221
2011-08-23,0.2431874019119162
2011-08-24,0.24134228542781538
2011-08-25,0.2350333352586809
2011-08-26,0.22968351125708905
2011-08-29,0.2289482451757857
2011-08-30,0.224819259057952
2011-08-31,0.22720326579750422
2011-09-01,0.22490392736730472
2011-09-02,0.22281001677641882
2011-09-05,0.2255808141249787
2011-09-06,0.22334324464804797
2011-09-07,0.2142980941486967
2011-09-08,0.2113865670619649
2011-09-09,0.20988819131002348
2011-09-13,0.21266688365268163
2011-09-14,0.20626886844623626
2011-09-15,0.20060932503615647
2011-09-16,0.19686467039298347
2011-09-19,0.2015638924504393
2011-09-20,0.19702210394454736
2011-09-21,0.19044645150294556
2011-09-22,0.1927246833198623
2011-09-23,0.19611763894548323
2011-09-26,0.20145764269494304
2011-09-27,0.19871957099948606
2011-09-28,0.20288212280447152
2011-09-29,0.21415526978268198
2011-09-30,0.21878489083342756
2011-10-10,0.22264539276005377
2011-10-11,0.22223066016706322
2011-10-12,0.21496961921196583
2011-10-13,0.21323367151267356
2011-10-14,0.20941768076952377
2011-10-17,0.20770971582463052
2011-10-18,0.21177724157013875
2011-10-19,0.21347458683045845
2011-10-20,0.23400004605823102
2011-10-21,0.23971265237556894
2011-10-24,0.23989747307944617
2011-10-25,0.23444084129656
2011-10-26,0.23261545685713983
2011-10-27,0.22968062671326592
2011-10-28,0.22084330940258856
2011-10-31,0.21922680835064576
2011-11-01,0.21958902961839138
2011-11-02,0.21985897208757157
2011-11-03,0.22650256850918554
2011-11-04,0.2214768993129514
2011-11-07,0.23006945911514362
2011-11-08,0.22851359990911643
2011-11-09,0.2188547822407432
2011-11-10,0.22177664891036045
2011-11-11,0.21857647456076082
2011-11-14,0.21252418801031903
2011-11-15,0.21069394486948004
2011-11-16,0.20829237418626279
2011-11-17,0.22498952186738688
2011-11-18,0.23029072521916738
2011-11-21,0.24023200241406958
2011-11-22,0.2372861016702429
2011-11-23,0.23295074319838063
2011-11-24,0.23705331926234904
2011-11-25,0.2377716056003341
2011-11-28,0.23864678960395674
2011-11-29,0.23507342708842296
2011-11-30,0.2455450043619392
2011-12-01,0.2475275110415646
2011-12-02,0.2568634853663511
2011-12-05,0.2819264489052425
2011-12-06,0.275700918655511
2011-12-07,0.2642608654612716
2011-12-08,0.26136874367404866
2011-12-09,0.25560108288771205
2011-12-12,0.2824703839417201
2011-12-13,0.2980674497169825
2011-12-14,0.30123967467561524
2011-12-15,0.3181557570981276
2011-12-16,0.32368475026987953
2011-12-19,0.3229782614241149
2011-12-20,0.3232592387671376
2011-12-21,0.32116967461915996
2011-12-22,0.3346329666038518
2011-12-23,0.3254160910549121
2011-12-26,0.32008007734664706
2011-12-27,0.32123916198109237
2011-12-28,0.3370896063855935
2011-12-29,0.3289335327799691
2011-12-30,0.3170740163694888
2012-01-04,0.32156410694076765
2012-01-05,0.3362004474743872
2012-01-06,0.34043954482029654
2012-01-09,0.3226030342326009
2012-01-10,0.3133256606269823
2012-01-11,0.3052599095717286
2012-01-12,0.29428353451386763
2012-01-13,0.2999515668144874
2012-01-16,0.3195685465619384
2012-01-17,0.3089165431803878
2012-01-18,0.3211316241415319
2012-01-19,0.31701805903346875
2012-01-20,0.3201249535891262
2012-01-30,0.30843160760099547
2012-01-31,0.30529350938017696
2012-02-01,0.2957098121754845
2012-02-02,0.27983821526117075
2012-02-03,0.27159503997145806
2012-02-06,0.2698626928521841
2012-02-07,0.2665248376174776
2012-02-08,0.25535937609515674
2012-02-09,0.25092276193282914
2012-02-10,0.24632325292564938
2012-02-13,0.2507471361026895
2012-02-14,0.24954660313714527
2012-02-15,0.24457787495796532
2012-02-16,0.2562661808819579
2012-02-17,0.2559307848014104
2012-02-20,0.25330463115929325
2012-02-21,0.2519353781921949
2012-02-22,0.2519779683814989
2012-02-23,0.2573468965702182
2012-02-24,0.25615284775396824
2012-02-27,0.25574353697186314
2012-02-28,0.267651730821749
2012-02-29,0.2671939191741714
2012-03-01,0.26079101407198213
2012-03-02,0.25170902061300426
2012-03-05,0.2577748578053505
2012-03-06,0.26583595780012714
2012-03-07,0.26599188878233254
2012-03-08,0.2595662997686026
2012-03-09,0.2559362637594605
2012-03-12,0.2571924448343286
2012-03-13,0.25625667900013915
2012-03-14,0.26894152566391594
2012-03-15,0.2830551045107706
2012-03-16,0.28304351043142345
2012-03-19,0.2809573392892619
2012-03-20,0.2794842796087302
2012-03-21,0.2818924891102998
2012-03-22,0.2769873273179312
2012-03-23,0.2736979616108161
2012-03-26,0.2728037561519766
2012-03-27,0.26825341447988654
2012-03-28,0.2759962273050936
2012-03-29,0.2849067540000757
2012-03-30,0.2901205959070347
2012-04-05,0.2816546514121762
2012-04-06,0.2808013112796022
2012-04-09,0.2827313506317903
2012-04-10,0.28203702485172627
2012-04-11,0.27742863562659736
2012-04-12,0.2730444323834733
2012-04-13,0.2936099375144129
2012-04-16,0.2978534546753024
2012-04-17,0.29885462531431944
2012-04-18,0.28872529220205084
2012-04-19,0.2849291833776976
2012-04-20,0.28112625852996936
2012-04-23,0.30518438333688497
2012-04-24,0.3169987706125594
2012-04-25,0.31467755098428934
2012-04-26,0.3119562936393479
2012-04-27,0.3080438593085426
2012-05-02,0.30522880035400346
2012-05-03,0.2977200349863677
2012-05-04,0.2879928158511611
2012-05-07,0.28040430872256805
2012-05-08,0.27199671060793484
2012-05-09,0.26650820557406046
2012-05-10,0.2579129011167264
2012-05-11,0.2534114914145471
2012-05-14,0.24927111906582328
2012-05-15,0.2485818177234663
2012-05-16,0.24339619297643794
2012-05-17,0.25693895111536524
2012-05-18,0.26503195146820696
2012-05-21,0.26760750481262663
2012-05-22,0.2559446232125621
2012-05-23,0.27208628915000604
2012-05-24,0.2693311260666733
2012-05-25,0.2752979095425371
2012-05-28,0.27874035717858514
2012-05-29,0.27625469181835705
2012-05-30,0.2707472274572681
2012-05-31,0.2674336921900245
2012-06-01,0.2617100281903762
2012-06-04,0.2646474365164868
2012-06-05,0.26437051085848906
2012-06-06,0.2623683364319104
2012-06-07,0.25722680243820545
2012-06-08,0.257899924221319
2012-06-11,0.2540116067606583
2012-06-12,0.2538702150664831
2012-06-13,0.25562832818518344
2012-06-14,0.2556078816028784
2012-06-15,0.2554874590902117
2012-06-18,0.2517129249785182
2012-06-19,0.25019010730257507
2012-06-20,0.24994337159096353
2012-06-21,0.2526805489089695
2012-06-25,0.26710524177468126
2012-06-26,0.27568369616421234
2012-06-27,0.27829604171749095
2012-06-28,0.28445972342292863
2012-06-29,0.2811862394547548
2012-07-02,0.2815245699544738
2012-07-03,0.27972850451157666
2012-07-04,0.2830917008103791
2012-07-05,0.28701022695236117
2012-07-06,0.283184119795979
2012-07-09,0.2999574815672159
2012-07-10,0.3351766485772566
2012-07-11,0.3358249334070636
2012-07-12,0.33657321867137785
2012-07-13,0.33957894904431096
2012-07-16,0.35482119784870286
2012-07-17,0.3492817132304803
2012-07-18,0.34258921512032137
2012-07-19,0.35253642840993044
2012-07-20,0.3480143213974715
2012-07-23,0.36150041828053014
2012-07-24,0.34833324825345474
2012-07-25,0.3403143865896601
2012-07-26,0.3337937679154571
2012-07-27,0.33147487765029915
2012-07-30,0.36134740761720235
2012-07-31,0.37089365934063606
2012-08-01,0.35772939340000176
2012-08-02,0.35277217724705195
2012-08-03,0.3489564554891023
2012-08-06,0.3431420577751613
2012-08-07,0.33365959796577305
2012-08-08,0.3300257531367653
2012-08-09,0.32217942054810267
2012-08-10,0.33240382700991705
2012-08-13,0.33530618195274514
2012-08-14,0.3436089828476446
2012-08-15,0.3370756870216307
2012-08-16,0.3326669514805179
2012-08-17,0.32518572828418746
2012-08-20,0.3209824392692735
2012-08-21,0.312417874753824
2012-08-22,0.31548056029150795
2012-08-23,0.31696872425815664
2012-08-24,0.32302952182927985
2012-08-27,0.33625461907781956
2012-08-28,0.33365669083124777
2012-08-29,0.3323476803239649
2012-08-30,0.34646252445217623
2012-08-31,0.3381783861926596
2012-09-03,0.32577157208867197
2012-09-04,0.31614560524380375
2012-09-05,0.31819409606780313
2012-09-06,0.3317819538970756
2012-09-07,0.3300474526551377
2012-09-10,0.3379118576388669
2012-09-11,0.33549849396721804
2012-09-12,0.3288410939289081
2012-09-13,0.32507449891172874
2012-09-14,0.32016371075088884
2012-09-17,0.32073042526490414
2012-09-18,0.3145091777582923
2012-09-19,0.3081184914262153
2012-09-20,0.3114781832474807
2012-09-21,0.3156694240671441
2012-09-24,0.3124096819039539
2012-09-25,0.31016163225630095
2012-09-26,0.31149544613551117
2012-09-27,0.30046168550152724
2012-09-28,0.291314113485794
2012-10-08,0.289892744815588
2012-10-09,0.2845592833135696
2012-10-10,0.2841403497919182
2012-10-11,0.3408533999710513
2012-10-12,0.35477877087857074
2012-10-15,0.3638153238335871
2012-10-16,0.35620338051491324
2012-10-17,0.3473718660635349
2012-10-18,0.33758888862254266
2012-10-19,0.33839023912760907
2012-10-22,0.3465161753127711
2012-10-23,0.33908466739633514
2012-10-24,0.3433637687651183
2012-10-25,0.35154474166353056
2012-10-26,0.36058122913024804
2012-10-29,0.36414088293506663
2012-10-30,0.36478186270358187
2012-10-31,0.36184436911637746
2012-11-01,0.34546833753102857
2012-11-02,0.33511413843658094
2012-11-05,0.34481884634856563
2012-11-06,0.34407828411823677
2012-11-07,0.3386741238398223
2012-11-08,0.34083757960561456
2012-11-09,0.34079692157059605
2012-11-12,0.3399285629620963
2012-11-13,0.34365764609613425
2012-11-14,0.3441165325632706
2012-11-15,0.34321797273015303
2012-11-16,0.34680389785195576
2012-11-19,0.3407942017821053
2012-11-20,0.33400025823628327
2012-11-21,0.32300896485069786
2012-11-22,0.31795438913142016
2012-11-23,0.30950538247389775
2012-11-26,0.3105858938447691
2012-11-27,0.326126865823848
2012-11-28,0.33940172018410636
2012-11-29,0.34250269986293574
2012-11-30,0.3326220979506279
2012-12-03,0.3489706911169886
2012-12-04,0.3560513210950987
2012-12-05,0.34675848038972185
2012-12-06,0.34028343631107666
2012-12-07,0.3317390377983744
2012-12-10,0.32951588663715087
2012-12-11,0.33146588206505206
2012-12-12,0.32587265210534877
2012-12-13,0.32537352807957515
2012-12-14,0.317817550901276
2012-12-17,0.32874628373551207
2012-12-18,0.3294754057177778
2012-12-19,0.32708700723538414
2012-12-20,0.3335515568358192
2012-12-21,0.34263069520724426
2012-12-24,0.3480054781262885
2012-12-25,0.3364765666876813
2012-12-26,0.34061773393485895
2012-12-27,0.35282927843886486
2012-12-28,0.348552499713199
2012-12-31,0.34876969533588803
2013-01-04,0.37326648003760543
2013-01-07,0.3777531612700736
2013-01-08,0.37760314970932934
2013-01-09,0.3767943454012418
2013-01-10,0.3693187314121489
2013-01-11,0.3669467607564273
2013-01-14,0.35865536040178636
2013-01-15,0.35856922969820165
2013-01-16,0.3650886693133317
2013-01-17,0.3637276106682304
2013-01-18,0.3929843254262403
2013-01-21,0.40121746542273756
2013-01-22,0.4016026685604474
2013-01-23,0.4023270652043659
2013-01-24,0.4016172690852241
2013-01-25,0.3997978874985409
2013-01-28,0.4142397531488454
2013-01-29,0.4079626074086277
2013-01-30,0.40861766471178324
2013-01-31,0.4128286956309581
2013-02-01,0.41111154518015697
2013-02-04,0.4202139776099178
2013-02-05,0.4273917421362506
2013-02-06,0.4533408648072419
2013-02-07,0.44809783467054587
2013-02-08,0.44622918074240087
2013-02-18,0.4519451131354298
2013-02-19,0.4493884445907136
2013-02-20,0.4377643465346574
2013-02-21,0.4436747133127551
2013-02-22,0.44345831141009623
2013-02-25,0.4371175254609261
2013-02-26,0.43532775158853626
2013-02-27,0.4340024368126839
2013-02-28,0.42020153672018373
2013-03-01,0.4145137599547159
2013-03-04,0.43768342514535963
2013-03-05,0.43300342036989276
2013-03-06,0.43198483765350343
2013-03-07,0.43829756150122184
2013-03-08,0.4345210256131902
2013-03-11,0.4313180835063523
2013-03-12,0.433406238877358
2013-03-13,0.43070348141558623
2013-03-14,0.4116965574243578
2013-03-15,0.4179879996355237
2013-03-18,0.41798573807080036
2013-03-19,0.41537566240132323
2013-03-20,0.396557376527562
2013-03-21,0.38395889415901585
2013-03-22,0.37581643033624745
2013-03-25,0.3747988390761656
2013-03-26,0.3787629888998487
2013-03-27,0.37431338935458147
2013-03-28,0.3837941246672376
2013-03-29,0.38454414809655874
2013-04-01,0.38721710945591536
2013-04-02,0.39589730104280224
2013-04-03,0.40224676734747716
2013-04-08,0.4104382712677877
2013-04-09,0.3977151690515625
2013-04-10,0.3868291704433294
2013-04-11,0.373494330821663
2013-04-12,0.36557821641667215
2013-04-15,0.3760607757065173
2013-04-16,0.3846130749526666
2013-04-17,0.372968461480831
2013-04-18,0.3659310596269973
2013-04-19,0.35521404847809074
2013-04-22,0.38421875324405097
2013-04-23,0.4127685387602761
2013-04-24,0.4196230228313297
2013-04-25,0.43221895547888745
2013-04-26,0.4404800087455456
2013-05-02,0.45376160548691313
2013-05-03,0.4369888061774765
2013-05-06,0.4275701478582857
2013-05-07,0.4198404656915047
2013-05-08,0.4139377710077966
2013-05-09,0.424432871252554
2013-05-10,0.43382156338686406
2013-05-13,0.4327460709578208
2013-05-14,0.4320555729029815
2013-05-15,0.4230492741274686
2013-05-16,0.41273572149592475
2013-05-17,0.418068627245874
2013-05-20,0.4104074620646073
2013-05-21,0.40766501124160853
2013-05-22,0.41203119096887725
2013-05-23,0.40914901078249605
2013-05-24,0.40352580535636245
2013-05-27,0.4022880567855794
2013-05-28,0.406420832578435
2013-05-29,0.3959293256205965
2013-05-30,0.39757971497053435
2013-05-31,0.4094595608413585
2013-06-03,0.4137390056817136
2013-06-04,0.4207166189758555
2013-06-05,0.41281654329197004
2013-06-06,0.40822100469517886
2013-06-07,0.4134770803706985
2013-06-13,0.4353948741385039
2013-06-14,0.42092258170319347
2013-06-17,0.4236169460697584
2013-06-18,0.41252411669529065
2013-06-19,0.4084944028124157
2013-06-20,0.4051402494749466
2013-06-21,0.4111440638921175
2013-06-24,0.4274663763009048
2013-06-25,0.44447768100626694
2013-06-26,0.439985760233911
2013-06-27,0.5084466401706657
2013-06-28,0.5095204201979789
2013-07-01,0.5108507505896496
2013-07-02,0.5002621121871623
2013-07-03,0.49928307148792994
2013-07-04,0.49252697671513496
2013-07-05,0.4869012018629432
2013-07-08,0.5077222227441732
2013-07-09,0.5113808593795767
2013-07-10,0.5060804082859591
2013-07-11,0.49193333608473694
2013-07-12,0.510275356269087
2013-07-15,0.4999982677246852
2013-07-16,0.49177571820007887
2013-07-17,0.4954997419841303
2013-07-18,0.5012450927742396
2013-07-19,0.5132894431989693
2013-07-22,0.5112140900341638
2013-07-23,0.4996258330867844
2013-07-24,0.49778932278951127
2013-07-25,0.5038874993491995
2013-07-26,0.5042547552390741
2013-07-29,0.5065450850049807
2013-07-30,0.5016263928427004
2013-07-31,0.48899562067536834
2013-08-01,0.46914741639909197
2013-08-02,0.46846475278628064
2013-08-05,0.4628258109301813
2013-08-06,0.4558882866502292
2013-08-07,0.45910914886581616
2013-08-08,0.45030386095616676
2013-08-09,0.4458069434433186
2013-08-12,0.4403827632720243
2013-08-13,0.4214875509988016
2013-08-14,0.4162974597801881
2013-08-15,0.41619974320909114
2013-08-16,0.41756173840144506
2013-08-19,0.4116648835986682
2013-08-20,0.4102610868785513
2013-08-21,0.4074795413812445
2013-08-22,0.4048699924775609
2013-08-23,0.4149136660267528
2013-08-26,0.41070384491241707
2013-08-27,0.41128632252752567
2013-08-28,0.4328784748501073
2013-08-29,0.43799724031716253
2013-08-30,0.4783919438394328
2013-09-02,0.48998662871482085
2013-09-03,0.47597328840801945
2013-09-04,0.46681241260926526
2013-09-05,0.4607504192338756
2013-09-06,0.45091058039086535
2013-09-09,0.4449084252883322
2013-09-10,0.4517835597357439
2013-09-11,0.46407053903170514
2013-09-12,0.45532363656268077
2013-09-13,0.4514263214118028
2013-09-16,0.4496558503708574
2013-09-17,0.44565544229599335
2013-09-18,0.4325969661210157
2013-09-23,0.4236667056514864
2013-09-24,0.43393271933554506
2013-09-25,0.43517877494421353
2013-09-26,0.4412766530011458
2013-09-27,0.43618055223893215
2013-09-30,0.42273941649806407
2013-10-08,0.41618186076146657
2013-10-09,0.42210605487101727
2013-10-10,0.43019702283198685
2013-10-11,0.4268685048291055
2013-10-14,0.43762740255901345
2013-10-15,0.44617662962754073
2013-10-16,0.44741613413468256
2013-10-17,0.4428823781747239
2013-10-18,0.4388135404554709
2013-10-21,0.4424629160536974
2013-10-22,0.44649149735715804
2013-10-23,0.45355635978390363
2013-10-24,0.45089657961521673
2013-10-25,0.4463313057673917
2013-10-28,0.44965481252032496
2013-10-29,0.45841499578087597
2013-10-30,0.4531344079735277
2013-10-31,0.4496605040434148
2013-11-01,0.4441365744359239
2013-11-04,0.4474491066784142
2013-11-05,0.4278828593173072
2013-11-06,0.4165715950804058
2013-11-07,0.4104391969226634
2013-11-08,0.40926555289793426
2013-11-11,0.4074446015394685
2013-11-12,0.39683389126536817
2013-11-13,0.39091675226894457
2013-11-14,0.386926303581405
2013-11-15,0.37475763842176557
2013-11-18,0.3661871586000326
2013-11-19,0.36344051643401515
2013-11-20,0.3560712012870887
2013-11-21,0.35716338140499
2013-11-22,0.35546718644265657
2013-11-25,0.35931047315084486
2013-11-26,0.3592341913150037
2013-11-27,0.3539955567287158
2013-11-28,0.35091623277571143
2013-11-29,0.3608737737178234
2013-12-02,0.38555174830106453
2013-12-03,0.3959219645238837
2013-12-04,0.3915780727192155
2013-12-05,0.38965330274008286
2013-12-06,0.3796283774200113
2013-12-09,0.37063845360556985
2013-12-10,0.36777700581874867
2013-12-11,0.3603237129066804
2013-12-12,0.3522782717881723
2013-12-13,0.34745763192265566
2013-12-16,0.3516953735734798
2013-12-17,0.3490116000101816
2013-12-18,0.3443426184382686
2013-12-19,0.33708589637733405
2013-12-20,0.33360422629243286
2013-12-23,0.3440141356570933
2013-12-24,0.34137747515819894
2013-12-25,0.3364159500316385
2013-12-26,0.3406488611807022
2013-12-27,0.3318532452506192
2013-12-30,0.33337104101613796
2013-12-31,0.3255676904618082
2014-01-02,0.33498821536472256
2014-01-03,0.3385308074736953
2014-01-06,0.3435753884491644
2014-01-07,0.3405538233205943
2014-01-08,0.3376782587965247
2014-01-09,0.34060005989516023
2014-01-10,0.3491947426973506
2014-01-13,0.3522700534500746
2014-01-14,0.34115927055622663
2014-01-15,0.3705011597118475
2014-01-16,0.36541315657646034
2014-01-17,0.36112090326595997
2014-01-20,0.37389382779290325
2014-01-21,0.3637460555327717
2014-01-22,0.3561601206074648
2014-01-23,0.35195290813003766
2014-01-24,0.3533323798023751
2014-01-27,0.3622182021810729
2014-01-28,0.36181222376654115
2014-01-29,0.3607745533763214
2014-01-30,0.36237980152298865
2014-02-07,0.3604609749267579
2014-02-10,0.3595760848209643
2014-02-11,0.3619956077748155
2014-02-12,0.3773026890477466
2014-02-13,0.3927988640537949
2014-02-14,0.3908765658043411
2014-02-17,0.3913354469012846
2014-02-18,0.3967978074402927
2014-02-19,0.39822899093956915
2014-02-20,0.39700996892839735
2014-02-21,0.3916085154245495
2014-02-24,0.40279588244652764
2014-02-25,0.40851926936560085
2014-02-26,0.40734020200876914
2014-02-27,0.4093611616030623
2014-02-28,0.4029830311282605
2014-03-03,0.3966520463146457
2014-03-04,0.38592195871310336
2014-03-05,0.3759847157054127
2014-03-06,0.37215491011220114
2014-03-07,0.3698760323328636
2014-03-10,0.375050975176067
2014-03-11,0.3712260563363695
2014-03-12,0.3669741966532215
2014-03-13,0.35523150672439335
2014-03-14,0.36523265841407426
2014-03-17,0.3530457294369131
2014-03-18,0.3495115332517662
2014-03-19,0.35809027316425474
2014-03-20,0.35844676004064
2014-03-21,0.35474907480352097
2014-03-24,0.3575561678159258
2014-03-25,0.35752510245808644
2014-03-26,0.34778705352015354
2014-03-27,0.3461379459772281
2014-03-28,0.39056472975886186
2014-03-31,0.3951025679488509
2014-04-01,0.4092326476032901
2014-04-02,0.3975654517419414
2014-04-03,0.38499203474151733
2014-04-04,0.3699982996313108
2014-04-08,0.36052817075700916
2014-04-09,0.3496876364490584
2014-04-10,0.35326516375676253
2014-04-11,0.3543859865475723
2014-04-14,0.3530933321926005
2014-04-15,0.349675398406207
2014-04-16,0.34869542135485393
2014-04-17,0.342597405875173
2014-04-18,0.3348130762054647
2014-04-21,0.3419515844867222
2014-04-22,0.3491199159436603
2014-04-23,0.34695859275813923
2014-04-24,0.3510621244716205
2014-04-25,0.36099971903385475
2014-04-28,0.3937219047082436
2014-04-29,0.38888805910909735
2014-04-30,0.38242967712728954
2014-05-05,0.3770599865392976
2014-05-06,0.36363464651175337
2014-05-07,0.36482647725873274
2014-05-08,0.3541216439534479
2014-05-09,0.35362047134564556
2014-05-12,0.3494621160026786
2014-05-13,0.3428925339244356
2014-05-14,0.33389810052376995
2014-05-15,0.3313632320166081
2014-05-16,0.32931025557317767
2014-05-19,0.3273221569990659
2014-05-20,0.3177193472584583
2014-05-21,0.305134999458595
2014-05-22,0.29641793822193135
2014-05-23,0.2886253687290958
2014-05-26,0.2830238752819797
2014-05-27,0.2814166005045514
2014-05-28,0.2759327290933241
2014-05-29,0.2813081279307055
2014-05-30,0.28340826959794585
2014-06-03,0.28596071099169945
2014-06-04,0.291009889998662
2014-06-05,0.28161931497505316
2014-06-06,0.2763769895838597
2014-06-09,0.2771902755797037
2014-06-10,0.2711841993115713
2014-06-11,0.2691336966280666
2014-06-12,0.27301248657069244
2014-06-13,0.2712445322600079
2014-06-16,0.2957903041859386
2014-06-17,0.30148411918665663
2014-06-18,0.31051359946867857
2014-06-19,0.31899906971361375
2014-06-20,0.31844399881131574
2014-06-23,0.31850921872655985
2014-06-24,0.3147846501871431
2014-06-25,0.31301629909817025
2014-06-26,0.30852055014100405
2014-06-27,0.3146763039481738
2014-06-30,0.3191477209773735
2014-07-01,0.32083847804683113
2014-07-02,0.3241672546800486
2014-07-03,0.330745835764056
2014-07-04,0.33205364181519703
2014-07-07,0.33005525963759297
2014-07-08,0.3273123684494356
2014-07-09,0.32970564917791517
2014-07-10,0.33216665311581617
2014-07-11,0.3279714899424979
2014-07-14,0.3296412806534613
2014-07-15,0.34440330547355114
2014-07-16,0.34695557168467567
2014-07-17,0.33994924580963126
2014-07-18,0.33117554073915495
2014-07-21,0.3276347128984359
2014-07-22,0.31811991021524366
2014-07-23,0.3207033356273487
2014-07-24,0.32239495994367623
2014-07-25,0.3149748355894464
2014-07-28,0.3067315747684337
2014-07-29,0.29960686552233107
2014-07-30,0.2997543869267695
2014-07-31,0.29346595803759445
2014-08-01,0.2970164286225229
2014-08-04,0.3135994599560974
2014-08-05,0.3120005856683168
2014-08-06,0.30908477303869375
2014-08-07,0.3069638354500321
2014-08-08,0.30297509135573286
2014-08-11,0.29864298872460104
2014-08-12,0.29735413088528484
2014-08-13,0.30602352382634396
2014-08-14,0.3168606354453769
2014-08-15,0.312624375563738
2014-08-18,0.31449881452926753
2014-08-19,0.3184378561396277
2014-08-20,0.3201672400939102
2014-08-21,0.32682420201252466
2014-08-22,0.3294799323836168
2014-08-25,0.3705187916938158
2014-08-26,0.3748991899643061
2014-08-27,0.3704422927865963
2014-08-28,0.3689484555672309
2014-08-29,0.3553739381241308
2014-09-01,0.3443152899476171
2014-09-02,0.33498844370074615
2014-09-03,0.3318948015707456
2014-09-04,0.33112879912719523
2014-09-05,0.328776506497191
2014-09-09,0.3364351364544217
2014-09-10,0.3547468999411115
2014-09-11,0.361105052904938
2014-09-12,0.3570287511564242
2014-09-15,0.3631316591474838
2014-09-16,0.3715577752030811
2014-09-17,0.3720928999288904
2014-09-18,0.36210632894454864
2014-09-19,0.3575826860183843
2014-09-22,0.3612002627666343
2014-09-23,0.35388902334656525
2014-09-24,0.34620948436968063
2014-09-25,0.3432258188163508
2014-09-26,0.33999073834341037
2014-09-29,0.33899220397402874
2014-09-30,0.33570212940331123
2014-10-08,0.34023088564822646
2014-10-09,0.3425883150106165
2014-10-10,0.34566691584878556
2014-10-13,0.35257868034132284
2014-10-14,0.34668371216965055
2014-10-15,0.3451313975515694
2014-10-16,0.3472494378466866
2014-10-17,0.35827164137669537
2014-10-20,0.3494823783696348
2014-10-21,0.3423039410704079
2014-10-22,0.3377426675852377
2014-10-23,0.3460619650593683
2014-10-24,0.3442153926389379
2014-10-27,0.34243555111199997
2014-10-28,0.3300097555824649
2014-10-29,0.32365819443361254
2014-10-30,0.32214988289164453
2014-10-31,0.3233989303302828
2014-11-03,0.32252612758136817
2014-11-04,0.32755892200524517
2014-11-05,0.32482170313661607
2014-11-06,0.3222874760206161
2014-11-07,0.32044167359645537
2014-11-10,0.31446457317971
2014-11-11,0.3252571527717245
2014-11-12,0.3210788628086298
2014-11-13,0.325052860092159
2014-11-14,0.33319806213585207
2014-11-17,0.3250901186991477
2014-11-18,0.31828480213341065
2014-11-19,0.3110077699239986
2014-11-20,0.301776606171622
2014-11-21,0.2939482332899082
2014-11-24,0.2888945472223339
2014-11-25,0.2919610211199956
2014-11-26,0.2941872260284547
2014-11-27,0.2988288022765562
2014-11-28,0.3026045712331267
2014-12-01,0.31908377801671983
2014-12-02,0.3110348390745426
2014-12-03,0.3137877660383704
2014-12-04,0.31171334488059244
2014-12-05,0.32715151773611184
2014-12-08,0.33096481637738073
2014-12-09,0.3410846180566831
2014-12-10,0.3340147235033799
2014-12-11,0.32677648443258084
2014-12-12,0.32358751486415754
2014-12-15,0.32921306750932877
2014-12-16,0.33121570532052586
2014-12-17,0.32973943603283973
2014-12-18,0.3299485262493824
2014-12-19,0.3318305482472397
2014-12-22,0.35493453246419576
2014-12-23,0.3568133525283714
2014-12-24,0.34631707636721704
2014-12-25,0.3341050321574907
2014-12-26,0.32498718553606093
2014-12-29,0.3301685552874223
2014-12-30,0.3325767357968767
2014-12-31,0.31938891002062036
2015-01-05,0.31952926346020066
2015-01-06,0.31587578208470013
2015-01-07,0.30600683118398897
2015-01-08,0.2986045499702227
2015-01-09,0.28556199760650103
2015-01-12,0.2980086841705324
2015-01-13,0.29905865697311435
2015-01-14,0.29395166911446696
2015-01-15,0.27823970550227106
2015-01-16,0.26900588038091877
2015-01-19,0.28253308650905273
2015-01-20,0.2790264035506882
2015-01-21,0.2697406620807664
2015-01-22,0.26864566151627506
2015-01-23,0.2677703338458811
2015-01-26,0.26829328899145966
2015-01-27,0.2704590807771769
2015-01-28,0.27084120803034195
2015-01-29,0.27136187538871553
2015-01-30,0.273682905697123
2015-02-02,0.2805950440630206
2015-02-03,0.2770651839508098
2015-02-04,0.2754102729957653
2015-02-05,0.27646220466976196
2015-02-06,0.2794503585272424
2015-02-09,0.28492544870829273
2015-02-10,0.27410276918142756
2015-02-11,0.2661098386526313
2015-02-12,0.26237350727708764
2015-02-13,0.2558379788260019
2015-02-16,0.2559367461814709
2015-02-17,0.25528842434392246
2015-02-25,0.29152819457090673
2015-02-26,0.2861714447094997
2015-02-27,0.28506541840944516
2015-03-02,0.29108414694158646
2015-03-03,0.3011534450016432
2015-03-04,0.31011476887212036
2015-03-05,0.3166197652676894
2015-03-06,0.32154511269333985
2015-03-09,0.318461693238563
2015-03-10,0.3089776508096842
2015-03-11,0.3110877364186189
2015-03-12,0.31052343506872815
2015-03-13,0.30241476044150173
2015-03-16,0.30149612039727863
2015-03-17,0.3772894844144549
2015-03-18,0.3814589539599898
2015-03-19,0.383724216037412
2015-03-20,0.38334902775142204
2015-03-23,0.3904382201718805
2015-03-24,0.4116659004327366
2015-03-25,0.4264855022782896
2015-03-26,0.4373679467263917
2015-03-27,0.436206440093722
2015-03-30,0.4335258872163231
2015-03-31,0.4271114149026986
2015-04-01,0.41838938945001974
2015-04-02,0.4160861679788566
2015-04-03,0.4274979826663624
2015-04-07,0.4275237344408328
2015-04-08,0.4388513748617504
2015-04-09,0.4448689478537637
2015-04-10,0.4378926094316592
2015-04-13,0.45055203644049857
2015-04-14,0.4537776322288667
2015-04-15,0.49684834848715537
2015-04-16,0.4821172769683202
2015-04-17,0.46666817348010187
2015-04-20,0.4770523072372732
2015-04-21,0.46819549034149677
2015-04-22,0.45074748103990453
2015-04-23,0.4597836237190419
2015-04-24,0.47002280160087617
2015-04-27,0.46041179643369473
2015-04-28,0.46931413286316903
2015-04-29,0.4624991502853343
2015-04-30,0.4546906605095618
2015-05-04,0.45567720203754475
2015-05-05,0.46206580182373014
2015-05-06,0.45627131283291555
2015-05-07,0.46758027312088796
2015-05-08,0.44444072710521443
2015-05-11,0.4260536523433978
2015-05-12,0.4273376799488615
2015-05-13,0.44350250424090415
2015-05-14,0.4548474071466995
2015-05-15,0.4668541296242691
2015-05-18,0.46943495724587125
2015-05-19,0.4646947080483284
2015-05-20,0.462223875713504
2015-05-21,0.45548875450236476
2015-05-22,0.49880468561586266
2015-05-25,0.4966803880629313
2015-05-26,0.49203710098923
2015-05-27,0.5142841571920089
2015-05-28,0.6588817032015427
2015-05-29,0.660952308025727
2015-06-01,0.6680326343405112
2015-06-02,0.6625861590542447
2015-06-03,0.6758068581870186
2015-06-04,0.6963437202064389
2015-06-05,0.6862031510617916
2015-06-08,0.6885754652932241
2015-06-09,0.6750921605770313
2015-06-10,0.6478888293074028
2015-06-11,0.6562952671538451
2015-06-12,0.6571920849905694
2015-06-15,0.6757212311363652
2015-06-16,0.6776210577760474
2015-06-17,0.6560537191192877
2015-06-18,0.6430990676703813
2015-06-19,0.6259999320717872
2015-06-23,0.6297733676002051
2015-06-24,0.604349861231087
2015-06-25,0.6144423292271559
2015-06-26,0.5812144386865512
2015-06-29,0.5928545415035396
2015-06-30,0.5811937398533737
2015-07-01,0.5822301438877148
2015-07-02,0.5820442324046257
2015-07-03,0.5883217873937392
2015-07-06,0.6207449569906778
2015-07-07,0.6146478156985002
2015-07-08,0.675536713934121
2015-07-09,0.6995602034768195
2015-07-10,0.6962552840948265
2015-07-13,0.6802117874378371
2015-07-14,0.7371847850370997
2015-07-15,0.7713592738939243
2015-07-16,0.7522488157910755
2015-07-17,0.6981444372408053
2015-07-20,0.684005603346818
2015-07-21,0.6643549071294492
2015-07-22,0.6484287619482054
2015-07-23,0.6187738563851329
2015-07-24,0.6092788026076054
2015-07-27,0.5892916973529221
2015-07-28,0.6071362499943669
2015-07-29,0.574190877191923
2015-07-30,0.5779687922257573
2015-07-31,0.5764675222458842
2015-08-03,0.6115115742042585
2015-08-04,0.5802224018088391
2015-08-05,0.5645903441035922
2015-08-06,0.551189488532612
2015-08-07,0.5207080039103541
2015-08-10,0.4930319166841035
2015-08-11,0.48830459136237414
2015-08-12,0.4913255946321357
2015-08-13,0.4812656269614536
2015-08-14,0.47880155245501976
2015-08-17,0.494503500049047
2015-08-18,0.491454797916407
2015-08-19,0.4857030841960034
2015-08-20,0.5157540619704027
2015-08-21,0.5145763512183694
2015-08-24,0.48397253704608295
2015-08-25,0.46671824408085005
2015-08-26,0.5414707910364317
2015-08-27,0.5461864618718151
2015-08-28,0.5131972643647357
2015-08-31,0.5362871558338347
2015-09-01,0.5373683866205029
2015-09-02,0.5581694839422205
2015-09-07,0.5524360300924713
2015-09-08,0.5277563629306371
2015-09-09,0.49856044868353727
2015-09-10,0.4867627858547045
2015-09-11,0.4701454969942594
2015-09-14,0.4662280437780465
2015-09-15,0.4742996897418092
2015-09-16,0.4488543990904996
2015-09-17,0.44949229105905414
2015-09-18,0.46709187291961524
2015-09-21,0.448512942060664
2015-09-22,0.4439415643834018
2015-09-23,0.4457776659370761
2015-09-24,0.4335738760952111
2015-09-25,0.438579408669213
2015-09-28,0.42509340908084187
2015-09-29,0.4228774387349764
2015-09-30,0.41427900838241
2015-10-08,0.4002667883363556
2015-10-09,0.4000635461245022
2015-10-12,0.39501793937341695
2015-10-13,0.39753239538582436
2015-10-14,0.4026321340985449
2015-10-15,0.389875127200358
2015-10-16,0.39149919340887984
2015-10-19,0.4173731858530817
2015-10-20,0.40944436395788675
2015-10-21,0.42932269165374015
2015-10-22,0.42046455931764004
2015-10-23,0.41917019014696816
2015-10-26,0.4277618580576189
2015-10-27,0.43500828267471425
2015-10-28,0.43616926896863173
2015-10-29,0.42233399316989356
2015-10-30,0.4207966970522071
2015-11-02,0.4299328191933572
2015-11-03,0.42784473661754474
2015-11-04,0.4041947929055231
2015-11-05,0.39977038186484537
2015-11-06,0.3892108515883531
2015-11-09,0.3971584840181386
2015-11-10,0.3981211751119613
2015-11-11,0.39866618352770355
2015-11-12,0.40635292268523504
2015-11-13,0.42278835080954896
2015-11-16,0.41895026334369545
2015-11-17,0.41393833892322424
2015-11-18,0.40800999531785803
2015-11-19,0.3913894353525372
2015-11-20,0.3885536169189237
2015-11-23,0.3943256774283374
2015-11-24,0.39002517800027353
2015-11-25,0.379713720742705
2015-11-26,0.38406554427483125
2015-11-27,0.3985968532479593
2015-11-30,0.4210312714753553
2015-12-01,0.4183440333866207
2015-12-02,0.4126500738790478
2015-12-03,0.42808708297041775
2015-12-04,0.4153602703194101
2015-12-07,0.43757344009612487
2015-12-08,0.44053346650987113
2015-12-09,0.44072444192115195
2015-12-10,0.4342581692575633
2015-12-11,0.432382230713087
2015-12-14,0.4159121391988382
2015-12-15,0.42649869557957953
2015-12-16,0.4177178825219633
2015-12-17,0.4051935908165632
2015-12-18,0.4111356173154314
2015-12-21,0.4076740309697328
2015-12-22,0.4020562922806275
2015-12-23,0.4179398186049102
2015-12-24,0.42284686473145505
2015-12-25,0.41832985787607224
2015-12-28,0.4309478473577684
2015-12-29,0.4221678950787308
2015-12-30,0.410846879942033
2015-12-31,0.4059572869503216
2016-01-04,0.398152728302375
2016-01-05,0.44376596410452374
2016-01-06,0.4269332014491946
2016-01-07,0.41019744759000226
2016-01-08,0.4196593467609957
2016-01-11,0.43249272274701916
2016-01-12,0.446241641801964
2016-01-13,0.4449265364521456
2016-01-14,0.42807900326528353
2016-01-15,0.4464858413577254
2016-01-18,0.4336232547609142
2016-01-19,0.4150429830855367
2016-01-20,0.4108299808049748
2016-01-21,0.40361660423235346
2016-01-22,0.3929080025480246
2016-01-25,0.390616440097017
2016-01-26,0.38854262827071107
2016-01-27,0.40862230460489635
2016-01-28,0.4150730837684492
2016-01-29,0.3974284859219921
2016-02-01,0.40235357255075155
2016-02-02,0.38011850291721
2016-02-03,0.36654179687466365
2016-02-04,0.3551660997446856
2016-02-05,0.35133687379925777
2016-02-15,0.35036864586728567
2016-02-16,0.33940771611887355
2016-02-17,0.3358187863424462
2016-02-18,0.3378496118541018
2016-02-19,0.3295644773275732
2016-02-22,0.3228547398554689
2016-02-23,0.3293456342509624
2016-02-24,0.3380399979465423
2016-02-25,0.33718498801493063
2016-02-26,0.34902304489747477
2016-02-29,0.3581082687804288
2016-03-01,0.3511551054495796
2016-03-02,0.33593168885726193
2016-03-03,0.3315604335191641
2016-03-04,0.3377029169420725
2016-03-07,0.32521512098025895
2016-03-08,0.32439983534671674
2016-03-09,0.31832375975188903
2016-03-10,0.3076813200152264
2016-03-11,0.3055436783887873
2016-03-14,0.2933920913140987
2016-03-15,0.29385024050481495
2016-03-16,0.2872478328885561
2016-03-17,0.27585710890299436
2016-03-18,0.27183026560042584
2016-03-21,0.27510796158925443
2016-03-22,0.2784367495251082
2016-03-23,0.27712218663287425
2016-03-24,0.28624350171007845
2016-03-25,0.28924803929089693
2016-03-28,0.2895968612172794
2016-03-29,0.29381249365872364
2016-03-30,0.28396293927001565
2016-03-31,0.2825823530822302
2016-04-01,0.2862788401115858
2016-04-05,0.28219809063528706
2016-04-06,0.2833177616751696
2016-04-07,0.29364758871607743
2016-04-08,0.2972986802464963
2016-04-11,0.29625470002123344
2016-04-12,0.29903083028631916
2016-04-13,0.2907717409467723
2016-04-14,0.2794432482927121
2016-04-15,0.2814362123364154
2016-04-18,0.2831142948400885
2016-04-19,0.2729357113414481
2016-04-20,0.2889700012479414
2016-04-21,0.2875462489605073
2016-04-22,0.28476109120788884
2016-04-25,0.283573111821737
2016-04-26,0.27426083715098293
2016-04-27,0.26910159291617197
2016-04-28,0.26456001434686216
2016-04-29,0.2581107941935754
2016-05-03,0.2513718904173736
2016-05-04,0.24812476672757958
2016-05-05,0.24236166982952534
2016-05-06,0.2474512567361397
2016-05-09,0.2631137778096428
2016-05-10,0.2612757866688809
2016-05-11,0.26218046721592486
2016-05-12,0.263691163921478
2016-05-13,0.25600272080413433
2016-05-16,0.2489703123225099
2016-05-17,0.2465658859430086
2016-05-18,0.24674414561497443
2016-05-19,0.23780598582113147
2016-05-20,0.23343865850041232
2016-05-23,0.2249813340533542
2016-05-24,0.22308201283190662
2016-05-25,0.21754254055478833
2016-05-26,0.21350818423310283
2016-05-27,0.21056556493788364
2016-05-30,0.20920857624114197
2016-05-31,0.20162986426426258
2016-06-01,0.20002389353751093
2016-06-02,0.20040320878353649
2016-06-03,0.2140395988181069
2016-06-06,0.2187555551336316
2016-06-07,0.22208196107496114
2016-06-08,0.226072336740151
2016-06-13,0.23318142937820788
2016-06-14,0.23606792985639183
2016-06-15,0.230210611898555
2016-06-16,0.2353565770877389
2016-06-17,0.23515181635001314
2016-06-20,0.25019928961032917
2016-06-21,0.2498268438931038
2016-06-22,0.253675099674795
2016-06-23,0.2518752565528951
2016-06-24,0.2537028875177243
2016-06-27,0.25038687442799173
2016-06-28,0.25266774393402364
2016-06-29,0.24962251981160016
2016-06-30,0.24959528423009597
2016-07-01,0.24636421185609858
2016-07-04,0.24050301099578567
2016-07-05,0.2390178376761413
2016-07-06,0.24261017236457344
2016-07-07,0.2434155081602374
2016-07-08,0.24102381156936123
2016-07-11,0.24465963389656692
2016-07-12,0.24595609113587222
2016-07-13,0.24248195136866899
2016-07-14,0.23954901137964227
2016-07-15,0.23822160581949317
2016-07-18,0.2420562596559385
2016-07-19,0.24359697769002767
2016-07-20,0.23807709746661482
2016-07-21,0.23495740658952322
2016-07-22,0.23209529816965824
2016-07-25,0.23444584856117384
2016-07-26,0.22697412636038555
2016-07-27,0.2377428096815407
2016-07-28,0.2411016326891773
2016-07-29,0.23825196795226533
2016-08-01,0.2438714786555383
2016-08-02,0.23337156050968938
2016-08-03,0.22384921519373988
2016-08-04,0.2148707852502553
2016-08-05,0.20963927995316245
2016-08-08,0.21325992422812287
2016-08-09,0.20350340668890374
2016-08-10,0.19922765594010117
2016-08-11,0.1966739350875476
2016-08-12,0.19050136409620658
2016-08-15,0.18759497667532224
2016-08-16,0.19020899908747263
2016-08-17,0.19377071527209022
2016-08-18,0.19352667195884354
2016-08-19,0.19709215617844741
2016-08-22,0.20326011879683886
2016-08-23,0.20057056512226948
2016-08-24,0.2002115171325275
2016-08-25,0.20633764581624178
2016-08-26,0.20529765571697897
2016-08-29,0.2064715000413904
2016-08-30,0.20229736052705977
2016-08-31,0.19716129035125116
2016-09-01,0.1945060291826077
2016-09-02,0.1929998861355315
2016-09-05,0.19216860843845998
2016-09-06,0.1900845869502073
2016-09-07,0.18972009253504057
2016-09-08,0.18662214691286247
2016-09-09,0.18603194647163118
2016-09-12,0.1913462771520439
2016-09-13,0.19048381152431604
2016-09-14,0.18938371980165075
2016-09-19,0.18785217736287532
2016-09-20,0.18536015626853528
2016-09-21,0.1802223727767917
2016-09-22,0.17548803151855688
2016-09-23,0.1810994675683136
2016-09-26,0.1863316423944797
2016-09-27,0.18344591885435257
2016-09-28,0.18044534369952067
2016-09-29,0.17431521608635936
2016-09-30,0.17025116407515586
2016-10-10,0.1908977279075043
2016-10-11,0.19084346085433393
2016-10-12,0.19091305040323558
2016-10-13,0.19141718610519837
2016-10-14,0.18617962805434524
2016-10-17,0.18731087174061115
2016-10-18,0.18413682445116167
2016-10-19,0.18460224779257597
2016-10-20,0.18691639926045703
2016-10-21,0.18895759863220085
2016-10-24,0.19156841468660718
2016-10-25,0.18766718689841408
2016-10-26,0.1892331659961969
2016-10-27,0.18747062944782547
2016-10-28,0.1890594926659709
2016-10-31,0.20648436724298713
2016-11-01,0.2022122281110048
2016-11-02,0.2143651437738604
2016-11-03,0.21182685853031336
2016-11-04,0.2141847412501087
2016-11-07,0.2139925313520276
2016-11-08,0.2095858380930446
2016-11-09,0.2163899746531937
2016-11-10,0.21653398314146385
2016-11-11,0.23026065206809987
2016-11-14,0.24358795226343594
2016-11-15,0.24642962795430162
2016-11-16,0.24531926396436288
2016-11-17,0.24421868730819762
2016-11-18,0.24377737775150837
2016-11-21,0.24706015562873837
2016-11-22,0.24447902220554732
2016-11-23,0.2449237569677846
2016-11-24,0.2464415104516722
2016-11-25,0.24457175476316995
2016-11-28,0.25129707747261404
2016-11-29,0.25194664495688524
2016-11-30,0.25202387101562157
2016-12-01,0.24914528368958483
2016-12-02,0.24957092377928283
2016-12-05,0.2620906895911016
2016-12-06,0.25829505402895037
2016-12-07,0.2500449754814875
2016-12-08,0.24559820526825224
2016-12-09,0.24070756890848166
2016-12-12,0.2587323238375223
2016-12-13,0.2598463060586824
2016-12-14,0.2602500947400551
2016-12-15,0.2539405848016861
2016-12-16,0.25132111220819897
2016-12-19,0.25165600861943443
2016-12-20,0.24651962050113924
2016-12-21,0.23903040355729085
2016-12-22,0.23684533699787963
2016-12-23,0.2372933814611255
2016-12-26,0.234758454680684
2016-12-27,0.2279200466508312
2016-12-28,0.2222413664996644
2016-12-29,0.21984147094278023
2016-12-30,0.21609897773670037
2017-01-03,0.2105727640988283
2017-01-04,0.20684695141260995
2017-01-05,0.20548087117034228
2017-01-06,0.20913040966664168
2017-01-09,0.21256093622736938
2017-01-10,0.2110825267642274
2017-01-11,0.21139884227110517
2017-01-12,0.2109262970633916
2017-01-13,0.21692608708627795
2017-01-16,0.23403400326082097
2017-01-17,0.23027353666023795
2017-01-18,0.22694839895452898
2017-01-19,0.22121881514306108
2017-01-20,0.21358056186964436
2017-01-23,0.21119656856972857
2017-01-24,0.20815786209254009
2017-01-25,0.2027073102837569
2017-01-26,0.1963232617480409
2017-02-03,0.19400353049219338
2017-02-06,0.1916884577676431
2017-02-07,0.18832500875912958
2017-02-08,0.18468588719599563
2017-02-09,0.18396098726492086
2017-02-10,0.18544792038562855
2017-02-13,0.18551527369244747
2017-02-14,0.18251016927434285
2017-02-15,0.1858801563162449
2017-02-16,0.18673940643393852
2017-02-17,0.18900809749488764
2017-02-20,0.1879328636421304
2017-02-21,0.18532724559728916
2017-02-22,0.1840688884720301
2017-02-23,0.18461823566545008
2017-02-24,0.18217405265715897
2017-02-27,0.18143342792171066
2017-02-28,0.18115527275102827
2017-03-01,0.17895884780351146
2017-03-02,0.17961899488984703
2017-03-03,0.17870974753278507
2017-03-06,0.17430025930803916
2017-03-07,0.1727460695986611
2017-03-08,0.1701252062299202
2017-03-09,0.16898819841973403
2017-03-10,0.1693520613045079
2017-03-13,0.16792043012794602
2017-03-14,0.16658263748279387
2017-03-15,0.17594373356889875
2017-03-16,0.17246609744624247
2017-03-17,0.17357530149692407
2017-03-20,0.17733642764759003
2017-03-21,0.17384059696427923
2017-03-22,0.17839678817451127
2017-03-23,0.18671554577692812
2017-03-24,0.18764179924308436
2017-03-27,0.19020491574869883
2017-03-28,0.19231972725255986
2017-03-29,0.19775715610254163
2017-03-30,0.1991756144219787
2017-03-31,0.2109473058610814
2017-04-05,0.21426106411376503
2017-04-06,0.21588108661492791
2017-04-07,0.2162295615960602
2017-04-10,0.23649309006273925
2017-04-11,0.2397334297936274
2017-04-12,0.24177247148511252
2017-04-13,0.23419479191799164
2017-04-14,0.228510099773281
2017-04-17,0.230084513454255
2017-04-18,0.22978670057586753
2017-04-19,0.23380193289336143
2017-04-20,0.23187878349415902
2017-04-21,0.22623399861517957
2017-04-24,0.23168709193777637
2017-04-25,0.23244550843894948
2017-04-26,0.2302106062574596
2017-04-27,0.23165288783249693
2017-04-28,0.22415095955954303
2017-05-02,0.2214383470182263
2017-05-03,0.21694825379708613
2017-05-04,0.21178270666801
2017-05-05,0.2097582212950563
2017-05-08,0.21313560742284793
2017-05-09,0.20854600878096485
2017-05-10,0.20766778279377934
2017-05-11,0.21049231352610728
2017-05-12,0.211730778881318
2017-05-15,0.20769566280655025
2017-05-16,0.20207662025282094
2017-05-17,0.19617360888076738
2017-05-18,0.19341327779402806
2017-05-19,0.18994139872424035
2017-05-22,0.194718427217642
2017-05-23,0.2039760031868105
2017-05-24,0.2098163133264542
2017-05-25,0.2040780160175263
2017-05-26,0.20256585033666283
2017-05-31,0.19993118280693306
2017-06-01,0.20396455024022533
2017-06-02,0.20820588745614366
2017-06-05,0.20223437303345662
2017-06-06,0.19695795174487132
2017-06-07,0.1910502001963922
2017-06-08,0.18836113802636648
2017-06-09,0.1980226961935935
2017-06-12,0.20281476836986456
2017-06-13,0.19771759257092775
2017-06-14,0.19526546974247766
2017-06-15,0.19151814281804438
2017-06-16,0.18654177948773434
2017-06-19,0.18575640902681184
2017-06-20,0.18276924944941966
2017-06-21,0.18198223671931524
2017-06-22,0.18345714903441185
2017-06-23,0.1844764224286368
2017-06-26,0.18231430917484304
2017-06-27,0.17977608480019125
2017-06-28,0.17766785943478391
2017-06-29,0.1736001905263104
2017-06-30,0.17197208547562898
2017-07-03,0.1763171444078156
2017-07-04,0.17440446928815684
2017-07-05,0.17475020548589518
2017-07-06,0.17828727789987184
2017-07-07,0.18056198141243215
2017-07-10,0.19012716689320364
2017-07-11,0.1908048544861281
2017-07-12,0.19293469582946343
2017-07-13,0.19464772996993338
2017-07-14,0.19641990116184468
2017-07-17,0.21121771490847308
2017-07-18,0.2074596852623079
2017-07-19,0.2042955717311719
2017-07-20,0.2023935691426643
2017-07-21,0.20145157734646096
2017-07-24,0.20088813288042578
2017-07-25,0.19749776628040916
2017-07-26,0.1962125432271263
2017-07-27,0.19823854758794407
2017-07-28,0.1998458608287883
2017-07-31,0.20552372754834755
2017-08-01,0.208789309787483
2017-08-02,0.20908959136054428
2017-08-03,0.20677745824442237
2017-08-04,0.20731135458076108
2017-08-07,0.2061903191049201
2017-08-08,0.2028030769993158
2017-08-09,0.20210506008727933
2017-08-10,0.2030701796070672
2017-08-11,0.2040181374636086
2017-08-14,0.1983985175885855
2017-08-15,0.19146440101760304
2017-08-16,0.18816316503602745
2017-08-17,0.1902752788459361
2017-08-18,0.25310621487865764
2017-08-21,0.2502833386797263
2017-08-22,0.24880793270743928
2017-08-23,0.2473377830267969
2017-08-24,0.246959722913953
2017-08-25,0.24318433504623907
2017-08-28,0.2432364327193069
2017-08-29,0.24306862301516494
2017-08-30,0.2426504529465747
2017-08-31,0.24326112542440276
2017-09-01,0.24125038860414766
2017-09-04,0.25326654796600756
2017-09-05,0.2527296284730508
2017-09-06,0.25205290769329824
2017-09-07,0.2524943789324971
2017-09-08,0.25282937583754933
2017-09-11,0.25537833010337035
2017-09-12,0.26381196989995825
2017-09-13,0.25979388167868567
2017-09-14,0.2597081196983689
2017-09-15,0.25772753158946876
2017-09-18,0.2568507355314445
2017-09-19,0.2530629819265655
2017-09-20,0.24900961763121995
2017-09-21,0.25051761209275175
2017-09-22,0.2529592226782515
2017-09-25,0.2580481930070033
2017-09-26,0.25907899275169155
2017-09-27,0.2484269611579299
2017-09-28,0.2542222972869764
2017-09-29,0.25024712200843474
2017-10-09,0.250518458001008
2017-10-10,0.2469664410068727
2017-10-11,0.2489028756902897
2017-10-12,0.24468225528761464
2017-10-13,0.24171732781158464
2017-10-16,0.24853425950698144
2017-10-17,0.24539967730994566
2017-10-18,0.24874748089704798
2017-10-19,0.25284423535769657
2017-10-20,0.25991677201894475
2017-10-23,0.25449436008302373
2017-10-24,0.24920665627862817
2017-10-25,0.2657332520903692
2017-10-26,0.26297044406862236
2017-10-27,0.2586435901760368
2017-10-30,0.27467056708281057
2017-10-31,0.27247137557715284
2017-11-01,0.2738733513385597
2017-11-02,0.2830047808281835
2017-11-03,0.27981741291581536
2017-11-06,0.2783942096491396
2017-11-07,0.27493891034128354
2017-11-08,0.27174270884065155
2017-11-09,0.2662332209621536
2017-11-10,0.27147620118058435
2017-11-13,0.2878844183244431
2017-11-14,0.3014769518593897
2017-11-15,0.30233113979113674
2017-11-16,0.33186216394635326
2017-11-17,0.3460136566522635
2017-11-20,0.3580942631119171
2017-11-21,0.3538793954937358
2017-11-22,0.3476370784757714
2017-11-23,0.3461580284514087
2017-11-24,0.3355674718556305
2017-11-27,0.3352666042005978
2017-11-28,0.32086900733343515
2017-11-29,0.31565885066180055
2017-11-30,0.30506456106492813
2017-12-01,0.30210741659210666
2017-12-04,0.3224230699121436
2017-12-05,0.33059865896134805
2017-12-06,0.32175719221811194
2017-12-07,0.3124333340255493
2017-12-08,0.2968533444462222
2017-12-11,0.28746139646055563
2017-12-12,0.2837996676248802
2017-12-13,0.2763129821410852
2017-12-14,0.2785382448838625
2017-12-15,0.2741148783218881
2017-12-18,0.2781970332275262
2017-12-19,0.27100428086175943
2017-12-20,0.27005433527593503
2017-12-21,0.2675728221951496
2017-12-22,0.265969914766703
2017-12-25,0.27852918496687706
2017-12-26,0.2794342126672186
2017-12-27,0.27823434142473297
2017-12-28,0.2771726677819377
2017-12-29,0.27484323454306847
2018-01-02,0.2769831655586446
2018-01-03,0.27555657670188943
2018-01-04,0.2754490011027152
2018-01-05,0.2738843520462382
2018-01-08,0.27694192301694676
2018-01-09,0.27521054704863407
2018-01-10,0.27872502756069917
2018-01-11,0.29089063016776445
2018-01-12,0.2903535997128021
2018-01-15,0.30550721540348086
2018-01-16,0.30750548768911345
2018-01-17,0.3124642496748209
2018-01-18,0.30487516805043857
2018-01-19,0.2993079961465287
2018-01-22,0.3049332742122096
2018-01-23,0.29874791739948253
2018-01-24,0.2934116013969976
2018-01-25,0.31333765544067477
2018-01-26,0.31201274326867745
2018-01-29,0.314994119498704
2018-01-30,0.315861241286269
2018-01-31,0.34022588044029195
2018-02-01,0.3674079912784058
2018-02-02,0.372167524380336
2018-02-05,0.37378519759933454
2018-02-06,0.39557856164198363
2018-02-07,0.39357825306305744
2018-02-08,0.38131261513136805
2018-02-09,0.38524615229554776
2018-02-12,0.37200305531262273
2018-02-13,0.3590351960577889
2018-02-14,0.3490101229146868
2018-02-22,0.33190302878834255
2018-02-23,0.31855877121422277
2018-02-26,0.31382912107254335
2018-02-27,0.31015461686552787
2018-02-28,0.31557104039781103
2018-03-01,0.31433590291861674
2018-03-02,0.31144697086972983
2018-03-05,0.3066265723102645
2018-03-06,0.301423269872767
2018-03-07,0.2949391917737196
2018-03-08,0.29328254564901285
2018-03-09,0.2879374035576156
2018-03-12,0.30105175079784635
2018-03-13,0.30137032994795726
2018-03-14,0.2970875105359477
2018-03-15,0.30521129023405924
2018-03-16,0.3070995675896608
2018-03-19,0.3164237012588256
2018-03-20,0.3192750190597282
2018-03-21,0.3191166906388802
2018-03-22,0.3201356379677083
2018-03-23,0.35195985553597625
2018-03-26,0.35521277941635865
2018-03-27,0.35393050352576266
2018-03-28,0.35436480944641674
2018-03-29,0.3486824767769486
2018-03-30,0.34251453980223856
2018-04-02,0.35005586502726477
2018-04-03,0.36472736493332386
2018-04-04,0.3626635110673787
2018-04-09,0.36860881916369564
2018-04-10,0.37971152977952216
2018-04-11,0.371267710668858
2018-04-12,0.3666377650443662
2018-04-13,0.3615219765353088
2018-04-16,0.3646370162567691
2018-04-17,0.36194047086161746
2018-04-18,0.3565365870633426
2018-04-19,0.3496453095625681
2018-04-20,0.35058011702012243
2018-04-23,0.3540431549190745
2018-04-24,0.35139637905713234
2018-04-25,0.3522810819430974
2018-04-26,0.35267744467177076
2018-04-27,0.3535190246791915
2018-05-02,0.3628112244055098
2018-05-03,0.3553105224608763
2018-05-04,0.3536054221714063
2018-05-07,0.335900915727726
2018-05-08,0.3398899143879818
2018-05-09,0.33183159766704673
2018-05-10,0.32685576349967704
2018-05-11,0.3233310698525634
2018-05-14,0.32551237890206697
2018-05-15,0.3147513234322124
2018-05-16,0.3088323372596841
2018-05-17,0.3046817731076782
2018-05-18,0.3018748618842904
2018-05-21,0.29773563050642476
2018-05-22,0.29720283336289693
2018-05-23,0.29641556405576275
2018-05-24,0.2928560248639717
2018-05-25,0.2978925128010189
2018-05-28,0.3135757207809414
2018-05-29,0.3358658708236606
2018-05-30,0.34881478686531614
2018-05-31,0.34629673203131084
2018-06-01,0.34558895244688487
2018-06-04,0.3472092236181169
2018-06-05,0.3337958794124986
2018-06-06,0.32397432870127474
2018-06-07,0.3176344558130204
2018-06-08,0.32236892872802736
2018-06-11,0.32327039676613895
2018-06-12,0.31714270663606764
2018-06-13,0.31647238992680643
2018-06-14,0.31542545378272735
2018-06-15,0.32482561297072543
2018-06-19,0.34440500113025063
2018-06-20,0.35076091181805347
2018-06-21,0.3607157278303749
2018-06-22,0.34564569224507913
2018-06-25,0.338587385236673
2018-06-26,0.32989362506301323
2018-06-27,0.32181003064227753
2018-06-28,0.3183008104541296
2018-06-29,0.33060530033046104
2018-07-02,0.3326553214326903
2018-07-03,0.3285658842723953
2018-07-04,0.32954876324223464
2018-07-05,0.33148388145733604
2018-07-06,0.3303285427241886
2018-07-09,0.33379728179424645
2018-07-10,0.330294785203493
2018-07-11,0.33486870309186256
2018-07-12,0.3217147214636529
2018-07-13,0.3187766871669408
2018-07-16,0.3225515213661838
2018-07-17,0.31709875340249266
2018-07-18,0.3157769465564454
2018-07-19,0.31585268892859986
2018-07-20,0.30939064303653546
2018-07-23,0.3352772212127671
2018-07-24,0.34590245069103825
2018-07-25,0.35829154706563004
2018-07-26,0.3600518932044116
2018-07-27,0.35722097518236745
2018-07-30,0.37281089133538237
2018-07-31,0.37180862753199456
2018-08-01,0.36651507473496553
2018-08-02,0.38328285316270794
2018-08-03,0.3831464481238095
2018-08-06,0.3938044482184299
2018-08-07,0.3905795332610785
2018-08-08,0.39227955097128997
2018-08-09,0.37543265297806633
2018-08-10,0.36043578737517235
2018-08-13,0.3527662658879025
2018-08-14,0.3407456454267948
2018-08-15,0.3346501168798446
2018-08-16,0.33724282603344236
2018-08-17,0.3413325178264916
2018-08-20,0.3459552923385086
2018-08-21,0.3414826569897917
2018-08-22,0.3455072978708893
2018-08-23,0.33429367147041406
2018-08-24,0.33957840446485443
2018-08-27,0.3323244742546021
2018-08-28,0.32496160621536424
2018-08-29,0.32108877041397454
2018-08-30,0.32015486923238035
2018-08-31,0.3252707894827226
2018-09-03,0.33462493401223303
2018-09-04,0.3247404840819841
2018-09-05,0.3199835729433451
2018-09-06,0.3179340283866367
2018-09-07,0.31555869735203623
2018-09-10,0.32301163607504796
2018-09-11,0.32172512108370127
2018-09-12,0.3141804552993084
2018-09-13,0.3099872792384809
2018-09-14,0.3116344961313644
2018-09-17,0.3215736000182445
2018-09-18,0.31169211090749166
2018-09-19,0.313281119548227
2018-09-20,0.3059982036921662
2018-09-21,0.30386122685680167
2018-09-25,0.29854967665893173
2018-09-26,0.29017935718011156
2018-09-27,0.29031929106697607
2018-09-28,0.28846221276578976
2018-10-08,0.29926975089327645
2018-10-09,0.3013584185202189
2018-10-10,0.3048907190906963
2018-10-11,0.35596886233542296
2018-10-12,0.4753771382286945
2018-10-15,0.48349614632689364
2018-10-16,0.4924259046504045
2018-10-17,0.48892991599979013
2018-10-18,0.4955734333538176
2018-10-19,0.49559110553328406
2018-10-22,0.4810462872287405
2018-10-23,0.4834134984870167
2018-10-24,0.48592848472979183
2018-10-25,0.48814452809249054
2018-10-26,0.5005558338924131
2018-10-29,0.5055991327730235
2018-10-30,0.500534018881772
2018-10-31,0.4895120511285074
2018-11-01,0.4653770222477191
2018-11-02,0.45076540752967126
2018-11-05,0.44880994852691436
2018-11-06,0.45635847360375587
2018-11-07,0.44688005851581775
2018-11-08,0.4386706156714648
2018-11-09,0.43381865623655563
2018-11-12,0.42600244471712795
2018-11-13,0.43440913383293506
2018-11-14,0.43457223184594107
2018-11-15,0.4422863049447455
2018-11-16,0.44883899480687495
2018-11-19,0.45957058252255106
2018-11-20,0.46011583600531425
2018-11-21,0.45869594986597617
2018-11-22,0.4498952806467173
2018-11-23,0.4567445120067325
2018-11-26,0.46116215341762473
2018-11-27,0.44808737048408337
2018-11-28,0.4433549061148138
2018-11-29,0.4356003562279551
2018-11-30,0.42981048463950916
2018-12-03,0.4162097609385945
2018-12-04,0.4067466879431243
2018-12-05,0.40541935925212874
2018-12-06,0.3996399692182419
2018-12-07,0.3964587293646888
2018-12-10,0.39700029359496214
2018-12-11,0.3880697517120021
2018-12-12,0.37745834654869626
2018-12-13,0.36514703572958096
2018-12-14,0.3622135088587691
2018-12-17,0.3688550525564382
2018-12-18,0.3622068532481903
2018-12-19,0.35719222573652054
2018-12-20,0.3481364951553275
2018-12-21,0.34358119936553394
2018-12-24,0.3423448042434548
2018-12-25,0.34832194300755853
2018-12-26,0.34999790020710303
2018-12-27,0.3455256614147348
2018-12-28,0.34945612248686475
2019-01-02,0.3549047086750289
2019-01-03,0.3639586430290798
2019-01-04,0.3557211104723751
2019-01-07,0.35310757976130774
2019-01-08,0.3505212635817415
2019-01-09,0.3443505249403082
2019-01-10,0.3408901155937675
2019-01-11,0.3393808352060759
2019-01-14,0.344885843270829
2019-01-15,0.35199427303580205
2019-01-16,0.3470408754812277
2019-01-17,0.3437943956851025
2019-01-18,0.33886188269476925
2019-01-21,0.3353317106539039
2019-01-22,0.32993484725263444
2019-01-23,0.32829256539374235
2019-01-24,0.32438525517179934
2019-01-25,0.3299782876961271
2019-01-28,0.3398316863629744
2019-01-29,0.35227376294551704
2019-01-30,0.3531608856616536
2019-01-31,0.3733506282330134
2019-02-01,0.3628569150723596
2019-02-11,0.34855061832060147
2019-02-12,0.33712028827908286
2019-02-13,0.3271646244803442
2019-02-14,0.3206250192921669
2019-02-15,0.3146658798378055
2019-02-18,0.3062739802131181
2019-02-19,0.3121156609028305
2019-02-20,0.31454231965068097
2019-02-21,0.315191495923327
2019-02-22,0.3488242273609669
2019-02-25,0.3452405027649949
2019-02-26,0.36380382916501236
2019-02-27,0.37331605734137824
2019-02-28,0.37626022798937125
2019-03-01,0.36659590286960264
2019-03-04,0.3644391129612417
2019-03-05,0.36750123750213803
2019-03-06,0.3741095261550334
2019-03-07,0.4641316855980398
2019-03-08,0.5669970008949149
2019-03-11,0.5698644042909696
2019-03-12,0.5888753767470201
2019-03-13,0.5819306176067824
2019-03-14,0.5895985063749288
2019-03-15,0.5763233798175037
2019-03-18,0.5619217227651621
2019-03-19,0.5514917982681006
2019-03-20,0.5437862653057158
2019-03-21,0.5287187181038439
2019-03-22,0.5292514481352265
2019-03-25,0.5341500285041194
2019-03-26,0.5308115349544547
2019-03-27,0.5411847319704074
2019-03-28,0.5394051348454453
2019-03-29,0.5192347553498856
2019-04-01,0.5010249832586456
2019-04-02,0.5029016982081406
2019-04-03,0.4988396414915468
2019-04-04,0.4962030050845444
2019-04-08,0.509445166292593
2019-04-09,0.5100624142845022
2019-04-10,0.5018313138521564
2019-04-11,0.49737947162072343
2019-04-12,0.4938150743547491
2019-04-15,0.48229724812681146
2019-04-16,0.46495577807625116
2019-04-17,0.4568937125604312
2019-04-18,0.45807139717697065
2019-04-19,0.4475583341353426
2019-04-22,0.4526385582101366
2019-04-23,0.4553668033586114
2019-04-24,0.4468447426411463
2019-04-25,0.4417934152133944
2019-04-26,0.4515757411431573
2019-04-29,0.4638789168604235
2019-04-30,0.468568082943045
2019-05-06,0.46671636488747126
2019-05-07,0.4640219469412893
2019-05-08,0.4518066768536489
2019-05-09,0.4391312534102615
2019-05-10,0.4158435738587982
2019-05-13,0.41254597305916824
2019-05-14,0.3988439545233692
2019-05-15,0.3816482932931381
2019-05-16,0.3759339680999502
2019-05-17,0.37335428637440504
2019-05-20,0.384608783456004
2019-05-21,0.3734442473446803
2019-05-22,0.36172997756638814
2019-05-23,0.35725967949038906
2019-05-24,0.35556965494117004
2019-05-27,0.34368172165226957
2019-05-28,0.3335564638016003
2019-05-29,0.32662238242844366
2019-05-30,0.32709389858011756
2019-05-31,0.33080720768702954
2019-06-03,0.3384898135747385
2019-06-04,0.3423819689216759
2019-06-05,0.3404105707921085
2019-06-06,0.34257972379024
2019-06-10,0.34020049825722415
2019-06-11,0.32674740677831887
2019-06-12,0.31993577634048087
2019-06-13,0.31552882501636376
2019-06-14,0.3138427202385211
2019-06-17,0.3152021012772712
2019-06-18,0.30975587086950424
2019-06-19,0.301848156707071
2019-06-20,0.2986425691270481
2019-06-21,0.3001436300019983
2019-06-24,0.30146712115242513
2019-06-25,0.3014519202387541
2019-06-26,0.30022302033322634
2019-06-27,0.2946581745315685
2019-06-28,0.29118103721135535
2019-07-01,0.28435374090985543
2019-07-02,0.28628162769216364
2019-07-03,0.28629368358363505
2019-07-04,0.2826525541906947
2019-07-05,0.2833539518316105
2019-07-08,0.28698800531168367
2019-07-09,0.286117978928337
2019-07-10,0.28319569349943763
2019-07-11,0.28144266586533573
2019-07-12,0.28142578273110463
2019-07-15,0.2876879947450613
2019-07-16,0.2818948625384353
2019-07-17,0.2760947992930765
2019-07-18,0.27154109640529955
2019-07-19,0.2662312124728136
2019-07-22,0.2694316029960727
2019-07-23,0.27571523673498266
2019-07-24,0.2716574163838179
2019-07-25,0.2688679107193106
2019-07-26,0.2675746243329372
2019-07-29,0.2665641697943259
2019-07-30,0.26096214212143615
2019-07-31,0.2599546107851526
2019-08-01,0.2570361363735244
2019-08-02,0.2596222589482072
2019-08-05,0.26111994530424115
2019-08-06,0.27484086546587055
2019-08-07,0.2780979891099198
2019-08-08,0.27550166651256225
2019-08-09,0.2724268964239875
2019-08-12,0.2704471011285578
2019-08-13,0.27960263326744983
2019-08-14,0.2742072221691749
2019-08-15,0.2755714613414012
2019-08-16,0.2737280321752089
2019-08-19,0.275583233325205
2019-08-20,0.27730431616750234
2019-08-21,0.2788380207433197
2019-08-22,0.2768183690941132
2019-08-23,0.2843805519692753
2019-08-26,0.288970464662399
2019-08-27,0.28770116141067653
2019-08-28,0.2902236484636669
2019-08-29,0.2888736106763054
2019-08-30,0.28992805980504793
2019-09-02,0.2846091132634403
2019-09-03,0.28094223640465377
2019-09-04,0.2769378518925819
2019-09-05,0.2714179301792024
2019-09-06,0.27054356440384253
2019-09-09,0.2685433280561347
2019-09-10,0.26670630361225406
2019-09-11,0.2647472326842764
2019-09-12,0.2628266187788544
2019-09-16,0.2602334631487287
2019-09-17,0.26042592174092255
2019-09-18,0.2611583638859535
2019-09-19,0.2596523276765779
2019-09-20,0.2598910141309598
2019-09-23,0.26227017741638764
2019-09-24,0.2667821354878021
2019-09-25,0.27000891518391384
2019-09-26,0.27978082636662116
2019-09-27,0.2803979682791151
2019-09-30,0.27955257299124875
2019-10-08,0.2837862672942716
2019-10-09,0.2794677320285438
2019-10-10,0.27326362074021066
2019-10-11,0.2698138841346562
2019-10-14,0.2667742423367091
2019-10-15,0.27107122443985493
2019-10-16,0.274361021477352
2019-10-17,0.2686738717079832
2019-10-18,0.2669524901778812
2019-10-21,0.2743295156674522
2019-10-22,0.2688512963964683
2019-10-23,0.2664286266324124
2019-10-24,0.26983052746308095
2019-10-25,0.26355343869585945
2019-10-28,0.27083913037650126
2019-10-29,0.27780577868335554
2019-10-30,0.2845113144213582
2019-10-31,0.2878536992646687
2019-11-01,0.28678919980306866
2019-11-04,0.28641059638857463
2019-11-05,0.27908337269532574
2019-11-06,0.2734444097261888
2019-11-07,0.26665944349013215
2019-11-08,0.2608643376975748
2019-11-11,0.261615499822954
2019-11-12,0.25859511491432524
2019-11-13,0.2611344911050665
2019-11-14,0.2574261257584271
2019-11-15,0.25985513437729507
2019-11-18,0.26112860922255926
2019-11-19,0.25288692218447134
2019-11-20,0.24873000856688765
2019-11-21,0.2446149946305771
2019-11-22,0.24465485859767636
2019-11-25,0.254555215586585
2019-11-26,0.2538760248029559
2019-11-27,0.25045305052668687
2019-11-28,0.24431628765346564
2019-11-29,0.24559771633166597
2019-12-02,0.24550711719415225
2019-12-03,0.243984131396087
2019-12-04,0.2433048733891349
2019-12-05,0.23573655619108724
2019-12-06,0.2331597888170418
2019-12-09,0.23682411686875907
2019-12-10,0.23702248113382676
2019-12-11,0.23761830915344334
2019-12-12,0.23938287339556744
2019-12-13,0.23570074299324387
2019-12-16,0.2354426416346342
2019-12-17,0.23640679413746404
2019-12-18,0.23946557732839782
2019-12-19,0.24043051326500745
2019-12-20,0.24524823347836422
2019-12-23,0.25105140771297346
2019-12-24,0.2503474076345424
2019-12-25,0.24784741201563287
2019-12-26,0.24561940964711806
2019-12-27,0.25125262722810554
2019-12-30,0.25790004592368504
2019-12-31,0.25454729139335713
2020-01-02,0.2537865293248939
2020-01-03,0.29179535723532807
2020-01-06,0.3007725515359715
2020-01-07,0.301528914103156
2020-01-08,0.30571182522879153
2020-01-09,0.3078911350783812
2020-01-10,0.30331991507430317
2020-01-13,0.30419803444201704
2020-01-14,0.3196548336171713
2020-01-15,0.32005276488281564
2020-01-16,0.318365214208183
2020-01-17,0.31981478746877395
2020-01-20,0.3247027129271371
2020-01-21,0.3335429088413603
2020-01-22,0.3369150631322134
2020-01-23,0.3466868472831492
2020-02-03,0.40042919747407246
2020-02-04,0.47006543679378276
2020-02-05,0.47235463780811743
2020-02-06,0.4653065636158247
2020-02-07,0.46265341354935546
2020-02-10,0.45916519543397305
2020-02-11,0.4524051279954391
2020-02-12,0.4343977124336517
2020-02-13,0.42607926360981807
2020-02-14,0.41504647055299687
2020-02-17,0.40515871479705184
2020-02-18,0.3931762947278858
2020-02-19,0.4075891965115046
2020-02-20,0.4005816746099239
2020-02-21,0.3880973684224554
2020-02-24,0.4074670127779361
2020-02-25,0.4127367570237621
2020-02-26,0.43341097215258817
2020-02-27,0.4310141850302262
2020-02-28,0.43263595151123646
2020-03-02,0.42276170995692947
2020-03-03,0.4282203760377342
2020-03-04,0.41853141192417653
2020-03-05,0.41667478290973264
2020-03-06,0.4117697683376362
2020-03-09,0.4212101540296666
2020-03-10,0.41324689878405296
2020-03-11,0.40731945392656693
2020-03-12,0.40563238882610214
2020-03-13,0.40673225177504396
2020-03-16,0.4101218510730646
2020-03-17,0.411547869055782
2020-03-18,0.4012628789787198
2020-03-19,0.39370503596026263
2020-03-20,0.3801302595058483
2020-03-23,0.3845139207289587
2020-03-24,0.3781801808375463
2020-03-25,0.36612605447632823
2020-03-26,0.359108585205336
2020-03-27,0.3589874111044334
2020-03-30,0.3633270779316655
2020-03-31,0.36086454972266374
2020-04-01,0.35573938027341984
2020-04-02,0.3421589411007888
2020-04-03,0.3348877397344591
2020-04-07,0.32330591652738416
2020-04-08,0.3209755474203149
2020-04-09,0.31714128069519687
2020-04-10,0.31762915726082874
2020-04-13,0.32015306762051204
2020-04-14,0.3105682282230932
2020-04-15,0.3106070742426367
2020-04-16,0.30759723922141896
2020-04-17,0.3060833675187423
2020-04-20,0.30805468548884546
2020-04-21,0.30557154335178166
2020-04-22,0.3319652038757842
2020-04-23,0.32954531703208306
2020-04-24,0.33464253195634375
2020-04-27,0.34699673256545405
2020-04-28,0.36218735798228313
2020-04-29,0.36768708343859896
2020-04-30,0.3647119978253506
2020-05-06,0.3607746659023464
2020-05-07,0.35043872161545575
2020-05-08,0.33733671517914776
2020-05-11,0.3312844712475726
2020-05-12,0.3227629587131903
2020-05-13,0.3165164190951493
2020-05-14,0.311799551557987
2020-05-15,0.30618819378943024
2020-05-18,0.31889298403208505
2020-05-19,0.31640869210685146
2020-05-20,0.31429575491251316
2020-05-21,0.3177671897323364
2020-05-22,0.31647508103967226
2020-05-25,0.3186678016578325
2020-05-26,0.31006380111038934
2020-05-27,0.30933911408201953
2020-05-28,0.30479600740514
2020-05-29,0.3035849094231613
2020-06-01,0.2975369105687327
2020-06-02,0.2958589954475527
2020-06-03,0.2947520982928976
2020-06-04,0.2936419301642255
2020-06-05,0.2926760153555048
2020-06-08,0.2966092466367566
2020-06-09,0.29113591299284913
2020-06-10,0.29408679084364875
2020-06-11,0.28975972070897177
2020-06-12,0.2918955720213327
2020-06-15,0.2965409016160478
2020-06-16,0.28949600613351556
2020-06-17,0.2890234995271404
2020-06-18,0.2865915428940304
2020-06-19,0.28050203435244336
2020-06-22,0.28119601642018394
2020-06-23,0.28652968176697624
2020-06-24,0.28561894376502694
2020-06-29,0.2895476636267769
2020-06-30,0.28544834081750947
2020-07-01,0.28728530880181496
2020-07-02,0.2929911678190431
2020-07-03,0.2944525701779448
2020-07-06,0.2950184559730863
2020-07-07,0.33245033520564155
2020-07-08,0.3331247842122499
2020-07-09,0.33929159104719686
2020-07-10,0.35395858791913737
2020-07-13,0.3504922531244057
2020-07-14,0.3800332415491722
2020-07-15,0.39398858332653347
2020-07-16,0.3844840025126789
2020-07-17,0.38142999677188677
2020-07-20,0.37608596105016295
2020-07-21,0.3727939922856534
2020-07-22,0.3626267702421145
2020-07-23,0.371855870071636
2020-07-24,0.3641660355920631
2020-07-27,0.36664413729692946
2020-07-28,0.3577465527090171
2020-07-29,0.3602904781694179
2020-07-30,0.3590591567852482
2020-07-31,0.35390204925934493
2020-08-03,0.3552336900233279
2020-08-04,0.36290323943218744
2020-08-05,0.3598585923342478
2020-08-06,0.35390170228313095
2020-08-07,0.3532202612002191
2020-08-10,0.35916971319110896
2020-08-11,0.35572736038668423
2020-08-12,0.3558839777662438
2020-08-13,0.35854523338610017
2020-08-14,0.34974225135696724
2020-08-17,0.3398884461172965
2020-08-18,0.3342194145179699
2020-08-19,0.3333544369567348
2020-08-20,0.3301058946301126
2020-08-21,0.326637603281618
2020-08-24,0.32857093022251443
2020-08-25,0.33443447882716415
2020-08-26,0.33572752333640665
2020-08-27,0.33664327866922716
2020-08-28,0.3345793928497579
2020-08-31,0.33458166059314115
2020-09-01,0.32714935244447735
2020-09-02,0.32769086449045903
2020-09-03,0.32525410593413306
2020-09-04,0.31885726433654454
2020-09-07,0.32121331154908705
2020-09-08,0.3403356714929469
2020-09-09,0.35034329930019675
2020-09-10,0.3675196441365226
2020-09-11,0.3621381362390434
2020-09-14,0.40835289596531577
2020-09-15,0.3955297668307513
2020-09-16,0.391692294927611
2020-09-17,0.3819803164730772
2020-09-18,0.37148709074093006
2020-09-21,0.36091045933079885
2020-09-22,0.3455477809337293
2020-09-23,0.33765977933420205
2020-09-24,0.32807922714931714
2020-09-25,0.3243095406373433
2020-09-28,0.32737952127670134
2020-09-29,0.3234582968747505
2020-09-30,0.31666820734346807
2020-10-09,0.31710148865818083
2020-10-12,0.31313225439084563
2020-10-13,0.308162783165818
2020-10-14,0.3088442785711925
2020-10-15,0.30940704905595623
2020-10-16,0.3074554430840934
2020-10-19,0.30446773242415137
2020-10-20,0.29796350452977793
2020-10-21,0.29516076054874296
2020-10-22,0.29144037356696073
2020-10-23,0.305152077477939
2020-10-26,0.314686656511006
2020-10-27,0.3511055506773802
2020-10-28,0.35272934129869926
2020-10-29,0.35866114679440314
2020-10-30,0.3714080965109876
2020-11-02,0.39686747617363954
2020-11-03,0.39034174907905517
2020-11-04,0.38038028359602044
2020-11-05,0.3758791916413039
2020-11-06,0.3728564041802057
2020-11-09,0.3675163250074295
2020-11-10,0.3671695497513179
2020-11-11,0.3649128138916722
2020-11-12,0.3631600691841195
2020-11-13,0.35675152882854516
2020-11-16,0.3560374581227882
2020-11-17,0.35275018304730865
2020-11-18,0.3491909617658681
2020-11-19,0.3441856352717891
2020-11-20,0.3365095773036479
2020-11-23,0.3336489042963138
2020-11-24,0.3263592018236581
2020-11-25,0.31981812787733815
2020-11-26,0.3180697629758079
2020-11-27,0.32186980779311686
2020-11-30,0.3293318776005814
2020-12-01,0.32343484404551753
2020-12-02,0.32093070018814823
2020-12-03,0.31836129923062423
2020-12-04,0.3138501755822104
2020-12-07,0.31333175666879715
2020-12-08,0.30642446834036935
2020-12-09,0.3075144209234454
2020-12-10,0.31144631377929194
2020-12-11,0.3167389396157807
2020-12-14,0.32053565787731914
2020-12-15,0.3241991945267485
2020-12-16,0.3276102239518883
2020-12-17,0.3528919841050654
2020-12-18,0.35238618251016546
2020-12-21,0.3557311456033353
2020-12-22,0.3571052950108206
2020-12-23,0.3604161567848268
2020-12-24,0.37165180111421187
2020-12-25,0.37643140148972043
2020-12-28,0.38628590560833015
2020-12-29,0.3910952284848159
2020-12-30,0.38220275766231837
2020-12-31,0.3718659483279091
2021-01-04,0.38631983327933384
2021-01-05,0.3911899464019749
2021-01-06,0.40305901923412285
2021-01-07,0.41636094377095706
2021-01-08,0.41708134744140274
2021-01-11,0.4311071857545126
2021-01-12,0.4228179173493117
2021-01-13,0.4297373635162583
2021-01-14,0.43473656625601786
2021-01-15,0.43031665545027226
2021-01-18,0.4211940945216295
2021-01-19,0.41790855594904774
2021-01-20,0.40825048823835125
2021-01-21,0.402364314511359
2021-01-22,0.4083471452766672
2021-01-25,0.42424219722759193
2021-01-26,0.4218193308187283
2021-01-27,0.4206013664860078
2021-01-28,0.4148628762101738
2021-01-29,0.41250978248787856
2021-02-01,0.43205172084526416
2021-02-02,0.432441621257822
2021-02-03,0.43175987539855565
2021-02-04,0.43039762346679233
2021-02-05,0.4294248556925239
2021-02-08,0.4238377974199525
2021-02-09,0.4125048626073223
2021-02-10,0.42268699644583463
2021-02-18,0.41927397954389184
2021-02-19,0.4117673248485992
2021-02-22,0.40616265260010426
2021-02-23,0.39837886858805643
2021-02-24,0.3866401459273907
2021-02-25,0.379639054580845
2021-02-26,0.3732969945801556
2021-03-01,0.3661202857824323
2021-03-02,0.36096199800921014
2021-03-03,0.3548724909309911
2021-03-04,0.3519793461694495
2021-03-05,0.34758541019022055
2021-03-08,0.3506078147714721
2021-03-09,0.35689983971190553
2021-03-10,0.35428033026488365
2021-03-11,0.3463306062359901
2021-03-12,0.3417215898238964
2021-03-15,0.3460914272276391
2021-03-16,0.34070075686362516
2021-03-17,0.3389367332411371
2021-03-18,0.33420607802748165
2021-03-19,0.33568580151056
2021-03-22,0.33484962066248625
2021-03-23,0.3418462287673205
2021-03-24,0.3481467157458242
2021-03-25,0.36109963122431044
2021-03-26,0.3510387468323383
2021-03-29,0.3479023182909333
2021-03-30,0.3516228357668308
2021-03-31,0.3510945330531061
2021-04-01,0.34871626422115803
2021-04-02,0.35455489893602726
2021-04-06,0.3495372114871733
2021-04-07,0.3443952722836321
2021-04-08,0.3408576024002665
2021-04-09,0.33674223941545667
2021-04-12,0.3416316659911843
2021-04-13,0.3454427115540251
2021-04-14,0.3420132491934111
2021-04-15,0.34023455000540737
2021-04-16,0.33895342591144617
2021-04-19,0.3434578876129951
2021-04-20,0.338658449595185
2021-04-21,0.33349389181870315
2021-04-22,0.33029392959852505
2021-04-23,0.3288151127709682
2021-04-26,0.3347191857105827
2021-04-27,0.34264639341270814
2021-04-28,0.3535195407543824
2021-04-29,0.3565995658686789
2021-04-30,0.3665815885903872
2021-05-06,0.3625083722923641
2021-05-07,0.3595898026117406
2021-05-10,0.35900352927315
2021-05-11,0.3606598807247529
2021-05-12,0.3514645565756301
2021-05-13,0.34208014011312105
2021-05-14,0.3375706796286791
2021-05-17,0.34104738661206946
2021-05-18,0.33898404756678324
2021-05-19,0.33426108430899215
2021-05-20,0.3310108265555722
2021-05-21,0.36128655790469577
2021-05-24,0.37440989399717545
2021-05-25,0.3638719806504305
2021-05-26,0.3578030309287644
2021-05-27,0.35607084456281063
2021-05-28,0.3565661758335684
2021-05-31,0.35885824930897076
2021-06-01,0.36682483099113805
2021-06-02,0.385912433806024
2021-06-03,0.383397010454462
2021-06-04,0.38111020000590756
2021-06-07,0.38270484642029373
2021-06-08,0.3821843933469427
2021-06-09,0.37695134525532253
2021-06-10,0.3733728934380712
2021-06-11,0.3787399732704448
2021-06-15,0.3891235580411022
2021-06-16,0.3880062321479921
2021-06-17,0.3855380455868373
2021-06-18,0.3831891492935463
2021-06-21,0.38782751812576305
2021-06-22,0.3846601024886527
2021-06-23,0.37843736950101375
2021-06-24,0.3797638281494918
2021-06-25,0.3731835374913387
2021-06-28,0.3750492536111449
2021-06-29,0.36873422274532214
2021-06-30,0.36448977877954764
2021-07-01,0.3675463418401855
2021-07-02,0.36531370180819783
2021-07-05,0.3716016481761144
2021-07-06,0.3785119317083517
2021-07-07,0.3671403116407255
2021-07-08,0.3864723070811839
2021-07-09,0.38202453945379056
2021-07-12,0.3831873872278408
2021-07-13,0.3844315679663479
2021-07-14,0.38761588547417336
2021-07-15,0.39043705300852594
2021-07-16,0.385984029493294
2021-07-19,0.4137825134010507
2021-07-20,0.40417934531707783
2021-07-21,0.4005273267705037
2021-07-22,0.4079014548306372
2021-07-23,0.41191766108788513
2021-07-26,0.42744502476857904
2021-07-27,0.44929506321291707
2021-07-28,0.45541489782229433
2021-07-29,0.45097237855341943
2021-07-30,0.4578795861444214
2021-08-02,0.45702447743074626
2021-08-03,0.45633943204880967
2021-08-04,0.44740514589467745
2021-08-05,0.47932115390492014
2021-08-06,0.4730648153681747
2021-08-09,0.4730647749024871
2021-08-10,0.4636487285251225
2021-08-11,0.45568561329067453
2021-08-12,0.449280277812155
2021-08-13,0.4584681270413432
2021-08-16,0.46135707407085347
2021-08-17,0.4550041162063458
2021-08-18,0.45752979965623375
2021-08-19,0.453880104502969
2021-08-20,0.4529085556478168
2021-08-23,0.45331241789498283
2021-08-24,0.4479450258026585
2021-08-25,0.44564576669112554
2021-08-26,0.4455234151695573
2021-08-27,0.4453006826687933
2021-08-30,0.45730580830383766
2021-08-31,0.45900542150992873
2021-09-01,0.46171574434367385
2021-09-02,0.4706579638852806
2021-09-03,0.4668697472868275
2021-09-06,0.4722773581240117
2021-09-07,0.4543716323333113
2021-09-08,0.4510465333755286
2021-09-09,0.444155960627058
2021-09-10,0.43511987916980455
2021-09-13,0.4344273979522579
2021-09-14,0.4277737561055558
2021-09-15,0.4214805214448554
2021-09-16,0.41932709282488934
2021-09-17,0.41926718931111767
2021-09-22,0.42296325435142595
2021-09-23,0.4233611739005073
2021-09-24,0.4260165000988928
2021-09-27,0.4414715990605999
2021-09-28,0.43273112252796725
2021-09-29,0.4221204720645637
2021-09-30,0.4126980095546337
2021-10-08,0.41866531340708096
2021-10-11,0.41895575224060627
2021-10-12,0.40779564496057774
2021-10-13,0.41350847797580165
2021-10-14,0.4061134848408979
2021-10-15,0.4087606861290517
2021-10-18,0.40379241726823834
2021-10-19,0.39499357980357747
2021-10-20,0.38630088267615825
2021-10-21,0.378385724453264
2021-10-22,0.3759767290978735
2021-10-25,0.37471016577392385
2021-10-26,0.3722376962938893
2021-10-27,0.3798266259675379
2021-10-28,0.39412721568181996
2021-10-29,0.39868070445390613
2021-11-01,0.41369593051132886
2021-11-02,0.4079913393058432
2021-11-03,0.3943913789129585
2021-11-04,0.40286390277905154
2021-11-05,0.4003847124238071
2021-11-08,0.3959608656621995
2021-11-09,0.3858951825452067
2021-11-10,0.37902568268675413
2021-11-11,0.38644393631556045
2021-11-12,0.38786243897820033
2021-11-15,0.3943722700023918
2021-11-16,0.4105808217873261
2021-11-17,0.40522251581736446
2021-11-18,0.4010671472224726
2021-11-19,0.3959093865795825
2021-11-22,0.38690217972187574
2021-11-23,0.38420959144538885
2021-11-24,0.3813622266007561
2021-11-25,0.38114418057244054
2021-11-26,0.3787537101542882
2021-11-29,0.3836553497600236
2021-11-30,0.3816374612723943
2021-12-01,0.37922163004694803
2021-12-02,0.37803236903605947
2021-12-03,0.3780643215633357
2021-12-06,0.38084353166595625
2021-12-07,0.38272371371921926
2021-12-08,0.3793772939856585
2021-12-09,0.3782729762893081
2021-12-10,0.375267678918885
2021-12-13,0.37424505734454194
2021-12-14,0.3730875811551397
2021-12-15,0.3725482487990055
2021-12-16,0.3676277835136618
2021-12-17,0.37130634536860646
2021-12-20,0.37867072847520783
2021-12-21,0.3783644442162629
2021-12-22,0.3794598784474478
2021-12-23,0.3712188133780016
2021-12-24,0.37338294197400795
2021-12-27,0.3781456117956641
2021-12-28,0.3729090296153797
2021-12-29,0.3658907023474696
2021-12-30,0.36142422445336864
2021-12-31,0.3569302253278639
2022-01-04,0.3629171290665939
2022-01-05,0.3652507482234158
2022-01-06,0.36447246210423234
2022-01-07,0.3632619736763066
2022-01-10,0.3616655427356025
2022-01-11,0.35640869440629186
2022-01-12,0.35030101188308166
2022-01-13,0.3446596505216715
2022-01-14,0.3572313594361848
2022-01-17,0.3594950206531806
2022-01-18,0.36096587610300623
2022-01-19,0.38967958844610323
2022-01-20,0.42675503949348126
2022-01-21,0.4417326867491267
2022-01-24,0.46233361742806783
2022-01-25,0.4576164210726894
2022-01-26,0.4580469205627851
2022-01-27,0.4538551400939644
2022-01-28,0.46114916949553136
2022-02-07,0.4898912449922976
2022-02-08,0.47884776765883474
2022-02-09,0.4656474081422016
2022-02-10,0.45298222987735054
2022-02-11,0.4470054254378947
2022-02-14,0.44226142540632757
2022-02-15,0.4423395388352033
2022-02-16,0.4315448506915643
2022-02-17,0.42400542723343143
2022-02-18,0.41261723213545237
2022-02-21,0.40980197130306384
2022-02-22,0.42126791638895106
2022-02-23,0.4226110694550934
2022-02-24,0.4306558791440011
2022-02-25,0.42628659917024797
2022-02-28,0.4261340089793834
2022-03-01,0.4162270129959819
2022-03-02,0.40562292596576976
2022-03-03,0.4069270028336351
2022-03-04,0.40601402064710385
2022-03-07,0.40967545545261397
2022-03-08,0.4173558639928782
2022-03-09,0.42664434915219934
2022-03-10,0.44297431816144933
2022-03-11,0.44789862587323637
2022-03-14,0.4489439642743718
2022-03-15,0.4557762102614932
2022-03-16,0.4554329285882138
2022-03-17,0.4576966911112085
2022-03-18,0.45531601853725445
2022-03-21,0.4538609734462734
2022-03-22,0.44853725574331527
2022-03-23,0.44168489740592753
2022-03-24,0.4344459460056997
2022-03-25,0.42967924319471884
2022-03-28,0.42597730822896435
2022-03-29,0.4208769246987026
2022-03-30,0.41594461169510366
2022-03-31,0.41469020152790553
2022-04-01,0.41566430554223943
2022-04-06,0.4173073764941206
2022-04-07,0.41423058959084663
2022-04-08,0.4179083718143209
2022-04-11,0.42422832943666966
2022-04-12,0.4248571790446481
2022-04-13,0.43199563070541686
2022-04-14,0.42972568352556173
2022-04-15,0.4292306107192181
2022-04-18,0.43380401893399445
2022-04-19,0.42607838869385006
2022-04-20,0.4222284414296612
2022-04-21,0.41842517982210115
2022-04-22,0.43135453131303186
2022-04-25,0.4431084953751721
2022-04-26,0.4684915743407331
2022-04-27,0.49615654775020673
2022-04-28,0.5210188927348325
2022-04-29,0.5200843482313877
2022-05-05,0.5185710537663969
2022-05-06,0.5036913416921365
2022-05-09,0.487041937776449
2022-05-10,0.46906634802360464
2022-05-11,0.45889831599478964
2022-05-12,0.4425009264397679
2022-05-13,0.43094285400811855
2022-05-16,0.4208484432865188
2022-05-17,0.4099615841102781
2022-05-18,0.3996611072297974
2022-05-19,0.3881548170551041
2022-05-20,0.3850499286184388
2022-05-23,0.3788361764695414
2022-05-24,0.37521215182965933
2022-05-25,0.36927942285954496
2022-05-26,0.3596497320959747
2022-05-27,0.35675691253855446
2022-05-30,0.37598746564013463
2022-05-31,0.37689872883403114
2022-06-01,0.3830460325451472
2022-06-02,0.3874437298992835
2022-06-06,0.38837095076317435
2022-06-07,0.3793089591262199
2022-06-08,0.3705548526286829
2022-06-09,0.3646120128381947
2022-06-10,0.3604920296707441
2022-06-13,0.36303136121899904
2022-06-14,0.3593345571749002
2022-06-15,0.36133778215832485
2022-06-16,0.36203049256406367
2022-06-17,0.38637739944393495
2022-06-20,0.3935435417974768
2022-06-21,0.39086993046127655
2022-06-22,0.3883227977249627
2022-06-23,0.3838570247638168
2022-06-24,0.3872181175353604
2022-06-27,0.3913374758173789
2022-06-28,0.39636316359793966
2022-06-29,0.3963491544879044
2022-06-30,0.3945904113898535
2022-07-01,0.3957318311601177
2022-07-04,0.3942054346394845
2022-07-05,0.3858327581166654
2022-07-06,0.38242003153186566
2022-07-07,0.3785592871011462
2022-07-08,0.37487944203592366
2022-07-11,0.37170420640957347
2022-07-12,0.36689609921696903
2022-07-13,0.3623065317430302
2022-07-14,0.3652997715478621
2022-07-15,0.3724586626461764
2022-07-18,0.37002601063742846
2022-07-19,0.360142386781376
2022-07-20,0.3539911067044588
2022-07-21,0.3477052177384895
2022-07-22,0.338760128281042
2022-07-25,0.3349642893956697
2022-07-26,0.32589508240710224
2022-07-27,0.32197831426088885
2022-07-28,0.3195247856917144
2022-07-29,0.3186052505398523
2022-08-01,0.32053067825743964
2022-08-02,0.3538147017527923
2022-08-03,0.35541925830398874
2022-08-04,0.35202690799669906
2022-08-05,0.37695885967092413
2022-08-08,0.38495434869559114
2022-08-09,0.37915888564891326
2022-08-10,0.3702831174385763
2022-08-11,0.36727973987244333
2022-08-12,0.36306292875567625
2022-08-15,0.36096674859060685
2022-08-16,0.3553287343386677
2022-08-17,0.3546951485980532
2022-08-18,0.3867776524550681
2022-08-19,0.391480062262627
2022-08-22,0.40074173460898893
2022-08-23,0.3981043169463165
2022-08-24,0.39393488566467677
2022-08-25,0.39729581114092477
2022-08-26,0.4056163435784943
2022-08-29,0.40605076003626506
2022-08-30,0.39973611823303445
2022-08-31,0.39688531344704964
2022-09-01,0.3915492250712555
2022-09-02,0.384553540659802
2022-09-05,0.37929721871099975
2022-09-06,0.373418851507761
2022-09-07,0.36890356244392425
2022-09-08,0.36114671018881284
2022-09-09,0.35264168492427106
2022-09-13,0.3493292845996899
2022-09-14,0.3405344472345166
2022-09-15,0.33717967128437704
2022-09-16,0.33773927766872297
2022-09-19,0.3413282798514224
2022-09-20,0.33315612917683307
2022-09-21,0.3249105903170295
2022-09-22,0.3193110206046752
2022-09-23,0.31547919735556906
2022-09-26,0.31713501357886115
2022-09-27,0.3252178602334797
2022-09-28,0.32111803627895674
2022-09-29,0.31892959055516223
2022-09-30,0.3194155588663704
2022-10-10,0.33225964800392965
2022-10-11,0.334747667539992
2022-10-12,0.3304026993420922
2022-10-13,0.33446912023763004
2022-10-14,0.3356876503059774
2022-10-17,0.3478667772616364
2022-10-18,0.34434358205854254
2022-10-19,0.33958267904959294
2022-10-20,0.3365741250590536
2022-10-21,0.33802059933363293
2022-10-24,0.3411640496158664
2022-10-25,0.34749524441731894
2022-10-26,0.3511192345351491
2022-10-27,0.37406772479281925
2022-10-28,0.38057934824685835
2022-10-31,0.4247501282193288
2022-11-01,0.41877509811777225
2022-11-02,0.41190328761605516
2022-11-03,0.40113399715599185
2022-11-04,0.3869993809898943
2022-11-07,0.38006531235186053
2022-11-08,0.3653825906942779
2022-11-09,0.35638286226627836
2022-11-10,0.3533881144499912
2022-11-11,0.3536778554392078
2022-11-14,0.3594213353065381
2022-11-15,0.35948365258453324
2022-11-16,0.3528509146634411
2022-11-17,0.34127362833268865
2022-11-18,0.33934758961119277
2022-11-21,0.33972039489274214
2022-11-22,0.334922201577165
2022-11-23,0.3344611899859946
2022-11-24,0.3272949263946521
2022-11-25,0.32131365404896683
2022-11-28,0.3201763342601416
2022-11-29,0.3191619357825578
2022-11-30,0.3150242516412126
2022-12-01,0.33524158807336146
2022-12-02,0.3305153541711196
2022-12-05,0.33522124877886506
2022-12-06,0.33312486212623976
2022-12-07,0.3341562030952187
2022-12-08,0.33265399815899105
2022-12-09,0.3351923790711618
2022-12-12,0.3381398657390241
2022-12-13,0.33000884879041703
2022-12-14,0.3277695342419688
2022-12-15,0.32297929821437077
2022-12-16,0.3191865071641134
2022-12-19,0.3158315687751155
2022-12-20,0.31115298581824585
2022-12-21,0.3036076408921981
2022-12-22,0.3022550517828305
2022-12-23,0.3002772323631499
2022-12-26,0.3020158386374738
2022-12-27,0.3041747345573625
2022-12-28,0.29906297025386347
2022-12-29,0.29583065616467086
2022-12-30,0.2895726387499423
2023-01-03,0.3109196815270209
2023-01-04,0.3089134381219182
2023-01-05,0.3145434793037968
2023-01-06,0.3113897497329867
2023-01-09,0.31113838071868727
2023-01-10,0.3053115759535552
2023-01-11,0.301232093088576
2023-01-12,0.29578888710835405
2023-01-13,0.2928085304691128
2023-01-16,0.29732642090116346
2023-01-17,0.2939883896049731
2023-01-18,0.2876029515559203
2023-01-19,0.28135679405931885
2023-01-20,0.2817829008857005
2023-01-30,0.28980300071543563
2023-01-31,0.29484693672017764
2023-02-01,0.2932192042995038
2023-02-02,0.29446891329926966
2023-02-03,0.2885275025801409
2023-02-06,0.29750356242498693
2023-02-07,0.3033499522471599
2023-02-08,0.2954848579711987
2023-02-09,0.2912184302928812
2023-02-10,0.2859124287381512
2023-02-13,0.2911733322724044
2023-02-14,0.2896372367335723
2023-02-15,0.2866865983047669
2023-02-16,0.2859170335354043
2023-02-17,0.28314147210610335
2023-02-20,0.28305482299743934
2023-02-21,0.2762260237868293
2023-02-22,0.27067709653107336
2023-02-23,0.2659083396015317
2023-02-24,0.25868650848141195
2023-02-27,0.25740743419085105
2023-02-28,0.2520520193101973
2023-03-01,0.25020950375728046
2023-03-02,0.24840782347111284
2023-03-03,0.2469692458610816
2023-03-06,0.2505680998372635
2023-03-07,0.24513773749767
2023-03-08,0.240903275834118
2023-03-09,0.24230779047487255
2023-03-10,0.24150130766791392
2023-03-13,0.2475842091239924
2023-03-14,0.25111349578725084
2023-03-15,0.2595992808433778
2023-03-16,0.259117195334505
2023-03-17,0.30898934393806343
2023-03-20,0.32463766303459984
2023-03-21,0.3408527124532132
2023-03-22,0.33466434517193183
2023-03-23,0.3375822475781873
2023-03-24,0.3331156939464564
2023-03-27,0.33860930249265053
2023-03-28,0.3390037835656549
2023-03-29,0.335797620317609
2023-03-30,0.3334881886950426
2023-03-31,0.3320840316801343
2023-04-03,0.33661693346658306
2023-04-04,0.33888802846444926
2023-04-06,0.34142072756075814
2023-04-07,0.3403183949736691
2023-04-10,0.34595326967009105
2023-04-11,0.33925742503536915
2023-04-12,0.33069438210413166
2023-04-13,0.3269725771405243
2023-04-14,0.3257144965164941
2023-04-17,0.3253403010538633
2023-04-18,0.32052461996502035
2023-04-19,0.3164944754455641
2023-04-20,0.3187460954455444
2023-04-21,0.32665903693008336
2023-04-24,0.33435961721003316
2023-04-25,0.3483278850544098
2023-04-26,0.36080309295819485
2023-04-27,0.36422408055550426
2023-04-28,0.3706054138675584
2023-05-04,0.37902281891197165
2023-05-05,0.36362720213444466
2023-05-08,0.35626439950671407
2023-05-09,0.34615947730838625
2023-05-10,0.33469506971848684
2023-05-11,0.3248221321332544
2023-05-12,0.3141603172424816
2023-05-15,0.3070179129190218
2023-05-16,0.30254234016253867
2023-05-17,0.29344378627211976
2023-05-18,0.2865243412855598
2023-05-19,0.279795790342183
2023-05-22,0.27706712092371166
2023-05-23,0.26939319287117836
2023-05-24,0.2634767646506568
2023-05-25,0.25887799720772203
2023-05-26,0.2593835981252613
2023-05-29,0.26349726998989687
2023-05-30,0.2601057233209632
2023-05-31,0.25905906304398124
2023-06-01,0.259536697389332
2023-06-02,0.25999672785002387
2023-06-05,0.25781451818817647
2023-06-06,0.25646188549114135
2023-06-07,0.29868792121748466
2023-06-08,0.29515329765538606
2023-06-09,0.30544383844154277
2023-06-12,0.31050158815960616
2023-06-13,0.30505460585004457
2023-06-14,0.3031427028742715
2023-06-15,0.321600218616607
2023-06-16,0.3194723965487053
2023-06-19,0.319131310868835
2023-06-20,0.3116490079818481
2023-06-21,0.31045628941563497
2023-06-26,0.31364244581796946
2023-06-27,0.3115882507686001
2023-06-28,0.3045884345229062
2023-06-29,0.3024206313014615
2023-06-30,0.29912714238260557
2023-07-03,0.3076291143724473
2023-07-04,0.3018255720735134
2023-07-05,0.29466536072539584
2023-07-06,0.2842286733705526
2023-07-07,0.2762621973192453
2023-07-10,0.27580638593099344
2023-07-11,0.271210357546602
2023-07-12,0.2686742064139061
2023-07-13,0.2667800687304488
2023-07-14,0.2660465156451232
2023-07-17,0.27036372597805897
2023-07-18,0.2649756680913238
2023-07-19,0.25790582062924666
2023-07-20,0.2502304586209425
2023-07-21,0.24880663996114535
2023-07-24,0.24608986569067168
2023-07-25,0.24968226292212584
2023-07-26,0.24847582139714186
2023-07-27,0.24707760932146486
2023-07-28,0.24804287160347355
2023-07-31,0.25413153624371726
2023-08-01,0.2560865325599811
2023-08-02,0.24998657107101246
2023-08-03,0.24550451019822805
2023-08-04,0.24206855068020677
2023-08-07,0.24108915814838278
2023-08-08,0.23936818297276732
2023-08-09,0.23399341255784076
2023-08-10,0.23023213753010557
2023-08-11,0.22649380821520512
2023-08-14,0.22738019833958764
2023-08-15,0.2254400129119571
2023-08-16,0.22265619563852473
2023-08-17,0.2284839021264523
2023-08-18,0.23241975616197527
2023-08-21,0.23291460168983938
2023-08-22,0.2396946991530106
2023-08-23,0.24170111514855053
2023-08-24,0.2754907478744796
2023-08-25,0.28003007189605345
2023-08-28,0.29038104209509163
2023-08-29,0.30143943747547663
2023-08-30,0.3008537767748178
2023-08-31,0.294592351899482
2023-09-01,0.2887232258283917
2023-09-04,0.2820716800908924
2023-09-05,0.2723963436691389
2023-09-06,0.2674233509162259
2023-09-07,0.2573647901510367
2023-09-08,0.2534153535428004
2023-09-11,0.25374919534039353
2023-09-12,0.2457702493335121
2023-09-13,0.23625658462946847
2023-09-14,0.22987196422727044
2023-09-15,0.22665984592206362
2023-09-18,0.22681260981657084
2023-09-19,0.2202848684235589
2023-09-20,0.2130306337829765
2023-09-21,0.20543243555300233
2023-09-22,0.20487922678724474
2023-09-25,0.20532303807639762
2023-09-26,0.20376094496797587
2023-09-27,0.20757094161560585
2023-09-28,0.2104208173987054
2023-10-09,0.2216963148928168
2023-10-10,0.22349886708211553
2023-10-11,0.22239273910527402
2023-10-12,0.22225802286128207
2023-10-13,0.2219727538758451
2023-10-16,0.22855157801589676
2023-10-17,0.22923491565764545
2023-10-18,0.22636383121673614
2023-10-19,0.22523844912384036
2023-10-20,0.2255674543899728
2023-10-23,0.2312876179329301
2023-10-24,0.26804325471644314
2023-10-25,0.27695536172148166
2023-10-26,0.27959161136321886
2023-10-27,0.2890187315629535
2023-10-30,0.3016277868158548
2023-10-31,0.29742236351034645
2023-11-01,0.283776777336265
2023-11-02,0.27903290449328505
2023-11-03,0.2714791087508457
2023-11-06,0.26959514061260886
2023-11-07,0.263632403426152
2023-11-08,0.2531524714065845
2023-11-09,0.24750218023141157
2023-11-10,0.24829605367843152
2023-11-13,0.2398603812625825
2023-11-14,0.232797879008129
2023-11-15,0.22937226701391988
2023-11-16,0.22235115905171318
2023-11-17,0.21940787781829507
2023-11-20,0.22189423097505306
2023-11-21,0.21912958413795955
2023-11-22,0.2165522273049865
2023-11-23,0.21768768723624723
2023-11-24,0.2133086517157142
2023-11-27,0.2171673917202203
2023-11-28,0.23242153076552732
2023-11-29,0.22991797612837736
2023-11-30,0.22972092351685755
2023-12-01,0.23097527253357053
2023-12-04,0.23458067355943288
2023-12-05,0.2306398595995407
2023-12-06,0.23054142922590912
2023-12-07,0.22964632536055296
2023-12-08,0.2351060447567803
2023-12-11,0.23807050906723498
2023-12-12,0.23437200078280507
2023-12-13,0.23218857147751665
2023-12-14,0.2248083995587135
2023-12-15,0.2206846782031895
2023-12-18,0.21966418535659005
2023-12-19,0.21716505675953318
2023-12-20,0.2151568752857601
2023-12-21,0.21424693248932164
2023-12-22,0.2144504310758705
2023-12-25,0.21808256622540362
2023-12-26,0.21631632332835277
2023-12-27,0.21604185635422699
2023-12-28,0.22209222867561748
2023-12-29,0.2240631732362462
2024-01-02,0.2255291563775332
2024-01-03,0.22201734386166064
2024-01-04,0.21796490768318078
2024-01-05,0.21804762381972648
2024-01-08,0.21575982285116901
2024-01-09,0.21484599995985446
2024-01-10,0.21271432507430665
2024-01-11,0.22357363773215844
2024-01-12,0.23997291699157652
2024-01-15,0.2417367744377562
2024-01-16,0.2367421856934719
2024-01-17,0.2355965231633768
2024-01-18,0.239038246810786
2024-01-19,0.2411366250809185
2024-01-22,0.24628920132434415
2024-01-23,0.25354636993821505
2024-01-24,0.25833559837248665
2024-01-25,0.2698058888657514
2024-01-26,0.26625150614481663
2024-01-29,0.2727126184442584
2024-01-30,0.27049917835507215
2024-01-31,0.278215776641457
2024-02-01,0.27903217098144373
2024-02-02,0.280034443296891
2024-02-05,0.3170012415010339
2024-02-06,0.3415698800752619
2024-02-07,0.3725045188578621
2024-02-08,0.38404238878440056
2024-02-19,0.37884682573981837
2024-02-20,0.35844679708261135
2024-02-21,0.3391381514948133
2024-02-22,0.3193867557247163
2024-02-23,0.30567691185337786
2024-02-26,0.29620887526396433
2024-02-27,0.28344763091713343
2024-02-28,0.27568822977996726
2024-02-29,0.2647944160762069
2024-03-01,0.257344869611822
2024-03-04,0.25375677262751806
2024-03-05,0.24682493565674998
2024-03-06,0.2371702036264507
2024-03-07,0.23183259471308043
2024-03-08,0.22513931096596282
2024-03-11,0.22131076100107136
2024-03-12,0.21961185092169802
2024-03-13,0.21554810106911015
2024-03-14,0.21137090473379896
2024-03-15,0.2084992386271269
2024-03-18,0.2073440029182246
2024-03-19,0.21124703676460097
2024-03-20,0.21352973624957144
2024-03-21,0.21198630524826295
2024-03-22,0.21266739961215989
2024-03-25,0.21650029694661613
2024-03-26,0.21731858036161028
2024-03-27,0.21747479493658126
2024-03-28,0.21427730617701726
2024-03-29,0.21568237040312413
2024-04-01,0.2181990101552765
2024-04-02,0.21721399711231004
2024-04-03,0.21558066347930932
2024-04-08,0.214648546435797
2024-04-09,0.21282230064922517
2024-04-10,0.20991354667551834
2024-04-11,0.2072503613595793
2024-04-12,0.2088949732853908
2024-04-15,0.2172492832571339
2024-04-16,0.2248905892843639
2024-04-17,0.2297949735629874
2024-04-18,0.22639225169365493
2024-04-19,0.2282993993531292
2024-04-22,0.2806553584180603
2024-04-23,0.2778811217498933
2024-04-24,0.27114883942541174
2024-04-25,0.2672109049467117
2024-04-26,0.2704122128812917
2024-04-29,0.2765340596515826
2024-04-30,0.27884390597332426
2024-05-06,0.27630942698366173
2024-05-07,0.26668051020549205
2024-05-08,0.2592212486679272
2024-05-09,0.25078341821149697
2024-05-10,0.24317618333945804
2024-05-13,0.24173047916401819
2024-05-14,0.23584668515768933
2024-05-15,0.2281597060774301
2024-05-16,0.21703408273688202
2024-05-17,0.21346805035583677
2024-05-20,0.2149830964244836
2024-05-21,0.20909411332026887
2024-05-22,0.20614650524926686
2024-05-23,0.20060155911529504
2024-05-24,0.19728969967364812
2024-05-27,0.19803492597532843
2024-05-28,0.19486639118615362
2024-05-29,0.19110980568448502
2024-05-30,0.21637986024639097
2024-05-31,0.21468167880904881
2024-06-03,0.21872293703990198
2024-06-04,0.2191888619153133
2024-06-05,0.21493350502647948
2024-06-06,0.21721753448353814
2024-06-07,0.217484829042836
2024-06-11,0.21520678731333676
2024-06-12,0.20924951462307392
2024-06-13,0.20976320608218352
2024-06-14,0.21125702983289704
2024-06-17,0.21108770618651496
2024-06-18,0.20660714411556527
2024-06-19,0.20296277127471904
2024-06-20,0.2065080860843543
2024-06-21,0.20482424802838797
2024-06-24,0.2039836025400123
2024-06-25,0.20521091927149282
2024-06-26,0.20228835692848682
2024-06-27,0.19765561780973953
2024-06-28,0.19597939567343428
2024-07-01,0.19786945322887087
2024-07-02,0.19264640560783416
2024-07-03,0.19198421297051932
2024-07-04,0.18672607081317727
2024-07-05,0.18490929129843842
2024-07-08,0.18453494120759723
2024-07-09,0.19359192615588577
2024-07-10,0.20083369182266492
2024-07-11,0.19511953932842654
2024-07-12,0.1990186953794067
2024-07-15,0.1926963187316795
2024-07-16,0.19547363395160428
2024-07-17,0.18686233062706198
2024-07-18,0.1852465190587654
2024-07-19,0.1843241102923712
2024-07-22,0.18236161088290231
2024-07-23,0.18157932399289953
2024-07-24,0.1822433344499519
2024-07-25,0.17916945499365194
2024-07-26,0.17750729088961475
2024-07-29,0.17849531573978375
2024-07-30,0.1768659973102457
2024-07-31,0.17827390148225217
2024-08-01,0.17664989464537267
2024-08-02,0.1737135296987586
2024-08-05,0.1749299471790838
2024-08-06,0.17263590844836169
2024-08-07,0.17141738362000528
2024-08-08,0.1715298318595788
2024-08-09,0.16798378295798547
2024-08-12,0.1680510348608229
2024-08-13,0.16303478267012808
2024-08-14,0.1599953697072695
2024-08-15,0.15779945173830015
2024-08-16,0.17774774082276973
2024-08-19,0.1817937200098328
2024-08-20,0.18031047161725725
2024-08-21,0.17581445134878268
2024-08-22,0.1755987025153501
2024-08-23,0.17895952270716187
2024-08-26,0.18350293193241948
2024-08-27,0.18553237218171026
2024-08-28,0.186215257227358
2024-08-29,0.18667860421906077
2024-08-30,0.18565298195141666
2024-09-02,0.18968006969940987
2024-09-03,0.18373857532107069
2024-09-04,0.17886379675406347
2024-09-05,0.17329257289164993
2024-09-06,0.16848873095815461
2024-09-09,0.16525886747954185
2024-09-10,0.16318129836031064
2024-09-11,0.16134478209205402
2024-09-12,0.17001200958997015
2024-09-13,0.16976152128356073
2024-09-18,0.17218529855618173
2024-09-19,0.17003415027721852
2024-09-20,0.16784906821879023
2024-09-23,0.1672627750934473
2024-09-24,0.16960702886818813
2024-09-25,0.16871924435963823
2024-09-26,0.17168530835634005
2024-09-27,0.17926489376110116
2024-09-30,0.2127636008650218
2024-10-08,0.2575904137861573
2024-10-09,0.3173862910221016
2024-10-10,0.3321435117005123
2024-10-11,0.32622242241208493
2024-10-14,0.3138408358498429
2024-10-15,0.3003736707159872
2024-10-16,0.2910342257458377
2024-10-17,0.28013759245584374
2024-10-18,0.2712978435271797
2024-10-21,0.2708292520324869
2024-10-22,0.2695583265653786
2024-10-23,0.2654306914034396
2024-10-24,0.2601983868896245
2024-10-25,0.2603621272354721
2024-10-28,0.3063932151117208
2024-10-29,0.3052607278196734
2024-10-30,0.30458628395256865
2024-10-31,0.3006016866348009
2024-11-01,0.3031093838995026
2024-11-04,0.30030610910216216
2024-11-05,0.2903142319950314
2024-11-06,0.28842614262392524
2024-11-07,0.2975014491263342
2024-11-08,0.29597821615259634
2024-11-11,0.2984615618530159
2024-11-12,0.2951471933185951
2024-11-13,0.2873194761927807
2024-11-14,0.2770382035814027
2024-11-15,0.2733041258710486
2024-11-18,0.2868459317859922
2024-11-19,0.28007687713595975
2024-11-20,0.2737037157019832
2024-11-21,0.26783008509236184
2024-11-22,0.2652154587820744
2024-11-25,0.26528454376456445
2024-11-26,0.26540916576777124
2024-11-27,0.26001041392304686
2024-11-28,0.25508112318522885
2024-11-29,0.249665115361763
2024-12-02,0.25025660468362776
2024-12-03,0.24736378203008927
2024-12-04,0.24460703036452214
2024-12-05,0.24158483282262963
2024-12-06,0.24071569605793428
2024-12-09,0.24060339558554736
2024-12-10,0.2376240002598718
2024-12-11,0.2325987999198733
2024-12-12,0.23055778839231067
2024-12-13,0.23045627434802102
2024-12-16,0.23233991754260838
2024-12-17,0.2289995697675852
2024-12-18,0.22473283183785997
2024-12-19,0.22119183797748782
2024-12-20,0.2175593679932018
2024-12-23,0.21860205022709178
2024-12-24,0.2139818909254928
2024-12-25,0.2102362687624946
2024-12-26,0.20519261444024153
2024-12-27,0.2027756209528728
2024-12-30,0.20024951410926584
2024-12-31,0.197084696011851
2025-01-02,0.19552806623453103
2025-01-03,0.20134312809932028
2025-01-06,0.20259599046802493
2025-01-07,0.19988655790852344
2025-01-08,0.1959245099400898
2025-01-09,0.1916099755367798
2025-01-10,0.19122684827278066
2025-01-13,0.18940559290145054
2025-01-14,0.1826002990929525
2025-01-15,0.17937279385561522
2025-01-16,0.1766816470915982
2025-01-17,0.17550165984570618
2025-01-20,0.1770535547415432
2025-01-21,0.17694481706204743
2025-01-22,0.1744322830219148
2025-01-23,0.17089234700829314
2025-01-24,0.17078133031590806
2025-01-27,0.1714280622748103
2025-02-05,0.17682431757136252
2025-02-06,0.1758332103333525
2025-02-07,0.17295597386944775
2025-02-10,0.17364256837049843
2025-02-11,0.17179088454989586
2025-02-12,0.16810062903858375
2025-02-13,0.1673632149232546
2025-02-14,0.1708928810044338
2025-02-17,0.17516971428806413
2025-02-18,0.1754211350533212
2025-02-19,0.1737235003692571
2025-02-20,0.1757947168704268
2025-02-21,0.17615307572931768
2025-02-24,0.18058523992837172
2025-02-25,0.17839132900760585
2025-02-26,0.1655818657476443
2025-02-27,0.16547286834489416
2025-02-28,0.16606746732165095
2025-03-03,0.16681679872177943
2025-03-04,0.164018329199947
2025-03-05,0.1608683639074746
2025-03-06,0.15896981543010447
2025-03-07,0.15814386111342818
2025-03-10,0.15759323077327428
2025-03-11,0.17135516733988165
2025-03-12,0.17081668359842705
2025-03-13,0.1587415089277283
2025-03-14,0.17749060388808194
2025-03-17,0.17566548656463232
2025-03-18,0.17511353865476015
2025-03-19,0.1735034624353743
2025-03-20,0.17189767601763672
2025-03-21,0.17336087908703607
2025-03-24,0.18058076782712842
2025-03-25,0.18077726925850393
2025-03-26,0.177681228994749
2025-03-27,0.17785093005800823
2025-03-28,0.1772070502326137
2025-03-31,0.17893256838259777
2025-04-01,0.17794058686529993
2025-04-02,0.17309450129850612
2025-04-03,0.17584391846158126
2025-04-07,0.21071069193135933
2025-04-08,0.23049291913032183
2025-04-09,0.2246588354734299
2025-04-10,0.21519538580511802
2025-04-11,0.20795384371727696
2025-04-14,0.1990730612541192
2025-04-15,0.19580780229148012
2025-04-16,0.18816002030433426
2025-04-17,0.18209312217141815
2025-04-18,0.17963463865211454
2025-04-21,0.22099691382653833
2025-04-22,0.22258997157001506
2025-04-23,0.22141006418184747
2025-04-24,0.2179642514511524
2025-04-25,0.2456410182087887
2025-04-28,0.25239510065937343
2025-04-29,0.25229222606708535
2025-04-30,0.24930119811072532
2025-05-06,0.2642412103338501
2025-05-07,0.2551497168434415
2025-05-08,0.24838725223688657
2025-05-09,0.2492019585819614
2025-05-12,0.24494604063372677
2025-05-13,0.24174806420288147
2025-05-14,0.2361074522407096
2025-05-15,0.23049458293357944
2025-05-16,0.22796204836752973
2025-05-19,0.2459435118599892
2025-05-20,0.2442912090707356
2025-05-21,0.24294650833562723
2025-05-22,0.23981884648219504
2025-05-23,0.23772821675125994
2025-05-26,0.23559094715267603
2025-05-27,0.23617662983953838
2025-05-28,0.23639792882244126
2025-05-29,0.23834117157057633
2025-05-30,0.23805632866012486
2025-06-03,0.24412314412419872
2025-06-04,0.25166496726257487
2025-06-05,0.25242217051154164
2025-06-06,0.25006796722617486
2025-06-09,0.24809044475774072
2025-06-10,0.2476612101054687
2025-06-11,0.24611207019901457
2025-06-12,0.267424609166137
2025-06-13,0.27091550850468243
2025-06-16,0.2692706639374001
2025-06-17,0.27143975876068693
2025-06-18,0.26743869510141804
2025-06-19,0.2669847284700418
2025-06-20,0.26626728899026253
2025-06-23,0.2645745862519985
2025-06-24,0.2604324120898265
2025-06-25,0.2552321614199588
2025-06-26,0.2512248530037855
2025-06-27,0.24893702900036166
2025-06-30,0.24986204300890608
2025-07-01,0.2511016570858921
2025-07-02,0.2507473819565236
2025-07-03,0.28769095121282423
2025-07-04,0.28305358670881753
2025-07-07,0.2949324151733499
2025-07-08,0.2915143817550191
2025-07-09,0.2873504914005575
2025-07-10,0.28583942047852495
2025-07-11,0.2809320555133538
2025-07-14,0.2843492213028381
2025-07-15,0.2889959462729872
2025-07-16,0.28453825795170656
2025-07-17,0.2810744570683977
2025-07-18,0.2784828873505998
2025-07-21,0.287562995640931
2025-07-22,0.29283068696985226
2025-07-23,0.2931290766060464
2025-07-24,0.2905450919253344
2025-07-25,0.29041155240567273
2025-07-28,0.28828381991084656
2025-07-29,0.2844012857838512
2025-07-30,0.2850850605188817
2025-07-31,0.2858726301258439
2025-08-01,0.2823599174618478
2025-08-04,0.27945684237154617
2025-08-05,0.2745011840880725
2025-08-06,0.27234192060870005
2025-08-07,0.2714244149815462
2025-08-08,0.27181011692112256
2025-08-11,0.2750974349573373
2025-08-12,0.272500332163298
2025-08-13,0.2736593734296417
2025-08-14,0.27286553645040046
2025-08-15,0.26871866161646113
2025-08-18,0.2751340669145169
2025-08-19,0.2763327652747238
2025-08-20,0.27516878534976935
2025-08-21,0.2714101589433812
2025-08-22,0.26847399117117104
2025-08-25,0.27196904473310596
2025-08-26,0.27346914027260755
2025-08-27,0.27507252157628465
2025-08-28,0.2761297042337712
2025-08-29,0.28168541201214653
2025-09-01,0.3346770632419109
2025-09-02,0.4097545686424257
2025-09-03,0.40445800303643653
2025-09-04,0.3982616108262105
2025-09-05,0.40609727778303306
2025-09-08,0.4093621937078018
2025-09-09,0.39852936759543106
2025-09-10,0.38737845708840046
2025-09-11,0.377684838089189
2025-09-12,0.37331539890276183
2025-09-15,0.3712637787610759
2025-09-16,0.3687393160665031
2025-09-17,0.3653681300622962
2025-09-18,0.3794393760498179
2025-09-19,0.3837879287109995
2025-09-22,0.3862742725709617
2025-09-23,0.3858086192559893
2025-09-24,0.38258105650200463
2025-09-25,0.37750500858020086
2025-09-26,0.38686171806957925
2025-09-29,0.3823212347196236
2025-09-30,0.37690160873557577
2025-10-09,0.3896460779826767
2025-10-10,0.4128190413494099
2025-10-13,0.4154153755647825
2025-10-14,0.42123625068634296
2025-10-15,0.41183544437932823
2025-10-16,0.4047010339372706
2025-10-17,0.39723590562351174
2025-10-20,0.3907532962482857
2025-10-21,0.3841095402872795
2025-10-22,0.37650182628529855
2025-10-23,0.37077121901840526
2025-10-24,0.3693544910867121
2025-10-27,0.37352301129147525
2025-10-28,0.373582978134865
2025-10-29,0.37416604141487364
2025-10-30,0.37860000462926013
2025-10-31,0.3919480650378441
2025-11-03,0.39679141965174447
2025-11-04,0.38524891620820084
2025-11-05,0.37462162876968363
2025-11-06,0.36879655921561205
2025-11-07,0.36630978307685425
2025-11-10,0.36717335047494093
2025-11-11,0.36206053614534256
2025-11-12,0.3588100510063135
2025-11-13,0.3545274741450431
2025-11-14,0.3543280585938142
2025-11-17,0.35059862727664187
2025-11-18,0.34738114976869444
2025-11-19,0.34717080484427876
2025-11-20,0.34143379005838753
2025-11-21,0.34294006858156956
2025-11-24,0.3401222202030031
2025-11-25,0.33175346304007375
2025-11-26,0.3285984033224682
2025-11-27,0.3228306238524845
2025-11-28,0.31688446089016803
2025-12-01,0.3173735975072345
2025-12-02,0.30964521001484335
2025-12-03,0.3070603715983639
2025-12-04,0.303513730556761
2025-12-05,0.3011356849107776
2025-12-08,0.29781629398010456
2025-12-09,0.2927033265557059
2025-12-10,0.2912525890851614
2025-12-11,0.29058126000488804
2025-12-12,0.2955525348635914
2025-12-15,0.2973688493913514
2025-12-16,0.3131169010322055
2025-12-17,0.3101414419571443
2025-12-18,0.30571876437334383
2025-12-19,0.3009073141964834
2025-12-22,0.2970518741385335
2025-12-23,0.29367855505603657
2025-12-24,0.288680633535762
2025-12-25,0.286852317135156
2025-12-26,0.28437545277435083
2025-12-29,0.2888757868555158
2025-12-30,0.2877227260133453
2025-12-31,0.2859834563060177
2026-01-05,0.29736564046550834
2026-01-06,0.29732699307243354
2026-01-07,0.2999231960625364
2026-01-08,0.2981379357818161
2026-01-09,0.29912322614833103
2026-01-12,0.32053031641905605
2026-01-13,0.32557483815831795
2026-01-14,0.3270203442608795
2026-01-15,0.3255021278512304
2026-01-16,0.328641158321685
2026-01-19,0.323282910702302
2026-01-20,0.3181339527273331
2026-01-21,0.3126370801893125
2026-01-22,0.3063698028469219
2026-01-23,0.30431880718255505
2026-01-26,0.3144526121745906
2026-01-27,0.3076811308840655
2026-01-28,0.30697287311825056
2026-01-29,0.3073312473995035
2026-01-30,0.3063405291272012
2026-02-02,0.3179972960925105
2026-02-03,0.3077471290298016
2026-02-04,0.2999127148525129
2026-02-05,0.2905453302418671
2026-02-06,0.28031925864315504
2026-02-09,0.2720982443452131
2026-02-10,0.26588897124704836
2026-02-11,0.25865756287119984
2026-02-12,0.25464213957912507
2026-02-13,0.2490505382294712
2026-02-24,0.25597581758274
2026-02-25,0.3051080835385852
2026-02-26,0.30689283681875584
2026-02-27,0.3098297570847325
2026-03-02,0.32623950288857495
2026-03-03,0.33336537090593316
2026-03-04,0.3299498527283051
2026-03-05,0.3258041718294044
2026-03-06,0.32163900206068186
2026-03-09,0.31894114311019167
2026-03-10,0.31234445630685337
2026-03-11,0.305893065077181
2026-03-12,0.3041622882303299
2026-03-13,0.3035823035640976
2026-03-16,0.3043813220015322
2026-03-17,0.3003064863628863
2026-03-18,0.2948556219751022
2026-03-19,0.2882132798889835
2026-03-20,0.2832432696205401
2026-03-23,0.28827566031399066
2026-03-24,0.2845572298427311
2026-03-25,0.2787003168666091
2026-03-26,0.27444959928467433
2026-03-27,0.27175727577498965
2026-03-30,0.2727380732557946
2026-03-31,0.2729562169295607
2026-04-01,0.27208606528402074
2026-04-02,0.268743886730087
2026-04-03,0.2687862108303547
2026-04-07,0.2678805120930881
2026-04-08,0.26566902404064713
2026-04-09,0.2619238527307483
2026-04-10,0.25815092822523433
