date,000657.XSHE
2006-01-06,1.352014144681455
2006-01-09,1.3692473801416727
2006-01-10,1.3869759535119277
2006-01-11,1.3743485470946637
2006-01-12,1.3372704009407343
2006-01-13,1.3295776482162156
2006-01-16,1.2320502551174977
2006-01-17,1.2438815587242826
2006-01-18,1.2573701628943579
2006-01-19,1.24604342357146
2006-01-20,1.2705163582936723
2006-01-23,1.3202499967841652
2006-01-24,1.2742979015897025
2006-01-25,1.1792058446344238
2006-02-06,1.5101315783393567
2006-02-07,1.4330586344200245
2006-02-08,1.406400475254845
2006-02-09,1.2698842490238347
2006-02-10,1.1671811193982036
2006-02-13,1.1752852594545034
2006-02-14,1.1818686852108924
2006-02-15,1.1789369589452123
2006-02-16,1.3063246874352237
2006-02-17,1.3065708017256799
2006-02-20,1.306650790852536
2006-02-21,1.3676201520746685
2006-02-22,1.372187338284726
2006-02-23,1.368986718602795
2006-02-24,1.3458560105317874
2006-02-27,1.3227774980472793
2006-02-28,1.3025281917472724
2006-03-01,1.2870523590831546
2006-03-02,1.318152354044858
2006-03-03,1.31708374057188
2006-03-06,1.3310215036860271
2006-03-07,1.306028379580292
2006-03-08,1.336827485051493
2006-03-09,1.303650450320323
2006-03-10,1.286233253473714
2006-03-13,1.3083980359587801
2006-03-14,1.3049483106422806
2006-03-15,1.312334198574573
2006-03-16,1.3179466616524431
2006-03-17,1.2938969091587003
2006-03-20,1.2490079208562876
2006-03-21,1.2478526950996207
2006-03-22,1.250299587723529
2006-03-23,1.2520904338167358
2006-03-24,1.2765520456406911
2006-03-27,1.2791517504533239
2006-03-28,1.2362730502821078
2006-03-29,1.4183123174786045
2006-03-30,1.4756582418979765
2006-03-31,1.538893599207727
2006-04-03,1.712795966684381
2006-04-04,1.7028485219092482
2006-04-05,1.6206127522211262
2006-04-06,1.6753313203665785
2006-04-07,1.6680350368301529
2006-04-10,1.510880777009246
2006-04-11,1.477543084055561
2006-04-12,1.4532193548421775
2006-04-13,1.7989982794919046
2006-04-14,1.6157707459904458
2006-04-17,1.6686007797129583
2006-04-18,1.7103021816772106
2006-04-19,1.818304601803531
2006-04-20,1.7219797625986457
2006-04-21,1.6559532987047734
2006-04-24,1.502038050188276
2006-04-25,1.4710216046757252
2006-04-26,1.4895337316482724
2006-04-27,1.4652860134032106
2006-04-28,1.7099651819036807
2006-05-08,1.2399202952924804
2006-05-09,1.0865472443799855
2006-05-10,1.2267142521618257
2006-05-11,1.060396215260676
2006-05-12,1.3356656533784008
2006-05-15,1.243603420716024
2006-05-16,1.2128020216163657
2006-05-17,1.1859350963693793
2006-05-18,1.236862291437535
2006-05-19,1.0973916691621612
2006-05-22,1.1046061166761554
2006-05-23,0.5234726975923851
2006-05-24,0.5152474674342801
2006-05-25,0.5155446934036844
2006-05-26,0.6507467085860702
2006-05-29,0.5774074570139264
2006-05-30,0.5621497719352789
2006-05-31,0.5073798733201934
2006-06-01,0.5699970390449759
2006-06-02,0.6571150136499286
2006-06-05,0.6608847178216258
2006-06-06,0.7006240391300768
2006-06-07,0.841660918409644
2006-06-08,0.8343027521212592
2006-06-09,0.7729099672575516
2006-06-12,0.7719008397172781
2006-06-13,0.7719502959845825
2006-06-14,0.7662632579628519
2006-06-15,0.765466626831881
2006-06-16,0.7220358525903157
2006-06-19,0.7104614059116499
2006-06-20,0.7100573169984375
2006-06-21,0.7099879272144316
2006-06-22,0.7110008975671882
2006-06-23,0.7078980707809229
2006-06-26,0.684925857674258
2006-06-27,0.6850395744809288
2006-06-28,0.6848935834685141
2006-06-29,0.6465593651338191
2006-06-30,0.6468431343067823
2006-07-03,0.6231413856406178
2006-07-04,0.622026923334365
2006-07-05,0.6146181047915756
2006-07-06,0.7517769622746653
2006-07-07,0.6865255252356568
2006-07-10,0.687141723158107
2006-07-11,0.6828335686210841
2006-07-12,0.6810817963962442
2006-07-13,0.6083589358273827
2006-07-14,0.6005334868387399
2006-07-17,0.5936875878116462
2006-07-18,0.5934030711084394
2006-07-19,0.6168123664078693
2006-07-20,0.6160513120760024
2006-07-21,0.6111238036296303
2006-07-24,0.6084004472300828
2006-07-25,0.6936186607577588
2006-07-26,0.6815298156427321
2006-07-27,0.687247919645011
2006-07-28,0.6722146450177842
2006-07-31,0.6965535733094769
2006-08-01,0.729194511571261
2006-08-02,0.7791952158792137
2006-08-03,0.8000514076839673
2006-08-04,0.8210145625904282
2006-08-07,0.8064034977187412
2006-08-08,0.8888801055413881
2006-08-09,0.8865997366006767
2006-08-10,0.8645813908841001
2006-08-11,0.8633074311909855
2006-08-14,0.8268857188078272
2006-08-15,0.8059701534665581
2006-08-16,0.7905206640401564
2006-08-17,0.7861843068090404
2006-08-18,0.7860216064912824
2006-08-21,0.7856378478600663
2006-08-22,0.7742650774355625
2006-08-23,0.774287339497397
2006-08-24,0.7715424028810061
2006-08-25,0.7709613057165584
2006-08-28,0.7269257060116288
2006-08-29,0.7258755706970481
2006-08-30,0.7244818888364074
2006-08-31,0.723486401913214
2006-09-01,0.7078782449366096
2006-09-04,0.6907188905711168
2006-09-05,0.6899877231932541
2006-09-06,0.6878779111747997
2006-09-07,0.6770766112049539
2006-09-08,0.6760659526668853
2006-09-11,0.6735775713298406
2006-09-12,0.6693844923438984
2006-09-13,0.6667625193726843
2006-09-14,0.6669105767811498
2006-09-15,0.6399076825104794
2006-09-18,0.6316173484208772
2006-09-19,0.6311068504814731
2006-09-20,0.630970510179301
2006-09-21,0.6269722914534123
2006-09-22,0.622020457996521
2006-09-25,0.6219197795511835
2006-09-26,0.6144809623481154
2006-09-27,0.6053934182072919
2006-09-28,0.5932568299663539
2006-09-29,0.5811671014494331
2006-10-09,0.5386293610908827
2006-10-10,0.5385418032590926
2006-10-11,0.5383162194168323
2006-10-12,0.5355545864345669
2006-10-13,0.534088519233839
2006-10-16,0.5298184298675556
2006-10-17,0.5296127241143046
2006-10-18,0.5078648755041356
2006-10-19,0.5073844802027159
2006-10-20,0.5074221006260623
2006-10-23,0.47716540417196635
2006-10-24,0.44274057694624497
2006-10-25,0.4409264721222388
2006-10-26,0.40214695162244724
2006-10-27,0.48892544304732083
2006-10-30,0.5013108414636573
2006-10-31,0.48909760633667576
2006-11-01,0.5671329531243212
2006-11-02,0.565158943244039
2006-11-03,0.6368686037626955
2006-11-06,0.6966757016365395
2006-11-07,0.6928690282800719
2006-11-08,0.8069481814438402
2006-11-09,0.6443147624830102
2006-11-10,0.5968388335302846
2006-11-13,0.8175690470465774
2006-11-14,0.8606803630442952
2006-11-15,0.8031538743430359
2006-11-16,0.8141882324474828
2006-11-17,0.8044479837225473
2006-11-20,0.7505704418697459
2006-11-21,0.7946943922864644
2006-11-22,0.79402285669616
2006-11-23,0.7761426248922922
2006-11-24,0.775542256319368
2006-11-27,0.862631810643097
2006-11-28,0.8960688398850197
2006-11-29,0.8897543467676905
2006-11-30,0.866742085043679
2006-12-01,0.884453435563822
2006-12-04,1.0192188552364994
2006-12-05,1.04365317538113
2006-12-06,1.1085505155999311
2006-12-07,1.1368158640220143
2006-12-08,0.9990129470388743
2006-12-11,0.9622957625905298
2006-12-12,0.9559988527714594
2006-12-13,0.9550951887753525
2006-12-14,0.953200879757364
2006-12-15,0.9582092574082873
2006-12-18,0.9672846678760106
2006-12-19,0.9614959716596587
2006-12-20,0.9616332234663768
2006-12-21,0.9312585569266615
2006-12-22,0.8453007282341161
2006-12-25,0.7987679279276607
2006-12-26,0.805869010528647
2006-12-27,0.7064638571861339
2006-12-28,0.7232228559241058
2006-12-29,0.7004003089472595
2007-01-04,0.6580253968878543
2007-01-05,0.6598151368946406
2007-01-08,0.7961832442095094
2007-01-09,0.8117916062346558
2007-01-10,0.8332277611996918
2007-01-11,0.8360620777823592
2007-01-12,0.8873526799817342
2007-01-15,0.9395955129745756
2007-01-16,1.0385968495178006
2007-01-17,1.0782933865231434
2007-01-18,1.089076571699688
2007-01-19,1.096966450683403
2007-01-22,1.0638842885366266
2007-01-23,1.0839009572597211
2007-01-24,1.0695030448823954
2007-01-25,1.1786690281334864
2007-01-26,1.1958147508233568
2007-01-29,1.1827471128990392
2007-01-30,1.2020047109487533
2007-01-31,1.2263245561715759
2007-02-01,1.2262624230497432
2007-02-02,1.0406756542793196
2007-02-05,1.0079799231576982
2007-02-06,1.021030619133439
2007-02-07,0.9696460542352955
2007-02-08,0.9572723882490912
2007-02-09,0.9509863017068512
2007-02-12,0.9271614359429404
2007-02-13,0.9085250593658046
2007-02-14,0.9299455709793677
2007-02-15,0.8832825592907786
2007-02-16,0.8857352693118519
2007-02-26,0.9055312177603406
2007-02-27,0.9591233499299
2007-02-28,0.9470837482825528
2007-03-01,0.9855914848787918
2007-03-02,0.9791588845195669
2007-03-05,1.0129595593115361
2007-03-06,1.0052534384259895
2007-03-07,1.012311410912127
2007-03-08,1.0388216417336893
2007-03-09,1.034629856633259
2007-03-12,1.0348884050540201
2007-03-13,1.0273945084080003
2007-03-14,1.0465236994118685
2007-03-15,1.038123597920599
2007-03-16,1.046964259855474
2007-03-19,1.0233949200599266
2007-03-20,1.0278402644253954
2007-03-21,1.0189539640634253
2007-03-22,1.0189605364434833
2007-03-23,1.0191987686594515
2007-03-26,1.0183251267216245
2007-03-27,1.0193775133823741
2007-03-28,1.0139529519356765
2007-03-29,1.024786615524047
2007-03-30,1.0231542625239756
2007-04-02,1.0053707643856258
2007-04-03,1.0078220611604378
2007-04-04,1.00138539524124
2007-04-05,0.993970396579517
2007-04-06,1.0011007507647536
2007-04-09,1.0064242200101525
2007-04-10,1.0331654890655557
2007-04-11,1.0402352017750385
2007-04-12,1.0245518998055227
2007-04-13,1.0359025289838533
2007-04-16,1.049934365468029
2007-04-17,1.0708350161652187
2007-04-18,1.0650164590690152
2007-04-19,0.9389871981258763
2007-04-20,1.0526672229585745
2007-04-23,1.0646373355046177
2007-04-24,1.0603980309509917
2007-04-25,1.0602636032807522
2007-04-26,1.0382511446053648
2007-04-27,1.033136629599995
2007-04-30,0.991665278278246
2007-05-08,1.0463962333404202
2007-05-09,1.0426813055402346
2007-05-10,1.0422828426898834
2007-05-11,1.059097629311841
2007-05-14,1.0484501412671314
2007-05-15,0.9850330442718757
2007-05-16,0.9763679100100345
2007-05-17,0.9617973579561649
2007-05-18,0.9646107962644107
2007-05-21,0.9588583728231821
2007-05-22,0.9713465096651841
2007-05-23,0.9646448436838981
2007-05-24,0.9770329939412095
2007-05-25,0.9609896344313926
2007-05-28,1.0296084998538144
2007-05-29,1.0003133712574575
2007-05-30,1.0935213712436096
2007-05-31,1.0771155819950002
2007-06-01,1.085029141297325
2007-06-04,1.1270976067688858
2007-06-05,1.1188686351005097
2007-06-06,1.1240696465794686
2007-06-07,1.163784283323881
2007-06-08,1.1660712969554126
2007-06-11,1.222059691032675
2007-06-12,1.2233694633881456
2007-06-13,1.2085275570522793
2007-06-14,1.2026528562299732
2007-06-15,1.2014466627143632
2007-06-18,1.091068468317133
2007-06-19,1.085133109418786
2007-06-20,1.1299225289614196
2007-06-21,1.1348445974191306
2007-06-22,1.1797340395473441
2007-06-25,1.253570256357954
2007-06-26,1.2517165914552142
2007-06-27,1.2358704453953973
2007-06-28,1.30214562229174
2007-06-29,1.343418513082786
2007-07-02,1.336710673378286
2007-07-03,1.3338702459865774
2007-07-04,1.2909227857024477
2007-07-05,1.2487271704737006
2007-07-06,1.3070930464500425
2007-07-09,1.2931798549094575
2007-07-10,1.2794951619211226
2007-07-11,1.281602479537426
2007-07-12,1.2737088036910915
2007-07-13,1.2737893905741604
2007-07-16,1.2900704001549501
2007-07-17,1.319572037379147
2007-07-18,1.32198725499283
2007-07-19,1.3166117410716733
2007-07-20,1.3769382715103828
2007-07-23,1.2888016392563928
2007-07-24,1.2888180896944048
2007-07-25,1.2700769300326147
2007-07-26,1.2666979803283023
2007-07-27,1.2667084322609936
2007-07-30,1.2449647597293079
2007-07-31,1.2408120849987314
2007-08-01,1.1767002981753496
2007-08-02,1.1355123887000285
2007-08-03,1.2016669981625712
2007-08-06,1.2512907220143084
2007-08-07,1.2527322078890468
2007-08-08,1.2627142100452802
2007-08-09,1.314553064658004
2007-08-10,1.2806978101271023
2007-08-13,1.2878202199977913
2007-08-14,1.2654450752986228
2007-08-15,1.2617584700116387
2007-08-16,1.2273640510862809
2007-08-17,1.2412754594180475
2007-08-20,1.1002323011239372
2007-08-21,1.1244506091401247
2007-08-22,1.1221273166028511
2007-08-23,1.1108543173473495
2007-08-24,1.1518416180315734
2007-08-27,1.1552708793849693
2007-08-28,1.1548631840636339
2007-08-29,1.202156620687234
2007-08-30,1.2022904350751709
2007-08-31,1.2059793415176399
2007-09-03,1.1577451939506171
2007-09-04,1.1731569391181966
2007-09-05,1.1726468053089927
2007-09-06,1.1749346754595482
2007-09-07,1.1579161313819508
2007-09-10,1.2054306257898701
2007-09-11,1.0609651572700578
2007-09-12,1.0940319188283243
2007-09-13,1.0597883147295406
2007-09-14,1.066067952960798
2007-09-17,1.0514707876839897
2007-09-18,1.0562485720558188
2007-09-19,1.0872527942276557
2007-09-20,1.0742946369716526
2007-09-21,1.0424840594162674
2007-09-24,1.0456242453555487
2007-09-25,1.0816367857851288
2007-09-26,1.0676562825805127
2007-09-27,1.0754341734738355
2007-09-28,1.0166661109908686
2007-10-08,0.980340892734413
2007-10-09,0.983394698274806
2007-10-10,0.9835967869469762
2007-10-11,0.9769147902766312
2007-10-12,0.9737789205719867
2007-10-15,1.0112355185623585
2007-10-16,1.0071278941966926
2007-10-17,1.0395178310860163
2007-10-18,0.9807255769658297
2007-10-19,0.9800929927242183
2007-10-22,1.0142457182331301
2007-10-23,0.978893782409374
2007-10-24,0.9920912410808381
2007-10-25,0.7657190470943145
2007-10-26,0.7982306458314704
2007-10-29,0.7435187888919566
2007-10-30,0.7759873100332007
2007-10-31,0.7956637507816188
2007-11-01,0.7869506573107553
2007-11-02,0.7421850110376514
2007-11-05,0.837587907341216
2007-11-06,0.882747482929364
2007-11-07,0.8644186949465429
2007-11-08,1.0015802878485358
2007-11-09,1.047773885802959
2007-11-12,1.0860264989028976
2007-11-13,1.105391398470492
2007-11-14,1.1979394259727743
2007-11-15,1.1228587173293856
2007-11-16,1.1628930096147987
2007-11-19,1.1661324226100922
2007-11-20,1.1886879301801054
2007-11-21,1.2048522596109592
2007-11-22,1.2774483629762485
2007-11-23,1.2758144999966157
2007-11-26,1.2853522522772594
2007-11-27,1.265350547724
2007-11-28,1.2839817972564693
2007-11-29,1.2341845630388948
2007-11-30,1.1738270336964303
2007-12-03,1.1801024526373307
2007-12-04,1.1652049803912283
2007-12-05,1.1754327735756942
2007-12-06,1.1751606190556403
2007-12-07,1.177150108812199
2007-12-10,1.1820218413345853
2007-12-11,1.1822078026428362
2007-12-12,1.1796847500242291
2007-12-13,1.224557821288547
2007-12-14,1.2176854778364394
2007-12-17,1.255707220461924
2007-12-18,1.2580673780619378
2007-12-19,1.2990554577417213
2007-12-20,1.2838875271152048
2007-12-21,1.2952178271359576
2007-12-24,1.2771748817122532
2007-12-25,1.2772740044872686
2007-12-26,1.3069797556414062
2007-12-27,1.2975593791374838
2007-12-28,1.2883129759411471
2008-01-02,1.309695866538091
2008-01-03,1.2986989458051932
2008-01-04,1.3133934241683547
2008-01-07,1.3017067623434218
2008-01-08,1.2997791524794757
2008-01-09,1.2831847946523105
2008-01-10,1.2759233222410902
2008-01-11,1.2747578605252046
2008-01-14,1.272583083129215
2008-01-15,1.268878085482037
2008-01-16,1.1806343708367113
2008-01-17,1.134204685239843
2008-01-18,1.1289419175351498
2008-01-21,0.980084271554595
2008-01-22,0.7469511396720061
2008-01-23,0.684120476635102
2008-01-24,0.6809309023276507
2008-01-25,0.6780461974698067
2008-01-28,0.5709458442320752
2008-01-29,0.5698728201905926
2008-01-30,0.5677107983328799
2008-01-31,0.5605724046586541
2008-02-01,0.5585870117595407
2008-02-04,0.44348091821983604
2008-02-05,0.4431311795970209
2008-02-13,0.4367785126426753
2008-02-14,0.4341251847217917
2008-02-15,0.4317376014609337
2008-02-18,0.3621887280879341
2008-02-19,0.3782422425517896
2008-02-20,0.4341039369484317
2008-02-21,0.4387134570540361
2008-02-22,0.4363411514136638
2008-02-25,0.5363849482183398
2008-02-26,0.5379429529603085
2008-02-27,0.5444250251270983
2008-02-28,0.5428369724076165
2008-02-29,0.5451457307333717
2008-03-03,0.5771876631895276
2008-03-04,0.5963758444099266
2008-03-05,0.6052714930642952
2008-03-06,0.609956815655554
2008-03-07,0.5919406637432433
2008-03-10,0.5835511574073818
2008-03-11,0.5816574899824755
2008-03-12,0.6003347897122361
2008-03-13,0.6659048488258463
2008-03-14,0.6661722351801803
2008-03-17,0.7705646993926014
2008-03-18,0.8649113651789762
2008-03-19,0.8716014474791491
2008-03-20,0.8578719020075448
2008-03-21,0.881407821450221
2008-03-24,0.9324256833683867
2008-03-25,0.9218106908462544
2008-03-26,0.9221229126104772
2008-03-27,0.9867110918171184
2008-03-28,0.9641413875037426
2008-03-31,1.0143439972664172
2008-04-01,1.0776386446887203
2008-04-02,1.0944385098432279
2008-04-03,1.1207024331532052
2008-04-07,1.1800817241060468
2008-04-08,1.1828270685540228
2008-04-09,1.2070360356058103
2008-04-10,1.2024060753949348
2008-04-11,1.2123195112997975
2008-04-14,1.2276945264120989
2008-04-15,1.2410264614206141
2008-04-16,1.2207028770938275
2008-04-17,1.2154691549711698
2008-04-18,1.2484906268560296
2008-04-21,1.2480934094651546
2008-04-22,1.2422377290058702
2008-04-23,1.172258616991209
2008-04-24,1.0499474672609905
2008-04-25,1.0427235377155928
2008-04-28,1.0336686083211448
2008-04-29,1.0162053273025076
2008-04-30,1.0189600265783891
2008-05-05,1.0332689547483118
2008-05-06,1.0179835262994008
2008-05-07,0.9683885713217896
2008-05-08,0.953805109078385
2008-05-09,0.9506403318336539
2008-05-12,0.9498923694475665
2008-05-13,0.9455786810294913
2008-05-14,0.9611637874714373
2008-05-15,0.9675331852209805
2008-05-16,0.9684603637026148
2008-05-19,0.9707507051866009
2008-05-20,0.9679088716766138
2008-05-21,0.9469551139092187
2008-05-22,0.9432347277800597
2008-05-23,0.9521442445750624
2008-05-26,0.9558586145298954
2008-05-27,0.9597951349137062
2008-05-28,0.9768598342254631
2008-05-29,0.9598332206988411
2008-05-30,0.9557369631025778
2008-06-02,0.9567419636042406
2008-06-03,0.9577410050335098
2008-06-04,0.9690836786561977
2008-06-05,0.9555854753871956
2008-06-06,0.9573168725226846
2008-06-10,0.9022400841259663
2008-06-11,0.9170002008273668
2008-06-12,0.9305666852422029
2008-06-13,0.9442362645635329
2008-06-16,0.9519610303223925
2008-06-17,0.963819733837025
2008-06-18,0.9432326233076047
2008-06-19,0.910982409683003
2008-06-20,0.8653377619867438
2008-06-23,0.878065310233222
2008-06-24,0.8679275374572115
2008-06-25,0.8834022483304546
2008-06-26,0.8887505538536344
2008-06-27,0.8869343270736867
2008-06-30,0.8934408720387284
2008-07-01,0.9065706344900522
2008-07-02,0.9072069453626629
2008-07-03,0.9243526101621584
2008-07-04,0.9249794569074116
2008-07-07,0.9307467740675425
2008-07-08,0.9385256701022407
2008-07-09,0.9324611912602241
2008-07-10,0.9141697296704109
2008-07-11,0.9063429480511505
2008-07-14,0.9052214191085471
2008-07-15,0.8693506915580472
2008-07-16,0.840672092141387
2008-07-17,0.8387064357704805
2008-07-18,0.8136302882518776
2008-07-21,0.7920937561880159
2008-07-22,0.7920600544010122
2008-07-23,0.7909641708795814
2008-07-24,0.7710926863298703
2008-07-25,0.7676206095691778
2008-07-28,0.7666197463067681
2008-07-29,0.7595296751074734
2008-07-30,0.7579384157967742
2008-07-31,0.7430778992853149
2008-08-01,0.7400088343070542
2008-08-04,0.7287446582647975
2008-08-05,0.7162399048158612
2008-08-06,0.715322133366678
2008-08-07,0.7153571478890902
2008-08-08,0.6722024656403303
2008-08-11,0.6259803952671197
2008-08-12,0.6256638351927768
2008-08-13,0.6251328411113598
2008-08-14,0.6246767474936943
2008-08-15,0.6245556794611808
2008-08-18,0.5753206041556732
2008-08-19,0.5711727925419547
2008-08-20,0.4885836912490298
2008-08-21,0.4744501777777623
2008-08-22,0.47160332319677756
2008-08-25,0.4714103833130505
2008-08-26,0.4618512251830547
2008-08-27,0.46336020784174636
2008-08-28,0.4558466269844052
2008-08-29,0.4169214915657383
2008-09-01,0.44497056819664554
2008-09-02,0.4549631951144543
2008-09-03,0.4714882665654745
2008-09-04,0.47526311065072263
2008-09-05,0.5006762648511832
2008-09-08,0.5237753876228158
2008-09-09,0.5128929394142954
2008-09-10,0.5127836069771161
2008-09-11,0.49612738449981786
2008-09-12,0.5026080015102183
2008-09-16,0.5140145822176921
2008-09-17,0.5171091225909397
2008-09-18,0.5291441905787629
2008-09-19,0.5340222097139476
2008-09-22,0.5584397781350182
2008-09-23,0.5333001699264263
2008-09-24,0.5324072429039869
2008-09-25,0.5212038674961487
2008-09-26,0.5314274717650485
2008-10-06,0.5529164563555262
2008-10-07,0.5589179098542326
2008-10-08,0.5629381187398044
2008-10-09,0.5584203522910002
2008-10-10,0.5603859095888661
2008-10-13,0.5432677148378001
2008-10-14,0.5601456028388673
2008-10-15,0.5678118067691829
2008-10-16,0.5893013206820652
2008-10-17,0.5848150245204652
2008-10-20,0.5636541304120232
2008-10-21,0.5627089424366742
2008-10-22,0.5801709010326549
2008-10-23,0.5789371590652519
2008-10-24,0.5630353090645224
2008-10-27,0.5744308636150652
2008-10-28,0.545673912057531
2008-10-29,0.5306742381297427
2008-10-30,0.5194120915105699
2008-10-31,0.5118775646446663
2008-11-03,0.509970059826004
2008-11-04,0.5217320973203736
2008-11-05,0.5180218678384394
2008-11-06,0.5326272707053026
2008-11-07,0.5328679388830837
2008-11-10,0.5524412740028091
2008-11-11,0.5463899088189891
2008-11-12,0.5516115057942352
2008-11-13,0.5708133124405294
2008-11-14,0.5777684201820695
2008-11-17,0.5961856383005665
2008-11-18,0.601117989164789
2008-11-19,0.6127181760543727
2008-11-20,0.6139210029478778
2008-11-21,0.6167946096973932
2008-11-24,0.6066424059944951
2008-11-25,0.6061782488704051
2008-11-26,0.6047727939182233
2008-11-27,0.6113937326091704
2008-11-28,0.597727866572944
2008-12-01,0.6069786090293154
2008-12-02,0.6071774666280025
2008-12-03,0.6097694359527712
2008-12-04,0.6107101729804354
2008-12-05,0.6192777505701594
2008-12-08,0.6425805741385691
2008-12-09,0.6237981589040182
2008-12-10,0.623095630594299
2008-12-11,0.5907707333866014
2008-12-12,0.6118084995159774
2008-12-15,0.6022723237591235
2008-12-16,0.6021750893487204
2008-12-17,0.6023200430867811
2008-12-18,0.6065568758042429
2008-12-19,0.6111472502083904
2008-12-22,0.5931940294515111
2008-12-23,0.6147184847183044
2008-12-24,0.6286220297974957
2008-12-25,0.6185672259806058
2008-12-26,0.6138667275323885
2008-12-29,0.6155906406885141
2008-12-30,0.6268150839405741
2008-12-31,0.6335702735282224
2009-01-05,0.64236544667356
2009-01-06,0.6196772585915681
2009-01-07,0.6176895689002369
2009-01-08,0.6352503615788121
2009-01-09,0.6381129794486998
2009-01-12,0.6392047758386745
2009-01-13,0.6407046745496632
2009-01-14,0.6674631157524855
2009-01-15,0.6677021395744738
2009-01-16,0.6542055492902618
2009-01-19,0.6592631027674499
2009-01-20,0.6599546247711986
2009-01-21,0.6599036272730182
2009-01-22,0.6549042818247734
2009-01-23,0.6534375605277433
2009-02-02,0.6700029618041562
2009-02-03,0.6841075468241747
2009-02-04,0.6835214465139069
2009-02-05,0.6758012826728844
2009-02-06,0.7051481518373248
2009-02-09,0.7312241430930116
2009-02-10,0.7476486066818475
2009-02-11,0.7499279276827118
2009-02-12,0.7537474313227959
2009-02-13,0.7286330841747727
2009-02-16,0.7451690965516841
2009-02-17,0.7344044640292475
2009-02-18,0.7585608661673474
2009-02-19,0.747242469412544
2009-02-20,0.7607727727805749
2009-02-23,0.7847533797473142
2009-02-24,0.6977579994365026
2009-02-25,0.6992448138835236
2009-02-26,0.7223778168827291
2009-02-27,0.7447407611316571
2009-03-02,0.7264401805701907
2009-03-03,0.7396429427771948
2009-03-04,0.7386063895102932
2009-03-05,0.7392700045383959
2009-03-06,0.7414742572955084
2009-03-09,0.7640637664966172
2009-03-10,0.7633020202842481
2009-03-11,0.7605180064694333
2009-03-12,0.7606726997871979
2009-03-13,0.7606670706539861
2009-03-16,0.7788780332875272
2009-03-17,0.7886142196856307
2009-03-18,0.7897540317271818
2009-03-19,0.7901714045295029
2009-03-20,0.78794757343456
2009-03-23,0.7863959692043059
2009-03-24,0.7895871146581132
2009-03-25,0.7548033670359445
2009-03-26,0.7554589637544824
2009-03-27,0.7482863644799304
2009-03-30,0.7447413274927763
2009-03-31,0.7428241014151111
2009-04-01,0.7630536994423364
2009-04-02,0.7643811619705843
2009-04-03,0.7663401607668259
2009-04-07,0.7666883046261
2009-04-08,0.7797994412018412
2009-04-09,0.7993373851388167
2009-04-10,0.8261978104149137
2009-04-13,0.850468337511157
2009-04-14,0.8418373700607464
2009-04-15,0.8410779762144891
2009-04-16,0.842256388128405
2009-04-17,0.8624155182586793
2009-04-20,0.8695149301229698
2009-04-21,0.86852169791356
2009-04-22,0.8293606127866496
2009-04-23,0.8214808327514694
2009-04-24,0.8134036828899424
2009-04-27,0.8322129258920622
2009-04-28,0.8294995989207616
2009-04-29,0.8307038216382051
2009-04-30,0.8414543459897815
2009-05-04,0.8562869406916335
2009-05-05,0.8530345403973876
2009-05-06,0.8480968341117213
2009-05-07,0.8487142225577792
2009-05-08,0.8467831864326326
2009-05-11,0.8785269194447916
2009-05-12,0.8584140726524752
2009-05-13,0.8660997222756935
2009-05-14,0.8722485808359915
2009-05-15,0.8722687087087325
2009-05-18,0.8794953892582509
2009-05-19,0.8894190773827774
2009-05-20,0.8603483145049335
2009-05-21,0.8788592005959607
2009-05-22,0.8876830311232662
2009-05-25,0.890544598760398
2009-05-26,0.8999094016121124
2009-05-27,0.8991740570537521
2009-06-01,0.8937069666932076
2009-06-02,0.8931226690052043
2009-06-03,0.8635192085713794
2009-06-04,0.8707164406193313
2009-06-05,0.8689893744151188
2009-06-08,0.8744693350186592
2009-06-09,0.8825804470653189
2009-06-10,0.878388608109944
2009-06-11,0.8455109070038856
2009-06-12,0.8120307028819197
2009-06-15,0.7632584365073124
2009-06-16,0.7703422908628492
2009-06-17,0.8028093538744099
2009-06-18,0.8022493971704433
2009-06-19,0.8186570485024397
2009-06-22,0.8182096833131364
2009-06-23,0.8163948515392571
2009-06-24,0.8080719365327912
2009-06-25,0.8075831934935048
2009-06-26,0.7987267585269773
2009-06-29,0.797233397598919
2009-06-30,0.7997047856299598
2009-07-01,0.7639835652235369
2009-07-02,0.7532904982585388
2009-07-03,0.7231627792428527
2009-07-06,0.7469096360856073
2009-07-07,0.7466534460419592
2009-07-08,0.7510597630990663
2009-07-09,0.7777277597901896
2009-07-10,0.7759601348596946
2009-07-13,0.7902785562261038
2009-07-14,0.7484109461227042
2009-07-15,0.7413566093996831
2009-07-16,0.7397141988244843
2009-07-17,0.7454901181390593
2009-07-20,0.794291097837895
2009-07-21,0.7339266404170117
2009-07-22,0.7109335452158672
2009-07-23,0.7022450242107141
2009-07-24,0.7031404124113516
2009-07-27,0.7054150148685495
2009-07-28,0.7046052181283513
2009-07-29,0.7545202803290042
2009-07-30,0.6927450458942453
2009-07-31,0.7373259030143161
2009-08-03,0.7600201615855375
2009-08-04,0.7617876011172185
2009-08-05,0.7782643380643463
2009-08-06,0.8137852556585929
2009-08-07,0.8668618466677882
2009-08-10,0.8682388525306762
2009-08-11,0.8700365183048236
2009-08-12,0.9033355633207342
2009-08-13,0.8798531505178083
2009-08-14,0.9240154049884566
2009-08-17,0.9065903743717669
2009-08-18,0.8856558583896531
2009-08-19,0.9000642376198222
2009-08-20,0.8706464372760334
2009-08-21,0.897577336667935
2009-08-24,0.9023596584287045
2009-08-25,0.8950239315398093
2009-08-26,0.8964081771360325
2009-08-27,0.8942182735345816
2009-08-28,0.8900353036447987
2009-08-31,0.8565819281216408
2009-09-01,0.8484550778602458
2009-09-02,0.8134916416279508
2009-09-03,0.8233775597326642
2009-09-04,0.8346883821689147
2009-09-07,0.8351386888506855
2009-09-08,0.8343971947011372
2009-09-09,0.8366461696037839
2009-09-10,0.8423947684600416
2009-09-11,0.8344419453007822
2009-09-14,0.8561819684893562
2009-09-15,0.8572248002078647
2009-09-16,0.8597516915787693
2009-09-17,0.8567138975082317
2009-09-18,0.7465034251253488
2009-09-21,0.7496282964954434
2009-09-22,0.7557984072195549
2009-09-23,0.7714990263684619
2009-09-24,0.782607786172633
2009-09-25,0.7742465478472332
2009-09-28,0.8071596415124344
2009-09-29,0.8079474798508874
2009-09-30,0.7964023649635226
2009-10-09,0.8056461820643186
2009-10-12,0.8102413306162808
2009-10-13,0.8311662249161066
2009-10-14,0.8453290088135432
2009-10-15,0.8448188427448231
2009-10-16,0.8446816745430872
2009-10-19,0.8729778974416643
2009-10-20,0.8650375775869847
2009-10-21,0.8648846685385819
2009-10-22,0.8633245587099793
2009-10-23,0.8486775006811987
2009-10-26,0.8484361448104298
2009-10-27,0.8166446323543101
2009-10-28,0.8156157145137413
2009-10-29,0.7937008126016818
2009-10-30,0.7899094042593241
2009-11-02,0.7481596887521865
2009-11-03,0.7424156713746092
2009-11-04,0.741327750614794
2009-11-05,0.7411266260186494
2009-11-06,0.7399215056678997
2009-11-09,0.7396496084934466
2009-11-10,0.7396259774528134
2009-11-11,0.7395543849913503
2009-11-12,0.7395862178317412
2009-11-13,0.7384936905052607
2009-11-16,0.6775276984187502
2009-11-17,0.6776545400360386
2009-11-18,0.6785344763577155
2009-11-19,0.6785890959547403
2009-11-20,0.6775737804385499
2009-11-23,0.6783048284291143
2009-11-24,0.7309803862294889
2009-11-25,0.7267851155436426
2009-11-26,0.7714454837656677
2009-11-27,0.8001482569381184
2009-11-30,0.7986198403444909
2009-12-01,0.7892205698165674
2009-12-02,0.7979867337064296
2009-12-03,0.7996798046694048
2009-12-04,0.7742793141811083
2009-12-07,0.7758626755641431
2009-12-08,0.7343001149058189
2009-12-09,0.7443051368638908
2009-12-10,0.7430300991069012
2009-12-11,0.7455663672527864
2009-12-14,0.7299682287005534
2009-12-15,0.7198225301196713
2009-12-16,0.704433616061178
2009-12-17,0.6844629329945107
2009-12-18,0.7043219741395875
2009-12-21,0.7071413451682436
2009-12-22,0.6577866983735485
2009-12-23,0.6805661978054733
2009-12-24,0.6437328900906671
2009-12-25,0.6431646921365888
2009-12-28,0.6338692610042106
2009-12-29,0.6496997527908025
2009-12-30,0.5913952112907281
2009-12-31,0.5829597513400256
2010-01-04,0.5645762702049459
2010-01-05,0.5623305288052736
2010-01-06,0.5624626183828823
2010-01-07,0.5634436271596556
2010-01-08,0.5639122322473666
2010-01-11,0.5638401011108916
2010-01-12,0.5527632954521087
2010-01-13,0.6207967031465154
2010-01-14,0.6322324960982448
2010-01-15,0.6310706379820634
2010-01-18,0.6435983574590711
2010-01-19,0.645608685218549
2010-01-20,0.6062682821849679
2010-01-21,0.6083342059163178
2010-01-22,0.6436826175386834
2010-01-25,0.6379574522235161
2010-01-26,0.6611901617060488
2010-01-27,0.6552366350711081
2010-01-28,0.6466425341655216
2010-01-29,0.649676971911779
2010-02-01,0.6953183527170151
2010-02-02,0.7028127564871728
2010-02-03,0.6705902601317448
2010-02-04,0.6557875744716642
2010-02-05,0.6818780617391637
2010-02-08,0.6819981537471639
2010-02-09,0.680557822807122
2010-02-10,0.6939642039481821
2010-02-11,0.6940791736039518
2010-02-12,0.6958407142742887
2010-02-22,0.6973703364044253
2010-02-23,0.7093822125842413
2010-02-24,0.7132948750236687
2010-02-25,0.7391366595670799
2010-02-26,0.7389226504141203
2010-03-01,0.782293155441971
2010-03-02,0.785888727740334
2010-03-03,0.7802202679114114
2010-03-04,0.8304596874779142
2010-03-05,0.8428358487565659
2010-03-08,0.855747964617163
2010-03-09,0.866358569863224
2010-03-10,0.837615291148041
2010-03-11,0.8357663090583358
2010-03-12,0.8600604363257054
2010-03-15,0.8803179954314223
2010-03-16,0.8908606449603073
2010-03-17,0.8807451181776816
2010-03-18,0.8784072857532138
2010-03-19,0.8929580318929754
2010-03-22,0.9027963395965006
2010-03-23,0.8970129890574202
2010-03-24,0.8961937438644098
2010-03-25,0.8595354344107415
2010-03-26,0.9131200274640644
2010-03-29,0.8540660466786419
2010-03-30,0.8535612107984804
2010-03-31,0.8503982489708619
2010-04-01,0.8334848650359131
2010-04-02,0.8316041448604912
2010-04-06,0.8320568624396919
2010-04-07,0.8296692065401847
2010-04-08,0.8172711182773894
2010-04-09,0.8085622038369892
2010-04-12,0.8027330947541076
2010-04-13,0.7891875823253462
2010-04-14,0.787992663446839
2010-04-15,0.7873201788234534
2010-04-16,0.7757814994574093
2010-04-19,0.5773233054274053
2010-04-20,0.5771299852347057
2010-04-21,0.5551506669223135
2010-04-22,0.549374847801609
2010-04-23,0.5489859876360601
2010-04-26,0.5476157151835
2010-04-27,0.5281018817733689
2010-04-28,0.5274691381717844
2010-04-29,0.5207665871706574
2010-04-30,0.5202709153577971
2010-05-04,0.5088727507967672
2010-05-05,0.5070252110265567
2010-05-06,0.41945992757345263
2010-05-07,0.40559531847798236
2010-05-10,0.40323419100245367
2010-05-11,0.39086744191721834
2010-05-12,0.38892823038775176
2010-05-13,0.36789874574275633
2010-05-14,0.3670408647739292
2010-05-17,0.2970509293397557
2010-05-18,0.28700838642747367
2010-05-19,0.286976323931601
2010-05-20,0.28393675304385485
2010-05-21,0.27825459251849266
2010-05-24,0.25031084581777596
2010-05-25,0.24406107579153477
2010-05-26,0.24407797114971044
2010-05-27,0.23893184262954517
2010-05-28,0.2387645950471352
2010-05-31,0.2281394610255772
2010-06-01,0.22669703736915733
2010-06-02,0.2261800399784998
2010-06-03,0.22548174840736263
2010-06-04,0.22515617844173155
2010-06-07,0.22077690760737095
2010-06-08,0.22048017526503086
2010-06-09,0.20470423182624314
2010-06-10,0.20329292268577975
2010-06-11,0.20288508946289532
2010-06-17,0.202584681896353
2010-06-18,0.1987466082568828
2010-06-21,0.18372070566578827
2010-06-22,0.18368695324239437
2010-06-23,0.1828947974932023
2010-06-24,0.1829417442895501
2010-06-25,0.18265037371554058
2010-06-28,0.18227106005250446
2010-06-29,0.15723919655324256
2010-06-30,0.15620276124436053
2010-07-01,0.15416930608915275
2010-07-02,0.15376928740226778
2010-07-05,0.1530989979102703
2010-07-06,0.14807718286929566
2010-07-07,0.14735499551527095
2010-07-08,0.14758261050534813
2010-07-09,0.13858583600853383
2010-07-12,0.1370738107470693
2010-07-13,0.13514175029660525
2010-07-14,0.1344576041672217
2010-07-15,0.13218548194875615
2010-07-16,0.13178415852966088
2010-07-19,0.12482829074989256
2010-07-20,0.11983259872374075
2010-07-21,0.11953260685428137
2010-07-22,0.11786228715874617
2010-07-23,0.11756852136344641
2010-07-26,0.11710146428897361
2010-07-27,0.1169421790810176
2010-07-28,0.11113444582208307
2010-07-29,0.1107769566612218
2010-07-30,0.1104039312098736
2010-08-02,0.1077440465103807
2010-08-03,0.10532981952183179
2010-08-04,0.10517433251827865
2010-08-05,0.10459030319573019
2010-08-06,0.10187934913650022
2010-08-09,0.10135135662721467
2010-08-10,0.09392917313161984
2010-08-11,0.0937970649411909
2010-08-12,0.09244561393925436
2010-08-13,0.09052800438881366
2010-08-16,0.08620321725431924
2010-08-17,0.08568014613500916
2010-08-18,0.08542409422668093
2010-08-19,0.08457850706523014
2010-08-20,0.08212941966160361
2010-08-23,0.0821111577052691
2010-08-24,0.08107591387972395
2010-08-25,0.07760913644642986
2010-08-26,0.07707916658617364
2010-08-27,0.07595167329622313
2010-08-30,0.07306916080582819
2010-08-31,0.07217567995598974
2010-09-01,0.07173949894235156
2010-09-02,0.0700117134120274
2010-09-03,0.06995264570637343
2010-09-06,0.06687922302669648
2010-09-07,0.06666452104610648
2010-09-08,0.06668082212507555
2010-09-09,0.06443540106183339
2010-09-10,0.06304724179995849
2010-09-13,0.06227983588345951
2010-09-14,0.06257255716481619
2010-09-15,0.05995900030320038
2010-09-16,0.057953640265278085
2010-09-17,0.05789161198129486
2010-09-20,0.05773684660414011
2010-09-21,0.05758140428966043
2010-09-27,0.055451196560546034
2010-09-28,0.05511539839563231
2010-09-29,0.05473682618268675
2010-09-30,0.051686949965875154
2010-10-08,0.04425030456779284
2010-10-11,0.0404212568908356
2010-10-12,0.04039035685243537
2010-10-13,0.039546879191147924
2010-10-14,0.039255264000288725
2010-10-15,0.035079032283999036
2010-10-18,0.03501688078550528
2010-10-19,0.033612185047102505
2010-10-20,0.03280552294199937
2010-10-21,0.032585936664855375
2010-10-22,0.03259605660734328
2010-10-25,0.029025345648077464
2010-10-26,0.02888138512241419
2010-10-27,0.02811095686837306
2010-10-28,0.028104780266123335
2010-10-29,0.028077164094248118
2010-11-01,0.026098866822036337
2010-11-02,0.025790329015631254
2010-11-03,0.0255036632590401
2010-11-04,0.024694231343252077
2010-11-05,0.02433289242114076
2010-11-08,0.02415821287455696
2010-11-09,0.024087242136792565
2010-11-10,0.024018822917908696
2010-11-11,0.02398185702749513
2010-11-12,0.017568951327306015
2010-11-15,0.017471372959432435
2010-11-16,0.015485961388025458
2010-11-17,0.015161853706665649
2010-11-18,0.01488599164641486
2010-11-19,0.01473895870171693
2010-11-22,0.01474798500379973
2010-11-23,0.014451662592932926
2010-11-24,0.013827965654127599
2010-11-25,0.013540036824556815
2010-11-26,0.013525721876381125
2010-11-29,0.013535534385021072
2010-11-30,0.01352211007202591
2010-12-01,0.013525221473865291
2010-12-02,0.013431099411846623
2010-12-03,0.01342230254260622
2010-12-06,0.013402676375329804
2010-12-07,0.013175446533084273
2010-12-08,0.012640492635298307
2010-12-09,0.012459527590303249
2010-12-10,0.011551232138713416
2010-12-13,0.00998626098173161
2010-12-14,0.009664198255715772
2010-12-15,0.00971507917402475
2010-12-16,0.009691167278155248
2010-12-17,0.009684128243545644
2010-12-20,0.009773418634364598
2010-12-21,0.009132956890315768
2010-12-22,0.009398480611440968
2010-12-23,0.009267437024288715
2010-12-24,0.00931269855608267
2010-12-27,0.009222488720351444
2010-12-28,0.009277845536909735
2010-12-29,0.009217719152971702
2010-12-30,0.00927102928213693
2010-12-31,0.008691507554048362
2011-01-04,0.007928545517558738
2011-01-05,0.007969771810909689
2011-01-06,0.008126043420200894
2011-01-07,0.007971766952884466
2011-01-10,0.007890992554479627
2011-01-11,0.007824836401727906
2011-01-12,0.007758361725143116
2011-01-13,0.007661399341580685
2011-01-14,0.007905897468172095
2011-01-17,0.007308924569385019
2011-01-18,0.007353579242933094
2011-01-19,0.006841639550031584
2011-01-20,0.006520159405302715
2011-01-21,0.006250677250457437
2011-01-24,0.006281370229245696
2011-01-25,0.0063086563045031355
2011-01-26,0.006103333775933722
2011-01-27,0.005318927235499672
2011-01-28,0.00517420548087062
2011-01-31,0.004978321178724899
2011-02-01,0.0049001163978349745
2011-02-09,0.004918233963326214
2011-02-10,0.004551297589840455
2011-02-11,0.0044869729910851815
2011-02-14,0.0036756418788858594
2011-02-15,0.003679849215227504
2011-02-16,0.0032893696527782025
2011-02-17,0.00328372420762851
2011-02-18,0.003335632314282259
2011-02-21,0.0030565033147347486
2011-02-22,0.002835148442273328
2011-02-23,0.0027218137111341746
2011-02-24,0.0026541710906819813
2011-02-25,0.002736930083671924
2011-02-28,0.002276246405076778
2011-03-01,0.0022114485342587284
2011-03-02,0.002255470464806107
2011-03-03,0.002236539038067392
2011-03-04,0.0020181320406846143
2011-03-07,0.0017217059029027526
2011-03-08,0.001682816858774099
2011-03-09,0.0015454142673972746
2011-03-10,0.0016533034838590388
2011-03-11,0.001610591238026138
2011-03-14,0.0015528912443013643
2011-03-15,0.0014823558448444076
2011-03-16,0.0012888705352364054
2011-03-17,0.0014198121678459916
2011-03-18,0.0008730234482500079
2011-03-21,0.0008879706345959768
2011-03-22,0.0007762265823691653
2011-03-23,0.0006065380774891838
2011-03-24,0.0007907742309354392
2011-03-25,0.0007066098959514353
2011-03-28,0.0004937013996206313
2011-03-29,0.00035702080480951856
2011-03-30,0.0003263106541143713
2011-03-31,0.00028492810872510985
2011-04-01,0.00016663585261107825
2011-04-06,1.442976025646696e-05
2011-04-07,9.12272752599209e-06
2011-04-08,-4.447752258958894e-05
2011-04-11,-7.430264068325978e-05
2011-04-12,5.160737981828165e-05
2011-04-13,-0.0002854672651877831
2011-04-14,-0.00025303010260305285
2011-04-15,-0.0002605625163081731
2011-04-18,-0.000257706311620723
2011-04-19,-0.00012967920951829573
2011-04-20,-0.00012833538319979873
2011-04-21,-0.0001680336999668989
2011-04-22,-0.00012945145244941
2011-04-25,-1.923722105377673e-05
2011-04-26,2.0014688454998554e-05
2011-04-27,6.814211475797543e-05
2011-04-28,0.00016240661709058314
2011-04-29,9.51499595352092e-05
2011-05-03,5.6396294470269885e-05
2011-05-04,0.00021827986184393312
2011-05-05,0.00023417166370766023
2011-05-06,0.0002444012062554814
2011-05-09,0.0002223564618770668
2011-05-10,0.00017071042772844714
2011-05-11,0.0001898945183002721
2011-05-12,0.00028221814865382714
2011-05-13,0.00021891446698584326
2011-05-16,0.00028571831987009256
2011-05-17,0.0002474263662735075
2011-05-18,0.00018544200581817737
2011-05-19,0.00023646338699637352
2011-05-20,0.00023306796556310204
2011-05-23,0.00045147215998947486
2011-05-24,0.00044604373328043754
2011-05-25,0.000529628488482206
2011-05-26,0.000563776135706428
2011-05-27,0.0006005370075138365
2011-05-30,0.0006184007143769945
2011-05-31,0.0004612039386587498
2011-06-01,0.0004642426901151823
2011-06-02,0.0005759423290942225
2011-06-03,0.00047821255543954277
2011-06-07,0.0004253482936837371
2011-06-08,0.0004081442694144938
2011-06-09,0.0005411565275580635
2011-06-10,0.0005123744444478961
2011-06-13,0.0005453158252041281
2011-06-14,0.0003865388117946537
2011-06-15,0.00048181959389554107
2011-06-16,0.000629827108738521
2011-06-17,0.0007202918953426844
2011-06-20,0.0007802892582152561
2011-06-21,0.0006253808791476067
2011-06-22,0.000624244424718764
2011-06-23,0.00039874519872262965
2011-06-24,0.00011038788036009281
2011-06-27,7.297533077501092e-05
2011-06-28,5.736832883079979e-05
2011-06-29,0.00019691529902613736
2011-06-30,4.1830600347141456e-05
2011-07-01,2.667404135650823e-05
2011-07-04,-0.00020365866751732368
2011-07-05,-0.00020400253654348415
2011-07-06,-0.00017325338984709339
2011-07-07,-0.00013312194559299018
2011-07-08,-0.00015382518045730823
2011-07-11,-0.0001636786335176275
2011-07-12,2.8599671260518045e-05
2011-07-13,-0.00012265842567627693
2011-07-14,-0.00014814955386849863
2011-07-15,-0.00018663574387682414
2011-07-18,-0.00016282955068888696
2011-07-19,-7.265490082757433e-05
2011-07-20,-5.962646529129179e-05
2011-07-21,6.389357243654977e-05
2011-07-22,2.5253736959020143e-05
2011-07-25,0.00033255013964640266
2011-07-26,0.0003027290735260259
2011-07-27,0.00022139144110191753
2011-07-28,0.00028758606515092577
2011-07-29,0.0003160329990234101
2011-08-01,0.00028905881935153483
2011-08-02,0.0003560852232322658
2011-08-03,0.00035962792455810185
2011-08-04,0.0003342803103644743
2011-08-05,0.0005292868077341412
2011-08-08,0.0007433689056398874
2011-08-09,0.0007269960655318471
2011-08-10,0.0006284160185022903
2011-08-11,0.0004731455827209604
2011-08-12,0.00044505012464673575
2011-08-15,0.00029962459016758187
2011-08-16,0.00036051144104892204
2011-08-17,0.00039242115148982416
2011-08-18,0.000532769099313851
2011-08-19,0.0006031511356541594
2011-08-22,0.0006843151787116039
2011-08-23,0.0005230442090938388
2011-08-24,0.0005531131061324009
2011-08-25,0.00020459727810948593
2011-08-26,0.0002078336668650349
2011-08-29,0.00033664354237578125
2011-08-30,0.0003680092538249655
2011-08-31,0.00034868260393113726
2011-09-01,0.00038590781851358634
2011-09-02,0.00048593656630189553
2011-09-05,0.0006514192844897772
2011-09-06,0.0007124591279949723
2011-09-07,0.00048522368600399554
2011-09-08,0.0005541898041872645
2011-09-09,0.0005666418184645856
2011-09-13,0.0006546258280599694
2011-09-14,0.0006044709621203591
2011-09-15,0.0006157404854437793
2011-09-16,0.0005906941311055731
2011-09-19,0.0007458513583127808
2011-09-20,0.0006960584886089453
2011-09-21,0.00034686626380717335
2011-09-22,0.0005464267439749692
2011-09-23,0.0005914028992257403
2011-09-26,0.0007183417322148063
2011-09-27,0.0006240612214752502
2011-09-28,0.0006901965259544672
2011-09-29,0.0007482896387490445
2011-09-30,0.0007665267668597076
2011-10-10,0.0008251517052934238
2011-10-11,0.0008354069719695856
2011-10-12,0.0004756972074507664
2011-10-13,0.0004244900181135066
2011-10-14,0.0004429026367294137
2011-10-17,0.00040676925082096146
2011-10-18,0.0005315212056686244
2011-10-19,0.0005423443452633401
2011-10-20,0.0006412479188049803
2011-10-21,0.0006623488697230431
2011-10-24,0.00044828241851103804
2011-10-25,0.0003219218061006471
2011-10-26,0.0002538960673117592
2011-10-27,0.00023917358456317962
2011-10-28,0.00011235203102763007
2011-10-31,0.0001382383855323679
2011-11-01,0.00013220268352829746
2011-11-02,3.1392316964829655e-05
2011-11-03,2.050227823743414e-05
2011-11-04,-2.0697173495173745e-05
2011-11-07,3.8026954127079385e-05
2011-11-08,5.348687098657031e-05
2011-11-09,1.1347605613058358e-05
2011-11-10,8.983088857959234e-05
2011-11-11,9.621891402982037e-05
2011-11-14,3.5263988274534645e-06
2011-11-15,7.975888163271763e-06
2011-11-16,0.00012074958367804285
2011-11-17,0.0001307863194025725
2011-11-18,0.0002164515444480563
2011-11-21,0.0002089612970221737
2011-11-22,0.0002059410968581896
2011-11-23,0.0002608004023177816
2011-11-24,0.0002467472750026253
2011-11-25,0.0002889353968002899
2011-11-28,0.0002824503029055195
2011-11-29,0.00019581485707721168
2011-11-30,0.0003331307680410365
2011-12-01,0.00020585778243231457
2011-12-02,0.0002482849691174459
2011-12-05,0.0002964415090384828
2011-12-06,0.00030000307614705033
2011-12-07,0.0002754120689276812
2011-12-08,0.0002786289428170303
2011-12-09,0.0003176474929641491
2011-12-12,0.0003614605635927629
2011-12-13,0.00044533192052243647
2011-12-14,0.0004857315303968432
2011-12-15,0.0005644496223843659
2011-12-16,0.00043326515458403877
2011-12-19,0.0004415168833070577
2011-12-20,0.00045407651113302743
2011-12-21,0.0005136563155029937
2011-12-22,0.0004990862512487911
2011-12-23,0.00044976020959850826
2011-12-26,0.000494370915883978
2011-12-27,0.0005520976988594335
2011-12-28,0.0005395642861373253
2011-12-29,0.0005276704221178871
2011-12-30,0.0004191990281626896
2012-01-04,0.00050844644503443
2012-01-05,0.0005542881411672275
2012-01-06,0.0005111111717411314
2012-01-09,0.00027359614298928163
2012-01-10,9.167914299620597e-05
2012-01-11,0.00011078292258840546
2012-01-12,0.00010874905678450502
2012-01-13,0.00018053258410869336
2012-01-16,0.0002662820798549912
2012-01-17,1.5138012674211142e-05
2012-01-18,7.756166276999706e-05
2012-01-19,-6.051955863492798e-06
2012-01-20,-6.622434141817774e-05
2012-01-30,4.920856885557726e-06
2012-01-31,-3.75382107218546e-06
2012-02-01,5.6580265765801094e-05
2012-02-02,-4.825527421308192e-05
2012-02-03,-8.025078512863376e-05
2012-02-06,-7.848864124160517e-05
2012-02-07,2.6091186428324053e-06
2012-02-08,-0.0001235979130515829
2012-02-09,-0.00012781012634696727
2012-02-10,-0.0001356448258193548
2012-02-13,-0.0001328735357218973
2012-02-14,-0.00011598706542256514
2012-02-15,-0.00017155810828598886
2012-02-16,-0.00014565728019753265
2012-02-17,-0.0001503467421631515
2012-02-20,-0.00015884500803755054
2012-02-21,-0.0002030338903591339
2012-02-22,-0.00027093938104861084
2012-02-23,-0.0002892404633911654
2012-02-24,-0.00036902064915236854
2012-02-27,-0.0003855384570991722
2012-02-28,-0.00039845902386963884
2012-02-29,-0.0003351143983327367
2012-03-01,-0.00033185083615130457
2012-03-02,-0.0004210340043759151
2012-03-05,-0.0003780165587613777
2012-03-06,-0.0002811178849837
2012-03-07,-0.0002425874970310275
2012-03-08,-0.00030886096354591357
2012-03-09,-0.00036729870288740725
2012-03-12,-0.00034623776394230183
2012-03-13,-0.0003983067284747958
2012-03-14,-0.00021314250052954857
2012-03-15,-0.00017416292103695713
2012-03-16,-0.0002527347280297302
2012-03-19,-0.00026633943265559954
2012-03-20,-0.00016478686739953573
2012-03-21,-0.00016969189073714382
2012-03-22,-0.00015980875481963114
2012-03-23,-9.142095334685676e-05
2012-03-26,-9.500812542689098e-05
2012-03-27,-7.907550531594157e-05
2012-03-28,8.231668426904945e-05
2012-03-29,0.00014665916013601875
2012-03-30,0.0001185503238312545
2012-04-05,-1.4275245535810498e-05
2012-04-06,-3.232486999534722e-05
2012-04-09,2.0393726541600715e-05
2012-04-10,-3.673177306644686e-05
2012-04-11,-3.8262087001209975e-05
2012-04-12,-0.00014386102505528544
2012-04-13,-0.00016539969541039
2012-04-16,-0.0001500174299755478
2012-04-17,-7.930462423474983e-05
2012-04-18,-0.00020122456535693746
2012-04-19,-0.00019377797605886127
2012-04-20,-0.00025794768110908907
2012-04-23,-0.00021041759960089271
2012-04-24,-0.00020753883668973792
2012-04-25,-0.0002563202043073249
2012-04-26,-0.00026766316538876547
2012-04-27,-0.0002550154219372155
2012-05-02,-0.00036935842078779856
2012-05-03,-0.0003829691401473314
2012-05-04,-0.00043344826042362566
2012-05-07,-0.0004375180309704524
2012-05-08,-0.0004140837130430244
2012-05-09,-0.0002737225031420274
2012-05-10,-0.0002713176160770659
2012-05-11,-0.0002211559312687579
2012-05-14,-0.0001744624047048602
2012-05-15,-0.0001800454569454178
2012-05-16,-8.642979847010573e-05
2012-05-17,-0.00015789796151583854
2012-05-18,-7.663940598591647e-05
2012-05-21,-0.00010172969558081898
2012-05-22,-0.0001740126117165678
2012-05-23,-0.00015518227001843664
2012-05-24,-0.0001141869581732532
2012-05-25,-7.070472224760717e-05
2012-05-28,-0.00014494575744165115
2012-05-29,-0.00020357224431199168
2012-05-30,-0.00018788358287733517
2012-05-31,-0.00016999564586097705
2012-06-01,-0.00017032487949855479
2012-06-04,-2.7136868368968196e-05
2012-06-05,-2.1723800976101866e-05
2012-06-06,-1.976993681820169e-05
2012-06-07,1.043394461132179e-05
2012-06-08,4.334683909451319e-05
2012-06-11,-1.792665370147014e-05
2012-06-12,1.4296211949888941e-05
2012-06-13,-6.211309460841533e-05
2012-06-14,-2.573736070702102e-05
2012-06-15,-3.71642794192683e-05
2012-06-18,-6.39707128369995e-05
2012-06-19,-2.1755839484377345e-05
2012-06-20,-1.0704235158558312e-05
2012-06-21,7.065262866086409e-05
2012-06-25,0.00016762418475050684
2012-06-26,0.00016987447605978036
2012-06-27,0.00018112581608959846
2012-06-28,0.00022341422596515014
2012-06-29,0.00014291970506043493
2012-07-02,0.00013544688469925516
2012-07-03,0.00012761036028904923
2012-07-04,0.00013230500298510187
2012-07-05,0.0001998892424546651
2012-07-06,9.996565309649133e-05
2012-07-09,0.00019144986593292555
2012-07-10,0.00020626243377984041
2012-07-11,0.00016601822068466646
2012-07-12,0.00011954441913778376
2012-07-13,0.00011277273240807678
2012-07-16,0.00019923814719631852
2012-07-17,0.0001633460343813818
2012-07-18,0.00016112464815028373
2012-07-19,0.00013796237214594662
2012-07-20,0.0001914934875895217
2012-07-23,0.0002582997045701475
2012-07-24,0.00022932868513082016
2012-07-25,0.00026719082923152323
2012-07-26,0.00029188757129606564
2012-07-27,0.00028422095609622396
2012-07-30,0.00031408048559906557
2012-07-31,0.0003191753713028339
2012-08-01,0.00023773895811016603
2012-08-02,0.00029800935907106223
2012-08-03,0.00023749708649403557
2012-08-06,0.00013246368627187433
2012-08-07,0.0001266646872404257
2012-08-08,0.00012090289304679542
2012-08-09,4.566977410110455e-05
2012-08-10,8.241981486581725e-05
2012-08-13,0.00021972013859498802
2012-08-14,0.0001998550544184722
2012-08-15,0.0002790866934438659
2012-08-16,0.0003162318810762071
2012-08-17,0.00033474519068345986
2012-08-20,0.0003802365017402728
2012-08-21,0.0003320872938320679
2012-08-22,0.00040067108479338793
2012-08-23,0.0003646075307167529
2012-08-24,0.00046310911421606257
2012-08-27,0.0006123871338919485
2012-08-28,0.0005598100017850741
2012-08-29,0.0006403540365785044
2012-08-30,0.0006497280301746571
2012-08-31,0.0006747016857282658
2012-09-03,0.0005567474253125738
2012-09-04,0.000639680296584068
2012-09-05,0.000649678587138037
2012-09-06,0.0005583822911302041
2012-09-07,8.054521541729961e-05
2012-09-10,4.9942409558382146e-05
2012-09-11,9.467768432696326e-05
2012-09-12,6.636783254412256e-05
2012-09-13,0.00013360135093250225
2012-09-14,7.172996792360244e-05
2012-09-17,0.0002495497262214784
2012-09-18,0.00032460656171228374
2012-09-19,0.00028269017412568993
2012-09-20,0.0004204011929852007
2012-09-21,0.0004069719711367453
2012-09-24,0.0003422347720391419
2012-09-25,0.0003591547852799071
2012-09-26,0.00043735189598838076
2012-09-27,0.00016354951188584006
2012-09-28,2.88045267763666e-05
2012-10-08,9.780882511028948e-05
2012-10-09,-5.548919438041804e-05
2012-10-10,-7.228021435872292e-05
2012-10-11,-6.276654707290577e-06
2012-10-12,-1.2706705455729408e-05
2012-10-15,1.8347646543859946e-05
2012-10-16,4.8192976477838996e-06
2012-10-17,-3.7649679778081124e-06
2012-10-18,-0.00011886796012760553
2012-10-19,-0.00010671252004840654
2012-10-22,-0.00013793905639206865
2012-10-23,-3.0953529340208656e-05
2012-10-24,-2.2677878790622276e-05
2012-10-25,3.7040853782123794e-05
2012-10-26,0.000193856179313968
2012-10-29,0.00023530457412603717
2012-10-30,0.00022221653106343963
2012-10-31,0.0001634891130784378
2012-11-01,1.2265657656858896e-06
2012-11-02,-3.280385984722492e-05
2012-11-05,-2.027968714411205e-05
2012-11-06,1.2430274182898524e-05
2012-11-07,2.7457101309924474e-05
2012-11-08,0.00018468119661773106
2012-11-09,0.00019626546593522881
2012-11-12,0.0001495522987371081
2012-11-13,0.00029455890744453336
2012-11-14,0.00024369154964670446
2012-11-15,0.0003506965490356665
2012-11-16,0.0004094189444728671
2012-11-19,0.0004168512557565269
2012-11-20,0.0004546406248051986
2012-11-21,0.00030815618559850875
2012-11-22,0.0003778410635891093
2012-11-23,0.0003071053267801884
2012-11-26,0.0003689335093620697
2012-11-27,0.0004649260684898418
2012-11-28,0.0005534945748445779
2012-11-29,0.0006069776920832893
2012-11-30,0.0004819455488885442
2012-12-03,0.0005977800750356358
2012-12-04,0.00047593319057068813
2012-12-05,9.649580635378228e-05
2012-12-06,0.00010956253394737838
2012-12-07,-4.962955534239151e-05
2012-12-10,-0.00013461618055011642
2012-12-11,-9.351846990022204e-05
2012-12-12,-0.00012139951234631348
2012-12-13,-3.6080579413984586e-05
2012-12-14,-0.0003169934138177104
2012-12-17,-0.0003404325604737143
2012-12-18,-0.0003429097751868301
2012-12-19,-0.00035044675708866154
2012-12-20,-0.00038449821861564234
2012-12-21,-0.0003460714714293699
2012-12-24,-0.00036857173814378085
2012-12-25,-0.0005035897424261586
2012-12-26,-0.0005229482236211364
2012-12-27,-0.0004815343757303204
2012-12-28,-0.0005603570287431785
2012-12-31,-0.0006431825406147345
2013-01-04,-0.0006432714773675532
2013-01-07,-0.0006646266408609211
2013-01-08,-0.000634109626294009
2013-01-09,-0.0006342535043731423
2013-01-10,-0.0006407167597194056
2013-01-11,-0.0004880445776293696
2013-01-14,-0.0006073041969791895
2013-01-15,-0.0006388613761084609
2013-01-16,-0.0005944871850709153
2013-01-17,-0.0005307103292500304
2013-01-18,-0.0005990765044044578
2013-01-21,-0.0006267828114682687
2013-01-22,-0.0005962500645852909
2013-01-23,-0.0006207555584130919
2013-01-24,-0.0005531008891270562
2013-01-25,-0.0005226911856309178
2013-01-28,-0.0006308857578380962
2013-01-29,-0.0006693601881763553
2013-01-30,-0.0006990921540470776
2013-01-31,-0.0006884444506882339
2013-02-01,-0.0007738611493013885
2013-02-04,-0.0007811275664341323
2013-02-05,-0.0008186678755703843
2013-02-06,-0.0008226427628804842
2013-02-07,-0.0007758975460905425
2013-02-08,0.21062645891712067
2013-02-18,0.21021342935959034
2013-02-19,0.3040789774526588
2013-02-20,0.2723081226981428
2013-02-21,0.24425963664210834
2013-02-22,0.24522752951166682
2013-02-25,0.2300094781676189
2013-02-26,0.1631818982405277
2013-02-27,0.20794889784567014
2013-02-28,0.23830101197404438
2013-03-01,0.22660250775814705
2013-03-04,0.4006698249246968
2013-03-05,0.4258443046065177
2013-03-06,0.46451810373235597
2013-03-07,0.47487861849281254
2013-03-08,0.49288418087118224
2013-03-11,0.5115611157641431
2013-03-12,0.5271458562379048
2013-03-13,0.5120553193227504
2013-03-14,0.5106791346512581
2013-03-15,0.5055436455239446
2013-03-18,0.5685946427920505
2013-03-19,0.5195445123542412
2013-03-20,0.5160660521491159
2013-03-21,0.5191256463449806
2013-03-22,0.5180271291215058
2013-03-25,0.5150496062327147
2013-03-26,0.5766424367873416
2013-03-27,0.5738867217871672
2013-03-28,0.5195685831836563
2013-03-29,0.5208142526943196
2013-04-01,0.5203970118328725
2013-04-02,0.506335101349516
2013-04-03,0.5125706414968186
2013-04-08,0.5170210281710448
2013-04-09,0.5166151884507076
2013-04-10,0.507280709778746
2013-04-11,0.514203603114851
2013-04-12,0.49069063332550045
2013-04-15,0.4924026407781147
2013-04-16,0.44014444661296653
2013-04-17,0.441231327980389
2013-04-18,0.4453914921441568
2013-04-19,0.4511191035493241
2013-04-22,0.4479327727988499
2013-04-23,0.5579057506971171
2013-04-24,0.5740162959858673
2013-04-25,0.60103895692403
2013-04-26,0.619492335110857
2013-05-02,0.6169371219467542
2013-05-03,0.636425619306598
2013-05-06,0.667813519477952
2013-05-07,0.6678764477359926
2013-05-08,0.6673857752639125
2013-05-09,0.6643248144215075
2013-05-10,0.6697493196114788
2013-05-13,0.6724520272050296
2013-05-14,0.7076055972586197
2013-05-15,0.7050448920044072
2013-05-16,0.6816712122467561
2013-05-17,0.6678072407610182
2013-05-20,0.6635810758380627
2013-05-21,0.6736188249116892
2013-05-22,0.6742712530997359
2013-05-23,0.6827522144285523
2013-05-24,0.6834853686096046
2013-05-27,0.6864349481194013
2013-05-28,0.7667792307481937
2013-05-29,0.7677878424682808
2013-05-30,0.7522547663306226
2013-05-31,0.7541802892510435
2013-06-03,0.7549939570737522
2013-06-04,0.7386425081826943
2013-06-05,0.7333972325043194
2013-06-06,0.6799884908197106
2013-06-07,0.7709636657535057
2013-06-13,0.8704937684324371
2013-06-14,0.8906603029210659
2013-06-17,0.9204398765623888
2013-06-18,0.9196117715109988
2013-06-19,0.9033375378642863
2013-06-20,0.948646772166449
2013-06-21,0.9499532503632271
2013-06-24,0.9009042074369755
2013-06-25,0.9093130353888328
2013-06-26,0.9109369248015696
2013-06-27,0.9168528576716134
2013-06-28,0.8224024913082855
2013-07-01,0.8390412932764348
2013-07-02,0.8427408395180439
2013-07-03,0.8554707622675712
2013-07-04,0.8759939334598995
2013-07-05,0.8800697073981527
2013-07-08,0.9214710806844478
2013-07-09,0.921450134611621
2013-07-10,0.9794807672959498
2013-07-11,0.9959646404942099
2013-07-12,0.9454010028673506
2013-07-15,0.9833155864213906
2013-07-16,0.9853984350944284
2013-07-17,0.9932776692003258
2013-07-18,0.9729332423478428
2013-07-19,1.0086184121109794
2013-07-22,1.00646407063524
2013-07-23,1.0499696439076085
2013-07-24,1.0359507645521764
2013-07-25,1.0430273023046637
2013-07-26,1.0388921866086254
2013-07-29,0.9637678455748071
2013-07-30,0.9783747475004416
2013-07-31,0.9750678592643807
2013-08-01,0.9409949813768749
2013-08-02,0.9439700853638109
2013-08-05,0.9372297537649931
2013-08-06,0.9333120914065953
2013-08-07,0.9456409933534247
2013-08-08,0.9455326980723824
2013-08-09,0.9439432969681265
2013-08-12,0.8764306334396045
2013-08-13,0.8757784456590333
2013-08-14,0.8746517912176359
2013-08-15,0.814561676692615
2013-08-16,0.8437953776603604
2013-08-19,0.8022931144685901
2013-08-20,0.8228001171668565
2013-08-21,0.8203382456087432
2013-08-22,0.8227451157078705
2013-08-23,0.8284119409584074
2013-08-26,0.8429335805919771
2013-08-27,0.8459323648748552
2013-08-28,0.8356381808309875
2013-08-29,0.83789131679538
2013-08-30,0.8396089509014075
2013-09-02,0.8458227444431614
2013-09-03,0.8186357489086513
2013-09-04,0.8170123941907819
2013-09-05,0.817957124772218
2013-09-06,0.8195755646302169
2013-09-09,0.712994735968883
2013-09-10,0.6664938069410109
2013-09-11,0.6653007451078423
2013-09-12,0.6422908187860835
2013-09-13,0.6324649992768814
2013-09-16,0.6304963473654436
2013-09-17,0.661169864953263
2013-09-18,0.6629854800551406
2013-09-23,0.6632470549431894
2013-09-24,0.662467310119238
2013-09-25,0.6592839137180494
2013-09-26,0.6644529453776378
2013-09-27,0.6603657899785539
2013-09-30,0.6816303732381236
2013-10-08,0.6699197187938273
2013-10-09,0.6650448587452201
2013-10-10,0.677163931446759
2013-10-11,0.6556244706819913
2013-10-14,0.6506111119303536
2013-10-15,0.6517275261166048
2013-10-16,0.7109286839348583
2013-10-17,0.6894936359432866
2013-10-18,0.6937510960836412
2013-10-21,0.6385593637605431
2013-10-22,0.6469973020131855
2013-10-23,0.6542968554603175
2013-10-24,0.651723795078855
2013-10-25,0.6272043087950417
2013-10-28,0.6304242108001372
2013-10-29,0.63925139922057
2013-10-30,0.675268351726537
2013-10-31,0.678932227646997
2013-11-01,0.6774617429998212
2013-11-04,0.6783113318190185
2013-11-05,0.6792200744541084
2013-11-06,0.6798168218357952
2013-11-07,0.6622926752780467
2013-11-08,0.6485429514705644
2013-11-11,0.638517593745519
2013-11-12,0.6390226510144794
2013-11-13,0.594988455433544
2013-11-14,0.6121900326579846
2013-11-15,0.7020219590032454
2013-11-18,0.600466576118144
2013-11-19,0.5812474946527741
2013-11-20,0.5986307940822242
2013-11-21,0.6024715833257221
2013-11-22,0.6008736978840364
2013-11-25,0.6285362551643222
2013-11-26,0.6297726734986604
2013-11-27,0.6214325883096999
2013-11-28,0.6678363721368719
2013-11-29,0.6680866916914179
2013-12-02,0.6954354319082305
2013-12-03,0.7076279687160939
2013-12-04,0.7143286318452399
2013-12-05,0.7203806899657509
2013-12-06,0.729746242510157
2013-12-09,0.7291109999514919
2013-12-10,0.7306626157953856
2013-12-11,0.7281776361097482
2013-12-12,0.729547282381603
2013-12-13,0.7295816457597514
2013-12-16,0.7738132900247657
2013-12-17,0.7830341089523134
2013-12-18,0.7836137110466674
2013-12-19,0.7466903043433463
2013-12-20,0.6400420836793118
2013-12-23,0.6372894480136603
2013-12-24,0.6398570364195835
2013-12-25,0.6317079058056876
2013-12-26,0.6730449453056573
2013-12-27,0.7145200277164723
2013-12-30,0.7087864581528838
2013-12-31,0.6973336898630579
2014-01-02,0.7091944760559131
2014-01-03,0.7128736405705539
2014-01-06,0.718016072892726
2014-01-07,0.7183160835763114
2014-01-08,0.7173926055778447
2014-01-09,0.755178043066955
2014-01-10,0.8006676179913802
2014-01-13,0.7908518946309422
2014-01-14,0.7823058071462177
2014-01-15,0.783375494406998
2014-01-16,0.7869892663600141
2014-01-17,0.8016948092127453
2014-01-20,0.816977365228559
2014-01-21,0.8100983712481763
2014-01-22,0.8045353128629394
2014-01-23,0.7979242794223403
2014-01-24,0.8217466954775579
2014-01-27,0.8588205517800774
2014-01-28,0.8607477549822322
2014-01-29,0.8537535639405086
2014-01-30,0.8913625145002276
2014-02-07,0.9055199377001425
2014-02-10,0.9487396553837687
2014-02-11,0.9509421436697286
2014-02-12,0.9490290116058676
2014-02-13,0.9267226530634145
2014-02-14,0.9295402912346163
2014-02-17,0.9195850749269031
2014-02-18,0.9350559156763569
2014-02-19,0.9459350387059067
2014-02-20,0.9332844719974348
2014-02-21,0.9312708481895252
2014-02-24,0.942544419290686
2014-02-25,0.953569792511963
2014-02-26,0.9650542338944854
2014-02-27,0.975877941184655
2014-02-28,0.9499555204550321
2014-03-03,0.9488806544364558
2014-03-04,0.9415858682681106
2014-03-05,0.9509106327885555
2014-03-06,0.9417734450849102
2014-03-07,0.9350469968562013
2014-03-10,0.694780143508564
2014-03-11,0.7033696112593674
2014-03-12,0.7072989057528474
2014-03-13,0.6712911783529102
2014-03-14,0.6804726677330444
2014-03-17,0.6854964832095501
2014-03-18,0.6851556518677081
2014-03-19,0.68397418606241
2014-03-20,0.5756654458409125
2014-03-21,0.5356144529160753
2014-03-24,0.5490804120387763
2014-03-25,0.5515095448723527
2014-03-26,0.5511810319021828
2014-03-27,0.5562229892883684
2014-03-28,0.5543571364445465
2014-03-31,0.5542708235367019
2014-04-01,0.5379135007947676
2014-04-02,0.518505104169224
2014-04-03,0.517165030633342
2014-04-04,0.538744819752758
2014-04-08,0.5431062387413661
2014-04-09,0.5430180210117806
2014-04-10,0.5349599123159556
2014-04-11,0.5346627177931436
2014-04-14,0.5338673128831266
2014-04-15,0.5919009109702437
2014-04-16,0.5904895864397844
2014-04-17,0.5894129242206327
2014-04-18,0.5892539325902959
2014-04-21,0.6129252760923911
2014-04-22,0.6110067353917663
2014-04-23,0.6109173574584895
2014-04-24,0.6153343747589204
2014-04-25,0.6122665567343953
2014-04-28,0.6076438612158561
2014-04-29,0.5917685415760618
2014-04-30,0.5920565639491423
2014-05-05,0.5919732455911912
2014-05-06,0.5914565642025027
2014-05-07,0.6052910125767278
2014-05-08,0.6052493551340777
2014-05-09,0.604054036263907
2014-05-12,0.717983877627098
2014-05-13,0.7187538801439429
2014-05-14,0.7193461807911257
2014-05-15,0.7591085285429328
2014-05-16,0.7639449099127753
2014-05-19,0.707619803120481
2014-05-20,0.7063481704167092
2014-05-21,0.7151844985948023
2014-05-22,0.7160982081795381
2014-05-23,0.7134899899692045
2014-05-26,0.708934623943932
2014-05-27,0.7131632189068244
2014-05-28,0.6897945176252083
2014-05-29,0.6971495913017833
2014-05-30,0.6987814324608791
2014-06-03,0.7044471213290656
2014-06-04,0.7071547600568848
2014-06-05,0.7150852646705843
2014-06-06,0.7055507606605456
2014-06-09,0.7052340893542807
2014-06-10,0.6726536518933129
2014-06-11,0.6725480728761932
2014-06-12,0.6749660034506719
2014-06-13,0.7292432455392605
2014-06-16,0.7102976973098747
2014-06-17,0.7062796621042018
2014-06-18,0.6884936177805329
2014-06-19,0.4129836049141078
2014-06-20,0.4103851610874344
2014-06-23,0.4107667594971992
2014-06-24,0.3941898897638287
2014-06-25,0.418973960715117
2014-06-26,0.42174097221027057
2014-06-27,0.4195747550849246
2014-06-30,0.4481484173402626
2014-07-01,0.4480718665271995
2014-07-02,0.4579019636641347
2014-07-03,0.4514143589776709
2014-07-04,0.451067592390814
2014-07-07,0.45455899590034904
2014-07-08,0.45797939499242407
2014-07-09,0.4593423632918981
2014-07-10,0.44922188683437836
2014-07-11,0.447927893512158
2014-07-14,0.4956066900721002
2014-07-15,0.4849389144985569
2014-07-16,0.4922387565283624
2014-07-17,0.47894851674262473
2014-07-18,0.4735247532696353
2014-07-21,0.4635478600638404
2014-07-22,0.5174412159688355
2014-07-23,0.5289737012291228
2014-07-24,0.4245086487220937
2014-07-25,0.4920943986881144
2014-07-28,1.060874488880365
2014-07-29,1.0594846077832794
2014-07-30,1.07461140998957
2014-07-31,1.054768379329319
2014-08-01,1.0734497576026478
2014-08-04,1.051826324177818
2014-08-05,1.055589485109864
2014-08-06,1.0510695831696022
2014-08-07,1.0601427665950995
2014-08-08,1.0579243758245254
2014-08-11,1.041776464286296
2014-08-12,1.0249853673434
2014-08-13,1.0275248431041974
2014-08-14,1.0699901276311978
2014-08-15,1.077143122292391
2014-08-18,1.1025280998850437
2014-08-19,1.1014197317950405
2014-08-20,1.106418031369256
2014-08-21,1.01682385856902
2014-08-22,1.020259562153254
2014-08-25,1.0198721866403646
2014-08-26,1.071315605940772
2014-08-27,1.0732636912824352
2014-08-28,1.1069329095922171
2014-08-29,1.1869511529230996
2014-09-01,1.204386313686216
2014-09-02,1.2085145009554659
2014-09-03,1.170904631545131
2014-09-04,1.1303508943795937
2014-09-05,1.1346656262454375
2014-09-09,1.1380021117612351
2014-09-10,1.079005241719493
2014-09-11,1.081753431932218
2014-09-12,1.131878596831292
2014-09-15,1.130532752454879
2014-09-16,1.1599811077576951
2014-09-17,1.1510446192788146
2014-09-18,1.156062460289239
2014-09-19,1.1671550529950494
2014-09-22,1.2125193134494257
2014-09-23,1.1783040561502456
2014-09-24,1.1712555072278448
2014-09-25,1.1797870981289185
2014-09-26,1.1800700330731035
2014-09-29,1.1769566825979028
2014-09-30,1.1789197439220924
2014-10-08,1.1350643216219884
2014-10-09,1.1283716821488576
2014-10-10,1.0996640057534974
2014-10-13,1.114188157564975
2014-10-14,1.1266724099449144
2014-10-15,1.0956709465407781
2014-10-16,1.076280782858346
2014-10-17,1.0711737819162226
2014-10-20,1.075129851992347
2014-10-21,0.895629722183627
2014-10-22,0.934352775970267
2014-10-23,0.9023218277471227
2014-10-24,0.9300273810629639
2014-10-27,0.9015625455978935
2014-10-28,0.8586642065579945
2014-10-29,0.8111678579418031
2014-10-30,0.9809130786459505
2014-10-31,0.8460687021670608
2014-11-03,0.8457336037547994
2014-11-04,0.8450392074761774
2014-11-05,0.8554919651254023
2014-11-06,0.8530791026186212
2014-11-07,0.8537680447173146
2014-11-10,0.7174200205905304
2014-11-11,0.7365726436802041
2014-11-12,0.6907455132038506
2014-11-13,0.6797969186768025
2014-11-14,0.6796912976803116
2014-11-17,0.6593527479874899
2014-11-18,0.6031968573397035
2014-11-19,0.597291949977839
2014-11-20,0.6002441741210923
2014-11-21,0.5489528876473256
2014-11-24,0.47627294896033673
2014-11-25,0.5137501340522603
2014-11-26,0.48282224922758565
2014-11-27,0.4462167251590796
2014-11-28,0.38211782098869307
2014-12-01,0.3780943857338221
2014-12-02,0.3264549629728206
2014-12-03,0.39795952713869304
2014-12-04,0.44224475455033296
2014-12-05,0.4000790889253897
2014-12-08,0.40146848585430356
2014-12-09,0.4177237088656046
2014-12-10,0.6636252369532817
2014-12-11,0.6195757721424959
2014-12-12,0.6177302028775238
2014-12-15,0.6113127730210043
2014-12-16,0.5445820081736641
2014-12-17,0.502543451073997
2014-12-18,0.5030506663220242
2014-12-19,0.47396075034037616
2014-12-22,0.4706187903540793
2014-12-23,0.4273473572479607
2014-12-24,0.3692309149319404
2014-12-25,0.32733616253907327
2014-12-26,0.3109263895504526
2014-12-29,0.3099991316334593
2014-12-30,0.30934828061709957
2014-12-31,0.3020353841785165
2015-01-05,0.3532594228723667
2015-01-06,0.3532634197821233
2015-01-07,0.35186077023262374
2015-01-08,0.34373629407017114
2015-01-09,0.3403662772090461
2015-01-12,0.35386698301784675
2015-01-13,0.3578268526330312
2015-01-14,0.3662689343710227
2015-01-15,0.3613635680847125
2015-01-16,0.3661947469262951
2015-01-19,0.33662131430905184
2015-01-20,0.3454366806411798
2015-01-21,0.3288515343008784
2015-01-22,0.33135040913769775
2015-01-23,0.331448747881706
2015-01-26,0.3254816827966131
2015-01-27,0.33002372911366695
2015-01-28,0.32747737524490955
2015-01-29,0.3372213928410123
2015-01-30,0.34820915582089823
2015-02-02,0.4170308367891587
2015-02-03,0.4166378758604055
2015-02-04,0.42179444216183
2015-02-05,0.41308981466884337
2015-02-06,0.4301231880661581
2015-02-09,0.4391243864521856
2015-02-10,0.430519132337777
2015-02-11,0.4304022836742767
2015-02-12,0.4324251134819213
2015-02-13,0.43178421594870386
2015-02-16,0.43528508951191724
2015-02-17,0.4365462071974063
2015-02-25,0.4380151077273854
2015-02-26,0.4742943643066473
2015-02-27,0.4742400753967605
2015-03-02,0.48993553557343783
2015-03-03,0.4731985965553966
2015-03-04,0.4722322211023389
2015-03-05,0.4762920207246433
2015-03-06,0.47421662274217985
2015-03-09,0.44173177054746976
2015-03-10,0.43073226823001626
2015-03-11,0.4306111856887963
2015-03-12,0.4123528904709267
2015-03-13,0.41261305728998593
2015-03-16,0.4786144465356973
2015-03-17,0.4700504213631293
2015-03-18,0.4766200665876447
2015-03-19,0.4798855779695152
2015-03-20,0.501104812754645
2015-03-23,0.5684094317618003
2015-03-24,0.5688121595580908
2015-03-25,0.5892769233446581
2015-03-26,0.5929865459240645
2015-03-27,0.5940710326026493
2015-03-30,0.5861633574492863
2015-03-31,0.5920093993278773
2015-04-01,0.557838849624215
2015-04-02,0.5577170901514981
2015-04-03,0.548672965291089
2015-04-07,0.5513958818529091
2015-04-08,0.585506610717168
2015-04-09,0.60687666794215
2015-04-10,0.606494693786472
2015-04-13,0.5736005396555304
2015-04-14,0.5676490909434795
2015-04-15,0.5993797696606034
2015-04-16,0.6698820004067847
2015-04-17,0.6433533706637496
2015-04-20,0.6137812034385725
2015-04-21,0.6293837939896133
2015-04-22,0.6248397671523108
2015-04-23,0.6179019158763311
2015-04-24,0.5928048056046079
2015-04-27,0.58348690437302
2015-04-28,0.6389031567754895
2015-04-29,0.6510285620400762
2015-04-30,0.6496190096114431
2015-05-04,0.6384377869556621
2015-05-05,0.6558911408286007
2015-05-06,0.6508853834993528
2015-05-07,0.6741453736749912
2015-05-08,0.6919952709196266
2015-05-11,0.7213201308003996
2015-05-12,0.7238455475225816
2015-05-13,0.726432213198666
2015-05-14,0.7062516710745536
2015-05-15,0.7117373178423152
2015-05-18,0.7368529809945692
2015-05-19,0.6879040341582496
2015-05-20,0.6902387609019396
2015-05-21,0.6597813306569094
2015-05-22,0.6907806966479918
2015-05-25,0.769251947077709
2015-05-26,0.7778282268153844
2015-05-27,0.7815024723335718
2015-05-28,0.9273822195385959
2015-05-29,0.9273321139025633
2015-06-01,0.9403746879294722
2015-06-02,0.9519930219784567
2015-06-03,0.9514940093963492
2015-06-04,0.953409446589739
2015-06-05,0.9924912615875029
2015-06-08,0.9455939413075996
2015-06-09,0.8960929012360254
2015-06-10,0.896979061385366
2015-06-11,0.8905537248963763
2015-06-12,0.887863772591177
2015-06-15,0.9263499610861362
2015-06-16,0.9835846865278637
2015-06-17,1.0169290341277553
2015-06-18,1.0340785066316425
2015-06-19,0.9822163187610967
2015-06-23,0.9574600588290191
2015-06-24,0.9611536761978144
2015-06-25,1.0177783273598988
2015-06-26,1.0727906159590528
2015-06-29,1.146461536499553
2015-06-30,1.1306488372219103
2015-07-01,1.1894147875333394
2015-07-02,1.2465959114196126
2015-07-03,1.2921290880273406
2015-07-06,1.1904488898546957
2015-07-07,1.2279290433550238
2015-07-08,1.2537919416846823
2015-07-09,1.1404539340840845
2015-07-10,1.0722779901724078
2015-07-13,1.058402028947142
2015-07-14,0.9908436035321304
2015-07-15,0.8836336893975706
2015-07-16,0.8804942314105747
2015-07-17,0.9256490647298985
2015-07-20,0.9291771930774838
2015-07-21,0.9298762479173167
2015-07-22,0.9292756493448042
2015-07-23,0.9371916352640077
2015-07-24,0.9214410859219446
2015-07-27,0.9585836342298986
2015-07-28,0.96155417479377
2015-07-29,0.9885262719787204
2015-07-30,0.9801104112126817
2015-07-31,0.9801655497172088
2015-08-03,0.9763094206060482
2015-08-04,1.012249494752074
2015-08-05,1.0055198556122007
2015-08-06,1.0033609300475126
2015-08-07,0.9944699088597974
2015-08-10,0.9481175946338635
2015-08-11,0.9476236626875418
2015-08-12,0.9439339415913083
2015-08-13,0.9391650918979615
2015-08-14,0.9391489098932478
2015-08-17,0.9391462546399113
2015-08-18,0.8537495837897816
2015-08-19,0.8486985446792497
2015-08-20,0.8277185383041035
2015-08-21,0.7876853717051803
2015-08-24,0.6674112032043401
2015-08-25,0.6057576674776275
2015-08-26,0.6054793654466437
2015-08-27,0.5656488742459119
2015-08-28,0.5467844777077522
2015-08-31,0.5462079328107157
2015-09-01,0.5461949498202874
2015-09-02,0.5461719198144426
2015-09-07,0.5341277123568468
2015-09-08,0.5270975220219615
2015-09-09,0.5230135532625692
2015-09-10,0.5215007598641012
2015-09-11,0.5213748243121539
2015-09-14,0.5172919161059235
2015-09-15,0.5012491454538408
2015-09-16,0.47604181726576705
2015-09-17,0.4716320874330217
2015-09-18,0.4713992486955237
2015-09-21,0.468246713615132
2015-09-22,0.4673246970949583
2015-09-23,0.4622329324136243
2015-09-24,0.4616877879178823
2015-09-25,0.4590977529596158
2015-09-28,0.4589291905608262
2015-09-29,0.4549580876360712
2015-09-30,0.4542617003543116
2015-10-08,0.44483949501940345
2015-10-09,0.4428534082722537
2015-10-12,0.4316917638586412
2015-10-13,0.43166406706430493
2015-10-14,0.4303118347169213
2015-10-15,0.42415510911538506
2015-10-16,0.4221440412142093
2015-10-19,0.422141776230065
2015-10-20,0.4204431751879043
2015-10-21,0.4108741747369356
2015-10-22,0.408433367765644
2015-10-23,0.4064489808944814
2015-10-26,0.406156835388118
2015-10-27,0.4061539454893
2015-10-28,0.40190674762382483
2015-10-29,0.40183870805783034
2015-10-30,0.4018331410381615
2015-11-02,0.39854139620337875
2015-11-03,0.39841918390358966
2015-11-04,0.3718646503806668
2015-11-05,0.36677258072598906
2015-11-06,0.3606725720830821
2015-11-09,0.35902460460040714
2015-11-10,0.3589741799198007
2015-11-11,0.3589396999793816
2015-11-12,0.357708213020313
2015-11-13,0.35561381614377513
2015-11-16,0.35536962150245455
2015-11-17,0.35532266138411617
2015-11-18,0.35360960020112875
2015-11-19,0.35042922062040033
2015-11-20,0.35044942435584975
2015-11-23,0.34998468325377535
2015-11-24,0.34999553520057586
2015-11-25,0.3492969438274611
2015-11-26,0.34877496533252395
2015-11-27,0.31150958508421095
2015-11-30,0.3114535090861875
2015-12-01,0.31086066208075275
2015-12-02,0.2957196723086983
2015-12-03,0.2951524401012095
2015-12-04,0.29096871152044096
2015-12-07,0.29085837497413636
2015-12-08,0.2873089421284254
2015-12-09,0.2871881289592579
2015-12-10,0.2870752923713584
2015-12-11,0.28686790590157685
2015-12-14,0.27715568157901327
2015-12-15,0.2768210056363494
2015-12-16,0.27662706855921515
2015-12-17,0.27231732377496837
2015-12-18,0.2721556988202626
2015-12-21,0.2640445101435533
2015-12-22,0.26342712974029187
2015-12-23,0.26342587703274994
2015-12-24,0.26222060451561774
2015-12-25,0.2621743101990191
2015-12-28,0.25182923045637234
2015-12-29,0.25091268492553953
2015-12-30,0.25090566134425446
2015-12-31,0.24989924281635995
2016-01-04,0.19957186495265963
2016-01-05,0.19954717679539485
2016-01-06,0.19699591294316182
2016-01-07,0.16340400128602706
2016-01-08,0.16088451391697606
2016-01-11,0.1473816063464797
2016-01-12,0.14706048779545422
2016-01-13,0.14538744167455364
2016-01-14,0.14292817308395894
2016-01-15,0.13804536692292746
2016-01-18,0.13791901158812586
2016-01-19,0.1335979821003272
2016-01-20,0.13256682473675682
2016-01-21,0.12869317482097242
2016-01-22,0.12819742241580198
2016-01-25,0.1280755208734567
2016-01-26,0.11306635243140617
2016-01-27,0.11300981000017335
2016-01-28,0.11045650835300468
2016-01-29,0.10636677893981575
2016-02-01,0.10558430280995991
2016-02-02,0.10389295552091249
2016-02-03,0.10386282635971787
2016-02-04,0.1032811083340156
2016-02-05,0.10313304254385341
2016-02-15,0.10303546782911284
2016-02-16,0.09937013362131217
2016-02-17,0.09904486330962754
2016-02-18,0.09889411965001797
2016-02-19,0.09885909105626471
2016-02-22,0.09689504858783676
2016-02-23,0.096597319186528
2016-02-24,0.09636808041197865
2016-02-25,0.07823457498843202
2016-02-26,0.03948609492616965
2016-02-29,0.12283487836301571
2016-03-01,0.10171343659453788
2016-03-02,0.24279287199474345
2016-03-03,0.25256315179141825
2016-03-04,0.2859005971908003
2016-03-07,0.2853425701350241
2016-03-08,0.28451397358530434
2016-03-09,0.3264993209301472
2016-03-10,0.3664482984325803
2016-03-11,0.3646405211973199
2016-03-14,0.3839831815913336
2016-03-15,0.37921592777500635
2016-03-16,0.3737156915552231
2016-03-17,0.3909867570134173
2016-03-18,0.41591495105188725
2016-03-21,0.4712060380351304
2016-03-22,0.47938811820863847
2016-03-23,0.48501208549636476
2016-03-24,0.522430460405779
2016-03-25,0.5206652542043338
2016-03-28,0.5030585226079565
2016-03-29,0.44938797757070276
2016-03-30,0.45802165114706567
2016-03-31,0.457103687835288
2016-04-01,0.46372410353319116
2016-04-05,0.48235156153836517
2016-04-06,0.48230423151027857
2016-04-07,0.5047362003113806
2016-04-08,0.5196499146689899
2016-04-11,0.5508731100102514
2016-04-12,0.5579980111537042
2016-04-13,0.5771010891756629
2016-04-14,0.5738965806078866
2016-04-15,0.5748784357228799
2016-04-18,0.5937729129794124
2016-04-19,0.5973746022830744
2016-04-20,0.5629825142400224
2016-04-21,0.5421451140228704
2016-04-22,0.5249142532448788
2016-04-25,0.5243276816445473
2016-04-26,0.5184485294123103
2016-04-27,0.5285453325540074
2016-04-28,0.5316748683064684
2016-04-29,0.5311267970385873
2016-05-03,0.5490953823313853
2016-05-04,0.5504446908594918
2016-05-05,0.5516000586919474
2016-05-06,0.5460076527985287
2016-05-09,0.6734243672540243
2016-05-10,0.6701500376882452
2016-05-11,0.6620160701562484
2016-05-12,0.6704119327094887
2016-05-13,0.6801526587983409
2016-05-16,0.6907633627756754
2016-05-17,0.6824065326772524
2016-05-18,0.7046405206403078
2016-05-19,0.7032339076025422
2016-05-20,0.7054284550754395
2016-05-23,0.7069742955779958
2016-05-24,0.7181871497688979
2016-05-25,0.7189250105170454
2016-05-26,0.7220665490475786
2016-05-27,0.7224969102946128
2016-05-30,0.720414153631243
2016-05-31,0.9028864175946494
2016-06-01,0.899814974771959
2016-06-02,0.8999631371379294
2016-06-03,0.9077056494278876
2016-06-06,0.9061042776496093
2016-06-07,0.9063357932156998
2016-06-08,0.9088358552456647
2016-06-13,1.0017587723711256
2016-06-14,1.0049294891543736
2016-06-15,1.0346833617471207
2016-06-16,1.015626263411732
2016-06-17,1.025309251991709
2016-06-20,1.0237911866006808
2016-06-21,1.0271219360075015
2016-06-22,1.030841722366948
2016-06-23,1.04112713546435
2016-06-24,1.0521909374058795
2016-06-27,1.0542352678317877
2016-06-28,1.061193680480551
2016-06-29,1.0670860948919532
2016-06-30,1.0649834868294035
2016-07-01,1.065587168997266
2016-07-04,1.1297003659331353
2016-07-05,1.1324268513181281
2016-07-06,1.1469714253144867
2016-07-07,1.143459325646071
2016-07-08,1.1600570914855852
2016-07-11,1.1591506575062427
2016-07-12,1.2142116027721408
2016-07-13,1.2127702253249268
2016-07-14,1.2167867511494503
2016-07-15,1.2183951790422667
2016-07-18,1.1977948586674727
2016-07-19,1.2003707768909662
2016-07-20,1.21368788066678
2016-07-21,1.2091831796058374
2016-07-22,1.2151186565559053
2016-07-25,1.2174094934997992
2016-07-26,1.2254791676614734
2016-07-27,1.2273441967301684
2016-07-28,1.2398975820494689
2016-07-29,1.231963896752869
2016-08-01,1.3509406372489654
2016-08-02,1.3408343016883553
2016-08-03,1.3480495123221194
2016-08-04,1.3503414280867523
2016-08-05,1.3535802472881955
2016-08-08,1.3978649258499038
2016-08-09,1.3885553917249243
2016-08-10,1.3593891443763702
2016-08-11,1.3825507797793135
2016-08-12,1.3237625772640709
2016-08-15,1.1840324612402586
2016-08-16,1.1489483022487605
2016-08-17,1.1543653368411382
2016-08-18,1.1553370126992673
2016-08-19,1.1571927732897431
2016-08-22,1.2226362953999643
2016-08-23,1.2237959964285021
2016-08-24,1.2364715176128043
2016-08-25,1.2456675637621846
2016-08-26,1.2456854376493462
2016-08-29,1.2490336453513646
2016-08-30,1.2499244930924591
2016-08-31,1.2468032639213695
2016-09-01,1.2509835037001564
2016-09-02,1.2314954760188592
2016-09-05,1.2416396046917835
2016-09-06,1.240387303202892
2016-09-07,1.245684562550568
2016-09-08,1.2481791739834494
2016-09-09,1.250584845721071
2016-09-12,1.3392748485865413
2016-09-13,1.3369409714310951
2016-09-14,1.3279134453105335
2016-09-19,1.4390276430492634
2016-09-20,1.4489189750797125
2016-09-21,1.4482666550939884
2016-09-22,1.4311629239589605
2016-09-23,1.424058883311458
2016-09-26,1.5184366807666716
2016-09-27,1.5242365259170516
2016-09-28,1.529709905813888
2016-09-29,1.5196204625911696
2016-09-30,1.5243800296378567
2016-10-10,1.5233794734633177
2016-10-11,1.528878921359847
2016-10-12,1.534744422858279
2016-10-13,1.5354988242857421
2016-10-14,1.535318708451046
2016-10-17,1.5341294524848683
2016-10-18,1.492499673618904
2016-10-19,1.4878085562664527
2016-10-20,1.4878945808420307
2016-10-21,1.4799716320154594
2016-10-24,1.450749523244648
2016-10-25,1.45000825056301
2016-10-26,1.4547301812199893
2016-10-27,1.4601927394815377
2016-10-28,1.4660145682049774
2016-10-31,1.4648340956578347
2016-11-01,1.4537785385145188
2016-11-02,1.4536924048579707
2016-11-03,1.4077936632935448
2016-11-04,1.3819923869636013
2016-11-07,1.3831367344122767
2016-11-08,1.3653029621831887
2016-11-09,1.3717577205688967
2016-11-10,1.3918026603821145
2016-11-11,1.4589526017149792
2016-11-14,1.4293477689198528
2016-11-15,1.43344052056175
2016-11-16,1.4350845135412353
2016-11-17,1.449808270469377
2016-11-18,1.4801573155888925
2016-11-21,1.4601819747788052
2016-11-22,1.4762667762616564
2016-11-23,1.4689546937013305
2016-11-24,1.4770961737465687
2016-11-25,1.4084334362618782
2016-11-28,1.4259325736862012
2016-11-29,1.3143374763437818
2016-11-30,1.3699583456344464
2016-12-01,1.3440294435383706
2016-12-02,1.4132199813892476
2016-12-05,1.3684069122755962
2016-12-06,1.360049054753805
2016-12-07,1.363725142072209
2016-12-08,1.3665828295730993
2016-12-09,1.3156569284223418
2016-12-12,1.5867497697847872
2016-12-13,1.5850751993379664
2016-12-14,1.589392691410178
2016-12-15,1.4957172003417802
2016-12-16,1.4977617522706272
2016-12-19,1.4740572694566256
2016-12-20,1.3825827836682798
2016-12-21,1.3597343935467872
2016-12-22,1.3593578880186328
2016-12-23,1.4062269878911813
2016-12-26,1.3906531062160892
2016-12-27,1.3948836217887528
2016-12-28,1.394051084172993
2016-12-29,1.3977448240153423
2016-12-30,1.408046412849096
2017-01-03,1.402372471224992
2017-01-04,1.3901681145678602
2017-01-05,1.3908166951393288
2017-01-06,1.4061334967209231
2017-01-09,1.4221039739963506
2017-01-10,1.4176842983843014
2017-01-11,1.3533204283915998
2017-01-12,1.399688730721907
2017-01-13,1.4053726523878358
2017-01-16,1.4104490476865228
2017-01-17,1.4170310418623697
2017-01-18,1.4155399024008033
2017-01-19,1.3808523950862452
2017-01-20,1.3951592412760812
2017-01-23,1.3955626311358142
2017-01-24,1.3968817075837832
2017-01-25,1.402176418843246
2017-01-26,1.4587722561719458
2017-02-03,1.4765489125999007
2017-02-06,1.4860181979068228
2017-02-07,1.4770479257223605
2017-02-08,1.4618506250380154
2017-02-09,1.4551139893487828
2017-02-10,1.4653430894053445
2017-02-13,1.4577897855784707
2017-02-14,1.4585863197851139
2017-02-15,1.5072099778863395
2017-02-16,1.5675406576285098
2017-02-17,1.607942264383728
2017-02-20,1.4929371624995744
2017-02-21,1.4866573858832726
2017-02-22,1.4847622777879401
2017-02-23,1.4659454229760625
2017-02-24,1.4662276819002633
2017-02-27,1.4168774364453482
2017-02-28,1.5041564887175023
2017-03-01,1.5024485432908325
2017-03-02,1.4312545244279733
2017-03-03,1.3934628836168685
2017-03-06,1.3222648335037324
2017-03-07,1.2992799145481801
2017-03-08,1.2895182706708066
2017-03-09,1.4151231390767562
2017-03-10,1.4108983230668148
2017-03-13,1.410103678499405
2017-03-14,1.413032257062798
2017-03-15,1.4151594660784093
2017-03-16,1.4416725206494474
2017-03-17,1.4840537396942144
2017-03-20,1.479654381127914
2017-03-21,1.418863474019301
2017-03-22,1.3786928351356234
2017-03-23,1.3227306906386802
2017-03-24,1.2128712882391721
2017-03-27,1.1927791015625155
2017-03-28,1.1923138994952331
2017-03-29,1.1863642554268887
2017-03-30,1.1472960307685633
2017-03-31,1.0058048973336007
2017-04-05,1.1016741711107099
2017-04-06,1.0809576943580108
2017-04-07,1.0828831116372923
2017-04-10,1.1510435051476127
2017-04-11,1.1283384262751124
2017-04-12,1.1433907303457014
2017-04-13,1.1496060626930735
2017-04-14,1.1709279805310218
2017-04-17,1.1988838412810816
2017-04-18,1.1336894469405958
2017-04-19,1.3406265945616185
2017-04-20,1.242288164913214
2017-04-21,1.228423478000848
2017-04-24,1.4765634970677184
2017-04-25,1.4821275749788796
2017-04-26,1.4882733553364977
2017-04-27,1.4868979624854237
2017-04-28,1.4742129604822782
2017-05-02,1.3906626096057022
2017-05-03,1.087997073299768
2017-05-04,1.0856938325786105
2017-05-05,1.2068763111495608
2017-05-08,1.158455837363659
2017-05-09,1.1230016618564986
2017-05-10,1.1687683717210497
2017-05-11,1.062363399658879
2017-05-12,0.8809341713993443
2017-05-15,0.8375081173665461
2017-05-16,0.9875992224619439
2017-05-17,0.9707457234785227
2017-05-18,0.9831692119451935
2017-05-19,1.0092439672307703
2017-05-22,1.0269342153169243
2017-05-23,0.9014003025045793
2017-05-24,0.9002814468796186
2017-05-25,0.8565833211740241
2017-05-26,0.8603820429667736
2017-05-31,0.8441105604964895
2017-06-01,0.8379501226617737
2017-06-02,0.8690897519524745
2017-06-05,0.8541891166278305
2017-06-06,0.8194489679663746
2017-06-07,0.8590533456326266
2017-06-08,0.9271247620626215
2017-06-09,0.9453120442501198
2017-06-12,0.9464876550330181
2017-06-13,0.9638116854986866
2017-06-14,0.9482385930791748
2017-06-15,0.9377043886259769
2017-06-16,0.9273755281799871
2017-06-19,0.951758312846034
2017-06-20,0.9460590175599675
2017-06-21,0.9138286537416711
2017-06-22,0.9111796148410595
2017-06-23,0.8368173599056447
2017-06-26,0.8179595494838816
2017-06-27,0.8141308137397781
2017-06-28,0.7796674326146525
2017-06-29,0.7719431999852365
2017-06-30,0.7769968923038257
2017-07-03,0.7197492311414491
2017-07-04,0.5427935138262547
2017-07-05,0.5498940583766169
2017-07-06,0.5453643554298248
2017-07-07,0.4900906443613825
2017-07-10,0.5065021581902588
2017-07-11,0.4933584676744179
2017-07-12,0.4499010684788185
2017-07-13,0.39328802972501337
2017-07-14,0.354110591872464
2017-07-17,0.3959473332430764
2017-07-18,0.40279979845324176
2017-07-19,1.0557680068741793
2017-07-20,1.073965658670981
2017-07-21,1.1567582017535962
2017-07-24,1.1482139993627067
2017-07-25,1.145374719992468
2017-07-26,1.1256567030187452
2017-07-27,1.0985771210202697
2017-07-28,1.1265466281117014
2017-07-31,1.208737006948733
2017-08-01,1.0430280469296485
2017-08-02,1.042747524287436
2017-08-03,0.9121263500632996
2017-08-04,0.8949958063030257
2017-08-07,0.9630642721756099
2017-08-08,0.9485335008776702
2017-08-09,0.9366585803981611
2017-08-10,1.011305598518882
2017-08-11,1.7124165996544307
2017-08-14,1.6805818419739484
2017-08-15,1.6572321576132687
2017-08-16,1.6613940925270212
2017-08-17,1.6764608449703355
2017-08-18,1.6724222072285708
2017-08-21,1.686357785772958
2017-08-22,1.6808929230867715
2017-08-23,1.67099601940606
2017-08-24,1.6551675265467622
2017-08-25,1.6122971129931452
2017-08-28,1.677955871493249
2017-08-29,1.6742606887952785
2017-08-30,1.6709589561773956
2017-08-31,1.6389958664118582
2017-09-01,1.645758180238893
2017-09-04,1.6362856864059
2017-09-05,1.6232752542767859
2017-09-06,1.6221162210942643
2017-09-07,1.6654439280411169
2017-09-08,1.626223574670419
2017-09-11,1.6225798981688042
2017-09-12,1.5866871758724626
2017-09-13,1.5929609531116735
2017-09-14,1.5560402927787604
2017-09-15,1.5557621064072047
2017-09-18,1.6629056521595564
2017-09-19,1.688895881799594
2017-09-20,1.720895251323643
2017-09-21,1.7552910848591934
2017-09-22,1.7550223696744978
2017-09-25,1.9065408534516843
2017-09-26,1.9093071708567952
2017-09-27,1.9108410180401354
2017-09-28,1.9097738477198873
2017-09-29,1.8813090069367924
2017-10-09,1.8614124469221203
2017-10-10,1.8442184835642133
2017-10-11,1.7995599945942442
2017-10-12,1.8215833994481825
2017-10-13,1.8112733629882154
2017-10-16,1.8070326649115647
2017-10-17,1.8175892799419384
2017-10-18,1.611525746075994
2017-10-19,1.6287007975389822
2017-10-20,1.60298838553193
2017-10-23,1.6027841110376475
2017-10-24,1.5459676084972929
2017-10-25,1.533656316163004
2017-10-26,1.5422105446155834
2017-10-27,1.3138799589766563
2017-10-30,1.3871403484452562
2017-10-31,1.3806588833717142
2017-11-01,1.363709773474573
2017-11-02,1.3644078303932792
2017-11-03,1.3333523402985779
2017-11-06,1.3787199804137675
2017-11-07,1.2703756866987586
2017-11-08,1.272179293397641
2017-11-09,1.28003267577592
2017-11-10,1.1449019134637088
2017-11-13,1.1308174343969164
2017-11-14,1.1970945547308762
2017-11-15,1.264552116926975
2017-11-16,1.258356792936347
2017-11-17,1.1152552436269283
2017-11-20,1.1698423914963019
2017-11-21,0.8240058737324113
2017-11-22,0.8145098824828927
2017-11-23,0.5269249687041404
2017-11-24,0.5269033071797221
2017-11-27,0.6290896161867555
2017-11-28,0.6347054456048286
2017-11-29,0.6223386383334364
2017-11-30,0.6759408959043286
2017-12-01,0.671820453905541
2017-12-04,0.6355692626274718
2017-12-05,0.5395700323542112
2017-12-06,0.5042905978826904
2017-12-07,0.4910411134828474
2017-12-08,0.4910184406964772
2017-12-11,0.5008782107572478
2017-12-12,0.3227504209336074
2017-12-13,0.2990008745590085
2017-12-14,0.3105197719631833
2017-12-15,0.3743211628053086
2017-12-18,0.37724652880639786
2017-12-19,0.38698704505038417
2017-12-20,0.39143958163653403
2017-12-21,0.37416899770529566
2017-12-22,0.36786288471410283
2017-12-25,0.3700359543003101
2017-12-26,0.36489786058274215
2017-12-27,0.2729151504666449
2017-12-28,0.3478553068004184
2017-12-29,0.3393673272424913
2018-01-02,0.36718054057865546
2018-01-03,0.3621050488266617
2018-01-04,0.37292772266984725
2018-01-05,0.369028578451748
2018-01-08,0.3839617698767192
2018-01-09,0.39310668593224685
2018-01-10,0.3619899651062267
2018-01-11,0.35773879677521014
2018-01-12,0.3338792424955548
2018-01-15,0.3377900981801658
2018-01-16,0.34065917124310624
2018-01-17,0.3572155521481997
2018-01-18,0.3608633116449797
2018-01-19,0.3486985777779468
2018-01-22,0.39336020078338424
2018-01-23,0.49545257919869506
2018-01-24,0.4943870112928904
2018-01-25,0.4052680798121713
2018-01-26,0.4097087672245781
2018-01-29,0.39491196524984007
2018-01-30,0.41506766372223747
2018-01-31,0.3809815119354471
2018-02-01,0.4840079660880766
2018-02-02,0.5148502593055712
2018-02-05,0.5133821972225823
2018-02-06,1.1636573391666374
2018-02-07,0.8865442550902236
2018-02-08,0.8490301754828933
2018-02-09,1.0485962985371442
2018-02-12,1.0584829346250126
2018-02-13,1.0538813788501789
2018-02-14,1.07527507497601
2018-02-22,1.0984320514352344
2018-02-23,1.0946351456241468
2018-02-26,1.09516613333205
2018-02-27,1.0934382641128526
2018-02-28,1.0597889057447498
2018-03-01,1.0570074308854205
2018-03-02,1.0405154748606598
2018-03-05,1.0410119749015847
2018-03-06,1.040946194483406
2018-03-07,1.058641349742209
2018-03-08,1.0452079129894742
2018-03-09,1.0456642781835828
2018-03-12,1.0539096569573765
2018-03-13,1.0561959586607337
2018-03-14,1.050422090498025
2018-03-15,1.0360384148792203
2018-03-16,1.0357229976363798
2018-03-19,1.023852474478266
2018-03-20,1.022843297984514
2018-03-21,1.017955769342979
2018-03-22,1.0011757149545129
2018-03-23,1.220132463833967
2018-03-26,1.191445026273398
2018-03-27,1.208634679767652
2018-03-28,1.1411932477886852
2018-03-29,1.1218826514494558
2018-03-30,1.1230505237660104
2018-04-02,1.1136737421001068
2018-04-03,1.0585208223790485
2018-04-04,1.065107625214654
2018-04-09,1.0598000988728953
2018-04-10,0.94683534605622
2018-04-11,0.9441785812997711
2018-04-12,0.9660338558862948
2018-04-13,0.9672950143713511
2018-04-16,0.6240051068148009
2018-04-17,0.7515576735036337
2018-04-18,0.7379027753201194
2018-04-19,0.7839708930359589
2018-04-20,0.8302881111230298
2018-04-23,0.8247620190682364
2018-04-24,0.8107312224594986
2018-04-25,0.8166736726530812
2018-04-26,0.7994571313158823
2018-04-27,0.7990937714125727
2018-05-02,0.7907790559438592
2018-05-03,0.7912846855733913
2018-05-04,0.7995500518990555
2018-05-07,0.8126721741544323
2018-05-08,0.8246969491377311
2018-05-09,0.8223766005551959
2018-05-10,0.8142548788514674
2018-05-11,0.7738481207693474
2018-05-14,0.7548996821614434
2018-05-15,0.7464712149920982
2018-05-16,0.7477551316938592
2018-05-17,0.734395139912889
2018-05-18,0.7231584408315497
2018-05-21,0.7367134740281895
2018-05-22,0.7391051954413955
2018-05-23,0.7718901960791464
2018-05-24,0.7152235381462141
2018-05-25,0.7263093878960176
2018-05-28,0.6942502579808167
2018-05-29,0.7070104031502519
2018-05-30,0.812664343307256
2018-05-31,0.8077685445213694
2018-06-01,0.7924922188905462
2018-06-04,0.8057617069173605
2018-06-05,0.7994654904553987
2018-06-06,0.7990949388781953
2018-06-07,0.8030056631195864
2018-06-08,0.8099851119735432
2018-06-11,0.8100342208272252
2018-06-12,0.7911516699291634
2018-06-13,0.8006449217476954
2018-06-14,0.7913749603879693
2018-06-15,0.7885727623187684
2018-06-19,1.2100423857765792
2018-06-20,1.2075730789213353
2018-06-21,1.1973152209573306
2018-06-22,1.1974190882530353
2018-06-25,1.167283698288188
2018-06-26,1.1206038498027349
2018-06-27,0.9873219737086123
2018-06-28,0.9768034964224155
2018-06-29,0.9414094875387031
2018-07-02,0.9341089922212715
2018-07-03,0.9342901637840657
2018-07-04,0.9653449353797958
2018-07-05,0.9966214057941615
2018-07-06,0.9833326238997228
2018-07-09,0.938549692876253
2018-07-10,0.9479705781781571
2018-07-11,0.9896412865751976
2018-07-12,0.9902614446569276
2018-07-13,0.9973979526912223
2018-07-16,0.9776158831243617
2018-07-17,0.9839635684540252
2018-07-18,0.9869673104497252
2018-07-19,0.9882504384368269
2018-07-20,0.9677146461779019
2018-07-23,0.9796420667306286
2018-07-24,1.009874666072571
2018-07-25,1.0074039323070552
2018-07-26,1.0150107433212305
2018-07-27,1.0123834117368833
2018-07-30,1.0166268893041899
2018-07-31,1.0215162760020706
2018-08-01,1.054299934858831
2018-08-02,1.1047892062135294
2018-08-03,1.0613582712874698
2018-08-06,1.0934355142120595
2018-08-07,1.0797236968498891
2018-08-08,1.051472714871695
2018-08-09,1.0589999154699854
2018-08-10,1.0559141153255445
2018-08-13,1.057188341784445
2018-08-14,1.047725478504279
2018-08-15,0.6983894633601909
2018-08-16,0.687276875469022
2018-08-17,0.7856005437923956
2018-08-20,0.7699531844598374
2018-08-21,0.7454971857701653
2018-08-22,0.7691344652493822
2018-08-23,0.7648041929237501
2018-08-24,0.7649725797747841
2018-08-27,0.7804276656794498
2018-08-28,0.7752298245156027
2018-08-29,0.7816441514282692
2018-08-30,0.8021761695867704
2018-08-31,0.8092979941789022
2018-09-03,0.8112970588678869
2018-09-04,0.8121775010557046
2018-09-05,0.8494194412350998
2018-09-06,0.8369043884059921
2018-09-07,0.83064039978607
2018-09-10,0.8819410044213967
2018-09-11,0.8830032851829973
2018-09-12,0.8787528860812219
2018-09-13,0.8897387421974426
2018-09-14,0.8917651667503949
2018-09-17,0.922169178442402
2018-09-18,0.9083402436142551
2018-09-19,0.9312857952779413
2018-09-20,0.9314321195943343
2018-09-21,0.8502480447729703
2018-09-25,0.8482789169444511
2018-09-26,0.8355612930794413
2018-09-27,0.8431263318348492
2018-09-28,0.8538150718147579
2018-10-08,0.8445927213078462
2018-10-09,0.8439201643508578
2018-10-10,0.8425168270696614
2018-10-11,1.09400920796708
2018-10-12,1.0142112703291641
2018-10-15,1.0167053279146332
2018-10-16,1.0238824539993396
2018-10-17,1.0277687755497498
2018-10-18,1.0238184170448004
2018-10-19,0.96686098848113
2018-10-22,0.955100420074248
2018-10-23,0.9411822683943684
2018-10-24,0.9418243427339995
2018-10-25,0.940966685555858
2018-10-26,0.9330797883703036
2018-10-29,0.880781066067129
2018-10-30,0.8798278420095853
2018-10-31,0.9148728683173463
2018-11-01,0.9056857294766579
2018-11-02,0.8857120228086096
2018-11-05,0.8820661846905713
2018-11-06,0.8632738580530852
2018-11-07,0.8537782207595884
2018-11-08,0.8581063565387709
2018-11-09,0.8579152094316677
2018-11-12,0.8774288097241084
2018-11-13,0.9029955979477562
2018-11-14,0.9009769331518626
2018-11-15,0.9152235263917207
2018-11-16,0.9375533667392005
2018-11-19,0.9316536971704857
2018-11-20,1.0010093125943673
2018-11-21,1.0041883955607023
2018-11-22,1.0070053440515772
2018-11-23,1.1060410968037295
2018-11-26,1.106460817035016
2018-11-27,1.1054421878216294
2018-11-28,1.1154959078290905
2018-11-29,1.1420027356303208
2018-11-30,1.134508217496473
2018-12-03,1.1363880328748215
2018-12-04,1.1380140509797283
2018-12-05,1.1281726557376266
2018-12-06,1.132484623834869
2018-12-07,1.1323591752778526
2018-12-10,1.1311934375996355
2018-12-11,1.132757602574148
2018-12-12,1.135055770912835
2018-12-13,1.1116946631412503
2018-12-14,1.1306099133765273
2018-12-17,1.1303562426204408
2018-12-18,1.1395207766511755
2018-12-19,1.1258932222911884
2018-12-20,1.119483532298985
2018-12-21,1.0895374271433256
2018-12-24,1.0843612628683261
2018-12-25,1.0977503965993536
2018-12-26,1.0967613800087856
2018-12-27,1.10069314495392
2018-12-28,1.1024458443377463
2019-01-02,1.1021771786190968
2019-01-03,1.1002351445087448
2019-01-04,1.105621551766243
2019-01-07,1.1294284433140314
2019-01-08,1.1332907230643972
2019-01-09,1.1198260163151312
2019-01-10,1.1188836013327275
2019-01-11,1.1290811341582878
2019-01-14,1.1191406472240606
2019-01-15,1.092678623406253
2019-01-16,1.0919108937292095
2019-01-17,1.0890891543674395
2019-01-18,1.0806451966856294
2019-01-21,1.0777946148069069
2019-01-22,1.0852765732049126
2019-01-23,1.0849536517199674
2019-01-24,1.081803361936464
2019-01-25,1.052125976151801
2019-01-28,1.0523002710591252
2019-01-29,1.0404169517269397
2019-01-30,1.0410946779771453
2019-01-31,0.9797232193219052
2019-02-01,1.0178032372425667
2019-02-11,1.0467178324682846
2019-02-12,1.048481609671248
2019-02-13,1.0419436181215336
2019-02-14,1.0425410708556004
2019-02-15,0.9942283651666348
2019-02-18,0.9756852735360236
2019-02-19,0.9760469236157887
2019-02-20,0.9819318378041424
2019-02-21,0.9753197361513679
2019-02-22,0.9307266441023067
2019-02-25,0.9639098094902618
2019-02-26,0.9368585034854945
2019-02-27,0.9384465253328729
2019-02-28,0.9399495322387552
2019-03-01,0.8978568007244362
2019-03-04,0.8920988820136103
2019-03-05,0.9031911051322802
2019-03-06,0.9133088711992646
2019-03-07,0.8659304888331464
2019-03-08,0.9775348174619629
2019-03-11,1.0059388398304214
2019-03-12,1.0125933342081772
2019-03-13,1.0206390697431074
2019-03-14,1.0275198610037313
2019-03-15,1.0606233195101822
2019-03-18,1.0204740548467117
2019-03-19,1.000663428509098
2019-03-20,1.0008605368934347
2019-03-21,1.0007718379746042
2019-03-22,1.0022223402199137
2019-03-25,0.9969166160515028
2019-03-26,1.016906454339634
2019-03-27,1.0035180909761092
2019-03-28,1.0133845821054128
2019-03-29,0.9728473469912556
2019-04-01,1.0098485065859892
2019-04-02,1.0086727776020017
2019-04-03,0.9986575095510486
2019-04-04,0.9866773794948512
2019-04-08,0.9827980630400034
2019-04-09,0.97598262586853
2019-04-10,0.9751456096501797
2019-04-11,0.9784331673941613
2019-04-12,0.9755839579793881
2019-04-15,0.9764780928223185
2019-04-16,1.0023220406315863
2019-04-17,1.0027024312634856
2019-04-18,0.9988307210670523
2019-04-19,1.03594970578381
2019-04-22,1.0901241878239845
2019-04-23,1.09145627639128
2019-04-24,1.0908272874418692
2019-04-25,1.1401209832329657
2019-04-26,1.144137647067736
2019-04-29,1.1341856060914879
2019-04-30,1.135419910019999
2019-05-06,1.2052232295035963
2019-05-07,1.2020764035426903
2019-05-08,1.1865352898460704
2019-05-09,1.1532149146671444
2019-05-10,1.1217878807390134
2019-05-13,1.08832356791829
2019-05-14,1.0872184383041663
2019-05-15,1.067620121239606
2019-05-16,1.0814044154846525
2019-05-17,1.1011062679762353
2019-05-20,1.0825161080103765
2019-05-21,1.128535144930454
2019-05-22,1.1240097483094205
2019-05-23,1.142232580341386
2019-05-24,1.1362716663431764
2019-05-27,1.1562051627369534
2019-05-28,1.142721155710904
2019-05-29,1.134600955468879
2019-05-30,1.0837200321490716
2019-05-31,1.083736930151938
2019-06-03,1.0816799293276402
2019-06-04,1.1075895525250605
2019-06-05,1.107464298659439
2019-06-06,1.1104016846746942
2019-06-10,1.2068849514352007
2019-06-11,1.338670526851021
2019-06-12,1.347257982146129
2019-06-13,1.3499913985992402
2019-06-14,1.2908139203018398
2019-06-17,1.2914456736713682
2019-06-18,1.2806833882555
2019-06-19,1.234985420120602
2019-06-20,1.1711241717473773
2019-06-21,1.1695356069656981
2019-06-24,1.1689679516590301
2019-06-25,1.196781334615602
2019-06-26,1.196984682404846
2019-06-27,1.1815331834966247
2019-06-28,1.1860639978024368
2019-07-01,1.0821022247768506
2019-07-02,1.081144113800007
2019-07-03,1.089900202521764
2019-07-04,1.097912702407185
2019-07-05,1.0966910841194608
2019-07-08,1.1261506709307423
2019-07-09,1.1224830407820454
2019-07-10,1.1266914877469227
2019-07-11,1.1255018159063153
2019-07-12,1.1232927387876492
2019-07-15,1.1301881084190426
2019-07-16,1.1251060596582745
2019-07-17,1.1253706964470114
2019-07-18,1.1150660016185205
2019-07-19,1.1137653134451644
2019-07-22,1.1638186794813719
2019-07-23,1.1668950205109385
2019-07-24,1.1686076930963667
2019-07-25,1.1582935453260677
2019-07-26,1.156971694871158
2019-07-29,1.1579827986346038
2019-07-30,1.1572999340632182
2019-07-31,1.178545475646164
2019-08-01,1.161544521207787
2019-08-02,1.0429344968578451
2019-08-05,1.0429476794651358
2019-08-06,1.0121543558848252
2019-08-07,0.9761419852060178
2019-08-08,0.9084201499742158
2019-08-09,0.918570353184923
2019-08-12,0.848146208428593
2019-08-13,0.8057979242315131
2019-08-14,0.8024766437306602
2019-08-15,0.7943118241728545
2019-08-16,0.8170339699500064
2019-08-19,0.8245417788736168
2019-08-20,0.8235625988201593
2019-08-21,0.8284579899191578
2019-08-22,0.8356084474283955
2019-08-23,0.8221637434019201
2019-08-26,0.8250086154171008
2019-08-27,0.811916575212458
2019-08-28,0.8222641440507339
2019-08-29,0.8294842015961709
2019-08-30,0.8287195278376897
2019-09-02,0.8429007010483194
2019-09-03,0.841583598916905
2019-09-04,0.873864482124463
2019-09-05,0.8556976987786288
2019-09-06,0.862699936638948
2019-09-09,0.8845280893287876
2019-09-10,0.87044008102058
2019-09-11,0.8146077590670907
2019-09-12,0.791369087609448
2019-09-16,0.7848655142518438
2019-09-17,0.7258695592051778
2019-09-18,0.6996950092077125
2019-09-19,0.7014659832599945
2019-09-20,0.6884232692516229
2019-09-23,0.672748493924939
2019-09-24,0.6795801117098178
2019-09-25,0.703855018184751
2019-09-26,0.7951202046841934
2019-09-27,0.8312026285578004
2019-09-30,0.8109156434404333
2019-10-08,0.7755463048970809
2019-10-09,0.7790014321881104
2019-10-10,0.7445923269955911
2019-10-11,0.7387676801513934
2019-10-14,0.7255044996519612
2019-10-15,0.7201469597086533
2019-10-16,0.7410665168327223
2019-10-17,0.7397105056976482
2019-10-18,0.7694282914942105
2019-10-21,0.7552328675669637
2019-10-22,0.7601861169197272
2019-10-23,0.7575137543091385
2019-10-24,0.7549946321240311
2019-10-25,0.7570438194315688
2019-10-28,0.7827772243436992
2019-10-29,0.7731745557647131
2019-10-30,0.804233472952924
2019-10-31,0.8079407571147178
2019-11-01,0.8386167775829917
2019-11-04,0.8176459066695577
2019-11-05,0.8045462235362939
2019-11-06,0.8019666389559648
2019-11-07,0.7999132293452981
2019-11-08,0.7951082307406345
2019-11-11,0.8006660732131926
2019-11-12,0.8009511313959082
2019-11-13,0.8044698404568128
2019-11-14,0.8037019042612855
2019-11-15,0.7823511823932009
2019-11-18,0.7673664053099267
2019-11-19,0.7853726754082212
2019-11-20,0.7442120508534138
2019-11-21,0.7593720683346843
2019-11-22,0.7381654426378648
2019-11-25,0.7607858939977363
2019-11-26,0.74885610015086
2019-11-27,0.7377132118058436
2019-11-28,0.7473257158349127
2019-11-29,0.7346557237386467
2019-12-02,0.7356522669569427
2019-12-03,0.7282801750244048
2019-12-04,0.7257048764290831
2019-12-05,0.7274950146103639
2019-12-06,0.7293261601929921
2019-12-09,0.7275092980144414
2019-12-10,0.7303470907328101
2019-12-11,0.7297113436927334
2019-12-12,0.7427849759659263
2019-12-13,0.7036398885110656
2019-12-16,0.7156990914230622
2019-12-17,0.7316535862691974
2019-12-18,0.7283298310708753
2019-12-19,0.7274750482212025
2019-12-20,0.7284413903216035
2019-12-23,0.7280198773147885
2019-12-24,0.79118395496228
2019-12-25,0.7953858247393402
2019-12-26,0.7889831293404161
2019-12-27,0.7858402152152566
2019-12-30,0.7801971775498195
2019-12-31,0.7800353323843827
2020-01-02,0.7614553495658601
2020-01-03,0.7606701656916437
2020-01-06,0.7330034234291589
2020-01-07,0.7143285307043975
2020-01-08,0.7103010530640893
2020-01-09,0.6824495578531068
2020-01-10,0.6846859637889231
2020-01-13,0.6738534416554262
2020-01-14,0.6643212173641373
2020-01-15,0.6737122835953449
2020-01-16,0.66499154003615
2020-01-17,0.6636635677863282
2020-01-20,0.6587579237560667
2020-01-21,0.6148255381218181
2020-01-22,0.6098271782925082
2020-01-23,0.5337773701759014
2020-02-03,0.9767146033286866
2020-02-04,0.8097753962920701
2020-02-05,0.80946295262126
2020-02-06,0.7812919481609987
2020-02-07,0.7812219993205536
2020-02-10,0.7945970759228878
2020-02-11,0.7822932979243774
2020-02-12,0.7956676800703791
2020-02-13,0.792364055711148
2020-02-14,0.7897709200266483
2020-02-17,0.8041996421652551
2020-02-18,0.7872280764630118
2020-02-19,0.790089306522807
2020-02-20,0.7699067312303914
2020-02-21,0.7692150559796802
2020-02-24,0.7591677446979149
2020-02-25,0.7627303007937749
2020-02-26,0.7517670172279485
2020-02-27,0.7529742040256938
2020-02-28,0.8311224067393403
2020-03-02,0.8172222990839054
2020-03-03,0.810788228614977
2020-03-04,0.805958018526301
2020-03-05,0.8187542942266562
2020-03-06,0.8028990304646333
2020-03-09,0.7811501807510296
2020-03-10,0.7462504552866145
2020-03-11,0.7020133188435496
2020-03-12,0.7402584779743645
2020-03-13,0.7526445816232321
2020-03-16,0.7696708922135672
2020-03-17,0.7785286890851971
2020-03-18,0.7942087543150502
2020-03-19,0.7962142845048158
2020-03-20,0.814696582420887
2020-03-23,0.8589603014441208
2020-03-24,0.869138267365734
2020-03-25,0.8572439996461761
2020-03-26,0.8538027057422246
2020-03-27,0.8500890305563147
2020-03-30,0.8626456850455588
2020-03-31,0.8648804198231087
2020-04-01,0.8654114863124389
2020-04-02,0.8624890646078631
2020-04-03,0.8609916254963186
2020-04-07,0.8752610773982858
2020-04-08,0.8680454322813901
2020-04-09,0.8674112473805798
2020-04-10,0.8714585275012872
2020-04-13,0.8701377542722165
2020-04-14,0.8637876651241679
2020-04-15,0.862908584005449
2020-04-16,0.8614056725886198
2020-04-17,0.851853871079162
2020-04-20,0.8515907970541904
2020-04-21,0.8372461855536352
2020-04-22,0.8481891637330062
2020-04-23,0.8397737715541657
2020-04-24,0.8565251185028889
2020-04-27,0.8407326073868662
2020-04-28,0.8205636070434973
2020-04-29,0.8190561142823796
2020-04-30,0.8462295868244363
2020-05-06,0.856892798935769
2020-05-07,0.8589397735223631
2020-05-08,0.8665495394160453
2020-05-11,0.8673223473484727
2020-05-12,0.867103234490507
2020-05-13,0.8675243783782787
2020-05-14,0.8557663355943711
2020-05-15,0.8553041636236185
2020-05-18,0.8604704605178213
2020-05-19,0.8768028036729817
2020-05-20,0.8780886548036532
2020-05-21,0.8659742027092547
2020-05-22,0.7420202376908703
2020-05-25,0.7369512952963235
2020-05-26,0.7503135518806712
2020-05-27,0.7417042208729288
2020-05-28,0.7419610459283356
2020-05-29,0.745895108279234
2020-06-01,0.6862619404192292
2020-06-02,0.6891421666629692
2020-06-03,0.6896608401318908
2020-06-04,0.6897636544689669
2020-06-05,0.6800862547931162
2020-06-08,0.7089347678240014
2020-06-09,0.7116856042791615
2020-06-10,0.7140574419869267
2020-06-11,0.7099285037154448
2020-06-12,0.706020793220076
2020-06-15,0.7408206131567971
2020-06-16,0.7381644512220882
2020-06-17,0.7376111559944017
2020-06-18,0.7392445175280924
2020-06-19,0.7200263949439861
2020-06-22,0.7186260365956288
2020-06-23,0.7039776333062697
2020-06-24,0.7033320839557639
2020-06-29,0.7169536936608872
2020-06-30,0.7155453751400424
2020-07-01,0.708620068028742
2020-07-02,0.7441959894766489
2020-07-03,0.7539220490766054
2020-07-06,0.7910812348633693
2020-07-07,0.7815480515371735
2020-07-08,0.8733098849164418
2020-07-09,0.8800719262293338
2020-07-10,0.8868688842442097
2020-07-13,0.9068669342693682
2020-07-14,0.913768772261832
2020-07-15,0.9302137878975728
2020-07-16,0.8957437389911592
2020-07-17,0.8959380199790857
2020-07-20,0.9452161747226779
2020-07-21,0.9436744756501753
2020-07-22,0.9564071590478039
2020-07-23,0.9572133637643632
2020-07-24,0.9294437578338511
2020-07-27,0.9327779836095204
2020-07-28,0.9437911441643781
2020-07-29,0.915429012085407
2020-07-30,0.9147186692950557
2020-07-31,0.905147503997551
2020-08-03,0.9788329523277242
2020-08-04,0.9784597212351794
2020-08-05,0.9783673936976556
2020-08-06,0.9755416662332478
2020-08-07,0.9800754783427006
2020-08-10,0.9724410986688891
2020-08-11,0.9979239911337269
2020-08-12,1.0171084373858335
2020-08-13,1.0150123278044072
2020-08-14,1.0031368704985937
2020-08-17,0.9938543100745373
2020-08-18,0.994560621390732
2020-08-19,0.9814288873520801
2020-08-20,0.9956615960475598
2020-08-21,1.022686796509069
2020-08-24,1.0210360213786238
2020-08-25,1.0199017220817244
2020-08-26,1.0326604522682876
2020-08-27,1.0355962449429774
2020-08-28,0.9841755207137681
2020-08-31,0.9751731360369825
2020-09-01,0.9781000977798592
2020-09-02,0.9785764535251171
2020-09-03,0.9821681710271296
2020-09-04,0.9809595486597589
2020-09-07,0.9475513719650949
2020-09-08,0.9480285627186421
2020-09-09,0.946688387083842
2020-09-10,0.9446815102691087
2020-09-11,0.949779280931375
2020-09-14,0.9608858336672669
2020-09-15,0.9408883741872525
2020-09-16,0.9239568147575109
2020-09-17,0.9261826345966693
2020-09-18,0.9166790688280599
2020-09-21,0.9222278112875413
2020-09-22,0.9528049225948121
2020-09-23,0.9501810326671516
2020-09-24,0.9454830099651369
2020-09-25,0.9445431034302771
2020-09-28,0.942053660911093
2020-09-29,0.9419252533031106
2020-09-30,0.9436223553238311
2020-10-09,0.9560028176126176
2020-10-12,0.9446603178514622
2020-10-13,0.9447712114118003
2020-10-14,0.9488610040293637
2020-10-15,0.9520552568416613
2020-10-16,0.9512997906189657
2020-10-19,0.9485672848125863
2020-10-20,0.9595702182953562
2020-10-21,0.9609757591304011
2020-10-22,0.9602253829307323
2020-10-23,0.950121420385607
2020-10-26,0.9526936940326494
2020-10-27,0.9529949064111615
2020-10-28,0.9224706007589454
2020-10-29,0.9013816741028269
2020-10-30,0.9061757672319507
2020-11-02,0.9042018832377452
2020-11-03,0.9578215328985554
2020-11-04,0.9540634220937085
2020-11-05,0.935998236876604
2020-11-06,0.9363228190425285
2020-11-09,0.9686085623535562
2020-11-10,0.9737587253837982
2020-11-11,0.9507793225644205
2020-11-12,0.9502674521198471
2020-11-13,0.9222857611810646
2020-11-16,0.9603777024567651
2020-11-17,0.9627190117842049
2020-11-18,0.9579943119943141
2020-11-19,0.9415910764817541
2020-11-20,0.9496736842265168
2020-11-23,0.9588334487860309
2020-11-24,0.9367161024741848
2020-11-25,0.9991309178779129
2020-11-26,0.9959770602791105
2020-11-27,0.9834450990185041
2020-11-30,0.9814882234888721
2020-12-01,0.9036359373788468
2020-12-02,0.9020875995185229
2020-12-03,0.9119599041783455
2020-12-04,0.9215873816078638
2020-12-07,0.9388735247450256
2020-12-08,0.9539413398025413
2020-12-09,0.9708170506981003
2020-12-10,0.972375046679233
2020-12-11,0.9560681974007801
2020-12-14,0.9451994117380059
2020-12-15,0.9394545255719758
2020-12-16,0.9417161371960323
2020-12-17,1.0026665463474027
2020-12-18,0.9831421307263489
2020-12-21,0.9820395909618957
2020-12-22,1.0010970055235813
2020-12-23,1.0309011154572305
2020-12-24,1.0332491733460347
2020-12-25,1.0831602816426713
2020-12-28,1.0632092709615322
2020-12-29,1.1018450729261127
2020-12-30,1.1975664424088095
2020-12-31,1.101400057300423
2021-01-04,1.1574886204964345
2021-01-05,1.1026902360007305
2021-01-06,1.049794657215908
2021-01-07,1.0635313768537797
2021-01-08,1.080603632765303
2021-01-11,1.141495371991966
2021-01-12,1.0126431676231085
2021-01-13,1.0278090755481786
2021-01-14,1.086453761794733
2021-01-15,1.0828558751316357
2021-01-18,1.054247608489074
2021-01-19,1.0885730912476688
2021-01-20,1.0829654959930266
2021-01-21,1.26636617889598
2021-01-22,1.2656309051242067
2021-01-25,1.338851742383982
2021-01-26,1.2775308242624084
2021-01-27,1.2730611752425218
2021-01-28,1.2681173093935276
2021-01-29,1.2867780781672655
2021-02-01,1.2634928630220337
2021-02-02,1.2653885403903384
2021-02-03,1.2620519716202172
2021-02-04,1.2755615017905109
2021-02-05,1.2697107418191977
2021-02-08,1.273330386018131
2021-02-09,1.5012016825601031
2021-02-10,1.476576404861841
2021-02-18,1.4424450164925045
2021-02-19,1.4477934981394147
2021-02-22,1.120766943804659
2021-02-23,1.1304620612142637
2021-02-24,0.954012794029355
2021-02-25,0.9217859852516861
2021-02-26,0.9225354872825491
2021-03-01,1.0077161507332966
2021-03-02,0.9860468952067448
2021-03-03,1.0802991917625278
2021-03-04,0.9831104511253049
2021-03-05,0.9966415692218207
2021-03-08,0.7689498907755078
2021-03-09,0.8587159776421198
2021-03-10,0.8548733816149587
2021-03-11,1.0366210444004555
2021-03-12,1.0436840692273617
2021-03-15,1.0463282318150442
2021-03-16,1.0317403831024392
2021-03-17,1.0270206955887415
2021-03-18,1.0002786857730914
2021-03-19,1.0091067377382719
2021-03-22,1.0390135182321227
2021-03-23,1.074251277125934
2021-03-24,1.1149884796343421
2021-03-25,1.113808924595564
2021-03-26,1.0778097559356892
2021-03-29,1.0772796754410694
2021-03-30,1.082742368989508
2021-03-31,1.0974014007300996
2021-04-01,1.0786815775500023
2021-04-02,1.0446371771085403
2021-04-06,1.0334335774470829
2021-04-07,0.9496880187654795
2021-04-08,0.9473225427009301
2021-04-09,0.9071261549908051
2021-04-12,0.890083470045025
2021-04-13,0.8956864614465492
2021-04-14,0.8793875549830734
2021-04-15,0.8847888529856833
2021-04-16,0.8834598727895898
2021-04-19,0.8985717321808243
2021-04-20,0.8979473876113407
2021-04-21,0.8917638115042468
2021-04-22,0.888486524769591
2021-04-23,0.8651347477290913
2021-04-26,0.8230833682656914
2021-04-27,0.8252662943814979
2021-04-28,0.8241050459492413
2021-04-29,0.8415022724507236
2021-04-30,0.8208509471547883
2021-05-06,0.7404585083061622
2021-05-07,0.7869859201980987
2021-05-10,0.7795676716427372
2021-05-11,0.741180656263836
2021-05-12,0.7678368901961977
2021-05-13,0.8082245908486806
2021-05-14,0.6936172262127475
2021-05-17,0.6692048389162338
2021-05-18,0.6690666305385454
2021-05-19,0.6704648562402722
2021-05-20,0.6463572153493845
2021-05-21,0.639421864942245
2021-05-24,0.6300675753283311
2021-05-25,0.5739142124865163
2021-05-26,0.5740576956258027
2021-05-27,0.5779107481992705
2021-05-28,0.5743598188784601
2021-05-31,0.5745475026623112
2021-06-01,0.5697105564720141
2021-06-02,0.5846576406910229
2021-06-03,0.5655416853761531
2021-06-04,0.5697279109078871
2021-06-07,0.5692456542195329
2021-06-08,0.5937717633128043
2021-06-09,0.5942769994099283
2021-06-10,0.5911115240297545
2021-06-11,0.6209485588234869
2021-06-15,0.6069937117923153
2021-06-16,0.6398330889141747
2021-06-17,0.6271467317394153
2021-06-18,0.6270439005134546
2021-06-21,0.6187288394638029
2021-06-22,0.6665975076750916
2021-06-23,0.6809346887266942
2021-06-24,0.6862434388666852
2021-06-25,0.6441702606167523
2021-06-28,0.647972860186738
2021-06-29,0.6624349489169957
2021-06-30,0.7675479964198495
2021-07-01,0.7800199801776501
2021-07-02,0.5679103895134244
2021-07-05,0.5656890089259202
2021-07-06,0.5612761121637261
2021-07-07,0.6048686478579001
2021-07-08,0.6453057200259451
2021-07-09,0.6283868587010778
2021-07-12,0.5206932686078435
2021-07-13,0.5115376216255068
2021-07-14,0.2997281361830898
2021-07-15,0.15891116936226218
2021-07-16,0.1028008817722211
2021-07-19,0.13844761048967538
2021-07-20,0.12127293765029029
2021-07-21,0.17559418460302173
2021-07-22,0.16588062407733994
2021-07-23,0.07525922419652097
2021-07-26,-0.05225816446980844
2021-07-27,0.15055331776310127
2021-07-28,0.1446873643709886
2021-07-29,0.22634985496169235
2021-07-30,0.24976157142438069
2021-08-02,0.12345287053310862
2021-08-03,0.1216779212025376
2021-08-04,0.15485594392069382
2021-08-05,0.17676313431686103
2021-08-06,0.14667740976527516
2021-08-09,0.0624887048959023
2021-08-10,0.084435342333316
2021-08-11,0.050245678652276464
2021-08-12,0.04283461857241728
2021-08-13,0.06523405765695688
2021-08-16,0.07065720697660638
2021-08-17,0.17063162693653602
2021-08-18,0.19662432428692547
2021-08-19,0.183672399378733
2021-08-20,0.24385042975121177
2021-08-23,0.42955089052858153
2021-08-24,0.5328802349738692
2021-08-25,0.52722040917744
2021-08-26,0.5636974509607964
2021-08-27,0.5718534342855949
2021-08-30,0.5683486298672898
2021-08-31,0.5721533856763317
2021-09-01,0.4471241073990201
2021-09-02,0.44694227802883746
2021-09-03,0.48849547980693564
2021-09-06,0.43790513272907383
2021-09-07,0.5137711217670954
2021-09-08,0.5241230965609462
2021-09-09,0.5232149941683575
2021-09-10,0.5508224541400273
2021-09-13,0.5338851869695395
2021-09-14,0.7070637852599853
2021-09-15,0.6556309195278102
2021-09-16,0.7252122075672837
2021-09-17,0.690187749006485
2021-09-22,0.7125222408642492
2021-09-23,0.7007691789282338
2021-09-24,0.7031163311509272
2021-09-27,0.6275815542680256
2021-09-28,0.6269450263553247
2021-09-29,0.6782046088167257
2021-09-30,0.6896937810659947
2021-10-08,0.6801360134789507
2021-10-11,0.6768441611983507
2021-10-12,0.4757292733250503
2021-10-13,0.5940161094484901
2021-10-14,0.572422777151844
2021-10-15,0.5974931692002561
2021-10-18,0.46597395495965216
2021-10-19,0.5107571185343476
2021-10-20,0.513947799444167
2021-10-21,0.5276582789654503
2021-10-22,0.4663734585552934
2021-10-25,0.4524641406238131
2021-10-26,0.460632990695796
2021-10-27,0.4371270168416748
2021-10-28,0.47983945018224267
2021-10-29,0.4304396720037578
2021-11-01,0.39567366979158747
2021-11-02,0.4269160443373284
2021-11-03,0.44317264791033906
2021-11-04,0.5352694646439613
2021-11-05,0.5959492068337205
2021-11-08,0.6007618871585564
2021-11-09,0.6006279574316621
2021-11-10,0.6013795324592732
2021-11-11,0.7852867927431235
2021-11-12,0.7646241150275115
2021-11-15,0.7694092195827449
2021-11-16,0.7675516431270154
2021-11-17,0.7676224262685761
2021-11-18,0.5185488054085068
2021-11-19,0.4616687750573174
2021-11-22,0.5685115123991016
2021-11-23,0.5683149162737695
2021-11-24,0.5695225639946664
2021-11-25,0.5110420041532477
2021-11-26,0.4035366280749372
2021-11-29,0.3657742161487553
2021-11-30,0.47354561782144566
2021-12-01,0.45497619688777663
2021-12-02,0.4398874120040396
2021-12-03,0.38496362908880627
2021-12-06,0.3875477173389576
2021-12-07,0.3483188905424716
2021-12-08,0.3900730838908979
2021-12-09,0.23319884059261162
2021-12-10,0.2470176343705697
2021-12-13,0.23689278802021307
2021-12-14,0.28210626526106936
2021-12-15,0.31345931229179747
2021-12-16,0.3314474090685991
2021-12-17,0.4000447146387236
2021-12-20,0.4011653586773406
2021-12-21,0.4406145421344768
2021-12-22,0.44118687085937724
2021-12-23,0.4095831810639637
2021-12-24,0.4774553058094558
2021-12-27,0.47930806746411486
2021-12-28,0.5192711857756014
2021-12-29,0.4971716110565143
2021-12-30,0.44310307404258276
2021-12-31,0.4613253803354287
2022-01-04,0.5287013601968946
2022-01-05,0.5583915519945247
2022-01-06,0.5039897216096356
2022-01-07,0.4986232424342889
2022-01-10,0.5116232663221066
2022-01-11,0.5442036126647569
2022-01-12,0.5888011897007466
2022-01-13,0.6540807416690599
2022-01-14,0.6159204947830732
2022-01-17,0.6398872638955008
2022-01-18,0.7175142916936643
2022-01-19,0.8012658412623093
2022-01-20,0.6465432009927123
2022-01-21,0.6664598190615201
2022-01-24,0.6803739111087388
2022-01-25,0.7534258670054497
2022-01-26,0.7536815302323827
2022-01-27,0.8552376278190879
2022-01-28,0.9426610842217424
2022-02-07,0.8689297377473754
2022-02-08,0.8736622492493432
2022-02-09,0.9120635846796186
2022-02-10,0.918172646215165
2022-02-11,0.9466069922641633
2022-02-14,0.9488545792672046
2022-02-15,1.0377259342430305
2022-02-16,1.0531473783716456
2022-02-17,1.0591874111730166
2022-02-18,1.0319218588565349
2022-02-21,1.0129633155131321
2022-02-22,0.9924394778143877
2022-02-23,1.115666496715073
2022-02-24,1.1836010236009475
2022-02-25,1.2466715570897435
2022-02-28,1.248656715527871
2022-03-01,1.195207705068684
2022-03-02,1.1899593848248116
2022-03-03,1.213601295968975
2022-03-04,1.2564794546983256
2022-03-07,1.0539603378327067
2022-03-08,1.2405633331288066
2022-03-09,1.2740930604312555
2022-03-10,1.3404456701589385
2022-03-11,1.3350465531049651
2022-03-14,1.4487170111577323
2022-03-15,1.4346743911757984
2022-03-16,1.2981585566851446
2022-03-17,1.294378267833882
2022-03-18,1.2874211154451296
2022-03-21,1.2871818461723608
2022-03-22,1.286744643091333
2022-03-23,1.2893275894331941
2022-03-24,1.274935500353817
2022-03-25,1.2809589290067074
2022-03-28,1.283178014919579
2022-03-29,1.282315217123874
2022-03-30,1.2011585787441854
2022-03-31,1.2166684315747154
2022-04-01,1.2108194177563538
2022-04-06,1.2147678751163027
2022-04-07,1.2178083015822452
2022-04-08,1.2065221084799254
2022-04-11,1.2674487999623507
2022-04-12,1.2315056478420159
2022-04-13,1.1911669847750166
2022-04-14,1.1935532172306063
2022-04-15,1.193796903729953
2022-04-18,1.1910631374276908
2022-04-19,1.1597888541381018
2022-04-20,1.1600886511725605
2022-04-21,1.239005556928296
2022-04-22,1.2324833834299256
2022-04-25,1.4021270200922125
2022-04-26,1.4401429277450961
2022-04-27,1.587098521962054
2022-04-28,1.5926161860284944
2022-04-29,1.5772628940458497
2022-05-05,1.5772717944520014
2022-05-06,1.549945936758119
2022-05-09,1.5270949924884725
2022-05-10,1.513500919238792
2022-05-11,1.559419064573432
2022-05-12,1.5613401507814044
2022-05-13,1.6241320108552066
2022-05-16,1.6169312462515841
2022-05-17,1.710160916513361
2022-05-18,1.7145297301748843
2022-05-19,1.7190979757683043
2022-05-20,1.6428735796786116
2022-05-23,1.6471039734299486
2022-05-24,1.5370451236727818
2022-05-25,1.5444721516807618
2022-05-26,1.5418853904119123
2022-05-27,1.5398598850024483
2022-05-30,1.5830414923270537
2022-05-31,1.5579959442827902
2022-06-01,1.555345486933061
2022-06-02,1.5690646483612547
2022-06-06,1.5622691829284798
2022-06-07,1.5614195749560167
2022-06-08,1.5274430450812613
2022-06-09,1.5387161540218066
2022-06-10,1.6198767300493633
2022-06-13,1.5545786827340848
2022-06-14,1.5391501563637546
2022-06-15,1.4309385315909027
2022-06-16,1.414324441403366
2022-06-17,1.3866572493012228
2022-06-20,1.3805782384127938
2022-06-21,1.3869580533052672
2022-06-22,1.357513679658409
2022-06-23,1.4002582950346782
2022-06-24,1.4229478510323137
2022-06-27,1.381756301074417
2022-06-28,1.351354378875187
2022-06-29,1.3882858685913002
2022-06-30,1.3533911219912658
2022-07-01,1.3223557899129548
2022-07-04,1.3734804153092566
2022-07-05,1.3745741695401497
2022-07-06,1.440532224199712
2022-07-07,1.442990534201691
2022-07-08,1.4493433676270615
2022-07-11,1.4829006481472966
2022-07-12,1.5064293757349696
2022-07-13,1.5012038335740892
2022-07-14,1.5018260124964413
2022-07-15,1.4232573480109338
2022-07-18,1.4558313524657964
2022-07-19,1.4591329403107283
2022-07-20,1.4700076438101295
2022-07-21,1.4865107073805213
2022-07-22,1.4846315994661496
2022-07-25,1.434808736854614
2022-07-26,1.49533621938776
2022-07-27,1.4667267424912709
2022-07-28,1.4669324605075078
2022-07-29,1.4318245481420548
2022-08-01,1.427107915375848
2022-08-02,1.4969991304326562
2022-08-03,1.4746280349037757
2022-08-04,1.4443334417471767
2022-08-05,1.3721283194538092
2022-08-08,1.3587182253260068
2022-08-09,1.3629356390322631
2022-08-10,1.3663527166339409
2022-08-11,1.2401652941306465
2022-08-12,1.2420970924475871
2022-08-15,1.2353163387049733
2022-08-16,1.2303119990956704
2022-08-17,1.1448359338686724
2022-08-18,1.187896595887649
2022-08-19,1.2548546953459292
2022-08-22,1.2869597600112015
2022-08-23,1.3119780894222361
2022-08-24,1.4026834943707662
2022-08-25,1.3606074720321404
2022-08-26,1.3536825249060358
2022-08-29,1.3666288900319834
2022-08-30,1.3736572327080896
2022-08-31,1.3642113396482587
2022-09-01,1.3714024096220039
2022-09-02,1.3648282804514507
2022-09-05,1.3548082580680336
2022-09-06,1.4386374099056582
2022-09-07,1.4437826001581102
2022-09-08,1.445034421214546
2022-09-09,1.36299943535437
2022-09-13,1.351387082058936
2022-09-14,1.3552888866210702
2022-09-15,1.4275975425306726
2022-09-16,1.4866432059277674
2022-09-19,1.481506875125165
2022-09-20,1.4952350973909996
2022-09-21,1.479451250570836
2022-09-22,1.4584101805797345
2022-09-23,1.4754202376395689
2022-09-26,1.4680708920249437
2022-09-27,1.3990900738373684
2022-09-28,1.5034639951366702
2022-09-29,1.5030191677076334
2022-09-30,1.5045105952172901
2022-10-10,1.50364009651422
2022-10-11,1.5061022633455667
2022-10-12,1.675810736269204
2022-10-13,1.6095472334251
2022-10-14,1.5963544546665238
2022-10-17,1.6064551085137866
2022-10-18,1.6100297547974602
2022-10-19,1.5245772935885202
2022-10-20,1.5145376665794519
2022-10-21,1.5129995957991869
2022-10-24,1.2251380085214105
2022-10-25,1.2188165120111603
2022-10-26,1.2150189857757585
2022-10-27,1.2260157804131075
2022-10-28,1.2849328876128188
2022-10-31,1.237171933140996
2022-11-01,1.1645805388937924
2022-11-02,1.1810938199325483
2022-11-03,1.120024803814181
2022-11-04,0.9566866668775412
2022-11-07,0.9543722154552621
2022-11-08,0.969515402672422
2022-11-09,0.97351311394073
2022-11-10,0.9617846740224134
2022-11-11,0.936333544003011
2022-11-14,0.9350198107163283
2022-11-15,0.9667728955064915
2022-11-16,0.9624617538389242
2022-11-17,0.9587819831825396
2022-11-18,0.9803876229211224
2022-11-21,0.9036546508728691
2022-11-22,0.9029074216879136
2022-11-23,0.9011782683925926
2022-11-24,0.9057468180028005
2022-11-25,0.8671836855737662
2022-11-28,0.8804945851421617
2022-11-29,0.8247157410302148
2022-11-30,0.8265211052886139
2022-12-01,0.9265079458051125
2022-12-02,0.9348704577779944
2022-12-05,0.9373567187412357
2022-12-06,0.9336532247204206
2022-12-07,0.9364439327876288
2022-12-08,0.9360177288934247
2022-12-09,0.9129178190430529
2022-12-12,0.9219416576503284
2022-12-13,0.9238327659634582
2022-12-14,0.9201934615916496
2022-12-15,0.9199768293515787
2022-12-16,0.9181692754568216
2022-12-19,0.8692973709789457
2022-12-20,0.8781929504041128
2022-12-21,0.8767389987989206
2022-12-22,0.8727027220443256
2022-12-23,0.8734652902483977
2022-12-26,0.8934928770966389
2022-12-27,1.0372984295763132
2022-12-28,1.031519579688428
2022-12-29,1.0445541546646224
2022-12-30,1.032561682676167
2023-01-03,1.053868730923177
2023-01-04,1.0446251954843062
2023-01-05,1.013919304049951
2023-01-06,1.01774160169782
2023-01-09,1.0191149264741515
2023-01-10,1.0152044784168939
2023-01-11,1.0227373442520318
2023-01-12,1.0237858648085836
2023-01-13,0.9510871666647956
2023-01-16,0.9185016081830364
2023-01-17,0.9187720259020997
2023-01-18,0.9054795044012952
2023-01-19,0.8796271070778878
2023-01-20,0.913603700558455
2023-01-30,0.9240532472148067
2023-01-31,0.9195648587950873
2023-02-01,0.995138116041995
2023-02-02,0.9923010620607856
2023-02-03,0.9632986276078443
2023-02-06,1.0343991503063505
2023-02-07,1.0440754707488469
2023-02-08,1.0610450870995787
2023-02-09,1.0361333155379449
2023-02-10,1.0555210801103485
2023-02-13,1.0703823899011384
2023-02-14,1.0700124526551587
2023-02-15,1.1078294075205184
2023-02-16,1.1536739040583477
2023-02-17,1.148353318671924
2023-02-20,1.031272304597923
2023-02-21,1.0411155847312485
2023-02-22,1.0485245860739874
2023-02-23,1.0501565153132955
2023-02-24,1.0275232224266817
2023-02-27,1.0512798882155554
2023-02-28,1.0630694735139337
2023-03-01,1.0180320593196452
2023-03-02,1.0208364984598222
2023-03-03,1.01676988410693
2023-03-06,0.970138333674836
2023-03-07,1.0245306654650201
2023-03-08,1.0381095843012902
2023-03-09,1.0530493847723938
2023-03-10,1.1295143633260627
2023-03-13,1.1098135299352936
2023-03-14,1.0850370058740086
2023-03-15,1.082395964860635
2023-03-16,1.1862202326271747
2023-03-17,1.203231160822502
2023-03-20,1.1518670637869064
2023-03-21,1.1270071436501163
2023-03-22,1.1208173503407028
2023-03-23,1.0527148395517463
2023-03-24,1.068311910096579
2023-03-27,1.0558380390845625
2023-03-28,1.066338400635119
2023-03-29,1.0646006250158817
2023-03-30,1.057046521248681
2023-03-31,1.0736502320995518
2023-04-03,1.0519500092761458
2023-04-04,1.0245291301785922
2023-04-06,1.0196962999296577
2023-04-07,1.022307618036583
2023-04-10,1.004435407547537
2023-04-11,1.0044527194036277
2023-04-12,0.9990650250249196
2023-04-13,0.9940180151498061
2023-04-14,1.0054734062920903
2023-04-17,0.962209101717422
2023-04-18,0.9918901089647078
2023-04-19,1.019928158649404
2023-04-20,1.0131119499586936
2023-04-21,1.0690545282061266
2023-04-24,1.1122175838842607
2023-04-25,1.171891135321746
2023-04-26,1.1673722484527949
2023-04-27,1.16627895022584
2023-04-28,1.2158825504240909
2023-05-04,1.2151841685772604
2023-05-05,1.2214438995959032
2023-05-08,1.2832022412892472
2023-05-09,1.2668880630974537
2023-05-10,1.2149524909679588
2023-05-11,1.2234797499258496
2023-05-12,1.1600599464045265
2023-05-15,1.113575847556488
2023-05-16,1.1317949265078358
2023-05-17,1.1202239570957002
2023-05-18,1.1222067898717676
2023-05-19,1.1267408481792733
2023-05-22,1.1170077694648477
2023-05-23,1.1049093316714462
2023-05-24,1.0465192139753705
2023-05-25,1.0533185966144267
2023-05-26,1.0525577710680998
2023-05-29,1.068076191067107
2023-05-30,1.0642615756112672
2023-05-31,1.0182329888488884
2023-06-01,1.0162748828918016
2023-06-02,1.1098735599356424
2023-06-05,1.1123930812029375
2023-06-06,1.116008290061818
2023-06-07,1.1171038736878043
2023-06-08,1.1054816726984613
2023-06-09,1.0869096677403096
2023-06-12,1.0850305140227883
2023-06-13,1.061242129172945
2023-06-14,1.060205161138764
2023-06-15,1.1144156335354183
2023-06-16,1.1324187341087555
2023-06-19,1.1393792097484639
2023-06-20,1.1381449035509905
2023-06-21,1.140981221025953
2023-06-26,1.1145340826290373
2023-06-27,1.1302023709090487
2023-06-28,1.1331233983462017
2023-06-29,1.1116064669905825
2023-06-30,1.1262492513591604
2023-07-03,1.0864842491259374
2023-07-04,1.084801262157776
2023-07-05,0.962748127295471
2023-07-06,0.9901651265556582
2023-07-07,0.9931398345372164
2023-07-10,0.9661099750337501
2023-07-11,0.9705593832163016
2023-07-12,0.9140930553643223
2023-07-13,0.8581133464205182
2023-07-14,0.8576462081263634
2023-07-17,0.8466264551330385
2023-07-18,0.8371043545336461
2023-07-19,0.8383283795185574
2023-07-20,0.838344933520048
2023-07-21,0.8407430727201901
2023-07-24,0.851096374190485
2023-07-25,1.0109756321789334
2023-07-26,1.005308206780006
2023-07-27,1.0106967007234684
2023-07-28,0.9424348663274864
2023-07-31,0.9787567205072495
2023-08-01,0.9617334632977915
2023-08-02,0.9598098637560545
2023-08-03,0.9362311141565681
2023-08-04,0.927841238400276
2023-08-07,0.9335381764004885
2023-08-08,0.929117396172804
2023-08-09,0.9368545532565515
2023-08-10,0.936415856266359
2023-08-11,0.8863567384824269
2023-08-14,0.8999390243539377
2023-08-15,0.9090801625954678
2023-08-16,0.9002395039482783
2023-08-17,0.9156494602323844
2023-08-18,0.9477462263621056
2023-08-21,0.9394519595424599
2023-08-22,0.9148961877445889
2023-08-23,1.0173006515002252
2023-08-24,0.986980677752338
2023-08-25,0.9833213784041513
2023-08-28,1.0254501434764391
2023-08-29,1.0330461174189418
2023-08-30,1.0322011847384107
2023-08-31,1.0366321119979782
2023-09-01,1.0563824603191139
2023-09-04,1.251689532542831
2023-09-05,1.2401188419988332
2023-09-06,1.2445002114326176
2023-09-07,1.280958727900673
2023-09-08,1.28699036464338
2023-09-11,1.30421253189426
2023-09-12,1.3068028079317568
2023-09-13,1.3035845351999051
2023-09-14,1.301795371438083
2023-09-15,1.2798104215871262
2023-09-18,1.255517821387575
2023-09-19,1.2563035013794042
2023-09-20,1.2688359504129991
2023-09-21,1.253557996050852
2023-09-22,1.169638778526412
2023-09-25,1.1782479557948418
2023-09-26,1.1773869356977427
2023-09-27,1.174351738784945
2023-09-28,1.1693901494370325
2023-10-09,1.169868649776734
2023-10-10,1.137095234419168
2023-10-11,1.1179328300265963
2023-10-12,1.174793838327262
2023-10-13,1.1148694408033886
2023-10-16,1.1820940961152382
2023-10-17,1.2614605014397042
2023-10-18,1.3395045305197582
2023-10-19,1.1975770183110825
2023-10-20,1.1849252348921158
2023-10-23,1.3203530163108195
2023-10-24,1.357818786529137
2023-10-25,1.3527570405379257
2023-10-26,1.3646342668386693
2023-10-27,1.12650228096753
2023-10-30,1.1263448234467859
2023-10-31,1.1252480478848195
2023-11-01,1.1220377450177637
2023-11-02,1.1545473299790256
2023-11-03,1.2044254990674208
2023-11-06,1.2450878123076257
2023-11-07,1.2531465793133727
2023-11-08,1.2576047861963027
2023-11-09,1.2564182703716409
2023-11-10,1.243277178074717
2023-11-13,1.2385890371204742
2023-11-14,1.2351275791415255
2023-11-15,1.2444016633104098
2023-11-16,1.263202091574606
2023-11-17,1.2619920257709096
2023-11-20,1.2551264667925919
2023-11-21,1.2498070228425475
2023-11-22,1.2434828194454222
2023-11-23,1.240711377551208
2023-11-24,1.2523062563999436
2023-11-27,1.2188702788639791
2023-11-28,1.2152381702900616
2023-11-29,1.1655138404368284
2023-11-30,1.1571360198747351
2023-12-01,1.137217153522772
2023-12-04,1.0931911582127853
2023-12-05,1.1461929240602298
2023-12-06,1.1507751520026304
2023-12-07,1.1601446560342132
2023-12-08,1.1613977253746257
2023-12-11,1.1410899972670028
2023-12-12,1.1370754389715958
2023-12-13,1.144301565796044
2023-12-14,1.1405411320438463
2023-12-15,1.153686271142069
2023-12-18,1.1652340370055865
2023-12-19,1.1650443838466946
2023-12-20,1.1795325173783693
2023-12-21,1.1535183064161258
2023-12-22,1.165904572619185
2023-12-25,1.1628709706778149
2023-12-26,1.1445046792538134
2023-12-27,1.138887203471179
2023-12-28,0.9401531065904173
2023-12-29,0.9330881304837476
2024-01-02,0.8848846515490889
2024-01-03,0.8834129385222891
2024-01-04,0.8603391293417775
2024-01-05,0.8530203839072793
2024-01-08,0.809957980085531
2024-01-09,0.8083764825076595
2024-01-10,0.6636206625334748
2024-01-11,0.6326020843811692
2024-01-12,0.6798198058200601
2024-01-15,0.6848703533367735
2024-01-16,0.6395102853591129
2024-01-17,0.7324235193468465
2024-01-18,0.6025993688542838
2024-01-19,0.6058006683198376
2024-01-22,0.7954698013183222
2024-01-23,0.9012981391807169
2024-01-24,0.8419404069750435
2024-01-25,1.0789878013561665
2024-01-26,1.082196901645559
2024-01-29,1.1263620444346858
2024-01-30,1.2462773353473708
2024-01-31,1.2730318324678336
2024-02-01,1.2675088664336391
2024-02-02,1.3138201099941693
2024-02-05,1.163140894505852
2024-02-06,1.577223732097164
2024-02-07,1.6620092590518594
2024-02-08,1.681327026406513
2024-02-19,1.6394105238441992
2024-02-20,1.6328285599749763
2024-02-21,1.5939310919294607
2024-02-22,1.574725290570998
2024-02-23,1.5756012620095368
2024-02-26,1.501690402078326
2024-02-27,1.487361376495781
2024-02-28,1.5176641501863843
2024-02-29,1.515824572056874
2024-03-01,1.5104154241214613
2024-03-04,1.5089078226405441
2024-03-05,1.4885475307681428
2024-03-06,1.4752632641168608
2024-03-07,1.4432900406520413
2024-03-08,1.489837749289461
2024-03-11,1.4326392267415857
2024-03-12,1.4220101403451972
2024-03-13,1.3088046995903742
2024-03-14,1.3015323270638006
2024-03-15,1.3478022791888216
2024-03-18,1.3541941728923812
2024-03-19,1.256989351368304
2024-03-20,1.2429375228071495
2024-03-21,1.2434506278944961
2024-03-22,1.3171400084723062
2024-03-25,1.3234351183508324
2024-03-26,1.2792644773356339
2024-03-27,1.2704789009728272
2024-03-28,1.2887424638429301
2024-03-29,1.3177361937061767
2024-04-01,1.2080204851978558
2024-04-02,1.1517414439916456
2024-04-03,1.077248977236829
2024-04-08,0.9972605561453296
2024-04-09,1.002754428152155
2024-04-10,0.9952196145352253
2024-04-11,0.9949530994966541
2024-04-12,1.0125424812654158
2024-04-15,0.8909682418918401
2024-04-16,1.0250814005968367
2024-04-17,1.2525468229105134
2024-04-18,1.2489809029526555
2024-04-19,1.2695686840506843
2024-04-22,1.2860850108316082
2024-04-23,1.3762289665666076
2024-04-24,1.396133791786445
2024-04-25,1.3918094760367523
2024-04-26,1.3312151770065441
2024-04-29,1.315298794269295
2024-04-30,1.3078336703679512
2024-05-06,1.587946190811558
2024-05-07,1.5896591876653112
2024-05-08,1.6048235319830442
2024-05-09,1.6241971361621108
2024-05-10,1.6225301064361164
2024-05-13,1.618721633998048
2024-05-14,1.6109171312690544
2024-05-15,1.6553125355513598
2024-05-16,1.6353114651751828
2024-05-17,1.6073265897984363
2024-05-20,1.6229079169909206
2024-05-21,1.6722458304315904
2024-05-22,1.6596728715680527
2024-05-23,1.7653399242215273
2024-05-24,1.7075867890179603
2024-05-27,1.7521205344775979
2024-05-28,1.7576719525485724
2024-05-29,1.7754002788171985
2024-05-30,1.8425783960049142
2024-05-31,1.8263432001824313
2024-06-03,1.798046939048648
2024-06-04,1.793417344155509
2024-06-05,1.8430584255183275
2024-06-06,1.8456180693254898
2024-06-07,1.8302439455143589
2024-06-11,1.7774425664358087
2024-06-12,1.7783669161233189
2024-06-13,1.7965872345351666
2024-06-14,1.8244496876762508
2024-06-17,1.8428481052218433
2024-06-18,1.8049887232547042
2024-06-19,1.7746156709320362
2024-06-20,1.785658478593975
2024-06-21,1.772076574579249
2024-06-24,1.8537439966453222
2024-06-25,1.8510839695313785
2024-06-26,1.8451740316669292
2024-06-27,1.9311062389310976
2024-06-28,1.9361085266282014
2024-07-01,1.9450489430390487
2024-07-02,1.961221407124539
2024-07-03,1.9579405217761794
2024-07-04,1.9668794598325972
2024-07-05,1.8956842620435135
2024-07-08,1.9666929602175545
2024-07-09,1.9345972765178585
2024-07-10,1.9435201633170907
2024-07-11,2.0252890630334264
2024-07-12,2.01215903601926
2024-07-15,2.0110995192879044
2024-07-16,1.981721977726143
2024-07-17,1.9713072436349939
2024-07-18,1.9526154074614384
2024-07-19,1.902021515675944
2024-07-22,1.870494911743426
2024-07-23,1.872294101586541
2024-07-24,1.8585938198119507
2024-07-25,1.8523468944009889
2024-07-26,1.8623476533086547
2024-07-29,1.870669174330639
2024-07-30,1.8254276644825975
2024-07-31,1.8394640247715202
2024-08-01,1.8430485707621131
2024-08-02,1.8273338814255782
2024-08-05,1.8291815671838647
2024-08-06,1.8294627660128133
2024-08-07,1.8304259395205318
2024-08-08,1.828195182137024
2024-08-09,1.8170560821977548
2024-08-12,1.8177522968291429
2024-08-13,1.8215203329235365
2024-08-14,1.8238120541382257
2024-08-15,1.7993376441473263
2024-08-16,1.79246782729762
2024-08-19,1.7962763993940527
2024-08-20,1.8300429092233474
2024-08-21,1.793704949622486
2024-08-22,1.7996512220864032
2024-08-23,1.779990789554447
2024-08-26,1.7862688630071302
2024-08-27,1.817529851876646
2024-08-28,1.7934900263920344
2024-08-29,1.7665835576159494
2024-08-30,1.7164311746937042
2024-09-02,1.6842342519265534
2024-09-03,1.6868768781468182
2024-09-04,1.6822426664345507
2024-09-05,1.6780618871410593
2024-09-06,1.6879952320845164
2024-09-09,1.6466612041356434
2024-09-10,1.6464703252493487
2024-09-11,1.639739187027565
2024-09-12,1.634689710741097
2024-09-13,1.6384858830463203
2024-09-18,1.6596161692783256
2024-09-19,1.7338220369415878
2024-09-20,1.734695670007379
2024-09-23,1.7347697458055598
2024-09-24,1.276621338418614
2024-09-25,1.204508860940105
2024-09-26,1.2481788355060723
2024-09-27,1.2256961771210697
2024-09-30,1.1552269875029033
2024-10-08,1.0791570557675627
2024-10-09,1.1154603671088736
2024-10-10,1.114162793071297
2024-10-11,1.1322866769255966
2024-10-14,1.1294619180864398
2024-10-15,1.1349100696876466
2024-10-16,1.1329454755936437
2024-10-17,1.134372473383699
2024-10-18,1.1012793072811462
2024-10-21,1.1025935535885967
2024-10-22,1.1033247727419755
2024-10-23,1.1046159796890131
2024-10-24,1.106097206072113
2024-10-25,1.1117703622889643
2024-10-28,1.112914916921317
2024-10-29,1.103046289381786
2024-10-30,1.105753635377153
2024-10-31,1.1057290537024753
2024-11-01,1.1026828766787755
2024-11-04,1.0632190831263364
2024-11-05,1.0541809914498976
2024-11-06,1.0547703249165068
2024-11-07,1.0485172047134093
2024-11-08,1.0513858823032047
2024-11-11,1.067266349892243
2024-11-12,1.0432728939279312
2024-11-13,1.0590244816265142
2024-11-14,1.0965283888362665
2024-11-15,1.1319176600751908
2024-11-18,1.1442262742450018
2024-11-19,1.1436062477708056
2024-11-20,1.1473051535460843
2024-11-21,1.1482987896591303
2024-11-22,1.1796815561439788
2024-11-25,1.1825342204217453
2024-11-26,1.1868179789152216
2024-11-27,1.1666998284835477
2024-11-28,1.1497078169318375
2024-11-29,1.1819616353220452
2024-12-02,1.1870438590994896
2024-12-03,1.1855692231370687
2024-12-04,1.1911456312942512
2024-12-05,1.190084090919777
2024-12-06,1.1730442412604951
2024-12-09,1.1737978674363478
2024-12-10,1.166303289520853
2024-12-11,1.1657083726479753
2024-12-12,1.1615492460477825
2024-12-13,1.1598874364458538
2024-12-16,1.1584203298826488
2024-12-17,1.15522809272333
2024-12-18,1.1566214947358195
2024-12-19,1.1566193081518041
2024-12-20,1.1557357335888943
2024-12-23,1.155443166164322
2024-12-24,1.1354180927016309
2024-12-25,1.1352139373319936
2024-12-26,1.1353672788337223
2024-12-27,1.1361473360653442
2024-12-30,1.1289813453326452
2024-12-31,1.1555310579962261
2025-01-02,1.1435823986247995
2025-01-03,1.1491935798431532
2025-01-06,1.1467736961315533
2025-01-07,1.1488823809374975
2025-01-08,1.1518282397572062
2025-01-09,1.1348040231266905
2025-01-10,1.154161285043277
2025-01-13,1.1539014831145176
2025-01-14,1.1334073069227675
2025-01-15,1.1356064013929397
2025-01-16,1.1364189769556823
2025-01-17,1.1444189273745131
2025-01-20,1.1416487927231247
2025-01-21,1.1407646547697794
2025-01-22,1.140866156645598
2025-01-23,1.1414578242059101
2025-01-24,1.1558630774801477
2025-01-27,1.1596871655904137
2025-02-05,1.1397633753086973
2025-02-06,1.1382913311239216
2025-02-07,1.122369595352222
2025-02-10,1.1188271807271648
2025-02-11,1.1208380568919432
2025-02-12,1.1088968340273677
2025-02-13,1.1127189121117442
2025-02-14,1.1047921616346694
2025-02-17,1.1013783045445547
2025-02-18,1.0969480353493322
2025-02-19,1.1064455346527349
2025-02-20,1.103134985632042
2025-02-21,1.095416315039139
2025-02-24,1.0977192765188934
2025-02-25,1.0914618135444223
2025-02-26,1.106402806779384
2025-02-27,1.1004777334066764
2025-02-28,1.1092628788712597
2025-03-03,1.1071843363137543
2025-03-04,1.104882124171907
2025-03-05,1.099865247983141
2025-03-06,1.1199303081969743
2025-03-07,1.0835874245521626
2025-03-10,1.0648836618571473
2025-03-11,1.0773948039103318
2025-03-12,1.0888627450602764
2025-03-13,1.0938466267193676
2025-03-14,1.0123721302812
2025-03-17,1.0221298385608262
2025-03-18,1.021702070096699
2025-03-19,1.0207756589473125
2025-03-20,1.014992615121031
2025-03-21,1.0087840756339441
2025-03-24,1.0101330424850714
2025-03-25,1.009590670112346
2025-03-26,1.0136768267343614
2025-03-27,1.0025948819262467
2025-03-28,1.0060847632649583
2025-03-31,0.9915361269734316
2025-04-01,0.9912518998744388
2025-04-02,0.9922104724220877
2025-04-03,1.0019437231456387
2025-04-07,1.2040168788749455
2025-04-08,1.1730259057252728
2025-04-09,1.1703413554134061
2025-04-10,1.161881727482807
2025-04-11,1.1599804023030218
2025-04-14,1.168681864841956
2025-04-15,1.1674487666781026
2025-04-16,1.1616098994673445
2025-04-17,1.1618912963376768
2025-04-18,1.161997243965546
2025-04-21,1.1751292204017367
2025-04-22,1.1748604567665786
2025-04-23,1.1757577434795201
2025-04-24,1.1765551502398266
2025-04-25,1.1769079259233672
2025-04-28,1.1787566205951492
2025-04-29,1.1780702536217338
2025-04-30,1.1775557856596597
2025-05-06,1.215105208151458
2025-05-07,1.2097374861775958
2025-05-08,1.213698022022941
2025-05-09,1.2047794333523891
2025-05-12,1.2128950774501135
2025-05-13,1.2088932645639512
2025-05-14,1.2286457769320869
2025-05-15,1.2030395311760413
2025-05-16,1.1441571436541893
2025-05-19,1.1587206454940293
2025-05-20,1.1554361642294626
2025-05-21,1.1414881650378206
2025-05-22,1.1458213747989174
2025-05-23,1.1334989146454988
2025-05-26,1.1301778594692764
2025-05-27,1.1380281603170208
2025-05-28,1.1339765140293028
2025-05-29,1.1819778968965782
2025-05-30,1.179854070719987
2025-06-03,1.1932556593757264
2025-06-04,1.2168010484059713
2025-06-05,1.2109456170515764
2025-06-06,1.2096819825357545
2025-06-09,1.2077272984324867
2025-06-10,1.206403680541246
2025-06-11,1.200230680393483
2025-06-12,1.2016979910369292
2025-06-13,1.1786922478542565
2025-06-16,1.178645312894205
2025-06-17,1.1787582512984895
2025-06-18,1.178703285382356
2025-06-19,1.1792408448627931
2025-06-20,1.1747741255617938
2025-06-23,1.175517104574743
2025-06-24,1.1248024696642096
2025-06-25,1.0675021484176688
2025-06-26,1.0729556341058473
2025-06-27,1.0491486343506087
2025-06-30,1.0673734621782391
2025-07-01,1.0755304868358826
2025-07-02,1.0755111393526633
2025-07-03,1.0478174900924226
2025-07-04,1.0489371339174627
2025-07-07,1.0522371965133124
2025-07-08,1.0457555498046922
2025-07-09,1.0507889245411257
2025-07-10,1.058536506149177
2025-07-11,1.0660136932674686
2025-07-14,1.0682446053934103
2025-07-15,1.067896776010367
2025-07-16,1.0279443361544214
2025-07-17,1.0351269173509765
2025-07-18,1.0770518988935043
2025-07-21,1.0990597212243798
2025-07-22,1.3191706205447271
2025-07-23,1.317007417432331
2025-07-24,1.5105998221275037
2025-07-25,1.3685975347517514
2025-07-28,1.3323942028835634
2025-07-29,1.3902026105985816
2025-07-30,1.408584431695047
2025-07-31,1.6052219444047964
2025-08-01,1.622253196465006
2025-08-04,1.6072986490193968
2025-08-05,1.575963994509495
2025-08-06,1.586424141347201
2025-08-07,1.5861913796068075
2025-08-08,1.5679182606140163
2025-08-11,1.570222668241837
2025-08-12,1.5502362199416435
2025-08-13,1.577092916172151
2025-08-14,1.5722374373147783
2025-08-15,1.6323411452851992
2025-08-18,1.6262525042250593
2025-08-19,1.5319139854790012
2025-08-20,1.4702077486220506
2025-08-21,1.3958217945443956
2025-08-22,1.3885130390119957
2025-08-25,1.3410146782876926
2025-08-26,1.3235010241744882
2025-08-27,1.184260040171876
2025-08-28,1.079931278354286
2025-08-29,1.1617389551758677
2025-09-01,1.23078425666648
2025-09-02,1.2638821008002183
2025-09-03,1.378142022922486
2025-09-04,1.5611053734784985
2025-09-05,1.521545246471776
2025-09-08,1.5274418006233934
2025-09-09,1.5516629481296116
2025-09-10,1.5392754035076668
2025-09-11,1.5498866146160732
2025-09-12,1.5205252681636887
2025-09-15,1.5038188505984713
2025-09-16,1.5213592287319524
2025-09-17,1.5291131189855136
2025-09-18,1.5817529580161733
2025-09-19,1.5809122813076926
2025-09-22,1.5705826618289278
2025-09-23,1.58038650620056
2025-09-24,1.5595411348761128
2025-09-25,1.570897485015779
2025-09-26,1.4483775191362653
2025-09-29,1.350035078696221
2025-09-30,1.358094422545071
2025-10-09,1.4583568037044201
2025-10-10,1.5490725052245276
2025-10-13,1.4805126654344938
2025-10-14,1.5207775086990116
2025-10-15,1.3692773583033901
2025-10-16,1.3339140191648606
2025-10-17,1.4169391395283741
2025-10-20,1.4311214479382948
2025-10-21,1.525527172755202
2025-10-22,1.4948464488152307
2025-10-23,1.5061392788981502
2025-10-24,1.5051312706691375
2025-10-27,1.6511028167184933
2025-10-28,1.5213242285406952
2025-10-29,1.71539956792665
2025-10-30,1.600769143898516
2025-10-31,1.8499424717126138
2025-11-03,1.8330344414466617
2025-11-04,1.8105662921539767
2025-11-05,1.8403731554986085
2025-11-06,1.7627325222717904
2025-11-07,1.7722024548982847
2025-11-10,1.7259283918402017
2025-11-11,1.7772398310898958
2025-11-12,1.7681073164277394
2025-11-13,1.6853649480068513
2025-11-14,1.5915059199949468
2025-11-17,1.56279987658544
2025-11-18,1.5339937691404
2025-11-19,1.4942139447876635
2025-11-20,1.475887303047748
2025-11-21,1.632450716328126
2025-11-24,1.6222264388849152
2025-11-25,1.6213989020073922
2025-11-26,1.6086654142425674
2025-11-27,1.6127188048254368
2025-11-28,1.627983817719277
2025-12-01,1.5655836810367183
2025-12-02,1.5527455882598544
2025-12-03,1.5403642271395828
2025-12-04,1.5376489873393042
2025-12-05,1.5889733333326317
2025-12-08,1.6353678663132598
2025-12-09,1.5880650035981363
2025-12-10,1.5897309343380388
2025-12-11,1.6002927575629
2025-12-12,1.6201519702212588
2025-12-15,1.584607133292784
2025-12-16,1.4291970515337877
2025-12-17,1.712315172487452
2025-12-18,1.7675567498669666
2025-12-19,1.7647002703388803
2025-12-22,1.9158227353026063
2025-12-23,1.9335100685608182
2025-12-24,1.8936062933072029
2025-12-25,1.8838828318431302
2025-12-26,1.8955585615929245
2025-12-29,1.9288054442359226
2025-12-30,1.9154864985326603
2025-12-31,1.921707970967937
2026-01-05,1.8757963526653514
2026-01-06,1.922186704176649
2026-01-07,1.8527191251217203
2026-01-08,1.8911969498565442
2026-01-09,1.9445997262936057
2026-01-12,1.9003592055562986
2026-01-13,1.8263776710575197
2026-01-14,1.7752085295738906
2026-01-15,1.7966561856552206
2026-01-16,1.7631002918545888
2026-01-19,1.7661139153256324
2026-01-20,1.8256906084503868
2026-01-21,1.8415202328317681
2026-01-22,1.8399614172975471
2026-01-23,1.7448595489214644
2026-01-26,1.762670930835786
2026-01-27,1.758760904291824
2026-01-28,1.78198490518311
2026-01-29,1.60418616708689
2026-01-30,1.6206197662265192
2026-02-02,1.7998077219801898
2026-02-03,1.822708362411795
2026-02-04,1.773828616300868
2026-02-05,1.8149444530900116
2026-02-06,1.7053525333808595
2026-02-09,1.5085077713024688
2026-02-10,1.508487689986586
2026-02-11,1.4348017112284304
2026-02-12,1.4496283405746069
2026-02-13,1.5917470868293289
2026-02-24,1.5944526286152865
2026-02-25,1.739575194052814
2026-02-26,1.7250518300681206
2026-02-27,1.6096664071513622
2026-03-02,1.645279238957043
2026-03-03,1.8187879602887103
2026-03-04,1.6823849782348619
2026-03-05,1.538834839461922
2026-03-06,1.5473262437912896
2026-03-09,1.540592455369198
2026-03-10,1.5296496282784882
2026-03-11,1.4095836924152645
2026-03-12,1.4179989062085419
2026-03-13,1.538249105906688
2026-03-16,1.5352187593157731
2026-03-17,1.5842438356289479
2026-03-18,1.5929423245076275
2026-03-19,1.751068357066799
2026-03-20,1.7754091723275913
2026-03-23,1.7094346504316624
2026-03-24,1.7583888212366068
2026-03-25,1.6624903938945854
2026-03-26,1.7481102198440561
2026-03-27,1.7722875950308756
2026-03-30,1.7707601025970572
2026-03-31,1.7889237482865088
2026-04-01,1.7571614986757658
2026-04-02,1.8459055975782028
2026-04-03,1.8166870778166297
2026-04-07,1.816167972628211
2026-04-08,1.6448263251447917
2026-04-09,1.6421734258778016
2026-04-10,1.558486862848229
