listed_date,exchange,underlying_symbol,symbol,underlying_order_book_id,round_lot,de_listed_date,maturity_date,option_type,exercise_type,type,contract_multiplier,strike_price,order_book_id,market_tplus,trading_hours,product_name,trading_code
2019-12-23,XSHG,510300.XSHG,300ETF购1月3600,510300.XSHG,1.0,2020-01-22,2020-01-22,C,E,Option,10000.0,3.6,10002117,0.0,"09:31-11:30,13:01-15:00",510300C2001M03600,10002117
2019-12-23,XSHG,510300.XSHG,300ETF购1月3700,510300.XSHG,1.0,2020-01-22,2020-01-22,C,E,Option,10000.0,3.7,10002118,0.0,"09:31-11:30,13:01-15:00",510300C2001M03700,10002118
2019-12-23,XSHG,510300.XSHG,300ETF购1月3800,510300.XSHG,1.0,2020-01-22,2020-01-22,C,E,Option,10000.0,3.8,10002119,0.0,"09:31-11:30,13:01-15:00",510300C2001M03800,10002119
2019-12-23,XSHG,510300.XSHG,300ETF购1月3900,510300.XSHG,1.0,2020-01-22,2020-01-22,C,E,Option,10000.0,3.9,10002120,0.0,"09:31-11:30,13:01-15:00",510300C2001M03900,10002120
2019-12-23,XSHG,510300.XSHG,300ETF购1月4000,510300.XSHG,1.0,2020-01-22,2020-01-22,C,E,Option,10000.0,4.0,10002121,0.0,"09:31-11:30,13:01-15:00",510300C2001M04000,10002121
2019-12-23,XSHG,510300.XSHG,300ETF购1月4100,510300.XSHG,1.0,2020-01-22,2020-01-22,C,E,Option,10000.0,4.1,10002122,0.0,"09:31-11:30,13:01-15:00",510300C2001M04100,10002122
2019-12-23,XSHG,510300.XSHG,300ETF购1月4200,510300.XSHG,1.0,2020-01-22,2020-01-22,C,E,Option,10000.0,4.2,10002123,0.0,"09:31-11:30,13:01-15:00",510300C2001M04200,10002123
2019-12-23,XSHG,510300.XSHG,300ETF购1月4300,510300.XSHG,1.0,2020-01-22,2020-01-22,C,E,Option,10000.0,4.3,10002124,0.0,"09:31-11:30,13:01-15:00",510300C2001M04300,10002124
2019-12-23,XSHG,510300.XSHG,300ETF购1月4400,510300.XSHG,1.0,2020-01-22,2020-01-22,C,E,Option,10000.0,4.4,10002125,0.0,"09:31-11:30,13:01-15:00",510300C2001M04400,10002125
2019-12-23,XSHG,510300.XSHG,300ETF沽1月3600,510300.XSHG,1.0,2020-01-22,2020-01-22,P,E,Option,10000.0,3.6,10002126,0.0,"09:31-11:30,13:01-15:00",510300P2001M03600,10002126
2019-12-23,XSHG,510300.XSHG,300ETF沽1月3700,510300.XSHG,1.0,2020-01-22,2020-01-22,P,E,Option,10000.0,3.7,10002127,0.0,"09:31-11:30,13:01-15:00",510300P2001M03700,10002127
2019-12-23,XSHG,510300.XSHG,300ETF沽1月3800,510300.XSHG,1.0,2020-01-22,2020-01-22,P,E,Option,10000.0,3.8,10002128,0.0,"09:31-11:30,13:01-15:00",510300P2001M03800,10002128
2019-12-23,XSHG,510300.XSHG,300ETF沽1月3900,510300.XSHG,1.0,2020-01-22,2020-01-22,P,E,Option,10000.0,3.9,10002129,0.0,"09:31-11:30,13:01-15:00",510300P2001M03900,10002129
2019-12-23,XSHG,510300.XSHG,300ETF沽1月4000,510300.XSHG,1.0,2020-01-22,2020-01-22,P,E,Option,10000.0,4.0,10002130,0.0,"09:31-11:30,13:01-15:00",510300P2001M04000,10002130
2019-12-23,XSHG,510300.XSHG,300ETF沽1月4100,510300.XSHG,1.0,2020-01-22,2020-01-22,P,E,Option,10000.0,4.1,10002131,0.0,"09:31-11:30,13:01-15:00",510300P2001M04100,10002131
2019-12-23,XSHG,510300.XSHG,300ETF沽1月4200,510300.XSHG,1.0,2020-01-22,2020-01-22,P,E,Option,10000.0,4.2,10002132,0.0,"09:31-11:30,13:01-15:00",510300P2001M04200,10002132
2019-12-23,XSHG,510300.XSHG,300ETF沽1月4300,510300.XSHG,1.0,2020-01-22,2020-01-22,P,E,Option,10000.0,4.3,10002133,0.0,"09:31-11:30,13:01-15:00",510300P2001M04300,10002133
2019-12-23,XSHG,510300.XSHG,300ETF沽1月4400,510300.XSHG,1.0,2020-01-22,2020-01-22,P,E,Option,10000.0,4.4,10002134,0.0,"09:31-11:30,13:01-15:00",510300P2001M04400,10002134
2019-12-23,XSHG,510300.XSHG,300ETF购2月3600,510300.XSHG,1.0,2020-02-26,2020-02-26,C,E,Option,10000.0,3.6,10002135,0.0,"09:31-11:30,13:01-15:00",510300C2002M03600,10002135
2019-12-23,XSHG,510300.XSHG,300ETF购2月3700,510300.XSHG,1.0,2020-02-26,2020-02-26,C,E,Option,10000.0,3.7,10002136,0.0,"09:31-11:30,13:01-15:00",510300C2002M03700,10002136
2019-12-23,XSHG,510300.XSHG,300ETF购2月3800,510300.XSHG,1.0,2020-02-26,2020-02-26,C,E,Option,10000.0,3.8,10002137,0.0,"09:31-11:30,13:01-15:00",510300C2002M03800,10002137
2019-12-23,XSHG,510300.XSHG,300ETF购2月3900,510300.XSHG,1.0,2020-02-26,2020-02-26,C,E,Option,10000.0,3.9,10002138,0.0,"09:31-11:30,13:01-15:00",510300C2002M03900,10002138
2019-12-23,XSHG,510300.XSHG,300ETF购2月4000,510300.XSHG,1.0,2020-02-26,2020-02-26,C,E,Option,10000.0,4.0,10002139,0.0,"09:31-11:30,13:01-15:00",510300C2002M04000,10002139
2019-12-23,XSHG,510300.XSHG,300ETF购2月4100,510300.XSHG,1.0,2020-02-26,2020-02-26,C,E,Option,10000.0,4.1,10002140,0.0,"09:31-11:30,13:01-15:00",510300C2002M04100,10002140
2019-12-23,XSHG,510300.XSHG,300ETF购2月4200,510300.XSHG,1.0,2020-02-26,2020-02-26,C,E,Option,10000.0,4.2,10002141,0.0,"09:31-11:30,13:01-15:00",510300C2002M04200,10002141
2019-12-23,XSHG,510300.XSHG,300ETF购2月4300,510300.XSHG,1.0,2020-02-26,2020-02-26,C,E,Option,10000.0,4.3,10002142,0.0,"09:31-11:30,13:01-15:00",510300C2002M04300,10002142
2019-12-23,XSHG,510300.XSHG,300ETF购2月4400,510300.XSHG,1.0,2020-02-26,2020-02-26,C,E,Option,10000.0,4.4,10002143,0.0,"09:31-11:30,13:01-15:00",510300C2002M04400,10002143
2019-12-23,XSHG,510300.XSHG,300ETF沽2月3600,510300.XSHG,1.0,2020-02-26,2020-02-26,P,E,Option,10000.0,3.6,10002144,0.0,"09:31-11:30,13:01-15:00",510300P2002M03600,10002144
2019-12-23,XSHG,510300.XSHG,300ETF沽2月3700,510300.XSHG,1.0,2020-02-26,2020-02-26,P,E,Option,10000.0,3.7,10002145,0.0,"09:31-11:30,13:01-15:00",510300P2002M03700,10002145
2019-12-23,XSHG,510300.XSHG,300ETF沽2月3800,510300.XSHG,1.0,2020-02-26,2020-02-26,P,E,Option,10000.0,3.8,10002146,0.0,"09:31-11:30,13:01-15:00",510300P2002M03800,10002146
2019-12-23,XSHG,510300.XSHG,300ETF沽2月3900,510300.XSHG,1.0,2020-02-26,2020-02-26,P,E,Option,10000.0,3.9,10002147,0.0,"09:31-11:30,13:01-15:00",510300P2002M03900,10002147
2019-12-23,XSHG,510300.XSHG,300ETF沽2月4000,510300.XSHG,1.0,2020-02-26,2020-02-26,P,E,Option,10000.0,4.0,10002148,0.0,"09:31-11:30,13:01-15:00",510300P2002M04000,10002148
2019-12-23,XSHG,510300.XSHG,300ETF沽2月4100,510300.XSHG,1.0,2020-02-26,2020-02-26,P,E,Option,10000.0,4.1,10002149,0.0,"09:31-11:30,13:01-15:00",510300P2002M04100,10002149
2019-12-23,XSHG,510300.XSHG,300ETF沽2月4200,510300.XSHG,1.0,2020-02-26,2020-02-26,P,E,Option,10000.0,4.2,10002150,0.0,"09:31-11:30,13:01-15:00",510300P2002M04200,10002150
2019-12-23,XSHG,510300.XSHG,300ETF沽2月4300,510300.XSHG,1.0,2020-02-26,2020-02-26,P,E,Option,10000.0,4.3,10002151,0.0,"09:31-11:30,13:01-15:00",510300P2002M04300,10002151
2019-12-23,XSHG,510300.XSHG,300ETF沽2月4400,510300.XSHG,1.0,2020-02-26,2020-02-26,P,E,Option,10000.0,4.4,10002152,0.0,"09:31-11:30,13:01-15:00",510300P2002M04400,10002152
2019-12-23,XSHG,510300.XSHG,300ETF购3月3600,510300.XSHG,1.0,2020-03-25,2020-03-25,C,E,Option,10000.0,3.6,10002153,0.0,"09:31-11:30,13:01-15:00",510300C2003M03600,10002153
2019-12-23,XSHG,510300.XSHG,300ETF购3月3700,510300.XSHG,1.0,2020-03-25,2020-03-25,C,E,Option,10000.0,3.7,10002154,0.0,"09:31-11:30,13:01-15:00",510300C2003M03700,10002154
2019-12-23,XSHG,510300.XSHG,300ETF购3月3800,510300.XSHG,1.0,2020-03-25,2020-03-25,C,E,Option,10000.0,3.8,10002155,0.0,"09:31-11:30,13:01-15:00",510300C2003M03800,10002155
2019-12-23,XSHG,510300.XSHG,300ETF购3月3900,510300.XSHG,1.0,2020-03-25,2020-03-25,C,E,Option,10000.0,3.9,10002156,0.0,"09:31-11:30,13:01-15:00",510300C2003M03900,10002156
2019-12-23,XSHG,510300.XSHG,300ETF购3月4000,510300.XSHG,1.0,2020-03-25,2020-03-25,C,E,Option,10000.0,4.0,10002157,0.0,"09:31-11:30,13:01-15:00",510300C2003M04000,10002157
2019-12-23,XSHG,510300.XSHG,300ETF购3月4100,510300.XSHG,1.0,2020-03-25,2020-03-25,C,E,Option,10000.0,4.1,10002158,0.0,"09:31-11:30,13:01-15:00",510300C2003M04100,10002158
2019-12-23,XSHG,510300.XSHG,300ETF购3月4200,510300.XSHG,1.0,2020-03-25,2020-03-25,C,E,Option,10000.0,4.2,10002159,0.0,"09:31-11:30,13:01-15:00",510300C2003M04200,10002159
2019-12-23,XSHG,510300.XSHG,300ETF购3月4300,510300.XSHG,1.0,2020-03-25,2020-03-25,C,E,Option,10000.0,4.3,10002160,0.0,"09:31-11:30,13:01-15:00",510300C2003M04300,10002160
2019-12-23,XSHG,510300.XSHG,300ETF购3月4400,510300.XSHG,1.0,2020-03-25,2020-03-25,C,E,Option,10000.0,4.4,10002161,0.0,"09:31-11:30,13:01-15:00",510300C2003M04400,10002161
2019-12-23,XSHG,510300.XSHG,300ETF沽3月3600,510300.XSHG,1.0,2020-03-25,2020-03-25,P,E,Option,10000.0,3.6,10002162,0.0,"09:31-11:30,13:01-15:00",510300P2003M03600,10002162
2019-12-23,XSHG,510300.XSHG,300ETF沽3月3700,510300.XSHG,1.0,2020-03-25,2020-03-25,P,E,Option,10000.0,3.7,10002163,0.0,"09:31-11:30,13:01-15:00",510300P2003M03700,10002163
2019-12-23,XSHG,510300.XSHG,300ETF沽3月3800,510300.XSHG,1.0,2020-03-25,2020-03-25,P,E,Option,10000.0,3.8,10002164,0.0,"09:31-11:30,13:01-15:00",510300P2003M03800,10002164
2019-12-23,XSHG,510300.XSHG,300ETF沽3月3900,510300.XSHG,1.0,2020-03-25,2020-03-25,P,E,Option,10000.0,3.9,10002165,0.0,"09:31-11:30,13:01-15:00",510300P2003M03900,10002165
2019-12-23,XSHG,510300.XSHG,300ETF沽3月4000,510300.XSHG,1.0,2020-03-25,2020-03-25,P,E,Option,10000.0,4.0,10002166,0.0,"09:31-11:30,13:01-15:00",510300P2003M04000,10002166
2019-12-23,XSHG,510300.XSHG,300ETF沽3月4100,510300.XSHG,1.0,2020-03-25,2020-03-25,P,E,Option,10000.0,4.1,10002167,0.0,"09:31-11:30,13:01-15:00",510300P2003M04100,10002167
2019-12-23,XSHG,510300.XSHG,300ETF沽3月4200,510300.XSHG,1.0,2020-03-25,2020-03-25,P,E,Option,10000.0,4.2,10002168,0.0,"09:31-11:30,13:01-15:00",510300P2003M04200,10002168
2019-12-23,XSHG,510300.XSHG,300ETF沽3月4300,510300.XSHG,1.0,2020-03-25,2020-03-25,P,E,Option,10000.0,4.3,10002169,0.0,"09:31-11:30,13:01-15:00",510300P2003M04300,10002169
2019-12-23,XSHG,510300.XSHG,300ETF沽3月4400,510300.XSHG,1.0,2020-03-25,2020-03-25,P,E,Option,10000.0,4.4,10002170,0.0,"09:31-11:30,13:01-15:00",510300P2003M04400,10002170
2019-12-23,XSHG,510300.XSHG,300ETF购6月3600,510300.XSHG,1.0,2020-06-24,2020-06-24,C,E,Option,10000.0,3.6,10002171,0.0,"09:31-11:30,13:01-15:00",510300C2006M03600,10002171
2019-12-23,XSHG,510300.XSHG,300ETF购6月3700,510300.XSHG,1.0,2020-06-24,2020-06-24,C,E,Option,10000.0,3.7,10002172,0.0,"09:31-11:30,13:01-15:00",510300C2006M03700,10002172
2019-12-23,XSHG,510300.XSHG,300ETF购6月3800,510300.XSHG,1.0,2020-06-24,2020-06-24,C,E,Option,10000.0,3.8,10002173,0.0,"09:31-11:30,13:01-15:00",510300C2006M03800,10002173
2019-12-23,XSHG,510300.XSHG,300ETF购6月3900,510300.XSHG,1.0,2020-06-24,2020-06-24,C,E,Option,10000.0,3.9,10002174,0.0,"09:31-11:30,13:01-15:00",510300C2006M03900,10002174
2019-12-23,XSHG,510300.XSHG,300ETF购6月4000,510300.XSHG,1.0,2020-06-24,2020-06-24,C,E,Option,10000.0,4.0,10002175,0.0,"09:31-11:30,13:01-15:00",510300C2006M04000,10002175
2019-12-23,XSHG,510300.XSHG,300ETF购6月4100,510300.XSHG,1.0,2020-06-24,2020-06-24,C,E,Option,10000.0,4.1,10002176,0.0,"09:31-11:30,13:01-15:00",510300C2006M04100,10002176
2019-12-23,XSHG,510300.XSHG,300ETF购6月4200,510300.XSHG,1.0,2020-06-24,2020-06-24,C,E,Option,10000.0,4.2,10002177,0.0,"09:31-11:30,13:01-15:00",510300C2006M04200,10002177
2019-12-23,XSHG,510300.XSHG,300ETF购6月4300,510300.XSHG,1.0,2020-06-24,2020-06-24,C,E,Option,10000.0,4.3,10002178,0.0,"09:31-11:30,13:01-15:00",510300C2006M04300,10002178
2019-12-23,XSHG,510300.XSHG,300ETF购6月4400,510300.XSHG,1.0,2020-06-24,2020-06-24,C,E,Option,10000.0,4.4,10002179,0.0,"09:31-11:30,13:01-15:00",510300C2006M04400,10002179
2019-12-23,XSHG,510300.XSHG,300ETF沽6月3600,510300.XSHG,1.0,2020-06-24,2020-06-24,P,E,Option,10000.0,3.6,10002180,0.0,"09:31-11:30,13:01-15:00",510300P2006M03600,10002180
2019-12-23,XSHG,510300.XSHG,300ETF沽6月3700,510300.XSHG,1.0,2020-06-24,2020-06-24,P,E,Option,10000.0,3.7,10002181,0.0,"09:31-11:30,13:01-15:00",510300P2006M03700,10002181
2019-12-23,XSHG,510300.XSHG,300ETF沽6月3800,510300.XSHG,1.0,2020-06-24,2020-06-24,P,E,Option,10000.0,3.8,10002182,0.0,"09:31-11:30,13:01-15:00",510300P2006M03800,10002182
2019-12-23,XSHG,510300.XSHG,300ETF沽6月3900,510300.XSHG,1.0,2020-06-24,2020-06-24,P,E,Option,10000.0,3.9,10002183,0.0,"09:31-11:30,13:01-15:00",510300P2006M03900,10002183
2019-12-23,XSHG,510300.XSHG,300ETF沽6月4000,510300.XSHG,1.0,2020-06-24,2020-06-24,P,E,Option,10000.0,4.0,10002184,0.0,"09:31-11:30,13:01-15:00",510300P2006M04000,10002184
2019-12-23,XSHG,510300.XSHG,300ETF沽6月4100,510300.XSHG,1.0,2020-06-24,2020-06-24,P,E,Option,10000.0,4.1,10002185,0.0,"09:31-11:30,13:01-15:00",510300P2006M04100,10002185
2019-12-23,XSHG,510300.XSHG,300ETF沽6月4200,510300.XSHG,1.0,2020-06-24,2020-06-24,P,E,Option,10000.0,4.2,10002186,0.0,"09:31-11:30,13:01-15:00",510300P2006M04200,10002186
2019-12-23,XSHG,510300.XSHG,300ETF沽6月4300,510300.XSHG,1.0,2020-06-24,2020-06-24,P,E,Option,10000.0,4.3,10002187,0.0,"09:31-11:30,13:01-15:00",510300P2006M04300,10002187
2019-12-23,XSHG,510300.XSHG,300ETF沽6月4400,510300.XSHG,1.0,2020-06-24,2020-06-24,P,E,Option,10000.0,4.4,10002188,0.0,"09:31-11:30,13:01-15:00",510300P2006M04400,10002188
2019-12-31,XSHG,510300.XSHG,300ETF购1月4500,510300.XSHG,1.0,2020-01-22,2020-01-22,C,E,Option,10000.0,4.5,10002215,0.0,"09:31-11:30,13:01-15:00",510300C2001M04500,10002215
2019-12-31,XSHG,510300.XSHG,300ETF沽1月4500,510300.XSHG,1.0,2020-01-22,2020-01-22,P,E,Option,10000.0,4.5,10002216,0.0,"09:31-11:30,13:01-15:00",510300P2001M04500,10002216
2019-12-31,XSHG,510300.XSHG,300ETF购2月4500,510300.XSHG,1.0,2020-02-26,2020-02-26,C,E,Option,10000.0,4.5,10002217,0.0,"09:31-11:30,13:01-15:00",510300C2002M04500,10002217
2019-12-31,XSHG,510300.XSHG,300ETF沽2月4500,510300.XSHG,1.0,2020-02-26,2020-02-26,P,E,Option,10000.0,4.5,10002218,0.0,"09:31-11:30,13:01-15:00",510300P2002M04500,10002218
2019-12-31,XSHG,510300.XSHG,300ETF购3月4500,510300.XSHG,1.0,2020-03-25,2020-03-25,C,E,Option,10000.0,4.5,10002219,0.0,"09:31-11:30,13:01-15:00",510300C2003M04500,10002219
2019-12-31,XSHG,510300.XSHG,300ETF沽3月4500,510300.XSHG,1.0,2020-03-25,2020-03-25,P,E,Option,10000.0,4.5,10002220,0.0,"09:31-11:30,13:01-15:00",510300P2003M04500,10002220
2019-12-31,XSHG,510300.XSHG,300ETF购6月4500,510300.XSHG,1.0,2020-06-24,2020-06-24,C,E,Option,10000.0,4.5,10002221,0.0,"09:31-11:30,13:01-15:00",510300C2006M04500,10002221
2019-12-31,XSHG,510300.XSHG,300ETF沽6月4500,510300.XSHG,1.0,2020-06-24,2020-06-24,P,E,Option,10000.0,4.5,10002222,0.0,"09:31-11:30,13:01-15:00",510300P2006M04500,10002222
2020-01-08,XSHG,510300.XSHG,300ETF购1月4600,510300.XSHG,1.0,2020-01-22,2020-01-22,C,E,Option,10000.0,4.6,10002223,0.0,"09:31-11:30,13:01-15:00",510300C2001M04600,10002223
2020-01-08,XSHG,510300.XSHG,300ETF沽1月4600,510300.XSHG,1.0,2020-01-22,2020-01-22,P,E,Option,10000.0,4.6,10002224,0.0,"09:31-11:30,13:01-15:00",510300P2001M04600,10002224
2020-01-08,XSHG,510300.XSHG,300ETF购2月4600,510300.XSHG,1.0,2020-02-26,2020-02-26,C,E,Option,10000.0,4.6,10002225,0.0,"09:31-11:30,13:01-15:00",510300C2002M04600,10002225
2020-01-08,XSHG,510300.XSHG,300ETF沽2月4600,510300.XSHG,1.0,2020-02-26,2020-02-26,P,E,Option,10000.0,4.6,10002226,0.0,"09:31-11:30,13:01-15:00",510300P2002M04600,10002226
2020-01-08,XSHG,510300.XSHG,300ETF购3月4600,510300.XSHG,1.0,2020-03-25,2020-03-25,C,E,Option,10000.0,4.6,10002227,0.0,"09:31-11:30,13:01-15:00",510300C2003M04600,10002227
2020-01-08,XSHG,510300.XSHG,300ETF沽3月4600,510300.XSHG,1.0,2020-03-25,2020-03-25,P,E,Option,10000.0,4.6,10002228,0.0,"09:31-11:30,13:01-15:00",510300P2003M04600,10002228
2020-01-08,XSHG,510300.XSHG,300ETF购6月4600,510300.XSHG,1.0,2020-06-24,2020-06-24,C,E,Option,10000.0,4.6,10002229,0.0,"09:31-11:30,13:01-15:00",510300C2006M04600,10002229
2020-01-08,XSHG,510300.XSHG,300ETF沽6月4600,510300.XSHG,1.0,2020-06-24,2020-06-24,P,E,Option,10000.0,4.6,10002230,0.0,"09:31-11:30,13:01-15:00",510300P2006M04600,10002230
2020-01-23,XSHG,510300.XSHG,300ETF购9月3700,510300.XSHG,1.0,2020-09-23,2020-09-23,C,E,Option,10000.0,3.7,10002249,0.0,"09:31-11:30,13:01-15:00",510300C2009M03700,10002249
2020-01-23,XSHG,510300.XSHG,300ETF购9月3800,510300.XSHG,1.0,2020-09-23,2020-09-23,C,E,Option,10000.0,3.8,10002250,0.0,"09:31-11:30,13:01-15:00",510300C2009M03800,10002250
2020-01-23,XSHG,510300.XSHG,300ETF购9月3900,510300.XSHG,1.0,2020-09-23,2020-09-23,C,E,Option,10000.0,3.9,10002251,0.0,"09:31-11:30,13:01-15:00",510300C2009M03900,10002251
2020-01-23,XSHG,510300.XSHG,300ETF购9月4000,510300.XSHG,1.0,2020-09-23,2020-09-23,C,E,Option,10000.0,4.0,10002252,0.0,"09:31-11:30,13:01-15:00",510300C2009M04000,10002252
2020-01-23,XSHG,510300.XSHG,300ETF购9月4100,510300.XSHG,1.0,2020-09-23,2020-09-23,C,E,Option,10000.0,4.1,10002253,0.0,"09:31-11:30,13:01-15:00",510300C2009M04100,10002253
2020-01-23,XSHG,510300.XSHG,300ETF购9月4200,510300.XSHG,1.0,2020-09-23,2020-09-23,C,E,Option,10000.0,4.2,10002254,0.0,"09:31-11:30,13:01-15:00",510300C2009M04200,10002254
2020-01-23,XSHG,510300.XSHG,300ETF购9月4300,510300.XSHG,1.0,2020-09-23,2020-09-23,C,E,Option,10000.0,4.3,10002255,0.0,"09:31-11:30,13:01-15:00",510300C2009M04300,10002255
2020-01-23,XSHG,510300.XSHG,300ETF购9月4400,510300.XSHG,1.0,2020-09-23,2020-09-23,C,E,Option,10000.0,4.4,10002256,0.0,"09:31-11:30,13:01-15:00",510300C2009M04400,10002256
2020-01-23,XSHG,510300.XSHG,300ETF购9月4500,510300.XSHG,1.0,2020-09-23,2020-09-23,C,E,Option,10000.0,4.5,10002257,0.0,"09:31-11:30,13:01-15:00",510300C2009M04500,10002257
2020-01-23,XSHG,510300.XSHG,300ETF沽9月3700,510300.XSHG,1.0,2020-09-23,2020-09-23,P,E,Option,10000.0,3.7,10002258,0.0,"09:31-11:30,13:01-15:00",510300P2009M03700,10002258
2020-01-23,XSHG,510300.XSHG,300ETF沽9月3800,510300.XSHG,1.0,2020-09-23,2020-09-23,P,E,Option,10000.0,3.8,10002259,0.0,"09:31-11:30,13:01-15:00",510300P2009M03800,10002259
2020-01-23,XSHG,510300.XSHG,300ETF沽9月3900,510300.XSHG,1.0,2020-09-23,2020-09-23,P,E,Option,10000.0,3.9,10002260,0.0,"09:31-11:30,13:01-15:00",510300P2009M03900,10002260
2020-01-23,XSHG,510300.XSHG,300ETF沽9月4000,510300.XSHG,1.0,2020-09-23,2020-09-23,P,E,Option,10000.0,4.0,10002261,0.0,"09:31-11:30,13:01-15:00",510300P2009M04000,10002261
2020-01-23,XSHG,510300.XSHG,300ETF沽9月4100,510300.XSHG,1.0,2020-09-23,2020-09-23,P,E,Option,10000.0,4.1,10002262,0.0,"09:31-11:30,13:01-15:00",510300P2009M04100,10002262
2020-01-23,XSHG,510300.XSHG,300ETF沽9月4200,510300.XSHG,1.0,2020-09-23,2020-09-23,P,E,Option,10000.0,4.2,10002263,0.0,"09:31-11:30,13:01-15:00",510300P2009M04200,10002263
2020-01-23,XSHG,510300.XSHG,300ETF沽9月4300,510300.XSHG,1.0,2020-09-23,2020-09-23,P,E,Option,10000.0,4.3,10002264,0.0,"09:31-11:30,13:01-15:00",510300P2009M04300,10002264
2020-01-23,XSHG,510300.XSHG,300ETF沽9月4400,510300.XSHG,1.0,2020-09-23,2020-09-23,P,E,Option,10000.0,4.4,10002265,0.0,"09:31-11:30,13:01-15:00",510300P2009M04400,10002265
2020-01-23,XSHG,510300.XSHG,300ETF沽9月4500,510300.XSHG,1.0,2020-09-23,2020-09-23,P,E,Option,10000.0,4.5,10002266,0.0,"09:31-11:30,13:01-15:00",510300P2009M04500,10002266
2020-02-03,XSHG,510300.XSHG,300ETF购9月3600,510300.XSHG,1.0,2020-09-23,2020-09-23,C,E,Option,10000.0,3.6,10002271,0.0,"09:31-11:30,13:01-15:00",510300C2009M03600,10002271
2020-02-03,XSHG,510300.XSHG,300ETF沽9月3600,510300.XSHG,1.0,2020-09-23,2020-09-23,P,E,Option,10000.0,3.6,10002272,0.0,"09:31-11:30,13:01-15:00",510300P2009M03600,10002272
2020-02-04,XSHG,510300.XSHG,300ETF购2月3300,510300.XSHG,1.0,2020-02-26,2020-02-26,C,E,Option,10000.0,3.3,10002309,0.0,"09:31-11:30,13:01-15:00",510300C2002M03300,10002309
2020-02-04,XSHG,510300.XSHG,300ETF购2月3400,510300.XSHG,1.0,2020-02-26,2020-02-26,C,E,Option,10000.0,3.4,10002310,0.0,"09:31-11:30,13:01-15:00",510300C2002M03400,10002310
2020-02-04,XSHG,510300.XSHG,300ETF购2月3500,510300.XSHG,1.0,2020-02-26,2020-02-26,C,E,Option,10000.0,3.5,10002311,0.0,"09:31-11:30,13:01-15:00",510300C2002M03500,10002311
2020-02-04,XSHG,510300.XSHG,300ETF沽2月3300,510300.XSHG,1.0,2020-02-26,2020-02-26,P,E,Option,10000.0,3.3,10002312,0.0,"09:31-11:30,13:01-15:00",510300P2002M03300,10002312
2020-02-04,XSHG,510300.XSHG,300ETF沽2月3400,510300.XSHG,1.0,2020-02-26,2020-02-26,P,E,Option,10000.0,3.4,10002313,0.0,"09:31-11:30,13:01-15:00",510300P2002M03400,10002313
2020-02-04,XSHG,510300.XSHG,300ETF沽2月3500,510300.XSHG,1.0,2020-02-26,2020-02-26,P,E,Option,10000.0,3.5,10002314,0.0,"09:31-11:30,13:01-15:00",510300P2002M03500,10002314
2020-02-04,XSHG,510300.XSHG,300ETF购3月3300,510300.XSHG,1.0,2020-03-25,2020-03-25,C,E,Option,10000.0,3.3,10002315,0.0,"09:31-11:30,13:01-15:00",510300C2003M03300,10002315
2020-02-04,XSHG,510300.XSHG,300ETF购3月3400,510300.XSHG,1.0,2020-03-25,2020-03-25,C,E,Option,10000.0,3.4,10002316,0.0,"09:31-11:30,13:01-15:00",510300C2003M03400,10002316
2020-02-04,XSHG,510300.XSHG,300ETF购3月3500,510300.XSHG,1.0,2020-03-25,2020-03-25,C,E,Option,10000.0,3.5,10002317,0.0,"09:31-11:30,13:01-15:00",510300C2003M03500,10002317
2020-02-04,XSHG,510300.XSHG,300ETF沽3月3300,510300.XSHG,1.0,2020-03-25,2020-03-25,P,E,Option,10000.0,3.3,10002318,0.0,"09:31-11:30,13:01-15:00",510300P2003M03300,10002318
2020-02-04,XSHG,510300.XSHG,300ETF沽3月3400,510300.XSHG,1.0,2020-03-25,2020-03-25,P,E,Option,10000.0,3.4,10002319,0.0,"09:31-11:30,13:01-15:00",510300P2003M03400,10002319
2020-02-04,XSHG,510300.XSHG,300ETF沽3月3500,510300.XSHG,1.0,2020-03-25,2020-03-25,P,E,Option,10000.0,3.5,10002320,0.0,"09:31-11:30,13:01-15:00",510300P2003M03500,10002320
2020-02-04,XSHG,510300.XSHG,300ETF购6月3300,510300.XSHG,1.0,2020-06-24,2020-06-24,C,E,Option,10000.0,3.3,10002321,0.0,"09:31-11:30,13:01-15:00",510300C2006M03300,10002321
2020-02-04,XSHG,510300.XSHG,300ETF购6月3400,510300.XSHG,1.0,2020-06-24,2020-06-24,C,E,Option,10000.0,3.4,10002322,0.0,"09:31-11:30,13:01-15:00",510300C2006M03400,10002322
2020-02-04,XSHG,510300.XSHG,300ETF购6月3500,510300.XSHG,1.0,2020-06-24,2020-06-24,C,E,Option,10000.0,3.5,10002323,0.0,"09:31-11:30,13:01-15:00",510300C2006M03500,10002323
2020-02-04,XSHG,510300.XSHG,300ETF沽6月3300,510300.XSHG,1.0,2020-06-24,2020-06-24,P,E,Option,10000.0,3.3,10002324,0.0,"09:31-11:30,13:01-15:00",510300P2006M03300,10002324
2020-02-04,XSHG,510300.XSHG,300ETF沽6月3400,510300.XSHG,1.0,2020-06-24,2020-06-24,P,E,Option,10000.0,3.4,10002325,0.0,"09:31-11:30,13:01-15:00",510300P2006M03400,10002325
2020-02-04,XSHG,510300.XSHG,300ETF沽6月3500,510300.XSHG,1.0,2020-06-24,2020-06-24,P,E,Option,10000.0,3.5,10002326,0.0,"09:31-11:30,13:01-15:00",510300P2006M03500,10002326
2020-02-04,XSHG,510300.XSHG,300ETF购9月3300,510300.XSHG,1.0,2020-09-23,2020-09-23,C,E,Option,10000.0,3.3,10002327,0.0,"09:31-11:30,13:01-15:00",510300C2009M03300,10002327
2020-02-04,XSHG,510300.XSHG,300ETF购9月3400,510300.XSHG,1.0,2020-09-23,2020-09-23,C,E,Option,10000.0,3.4,10002328,0.0,"09:31-11:30,13:01-15:00",510300C2009M03400,10002328
2020-02-04,XSHG,510300.XSHG,300ETF购9月3500,510300.XSHG,1.0,2020-09-23,2020-09-23,C,E,Option,10000.0,3.5,10002329,0.0,"09:31-11:30,13:01-15:00",510300C2009M03500,10002329
2020-02-04,XSHG,510300.XSHG,300ETF沽9月3300,510300.XSHG,1.0,2020-09-23,2020-09-23,P,E,Option,10000.0,3.3,10002330,0.0,"09:31-11:30,13:01-15:00",510300P2009M03300,10002330
2020-02-04,XSHG,510300.XSHG,300ETF沽9月3400,510300.XSHG,1.0,2020-09-23,2020-09-23,P,E,Option,10000.0,3.4,10002331,0.0,"09:31-11:30,13:01-15:00",510300P2009M03400,10002331
2020-02-04,XSHG,510300.XSHG,300ETF沽9月3500,510300.XSHG,1.0,2020-09-23,2020-09-23,P,E,Option,10000.0,3.5,10002332,0.0,"09:31-11:30,13:01-15:00",510300P2009M03500,10002332
2020-02-27,XSHG,510300.XSHG,300ETF购4月3700,510300.XSHG,1.0,2020-04-22,2020-04-22,C,E,Option,10000.0,3.7,10002351,0.0,"09:31-11:30,13:01-15:00",510300C2004M03700,10002351
2020-02-27,XSHG,510300.XSHG,300ETF购4月3800,510300.XSHG,1.0,2020-04-22,2020-04-22,C,E,Option,10000.0,3.8,10002352,0.0,"09:31-11:30,13:01-15:00",510300C2004M03800,10002352
2020-02-27,XSHG,510300.XSHG,300ETF购4月3900,510300.XSHG,1.0,2020-04-22,2020-04-22,C,E,Option,10000.0,3.9,10002353,0.0,"09:31-11:30,13:01-15:00",510300C2004M03900,10002353
2020-02-27,XSHG,510300.XSHG,300ETF购4月4000,510300.XSHG,1.0,2020-04-22,2020-04-22,C,E,Option,10000.0,4.0,10002354,0.0,"09:31-11:30,13:01-15:00",510300C2004M04000,10002354
2020-02-27,XSHG,510300.XSHG,300ETF购4月4100,510300.XSHG,1.0,2020-04-22,2020-04-22,C,E,Option,10000.0,4.1,10002355,0.0,"09:31-11:30,13:01-15:00",510300C2004M04100,10002355
2020-02-27,XSHG,510300.XSHG,300ETF购4月4200,510300.XSHG,1.0,2020-04-22,2020-04-22,C,E,Option,10000.0,4.2,10002356,0.0,"09:31-11:30,13:01-15:00",510300C2004M04200,10002356
2020-02-27,XSHG,510300.XSHG,300ETF购4月4300,510300.XSHG,1.0,2020-04-22,2020-04-22,C,E,Option,10000.0,4.3,10002357,0.0,"09:31-11:30,13:01-15:00",510300C2004M04300,10002357
2020-02-27,XSHG,510300.XSHG,300ETF购4月4400,510300.XSHG,1.0,2020-04-22,2020-04-22,C,E,Option,10000.0,4.4,10002358,0.0,"09:31-11:30,13:01-15:00",510300C2004M04400,10002358
2020-02-27,XSHG,510300.XSHG,300ETF购4月4500,510300.XSHG,1.0,2020-04-22,2020-04-22,C,E,Option,10000.0,4.5,10002359,0.0,"09:31-11:30,13:01-15:00",510300C2004M04500,10002359
2020-02-27,XSHG,510300.XSHG,300ETF沽4月3700,510300.XSHG,1.0,2020-04-22,2020-04-22,P,E,Option,10000.0,3.7,10002360,0.0,"09:31-11:30,13:01-15:00",510300P2004M03700,10002360
2020-02-27,XSHG,510300.XSHG,300ETF沽4月3800,510300.XSHG,1.0,2020-04-22,2020-04-22,P,E,Option,10000.0,3.8,10002361,0.0,"09:31-11:30,13:01-15:00",510300P2004M03800,10002361
2020-02-27,XSHG,510300.XSHG,300ETF沽4月3900,510300.XSHG,1.0,2020-04-22,2020-04-22,P,E,Option,10000.0,3.9,10002362,0.0,"09:31-11:30,13:01-15:00",510300P2004M03900,10002362
2020-02-27,XSHG,510300.XSHG,300ETF沽4月4000,510300.XSHG,1.0,2020-04-22,2020-04-22,P,E,Option,10000.0,4.0,10002363,0.0,"09:31-11:30,13:01-15:00",510300P2004M04000,10002363
2020-02-27,XSHG,510300.XSHG,300ETF沽4月4100,510300.XSHG,1.0,2020-04-22,2020-04-22,P,E,Option,10000.0,4.1,10002364,0.0,"09:31-11:30,13:01-15:00",510300P2004M04100,10002364
2020-02-27,XSHG,510300.XSHG,300ETF沽4月4200,510300.XSHG,1.0,2020-04-22,2020-04-22,P,E,Option,10000.0,4.2,10002365,0.0,"09:31-11:30,13:01-15:00",510300P2004M04200,10002365
2020-02-27,XSHG,510300.XSHG,300ETF沽4月4300,510300.XSHG,1.0,2020-04-22,2020-04-22,P,E,Option,10000.0,4.3,10002366,0.0,"09:31-11:30,13:01-15:00",510300P2004M04300,10002366
2020-02-27,XSHG,510300.XSHG,300ETF沽4月4400,510300.XSHG,1.0,2020-04-22,2020-04-22,P,E,Option,10000.0,4.4,10002367,0.0,"09:31-11:30,13:01-15:00",510300P2004M04400,10002367
2020-02-27,XSHG,510300.XSHG,300ETF沽4月4500,510300.XSHG,1.0,2020-04-22,2020-04-22,P,E,Option,10000.0,4.5,10002368,0.0,"09:31-11:30,13:01-15:00",510300P2004M04500,10002368
2020-03-02,XSHG,510300.XSHG,300ETF购4月3500,510300.XSHG,1.0,2020-04-22,2020-04-22,C,E,Option,10000.0,3.5,10002373,0.0,"09:31-11:30,13:01-15:00",510300C2004M03500,10002373
2020-03-02,XSHG,510300.XSHG,300ETF购4月3600,510300.XSHG,1.0,2020-04-22,2020-04-22,C,E,Option,10000.0,3.6,10002374,0.0,"09:31-11:30,13:01-15:00",510300C2004M03600,10002374
2020-03-02,XSHG,510300.XSHG,300ETF沽4月3500,510300.XSHG,1.0,2020-04-22,2020-04-22,P,E,Option,10000.0,3.5,10002375,0.0,"09:31-11:30,13:01-15:00",510300P2004M03500,10002375
2020-03-02,XSHG,510300.XSHG,300ETF沽4月3600,510300.XSHG,1.0,2020-04-22,2020-04-22,P,E,Option,10000.0,3.6,10002376,0.0,"09:31-11:30,13:01-15:00",510300P2004M03600,10002376
2020-03-06,XSHG,510300.XSHG,300ETF购4月4600,510300.XSHG,1.0,2020-04-22,2020-04-22,C,E,Option,10000.0,4.6,10002381,0.0,"09:31-11:30,13:01-15:00",510300C2004M04600,10002381
2020-03-06,XSHG,510300.XSHG,300ETF沽4月4600,510300.XSHG,1.0,2020-04-22,2020-04-22,P,E,Option,10000.0,4.6,10002382,0.0,"09:31-11:30,13:01-15:00",510300P2004M04600,10002382
2020-03-06,XSHG,510300.XSHG,300ETF购9月4600,510300.XSHG,1.0,2020-09-23,2020-09-23,C,E,Option,10000.0,4.6,10002383,0.0,"09:31-11:30,13:01-15:00",510300C2009M04600,10002383
2020-03-06,XSHG,510300.XSHG,300ETF沽9月4600,510300.XSHG,1.0,2020-09-23,2020-09-23,P,E,Option,10000.0,4.6,10002384,0.0,"09:31-11:30,13:01-15:00",510300P2009M04600,10002384
2020-03-17,XSHG,510300.XSHG,300ETF购4月3300,510300.XSHG,1.0,2020-04-22,2020-04-22,C,E,Option,10000.0,3.3,10002389,0.0,"09:31-11:30,13:01-15:00",510300C2004M03300,10002389
2020-03-17,XSHG,510300.XSHG,300ETF购4月3400,510300.XSHG,1.0,2020-04-22,2020-04-22,C,E,Option,10000.0,3.4,10002390,0.0,"09:31-11:30,13:01-15:00",510300C2004M03400,10002390
2020-03-17,XSHG,510300.XSHG,300ETF沽4月3300,510300.XSHG,1.0,2020-04-22,2020-04-22,P,E,Option,10000.0,3.3,10002391,0.0,"09:31-11:30,13:01-15:00",510300P2004M03300,10002391
2020-03-17,XSHG,510300.XSHG,300ETF沽4月3400,510300.XSHG,1.0,2020-04-22,2020-04-22,P,E,Option,10000.0,3.4,10002392,0.0,"09:31-11:30,13:01-15:00",510300P2004M03400,10002392
2020-03-19,XSHG,510300.XSHG,300ETF购3月3200,510300.XSHG,1.0,2020-03-25,2020-03-25,C,E,Option,10000.0,3.2,10002409,0.0,"09:31-11:30,13:01-15:00",510300C2003M03200,10002409
2020-03-19,XSHG,510300.XSHG,300ETF沽3月3200,510300.XSHG,1.0,2020-03-25,2020-03-25,P,E,Option,10000.0,3.2,10002410,0.0,"09:31-11:30,13:01-15:00",510300P2003M03200,10002410
2020-03-19,XSHG,510300.XSHG,300ETF购4月3200,510300.XSHG,1.0,2020-04-22,2020-04-22,C,E,Option,10000.0,3.2,10002411,0.0,"09:31-11:30,13:01-15:00",510300C2004M03200,10002411
2020-03-19,XSHG,510300.XSHG,300ETF沽4月3200,510300.XSHG,1.0,2020-04-22,2020-04-22,P,E,Option,10000.0,3.2,10002412,0.0,"09:31-11:30,13:01-15:00",510300P2004M03200,10002412
2020-03-19,XSHG,510300.XSHG,300ETF购6月3200,510300.XSHG,1.0,2020-06-24,2020-06-24,C,E,Option,10000.0,3.2,10002413,0.0,"09:31-11:30,13:01-15:00",510300C2006M03200,10002413
2020-03-19,XSHG,510300.XSHG,300ETF沽6月3200,510300.XSHG,1.0,2020-06-24,2020-06-24,P,E,Option,10000.0,3.2,10002414,0.0,"09:31-11:30,13:01-15:00",510300P2006M03200,10002414
2020-03-19,XSHG,510300.XSHG,300ETF购9月3200,510300.XSHG,1.0,2020-09-23,2020-09-23,C,E,Option,10000.0,3.2,10002415,0.0,"09:31-11:30,13:01-15:00",510300C2009M03200,10002415
2020-03-19,XSHG,510300.XSHG,300ETF沽9月3200,510300.XSHG,1.0,2020-09-23,2020-09-23,P,E,Option,10000.0,3.2,10002416,0.0,"09:31-11:30,13:01-15:00",510300P2009M03200,10002416
2020-03-24,XSHG,510300.XSHG,300ETF购3月3100,510300.XSHG,1.0,2020-03-25,2020-03-25,C,E,Option,10000.0,3.1,10002425,0.0,"09:31-11:30,13:01-15:00",510300C2003M03100,10002425
2020-03-24,XSHG,510300.XSHG,300ETF沽3月3100,510300.XSHG,1.0,2020-03-25,2020-03-25,P,E,Option,10000.0,3.1,10002426,0.0,"09:31-11:30,13:01-15:00",510300P2003M03100,10002426
2020-03-24,XSHG,510300.XSHG,300ETF购4月3100,510300.XSHG,1.0,2020-04-22,2020-04-22,C,E,Option,10000.0,3.1,10002427,0.0,"09:31-11:30,13:01-15:00",510300C2004M03100,10002427
2020-03-24,XSHG,510300.XSHG,300ETF沽4月3100,510300.XSHG,1.0,2020-04-22,2020-04-22,P,E,Option,10000.0,3.1,10002428,0.0,"09:31-11:30,13:01-15:00",510300P2004M03100,10002428
2020-03-24,XSHG,510300.XSHG,300ETF购6月3100,510300.XSHG,1.0,2020-06-24,2020-06-24,C,E,Option,10000.0,3.1,10002429,0.0,"09:31-11:30,13:01-15:00",510300C2006M03100,10002429
2020-03-24,XSHG,510300.XSHG,300ETF沽6月3100,510300.XSHG,1.0,2020-06-24,2020-06-24,P,E,Option,10000.0,3.1,10002430,0.0,"09:31-11:30,13:01-15:00",510300P2006M03100,10002430
2020-03-24,XSHG,510300.XSHG,300ETF购9月3100,510300.XSHG,1.0,2020-09-23,2020-09-23,C,E,Option,10000.0,3.1,10002431,0.0,"09:31-11:30,13:01-15:00",510300C2009M03100,10002431
2020-03-24,XSHG,510300.XSHG,300ETF沽9月3100,510300.XSHG,1.0,2020-09-23,2020-09-23,P,E,Option,10000.0,3.1,10002432,0.0,"09:31-11:30,13:01-15:00",510300P2009M03100,10002432
2020-03-26,XSHG,510300.XSHG,300ETF购5月3300,510300.XSHG,1.0,2020-05-27,2020-05-27,C,E,Option,10000.0,3.3,10002451,0.0,"09:31-11:30,13:01-15:00",510300C2005M03300,10002451
2020-03-26,XSHG,510300.XSHG,300ETF购5月3400,510300.XSHG,1.0,2020-05-27,2020-05-27,C,E,Option,10000.0,3.4,10002452,0.0,"09:31-11:30,13:01-15:00",510300C2005M03400,10002452
2020-03-26,XSHG,510300.XSHG,300ETF购5月3500,510300.XSHG,1.0,2020-05-27,2020-05-27,C,E,Option,10000.0,3.5,10002453,0.0,"09:31-11:30,13:01-15:00",510300C2005M03500,10002453
2020-03-26,XSHG,510300.XSHG,300ETF购5月3600,510300.XSHG,1.0,2020-05-27,2020-05-27,C,E,Option,10000.0,3.6,10002454,0.0,"09:31-11:30,13:01-15:00",510300C2005M03600,10002454
2020-03-26,XSHG,510300.XSHG,300ETF购5月3700,510300.XSHG,1.0,2020-05-27,2020-05-27,C,E,Option,10000.0,3.7,10002455,0.0,"09:31-11:30,13:01-15:00",510300C2005M03700,10002455
2020-03-26,XSHG,510300.XSHG,300ETF购5月3800,510300.XSHG,1.0,2020-05-27,2020-05-27,C,E,Option,10000.0,3.8,10002456,0.0,"09:31-11:30,13:01-15:00",510300C2005M03800,10002456
2020-03-26,XSHG,510300.XSHG,300ETF购5月3900,510300.XSHG,1.0,2020-05-27,2020-05-27,C,E,Option,10000.0,3.9,10002457,0.0,"09:31-11:30,13:01-15:00",510300C2005M03900,10002457
2020-03-26,XSHG,510300.XSHG,300ETF购5月4000,510300.XSHG,1.0,2020-05-27,2020-05-27,C,E,Option,10000.0,4.0,10002458,0.0,"09:31-11:30,13:01-15:00",510300C2005M04000,10002458
2020-03-26,XSHG,510300.XSHG,300ETF购5月4100,510300.XSHG,1.0,2020-05-27,2020-05-27,C,E,Option,10000.0,4.1,10002459,0.0,"09:31-11:30,13:01-15:00",510300C2005M04100,10002459
2020-03-26,XSHG,510300.XSHG,300ETF沽5月3300,510300.XSHG,1.0,2020-05-27,2020-05-27,P,E,Option,10000.0,3.3,10002460,0.0,"09:31-11:30,13:01-15:00",510300P2005M03300,10002460
2020-03-26,XSHG,510300.XSHG,300ETF沽5月3400,510300.XSHG,1.0,2020-05-27,2020-05-27,P,E,Option,10000.0,3.4,10002461,0.0,"09:31-11:30,13:01-15:00",510300P2005M03400,10002461
2020-03-26,XSHG,510300.XSHG,300ETF沽5月3500,510300.XSHG,1.0,2020-05-27,2020-05-27,P,E,Option,10000.0,3.5,10002462,0.0,"09:31-11:30,13:01-15:00",510300P2005M03500,10002462
2020-03-26,XSHG,510300.XSHG,300ETF沽5月3600,510300.XSHG,1.0,2020-05-27,2020-05-27,P,E,Option,10000.0,3.6,10002463,0.0,"09:31-11:30,13:01-15:00",510300P2005M03600,10002463
2020-03-26,XSHG,510300.XSHG,300ETF沽5月3700,510300.XSHG,1.0,2020-05-27,2020-05-27,P,E,Option,10000.0,3.7,10002464,0.0,"09:31-11:30,13:01-15:00",510300P2005M03700,10002464
2020-03-26,XSHG,510300.XSHG,300ETF沽5月3800,510300.XSHG,1.0,2020-05-27,2020-05-27,P,E,Option,10000.0,3.8,10002465,0.0,"09:31-11:30,13:01-15:00",510300P2005M03800,10002465
2020-03-26,XSHG,510300.XSHG,300ETF沽5月3900,510300.XSHG,1.0,2020-05-27,2020-05-27,P,E,Option,10000.0,3.9,10002466,0.0,"09:31-11:30,13:01-15:00",510300P2005M03900,10002466
2020-03-26,XSHG,510300.XSHG,300ETF沽5月4000,510300.XSHG,1.0,2020-05-27,2020-05-27,P,E,Option,10000.0,4.0,10002467,0.0,"09:31-11:30,13:01-15:00",510300P2005M04000,10002467
2020-03-26,XSHG,510300.XSHG,300ETF沽5月4100,510300.XSHG,1.0,2020-05-27,2020-05-27,P,E,Option,10000.0,4.1,10002468,0.0,"09:31-11:30,13:01-15:00",510300P2005M04100,10002468
2020-04-08,XSHG,510300.XSHG,300ETF购5月4200,510300.XSHG,1.0,2020-05-27,2020-05-27,C,E,Option,10000.0,4.2,10002473,0.0,"09:31-11:30,13:01-15:00",510300C2005M04200,10002473
2020-04-08,XSHG,510300.XSHG,300ETF沽5月4200,510300.XSHG,1.0,2020-05-27,2020-05-27,P,E,Option,10000.0,4.2,10002474,0.0,"09:31-11:30,13:01-15:00",510300P2005M04200,10002474
2020-04-23,XSHG,510300.XSHG,300ETF购12月3400,510300.XSHG,1.0,2020-12-23,2020-12-23,C,E,Option,10000.0,3.4,10002495,0.0,"09:31-11:30,13:01-15:00",510300C2012M03400,10002495
2020-04-23,XSHG,510300.XSHG,300ETF购12月3500,510300.XSHG,1.0,2020-12-23,2020-12-23,C,E,Option,10000.0,3.5,10002496,0.0,"09:31-11:30,13:01-15:00",510300C2012M03500,10002496
2020-04-23,XSHG,510300.XSHG,300ETF购12月3600,510300.XSHG,1.0,2020-12-23,2020-12-23,C,E,Option,10000.0,3.6,10002497,0.0,"09:31-11:30,13:01-15:00",510300C2012M03600,10002497
2020-04-23,XSHG,510300.XSHG,300ETF购12月3700,510300.XSHG,1.0,2020-12-23,2020-12-23,C,E,Option,10000.0,3.7,10002498,0.0,"09:31-11:30,13:01-15:00",510300C2012M03700,10002498
2020-04-23,XSHG,510300.XSHG,300ETF购12月3800,510300.XSHG,1.0,2020-12-23,2020-12-23,C,E,Option,10000.0,3.8,10002499,0.0,"09:31-11:30,13:01-15:00",510300C2012M03800,10002499
2020-04-23,XSHG,510300.XSHG,300ETF购12月3900,510300.XSHG,1.0,2020-12-23,2020-12-23,C,E,Option,10000.0,3.9,10002500,0.0,"09:31-11:30,13:01-15:00",510300C2012M03900,10002500
2020-04-23,XSHG,510300.XSHG,300ETF购12月4000,510300.XSHG,1.0,2020-12-23,2020-12-23,C,E,Option,10000.0,4.0,10002501,0.0,"09:31-11:30,13:01-15:00",510300C2012M04000,10002501
2020-04-23,XSHG,510300.XSHG,300ETF购12月4100,510300.XSHG,1.0,2020-12-23,2020-12-23,C,E,Option,10000.0,4.1,10002502,0.0,"09:31-11:30,13:01-15:00",510300C2012M04100,10002502
2020-04-23,XSHG,510300.XSHG,300ETF购12月4200,510300.XSHG,1.0,2020-12-23,2020-12-23,C,E,Option,10000.0,4.2,10002503,0.0,"09:31-11:30,13:01-15:00",510300C2012M04200,10002503
2020-04-23,XSHG,510300.XSHG,300ETF沽12月3400,510300.XSHG,1.0,2020-12-23,2020-12-23,P,E,Option,10000.0,3.4,10002504,0.0,"09:31-11:30,13:01-15:00",510300P2012M03400,10002504
2020-04-23,XSHG,510300.XSHG,300ETF沽12月3500,510300.XSHG,1.0,2020-12-23,2020-12-23,P,E,Option,10000.0,3.5,10002505,0.0,"09:31-11:30,13:01-15:00",510300P2012M03500,10002505
2020-04-23,XSHG,510300.XSHG,300ETF沽12月3600,510300.XSHG,1.0,2020-12-23,2020-12-23,P,E,Option,10000.0,3.6,10002506,0.0,"09:31-11:30,13:01-15:00",510300P2012M03600,10002506
2020-04-23,XSHG,510300.XSHG,300ETF沽12月3700,510300.XSHG,1.0,2020-12-23,2020-12-23,P,E,Option,10000.0,3.7,10002507,0.0,"09:31-11:30,13:01-15:00",510300P2012M03700,10002507
2020-04-23,XSHG,510300.XSHG,300ETF沽12月3800,510300.XSHG,1.0,2020-12-23,2020-12-23,P,E,Option,10000.0,3.8,10002508,0.0,"09:31-11:30,13:01-15:00",510300P2012M03800,10002508
2020-04-23,XSHG,510300.XSHG,300ETF沽12月3900,510300.XSHG,1.0,2020-12-23,2020-12-23,P,E,Option,10000.0,3.9,10002509,0.0,"09:31-11:30,13:01-15:00",510300P2012M03900,10002509
2020-04-23,XSHG,510300.XSHG,300ETF沽12月4000,510300.XSHG,1.0,2020-12-23,2020-12-23,P,E,Option,10000.0,4.0,10002510,0.0,"09:31-11:30,13:01-15:00",510300P2012M04000,10002510
2020-04-23,XSHG,510300.XSHG,300ETF沽12月4100,510300.XSHG,1.0,2020-12-23,2020-12-23,P,E,Option,10000.0,4.1,10002511,0.0,"09:31-11:30,13:01-15:00",510300P2012M04100,10002511
2020-04-23,XSHG,510300.XSHG,300ETF沽12月4200,510300.XSHG,1.0,2020-12-23,2020-12-23,P,E,Option,10000.0,4.2,10002512,0.0,"09:31-11:30,13:01-15:00",510300P2012M04200,10002512
2020-04-30,XSHG,510300.XSHG,300ETF购5月4300,510300.XSHG,1.0,2020-05-27,2020-05-27,C,E,Option,10000.0,4.3,10002519,0.0,"09:31-11:30,13:01-15:00",510300C2005M04300,10002519
2020-04-30,XSHG,510300.XSHG,300ETF沽5月4300,510300.XSHG,1.0,2020-05-27,2020-05-27,P,E,Option,10000.0,4.3,10002520,0.0,"09:31-11:30,13:01-15:00",510300P2005M04300,10002520
2020-04-30,XSHG,510300.XSHG,300ETF购12月4300,510300.XSHG,1.0,2020-12-23,2020-12-23,C,E,Option,10000.0,4.3,10002521,0.0,"09:31-11:30,13:01-15:00",510300C2012M04300,10002521
2020-04-30,XSHG,510300.XSHG,300ETF沽12月4300,510300.XSHG,1.0,2020-12-23,2020-12-23,P,E,Option,10000.0,4.3,10002522,0.0,"09:31-11:30,13:01-15:00",510300P2012M04300,10002522
2020-05-11,XSHG,510300.XSHG,300ETF购5月4400,510300.XSHG,1.0,2020-05-27,2020-05-27,C,E,Option,10000.0,4.4,10002523,0.0,"09:31-11:30,13:01-15:00",510300C2005M04400,10002523
2020-05-11,XSHG,510300.XSHG,300ETF沽5月4400,510300.XSHG,1.0,2020-05-27,2020-05-27,P,E,Option,10000.0,4.4,10002524,0.0,"09:31-11:30,13:01-15:00",510300P2005M04400,10002524
2020-05-11,XSHG,510300.XSHG,300ETF购12月4400,510300.XSHG,1.0,2020-12-23,2020-12-23,C,E,Option,10000.0,4.4,10002525,0.0,"09:31-11:30,13:01-15:00",510300C2012M04400,10002525
2020-05-11,XSHG,510300.XSHG,300ETF沽12月4400,510300.XSHG,1.0,2020-12-23,2020-12-23,P,E,Option,10000.0,4.4,10002526,0.0,"09:31-11:30,13:01-15:00",510300P2012M04400,10002526
2020-05-28,XSHG,510300.XSHG,300ETF购7月3400,510300.XSHG,1.0,2020-07-22,2020-07-22,C,E,Option,10000.0,3.4,10002545,0.0,"09:31-11:30,13:01-15:00",510300C2007M03400,10002545
2020-05-28,XSHG,510300.XSHG,300ETF购7月3500,510300.XSHG,1.0,2020-07-22,2020-07-22,C,E,Option,10000.0,3.5,10002546,0.0,"09:31-11:30,13:01-15:00",510300C2007M03500,10002546
2020-05-28,XSHG,510300.XSHG,300ETF购7月3600,510300.XSHG,1.0,2020-07-22,2020-07-22,C,E,Option,10000.0,3.6,10002547,0.0,"09:31-11:30,13:01-15:00",510300C2007M03600,10002547
2020-05-28,XSHG,510300.XSHG,300ETF购7月3700,510300.XSHG,1.0,2020-07-22,2020-07-22,C,E,Option,10000.0,3.7,10002548,0.0,"09:31-11:30,13:01-15:00",510300C2007M03700,10002548
2020-05-28,XSHG,510300.XSHG,300ETF购7月3800,510300.XSHG,1.0,2020-07-22,2020-07-22,C,E,Option,10000.0,3.8,10002549,0.0,"09:31-11:30,13:01-15:00",510300C2007M03800,10002549
2020-05-28,XSHG,510300.XSHG,300ETF购7月3900,510300.XSHG,1.0,2020-07-22,2020-07-22,C,E,Option,10000.0,3.9,10002550,0.0,"09:31-11:30,13:01-15:00",510300C2007M03900,10002550
2020-05-28,XSHG,510300.XSHG,300ETF购7月4000,510300.XSHG,1.0,2020-07-22,2020-07-22,C,E,Option,10000.0,4.0,10002551,0.0,"09:31-11:30,13:01-15:00",510300C2007M04000,10002551
2020-05-28,XSHG,510300.XSHG,300ETF购7月4100,510300.XSHG,1.0,2020-07-22,2020-07-22,C,E,Option,10000.0,4.1,10002552,0.0,"09:31-11:30,13:01-15:00",510300C2007M04100,10002552
2020-05-28,XSHG,510300.XSHG,300ETF购7月4200,510300.XSHG,1.0,2020-07-22,2020-07-22,C,E,Option,10000.0,4.2,10002553,0.0,"09:31-11:30,13:01-15:00",510300C2007M04200,10002553
2020-05-28,XSHG,510300.XSHG,300ETF沽7月3400,510300.XSHG,1.0,2020-07-22,2020-07-22,P,E,Option,10000.0,3.4,10002554,0.0,"09:31-11:30,13:01-15:00",510300P2007M03400,10002554
2020-05-28,XSHG,510300.XSHG,300ETF沽7月3500,510300.XSHG,1.0,2020-07-22,2020-07-22,P,E,Option,10000.0,3.5,10002555,0.0,"09:31-11:30,13:01-15:00",510300P2007M03500,10002555
2020-05-28,XSHG,510300.XSHG,300ETF沽7月3600,510300.XSHG,1.0,2020-07-22,2020-07-22,P,E,Option,10000.0,3.6,10002556,0.0,"09:31-11:30,13:01-15:00",510300P2007M03600,10002556
2020-05-28,XSHG,510300.XSHG,300ETF沽7月3700,510300.XSHG,1.0,2020-07-22,2020-07-22,P,E,Option,10000.0,3.7,10002557,0.0,"09:31-11:30,13:01-15:00",510300P2007M03700,10002557
2020-05-28,XSHG,510300.XSHG,300ETF沽7月3800,510300.XSHG,1.0,2020-07-22,2020-07-22,P,E,Option,10000.0,3.8,10002558,0.0,"09:31-11:30,13:01-15:00",510300P2007M03800,10002558
2020-05-28,XSHG,510300.XSHG,300ETF沽7月3900,510300.XSHG,1.0,2020-07-22,2020-07-22,P,E,Option,10000.0,3.9,10002559,0.0,"09:31-11:30,13:01-15:00",510300P2007M03900,10002559
2020-05-28,XSHG,510300.XSHG,300ETF沽7月4000,510300.XSHG,1.0,2020-07-22,2020-07-22,P,E,Option,10000.0,4.0,10002560,0.0,"09:31-11:30,13:01-15:00",510300P2007M04000,10002560
2020-05-28,XSHG,510300.XSHG,300ETF沽7月4100,510300.XSHG,1.0,2020-07-22,2020-07-22,P,E,Option,10000.0,4.1,10002561,0.0,"09:31-11:30,13:01-15:00",510300P2007M04100,10002561
2020-05-28,XSHG,510300.XSHG,300ETF沽7月4200,510300.XSHG,1.0,2020-07-22,2020-07-22,P,E,Option,10000.0,4.2,10002562,0.0,"09:31-11:30,13:01-15:00",510300P2007M04200,10002562
2020-05-29,XSHG,510300.XSHG,300ETF购7月4300,510300.XSHG,1.0,2020-07-22,2020-07-22,C,E,Option,10000.0,4.3,10002563,0.0,"09:31-11:30,13:01-15:00",510300C2007M04300,10002563
2020-05-29,XSHG,510300.XSHG,300ETF沽7月4300,510300.XSHG,1.0,2020-07-22,2020-07-22,P,E,Option,10000.0,4.3,10002564,0.0,"09:31-11:30,13:01-15:00",510300P2007M04300,10002564
2020-06-02,XSHG,510300.XSHG,300ETF购7月4400,510300.XSHG,1.0,2020-07-22,2020-07-22,C,E,Option,10000.0,4.4,10002567,0.0,"09:31-11:30,13:01-15:00",510300C2007M04400,10002567
2020-06-02,XSHG,510300.XSHG,300ETF沽7月4400,510300.XSHG,1.0,2020-07-22,2020-07-22,P,E,Option,10000.0,4.4,10002568,0.0,"09:31-11:30,13:01-15:00",510300P2007M04400,10002568
2020-06-19,XSHG,510300.XSHG,300ETF购7月4500,510300.XSHG,1.0,2020-07-22,2020-07-22,C,E,Option,10000.0,4.5,10002573,0.0,"09:31-11:30,13:01-15:00",510300C2007M04500,10002573
2020-06-19,XSHG,510300.XSHG,300ETF沽7月4500,510300.XSHG,1.0,2020-07-22,2020-07-22,P,E,Option,10000.0,4.5,10002574,0.0,"09:31-11:30,13:01-15:00",510300P2007M04500,10002574
2020-06-19,XSHG,510300.XSHG,300ETF购12月4500,510300.XSHG,1.0,2020-12-23,2020-12-23,C,E,Option,10000.0,4.5,10002575,0.0,"09:31-11:30,13:01-15:00",510300C2012M04500,10002575
2020-06-19,XSHG,510300.XSHG,300ETF沽12月4500,510300.XSHG,1.0,2020-12-23,2020-12-23,P,E,Option,10000.0,4.5,10002576,0.0,"09:31-11:30,13:01-15:00",510300P2012M04500,10002576
2020-06-29,XSHG,510300.XSHG,300ETF购7月4600,510300.XSHG,1.0,2020-07-22,2020-07-22,C,E,Option,10000.0,4.6,10002581,0.0,"09:31-11:30,13:01-15:00",510300C2007M04600,10002581
2020-06-29,XSHG,510300.XSHG,300ETF沽7月4600,510300.XSHG,1.0,2020-07-22,2020-07-22,P,E,Option,10000.0,4.6,10002582,0.0,"09:31-11:30,13:01-15:00",510300P2007M04600,10002582
2020-06-29,XSHG,510300.XSHG,300ETF购12月4600,510300.XSHG,1.0,2020-12-23,2020-12-23,C,E,Option,10000.0,4.6,10002583,0.0,"09:31-11:30,13:01-15:00",510300C2012M04600,10002583
2020-06-29,XSHG,510300.XSHG,300ETF沽12月4600,510300.XSHG,1.0,2020-12-23,2020-12-23,P,E,Option,10000.0,4.6,10002584,0.0,"09:31-11:30,13:01-15:00",510300P2012M04600,10002584
2020-06-29,XSHG,510300.XSHG,300ETF购8月3800,510300.XSHG,1.0,2020-08-26,2020-08-26,C,E,Option,10000.0,3.8,10002603,0.0,"09:31-11:30,13:01-15:00",510300C2008M03800,10002603
2020-06-29,XSHG,510300.XSHG,300ETF购8月3900,510300.XSHG,1.0,2020-08-26,2020-08-26,C,E,Option,10000.0,3.9,10002604,0.0,"09:31-11:30,13:01-15:00",510300C2008M03900,10002604
2020-06-29,XSHG,510300.XSHG,300ETF购8月4000,510300.XSHG,1.0,2020-08-26,2020-08-26,C,E,Option,10000.0,4.0,10002605,0.0,"09:31-11:30,13:01-15:00",510300C2008M04000,10002605
2020-06-29,XSHG,510300.XSHG,300ETF购8月4100,510300.XSHG,1.0,2020-08-26,2020-08-26,C,E,Option,10000.0,4.1,10002606,0.0,"09:31-11:30,13:01-15:00",510300C2008M04100,10002606
2020-06-29,XSHG,510300.XSHG,300ETF购8月4200,510300.XSHG,1.0,2020-08-26,2020-08-26,C,E,Option,10000.0,4.2,10002607,0.0,"09:31-11:30,13:01-15:00",510300C2008M04200,10002607
2020-06-29,XSHG,510300.XSHG,300ETF购8月4300,510300.XSHG,1.0,2020-08-26,2020-08-26,C,E,Option,10000.0,4.3,10002608,0.0,"09:31-11:30,13:01-15:00",510300C2008M04300,10002608
2020-06-29,XSHG,510300.XSHG,300ETF购8月4400,510300.XSHG,1.0,2020-08-26,2020-08-26,C,E,Option,10000.0,4.4,10002609,0.0,"09:31-11:30,13:01-15:00",510300C2008M04400,10002609
2020-06-29,XSHG,510300.XSHG,300ETF购8月4500,510300.XSHG,1.0,2020-08-26,2020-08-26,C,E,Option,10000.0,4.5,10002610,0.0,"09:31-11:30,13:01-15:00",510300C2008M04500,10002610
2020-06-29,XSHG,510300.XSHG,300ETF购8月4600,510300.XSHG,1.0,2020-08-26,2020-08-26,C,E,Option,10000.0,4.6,10002611,0.0,"09:31-11:30,13:01-15:00",510300C2008M04600,10002611
2020-06-29,XSHG,510300.XSHG,300ETF沽8月3800,510300.XSHG,1.0,2020-08-26,2020-08-26,P,E,Option,10000.0,3.8,10002612,0.0,"09:31-11:30,13:01-15:00",510300P2008M03800,10002612
2020-06-29,XSHG,510300.XSHG,300ETF沽8月3900,510300.XSHG,1.0,2020-08-26,2020-08-26,P,E,Option,10000.0,3.9,10002613,0.0,"09:31-11:30,13:01-15:00",510300P2008M03900,10002613
2020-06-29,XSHG,510300.XSHG,300ETF沽8月4000,510300.XSHG,1.0,2020-08-26,2020-08-26,P,E,Option,10000.0,4.0,10002614,0.0,"09:31-11:30,13:01-15:00",510300P2008M04000,10002614
2020-06-29,XSHG,510300.XSHG,300ETF沽8月4100,510300.XSHG,1.0,2020-08-26,2020-08-26,P,E,Option,10000.0,4.1,10002615,0.0,"09:31-11:30,13:01-15:00",510300P2008M04100,10002615
2020-06-29,XSHG,510300.XSHG,300ETF沽8月4200,510300.XSHG,1.0,2020-08-26,2020-08-26,P,E,Option,10000.0,4.2,10002616,0.0,"09:31-11:30,13:01-15:00",510300P2008M04200,10002616
2020-06-29,XSHG,510300.XSHG,300ETF沽8月4300,510300.XSHG,1.0,2020-08-26,2020-08-26,P,E,Option,10000.0,4.3,10002617,0.0,"09:31-11:30,13:01-15:00",510300P2008M04300,10002617
2020-06-29,XSHG,510300.XSHG,300ETF沽8月4400,510300.XSHG,1.0,2020-08-26,2020-08-26,P,E,Option,10000.0,4.4,10002618,0.0,"09:31-11:30,13:01-15:00",510300P2008M04400,10002618
2020-06-29,XSHG,510300.XSHG,300ETF沽8月4500,510300.XSHG,1.0,2020-08-26,2020-08-26,P,E,Option,10000.0,4.5,10002619,0.0,"09:31-11:30,13:01-15:00",510300P2008M04500,10002619
2020-06-29,XSHG,510300.XSHG,300ETF沽8月4600,510300.XSHG,1.0,2020-08-26,2020-08-26,P,E,Option,10000.0,4.6,10002620,0.0,"09:31-11:30,13:01-15:00",510300P2008M04600,10002620
2020-06-30,XSHG,510300.XSHG,300ETF购8月3700,510300.XSHG,1.0,2020-08-26,2020-08-26,C,E,Option,10000.0,3.7,10002621,0.0,"09:31-11:30,13:01-15:00",510300C2008M03700,10002621
2020-06-30,XSHG,510300.XSHG,300ETF沽8月3700,510300.XSHG,1.0,2020-08-26,2020-08-26,P,E,Option,10000.0,3.7,10002622,0.0,"09:31-11:30,13:01-15:00",510300P2008M03700,10002622
2020-07-02,XSHG,510300.XSHG,300ETF购7月4700,510300.XSHG,1.0,2020-07-22,2020-07-22,C,E,Option,10000.0,4.7,10002629,0.0,"09:31-11:30,13:01-15:00",510300C2007M04700,10002629
2020-07-02,XSHG,510300.XSHG,300ETF沽7月4700,510300.XSHG,1.0,2020-07-22,2020-07-22,P,E,Option,10000.0,4.7,10002630,0.0,"09:31-11:30,13:01-15:00",510300P2007M04700,10002630
2020-07-02,XSHG,510300.XSHG,300ETF购8月4700,510300.XSHG,1.0,2020-08-26,2020-08-26,C,E,Option,10000.0,4.7,10002631,0.0,"09:31-11:30,13:01-15:00",510300C2008M04700,10002631
2020-07-02,XSHG,510300.XSHG,300ETF沽8月4700,510300.XSHG,1.0,2020-08-26,2020-08-26,P,E,Option,10000.0,4.7,10002632,0.0,"09:31-11:30,13:01-15:00",510300P2008M04700,10002632
2020-07-02,XSHG,510300.XSHG,300ETF购9月4700,510300.XSHG,1.0,2020-09-23,2020-09-23,C,E,Option,10000.0,4.7,10002633,0.0,"09:31-11:30,13:01-15:00",510300C2009M04700,10002633
2020-07-02,XSHG,510300.XSHG,300ETF沽9月4700,510300.XSHG,1.0,2020-09-23,2020-09-23,P,E,Option,10000.0,4.7,10002634,0.0,"09:31-11:30,13:01-15:00",510300P2009M04700,10002634
2020-07-02,XSHG,510300.XSHG,300ETF购12月4700,510300.XSHG,1.0,2020-12-23,2020-12-23,C,E,Option,10000.0,4.7,10002635,0.0,"09:31-11:30,13:01-15:00",510300C2012M04700,10002635
2020-07-02,XSHG,510300.XSHG,300ETF沽12月4700,510300.XSHG,1.0,2020-12-23,2020-12-23,P,E,Option,10000.0,4.7,10002636,0.0,"09:31-11:30,13:01-15:00",510300P2012M04700,10002636
2020-07-03,XSHG,510300.XSHG,300ETF购7月4800,510300.XSHG,1.0,2020-07-22,2020-07-22,C,E,Option,10000.0,4.8,10002645,0.0,"09:31-11:30,13:01-15:00",510300C2007M04800,10002645
2020-07-03,XSHG,510300.XSHG,300ETF沽7月4800,510300.XSHG,1.0,2020-07-22,2020-07-22,P,E,Option,10000.0,4.8,10002646,0.0,"09:31-11:30,13:01-15:00",510300P2007M04800,10002646
2020-07-03,XSHG,510300.XSHG,300ETF购8月4800,510300.XSHG,1.0,2020-08-26,2020-08-26,C,E,Option,10000.0,4.8,10002647,0.0,"09:31-11:30,13:01-15:00",510300C2008M04800,10002647
2020-07-03,XSHG,510300.XSHG,300ETF沽8月4800,510300.XSHG,1.0,2020-08-26,2020-08-26,P,E,Option,10000.0,4.8,10002648,0.0,"09:31-11:30,13:01-15:00",510300P2008M04800,10002648
2020-07-03,XSHG,510300.XSHG,300ETF购9月4800,510300.XSHG,1.0,2020-09-23,2020-09-23,C,E,Option,10000.0,4.8,10002649,0.0,"09:31-11:30,13:01-15:00",510300C2009M04800,10002649
2020-07-03,XSHG,510300.XSHG,300ETF沽9月4800,510300.XSHG,1.0,2020-09-23,2020-09-23,P,E,Option,10000.0,4.8,10002650,0.0,"09:31-11:30,13:01-15:00",510300P2009M04800,10002650
2020-07-03,XSHG,510300.XSHG,300ETF购12月4800,510300.XSHG,1.0,2020-12-23,2020-12-23,C,E,Option,10000.0,4.8,10002651,0.0,"09:31-11:30,13:01-15:00",510300C2012M04800,10002651
2020-07-03,XSHG,510300.XSHG,300ETF沽12月4800,510300.XSHG,1.0,2020-12-23,2020-12-23,P,E,Option,10000.0,4.8,10002652,0.0,"09:31-11:30,13:01-15:00",510300P2012M04800,10002652
2020-07-06,XSHG,510300.XSHG,300ETF购7月4900,510300.XSHG,1.0,2020-07-22,2020-07-22,C,E,Option,10000.0,4.9,10002661,0.0,"09:31-11:30,13:01-15:00",510300C2007M04900,10002661
2020-07-06,XSHG,510300.XSHG,300ETF沽7月4900,510300.XSHG,1.0,2020-07-22,2020-07-22,P,E,Option,10000.0,4.9,10002662,0.0,"09:31-11:30,13:01-15:00",510300P2007M04900,10002662
2020-07-06,XSHG,510300.XSHG,300ETF购8月4900,510300.XSHG,1.0,2020-08-26,2020-08-26,C,E,Option,10000.0,4.9,10002663,0.0,"09:31-11:30,13:01-15:00",510300C2008M04900,10002663
2020-07-06,XSHG,510300.XSHG,300ETF沽8月4900,510300.XSHG,1.0,2020-08-26,2020-08-26,P,E,Option,10000.0,4.9,10002664,0.0,"09:31-11:30,13:01-15:00",510300P2008M04900,10002664
2020-07-06,XSHG,510300.XSHG,300ETF购9月4900,510300.XSHG,1.0,2020-09-23,2020-09-23,C,E,Option,10000.0,4.9,10002665,0.0,"09:31-11:30,13:01-15:00",510300C2009M04900,10002665
2020-07-06,XSHG,510300.XSHG,300ETF沽9月4900,510300.XSHG,1.0,2020-09-23,2020-09-23,P,E,Option,10000.0,4.9,10002666,0.0,"09:31-11:30,13:01-15:00",510300P2009M04900,10002666
2020-07-06,XSHG,510300.XSHG,300ETF购12月4900,510300.XSHG,1.0,2020-12-23,2020-12-23,C,E,Option,10000.0,4.9,10002667,0.0,"09:31-11:30,13:01-15:00",510300C2012M04900,10002667
2020-07-06,XSHG,510300.XSHG,300ETF沽12月4900,510300.XSHG,1.0,2020-12-23,2020-12-23,P,E,Option,10000.0,4.9,10002668,0.0,"09:31-11:30,13:01-15:00",510300P2012M04900,10002668
2020-07-07,XSHG,510300.XSHG,300ETF购7月5000,510300.XSHG,1.0,2020-07-22,2020-07-22,C,E,Option,10000.0,5.0,10002693,0.0,"09:31-11:30,13:01-15:00",510300C2007M05000,10002693
2020-07-07,XSHG,510300.XSHG,300ETF购7月5250,510300.XSHG,1.0,2020-07-22,2020-07-22,C,E,Option,10000.0,5.25,10002694,0.0,"09:31-11:30,13:01-15:00",510300C2007M05250,10002694
2020-07-07,XSHG,510300.XSHG,300ETF购7月5500,510300.XSHG,1.0,2020-07-22,2020-07-22,C,E,Option,10000.0,5.5,10002695,0.0,"09:31-11:30,13:01-15:00",510300C2007M05500,10002695
2020-07-07,XSHG,510300.XSHG,300ETF沽7月5000,510300.XSHG,1.0,2020-07-22,2020-07-22,P,E,Option,10000.0,5.0,10002696,0.0,"09:31-11:30,13:01-15:00",510300P2007M05000,10002696
2020-07-07,XSHG,510300.XSHG,300ETF沽7月5250,510300.XSHG,1.0,2020-07-22,2020-07-22,P,E,Option,10000.0,5.25,10002697,0.0,"09:31-11:30,13:01-15:00",510300P2007M05250,10002697
2020-07-07,XSHG,510300.XSHG,300ETF沽7月5500,510300.XSHG,1.0,2020-07-22,2020-07-22,P,E,Option,10000.0,5.5,10002698,0.0,"09:31-11:30,13:01-15:00",510300P2007M05500,10002698
2020-07-07,XSHG,510300.XSHG,300ETF购8月5000,510300.XSHG,1.0,2020-08-26,2020-08-26,C,E,Option,10000.0,5.0,10002699,0.0,"09:31-11:30,13:01-15:00",510300C2008M05000,10002699
2020-07-07,XSHG,510300.XSHG,300ETF购8月5250,510300.XSHG,1.0,2020-08-26,2020-08-26,C,E,Option,10000.0,5.25,10002700,0.0,"09:31-11:30,13:01-15:00",510300C2008M05250,10002700
2020-07-07,XSHG,510300.XSHG,300ETF购8月5500,510300.XSHG,1.0,2020-08-26,2020-08-26,C,E,Option,10000.0,5.5,10002701,0.0,"09:31-11:30,13:01-15:00",510300C2008M05500,10002701
2020-07-07,XSHG,510300.XSHG,300ETF沽8月5000,510300.XSHG,1.0,2020-08-26,2020-08-26,P,E,Option,10000.0,5.0,10002702,0.0,"09:31-11:30,13:01-15:00",510300P2008M05000,10002702
2020-07-07,XSHG,510300.XSHG,300ETF沽8月5250,510300.XSHG,1.0,2020-08-26,2020-08-26,P,E,Option,10000.0,5.25,10002703,0.0,"09:31-11:30,13:01-15:00",510300P2008M05250,10002703
2020-07-07,XSHG,510300.XSHG,300ETF沽8月5500,510300.XSHG,1.0,2020-08-26,2020-08-26,P,E,Option,10000.0,5.5,10002704,0.0,"09:31-11:30,13:01-15:00",510300P2008M05500,10002704
2020-07-07,XSHG,510300.XSHG,300ETF购9月5000,510300.XSHG,1.0,2020-09-23,2020-09-23,C,E,Option,10000.0,5.0,10002705,0.0,"09:31-11:30,13:01-15:00",510300C2009M05000,10002705
2020-07-07,XSHG,510300.XSHG,300ETF购9月5250,510300.XSHG,1.0,2020-09-23,2020-09-23,C,E,Option,10000.0,5.25,10002706,0.0,"09:31-11:30,13:01-15:00",510300C2009M05250,10002706
2020-07-07,XSHG,510300.XSHG,300ETF购9月5500,510300.XSHG,1.0,2020-09-23,2020-09-23,C,E,Option,10000.0,5.5,10002707,0.0,"09:31-11:30,13:01-15:00",510300C2009M05500,10002707
2020-07-07,XSHG,510300.XSHG,300ETF沽9月5000,510300.XSHG,1.0,2020-09-23,2020-09-23,P,E,Option,10000.0,5.0,10002708,0.0,"09:31-11:30,13:01-15:00",510300P2009M05000,10002708
2020-07-07,XSHG,510300.XSHG,300ETF沽9月5250,510300.XSHG,1.0,2020-09-23,2020-09-23,P,E,Option,10000.0,5.25,10002709,0.0,"09:31-11:30,13:01-15:00",510300P2009M05250,10002709
2020-07-07,XSHG,510300.XSHG,300ETF沽9月5500,510300.XSHG,1.0,2020-09-23,2020-09-23,P,E,Option,10000.0,5.5,10002710,0.0,"09:31-11:30,13:01-15:00",510300P2009M05500,10002710
2020-07-07,XSHG,510300.XSHG,300ETF购12月5000,510300.XSHG,1.0,2020-12-23,2020-12-23,C,E,Option,10000.0,5.0,10002711,0.0,"09:31-11:30,13:01-15:00",510300C2012M05000,10002711
2020-07-07,XSHG,510300.XSHG,300ETF购12月5250,510300.XSHG,1.0,2020-12-23,2020-12-23,C,E,Option,10000.0,5.25,10002712,0.0,"09:31-11:30,13:01-15:00",510300C2012M05250,10002712
2020-07-07,XSHG,510300.XSHG,300ETF购12月5500,510300.XSHG,1.0,2020-12-23,2020-12-23,C,E,Option,10000.0,5.5,10002713,0.0,"09:31-11:30,13:01-15:00",510300C2012M05500,10002713
2020-07-07,XSHG,510300.XSHG,300ETF沽12月5000,510300.XSHG,1.0,2020-12-23,2020-12-23,P,E,Option,10000.0,5.0,10002714,0.0,"09:31-11:30,13:01-15:00",510300P2012M05000,10002714
2020-07-07,XSHG,510300.XSHG,300ETF沽12月5250,510300.XSHG,1.0,2020-12-23,2020-12-23,P,E,Option,10000.0,5.25,10002715,0.0,"09:31-11:30,13:01-15:00",510300P2012M05250,10002715
2020-07-07,XSHG,510300.XSHG,300ETF沽12月5500,510300.XSHG,1.0,2020-12-23,2020-12-23,P,E,Option,10000.0,5.5,10002716,0.0,"09:31-11:30,13:01-15:00",510300P2012M05500,10002716
2020-07-10,XSHG,510300.XSHG,300ETF购7月5750,510300.XSHG,1.0,2020-07-22,2020-07-22,C,E,Option,10000.0,5.75,10002717,0.0,"09:31-11:30,13:01-15:00",510300C2007M05750,10002717
2020-07-10,XSHG,510300.XSHG,300ETF沽7月5750,510300.XSHG,1.0,2020-07-22,2020-07-22,P,E,Option,10000.0,5.75,10002718,0.0,"09:31-11:30,13:01-15:00",510300P2007M05750,10002718
2020-07-10,XSHG,510300.XSHG,300ETF购8月5750,510300.XSHG,1.0,2020-08-26,2020-08-26,C,E,Option,10000.0,5.75,10002719,0.0,"09:31-11:30,13:01-15:00",510300C2008M05750,10002719
2020-07-10,XSHG,510300.XSHG,300ETF沽8月5750,510300.XSHG,1.0,2020-08-26,2020-08-26,P,E,Option,10000.0,5.75,10002720,0.0,"09:31-11:30,13:01-15:00",510300P2008M05750,10002720
2020-07-10,XSHG,510300.XSHG,300ETF购9月5750,510300.XSHG,1.0,2020-09-23,2020-09-23,C,E,Option,10000.0,5.75,10002721,0.0,"09:31-11:30,13:01-15:00",510300C2009M05750,10002721
2020-07-10,XSHG,510300.XSHG,300ETF沽9月5750,510300.XSHG,1.0,2020-09-23,2020-09-23,P,E,Option,10000.0,5.75,10002722,0.0,"09:31-11:30,13:01-15:00",510300P2009M05750,10002722
2020-07-10,XSHG,510300.XSHG,300ETF购12月5750,510300.XSHG,1.0,2020-12-23,2020-12-23,C,E,Option,10000.0,5.75,10002723,0.0,"09:31-11:30,13:01-15:00",510300C2012M05750,10002723
2020-07-10,XSHG,510300.XSHG,300ETF沽12月5750,510300.XSHG,1.0,2020-12-23,2020-12-23,P,E,Option,10000.0,5.75,10002724,0.0,"09:31-11:30,13:01-15:00",510300P2012M05750,10002724
2020-07-23,XSHG,510300.XSHG,300ETF购3月4343A,510300.XSHG,1.0,2021-03-24,2021-03-24,C,E,Option,10132.0,4.343,10002743,0.0,"09:31-11:30,13:01-15:00",510300C2103A04400,10002743
2020-07-23,XSHG,510300.XSHG,300ETF购3月4441A,510300.XSHG,1.0,2021-03-24,2021-03-24,C,E,Option,10132.0,4.441,10002744,0.0,"09:31-11:30,13:01-15:00",510300C2103A04500,10002744
2020-07-23,XSHG,510300.XSHG,300ETF购3月4540A,510300.XSHG,1.0,2021-03-24,2021-03-24,C,E,Option,10132.0,4.54,10002745,0.0,"09:31-11:30,13:01-15:00",510300C2103A04600,10002745
2020-07-23,XSHG,510300.XSHG,300ETF购3月4639A,510300.XSHG,1.0,2021-03-24,2021-03-24,C,E,Option,10132.0,4.639,10002746,0.0,"09:31-11:30,13:01-15:00",510300C2103A04700,10002746
2020-07-23,XSHG,510300.XSHG,300ETF购3月4737A,510300.XSHG,1.0,2021-03-24,2021-03-24,C,E,Option,10132.0,4.737,10002747,0.0,"09:31-11:30,13:01-15:00",510300C2103A04800,10002747
2020-07-23,XSHG,510300.XSHG,300ETF购3月4836A,510300.XSHG,1.0,2021-03-24,2021-03-24,C,E,Option,10132.0,4.836,10002748,0.0,"09:31-11:30,13:01-15:00",510300C2103A04900,10002748
2020-07-23,XSHG,510300.XSHG,300ETF购3月4935A,510300.XSHG,1.0,2021-03-24,2021-03-24,C,E,Option,10132.0,4.935,10002749,0.0,"09:31-11:30,13:01-15:00",510300C2103A05000,10002749
2020-07-23,XSHG,510300.XSHG,300ETF购3月5182A,510300.XSHG,1.0,2021-03-24,2021-03-24,C,E,Option,10132.0,5.182,10002750,0.0,"09:31-11:30,13:01-15:00",510300C2103A05250,10002750
2020-07-23,XSHG,510300.XSHG,300ETF购3月5428A,510300.XSHG,1.0,2021-03-24,2021-03-24,C,E,Option,10132.0,5.428,10002751,0.0,"09:31-11:30,13:01-15:00",510300C2103A05500,10002751
2020-07-23,XSHG,510300.XSHG,300ETF沽3月4343A,510300.XSHG,1.0,2021-03-24,2021-03-24,P,E,Option,10132.0,4.343,10002752,0.0,"09:31-11:30,13:01-15:00",510300P2103A04400,10002752
2020-07-23,XSHG,510300.XSHG,300ETF沽3月4441A,510300.XSHG,1.0,2021-03-24,2021-03-24,P,E,Option,10132.0,4.441,10002753,0.0,"09:31-11:30,13:01-15:00",510300P2103A04500,10002753
2020-07-23,XSHG,510300.XSHG,300ETF沽3月4540A,510300.XSHG,1.0,2021-03-24,2021-03-24,P,E,Option,10132.0,4.54,10002754,0.0,"09:31-11:30,13:01-15:00",510300P2103A04600,10002754
2020-07-23,XSHG,510300.XSHG,300ETF沽3月4639A,510300.XSHG,1.0,2021-03-24,2021-03-24,P,E,Option,10132.0,4.639,10002755,0.0,"09:31-11:30,13:01-15:00",510300P2103A04700,10002755
2020-07-23,XSHG,510300.XSHG,300ETF沽3月4737A,510300.XSHG,1.0,2021-03-24,2021-03-24,P,E,Option,10132.0,4.737,10002756,0.0,"09:31-11:30,13:01-15:00",510300P2103A04800,10002756
2020-07-23,XSHG,510300.XSHG,300ETF沽3月4836A,510300.XSHG,1.0,2021-03-24,2021-03-24,P,E,Option,10132.0,4.836,10002757,0.0,"09:31-11:30,13:01-15:00",510300P2103A04900,10002757
2020-07-23,XSHG,510300.XSHG,300ETF沽3月4935A,510300.XSHG,1.0,2021-03-24,2021-03-24,P,E,Option,10132.0,4.935,10002758,0.0,"09:31-11:30,13:01-15:00",510300P2103A05000,10002758
2020-07-23,XSHG,510300.XSHG,300ETF沽3月5182A,510300.XSHG,1.0,2021-03-24,2021-03-24,P,E,Option,10132.0,5.182,10002759,0.0,"09:31-11:30,13:01-15:00",510300P2103A05250,10002759
2020-07-23,XSHG,510300.XSHG,300ETF沽3月5428A,510300.XSHG,1.0,2021-03-24,2021-03-24,P,E,Option,10132.0,5.428,10002760,0.0,"09:31-11:30,13:01-15:00",510300P2103A05500,10002760
2020-07-27,XSHG,510300.XSHG,300ETF购3月4145A,510300.XSHG,1.0,2021-03-24,2021-03-24,C,E,Option,10132.0,4.145,10002763,0.0,"09:31-11:30,13:01-15:00",510300C2103A04200,10002763
2020-07-27,XSHG,510300.XSHG,300ETF购3月4244A,510300.XSHG,1.0,2021-03-24,2021-03-24,C,E,Option,10132.0,4.244,10002764,0.0,"09:31-11:30,13:01-15:00",510300C2103A04300,10002764
2020-07-27,XSHG,510300.XSHG,300ETF沽3月4145A,510300.XSHG,1.0,2021-03-24,2021-03-24,P,E,Option,10132.0,4.145,10002765,0.0,"09:31-11:30,13:01-15:00",510300P2103A04200,10002765
2020-07-27,XSHG,510300.XSHG,300ETF沽3月4244A,510300.XSHG,1.0,2021-03-24,2021-03-24,P,E,Option,10132.0,4.244,10002766,0.0,"09:31-11:30,13:01-15:00",510300P2103A04300,10002766
2020-08-18,XSHG,510300.XSHG,300ETF购3月5675A,510300.XSHG,1.0,2021-03-24,2021-03-24,C,E,Option,10132.0,5.675,10002769,0.0,"09:31-11:30,13:01-15:00",510300C2103A05750,10002769
2020-08-18,XSHG,510300.XSHG,300ETF沽3月5675A,510300.XSHG,1.0,2021-03-24,2021-03-24,P,E,Option,10132.0,5.675,10002770,0.0,"09:31-11:30,13:01-15:00",510300P2103A05750,10002770
2020-08-27,XSHG,510300.XSHG,300ETF购10月4400,510300.XSHG,1.0,2020-10-28,2020-10-28,C,E,Option,10000.0,4.4,10002789,0.0,"09:31-11:30,13:01-15:00",510300C2010M04400,10002789
2020-08-27,XSHG,510300.XSHG,300ETF购10月4500,510300.XSHG,1.0,2020-10-28,2020-10-28,C,E,Option,10000.0,4.5,10002790,0.0,"09:31-11:30,13:01-15:00",510300C2010M04500,10002790
2020-08-27,XSHG,510300.XSHG,300ETF购10月4600,510300.XSHG,1.0,2020-10-28,2020-10-28,C,E,Option,10000.0,4.6,10002791,0.0,"09:31-11:30,13:01-15:00",510300C2010M04600,10002791
2020-08-27,XSHG,510300.XSHG,300ETF购10月4700,510300.XSHG,1.0,2020-10-28,2020-10-28,C,E,Option,10000.0,4.7,10002792,0.0,"09:31-11:30,13:01-15:00",510300C2010M04700,10002792
2020-08-27,XSHG,510300.XSHG,300ETF购10月4800,510300.XSHG,1.0,2020-10-28,2020-10-28,C,E,Option,10000.0,4.8,10002793,0.0,"09:31-11:30,13:01-15:00",510300C2010M04800,10002793
2020-08-27,XSHG,510300.XSHG,300ETF购10月4900,510300.XSHG,1.0,2020-10-28,2020-10-28,C,E,Option,10000.0,4.9,10002794,0.0,"09:31-11:30,13:01-15:00",510300C2010M04900,10002794
2020-08-27,XSHG,510300.XSHG,300ETF购10月5000,510300.XSHG,1.0,2020-10-28,2020-10-28,C,E,Option,10000.0,5.0,10002795,0.0,"09:31-11:30,13:01-15:00",510300C2010M05000,10002795
2020-08-27,XSHG,510300.XSHG,300ETF购10月5250,510300.XSHG,1.0,2020-10-28,2020-10-28,C,E,Option,10000.0,5.25,10002796,0.0,"09:31-11:30,13:01-15:00",510300C2010M05250,10002796
2020-08-27,XSHG,510300.XSHG,300ETF购10月5500,510300.XSHG,1.0,2020-10-28,2020-10-28,C,E,Option,10000.0,5.5,10002797,0.0,"09:31-11:30,13:01-15:00",510300C2010M05500,10002797
2020-08-27,XSHG,510300.XSHG,300ETF沽10月4400,510300.XSHG,1.0,2020-10-28,2020-10-28,P,E,Option,10000.0,4.4,10002798,0.0,"09:31-11:30,13:01-15:00",510300P2010M04400,10002798
2020-08-27,XSHG,510300.XSHG,300ETF沽10月4500,510300.XSHG,1.0,2020-10-28,2020-10-28,P,E,Option,10000.0,4.5,10002799,0.0,"09:31-11:30,13:01-15:00",510300P2010M04500,10002799
2020-08-27,XSHG,510300.XSHG,300ETF沽10月4600,510300.XSHG,1.0,2020-10-28,2020-10-28,P,E,Option,10000.0,4.6,10002800,0.0,"09:31-11:30,13:01-15:00",510300P2010M04600,10002800
2020-08-27,XSHG,510300.XSHG,300ETF沽10月4700,510300.XSHG,1.0,2020-10-28,2020-10-28,P,E,Option,10000.0,4.7,10002801,0.0,"09:31-11:30,13:01-15:00",510300P2010M04700,10002801
2020-08-27,XSHG,510300.XSHG,300ETF沽10月4800,510300.XSHG,1.0,2020-10-28,2020-10-28,P,E,Option,10000.0,4.8,10002802,0.0,"09:31-11:30,13:01-15:00",510300P2010M04800,10002802
2020-08-27,XSHG,510300.XSHG,300ETF沽10月4900,510300.XSHG,1.0,2020-10-28,2020-10-28,P,E,Option,10000.0,4.9,10002803,0.0,"09:31-11:30,13:01-15:00",510300P2010M04900,10002803
2020-08-27,XSHG,510300.XSHG,300ETF沽10月5000,510300.XSHG,1.0,2020-10-28,2020-10-28,P,E,Option,10000.0,5.0,10002804,0.0,"09:31-11:30,13:01-15:00",510300P2010M05000,10002804
2020-08-27,XSHG,510300.XSHG,300ETF沽10月5250,510300.XSHG,1.0,2020-10-28,2020-10-28,P,E,Option,10000.0,5.25,10002805,0.0,"09:31-11:30,13:01-15:00",510300P2010M05250,10002805
2020-08-27,XSHG,510300.XSHG,300ETF沽10月5500,510300.XSHG,1.0,2020-10-28,2020-10-28,P,E,Option,10000.0,5.5,10002806,0.0,"09:31-11:30,13:01-15:00",510300P2010M05500,10002806
2020-08-31,XSHG,510300.XSHG,300ETF购10月5750,510300.XSHG,1.0,2020-10-28,2020-10-28,C,E,Option,10000.0,5.75,10002809,0.0,"09:31-11:30,13:01-15:00",510300C2010M05750,10002809
2020-08-31,XSHG,510300.XSHG,300ETF沽10月5750,510300.XSHG,1.0,2020-10-28,2020-10-28,P,E,Option,10000.0,5.75,10002810,0.0,"09:31-11:30,13:01-15:00",510300P2010M05750,10002810
2020-09-08,XSHG,510300.XSHG,300ETF购10月4300,510300.XSHG,1.0,2020-10-28,2020-10-28,C,E,Option,10000.0,4.3,10002811,0.0,"09:31-11:30,13:01-15:00",510300C2010M04300,10002811
2020-09-08,XSHG,510300.XSHG,300ETF沽10月4300,510300.XSHG,1.0,2020-10-28,2020-10-28,P,E,Option,10000.0,4.3,10002812,0.0,"09:31-11:30,13:01-15:00",510300P2010M04300,10002812
2020-09-10,XSHG,510300.XSHG,300ETF购10月4200,510300.XSHG,1.0,2020-10-28,2020-10-28,C,E,Option,10000.0,4.2,10002813,0.0,"09:31-11:30,13:01-15:00",510300C2010M04200,10002813
2020-09-10,XSHG,510300.XSHG,300ETF沽10月4200,510300.XSHG,1.0,2020-10-28,2020-10-28,P,E,Option,10000.0,4.2,10002814,0.0,"09:31-11:30,13:01-15:00",510300P2010M04200,10002814
2020-09-24,XSHG,510300.XSHG,300ETF购11月4300,510300.XSHG,1.0,2020-11-25,2020-11-25,C,E,Option,10000.0,4.3,10002833,0.0,"09:31-11:30,13:01-15:00",510300C2011M04300,10002833
2020-09-24,XSHG,510300.XSHG,300ETF购11月4400,510300.XSHG,1.0,2020-11-25,2020-11-25,C,E,Option,10000.0,4.4,10002834,0.0,"09:31-11:30,13:01-15:00",510300C2011M04400,10002834
2020-09-24,XSHG,510300.XSHG,300ETF购11月4500,510300.XSHG,1.0,2020-11-25,2020-11-25,C,E,Option,10000.0,4.5,10002835,0.0,"09:31-11:30,13:01-15:00",510300C2011M04500,10002835
2020-09-24,XSHG,510300.XSHG,300ETF购11月4600,510300.XSHG,1.0,2020-11-25,2020-11-25,C,E,Option,10000.0,4.6,10002836,0.0,"09:31-11:30,13:01-15:00",510300C2011M04600,10002836
2020-09-24,XSHG,510300.XSHG,300ETF购11月4700,510300.XSHG,1.0,2020-11-25,2020-11-25,C,E,Option,10000.0,4.7,10002837,0.0,"09:31-11:30,13:01-15:00",510300C2011M04700,10002837
2020-09-24,XSHG,510300.XSHG,300ETF购11月4800,510300.XSHG,1.0,2020-11-25,2020-11-25,C,E,Option,10000.0,4.8,10002838,0.0,"09:31-11:30,13:01-15:00",510300C2011M04800,10002838
2020-09-24,XSHG,510300.XSHG,300ETF购11月4900,510300.XSHG,1.0,2020-11-25,2020-11-25,C,E,Option,10000.0,4.9,10002839,0.0,"09:31-11:30,13:01-15:00",510300C2011M04900,10002839
2020-09-24,XSHG,510300.XSHG,300ETF购11月5000,510300.XSHG,1.0,2020-11-25,2020-11-25,C,E,Option,10000.0,5.0,10002840,0.0,"09:31-11:30,13:01-15:00",510300C2011M05000,10002840
2020-09-24,XSHG,510300.XSHG,300ETF购11月5250,510300.XSHG,1.0,2020-11-25,2020-11-25,C,E,Option,10000.0,5.25,10002841,0.0,"09:31-11:30,13:01-15:00",510300C2011M05250,10002841
2020-09-24,XSHG,510300.XSHG,300ETF沽11月4300,510300.XSHG,1.0,2020-11-25,2020-11-25,P,E,Option,10000.0,4.3,10002842,0.0,"09:31-11:30,13:01-15:00",510300P2011M04300,10002842
2020-09-24,XSHG,510300.XSHG,300ETF沽11月4400,510300.XSHG,1.0,2020-11-25,2020-11-25,P,E,Option,10000.0,4.4,10002843,0.0,"09:31-11:30,13:01-15:00",510300P2011M04400,10002843
2020-09-24,XSHG,510300.XSHG,300ETF沽11月4500,510300.XSHG,1.0,2020-11-25,2020-11-25,P,E,Option,10000.0,4.5,10002844,0.0,"09:31-11:30,13:01-15:00",510300P2011M04500,10002844
2020-09-24,XSHG,510300.XSHG,300ETF沽11月4600,510300.XSHG,1.0,2020-11-25,2020-11-25,P,E,Option,10000.0,4.6,10002845,0.0,"09:31-11:30,13:01-15:00",510300P2011M04600,10002845
2020-09-24,XSHG,510300.XSHG,300ETF沽11月4700,510300.XSHG,1.0,2020-11-25,2020-11-25,P,E,Option,10000.0,4.7,10002846,0.0,"09:31-11:30,13:01-15:00",510300P2011M04700,10002846
2020-09-24,XSHG,510300.XSHG,300ETF沽11月4800,510300.XSHG,1.0,2020-11-25,2020-11-25,P,E,Option,10000.0,4.8,10002847,0.0,"09:31-11:30,13:01-15:00",510300P2011M04800,10002847
2020-09-24,XSHG,510300.XSHG,300ETF沽11月4900,510300.XSHG,1.0,2020-11-25,2020-11-25,P,E,Option,10000.0,4.9,10002848,0.0,"09:31-11:30,13:01-15:00",510300P2011M04900,10002848
2020-09-24,XSHG,510300.XSHG,300ETF沽11月5000,510300.XSHG,1.0,2020-11-25,2020-11-25,P,E,Option,10000.0,5.0,10002849,0.0,"09:31-11:30,13:01-15:00",510300P2011M05000,10002849
2020-09-24,XSHG,510300.XSHG,300ETF沽11月5250,510300.XSHG,1.0,2020-11-25,2020-11-25,P,E,Option,10000.0,5.25,10002850,0.0,"09:31-11:30,13:01-15:00",510300P2011M05250,10002850
2020-09-25,XSHG,510300.XSHG,300ETF购11月4200,510300.XSHG,1.0,2020-11-25,2020-11-25,C,E,Option,10000.0,4.2,10002851,0.0,"09:31-11:30,13:01-15:00",510300C2011M04200,10002851
2020-09-25,XSHG,510300.XSHG,300ETF沽11月4200,510300.XSHG,1.0,2020-11-25,2020-11-25,P,E,Option,10000.0,4.2,10002852,0.0,"09:31-11:30,13:01-15:00",510300P2011M04200,10002852
2020-10-13,XSHG,510300.XSHG,300ETF购11月5500,510300.XSHG,1.0,2020-11-25,2020-11-25,C,E,Option,10000.0,5.5,10002855,0.0,"09:31-11:30,13:01-15:00",510300C2011M05500,10002855
2020-10-13,XSHG,510300.XSHG,300ETF购11月5750,510300.XSHG,1.0,2020-11-25,2020-11-25,C,E,Option,10000.0,5.75,10002856,0.0,"09:31-11:30,13:01-15:00",510300C2011M05750,10002856
2020-10-13,XSHG,510300.XSHG,300ETF沽11月5500,510300.XSHG,1.0,2020-11-25,2020-11-25,P,E,Option,10000.0,5.5,10002857,0.0,"09:31-11:30,13:01-15:00",510300P2011M05500,10002857
2020-10-13,XSHG,510300.XSHG,300ETF沽11月5750,510300.XSHG,1.0,2020-11-25,2020-11-25,P,E,Option,10000.0,5.75,10002858,0.0,"09:31-11:30,13:01-15:00",510300P2011M05750,10002858
2020-10-29,XSHG,510300.XSHG,300ETF购6月4343A,510300.XSHG,1.0,2021-06-23,2021-06-23,C,E,Option,10132.0,4.343,10002877,0.0,"09:31-11:30,13:01-15:00",510300C2106A04400,10002877
2020-10-29,XSHG,510300.XSHG,300ETF购6月4441A,510300.XSHG,1.0,2021-06-23,2021-06-23,C,E,Option,10132.0,4.441,10002878,0.0,"09:31-11:30,13:01-15:00",510300C2106A04500,10002878
2020-10-29,XSHG,510300.XSHG,300ETF购6月4540A,510300.XSHG,1.0,2021-06-23,2021-06-23,C,E,Option,10132.0,4.54,10002879,0.0,"09:31-11:30,13:01-15:00",510300C2106A04600,10002879
2020-10-29,XSHG,510300.XSHG,300ETF购6月4639A,510300.XSHG,1.0,2021-06-23,2021-06-23,C,E,Option,10132.0,4.639,10002880,0.0,"09:31-11:30,13:01-15:00",510300C2106A04700,10002880
2020-10-29,XSHG,510300.XSHG,300ETF购6月4737A,510300.XSHG,1.0,2021-06-23,2021-06-23,C,E,Option,10132.0,4.737,10002881,0.0,"09:31-11:30,13:01-15:00",510300C2106A04800,10002881
2020-10-29,XSHG,510300.XSHG,300ETF购6月4836A,510300.XSHG,1.0,2021-06-23,2021-06-23,C,E,Option,10132.0,4.836,10002882,0.0,"09:31-11:30,13:01-15:00",510300C2106A04900,10002882
2020-10-29,XSHG,510300.XSHG,300ETF购6月4935A,510300.XSHG,1.0,2021-06-23,2021-06-23,C,E,Option,10132.0,4.935,10002883,0.0,"09:31-11:30,13:01-15:00",510300C2106A05000,10002883
2020-10-29,XSHG,510300.XSHG,300ETF购6月5182A,510300.XSHG,1.0,2021-06-23,2021-06-23,C,E,Option,10132.0,5.182,10002884,0.0,"09:31-11:30,13:01-15:00",510300C2106A05250,10002884
2020-10-29,XSHG,510300.XSHG,300ETF购6月5428A,510300.XSHG,1.0,2021-06-23,2021-06-23,C,E,Option,10132.0,5.428,10002885,0.0,"09:31-11:30,13:01-15:00",510300C2106A05500,10002885
2020-10-29,XSHG,510300.XSHG,300ETF沽6月4343A,510300.XSHG,1.0,2021-06-23,2021-06-23,P,E,Option,10132.0,4.343,10002886,0.0,"09:31-11:30,13:01-15:00",510300P2106A04400,10002886
2020-10-29,XSHG,510300.XSHG,300ETF沽6月4441A,510300.XSHG,1.0,2021-06-23,2021-06-23,P,E,Option,10132.0,4.441,10002887,0.0,"09:31-11:30,13:01-15:00",510300P2106A04500,10002887
2020-10-29,XSHG,510300.XSHG,300ETF沽6月4540A,510300.XSHG,1.0,2021-06-23,2021-06-23,P,E,Option,10132.0,4.54,10002888,0.0,"09:31-11:30,13:01-15:00",510300P2106A04600,10002888
2020-10-29,XSHG,510300.XSHG,300ETF沽6月4639A,510300.XSHG,1.0,2021-06-23,2021-06-23,P,E,Option,10132.0,4.639,10002889,0.0,"09:31-11:30,13:01-15:00",510300P2106A04700,10002889
2020-10-29,XSHG,510300.XSHG,300ETF沽6月4737A,510300.XSHG,1.0,2021-06-23,2021-06-23,P,E,Option,10132.0,4.737,10002890,0.0,"09:31-11:30,13:01-15:00",510300P2106A04800,10002890
2020-10-29,XSHG,510300.XSHG,300ETF沽6月4836A,510300.XSHG,1.0,2021-06-23,2021-06-23,P,E,Option,10132.0,4.836,10002891,0.0,"09:31-11:30,13:01-15:00",510300P2106A04900,10002891
2020-10-29,XSHG,510300.XSHG,300ETF沽6月4935A,510300.XSHG,1.0,2021-06-23,2021-06-23,P,E,Option,10132.0,4.935,10002892,0.0,"09:31-11:30,13:01-15:00",510300P2106A05000,10002892
2020-10-29,XSHG,510300.XSHG,300ETF沽6月5182A,510300.XSHG,1.0,2021-06-23,2021-06-23,P,E,Option,10132.0,5.182,10002893,0.0,"09:31-11:30,13:01-15:00",510300P2106A05250,10002893
2020-10-29,XSHG,510300.XSHG,300ETF沽6月5428A,510300.XSHG,1.0,2021-06-23,2021-06-23,P,E,Option,10132.0,5.428,10002894,0.0,"09:31-11:30,13:01-15:00",510300P2106A05500,10002894
2020-11-05,XSHG,510300.XSHG,300ETF购6月5675A,510300.XSHG,1.0,2021-06-23,2021-06-23,C,E,Option,10132.0,5.675,10002897,0.0,"09:31-11:30,13:01-15:00",510300C2106A05750,10002897
2020-11-05,XSHG,510300.XSHG,300ETF沽6月5675A,510300.XSHG,1.0,2021-06-23,2021-06-23,P,E,Option,10132.0,5.675,10002898,0.0,"09:31-11:30,13:01-15:00",510300P2106A05750,10002898
2020-11-09,XSHG,510300.XSHG,300ETF购11月6000,510300.XSHG,1.0,2020-11-25,2020-11-25,C,E,Option,10000.0,6.0,10002899,0.0,"09:31-11:30,13:01-15:00",510300C2011M06000,10002899
2020-11-09,XSHG,510300.XSHG,300ETF沽11月6000,510300.XSHG,1.0,2020-11-25,2020-11-25,P,E,Option,10000.0,6.0,10002900,0.0,"09:31-11:30,13:01-15:00",510300P2011M06000,10002900
2020-11-09,XSHG,510300.XSHG,300ETF购12月6000,510300.XSHG,1.0,2020-12-23,2020-12-23,C,E,Option,10000.0,6.0,10002901,0.0,"09:31-11:30,13:01-15:00",510300C2012M06000,10002901
2020-11-09,XSHG,510300.XSHG,300ETF沽12月6000,510300.XSHG,1.0,2020-12-23,2020-12-23,P,E,Option,10000.0,6.0,10002902,0.0,"09:31-11:30,13:01-15:00",510300P2012M06000,10002902
2020-11-09,XSHG,510300.XSHG,300ETF购3月5922A,510300.XSHG,1.0,2021-03-24,2021-03-24,C,E,Option,10132.0,5.922,10002903,0.0,"09:31-11:30,13:01-15:00",510300C2103A06000,10002903
2020-11-09,XSHG,510300.XSHG,300ETF沽3月5922A,510300.XSHG,1.0,2021-03-24,2021-03-24,P,E,Option,10132.0,5.922,10002904,0.0,"09:31-11:30,13:01-15:00",510300P2103A06000,10002904
2020-11-09,XSHG,510300.XSHG,300ETF购6月5922A,510300.XSHG,1.0,2021-06-23,2021-06-23,C,E,Option,10132.0,5.922,10002905,0.0,"09:31-11:30,13:01-15:00",510300C2106A06000,10002905
2020-11-09,XSHG,510300.XSHG,300ETF沽6月5922A,510300.XSHG,1.0,2021-06-23,2021-06-23,P,E,Option,10132.0,5.922,10002906,0.0,"09:31-11:30,13:01-15:00",510300P2106A06000,10002906
2020-11-26,XSHG,510300.XSHG,300ETF购1月4540A,510300.XSHG,1.0,2021-01-27,2021-01-27,C,E,Option,10132.0,4.54,10002931,0.0,"09:31-11:30,13:01-15:00",510300C2101A04600,10002931
2020-11-26,XSHG,510300.XSHG,300ETF购1月4639A,510300.XSHG,1.0,2021-01-27,2021-01-27,C,E,Option,10132.0,4.639,10002932,0.0,"09:31-11:30,13:01-15:00",510300C2101A04700,10002932
2020-11-26,XSHG,510300.XSHG,300ETF购1月4737A,510300.XSHG,1.0,2021-01-27,2021-01-27,C,E,Option,10132.0,4.737,10002933,0.0,"09:31-11:30,13:01-15:00",510300C2101A04800,10002933
2020-11-26,XSHG,510300.XSHG,300ETF购1月4836A,510300.XSHG,1.0,2021-01-27,2021-01-27,C,E,Option,10132.0,4.836,10002934,0.0,"09:31-11:30,13:01-15:00",510300C2101A04900,10002934
2020-11-26,XSHG,510300.XSHG,300ETF购1月4935A,510300.XSHG,1.0,2021-01-27,2021-01-27,C,E,Option,10132.0,4.935,10002935,0.0,"09:31-11:30,13:01-15:00",510300C2101A05000,10002935
2020-11-26,XSHG,510300.XSHG,300ETF购1月5182A,510300.XSHG,1.0,2021-01-27,2021-01-27,C,E,Option,10132.0,5.182,10002936,0.0,"09:31-11:30,13:01-15:00",510300C2101A05250,10002936
2020-11-26,XSHG,510300.XSHG,300ETF购1月5428A,510300.XSHG,1.0,2021-01-27,2021-01-27,C,E,Option,10132.0,5.428,10002937,0.0,"09:31-11:30,13:01-15:00",510300C2101A05500,10002937
2020-11-26,XSHG,510300.XSHG,300ETF购1月5675A,510300.XSHG,1.0,2021-01-27,2021-01-27,C,E,Option,10132.0,5.675,10002938,0.0,"09:31-11:30,13:01-15:00",510300C2101A05750,10002938
2020-11-26,XSHG,510300.XSHG,300ETF购1月5922A,510300.XSHG,1.0,2021-01-27,2021-01-27,C,E,Option,10132.0,5.922,10002939,0.0,"09:31-11:30,13:01-15:00",510300C2101A06000,10002939
2020-11-26,XSHG,510300.XSHG,300ETF沽1月4540A,510300.XSHG,1.0,2021-01-27,2021-01-27,P,E,Option,10132.0,4.54,10002940,0.0,"09:31-11:30,13:01-15:00",510300P2101A04600,10002940
2020-11-26,XSHG,510300.XSHG,300ETF沽1月4639A,510300.XSHG,1.0,2021-01-27,2021-01-27,P,E,Option,10132.0,4.639,10002941,0.0,"09:31-11:30,13:01-15:00",510300P2101A04700,10002941
2020-11-26,XSHG,510300.XSHG,300ETF沽1月4737A,510300.XSHG,1.0,2021-01-27,2021-01-27,P,E,Option,10132.0,4.737,10002942,0.0,"09:31-11:30,13:01-15:00",510300P2101A04800,10002942
2020-11-26,XSHG,510300.XSHG,300ETF沽1月4836A,510300.XSHG,1.0,2021-01-27,2021-01-27,P,E,Option,10132.0,4.836,10002943,0.0,"09:31-11:30,13:01-15:00",510300P2101A04900,10002943
2020-11-26,XSHG,510300.XSHG,300ETF沽1月4935A,510300.XSHG,1.0,2021-01-27,2021-01-27,P,E,Option,10132.0,4.935,10002944,0.0,"09:31-11:30,13:01-15:00",510300P2101A05000,10002944
2020-11-26,XSHG,510300.XSHG,300ETF沽1月5182A,510300.XSHG,1.0,2021-01-27,2021-01-27,P,E,Option,10132.0,5.182,10002945,0.0,"09:31-11:30,13:01-15:00",510300P2101A05250,10002945
2020-11-26,XSHG,510300.XSHG,300ETF沽1月5428A,510300.XSHG,1.0,2021-01-27,2021-01-27,P,E,Option,10132.0,5.428,10002946,0.0,"09:31-11:30,13:01-15:00",510300P2101A05500,10002946
2020-11-26,XSHG,510300.XSHG,300ETF沽1月5675A,510300.XSHG,1.0,2021-01-27,2021-01-27,P,E,Option,10132.0,5.675,10002947,0.0,"09:31-11:30,13:01-15:00",510300P2101A05750,10002947
2020-11-26,XSHG,510300.XSHG,300ETF沽1月5922A,510300.XSHG,1.0,2021-01-27,2021-01-27,P,E,Option,10132.0,5.922,10002948,0.0,"09:31-11:30,13:01-15:00",510300P2101A06000,10002948
2020-12-02,XSHG,510300.XSHG,300ETF购12月6250,510300.XSHG,1.0,2020-12-23,2020-12-23,C,E,Option,10000.0,6.25,10003029,0.0,"09:31-11:30,13:01-15:00",510300C2012M06250,10003029
2020-12-02,XSHG,510300.XSHG,300ETF沽12月6250,510300.XSHG,1.0,2020-12-23,2020-12-23,P,E,Option,10000.0,6.25,10003030,0.0,"09:31-11:30,13:01-15:00",510300P2012M06250,10003030
2020-12-02,XSHG,510300.XSHG,300ETF购1月6169A,510300.XSHG,1.0,2021-01-27,2021-01-27,C,E,Option,10132.0,6.169,10003031,0.0,"09:31-11:30,13:01-15:00",510300C2101A06250,10003031
2020-12-02,XSHG,510300.XSHG,300ETF沽1月6169A,510300.XSHG,1.0,2021-01-27,2021-01-27,P,E,Option,10132.0,6.169,10003032,0.0,"09:31-11:30,13:01-15:00",510300P2101A06250,10003032
2020-12-02,XSHG,510300.XSHG,300ETF购3月6169A,510300.XSHG,1.0,2021-03-24,2021-03-24,C,E,Option,10132.0,6.169,10003033,0.0,"09:31-11:30,13:01-15:00",510300C2103A06250,10003033
2020-12-02,XSHG,510300.XSHG,300ETF沽3月6169A,510300.XSHG,1.0,2021-03-24,2021-03-24,P,E,Option,10132.0,6.169,10003034,0.0,"09:31-11:30,13:01-15:00",510300P2103A06250,10003034
2020-12-02,XSHG,510300.XSHG,300ETF购6月6169A,510300.XSHG,1.0,2021-06-23,2021-06-23,C,E,Option,10132.0,6.169,10003035,0.0,"09:31-11:30,13:01-15:00",510300C2106A06250,10003035
2020-12-02,XSHG,510300.XSHG,300ETF沽6月6169A,510300.XSHG,1.0,2021-06-23,2021-06-23,P,E,Option,10132.0,6.169,10003036,0.0,"09:31-11:30,13:01-15:00",510300P2106A06250,10003036
2020-12-24,XSHG,510300.XSHG,300ETF购2月4540A,510300.XSHG,1.0,2021-02-24,2021-02-24,C,E,Option,10132.0,4.54,10003063,0.0,"09:31-11:30,13:01-15:00",510300C2102A04600,10003063
2020-12-24,XSHG,510300.XSHG,300ETF购2月4639A,510300.XSHG,1.0,2021-02-24,2021-02-24,C,E,Option,10132.0,4.639,10003064,0.0,"09:31-11:30,13:01-15:00",510300C2102A04700,10003064
2020-12-24,XSHG,510300.XSHG,300ETF购2月4737A,510300.XSHG,1.0,2021-02-24,2021-02-24,C,E,Option,10132.0,4.737,10003065,0.0,"09:31-11:30,13:01-15:00",510300C2102A04800,10003065
2020-12-24,XSHG,510300.XSHG,300ETF购2月4836A,510300.XSHG,1.0,2021-02-24,2021-02-24,C,E,Option,10132.0,4.836,10003066,0.0,"09:31-11:30,13:01-15:00",510300C2102A04900,10003066
2020-12-24,XSHG,510300.XSHG,300ETF购2月4935A,510300.XSHG,1.0,2021-02-24,2021-02-24,C,E,Option,10132.0,4.935,10003067,0.0,"09:31-11:30,13:01-15:00",510300C2102A05000,10003067
2020-12-24,XSHG,510300.XSHG,300ETF购2月5182A,510300.XSHG,1.0,2021-02-24,2021-02-24,C,E,Option,10132.0,5.182,10003068,0.0,"09:31-11:30,13:01-15:00",510300C2102A05250,10003068
2020-12-24,XSHG,510300.XSHG,300ETF购2月5428A,510300.XSHG,1.0,2021-02-24,2021-02-24,C,E,Option,10132.0,5.428,10003069,0.0,"09:31-11:30,13:01-15:00",510300C2102A05500,10003069
2020-12-24,XSHG,510300.XSHG,300ETF购2月5675A,510300.XSHG,1.0,2021-02-24,2021-02-24,C,E,Option,10132.0,5.675,10003070,0.0,"09:31-11:30,13:01-15:00",510300C2102A05750,10003070
2020-12-24,XSHG,510300.XSHG,300ETF购2月5922A,510300.XSHG,1.0,2021-02-24,2021-02-24,C,E,Option,10132.0,5.922,10003071,0.0,"09:31-11:30,13:01-15:00",510300C2102A06000,10003071
2020-12-24,XSHG,510300.XSHG,300ETF沽2月4540A,510300.XSHG,1.0,2021-02-24,2021-02-24,P,E,Option,10132.0,4.54,10003072,0.0,"09:31-11:30,13:01-15:00",510300P2102A04600,10003072
2020-12-24,XSHG,510300.XSHG,300ETF沽2月4639A,510300.XSHG,1.0,2021-02-24,2021-02-24,P,E,Option,10132.0,4.639,10003073,0.0,"09:31-11:30,13:01-15:00",510300P2102A04700,10003073
2020-12-24,XSHG,510300.XSHG,300ETF沽2月4737A,510300.XSHG,1.0,2021-02-24,2021-02-24,P,E,Option,10132.0,4.737,10003074,0.0,"09:31-11:30,13:01-15:00",510300P2102A04800,10003074
2020-12-24,XSHG,510300.XSHG,300ETF沽2月4836A,510300.XSHG,1.0,2021-02-24,2021-02-24,P,E,Option,10132.0,4.836,10003075,0.0,"09:31-11:30,13:01-15:00",510300P2102A04900,10003075
2020-12-24,XSHG,510300.XSHG,300ETF沽2月4935A,510300.XSHG,1.0,2021-02-24,2021-02-24,P,E,Option,10132.0,4.935,10003076,0.0,"09:31-11:30,13:01-15:00",510300P2102A05000,10003076
2020-12-24,XSHG,510300.XSHG,300ETF沽2月5182A,510300.XSHG,1.0,2021-02-24,2021-02-24,P,E,Option,10132.0,5.182,10003077,0.0,"09:31-11:30,13:01-15:00",510300P2102A05250,10003077
2020-12-24,XSHG,510300.XSHG,300ETF沽2月5428A,510300.XSHG,1.0,2021-02-24,2021-02-24,P,E,Option,10132.0,5.428,10003078,0.0,"09:31-11:30,13:01-15:00",510300P2102A05500,10003078
2020-12-24,XSHG,510300.XSHG,300ETF沽2月5675A,510300.XSHG,1.0,2021-02-24,2021-02-24,P,E,Option,10132.0,5.675,10003079,0.0,"09:31-11:30,13:01-15:00",510300P2102A05750,10003079
2020-12-24,XSHG,510300.XSHG,300ETF沽2月5922A,510300.XSHG,1.0,2021-02-24,2021-02-24,P,E,Option,10132.0,5.922,10003080,0.0,"09:31-11:30,13:01-15:00",510300P2102A06000,10003080
2020-12-29,XSHG,510300.XSHG,300ETF购2月6169A,510300.XSHG,1.0,2021-02-24,2021-02-24,C,E,Option,10132.0,6.169,10003081,0.0,"09:31-11:30,13:01-15:00",510300C2102A06250,10003081
2020-12-29,XSHG,510300.XSHG,300ETF沽2月6169A,510300.XSHG,1.0,2021-02-24,2021-02-24,P,E,Option,10132.0,6.169,10003082,0.0,"09:31-11:30,13:01-15:00",510300P2102A06250,10003082
2021-01-06,XSHG,510300.XSHG,300ETF购1月6415A,510300.XSHG,1.0,2021-01-27,2021-01-27,C,E,Option,10132.0,6.415,10003093,0.0,"09:31-11:30,13:01-15:00",510300C2101A06500,10003093
2021-01-06,XSHG,510300.XSHG,300ETF沽1月6415A,510300.XSHG,1.0,2021-01-27,2021-01-27,P,E,Option,10132.0,6.415,10003094,0.0,"09:31-11:30,13:01-15:00",510300P2101A06500,10003094
2021-01-06,XSHG,510300.XSHG,300ETF购2月6415A,510300.XSHG,1.0,2021-02-24,2021-02-24,C,E,Option,10132.0,6.415,10003095,0.0,"09:31-11:30,13:01-15:00",510300C2102A06500,10003095
2021-01-06,XSHG,510300.XSHG,300ETF沽2月6415A,510300.XSHG,1.0,2021-02-24,2021-02-24,P,E,Option,10132.0,6.415,10003096,0.0,"09:31-11:30,13:01-15:00",510300P2102A06500,10003096
2021-01-06,XSHG,510300.XSHG,300ETF购3月6415A,510300.XSHG,1.0,2021-03-24,2021-03-24,C,E,Option,10132.0,6.415,10003097,0.0,"09:31-11:30,13:01-15:00",510300C2103A06500,10003097
2021-01-06,XSHG,510300.XSHG,300ETF沽3月6415A,510300.XSHG,1.0,2021-03-24,2021-03-24,P,E,Option,10132.0,6.415,10003098,0.0,"09:31-11:30,13:01-15:00",510300P2103A06500,10003098
2021-01-06,XSHG,510300.XSHG,300ETF购6月6415A,510300.XSHG,1.0,2021-06-23,2021-06-23,C,E,Option,10132.0,6.415,10003099,0.0,"09:31-11:30,13:01-15:00",510300C2106A06500,10003099
2021-01-06,XSHG,510300.XSHG,300ETF沽6月6415A,510300.XSHG,1.0,2021-06-23,2021-06-23,P,E,Option,10132.0,6.415,10003100,0.0,"09:31-11:30,13:01-15:00",510300P2106A06500,10003100
2021-01-13,XSHG,510300.XSHG,300ETF购1月6662A,510300.XSHG,1.0,2021-01-27,2021-01-27,C,E,Option,10132.0,6.662,10003117,0.0,"09:31-11:30,13:01-15:00",510300C2101A06750,10003117
2021-01-13,XSHG,510300.XSHG,300ETF沽1月6662A,510300.XSHG,1.0,2021-01-27,2021-01-27,P,E,Option,10132.0,6.662,10003118,0.0,"09:31-11:30,13:01-15:00",510300P2101A06750,10003118
2021-01-13,XSHG,510300.XSHG,300ETF购2月6662A,510300.XSHG,1.0,2021-02-24,2021-02-24,C,E,Option,10132.0,6.662,10003119,0.0,"09:31-11:30,13:01-15:00",510300C2102A06750,10003119
2021-01-13,XSHG,510300.XSHG,300ETF沽2月6662A,510300.XSHG,1.0,2021-02-24,2021-02-24,P,E,Option,10132.0,6.662,10003120,0.0,"09:31-11:30,13:01-15:00",510300P2102A06750,10003120
2021-01-13,XSHG,510300.XSHG,300ETF购3月6662A,510300.XSHG,1.0,2021-03-24,2021-03-24,C,E,Option,10132.0,6.662,10003121,0.0,"09:31-11:30,13:01-15:00",510300C2103A06750,10003121
2021-01-13,XSHG,510300.XSHG,300ETF沽3月6662A,510300.XSHG,1.0,2021-03-24,2021-03-24,P,E,Option,10132.0,6.662,10003122,0.0,"09:31-11:30,13:01-15:00",510300P2103A06750,10003122
2021-01-13,XSHG,510300.XSHG,300ETF购6月6662A,510300.XSHG,1.0,2021-06-23,2021-06-23,C,E,Option,10132.0,6.662,10003123,0.0,"09:31-11:30,13:01-15:00",510300C2106A06750,10003123
2021-01-13,XSHG,510300.XSHG,300ETF沽6月6662A,510300.XSHG,1.0,2021-06-23,2021-06-23,P,E,Option,10132.0,6.662,10003124,0.0,"09:31-11:30,13:01-15:00",510300P2106A06750,10003124
2021-01-18,XSHG,510300.XSHG,300ETF购1月4800,510300.XSHG,1.0,2021-01-27,2021-01-27,C,E,Option,10000.0,4.8,10003125,0.0,"09:31-11:30,13:01-15:00",510300C2101M04800,10003125
2021-01-18,XSHG,510300.XSHG,300ETF购1月4900,510300.XSHG,1.0,2021-01-27,2021-01-27,C,E,Option,10000.0,4.9,10003126,0.0,"09:31-11:30,13:01-15:00",510300C2101M04900,10003126
2021-01-18,XSHG,510300.XSHG,300ETF购1月5000,510300.XSHG,1.0,2021-01-27,2021-01-27,C,E,Option,10000.0,5.0,10003127,0.0,"09:31-11:30,13:01-15:00",510300C2101M05000,10003127
2021-01-18,XSHG,510300.XSHG,300ETF购1月5250,510300.XSHG,1.0,2021-01-27,2021-01-27,C,E,Option,10000.0,5.25,10003128,0.0,"09:31-11:30,13:01-15:00",510300C2101M05250,10003128
2021-01-18,XSHG,510300.XSHG,300ETF购1月5500,510300.XSHG,1.0,2021-01-27,2021-01-27,C,E,Option,10000.0,5.5,10003129,0.0,"09:31-11:30,13:01-15:00",510300C2101M05500,10003129
2021-01-18,XSHG,510300.XSHG,300ETF购1月5750,510300.XSHG,1.0,2021-01-27,2021-01-27,C,E,Option,10000.0,5.75,10003130,0.0,"09:31-11:30,13:01-15:00",510300C2101M05750,10003130
2021-01-18,XSHG,510300.XSHG,300ETF购1月6000,510300.XSHG,1.0,2021-01-27,2021-01-27,C,E,Option,10000.0,6.0,10003131,0.0,"09:31-11:30,13:01-15:00",510300C2101M06000,10003131
2021-01-18,XSHG,510300.XSHG,300ETF购1月6250,510300.XSHG,1.0,2021-01-27,2021-01-27,C,E,Option,10000.0,6.25,10003132,0.0,"09:31-11:30,13:01-15:00",510300C2101M06250,10003132
2021-01-18,XSHG,510300.XSHG,300ETF购1月6500,510300.XSHG,1.0,2021-01-27,2021-01-27,C,E,Option,10000.0,6.5,10003133,0.0,"09:31-11:30,13:01-15:00",510300C2101M06500,10003133
2021-01-18,XSHG,510300.XSHG,300ETF沽1月4800,510300.XSHG,1.0,2021-01-27,2021-01-27,P,E,Option,10000.0,4.8,10003134,0.0,"09:31-11:30,13:01-15:00",510300P2101M04800,10003134
2021-01-18,XSHG,510300.XSHG,300ETF沽1月4900,510300.XSHG,1.0,2021-01-27,2021-01-27,P,E,Option,10000.0,4.9,10003135,0.0,"09:31-11:30,13:01-15:00",510300P2101M04900,10003135
2021-01-18,XSHG,510300.XSHG,300ETF沽1月5000,510300.XSHG,1.0,2021-01-27,2021-01-27,P,E,Option,10000.0,5.0,10003136,0.0,"09:31-11:30,13:01-15:00",510300P2101M05000,10003136
2021-01-18,XSHG,510300.XSHG,300ETF沽1月5250,510300.XSHG,1.0,2021-01-27,2021-01-27,P,E,Option,10000.0,5.25,10003137,0.0,"09:31-11:30,13:01-15:00",510300P2101M05250,10003137
2021-01-18,XSHG,510300.XSHG,300ETF沽1月5500,510300.XSHG,1.0,2021-01-27,2021-01-27,P,E,Option,10000.0,5.5,10003138,0.0,"09:31-11:30,13:01-15:00",510300P2101M05500,10003138
2021-01-18,XSHG,510300.XSHG,300ETF沽1月5750,510300.XSHG,1.0,2021-01-27,2021-01-27,P,E,Option,10000.0,5.75,10003139,0.0,"09:31-11:30,13:01-15:00",510300P2101M05750,10003139
2021-01-18,XSHG,510300.XSHG,300ETF沽1月6000,510300.XSHG,1.0,2021-01-27,2021-01-27,P,E,Option,10000.0,6.0,10003140,0.0,"09:31-11:30,13:01-15:00",510300P2101M06000,10003140
2021-01-18,XSHG,510300.XSHG,300ETF沽1月6250,510300.XSHG,1.0,2021-01-27,2021-01-27,P,E,Option,10000.0,6.25,10003141,0.0,"09:31-11:30,13:01-15:00",510300P2101M06250,10003141
2021-01-18,XSHG,510300.XSHG,300ETF沽1月6500,510300.XSHG,1.0,2021-01-27,2021-01-27,P,E,Option,10000.0,6.5,10003142,0.0,"09:31-11:30,13:01-15:00",510300P2101M06500,10003142
2021-01-18,XSHG,510300.XSHG,300ETF购2月4800,510300.XSHG,1.0,2021-02-24,2021-02-24,C,E,Option,10000.0,4.8,10003143,0.0,"09:31-11:30,13:01-15:00",510300C2102M04800,10003143
2021-01-18,XSHG,510300.XSHG,300ETF购2月4900,510300.XSHG,1.0,2021-02-24,2021-02-24,C,E,Option,10000.0,4.9,10003144,0.0,"09:31-11:30,13:01-15:00",510300C2102M04900,10003144
2021-01-18,XSHG,510300.XSHG,300ETF购2月5000,510300.XSHG,1.0,2021-02-24,2021-02-24,C,E,Option,10000.0,5.0,10003145,0.0,"09:31-11:30,13:01-15:00",510300C2102M05000,10003145
2021-01-18,XSHG,510300.XSHG,300ETF购2月5250,510300.XSHG,1.0,2021-02-24,2021-02-24,C,E,Option,10000.0,5.25,10003146,0.0,"09:31-11:30,13:01-15:00",510300C2102M05250,10003146
2021-01-18,XSHG,510300.XSHG,300ETF购2月5500,510300.XSHG,1.0,2021-02-24,2021-02-24,C,E,Option,10000.0,5.5,10003147,0.0,"09:31-11:30,13:01-15:00",510300C2102M05500,10003147
2021-01-18,XSHG,510300.XSHG,300ETF购2月5750,510300.XSHG,1.0,2021-02-24,2021-02-24,C,E,Option,10000.0,5.75,10003148,0.0,"09:31-11:30,13:01-15:00",510300C2102M05750,10003148
2021-01-18,XSHG,510300.XSHG,300ETF购2月6000,510300.XSHG,1.0,2021-02-24,2021-02-24,C,E,Option,10000.0,6.0,10003149,0.0,"09:31-11:30,13:01-15:00",510300C2102M06000,10003149
2021-01-18,XSHG,510300.XSHG,300ETF购2月6250,510300.XSHG,1.0,2021-02-24,2021-02-24,C,E,Option,10000.0,6.25,10003150,0.0,"09:31-11:30,13:01-15:00",510300C2102M06250,10003150
2021-01-18,XSHG,510300.XSHG,300ETF购2月6500,510300.XSHG,1.0,2021-02-24,2021-02-24,C,E,Option,10000.0,6.5,10003151,0.0,"09:31-11:30,13:01-15:00",510300C2102M06500,10003151
2021-01-18,XSHG,510300.XSHG,300ETF沽2月4800,510300.XSHG,1.0,2021-02-24,2021-02-24,P,E,Option,10000.0,4.8,10003152,0.0,"09:31-11:30,13:01-15:00",510300P2102M04800,10003152
2021-01-18,XSHG,510300.XSHG,300ETF沽2月4900,510300.XSHG,1.0,2021-02-24,2021-02-24,P,E,Option,10000.0,4.9,10003153,0.0,"09:31-11:30,13:01-15:00",510300P2102M04900,10003153
2021-01-18,XSHG,510300.XSHG,300ETF沽2月5000,510300.XSHG,1.0,2021-02-24,2021-02-24,P,E,Option,10000.0,5.0,10003154,0.0,"09:31-11:30,13:01-15:00",510300P2102M05000,10003154
2021-01-18,XSHG,510300.XSHG,300ETF沽2月5250,510300.XSHG,1.0,2021-02-24,2021-02-24,P,E,Option,10000.0,5.25,10003155,0.0,"09:31-11:30,13:01-15:00",510300P2102M05250,10003155
2021-01-18,XSHG,510300.XSHG,300ETF沽2月5500,510300.XSHG,1.0,2021-02-24,2021-02-24,P,E,Option,10000.0,5.5,10003156,0.0,"09:31-11:30,13:01-15:00",510300P2102M05500,10003156
2021-01-18,XSHG,510300.XSHG,300ETF沽2月5750,510300.XSHG,1.0,2021-02-24,2021-02-24,P,E,Option,10000.0,5.75,10003157,0.0,"09:31-11:30,13:01-15:00",510300P2102M05750,10003157
2021-01-18,XSHG,510300.XSHG,300ETF沽2月6000,510300.XSHG,1.0,2021-02-24,2021-02-24,P,E,Option,10000.0,6.0,10003158,0.0,"09:31-11:30,13:01-15:00",510300P2102M06000,10003158
2021-01-18,XSHG,510300.XSHG,300ETF沽2月6250,510300.XSHG,1.0,2021-02-24,2021-02-24,P,E,Option,10000.0,6.25,10003159,0.0,"09:31-11:30,13:01-15:00",510300P2102M06250,10003159
2021-01-18,XSHG,510300.XSHG,300ETF沽2月6500,510300.XSHG,1.0,2021-02-24,2021-02-24,P,E,Option,10000.0,6.5,10003160,0.0,"09:31-11:30,13:01-15:00",510300P2102M06500,10003160
2021-01-18,XSHG,510300.XSHG,300ETF购3月4800,510300.XSHG,1.0,2021-03-24,2021-03-24,C,E,Option,10000.0,4.8,10003161,0.0,"09:31-11:30,13:01-15:00",510300C2103M04800,10003161
2021-01-18,XSHG,510300.XSHG,300ETF购3月4900,510300.XSHG,1.0,2021-03-24,2021-03-24,C,E,Option,10000.0,4.9,10003162,0.0,"09:31-11:30,13:01-15:00",510300C2103M04900,10003162
2021-01-18,XSHG,510300.XSHG,300ETF购3月5000,510300.XSHG,1.0,2021-03-24,2021-03-24,C,E,Option,10000.0,5.0,10003163,0.0,"09:31-11:30,13:01-15:00",510300C2103M05000,10003163
2021-01-18,XSHG,510300.XSHG,300ETF购3月5250,510300.XSHG,1.0,2021-03-24,2021-03-24,C,E,Option,10000.0,5.25,10003164,0.0,"09:31-11:30,13:01-15:00",510300C2103M05250,10003164
2021-01-18,XSHG,510300.XSHG,300ETF购3月5500,510300.XSHG,1.0,2021-03-24,2021-03-24,C,E,Option,10000.0,5.5,10003165,0.0,"09:31-11:30,13:01-15:00",510300C2103M05500,10003165
2021-01-18,XSHG,510300.XSHG,300ETF购3月5750,510300.XSHG,1.0,2021-03-24,2021-03-24,C,E,Option,10000.0,5.75,10003166,0.0,"09:31-11:30,13:01-15:00",510300C2103M05750,10003166
2021-01-18,XSHG,510300.XSHG,300ETF购3月6000,510300.XSHG,1.0,2021-03-24,2021-03-24,C,E,Option,10000.0,6.0,10003167,0.0,"09:31-11:30,13:01-15:00",510300C2103M06000,10003167
2021-01-18,XSHG,510300.XSHG,300ETF购3月6250,510300.XSHG,1.0,2021-03-24,2021-03-24,C,E,Option,10000.0,6.25,10003168,0.0,"09:31-11:30,13:01-15:00",510300C2103M06250,10003168
2021-01-18,XSHG,510300.XSHG,300ETF购3月6500,510300.XSHG,1.0,2021-03-24,2021-03-24,C,E,Option,10000.0,6.5,10003169,0.0,"09:31-11:30,13:01-15:00",510300C2103M06500,10003169
2021-01-18,XSHG,510300.XSHG,300ETF沽3月4800,510300.XSHG,1.0,2021-03-24,2021-03-24,P,E,Option,10000.0,4.8,10003170,0.0,"09:31-11:30,13:01-15:00",510300P2103M04800,10003170
2021-01-18,XSHG,510300.XSHG,300ETF沽3月4900,510300.XSHG,1.0,2021-03-24,2021-03-24,P,E,Option,10000.0,4.9,10003171,0.0,"09:31-11:30,13:01-15:00",510300P2103M04900,10003171
2021-01-18,XSHG,510300.XSHG,300ETF沽3月5000,510300.XSHG,1.0,2021-03-24,2021-03-24,P,E,Option,10000.0,5.0,10003172,0.0,"09:31-11:30,13:01-15:00",510300P2103M05000,10003172
2021-01-18,XSHG,510300.XSHG,300ETF沽3月5250,510300.XSHG,1.0,2021-03-24,2021-03-24,P,E,Option,10000.0,5.25,10003173,0.0,"09:31-11:30,13:01-15:00",510300P2103M05250,10003173
2021-01-18,XSHG,510300.XSHG,300ETF沽3月5500,510300.XSHG,1.0,2021-03-24,2021-03-24,P,E,Option,10000.0,5.5,10003174,0.0,"09:31-11:30,13:01-15:00",510300P2103M05500,10003174
2021-01-18,XSHG,510300.XSHG,300ETF沽3月5750,510300.XSHG,1.0,2021-03-24,2021-03-24,P,E,Option,10000.0,5.75,10003175,0.0,"09:31-11:30,13:01-15:00",510300P2103M05750,10003175
2021-01-18,XSHG,510300.XSHG,300ETF沽3月6000,510300.XSHG,1.0,2021-03-24,2021-03-24,P,E,Option,10000.0,6.0,10003176,0.0,"09:31-11:30,13:01-15:00",510300P2103M06000,10003176
2021-01-18,XSHG,510300.XSHG,300ETF沽3月6250,510300.XSHG,1.0,2021-03-24,2021-03-24,P,E,Option,10000.0,6.25,10003177,0.0,"09:31-11:30,13:01-15:00",510300P2103M06250,10003177
2021-01-18,XSHG,510300.XSHG,300ETF沽3月6500,510300.XSHG,1.0,2021-03-24,2021-03-24,P,E,Option,10000.0,6.5,10003178,0.0,"09:31-11:30,13:01-15:00",510300P2103M06500,10003178
2021-01-18,XSHG,510300.XSHG,300ETF购6月4800,510300.XSHG,1.0,2021-06-23,2021-06-23,C,E,Option,10000.0,4.8,10003179,0.0,"09:31-11:30,13:01-15:00",510300C2106M04800,10003179
2021-01-18,XSHG,510300.XSHG,300ETF购6月4900,510300.XSHG,1.0,2021-06-23,2021-06-23,C,E,Option,10000.0,4.9,10003180,0.0,"09:31-11:30,13:01-15:00",510300C2106M04900,10003180
2021-01-18,XSHG,510300.XSHG,300ETF购6月5000,510300.XSHG,1.0,2021-06-23,2021-06-23,C,E,Option,10000.0,5.0,10003181,0.0,"09:31-11:30,13:01-15:00",510300C2106M05000,10003181
2021-01-18,XSHG,510300.XSHG,300ETF购6月5250,510300.XSHG,1.0,2021-06-23,2021-06-23,C,E,Option,10000.0,5.25,10003182,0.0,"09:31-11:30,13:01-15:00",510300C2106M05250,10003182
2021-01-18,XSHG,510300.XSHG,300ETF购6月5500,510300.XSHG,1.0,2021-06-23,2021-06-23,C,E,Option,10000.0,5.5,10003183,0.0,"09:31-11:30,13:01-15:00",510300C2106M05500,10003183
2021-01-18,XSHG,510300.XSHG,300ETF购6月5750,510300.XSHG,1.0,2021-06-23,2021-06-23,C,E,Option,10000.0,5.75,10003184,0.0,"09:31-11:30,13:01-15:00",510300C2106M05750,10003184
2021-01-18,XSHG,510300.XSHG,300ETF购6月6000,510300.XSHG,1.0,2021-06-23,2021-06-23,C,E,Option,10000.0,6.0,10003185,0.0,"09:31-11:30,13:01-15:00",510300C2106M06000,10003185
2021-01-18,XSHG,510300.XSHG,300ETF购6月6250,510300.XSHG,1.0,2021-06-23,2021-06-23,C,E,Option,10000.0,6.25,10003186,0.0,"09:31-11:30,13:01-15:00",510300C2106M06250,10003186
2021-01-18,XSHG,510300.XSHG,300ETF购6月6500,510300.XSHG,1.0,2021-06-23,2021-06-23,C,E,Option,10000.0,6.5,10003187,0.0,"09:31-11:30,13:01-15:00",510300C2106M06500,10003187
2021-01-18,XSHG,510300.XSHG,300ETF沽6月4800,510300.XSHG,1.0,2021-06-23,2021-06-23,P,E,Option,10000.0,4.8,10003188,0.0,"09:31-11:30,13:01-15:00",510300P2106M04800,10003188
2021-01-18,XSHG,510300.XSHG,300ETF沽6月4900,510300.XSHG,1.0,2021-06-23,2021-06-23,P,E,Option,10000.0,4.9,10003189,0.0,"09:31-11:30,13:01-15:00",510300P2106M04900,10003189
2021-01-18,XSHG,510300.XSHG,300ETF沽6月5000,510300.XSHG,1.0,2021-06-23,2021-06-23,P,E,Option,10000.0,5.0,10003190,0.0,"09:31-11:30,13:01-15:00",510300P2106M05000,10003190
2021-01-18,XSHG,510300.XSHG,300ETF沽6月5250,510300.XSHG,1.0,2021-06-23,2021-06-23,P,E,Option,10000.0,5.25,10003191,0.0,"09:31-11:30,13:01-15:00",510300P2106M05250,10003191
2021-01-18,XSHG,510300.XSHG,300ETF沽6月5500,510300.XSHG,1.0,2021-06-23,2021-06-23,P,E,Option,10000.0,5.5,10003192,0.0,"09:31-11:30,13:01-15:00",510300P2106M05500,10003192
2021-01-18,XSHG,510300.XSHG,300ETF沽6月5750,510300.XSHG,1.0,2021-06-23,2021-06-23,P,E,Option,10000.0,5.75,10003193,0.0,"09:31-11:30,13:01-15:00",510300P2106M05750,10003193
2021-01-18,XSHG,510300.XSHG,300ETF沽6月6000,510300.XSHG,1.0,2021-06-23,2021-06-23,P,E,Option,10000.0,6.0,10003194,0.0,"09:31-11:30,13:01-15:00",510300P2106M06000,10003194
2021-01-18,XSHG,510300.XSHG,300ETF沽6月6250,510300.XSHG,1.0,2021-06-23,2021-06-23,P,E,Option,10000.0,6.25,10003195,0.0,"09:31-11:30,13:01-15:00",510300P2106M06250,10003195
2021-01-18,XSHG,510300.XSHG,300ETF沽6月6500,510300.XSHG,1.0,2021-06-23,2021-06-23,P,E,Option,10000.0,6.5,10003196,0.0,"09:31-11:30,13:01-15:00",510300P2106M06500,10003196
2021-01-26,XSHG,510300.XSHG,300ETF购1月6750,510300.XSHG,1.0,2021-01-27,2021-01-27,C,E,Option,10000.0,6.75,10003197,0.0,"09:31-11:30,13:01-15:00",510300C2101M06750,10003197
2021-01-26,XSHG,510300.XSHG,300ETF沽1月6750,510300.XSHG,1.0,2021-01-27,2021-01-27,P,E,Option,10000.0,6.75,10003198,0.0,"09:31-11:30,13:01-15:00",510300P2101M06750,10003198
2021-01-26,XSHG,510300.XSHG,300ETF购2月6750,510300.XSHG,1.0,2021-02-24,2021-02-24,C,E,Option,10000.0,6.75,10003199,0.0,"09:31-11:30,13:01-15:00",510300C2102M06750,10003199
2021-01-26,XSHG,510300.XSHG,300ETF沽2月6750,510300.XSHG,1.0,2021-02-24,2021-02-24,P,E,Option,10000.0,6.75,10003200,0.0,"09:31-11:30,13:01-15:00",510300P2102M06750,10003200
2021-01-26,XSHG,510300.XSHG,300ETF购3月6750,510300.XSHG,1.0,2021-03-24,2021-03-24,C,E,Option,10000.0,6.75,10003201,0.0,"09:31-11:30,13:01-15:00",510300C2103M06750,10003201
2021-01-26,XSHG,510300.XSHG,300ETF沽3月6750,510300.XSHG,1.0,2021-03-24,2021-03-24,P,E,Option,10000.0,6.75,10003202,0.0,"09:31-11:30,13:01-15:00",510300P2103M06750,10003202
2021-01-26,XSHG,510300.XSHG,300ETF购6月6750,510300.XSHG,1.0,2021-06-23,2021-06-23,C,E,Option,10000.0,6.75,10003203,0.0,"09:31-11:30,13:01-15:00",510300C2106M06750,10003203
2021-01-26,XSHG,510300.XSHG,300ETF沽6月6750,510300.XSHG,1.0,2021-06-23,2021-06-23,P,E,Option,10000.0,6.75,10003204,0.0,"09:31-11:30,13:01-15:00",510300P2106M06750,10003204
2021-01-28,XSHG,510300.XSHG,300ETF购9月4800,510300.XSHG,1.0,2021-09-22,2021-09-22,C,E,Option,10000.0,4.8,10003223,0.0,"09:31-11:30,13:01-15:00",510300C2109M04800,10003223
2021-01-28,XSHG,510300.XSHG,300ETF购9月4900,510300.XSHG,1.0,2021-09-22,2021-09-22,C,E,Option,10000.0,4.9,10003224,0.0,"09:31-11:30,13:01-15:00",510300C2109M04900,10003224
2021-01-28,XSHG,510300.XSHG,300ETF购9月5000,510300.XSHG,1.0,2021-09-22,2021-09-22,C,E,Option,10000.0,5.0,10003225,0.0,"09:31-11:30,13:01-15:00",510300C2109M05000,10003225
2021-01-28,XSHG,510300.XSHG,300ETF购9月5250,510300.XSHG,1.0,2021-09-22,2021-09-22,C,E,Option,10000.0,5.25,10003226,0.0,"09:31-11:30,13:01-15:00",510300C2109M05250,10003226
2021-01-28,XSHG,510300.XSHG,300ETF购9月5500,510300.XSHG,1.0,2021-09-22,2021-09-22,C,E,Option,10000.0,5.5,10003227,0.0,"09:31-11:30,13:01-15:00",510300C2109M05500,10003227
2021-01-28,XSHG,510300.XSHG,300ETF购9月5750,510300.XSHG,1.0,2021-09-22,2021-09-22,C,E,Option,10000.0,5.75,10003228,0.0,"09:31-11:30,13:01-15:00",510300C2109M05750,10003228
2021-01-28,XSHG,510300.XSHG,300ETF购9月6000,510300.XSHG,1.0,2021-09-22,2021-09-22,C,E,Option,10000.0,6.0,10003229,0.0,"09:31-11:30,13:01-15:00",510300C2109M06000,10003229
2021-01-28,XSHG,510300.XSHG,300ETF购9月6250,510300.XSHG,1.0,2021-09-22,2021-09-22,C,E,Option,10000.0,6.25,10003230,0.0,"09:31-11:30,13:01-15:00",510300C2109M06250,10003230
2021-01-28,XSHG,510300.XSHG,300ETF购9月6500,510300.XSHG,1.0,2021-09-22,2021-09-22,C,E,Option,10000.0,6.5,10003231,0.0,"09:31-11:30,13:01-15:00",510300C2109M06500,10003231
2021-01-28,XSHG,510300.XSHG,300ETF沽9月4800,510300.XSHG,1.0,2021-09-22,2021-09-22,P,E,Option,10000.0,4.8,10003232,0.0,"09:31-11:30,13:01-15:00",510300P2109M04800,10003232
2021-01-28,XSHG,510300.XSHG,300ETF沽9月4900,510300.XSHG,1.0,2021-09-22,2021-09-22,P,E,Option,10000.0,4.9,10003233,0.0,"09:31-11:30,13:01-15:00",510300P2109M04900,10003233
2021-01-28,XSHG,510300.XSHG,300ETF沽9月5000,510300.XSHG,1.0,2021-09-22,2021-09-22,P,E,Option,10000.0,5.0,10003234,0.0,"09:31-11:30,13:01-15:00",510300P2109M05000,10003234
2021-01-28,XSHG,510300.XSHG,300ETF沽9月5250,510300.XSHG,1.0,2021-09-22,2021-09-22,P,E,Option,10000.0,5.25,10003235,0.0,"09:31-11:30,13:01-15:00",510300P2109M05250,10003235
2021-01-28,XSHG,510300.XSHG,300ETF沽9月5500,510300.XSHG,1.0,2021-09-22,2021-09-22,P,E,Option,10000.0,5.5,10003236,0.0,"09:31-11:30,13:01-15:00",510300P2109M05500,10003236
2021-01-28,XSHG,510300.XSHG,300ETF沽9月5750,510300.XSHG,1.0,2021-09-22,2021-09-22,P,E,Option,10000.0,5.75,10003237,0.0,"09:31-11:30,13:01-15:00",510300P2109M05750,10003237
2021-01-28,XSHG,510300.XSHG,300ETF沽9月6000,510300.XSHG,1.0,2021-09-22,2021-09-22,P,E,Option,10000.0,6.0,10003238,0.0,"09:31-11:30,13:01-15:00",510300P2109M06000,10003238
2021-01-28,XSHG,510300.XSHG,300ETF沽9月6250,510300.XSHG,1.0,2021-09-22,2021-09-22,P,E,Option,10000.0,6.25,10003239,0.0,"09:31-11:30,13:01-15:00",510300P2109M06250,10003239
2021-01-28,XSHG,510300.XSHG,300ETF沽9月6500,510300.XSHG,1.0,2021-09-22,2021-09-22,P,E,Option,10000.0,6.5,10003240,0.0,"09:31-11:30,13:01-15:00",510300P2109M06500,10003240
2021-02-01,XSHG,510300.XSHG,300ETF购2月4700,510300.XSHG,1.0,2021-02-24,2021-02-24,C,E,Option,10000.0,4.7,10003243,0.0,"09:31-11:30,13:01-15:00",510300C2102M04700,10003243
2021-02-01,XSHG,510300.XSHG,300ETF沽2月4700,510300.XSHG,1.0,2021-02-24,2021-02-24,P,E,Option,10000.0,4.7,10003244,0.0,"09:31-11:30,13:01-15:00",510300P2102M04700,10003244
2021-02-01,XSHG,510300.XSHG,300ETF购3月4700,510300.XSHG,1.0,2021-03-24,2021-03-24,C,E,Option,10000.0,4.7,10003245,0.0,"09:31-11:30,13:01-15:00",510300C2103M04700,10003245
2021-02-01,XSHG,510300.XSHG,300ETF沽3月4700,510300.XSHG,1.0,2021-03-24,2021-03-24,P,E,Option,10000.0,4.7,10003246,0.0,"09:31-11:30,13:01-15:00",510300P2103M04700,10003246
2021-02-01,XSHG,510300.XSHG,300ETF购6月4700,510300.XSHG,1.0,2021-06-23,2021-06-23,C,E,Option,10000.0,4.7,10003247,0.0,"09:31-11:30,13:01-15:00",510300C2106M04700,10003247
2021-02-01,XSHG,510300.XSHG,300ETF沽6月4700,510300.XSHG,1.0,2021-06-23,2021-06-23,P,E,Option,10000.0,4.7,10003248,0.0,"09:31-11:30,13:01-15:00",510300P2106M04700,10003248
2021-02-01,XSHG,510300.XSHG,300ETF购9月4700,510300.XSHG,1.0,2021-09-22,2021-09-22,C,E,Option,10000.0,4.7,10003249,0.0,"09:31-11:30,13:01-15:00",510300C2109M04700,10003249
2021-02-01,XSHG,510300.XSHG,300ETF沽9月4700,510300.XSHG,1.0,2021-09-22,2021-09-22,P,E,Option,10000.0,4.7,10003250,0.0,"09:31-11:30,13:01-15:00",510300P2109M04700,10003250
2021-02-10,XSHG,510300.XSHG,300ETF购9月6750,510300.XSHG,1.0,2021-09-22,2021-09-22,C,E,Option,10000.0,6.75,10003253,0.0,"09:31-11:30,13:01-15:00",510300C2109M06750,10003253
2021-02-10,XSHG,510300.XSHG,300ETF沽9月6750,510300.XSHG,1.0,2021-09-22,2021-09-22,P,E,Option,10000.0,6.75,10003254,0.0,"09:31-11:30,13:01-15:00",510300P2109M06750,10003254
2021-02-25,XSHG,510300.XSHG,300ETF购4月4800,510300.XSHG,1.0,2021-04-28,2021-04-28,C,E,Option,10000.0,4.8,10003281,0.0,"09:31-11:30,13:01-15:00",510300C2104M04800,10003281
2021-02-25,XSHG,510300.XSHG,300ETF购4月4900,510300.XSHG,1.0,2021-04-28,2021-04-28,C,E,Option,10000.0,4.9,10003282,0.0,"09:31-11:30,13:01-15:00",510300C2104M04900,10003282
2021-02-25,XSHG,510300.XSHG,300ETF购4月5000,510300.XSHG,1.0,2021-04-28,2021-04-28,C,E,Option,10000.0,5.0,10003283,0.0,"09:31-11:30,13:01-15:00",510300C2104M05000,10003283
2021-02-25,XSHG,510300.XSHG,300ETF购4月5250,510300.XSHG,1.0,2021-04-28,2021-04-28,C,E,Option,10000.0,5.25,10003284,0.0,"09:31-11:30,13:01-15:00",510300C2104M05250,10003284
2021-02-25,XSHG,510300.XSHG,300ETF购4月5500,510300.XSHG,1.0,2021-04-28,2021-04-28,C,E,Option,10000.0,5.5,10003285,0.0,"09:31-11:30,13:01-15:00",510300C2104M05500,10003285
2021-02-25,XSHG,510300.XSHG,300ETF购4月5750,510300.XSHG,1.0,2021-04-28,2021-04-28,C,E,Option,10000.0,5.75,10003286,0.0,"09:31-11:30,13:01-15:00",510300C2104M05750,10003286
2021-02-25,XSHG,510300.XSHG,300ETF购4月6000,510300.XSHG,1.0,2021-04-28,2021-04-28,C,E,Option,10000.0,6.0,10003287,0.0,"09:31-11:30,13:01-15:00",510300C2104M06000,10003287
2021-02-25,XSHG,510300.XSHG,300ETF购4月6250,510300.XSHG,1.0,2021-04-28,2021-04-28,C,E,Option,10000.0,6.25,10003288,0.0,"09:31-11:30,13:01-15:00",510300C2104M06250,10003288
2021-02-25,XSHG,510300.XSHG,300ETF购4月6500,510300.XSHG,1.0,2021-04-28,2021-04-28,C,E,Option,10000.0,6.5,10003289,0.0,"09:31-11:30,13:01-15:00",510300C2104M06500,10003289
2021-02-25,XSHG,510300.XSHG,300ETF沽4月4800,510300.XSHG,1.0,2021-04-28,2021-04-28,P,E,Option,10000.0,4.8,10003290,0.0,"09:31-11:30,13:01-15:00",510300P2104M04800,10003290
2021-02-25,XSHG,510300.XSHG,300ETF沽4月4900,510300.XSHG,1.0,2021-04-28,2021-04-28,P,E,Option,10000.0,4.9,10003291,0.0,"09:31-11:30,13:01-15:00",510300P2104M04900,10003291
2021-02-25,XSHG,510300.XSHG,300ETF沽4月5000,510300.XSHG,1.0,2021-04-28,2021-04-28,P,E,Option,10000.0,5.0,10003292,0.0,"09:31-11:30,13:01-15:00",510300P2104M05000,10003292
2021-02-25,XSHG,510300.XSHG,300ETF沽4月5250,510300.XSHG,1.0,2021-04-28,2021-04-28,P,E,Option,10000.0,5.25,10003293,0.0,"09:31-11:30,13:01-15:00",510300P2104M05250,10003293
2021-02-25,XSHG,510300.XSHG,300ETF沽4月5500,510300.XSHG,1.0,2021-04-28,2021-04-28,P,E,Option,10000.0,5.5,10003294,0.0,"09:31-11:30,13:01-15:00",510300P2104M05500,10003294
2021-02-25,XSHG,510300.XSHG,300ETF沽4月5750,510300.XSHG,1.0,2021-04-28,2021-04-28,P,E,Option,10000.0,5.75,10003295,0.0,"09:31-11:30,13:01-15:00",510300P2104M05750,10003295
2021-02-25,XSHG,510300.XSHG,300ETF沽4月6000,510300.XSHG,1.0,2021-04-28,2021-04-28,P,E,Option,10000.0,6.0,10003296,0.0,"09:31-11:30,13:01-15:00",510300P2104M06000,10003296
2021-02-25,XSHG,510300.XSHG,300ETF沽4月6250,510300.XSHG,1.0,2021-04-28,2021-04-28,P,E,Option,10000.0,6.25,10003297,0.0,"09:31-11:30,13:01-15:00",510300P2104M06250,10003297
2021-02-25,XSHG,510300.XSHG,300ETF沽4月6500,510300.XSHG,1.0,2021-04-28,2021-04-28,P,E,Option,10000.0,6.5,10003298,0.0,"09:31-11:30,13:01-15:00",510300P2104M06500,10003298
2021-03-01,XSHG,510300.XSHG,300ETF购4月4700,510300.XSHG,1.0,2021-04-28,2021-04-28,C,E,Option,10000.0,4.7,10003301,0.0,"09:31-11:30,13:01-15:00",510300C2104M04700,10003301
2021-03-01,XSHG,510300.XSHG,300ETF沽4月4700,510300.XSHG,1.0,2021-04-28,2021-04-28,P,E,Option,10000.0,4.7,10003302,0.0,"09:31-11:30,13:01-15:00",510300P2104M04700,10003302
2021-03-09,XSHG,510300.XSHG,300ETF购3月4600,510300.XSHG,1.0,2021-03-24,2021-03-24,C,E,Option,10000.0,4.6,10003307,0.0,"09:31-11:30,13:01-15:00",510300C2103M04600,10003307
2021-03-09,XSHG,510300.XSHG,300ETF沽3月4600,510300.XSHG,1.0,2021-03-24,2021-03-24,P,E,Option,10000.0,4.6,10003308,0.0,"09:31-11:30,13:01-15:00",510300P2103M04600,10003308
2021-03-09,XSHG,510300.XSHG,300ETF购4月4600,510300.XSHG,1.0,2021-04-28,2021-04-28,C,E,Option,10000.0,4.6,10003309,0.0,"09:31-11:30,13:01-15:00",510300C2104M04600,10003309
2021-03-09,XSHG,510300.XSHG,300ETF沽4月4600,510300.XSHG,1.0,2021-04-28,2021-04-28,P,E,Option,10000.0,4.6,10003310,0.0,"09:31-11:30,13:01-15:00",510300P2104M04600,10003310
2021-03-09,XSHG,510300.XSHG,300ETF购6月4600,510300.XSHG,1.0,2021-06-23,2021-06-23,C,E,Option,10000.0,4.6,10003311,0.0,"09:31-11:30,13:01-15:00",510300C2106M04600,10003311
2021-03-09,XSHG,510300.XSHG,300ETF沽6月4600,510300.XSHG,1.0,2021-06-23,2021-06-23,P,E,Option,10000.0,4.6,10003312,0.0,"09:31-11:30,13:01-15:00",510300P2106M04600,10003312
2021-03-09,XSHG,510300.XSHG,300ETF购9月4600,510300.XSHG,1.0,2021-09-22,2021-09-22,C,E,Option,10000.0,4.6,10003313,0.0,"09:31-11:30,13:01-15:00",510300C2109M04600,10003313
2021-03-09,XSHG,510300.XSHG,300ETF沽9月4600,510300.XSHG,1.0,2021-09-22,2021-09-22,P,E,Option,10000.0,4.6,10003314,0.0,"09:31-11:30,13:01-15:00",510300P2109M04600,10003314
2021-03-25,XSHG,510300.XSHG,300ETF购4月4500,510300.XSHG,1.0,2021-04-28,2021-04-28,C,E,Option,10000.0,4.5,10003319,0.0,"09:31-11:30,13:01-15:00",510300C2104M04500,10003319
2021-03-25,XSHG,510300.XSHG,300ETF沽4月4500,510300.XSHG,1.0,2021-04-28,2021-04-28,P,E,Option,10000.0,4.5,10003320,0.0,"09:31-11:30,13:01-15:00",510300P2104M04500,10003320
2021-03-25,XSHG,510300.XSHG,300ETF购6月4500,510300.XSHG,1.0,2021-06-23,2021-06-23,C,E,Option,10000.0,4.5,10003321,0.0,"09:31-11:30,13:01-15:00",510300C2106M04500,10003321
2021-03-25,XSHG,510300.XSHG,300ETF沽6月4500,510300.XSHG,1.0,2021-06-23,2021-06-23,P,E,Option,10000.0,4.5,10003322,0.0,"09:31-11:30,13:01-15:00",510300P2106M04500,10003322
2021-03-25,XSHG,510300.XSHG,300ETF购9月4500,510300.XSHG,1.0,2021-09-22,2021-09-22,C,E,Option,10000.0,4.5,10003323,0.0,"09:31-11:30,13:01-15:00",510300C2109M04500,10003323
2021-03-25,XSHG,510300.XSHG,300ETF沽9月4500,510300.XSHG,1.0,2021-09-22,2021-09-22,P,E,Option,10000.0,4.5,10003324,0.0,"09:31-11:30,13:01-15:00",510300P2109M04500,10003324
2021-03-25,XSHG,510300.XSHG,300ETF购5月4500,510300.XSHG,1.0,2021-05-26,2021-05-26,C,E,Option,10000.0,4.5,10003343,0.0,"09:31-11:30,13:01-15:00",510300C2105M04500,10003343
2021-03-25,XSHG,510300.XSHG,300ETF购5月4600,510300.XSHG,1.0,2021-05-26,2021-05-26,C,E,Option,10000.0,4.6,10003344,0.0,"09:31-11:30,13:01-15:00",510300C2105M04600,10003344
2021-03-25,XSHG,510300.XSHG,300ETF购5月4700,510300.XSHG,1.0,2021-05-26,2021-05-26,C,E,Option,10000.0,4.7,10003345,0.0,"09:31-11:30,13:01-15:00",510300C2105M04700,10003345
2021-03-25,XSHG,510300.XSHG,300ETF购5月4800,510300.XSHG,1.0,2021-05-26,2021-05-26,C,E,Option,10000.0,4.8,10003346,0.0,"09:31-11:30,13:01-15:00",510300C2105M04800,10003346
2021-03-25,XSHG,510300.XSHG,300ETF购5月4900,510300.XSHG,1.0,2021-05-26,2021-05-26,C,E,Option,10000.0,4.9,10003347,0.0,"09:31-11:30,13:01-15:00",510300C2105M04900,10003347
2021-03-25,XSHG,510300.XSHG,300ETF购5月5000,510300.XSHG,1.0,2021-05-26,2021-05-26,C,E,Option,10000.0,5.0,10003348,0.0,"09:31-11:30,13:01-15:00",510300C2105M05000,10003348
2021-03-25,XSHG,510300.XSHG,300ETF购5月5250,510300.XSHG,1.0,2021-05-26,2021-05-26,C,E,Option,10000.0,5.25,10003349,0.0,"09:31-11:30,13:01-15:00",510300C2105M05250,10003349
2021-03-25,XSHG,510300.XSHG,300ETF购5月5500,510300.XSHG,1.0,2021-05-26,2021-05-26,C,E,Option,10000.0,5.5,10003350,0.0,"09:31-11:30,13:01-15:00",510300C2105M05500,10003350
2021-03-25,XSHG,510300.XSHG,300ETF购5月5750,510300.XSHG,1.0,2021-05-26,2021-05-26,C,E,Option,10000.0,5.75,10003351,0.0,"09:31-11:30,13:01-15:00",510300C2105M05750,10003351
2021-03-25,XSHG,510300.XSHG,300ETF沽5月4500,510300.XSHG,1.0,2021-05-26,2021-05-26,P,E,Option,10000.0,4.5,10003352,0.0,"09:31-11:30,13:01-15:00",510300P2105M04500,10003352
2021-03-25,XSHG,510300.XSHG,300ETF沽5月4600,510300.XSHG,1.0,2021-05-26,2021-05-26,P,E,Option,10000.0,4.6,10003353,0.0,"09:31-11:30,13:01-15:00",510300P2105M04600,10003353
2021-03-25,XSHG,510300.XSHG,300ETF沽5月4700,510300.XSHG,1.0,2021-05-26,2021-05-26,P,E,Option,10000.0,4.7,10003354,0.0,"09:31-11:30,13:01-15:00",510300P2105M04700,10003354
2021-03-25,XSHG,510300.XSHG,300ETF沽5月4800,510300.XSHG,1.0,2021-05-26,2021-05-26,P,E,Option,10000.0,4.8,10003355,0.0,"09:31-11:30,13:01-15:00",510300P2105M04800,10003355
2021-03-25,XSHG,510300.XSHG,300ETF沽5月4900,510300.XSHG,1.0,2021-05-26,2021-05-26,P,E,Option,10000.0,4.9,10003356,0.0,"09:31-11:30,13:01-15:00",510300P2105M04900,10003356
2021-03-25,XSHG,510300.XSHG,300ETF沽5月5000,510300.XSHG,1.0,2021-05-26,2021-05-26,P,E,Option,10000.0,5.0,10003357,0.0,"09:31-11:30,13:01-15:00",510300P2105M05000,10003357
2021-03-25,XSHG,510300.XSHG,300ETF沽5月5250,510300.XSHG,1.0,2021-05-26,2021-05-26,P,E,Option,10000.0,5.25,10003358,0.0,"09:31-11:30,13:01-15:00",510300P2105M05250,10003358
2021-03-25,XSHG,510300.XSHG,300ETF沽5月5500,510300.XSHG,1.0,2021-05-26,2021-05-26,P,E,Option,10000.0,5.5,10003359,0.0,"09:31-11:30,13:01-15:00",510300P2105M05500,10003359
2021-03-25,XSHG,510300.XSHG,300ETF沽5月5750,510300.XSHG,1.0,2021-05-26,2021-05-26,P,E,Option,10000.0,5.75,10003360,0.0,"09:31-11:30,13:01-15:00",510300P2105M05750,10003360
2021-03-29,XSHG,510300.XSHG,300ETF购5月6000,510300.XSHG,1.0,2021-05-26,2021-05-26,C,E,Option,10000.0,6.0,10003361,0.0,"09:31-11:30,13:01-15:00",510300C2105M06000,10003361
2021-03-29,XSHG,510300.XSHG,300ETF沽5月6000,510300.XSHG,1.0,2021-05-26,2021-05-26,P,E,Option,10000.0,6.0,10003362,0.0,"09:31-11:30,13:01-15:00",510300P2105M06000,10003362
2021-04-06,XSHG,510300.XSHG,300ETF购5月6250,510300.XSHG,1.0,2021-05-26,2021-05-26,C,E,Option,10000.0,6.25,10003365,0.0,"09:31-11:30,13:01-15:00",510300C2105M06250,10003365
2021-04-06,XSHG,510300.XSHG,300ETF沽5月6250,510300.XSHG,1.0,2021-05-26,2021-05-26,P,E,Option,10000.0,6.25,10003366,0.0,"09:31-11:30,13:01-15:00",510300P2105M06250,10003366
2021-04-29,XSHG,510300.XSHG,300ETF购12月4700,510300.XSHG,1.0,2021-12-22,2021-12-22,C,E,Option,10000.0,4.7,10003391,0.0,"09:31-11:30,13:01-15:00",510300C2112M04700,10003391
2021-04-29,XSHG,510300.XSHG,300ETF购12月4800,510300.XSHG,1.0,2021-12-22,2021-12-22,C,E,Option,10000.0,4.8,10003392,0.0,"09:31-11:30,13:01-15:00",510300C2112M04800,10003392
2021-04-29,XSHG,510300.XSHG,300ETF购12月4900,510300.XSHG,1.0,2021-12-22,2021-12-22,C,E,Option,10000.0,4.9,10003393,0.0,"09:31-11:30,13:01-15:00",510300C2112M04900,10003393
2021-04-29,XSHG,510300.XSHG,300ETF购12月5000,510300.XSHG,1.0,2021-12-22,2021-12-22,C,E,Option,10000.0,5.0,10003394,0.0,"09:31-11:30,13:01-15:00",510300C2112M05000,10003394
2021-04-29,XSHG,510300.XSHG,300ETF购12月5250,510300.XSHG,1.0,2021-12-22,2021-12-22,C,E,Option,10000.0,5.25,10003395,0.0,"09:31-11:30,13:01-15:00",510300C2112M05250,10003395
2021-04-29,XSHG,510300.XSHG,300ETF购12月5500,510300.XSHG,1.0,2021-12-22,2021-12-22,C,E,Option,10000.0,5.5,10003396,0.0,"09:31-11:30,13:01-15:00",510300C2112M05500,10003396
2021-04-29,XSHG,510300.XSHG,300ETF购12月5750,510300.XSHG,1.0,2021-12-22,2021-12-22,C,E,Option,10000.0,5.75,10003397,0.0,"09:31-11:30,13:01-15:00",510300C2112M05750,10003397
2021-04-29,XSHG,510300.XSHG,300ETF购12月6000,510300.XSHG,1.0,2021-12-22,2021-12-22,C,E,Option,10000.0,6.0,10003398,0.0,"09:31-11:30,13:01-15:00",510300C2112M06000,10003398
2021-04-29,XSHG,510300.XSHG,300ETF购12月6250,510300.XSHG,1.0,2021-12-22,2021-12-22,C,E,Option,10000.0,6.25,10003399,0.0,"09:31-11:30,13:01-15:00",510300C2112M06250,10003399
2021-04-29,XSHG,510300.XSHG,300ETF沽12月4700,510300.XSHG,1.0,2021-12-22,2021-12-22,P,E,Option,10000.0,4.7,10003400,0.0,"09:31-11:30,13:01-15:00",510300P2112M04700,10003400
2021-04-29,XSHG,510300.XSHG,300ETF沽12月4800,510300.XSHG,1.0,2021-12-22,2021-12-22,P,E,Option,10000.0,4.8,10003401,0.0,"09:31-11:30,13:01-15:00",510300P2112M04800,10003401
2021-04-29,XSHG,510300.XSHG,300ETF沽12月4900,510300.XSHG,1.0,2021-12-22,2021-12-22,P,E,Option,10000.0,4.9,10003402,0.0,"09:31-11:30,13:01-15:00",510300P2112M04900,10003402
2021-04-29,XSHG,510300.XSHG,300ETF沽12月5000,510300.XSHG,1.0,2021-12-22,2021-12-22,P,E,Option,10000.0,5.0,10003403,0.0,"09:31-11:30,13:01-15:00",510300P2112M05000,10003403
2021-04-29,XSHG,510300.XSHG,300ETF沽12月5250,510300.XSHG,1.0,2021-12-22,2021-12-22,P,E,Option,10000.0,5.25,10003404,0.0,"09:31-11:30,13:01-15:00",510300P2112M05250,10003404
2021-04-29,XSHG,510300.XSHG,300ETF沽12月5500,510300.XSHG,1.0,2021-12-22,2021-12-22,P,E,Option,10000.0,5.5,10003405,0.0,"09:31-11:30,13:01-15:00",510300P2112M05500,10003405
2021-04-29,XSHG,510300.XSHG,300ETF沽12月5750,510300.XSHG,1.0,2021-12-22,2021-12-22,P,E,Option,10000.0,5.75,10003406,0.0,"09:31-11:30,13:01-15:00",510300P2112M05750,10003406
2021-04-29,XSHG,510300.XSHG,300ETF沽12月6000,510300.XSHG,1.0,2021-12-22,2021-12-22,P,E,Option,10000.0,6.0,10003407,0.0,"09:31-11:30,13:01-15:00",510300P2112M06000,10003407
2021-04-29,XSHG,510300.XSHG,300ETF沽12月6250,510300.XSHG,1.0,2021-12-22,2021-12-22,P,E,Option,10000.0,6.25,10003408,0.0,"09:31-11:30,13:01-15:00",510300P2112M06250,10003408
2021-05-07,XSHG,510300.XSHG,300ETF购12月4600,510300.XSHG,1.0,2021-12-22,2021-12-22,C,E,Option,10000.0,4.6,10003411,0.0,"09:31-11:30,13:01-15:00",510300C2112M04600,10003411
2021-05-07,XSHG,510300.XSHG,300ETF沽12月4600,510300.XSHG,1.0,2021-12-22,2021-12-22,P,E,Option,10000.0,4.6,10003412,0.0,"09:31-11:30,13:01-15:00",510300P2112M04600,10003412
2021-05-27,XSHG,510300.XSHG,300ETF购7月4700,510300.XSHG,1.0,2021-07-28,2021-07-28,C,E,Option,10000.0,4.7,10003433,0.0,"09:31-11:30,13:01-15:00",510300C2107M04700,10003433
2021-05-27,XSHG,510300.XSHG,300ETF购7月4800,510300.XSHG,1.0,2021-07-28,2021-07-28,C,E,Option,10000.0,4.8,10003434,0.0,"09:31-11:30,13:01-15:00",510300C2107M04800,10003434
2021-05-27,XSHG,510300.XSHG,300ETF购7月4900,510300.XSHG,1.0,2021-07-28,2021-07-28,C,E,Option,10000.0,4.9,10003435,0.0,"09:31-11:30,13:01-15:00",510300C2107M04900,10003435
2021-05-27,XSHG,510300.XSHG,300ETF购7月5000,510300.XSHG,1.0,2021-07-28,2021-07-28,C,E,Option,10000.0,5.0,10003436,0.0,"09:31-11:30,13:01-15:00",510300C2107M05000,10003436
2021-05-27,XSHG,510300.XSHG,300ETF购7月5250,510300.XSHG,1.0,2021-07-28,2021-07-28,C,E,Option,10000.0,5.25,10003437,0.0,"09:31-11:30,13:01-15:00",510300C2107M05250,10003437
2021-05-27,XSHG,510300.XSHG,300ETF购7月5500,510300.XSHG,1.0,2021-07-28,2021-07-28,C,E,Option,10000.0,5.5,10003438,0.0,"09:31-11:30,13:01-15:00",510300C2107M05500,10003438
2021-05-27,XSHG,510300.XSHG,300ETF购7月5750,510300.XSHG,1.0,2021-07-28,2021-07-28,C,E,Option,10000.0,5.75,10003439,0.0,"09:31-11:30,13:01-15:00",510300C2107M05750,10003439
2021-05-27,XSHG,510300.XSHG,300ETF购7月6000,510300.XSHG,1.0,2021-07-28,2021-07-28,C,E,Option,10000.0,6.0,10003440,0.0,"09:31-11:30,13:01-15:00",510300C2107M06000,10003440
2021-05-27,XSHG,510300.XSHG,300ETF购7月6250,510300.XSHG,1.0,2021-07-28,2021-07-28,C,E,Option,10000.0,6.25,10003441,0.0,"09:31-11:30,13:01-15:00",510300C2107M06250,10003441
2021-05-27,XSHG,510300.XSHG,300ETF沽7月4700,510300.XSHG,1.0,2021-07-28,2021-07-28,P,E,Option,10000.0,4.7,10003442,0.0,"09:31-11:30,13:01-15:00",510300P2107M04700,10003442
2021-05-27,XSHG,510300.XSHG,300ETF沽7月4800,510300.XSHG,1.0,2021-07-28,2021-07-28,P,E,Option,10000.0,4.8,10003443,0.0,"09:31-11:30,13:01-15:00",510300P2107M04800,10003443
2021-05-27,XSHG,510300.XSHG,300ETF沽7月4900,510300.XSHG,1.0,2021-07-28,2021-07-28,P,E,Option,10000.0,4.9,10003444,0.0,"09:31-11:30,13:01-15:00",510300P2107M04900,10003444
2021-05-27,XSHG,510300.XSHG,300ETF沽7月5000,510300.XSHG,1.0,2021-07-28,2021-07-28,P,E,Option,10000.0,5.0,10003445,0.0,"09:31-11:30,13:01-15:00",510300P2107M05000,10003445
2021-05-27,XSHG,510300.XSHG,300ETF沽7月5250,510300.XSHG,1.0,2021-07-28,2021-07-28,P,E,Option,10000.0,5.25,10003446,0.0,"09:31-11:30,13:01-15:00",510300P2107M05250,10003446
2021-05-27,XSHG,510300.XSHG,300ETF沽7月5500,510300.XSHG,1.0,2021-07-28,2021-07-28,P,E,Option,10000.0,5.5,10003447,0.0,"09:31-11:30,13:01-15:00",510300P2107M05500,10003447
2021-05-27,XSHG,510300.XSHG,300ETF沽7月5750,510300.XSHG,1.0,2021-07-28,2021-07-28,P,E,Option,10000.0,5.75,10003448,0.0,"09:31-11:30,13:01-15:00",510300P2107M05750,10003448
2021-05-27,XSHG,510300.XSHG,300ETF沽7月6000,510300.XSHG,1.0,2021-07-28,2021-07-28,P,E,Option,10000.0,6.0,10003449,0.0,"09:31-11:30,13:01-15:00",510300P2107M06000,10003449
2021-05-27,XSHG,510300.XSHG,300ETF沽7月6250,510300.XSHG,1.0,2021-07-28,2021-07-28,P,E,Option,10000.0,6.25,10003450,0.0,"09:31-11:30,13:01-15:00",510300P2107M06250,10003450
2021-06-17,XSHG,510300.XSHG,300ETF购7月4600,510300.XSHG,1.0,2021-07-28,2021-07-28,C,E,Option,10000.0,4.6,10003457,0.0,"09:31-11:30,13:01-15:00",510300C2107M04600,10003457
2021-06-17,XSHG,510300.XSHG,300ETF沽7月4600,510300.XSHG,1.0,2021-07-28,2021-07-28,P,E,Option,10000.0,4.6,10003458,0.0,"09:31-11:30,13:01-15:00",510300P2107M04600,10003458
2021-06-24,XSHG,510300.XSHG,300ETF购8月4700,510300.XSHG,1.0,2021-08-25,2021-08-25,C,E,Option,10000.0,4.7,10003479,0.0,"09:31-11:30,13:01-15:00",510300C2108M04700,10003479
2021-06-24,XSHG,510300.XSHG,300ETF购8月4800,510300.XSHG,1.0,2021-08-25,2021-08-25,C,E,Option,10000.0,4.8,10003480,0.0,"09:31-11:30,13:01-15:00",510300C2108M04800,10003480
2021-06-24,XSHG,510300.XSHG,300ETF购8月4900,510300.XSHG,1.0,2021-08-25,2021-08-25,C,E,Option,10000.0,4.9,10003481,0.0,"09:31-11:30,13:01-15:00",510300C2108M04900,10003481
2021-06-24,XSHG,510300.XSHG,300ETF购8月5000,510300.XSHG,1.0,2021-08-25,2021-08-25,C,E,Option,10000.0,5.0,10003482,0.0,"09:31-11:30,13:01-15:00",510300C2108M05000,10003482
2021-06-24,XSHG,510300.XSHG,300ETF购8月5250,510300.XSHG,1.0,2021-08-25,2021-08-25,C,E,Option,10000.0,5.25,10003483,0.0,"09:31-11:30,13:01-15:00",510300C2108M05250,10003483
2021-06-24,XSHG,510300.XSHG,300ETF购8月5500,510300.XSHG,1.0,2021-08-25,2021-08-25,C,E,Option,10000.0,5.5,10003484,0.0,"09:31-11:30,13:01-15:00",510300C2108M05500,10003484
2021-06-24,XSHG,510300.XSHG,300ETF购8月5750,510300.XSHG,1.0,2021-08-25,2021-08-25,C,E,Option,10000.0,5.75,10003485,0.0,"09:31-11:30,13:01-15:00",510300C2108M05750,10003485
2021-06-24,XSHG,510300.XSHG,300ETF购8月6000,510300.XSHG,1.0,2021-08-25,2021-08-25,C,E,Option,10000.0,6.0,10003486,0.0,"09:31-11:30,13:01-15:00",510300C2108M06000,10003486
2021-06-24,XSHG,510300.XSHG,300ETF购8月6250,510300.XSHG,1.0,2021-08-25,2021-08-25,C,E,Option,10000.0,6.25,10003487,0.0,"09:31-11:30,13:01-15:00",510300C2108M06250,10003487
2021-06-24,XSHG,510300.XSHG,300ETF沽8月4700,510300.XSHG,1.0,2021-08-25,2021-08-25,P,E,Option,10000.0,4.7,10003488,0.0,"09:31-11:30,13:01-15:00",510300P2108M04700,10003488
2021-06-24,XSHG,510300.XSHG,300ETF沽8月4800,510300.XSHG,1.0,2021-08-25,2021-08-25,P,E,Option,10000.0,4.8,10003489,0.0,"09:31-11:30,13:01-15:00",510300P2108M04800,10003489
2021-06-24,XSHG,510300.XSHG,300ETF沽8月4900,510300.XSHG,1.0,2021-08-25,2021-08-25,P,E,Option,10000.0,4.9,10003490,0.0,"09:31-11:30,13:01-15:00",510300P2108M04900,10003490
2021-06-24,XSHG,510300.XSHG,300ETF沽8月5000,510300.XSHG,1.0,2021-08-25,2021-08-25,P,E,Option,10000.0,5.0,10003491,0.0,"09:31-11:30,13:01-15:00",510300P2108M05000,10003491
2021-06-24,XSHG,510300.XSHG,300ETF沽8月5250,510300.XSHG,1.0,2021-08-25,2021-08-25,P,E,Option,10000.0,5.25,10003492,0.0,"09:31-11:30,13:01-15:00",510300P2108M05250,10003492
2021-06-24,XSHG,510300.XSHG,300ETF沽8月5500,510300.XSHG,1.0,2021-08-25,2021-08-25,P,E,Option,10000.0,5.5,10003493,0.0,"09:31-11:30,13:01-15:00",510300P2108M05500,10003493
2021-06-24,XSHG,510300.XSHG,300ETF沽8月5750,510300.XSHG,1.0,2021-08-25,2021-08-25,P,E,Option,10000.0,5.75,10003494,0.0,"09:31-11:30,13:01-15:00",510300P2108M05750,10003494
2021-06-24,XSHG,510300.XSHG,300ETF沽8月6000,510300.XSHG,1.0,2021-08-25,2021-08-25,P,E,Option,10000.0,6.0,10003495,0.0,"09:31-11:30,13:01-15:00",510300P2108M06000,10003495
2021-06-24,XSHG,510300.XSHG,300ETF沽8月6250,510300.XSHG,1.0,2021-08-25,2021-08-25,P,E,Option,10000.0,6.25,10003496,0.0,"09:31-11:30,13:01-15:00",510300P2108M06250,10003496
2021-07-05,XSHG,510300.XSHG,300ETF购8月4600,510300.XSHG,1.0,2021-08-25,2021-08-25,C,E,Option,10000.0,4.6,10003499,0.0,"09:31-11:30,13:01-15:00",510300C2108M04600,10003499
2021-07-05,XSHG,510300.XSHG,300ETF沽8月4600,510300.XSHG,1.0,2021-08-25,2021-08-25,P,E,Option,10000.0,4.6,10003500,0.0,"09:31-11:30,13:01-15:00",510300P2108M04600,10003500
2021-07-28,XSHG,510300.XSHG,300ETF购7月4400,510300.XSHG,1.0,2021-07-28,2021-07-28,C,E,Option,10000.0,4.4,10003517,0.0,"09:31-11:30,13:01-15:00",510300C2107M04400,10003517
2021-07-28,XSHG,510300.XSHG,300ETF购7月4500,510300.XSHG,1.0,2021-07-28,2021-07-28,C,E,Option,10000.0,4.5,10003518,0.0,"09:31-11:30,13:01-15:00",510300C2107M04500,10003518
2021-07-28,XSHG,510300.XSHG,300ETF沽7月4400,510300.XSHG,1.0,2021-07-28,2021-07-28,P,E,Option,10000.0,4.4,10003519,0.0,"09:31-11:30,13:01-15:00",510300P2107M04400,10003519
2021-07-28,XSHG,510300.XSHG,300ETF沽7月4500,510300.XSHG,1.0,2021-07-28,2021-07-28,P,E,Option,10000.0,4.5,10003520,0.0,"09:31-11:30,13:01-15:00",510300P2107M04500,10003520
2021-07-28,XSHG,510300.XSHG,300ETF购8月4400,510300.XSHG,1.0,2021-08-25,2021-08-25,C,E,Option,10000.0,4.4,10003521,0.0,"09:31-11:30,13:01-15:00",510300C2108M04400,10003521
2021-07-28,XSHG,510300.XSHG,300ETF购8月4500,510300.XSHG,1.0,2021-08-25,2021-08-25,C,E,Option,10000.0,4.5,10003522,0.0,"09:31-11:30,13:01-15:00",510300C2108M04500,10003522
2021-07-28,XSHG,510300.XSHG,300ETF沽8月4400,510300.XSHG,1.0,2021-08-25,2021-08-25,P,E,Option,10000.0,4.4,10003523,0.0,"09:31-11:30,13:01-15:00",510300P2108M04400,10003523
2021-07-28,XSHG,510300.XSHG,300ETF沽8月4500,510300.XSHG,1.0,2021-08-25,2021-08-25,P,E,Option,10000.0,4.5,10003524,0.0,"09:31-11:30,13:01-15:00",510300P2108M04500,10003524
2021-07-28,XSHG,510300.XSHG,300ETF购9月4400,510300.XSHG,1.0,2021-09-22,2021-09-22,C,E,Option,10000.0,4.4,10003525,0.0,"09:31-11:30,13:01-15:00",510300C2109M04400,10003525
2021-07-28,XSHG,510300.XSHG,300ETF沽9月4400,510300.XSHG,1.0,2021-09-22,2021-09-22,P,E,Option,10000.0,4.4,10003526,0.0,"09:31-11:30,13:01-15:00",510300P2109M04400,10003526
2021-07-28,XSHG,510300.XSHG,300ETF购12月4400,510300.XSHG,1.0,2021-12-22,2021-12-22,C,E,Option,10000.0,4.4,10003527,0.0,"09:31-11:30,13:01-15:00",510300C2112M04400,10003527
2021-07-28,XSHG,510300.XSHG,300ETF购12月4500,510300.XSHG,1.0,2021-12-22,2021-12-22,C,E,Option,10000.0,4.5,10003528,0.0,"09:31-11:30,13:01-15:00",510300C2112M04500,10003528
2021-07-28,XSHG,510300.XSHG,300ETF沽12月4400,510300.XSHG,1.0,2021-12-22,2021-12-22,P,E,Option,10000.0,4.4,10003529,0.0,"09:31-11:30,13:01-15:00",510300P2112M04400,10003529
2021-07-28,XSHG,510300.XSHG,300ETF沽12月4500,510300.XSHG,1.0,2021-12-22,2021-12-22,P,E,Option,10000.0,4.5,10003530,0.0,"09:31-11:30,13:01-15:00",510300P2112M04500,10003530
2021-07-29,XSHG,510300.XSHG,300ETF购3月4332A,510300.XSHG,1.0,2022-03-23,2022-03-23,C,E,Option,10156.0,4.332,10003549,0.0,"09:31-11:30,13:01-15:00",510300C2203A04400,10003549
2021-07-29,XSHG,510300.XSHG,300ETF购3月4431A,510300.XSHG,1.0,2022-03-23,2022-03-23,C,E,Option,10156.0,4.431,10003550,0.0,"09:31-11:30,13:01-15:00",510300C2203A04500,10003550
2021-07-29,XSHG,510300.XSHG,300ETF购3月4529A,510300.XSHG,1.0,2022-03-23,2022-03-23,C,E,Option,10156.0,4.529,10003551,0.0,"09:31-11:30,13:01-15:00",510300C2203A04600,10003551
2021-07-29,XSHG,510300.XSHG,300ETF购3月4628A,510300.XSHG,1.0,2022-03-23,2022-03-23,C,E,Option,10156.0,4.628,10003552,0.0,"09:31-11:30,13:01-15:00",510300C2203A04700,10003552
2021-07-29,XSHG,510300.XSHG,300ETF购3月4726A,510300.XSHG,1.0,2022-03-23,2022-03-23,C,E,Option,10156.0,4.726,10003553,0.0,"09:31-11:30,13:01-15:00",510300C2203A04800,10003553
2021-07-29,XSHG,510300.XSHG,300ETF购3月4825A,510300.XSHG,1.0,2022-03-23,2022-03-23,C,E,Option,10156.0,4.825,10003554,0.0,"09:31-11:30,13:01-15:00",510300C2203A04900,10003554
2021-07-29,XSHG,510300.XSHG,300ETF购3月4923A,510300.XSHG,1.0,2022-03-23,2022-03-23,C,E,Option,10156.0,4.923,10003555,0.0,"09:31-11:30,13:01-15:00",510300C2203A05000,10003555
2021-07-29,XSHG,510300.XSHG,300ETF购3月5169A,510300.XSHG,1.0,2022-03-23,2022-03-23,C,E,Option,10156.0,5.169,10003556,0.0,"09:31-11:30,13:01-15:00",510300C2203A05250,10003556
2021-07-29,XSHG,510300.XSHG,300ETF购3月5416A,510300.XSHG,1.0,2022-03-23,2022-03-23,C,E,Option,10156.0,5.416,10003557,0.0,"09:31-11:30,13:01-15:00",510300C2203A05500,10003557
2021-07-29,XSHG,510300.XSHG,300ETF沽3月4332A,510300.XSHG,1.0,2022-03-23,2022-03-23,P,E,Option,10156.0,4.332,10003558,0.0,"09:31-11:30,13:01-15:00",510300P2203A04400,10003558
2021-07-29,XSHG,510300.XSHG,300ETF沽3月4431A,510300.XSHG,1.0,2022-03-23,2022-03-23,P,E,Option,10156.0,4.431,10003559,0.0,"09:31-11:30,13:01-15:00",510300P2203A04500,10003559
2021-07-29,XSHG,510300.XSHG,300ETF沽3月4529A,510300.XSHG,1.0,2022-03-23,2022-03-23,P,E,Option,10156.0,4.529,10003560,0.0,"09:31-11:30,13:01-15:00",510300P2203A04600,10003560
2021-07-29,XSHG,510300.XSHG,300ETF沽3月4628A,510300.XSHG,1.0,2022-03-23,2022-03-23,P,E,Option,10156.0,4.628,10003561,0.0,"09:31-11:30,13:01-15:00",510300P2203A04700,10003561
2021-07-29,XSHG,510300.XSHG,300ETF沽3月4726A,510300.XSHG,1.0,2022-03-23,2022-03-23,P,E,Option,10156.0,4.726,10003562,0.0,"09:31-11:30,13:01-15:00",510300P2203A04800,10003562
2021-07-29,XSHG,510300.XSHG,300ETF沽3月4825A,510300.XSHG,1.0,2022-03-23,2022-03-23,P,E,Option,10156.0,4.825,10003563,0.0,"09:31-11:30,13:01-15:00",510300P2203A04900,10003563
2021-07-29,XSHG,510300.XSHG,300ETF沽3月4923A,510300.XSHG,1.0,2022-03-23,2022-03-23,P,E,Option,10156.0,4.923,10003564,0.0,"09:31-11:30,13:01-15:00",510300P2203A05000,10003564
2021-07-29,XSHG,510300.XSHG,300ETF沽3月5169A,510300.XSHG,1.0,2022-03-23,2022-03-23,P,E,Option,10156.0,5.169,10003565,0.0,"09:31-11:30,13:01-15:00",510300P2203A05250,10003565
2021-07-29,XSHG,510300.XSHG,300ETF沽3月5416A,510300.XSHG,1.0,2022-03-23,2022-03-23,P,E,Option,10156.0,5.416,10003566,0.0,"09:31-11:30,13:01-15:00",510300P2203A05500,10003566
2021-07-30,XSHG,510300.XSHG,300ETF购3月5662A,510300.XSHG,1.0,2022-03-23,2022-03-23,C,E,Option,10156.0,5.662,10003567,0.0,"09:31-11:30,13:01-15:00",510300C2203A05750,10003567
2021-07-30,XSHG,510300.XSHG,300ETF沽3月5662A,510300.XSHG,1.0,2022-03-23,2022-03-23,P,E,Option,10156.0,5.662,10003568,0.0,"09:31-11:30,13:01-15:00",510300P2203A05750,10003568
2021-08-03,XSHG,510300.XSHG,300ETF购3月5908A,510300.XSHG,1.0,2022-03-23,2022-03-23,C,E,Option,10156.0,5.908,10003569,0.0,"09:31-11:30,13:01-15:00",510300C2203A06000,10003569
2021-08-03,XSHG,510300.XSHG,300ETF沽3月5908A,510300.XSHG,1.0,2022-03-23,2022-03-23,P,E,Option,10156.0,5.908,10003570,0.0,"09:31-11:30,13:01-15:00",510300P2203A06000,10003570
2021-08-26,XSHG,510300.XSHG,300ETF购10月4600,510300.XSHG,1.0,2021-10-27,2021-10-27,C,E,Option,10000.0,4.6,10003599,0.0,"09:31-11:30,13:01-15:00",510300C2110M04600,10003599
2021-08-26,XSHG,510300.XSHG,300ETF购10月4700,510300.XSHG,1.0,2021-10-27,2021-10-27,C,E,Option,10000.0,4.7,10003600,0.0,"09:31-11:30,13:01-15:00",510300C2110M04700,10003600
2021-08-26,XSHG,510300.XSHG,300ETF购10月4800,510300.XSHG,1.0,2021-10-27,2021-10-27,C,E,Option,10000.0,4.8,10003601,0.0,"09:31-11:30,13:01-15:00",510300C2110M04800,10003601
2021-08-26,XSHG,510300.XSHG,300ETF购10月4900,510300.XSHG,1.0,2021-10-27,2021-10-27,C,E,Option,10000.0,4.9,10003602,0.0,"09:31-11:30,13:01-15:00",510300C2110M04900,10003602
2021-08-26,XSHG,510300.XSHG,300ETF购10月5000,510300.XSHG,1.0,2021-10-27,2021-10-27,C,E,Option,10000.0,5.0,10003603,0.0,"09:31-11:30,13:01-15:00",510300C2110M05000,10003603
2021-08-26,XSHG,510300.XSHG,300ETF购10月5250,510300.XSHG,1.0,2021-10-27,2021-10-27,C,E,Option,10000.0,5.25,10003604,0.0,"09:31-11:30,13:01-15:00",510300C2110M05250,10003604
2021-08-26,XSHG,510300.XSHG,300ETF购10月5500,510300.XSHG,1.0,2021-10-27,2021-10-27,C,E,Option,10000.0,5.5,10003605,0.0,"09:31-11:30,13:01-15:00",510300C2110M05500,10003605
2021-08-26,XSHG,510300.XSHG,300ETF购10月5750,510300.XSHG,1.0,2021-10-27,2021-10-27,C,E,Option,10000.0,5.75,10003606,0.0,"09:31-11:30,13:01-15:00",510300C2110M05750,10003606
2021-08-26,XSHG,510300.XSHG,300ETF购10月6000,510300.XSHG,1.0,2021-10-27,2021-10-27,C,E,Option,10000.0,6.0,10003607,0.0,"09:31-11:30,13:01-15:00",510300C2110M06000,10003607
2021-08-26,XSHG,510300.XSHG,300ETF沽10月4600,510300.XSHG,1.0,2021-10-27,2021-10-27,P,E,Option,10000.0,4.6,10003608,0.0,"09:31-11:30,13:01-15:00",510300P2110M04600,10003608
2021-08-26,XSHG,510300.XSHG,300ETF沽10月4700,510300.XSHG,1.0,2021-10-27,2021-10-27,P,E,Option,10000.0,4.7,10003609,0.0,"09:31-11:30,13:01-15:00",510300P2110M04700,10003609
2021-08-26,XSHG,510300.XSHG,300ETF沽10月4800,510300.XSHG,1.0,2021-10-27,2021-10-27,P,E,Option,10000.0,4.8,10003610,0.0,"09:31-11:30,13:01-15:00",510300P2110M04800,10003610
2021-08-26,XSHG,510300.XSHG,300ETF沽10月4900,510300.XSHG,1.0,2021-10-27,2021-10-27,P,E,Option,10000.0,4.9,10003611,0.0,"09:31-11:30,13:01-15:00",510300P2110M04900,10003611
2021-08-26,XSHG,510300.XSHG,300ETF沽10月5000,510300.XSHG,1.0,2021-10-27,2021-10-27,P,E,Option,10000.0,5.0,10003612,0.0,"09:31-11:30,13:01-15:00",510300P2110M05000,10003612
2021-08-26,XSHG,510300.XSHG,300ETF沽10月5250,510300.XSHG,1.0,2021-10-27,2021-10-27,P,E,Option,10000.0,5.25,10003613,0.0,"09:31-11:30,13:01-15:00",510300P2110M05250,10003613
2021-08-26,XSHG,510300.XSHG,300ETF沽10月5500,510300.XSHG,1.0,2021-10-27,2021-10-27,P,E,Option,10000.0,5.5,10003614,0.0,"09:31-11:30,13:01-15:00",510300P2110M05500,10003614
2021-08-26,XSHG,510300.XSHG,300ETF沽10月5750,510300.XSHG,1.0,2021-10-27,2021-10-27,P,E,Option,10000.0,5.75,10003615,0.0,"09:31-11:30,13:01-15:00",510300P2110M05750,10003615
2021-08-26,XSHG,510300.XSHG,300ETF沽10月6000,510300.XSHG,1.0,2021-10-27,2021-10-27,P,E,Option,10000.0,6.0,10003616,0.0,"09:31-11:30,13:01-15:00",510300P2110M06000,10003616
2021-08-27,XSHG,510300.XSHG,300ETF购10月4500,510300.XSHG,1.0,2021-10-27,2021-10-27,C,E,Option,10000.0,4.5,10003619,0.0,"09:31-11:30,13:01-15:00",510300C2110M04500,10003619
2021-08-27,XSHG,510300.XSHG,300ETF沽10月4500,510300.XSHG,1.0,2021-10-27,2021-10-27,P,E,Option,10000.0,4.5,10003620,0.0,"09:31-11:30,13:01-15:00",510300P2110M04500,10003620
2021-09-23,XSHG,510300.XSHG,300ETF购11月4500,510300.XSHG,1.0,2021-11-24,2021-11-24,C,E,Option,10000.0,4.5,10003641,0.0,"09:31-11:30,13:01-15:00",510300C2111M04500,10003641
2021-09-23,XSHG,510300.XSHG,300ETF购11月4600,510300.XSHG,1.0,2021-11-24,2021-11-24,C,E,Option,10000.0,4.6,10003642,0.0,"09:31-11:30,13:01-15:00",510300C2111M04600,10003642
2021-09-23,XSHG,510300.XSHG,300ETF购11月4700,510300.XSHG,1.0,2021-11-24,2021-11-24,C,E,Option,10000.0,4.7,10003643,0.0,"09:31-11:30,13:01-15:00",510300C2111M04700,10003643
2021-09-23,XSHG,510300.XSHG,300ETF购11月4800,510300.XSHG,1.0,2021-11-24,2021-11-24,C,E,Option,10000.0,4.8,10003644,0.0,"09:31-11:30,13:01-15:00",510300C2111M04800,10003644
2021-09-23,XSHG,510300.XSHG,300ETF购11月4900,510300.XSHG,1.0,2021-11-24,2021-11-24,C,E,Option,10000.0,4.9,10003645,0.0,"09:31-11:30,13:01-15:00",510300C2111M04900,10003645
2021-09-23,XSHG,510300.XSHG,300ETF购11月5000,510300.XSHG,1.0,2021-11-24,2021-11-24,C,E,Option,10000.0,5.0,10003646,0.0,"09:31-11:30,13:01-15:00",510300C2111M05000,10003646
2021-09-23,XSHG,510300.XSHG,300ETF购11月5250,510300.XSHG,1.0,2021-11-24,2021-11-24,C,E,Option,10000.0,5.25,10003647,0.0,"09:31-11:30,13:01-15:00",510300C2111M05250,10003647
2021-09-23,XSHG,510300.XSHG,300ETF购11月5500,510300.XSHG,1.0,2021-11-24,2021-11-24,C,E,Option,10000.0,5.5,10003648,0.0,"09:31-11:30,13:01-15:00",510300C2111M05500,10003648
2021-09-23,XSHG,510300.XSHG,300ETF购11月5750,510300.XSHG,1.0,2021-11-24,2021-11-24,C,E,Option,10000.0,5.75,10003649,0.0,"09:31-11:30,13:01-15:00",510300C2111M05750,10003649
2021-09-23,XSHG,510300.XSHG,300ETF沽11月4500,510300.XSHG,1.0,2021-11-24,2021-11-24,P,E,Option,10000.0,4.5,10003650,0.0,"09:31-11:30,13:01-15:00",510300P2111M04500,10003650
2021-09-23,XSHG,510300.XSHG,300ETF沽11月4600,510300.XSHG,1.0,2021-11-24,2021-11-24,P,E,Option,10000.0,4.6,10003651,0.0,"09:31-11:30,13:01-15:00",510300P2111M04600,10003651
2021-09-23,XSHG,510300.XSHG,300ETF沽11月4700,510300.XSHG,1.0,2021-11-24,2021-11-24,P,E,Option,10000.0,4.7,10003652,0.0,"09:31-11:30,13:01-15:00",510300P2111M04700,10003652
2021-09-23,XSHG,510300.XSHG,300ETF沽11月4800,510300.XSHG,1.0,2021-11-24,2021-11-24,P,E,Option,10000.0,4.8,10003653,0.0,"09:31-11:30,13:01-15:00",510300P2111M04800,10003653
2021-09-23,XSHG,510300.XSHG,300ETF沽11月4900,510300.XSHG,1.0,2021-11-24,2021-11-24,P,E,Option,10000.0,4.9,10003654,0.0,"09:31-11:30,13:01-15:00",510300P2111M04900,10003654
2021-09-23,XSHG,510300.XSHG,300ETF沽11月5000,510300.XSHG,1.0,2021-11-24,2021-11-24,P,E,Option,10000.0,5.0,10003655,0.0,"09:31-11:30,13:01-15:00",510300P2111M05000,10003655
2021-09-23,XSHG,510300.XSHG,300ETF沽11月5250,510300.XSHG,1.0,2021-11-24,2021-11-24,P,E,Option,10000.0,5.25,10003656,0.0,"09:31-11:30,13:01-15:00",510300P2111M05250,10003656
2021-09-23,XSHG,510300.XSHG,300ETF沽11月5500,510300.XSHG,1.0,2021-11-24,2021-11-24,P,E,Option,10000.0,5.5,10003657,0.0,"09:31-11:30,13:01-15:00",510300P2111M05500,10003657
2021-09-23,XSHG,510300.XSHG,300ETF沽11月5750,510300.XSHG,1.0,2021-11-24,2021-11-24,P,E,Option,10000.0,5.75,10003658,0.0,"09:31-11:30,13:01-15:00",510300P2111M05750,10003658
2021-09-28,XSHG,510300.XSHG,300ETF购11月6000,510300.XSHG,1.0,2021-11-24,2021-11-24,C,E,Option,10000.0,6.0,10003659,0.0,"09:31-11:30,13:01-15:00",510300C2111M06000,10003659
2021-09-28,XSHG,510300.XSHG,300ETF沽11月6000,510300.XSHG,1.0,2021-11-24,2021-11-24,P,E,Option,10000.0,6.0,10003660,0.0,"09:31-11:30,13:01-15:00",510300P2111M06000,10003660
2021-10-28,XSHG,510300.XSHG,300ETF购6月4529A,510300.XSHG,1.0,2022-06-22,2022-06-22,C,E,Option,10156.0,4.529,10003687,0.0,"09:31-11:30,13:01-15:00",510300C2206A04600,10003687
2021-10-28,XSHG,510300.XSHG,300ETF购6月4628A,510300.XSHG,1.0,2022-06-22,2022-06-22,C,E,Option,10156.0,4.628,10003688,0.0,"09:31-11:30,13:01-15:00",510300C2206A04700,10003688
2021-10-28,XSHG,510300.XSHG,300ETF购6月4726A,510300.XSHG,1.0,2022-06-22,2022-06-22,C,E,Option,10156.0,4.726,10003689,0.0,"09:31-11:30,13:01-15:00",510300C2206A04800,10003689
2021-10-28,XSHG,510300.XSHG,300ETF购6月4825A,510300.XSHG,1.0,2022-06-22,2022-06-22,C,E,Option,10156.0,4.825,10003690,0.0,"09:31-11:30,13:01-15:00",510300C2206A04900,10003690
2021-10-28,XSHG,510300.XSHG,300ETF购6月4923A,510300.XSHG,1.0,2022-06-22,2022-06-22,C,E,Option,10156.0,4.923,10003691,0.0,"09:31-11:30,13:01-15:00",510300C2206A05000,10003691
2021-10-28,XSHG,510300.XSHG,300ETF购6月5169A,510300.XSHG,1.0,2022-06-22,2022-06-22,C,E,Option,10156.0,5.169,10003692,0.0,"09:31-11:30,13:01-15:00",510300C2206A05250,10003692
2021-10-28,XSHG,510300.XSHG,300ETF购6月5416A,510300.XSHG,1.0,2022-06-22,2022-06-22,C,E,Option,10156.0,5.416,10003693,0.0,"09:31-11:30,13:01-15:00",510300C2206A05500,10003693
2021-10-28,XSHG,510300.XSHG,300ETF购6月5662A,510300.XSHG,1.0,2022-06-22,2022-06-22,C,E,Option,10156.0,5.662,10003694,0.0,"09:31-11:30,13:01-15:00",510300C2206A05750,10003694
2021-10-28,XSHG,510300.XSHG,300ETF购6月5908A,510300.XSHG,1.0,2022-06-22,2022-06-22,C,E,Option,10156.0,5.908,10003695,0.0,"09:31-11:30,13:01-15:00",510300C2206A06000,10003695
2021-10-28,XSHG,510300.XSHG,300ETF沽6月4529A,510300.XSHG,1.0,2022-06-22,2022-06-22,P,E,Option,10156.0,4.529,10003696,0.0,"09:31-11:30,13:01-15:00",510300P2206A04600,10003696
2021-10-28,XSHG,510300.XSHG,300ETF沽6月4628A,510300.XSHG,1.0,2022-06-22,2022-06-22,P,E,Option,10156.0,4.628,10003697,0.0,"09:31-11:30,13:01-15:00",510300P2206A04700,10003697
2021-10-28,XSHG,510300.XSHG,300ETF沽6月4726A,510300.XSHG,1.0,2022-06-22,2022-06-22,P,E,Option,10156.0,4.726,10003698,0.0,"09:31-11:30,13:01-15:00",510300P2206A04800,10003698
2021-10-28,XSHG,510300.XSHG,300ETF沽6月4825A,510300.XSHG,1.0,2022-06-22,2022-06-22,P,E,Option,10156.0,4.825,10003699,0.0,"09:31-11:30,13:01-15:00",510300P2206A04900,10003699
2021-10-28,XSHG,510300.XSHG,300ETF沽6月4923A,510300.XSHG,1.0,2022-06-22,2022-06-22,P,E,Option,10156.0,4.923,10003700,0.0,"09:31-11:30,13:01-15:00",510300P2206A05000,10003700
2021-10-28,XSHG,510300.XSHG,300ETF沽6月5169A,510300.XSHG,1.0,2022-06-22,2022-06-22,P,E,Option,10156.0,5.169,10003701,0.0,"09:31-11:30,13:01-15:00",510300P2206A05250,10003701
2021-10-28,XSHG,510300.XSHG,300ETF沽6月5416A,510300.XSHG,1.0,2022-06-22,2022-06-22,P,E,Option,10156.0,5.416,10003702,0.0,"09:31-11:30,13:01-15:00",510300P2206A05500,10003702
2021-10-28,XSHG,510300.XSHG,300ETF沽6月5662A,510300.XSHG,1.0,2022-06-22,2022-06-22,P,E,Option,10156.0,5.662,10003703,0.0,"09:31-11:30,13:01-15:00",510300P2206A05750,10003703
2021-10-28,XSHG,510300.XSHG,300ETF沽6月5908A,510300.XSHG,1.0,2022-06-22,2022-06-22,P,E,Option,10156.0,5.908,10003704,0.0,"09:31-11:30,13:01-15:00",510300P2206A06000,10003704
2021-10-29,XSHG,510300.XSHG,300ETF购6月4431A,510300.XSHG,1.0,2022-06-22,2022-06-22,C,E,Option,10156.0,4.431,10003705,0.0,"09:31-11:30,13:01-15:00",510300C2206A04500,10003705
2021-10-29,XSHG,510300.XSHG,300ETF沽6月4431A,510300.XSHG,1.0,2022-06-22,2022-06-22,P,E,Option,10156.0,4.431,10003706,0.0,"09:31-11:30,13:01-15:00",510300P2206A04500,10003706
2021-11-25,XSHG,510300.XSHG,300ETF购1月4529A,510300.XSHG,1.0,2022-01-26,2022-01-26,C,E,Option,10156.0,4.529,10003727,0.0,"09:31-11:30,13:01-15:00",510300C2201A04600,10003727
2021-11-25,XSHG,510300.XSHG,300ETF购1月4628A,510300.XSHG,1.0,2022-01-26,2022-01-26,C,E,Option,10156.0,4.628,10003728,0.0,"09:31-11:30,13:01-15:00",510300C2201A04700,10003728
2021-11-25,XSHG,510300.XSHG,300ETF购1月4726A,510300.XSHG,1.0,2022-01-26,2022-01-26,C,E,Option,10156.0,4.726,10003729,0.0,"09:31-11:30,13:01-15:00",510300C2201A04800,10003729
2021-11-25,XSHG,510300.XSHG,300ETF购1月4825A,510300.XSHG,1.0,2022-01-26,2022-01-26,C,E,Option,10156.0,4.825,10003730,0.0,"09:31-11:30,13:01-15:00",510300C2201A04900,10003730
2021-11-25,XSHG,510300.XSHG,300ETF购1月4923A,510300.XSHG,1.0,2022-01-26,2022-01-26,C,E,Option,10156.0,4.923,10003731,0.0,"09:31-11:30,13:01-15:00",510300C2201A05000,10003731
2021-11-25,XSHG,510300.XSHG,300ETF购1月5169A,510300.XSHG,1.0,2022-01-26,2022-01-26,C,E,Option,10156.0,5.169,10003732,0.0,"09:31-11:30,13:01-15:00",510300C2201A05250,10003732
2021-11-25,XSHG,510300.XSHG,300ETF购1月5416A,510300.XSHG,1.0,2022-01-26,2022-01-26,C,E,Option,10156.0,5.416,10003733,0.0,"09:31-11:30,13:01-15:00",510300C2201A05500,10003733
2021-11-25,XSHG,510300.XSHG,300ETF购1月5662A,510300.XSHG,1.0,2022-01-26,2022-01-26,C,E,Option,10156.0,5.662,10003734,0.0,"09:31-11:30,13:01-15:00",510300C2201A05750,10003734
2021-11-25,XSHG,510300.XSHG,300ETF购1月5908A,510300.XSHG,1.0,2022-01-26,2022-01-26,C,E,Option,10156.0,5.908,10003735,0.0,"09:31-11:30,13:01-15:00",510300C2201A06000,10003735
2021-11-25,XSHG,510300.XSHG,300ETF沽1月4529A,510300.XSHG,1.0,2022-01-26,2022-01-26,P,E,Option,10156.0,4.529,10003736,0.0,"09:31-11:30,13:01-15:00",510300P2201A04600,10003736
2021-11-25,XSHG,510300.XSHG,300ETF沽1月4628A,510300.XSHG,1.0,2022-01-26,2022-01-26,P,E,Option,10156.0,4.628,10003737,0.0,"09:31-11:30,13:01-15:00",510300P2201A04700,10003737
2021-11-25,XSHG,510300.XSHG,300ETF沽1月4726A,510300.XSHG,1.0,2022-01-26,2022-01-26,P,E,Option,10156.0,4.726,10003738,0.0,"09:31-11:30,13:01-15:00",510300P2201A04800,10003738
2021-11-25,XSHG,510300.XSHG,300ETF沽1月4825A,510300.XSHG,1.0,2022-01-26,2022-01-26,P,E,Option,10156.0,4.825,10003739,0.0,"09:31-11:30,13:01-15:00",510300P2201A04900,10003739
2021-11-25,XSHG,510300.XSHG,300ETF沽1月4923A,510300.XSHG,1.0,2022-01-26,2022-01-26,P,E,Option,10156.0,4.923,10003740,0.0,"09:31-11:30,13:01-15:00",510300P2201A05000,10003740
2021-11-25,XSHG,510300.XSHG,300ETF沽1月5169A,510300.XSHG,1.0,2022-01-26,2022-01-26,P,E,Option,10156.0,5.169,10003741,0.0,"09:31-11:30,13:01-15:00",510300P2201A05250,10003741
2021-11-25,XSHG,510300.XSHG,300ETF沽1月5416A,510300.XSHG,1.0,2022-01-26,2022-01-26,P,E,Option,10156.0,5.416,10003742,0.0,"09:31-11:30,13:01-15:00",510300P2201A05500,10003742
2021-11-25,XSHG,510300.XSHG,300ETF沽1月5662A,510300.XSHG,1.0,2022-01-26,2022-01-26,P,E,Option,10156.0,5.662,10003743,0.0,"09:31-11:30,13:01-15:00",510300P2201A05750,10003743
2021-11-25,XSHG,510300.XSHG,300ETF沽1月5908A,510300.XSHG,1.0,2022-01-26,2022-01-26,P,E,Option,10156.0,5.908,10003744,0.0,"09:31-11:30,13:01-15:00",510300P2201A06000,10003744
2021-11-29,XSHG,510300.XSHG,300ETF购1月4431A,510300.XSHG,1.0,2022-01-26,2022-01-26,C,E,Option,10156.0,4.431,10003745,0.0,"09:31-11:30,13:01-15:00",510300C2201A04500,10003745
2021-11-29,XSHG,510300.XSHG,300ETF沽1月4431A,510300.XSHG,1.0,2022-01-26,2022-01-26,P,E,Option,10156.0,4.431,10003746,0.0,"09:31-11:30,13:01-15:00",510300P2201A04500,10003746
2021-12-10,XSHG,510300.XSHG,300ETF购1月6154A,510300.XSHG,1.0,2022-01-26,2022-01-26,C,E,Option,10156.0,6.154,10003835,0.0,"09:31-11:30,13:01-15:00",510300C2201A06250,10003835
2021-12-10,XSHG,510300.XSHG,300ETF沽1月6154A,510300.XSHG,1.0,2022-01-26,2022-01-26,P,E,Option,10156.0,6.154,10003836,0.0,"09:31-11:30,13:01-15:00",510300P2201A06250,10003836
2021-12-10,XSHG,510300.XSHG,300ETF购3月6154A,510300.XSHG,1.0,2022-03-23,2022-03-23,C,E,Option,10156.0,6.154,10003837,0.0,"09:31-11:30,13:01-15:00",510300C2203A06250,10003837
2021-12-10,XSHG,510300.XSHG,300ETF沽3月6154A,510300.XSHG,1.0,2022-03-23,2022-03-23,P,E,Option,10156.0,6.154,10003838,0.0,"09:31-11:30,13:01-15:00",510300P2203A06250,10003838
2021-12-10,XSHG,510300.XSHG,300ETF购6月6154A,510300.XSHG,1.0,2022-06-22,2022-06-22,C,E,Option,10156.0,6.154,10003839,0.0,"09:31-11:30,13:01-15:00",510300C2206A06250,10003839
2021-12-10,XSHG,510300.XSHG,300ETF沽6月6154A,510300.XSHG,1.0,2022-06-22,2022-06-22,P,E,Option,10156.0,6.154,10003840,0.0,"09:31-11:30,13:01-15:00",510300P2206A06250,10003840
2021-12-23,XSHG,510300.XSHG,300ETF购2月4529A,510300.XSHG,1.0,2022-02-23,2022-02-23,C,E,Option,10156.0,4.529,10003859,0.0,"09:31-11:30,13:01-15:00",510300C2202A04600,10003859
2021-12-23,XSHG,510300.XSHG,300ETF购2月4628A,510300.XSHG,1.0,2022-02-23,2022-02-23,C,E,Option,10156.0,4.628,10003860,0.0,"09:31-11:30,13:01-15:00",510300C2202A04700,10003860
2021-12-23,XSHG,510300.XSHG,300ETF购2月4726A,510300.XSHG,1.0,2022-02-23,2022-02-23,C,E,Option,10156.0,4.726,10003861,0.0,"09:31-11:30,13:01-15:00",510300C2202A04800,10003861
2021-12-23,XSHG,510300.XSHG,300ETF购2月4825A,510300.XSHG,1.0,2022-02-23,2022-02-23,C,E,Option,10156.0,4.825,10003862,0.0,"09:31-11:30,13:01-15:00",510300C2202A04900,10003862
2021-12-23,XSHG,510300.XSHG,300ETF购2月4923A,510300.XSHG,1.0,2022-02-23,2022-02-23,C,E,Option,10156.0,4.923,10003863,0.0,"09:31-11:30,13:01-15:00",510300C2202A05000,10003863
2021-12-23,XSHG,510300.XSHG,300ETF购2月5169A,510300.XSHG,1.0,2022-02-23,2022-02-23,C,E,Option,10156.0,5.169,10003864,0.0,"09:31-11:30,13:01-15:00",510300C2202A05250,10003864
2021-12-23,XSHG,510300.XSHG,300ETF购2月5416A,510300.XSHG,1.0,2022-02-23,2022-02-23,C,E,Option,10156.0,5.416,10003865,0.0,"09:31-11:30,13:01-15:00",510300C2202A05500,10003865
2021-12-23,XSHG,510300.XSHG,300ETF购2月5662A,510300.XSHG,1.0,2022-02-23,2022-02-23,C,E,Option,10156.0,5.662,10003866,0.0,"09:31-11:30,13:01-15:00",510300C2202A05750,10003866
2021-12-23,XSHG,510300.XSHG,300ETF购2月5908A,510300.XSHG,1.0,2022-02-23,2022-02-23,C,E,Option,10156.0,5.908,10003867,0.0,"09:31-11:30,13:01-15:00",510300C2202A06000,10003867
2021-12-23,XSHG,510300.XSHG,300ETF沽2月4529A,510300.XSHG,1.0,2022-02-23,2022-02-23,P,E,Option,10156.0,4.529,10003868,0.0,"09:31-11:30,13:01-15:00",510300P2202A04600,10003868
2021-12-23,XSHG,510300.XSHG,300ETF沽2月4628A,510300.XSHG,1.0,2022-02-23,2022-02-23,P,E,Option,10156.0,4.628,10003869,0.0,"09:31-11:30,13:01-15:00",510300P2202A04700,10003869
2021-12-23,XSHG,510300.XSHG,300ETF沽2月4726A,510300.XSHG,1.0,2022-02-23,2022-02-23,P,E,Option,10156.0,4.726,10003870,0.0,"09:31-11:30,13:01-15:00",510300P2202A04800,10003870
2021-12-23,XSHG,510300.XSHG,300ETF沽2月4825A,510300.XSHG,1.0,2022-02-23,2022-02-23,P,E,Option,10156.0,4.825,10003871,0.0,"09:31-11:30,13:01-15:00",510300P2202A04900,10003871
2021-12-23,XSHG,510300.XSHG,300ETF沽2月4923A,510300.XSHG,1.0,2022-02-23,2022-02-23,P,E,Option,10156.0,4.923,10003872,0.0,"09:31-11:30,13:01-15:00",510300P2202A05000,10003872
2021-12-23,XSHG,510300.XSHG,300ETF沽2月5169A,510300.XSHG,1.0,2022-02-23,2022-02-23,P,E,Option,10156.0,5.169,10003873,0.0,"09:31-11:30,13:01-15:00",510300P2202A05250,10003873
2021-12-23,XSHG,510300.XSHG,300ETF沽2月5416A,510300.XSHG,1.0,2022-02-23,2022-02-23,P,E,Option,10156.0,5.416,10003874,0.0,"09:31-11:30,13:01-15:00",510300P2202A05500,10003874
2021-12-23,XSHG,510300.XSHG,300ETF沽2月5662A,510300.XSHG,1.0,2022-02-23,2022-02-23,P,E,Option,10156.0,5.662,10003875,0.0,"09:31-11:30,13:01-15:00",510300P2202A05750,10003875
2021-12-23,XSHG,510300.XSHG,300ETF沽2月5908A,510300.XSHG,1.0,2022-02-23,2022-02-23,P,E,Option,10156.0,5.908,10003876,0.0,"09:31-11:30,13:01-15:00",510300P2202A06000,10003876
2022-01-06,XSHG,510300.XSHG,300ETF购2月4431A,510300.XSHG,1.0,2022-02-23,2022-02-23,C,E,Option,10156.0,4.431,10003879,0.0,"09:31-11:30,13:01-15:00",510300C2202A04500,10003879
2022-01-06,XSHG,510300.XSHG,300ETF沽2月4431A,510300.XSHG,1.0,2022-02-23,2022-02-23,P,E,Option,10156.0,4.431,10003880,0.0,"09:31-11:30,13:01-15:00",510300P2202A04500,10003880
2022-01-14,XSHG,510300.XSHG,300ETF购1月4332A,510300.XSHG,1.0,2022-01-26,2022-01-26,C,E,Option,10156.0,4.332,10003881,0.0,"09:31-11:30,13:01-15:00",510300C2201A04400,10003881
2022-01-14,XSHG,510300.XSHG,300ETF沽1月4332A,510300.XSHG,1.0,2022-01-26,2022-01-26,P,E,Option,10156.0,4.332,10003882,0.0,"09:31-11:30,13:01-15:00",510300P2201A04400,10003882
2022-01-14,XSHG,510300.XSHG,300ETF购2月4332A,510300.XSHG,1.0,2022-02-23,2022-02-23,C,E,Option,10156.0,4.332,10003883,0.0,"09:31-11:30,13:01-15:00",510300C2202A04400,10003883
2022-01-14,XSHG,510300.XSHG,300ETF沽2月4332A,510300.XSHG,1.0,2022-02-23,2022-02-23,P,E,Option,10156.0,4.332,10003884,0.0,"09:31-11:30,13:01-15:00",510300P2202A04400,10003884
2022-01-14,XSHG,510300.XSHG,300ETF购6月4332A,510300.XSHG,1.0,2022-06-22,2022-06-22,C,E,Option,10156.0,4.332,10003885,0.0,"09:31-11:30,13:01-15:00",510300C2206A04400,10003885
2022-01-14,XSHG,510300.XSHG,300ETF沽6月4332A,510300.XSHG,1.0,2022-06-22,2022-06-22,P,E,Option,10156.0,4.332,10003886,0.0,"09:31-11:30,13:01-15:00",510300P2206A04400,10003886
2022-01-19,XSHG,510300.XSHG,300ETF购1月4400,510300.XSHG,1.0,2022-01-26,2022-01-26,C,E,Option,10000.0,4.4,10003895,0.0,"09:31-11:30,13:01-15:00",510300C2201M04400,10003895
2022-01-19,XSHG,510300.XSHG,300ETF购1月4500,510300.XSHG,1.0,2022-01-26,2022-01-26,C,E,Option,10000.0,4.5,10003896,0.0,"09:31-11:30,13:01-15:00",510300C2201M04500,10003896
2022-01-19,XSHG,510300.XSHG,300ETF购1月4600,510300.XSHG,1.0,2022-01-26,2022-01-26,C,E,Option,10000.0,4.6,10003897,0.0,"09:31-11:30,13:01-15:00",510300C2201M04600,10003897
2022-01-19,XSHG,510300.XSHG,300ETF购1月4700,510300.XSHG,1.0,2022-01-26,2022-01-26,C,E,Option,10000.0,4.7,10003898,0.0,"09:31-11:30,13:01-15:00",510300C2201M04700,10003898
2022-01-19,XSHG,510300.XSHG,300ETF购1月4800,510300.XSHG,1.0,2022-01-26,2022-01-26,C,E,Option,10000.0,4.8,10003899,0.0,"09:31-11:30,13:01-15:00",510300C2201M04800,10003899
2022-01-19,XSHG,510300.XSHG,300ETF购1月4900,510300.XSHG,1.0,2022-01-26,2022-01-26,C,E,Option,10000.0,4.9,10003900,0.0,"09:31-11:30,13:01-15:00",510300C2201M04900,10003900
2022-01-19,XSHG,510300.XSHG,300ETF购1月5000,510300.XSHG,1.0,2022-01-26,2022-01-26,C,E,Option,10000.0,5.0,10003901,0.0,"09:31-11:30,13:01-15:00",510300C2201M05000,10003901
2022-01-19,XSHG,510300.XSHG,300ETF购1月5250,510300.XSHG,1.0,2022-01-26,2022-01-26,C,E,Option,10000.0,5.25,10003902,0.0,"09:31-11:30,13:01-15:00",510300C2201M05250,10003902
2022-01-19,XSHG,510300.XSHG,300ETF购1月5500,510300.XSHG,1.0,2022-01-26,2022-01-26,C,E,Option,10000.0,5.5,10003903,0.0,"09:31-11:30,13:01-15:00",510300C2201M05500,10003903
2022-01-19,XSHG,510300.XSHG,300ETF沽1月4400,510300.XSHG,1.0,2022-01-26,2022-01-26,P,E,Option,10000.0,4.4,10003904,0.0,"09:31-11:30,13:01-15:00",510300P2201M04400,10003904
2022-01-19,XSHG,510300.XSHG,300ETF沽1月4500,510300.XSHG,1.0,2022-01-26,2022-01-26,P,E,Option,10000.0,4.5,10003905,0.0,"09:31-11:30,13:01-15:00",510300P2201M04500,10003905
2022-01-19,XSHG,510300.XSHG,300ETF沽1月4600,510300.XSHG,1.0,2022-01-26,2022-01-26,P,E,Option,10000.0,4.6,10003906,0.0,"09:31-11:30,13:01-15:00",510300P2201M04600,10003906
2022-01-19,XSHG,510300.XSHG,300ETF沽1月4700,510300.XSHG,1.0,2022-01-26,2022-01-26,P,E,Option,10000.0,4.7,10003907,0.0,"09:31-11:30,13:01-15:00",510300P2201M04700,10003907
2022-01-19,XSHG,510300.XSHG,300ETF沽1月4800,510300.XSHG,1.0,2022-01-26,2022-01-26,P,E,Option,10000.0,4.8,10003908,0.0,"09:31-11:30,13:01-15:00",510300P2201M04800,10003908
2022-01-19,XSHG,510300.XSHG,300ETF沽1月4900,510300.XSHG,1.0,2022-01-26,2022-01-26,P,E,Option,10000.0,4.9,10003909,0.0,"09:31-11:30,13:01-15:00",510300P2201M04900,10003909
2022-01-19,XSHG,510300.XSHG,300ETF沽1月5000,510300.XSHG,1.0,2022-01-26,2022-01-26,P,E,Option,10000.0,5.0,10003910,0.0,"09:31-11:30,13:01-15:00",510300P2201M05000,10003910
2022-01-19,XSHG,510300.XSHG,300ETF沽1月5250,510300.XSHG,1.0,2022-01-26,2022-01-26,P,E,Option,10000.0,5.25,10003911,0.0,"09:31-11:30,13:01-15:00",510300P2201M05250,10003911
2022-01-19,XSHG,510300.XSHG,300ETF沽1月5500,510300.XSHG,1.0,2022-01-26,2022-01-26,P,E,Option,10000.0,5.5,10003912,0.0,"09:31-11:30,13:01-15:00",510300P2201M05500,10003912
2022-01-19,XSHG,510300.XSHG,300ETF购2月4400,510300.XSHG,1.0,2022-02-23,2022-02-23,C,E,Option,10000.0,4.4,10003913,0.0,"09:31-11:30,13:01-15:00",510300C2202M04400,10003913
2022-01-19,XSHG,510300.XSHG,300ETF购2月4500,510300.XSHG,1.0,2022-02-23,2022-02-23,C,E,Option,10000.0,4.5,10003914,0.0,"09:31-11:30,13:01-15:00",510300C2202M04500,10003914
2022-01-19,XSHG,510300.XSHG,300ETF购2月4600,510300.XSHG,1.0,2022-02-23,2022-02-23,C,E,Option,10000.0,4.6,10003915,0.0,"09:31-11:30,13:01-15:00",510300C2202M04600,10003915
2022-01-19,XSHG,510300.XSHG,300ETF购2月4700,510300.XSHG,1.0,2022-02-23,2022-02-23,C,E,Option,10000.0,4.7,10003916,0.0,"09:31-11:30,13:01-15:00",510300C2202M04700,10003916
2022-01-19,XSHG,510300.XSHG,300ETF购2月4800,510300.XSHG,1.0,2022-02-23,2022-02-23,C,E,Option,10000.0,4.8,10003917,0.0,"09:31-11:30,13:01-15:00",510300C2202M04800,10003917
2022-01-19,XSHG,510300.XSHG,300ETF购2月4900,510300.XSHG,1.0,2022-02-23,2022-02-23,C,E,Option,10000.0,4.9,10003918,0.0,"09:31-11:30,13:01-15:00",510300C2202M04900,10003918
2022-01-19,XSHG,510300.XSHG,300ETF购2月5000,510300.XSHG,1.0,2022-02-23,2022-02-23,C,E,Option,10000.0,5.0,10003919,0.0,"09:31-11:30,13:01-15:00",510300C2202M05000,10003919
2022-01-19,XSHG,510300.XSHG,300ETF购2月5250,510300.XSHG,1.0,2022-02-23,2022-02-23,C,E,Option,10000.0,5.25,10003920,0.0,"09:31-11:30,13:01-15:00",510300C2202M05250,10003920
2022-01-19,XSHG,510300.XSHG,300ETF购2月5500,510300.XSHG,1.0,2022-02-23,2022-02-23,C,E,Option,10000.0,5.5,10003921,0.0,"09:31-11:30,13:01-15:00",510300C2202M05500,10003921
2022-01-19,XSHG,510300.XSHG,300ETF沽2月4400,510300.XSHG,1.0,2022-02-23,2022-02-23,P,E,Option,10000.0,4.4,10003922,0.0,"09:31-11:30,13:01-15:00",510300P2202M04400,10003922
2022-01-19,XSHG,510300.XSHG,300ETF沽2月4500,510300.XSHG,1.0,2022-02-23,2022-02-23,P,E,Option,10000.0,4.5,10003923,0.0,"09:31-11:30,13:01-15:00",510300P2202M04500,10003923
2022-01-19,XSHG,510300.XSHG,300ETF沽2月4600,510300.XSHG,1.0,2022-02-23,2022-02-23,P,E,Option,10000.0,4.6,10003924,0.0,"09:31-11:30,13:01-15:00",510300P2202M04600,10003924
2022-01-19,XSHG,510300.XSHG,300ETF沽2月4700,510300.XSHG,1.0,2022-02-23,2022-02-23,P,E,Option,10000.0,4.7,10003925,0.0,"09:31-11:30,13:01-15:00",510300P2202M04700,10003925
2022-01-19,XSHG,510300.XSHG,300ETF沽2月4800,510300.XSHG,1.0,2022-02-23,2022-02-23,P,E,Option,10000.0,4.8,10003926,0.0,"09:31-11:30,13:01-15:00",510300P2202M04800,10003926
2022-01-19,XSHG,510300.XSHG,300ETF沽2月4900,510300.XSHG,1.0,2022-02-23,2022-02-23,P,E,Option,10000.0,4.9,10003927,0.0,"09:31-11:30,13:01-15:00",510300P2202M04900,10003927
2022-01-19,XSHG,510300.XSHG,300ETF沽2月5000,510300.XSHG,1.0,2022-02-23,2022-02-23,P,E,Option,10000.0,5.0,10003928,0.0,"09:31-11:30,13:01-15:00",510300P2202M05000,10003928
2022-01-19,XSHG,510300.XSHG,300ETF沽2月5250,510300.XSHG,1.0,2022-02-23,2022-02-23,P,E,Option,10000.0,5.25,10003929,0.0,"09:31-11:30,13:01-15:00",510300P2202M05250,10003929
2022-01-19,XSHG,510300.XSHG,300ETF沽2月5500,510300.XSHG,1.0,2022-02-23,2022-02-23,P,E,Option,10000.0,5.5,10003930,0.0,"09:31-11:30,13:01-15:00",510300P2202M05500,10003930
2022-01-19,XSHG,510300.XSHG,300ETF购3月4400,510300.XSHG,1.0,2022-03-23,2022-03-23,C,E,Option,10000.0,4.4,10003931,0.0,"09:31-11:30,13:01-15:00",510300C2203M04400,10003931
2022-01-19,XSHG,510300.XSHG,300ETF购3月4500,510300.XSHG,1.0,2022-03-23,2022-03-23,C,E,Option,10000.0,4.5,10003932,0.0,"09:31-11:30,13:01-15:00",510300C2203M04500,10003932
2022-01-19,XSHG,510300.XSHG,300ETF购3月4600,510300.XSHG,1.0,2022-03-23,2022-03-23,C,E,Option,10000.0,4.6,10003933,0.0,"09:31-11:30,13:01-15:00",510300C2203M04600,10003933
2022-01-19,XSHG,510300.XSHG,300ETF购3月4700,510300.XSHG,1.0,2022-03-23,2022-03-23,C,E,Option,10000.0,4.7,10003934,0.0,"09:31-11:30,13:01-15:00",510300C2203M04700,10003934
2022-01-19,XSHG,510300.XSHG,300ETF购3月4800,510300.XSHG,1.0,2022-03-23,2022-03-23,C,E,Option,10000.0,4.8,10003935,0.0,"09:31-11:30,13:01-15:00",510300C2203M04800,10003935
2022-01-19,XSHG,510300.XSHG,300ETF购3月4900,510300.XSHG,1.0,2022-03-23,2022-03-23,C,E,Option,10000.0,4.9,10003936,0.0,"09:31-11:30,13:01-15:00",510300C2203M04900,10003936
2022-01-19,XSHG,510300.XSHG,300ETF购3月5000,510300.XSHG,1.0,2022-03-23,2022-03-23,C,E,Option,10000.0,5.0,10003937,0.0,"09:31-11:30,13:01-15:00",510300C2203M05000,10003937
2022-01-19,XSHG,510300.XSHG,300ETF购3月5250,510300.XSHG,1.0,2022-03-23,2022-03-23,C,E,Option,10000.0,5.25,10003938,0.0,"09:31-11:30,13:01-15:00",510300C2203M05250,10003938
2022-01-19,XSHG,510300.XSHG,300ETF购3月5500,510300.XSHG,1.0,2022-03-23,2022-03-23,C,E,Option,10000.0,5.5,10003939,0.0,"09:31-11:30,13:01-15:00",510300C2203M05500,10003939
2022-01-19,XSHG,510300.XSHG,300ETF沽3月4400,510300.XSHG,1.0,2022-03-23,2022-03-23,P,E,Option,10000.0,4.4,10003940,0.0,"09:31-11:30,13:01-15:00",510300P2203M04400,10003940
2022-01-19,XSHG,510300.XSHG,300ETF沽3月4500,510300.XSHG,1.0,2022-03-23,2022-03-23,P,E,Option,10000.0,4.5,10003941,0.0,"09:31-11:30,13:01-15:00",510300P2203M04500,10003941
2022-01-19,XSHG,510300.XSHG,300ETF沽3月4600,510300.XSHG,1.0,2022-03-23,2022-03-23,P,E,Option,10000.0,4.6,10003942,0.0,"09:31-11:30,13:01-15:00",510300P2203M04600,10003942
2022-01-19,XSHG,510300.XSHG,300ETF沽3月4700,510300.XSHG,1.0,2022-03-23,2022-03-23,P,E,Option,10000.0,4.7,10003943,0.0,"09:31-11:30,13:01-15:00",510300P2203M04700,10003943
2022-01-19,XSHG,510300.XSHG,300ETF沽3月4800,510300.XSHG,1.0,2022-03-23,2022-03-23,P,E,Option,10000.0,4.8,10003944,0.0,"09:31-11:30,13:01-15:00",510300P2203M04800,10003944
2022-01-19,XSHG,510300.XSHG,300ETF沽3月4900,510300.XSHG,1.0,2022-03-23,2022-03-23,P,E,Option,10000.0,4.9,10003945,0.0,"09:31-11:30,13:01-15:00",510300P2203M04900,10003945
2022-01-19,XSHG,510300.XSHG,300ETF沽3月5000,510300.XSHG,1.0,2022-03-23,2022-03-23,P,E,Option,10000.0,5.0,10003946,0.0,"09:31-11:30,13:01-15:00",510300P2203M05000,10003946
2022-01-19,XSHG,510300.XSHG,300ETF沽3月5250,510300.XSHG,1.0,2022-03-23,2022-03-23,P,E,Option,10000.0,5.25,10003947,0.0,"09:31-11:30,13:01-15:00",510300P2203M05250,10003947
2022-01-19,XSHG,510300.XSHG,300ETF沽3月5500,510300.XSHG,1.0,2022-03-23,2022-03-23,P,E,Option,10000.0,5.5,10003948,0.0,"09:31-11:30,13:01-15:00",510300P2203M05500,10003948
2022-01-19,XSHG,510300.XSHG,300ETF购6月4400,510300.XSHG,1.0,2022-06-22,2022-06-22,C,E,Option,10000.0,4.4,10003949,0.0,"09:31-11:30,13:01-15:00",510300C2206M04400,10003949
2022-01-19,XSHG,510300.XSHG,300ETF购6月4500,510300.XSHG,1.0,2022-06-22,2022-06-22,C,E,Option,10000.0,4.5,10003950,0.0,"09:31-11:30,13:01-15:00",510300C2206M04500,10003950
2022-01-19,XSHG,510300.XSHG,300ETF购6月4600,510300.XSHG,1.0,2022-06-22,2022-06-22,C,E,Option,10000.0,4.6,10003951,0.0,"09:31-11:30,13:01-15:00",510300C2206M04600,10003951
2022-01-19,XSHG,510300.XSHG,300ETF购6月4700,510300.XSHG,1.0,2022-06-22,2022-06-22,C,E,Option,10000.0,4.7,10003952,0.0,"09:31-11:30,13:01-15:00",510300C2206M04700,10003952
2022-01-19,XSHG,510300.XSHG,300ETF购6月4800,510300.XSHG,1.0,2022-06-22,2022-06-22,C,E,Option,10000.0,4.8,10003953,0.0,"09:31-11:30,13:01-15:00",510300C2206M04800,10003953
2022-01-19,XSHG,510300.XSHG,300ETF购6月4900,510300.XSHG,1.0,2022-06-22,2022-06-22,C,E,Option,10000.0,4.9,10003954,0.0,"09:31-11:30,13:01-15:00",510300C2206M04900,10003954
2022-01-19,XSHG,510300.XSHG,300ETF购6月5000,510300.XSHG,1.0,2022-06-22,2022-06-22,C,E,Option,10000.0,5.0,10003955,0.0,"09:31-11:30,13:01-15:00",510300C2206M05000,10003955
2022-01-19,XSHG,510300.XSHG,300ETF购6月5250,510300.XSHG,1.0,2022-06-22,2022-06-22,C,E,Option,10000.0,5.25,10003956,0.0,"09:31-11:30,13:01-15:00",510300C2206M05250,10003956
2022-01-19,XSHG,510300.XSHG,300ETF购6月5500,510300.XSHG,1.0,2022-06-22,2022-06-22,C,E,Option,10000.0,5.5,10003957,0.0,"09:31-11:30,13:01-15:00",510300C2206M05500,10003957
2022-01-19,XSHG,510300.XSHG,300ETF沽6月4400,510300.XSHG,1.0,2022-06-22,2022-06-22,P,E,Option,10000.0,4.4,10003958,0.0,"09:31-11:30,13:01-15:00",510300P2206M04400,10003958
2022-01-19,XSHG,510300.XSHG,300ETF沽6月4500,510300.XSHG,1.0,2022-06-22,2022-06-22,P,E,Option,10000.0,4.5,10003959,0.0,"09:31-11:30,13:01-15:00",510300P2206M04500,10003959
2022-01-19,XSHG,510300.XSHG,300ETF沽6月4600,510300.XSHG,1.0,2022-06-22,2022-06-22,P,E,Option,10000.0,4.6,10003960,0.0,"09:31-11:30,13:01-15:00",510300P2206M04600,10003960
2022-01-19,XSHG,510300.XSHG,300ETF沽6月4700,510300.XSHG,1.0,2022-06-22,2022-06-22,P,E,Option,10000.0,4.7,10003961,0.0,"09:31-11:30,13:01-15:00",510300P2206M04700,10003961
2022-01-19,XSHG,510300.XSHG,300ETF沽6月4800,510300.XSHG,1.0,2022-06-22,2022-06-22,P,E,Option,10000.0,4.8,10003962,0.0,"09:31-11:30,13:01-15:00",510300P2206M04800,10003962
2022-01-19,XSHG,510300.XSHG,300ETF沽6月4900,510300.XSHG,1.0,2022-06-22,2022-06-22,P,E,Option,10000.0,4.9,10003963,0.0,"09:31-11:30,13:01-15:00",510300P2206M04900,10003963
2022-01-19,XSHG,510300.XSHG,300ETF沽6月5000,510300.XSHG,1.0,2022-06-22,2022-06-22,P,E,Option,10000.0,5.0,10003964,0.0,"09:31-11:30,13:01-15:00",510300P2206M05000,10003964
2022-01-19,XSHG,510300.XSHG,300ETF沽6月5250,510300.XSHG,1.0,2022-06-22,2022-06-22,P,E,Option,10000.0,5.25,10003965,0.0,"09:31-11:30,13:01-15:00",510300P2206M05250,10003965
2022-01-19,XSHG,510300.XSHG,300ETF沽6月5500,510300.XSHG,1.0,2022-06-22,2022-06-22,P,E,Option,10000.0,5.5,10003966,0.0,"09:31-11:30,13:01-15:00",510300P2206M05500,10003966
2022-01-26,XSHG,510300.XSHG,300ETF购1月4300,510300.XSHG,1.0,2022-01-26,2022-01-26,C,E,Option,10000.0,4.3,10003967,0.0,"09:31-11:30,13:01-15:00",510300C2201M04300,10003967
2022-01-26,XSHG,510300.XSHG,300ETF沽1月4300,510300.XSHG,1.0,2022-01-26,2022-01-26,P,E,Option,10000.0,4.3,10003968,0.0,"09:31-11:30,13:01-15:00",510300P2201M04300,10003968
2022-01-26,XSHG,510300.XSHG,300ETF购2月4300,510300.XSHG,1.0,2022-02-23,2022-02-23,C,E,Option,10000.0,4.3,10003969,0.0,"09:31-11:30,13:01-15:00",510300C2202M04300,10003969
2022-01-26,XSHG,510300.XSHG,300ETF沽2月4300,510300.XSHG,1.0,2022-02-23,2022-02-23,P,E,Option,10000.0,4.3,10003970,0.0,"09:31-11:30,13:01-15:00",510300P2202M04300,10003970
2022-01-26,XSHG,510300.XSHG,300ETF购3月4300,510300.XSHG,1.0,2022-03-23,2022-03-23,C,E,Option,10000.0,4.3,10003971,0.0,"09:31-11:30,13:01-15:00",510300C2203M04300,10003971
2022-01-26,XSHG,510300.XSHG,300ETF沽3月4300,510300.XSHG,1.0,2022-03-23,2022-03-23,P,E,Option,10000.0,4.3,10003972,0.0,"09:31-11:30,13:01-15:00",510300P2203M04300,10003972
2022-01-26,XSHG,510300.XSHG,300ETF购6月4300,510300.XSHG,1.0,2022-06-22,2022-06-22,C,E,Option,10000.0,4.3,10003973,0.0,"09:31-11:30,13:01-15:00",510300C2206M04300,10003973
2022-01-26,XSHG,510300.XSHG,300ETF沽6月4300,510300.XSHG,1.0,2022-06-22,2022-06-22,P,E,Option,10000.0,4.3,10003974,0.0,"09:31-11:30,13:01-15:00",510300P2206M04300,10003974
2022-01-27,XSHG,510300.XSHG,300ETF购9月4300,510300.XSHG,1.0,2022-09-28,2022-09-28,C,E,Option,10000.0,4.3,10003993,0.0,"09:31-11:30,13:01-15:00",510300C2209M04300,10003993
2022-01-27,XSHG,510300.XSHG,300ETF购9月4400,510300.XSHG,1.0,2022-09-28,2022-09-28,C,E,Option,10000.0,4.4,10003994,0.0,"09:31-11:30,13:01-15:00",510300C2209M04400,10003994
2022-01-27,XSHG,510300.XSHG,300ETF购9月4500,510300.XSHG,1.0,2022-09-28,2022-09-28,C,E,Option,10000.0,4.5,10003995,0.0,"09:31-11:30,13:01-15:00",510300C2209M04500,10003995
2022-01-27,XSHG,510300.XSHG,300ETF购9月4600,510300.XSHG,1.0,2022-09-28,2022-09-28,C,E,Option,10000.0,4.6,10003996,0.0,"09:31-11:30,13:01-15:00",510300C2209M04600,10003996
2022-01-27,XSHG,510300.XSHG,300ETF购9月4700,510300.XSHG,1.0,2022-09-28,2022-09-28,C,E,Option,10000.0,4.7,10003997,0.0,"09:31-11:30,13:01-15:00",510300C2209M04700,10003997
2022-01-27,XSHG,510300.XSHG,300ETF购9月4800,510300.XSHG,1.0,2022-09-28,2022-09-28,C,E,Option,10000.0,4.8,10003998,0.0,"09:31-11:30,13:01-15:00",510300C2209M04800,10003998
2022-01-27,XSHG,510300.XSHG,300ETF购9月4900,510300.XSHG,1.0,2022-09-28,2022-09-28,C,E,Option,10000.0,4.9,10003999,0.0,"09:31-11:30,13:01-15:00",510300C2209M04900,10003999
2022-01-27,XSHG,510300.XSHG,300ETF购9月5000,510300.XSHG,1.0,2022-09-28,2022-09-28,C,E,Option,10000.0,5.0,10004000,0.0,"09:31-11:30,13:01-15:00",510300C2209M05000,10004000
2022-01-27,XSHG,510300.XSHG,300ETF购9月5250,510300.XSHG,1.0,2022-09-28,2022-09-28,C,E,Option,10000.0,5.25,10004001,0.0,"09:31-11:30,13:01-15:00",510300C2209M05250,10004001
2022-01-27,XSHG,510300.XSHG,300ETF沽9月4300,510300.XSHG,1.0,2022-09-28,2022-09-28,P,E,Option,10000.0,4.3,10004002,0.0,"09:31-11:30,13:01-15:00",510300P2209M04300,10004002
2022-01-27,XSHG,510300.XSHG,300ETF沽9月4400,510300.XSHG,1.0,2022-09-28,2022-09-28,P,E,Option,10000.0,4.4,10004003,0.0,"09:31-11:30,13:01-15:00",510300P2209M04400,10004003
2022-01-27,XSHG,510300.XSHG,300ETF沽9月4500,510300.XSHG,1.0,2022-09-28,2022-09-28,P,E,Option,10000.0,4.5,10004004,0.0,"09:31-11:30,13:01-15:00",510300P2209M04500,10004004
2022-01-27,XSHG,510300.XSHG,300ETF沽9月4600,510300.XSHG,1.0,2022-09-28,2022-09-28,P,E,Option,10000.0,4.6,10004005,0.0,"09:31-11:30,13:01-15:00",510300P2209M04600,10004005
2022-01-27,XSHG,510300.XSHG,300ETF沽9月4700,510300.XSHG,1.0,2022-09-28,2022-09-28,P,E,Option,10000.0,4.7,10004006,0.0,"09:31-11:30,13:01-15:00",510300P2209M04700,10004006
2022-01-27,XSHG,510300.XSHG,300ETF沽9月4800,510300.XSHG,1.0,2022-09-28,2022-09-28,P,E,Option,10000.0,4.8,10004007,0.0,"09:31-11:30,13:01-15:00",510300P2209M04800,10004007
2022-01-27,XSHG,510300.XSHG,300ETF沽9月4900,510300.XSHG,1.0,2022-09-28,2022-09-28,P,E,Option,10000.0,4.9,10004008,0.0,"09:31-11:30,13:01-15:00",510300P2209M04900,10004008
2022-01-27,XSHG,510300.XSHG,300ETF沽9月5000,510300.XSHG,1.0,2022-09-28,2022-09-28,P,E,Option,10000.0,5.0,10004009,0.0,"09:31-11:30,13:01-15:00",510300P2209M05000,10004009
2022-01-27,XSHG,510300.XSHG,300ETF沽9月5250,510300.XSHG,1.0,2022-09-28,2022-09-28,P,E,Option,10000.0,5.25,10004010,0.0,"09:31-11:30,13:01-15:00",510300P2209M05250,10004010
2022-01-28,XSHG,510300.XSHG,300ETF购2月4200,510300.XSHG,1.0,2022-02-23,2022-02-23,C,E,Option,10000.0,4.2,10004011,0.0,"09:31-11:30,13:01-15:00",510300C2202M04200,10004011
2022-01-28,XSHG,510300.XSHG,300ETF沽2月4200,510300.XSHG,1.0,2022-02-23,2022-02-23,P,E,Option,10000.0,4.2,10004012,0.0,"09:31-11:30,13:01-15:00",510300P2202M04200,10004012
2022-01-28,XSHG,510300.XSHG,300ETF购3月4200,510300.XSHG,1.0,2022-03-23,2022-03-23,C,E,Option,10000.0,4.2,10004013,0.0,"09:31-11:30,13:01-15:00",510300C2203M04200,10004013
2022-01-28,XSHG,510300.XSHG,300ETF沽3月4200,510300.XSHG,1.0,2022-03-23,2022-03-23,P,E,Option,10000.0,4.2,10004014,0.0,"09:31-11:30,13:01-15:00",510300P2203M04200,10004014
2022-01-28,XSHG,510300.XSHG,300ETF购6月4200,510300.XSHG,1.0,2022-06-22,2022-06-22,C,E,Option,10000.0,4.2,10004015,0.0,"09:31-11:30,13:01-15:00",510300C2206M04200,10004015
2022-01-28,XSHG,510300.XSHG,300ETF沽6月4200,510300.XSHG,1.0,2022-06-22,2022-06-22,P,E,Option,10000.0,4.2,10004016,0.0,"09:31-11:30,13:01-15:00",510300P2206M04200,10004016
2022-01-28,XSHG,510300.XSHG,300ETF购9月4200,510300.XSHG,1.0,2022-09-28,2022-09-28,C,E,Option,10000.0,4.2,10004017,0.0,"09:31-11:30,13:01-15:00",510300C2209M04200,10004017
2022-01-28,XSHG,510300.XSHG,300ETF沽9月4200,510300.XSHG,1.0,2022-09-28,2022-09-28,P,E,Option,10000.0,4.2,10004018,0.0,"09:31-11:30,13:01-15:00",510300P2209M04200,10004018
2022-02-15,XSHG,510300.XSHG,300ETF购2月4100,510300.XSHG,1.0,2022-02-23,2022-02-23,C,E,Option,10000.0,4.1,10004027,0.0,"09:31-11:30,13:01-15:00",510300C2202M04100,10004027
2022-02-15,XSHG,510300.XSHG,300ETF沽2月4100,510300.XSHG,1.0,2022-02-23,2022-02-23,P,E,Option,10000.0,4.1,10004028,0.0,"09:31-11:30,13:01-15:00",510300P2202M04100,10004028
2022-02-15,XSHG,510300.XSHG,300ETF购3月4100,510300.XSHG,1.0,2022-03-23,2022-03-23,C,E,Option,10000.0,4.1,10004029,0.0,"09:31-11:30,13:01-15:00",510300C2203M04100,10004029
2022-02-15,XSHG,510300.XSHG,300ETF沽3月4100,510300.XSHG,1.0,2022-03-23,2022-03-23,P,E,Option,10000.0,4.1,10004030,0.0,"09:31-11:30,13:01-15:00",510300P2203M04100,10004030
2022-02-15,XSHG,510300.XSHG,300ETF购6月4100,510300.XSHG,1.0,2022-06-22,2022-06-22,C,E,Option,10000.0,4.1,10004031,0.0,"09:31-11:30,13:01-15:00",510300C2206M04100,10004031
2022-02-15,XSHG,510300.XSHG,300ETF沽6月4100,510300.XSHG,1.0,2022-06-22,2022-06-22,P,E,Option,10000.0,4.1,10004032,0.0,"09:31-11:30,13:01-15:00",510300P2206M04100,10004032
2022-02-15,XSHG,510300.XSHG,300ETF购9月4100,510300.XSHG,1.0,2022-09-28,2022-09-28,C,E,Option,10000.0,4.1,10004033,0.0,"09:31-11:30,13:01-15:00",510300C2209M04100,10004033
2022-02-15,XSHG,510300.XSHG,300ETF沽9月4100,510300.XSHG,1.0,2022-09-28,2022-09-28,P,E,Option,10000.0,4.1,10004034,0.0,"09:31-11:30,13:01-15:00",510300P2209M04100,10004034
2022-02-24,XSHG,510300.XSHG,300ETF购4月4200,510300.XSHG,1.0,2022-04-27,2022-04-27,C,E,Option,10000.0,4.2,10004053,0.0,"09:31-11:30,13:01-15:00",510300C2204M04200,10004053
2022-02-24,XSHG,510300.XSHG,300ETF购4月4300,510300.XSHG,1.0,2022-04-27,2022-04-27,C,E,Option,10000.0,4.3,10004054,0.0,"09:31-11:30,13:01-15:00",510300C2204M04300,10004054
2022-02-24,XSHG,510300.XSHG,300ETF购4月4400,510300.XSHG,1.0,2022-04-27,2022-04-27,C,E,Option,10000.0,4.4,10004055,0.0,"09:31-11:30,13:01-15:00",510300C2204M04400,10004055
2022-02-24,XSHG,510300.XSHG,300ETF购4月4500,510300.XSHG,1.0,2022-04-27,2022-04-27,C,E,Option,10000.0,4.5,10004056,0.0,"09:31-11:30,13:01-15:00",510300C2204M04500,10004056
2022-02-24,XSHG,510300.XSHG,300ETF购4月4600,510300.XSHG,1.0,2022-04-27,2022-04-27,C,E,Option,10000.0,4.6,10004057,0.0,"09:31-11:30,13:01-15:00",510300C2204M04600,10004057
2022-02-24,XSHG,510300.XSHG,300ETF购4月4700,510300.XSHG,1.0,2022-04-27,2022-04-27,C,E,Option,10000.0,4.7,10004058,0.0,"09:31-11:30,13:01-15:00",510300C2204M04700,10004058
2022-02-24,XSHG,510300.XSHG,300ETF购4月4800,510300.XSHG,1.0,2022-04-27,2022-04-27,C,E,Option,10000.0,4.8,10004059,0.0,"09:31-11:30,13:01-15:00",510300C2204M04800,10004059
2022-02-24,XSHG,510300.XSHG,300ETF购4月4900,510300.XSHG,1.0,2022-04-27,2022-04-27,C,E,Option,10000.0,4.9,10004060,0.0,"09:31-11:30,13:01-15:00",510300C2204M04900,10004060
2022-02-24,XSHG,510300.XSHG,300ETF购4月5000,510300.XSHG,1.0,2022-04-27,2022-04-27,C,E,Option,10000.0,5.0,10004061,0.0,"09:31-11:30,13:01-15:00",510300C2204M05000,10004061
2022-02-24,XSHG,510300.XSHG,300ETF沽4月4200,510300.XSHG,1.0,2022-04-27,2022-04-27,P,E,Option,10000.0,4.2,10004062,0.0,"09:31-11:30,13:01-15:00",510300P2204M04200,10004062
2022-02-24,XSHG,510300.XSHG,300ETF沽4月4300,510300.XSHG,1.0,2022-04-27,2022-04-27,P,E,Option,10000.0,4.3,10004063,0.0,"09:31-11:30,13:01-15:00",510300P2204M04300,10004063
2022-02-24,XSHG,510300.XSHG,300ETF沽4月4400,510300.XSHG,1.0,2022-04-27,2022-04-27,P,E,Option,10000.0,4.4,10004064,0.0,"09:31-11:30,13:01-15:00",510300P2204M04400,10004064
2022-02-24,XSHG,510300.XSHG,300ETF沽4月4500,510300.XSHG,1.0,2022-04-27,2022-04-27,P,E,Option,10000.0,4.5,10004065,0.0,"09:31-11:30,13:01-15:00",510300P2204M04500,10004065
2022-02-24,XSHG,510300.XSHG,300ETF沽4月4600,510300.XSHG,1.0,2022-04-27,2022-04-27,P,E,Option,10000.0,4.6,10004066,0.0,"09:31-11:30,13:01-15:00",510300P2204M04600,10004066
2022-02-24,XSHG,510300.XSHG,300ETF沽4月4700,510300.XSHG,1.0,2022-04-27,2022-04-27,P,E,Option,10000.0,4.7,10004067,0.0,"09:31-11:30,13:01-15:00",510300P2204M04700,10004067
2022-02-24,XSHG,510300.XSHG,300ETF沽4月4800,510300.XSHG,1.0,2022-04-27,2022-04-27,P,E,Option,10000.0,4.8,10004068,0.0,"09:31-11:30,13:01-15:00",510300P2204M04800,10004068
2022-02-24,XSHG,510300.XSHG,300ETF沽4月4900,510300.XSHG,1.0,2022-04-27,2022-04-27,P,E,Option,10000.0,4.9,10004069,0.0,"09:31-11:30,13:01-15:00",510300P2204M04900,10004069
2022-02-24,XSHG,510300.XSHG,300ETF沽4月5000,510300.XSHG,1.0,2022-04-27,2022-04-27,P,E,Option,10000.0,5.0,10004070,0.0,"09:31-11:30,13:01-15:00",510300P2204M05000,10004070
2022-02-25,XSHG,510300.XSHG,300ETF购4月4100,510300.XSHG,1.0,2022-04-27,2022-04-27,C,E,Option,10000.0,4.1,10004073,0.0,"09:31-11:30,13:01-15:00",510300C2204M04100,10004073
2022-02-25,XSHG,510300.XSHG,300ETF沽4月4100,510300.XSHG,1.0,2022-04-27,2022-04-27,P,E,Option,10000.0,4.1,10004074,0.0,"09:31-11:30,13:01-15:00",510300P2204M04100,10004074
2022-03-08,XSHG,510300.XSHG,300ETF购3月3900,510300.XSHG,1.0,2022-03-23,2022-03-23,C,E,Option,10000.0,3.9,10004083,0.0,"09:31-11:30,13:01-15:00",510300C2203M03900,10004083
2022-03-08,XSHG,510300.XSHG,300ETF购3月4000,510300.XSHG,1.0,2022-03-23,2022-03-23,C,E,Option,10000.0,4.0,10004084,0.0,"09:31-11:30,13:01-15:00",510300C2203M04000,10004084
2022-03-08,XSHG,510300.XSHG,300ETF沽3月3900,510300.XSHG,1.0,2022-03-23,2022-03-23,P,E,Option,10000.0,3.9,10004085,0.0,"09:31-11:30,13:01-15:00",510300P2203M03900,10004085
2022-03-08,XSHG,510300.XSHG,300ETF沽3月4000,510300.XSHG,1.0,2022-03-23,2022-03-23,P,E,Option,10000.0,4.0,10004086,0.0,"09:31-11:30,13:01-15:00",510300P2203M04000,10004086
2022-03-08,XSHG,510300.XSHG,300ETF购4月3900,510300.XSHG,1.0,2022-04-27,2022-04-27,C,E,Option,10000.0,3.9,10004087,0.0,"09:31-11:30,13:01-15:00",510300C2204M03900,10004087
2022-03-08,XSHG,510300.XSHG,300ETF购4月4000,510300.XSHG,1.0,2022-04-27,2022-04-27,C,E,Option,10000.0,4.0,10004088,0.0,"09:31-11:30,13:01-15:00",510300C2204M04000,10004088
2022-03-08,XSHG,510300.XSHG,300ETF沽4月3900,510300.XSHG,1.0,2022-04-27,2022-04-27,P,E,Option,10000.0,3.9,10004089,0.0,"09:31-11:30,13:01-15:00",510300P2204M03900,10004089
2022-03-08,XSHG,510300.XSHG,300ETF沽4月4000,510300.XSHG,1.0,2022-04-27,2022-04-27,P,E,Option,10000.0,4.0,10004090,0.0,"09:31-11:30,13:01-15:00",510300P2204M04000,10004090
2022-03-08,XSHG,510300.XSHG,300ETF购6月3900,510300.XSHG,1.0,2022-06-22,2022-06-22,C,E,Option,10000.0,3.9,10004091,0.0,"09:31-11:30,13:01-15:00",510300C2206M03900,10004091
2022-03-08,XSHG,510300.XSHG,300ETF购6月4000,510300.XSHG,1.0,2022-06-22,2022-06-22,C,E,Option,10000.0,4.0,10004092,0.0,"09:31-11:30,13:01-15:00",510300C2206M04000,10004092
2022-03-08,XSHG,510300.XSHG,300ETF沽6月3900,510300.XSHG,1.0,2022-06-22,2022-06-22,P,E,Option,10000.0,3.9,10004093,0.0,"09:31-11:30,13:01-15:00",510300P2206M03900,10004093
2022-03-08,XSHG,510300.XSHG,300ETF沽6月4000,510300.XSHG,1.0,2022-06-22,2022-06-22,P,E,Option,10000.0,4.0,10004094,0.0,"09:31-11:30,13:01-15:00",510300P2206M04000,10004094
2022-03-08,XSHG,510300.XSHG,300ETF购9月3900,510300.XSHG,1.0,2022-09-28,2022-09-28,C,E,Option,10000.0,3.9,10004095,0.0,"09:31-11:30,13:01-15:00",510300C2209M03900,10004095
2022-03-08,XSHG,510300.XSHG,300ETF购9月4000,510300.XSHG,1.0,2022-09-28,2022-09-28,C,E,Option,10000.0,4.0,10004096,0.0,"09:31-11:30,13:01-15:00",510300C2209M04000,10004096
2022-03-08,XSHG,510300.XSHG,300ETF沽9月3900,510300.XSHG,1.0,2022-09-28,2022-09-28,P,E,Option,10000.0,3.9,10004097,0.0,"09:31-11:30,13:01-15:00",510300P2209M03900,10004097
2022-03-08,XSHG,510300.XSHG,300ETF沽9月4000,510300.XSHG,1.0,2022-09-28,2022-09-28,P,E,Option,10000.0,4.0,10004098,0.0,"09:31-11:30,13:01-15:00",510300P2209M04000,10004098
2022-03-10,XSHG,510300.XSHG,300ETF购3月3800,510300.XSHG,1.0,2022-03-23,2022-03-23,C,E,Option,10000.0,3.8,10004107,0.0,"09:31-11:30,13:01-15:00",510300C2203M03800,10004107
2022-03-10,XSHG,510300.XSHG,300ETF沽3月3800,510300.XSHG,1.0,2022-03-23,2022-03-23,P,E,Option,10000.0,3.8,10004108,0.0,"09:31-11:30,13:01-15:00",510300P2203M03800,10004108
2022-03-10,XSHG,510300.XSHG,300ETF购4月3800,510300.XSHG,1.0,2022-04-27,2022-04-27,C,E,Option,10000.0,3.8,10004109,0.0,"09:31-11:30,13:01-15:00",510300C2204M03800,10004109
2022-03-10,XSHG,510300.XSHG,300ETF沽4月3800,510300.XSHG,1.0,2022-04-27,2022-04-27,P,E,Option,10000.0,3.8,10004110,0.0,"09:31-11:30,13:01-15:00",510300P2204M03800,10004110
2022-03-10,XSHG,510300.XSHG,300ETF购6月3800,510300.XSHG,1.0,2022-06-22,2022-06-22,C,E,Option,10000.0,3.8,10004111,0.0,"09:31-11:30,13:01-15:00",510300C2206M03800,10004111
2022-03-10,XSHG,510300.XSHG,300ETF沽6月3800,510300.XSHG,1.0,2022-06-22,2022-06-22,P,E,Option,10000.0,3.8,10004112,0.0,"09:31-11:30,13:01-15:00",510300P2206M03800,10004112
2022-03-10,XSHG,510300.XSHG,300ETF购9月3800,510300.XSHG,1.0,2022-09-28,2022-09-28,C,E,Option,10000.0,3.8,10004113,0.0,"09:31-11:30,13:01-15:00",510300C2209M03800,10004113
2022-03-10,XSHG,510300.XSHG,300ETF沽9月3800,510300.XSHG,1.0,2022-09-28,2022-09-28,P,E,Option,10000.0,3.8,10004114,0.0,"09:31-11:30,13:01-15:00",510300P2209M03800,10004114
2022-03-16,XSHG,510300.XSHG,300ETF购3月3600,510300.XSHG,1.0,2022-03-23,2022-03-23,C,E,Option,10000.0,3.6,10004147,0.0,"09:31-11:30,13:01-15:00",510300C2203M03600,10004147
2022-03-16,XSHG,510300.XSHG,300ETF购3月3700,510300.XSHG,1.0,2022-03-23,2022-03-23,C,E,Option,10000.0,3.7,10004148,0.0,"09:31-11:30,13:01-15:00",510300C2203M03700,10004148
2022-03-16,XSHG,510300.XSHG,300ETF沽3月3600,510300.XSHG,1.0,2022-03-23,2022-03-23,P,E,Option,10000.0,3.6,10004149,0.0,"09:31-11:30,13:01-15:00",510300P2203M03600,10004149
2022-03-16,XSHG,510300.XSHG,300ETF沽3月3700,510300.XSHG,1.0,2022-03-23,2022-03-23,P,E,Option,10000.0,3.7,10004150,0.0,"09:31-11:30,13:01-15:00",510300P2203M03700,10004150
2022-03-16,XSHG,510300.XSHG,300ETF购4月3600,510300.XSHG,1.0,2022-04-27,2022-04-27,C,E,Option,10000.0,3.6,10004151,0.0,"09:31-11:30,13:01-15:00",510300C2204M03600,10004151
2022-03-16,XSHG,510300.XSHG,300ETF购4月3700,510300.XSHG,1.0,2022-04-27,2022-04-27,C,E,Option,10000.0,3.7,10004152,0.0,"09:31-11:30,13:01-15:00",510300C2204M03700,10004152
2022-03-16,XSHG,510300.XSHG,300ETF沽4月3600,510300.XSHG,1.0,2022-04-27,2022-04-27,P,E,Option,10000.0,3.6,10004153,0.0,"09:31-11:30,13:01-15:00",510300P2204M03600,10004153
2022-03-16,XSHG,510300.XSHG,300ETF沽4月3700,510300.XSHG,1.0,2022-04-27,2022-04-27,P,E,Option,10000.0,3.7,10004154,0.0,"09:31-11:30,13:01-15:00",510300P2204M03700,10004154
2022-03-16,XSHG,510300.XSHG,300ETF购6月3600,510300.XSHG,1.0,2022-06-22,2022-06-22,C,E,Option,10000.0,3.6,10004155,0.0,"09:31-11:30,13:01-15:00",510300C2206M03600,10004155
2022-03-16,XSHG,510300.XSHG,300ETF购6月3700,510300.XSHG,1.0,2022-06-22,2022-06-22,C,E,Option,10000.0,3.7,10004156,0.0,"09:31-11:30,13:01-15:00",510300C2206M03700,10004156
2022-03-16,XSHG,510300.XSHG,300ETF沽6月3600,510300.XSHG,1.0,2022-06-22,2022-06-22,P,E,Option,10000.0,3.6,10004157,0.0,"09:31-11:30,13:01-15:00",510300P2206M03600,10004157
2022-03-16,XSHG,510300.XSHG,300ETF沽6月3700,510300.XSHG,1.0,2022-06-22,2022-06-22,P,E,Option,10000.0,3.7,10004158,0.0,"09:31-11:30,13:01-15:00",510300P2206M03700,10004158
2022-03-16,XSHG,510300.XSHG,300ETF购9月3600,510300.XSHG,1.0,2022-09-28,2022-09-28,C,E,Option,10000.0,3.6,10004159,0.0,"09:31-11:30,13:01-15:00",510300C2209M03600,10004159
2022-03-16,XSHG,510300.XSHG,300ETF购9月3700,510300.XSHG,1.0,2022-09-28,2022-09-28,C,E,Option,10000.0,3.7,10004160,0.0,"09:31-11:30,13:01-15:00",510300C2209M03700,10004160
2022-03-16,XSHG,510300.XSHG,300ETF沽9月3600,510300.XSHG,1.0,2022-09-28,2022-09-28,P,E,Option,10000.0,3.6,10004161,0.0,"09:31-11:30,13:01-15:00",510300P2209M03600,10004161
2022-03-16,XSHG,510300.XSHG,300ETF沽9月3700,510300.XSHG,1.0,2022-09-28,2022-09-28,P,E,Option,10000.0,3.7,10004162,0.0,"09:31-11:30,13:01-15:00",510300P2209M03700,10004162
2022-03-24,XSHG,510300.XSHG,300ETF购5月3900,510300.XSHG,1.0,2022-05-25,2022-05-25,C,E,Option,10000.0,3.9,10004181,0.0,"09:31-11:30,13:01-15:00",510300C2205M03900,10004181
2022-03-24,XSHG,510300.XSHG,300ETF购5月4000,510300.XSHG,1.0,2022-05-25,2022-05-25,C,E,Option,10000.0,4.0,10004182,0.0,"09:31-11:30,13:01-15:00",510300C2205M04000,10004182
2022-03-24,XSHG,510300.XSHG,300ETF购5月4100,510300.XSHG,1.0,2022-05-25,2022-05-25,C,E,Option,10000.0,4.1,10004183,0.0,"09:31-11:30,13:01-15:00",510300C2205M04100,10004183
2022-03-24,XSHG,510300.XSHG,300ETF购5月4200,510300.XSHG,1.0,2022-05-25,2022-05-25,C,E,Option,10000.0,4.2,10004184,0.0,"09:31-11:30,13:01-15:00",510300C2205M04200,10004184
2022-03-24,XSHG,510300.XSHG,300ETF购5月4300,510300.XSHG,1.0,2022-05-25,2022-05-25,C,E,Option,10000.0,4.3,10004185,0.0,"09:31-11:30,13:01-15:00",510300C2205M04300,10004185
2022-03-24,XSHG,510300.XSHG,300ETF购5月4400,510300.XSHG,1.0,2022-05-25,2022-05-25,C,E,Option,10000.0,4.4,10004186,0.0,"09:31-11:30,13:01-15:00",510300C2205M04400,10004186
2022-03-24,XSHG,510300.XSHG,300ETF购5月4500,510300.XSHG,1.0,2022-05-25,2022-05-25,C,E,Option,10000.0,4.5,10004187,0.0,"09:31-11:30,13:01-15:00",510300C2205M04500,10004187
2022-03-24,XSHG,510300.XSHG,300ETF购5月4600,510300.XSHG,1.0,2022-05-25,2022-05-25,C,E,Option,10000.0,4.6,10004188,0.0,"09:31-11:30,13:01-15:00",510300C2205M04600,10004188
2022-03-24,XSHG,510300.XSHG,300ETF购5月4700,510300.XSHG,1.0,2022-05-25,2022-05-25,C,E,Option,10000.0,4.7,10004189,0.0,"09:31-11:30,13:01-15:00",510300C2205M04700,10004189
2022-03-24,XSHG,510300.XSHG,300ETF沽5月3900,510300.XSHG,1.0,2022-05-25,2022-05-25,P,E,Option,10000.0,3.9,10004190,0.0,"09:31-11:30,13:01-15:00",510300P2205M03900,10004190
2022-03-24,XSHG,510300.XSHG,300ETF沽5月4000,510300.XSHG,1.0,2022-05-25,2022-05-25,P,E,Option,10000.0,4.0,10004191,0.0,"09:31-11:30,13:01-15:00",510300P2205M04000,10004191
2022-03-24,XSHG,510300.XSHG,300ETF沽5月4100,510300.XSHG,1.0,2022-05-25,2022-05-25,P,E,Option,10000.0,4.1,10004192,0.0,"09:31-11:30,13:01-15:00",510300P2205M04100,10004192
2022-03-24,XSHG,510300.XSHG,300ETF沽5月4200,510300.XSHG,1.0,2022-05-25,2022-05-25,P,E,Option,10000.0,4.2,10004193,0.0,"09:31-11:30,13:01-15:00",510300P2205M04200,10004193
2022-03-24,XSHG,510300.XSHG,300ETF沽5月4300,510300.XSHG,1.0,2022-05-25,2022-05-25,P,E,Option,10000.0,4.3,10004194,0.0,"09:31-11:30,13:01-15:00",510300P2205M04300,10004194
2022-03-24,XSHG,510300.XSHG,300ETF沽5月4400,510300.XSHG,1.0,2022-05-25,2022-05-25,P,E,Option,10000.0,4.4,10004195,0.0,"09:31-11:30,13:01-15:00",510300P2205M04400,10004195
2022-03-24,XSHG,510300.XSHG,300ETF沽5月4500,510300.XSHG,1.0,2022-05-25,2022-05-25,P,E,Option,10000.0,4.5,10004196,0.0,"09:31-11:30,13:01-15:00",510300P2205M04500,10004196
2022-03-24,XSHG,510300.XSHG,300ETF沽5月4600,510300.XSHG,1.0,2022-05-25,2022-05-25,P,E,Option,10000.0,4.6,10004197,0.0,"09:31-11:30,13:01-15:00",510300P2205M04600,10004197
2022-03-24,XSHG,510300.XSHG,300ETF沽5月4700,510300.XSHG,1.0,2022-05-25,2022-05-25,P,E,Option,10000.0,4.7,10004198,0.0,"09:31-11:30,13:01-15:00",510300P2205M04700,10004198
2022-03-25,XSHG,510300.XSHG,300ETF购5月3800,510300.XSHG,1.0,2022-05-25,2022-05-25,C,E,Option,10000.0,3.8,10004199,0.0,"09:31-11:30,13:01-15:00",510300C2205M03800,10004199
2022-03-25,XSHG,510300.XSHG,300ETF沽5月3800,510300.XSHG,1.0,2022-05-25,2022-05-25,P,E,Option,10000.0,3.8,10004200,0.0,"09:31-11:30,13:01-15:00",510300P2205M03800,10004200
2022-03-29,XSHG,510300.XSHG,300ETF购5月3700,510300.XSHG,1.0,2022-05-25,2022-05-25,C,E,Option,10000.0,3.7,10004203,0.0,"09:31-11:30,13:01-15:00",510300C2205M03700,10004203
2022-03-29,XSHG,510300.XSHG,300ETF沽5月3700,510300.XSHG,1.0,2022-05-25,2022-05-25,P,E,Option,10000.0,3.7,10004204,0.0,"09:31-11:30,13:01-15:00",510300P2205M03700,10004204
2022-04-22,XSHG,510300.XSHG,300ETF购5月3600,510300.XSHG,1.0,2022-05-25,2022-05-25,C,E,Option,10000.0,3.6,10004207,0.0,"09:31-11:30,13:01-15:00",510300C2205M03600,10004207
2022-04-22,XSHG,510300.XSHG,300ETF沽5月3600,510300.XSHG,1.0,2022-05-25,2022-05-25,P,E,Option,10000.0,3.6,10004208,0.0,"09:31-11:30,13:01-15:00",510300P2205M03600,10004208
2022-04-26,XSHG,510300.XSHG,300ETF购4月3400,510300.XSHG,1.0,2022-04-27,2022-04-27,C,E,Option,10000.0,3.4,10004221,0.0,"09:31-11:30,13:01-15:00",510300C2204M03400,10004221
2022-04-26,XSHG,510300.XSHG,300ETF购4月3500,510300.XSHG,1.0,2022-04-27,2022-04-27,C,E,Option,10000.0,3.5,10004222,0.0,"09:31-11:30,13:01-15:00",510300C2204M03500,10004222
2022-04-26,XSHG,510300.XSHG,300ETF沽4月3400,510300.XSHG,1.0,2022-04-27,2022-04-27,P,E,Option,10000.0,3.4,10004223,0.0,"09:31-11:30,13:01-15:00",510300P2204M03400,10004223
2022-04-26,XSHG,510300.XSHG,300ETF沽4月3500,510300.XSHG,1.0,2022-04-27,2022-04-27,P,E,Option,10000.0,3.5,10004224,0.0,"09:31-11:30,13:01-15:00",510300P2204M03500,10004224
2022-04-26,XSHG,510300.XSHG,300ETF购5月3400,510300.XSHG,1.0,2022-05-25,2022-05-25,C,E,Option,10000.0,3.4,10004225,0.0,"09:31-11:30,13:01-15:00",510300C2205M03400,10004225
2022-04-26,XSHG,510300.XSHG,300ETF购5月3500,510300.XSHG,1.0,2022-05-25,2022-05-25,C,E,Option,10000.0,3.5,10004226,0.0,"09:31-11:30,13:01-15:00",510300C2205M03500,10004226
2022-04-26,XSHG,510300.XSHG,300ETF沽5月3400,510300.XSHG,1.0,2022-05-25,2022-05-25,P,E,Option,10000.0,3.4,10004227,0.0,"09:31-11:30,13:01-15:00",510300P2205M03400,10004227
2022-04-26,XSHG,510300.XSHG,300ETF沽5月3500,510300.XSHG,1.0,2022-05-25,2022-05-25,P,E,Option,10000.0,3.5,10004228,0.0,"09:31-11:30,13:01-15:00",510300P2205M03500,10004228
2022-04-26,XSHG,510300.XSHG,300ETF购6月3400,510300.XSHG,1.0,2022-06-22,2022-06-22,C,E,Option,10000.0,3.4,10004229,0.0,"09:31-11:30,13:01-15:00",510300C2206M03400,10004229
2022-04-26,XSHG,510300.XSHG,300ETF购6月3500,510300.XSHG,1.0,2022-06-22,2022-06-22,C,E,Option,10000.0,3.5,10004230,0.0,"09:31-11:30,13:01-15:00",510300C2206M03500,10004230
2022-04-26,XSHG,510300.XSHG,300ETF沽6月3400,510300.XSHG,1.0,2022-06-22,2022-06-22,P,E,Option,10000.0,3.4,10004231,0.0,"09:31-11:30,13:01-15:00",510300P2206M03400,10004231
2022-04-26,XSHG,510300.XSHG,300ETF沽6月3500,510300.XSHG,1.0,2022-06-22,2022-06-22,P,E,Option,10000.0,3.5,10004232,0.0,"09:31-11:30,13:01-15:00",510300P2206M03500,10004232
2022-04-26,XSHG,510300.XSHG,300ETF购9月3400,510300.XSHG,1.0,2022-09-28,2022-09-28,C,E,Option,10000.0,3.4,10004233,0.0,"09:31-11:30,13:01-15:00",510300C2209M03400,10004233
2022-04-26,XSHG,510300.XSHG,300ETF购9月3500,510300.XSHG,1.0,2022-09-28,2022-09-28,C,E,Option,10000.0,3.5,10004234,0.0,"09:31-11:30,13:01-15:00",510300C2209M03500,10004234
2022-04-26,XSHG,510300.XSHG,300ETF沽9月3400,510300.XSHG,1.0,2022-09-28,2022-09-28,P,E,Option,10000.0,3.4,10004235,0.0,"09:31-11:30,13:01-15:00",510300P2209M03400,10004235
2022-04-26,XSHG,510300.XSHG,300ETF沽9月3500,510300.XSHG,1.0,2022-09-28,2022-09-28,P,E,Option,10000.0,3.5,10004236,0.0,"09:31-11:30,13:01-15:00",510300P2209M03500,10004236
2022-04-28,XSHG,510300.XSHG,300ETF购12月3500,510300.XSHG,1.0,2022-12-28,2022-12-28,C,E,Option,10000.0,3.5,10004255,0.0,"09:31-11:30,13:01-15:00",510300C2212M03500,10004255
2022-04-28,XSHG,510300.XSHG,300ETF购12月3600,510300.XSHG,1.0,2022-12-28,2022-12-28,C,E,Option,10000.0,3.6,10004256,0.0,"09:31-11:30,13:01-15:00",510300C2212M03600,10004256
2022-04-28,XSHG,510300.XSHG,300ETF购12月3700,510300.XSHG,1.0,2022-12-28,2022-12-28,C,E,Option,10000.0,3.7,10004257,0.0,"09:31-11:30,13:01-15:00",510300C2212M03700,10004257
2022-04-28,XSHG,510300.XSHG,300ETF购12月3800,510300.XSHG,1.0,2022-12-28,2022-12-28,C,E,Option,10000.0,3.8,10004258,0.0,"09:31-11:30,13:01-15:00",510300C2212M03800,10004258
2022-04-28,XSHG,510300.XSHG,300ETF购12月3900,510300.XSHG,1.0,2022-12-28,2022-12-28,C,E,Option,10000.0,3.9,10004259,0.0,"09:31-11:30,13:01-15:00",510300C2212M03900,10004259
2022-04-28,XSHG,510300.XSHG,300ETF购12月4000,510300.XSHG,1.0,2022-12-28,2022-12-28,C,E,Option,10000.0,4.0,10004260,0.0,"09:31-11:30,13:01-15:00",510300C2212M04000,10004260
2022-04-28,XSHG,510300.XSHG,300ETF购12月4100,510300.XSHG,1.0,2022-12-28,2022-12-28,C,E,Option,10000.0,4.1,10004261,0.0,"09:31-11:30,13:01-15:00",510300C2212M04100,10004261
2022-04-28,XSHG,510300.XSHG,300ETF购12月4200,510300.XSHG,1.0,2022-12-28,2022-12-28,C,E,Option,10000.0,4.2,10004262,0.0,"09:31-11:30,13:01-15:00",510300C2212M04200,10004262
2022-04-28,XSHG,510300.XSHG,300ETF购12月4300,510300.XSHG,1.0,2022-12-28,2022-12-28,C,E,Option,10000.0,4.3,10004263,0.0,"09:31-11:30,13:01-15:00",510300C2212M04300,10004263
2022-04-28,XSHG,510300.XSHG,300ETF沽12月3500,510300.XSHG,1.0,2022-12-28,2022-12-28,P,E,Option,10000.0,3.5,10004264,0.0,"09:31-11:30,13:01-15:00",510300P2212M03500,10004264
2022-04-28,XSHG,510300.XSHG,300ETF沽12月3600,510300.XSHG,1.0,2022-12-28,2022-12-28,P,E,Option,10000.0,3.6,10004265,0.0,"09:31-11:30,13:01-15:00",510300P2212M03600,10004265
2022-04-28,XSHG,510300.XSHG,300ETF沽12月3700,510300.XSHG,1.0,2022-12-28,2022-12-28,P,E,Option,10000.0,3.7,10004266,0.0,"09:31-11:30,13:01-15:00",510300P2212M03700,10004266
2022-04-28,XSHG,510300.XSHG,300ETF沽12月3800,510300.XSHG,1.0,2022-12-28,2022-12-28,P,E,Option,10000.0,3.8,10004267,0.0,"09:31-11:30,13:01-15:00",510300P2212M03800,10004267
2022-04-28,XSHG,510300.XSHG,300ETF沽12月3900,510300.XSHG,1.0,2022-12-28,2022-12-28,P,E,Option,10000.0,3.9,10004268,0.0,"09:31-11:30,13:01-15:00",510300P2212M03900,10004268
2022-04-28,XSHG,510300.XSHG,300ETF沽12月4000,510300.XSHG,1.0,2022-12-28,2022-12-28,P,E,Option,10000.0,4.0,10004269,0.0,"09:31-11:30,13:01-15:00",510300P2212M04000,10004269
2022-04-28,XSHG,510300.XSHG,300ETF沽12月4100,510300.XSHG,1.0,2022-12-28,2022-12-28,P,E,Option,10000.0,4.1,10004270,0.0,"09:31-11:30,13:01-15:00",510300P2212M04100,10004270
2022-04-28,XSHG,510300.XSHG,300ETF沽12月4200,510300.XSHG,1.0,2022-12-28,2022-12-28,P,E,Option,10000.0,4.2,10004271,0.0,"09:31-11:30,13:01-15:00",510300P2212M04200,10004271
2022-04-28,XSHG,510300.XSHG,300ETF沽12月4300,510300.XSHG,1.0,2022-12-28,2022-12-28,P,E,Option,10000.0,4.3,10004272,0.0,"09:31-11:30,13:01-15:00",510300P2212M04300,10004272
2022-05-05,XSHG,510300.XSHG,300ETF购12月4400,510300.XSHG,1.0,2022-12-28,2022-12-28,C,E,Option,10000.0,4.4,10004277,0.0,"09:31-11:30,13:01-15:00",510300C2212M04400,10004277
2022-05-05,XSHG,510300.XSHG,300ETF沽12月4400,510300.XSHG,1.0,2022-12-28,2022-12-28,P,E,Option,10000.0,4.4,10004278,0.0,"09:31-11:30,13:01-15:00",510300P2212M04400,10004278
2022-05-23,XSHG,510300.XSHG,300ETF购12月4500,510300.XSHG,1.0,2022-12-28,2022-12-28,C,E,Option,10000.0,4.5,10004279,0.0,"09:31-11:30,13:01-15:00",510300C2212M04500,10004279
2022-05-23,XSHG,510300.XSHG,300ETF沽12月4500,510300.XSHG,1.0,2022-12-28,2022-12-28,P,E,Option,10000.0,4.5,10004280,0.0,"09:31-11:30,13:01-15:00",510300P2212M04500,10004280
2022-05-26,XSHG,510300.XSHG,300ETF购7月3600,510300.XSHG,1.0,2022-07-27,2022-07-27,C,E,Option,10000.0,3.6,10004299,0.0,"09:31-11:30,13:01-15:00",510300C2207M03600,10004299
2022-05-26,XSHG,510300.XSHG,300ETF购7月3700,510300.XSHG,1.0,2022-07-27,2022-07-27,C,E,Option,10000.0,3.7,10004300,0.0,"09:31-11:30,13:01-15:00",510300C2207M03700,10004300
2022-05-26,XSHG,510300.XSHG,300ETF购7月3800,510300.XSHG,1.0,2022-07-27,2022-07-27,C,E,Option,10000.0,3.8,10004301,0.0,"09:31-11:30,13:01-15:00",510300C2207M03800,10004301
2022-05-26,XSHG,510300.XSHG,300ETF购7月3900,510300.XSHG,1.0,2022-07-27,2022-07-27,C,E,Option,10000.0,3.9,10004302,0.0,"09:31-11:30,13:01-15:00",510300C2207M03900,10004302
2022-05-26,XSHG,510300.XSHG,300ETF购7月4000,510300.XSHG,1.0,2022-07-27,2022-07-27,C,E,Option,10000.0,4.0,10004303,0.0,"09:31-11:30,13:01-15:00",510300C2207M04000,10004303
2022-05-26,XSHG,510300.XSHG,300ETF购7月4100,510300.XSHG,1.0,2022-07-27,2022-07-27,C,E,Option,10000.0,4.1,10004304,0.0,"09:31-11:30,13:01-15:00",510300C2207M04100,10004304
2022-05-26,XSHG,510300.XSHG,300ETF购7月4200,510300.XSHG,1.0,2022-07-27,2022-07-27,C,E,Option,10000.0,4.2,10004305,0.0,"09:31-11:30,13:01-15:00",510300C2207M04200,10004305
2022-05-26,XSHG,510300.XSHG,300ETF购7月4300,510300.XSHG,1.0,2022-07-27,2022-07-27,C,E,Option,10000.0,4.3,10004306,0.0,"09:31-11:30,13:01-15:00",510300C2207M04300,10004306
2022-05-26,XSHG,510300.XSHG,300ETF购7月4400,510300.XSHG,1.0,2022-07-27,2022-07-27,C,E,Option,10000.0,4.4,10004307,0.0,"09:31-11:30,13:01-15:00",510300C2207M04400,10004307
2022-05-26,XSHG,510300.XSHG,300ETF沽7月3600,510300.XSHG,1.0,2022-07-27,2022-07-27,P,E,Option,10000.0,3.6,10004308,0.0,"09:31-11:30,13:01-15:00",510300P2207M03600,10004308
2022-05-26,XSHG,510300.XSHG,300ETF沽7月3700,510300.XSHG,1.0,2022-07-27,2022-07-27,P,E,Option,10000.0,3.7,10004309,0.0,"09:31-11:30,13:01-15:00",510300P2207M03700,10004309
2022-05-26,XSHG,510300.XSHG,300ETF沽7月3800,510300.XSHG,1.0,2022-07-27,2022-07-27,P,E,Option,10000.0,3.8,10004310,0.0,"09:31-11:30,13:01-15:00",510300P2207M03800,10004310
2022-05-26,XSHG,510300.XSHG,300ETF沽7月3900,510300.XSHG,1.0,2022-07-27,2022-07-27,P,E,Option,10000.0,3.9,10004311,0.0,"09:31-11:30,13:01-15:00",510300P2207M03900,10004311
2022-05-26,XSHG,510300.XSHG,300ETF沽7月4000,510300.XSHG,1.0,2022-07-27,2022-07-27,P,E,Option,10000.0,4.0,10004312,0.0,"09:31-11:30,13:01-15:00",510300P2207M04000,10004312
2022-05-26,XSHG,510300.XSHG,300ETF沽7月4100,510300.XSHG,1.0,2022-07-27,2022-07-27,P,E,Option,10000.0,4.1,10004313,0.0,"09:31-11:30,13:01-15:00",510300P2207M04100,10004313
2022-05-26,XSHG,510300.XSHG,300ETF沽7月4200,510300.XSHG,1.0,2022-07-27,2022-07-27,P,E,Option,10000.0,4.2,10004314,0.0,"09:31-11:30,13:01-15:00",510300P2207M04200,10004314
2022-05-26,XSHG,510300.XSHG,300ETF沽7月4300,510300.XSHG,1.0,2022-07-27,2022-07-27,P,E,Option,10000.0,4.3,10004315,0.0,"09:31-11:30,13:01-15:00",510300P2207M04300,10004315
2022-05-26,XSHG,510300.XSHG,300ETF沽7月4400,510300.XSHG,1.0,2022-07-27,2022-07-27,P,E,Option,10000.0,4.4,10004316,0.0,"09:31-11:30,13:01-15:00",510300P2207M04400,10004316
2022-06-01,XSHG,510300.XSHG,300ETF购7月4500,510300.XSHG,1.0,2022-07-27,2022-07-27,C,E,Option,10000.0,4.5,10004319,0.0,"09:31-11:30,13:01-15:00",510300C2207M04500,10004319
2022-06-01,XSHG,510300.XSHG,300ETF沽7月4500,510300.XSHG,1.0,2022-07-27,2022-07-27,P,E,Option,10000.0,4.5,10004320,0.0,"09:31-11:30,13:01-15:00",510300P2207M04500,10004320
2022-06-07,XSHG,510300.XSHG,300ETF购7月4600,510300.XSHG,1.0,2022-07-27,2022-07-27,C,E,Option,10000.0,4.6,10004321,0.0,"09:31-11:30,13:01-15:00",510300C2207M04600,10004321
2022-06-07,XSHG,510300.XSHG,300ETF沽7月4600,510300.XSHG,1.0,2022-07-27,2022-07-27,P,E,Option,10000.0,4.6,10004322,0.0,"09:31-11:30,13:01-15:00",510300P2207M04600,10004322
2022-06-07,XSHG,510300.XSHG,300ETF购12月4600,510300.XSHG,1.0,2022-12-28,2022-12-28,C,E,Option,10000.0,4.6,10004323,0.0,"09:31-11:30,13:01-15:00",510300C2212M04600,10004323
2022-06-07,XSHG,510300.XSHG,300ETF沽12月4600,510300.XSHG,1.0,2022-12-28,2022-12-28,P,E,Option,10000.0,4.6,10004324,0.0,"09:31-11:30,13:01-15:00",510300P2212M04600,10004324
2022-06-16,XSHG,510300.XSHG,300ETF购7月4700,510300.XSHG,1.0,2022-07-27,2022-07-27,C,E,Option,10000.0,4.7,10004333,0.0,"09:31-11:30,13:01-15:00",510300C2207M04700,10004333
2022-06-16,XSHG,510300.XSHG,300ETF沽7月4700,510300.XSHG,1.0,2022-07-27,2022-07-27,P,E,Option,10000.0,4.7,10004334,0.0,"09:31-11:30,13:01-15:00",510300P2207M04700,10004334
2022-06-16,XSHG,510300.XSHG,300ETF购12月4700,510300.XSHG,1.0,2022-12-28,2022-12-28,C,E,Option,10000.0,4.7,10004335,0.0,"09:31-11:30,13:01-15:00",510300C2212M04700,10004335
2022-06-16,XSHG,510300.XSHG,300ETF沽12月4700,510300.XSHG,1.0,2022-12-28,2022-12-28,P,E,Option,10000.0,4.7,10004336,0.0,"09:31-11:30,13:01-15:00",510300P2212M04700,10004336
2022-06-23,XSHG,510300.XSHG,300ETF购8月3900,510300.XSHG,1.0,2022-08-24,2022-08-24,C,E,Option,10000.0,3.9,10004359,0.0,"09:31-11:30,13:01-15:00",510300C2208M03900,10004359
2022-06-23,XSHG,510300.XSHG,300ETF购8月4000,510300.XSHG,1.0,2022-08-24,2022-08-24,C,E,Option,10000.0,4.0,10004360,0.0,"09:31-11:30,13:01-15:00",510300C2208M04000,10004360
2022-06-23,XSHG,510300.XSHG,300ETF购8月4100,510300.XSHG,1.0,2022-08-24,2022-08-24,C,E,Option,10000.0,4.1,10004361,0.0,"09:31-11:30,13:01-15:00",510300C2208M04100,10004361
2022-06-23,XSHG,510300.XSHG,300ETF购8月4200,510300.XSHG,1.0,2022-08-24,2022-08-24,C,E,Option,10000.0,4.2,10004362,0.0,"09:31-11:30,13:01-15:00",510300C2208M04200,10004362
2022-06-23,XSHG,510300.XSHG,300ETF购8月4300,510300.XSHG,1.0,2022-08-24,2022-08-24,C,E,Option,10000.0,4.3,10004363,0.0,"09:31-11:30,13:01-15:00",510300C2208M04300,10004363
2022-06-23,XSHG,510300.XSHG,300ETF购8月4400,510300.XSHG,1.0,2022-08-24,2022-08-24,C,E,Option,10000.0,4.4,10004364,0.0,"09:31-11:30,13:01-15:00",510300C2208M04400,10004364
2022-06-23,XSHG,510300.XSHG,300ETF购8月4500,510300.XSHG,1.0,2022-08-24,2022-08-24,C,E,Option,10000.0,4.5,10004365,0.0,"09:31-11:30,13:01-15:00",510300C2208M04500,10004365
2022-06-23,XSHG,510300.XSHG,300ETF购8月4600,510300.XSHG,1.0,2022-08-24,2022-08-24,C,E,Option,10000.0,4.6,10004366,0.0,"09:31-11:30,13:01-15:00",510300C2208M04600,10004366
2022-06-23,XSHG,510300.XSHG,300ETF购8月4700,510300.XSHG,1.0,2022-08-24,2022-08-24,C,E,Option,10000.0,4.7,10004367,0.0,"09:31-11:30,13:01-15:00",510300C2208M04700,10004367
2022-06-23,XSHG,510300.XSHG,300ETF沽8月3900,510300.XSHG,1.0,2022-08-24,2022-08-24,P,E,Option,10000.0,3.9,10004368,0.0,"09:31-11:30,13:01-15:00",510300P2208M03900,10004368
2022-06-23,XSHG,510300.XSHG,300ETF沽8月4000,510300.XSHG,1.0,2022-08-24,2022-08-24,P,E,Option,10000.0,4.0,10004369,0.0,"09:31-11:30,13:01-15:00",510300P2208M04000,10004369
2022-06-23,XSHG,510300.XSHG,300ETF沽8月4100,510300.XSHG,1.0,2022-08-24,2022-08-24,P,E,Option,10000.0,4.1,10004370,0.0,"09:31-11:30,13:01-15:00",510300P2208M04100,10004370
2022-06-23,XSHG,510300.XSHG,300ETF沽8月4200,510300.XSHG,1.0,2022-08-24,2022-08-24,P,E,Option,10000.0,4.2,10004371,0.0,"09:31-11:30,13:01-15:00",510300P2208M04200,10004371
2022-06-23,XSHG,510300.XSHG,300ETF沽8月4300,510300.XSHG,1.0,2022-08-24,2022-08-24,P,E,Option,10000.0,4.3,10004372,0.0,"09:31-11:30,13:01-15:00",510300P2208M04300,10004372
2022-06-23,XSHG,510300.XSHG,300ETF沽8月4400,510300.XSHG,1.0,2022-08-24,2022-08-24,P,E,Option,10000.0,4.4,10004373,0.0,"09:31-11:30,13:01-15:00",510300P2208M04400,10004373
2022-06-23,XSHG,510300.XSHG,300ETF沽8月4500,510300.XSHG,1.0,2022-08-24,2022-08-24,P,E,Option,10000.0,4.5,10004374,0.0,"09:31-11:30,13:01-15:00",510300P2208M04500,10004374
2022-06-23,XSHG,510300.XSHG,300ETF沽8月4600,510300.XSHG,1.0,2022-08-24,2022-08-24,P,E,Option,10000.0,4.6,10004375,0.0,"09:31-11:30,13:01-15:00",510300P2208M04600,10004375
2022-06-23,XSHG,510300.XSHG,300ETF沽8月4700,510300.XSHG,1.0,2022-08-24,2022-08-24,P,E,Option,10000.0,4.7,10004376,0.0,"09:31-11:30,13:01-15:00",510300P2208M04700,10004376
2022-06-24,XSHG,510300.XSHG,300ETF购7月4800,510300.XSHG,1.0,2022-07-27,2022-07-27,C,E,Option,10000.0,4.8,10004379,0.0,"09:31-11:30,13:01-15:00",510300C2207M04800,10004379
2022-06-24,XSHG,510300.XSHG,300ETF沽7月4800,510300.XSHG,1.0,2022-07-27,2022-07-27,P,E,Option,10000.0,4.8,10004380,0.0,"09:31-11:30,13:01-15:00",510300P2207M04800,10004380
2022-06-24,XSHG,510300.XSHG,300ETF购8月4800,510300.XSHG,1.0,2022-08-24,2022-08-24,C,E,Option,10000.0,4.8,10004381,0.0,"09:31-11:30,13:01-15:00",510300C2208M04800,10004381
2022-06-24,XSHG,510300.XSHG,300ETF沽8月4800,510300.XSHG,1.0,2022-08-24,2022-08-24,P,E,Option,10000.0,4.8,10004382,0.0,"09:31-11:30,13:01-15:00",510300P2208M04800,10004382
2022-06-24,XSHG,510300.XSHG,300ETF购12月4800,510300.XSHG,1.0,2022-12-28,2022-12-28,C,E,Option,10000.0,4.8,10004383,0.0,"09:31-11:30,13:01-15:00",510300C2212M04800,10004383
2022-06-24,XSHG,510300.XSHG,300ETF沽12月4800,510300.XSHG,1.0,2022-12-28,2022-12-28,P,E,Option,10000.0,4.8,10004384,0.0,"09:31-11:30,13:01-15:00",510300P2212M04800,10004384
2022-06-28,XSHG,510300.XSHG,300ETF购7月4900,510300.XSHG,1.0,2022-07-27,2022-07-27,C,E,Option,10000.0,4.9,10004391,0.0,"09:31-11:30,13:01-15:00",510300C2207M04900,10004391
2022-06-28,XSHG,510300.XSHG,300ETF沽7月4900,510300.XSHG,1.0,2022-07-27,2022-07-27,P,E,Option,10000.0,4.9,10004392,0.0,"09:31-11:30,13:01-15:00",510300P2207M04900,10004392
2022-06-28,XSHG,510300.XSHG,300ETF购8月4900,510300.XSHG,1.0,2022-08-24,2022-08-24,C,E,Option,10000.0,4.9,10004393,0.0,"09:31-11:30,13:01-15:00",510300C2208M04900,10004393
2022-06-28,XSHG,510300.XSHG,300ETF沽8月4900,510300.XSHG,1.0,2022-08-24,2022-08-24,P,E,Option,10000.0,4.9,10004394,0.0,"09:31-11:30,13:01-15:00",510300P2208M04900,10004394
2022-06-28,XSHG,510300.XSHG,300ETF购12月4900,510300.XSHG,1.0,2022-12-28,2022-12-28,C,E,Option,10000.0,4.9,10004395,0.0,"09:31-11:30,13:01-15:00",510300C2212M04900,10004395
2022-06-28,XSHG,510300.XSHG,300ETF沽12月4900,510300.XSHG,1.0,2022-12-28,2022-12-28,P,E,Option,10000.0,4.9,10004396,0.0,"09:31-11:30,13:01-15:00",510300P2212M04900,10004396
2022-07-28,XSHG,510300.XSHG,300ETF购3月3840A,510300.XSHG,1.0,2023-03-22,2023-03-22,C,E,Option,10157.0,3.84,10004423,0.0,"09:31-11:30,13:01-15:00",510300C2303A03900,10004423
2022-07-28,XSHG,510300.XSHG,300ETF购3月3938A,510300.XSHG,1.0,2023-03-22,2023-03-22,C,E,Option,10157.0,3.938,10004424,0.0,"09:31-11:30,13:01-15:00",510300C2303A04000,10004424
2022-07-28,XSHG,510300.XSHG,300ETF购3月4037A,510300.XSHG,1.0,2023-03-22,2023-03-22,C,E,Option,10157.0,4.037,10004425,0.0,"09:31-11:30,13:01-15:00",510300C2303A04100,10004425
2022-07-28,XSHG,510300.XSHG,300ETF购3月4135A,510300.XSHG,1.0,2023-03-22,2023-03-22,C,E,Option,10157.0,4.135,10004426,0.0,"09:31-11:30,13:01-15:00",510300C2303A04200,10004426
2022-07-28,XSHG,510300.XSHG,300ETF购3月4234A,510300.XSHG,1.0,2023-03-22,2023-03-22,C,E,Option,10157.0,4.234,10004427,0.0,"09:31-11:30,13:01-15:00",510300C2303A04300,10004427
2022-07-28,XSHG,510300.XSHG,300ETF购3月4332A,510300.XSHG,1.0,2023-03-22,2023-03-22,C,E,Option,10157.0,4.332,10004428,0.0,"09:31-11:30,13:01-15:00",510300C2303A04400,10004428
2022-07-28,XSHG,510300.XSHG,300ETF购3月4430A,510300.XSHG,1.0,2023-03-22,2023-03-22,C,E,Option,10157.0,4.43,10004429,0.0,"09:31-11:30,13:01-15:00",510300C2303A04500,10004429
2022-07-28,XSHG,510300.XSHG,300ETF购3月4529A,510300.XSHG,1.0,2023-03-22,2023-03-22,C,E,Option,10157.0,4.529,10004430,0.0,"09:31-11:30,13:01-15:00",510300C2303A04600,10004430
2022-07-28,XSHG,510300.XSHG,300ETF购3月4627A,510300.XSHG,1.0,2023-03-22,2023-03-22,C,E,Option,10157.0,4.627,10004431,0.0,"09:31-11:30,13:01-15:00",510300C2303A04700,10004431
2022-07-28,XSHG,510300.XSHG,300ETF沽3月3840A,510300.XSHG,1.0,2023-03-22,2023-03-22,P,E,Option,10157.0,3.84,10004432,0.0,"09:31-11:30,13:01-15:00",510300P2303A03900,10004432
2022-07-28,XSHG,510300.XSHG,300ETF沽3月3938A,510300.XSHG,1.0,2023-03-22,2023-03-22,P,E,Option,10157.0,3.938,10004433,0.0,"09:31-11:30,13:01-15:00",510300P2303A04000,10004433
2022-07-28,XSHG,510300.XSHG,300ETF沽3月4037A,510300.XSHG,1.0,2023-03-22,2023-03-22,P,E,Option,10157.0,4.037,10004434,0.0,"09:31-11:30,13:01-15:00",510300P2303A04100,10004434
2022-07-28,XSHG,510300.XSHG,300ETF沽3月4135A,510300.XSHG,1.0,2023-03-22,2023-03-22,P,E,Option,10157.0,4.135,10004435,0.0,"09:31-11:30,13:01-15:00",510300P2303A04200,10004435
2022-07-28,XSHG,510300.XSHG,300ETF沽3月4234A,510300.XSHG,1.0,2023-03-22,2023-03-22,P,E,Option,10157.0,4.234,10004436,0.0,"09:31-11:30,13:01-15:00",510300P2303A04300,10004436
2022-07-28,XSHG,510300.XSHG,300ETF沽3月4332A,510300.XSHG,1.0,2023-03-22,2023-03-22,P,E,Option,10157.0,4.332,10004437,0.0,"09:31-11:30,13:01-15:00",510300P2303A04400,10004437
2022-07-28,XSHG,510300.XSHG,300ETF沽3月4430A,510300.XSHG,1.0,2023-03-22,2023-03-22,P,E,Option,10157.0,4.43,10004438,0.0,"09:31-11:30,13:01-15:00",510300P2303A04500,10004438
2022-07-28,XSHG,510300.XSHG,300ETF沽3月4529A,510300.XSHG,1.0,2023-03-22,2023-03-22,P,E,Option,10157.0,4.529,10004439,0.0,"09:31-11:30,13:01-15:00",510300P2303A04600,10004439
2022-07-28,XSHG,510300.XSHG,300ETF沽3月4627A,510300.XSHG,1.0,2023-03-22,2023-03-22,P,E,Option,10157.0,4.627,10004440,0.0,"09:31-11:30,13:01-15:00",510300P2303A04700,10004440
2022-08-01,XSHG,510300.XSHG,300ETF购8月3800,510300.XSHG,1.0,2022-08-24,2022-08-24,C,E,Option,10000.0,3.8,10004441,0.0,"09:31-11:30,13:01-15:00",510300C2208M03800,10004441
2022-08-01,XSHG,510300.XSHG,300ETF沽8月3800,510300.XSHG,1.0,2022-08-24,2022-08-24,P,E,Option,10000.0,3.8,10004442,0.0,"09:31-11:30,13:01-15:00",510300P2208M03800,10004442
2022-08-01,XSHG,510300.XSHG,300ETF购3月3741A,510300.XSHG,1.0,2023-03-22,2023-03-22,C,E,Option,10157.0,3.741,10004443,0.0,"09:31-11:30,13:01-15:00",510300C2303A03800,10004443
2022-08-01,XSHG,510300.XSHG,300ETF沽3月3741A,510300.XSHG,1.0,2023-03-22,2023-03-22,P,E,Option,10157.0,3.741,10004444,0.0,"09:31-11:30,13:01-15:00",510300P2303A03800,10004444
2022-08-04,XSHG,510300.XSHG,300ETF购8月3700,510300.XSHG,1.0,2022-08-24,2022-08-24,C,E,Option,10000.0,3.7,10004453,0.0,"09:31-11:30,13:01-15:00",510300C2208M03700,10004453
2022-08-04,XSHG,510300.XSHG,300ETF沽8月3700,510300.XSHG,1.0,2022-08-24,2022-08-24,P,E,Option,10000.0,3.7,10004454,0.0,"09:31-11:30,13:01-15:00",510300P2208M03700,10004454
2022-08-04,XSHG,510300.XSHG,300ETF购3月3643A,510300.XSHG,1.0,2023-03-22,2023-03-22,C,E,Option,10157.0,3.643,10004455,0.0,"09:31-11:30,13:01-15:00",510300C2303A03700,10004455
2022-08-04,XSHG,510300.XSHG,300ETF沽3月3643A,510300.XSHG,1.0,2023-03-22,2023-03-22,P,E,Option,10157.0,3.643,10004456,0.0,"09:31-11:30,13:01-15:00",510300P2303A03700,10004456
2022-08-25,XSHG,510300.XSHG,300ETF购10月3700,510300.XSHG,1.0,2022-10-26,2022-10-26,C,E,Option,10000.0,3.7,10004475,0.0,"09:31-11:30,13:01-15:00",510300C2210M03700,10004475
2022-08-25,XSHG,510300.XSHG,300ETF购10月3800,510300.XSHG,1.0,2022-10-26,2022-10-26,C,E,Option,10000.0,3.8,10004476,0.0,"09:31-11:30,13:01-15:00",510300C2210M03800,10004476
2022-08-25,XSHG,510300.XSHG,300ETF购10月3900,510300.XSHG,1.0,2022-10-26,2022-10-26,C,E,Option,10000.0,3.9,10004477,0.0,"09:31-11:30,13:01-15:00",510300C2210M03900,10004477
2022-08-25,XSHG,510300.XSHG,300ETF购10月4000,510300.XSHG,1.0,2022-10-26,2022-10-26,C,E,Option,10000.0,4.0,10004478,0.0,"09:31-11:30,13:01-15:00",510300C2210M04000,10004478
2022-08-25,XSHG,510300.XSHG,300ETF购10月4100,510300.XSHG,1.0,2022-10-26,2022-10-26,C,E,Option,10000.0,4.1,10004479,0.0,"09:31-11:30,13:01-15:00",510300C2210M04100,10004479
2022-08-25,XSHG,510300.XSHG,300ETF购10月4200,510300.XSHG,1.0,2022-10-26,2022-10-26,C,E,Option,10000.0,4.2,10004480,0.0,"09:31-11:30,13:01-15:00",510300C2210M04200,10004480
2022-08-25,XSHG,510300.XSHG,300ETF购10月4300,510300.XSHG,1.0,2022-10-26,2022-10-26,C,E,Option,10000.0,4.3,10004481,0.0,"09:31-11:30,13:01-15:00",510300C2210M04300,10004481
2022-08-25,XSHG,510300.XSHG,300ETF购10月4400,510300.XSHG,1.0,2022-10-26,2022-10-26,C,E,Option,10000.0,4.4,10004482,0.0,"09:31-11:30,13:01-15:00",510300C2210M04400,10004482
2022-08-25,XSHG,510300.XSHG,300ETF购10月4500,510300.XSHG,1.0,2022-10-26,2022-10-26,C,E,Option,10000.0,4.5,10004483,0.0,"09:31-11:30,13:01-15:00",510300C2210M04500,10004483
2022-08-25,XSHG,510300.XSHG,300ETF沽10月3700,510300.XSHG,1.0,2022-10-26,2022-10-26,P,E,Option,10000.0,3.7,10004484,0.0,"09:31-11:30,13:01-15:00",510300P2210M03700,10004484
2022-08-25,XSHG,510300.XSHG,300ETF沽10月3800,510300.XSHG,1.0,2022-10-26,2022-10-26,P,E,Option,10000.0,3.8,10004485,0.0,"09:31-11:30,13:01-15:00",510300P2210M03800,10004485
2022-08-25,XSHG,510300.XSHG,300ETF沽10月3900,510300.XSHG,1.0,2022-10-26,2022-10-26,P,E,Option,10000.0,3.9,10004486,0.0,"09:31-11:30,13:01-15:00",510300P2210M03900,10004486
2022-08-25,XSHG,510300.XSHG,300ETF沽10月4000,510300.XSHG,1.0,2022-10-26,2022-10-26,P,E,Option,10000.0,4.0,10004487,0.0,"09:31-11:30,13:01-15:00",510300P2210M04000,10004487
2022-08-25,XSHG,510300.XSHG,300ETF沽10月4100,510300.XSHG,1.0,2022-10-26,2022-10-26,P,E,Option,10000.0,4.1,10004488,0.0,"09:31-11:30,13:01-15:00",510300P2210M04100,10004488
2022-08-25,XSHG,510300.XSHG,300ETF沽10月4200,510300.XSHG,1.0,2022-10-26,2022-10-26,P,E,Option,10000.0,4.2,10004489,0.0,"09:31-11:30,13:01-15:00",510300P2210M04200,10004489
2022-08-25,XSHG,510300.XSHG,300ETF沽10月4300,510300.XSHG,1.0,2022-10-26,2022-10-26,P,E,Option,10000.0,4.3,10004490,0.0,"09:31-11:30,13:01-15:00",510300P2210M04300,10004490
2022-08-25,XSHG,510300.XSHG,300ETF沽10月4400,510300.XSHG,1.0,2022-10-26,2022-10-26,P,E,Option,10000.0,4.4,10004491,0.0,"09:31-11:30,13:01-15:00",510300P2210M04400,10004491
2022-08-25,XSHG,510300.XSHG,300ETF沽10月4500,510300.XSHG,1.0,2022-10-26,2022-10-26,P,E,Option,10000.0,4.5,10004492,0.0,"09:31-11:30,13:01-15:00",510300P2210M04500,10004492
2022-08-26,XSHG,510300.XSHG,300ETF购10月4600,510300.XSHG,1.0,2022-10-26,2022-10-26,C,E,Option,10000.0,4.6,10004495,0.0,"09:31-11:30,13:01-15:00",510300C2210M04600,10004495
2022-08-26,XSHG,510300.XSHG,300ETF沽10月4600,510300.XSHG,1.0,2022-10-26,2022-10-26,P,E,Option,10000.0,4.6,10004496,0.0,"09:31-11:30,13:01-15:00",510300P2210M04600,10004496
2022-09-19,XSHG,510300.XSHG,300ETF购10月3600,510300.XSHG,1.0,2022-10-26,2022-10-26,C,E,Option,10000.0,3.6,10004573,0.0,"09:31-11:30,13:01-15:00",510300C2210M03600,10004573
2022-09-19,XSHG,510300.XSHG,300ETF沽10月3600,510300.XSHG,1.0,2022-10-26,2022-10-26,P,E,Option,10000.0,3.6,10004574,0.0,"09:31-11:30,13:01-15:00",510300P2210M03600,10004574
2022-09-19,XSHG,510300.XSHG,300ETF购3月3544A,510300.XSHG,1.0,2023-03-22,2023-03-22,C,E,Option,10157.0,3.544,10004575,0.0,"09:31-11:30,13:01-15:00",510300C2303A03600,10004575
2022-09-19,XSHG,510300.XSHG,300ETF沽3月3544A,510300.XSHG,1.0,2023-03-22,2023-03-22,P,E,Option,10157.0,3.544,10004576,0.0,"09:31-11:30,13:01-15:00",510300P2303A03600,10004576
2022-09-23,XSHG,510300.XSHG,300ETF购10月3500,510300.XSHG,1.0,2022-10-26,2022-10-26,C,E,Option,10000.0,3.5,10004583,0.0,"09:31-11:30,13:01-15:00",510300C2210M03500,10004583
2022-09-23,XSHG,510300.XSHG,300ETF沽10月3500,510300.XSHG,1.0,2022-10-26,2022-10-26,P,E,Option,10000.0,3.5,10004584,0.0,"09:31-11:30,13:01-15:00",510300P2210M03500,10004584
2022-09-23,XSHG,510300.XSHG,300ETF购3月3446A,510300.XSHG,1.0,2023-03-22,2023-03-22,C,E,Option,10157.0,3.446,10004585,0.0,"09:31-11:30,13:01-15:00",510300C2303A03500,10004585
2022-09-23,XSHG,510300.XSHG,300ETF沽3月3446A,510300.XSHG,1.0,2023-03-22,2023-03-22,P,E,Option,10157.0,3.446,10004586,0.0,"09:31-11:30,13:01-15:00",510300P2303A03500,10004586
2022-09-29,XSHG,510300.XSHG,300ETF购11月3500,510300.XSHG,1.0,2022-11-23,2022-11-23,C,E,Option,10000.0,3.5,10004613,0.0,"09:31-11:30,13:01-15:00",510300C2211M03500,10004613
2022-09-29,XSHG,510300.XSHG,300ETF购11月3600,510300.XSHG,1.0,2022-11-23,2022-11-23,C,E,Option,10000.0,3.6,10004614,0.0,"09:31-11:30,13:01-15:00",510300C2211M03600,10004614
2022-09-29,XSHG,510300.XSHG,300ETF购11月3700,510300.XSHG,1.0,2022-11-23,2022-11-23,C,E,Option,10000.0,3.7,10004615,0.0,"09:31-11:30,13:01-15:00",510300C2211M03700,10004615
2022-09-29,XSHG,510300.XSHG,300ETF购11月3800,510300.XSHG,1.0,2022-11-23,2022-11-23,C,E,Option,10000.0,3.8,10004616,0.0,"09:31-11:30,13:01-15:00",510300C2211M03800,10004616
2022-09-29,XSHG,510300.XSHG,300ETF购11月3900,510300.XSHG,1.0,2022-11-23,2022-11-23,C,E,Option,10000.0,3.9,10004617,0.0,"09:31-11:30,13:01-15:00",510300C2211M03900,10004617
2022-09-29,XSHG,510300.XSHG,300ETF购11月4000,510300.XSHG,1.0,2022-11-23,2022-11-23,C,E,Option,10000.0,4.0,10004618,0.0,"09:31-11:30,13:01-15:00",510300C2211M04000,10004618
2022-09-29,XSHG,510300.XSHG,300ETF购11月4100,510300.XSHG,1.0,2022-11-23,2022-11-23,C,E,Option,10000.0,4.1,10004619,0.0,"09:31-11:30,13:01-15:00",510300C2211M04100,10004619
2022-09-29,XSHG,510300.XSHG,300ETF购11月4200,510300.XSHG,1.0,2022-11-23,2022-11-23,C,E,Option,10000.0,4.2,10004620,0.0,"09:31-11:30,13:01-15:00",510300C2211M04200,10004620
2022-09-29,XSHG,510300.XSHG,300ETF购11月4300,510300.XSHG,1.0,2022-11-23,2022-11-23,C,E,Option,10000.0,4.3,10004621,0.0,"09:31-11:30,13:01-15:00",510300C2211M04300,10004621
2022-09-29,XSHG,510300.XSHG,300ETF沽11月3500,510300.XSHG,1.0,2022-11-23,2022-11-23,P,E,Option,10000.0,3.5,10004622,0.0,"09:31-11:30,13:01-15:00",510300P2211M03500,10004622
2022-09-29,XSHG,510300.XSHG,300ETF沽11月3600,510300.XSHG,1.0,2022-11-23,2022-11-23,P,E,Option,10000.0,3.6,10004623,0.0,"09:31-11:30,13:01-15:00",510300P2211M03600,10004623
2022-09-29,XSHG,510300.XSHG,300ETF沽11月3700,510300.XSHG,1.0,2022-11-23,2022-11-23,P,E,Option,10000.0,3.7,10004624,0.0,"09:31-11:30,13:01-15:00",510300P2211M03700,10004624
2022-09-29,XSHG,510300.XSHG,300ETF沽11月3800,510300.XSHG,1.0,2022-11-23,2022-11-23,P,E,Option,10000.0,3.8,10004625,0.0,"09:31-11:30,13:01-15:00",510300P2211M03800,10004625
2022-09-29,XSHG,510300.XSHG,300ETF沽11月3900,510300.XSHG,1.0,2022-11-23,2022-11-23,P,E,Option,10000.0,3.9,10004626,0.0,"09:31-11:30,13:01-15:00",510300P2211M03900,10004626
2022-09-29,XSHG,510300.XSHG,300ETF沽11月4000,510300.XSHG,1.0,2022-11-23,2022-11-23,P,E,Option,10000.0,4.0,10004627,0.0,"09:31-11:30,13:01-15:00",510300P2211M04000,10004627
2022-09-29,XSHG,510300.XSHG,300ETF沽11月4100,510300.XSHG,1.0,2022-11-23,2022-11-23,P,E,Option,10000.0,4.1,10004628,0.0,"09:31-11:30,13:01-15:00",510300P2211M04100,10004628
2022-09-29,XSHG,510300.XSHG,300ETF沽11月4200,510300.XSHG,1.0,2022-11-23,2022-11-23,P,E,Option,10000.0,4.2,10004629,0.0,"09:31-11:30,13:01-15:00",510300P2211M04200,10004629
2022-09-29,XSHG,510300.XSHG,300ETF沽11月4300,510300.XSHG,1.0,2022-11-23,2022-11-23,P,E,Option,10000.0,4.3,10004630,0.0,"09:31-11:30,13:01-15:00",510300P2211M04300,10004630
2022-10-11,XSHG,510300.XSHG,300ETF购10月3400,510300.XSHG,1.0,2022-10-26,2022-10-26,C,E,Option,10000.0,3.4,10004639,0.0,"09:31-11:30,13:01-15:00",510300C2210M03400,10004639
2022-10-11,XSHG,510300.XSHG,300ETF沽10月3400,510300.XSHG,1.0,2022-10-26,2022-10-26,P,E,Option,10000.0,3.4,10004640,0.0,"09:31-11:30,13:01-15:00",510300P2210M03400,10004640
2022-10-11,XSHG,510300.XSHG,300ETF购11月3400,510300.XSHG,1.0,2022-11-23,2022-11-23,C,E,Option,10000.0,3.4,10004641,0.0,"09:31-11:30,13:01-15:00",510300C2211M03400,10004641
2022-10-11,XSHG,510300.XSHG,300ETF沽11月3400,510300.XSHG,1.0,2022-11-23,2022-11-23,P,E,Option,10000.0,3.4,10004642,0.0,"09:31-11:30,13:01-15:00",510300P2211M03400,10004642
2022-10-11,XSHG,510300.XSHG,300ETF购12月3400,510300.XSHG,1.0,2022-12-28,2022-12-28,C,E,Option,10000.0,3.4,10004643,0.0,"09:31-11:30,13:01-15:00",510300C2212M03400,10004643
2022-10-11,XSHG,510300.XSHG,300ETF沽12月3400,510300.XSHG,1.0,2022-12-28,2022-12-28,P,E,Option,10000.0,3.4,10004644,0.0,"09:31-11:30,13:01-15:00",510300P2212M03400,10004644
2022-10-11,XSHG,510300.XSHG,300ETF购3月3347A,510300.XSHG,1.0,2023-03-22,2023-03-22,C,E,Option,10157.0,3.347,10004645,0.0,"09:31-11:30,13:01-15:00",510300C2303A03400,10004645
2022-10-11,XSHG,510300.XSHG,300ETF沽3月3347A,510300.XSHG,1.0,2023-03-22,2023-03-22,P,E,Option,10157.0,3.347,10004646,0.0,"09:31-11:30,13:01-15:00",510300P2303A03400,10004646
2022-10-25,XSHG,510300.XSHG,300ETF购10月3300,510300.XSHG,1.0,2022-10-26,2022-10-26,C,E,Option,10000.0,3.3,10004671,0.0,"09:31-11:30,13:01-15:00",510300C2210M03300,10004671
2022-10-25,XSHG,510300.XSHG,300ETF沽10月3300,510300.XSHG,1.0,2022-10-26,2022-10-26,P,E,Option,10000.0,3.3,10004672,0.0,"09:31-11:30,13:01-15:00",510300P2210M03300,10004672
2022-10-25,XSHG,510300.XSHG,300ETF购11月3300,510300.XSHG,1.0,2022-11-23,2022-11-23,C,E,Option,10000.0,3.3,10004673,0.0,"09:31-11:30,13:01-15:00",510300C2211M03300,10004673
2022-10-25,XSHG,510300.XSHG,300ETF沽11月3300,510300.XSHG,1.0,2022-11-23,2022-11-23,P,E,Option,10000.0,3.3,10004674,0.0,"09:31-11:30,13:01-15:00",510300P2211M03300,10004674
2022-10-25,XSHG,510300.XSHG,300ETF购12月3300,510300.XSHG,1.0,2022-12-28,2022-12-28,C,E,Option,10000.0,3.3,10004675,0.0,"09:31-11:30,13:01-15:00",510300C2212M03300,10004675
2022-10-25,XSHG,510300.XSHG,300ETF沽12月3300,510300.XSHG,1.0,2022-12-28,2022-12-28,P,E,Option,10000.0,3.3,10004676,0.0,"09:31-11:30,13:01-15:00",510300P2212M03300,10004676
2022-10-25,XSHG,510300.XSHG,300ETF购3月3249A,510300.XSHG,1.0,2023-03-22,2023-03-22,C,E,Option,10157.0,3.249,10004677,0.0,"09:31-11:30,13:01-15:00",510300C2303A03300,10004677
2022-10-25,XSHG,510300.XSHG,300ETF沽3月3249A,510300.XSHG,1.0,2023-03-22,2023-03-22,P,E,Option,10157.0,3.249,10004678,0.0,"09:31-11:30,13:01-15:00",510300P2303A03300,10004678
2022-10-27,XSHG,510300.XSHG,300ETF购6月3249A,510300.XSHG,1.0,2023-06-28,2023-06-28,C,E,Option,10157.0,3.249,10004697,0.0,"09:31-11:30,13:01-15:00",510300C2306A03300,10004697
2022-10-27,XSHG,510300.XSHG,300ETF购6月3347A,510300.XSHG,1.0,2023-06-28,2023-06-28,C,E,Option,10157.0,3.347,10004698,0.0,"09:31-11:30,13:01-15:00",510300C2306A03400,10004698
2022-10-27,XSHG,510300.XSHG,300ETF购6月3446A,510300.XSHG,1.0,2023-06-28,2023-06-28,C,E,Option,10157.0,3.446,10004699,0.0,"09:31-11:30,13:01-15:00",510300C2306A03500,10004699
2022-10-27,XSHG,510300.XSHG,300ETF购6月3544A,510300.XSHG,1.0,2023-06-28,2023-06-28,C,E,Option,10157.0,3.544,10004700,0.0,"09:31-11:30,13:01-15:00",510300C2306A03600,10004700
2022-10-27,XSHG,510300.XSHG,300ETF购6月3643A,510300.XSHG,1.0,2023-06-28,2023-06-28,C,E,Option,10157.0,3.643,10004701,0.0,"09:31-11:30,13:01-15:00",510300C2306A03700,10004701
2022-10-27,XSHG,510300.XSHG,300ETF购6月3741A,510300.XSHG,1.0,2023-06-28,2023-06-28,C,E,Option,10157.0,3.741,10004702,0.0,"09:31-11:30,13:01-15:00",510300C2306A03800,10004702
2022-10-27,XSHG,510300.XSHG,300ETF购6月3840A,510300.XSHG,1.0,2023-06-28,2023-06-28,C,E,Option,10157.0,3.84,10004703,0.0,"09:31-11:30,13:01-15:00",510300C2306A03900,10004703
2022-10-27,XSHG,510300.XSHG,300ETF购6月3938A,510300.XSHG,1.0,2023-06-28,2023-06-28,C,E,Option,10157.0,3.938,10004704,0.0,"09:31-11:30,13:01-15:00",510300C2306A04000,10004704
2022-10-27,XSHG,510300.XSHG,300ETF购6月4037A,510300.XSHG,1.0,2023-06-28,2023-06-28,C,E,Option,10157.0,4.037,10004705,0.0,"09:31-11:30,13:01-15:00",510300C2306A04100,10004705
2022-10-27,XSHG,510300.XSHG,300ETF沽6月3249A,510300.XSHG,1.0,2023-06-28,2023-06-28,P,E,Option,10157.0,3.249,10004706,0.0,"09:31-11:30,13:01-15:00",510300P2306A03300,10004706
2022-10-27,XSHG,510300.XSHG,300ETF沽6月3347A,510300.XSHG,1.0,2023-06-28,2023-06-28,P,E,Option,10157.0,3.347,10004707,0.0,"09:31-11:30,13:01-15:00",510300P2306A03400,10004707
2022-10-27,XSHG,510300.XSHG,300ETF沽6月3446A,510300.XSHG,1.0,2023-06-28,2023-06-28,P,E,Option,10157.0,3.446,10004708,0.0,"09:31-11:30,13:01-15:00",510300P2306A03500,10004708
2022-10-27,XSHG,510300.XSHG,300ETF沽6月3544A,510300.XSHG,1.0,2023-06-28,2023-06-28,P,E,Option,10157.0,3.544,10004709,0.0,"09:31-11:30,13:01-15:00",510300P2306A03600,10004709
2022-10-27,XSHG,510300.XSHG,300ETF沽6月3643A,510300.XSHG,1.0,2023-06-28,2023-06-28,P,E,Option,10157.0,3.643,10004710,0.0,"09:31-11:30,13:01-15:00",510300P2306A03700,10004710
2022-10-27,XSHG,510300.XSHG,300ETF沽6月3741A,510300.XSHG,1.0,2023-06-28,2023-06-28,P,E,Option,10157.0,3.741,10004711,0.0,"09:31-11:30,13:01-15:00",510300P2306A03800,10004711
2022-10-27,XSHG,510300.XSHG,300ETF沽6月3840A,510300.XSHG,1.0,2023-06-28,2023-06-28,P,E,Option,10157.0,3.84,10004712,0.0,"09:31-11:30,13:01-15:00",510300P2306A03900,10004712
2022-10-27,XSHG,510300.XSHG,300ETF沽6月3938A,510300.XSHG,1.0,2023-06-28,2023-06-28,P,E,Option,10157.0,3.938,10004713,0.0,"09:31-11:30,13:01-15:00",510300P2306A04000,10004713
2022-10-27,XSHG,510300.XSHG,300ETF沽6月4037A,510300.XSHG,1.0,2023-06-28,2023-06-28,P,E,Option,10157.0,4.037,10004714,0.0,"09:31-11:30,13:01-15:00",510300P2306A04100,10004714
2022-10-31,XSHG,510300.XSHG,300ETF购11月3200,510300.XSHG,1.0,2022-11-23,2022-11-23,C,E,Option,10000.0,3.2,10004749,0.0,"09:31-11:30,13:01-15:00",510300C2211M03200,10004749
2022-10-31,XSHG,510300.XSHG,300ETF沽11月3200,510300.XSHG,1.0,2022-11-23,2022-11-23,P,E,Option,10000.0,3.2,10004750,0.0,"09:31-11:30,13:01-15:00",510300P2211M03200,10004750
2022-10-31,XSHG,510300.XSHG,300ETF购12月3200,510300.XSHG,1.0,2022-12-28,2022-12-28,C,E,Option,10000.0,3.2,10004751,0.0,"09:31-11:30,13:01-15:00",510300C2212M03200,10004751
2022-10-31,XSHG,510300.XSHG,300ETF沽12月3200,510300.XSHG,1.0,2022-12-28,2022-12-28,P,E,Option,10000.0,3.2,10004752,0.0,"09:31-11:30,13:01-15:00",510300P2212M03200,10004752
2022-10-31,XSHG,510300.XSHG,300ETF购3月3151A,510300.XSHG,1.0,2023-03-22,2023-03-22,C,E,Option,10157.0,3.151,10004753,0.0,"09:31-11:30,13:01-15:00",510300C2303A03200,10004753
2022-10-31,XSHG,510300.XSHG,300ETF沽3月3151A,510300.XSHG,1.0,2023-03-22,2023-03-22,P,E,Option,10157.0,3.151,10004754,0.0,"09:31-11:30,13:01-15:00",510300P2303A03200,10004754
2022-10-31,XSHG,510300.XSHG,300ETF购6月3151A,510300.XSHG,1.0,2023-06-28,2023-06-28,C,E,Option,10157.0,3.151,10004755,0.0,"09:31-11:30,13:01-15:00",510300C2306A03200,10004755
2022-10-31,XSHG,510300.XSHG,300ETF沽6月3151A,510300.XSHG,1.0,2023-06-28,2023-06-28,P,E,Option,10157.0,3.151,10004756,0.0,"09:31-11:30,13:01-15:00",510300P2306A03200,10004756
2022-11-07,XSHG,510300.XSHG,300ETF购6月4135A,510300.XSHG,1.0,2023-06-28,2023-06-28,C,E,Option,10157.0,4.135,10004761,0.0,"09:31-11:30,13:01-15:00",510300C2306A04200,10004761
2022-11-07,XSHG,510300.XSHG,300ETF沽6月4135A,510300.XSHG,1.0,2023-06-28,2023-06-28,P,E,Option,10157.0,4.135,10004762,0.0,"09:31-11:30,13:01-15:00",510300P2306A04200,10004762
2022-11-15,XSHG,510300.XSHG,300ETF购6月4234A,510300.XSHG,1.0,2023-06-28,2023-06-28,C,E,Option,10157.0,4.234,10004775,0.0,"09:31-11:30,13:01-15:00",510300C2306A04300,10004775
2022-11-15,XSHG,510300.XSHG,300ETF沽6月4234A,510300.XSHG,1.0,2023-06-28,2023-06-28,P,E,Option,10157.0,4.234,10004776,0.0,"09:31-11:30,13:01-15:00",510300P2306A04300,10004776
2022-11-24,XSHG,510300.XSHG,300ETF购1月3347A,510300.XSHG,1.0,2023-01-30,2023-01-30,C,E,Option,10157.0,3.347,10004797,0.0,"09:31-11:30,13:01-15:00",510300C2301A03400,10004797
2022-11-24,XSHG,510300.XSHG,300ETF购1月3446A,510300.XSHG,1.0,2023-01-30,2023-01-30,C,E,Option,10157.0,3.446,10004798,0.0,"09:31-11:30,13:01-15:00",510300C2301A03500,10004798
2022-11-24,XSHG,510300.XSHG,300ETF购1月3544A,510300.XSHG,1.0,2023-01-30,2023-01-30,C,E,Option,10157.0,3.544,10004799,0.0,"09:31-11:30,13:01-15:00",510300C2301A03600,10004799
2022-11-24,XSHG,510300.XSHG,300ETF购1月3643A,510300.XSHG,1.0,2023-01-30,2023-01-30,C,E,Option,10157.0,3.643,10004800,0.0,"09:31-11:30,13:01-15:00",510300C2301A03700,10004800
2022-11-24,XSHG,510300.XSHG,300ETF购1月3741A,510300.XSHG,1.0,2023-01-30,2023-01-30,C,E,Option,10157.0,3.741,10004801,0.0,"09:31-11:30,13:01-15:00",510300C2301A03800,10004801
2022-11-24,XSHG,510300.XSHG,300ETF购1月3840A,510300.XSHG,1.0,2023-01-30,2023-01-30,C,E,Option,10157.0,3.84,10004802,0.0,"09:31-11:30,13:01-15:00",510300C2301A03900,10004802
2022-11-24,XSHG,510300.XSHG,300ETF购1月3938A,510300.XSHG,1.0,2023-01-30,2023-01-30,C,E,Option,10157.0,3.938,10004803,0.0,"09:31-11:30,13:01-15:00",510300C2301A04000,10004803
2022-11-24,XSHG,510300.XSHG,300ETF购1月4037A,510300.XSHG,1.0,2023-01-30,2023-01-30,C,E,Option,10157.0,4.037,10004804,0.0,"09:31-11:30,13:01-15:00",510300C2301A04100,10004804
2022-11-24,XSHG,510300.XSHG,300ETF购1月4135A,510300.XSHG,1.0,2023-01-30,2023-01-30,C,E,Option,10157.0,4.135,10004805,0.0,"09:31-11:30,13:01-15:00",510300C2301A04200,10004805
2022-11-24,XSHG,510300.XSHG,300ETF沽1月3347A,510300.XSHG,1.0,2023-01-30,2023-01-30,P,E,Option,10157.0,3.347,10004806,0.0,"09:31-11:30,13:01-15:00",510300P2301A03400,10004806
2022-11-24,XSHG,510300.XSHG,300ETF沽1月3446A,510300.XSHG,1.0,2023-01-30,2023-01-30,P,E,Option,10157.0,3.446,10004807,0.0,"09:31-11:30,13:01-15:00",510300P2301A03500,10004807
2022-11-24,XSHG,510300.XSHG,300ETF沽1月3544A,510300.XSHG,1.0,2023-01-30,2023-01-30,P,E,Option,10157.0,3.544,10004808,0.0,"09:31-11:30,13:01-15:00",510300P2301A03600,10004808
2022-11-24,XSHG,510300.XSHG,300ETF沽1月3643A,510300.XSHG,1.0,2023-01-30,2023-01-30,P,E,Option,10157.0,3.643,10004809,0.0,"09:31-11:30,13:01-15:00",510300P2301A03700,10004809
2022-11-24,XSHG,510300.XSHG,300ETF沽1月3741A,510300.XSHG,1.0,2023-01-30,2023-01-30,P,E,Option,10157.0,3.741,10004810,0.0,"09:31-11:30,13:01-15:00",510300P2301A03800,10004810
2022-11-24,XSHG,510300.XSHG,300ETF沽1月3840A,510300.XSHG,1.0,2023-01-30,2023-01-30,P,E,Option,10157.0,3.84,10004811,0.0,"09:31-11:30,13:01-15:00",510300P2301A03900,10004811
2022-11-24,XSHG,510300.XSHG,300ETF沽1月3938A,510300.XSHG,1.0,2023-01-30,2023-01-30,P,E,Option,10157.0,3.938,10004812,0.0,"09:31-11:30,13:01-15:00",510300P2301A04000,10004812
2022-11-24,XSHG,510300.XSHG,300ETF沽1月4037A,510300.XSHG,1.0,2023-01-30,2023-01-30,P,E,Option,10157.0,4.037,10004813,0.0,"09:31-11:30,13:01-15:00",510300P2301A04100,10004813
2022-11-24,XSHG,510300.XSHG,300ETF沽1月4135A,510300.XSHG,1.0,2023-01-30,2023-01-30,P,E,Option,10157.0,4.135,10004814,0.0,"09:31-11:30,13:01-15:00",510300P2301A04200,10004814
2022-11-30,XSHG,510300.XSHG,300ETF购1月4234A,510300.XSHG,1.0,2023-01-30,2023-01-30,C,E,Option,10157.0,4.234,10004839,0.0,"09:31-11:30,13:01-15:00",510300C2301A04300,10004839
2022-11-30,XSHG,510300.XSHG,300ETF沽1月4234A,510300.XSHG,1.0,2023-01-30,2023-01-30,P,E,Option,10157.0,4.234,10004840,0.0,"09:31-11:30,13:01-15:00",510300P2301A04300,10004840
2022-12-02,XSHG,510300.XSHG,300ETF购1月4332A,510300.XSHG,1.0,2023-01-30,2023-01-30,C,E,Option,10157.0,4.332,10004921,0.0,"09:31-11:30,13:01-15:00",510300C2301A04400,10004921
2022-12-02,XSHG,510300.XSHG,300ETF沽1月4332A,510300.XSHG,1.0,2023-01-30,2023-01-30,P,E,Option,10157.0,4.332,10004922,0.0,"09:31-11:30,13:01-15:00",510300P2301A04400,10004922
2022-12-02,XSHG,510300.XSHG,300ETF购6月4332A,510300.XSHG,1.0,2023-06-28,2023-06-28,C,E,Option,10157.0,4.332,10004923,0.0,"09:31-11:30,13:01-15:00",510300C2306A04400,10004923
2022-12-02,XSHG,510300.XSHG,300ETF沽6月4332A,510300.XSHG,1.0,2023-06-28,2023-06-28,P,E,Option,10157.0,4.332,10004924,0.0,"09:31-11:30,13:01-15:00",510300P2306A04400,10004924
2022-12-12,XSHG,510300.XSHG,300ETF购1月4430A,510300.XSHG,1.0,2023-01-30,2023-01-30,C,E,Option,10157.0,4.43,10004933,0.0,"09:31-11:30,13:01-15:00",510300C2301A04500,10004933
2022-12-12,XSHG,510300.XSHG,300ETF沽1月4430A,510300.XSHG,1.0,2023-01-30,2023-01-30,P,E,Option,10157.0,4.43,10004934,0.0,"09:31-11:30,13:01-15:00",510300P2301A04500,10004934
2022-12-12,XSHG,510300.XSHG,300ETF购6月4430A,510300.XSHG,1.0,2023-06-28,2023-06-28,C,E,Option,10157.0,4.43,10004935,0.0,"09:31-11:30,13:01-15:00",510300C2306A04500,10004935
2022-12-12,XSHG,510300.XSHG,300ETF沽6月4430A,510300.XSHG,1.0,2023-06-28,2023-06-28,P,E,Option,10157.0,4.43,10004936,0.0,"09:31-11:30,13:01-15:00",510300P2306A04500,10004936
2022-12-29,XSHG,510300.XSHG,300ETF购2月3446A,510300.XSHG,1.0,2023-02-22,2023-02-22,C,E,Option,10157.0,3.446,10004957,0.0,"09:31-11:30,13:01-15:00",510300C2302A03500,10004957
2022-12-29,XSHG,510300.XSHG,300ETF购2月3544A,510300.XSHG,1.0,2023-02-22,2023-02-22,C,E,Option,10157.0,3.544,10004958,0.0,"09:31-11:30,13:01-15:00",510300C2302A03600,10004958
2022-12-29,XSHG,510300.XSHG,300ETF购2月3643A,510300.XSHG,1.0,2023-02-22,2023-02-22,C,E,Option,10157.0,3.643,10004959,0.0,"09:31-11:30,13:01-15:00",510300C2302A03700,10004959
2022-12-29,XSHG,510300.XSHG,300ETF购2月3741A,510300.XSHG,1.0,2023-02-22,2023-02-22,C,E,Option,10157.0,3.741,10004960,0.0,"09:31-11:30,13:01-15:00",510300C2302A03800,10004960
2022-12-29,XSHG,510300.XSHG,300ETF购2月3840A,510300.XSHG,1.0,2023-02-22,2023-02-22,C,E,Option,10157.0,3.84,10004961,0.0,"09:31-11:30,13:01-15:00",510300C2302A03900,10004961
2022-12-29,XSHG,510300.XSHG,300ETF购2月3938A,510300.XSHG,1.0,2023-02-22,2023-02-22,C,E,Option,10157.0,3.938,10004962,0.0,"09:31-11:30,13:01-15:00",510300C2302A04000,10004962
2022-12-29,XSHG,510300.XSHG,300ETF购2月4037A,510300.XSHG,1.0,2023-02-22,2023-02-22,C,E,Option,10157.0,4.037,10004963,0.0,"09:31-11:30,13:01-15:00",510300C2302A04100,10004963
2022-12-29,XSHG,510300.XSHG,300ETF购2月4135A,510300.XSHG,1.0,2023-02-22,2023-02-22,C,E,Option,10157.0,4.135,10004964,0.0,"09:31-11:30,13:01-15:00",510300C2302A04200,10004964
2022-12-29,XSHG,510300.XSHG,300ETF购2月4234A,510300.XSHG,1.0,2023-02-22,2023-02-22,C,E,Option,10157.0,4.234,10004965,0.0,"09:31-11:30,13:01-15:00",510300C2302A04300,10004965
2022-12-29,XSHG,510300.XSHG,300ETF沽2月3446A,510300.XSHG,1.0,2023-02-22,2023-02-22,P,E,Option,10157.0,3.446,10004966,0.0,"09:31-11:30,13:01-15:00",510300P2302A03500,10004966
2022-12-29,XSHG,510300.XSHG,300ETF沽2月3544A,510300.XSHG,1.0,2023-02-22,2023-02-22,P,E,Option,10157.0,3.544,10004967,0.0,"09:31-11:30,13:01-15:00",510300P2302A03600,10004967
2022-12-29,XSHG,510300.XSHG,300ETF沽2月3643A,510300.XSHG,1.0,2023-02-22,2023-02-22,P,E,Option,10157.0,3.643,10004968,0.0,"09:31-11:30,13:01-15:00",510300P2302A03700,10004968
2022-12-29,XSHG,510300.XSHG,300ETF沽2月3741A,510300.XSHG,1.0,2023-02-22,2023-02-22,P,E,Option,10157.0,3.741,10004969,0.0,"09:31-11:30,13:01-15:00",510300P2302A03800,10004969
2022-12-29,XSHG,510300.XSHG,300ETF沽2月3840A,510300.XSHG,1.0,2023-02-22,2023-02-22,P,E,Option,10157.0,3.84,10004970,0.0,"09:31-11:30,13:01-15:00",510300P2302A03900,10004970
2022-12-29,XSHG,510300.XSHG,300ETF沽2月3938A,510300.XSHG,1.0,2023-02-22,2023-02-22,P,E,Option,10157.0,3.938,10004971,0.0,"09:31-11:30,13:01-15:00",510300P2302A04000,10004971
2022-12-29,XSHG,510300.XSHG,300ETF沽2月4037A,510300.XSHG,1.0,2023-02-22,2023-02-22,P,E,Option,10157.0,4.037,10004972,0.0,"09:31-11:30,13:01-15:00",510300P2302A04100,10004972
2022-12-29,XSHG,510300.XSHG,300ETF沽2月4135A,510300.XSHG,1.0,2023-02-22,2023-02-22,P,E,Option,10157.0,4.135,10004973,0.0,"09:31-11:30,13:01-15:00",510300P2302A04200,10004973
2022-12-29,XSHG,510300.XSHG,300ETF沽2月4234A,510300.XSHG,1.0,2023-02-22,2023-02-22,P,E,Option,10157.0,4.234,10004974,0.0,"09:31-11:30,13:01-15:00",510300P2302A04300,10004974
2023-01-05,XSHG,510300.XSHG,300ETF购2月4332A,510300.XSHG,1.0,2023-02-22,2023-02-22,C,E,Option,10157.0,4.332,10004993,0.0,"09:31-11:30,13:01-15:00",510300C2302A04400,10004993
2023-01-05,XSHG,510300.XSHG,300ETF沽2月4332A,510300.XSHG,1.0,2023-02-22,2023-02-22,P,E,Option,10157.0,4.332,10004994,0.0,"09:31-11:30,13:01-15:00",510300P2302A04400,10004994
2023-01-10,XSHG,510300.XSHG,300ETF购2月4430A,510300.XSHG,1.0,2023-02-22,2023-02-22,C,E,Option,10157.0,4.43,10005005,0.0,"09:31-11:30,13:01-15:00",510300C2302A04500,10005005
2023-01-10,XSHG,510300.XSHG,300ETF沽2月4430A,510300.XSHG,1.0,2023-02-22,2023-02-22,P,E,Option,10157.0,4.43,10005006,0.0,"09:31-11:30,13:01-15:00",510300P2302A04500,10005006
2023-01-16,XSHG,510300.XSHG,300ETF购1月3700,510300.XSHG,1.0,2023-01-30,2023-01-30,C,E,Option,10000.0,3.7,10005015,0.0,"09:31-11:30,13:01-15:00",510300C2301M03700,10005015
2023-01-16,XSHG,510300.XSHG,300ETF购1月3800,510300.XSHG,1.0,2023-01-30,2023-01-30,C,E,Option,10000.0,3.8,10005016,0.0,"09:31-11:30,13:01-15:00",510300C2301M03800,10005016
2023-01-16,XSHG,510300.XSHG,300ETF购1月3900,510300.XSHG,1.0,2023-01-30,2023-01-30,C,E,Option,10000.0,3.9,10005017,0.0,"09:31-11:30,13:01-15:00",510300C2301M03900,10005017
2023-01-16,XSHG,510300.XSHG,300ETF购1月4000,510300.XSHG,1.0,2023-01-30,2023-01-30,C,E,Option,10000.0,4.0,10005018,0.0,"09:31-11:30,13:01-15:00",510300C2301M04000,10005018
2023-01-16,XSHG,510300.XSHG,300ETF购1月4100,510300.XSHG,1.0,2023-01-30,2023-01-30,C,E,Option,10000.0,4.1,10005019,0.0,"09:31-11:30,13:01-15:00",510300C2301M04100,10005019
2023-01-16,XSHG,510300.XSHG,300ETF购1月4200,510300.XSHG,1.0,2023-01-30,2023-01-30,C,E,Option,10000.0,4.2,10005020,0.0,"09:31-11:30,13:01-15:00",510300C2301M04200,10005020
2023-01-16,XSHG,510300.XSHG,300ETF购1月4300,510300.XSHG,1.0,2023-01-30,2023-01-30,C,E,Option,10000.0,4.3,10005021,0.0,"09:31-11:30,13:01-15:00",510300C2301M04300,10005021
2023-01-16,XSHG,510300.XSHG,300ETF购1月4400,510300.XSHG,1.0,2023-01-30,2023-01-30,C,E,Option,10000.0,4.4,10005022,0.0,"09:31-11:30,13:01-15:00",510300C2301M04400,10005022
2023-01-16,XSHG,510300.XSHG,300ETF购1月4500,510300.XSHG,1.0,2023-01-30,2023-01-30,C,E,Option,10000.0,4.5,10005023,0.0,"09:31-11:30,13:01-15:00",510300C2301M04500,10005023
2023-01-16,XSHG,510300.XSHG,300ETF沽1月3700,510300.XSHG,1.0,2023-01-30,2023-01-30,P,E,Option,10000.0,3.7,10005024,0.0,"09:31-11:30,13:01-15:00",510300P2301M03700,10005024
2023-01-16,XSHG,510300.XSHG,300ETF沽1月3800,510300.XSHG,1.0,2023-01-30,2023-01-30,P,E,Option,10000.0,3.8,10005025,0.0,"09:31-11:30,13:01-15:00",510300P2301M03800,10005025
2023-01-16,XSHG,510300.XSHG,300ETF沽1月3900,510300.XSHG,1.0,2023-01-30,2023-01-30,P,E,Option,10000.0,3.9,10005026,0.0,"09:31-11:30,13:01-15:00",510300P2301M03900,10005026
2023-01-16,XSHG,510300.XSHG,300ETF沽1月4000,510300.XSHG,1.0,2023-01-30,2023-01-30,P,E,Option,10000.0,4.0,10005027,0.0,"09:31-11:30,13:01-15:00",510300P2301M04000,10005027
2023-01-16,XSHG,510300.XSHG,300ETF沽1月4100,510300.XSHG,1.0,2023-01-30,2023-01-30,P,E,Option,10000.0,4.1,10005028,0.0,"09:31-11:30,13:01-15:00",510300P2301M04100,10005028
2023-01-16,XSHG,510300.XSHG,300ETF沽1月4200,510300.XSHG,1.0,2023-01-30,2023-01-30,P,E,Option,10000.0,4.2,10005029,0.0,"09:31-11:30,13:01-15:00",510300P2301M04200,10005029
2023-01-16,XSHG,510300.XSHG,300ETF沽1月4300,510300.XSHG,1.0,2023-01-30,2023-01-30,P,E,Option,10000.0,4.3,10005030,0.0,"09:31-11:30,13:01-15:00",510300P2301M04300,10005030
2023-01-16,XSHG,510300.XSHG,300ETF沽1月4400,510300.XSHG,1.0,2023-01-30,2023-01-30,P,E,Option,10000.0,4.4,10005031,0.0,"09:31-11:30,13:01-15:00",510300P2301M04400,10005031
2023-01-16,XSHG,510300.XSHG,300ETF沽1月4500,510300.XSHG,1.0,2023-01-30,2023-01-30,P,E,Option,10000.0,4.5,10005032,0.0,"09:31-11:30,13:01-15:00",510300P2301M04500,10005032
2023-01-16,XSHG,510300.XSHG,300ETF购2月3700,510300.XSHG,1.0,2023-02-22,2023-02-22,C,E,Option,10000.0,3.7,10005033,0.0,"09:31-11:30,13:01-15:00",510300C2302M03700,10005033
2023-01-16,XSHG,510300.XSHG,300ETF购2月3800,510300.XSHG,1.0,2023-02-22,2023-02-22,C,E,Option,10000.0,3.8,10005034,0.0,"09:31-11:30,13:01-15:00",510300C2302M03800,10005034
2023-01-16,XSHG,510300.XSHG,300ETF购2月3900,510300.XSHG,1.0,2023-02-22,2023-02-22,C,E,Option,10000.0,3.9,10005035,0.0,"09:31-11:30,13:01-15:00",510300C2302M03900,10005035
2023-01-16,XSHG,510300.XSHG,300ETF购2月4000,510300.XSHG,1.0,2023-02-22,2023-02-22,C,E,Option,10000.0,4.0,10005036,0.0,"09:31-11:30,13:01-15:00",510300C2302M04000,10005036
2023-01-16,XSHG,510300.XSHG,300ETF购2月4100,510300.XSHG,1.0,2023-02-22,2023-02-22,C,E,Option,10000.0,4.1,10005037,0.0,"09:31-11:30,13:01-15:00",510300C2302M04100,10005037
2023-01-16,XSHG,510300.XSHG,300ETF购2月4200,510300.XSHG,1.0,2023-02-22,2023-02-22,C,E,Option,10000.0,4.2,10005038,0.0,"09:31-11:30,13:01-15:00",510300C2302M04200,10005038
2023-01-16,XSHG,510300.XSHG,300ETF购2月4300,510300.XSHG,1.0,2023-02-22,2023-02-22,C,E,Option,10000.0,4.3,10005039,0.0,"09:31-11:30,13:01-15:00",510300C2302M04300,10005039
2023-01-16,XSHG,510300.XSHG,300ETF购2月4400,510300.XSHG,1.0,2023-02-22,2023-02-22,C,E,Option,10000.0,4.4,10005040,0.0,"09:31-11:30,13:01-15:00",510300C2302M04400,10005040
2023-01-16,XSHG,510300.XSHG,300ETF购2月4500,510300.XSHG,1.0,2023-02-22,2023-02-22,C,E,Option,10000.0,4.5,10005041,0.0,"09:31-11:30,13:01-15:00",510300C2302M04500,10005041
2023-01-16,XSHG,510300.XSHG,300ETF沽2月3700,510300.XSHG,1.0,2023-02-22,2023-02-22,P,E,Option,10000.0,3.7,10005042,0.0,"09:31-11:30,13:01-15:00",510300P2302M03700,10005042
2023-01-16,XSHG,510300.XSHG,300ETF沽2月3800,510300.XSHG,1.0,2023-02-22,2023-02-22,P,E,Option,10000.0,3.8,10005043,0.0,"09:31-11:30,13:01-15:00",510300P2302M03800,10005043
2023-01-16,XSHG,510300.XSHG,300ETF沽2月3900,510300.XSHG,1.0,2023-02-22,2023-02-22,P,E,Option,10000.0,3.9,10005044,0.0,"09:31-11:30,13:01-15:00",510300P2302M03900,10005044
2023-01-16,XSHG,510300.XSHG,300ETF沽2月4000,510300.XSHG,1.0,2023-02-22,2023-02-22,P,E,Option,10000.0,4.0,10005045,0.0,"09:31-11:30,13:01-15:00",510300P2302M04000,10005045
2023-01-16,XSHG,510300.XSHG,300ETF沽2月4100,510300.XSHG,1.0,2023-02-22,2023-02-22,P,E,Option,10000.0,4.1,10005046,0.0,"09:31-11:30,13:01-15:00",510300P2302M04100,10005046
2023-01-16,XSHG,510300.XSHG,300ETF沽2月4200,510300.XSHG,1.0,2023-02-22,2023-02-22,P,E,Option,10000.0,4.2,10005047,0.0,"09:31-11:30,13:01-15:00",510300P2302M04200,10005047
2023-01-16,XSHG,510300.XSHG,300ETF沽2月4300,510300.XSHG,1.0,2023-02-22,2023-02-22,P,E,Option,10000.0,4.3,10005048,0.0,"09:31-11:30,13:01-15:00",510300P2302M04300,10005048
2023-01-16,XSHG,510300.XSHG,300ETF沽2月4400,510300.XSHG,1.0,2023-02-22,2023-02-22,P,E,Option,10000.0,4.4,10005049,0.0,"09:31-11:30,13:01-15:00",510300P2302M04400,10005049
2023-01-16,XSHG,510300.XSHG,300ETF沽2月4500,510300.XSHG,1.0,2023-02-22,2023-02-22,P,E,Option,10000.0,4.5,10005050,0.0,"09:31-11:30,13:01-15:00",510300P2302M04500,10005050
2023-01-16,XSHG,510300.XSHG,300ETF购3月3700,510300.XSHG,1.0,2023-03-22,2023-03-22,C,E,Option,10000.0,3.7,10005051,0.0,"09:31-11:30,13:01-15:00",510300C2303M03700,10005051
2023-01-16,XSHG,510300.XSHG,300ETF购3月3800,510300.XSHG,1.0,2023-03-22,2023-03-22,C,E,Option,10000.0,3.8,10005052,0.0,"09:31-11:30,13:01-15:00",510300C2303M03800,10005052
2023-01-16,XSHG,510300.XSHG,300ETF购3月3900,510300.XSHG,1.0,2023-03-22,2023-03-22,C,E,Option,10000.0,3.9,10005053,0.0,"09:31-11:30,13:01-15:00",510300C2303M03900,10005053
2023-01-16,XSHG,510300.XSHG,300ETF购3月4000,510300.XSHG,1.0,2023-03-22,2023-03-22,C,E,Option,10000.0,4.0,10005054,0.0,"09:31-11:30,13:01-15:00",510300C2303M04000,10005054
2023-01-16,XSHG,510300.XSHG,300ETF购3月4100,510300.XSHG,1.0,2023-03-22,2023-03-22,C,E,Option,10000.0,4.1,10005055,0.0,"09:31-11:30,13:01-15:00",510300C2303M04100,10005055
2023-01-16,XSHG,510300.XSHG,300ETF购3月4200,510300.XSHG,1.0,2023-03-22,2023-03-22,C,E,Option,10000.0,4.2,10005056,0.0,"09:31-11:30,13:01-15:00",510300C2303M04200,10005056
2023-01-16,XSHG,510300.XSHG,300ETF购3月4300,510300.XSHG,1.0,2023-03-22,2023-03-22,C,E,Option,10000.0,4.3,10005057,0.0,"09:31-11:30,13:01-15:00",510300C2303M04300,10005057
2023-01-16,XSHG,510300.XSHG,300ETF购3月4400,510300.XSHG,1.0,2023-03-22,2023-03-22,C,E,Option,10000.0,4.4,10005058,0.0,"09:31-11:30,13:01-15:00",510300C2303M04400,10005058
2023-01-16,XSHG,510300.XSHG,300ETF购3月4500,510300.XSHG,1.0,2023-03-22,2023-03-22,C,E,Option,10000.0,4.5,10005059,0.0,"09:31-11:30,13:01-15:00",510300C2303M04500,10005059
2023-01-16,XSHG,510300.XSHG,300ETF沽3月3700,510300.XSHG,1.0,2023-03-22,2023-03-22,P,E,Option,10000.0,3.7,10005060,0.0,"09:31-11:30,13:01-15:00",510300P2303M03700,10005060
2023-01-16,XSHG,510300.XSHG,300ETF沽3月3800,510300.XSHG,1.0,2023-03-22,2023-03-22,P,E,Option,10000.0,3.8,10005061,0.0,"09:31-11:30,13:01-15:00",510300P2303M03800,10005061
2023-01-16,XSHG,510300.XSHG,300ETF沽3月3900,510300.XSHG,1.0,2023-03-22,2023-03-22,P,E,Option,10000.0,3.9,10005062,0.0,"09:31-11:30,13:01-15:00",510300P2303M03900,10005062
2023-01-16,XSHG,510300.XSHG,300ETF沽3月4000,510300.XSHG,1.0,2023-03-22,2023-03-22,P,E,Option,10000.0,4.0,10005063,0.0,"09:31-11:30,13:01-15:00",510300P2303M04000,10005063
2023-01-16,XSHG,510300.XSHG,300ETF沽3月4100,510300.XSHG,1.0,2023-03-22,2023-03-22,P,E,Option,10000.0,4.1,10005064,0.0,"09:31-11:30,13:01-15:00",510300P2303M04100,10005064
2023-01-16,XSHG,510300.XSHG,300ETF沽3月4200,510300.XSHG,1.0,2023-03-22,2023-03-22,P,E,Option,10000.0,4.2,10005065,0.0,"09:31-11:30,13:01-15:00",510300P2303M04200,10005065
2023-01-16,XSHG,510300.XSHG,300ETF沽3月4300,510300.XSHG,1.0,2023-03-22,2023-03-22,P,E,Option,10000.0,4.3,10005066,0.0,"09:31-11:30,13:01-15:00",510300P2303M04300,10005066
2023-01-16,XSHG,510300.XSHG,300ETF沽3月4400,510300.XSHG,1.0,2023-03-22,2023-03-22,P,E,Option,10000.0,4.4,10005067,0.0,"09:31-11:30,13:01-15:00",510300P2303M04400,10005067
2023-01-16,XSHG,510300.XSHG,300ETF沽3月4500,510300.XSHG,1.0,2023-03-22,2023-03-22,P,E,Option,10000.0,4.5,10005068,0.0,"09:31-11:30,13:01-15:00",510300P2303M04500,10005068
2023-01-16,XSHG,510300.XSHG,300ETF购6月3700,510300.XSHG,1.0,2023-06-28,2023-06-28,C,E,Option,10000.0,3.7,10005069,0.0,"09:31-11:30,13:01-15:00",510300C2306M03700,10005069
2023-01-16,XSHG,510300.XSHG,300ETF购6月3800,510300.XSHG,1.0,2023-06-28,2023-06-28,C,E,Option,10000.0,3.8,10005070,0.0,"09:31-11:30,13:01-15:00",510300C2306M03800,10005070
2023-01-16,XSHG,510300.XSHG,300ETF购6月3900,510300.XSHG,1.0,2023-06-28,2023-06-28,C,E,Option,10000.0,3.9,10005071,0.0,"09:31-11:30,13:01-15:00",510300C2306M03900,10005071
2023-01-16,XSHG,510300.XSHG,300ETF购6月4000,510300.XSHG,1.0,2023-06-28,2023-06-28,C,E,Option,10000.0,4.0,10005072,0.0,"09:31-11:30,13:01-15:00",510300C2306M04000,10005072
2023-01-16,XSHG,510300.XSHG,300ETF购6月4100,510300.XSHG,1.0,2023-06-28,2023-06-28,C,E,Option,10000.0,4.1,10005073,0.0,"09:31-11:30,13:01-15:00",510300C2306M04100,10005073
2023-01-16,XSHG,510300.XSHG,300ETF购6月4200,510300.XSHG,1.0,2023-06-28,2023-06-28,C,E,Option,10000.0,4.2,10005074,0.0,"09:31-11:30,13:01-15:00",510300C2306M04200,10005074
2023-01-16,XSHG,510300.XSHG,300ETF购6月4300,510300.XSHG,1.0,2023-06-28,2023-06-28,C,E,Option,10000.0,4.3,10005075,0.0,"09:31-11:30,13:01-15:00",510300C2306M04300,10005075
2023-01-16,XSHG,510300.XSHG,300ETF购6月4400,510300.XSHG,1.0,2023-06-28,2023-06-28,C,E,Option,10000.0,4.4,10005076,0.0,"09:31-11:30,13:01-15:00",510300C2306M04400,10005076
2023-01-16,XSHG,510300.XSHG,300ETF购6月4500,510300.XSHG,1.0,2023-06-28,2023-06-28,C,E,Option,10000.0,4.5,10005077,0.0,"09:31-11:30,13:01-15:00",510300C2306M04500,10005077
2023-01-16,XSHG,510300.XSHG,300ETF沽6月3700,510300.XSHG,1.0,2023-06-28,2023-06-28,P,E,Option,10000.0,3.7,10005078,0.0,"09:31-11:30,13:01-15:00",510300P2306M03700,10005078
2023-01-16,XSHG,510300.XSHG,300ETF沽6月3800,510300.XSHG,1.0,2023-06-28,2023-06-28,P,E,Option,10000.0,3.8,10005079,0.0,"09:31-11:30,13:01-15:00",510300P2306M03800,10005079
2023-01-16,XSHG,510300.XSHG,300ETF沽6月3900,510300.XSHG,1.0,2023-06-28,2023-06-28,P,E,Option,10000.0,3.9,10005080,0.0,"09:31-11:30,13:01-15:00",510300P2306M03900,10005080
2023-01-16,XSHG,510300.XSHG,300ETF沽6月4000,510300.XSHG,1.0,2023-06-28,2023-06-28,P,E,Option,10000.0,4.0,10005081,0.0,"09:31-11:30,13:01-15:00",510300P2306M04000,10005081
2023-01-16,XSHG,510300.XSHG,300ETF沽6月4100,510300.XSHG,1.0,2023-06-28,2023-06-28,P,E,Option,10000.0,4.1,10005082,0.0,"09:31-11:30,13:01-15:00",510300P2306M04100,10005082
2023-01-16,XSHG,510300.XSHG,300ETF沽6月4200,510300.XSHG,1.0,2023-06-28,2023-06-28,P,E,Option,10000.0,4.2,10005083,0.0,"09:31-11:30,13:01-15:00",510300P2306M04200,10005083
2023-01-16,XSHG,510300.XSHG,300ETF沽6月4300,510300.XSHG,1.0,2023-06-28,2023-06-28,P,E,Option,10000.0,4.3,10005084,0.0,"09:31-11:30,13:01-15:00",510300P2306M04300,10005084
2023-01-16,XSHG,510300.XSHG,300ETF沽6月4400,510300.XSHG,1.0,2023-06-28,2023-06-28,P,E,Option,10000.0,4.4,10005085,0.0,"09:31-11:30,13:01-15:00",510300P2306M04400,10005085
2023-01-16,XSHG,510300.XSHG,300ETF沽6月4500,510300.XSHG,1.0,2023-06-28,2023-06-28,P,E,Option,10000.0,4.5,10005086,0.0,"09:31-11:30,13:01-15:00",510300P2306M04500,10005086
2023-01-20,XSHG,510300.XSHG,300ETF购1月4600,510300.XSHG,1.0,2023-01-30,2023-01-30,C,E,Option,10000.0,4.6,10005097,0.0,"09:31-11:30,13:01-15:00",510300C2301M04600,10005097
2023-01-20,XSHG,510300.XSHG,300ETF沽1月4600,510300.XSHG,1.0,2023-01-30,2023-01-30,P,E,Option,10000.0,4.6,10005098,0.0,"09:31-11:30,13:01-15:00",510300P2301M04600,10005098
2023-01-20,XSHG,510300.XSHG,300ETF购2月4600,510300.XSHG,1.0,2023-02-22,2023-02-22,C,E,Option,10000.0,4.6,10005099,0.0,"09:31-11:30,13:01-15:00",510300C2302M04600,10005099
2023-01-20,XSHG,510300.XSHG,300ETF沽2月4600,510300.XSHG,1.0,2023-02-22,2023-02-22,P,E,Option,10000.0,4.6,10005100,0.0,"09:31-11:30,13:01-15:00",510300P2302M04600,10005100
2023-01-20,XSHG,510300.XSHG,300ETF购3月4600,510300.XSHG,1.0,2023-03-22,2023-03-22,C,E,Option,10000.0,4.6,10005101,0.0,"09:31-11:30,13:01-15:00",510300C2303M04600,10005101
2023-01-20,XSHG,510300.XSHG,300ETF沽3月4600,510300.XSHG,1.0,2023-03-22,2023-03-22,P,E,Option,10000.0,4.6,10005102,0.0,"09:31-11:30,13:01-15:00",510300P2303M04600,10005102
2023-01-20,XSHG,510300.XSHG,300ETF购6月4600,510300.XSHG,1.0,2023-06-28,2023-06-28,C,E,Option,10000.0,4.6,10005103,0.0,"09:31-11:30,13:01-15:00",510300C2306M04600,10005103
2023-01-20,XSHG,510300.XSHG,300ETF沽6月4600,510300.XSHG,1.0,2023-06-28,2023-06-28,P,E,Option,10000.0,4.6,10005104,0.0,"09:31-11:30,13:01-15:00",510300P2306M04600,10005104
2023-01-31,XSHG,510300.XSHG,300ETF购9月3800,510300.XSHG,1.0,2023-09-27,2023-09-27,C,E,Option,10000.0,3.8,10005123,0.0,"09:31-11:30,13:01-15:00",510300C2309M03800,10005123
2023-01-31,XSHG,510300.XSHG,300ETF购9月3900,510300.XSHG,1.0,2023-09-27,2023-09-27,C,E,Option,10000.0,3.9,10005124,0.0,"09:31-11:30,13:01-15:00",510300C2309M03900,10005124
2023-01-31,XSHG,510300.XSHG,300ETF购9月4000,510300.XSHG,1.0,2023-09-27,2023-09-27,C,E,Option,10000.0,4.0,10005125,0.0,"09:31-11:30,13:01-15:00",510300C2309M04000,10005125
2023-01-31,XSHG,510300.XSHG,300ETF购9月4100,510300.XSHG,1.0,2023-09-27,2023-09-27,C,E,Option,10000.0,4.1,10005126,0.0,"09:31-11:30,13:01-15:00",510300C2309M04100,10005126
2023-01-31,XSHG,510300.XSHG,300ETF购9月4200,510300.XSHG,1.0,2023-09-27,2023-09-27,C,E,Option,10000.0,4.2,10005127,0.0,"09:31-11:30,13:01-15:00",510300C2309M04200,10005127
2023-01-31,XSHG,510300.XSHG,300ETF购9月4300,510300.XSHG,1.0,2023-09-27,2023-09-27,C,E,Option,10000.0,4.3,10005128,0.0,"09:31-11:30,13:01-15:00",510300C2309M04300,10005128
2023-01-31,XSHG,510300.XSHG,300ETF购9月4400,510300.XSHG,1.0,2023-09-27,2023-09-27,C,E,Option,10000.0,4.4,10005129,0.0,"09:31-11:30,13:01-15:00",510300C2309M04400,10005129
2023-01-31,XSHG,510300.XSHG,300ETF购9月4500,510300.XSHG,1.0,2023-09-27,2023-09-27,C,E,Option,10000.0,4.5,10005130,0.0,"09:31-11:30,13:01-15:00",510300C2309M04500,10005130
2023-01-31,XSHG,510300.XSHG,300ETF购9月4600,510300.XSHG,1.0,2023-09-27,2023-09-27,C,E,Option,10000.0,4.6,10005131,0.0,"09:31-11:30,13:01-15:00",510300C2309M04600,10005131
2023-01-31,XSHG,510300.XSHG,300ETF沽9月3800,510300.XSHG,1.0,2023-09-27,2023-09-27,P,E,Option,10000.0,3.8,10005132,0.0,"09:31-11:30,13:01-15:00",510300P2309M03800,10005132
2023-01-31,XSHG,510300.XSHG,300ETF沽9月3900,510300.XSHG,1.0,2023-09-27,2023-09-27,P,E,Option,10000.0,3.9,10005133,0.0,"09:31-11:30,13:01-15:00",510300P2309M03900,10005133
2023-01-31,XSHG,510300.XSHG,300ETF沽9月4000,510300.XSHG,1.0,2023-09-27,2023-09-27,P,E,Option,10000.0,4.0,10005134,0.0,"09:31-11:30,13:01-15:00",510300P2309M04000,10005134
2023-01-31,XSHG,510300.XSHG,300ETF沽9月4100,510300.XSHG,1.0,2023-09-27,2023-09-27,P,E,Option,10000.0,4.1,10005135,0.0,"09:31-11:30,13:01-15:00",510300P2309M04100,10005135
2023-01-31,XSHG,510300.XSHG,300ETF沽9月4200,510300.XSHG,1.0,2023-09-27,2023-09-27,P,E,Option,10000.0,4.2,10005136,0.0,"09:31-11:30,13:01-15:00",510300P2309M04200,10005136
2023-01-31,XSHG,510300.XSHG,300ETF沽9月4300,510300.XSHG,1.0,2023-09-27,2023-09-27,P,E,Option,10000.0,4.3,10005137,0.0,"09:31-11:30,13:01-15:00",510300P2309M04300,10005137
2023-01-31,XSHG,510300.XSHG,300ETF沽9月4400,510300.XSHG,1.0,2023-09-27,2023-09-27,P,E,Option,10000.0,4.4,10005138,0.0,"09:31-11:30,13:01-15:00",510300P2309M04400,10005138
2023-01-31,XSHG,510300.XSHG,300ETF沽9月4500,510300.XSHG,1.0,2023-09-27,2023-09-27,P,E,Option,10000.0,4.5,10005139,0.0,"09:31-11:30,13:01-15:00",510300P2309M04500,10005139
2023-01-31,XSHG,510300.XSHG,300ETF沽9月4600,510300.XSHG,1.0,2023-09-27,2023-09-27,P,E,Option,10000.0,4.6,10005140,0.0,"09:31-11:30,13:01-15:00",510300P2309M04600,10005140
2023-02-06,XSHG,510300.XSHG,300ETF购9月3700,510300.XSHG,1.0,2023-09-27,2023-09-27,C,E,Option,10000.0,3.7,10005169,0.0,"09:31-11:30,13:01-15:00",510300C2309M03700,10005169
2023-02-06,XSHG,510300.XSHG,300ETF沽9月3700,510300.XSHG,1.0,2023-09-27,2023-09-27,P,E,Option,10000.0,3.7,10005170,0.0,"09:31-11:30,13:01-15:00",510300P2309M03700,10005170
2023-02-20,XSHG,510300.XSHG,300ETF购2月3600,510300.XSHG,1.0,2023-02-22,2023-02-22,C,E,Option,10000.0,3.6,10005175,0.0,"09:31-11:30,13:01-15:00",510300C2302M03600,10005175
2023-02-20,XSHG,510300.XSHG,300ETF沽2月3600,510300.XSHG,1.0,2023-02-22,2023-02-22,P,E,Option,10000.0,3.6,10005176,0.0,"09:31-11:30,13:01-15:00",510300P2302M03600,10005176
2023-02-20,XSHG,510300.XSHG,300ETF购3月3600,510300.XSHG,1.0,2023-03-22,2023-03-22,C,E,Option,10000.0,3.6,10005177,0.0,"09:31-11:30,13:01-15:00",510300C2303M03600,10005177
2023-02-20,XSHG,510300.XSHG,300ETF沽3月3600,510300.XSHG,1.0,2023-03-22,2023-03-22,P,E,Option,10000.0,3.6,10005178,0.0,"09:31-11:30,13:01-15:00",510300P2303M03600,10005178
2023-02-20,XSHG,510300.XSHG,300ETF购6月3600,510300.XSHG,1.0,2023-06-28,2023-06-28,C,E,Option,10000.0,3.6,10005179,0.0,"09:31-11:30,13:01-15:00",510300C2306M03600,10005179
2023-02-20,XSHG,510300.XSHG,300ETF沽6月3600,510300.XSHG,1.0,2023-06-28,2023-06-28,P,E,Option,10000.0,3.6,10005180,0.0,"09:31-11:30,13:01-15:00",510300P2306M03600,10005180
2023-02-20,XSHG,510300.XSHG,300ETF购9月3600,510300.XSHG,1.0,2023-09-27,2023-09-27,C,E,Option,10000.0,3.6,10005181,0.0,"09:31-11:30,13:01-15:00",510300C2309M03600,10005181
2023-02-20,XSHG,510300.XSHG,300ETF沽9月3600,510300.XSHG,1.0,2023-09-27,2023-09-27,P,E,Option,10000.0,3.6,10005182,0.0,"09:31-11:30,13:01-15:00",510300P2309M03600,10005182
2023-02-23,XSHG,510300.XSHG,300ETF购4月3700,510300.XSHG,1.0,2023-04-26,2023-04-26,C,E,Option,10000.0,3.7,10005201,0.0,"09:31-11:30,13:01-15:00",510300C2304M03700,10005201
2023-02-23,XSHG,510300.XSHG,300ETF购4月3800,510300.XSHG,1.0,2023-04-26,2023-04-26,C,E,Option,10000.0,3.8,10005202,0.0,"09:31-11:30,13:01-15:00",510300C2304M03800,10005202
2023-02-23,XSHG,510300.XSHG,300ETF购4月3900,510300.XSHG,1.0,2023-04-26,2023-04-26,C,E,Option,10000.0,3.9,10005203,0.0,"09:31-11:30,13:01-15:00",510300C2304M03900,10005203
2023-02-23,XSHG,510300.XSHG,300ETF购4月4000,510300.XSHG,1.0,2023-04-26,2023-04-26,C,E,Option,10000.0,4.0,10005204,0.0,"09:31-11:30,13:01-15:00",510300C2304M04000,10005204
2023-02-23,XSHG,510300.XSHG,300ETF购4月4100,510300.XSHG,1.0,2023-04-26,2023-04-26,C,E,Option,10000.0,4.1,10005205,0.0,"09:31-11:30,13:01-15:00",510300C2304M04100,10005205
2023-02-23,XSHG,510300.XSHG,300ETF购4月4200,510300.XSHG,1.0,2023-04-26,2023-04-26,C,E,Option,10000.0,4.2,10005206,0.0,"09:31-11:30,13:01-15:00",510300C2304M04200,10005206
2023-02-23,XSHG,510300.XSHG,300ETF购4月4300,510300.XSHG,1.0,2023-04-26,2023-04-26,C,E,Option,10000.0,4.3,10005207,0.0,"09:31-11:30,13:01-15:00",510300C2304M04300,10005207
2023-02-23,XSHG,510300.XSHG,300ETF购4月4400,510300.XSHG,1.0,2023-04-26,2023-04-26,C,E,Option,10000.0,4.4,10005208,0.0,"09:31-11:30,13:01-15:00",510300C2304M04400,10005208
2023-02-23,XSHG,510300.XSHG,300ETF购4月4500,510300.XSHG,1.0,2023-04-26,2023-04-26,C,E,Option,10000.0,4.5,10005209,0.0,"09:31-11:30,13:01-15:00",510300C2304M04500,10005209
2023-02-23,XSHG,510300.XSHG,300ETF沽4月3700,510300.XSHG,1.0,2023-04-26,2023-04-26,P,E,Option,10000.0,3.7,10005210,0.0,"09:31-11:30,13:01-15:00",510300P2304M03700,10005210
2023-02-23,XSHG,510300.XSHG,300ETF沽4月3800,510300.XSHG,1.0,2023-04-26,2023-04-26,P,E,Option,10000.0,3.8,10005211,0.0,"09:31-11:30,13:01-15:00",510300P2304M03800,10005211
2023-02-23,XSHG,510300.XSHG,300ETF沽4月3900,510300.XSHG,1.0,2023-04-26,2023-04-26,P,E,Option,10000.0,3.9,10005212,0.0,"09:31-11:30,13:01-15:00",510300P2304M03900,10005212
2023-02-23,XSHG,510300.XSHG,300ETF沽4月4000,510300.XSHG,1.0,2023-04-26,2023-04-26,P,E,Option,10000.0,4.0,10005213,0.0,"09:31-11:30,13:01-15:00",510300P2304M04000,10005213
2023-02-23,XSHG,510300.XSHG,300ETF沽4月4100,510300.XSHG,1.0,2023-04-26,2023-04-26,P,E,Option,10000.0,4.1,10005214,0.0,"09:31-11:30,13:01-15:00",510300P2304M04100,10005214
2023-02-23,XSHG,510300.XSHG,300ETF沽4月4200,510300.XSHG,1.0,2023-04-26,2023-04-26,P,E,Option,10000.0,4.2,10005215,0.0,"09:31-11:30,13:01-15:00",510300P2304M04200,10005215
2023-02-23,XSHG,510300.XSHG,300ETF沽4月4300,510300.XSHG,1.0,2023-04-26,2023-04-26,P,E,Option,10000.0,4.3,10005216,0.0,"09:31-11:30,13:01-15:00",510300P2304M04300,10005216
2023-02-23,XSHG,510300.XSHG,300ETF沽4月4400,510300.XSHG,1.0,2023-04-26,2023-04-26,P,E,Option,10000.0,4.4,10005217,0.0,"09:31-11:30,13:01-15:00",510300P2304M04400,10005217
2023-02-23,XSHG,510300.XSHG,300ETF沽4月4500,510300.XSHG,1.0,2023-04-26,2023-04-26,P,E,Option,10000.0,4.5,10005218,0.0,"09:31-11:30,13:01-15:00",510300P2304M04500,10005218
2023-02-28,XSHG,510300.XSHG,300ETF购4月3600,510300.XSHG,1.0,2023-04-26,2023-04-26,C,E,Option,10000.0,3.6,10005241,0.0,"09:31-11:30,13:01-15:00",510300C2304M03600,10005241
2023-02-28,XSHG,510300.XSHG,300ETF沽4月3600,510300.XSHG,1.0,2023-04-26,2023-04-26,P,E,Option,10000.0,3.6,10005242,0.0,"09:31-11:30,13:01-15:00",510300P2304M03600,10005242
2023-03-17,XSHG,510300.XSHG,300ETF购3月3500,510300.XSHG,1.0,2023-03-22,2023-03-22,C,E,Option,10000.0,3.5,10005249,0.0,"09:31-11:30,13:01-15:00",510300C2303M03500,10005249
2023-03-17,XSHG,510300.XSHG,300ETF沽3月3500,510300.XSHG,1.0,2023-03-22,2023-03-22,P,E,Option,10000.0,3.5,10005250,0.0,"09:31-11:30,13:01-15:00",510300P2303M03500,10005250
2023-03-17,XSHG,510300.XSHG,300ETF购4月3500,510300.XSHG,1.0,2023-04-26,2023-04-26,C,E,Option,10000.0,3.5,10005251,0.0,"09:31-11:30,13:01-15:00",510300C2304M03500,10005251
2023-03-17,XSHG,510300.XSHG,300ETF沽4月3500,510300.XSHG,1.0,2023-04-26,2023-04-26,P,E,Option,10000.0,3.5,10005252,0.0,"09:31-11:30,13:01-15:00",510300P2304M03500,10005252
2023-03-17,XSHG,510300.XSHG,300ETF购6月3500,510300.XSHG,1.0,2023-06-28,2023-06-28,C,E,Option,10000.0,3.5,10005253,0.0,"09:31-11:30,13:01-15:00",510300C2306M03500,10005253
2023-03-17,XSHG,510300.XSHG,300ETF沽6月3500,510300.XSHG,1.0,2023-06-28,2023-06-28,P,E,Option,10000.0,3.5,10005254,0.0,"09:31-11:30,13:01-15:00",510300P2306M03500,10005254
2023-03-17,XSHG,510300.XSHG,300ETF购9月3500,510300.XSHG,1.0,2023-09-27,2023-09-27,C,E,Option,10000.0,3.5,10005255,0.0,"09:31-11:30,13:01-15:00",510300C2309M03500,10005255
2023-03-17,XSHG,510300.XSHG,300ETF沽9月3500,510300.XSHG,1.0,2023-09-27,2023-09-27,P,E,Option,10000.0,3.5,10005256,0.0,"09:31-11:30,13:01-15:00",510300P2309M03500,10005256
2023-03-23,XSHG,510300.XSHG,300ETF购5月3600,510300.XSHG,1.0,2023-05-24,2023-05-24,C,E,Option,10000.0,3.6,10005279,0.0,"09:31-11:30,13:01-15:00",510300C2305M03600,10005279
2023-03-23,XSHG,510300.XSHG,300ETF购5月3700,510300.XSHG,1.0,2023-05-24,2023-05-24,C,E,Option,10000.0,3.7,10005280,0.0,"09:31-11:30,13:01-15:00",510300C2305M03700,10005280
2023-03-23,XSHG,510300.XSHG,300ETF购5月3800,510300.XSHG,1.0,2023-05-24,2023-05-24,C,E,Option,10000.0,3.8,10005281,0.0,"09:31-11:30,13:01-15:00",510300C2305M03800,10005281
2023-03-23,XSHG,510300.XSHG,300ETF购5月3900,510300.XSHG,1.0,2023-05-24,2023-05-24,C,E,Option,10000.0,3.9,10005282,0.0,"09:31-11:30,13:01-15:00",510300C2305M03900,10005282
2023-03-23,XSHG,510300.XSHG,300ETF购5月4000,510300.XSHG,1.0,2023-05-24,2023-05-24,C,E,Option,10000.0,4.0,10005283,0.0,"09:31-11:30,13:01-15:00",510300C2305M04000,10005283
2023-03-23,XSHG,510300.XSHG,300ETF购5月4100,510300.XSHG,1.0,2023-05-24,2023-05-24,C,E,Option,10000.0,4.1,10005284,0.0,"09:31-11:30,13:01-15:00",510300C2305M04100,10005284
2023-03-23,XSHG,510300.XSHG,300ETF购5月4200,510300.XSHG,1.0,2023-05-24,2023-05-24,C,E,Option,10000.0,4.2,10005285,0.0,"09:31-11:30,13:01-15:00",510300C2305M04200,10005285
2023-03-23,XSHG,510300.XSHG,300ETF购5月4300,510300.XSHG,1.0,2023-05-24,2023-05-24,C,E,Option,10000.0,4.3,10005286,0.0,"09:31-11:30,13:01-15:00",510300C2305M04300,10005286
2023-03-23,XSHG,510300.XSHG,300ETF购5月4400,510300.XSHG,1.0,2023-05-24,2023-05-24,C,E,Option,10000.0,4.4,10005287,0.0,"09:31-11:30,13:01-15:00",510300C2305M04400,10005287
2023-03-23,XSHG,510300.XSHG,300ETF沽5月3600,510300.XSHG,1.0,2023-05-24,2023-05-24,P,E,Option,10000.0,3.6,10005288,0.0,"09:31-11:30,13:01-15:00",510300P2305M03600,10005288
2023-03-23,XSHG,510300.XSHG,300ETF沽5月3700,510300.XSHG,1.0,2023-05-24,2023-05-24,P,E,Option,10000.0,3.7,10005289,0.0,"09:31-11:30,13:01-15:00",510300P2305M03700,10005289
2023-03-23,XSHG,510300.XSHG,300ETF沽5月3800,510300.XSHG,1.0,2023-05-24,2023-05-24,P,E,Option,10000.0,3.8,10005290,0.0,"09:31-11:30,13:01-15:00",510300P2305M03800,10005290
2023-03-23,XSHG,510300.XSHG,300ETF沽5月3900,510300.XSHG,1.0,2023-05-24,2023-05-24,P,E,Option,10000.0,3.9,10005291,0.0,"09:31-11:30,13:01-15:00",510300P2305M03900,10005291
2023-03-23,XSHG,510300.XSHG,300ETF沽5月4000,510300.XSHG,1.0,2023-05-24,2023-05-24,P,E,Option,10000.0,4.0,10005292,0.0,"09:31-11:30,13:01-15:00",510300P2305M04000,10005292
2023-03-23,XSHG,510300.XSHG,300ETF沽5月4100,510300.XSHG,1.0,2023-05-24,2023-05-24,P,E,Option,10000.0,4.1,10005293,0.0,"09:31-11:30,13:01-15:00",510300P2305M04100,10005293
2023-03-23,XSHG,510300.XSHG,300ETF沽5月4200,510300.XSHG,1.0,2023-05-24,2023-05-24,P,E,Option,10000.0,4.2,10005294,0.0,"09:31-11:30,13:01-15:00",510300P2305M04200,10005294
2023-03-23,XSHG,510300.XSHG,300ETF沽5月4300,510300.XSHG,1.0,2023-05-24,2023-05-24,P,E,Option,10000.0,4.3,10005295,0.0,"09:31-11:30,13:01-15:00",510300P2305M04300,10005295
2023-03-23,XSHG,510300.XSHG,300ETF沽5月4400,510300.XSHG,1.0,2023-05-24,2023-05-24,P,E,Option,10000.0,4.4,10005296,0.0,"09:31-11:30,13:01-15:00",510300P2305M04400,10005296
2023-04-03,XSHG,510300.XSHG,300ETF购5月4500,510300.XSHG,1.0,2023-05-24,2023-05-24,C,E,Option,10000.0,4.5,10005315,0.0,"09:31-11:30,13:01-15:00",510300C2305M04500,10005315
2023-04-03,XSHG,510300.XSHG,300ETF沽5月4500,510300.XSHG,1.0,2023-05-24,2023-05-24,P,E,Option,10000.0,4.5,10005316,0.0,"09:31-11:30,13:01-15:00",510300P2305M04500,10005316
2023-04-19,XSHG,510300.XSHG,300ETF购4月4600,510300.XSHG,1.0,2023-04-26,2023-04-26,C,E,Option,10000.0,4.6,10005323,0.0,"09:31-11:30,13:01-15:00",510300C2304M04600,10005323
2023-04-19,XSHG,510300.XSHG,300ETF沽4月4600,510300.XSHG,1.0,2023-04-26,2023-04-26,P,E,Option,10000.0,4.6,10005324,0.0,"09:31-11:30,13:01-15:00",510300P2304M04600,10005324
2023-04-19,XSHG,510300.XSHG,300ETF购5月4600,510300.XSHG,1.0,2023-05-24,2023-05-24,C,E,Option,10000.0,4.6,10005325,0.0,"09:31-11:30,13:01-15:00",510300C2305M04600,10005325
2023-04-19,XSHG,510300.XSHG,300ETF沽5月4600,510300.XSHG,1.0,2023-05-24,2023-05-24,P,E,Option,10000.0,4.6,10005326,0.0,"09:31-11:30,13:01-15:00",510300P2305M04600,10005326
2023-04-27,XSHG,510300.XSHG,300ETF购12月3600,510300.XSHG,1.0,2023-12-27,2023-12-27,C,E,Option,10000.0,3.6,10005347,0.0,"09:31-11:30,13:01-15:00",510300C2312M03600,10005347
2023-04-27,XSHG,510300.XSHG,300ETF购12月3700,510300.XSHG,1.0,2023-12-27,2023-12-27,C,E,Option,10000.0,3.7,10005348,0.0,"09:31-11:30,13:01-15:00",510300C2312M03700,10005348
2023-04-27,XSHG,510300.XSHG,300ETF购12月3800,510300.XSHG,1.0,2023-12-27,2023-12-27,C,E,Option,10000.0,3.8,10005349,0.0,"09:31-11:30,13:01-15:00",510300C2312M03800,10005349
2023-04-27,XSHG,510300.XSHG,300ETF购12月3900,510300.XSHG,1.0,2023-12-27,2023-12-27,C,E,Option,10000.0,3.9,10005350,0.0,"09:31-11:30,13:01-15:00",510300C2312M03900,10005350
2023-04-27,XSHG,510300.XSHG,300ETF购12月4000,510300.XSHG,1.0,2023-12-27,2023-12-27,C,E,Option,10000.0,4.0,10005351,0.0,"09:31-11:30,13:01-15:00",510300C2312M04000,10005351
2023-04-27,XSHG,510300.XSHG,300ETF购12月4100,510300.XSHG,1.0,2023-12-27,2023-12-27,C,E,Option,10000.0,4.1,10005352,0.0,"09:31-11:30,13:01-15:00",510300C2312M04100,10005352
2023-04-27,XSHG,510300.XSHG,300ETF购12月4200,510300.XSHG,1.0,2023-12-27,2023-12-27,C,E,Option,10000.0,4.2,10005353,0.0,"09:31-11:30,13:01-15:00",510300C2312M04200,10005353
2023-04-27,XSHG,510300.XSHG,300ETF购12月4300,510300.XSHG,1.0,2023-12-27,2023-12-27,C,E,Option,10000.0,4.3,10005354,0.0,"09:31-11:30,13:01-15:00",510300C2312M04300,10005354
2023-04-27,XSHG,510300.XSHG,300ETF购12月4400,510300.XSHG,1.0,2023-12-27,2023-12-27,C,E,Option,10000.0,4.4,10005355,0.0,"09:31-11:30,13:01-15:00",510300C2312M04400,10005355
2023-04-27,XSHG,510300.XSHG,300ETF沽12月3600,510300.XSHG,1.0,2023-12-27,2023-12-27,P,E,Option,10000.0,3.6,10005356,0.0,"09:31-11:30,13:01-15:00",510300P2312M03600,10005356
2023-04-27,XSHG,510300.XSHG,300ETF沽12月3700,510300.XSHG,1.0,2023-12-27,2023-12-27,P,E,Option,10000.0,3.7,10005357,0.0,"09:31-11:30,13:01-15:00",510300P2312M03700,10005357
2023-04-27,XSHG,510300.XSHG,300ETF沽12月3800,510300.XSHG,1.0,2023-12-27,2023-12-27,P,E,Option,10000.0,3.8,10005358,0.0,"09:31-11:30,13:01-15:00",510300P2312M03800,10005358
2023-04-27,XSHG,510300.XSHG,300ETF沽12月3900,510300.XSHG,1.0,2023-12-27,2023-12-27,P,E,Option,10000.0,3.9,10005359,0.0,"09:31-11:30,13:01-15:00",510300P2312M03900,10005359
2023-04-27,XSHG,510300.XSHG,300ETF沽12月4000,510300.XSHG,1.0,2023-12-27,2023-12-27,P,E,Option,10000.0,4.0,10005360,0.0,"09:31-11:30,13:01-15:00",510300P2312M04000,10005360
2023-04-27,XSHG,510300.XSHG,300ETF沽12月4100,510300.XSHG,1.0,2023-12-27,2023-12-27,P,E,Option,10000.0,4.1,10005361,0.0,"09:31-11:30,13:01-15:00",510300P2312M04100,10005361
2023-04-27,XSHG,510300.XSHG,300ETF沽12月4200,510300.XSHG,1.0,2023-12-27,2023-12-27,P,E,Option,10000.0,4.2,10005362,0.0,"09:31-11:30,13:01-15:00",510300P2312M04200,10005362
2023-04-27,XSHG,510300.XSHG,300ETF沽12月4300,510300.XSHG,1.0,2023-12-27,2023-12-27,P,E,Option,10000.0,4.3,10005363,0.0,"09:31-11:30,13:01-15:00",510300P2312M04300,10005363
2023-04-27,XSHG,510300.XSHG,300ETF沽12月4400,510300.XSHG,1.0,2023-12-27,2023-12-27,P,E,Option,10000.0,4.4,10005364,0.0,"09:31-11:30,13:01-15:00",510300P2312M04400,10005364
2023-05-09,XSHG,510300.XSHG,300ETF购12月4500,510300.XSHG,1.0,2023-12-27,2023-12-27,C,E,Option,10000.0,4.5,10005387,0.0,"09:31-11:30,13:01-15:00",510300C2312M04500,10005387
2023-05-09,XSHG,510300.XSHG,300ETF沽12月4500,510300.XSHG,1.0,2023-12-27,2023-12-27,P,E,Option,10000.0,4.5,10005388,0.0,"09:31-11:30,13:01-15:00",510300P2312M04500,10005388
2023-05-15,XSHG,510300.XSHG,300ETF购5月3500,510300.XSHG,1.0,2023-05-24,2023-05-24,C,E,Option,10000.0,3.5,10005389,0.0,"09:31-11:30,13:01-15:00",510300C2305M03500,10005389
2023-05-15,XSHG,510300.XSHG,300ETF沽5月3500,510300.XSHG,1.0,2023-05-24,2023-05-24,P,E,Option,10000.0,3.5,10005390,0.0,"09:31-11:30,13:01-15:00",510300P2305M03500,10005390
2023-05-15,XSHG,510300.XSHG,300ETF购12月3500,510300.XSHG,1.0,2023-12-27,2023-12-27,C,E,Option,10000.0,3.5,10005391,0.0,"09:31-11:30,13:01-15:00",510300C2312M03500,10005391
2023-05-15,XSHG,510300.XSHG,300ETF沽12月3500,510300.XSHG,1.0,2023-12-27,2023-12-27,P,E,Option,10000.0,3.5,10005392,0.0,"09:31-11:30,13:01-15:00",510300P2312M03500,10005392
2023-05-25,XSHG,510300.XSHG,300ETF购7月3500,510300.XSHG,1.0,2023-07-26,2023-07-26,C,E,Option,10000.0,3.5,10005417,0.0,"09:31-11:30,13:01-15:00",510300C2307M03500,10005417
2023-05-25,XSHG,510300.XSHG,300ETF购7月3600,510300.XSHG,1.0,2023-07-26,2023-07-26,C,E,Option,10000.0,3.6,10005418,0.0,"09:31-11:30,13:01-15:00",510300C2307M03600,10005418
2023-05-25,XSHG,510300.XSHG,300ETF购7月3700,510300.XSHG,1.0,2023-07-26,2023-07-26,C,E,Option,10000.0,3.7,10005419,0.0,"09:31-11:30,13:01-15:00",510300C2307M03700,10005419
2023-05-25,XSHG,510300.XSHG,300ETF购7月3800,510300.XSHG,1.0,2023-07-26,2023-07-26,C,E,Option,10000.0,3.8,10005420,0.0,"09:31-11:30,13:01-15:00",510300C2307M03800,10005420
2023-05-25,XSHG,510300.XSHG,300ETF购7月3900,510300.XSHG,1.0,2023-07-26,2023-07-26,C,E,Option,10000.0,3.9,10005421,0.0,"09:31-11:30,13:01-15:00",510300C2307M03900,10005421
2023-05-25,XSHG,510300.XSHG,300ETF购7月4000,510300.XSHG,1.0,2023-07-26,2023-07-26,C,E,Option,10000.0,4.0,10005422,0.0,"09:31-11:30,13:01-15:00",510300C2307M04000,10005422
2023-05-25,XSHG,510300.XSHG,300ETF购7月4100,510300.XSHG,1.0,2023-07-26,2023-07-26,C,E,Option,10000.0,4.1,10005423,0.0,"09:31-11:30,13:01-15:00",510300C2307M04100,10005423
2023-05-25,XSHG,510300.XSHG,300ETF购7月4200,510300.XSHG,1.0,2023-07-26,2023-07-26,C,E,Option,10000.0,4.2,10005424,0.0,"09:31-11:30,13:01-15:00",510300C2307M04200,10005424
2023-05-25,XSHG,510300.XSHG,300ETF购7月4300,510300.XSHG,1.0,2023-07-26,2023-07-26,C,E,Option,10000.0,4.3,10005425,0.0,"09:31-11:30,13:01-15:00",510300C2307M04300,10005425
2023-05-25,XSHG,510300.XSHG,300ETF沽7月3500,510300.XSHG,1.0,2023-07-26,2023-07-26,P,E,Option,10000.0,3.5,10005426,0.0,"09:31-11:30,13:01-15:00",510300P2307M03500,10005426
2023-05-25,XSHG,510300.XSHG,300ETF沽7月3600,510300.XSHG,1.0,2023-07-26,2023-07-26,P,E,Option,10000.0,3.6,10005427,0.0,"09:31-11:30,13:01-15:00",510300P2307M03600,10005427
2023-05-25,XSHG,510300.XSHG,300ETF沽7月3700,510300.XSHG,1.0,2023-07-26,2023-07-26,P,E,Option,10000.0,3.7,10005428,0.0,"09:31-11:30,13:01-15:00",510300P2307M03700,10005428
2023-05-25,XSHG,510300.XSHG,300ETF沽7月3800,510300.XSHG,1.0,2023-07-26,2023-07-26,P,E,Option,10000.0,3.8,10005429,0.0,"09:31-11:30,13:01-15:00",510300P2307M03800,10005429
2023-05-25,XSHG,510300.XSHG,300ETF沽7月3900,510300.XSHG,1.0,2023-07-26,2023-07-26,P,E,Option,10000.0,3.9,10005430,0.0,"09:31-11:30,13:01-15:00",510300P2307M03900,10005430
2023-05-25,XSHG,510300.XSHG,300ETF沽7月4000,510300.XSHG,1.0,2023-07-26,2023-07-26,P,E,Option,10000.0,4.0,10005431,0.0,"09:31-11:30,13:01-15:00",510300P2307M04000,10005431
2023-05-25,XSHG,510300.XSHG,300ETF沽7月4100,510300.XSHG,1.0,2023-07-26,2023-07-26,P,E,Option,10000.0,4.1,10005432,0.0,"09:31-11:30,13:01-15:00",510300P2307M04100,10005432
2023-05-25,XSHG,510300.XSHG,300ETF沽7月4200,510300.XSHG,1.0,2023-07-26,2023-07-26,P,E,Option,10000.0,4.2,10005433,0.0,"09:31-11:30,13:01-15:00",510300P2307M04200,10005433
2023-05-25,XSHG,510300.XSHG,300ETF沽7月4300,510300.XSHG,1.0,2023-07-26,2023-07-26,P,E,Option,10000.0,4.3,10005434,0.0,"09:31-11:30,13:01-15:00",510300P2307M04300,10005434
2023-05-26,XSHG,510300.XSHG,300ETF购6月3400,510300.XSHG,1.0,2023-06-28,2023-06-28,C,E,Option,10000.0,3.4,10005461,0.0,"09:31-11:30,13:01-15:00",510300C2306M03400,10005461
2023-05-26,XSHG,510300.XSHG,300ETF沽6月3400,510300.XSHG,1.0,2023-06-28,2023-06-28,P,E,Option,10000.0,3.4,10005462,0.0,"09:31-11:30,13:01-15:00",510300P2306M03400,10005462
2023-05-26,XSHG,510300.XSHG,300ETF购7月3400,510300.XSHG,1.0,2023-07-26,2023-07-26,C,E,Option,10000.0,3.4,10005463,0.0,"09:31-11:30,13:01-15:00",510300C2307M03400,10005463
2023-05-26,XSHG,510300.XSHG,300ETF沽7月3400,510300.XSHG,1.0,2023-07-26,2023-07-26,P,E,Option,10000.0,3.4,10005464,0.0,"09:31-11:30,13:01-15:00",510300P2307M03400,10005464
2023-05-26,XSHG,510300.XSHG,300ETF购9月3400,510300.XSHG,1.0,2023-09-27,2023-09-27,C,E,Option,10000.0,3.4,10005465,0.0,"09:31-11:30,13:01-15:00",510300C2309M03400,10005465
2023-05-26,XSHG,510300.XSHG,300ETF沽9月3400,510300.XSHG,1.0,2023-09-27,2023-09-27,P,E,Option,10000.0,3.4,10005466,0.0,"09:31-11:30,13:01-15:00",510300P2309M03400,10005466
2023-05-26,XSHG,510300.XSHG,300ETF购12月3400,510300.XSHG,1.0,2023-12-27,2023-12-27,C,E,Option,10000.0,3.4,10005467,0.0,"09:31-11:30,13:01-15:00",510300C2312M03400,10005467
2023-05-26,XSHG,510300.XSHG,300ETF沽12月3400,510300.XSHG,1.0,2023-12-27,2023-12-27,P,E,Option,10000.0,3.4,10005468,0.0,"09:31-11:30,13:01-15:00",510300P2312M03400,10005468
2023-06-19,XSHG,510300.XSHG,300ETF购7月4400,510300.XSHG,1.0,2023-07-26,2023-07-26,C,E,Option,10000.0,4.4,10005641,0.0,"09:31-11:30,13:01-15:00",510300C2307M04400,10005641
2023-06-19,XSHG,510300.XSHG,300ETF沽7月4400,510300.XSHG,1.0,2023-07-26,2023-07-26,P,E,Option,10000.0,4.4,10005642,0.0,"09:31-11:30,13:01-15:00",510300P2307M04400,10005642
2023-06-29,XSHG,510300.XSHG,300ETF购8月3500,510300.XSHG,1.0,2023-08-23,2023-08-23,C,E,Option,10000.0,3.5,10005661,0.0,"09:31-11:30,13:01-15:00",510300C2308M03500,10005661
2023-06-29,XSHG,510300.XSHG,300ETF购8月3600,510300.XSHG,1.0,2023-08-23,2023-08-23,C,E,Option,10000.0,3.6,10005662,0.0,"09:31-11:30,13:01-15:00",510300C2308M03600,10005662
2023-06-29,XSHG,510300.XSHG,300ETF购8月3700,510300.XSHG,1.0,2023-08-23,2023-08-23,C,E,Option,10000.0,3.7,10005663,0.0,"09:31-11:30,13:01-15:00",510300C2308M03700,10005663
2023-06-29,XSHG,510300.XSHG,300ETF购8月3800,510300.XSHG,1.0,2023-08-23,2023-08-23,C,E,Option,10000.0,3.8,10005664,0.0,"09:31-11:30,13:01-15:00",510300C2308M03800,10005664
2023-06-29,XSHG,510300.XSHG,300ETF购8月3900,510300.XSHG,1.0,2023-08-23,2023-08-23,C,E,Option,10000.0,3.9,10005665,0.0,"09:31-11:30,13:01-15:00",510300C2308M03900,10005665
2023-06-29,XSHG,510300.XSHG,300ETF购8月4000,510300.XSHG,1.0,2023-08-23,2023-08-23,C,E,Option,10000.0,4.0,10005666,0.0,"09:31-11:30,13:01-15:00",510300C2308M04000,10005666
2023-06-29,XSHG,510300.XSHG,300ETF购8月4100,510300.XSHG,1.0,2023-08-23,2023-08-23,C,E,Option,10000.0,4.1,10005667,0.0,"09:31-11:30,13:01-15:00",510300C2308M04100,10005667
2023-06-29,XSHG,510300.XSHG,300ETF购8月4200,510300.XSHG,1.0,2023-08-23,2023-08-23,C,E,Option,10000.0,4.2,10005668,0.0,"09:31-11:30,13:01-15:00",510300C2308M04200,10005668
2023-06-29,XSHG,510300.XSHG,300ETF购8月4300,510300.XSHG,1.0,2023-08-23,2023-08-23,C,E,Option,10000.0,4.3,10005669,0.0,"09:31-11:30,13:01-15:00",510300C2308M04300,10005669
2023-06-29,XSHG,510300.XSHG,300ETF沽8月3500,510300.XSHG,1.0,2023-08-23,2023-08-23,P,E,Option,10000.0,3.5,10005670,0.0,"09:31-11:30,13:01-15:00",510300P2308M03500,10005670
2023-06-29,XSHG,510300.XSHG,300ETF沽8月3600,510300.XSHG,1.0,2023-08-23,2023-08-23,P,E,Option,10000.0,3.6,10005671,0.0,"09:31-11:30,13:01-15:00",510300P2308M03600,10005671
2023-06-29,XSHG,510300.XSHG,300ETF沽8月3700,510300.XSHG,1.0,2023-08-23,2023-08-23,P,E,Option,10000.0,3.7,10005672,0.0,"09:31-11:30,13:01-15:00",510300P2308M03700,10005672
2023-06-29,XSHG,510300.XSHG,300ETF沽8月3800,510300.XSHG,1.0,2023-08-23,2023-08-23,P,E,Option,10000.0,3.8,10005673,0.0,"09:31-11:30,13:01-15:00",510300P2308M03800,10005673
2023-06-29,XSHG,510300.XSHG,300ETF沽8月3900,510300.XSHG,1.0,2023-08-23,2023-08-23,P,E,Option,10000.0,3.9,10005674,0.0,"09:31-11:30,13:01-15:00",510300P2308M03900,10005674
2023-06-29,XSHG,510300.XSHG,300ETF沽8月4000,510300.XSHG,1.0,2023-08-23,2023-08-23,P,E,Option,10000.0,4.0,10005675,0.0,"09:31-11:30,13:01-15:00",510300P2308M04000,10005675
2023-06-29,XSHG,510300.XSHG,300ETF沽8月4100,510300.XSHG,1.0,2023-08-23,2023-08-23,P,E,Option,10000.0,4.1,10005676,0.0,"09:31-11:30,13:01-15:00",510300P2308M04100,10005676
2023-06-29,XSHG,510300.XSHG,300ETF沽8月4200,510300.XSHG,1.0,2023-08-23,2023-08-23,P,E,Option,10000.0,4.2,10005677,0.0,"09:31-11:30,13:01-15:00",510300P2308M04200,10005677
2023-06-29,XSHG,510300.XSHG,300ETF沽8月4300,510300.XSHG,1.0,2023-08-23,2023-08-23,P,E,Option,10000.0,4.3,10005678,0.0,"09:31-11:30,13:01-15:00",510300P2308M04300,10005678
2023-07-14,XSHG,510300.XSHG,300ETF购8月4400,510300.XSHG,1.0,2023-08-23,2023-08-23,C,E,Option,10000.0,4.4,10005745,0.0,"09:31-11:30,13:01-15:00",510300C2308M04400,10005745
2023-07-14,XSHG,510300.XSHG,300ETF沽8月4400,510300.XSHG,1.0,2023-08-23,2023-08-23,P,E,Option,10000.0,4.4,10005746,0.0,"09:31-11:30,13:01-15:00",510300P2308M04400,10005746
2023-07-27,XSHG,510300.XSHG,300ETF购3月3525A,510300.XSHG,1.0,2024-03-27,2024-03-27,C,E,Option,10214.0,3.525,10005783,0.0,"09:31-11:30,13:01-15:00",510300C2403A03600,10005783
2023-07-27,XSHG,510300.XSHG,300ETF购3月3622A,510300.XSHG,1.0,2024-03-27,2024-03-27,C,E,Option,10214.0,3.622,10005784,0.0,"09:31-11:30,13:01-15:00",510300C2403A03700,10005784
2023-07-27,XSHG,510300.XSHG,300ETF购3月3720A,510300.XSHG,1.0,2024-03-27,2024-03-27,C,E,Option,10214.0,3.72,10005785,0.0,"09:31-11:30,13:01-15:00",510300C2403A03800,10005785
2023-07-27,XSHG,510300.XSHG,300ETF购3月3818A,510300.XSHG,1.0,2024-03-27,2024-03-27,C,E,Option,10214.0,3.818,10005786,0.0,"09:31-11:30,13:01-15:00",510300C2403A03900,10005786
2023-07-27,XSHG,510300.XSHG,300ETF购3月3916A,510300.XSHG,1.0,2024-03-27,2024-03-27,C,E,Option,10214.0,3.916,10005787,0.0,"09:31-11:30,13:01-15:00",510300C2403A04000,10005787
2023-07-27,XSHG,510300.XSHG,300ETF购3月4014A,510300.XSHG,1.0,2024-03-27,2024-03-27,C,E,Option,10214.0,4.014,10005788,0.0,"09:31-11:30,13:01-15:00",510300C2403A04100,10005788
2023-07-27,XSHG,510300.XSHG,300ETF购3月4112A,510300.XSHG,1.0,2024-03-27,2024-03-27,C,E,Option,10214.0,4.112,10005789,0.0,"09:31-11:30,13:01-15:00",510300C2403A04200,10005789
2023-07-27,XSHG,510300.XSHG,300ETF购3月4210A,510300.XSHG,1.0,2024-03-27,2024-03-27,C,E,Option,10214.0,4.21,10005790,0.0,"09:31-11:30,13:01-15:00",510300C2403A04300,10005790
2023-07-27,XSHG,510300.XSHG,300ETF购3月4308A,510300.XSHG,1.0,2024-03-27,2024-03-27,C,E,Option,10214.0,4.308,10005791,0.0,"09:31-11:30,13:01-15:00",510300C2403A04400,10005791
2023-07-27,XSHG,510300.XSHG,300ETF沽3月3525A,510300.XSHG,1.0,2024-03-27,2024-03-27,P,E,Option,10214.0,3.525,10005792,0.0,"09:31-11:30,13:01-15:00",510300P2403A03600,10005792
2023-07-27,XSHG,510300.XSHG,300ETF沽3月3622A,510300.XSHG,1.0,2024-03-27,2024-03-27,P,E,Option,10214.0,3.622,10005793,0.0,"09:31-11:30,13:01-15:00",510300P2403A03700,10005793
2023-07-27,XSHG,510300.XSHG,300ETF沽3月3720A,510300.XSHG,1.0,2024-03-27,2024-03-27,P,E,Option,10214.0,3.72,10005794,0.0,"09:31-11:30,13:01-15:00",510300P2403A03800,10005794
2023-07-27,XSHG,510300.XSHG,300ETF沽3月3818A,510300.XSHG,1.0,2024-03-27,2024-03-27,P,E,Option,10214.0,3.818,10005795,0.0,"09:31-11:30,13:01-15:00",510300P2403A03900,10005795
2023-07-27,XSHG,510300.XSHG,300ETF沽3月3916A,510300.XSHG,1.0,2024-03-27,2024-03-27,P,E,Option,10214.0,3.916,10005796,0.0,"09:31-11:30,13:01-15:00",510300P2403A04000,10005796
2023-07-27,XSHG,510300.XSHG,300ETF沽3月4014A,510300.XSHG,1.0,2024-03-27,2024-03-27,P,E,Option,10214.0,4.014,10005797,0.0,"09:31-11:30,13:01-15:00",510300P2403A04100,10005797
2023-07-27,XSHG,510300.XSHG,300ETF沽3月4112A,510300.XSHG,1.0,2024-03-27,2024-03-27,P,E,Option,10214.0,4.112,10005798,0.0,"09:31-11:30,13:01-15:00",510300P2403A04200,10005798
2023-07-27,XSHG,510300.XSHG,300ETF沽3月4210A,510300.XSHG,1.0,2024-03-27,2024-03-27,P,E,Option,10214.0,4.21,10005799,0.0,"09:31-11:30,13:01-15:00",510300P2403A04300,10005799
2023-07-27,XSHG,510300.XSHG,300ETF沽3月4308A,510300.XSHG,1.0,2024-03-27,2024-03-27,P,E,Option,10214.0,4.308,10005800,0.0,"09:31-11:30,13:01-15:00",510300P2403A04400,10005800
2023-07-31,XSHG,510300.XSHG,300ETF购8月4500,510300.XSHG,1.0,2023-08-23,2023-08-23,C,E,Option,10000.0,4.5,10005865,0.0,"09:31-11:30,13:01-15:00",510300C2308M04500,10005865
2023-07-31,XSHG,510300.XSHG,300ETF沽8月4500,510300.XSHG,1.0,2023-08-23,2023-08-23,P,E,Option,10000.0,4.5,10005866,0.0,"09:31-11:30,13:01-15:00",510300P2308M04500,10005866
2023-07-31,XSHG,510300.XSHG,300ETF购3月4406A,510300.XSHG,1.0,2024-03-27,2024-03-27,C,E,Option,10214.0,4.406,10005867,0.0,"09:31-11:30,13:01-15:00",510300C2403A04500,10005867
2023-07-31,XSHG,510300.XSHG,300ETF沽3月4406A,510300.XSHG,1.0,2024-03-27,2024-03-27,P,E,Option,10214.0,4.406,10005868,0.0,"09:31-11:30,13:01-15:00",510300P2403A04500,10005868
2023-08-15,XSHG,510300.XSHG,300ETF购3月3427A,510300.XSHG,1.0,2024-03-27,2024-03-27,C,E,Option,10214.0,3.427,10005875,0.0,"09:31-11:30,13:01-15:00",510300C2403A03500,10005875
2023-08-15,XSHG,510300.XSHG,300ETF沽3月3427A,510300.XSHG,1.0,2024-03-27,2024-03-27,P,E,Option,10214.0,3.427,10005876,0.0,"09:31-11:30,13:01-15:00",510300P2403A03500,10005876
2023-08-22,XSHG,510300.XSHG,300ETF购8月3400,510300.XSHG,1.0,2023-08-23,2023-08-23,C,E,Option,10000.0,3.4,10005895,0.0,"09:31-11:30,13:01-15:00",510300C2308M03400,10005895
2023-08-22,XSHG,510300.XSHG,300ETF沽8月3400,510300.XSHG,1.0,2023-08-23,2023-08-23,P,E,Option,10000.0,3.4,10005896,0.0,"09:31-11:30,13:01-15:00",510300P2308M03400,10005896
2023-08-22,XSHG,510300.XSHG,300ETF购3月3329A,510300.XSHG,1.0,2024-03-27,2024-03-27,C,E,Option,10214.0,3.329,10005897,0.0,"09:31-11:30,13:01-15:00",510300C2403A03400,10005897
2023-08-22,XSHG,510300.XSHG,300ETF沽3月3329A,510300.XSHG,1.0,2024-03-27,2024-03-27,P,E,Option,10214.0,3.329,10005898,0.0,"09:31-11:30,13:01-15:00",510300P2403A03400,10005898
2023-08-24,XSHG,510300.XSHG,300ETF购10月3400,510300.XSHG,1.0,2023-10-25,2023-10-25,C,E,Option,10000.0,3.4,10005931,0.0,"09:31-11:30,13:01-15:00",510300C2310M03400,10005931
2023-08-24,XSHG,510300.XSHG,300ETF购10月3500,510300.XSHG,1.0,2023-10-25,2023-10-25,C,E,Option,10000.0,3.5,10005932,0.0,"09:31-11:30,13:01-15:00",510300C2310M03500,10005932
2023-08-24,XSHG,510300.XSHG,300ETF购10月3600,510300.XSHG,1.0,2023-10-25,2023-10-25,C,E,Option,10000.0,3.6,10005933,0.0,"09:31-11:30,13:01-15:00",510300C2310M03600,10005933
2023-08-24,XSHG,510300.XSHG,300ETF购10月3700,510300.XSHG,1.0,2023-10-25,2023-10-25,C,E,Option,10000.0,3.7,10005934,0.0,"09:31-11:30,13:01-15:00",510300C2310M03700,10005934
2023-08-24,XSHG,510300.XSHG,300ETF购10月3800,510300.XSHG,1.0,2023-10-25,2023-10-25,C,E,Option,10000.0,3.8,10005935,0.0,"09:31-11:30,13:01-15:00",510300C2310M03800,10005935
2023-08-24,XSHG,510300.XSHG,300ETF购10月3900,510300.XSHG,1.0,2023-10-25,2023-10-25,C,E,Option,10000.0,3.9,10005936,0.0,"09:31-11:30,13:01-15:00",510300C2310M03900,10005936
2023-08-24,XSHG,510300.XSHG,300ETF购10月4000,510300.XSHG,1.0,2023-10-25,2023-10-25,C,E,Option,10000.0,4.0,10005937,0.0,"09:31-11:30,13:01-15:00",510300C2310M04000,10005937
2023-08-24,XSHG,510300.XSHG,300ETF购10月4100,510300.XSHG,1.0,2023-10-25,2023-10-25,C,E,Option,10000.0,4.1,10005938,0.0,"09:31-11:30,13:01-15:00",510300C2310M04100,10005938
2023-08-24,XSHG,510300.XSHG,300ETF购10月4200,510300.XSHG,1.0,2023-10-25,2023-10-25,C,E,Option,10000.0,4.2,10005939,0.0,"09:31-11:30,13:01-15:00",510300C2310M04200,10005939
2023-08-24,XSHG,510300.XSHG,300ETF沽10月3400,510300.XSHG,1.0,2023-10-25,2023-10-25,P,E,Option,10000.0,3.4,10005940,0.0,"09:31-11:30,13:01-15:00",510300P2310M03400,10005940
2023-08-24,XSHG,510300.XSHG,300ETF沽10月3500,510300.XSHG,1.0,2023-10-25,2023-10-25,P,E,Option,10000.0,3.5,10005941,0.0,"09:31-11:30,13:01-15:00",510300P2310M03500,10005941
2023-08-24,XSHG,510300.XSHG,300ETF沽10月3600,510300.XSHG,1.0,2023-10-25,2023-10-25,P,E,Option,10000.0,3.6,10005942,0.0,"09:31-11:30,13:01-15:00",510300P2310M03600,10005942
2023-08-24,XSHG,510300.XSHG,300ETF沽10月3700,510300.XSHG,1.0,2023-10-25,2023-10-25,P,E,Option,10000.0,3.7,10005943,0.0,"09:31-11:30,13:01-15:00",510300P2310M03700,10005943
2023-08-24,XSHG,510300.XSHG,300ETF沽10月3800,510300.XSHG,1.0,2023-10-25,2023-10-25,P,E,Option,10000.0,3.8,10005944,0.0,"09:31-11:30,13:01-15:00",510300P2310M03800,10005944
2023-08-24,XSHG,510300.XSHG,300ETF沽10月3900,510300.XSHG,1.0,2023-10-25,2023-10-25,P,E,Option,10000.0,3.9,10005945,0.0,"09:31-11:30,13:01-15:00",510300P2310M03900,10005945
2023-08-24,XSHG,510300.XSHG,300ETF沽10月4000,510300.XSHG,1.0,2023-10-25,2023-10-25,P,E,Option,10000.0,4.0,10005946,0.0,"09:31-11:30,13:01-15:00",510300P2310M04000,10005946
2023-08-24,XSHG,510300.XSHG,300ETF沽10月4100,510300.XSHG,1.0,2023-10-25,2023-10-25,P,E,Option,10000.0,4.1,10005947,0.0,"09:31-11:30,13:01-15:00",510300P2310M04100,10005947
2023-08-24,XSHG,510300.XSHG,300ETF沽10月4200,510300.XSHG,1.0,2023-10-25,2023-10-25,P,E,Option,10000.0,4.2,10005948,0.0,"09:31-11:30,13:01-15:00",510300P2310M04200,10005948
2023-08-30,XSHG,510300.XSHG,300ETF购10月4300,510300.XSHG,1.0,2023-10-25,2023-10-25,C,E,Option,10000.0,4.3,10006007,0.0,"09:31-11:30,13:01-15:00",510300C2310M04300,10006007
2023-08-30,XSHG,510300.XSHG,300ETF沽10月4300,510300.XSHG,1.0,2023-10-25,2023-10-25,P,E,Option,10000.0,4.3,10006008,0.0,"09:31-11:30,13:01-15:00",510300P2310M04300,10006008
2023-09-22,XSHG,510300.XSHG,300ETF购9月3300,510300.XSHG,1.0,2023-09-27,2023-09-27,C,E,Option,10000.0,3.3,10006017,0.0,"09:31-11:30,13:01-15:00",510300C2309M03300,10006017
2023-09-22,XSHG,510300.XSHG,300ETF沽9月3300,510300.XSHG,1.0,2023-09-27,2023-09-27,P,E,Option,10000.0,3.3,10006018,0.0,"09:31-11:30,13:01-15:00",510300P2309M03300,10006018
2023-09-22,XSHG,510300.XSHG,300ETF购10月3300,510300.XSHG,1.0,2023-10-25,2023-10-25,C,E,Option,10000.0,3.3,10006019,0.0,"09:31-11:30,13:01-15:00",510300C2310M03300,10006019
2023-09-22,XSHG,510300.XSHG,300ETF沽10月3300,510300.XSHG,1.0,2023-10-25,2023-10-25,P,E,Option,10000.0,3.3,10006020,0.0,"09:31-11:30,13:01-15:00",510300P2310M03300,10006020
2023-09-22,XSHG,510300.XSHG,300ETF购12月3300,510300.XSHG,1.0,2023-12-27,2023-12-27,C,E,Option,10000.0,3.3,10006021,0.0,"09:31-11:30,13:01-15:00",510300C2312M03300,10006021
2023-09-22,XSHG,510300.XSHG,300ETF沽12月3300,510300.XSHG,1.0,2023-12-27,2023-12-27,P,E,Option,10000.0,3.3,10006022,0.0,"09:31-11:30,13:01-15:00",510300P2312M03300,10006022
2023-09-22,XSHG,510300.XSHG,300ETF购3月3231A,510300.XSHG,1.0,2024-03-27,2024-03-27,C,E,Option,10214.0,3.231,10006023,0.0,"09:31-11:30,13:01-15:00",510300C2403A03300,10006023
2023-09-22,XSHG,510300.XSHG,300ETF沽3月3231A,510300.XSHG,1.0,2024-03-27,2024-03-27,P,E,Option,10214.0,3.231,10006024,0.0,"09:31-11:30,13:01-15:00",510300P2403A03300,10006024
2023-09-28,XSHG,510300.XSHG,300ETF购11月3400,510300.XSHG,1.0,2023-11-22,2023-11-22,C,E,Option,10000.0,3.4,10006043,0.0,"09:31-11:30,13:01-15:00",510300C2311M03400,10006043
2023-09-28,XSHG,510300.XSHG,300ETF购11月3500,510300.XSHG,1.0,2023-11-22,2023-11-22,C,E,Option,10000.0,3.5,10006044,0.0,"09:31-11:30,13:01-15:00",510300C2311M03500,10006044
2023-09-28,XSHG,510300.XSHG,300ETF购11月3600,510300.XSHG,1.0,2023-11-22,2023-11-22,C,E,Option,10000.0,3.6,10006045,0.0,"09:31-11:30,13:01-15:00",510300C2311M03600,10006045
2023-09-28,XSHG,510300.XSHG,300ETF购11月3700,510300.XSHG,1.0,2023-11-22,2023-11-22,C,E,Option,10000.0,3.7,10006046,0.0,"09:31-11:30,13:01-15:00",510300C2311M03700,10006046
2023-09-28,XSHG,510300.XSHG,300ETF购11月3800,510300.XSHG,1.0,2023-11-22,2023-11-22,C,E,Option,10000.0,3.8,10006047,0.0,"09:31-11:30,13:01-15:00",510300C2311M03800,10006047
2023-09-28,XSHG,510300.XSHG,300ETF购11月3900,510300.XSHG,1.0,2023-11-22,2023-11-22,C,E,Option,10000.0,3.9,10006048,0.0,"09:31-11:30,13:01-15:00",510300C2311M03900,10006048
2023-09-28,XSHG,510300.XSHG,300ETF购11月4000,510300.XSHG,1.0,2023-11-22,2023-11-22,C,E,Option,10000.0,4.0,10006049,0.0,"09:31-11:30,13:01-15:00",510300C2311M04000,10006049
2023-09-28,XSHG,510300.XSHG,300ETF购11月4100,510300.XSHG,1.0,2023-11-22,2023-11-22,C,E,Option,10000.0,4.1,10006050,0.0,"09:31-11:30,13:01-15:00",510300C2311M04100,10006050
2023-09-28,XSHG,510300.XSHG,300ETF购11月4200,510300.XSHG,1.0,2023-11-22,2023-11-22,C,E,Option,10000.0,4.2,10006051,0.0,"09:31-11:30,13:01-15:00",510300C2311M04200,10006051
2023-09-28,XSHG,510300.XSHG,300ETF沽11月3400,510300.XSHG,1.0,2023-11-22,2023-11-22,P,E,Option,10000.0,3.4,10006052,0.0,"09:31-11:30,13:01-15:00",510300P2311M03400,10006052
2023-09-28,XSHG,510300.XSHG,300ETF沽11月3500,510300.XSHG,1.0,2023-11-22,2023-11-22,P,E,Option,10000.0,3.5,10006053,0.0,"09:31-11:30,13:01-15:00",510300P2311M03500,10006053
2023-09-28,XSHG,510300.XSHG,300ETF沽11月3600,510300.XSHG,1.0,2023-11-22,2023-11-22,P,E,Option,10000.0,3.6,10006054,0.0,"09:31-11:30,13:01-15:00",510300P2311M03600,10006054
2023-09-28,XSHG,510300.XSHG,300ETF沽11月3700,510300.XSHG,1.0,2023-11-22,2023-11-22,P,E,Option,10000.0,3.7,10006055,0.0,"09:31-11:30,13:01-15:00",510300P2311M03700,10006055
2023-09-28,XSHG,510300.XSHG,300ETF沽11月3800,510300.XSHG,1.0,2023-11-22,2023-11-22,P,E,Option,10000.0,3.8,10006056,0.0,"09:31-11:30,13:01-15:00",510300P2311M03800,10006056
2023-09-28,XSHG,510300.XSHG,300ETF沽11月3900,510300.XSHG,1.0,2023-11-22,2023-11-22,P,E,Option,10000.0,3.9,10006057,0.0,"09:31-11:30,13:01-15:00",510300P2311M03900,10006057
2023-09-28,XSHG,510300.XSHG,300ETF沽11月4000,510300.XSHG,1.0,2023-11-22,2023-11-22,P,E,Option,10000.0,4.0,10006058,0.0,"09:31-11:30,13:01-15:00",510300P2311M04000,10006058
2023-09-28,XSHG,510300.XSHG,300ETF沽11月4100,510300.XSHG,1.0,2023-11-22,2023-11-22,P,E,Option,10000.0,4.1,10006059,0.0,"09:31-11:30,13:01-15:00",510300P2311M04100,10006059
2023-09-28,XSHG,510300.XSHG,300ETF沽11月4200,510300.XSHG,1.0,2023-11-22,2023-11-22,P,E,Option,10000.0,4.2,10006060,0.0,"09:31-11:30,13:01-15:00",510300P2311M04200,10006060
2023-10-11,XSHG,510300.XSHG,300ETF购11月3300,510300.XSHG,1.0,2023-11-22,2023-11-22,C,E,Option,10000.0,3.3,10006117,0.0,"09:31-11:30,13:01-15:00",510300C2311M03300,10006117
2023-10-11,XSHG,510300.XSHG,300ETF沽11月3300,510300.XSHG,1.0,2023-11-22,2023-11-22,P,E,Option,10000.0,3.3,10006118,0.0,"09:31-11:30,13:01-15:00",510300P2311M03300,10006118
2023-10-20,XSHG,510300.XSHG,300ETF购10月3200,510300.XSHG,1.0,2023-10-25,2023-10-25,C,E,Option,10000.0,3.2,10006135,0.0,"09:31-11:30,13:01-15:00",510300C2310M03200,10006135
2023-10-20,XSHG,510300.XSHG,300ETF沽10月3200,510300.XSHG,1.0,2023-10-25,2023-10-25,P,E,Option,10000.0,3.2,10006136,0.0,"09:31-11:30,13:01-15:00",510300P2310M03200,10006136
2023-10-20,XSHG,510300.XSHG,300ETF购11月3200,510300.XSHG,1.0,2023-11-22,2023-11-22,C,E,Option,10000.0,3.2,10006137,0.0,"09:31-11:30,13:01-15:00",510300C2311M03200,10006137
2023-10-20,XSHG,510300.XSHG,300ETF沽11月3200,510300.XSHG,1.0,2023-11-22,2023-11-22,P,E,Option,10000.0,3.2,10006138,0.0,"09:31-11:30,13:01-15:00",510300P2311M03200,10006138
2023-10-20,XSHG,510300.XSHG,300ETF购12月3200,510300.XSHG,1.0,2023-12-27,2023-12-27,C,E,Option,10000.0,3.2,10006139,0.0,"09:31-11:30,13:01-15:00",510300C2312M03200,10006139
2023-10-20,XSHG,510300.XSHG,300ETF沽12月3200,510300.XSHG,1.0,2023-12-27,2023-12-27,P,E,Option,10000.0,3.2,10006140,0.0,"09:31-11:30,13:01-15:00",510300P2312M03200,10006140
2023-10-20,XSHG,510300.XSHG,300ETF购3月3133A,510300.XSHG,1.0,2024-03-27,2024-03-27,C,E,Option,10214.0,3.133,10006141,0.0,"09:31-11:30,13:01-15:00",510300C2403A03200,10006141
2023-10-20,XSHG,510300.XSHG,300ETF沽3月3133A,510300.XSHG,1.0,2024-03-27,2024-03-27,P,E,Option,10214.0,3.133,10006142,0.0,"09:31-11:30,13:01-15:00",510300P2403A03200,10006142
2023-10-24,XSHG,510300.XSHG,300ETF购10月3100,510300.XSHG,1.0,2023-10-25,2023-10-25,C,E,Option,10000.0,3.1,10006151,0.0,"09:31-11:30,13:01-15:00",510300C2310M03100,10006151
2023-10-24,XSHG,510300.XSHG,300ETF沽10月3100,510300.XSHG,1.0,2023-10-25,2023-10-25,P,E,Option,10000.0,3.1,10006152,0.0,"09:31-11:30,13:01-15:00",510300P2310M03100,10006152
2023-10-24,XSHG,510300.XSHG,300ETF购11月3100,510300.XSHG,1.0,2023-11-22,2023-11-22,C,E,Option,10000.0,3.1,10006153,0.0,"09:31-11:30,13:01-15:00",510300C2311M03100,10006153
2023-10-24,XSHG,510300.XSHG,300ETF沽11月3100,510300.XSHG,1.0,2023-11-22,2023-11-22,P,E,Option,10000.0,3.1,10006154,0.0,"09:31-11:30,13:01-15:00",510300P2311M03100,10006154
2023-10-24,XSHG,510300.XSHG,300ETF购12月3100,510300.XSHG,1.0,2023-12-27,2023-12-27,C,E,Option,10000.0,3.1,10006155,0.0,"09:31-11:30,13:01-15:00",510300C2312M03100,10006155
2023-10-24,XSHG,510300.XSHG,300ETF沽12月3100,510300.XSHG,1.0,2023-12-27,2023-12-27,P,E,Option,10000.0,3.1,10006156,0.0,"09:31-11:30,13:01-15:00",510300P2312M03100,10006156
2023-10-24,XSHG,510300.XSHG,300ETF购3月3035A,510300.XSHG,1.0,2024-03-27,2024-03-27,C,E,Option,10214.0,3.035,10006157,0.0,"09:31-11:30,13:01-15:00",510300C2403A03100,10006157
2023-10-24,XSHG,510300.XSHG,300ETF沽3月3035A,510300.XSHG,1.0,2024-03-27,2024-03-27,P,E,Option,10214.0,3.035,10006158,0.0,"09:31-11:30,13:01-15:00",510300P2403A03100,10006158
2023-10-26,XSHG,510300.XSHG,300ETF购6月3133A,510300.XSHG,1.0,2024-06-26,2024-06-26,C,E,Option,10214.0,3.133,10006185,0.0,"09:31-11:30,13:01-15:00",510300C2406A03200,10006185
2023-10-26,XSHG,510300.XSHG,300ETF购6月3231A,510300.XSHG,1.0,2024-06-26,2024-06-26,C,E,Option,10214.0,3.231,10006186,0.0,"09:31-11:30,13:01-15:00",510300C2406A03300,10006186
2023-10-26,XSHG,510300.XSHG,300ETF购6月3329A,510300.XSHG,1.0,2024-06-26,2024-06-26,C,E,Option,10214.0,3.329,10006187,0.0,"09:31-11:30,13:01-15:00",510300C2406A03400,10006187
2023-10-26,XSHG,510300.XSHG,300ETF购6月3427A,510300.XSHG,1.0,2024-06-26,2024-06-26,C,E,Option,10214.0,3.427,10006188,0.0,"09:31-11:30,13:01-15:00",510300C2406A03500,10006188
2023-10-26,XSHG,510300.XSHG,300ETF购6月3525A,510300.XSHG,1.0,2024-06-26,2024-06-26,C,E,Option,10214.0,3.525,10006189,0.0,"09:31-11:30,13:01-15:00",510300C2406A03600,10006189
2023-10-26,XSHG,510300.XSHG,300ETF购6月3622A,510300.XSHG,1.0,2024-06-26,2024-06-26,C,E,Option,10214.0,3.622,10006190,0.0,"09:31-11:30,13:01-15:00",510300C2406A03700,10006190
2023-10-26,XSHG,510300.XSHG,300ETF购6月3720A,510300.XSHG,1.0,2024-06-26,2024-06-26,C,E,Option,10214.0,3.72,10006191,0.0,"09:31-11:30,13:01-15:00",510300C2406A03800,10006191
2023-10-26,XSHG,510300.XSHG,300ETF购6月3818A,510300.XSHG,1.0,2024-06-26,2024-06-26,C,E,Option,10214.0,3.818,10006192,0.0,"09:31-11:30,13:01-15:00",510300C2406A03900,10006192
2023-10-26,XSHG,510300.XSHG,300ETF购6月3916A,510300.XSHG,1.0,2024-06-26,2024-06-26,C,E,Option,10214.0,3.916,10006193,0.0,"09:31-11:30,13:01-15:00",510300C2406A04000,10006193
2023-10-26,XSHG,510300.XSHG,300ETF沽6月3133A,510300.XSHG,1.0,2024-06-26,2024-06-26,P,E,Option,10214.0,3.133,10006194,0.0,"09:31-11:30,13:01-15:00",510300P2406A03200,10006194
2023-10-26,XSHG,510300.XSHG,300ETF沽6月3231A,510300.XSHG,1.0,2024-06-26,2024-06-26,P,E,Option,10214.0,3.231,10006195,0.0,"09:31-11:30,13:01-15:00",510300P2406A03300,10006195
2023-10-26,XSHG,510300.XSHG,300ETF沽6月3329A,510300.XSHG,1.0,2024-06-26,2024-06-26,P,E,Option,10214.0,3.329,10006196,0.0,"09:31-11:30,13:01-15:00",510300P2406A03400,10006196
2023-10-26,XSHG,510300.XSHG,300ETF沽6月3427A,510300.XSHG,1.0,2024-06-26,2024-06-26,P,E,Option,10214.0,3.427,10006197,0.0,"09:31-11:30,13:01-15:00",510300P2406A03500,10006197
2023-10-26,XSHG,510300.XSHG,300ETF沽6月3525A,510300.XSHG,1.0,2024-06-26,2024-06-26,P,E,Option,10214.0,3.525,10006198,0.0,"09:31-11:30,13:01-15:00",510300P2406A03600,10006198
2023-10-26,XSHG,510300.XSHG,300ETF沽6月3622A,510300.XSHG,1.0,2024-06-26,2024-06-26,P,E,Option,10214.0,3.622,10006199,0.0,"09:31-11:30,13:01-15:00",510300P2406A03700,10006199
2023-10-26,XSHG,510300.XSHG,300ETF沽6月3720A,510300.XSHG,1.0,2024-06-26,2024-06-26,P,E,Option,10214.0,3.72,10006200,0.0,"09:31-11:30,13:01-15:00",510300P2406A03800,10006200
2023-10-26,XSHG,510300.XSHG,300ETF沽6月3818A,510300.XSHG,1.0,2024-06-26,2024-06-26,P,E,Option,10214.0,3.818,10006201,0.0,"09:31-11:30,13:01-15:00",510300P2406A03900,10006201
2023-10-26,XSHG,510300.XSHG,300ETF沽6月3916A,510300.XSHG,1.0,2024-06-26,2024-06-26,P,E,Option,10214.0,3.916,10006202,0.0,"09:31-11:30,13:01-15:00",510300P2406A04000,10006202
2023-10-31,XSHG,510300.XSHG,300ETF购6月4014A,510300.XSHG,1.0,2024-06-26,2024-06-26,C,E,Option,10214.0,4.014,10006261,0.0,"09:31-11:30,13:01-15:00",510300C2406A04100,10006261
2023-10-31,XSHG,510300.XSHG,300ETF沽6月4014A,510300.XSHG,1.0,2024-06-26,2024-06-26,P,E,Option,10214.0,4.014,10006262,0.0,"09:31-11:30,13:01-15:00",510300P2406A04100,10006262
2023-11-23,XSHG,510300.XSHG,300ETF购1月3133A,510300.XSHG,1.0,2024-01-24,2024-01-24,C,E,Option,10214.0,3.133,10006291,0.0,"09:31-11:30,13:01-15:00",510300C2401A03200,10006291
2023-11-23,XSHG,510300.XSHG,300ETF购1月3231A,510300.XSHG,1.0,2024-01-24,2024-01-24,C,E,Option,10214.0,3.231,10006292,0.0,"09:31-11:30,13:01-15:00",510300C2401A03300,10006292
2023-11-23,XSHG,510300.XSHG,300ETF购1月3329A,510300.XSHG,1.0,2024-01-24,2024-01-24,C,E,Option,10214.0,3.329,10006293,0.0,"09:31-11:30,13:01-15:00",510300C2401A03400,10006293
2023-11-23,XSHG,510300.XSHG,300ETF购1月3427A,510300.XSHG,1.0,2024-01-24,2024-01-24,C,E,Option,10214.0,3.427,10006294,0.0,"09:31-11:30,13:01-15:00",510300C2401A03500,10006294
2023-11-23,XSHG,510300.XSHG,300ETF购1月3525A,510300.XSHG,1.0,2024-01-24,2024-01-24,C,E,Option,10214.0,3.525,10006295,0.0,"09:31-11:30,13:01-15:00",510300C2401A03600,10006295
2023-11-23,XSHG,510300.XSHG,300ETF购1月3622A,510300.XSHG,1.0,2024-01-24,2024-01-24,C,E,Option,10214.0,3.622,10006296,0.0,"09:31-11:30,13:01-15:00",510300C2401A03700,10006296
2023-11-23,XSHG,510300.XSHG,300ETF购1月3720A,510300.XSHG,1.0,2024-01-24,2024-01-24,C,E,Option,10214.0,3.72,10006297,0.0,"09:31-11:30,13:01-15:00",510300C2401A03800,10006297
2023-11-23,XSHG,510300.XSHG,300ETF购1月3818A,510300.XSHG,1.0,2024-01-24,2024-01-24,C,E,Option,10214.0,3.818,10006298,0.0,"09:31-11:30,13:01-15:00",510300C2401A03900,10006298
2023-11-23,XSHG,510300.XSHG,300ETF购1月3916A,510300.XSHG,1.0,2024-01-24,2024-01-24,C,E,Option,10214.0,3.916,10006299,0.0,"09:31-11:30,13:01-15:00",510300C2401A04000,10006299
2023-11-23,XSHG,510300.XSHG,300ETF沽1月3133A,510300.XSHG,1.0,2024-01-24,2024-01-24,P,E,Option,10214.0,3.133,10006300,0.0,"09:31-11:30,13:01-15:00",510300P2401A03200,10006300
2023-11-23,XSHG,510300.XSHG,300ETF沽1月3231A,510300.XSHG,1.0,2024-01-24,2024-01-24,P,E,Option,10214.0,3.231,10006301,0.0,"09:31-11:30,13:01-15:00",510300P2401A03300,10006301
2023-11-23,XSHG,510300.XSHG,300ETF沽1月3329A,510300.XSHG,1.0,2024-01-24,2024-01-24,P,E,Option,10214.0,3.329,10006302,0.0,"09:31-11:30,13:01-15:00",510300P2401A03400,10006302
2023-11-23,XSHG,510300.XSHG,300ETF沽1月3427A,510300.XSHG,1.0,2024-01-24,2024-01-24,P,E,Option,10214.0,3.427,10006303,0.0,"09:31-11:30,13:01-15:00",510300P2401A03500,10006303
2023-11-23,XSHG,510300.XSHG,300ETF沽1月3525A,510300.XSHG,1.0,2024-01-24,2024-01-24,P,E,Option,10214.0,3.525,10006304,0.0,"09:31-11:30,13:01-15:00",510300P2401A03600,10006304
2023-11-23,XSHG,510300.XSHG,300ETF沽1月3622A,510300.XSHG,1.0,2024-01-24,2024-01-24,P,E,Option,10214.0,3.622,10006305,0.0,"09:31-11:30,13:01-15:00",510300P2401A03700,10006305
2023-11-23,XSHG,510300.XSHG,300ETF沽1月3720A,510300.XSHG,1.0,2024-01-24,2024-01-24,P,E,Option,10214.0,3.72,10006306,0.0,"09:31-11:30,13:01-15:00",510300P2401A03800,10006306
2023-11-23,XSHG,510300.XSHG,300ETF沽1月3818A,510300.XSHG,1.0,2024-01-24,2024-01-24,P,E,Option,10214.0,3.818,10006307,0.0,"09:31-11:30,13:01-15:00",510300P2401A03900,10006307
2023-11-23,XSHG,510300.XSHG,300ETF沽1月3916A,510300.XSHG,1.0,2024-01-24,2024-01-24,P,E,Option,10214.0,3.916,10006308,0.0,"09:31-11:30,13:01-15:00",510300P2401A04000,10006308
2023-12-04,XSHG,510300.XSHG,300ETF购1月3035A,510300.XSHG,1.0,2024-01-24,2024-01-24,C,E,Option,10214.0,3.035,10006445,0.0,"09:31-11:30,13:01-15:00",510300C2401A03100,10006445
2023-12-04,XSHG,510300.XSHG,300ETF沽1月3035A,510300.XSHG,1.0,2024-01-24,2024-01-24,P,E,Option,10214.0,3.035,10006446,0.0,"09:31-11:30,13:01-15:00",510300P2401A03100,10006446
2023-12-04,XSHG,510300.XSHG,300ETF购6月3035A,510300.XSHG,1.0,2024-06-26,2024-06-26,C,E,Option,10214.0,3.035,10006447,0.0,"09:31-11:30,13:01-15:00",510300C2406A03100,10006447
2023-12-04,XSHG,510300.XSHG,300ETF沽6月3035A,510300.XSHG,1.0,2024-06-26,2024-06-26,P,E,Option,10214.0,3.035,10006448,0.0,"09:31-11:30,13:01-15:00",510300P2406A03100,10006448
2023-12-14,XSHG,510300.XSHG,300ETF购12月3000,510300.XSHG,1.0,2023-12-27,2023-12-27,C,E,Option,10000.0,3.0,10006469,0.0,"09:31-11:30,13:01-15:00",510300C2312M03000,10006469
2023-12-14,XSHG,510300.XSHG,300ETF沽12月3000,510300.XSHG,1.0,2023-12-27,2023-12-27,P,E,Option,10000.0,3.0,10006470,0.0,"09:31-11:30,13:01-15:00",510300P2312M03000,10006470
2023-12-14,XSHG,510300.XSHG,300ETF购1月2937A,510300.XSHG,1.0,2024-01-24,2024-01-24,C,E,Option,10214.0,2.937,10006471,0.0,"09:31-11:30,13:01-15:00",510300C2401A03000,10006471
2023-12-14,XSHG,510300.XSHG,300ETF沽1月2937A,510300.XSHG,1.0,2024-01-24,2024-01-24,P,E,Option,10214.0,2.937,10006472,0.0,"09:31-11:30,13:01-15:00",510300P2401A03000,10006472
2023-12-14,XSHG,510300.XSHG,300ETF购3月2937A,510300.XSHG,1.0,2024-03-27,2024-03-27,C,E,Option,10214.0,2.937,10006473,0.0,"09:31-11:30,13:01-15:00",510300C2403A03000,10006473
2023-12-14,XSHG,510300.XSHG,300ETF沽3月2937A,510300.XSHG,1.0,2024-03-27,2024-03-27,P,E,Option,10214.0,2.937,10006474,0.0,"09:31-11:30,13:01-15:00",510300P2403A03000,10006474
2023-12-14,XSHG,510300.XSHG,300ETF购6月2937A,510300.XSHG,1.0,2024-06-26,2024-06-26,C,E,Option,10214.0,2.937,10006475,0.0,"09:31-11:30,13:01-15:00",510300C2406A03000,10006475
2023-12-14,XSHG,510300.XSHG,300ETF沽6月2937A,510300.XSHG,1.0,2024-06-26,2024-06-26,P,E,Option,10214.0,2.937,10006476,0.0,"09:31-11:30,13:01-15:00",510300P2406A03000,10006476
2023-12-28,XSHG,510300.XSHG,300ETF购2月2937A,510300.XSHG,1.0,2024-02-28,2024-02-28,C,E,Option,10214.0,2.937,10006519,0.0,"09:31-11:30,13:01-15:00",510300C2402A03000,10006519
2023-12-28,XSHG,510300.XSHG,300ETF购2月3035A,510300.XSHG,1.0,2024-02-28,2024-02-28,C,E,Option,10214.0,3.035,10006520,0.0,"09:31-11:30,13:01-15:00",510300C2402A03100,10006520
2023-12-28,XSHG,510300.XSHG,300ETF购2月3133A,510300.XSHG,1.0,2024-02-28,2024-02-28,C,E,Option,10214.0,3.133,10006521,0.0,"09:31-11:30,13:01-15:00",510300C2402A03200,10006521
2023-12-28,XSHG,510300.XSHG,300ETF购2月3231A,510300.XSHG,1.0,2024-02-28,2024-02-28,C,E,Option,10214.0,3.231,10006522,0.0,"09:31-11:30,13:01-15:00",510300C2402A03300,10006522
2023-12-28,XSHG,510300.XSHG,300ETF购2月3329A,510300.XSHG,1.0,2024-02-28,2024-02-28,C,E,Option,10214.0,3.329,10006523,0.0,"09:31-11:30,13:01-15:00",510300C2402A03400,10006523
2023-12-28,XSHG,510300.XSHG,300ETF购2月3427A,510300.XSHG,1.0,2024-02-28,2024-02-28,C,E,Option,10214.0,3.427,10006524,0.0,"09:31-11:30,13:01-15:00",510300C2402A03500,10006524
2023-12-28,XSHG,510300.XSHG,300ETF购2月3525A,510300.XSHG,1.0,2024-02-28,2024-02-28,C,E,Option,10214.0,3.525,10006525,0.0,"09:31-11:30,13:01-15:00",510300C2402A03600,10006525
2023-12-28,XSHG,510300.XSHG,300ETF购2月3622A,510300.XSHG,1.0,2024-02-28,2024-02-28,C,E,Option,10214.0,3.622,10006526,0.0,"09:31-11:30,13:01-15:00",510300C2402A03700,10006526
2023-12-28,XSHG,510300.XSHG,300ETF购2月3720A,510300.XSHG,1.0,2024-02-28,2024-02-28,C,E,Option,10214.0,3.72,10006527,0.0,"09:31-11:30,13:01-15:00",510300C2402A03800,10006527
2023-12-28,XSHG,510300.XSHG,300ETF沽2月2937A,510300.XSHG,1.0,2024-02-28,2024-02-28,P,E,Option,10214.0,2.937,10006528,0.0,"09:31-11:30,13:01-15:00",510300P2402A03000,10006528
2023-12-28,XSHG,510300.XSHG,300ETF沽2月3035A,510300.XSHG,1.0,2024-02-28,2024-02-28,P,E,Option,10214.0,3.035,10006529,0.0,"09:31-11:30,13:01-15:00",510300P2402A03100,10006529
2023-12-28,XSHG,510300.XSHG,300ETF沽2月3133A,510300.XSHG,1.0,2024-02-28,2024-02-28,P,E,Option,10214.0,3.133,10006530,0.0,"09:31-11:30,13:01-15:00",510300P2402A03200,10006530
2023-12-28,XSHG,510300.XSHG,300ETF沽2月3231A,510300.XSHG,1.0,2024-02-28,2024-02-28,P,E,Option,10214.0,3.231,10006531,0.0,"09:31-11:30,13:01-15:00",510300P2402A03300,10006531
2023-12-28,XSHG,510300.XSHG,300ETF沽2月3329A,510300.XSHG,1.0,2024-02-28,2024-02-28,P,E,Option,10214.0,3.329,10006532,0.0,"09:31-11:30,13:01-15:00",510300P2402A03400,10006532
2023-12-28,XSHG,510300.XSHG,300ETF沽2月3427A,510300.XSHG,1.0,2024-02-28,2024-02-28,P,E,Option,10214.0,3.427,10006533,0.0,"09:31-11:30,13:01-15:00",510300P2402A03500,10006533
2023-12-28,XSHG,510300.XSHG,300ETF沽2月3525A,510300.XSHG,1.0,2024-02-28,2024-02-28,P,E,Option,10214.0,3.525,10006534,0.0,"09:31-11:30,13:01-15:00",510300P2402A03600,10006534
2023-12-28,XSHG,510300.XSHG,300ETF沽2月3622A,510300.XSHG,1.0,2024-02-28,2024-02-28,P,E,Option,10214.0,3.622,10006535,0.0,"09:31-11:30,13:01-15:00",510300P2402A03700,10006535
2023-12-28,XSHG,510300.XSHG,300ETF沽2月3720A,510300.XSHG,1.0,2024-02-28,2024-02-28,P,E,Option,10214.0,3.72,10006536,0.0,"09:31-11:30,13:01-15:00",510300P2402A03800,10006536
2023-12-29,XSHG,510300.XSHG,300ETF购2月3818A,510300.XSHG,1.0,2024-02-28,2024-02-28,C,E,Option,10214.0,3.818,10006593,0.0,"09:31-11:30,13:01-15:00",510300C2402A03900,10006593
2023-12-29,XSHG,510300.XSHG,300ETF沽2月3818A,510300.XSHG,1.0,2024-02-28,2024-02-28,P,E,Option,10214.0,3.818,10006594,0.0,"09:31-11:30,13:01-15:00",510300P2402A03900,10006594
2024-01-09,XSHG,510300.XSHG,300ETF购1月2888A,510300.XSHG,1.0,2024-01-24,2024-01-24,C,E,Option,10214.0,2.888,10006599,0.0,"09:31-11:30,13:01-15:00",510300C2401A02950,10006599
2024-01-09,XSHG,510300.XSHG,300ETF沽1月2888A,510300.XSHG,1.0,2024-01-24,2024-01-24,P,E,Option,10214.0,2.888,10006600,0.0,"09:31-11:30,13:01-15:00",510300P2401A02950,10006600
2024-01-09,XSHG,510300.XSHG,300ETF购2月2888A,510300.XSHG,1.0,2024-02-28,2024-02-28,C,E,Option,10214.0,2.888,10006601,0.0,"09:31-11:30,13:01-15:00",510300C2402A02950,10006601
2024-01-09,XSHG,510300.XSHG,300ETF沽2月2888A,510300.XSHG,1.0,2024-02-28,2024-02-28,P,E,Option,10214.0,2.888,10006602,0.0,"09:31-11:30,13:01-15:00",510300P2402A02950,10006602
2024-01-09,XSHG,510300.XSHG,300ETF购3月2888A,510300.XSHG,1.0,2024-03-27,2024-03-27,C,E,Option,10214.0,2.888,10006603,0.0,"09:31-11:30,13:01-15:00",510300C2403A02950,10006603
2024-01-09,XSHG,510300.XSHG,300ETF沽3月2888A,510300.XSHG,1.0,2024-03-27,2024-03-27,P,E,Option,10214.0,2.888,10006604,0.0,"09:31-11:30,13:01-15:00",510300P2403A02950,10006604
2024-01-09,XSHG,510300.XSHG,300ETF购6月2888A,510300.XSHG,1.0,2024-06-26,2024-06-26,C,E,Option,10214.0,2.888,10006605,0.0,"09:31-11:30,13:01-15:00",510300C2406A02950,10006605
2024-01-09,XSHG,510300.XSHG,300ETF沽6月2888A,510300.XSHG,1.0,2024-06-26,2024-06-26,P,E,Option,10214.0,2.888,10006606,0.0,"09:31-11:30,13:01-15:00",510300P2406A02950,10006606
2024-01-18,XSHG,510300.XSHG,300ETF购1月2900,510300.XSHG,1.0,2024-01-24,2024-01-24,C,E,Option,10000.0,2.9,10006633,0.0,"09:31-11:30,13:01-15:00",510300C2401M02900,10006633
2024-01-18,XSHG,510300.XSHG,300ETF购1月2950,510300.XSHG,1.0,2024-01-24,2024-01-24,C,E,Option,10000.0,2.95,10006634,0.0,"09:31-11:30,13:01-15:00",510300C2401M02950,10006634
2024-01-18,XSHG,510300.XSHG,300ETF购1月3000,510300.XSHG,1.0,2024-01-24,2024-01-24,C,E,Option,10000.0,3.0,10006635,0.0,"09:31-11:30,13:01-15:00",510300C2401M03000,10006635
2024-01-18,XSHG,510300.XSHG,300ETF购1月3100,510300.XSHG,1.0,2024-01-24,2024-01-24,C,E,Option,10000.0,3.1,10006636,0.0,"09:31-11:30,13:01-15:00",510300C2401M03100,10006636
2024-01-18,XSHG,510300.XSHG,300ETF购1月3200,510300.XSHG,1.0,2024-01-24,2024-01-24,C,E,Option,10000.0,3.2,10006637,0.0,"09:31-11:30,13:01-15:00",510300C2401M03200,10006637
2024-01-18,XSHG,510300.XSHG,300ETF购1月3300,510300.XSHG,1.0,2024-01-24,2024-01-24,C,E,Option,10000.0,3.3,10006638,0.0,"09:31-11:30,13:01-15:00",510300C2401M03300,10006638
2024-01-18,XSHG,510300.XSHG,300ETF购1月3400,510300.XSHG,1.0,2024-01-24,2024-01-24,C,E,Option,10000.0,3.4,10006639,0.0,"09:31-11:30,13:01-15:00",510300C2401M03400,10006639
2024-01-18,XSHG,510300.XSHG,300ETF购1月3500,510300.XSHG,1.0,2024-01-24,2024-01-24,C,E,Option,10000.0,3.5,10006640,0.0,"09:31-11:30,13:01-15:00",510300C2401M03500,10006640
2024-01-18,XSHG,510300.XSHG,300ETF购1月3600,510300.XSHG,1.0,2024-01-24,2024-01-24,C,E,Option,10000.0,3.6,10006641,0.0,"09:31-11:30,13:01-15:00",510300C2401M03600,10006641
2024-01-18,XSHG,510300.XSHG,300ETF沽1月2900,510300.XSHG,1.0,2024-01-24,2024-01-24,P,E,Option,10000.0,2.9,10006642,0.0,"09:31-11:30,13:01-15:00",510300P2401M02900,10006642
2024-01-18,XSHG,510300.XSHG,300ETF沽1月2950,510300.XSHG,1.0,2024-01-24,2024-01-24,P,E,Option,10000.0,2.95,10006643,0.0,"09:31-11:30,13:01-15:00",510300P2401M02950,10006643
2024-01-18,XSHG,510300.XSHG,300ETF沽1月3000,510300.XSHG,1.0,2024-01-24,2024-01-24,P,E,Option,10000.0,3.0,10006644,0.0,"09:31-11:30,13:01-15:00",510300P2401M03000,10006644
2024-01-18,XSHG,510300.XSHG,300ETF沽1月3100,510300.XSHG,1.0,2024-01-24,2024-01-24,P,E,Option,10000.0,3.1,10006645,0.0,"09:31-11:30,13:01-15:00",510300P2401M03100,10006645
2024-01-18,XSHG,510300.XSHG,300ETF沽1月3200,510300.XSHG,1.0,2024-01-24,2024-01-24,P,E,Option,10000.0,3.2,10006646,0.0,"09:31-11:30,13:01-15:00",510300P2401M03200,10006646
2024-01-18,XSHG,510300.XSHG,300ETF沽1月3300,510300.XSHG,1.0,2024-01-24,2024-01-24,P,E,Option,10000.0,3.3,10006647,0.0,"09:31-11:30,13:01-15:00",510300P2401M03300,10006647
2024-01-18,XSHG,510300.XSHG,300ETF沽1月3400,510300.XSHG,1.0,2024-01-24,2024-01-24,P,E,Option,10000.0,3.4,10006648,0.0,"09:31-11:30,13:01-15:00",510300P2401M03400,10006648
2024-01-18,XSHG,510300.XSHG,300ETF沽1月3500,510300.XSHG,1.0,2024-01-24,2024-01-24,P,E,Option,10000.0,3.5,10006649,0.0,"09:31-11:30,13:01-15:00",510300P2401M03500,10006649
2024-01-18,XSHG,510300.XSHG,300ETF沽1月3600,510300.XSHG,1.0,2024-01-24,2024-01-24,P,E,Option,10000.0,3.6,10006650,0.0,"09:31-11:30,13:01-15:00",510300P2401M03600,10006650
2024-01-18,XSHG,510300.XSHG,300ETF购2月2900,510300.XSHG,1.0,2024-02-28,2024-02-28,C,E,Option,10000.0,2.9,10006651,0.0,"09:31-11:30,13:01-15:00",510300C2402M02900,10006651
2024-01-18,XSHG,510300.XSHG,300ETF购2月2950,510300.XSHG,1.0,2024-02-28,2024-02-28,C,E,Option,10000.0,2.95,10006652,0.0,"09:31-11:30,13:01-15:00",510300C2402M02950,10006652
2024-01-18,XSHG,510300.XSHG,300ETF购2月3000,510300.XSHG,1.0,2024-02-28,2024-02-28,C,E,Option,10000.0,3.0,10006653,0.0,"09:31-11:30,13:01-15:00",510300C2402M03000,10006653
2024-01-18,XSHG,510300.XSHG,300ETF购2月3100,510300.XSHG,1.0,2024-02-28,2024-02-28,C,E,Option,10000.0,3.1,10006654,0.0,"09:31-11:30,13:01-15:00",510300C2402M03100,10006654
2024-01-18,XSHG,510300.XSHG,300ETF购2月3200,510300.XSHG,1.0,2024-02-28,2024-02-28,C,E,Option,10000.0,3.2,10006655,0.0,"09:31-11:30,13:01-15:00",510300C2402M03200,10006655
2024-01-18,XSHG,510300.XSHG,300ETF购2月3300,510300.XSHG,1.0,2024-02-28,2024-02-28,C,E,Option,10000.0,3.3,10006656,0.0,"09:31-11:30,13:01-15:00",510300C2402M03300,10006656
2024-01-18,XSHG,510300.XSHG,300ETF购2月3400,510300.XSHG,1.0,2024-02-28,2024-02-28,C,E,Option,10000.0,3.4,10006657,0.0,"09:31-11:30,13:01-15:00",510300C2402M03400,10006657
2024-01-18,XSHG,510300.XSHG,300ETF购2月3500,510300.XSHG,1.0,2024-02-28,2024-02-28,C,E,Option,10000.0,3.5,10006658,0.0,"09:31-11:30,13:01-15:00",510300C2402M03500,10006658
2024-01-18,XSHG,510300.XSHG,300ETF购2月3600,510300.XSHG,1.0,2024-02-28,2024-02-28,C,E,Option,10000.0,3.6,10006659,0.0,"09:31-11:30,13:01-15:00",510300C2402M03600,10006659
2024-01-18,XSHG,510300.XSHG,300ETF沽2月2900,510300.XSHG,1.0,2024-02-28,2024-02-28,P,E,Option,10000.0,2.9,10006660,0.0,"09:31-11:30,13:01-15:00",510300P2402M02900,10006660
2024-01-18,XSHG,510300.XSHG,300ETF沽2月2950,510300.XSHG,1.0,2024-02-28,2024-02-28,P,E,Option,10000.0,2.95,10006661,0.0,"09:31-11:30,13:01-15:00",510300P2402M02950,10006661
2024-01-18,XSHG,510300.XSHG,300ETF沽2月3000,510300.XSHG,1.0,2024-02-28,2024-02-28,P,E,Option,10000.0,3.0,10006662,0.0,"09:31-11:30,13:01-15:00",510300P2402M03000,10006662
2024-01-18,XSHG,510300.XSHG,300ETF沽2月3100,510300.XSHG,1.0,2024-02-28,2024-02-28,P,E,Option,10000.0,3.1,10006663,0.0,"09:31-11:30,13:01-15:00",510300P2402M03100,10006663
2024-01-18,XSHG,510300.XSHG,300ETF沽2月3200,510300.XSHG,1.0,2024-02-28,2024-02-28,P,E,Option,10000.0,3.2,10006664,0.0,"09:31-11:30,13:01-15:00",510300P2402M03200,10006664
2024-01-18,XSHG,510300.XSHG,300ETF沽2月3300,510300.XSHG,1.0,2024-02-28,2024-02-28,P,E,Option,10000.0,3.3,10006665,0.0,"09:31-11:30,13:01-15:00",510300P2402M03300,10006665
2024-01-18,XSHG,510300.XSHG,300ETF沽2月3400,510300.XSHG,1.0,2024-02-28,2024-02-28,P,E,Option,10000.0,3.4,10006666,0.0,"09:31-11:30,13:01-15:00",510300P2402M03400,10006666
2024-01-18,XSHG,510300.XSHG,300ETF沽2月3500,510300.XSHG,1.0,2024-02-28,2024-02-28,P,E,Option,10000.0,3.5,10006667,0.0,"09:31-11:30,13:01-15:00",510300P2402M03500,10006667
2024-01-18,XSHG,510300.XSHG,300ETF沽2月3600,510300.XSHG,1.0,2024-02-28,2024-02-28,P,E,Option,10000.0,3.6,10006668,0.0,"09:31-11:30,13:01-15:00",510300P2402M03600,10006668
2024-01-18,XSHG,510300.XSHG,300ETF购3月2900,510300.XSHG,1.0,2024-03-27,2024-03-27,C,E,Option,10000.0,2.9,10006669,0.0,"09:31-11:30,13:01-15:00",510300C2403M02900,10006669
2024-01-18,XSHG,510300.XSHG,300ETF购3月2950,510300.XSHG,1.0,2024-03-27,2024-03-27,C,E,Option,10000.0,2.95,10006670,0.0,"09:31-11:30,13:01-15:00",510300C2403M02950,10006670
2024-01-18,XSHG,510300.XSHG,300ETF购3月3000,510300.XSHG,1.0,2024-03-27,2024-03-27,C,E,Option,10000.0,3.0,10006671,0.0,"09:31-11:30,13:01-15:00",510300C2403M03000,10006671
2024-01-18,XSHG,510300.XSHG,300ETF购3月3100,510300.XSHG,1.0,2024-03-27,2024-03-27,C,E,Option,10000.0,3.1,10006672,0.0,"09:31-11:30,13:01-15:00",510300C2403M03100,10006672
2024-01-18,XSHG,510300.XSHG,300ETF购3月3200,510300.XSHG,1.0,2024-03-27,2024-03-27,C,E,Option,10000.0,3.2,10006673,0.0,"09:31-11:30,13:01-15:00",510300C2403M03200,10006673
2024-01-18,XSHG,510300.XSHG,300ETF购3月3300,510300.XSHG,1.0,2024-03-27,2024-03-27,C,E,Option,10000.0,3.3,10006674,0.0,"09:31-11:30,13:01-15:00",510300C2403M03300,10006674
2024-01-18,XSHG,510300.XSHG,300ETF购3月3400,510300.XSHG,1.0,2024-03-27,2024-03-27,C,E,Option,10000.0,3.4,10006675,0.0,"09:31-11:30,13:01-15:00",510300C2403M03400,10006675
2024-01-18,XSHG,510300.XSHG,300ETF购3月3500,510300.XSHG,1.0,2024-03-27,2024-03-27,C,E,Option,10000.0,3.5,10006676,0.0,"09:31-11:30,13:01-15:00",510300C2403M03500,10006676
2024-01-18,XSHG,510300.XSHG,300ETF购3月3600,510300.XSHG,1.0,2024-03-27,2024-03-27,C,E,Option,10000.0,3.6,10006677,0.0,"09:31-11:30,13:01-15:00",510300C2403M03600,10006677
2024-01-18,XSHG,510300.XSHG,300ETF沽3月2900,510300.XSHG,1.0,2024-03-27,2024-03-27,P,E,Option,10000.0,2.9,10006678,0.0,"09:31-11:30,13:01-15:00",510300P2403M02900,10006678
2024-01-18,XSHG,510300.XSHG,300ETF沽3月2950,510300.XSHG,1.0,2024-03-27,2024-03-27,P,E,Option,10000.0,2.95,10006679,0.0,"09:31-11:30,13:01-15:00",510300P2403M02950,10006679
2024-01-18,XSHG,510300.XSHG,300ETF沽3月3000,510300.XSHG,1.0,2024-03-27,2024-03-27,P,E,Option,10000.0,3.0,10006680,0.0,"09:31-11:30,13:01-15:00",510300P2403M03000,10006680
2024-01-18,XSHG,510300.XSHG,300ETF沽3月3100,510300.XSHG,1.0,2024-03-27,2024-03-27,P,E,Option,10000.0,3.1,10006681,0.0,"09:31-11:30,13:01-15:00",510300P2403M03100,10006681
2024-01-18,XSHG,510300.XSHG,300ETF沽3月3200,510300.XSHG,1.0,2024-03-27,2024-03-27,P,E,Option,10000.0,3.2,10006682,0.0,"09:31-11:30,13:01-15:00",510300P2403M03200,10006682
2024-01-18,XSHG,510300.XSHG,300ETF沽3月3300,510300.XSHG,1.0,2024-03-27,2024-03-27,P,E,Option,10000.0,3.3,10006683,0.0,"09:31-11:30,13:01-15:00",510300P2403M03300,10006683
2024-01-18,XSHG,510300.XSHG,300ETF沽3月3400,510300.XSHG,1.0,2024-03-27,2024-03-27,P,E,Option,10000.0,3.4,10006684,0.0,"09:31-11:30,13:01-15:00",510300P2403M03400,10006684
2024-01-18,XSHG,510300.XSHG,300ETF沽3月3500,510300.XSHG,1.0,2024-03-27,2024-03-27,P,E,Option,10000.0,3.5,10006685,0.0,"09:31-11:30,13:01-15:00",510300P2403M03500,10006685
2024-01-18,XSHG,510300.XSHG,300ETF沽3月3600,510300.XSHG,1.0,2024-03-27,2024-03-27,P,E,Option,10000.0,3.6,10006686,0.0,"09:31-11:30,13:01-15:00",510300P2403M03600,10006686
2024-01-18,XSHG,510300.XSHG,300ETF购6月2900,510300.XSHG,1.0,2024-06-26,2024-06-26,C,E,Option,10000.0,2.9,10006687,0.0,"09:31-11:30,13:01-15:00",510300C2406M02900,10006687
2024-01-18,XSHG,510300.XSHG,300ETF购6月2950,510300.XSHG,1.0,2024-06-26,2024-06-26,C,E,Option,10000.0,2.95,10006688,0.0,"09:31-11:30,13:01-15:00",510300C2406M02950,10006688
2024-01-18,XSHG,510300.XSHG,300ETF购6月3000,510300.XSHG,1.0,2024-06-26,2024-06-26,C,E,Option,10000.0,3.0,10006689,0.0,"09:31-11:30,13:01-15:00",510300C2406M03000,10006689
2024-01-18,XSHG,510300.XSHG,300ETF购6月3100,510300.XSHG,1.0,2024-06-26,2024-06-26,C,E,Option,10000.0,3.1,10006690,0.0,"09:31-11:30,13:01-15:00",510300C2406M03100,10006690
2024-01-18,XSHG,510300.XSHG,300ETF购6月3200,510300.XSHG,1.0,2024-06-26,2024-06-26,C,E,Option,10000.0,3.2,10006691,0.0,"09:31-11:30,13:01-15:00",510300C2406M03200,10006691
2024-01-18,XSHG,510300.XSHG,300ETF购6月3300,510300.XSHG,1.0,2024-06-26,2024-06-26,C,E,Option,10000.0,3.3,10006692,0.0,"09:31-11:30,13:01-15:00",510300C2406M03300,10006692
2024-01-18,XSHG,510300.XSHG,300ETF购6月3400,510300.XSHG,1.0,2024-06-26,2024-06-26,C,E,Option,10000.0,3.4,10006693,0.0,"09:31-11:30,13:01-15:00",510300C2406M03400,10006693
2024-01-18,XSHG,510300.XSHG,300ETF购6月3500,510300.XSHG,1.0,2024-06-26,2024-06-26,C,E,Option,10000.0,3.5,10006694,0.0,"09:31-11:30,13:01-15:00",510300C2406M03500,10006694
2024-01-18,XSHG,510300.XSHG,300ETF购6月3600,510300.XSHG,1.0,2024-06-26,2024-06-26,C,E,Option,10000.0,3.6,10006695,0.0,"09:31-11:30,13:01-15:00",510300C2406M03600,10006695
2024-01-18,XSHG,510300.XSHG,300ETF沽6月2900,510300.XSHG,1.0,2024-06-26,2024-06-26,P,E,Option,10000.0,2.9,10006696,0.0,"09:31-11:30,13:01-15:00",510300P2406M02900,10006696
2024-01-18,XSHG,510300.XSHG,300ETF沽6月2950,510300.XSHG,1.0,2024-06-26,2024-06-26,P,E,Option,10000.0,2.95,10006697,0.0,"09:31-11:30,13:01-15:00",510300P2406M02950,10006697
2024-01-18,XSHG,510300.XSHG,300ETF沽6月3000,510300.XSHG,1.0,2024-06-26,2024-06-26,P,E,Option,10000.0,3.0,10006698,0.0,"09:31-11:30,13:01-15:00",510300P2406M03000,10006698
2024-01-18,XSHG,510300.XSHG,300ETF沽6月3100,510300.XSHG,1.0,2024-06-26,2024-06-26,P,E,Option,10000.0,3.1,10006699,0.0,"09:31-11:30,13:01-15:00",510300P2406M03100,10006699
2024-01-18,XSHG,510300.XSHG,300ETF沽6月3200,510300.XSHG,1.0,2024-06-26,2024-06-26,P,E,Option,10000.0,3.2,10006700,0.0,"09:31-11:30,13:01-15:00",510300P2406M03200,10006700
2024-01-18,XSHG,510300.XSHG,300ETF沽6月3300,510300.XSHG,1.0,2024-06-26,2024-06-26,P,E,Option,10000.0,3.3,10006701,0.0,"09:31-11:30,13:01-15:00",510300P2406M03300,10006701
2024-01-18,XSHG,510300.XSHG,300ETF沽6月3400,510300.XSHG,1.0,2024-06-26,2024-06-26,P,E,Option,10000.0,3.4,10006702,0.0,"09:31-11:30,13:01-15:00",510300P2406M03400,10006702
2024-01-18,XSHG,510300.XSHG,300ETF沽6月3500,510300.XSHG,1.0,2024-06-26,2024-06-26,P,E,Option,10000.0,3.5,10006703,0.0,"09:31-11:30,13:01-15:00",510300P2406M03500,10006703
2024-01-18,XSHG,510300.XSHG,300ETF沽6月3600,510300.XSHG,1.0,2024-06-26,2024-06-26,P,E,Option,10000.0,3.6,10006704,0.0,"09:31-11:30,13:01-15:00",510300P2406M03600,10006704
2024-01-19,XSHG,510300.XSHG,300ETF购1月3700,510300.XSHG,1.0,2024-01-24,2024-01-24,C,E,Option,10000.0,3.7,10006705,0.0,"09:31-11:30,13:01-15:00",510300C2401M03700,10006705
2024-01-19,XSHG,510300.XSHG,300ETF沽1月3700,510300.XSHG,1.0,2024-01-24,2024-01-24,P,E,Option,10000.0,3.7,10006706,0.0,"09:31-11:30,13:01-15:00",510300P2401M03700,10006706
2024-01-19,XSHG,510300.XSHG,300ETF购2月3700,510300.XSHG,1.0,2024-02-28,2024-02-28,C,E,Option,10000.0,3.7,10006707,0.0,"09:31-11:30,13:01-15:00",510300C2402M03700,10006707
2024-01-19,XSHG,510300.XSHG,300ETF沽2月3700,510300.XSHG,1.0,2024-02-28,2024-02-28,P,E,Option,10000.0,3.7,10006708,0.0,"09:31-11:30,13:01-15:00",510300P2402M03700,10006708
2024-01-19,XSHG,510300.XSHG,300ETF购3月3700,510300.XSHG,1.0,2024-03-27,2024-03-27,C,E,Option,10000.0,3.7,10006709,0.0,"09:31-11:30,13:01-15:00",510300C2403M03700,10006709
2024-01-19,XSHG,510300.XSHG,300ETF沽3月3700,510300.XSHG,1.0,2024-03-27,2024-03-27,P,E,Option,10000.0,3.7,10006710,0.0,"09:31-11:30,13:01-15:00",510300P2403M03700,10006710
2024-01-19,XSHG,510300.XSHG,300ETF购6月3700,510300.XSHG,1.0,2024-06-26,2024-06-26,C,E,Option,10000.0,3.7,10006711,0.0,"09:31-11:30,13:01-15:00",510300C2406M03700,10006711
2024-01-19,XSHG,510300.XSHG,300ETF沽6月3700,510300.XSHG,1.0,2024-06-26,2024-06-26,P,E,Option,10000.0,3.7,10006712,0.0,"09:31-11:30,13:01-15:00",510300P2406M03700,10006712
2024-01-25,XSHG,510300.XSHG,300ETF购9月2950,510300.XSHG,1.0,2024-09-25,2024-09-25,C,E,Option,10000.0,2.95,10006747,0.0,"09:31-11:30,13:01-15:00",510300C2409M02950,10006747
2024-01-25,XSHG,510300.XSHG,300ETF购9月3000,510300.XSHG,1.0,2024-09-25,2024-09-25,C,E,Option,10000.0,3.0,10006748,0.0,"09:31-11:30,13:01-15:00",510300C2409M03000,10006748
2024-01-25,XSHG,510300.XSHG,300ETF购9月3100,510300.XSHG,1.0,2024-09-25,2024-09-25,C,E,Option,10000.0,3.1,10006749,0.0,"09:31-11:30,13:01-15:00",510300C2409M03100,10006749
2024-01-25,XSHG,510300.XSHG,300ETF购9月3200,510300.XSHG,1.0,2024-09-25,2024-09-25,C,E,Option,10000.0,3.2,10006750,0.0,"09:31-11:30,13:01-15:00",510300C2409M03200,10006750
2024-01-25,XSHG,510300.XSHG,300ETF购9月3300,510300.XSHG,1.0,2024-09-25,2024-09-25,C,E,Option,10000.0,3.3,10006751,0.0,"09:31-11:30,13:01-15:00",510300C2409M03300,10006751
2024-01-25,XSHG,510300.XSHG,300ETF购9月3400,510300.XSHG,1.0,2024-09-25,2024-09-25,C,E,Option,10000.0,3.4,10006752,0.0,"09:31-11:30,13:01-15:00",510300C2409M03400,10006752
2024-01-25,XSHG,510300.XSHG,300ETF购9月3500,510300.XSHG,1.0,2024-09-25,2024-09-25,C,E,Option,10000.0,3.5,10006753,0.0,"09:31-11:30,13:01-15:00",510300C2409M03500,10006753
2024-01-25,XSHG,510300.XSHG,300ETF购9月3600,510300.XSHG,1.0,2024-09-25,2024-09-25,C,E,Option,10000.0,3.6,10006754,0.0,"09:31-11:30,13:01-15:00",510300C2409M03600,10006754
2024-01-25,XSHG,510300.XSHG,300ETF购9月3700,510300.XSHG,1.0,2024-09-25,2024-09-25,C,E,Option,10000.0,3.7,10006755,0.0,"09:31-11:30,13:01-15:00",510300C2409M03700,10006755
2024-01-25,XSHG,510300.XSHG,300ETF沽9月2950,510300.XSHG,1.0,2024-09-25,2024-09-25,P,E,Option,10000.0,2.95,10006756,0.0,"09:31-11:30,13:01-15:00",510300P2409M02950,10006756
2024-01-25,XSHG,510300.XSHG,300ETF沽9月3000,510300.XSHG,1.0,2024-09-25,2024-09-25,P,E,Option,10000.0,3.0,10006757,0.0,"09:31-11:30,13:01-15:00",510300P2409M03000,10006757
2024-01-25,XSHG,510300.XSHG,300ETF沽9月3100,510300.XSHG,1.0,2024-09-25,2024-09-25,P,E,Option,10000.0,3.1,10006758,0.0,"09:31-11:30,13:01-15:00",510300P2409M03100,10006758
2024-01-25,XSHG,510300.XSHG,300ETF沽9月3200,510300.XSHG,1.0,2024-09-25,2024-09-25,P,E,Option,10000.0,3.2,10006759,0.0,"09:31-11:30,13:01-15:00",510300P2409M03200,10006759
2024-01-25,XSHG,510300.XSHG,300ETF沽9月3300,510300.XSHG,1.0,2024-09-25,2024-09-25,P,E,Option,10000.0,3.3,10006760,0.0,"09:31-11:30,13:01-15:00",510300P2409M03300,10006760
2024-01-25,XSHG,510300.XSHG,300ETF沽9月3400,510300.XSHG,1.0,2024-09-25,2024-09-25,P,E,Option,10000.0,3.4,10006761,0.0,"09:31-11:30,13:01-15:00",510300P2409M03400,10006761
2024-01-25,XSHG,510300.XSHG,300ETF沽9月3500,510300.XSHG,1.0,2024-09-25,2024-09-25,P,E,Option,10000.0,3.5,10006762,0.0,"09:31-11:30,13:01-15:00",510300P2409M03500,10006762
2024-01-25,XSHG,510300.XSHG,300ETF沽9月3600,510300.XSHG,1.0,2024-09-25,2024-09-25,P,E,Option,10000.0,3.6,10006763,0.0,"09:31-11:30,13:01-15:00",510300P2409M03600,10006763
2024-01-25,XSHG,510300.XSHG,300ETF沽9月3700,510300.XSHG,1.0,2024-09-25,2024-09-25,P,E,Option,10000.0,3.7,10006764,0.0,"09:31-11:30,13:01-15:00",510300P2409M03700,10006764
2024-01-31,XSHG,510300.XSHG,300ETF购9月2900,510300.XSHG,1.0,2024-09-25,2024-09-25,C,E,Option,10000.0,2.9,10006833,0.0,"09:31-11:30,13:01-15:00",510300C2409M02900,10006833
2024-01-31,XSHG,510300.XSHG,300ETF沽9月2900,510300.XSHG,1.0,2024-09-25,2024-09-25,P,E,Option,10000.0,2.9,10006834,0.0,"09:31-11:30,13:01-15:00",510300P2409M02900,10006834
2024-02-19,XSHG,510300.XSHG,300ETF购2月3800,510300.XSHG,1.0,2024-02-28,2024-02-28,C,E,Option,10000.0,3.8,10006891,0.0,"09:31-11:30,13:01-15:00",510300C2402M03800,10006891
2024-02-19,XSHG,510300.XSHG,300ETF沽2月3800,510300.XSHG,1.0,2024-02-28,2024-02-28,P,E,Option,10000.0,3.8,10006892,0.0,"09:31-11:30,13:01-15:00",510300P2402M03800,10006892
2024-02-19,XSHG,510300.XSHG,300ETF购3月3800,510300.XSHG,1.0,2024-03-27,2024-03-27,C,E,Option,10000.0,3.8,10006893,0.0,"09:31-11:30,13:01-15:00",510300C2403M03800,10006893
2024-02-19,XSHG,510300.XSHG,300ETF沽3月3800,510300.XSHG,1.0,2024-03-27,2024-03-27,P,E,Option,10000.0,3.8,10006894,0.0,"09:31-11:30,13:01-15:00",510300P2403M03800,10006894
2024-02-19,XSHG,510300.XSHG,300ETF购6月3800,510300.XSHG,1.0,2024-06-26,2024-06-26,C,E,Option,10000.0,3.8,10006895,0.0,"09:31-11:30,13:01-15:00",510300C2406M03800,10006895
2024-02-19,XSHG,510300.XSHG,300ETF沽6月3800,510300.XSHG,1.0,2024-06-26,2024-06-26,P,E,Option,10000.0,3.8,10006896,0.0,"09:31-11:30,13:01-15:00",510300P2406M03800,10006896
2024-02-19,XSHG,510300.XSHG,300ETF购9月3800,510300.XSHG,1.0,2024-09-25,2024-09-25,C,E,Option,10000.0,3.8,10006897,0.0,"09:31-11:30,13:01-15:00",510300C2409M03800,10006897
2024-02-19,XSHG,510300.XSHG,300ETF沽9月3800,510300.XSHG,1.0,2024-09-25,2024-09-25,P,E,Option,10000.0,3.8,10006898,0.0,"09:31-11:30,13:01-15:00",510300P2409M03800,10006898
2024-02-23,XSHG,510300.XSHG,300ETF购2月3900,510300.XSHG,1.0,2024-02-28,2024-02-28,C,E,Option,10000.0,3.9,10006903,0.0,"09:31-11:30,13:01-15:00",510300C2402M03900,10006903
2024-02-23,XSHG,510300.XSHG,300ETF沽2月3900,510300.XSHG,1.0,2024-02-28,2024-02-28,P,E,Option,10000.0,3.9,10006904,0.0,"09:31-11:30,13:01-15:00",510300P2402M03900,10006904
2024-02-23,XSHG,510300.XSHG,300ETF购3月3900,510300.XSHG,1.0,2024-03-27,2024-03-27,C,E,Option,10000.0,3.9,10006905,0.0,"09:31-11:30,13:01-15:00",510300C2403M03900,10006905
2024-02-23,XSHG,510300.XSHG,300ETF沽3月3900,510300.XSHG,1.0,2024-03-27,2024-03-27,P,E,Option,10000.0,3.9,10006906,0.0,"09:31-11:30,13:01-15:00",510300P2403M03900,10006906
2024-02-23,XSHG,510300.XSHG,300ETF购6月3900,510300.XSHG,1.0,2024-06-26,2024-06-26,C,E,Option,10000.0,3.9,10006907,0.0,"09:31-11:30,13:01-15:00",510300C2406M03900,10006907
2024-02-23,XSHG,510300.XSHG,300ETF沽6月3900,510300.XSHG,1.0,2024-06-26,2024-06-26,P,E,Option,10000.0,3.9,10006908,0.0,"09:31-11:30,13:01-15:00",510300P2406M03900,10006908
2024-02-23,XSHG,510300.XSHG,300ETF购9月3900,510300.XSHG,1.0,2024-09-25,2024-09-25,C,E,Option,10000.0,3.9,10006909,0.0,"09:31-11:30,13:01-15:00",510300C2409M03900,10006909
2024-02-23,XSHG,510300.XSHG,300ETF沽9月3900,510300.XSHG,1.0,2024-09-25,2024-09-25,P,E,Option,10000.0,3.9,10006910,0.0,"09:31-11:30,13:01-15:00",510300P2409M03900,10006910
2024-02-29,XSHG,510300.XSHG,300ETF购4月3000,510300.XSHG,1.0,2024-04-24,2024-04-24,C,E,Option,10000.0,3.0,10006933,0.0,"09:31-11:30,13:01-15:00",510300C2404M03000,10006933
2024-02-29,XSHG,510300.XSHG,300ETF购4月3100,510300.XSHG,1.0,2024-04-24,2024-04-24,C,E,Option,10000.0,3.1,10006934,0.0,"09:31-11:30,13:01-15:00",510300C2404M03100,10006934
2024-02-29,XSHG,510300.XSHG,300ETF购4月3200,510300.XSHG,1.0,2024-04-24,2024-04-24,C,E,Option,10000.0,3.2,10006935,0.0,"09:31-11:30,13:01-15:00",510300C2404M03200,10006935
2024-02-29,XSHG,510300.XSHG,300ETF购4月3300,510300.XSHG,1.0,2024-04-24,2024-04-24,C,E,Option,10000.0,3.3,10006936,0.0,"09:31-11:30,13:01-15:00",510300C2404M03300,10006936
2024-02-29,XSHG,510300.XSHG,300ETF购4月3400,510300.XSHG,1.0,2024-04-24,2024-04-24,C,E,Option,10000.0,3.4,10006937,0.0,"09:31-11:30,13:01-15:00",510300C2404M03400,10006937
2024-02-29,XSHG,510300.XSHG,300ETF购4月3500,510300.XSHG,1.0,2024-04-24,2024-04-24,C,E,Option,10000.0,3.5,10006938,0.0,"09:31-11:30,13:01-15:00",510300C2404M03500,10006938
2024-02-29,XSHG,510300.XSHG,300ETF购4月3600,510300.XSHG,1.0,2024-04-24,2024-04-24,C,E,Option,10000.0,3.6,10006939,0.0,"09:31-11:30,13:01-15:00",510300C2404M03600,10006939
2024-02-29,XSHG,510300.XSHG,300ETF购4月3700,510300.XSHG,1.0,2024-04-24,2024-04-24,C,E,Option,10000.0,3.7,10006940,0.0,"09:31-11:30,13:01-15:00",510300C2404M03700,10006940
2024-02-29,XSHG,510300.XSHG,300ETF购4月3800,510300.XSHG,1.0,2024-04-24,2024-04-24,C,E,Option,10000.0,3.8,10006941,0.0,"09:31-11:30,13:01-15:00",510300C2404M03800,10006941
2024-02-29,XSHG,510300.XSHG,300ETF沽4月3000,510300.XSHG,1.0,2024-04-24,2024-04-24,P,E,Option,10000.0,3.0,10006942,0.0,"09:31-11:30,13:01-15:00",510300P2404M03000,10006942
2024-02-29,XSHG,510300.XSHG,300ETF沽4月3100,510300.XSHG,1.0,2024-04-24,2024-04-24,P,E,Option,10000.0,3.1,10006943,0.0,"09:31-11:30,13:01-15:00",510300P2404M03100,10006943
2024-02-29,XSHG,510300.XSHG,300ETF沽4月3200,510300.XSHG,1.0,2024-04-24,2024-04-24,P,E,Option,10000.0,3.2,10006944,0.0,"09:31-11:30,13:01-15:00",510300P2404M03200,10006944
2024-02-29,XSHG,510300.XSHG,300ETF沽4月3300,510300.XSHG,1.0,2024-04-24,2024-04-24,P,E,Option,10000.0,3.3,10006945,0.0,"09:31-11:30,13:01-15:00",510300P2404M03300,10006945
2024-02-29,XSHG,510300.XSHG,300ETF沽4月3400,510300.XSHG,1.0,2024-04-24,2024-04-24,P,E,Option,10000.0,3.4,10006946,0.0,"09:31-11:30,13:01-15:00",510300P2404M03400,10006946
2024-02-29,XSHG,510300.XSHG,300ETF沽4月3500,510300.XSHG,1.0,2024-04-24,2024-04-24,P,E,Option,10000.0,3.5,10006947,0.0,"09:31-11:30,13:01-15:00",510300P2404M03500,10006947
2024-02-29,XSHG,510300.XSHG,300ETF沽4月3600,510300.XSHG,1.0,2024-04-24,2024-04-24,P,E,Option,10000.0,3.6,10006948,0.0,"09:31-11:30,13:01-15:00",510300P2404M03600,10006948
2024-02-29,XSHG,510300.XSHG,300ETF沽4月3700,510300.XSHG,1.0,2024-04-24,2024-04-24,P,E,Option,10000.0,3.7,10006949,0.0,"09:31-11:30,13:01-15:00",510300P2404M03700,10006949
2024-02-29,XSHG,510300.XSHG,300ETF沽4月3800,510300.XSHG,1.0,2024-04-24,2024-04-24,P,E,Option,10000.0,3.8,10006950,0.0,"09:31-11:30,13:01-15:00",510300P2404M03800,10006950
2024-03-01,XSHG,510300.XSHG,300ETF购4月3900,510300.XSHG,1.0,2024-04-24,2024-04-24,C,E,Option,10000.0,3.9,10007007,0.0,"09:31-11:30,13:01-15:00",510300C2404M03900,10007007
2024-03-01,XSHG,510300.XSHG,300ETF沽4月3900,510300.XSHG,1.0,2024-04-24,2024-04-24,P,E,Option,10000.0,3.9,10007008,0.0,"09:31-11:30,13:01-15:00",510300P2404M03900,10007008
2024-03-06,XSHG,510300.XSHG,300ETF购3月4000,510300.XSHG,1.0,2024-03-27,2024-03-27,C,E,Option,10000.0,4.0,10007025,0.0,"09:31-11:30,13:01-15:00",510300C2403M04000,10007025
2024-03-06,XSHG,510300.XSHG,300ETF沽3月4000,510300.XSHG,1.0,2024-03-27,2024-03-27,P,E,Option,10000.0,4.0,10007026,0.0,"09:31-11:30,13:01-15:00",510300P2403M04000,10007026
2024-03-06,XSHG,510300.XSHG,300ETF购4月4000,510300.XSHG,1.0,2024-04-24,2024-04-24,C,E,Option,10000.0,4.0,10007027,0.0,"09:31-11:30,13:01-15:00",510300C2404M04000,10007027
2024-03-06,XSHG,510300.XSHG,300ETF沽4月4000,510300.XSHG,1.0,2024-04-24,2024-04-24,P,E,Option,10000.0,4.0,10007028,0.0,"09:31-11:30,13:01-15:00",510300P2404M04000,10007028
2024-03-06,XSHG,510300.XSHG,300ETF购6月4000,510300.XSHG,1.0,2024-06-26,2024-06-26,C,E,Option,10000.0,4.0,10007029,0.0,"09:31-11:30,13:01-15:00",510300C2406M04000,10007029
2024-03-06,XSHG,510300.XSHG,300ETF沽6月4000,510300.XSHG,1.0,2024-06-26,2024-06-26,P,E,Option,10000.0,4.0,10007030,0.0,"09:31-11:30,13:01-15:00",510300P2406M04000,10007030
2024-03-06,XSHG,510300.XSHG,300ETF购9月4000,510300.XSHG,1.0,2024-09-25,2024-09-25,C,E,Option,10000.0,4.0,10007031,0.0,"09:31-11:30,13:01-15:00",510300C2409M04000,10007031
2024-03-06,XSHG,510300.XSHG,300ETF沽9月4000,510300.XSHG,1.0,2024-09-25,2024-09-25,P,E,Option,10000.0,4.0,10007032,0.0,"09:31-11:30,13:01-15:00",510300P2409M04000,10007032
2024-03-28,XSHG,510300.XSHG,300ETF购5月3100,510300.XSHG,1.0,2024-05-22,2024-05-22,C,E,Option,10000.0,3.1,10007053,0.0,"09:31-11:30,13:01-15:00",510300C2405M03100,10007053
2024-03-28,XSHG,510300.XSHG,300ETF购5月3200,510300.XSHG,1.0,2024-05-22,2024-05-22,C,E,Option,10000.0,3.2,10007054,0.0,"09:31-11:30,13:01-15:00",510300C2405M03200,10007054
2024-03-28,XSHG,510300.XSHG,300ETF购5月3300,510300.XSHG,1.0,2024-05-22,2024-05-22,C,E,Option,10000.0,3.3,10007055,0.0,"09:31-11:30,13:01-15:00",510300C2405M03300,10007055
2024-03-28,XSHG,510300.XSHG,300ETF购5月3400,510300.XSHG,1.0,2024-05-22,2024-05-22,C,E,Option,10000.0,3.4,10007056,0.0,"09:31-11:30,13:01-15:00",510300C2405M03400,10007056
2024-03-28,XSHG,510300.XSHG,300ETF购5月3500,510300.XSHG,1.0,2024-05-22,2024-05-22,C,E,Option,10000.0,3.5,10007057,0.0,"09:31-11:30,13:01-15:00",510300C2405M03500,10007057
2024-03-28,XSHG,510300.XSHG,300ETF购5月3600,510300.XSHG,1.0,2024-05-22,2024-05-22,C,E,Option,10000.0,3.6,10007058,0.0,"09:31-11:30,13:01-15:00",510300C2405M03600,10007058
2024-03-28,XSHG,510300.XSHG,300ETF购5月3700,510300.XSHG,1.0,2024-05-22,2024-05-22,C,E,Option,10000.0,3.7,10007059,0.0,"09:31-11:30,13:01-15:00",510300C2405M03700,10007059
2024-03-28,XSHG,510300.XSHG,300ETF购5月3800,510300.XSHG,1.0,2024-05-22,2024-05-22,C,E,Option,10000.0,3.8,10007060,0.0,"09:31-11:30,13:01-15:00",510300C2405M03800,10007060
2024-03-28,XSHG,510300.XSHG,300ETF购5月3900,510300.XSHG,1.0,2024-05-22,2024-05-22,C,E,Option,10000.0,3.9,10007061,0.0,"09:31-11:30,13:01-15:00",510300C2405M03900,10007061
2024-03-28,XSHG,510300.XSHG,300ETF沽5月3100,510300.XSHG,1.0,2024-05-22,2024-05-22,P,E,Option,10000.0,3.1,10007062,0.0,"09:31-11:30,13:01-15:00",510300P2405M03100,10007062
2024-03-28,XSHG,510300.XSHG,300ETF沽5月3200,510300.XSHG,1.0,2024-05-22,2024-05-22,P,E,Option,10000.0,3.2,10007063,0.0,"09:31-11:30,13:01-15:00",510300P2405M03200,10007063
2024-03-28,XSHG,510300.XSHG,300ETF沽5月3300,510300.XSHG,1.0,2024-05-22,2024-05-22,P,E,Option,10000.0,3.3,10007064,0.0,"09:31-11:30,13:01-15:00",510300P2405M03300,10007064
2024-03-28,XSHG,510300.XSHG,300ETF沽5月3400,510300.XSHG,1.0,2024-05-22,2024-05-22,P,E,Option,10000.0,3.4,10007065,0.0,"09:31-11:30,13:01-15:00",510300P2405M03400,10007065
2024-03-28,XSHG,510300.XSHG,300ETF沽5月3500,510300.XSHG,1.0,2024-05-22,2024-05-22,P,E,Option,10000.0,3.5,10007066,0.0,"09:31-11:30,13:01-15:00",510300P2405M03500,10007066
2024-03-28,XSHG,510300.XSHG,300ETF沽5月3600,510300.XSHG,1.0,2024-05-22,2024-05-22,P,E,Option,10000.0,3.6,10007067,0.0,"09:31-11:30,13:01-15:00",510300P2405M03600,10007067
2024-03-28,XSHG,510300.XSHG,300ETF沽5月3700,510300.XSHG,1.0,2024-05-22,2024-05-22,P,E,Option,10000.0,3.7,10007068,0.0,"09:31-11:30,13:01-15:00",510300P2405M03700,10007068
2024-03-28,XSHG,510300.XSHG,300ETF沽5月3800,510300.XSHG,1.0,2024-05-22,2024-05-22,P,E,Option,10000.0,3.8,10007069,0.0,"09:31-11:30,13:01-15:00",510300P2405M03800,10007069
2024-03-28,XSHG,510300.XSHG,300ETF沽5月3900,510300.XSHG,1.0,2024-05-22,2024-05-22,P,E,Option,10000.0,3.9,10007070,0.0,"09:31-11:30,13:01-15:00",510300P2405M03900,10007070
2024-04-02,XSHG,510300.XSHG,300ETF购5月4000,510300.XSHG,1.0,2024-05-22,2024-05-22,C,E,Option,10000.0,4.0,10007129,0.0,"09:31-11:30,13:01-15:00",510300C2405M04000,10007129
2024-04-02,XSHG,510300.XSHG,300ETF沽5月4000,510300.XSHG,1.0,2024-05-22,2024-05-22,P,E,Option,10000.0,4.0,10007130,0.0,"09:31-11:30,13:01-15:00",510300P2405M04000,10007130
2024-04-25,XSHG,510300.XSHG,300ETF购12月3100,510300.XSHG,1.0,2024-12-25,2024-12-25,C,E,Option,10000.0,3.1,10007157,0.0,"09:31-11:30,13:01-15:00",510300C2412M03100,10007157
2024-04-25,XSHG,510300.XSHG,300ETF购12月3200,510300.XSHG,1.0,2024-12-25,2024-12-25,C,E,Option,10000.0,3.2,10007158,0.0,"09:31-11:30,13:01-15:00",510300C2412M03200,10007158
2024-04-25,XSHG,510300.XSHG,300ETF购12月3300,510300.XSHG,1.0,2024-12-25,2024-12-25,C,E,Option,10000.0,3.3,10007159,0.0,"09:31-11:30,13:01-15:00",510300C2412M03300,10007159
2024-04-25,XSHG,510300.XSHG,300ETF购12月3400,510300.XSHG,1.0,2024-12-25,2024-12-25,C,E,Option,10000.0,3.4,10007160,0.0,"09:31-11:30,13:01-15:00",510300C2412M03400,10007160
2024-04-25,XSHG,510300.XSHG,300ETF购12月3500,510300.XSHG,1.0,2024-12-25,2024-12-25,C,E,Option,10000.0,3.5,10007161,0.0,"09:31-11:30,13:01-15:00",510300C2412M03500,10007161
2024-04-25,XSHG,510300.XSHG,300ETF购12月3600,510300.XSHG,1.0,2024-12-25,2024-12-25,C,E,Option,10000.0,3.6,10007162,0.0,"09:31-11:30,13:01-15:00",510300C2412M03600,10007162
2024-04-25,XSHG,510300.XSHG,300ETF购12月3700,510300.XSHG,1.0,2024-12-25,2024-12-25,C,E,Option,10000.0,3.7,10007163,0.0,"09:31-11:30,13:01-15:00",510300C2412M03700,10007163
2024-04-25,XSHG,510300.XSHG,300ETF购12月3800,510300.XSHG,1.0,2024-12-25,2024-12-25,C,E,Option,10000.0,3.8,10007164,0.0,"09:31-11:30,13:01-15:00",510300C2412M03800,10007164
2024-04-25,XSHG,510300.XSHG,300ETF购12月3900,510300.XSHG,1.0,2024-12-25,2024-12-25,C,E,Option,10000.0,3.9,10007165,0.0,"09:31-11:30,13:01-15:00",510300C2412M03900,10007165
2024-04-25,XSHG,510300.XSHG,300ETF沽12月3100,510300.XSHG,1.0,2024-12-25,2024-12-25,P,E,Option,10000.0,3.1,10007166,0.0,"09:31-11:30,13:01-15:00",510300P2412M03100,10007166
2024-04-25,XSHG,510300.XSHG,300ETF沽12月3200,510300.XSHG,1.0,2024-12-25,2024-12-25,P,E,Option,10000.0,3.2,10007167,0.0,"09:31-11:30,13:01-15:00",510300P2412M03200,10007167
2024-04-25,XSHG,510300.XSHG,300ETF沽12月3300,510300.XSHG,1.0,2024-12-25,2024-12-25,P,E,Option,10000.0,3.3,10007168,0.0,"09:31-11:30,13:01-15:00",510300P2412M03300,10007168
2024-04-25,XSHG,510300.XSHG,300ETF沽12月3400,510300.XSHG,1.0,2024-12-25,2024-12-25,P,E,Option,10000.0,3.4,10007169,0.0,"09:31-11:30,13:01-15:00",510300P2412M03400,10007169
2024-04-25,XSHG,510300.XSHG,300ETF沽12月3500,510300.XSHG,1.0,2024-12-25,2024-12-25,P,E,Option,10000.0,3.5,10007170,0.0,"09:31-11:30,13:01-15:00",510300P2412M03500,10007170
2024-04-25,XSHG,510300.XSHG,300ETF沽12月3600,510300.XSHG,1.0,2024-12-25,2024-12-25,P,E,Option,10000.0,3.6,10007171,0.0,"09:31-11:30,13:01-15:00",510300P2412M03600,10007171
2024-04-25,XSHG,510300.XSHG,300ETF沽12月3700,510300.XSHG,1.0,2024-12-25,2024-12-25,P,E,Option,10000.0,3.7,10007172,0.0,"09:31-11:30,13:01-15:00",510300P2412M03700,10007172
2024-04-25,XSHG,510300.XSHG,300ETF沽12月3800,510300.XSHG,1.0,2024-12-25,2024-12-25,P,E,Option,10000.0,3.8,10007173,0.0,"09:31-11:30,13:01-15:00",510300P2412M03800,10007173
2024-04-25,XSHG,510300.XSHG,300ETF沽12月3900,510300.XSHG,1.0,2024-12-25,2024-12-25,P,E,Option,10000.0,3.9,10007174,0.0,"09:31-11:30,13:01-15:00",510300P2412M03900,10007174
2024-04-29,XSHG,510300.XSHG,300ETF购12月4000,510300.XSHG,1.0,2024-12-25,2024-12-25,C,E,Option,10000.0,4.0,10007231,0.0,"09:31-11:30,13:01-15:00",510300C2412M04000,10007231
2024-04-29,XSHG,510300.XSHG,300ETF沽12月4000,510300.XSHG,1.0,2024-12-25,2024-12-25,P,E,Option,10000.0,4.0,10007232,0.0,"09:31-11:30,13:01-15:00",510300P2412M04000,10007232
2024-05-08,XSHG,510300.XSHG,300ETF购5月4100,510300.XSHG,1.0,2024-05-22,2024-05-22,C,E,Option,10000.0,4.1,10007247,0.0,"09:31-11:30,13:01-15:00",510300C2405M04100,10007247
2024-05-08,XSHG,510300.XSHG,300ETF沽5月4100,510300.XSHG,1.0,2024-05-22,2024-05-22,P,E,Option,10000.0,4.1,10007248,0.0,"09:31-11:30,13:01-15:00",510300P2405M04100,10007248
2024-05-08,XSHG,510300.XSHG,300ETF购6月4100,510300.XSHG,1.0,2024-06-26,2024-06-26,C,E,Option,10000.0,4.1,10007249,0.0,"09:31-11:30,13:01-15:00",510300C2406M04100,10007249
2024-05-08,XSHG,510300.XSHG,300ETF沽6月4100,510300.XSHG,1.0,2024-06-26,2024-06-26,P,E,Option,10000.0,4.1,10007250,0.0,"09:31-11:30,13:01-15:00",510300P2406M04100,10007250
2024-05-08,XSHG,510300.XSHG,300ETF购9月4100,510300.XSHG,1.0,2024-09-25,2024-09-25,C,E,Option,10000.0,4.1,10007251,0.0,"09:31-11:30,13:01-15:00",510300C2409M04100,10007251
2024-05-08,XSHG,510300.XSHG,300ETF沽9月4100,510300.XSHG,1.0,2024-09-25,2024-09-25,P,E,Option,10000.0,4.1,10007252,0.0,"09:31-11:30,13:01-15:00",510300P2409M04100,10007252
2024-05-08,XSHG,510300.XSHG,300ETF购12月4100,510300.XSHG,1.0,2024-12-25,2024-12-25,C,E,Option,10000.0,4.1,10007253,0.0,"09:31-11:30,13:01-15:00",510300C2412M04100,10007253
2024-05-08,XSHG,510300.XSHG,300ETF沽12月4100,510300.XSHG,1.0,2024-12-25,2024-12-25,P,E,Option,10000.0,4.1,10007254,0.0,"09:31-11:30,13:01-15:00",510300P2412M04100,10007254
2024-05-23,XSHG,510300.XSHG,300ETF购7月3300,510300.XSHG,1.0,2024-07-24,2024-07-24,C,E,Option,10000.0,3.3,10007351,0.0,"09:31-11:30,13:01-15:00",510300C2407M03300,10007351
2024-05-23,XSHG,510300.XSHG,300ETF购7月3400,510300.XSHG,1.0,2024-07-24,2024-07-24,C,E,Option,10000.0,3.4,10007352,0.0,"09:31-11:30,13:01-15:00",510300C2407M03400,10007352
2024-05-23,XSHG,510300.XSHG,300ETF购7月3500,510300.XSHG,1.0,2024-07-24,2024-07-24,C,E,Option,10000.0,3.5,10007353,0.0,"09:31-11:30,13:01-15:00",510300C2407M03500,10007353
2024-05-23,XSHG,510300.XSHG,300ETF购7月3600,510300.XSHG,1.0,2024-07-24,2024-07-24,C,E,Option,10000.0,3.6,10007354,0.0,"09:31-11:30,13:01-15:00",510300C2407M03600,10007354
2024-05-23,XSHG,510300.XSHG,300ETF购7月3700,510300.XSHG,1.0,2024-07-24,2024-07-24,C,E,Option,10000.0,3.7,10007355,0.0,"09:31-11:30,13:01-15:00",510300C2407M03700,10007355
2024-05-23,XSHG,510300.XSHG,300ETF购7月3800,510300.XSHG,1.0,2024-07-24,2024-07-24,C,E,Option,10000.0,3.8,10007356,0.0,"09:31-11:30,13:01-15:00",510300C2407M03800,10007356
2024-05-23,XSHG,510300.XSHG,300ETF购7月3900,510300.XSHG,1.0,2024-07-24,2024-07-24,C,E,Option,10000.0,3.9,10007357,0.0,"09:31-11:30,13:01-15:00",510300C2407M03900,10007357
2024-05-23,XSHG,510300.XSHG,300ETF购7月4000,510300.XSHG,1.0,2024-07-24,2024-07-24,C,E,Option,10000.0,4.0,10007358,0.0,"09:31-11:30,13:01-15:00",510300C2407M04000,10007358
2024-05-23,XSHG,510300.XSHG,300ETF购7月4100,510300.XSHG,1.0,2024-07-24,2024-07-24,C,E,Option,10000.0,4.1,10007359,0.0,"09:31-11:30,13:01-15:00",510300C2407M04100,10007359
2024-05-23,XSHG,510300.XSHG,300ETF沽7月3300,510300.XSHG,1.0,2024-07-24,2024-07-24,P,E,Option,10000.0,3.3,10007360,0.0,"09:31-11:30,13:01-15:00",510300P2407M03300,10007360
2024-05-23,XSHG,510300.XSHG,300ETF沽7月3400,510300.XSHG,1.0,2024-07-24,2024-07-24,P,E,Option,10000.0,3.4,10007361,0.0,"09:31-11:30,13:01-15:00",510300P2407M03400,10007361
2024-05-23,XSHG,510300.XSHG,300ETF沽7月3500,510300.XSHG,1.0,2024-07-24,2024-07-24,P,E,Option,10000.0,3.5,10007362,0.0,"09:31-11:30,13:01-15:00",510300P2407M03500,10007362
2024-05-23,XSHG,510300.XSHG,300ETF沽7月3600,510300.XSHG,1.0,2024-07-24,2024-07-24,P,E,Option,10000.0,3.6,10007363,0.0,"09:31-11:30,13:01-15:00",510300P2407M03600,10007363
2024-05-23,XSHG,510300.XSHG,300ETF沽7月3700,510300.XSHG,1.0,2024-07-24,2024-07-24,P,E,Option,10000.0,3.7,10007364,0.0,"09:31-11:30,13:01-15:00",510300P2407M03700,10007364
2024-05-23,XSHG,510300.XSHG,300ETF沽7月3800,510300.XSHG,1.0,2024-07-24,2024-07-24,P,E,Option,10000.0,3.8,10007365,0.0,"09:31-11:30,13:01-15:00",510300P2407M03800,10007365
2024-05-23,XSHG,510300.XSHG,300ETF沽7月3900,510300.XSHG,1.0,2024-07-24,2024-07-24,P,E,Option,10000.0,3.9,10007366,0.0,"09:31-11:30,13:01-15:00",510300P2407M03900,10007366
2024-05-23,XSHG,510300.XSHG,300ETF沽7月4000,510300.XSHG,1.0,2024-07-24,2024-07-24,P,E,Option,10000.0,4.0,10007367,0.0,"09:31-11:30,13:01-15:00",510300P2407M04000,10007367
2024-05-23,XSHG,510300.XSHG,300ETF沽7月4100,510300.XSHG,1.0,2024-07-24,2024-07-24,P,E,Option,10000.0,4.1,10007368,0.0,"09:31-11:30,13:01-15:00",510300P2407M04100,10007368
2024-05-24,XSHG,510300.XSHG,300ETF购7月3200,510300.XSHG,1.0,2024-07-24,2024-07-24,C,E,Option,10000.0,3.2,10007423,0.0,"09:31-11:30,13:01-15:00",510300C2407M03200,10007423
2024-05-24,XSHG,510300.XSHG,300ETF沽7月3200,510300.XSHG,1.0,2024-07-24,2024-07-24,P,E,Option,10000.0,3.2,10007424,0.0,"09:31-11:30,13:01-15:00",510300P2407M03200,10007424
2024-06-13,XSHG,510300.XSHG,300ETF购7月3100,510300.XSHG,1.0,2024-07-24,2024-07-24,C,E,Option,10000.0,3.1,10007441,0.0,"09:31-11:30,13:01-15:00",510300C2407M03100,10007441
2024-06-13,XSHG,510300.XSHG,300ETF沽7月3100,510300.XSHG,1.0,2024-07-24,2024-07-24,P,E,Option,10000.0,3.1,10007442,0.0,"09:31-11:30,13:01-15:00",510300P2407M03100,10007442
2024-06-27,XSHG,510300.XSHG,300ETF购8月3100,510300.XSHG,1.0,2024-08-28,2024-08-28,C,E,Option,10000.0,3.1,10007469,0.0,"09:31-11:30,13:01-15:00",510300C2408M03100,10007469
2024-06-27,XSHG,510300.XSHG,300ETF购8月3200,510300.XSHG,1.0,2024-08-28,2024-08-28,C,E,Option,10000.0,3.2,10007470,0.0,"09:31-11:30,13:01-15:00",510300C2408M03200,10007470
2024-06-27,XSHG,510300.XSHG,300ETF购8月3300,510300.XSHG,1.0,2024-08-28,2024-08-28,C,E,Option,10000.0,3.3,10007471,0.0,"09:31-11:30,13:01-15:00",510300C2408M03300,10007471
2024-06-27,XSHG,510300.XSHG,300ETF购8月3400,510300.XSHG,1.0,2024-08-28,2024-08-28,C,E,Option,10000.0,3.4,10007472,0.0,"09:31-11:30,13:01-15:00",510300C2408M03400,10007472
2024-06-27,XSHG,510300.XSHG,300ETF购8月3500,510300.XSHG,1.0,2024-08-28,2024-08-28,C,E,Option,10000.0,3.5,10007473,0.0,"09:31-11:30,13:01-15:00",510300C2408M03500,10007473
2024-06-27,XSHG,510300.XSHG,300ETF购8月3600,510300.XSHG,1.0,2024-08-28,2024-08-28,C,E,Option,10000.0,3.6,10007474,0.0,"09:31-11:30,13:01-15:00",510300C2408M03600,10007474
2024-06-27,XSHG,510300.XSHG,300ETF购8月3700,510300.XSHG,1.0,2024-08-28,2024-08-28,C,E,Option,10000.0,3.7,10007475,0.0,"09:31-11:30,13:01-15:00",510300C2408M03700,10007475
2024-06-27,XSHG,510300.XSHG,300ETF购8月3800,510300.XSHG,1.0,2024-08-28,2024-08-28,C,E,Option,10000.0,3.8,10007476,0.0,"09:31-11:30,13:01-15:00",510300C2408M03800,10007476
2024-06-27,XSHG,510300.XSHG,300ETF购8月3900,510300.XSHG,1.0,2024-08-28,2024-08-28,C,E,Option,10000.0,3.9,10007477,0.0,"09:31-11:30,13:01-15:00",510300C2408M03900,10007477
2024-06-27,XSHG,510300.XSHG,300ETF沽8月3100,510300.XSHG,1.0,2024-08-28,2024-08-28,P,E,Option,10000.0,3.1,10007478,0.0,"09:31-11:30,13:01-15:00",510300P2408M03100,10007478
2024-06-27,XSHG,510300.XSHG,300ETF沽8月3200,510300.XSHG,1.0,2024-08-28,2024-08-28,P,E,Option,10000.0,3.2,10007479,0.0,"09:31-11:30,13:01-15:00",510300P2408M03200,10007479
2024-06-27,XSHG,510300.XSHG,300ETF沽8月3300,510300.XSHG,1.0,2024-08-28,2024-08-28,P,E,Option,10000.0,3.3,10007480,0.0,"09:31-11:30,13:01-15:00",510300P2408M03300,10007480
2024-06-27,XSHG,510300.XSHG,300ETF沽8月3400,510300.XSHG,1.0,2024-08-28,2024-08-28,P,E,Option,10000.0,3.4,10007481,0.0,"09:31-11:30,13:01-15:00",510300P2408M03400,10007481
2024-06-27,XSHG,510300.XSHG,300ETF沽8月3500,510300.XSHG,1.0,2024-08-28,2024-08-28,P,E,Option,10000.0,3.5,10007482,0.0,"09:31-11:30,13:01-15:00",510300P2408M03500,10007482
2024-06-27,XSHG,510300.XSHG,300ETF沽8月3600,510300.XSHG,1.0,2024-08-28,2024-08-28,P,E,Option,10000.0,3.6,10007483,0.0,"09:31-11:30,13:01-15:00",510300P2408M03600,10007483
2024-06-27,XSHG,510300.XSHG,300ETF沽8月3700,510300.XSHG,1.0,2024-08-28,2024-08-28,P,E,Option,10000.0,3.7,10007484,0.0,"09:31-11:30,13:01-15:00",510300P2408M03700,10007484
2024-06-27,XSHG,510300.XSHG,300ETF沽8月3800,510300.XSHG,1.0,2024-08-28,2024-08-28,P,E,Option,10000.0,3.8,10007485,0.0,"09:31-11:30,13:01-15:00",510300P2408M03800,10007485
2024-06-27,XSHG,510300.XSHG,300ETF沽8月3900,510300.XSHG,1.0,2024-08-28,2024-08-28,P,E,Option,10000.0,3.9,10007486,0.0,"09:31-11:30,13:01-15:00",510300P2408M03900,10007486
2024-07-09,XSHG,510300.XSHG,300ETF购7月3000,510300.XSHG,1.0,2024-07-24,2024-07-24,C,E,Option,10000.0,3.0,10007567,0.0,"09:31-11:30,13:01-15:00",510300C2407M03000,10007567
2024-07-09,XSHG,510300.XSHG,300ETF沽7月3000,510300.XSHG,1.0,2024-07-24,2024-07-24,P,E,Option,10000.0,3.0,10007568,0.0,"09:31-11:30,13:01-15:00",510300P2407M03000,10007568
2024-07-09,XSHG,510300.XSHG,300ETF购8月3000,510300.XSHG,1.0,2024-08-28,2024-08-28,C,E,Option,10000.0,3.0,10007569,0.0,"09:31-11:30,13:01-15:00",510300C2408M03000,10007569
2024-07-09,XSHG,510300.XSHG,300ETF沽8月3000,510300.XSHG,1.0,2024-08-28,2024-08-28,P,E,Option,10000.0,3.0,10007570,0.0,"09:31-11:30,13:01-15:00",510300P2408M03000,10007570
2024-07-09,XSHG,510300.XSHG,300ETF购12月3000,510300.XSHG,1.0,2024-12-25,2024-12-25,C,E,Option,10000.0,3.0,10007571,0.0,"09:31-11:30,13:01-15:00",510300C2412M03000,10007571
2024-07-09,XSHG,510300.XSHG,300ETF沽12月3000,510300.XSHG,1.0,2024-12-25,2024-12-25,P,E,Option,10000.0,3.0,10007572,0.0,"09:31-11:30,13:01-15:00",510300P2412M03000,10007572
2024-07-17,XSHG,510300.XSHG,300ETF购8月4000,510300.XSHG,1.0,2024-08-28,2024-08-28,C,E,Option,10000.0,4.0,10007583,0.0,"09:31-11:30,13:01-15:00",510300C2408M04000,10007583
2024-07-17,XSHG,510300.XSHG,300ETF沽8月4000,510300.XSHG,1.0,2024-08-28,2024-08-28,P,E,Option,10000.0,4.0,10007584,0.0,"09:31-11:30,13:01-15:00",510300P2408M04000,10007584
2024-07-25,XSHG,510300.XSHG,300ETF购3月3100,510300.XSHG,1.0,2025-03-26,2025-03-26,C,E,Option,10000.0,3.1,10007613,0.0,"09:31-11:30,13:01-15:00",510300C2503M03100,10007613
2024-07-25,XSHG,510300.XSHG,300ETF购3月3200,510300.XSHG,1.0,2025-03-26,2025-03-26,C,E,Option,10000.0,3.2,10007614,0.0,"09:31-11:30,13:01-15:00",510300C2503M03200,10007614
2024-07-25,XSHG,510300.XSHG,300ETF购3月3300,510300.XSHG,1.0,2025-03-26,2025-03-26,C,E,Option,10000.0,3.3,10007615,0.0,"09:31-11:30,13:01-15:00",510300C2503M03300,10007615
2024-07-25,XSHG,510300.XSHG,300ETF购3月3400,510300.XSHG,1.0,2025-03-26,2025-03-26,C,E,Option,10000.0,3.4,10007616,0.0,"09:31-11:30,13:01-15:00",510300C2503M03400,10007616
2024-07-25,XSHG,510300.XSHG,300ETF购3月3500,510300.XSHG,1.0,2025-03-26,2025-03-26,C,E,Option,10000.0,3.5,10007617,0.0,"09:31-11:30,13:01-15:00",510300C2503M03500,10007617
2024-07-25,XSHG,510300.XSHG,300ETF购3月3600,510300.XSHG,1.0,2025-03-26,2025-03-26,C,E,Option,10000.0,3.6,10007618,0.0,"09:31-11:30,13:01-15:00",510300C2503M03600,10007618
2024-07-25,XSHG,510300.XSHG,300ETF购3月3700,510300.XSHG,1.0,2025-03-26,2025-03-26,C,E,Option,10000.0,3.7,10007619,0.0,"09:31-11:30,13:01-15:00",510300C2503M03700,10007619
2024-07-25,XSHG,510300.XSHG,300ETF购3月3800,510300.XSHG,1.0,2025-03-26,2025-03-26,C,E,Option,10000.0,3.8,10007620,0.0,"09:31-11:30,13:01-15:00",510300C2503M03800,10007620
2024-07-25,XSHG,510300.XSHG,300ETF购3月3900,510300.XSHG,1.0,2025-03-26,2025-03-26,C,E,Option,10000.0,3.9,10007621,0.0,"09:31-11:30,13:01-15:00",510300C2503M03900,10007621
2024-07-25,XSHG,510300.XSHG,300ETF沽3月3100,510300.XSHG,1.0,2025-03-26,2025-03-26,P,E,Option,10000.0,3.1,10007622,0.0,"09:31-11:30,13:01-15:00",510300P2503M03100,10007622
2024-07-25,XSHG,510300.XSHG,300ETF沽3月3200,510300.XSHG,1.0,2025-03-26,2025-03-26,P,E,Option,10000.0,3.2,10007623,0.0,"09:31-11:30,13:01-15:00",510300P2503M03200,10007623
2024-07-25,XSHG,510300.XSHG,300ETF沽3月3300,510300.XSHG,1.0,2025-03-26,2025-03-26,P,E,Option,10000.0,3.3,10007624,0.0,"09:31-11:30,13:01-15:00",510300P2503M03300,10007624
2024-07-25,XSHG,510300.XSHG,300ETF沽3月3400,510300.XSHG,1.0,2025-03-26,2025-03-26,P,E,Option,10000.0,3.4,10007625,0.0,"09:31-11:30,13:01-15:00",510300P2503M03400,10007625
2024-07-25,XSHG,510300.XSHG,300ETF沽3月3500,510300.XSHG,1.0,2025-03-26,2025-03-26,P,E,Option,10000.0,3.5,10007626,0.0,"09:31-11:30,13:01-15:00",510300P2503M03500,10007626
2024-07-25,XSHG,510300.XSHG,300ETF沽3月3600,510300.XSHG,1.0,2025-03-26,2025-03-26,P,E,Option,10000.0,3.6,10007627,0.0,"09:31-11:30,13:01-15:00",510300P2503M03600,10007627
2024-07-25,XSHG,510300.XSHG,300ETF沽3月3700,510300.XSHG,1.0,2025-03-26,2025-03-26,P,E,Option,10000.0,3.7,10007628,0.0,"09:31-11:30,13:01-15:00",510300P2503M03700,10007628
2024-07-25,XSHG,510300.XSHG,300ETF沽3月3800,510300.XSHG,1.0,2025-03-26,2025-03-26,P,E,Option,10000.0,3.8,10007629,0.0,"09:31-11:30,13:01-15:00",510300P2503M03800,10007629
2024-07-25,XSHG,510300.XSHG,300ETF沽3月3900,510300.XSHG,1.0,2025-03-26,2025-03-26,P,E,Option,10000.0,3.9,10007630,0.0,"09:31-11:30,13:01-15:00",510300P2503M03900,10007630
2024-07-31,XSHG,510300.XSHG,300ETF购3月3000,510300.XSHG,1.0,2025-03-26,2025-03-26,C,E,Option,10000.0,3.0,10007691,0.0,"09:31-11:30,13:01-15:00",510300C2503M03000,10007691
2024-07-31,XSHG,510300.XSHG,300ETF沽3月3000,510300.XSHG,1.0,2025-03-26,2025-03-26,P,E,Option,10000.0,3.0,10007692,0.0,"09:31-11:30,13:01-15:00",510300P2503M03000,10007692
2024-08-29,XSHG,510300.XSHG,300ETF购10月3000,510300.XSHG,1.0,2024-10-23,2024-10-23,C,E,Option,10000.0,3.0,10007727,0.0,"09:31-11:30,13:01-15:00",510300C2410M03000,10007727
2024-08-29,XSHG,510300.XSHG,300ETF购10月3100,510300.XSHG,1.0,2024-10-23,2024-10-23,C,E,Option,10000.0,3.1,10007728,0.0,"09:31-11:30,13:01-15:00",510300C2410M03100,10007728
2024-08-29,XSHG,510300.XSHG,300ETF购10月3200,510300.XSHG,1.0,2024-10-23,2024-10-23,C,E,Option,10000.0,3.2,10007729,0.0,"09:31-11:30,13:01-15:00",510300C2410M03200,10007729
2024-08-29,XSHG,510300.XSHG,300ETF购10月3300,510300.XSHG,1.0,2024-10-23,2024-10-23,C,E,Option,10000.0,3.3,10007730,0.0,"09:31-11:30,13:01-15:00",510300C2410M03300,10007730
2024-08-29,XSHG,510300.XSHG,300ETF购10月3400,510300.XSHG,1.0,2024-10-23,2024-10-23,C,E,Option,10000.0,3.4,10007731,0.0,"09:31-11:30,13:01-15:00",510300C2410M03400,10007731
2024-08-29,XSHG,510300.XSHG,300ETF购10月3500,510300.XSHG,1.0,2024-10-23,2024-10-23,C,E,Option,10000.0,3.5,10007732,0.0,"09:31-11:30,13:01-15:00",510300C2410M03500,10007732
2024-08-29,XSHG,510300.XSHG,300ETF购10月3600,510300.XSHG,1.0,2024-10-23,2024-10-23,C,E,Option,10000.0,3.6,10007733,0.0,"09:31-11:30,13:01-15:00",510300C2410M03600,10007733
2024-08-29,XSHG,510300.XSHG,300ETF购10月3700,510300.XSHG,1.0,2024-10-23,2024-10-23,C,E,Option,10000.0,3.7,10007734,0.0,"09:31-11:30,13:01-15:00",510300C2410M03700,10007734
2024-08-29,XSHG,510300.XSHG,300ETF购10月3800,510300.XSHG,1.0,2024-10-23,2024-10-23,C,E,Option,10000.0,3.8,10007735,0.0,"09:31-11:30,13:01-15:00",510300C2410M03800,10007735
2024-08-29,XSHG,510300.XSHG,300ETF沽10月3000,510300.XSHG,1.0,2024-10-23,2024-10-23,P,E,Option,10000.0,3.0,10007736,0.0,"09:31-11:30,13:01-15:00",510300P2410M03000,10007736
2024-08-29,XSHG,510300.XSHG,300ETF沽10月3100,510300.XSHG,1.0,2024-10-23,2024-10-23,P,E,Option,10000.0,3.1,10007737,0.0,"09:31-11:30,13:01-15:00",510300P2410M03100,10007737
2024-08-29,XSHG,510300.XSHG,300ETF沽10月3200,510300.XSHG,1.0,2024-10-23,2024-10-23,P,E,Option,10000.0,3.2,10007738,0.0,"09:31-11:30,13:01-15:00",510300P2410M03200,10007738
2024-08-29,XSHG,510300.XSHG,300ETF沽10月3300,510300.XSHG,1.0,2024-10-23,2024-10-23,P,E,Option,10000.0,3.3,10007739,0.0,"09:31-11:30,13:01-15:00",510300P2410M03300,10007739
2024-08-29,XSHG,510300.XSHG,300ETF沽10月3400,510300.XSHG,1.0,2024-10-23,2024-10-23,P,E,Option,10000.0,3.4,10007740,0.0,"09:31-11:30,13:01-15:00",510300P2410M03400,10007740
2024-08-29,XSHG,510300.XSHG,300ETF沽10月3500,510300.XSHG,1.0,2024-10-23,2024-10-23,P,E,Option,10000.0,3.5,10007741,0.0,"09:31-11:30,13:01-15:00",510300P2410M03500,10007741
2024-08-29,XSHG,510300.XSHG,300ETF沽10月3600,510300.XSHG,1.0,2024-10-23,2024-10-23,P,E,Option,10000.0,3.6,10007742,0.0,"09:31-11:30,13:01-15:00",510300P2410M03600,10007742
2024-08-29,XSHG,510300.XSHG,300ETF沽10月3700,510300.XSHG,1.0,2024-10-23,2024-10-23,P,E,Option,10000.0,3.7,10007743,0.0,"09:31-11:30,13:01-15:00",510300P2410M03700,10007743
2024-08-29,XSHG,510300.XSHG,300ETF沽10月3800,510300.XSHG,1.0,2024-10-23,2024-10-23,P,E,Option,10000.0,3.8,10007744,0.0,"09:31-11:30,13:01-15:00",510300P2410M03800,10007744
2024-08-30,XSHG,510300.XSHG,300ETF购10月2950,510300.XSHG,1.0,2024-10-23,2024-10-23,C,E,Option,10000.0,2.95,10007801,0.0,"09:31-11:30,13:01-15:00",510300C2410M02950,10007801
2024-08-30,XSHG,510300.XSHG,300ETF沽10月2950,510300.XSHG,1.0,2024-10-23,2024-10-23,P,E,Option,10000.0,2.95,10007802,0.0,"09:31-11:30,13:01-15:00",510300P2410M02950,10007802
2024-08-30,XSHG,510300.XSHG,300ETF购12月2950,510300.XSHG,1.0,2024-12-25,2024-12-25,C,E,Option,10000.0,2.95,10007803,0.0,"09:31-11:30,13:01-15:00",510300C2412M02950,10007803
2024-08-30,XSHG,510300.XSHG,300ETF沽12月2950,510300.XSHG,1.0,2024-12-25,2024-12-25,P,E,Option,10000.0,2.95,10007804,0.0,"09:31-11:30,13:01-15:00",510300P2412M02950,10007804
2024-08-30,XSHG,510300.XSHG,300ETF购3月2950,510300.XSHG,1.0,2025-03-26,2025-03-26,C,E,Option,10000.0,2.95,10007805,0.0,"09:31-11:30,13:01-15:00",510300C2503M02950,10007805
2024-08-30,XSHG,510300.XSHG,300ETF沽3月2950,510300.XSHG,1.0,2025-03-26,2025-03-26,P,E,Option,10000.0,2.95,10007806,0.0,"09:31-11:30,13:01-15:00",510300P2503M02950,10007806
2024-09-13,XSHG,510300.XSHG,300ETF购10月2900,510300.XSHG,1.0,2024-10-23,2024-10-23,C,E,Option,10000.0,2.9,10007831,0.0,"09:31-11:30,13:01-15:00",510300C2410M02900,10007831
2024-09-13,XSHG,510300.XSHG,300ETF沽10月2900,510300.XSHG,1.0,2024-10-23,2024-10-23,P,E,Option,10000.0,2.9,10007832,0.0,"09:31-11:30,13:01-15:00",510300P2410M02900,10007832
2024-09-13,XSHG,510300.XSHG,300ETF购12月2900,510300.XSHG,1.0,2024-12-25,2024-12-25,C,E,Option,10000.0,2.9,10007833,0.0,"09:31-11:30,13:01-15:00",510300C2412M02900,10007833
2024-09-13,XSHG,510300.XSHG,300ETF沽12月2900,510300.XSHG,1.0,2024-12-25,2024-12-25,P,E,Option,10000.0,2.9,10007834,0.0,"09:31-11:30,13:01-15:00",510300P2412M02900,10007834
2024-09-13,XSHG,510300.XSHG,300ETF购3月2900,510300.XSHG,1.0,2025-03-26,2025-03-26,C,E,Option,10000.0,2.9,10007835,0.0,"09:31-11:30,13:01-15:00",510300C2503M02900,10007835
2024-09-13,XSHG,510300.XSHG,300ETF沽3月2900,510300.XSHG,1.0,2025-03-26,2025-03-26,P,E,Option,10000.0,2.9,10007836,0.0,"09:31-11:30,13:01-15:00",510300P2503M02900,10007836
2024-09-26,XSHG,510300.XSHG,300ETF购10月3900,510300.XSHG,1.0,2024-10-23,2024-10-23,C,E,Option,10000.0,3.9,10007859,0.0,"09:31-11:30,13:01-15:00",510300C2410M03900,10007859
2024-09-26,XSHG,510300.XSHG,300ETF沽10月3900,510300.XSHG,1.0,2024-10-23,2024-10-23,P,E,Option,10000.0,3.9,10007860,0.0,"09:31-11:30,13:01-15:00",510300P2410M03900,10007860
2024-09-26,XSHG,510300.XSHG,300ETF购11月3100,510300.XSHG,1.0,2024-11-27,2024-11-27,C,E,Option,10000.0,3.1,10007879,0.0,"09:31-11:30,13:01-15:00",510300C2411M03100,10007879
2024-09-26,XSHG,510300.XSHG,300ETF购11月3200,510300.XSHG,1.0,2024-11-27,2024-11-27,C,E,Option,10000.0,3.2,10007880,0.0,"09:31-11:30,13:01-15:00",510300C2411M03200,10007880
2024-09-26,XSHG,510300.XSHG,300ETF购11月3300,510300.XSHG,1.0,2024-11-27,2024-11-27,C,E,Option,10000.0,3.3,10007881,0.0,"09:31-11:30,13:01-15:00",510300C2411M03300,10007881
2024-09-26,XSHG,510300.XSHG,300ETF购11月3400,510300.XSHG,1.0,2024-11-27,2024-11-27,C,E,Option,10000.0,3.4,10007882,0.0,"09:31-11:30,13:01-15:00",510300C2411M03400,10007882
2024-09-26,XSHG,510300.XSHG,300ETF购11月3500,510300.XSHG,1.0,2024-11-27,2024-11-27,C,E,Option,10000.0,3.5,10007883,0.0,"09:31-11:30,13:01-15:00",510300C2411M03500,10007883
2024-09-26,XSHG,510300.XSHG,300ETF购11月3600,510300.XSHG,1.0,2024-11-27,2024-11-27,C,E,Option,10000.0,3.6,10007884,0.0,"09:31-11:30,13:01-15:00",510300C2411M03600,10007884
2024-09-26,XSHG,510300.XSHG,300ETF购11月3700,510300.XSHG,1.0,2024-11-27,2024-11-27,C,E,Option,10000.0,3.7,10007885,0.0,"09:31-11:30,13:01-15:00",510300C2411M03700,10007885
2024-09-26,XSHG,510300.XSHG,300ETF购11月3800,510300.XSHG,1.0,2024-11-27,2024-11-27,C,E,Option,10000.0,3.8,10007886,0.0,"09:31-11:30,13:01-15:00",510300C2411M03800,10007886
2024-09-26,XSHG,510300.XSHG,300ETF购11月3900,510300.XSHG,1.0,2024-11-27,2024-11-27,C,E,Option,10000.0,3.9,10007887,0.0,"09:31-11:30,13:01-15:00",510300C2411M03900,10007887
2024-09-26,XSHG,510300.XSHG,300ETF沽11月3100,510300.XSHG,1.0,2024-11-27,2024-11-27,P,E,Option,10000.0,3.1,10007888,0.0,"09:31-11:30,13:01-15:00",510300P2411M03100,10007888
2024-09-26,XSHG,510300.XSHG,300ETF沽11月3200,510300.XSHG,1.0,2024-11-27,2024-11-27,P,E,Option,10000.0,3.2,10007889,0.0,"09:31-11:30,13:01-15:00",510300P2411M03200,10007889
2024-09-26,XSHG,510300.XSHG,300ETF沽11月3300,510300.XSHG,1.0,2024-11-27,2024-11-27,P,E,Option,10000.0,3.3,10007890,0.0,"09:31-11:30,13:01-15:00",510300P2411M03300,10007890
2024-09-26,XSHG,510300.XSHG,300ETF沽11月3400,510300.XSHG,1.0,2024-11-27,2024-11-27,P,E,Option,10000.0,3.4,10007891,0.0,"09:31-11:30,13:01-15:00",510300P2411M03400,10007891
2024-09-26,XSHG,510300.XSHG,300ETF沽11月3500,510300.XSHG,1.0,2024-11-27,2024-11-27,P,E,Option,10000.0,3.5,10007892,0.0,"09:31-11:30,13:01-15:00",510300P2411M03500,10007892
2024-09-26,XSHG,510300.XSHG,300ETF沽11月3600,510300.XSHG,1.0,2024-11-27,2024-11-27,P,E,Option,10000.0,3.6,10007893,0.0,"09:31-11:30,13:01-15:00",510300P2411M03600,10007893
2024-09-26,XSHG,510300.XSHG,300ETF沽11月3700,510300.XSHG,1.0,2024-11-27,2024-11-27,P,E,Option,10000.0,3.7,10007894,0.0,"09:31-11:30,13:01-15:00",510300P2411M03700,10007894
2024-09-26,XSHG,510300.XSHG,300ETF沽11月3800,510300.XSHG,1.0,2024-11-27,2024-11-27,P,E,Option,10000.0,3.8,10007895,0.0,"09:31-11:30,13:01-15:00",510300P2411M03800,10007895
2024-09-26,XSHG,510300.XSHG,300ETF沽11月3900,510300.XSHG,1.0,2024-11-27,2024-11-27,P,E,Option,10000.0,3.9,10007896,0.0,"09:31-11:30,13:01-15:00",510300P2411M03900,10007896
2024-09-27,XSHG,510300.XSHG,300ETF购10月4000,510300.XSHG,1.0,2024-10-23,2024-10-23,C,E,Option,10000.0,4.0,10007965,0.0,"09:31-11:30,13:01-15:00",510300C2410M04000,10007965
2024-09-27,XSHG,510300.XSHG,300ETF沽10月4000,510300.XSHG,1.0,2024-10-23,2024-10-23,P,E,Option,10000.0,4.0,10007966,0.0,"09:31-11:30,13:01-15:00",510300P2410M04000,10007966
2024-09-27,XSHG,510300.XSHG,300ETF购11月4000,510300.XSHG,1.0,2024-11-27,2024-11-27,C,E,Option,10000.0,4.0,10007967,0.0,"09:31-11:30,13:01-15:00",510300C2411M04000,10007967
2024-09-27,XSHG,510300.XSHG,300ETF沽11月4000,510300.XSHG,1.0,2024-11-27,2024-11-27,P,E,Option,10000.0,4.0,10007968,0.0,"09:31-11:30,13:01-15:00",510300P2411M04000,10007968
2024-09-27,XSHG,510300.XSHG,300ETF购3月4000,510300.XSHG,1.0,2025-03-26,2025-03-26,C,E,Option,10000.0,4.0,10007969,0.0,"09:31-11:30,13:01-15:00",510300C2503M04000,10007969
2024-09-27,XSHG,510300.XSHG,300ETF沽3月4000,510300.XSHG,1.0,2025-03-26,2025-03-26,P,E,Option,10000.0,4.0,10007970,0.0,"09:31-11:30,13:01-15:00",510300P2503M04000,10007970
2024-09-30,XSHG,510300.XSHG,300ETF购10月4100,510300.XSHG,1.0,2024-10-23,2024-10-23,C,E,Option,10000.0,4.1,10007997,0.0,"09:31-11:30,13:01-15:00",510300C2410M04100,10007997
2024-09-30,XSHG,510300.XSHG,300ETF购10月4200,510300.XSHG,1.0,2024-10-23,2024-10-23,C,E,Option,10000.0,4.2,10007998,0.0,"09:31-11:30,13:01-15:00",510300C2410M04200,10007998
2024-09-30,XSHG,510300.XSHG,300ETF购10月4300,510300.XSHG,1.0,2024-10-23,2024-10-23,C,E,Option,10000.0,4.3,10007999,0.0,"09:31-11:30,13:01-15:00",510300C2410M04300,10007999
2024-09-30,XSHG,510300.XSHG,300ETF沽10月4100,510300.XSHG,1.0,2024-10-23,2024-10-23,P,E,Option,10000.0,4.1,10008000,0.0,"09:31-11:30,13:01-15:00",510300P2410M04100,10008000
2024-09-30,XSHG,510300.XSHG,300ETF沽10月4200,510300.XSHG,1.0,2024-10-23,2024-10-23,P,E,Option,10000.0,4.2,10008001,0.0,"09:31-11:30,13:01-15:00",510300P2410M04200,10008001
2024-09-30,XSHG,510300.XSHG,300ETF沽10月4300,510300.XSHG,1.0,2024-10-23,2024-10-23,P,E,Option,10000.0,4.3,10008002,0.0,"09:31-11:30,13:01-15:00",510300P2410M04300,10008002
2024-09-30,XSHG,510300.XSHG,300ETF购11月4100,510300.XSHG,1.0,2024-11-27,2024-11-27,C,E,Option,10000.0,4.1,10008003,0.0,"09:31-11:30,13:01-15:00",510300C2411M04100,10008003
2024-09-30,XSHG,510300.XSHG,300ETF购11月4200,510300.XSHG,1.0,2024-11-27,2024-11-27,C,E,Option,10000.0,4.2,10008004,0.0,"09:31-11:30,13:01-15:00",510300C2411M04200,10008004
2024-09-30,XSHG,510300.XSHG,300ETF购11月4300,510300.XSHG,1.0,2024-11-27,2024-11-27,C,E,Option,10000.0,4.3,10008005,0.0,"09:31-11:30,13:01-15:00",510300C2411M04300,10008005
2024-09-30,XSHG,510300.XSHG,300ETF沽11月4100,510300.XSHG,1.0,2024-11-27,2024-11-27,P,E,Option,10000.0,4.1,10008006,0.0,"09:31-11:30,13:01-15:00",510300P2411M04100,10008006
2024-09-30,XSHG,510300.XSHG,300ETF沽11月4200,510300.XSHG,1.0,2024-11-27,2024-11-27,P,E,Option,10000.0,4.2,10008007,0.0,"09:31-11:30,13:01-15:00",510300P2411M04200,10008007
2024-09-30,XSHG,510300.XSHG,300ETF沽11月4300,510300.XSHG,1.0,2024-11-27,2024-11-27,P,E,Option,10000.0,4.3,10008008,0.0,"09:31-11:30,13:01-15:00",510300P2411M04300,10008008
2024-09-30,XSHG,510300.XSHG,300ETF购12月4200,510300.XSHG,1.0,2024-12-25,2024-12-25,C,E,Option,10000.0,4.2,10008009,0.0,"09:31-11:30,13:01-15:00",510300C2412M04200,10008009
2024-09-30,XSHG,510300.XSHG,300ETF购12月4300,510300.XSHG,1.0,2024-12-25,2024-12-25,C,E,Option,10000.0,4.3,10008010,0.0,"09:31-11:30,13:01-15:00",510300C2412M04300,10008010
2024-09-30,XSHG,510300.XSHG,300ETF沽12月4200,510300.XSHG,1.0,2024-12-25,2024-12-25,P,E,Option,10000.0,4.2,10008011,0.0,"09:31-11:30,13:01-15:00",510300P2412M04200,10008011
2024-09-30,XSHG,510300.XSHG,300ETF沽12月4300,510300.XSHG,1.0,2024-12-25,2024-12-25,P,E,Option,10000.0,4.3,10008012,0.0,"09:31-11:30,13:01-15:00",510300P2412M04300,10008012
2024-09-30,XSHG,510300.XSHG,300ETF购3月4100,510300.XSHG,1.0,2025-03-26,2025-03-26,C,E,Option,10000.0,4.1,10008013,0.0,"09:31-11:30,13:01-15:00",510300C2503M04100,10008013
2024-09-30,XSHG,510300.XSHG,300ETF购3月4200,510300.XSHG,1.0,2025-03-26,2025-03-26,C,E,Option,10000.0,4.2,10008014,0.0,"09:31-11:30,13:01-15:00",510300C2503M04200,10008014
2024-09-30,XSHG,510300.XSHG,300ETF购3月4300,510300.XSHG,1.0,2025-03-26,2025-03-26,C,E,Option,10000.0,4.3,10008015,0.0,"09:31-11:30,13:01-15:00",510300C2503M04300,10008015
2024-09-30,XSHG,510300.XSHG,300ETF沽3月4100,510300.XSHG,1.0,2025-03-26,2025-03-26,P,E,Option,10000.0,4.1,10008016,0.0,"09:31-11:30,13:01-15:00",510300P2503M04100,10008016
2024-09-30,XSHG,510300.XSHG,300ETF沽3月4200,510300.XSHG,1.0,2025-03-26,2025-03-26,P,E,Option,10000.0,4.2,10008017,0.0,"09:31-11:30,13:01-15:00",510300P2503M04200,10008017
2024-09-30,XSHG,510300.XSHG,300ETF沽3月4300,510300.XSHG,1.0,2025-03-26,2025-03-26,P,E,Option,10000.0,4.3,10008018,0.0,"09:31-11:30,13:01-15:00",510300P2503M04300,10008018
2024-10-08,XSHG,510300.XSHG,300ETF购10月4400,510300.XSHG,1.0,2024-10-23,2024-10-23,C,E,Option,10000.0,4.4,10008071,0.0,"09:31-11:30,13:01-15:00",510300C2410M04400,10008071
2024-10-08,XSHG,510300.XSHG,300ETF购10月4500,510300.XSHG,1.0,2024-10-23,2024-10-23,C,E,Option,10000.0,4.5,10008072,0.0,"09:31-11:30,13:01-15:00",510300C2410M04500,10008072
2024-10-08,XSHG,510300.XSHG,300ETF购10月4600,510300.XSHG,1.0,2024-10-23,2024-10-23,C,E,Option,10000.0,4.6,10008073,0.0,"09:31-11:30,13:01-15:00",510300C2410M04600,10008073
2024-10-08,XSHG,510300.XSHG,300ETF沽10月4400,510300.XSHG,1.0,2024-10-23,2024-10-23,P,E,Option,10000.0,4.4,10008074,0.0,"09:31-11:30,13:01-15:00",510300P2410M04400,10008074
2024-10-08,XSHG,510300.XSHG,300ETF沽10月4500,510300.XSHG,1.0,2024-10-23,2024-10-23,P,E,Option,10000.0,4.5,10008075,0.0,"09:31-11:30,13:01-15:00",510300P2410M04500,10008075
2024-10-08,XSHG,510300.XSHG,300ETF沽10月4600,510300.XSHG,1.0,2024-10-23,2024-10-23,P,E,Option,10000.0,4.6,10008076,0.0,"09:31-11:30,13:01-15:00",510300P2410M04600,10008076
2024-10-08,XSHG,510300.XSHG,300ETF购11月4400,510300.XSHG,1.0,2024-11-27,2024-11-27,C,E,Option,10000.0,4.4,10008077,0.0,"09:31-11:30,13:01-15:00",510300C2411M04400,10008077
2024-10-08,XSHG,510300.XSHG,300ETF购11月4500,510300.XSHG,1.0,2024-11-27,2024-11-27,C,E,Option,10000.0,4.5,10008078,0.0,"09:31-11:30,13:01-15:00",510300C2411M04500,10008078
2024-10-08,XSHG,510300.XSHG,300ETF购11月4600,510300.XSHG,1.0,2024-11-27,2024-11-27,C,E,Option,10000.0,4.6,10008079,0.0,"09:31-11:30,13:01-15:00",510300C2411M04600,10008079
2024-10-08,XSHG,510300.XSHG,300ETF沽11月4400,510300.XSHG,1.0,2024-11-27,2024-11-27,P,E,Option,10000.0,4.4,10008080,0.0,"09:31-11:30,13:01-15:00",510300P2411M04400,10008080
2024-10-08,XSHG,510300.XSHG,300ETF沽11月4500,510300.XSHG,1.0,2024-11-27,2024-11-27,P,E,Option,10000.0,4.5,10008081,0.0,"09:31-11:30,13:01-15:00",510300P2411M04500,10008081
2024-10-08,XSHG,510300.XSHG,300ETF沽11月4600,510300.XSHG,1.0,2024-11-27,2024-11-27,P,E,Option,10000.0,4.6,10008082,0.0,"09:31-11:30,13:01-15:00",510300P2411M04600,10008082
2024-10-08,XSHG,510300.XSHG,300ETF购12月4400,510300.XSHG,1.0,2024-12-25,2024-12-25,C,E,Option,10000.0,4.4,10008083,0.0,"09:31-11:30,13:01-15:00",510300C2412M04400,10008083
2024-10-08,XSHG,510300.XSHG,300ETF购12月4500,510300.XSHG,1.0,2024-12-25,2024-12-25,C,E,Option,10000.0,4.5,10008084,0.0,"09:31-11:30,13:01-15:00",510300C2412M04500,10008084
2024-10-08,XSHG,510300.XSHG,300ETF购12月4600,510300.XSHG,1.0,2024-12-25,2024-12-25,C,E,Option,10000.0,4.6,10008085,0.0,"09:31-11:30,13:01-15:00",510300C2412M04600,10008085
2024-10-08,XSHG,510300.XSHG,300ETF沽12月4400,510300.XSHG,1.0,2024-12-25,2024-12-25,P,E,Option,10000.0,4.4,10008086,0.0,"09:31-11:30,13:01-15:00",510300P2412M04400,10008086
2024-10-08,XSHG,510300.XSHG,300ETF沽12月4500,510300.XSHG,1.0,2024-12-25,2024-12-25,P,E,Option,10000.0,4.5,10008087,0.0,"09:31-11:30,13:01-15:00",510300P2412M04500,10008087
2024-10-08,XSHG,510300.XSHG,300ETF沽12月4600,510300.XSHG,1.0,2024-12-25,2024-12-25,P,E,Option,10000.0,4.6,10008088,0.0,"09:31-11:30,13:01-15:00",510300P2412M04600,10008088
2024-10-08,XSHG,510300.XSHG,300ETF购3月4400,510300.XSHG,1.0,2025-03-26,2025-03-26,C,E,Option,10000.0,4.4,10008089,0.0,"09:31-11:30,13:01-15:00",510300C2503M04400,10008089
2024-10-08,XSHG,510300.XSHG,300ETF购3月4500,510300.XSHG,1.0,2025-03-26,2025-03-26,C,E,Option,10000.0,4.5,10008090,0.0,"09:31-11:30,13:01-15:00",510300C2503M04500,10008090
2024-10-08,XSHG,510300.XSHG,300ETF购3月4600,510300.XSHG,1.0,2025-03-26,2025-03-26,C,E,Option,10000.0,4.6,10008091,0.0,"09:31-11:30,13:01-15:00",510300C2503M04600,10008091
2024-10-08,XSHG,510300.XSHG,300ETF沽3月4400,510300.XSHG,1.0,2025-03-26,2025-03-26,P,E,Option,10000.0,4.4,10008092,0.0,"09:31-11:30,13:01-15:00",510300P2503M04400,10008092
2024-10-08,XSHG,510300.XSHG,300ETF沽3月4500,510300.XSHG,1.0,2025-03-26,2025-03-26,P,E,Option,10000.0,4.5,10008093,0.0,"09:31-11:30,13:01-15:00",510300P2503M04500,10008093
2024-10-08,XSHG,510300.XSHG,300ETF沽3月4600,510300.XSHG,1.0,2025-03-26,2025-03-26,P,E,Option,10000.0,4.6,10008094,0.0,"09:31-11:30,13:01-15:00",510300P2503M04600,10008094
2024-10-09,XSHG,510300.XSHG,300ETF购10月4700,510300.XSHG,1.0,2024-10-23,2024-10-23,C,E,Option,10000.0,4.7,10008173,0.0,"09:31-11:30,13:01-15:00",510300C2410M04700,10008173
2024-10-09,XSHG,510300.XSHG,300ETF购10月4800,510300.XSHG,1.0,2024-10-23,2024-10-23,C,E,Option,10000.0,4.8,10008174,0.0,"09:31-11:30,13:01-15:00",510300C2410M04800,10008174
2024-10-09,XSHG,510300.XSHG,300ETF沽10月4700,510300.XSHG,1.0,2024-10-23,2024-10-23,P,E,Option,10000.0,4.7,10008175,0.0,"09:31-11:30,13:01-15:00",510300P2410M04700,10008175
2024-10-09,XSHG,510300.XSHG,300ETF沽10月4800,510300.XSHG,1.0,2024-10-23,2024-10-23,P,E,Option,10000.0,4.8,10008176,0.0,"09:31-11:30,13:01-15:00",510300P2410M04800,10008176
2024-10-09,XSHG,510300.XSHG,300ETF购11月4700,510300.XSHG,1.0,2024-11-27,2024-11-27,C,E,Option,10000.0,4.7,10008177,0.0,"09:31-11:30,13:01-15:00",510300C2411M04700,10008177
2024-10-09,XSHG,510300.XSHG,300ETF购11月4800,510300.XSHG,1.0,2024-11-27,2024-11-27,C,E,Option,10000.0,4.8,10008178,0.0,"09:31-11:30,13:01-15:00",510300C2411M04800,10008178
2024-10-09,XSHG,510300.XSHG,300ETF沽11月4700,510300.XSHG,1.0,2024-11-27,2024-11-27,P,E,Option,10000.0,4.7,10008179,0.0,"09:31-11:30,13:01-15:00",510300P2411M04700,10008179
2024-10-09,XSHG,510300.XSHG,300ETF沽11月4800,510300.XSHG,1.0,2024-11-27,2024-11-27,P,E,Option,10000.0,4.8,10008180,0.0,"09:31-11:30,13:01-15:00",510300P2411M04800,10008180
2024-10-09,XSHG,510300.XSHG,300ETF购12月4700,510300.XSHG,1.0,2024-12-25,2024-12-25,C,E,Option,10000.0,4.7,10008181,0.0,"09:31-11:30,13:01-15:00",510300C2412M04700,10008181
2024-10-09,XSHG,510300.XSHG,300ETF购12月4800,510300.XSHG,1.0,2024-12-25,2024-12-25,C,E,Option,10000.0,4.8,10008182,0.0,"09:31-11:30,13:01-15:00",510300C2412M04800,10008182
2024-10-09,XSHG,510300.XSHG,300ETF沽12月4700,510300.XSHG,1.0,2024-12-25,2024-12-25,P,E,Option,10000.0,4.7,10008183,0.0,"09:31-11:30,13:01-15:00",510300P2412M04700,10008183
2024-10-09,XSHG,510300.XSHG,300ETF沽12月4800,510300.XSHG,1.0,2024-12-25,2024-12-25,P,E,Option,10000.0,4.8,10008184,0.0,"09:31-11:30,13:01-15:00",510300P2412M04800,10008184
2024-10-09,XSHG,510300.XSHG,300ETF购3月4700,510300.XSHG,1.0,2025-03-26,2025-03-26,C,E,Option,10000.0,4.7,10008185,0.0,"09:31-11:30,13:01-15:00",510300C2503M04700,10008185
2024-10-09,XSHG,510300.XSHG,300ETF购3月4800,510300.XSHG,1.0,2025-03-26,2025-03-26,C,E,Option,10000.0,4.8,10008186,0.0,"09:31-11:30,13:01-15:00",510300C2503M04800,10008186
2024-10-09,XSHG,510300.XSHG,300ETF沽3月4700,510300.XSHG,1.0,2025-03-26,2025-03-26,P,E,Option,10000.0,4.7,10008187,0.0,"09:31-11:30,13:01-15:00",510300P2503M04700,10008187
2024-10-09,XSHG,510300.XSHG,300ETF沽3月4800,510300.XSHG,1.0,2025-03-26,2025-03-26,P,E,Option,10000.0,4.8,10008188,0.0,"09:31-11:30,13:01-15:00",510300P2503M04800,10008188
2024-10-24,XSHG,510300.XSHG,300ETF购6月3618A,510300.XSHG,1.0,2025-06-25,2025-06-25,C,E,Option,10226.0,3.618,10008279,0.0,"09:31-11:30,13:01-15:00",510300C2506A03700,10008279
2024-10-24,XSHG,510300.XSHG,300ETF购6月3716A,510300.XSHG,1.0,2025-06-25,2025-06-25,C,E,Option,10226.0,3.716,10008280,0.0,"09:31-11:30,13:01-15:00",510300C2506A03800,10008280
2024-10-24,XSHG,510300.XSHG,300ETF购6月3814A,510300.XSHG,1.0,2025-06-25,2025-06-25,C,E,Option,10226.0,3.814,10008281,0.0,"09:31-11:30,13:01-15:00",510300C2506A03900,10008281
2024-10-24,XSHG,510300.XSHG,300ETF购6月3912A,510300.XSHG,1.0,2025-06-25,2025-06-25,C,E,Option,10226.0,3.912,10008282,0.0,"09:31-11:30,13:01-15:00",510300C2506A04000,10008282
2024-10-24,XSHG,510300.XSHG,300ETF购6月4009A,510300.XSHG,1.0,2025-06-25,2025-06-25,C,E,Option,10226.0,4.009,10008283,0.0,"09:31-11:30,13:01-15:00",510300C2506A04100,10008283
2024-10-24,XSHG,510300.XSHG,300ETF购6月4107A,510300.XSHG,1.0,2025-06-25,2025-06-25,C,E,Option,10226.0,4.107,10008284,0.0,"09:31-11:30,13:01-15:00",510300C2506A04200,10008284
2024-10-24,XSHG,510300.XSHG,300ETF购6月4205A,510300.XSHG,1.0,2025-06-25,2025-06-25,C,E,Option,10226.0,4.205,10008285,0.0,"09:31-11:30,13:01-15:00",510300C2506A04300,10008285
2024-10-24,XSHG,510300.XSHG,300ETF购6月4303A,510300.XSHG,1.0,2025-06-25,2025-06-25,C,E,Option,10226.0,4.303,10008286,0.0,"09:31-11:30,13:01-15:00",510300C2506A04400,10008286
2024-10-24,XSHG,510300.XSHG,300ETF购6月4401A,510300.XSHG,1.0,2025-06-25,2025-06-25,C,E,Option,10226.0,4.401,10008287,0.0,"09:31-11:30,13:01-15:00",510300C2506A04500,10008287
2024-10-24,XSHG,510300.XSHG,300ETF沽6月3618A,510300.XSHG,1.0,2025-06-25,2025-06-25,P,E,Option,10226.0,3.618,10008288,0.0,"09:31-11:30,13:01-15:00",510300P2506A03700,10008288
2024-10-24,XSHG,510300.XSHG,300ETF沽6月3716A,510300.XSHG,1.0,2025-06-25,2025-06-25,P,E,Option,10226.0,3.716,10008289,0.0,"09:31-11:30,13:01-15:00",510300P2506A03800,10008289
2024-10-24,XSHG,510300.XSHG,300ETF沽6月3814A,510300.XSHG,1.0,2025-06-25,2025-06-25,P,E,Option,10226.0,3.814,10008290,0.0,"09:31-11:30,13:01-15:00",510300P2506A03900,10008290
2024-10-24,XSHG,510300.XSHG,300ETF沽6月3912A,510300.XSHG,1.0,2025-06-25,2025-06-25,P,E,Option,10226.0,3.912,10008291,0.0,"09:31-11:30,13:01-15:00",510300P2506A04000,10008291
2024-10-24,XSHG,510300.XSHG,300ETF沽6月4009A,510300.XSHG,1.0,2025-06-25,2025-06-25,P,E,Option,10226.0,4.009,10008292,0.0,"09:31-11:30,13:01-15:00",510300P2506A04100,10008292
2024-10-24,XSHG,510300.XSHG,300ETF沽6月4107A,510300.XSHG,1.0,2025-06-25,2025-06-25,P,E,Option,10226.0,4.107,10008293,0.0,"09:31-11:30,13:01-15:00",510300P2506A04200,10008293
2024-10-24,XSHG,510300.XSHG,300ETF沽6月4205A,510300.XSHG,1.0,2025-06-25,2025-06-25,P,E,Option,10226.0,4.205,10008294,0.0,"09:31-11:30,13:01-15:00",510300P2506A04300,10008294
2024-10-24,XSHG,510300.XSHG,300ETF沽6月4303A,510300.XSHG,1.0,2025-06-25,2025-06-25,P,E,Option,10226.0,4.303,10008295,0.0,"09:31-11:30,13:01-15:00",510300P2506A04400,10008295
2024-10-24,XSHG,510300.XSHG,300ETF沽6月4401A,510300.XSHG,1.0,2025-06-25,2025-06-25,P,E,Option,10226.0,4.401,10008296,0.0,"09:31-11:30,13:01-15:00",510300P2506A04500,10008296
2024-10-25,XSHG,510300.XSHG,300ETF购6月3520A,510300.XSHG,1.0,2025-06-25,2025-06-25,C,E,Option,10226.0,3.52,10008351,0.0,"09:31-11:30,13:01-15:00",510300C2506A03600,10008351
2024-10-25,XSHG,510300.XSHG,300ETF沽6月3520A,510300.XSHG,1.0,2025-06-25,2025-06-25,P,E,Option,10226.0,3.52,10008352,0.0,"09:31-11:30,13:01-15:00",510300P2506A03600,10008352
2024-11-08,XSHG,510300.XSHG,300ETF购6月4498A,510300.XSHG,1.0,2025-06-25,2025-06-25,C,E,Option,10226.0,4.498,10008369,0.0,"09:31-11:30,13:01-15:00",510300C2506A04600,10008369
2024-11-08,XSHG,510300.XSHG,300ETF沽6月4498A,510300.XSHG,1.0,2025-06-25,2025-06-25,P,E,Option,10226.0,4.498,10008370,0.0,"09:31-11:30,13:01-15:00",510300P2506A04600,10008370
2024-11-26,XSHG,510300.XSHG,300ETF购6月3423A,510300.XSHG,1.0,2025-06-25,2025-06-25,C,E,Option,10226.0,3.423,10008389,0.0,"09:31-11:30,13:01-15:00",510300C2506A03500,10008389
2024-11-26,XSHG,510300.XSHG,300ETF沽6月3423A,510300.XSHG,1.0,2025-06-25,2025-06-25,P,E,Option,10226.0,3.423,10008390,0.0,"09:31-11:30,13:01-15:00",510300P2506A03500,10008390
2024-11-28,XSHG,510300.XSHG,300ETF购1月3600,510300.XSHG,1.0,2025-01-22,2025-01-22,C,E,Option,10000.0,3.6,10008409,0.0,"09:31-11:30,13:01-15:00",510300C2501M03600,10008409
2024-11-28,XSHG,510300.XSHG,300ETF购1月3700,510300.XSHG,1.0,2025-01-22,2025-01-22,C,E,Option,10000.0,3.7,10008410,0.0,"09:31-11:30,13:01-15:00",510300C2501M03700,10008410
2024-11-28,XSHG,510300.XSHG,300ETF购1月3800,510300.XSHG,1.0,2025-01-22,2025-01-22,C,E,Option,10000.0,3.8,10008411,0.0,"09:31-11:30,13:01-15:00",510300C2501M03800,10008411
2024-11-28,XSHG,510300.XSHG,300ETF购1月3900,510300.XSHG,1.0,2025-01-22,2025-01-22,C,E,Option,10000.0,3.9,10008412,0.0,"09:31-11:30,13:01-15:00",510300C2501M03900,10008412
2024-11-28,XSHG,510300.XSHG,300ETF购1月4000,510300.XSHG,1.0,2025-01-22,2025-01-22,C,E,Option,10000.0,4.0,10008413,0.0,"09:31-11:30,13:01-15:00",510300C2501M04000,10008413
2024-11-28,XSHG,510300.XSHG,300ETF购1月4100,510300.XSHG,1.0,2025-01-22,2025-01-22,C,E,Option,10000.0,4.1,10008414,0.0,"09:31-11:30,13:01-15:00",510300C2501M04100,10008414
2024-11-28,XSHG,510300.XSHG,300ETF购1月4200,510300.XSHG,1.0,2025-01-22,2025-01-22,C,E,Option,10000.0,4.2,10008415,0.0,"09:31-11:30,13:01-15:00",510300C2501M04200,10008415
2024-11-28,XSHG,510300.XSHG,300ETF购1月4300,510300.XSHG,1.0,2025-01-22,2025-01-22,C,E,Option,10000.0,4.3,10008416,0.0,"09:31-11:30,13:01-15:00",510300C2501M04300,10008416
2024-11-28,XSHG,510300.XSHG,300ETF购1月4400,510300.XSHG,1.0,2025-01-22,2025-01-22,C,E,Option,10000.0,4.4,10008417,0.0,"09:31-11:30,13:01-15:00",510300C2501M04400,10008417
2024-11-28,XSHG,510300.XSHG,300ETF沽1月3600,510300.XSHG,1.0,2025-01-22,2025-01-22,P,E,Option,10000.0,3.6,10008418,0.0,"09:31-11:30,13:01-15:00",510300P2501M03600,10008418
2024-11-28,XSHG,510300.XSHG,300ETF沽1月3700,510300.XSHG,1.0,2025-01-22,2025-01-22,P,E,Option,10000.0,3.7,10008419,0.0,"09:31-11:30,13:01-15:00",510300P2501M03700,10008419
2024-11-28,XSHG,510300.XSHG,300ETF沽1月3800,510300.XSHG,1.0,2025-01-22,2025-01-22,P,E,Option,10000.0,3.8,10008420,0.0,"09:31-11:30,13:01-15:00",510300P2501M03800,10008420
2024-11-28,XSHG,510300.XSHG,300ETF沽1月3900,510300.XSHG,1.0,2025-01-22,2025-01-22,P,E,Option,10000.0,3.9,10008421,0.0,"09:31-11:30,13:01-15:00",510300P2501M03900,10008421
2024-11-28,XSHG,510300.XSHG,300ETF沽1月4000,510300.XSHG,1.0,2025-01-22,2025-01-22,P,E,Option,10000.0,4.0,10008422,0.0,"09:31-11:30,13:01-15:00",510300P2501M04000,10008422
2024-11-28,XSHG,510300.XSHG,300ETF沽1月4100,510300.XSHG,1.0,2025-01-22,2025-01-22,P,E,Option,10000.0,4.1,10008423,0.0,"09:31-11:30,13:01-15:00",510300P2501M04100,10008423
2024-11-28,XSHG,510300.XSHG,300ETF沽1月4200,510300.XSHG,1.0,2025-01-22,2025-01-22,P,E,Option,10000.0,4.2,10008424,0.0,"09:31-11:30,13:01-15:00",510300P2501M04200,10008424
2024-11-28,XSHG,510300.XSHG,300ETF沽1月4300,510300.XSHG,1.0,2025-01-22,2025-01-22,P,E,Option,10000.0,4.3,10008425,0.0,"09:31-11:30,13:01-15:00",510300P2501M04300,10008425
2024-11-28,XSHG,510300.XSHG,300ETF沽1月4400,510300.XSHG,1.0,2025-01-22,2025-01-22,P,E,Option,10000.0,4.4,10008426,0.0,"09:31-11:30,13:01-15:00",510300P2501M04400,10008426
2024-12-09,XSHG,510300.XSHG,300ETF购1月4500,510300.XSHG,1.0,2025-01-22,2025-01-22,C,E,Option,10000.0,4.5,10008559,0.0,"09:31-11:30,13:01-15:00",510300C2501M04500,10008559
2024-12-09,XSHG,510300.XSHG,300ETF沽1月4500,510300.XSHG,1.0,2025-01-22,2025-01-22,P,E,Option,10000.0,4.5,10008560,0.0,"09:31-11:30,13:01-15:00",510300P2501M04500,10008560
2024-12-26,XSHG,510300.XSHG,300ETF购2月3700,510300.XSHG,1.0,2025-02-26,2025-02-26,C,E,Option,10000.0,3.7,10008591,0.0,"09:31-11:30,13:01-15:00",510300C2502M03700,10008591
2024-12-26,XSHG,510300.XSHG,300ETF购2月3800,510300.XSHG,1.0,2025-02-26,2025-02-26,C,E,Option,10000.0,3.8,10008592,0.0,"09:31-11:30,13:01-15:00",510300C2502M03800,10008592
2024-12-26,XSHG,510300.XSHG,300ETF购2月3900,510300.XSHG,1.0,2025-02-26,2025-02-26,C,E,Option,10000.0,3.9,10008593,0.0,"09:31-11:30,13:01-15:00",510300C2502M03900,10008593
2024-12-26,XSHG,510300.XSHG,300ETF购2月4000,510300.XSHG,1.0,2025-02-26,2025-02-26,C,E,Option,10000.0,4.0,10008594,0.0,"09:31-11:30,13:01-15:00",510300C2502M04000,10008594
2024-12-26,XSHG,510300.XSHG,300ETF购2月4100,510300.XSHG,1.0,2025-02-26,2025-02-26,C,E,Option,10000.0,4.1,10008595,0.0,"09:31-11:30,13:01-15:00",510300C2502M04100,10008595
2024-12-26,XSHG,510300.XSHG,300ETF购2月4200,510300.XSHG,1.0,2025-02-26,2025-02-26,C,E,Option,10000.0,4.2,10008596,0.0,"09:31-11:30,13:01-15:00",510300C2502M04200,10008596
2024-12-26,XSHG,510300.XSHG,300ETF购2月4300,510300.XSHG,1.0,2025-02-26,2025-02-26,C,E,Option,10000.0,4.3,10008597,0.0,"09:31-11:30,13:01-15:00",510300C2502M04300,10008597
2024-12-26,XSHG,510300.XSHG,300ETF购2月4400,510300.XSHG,1.0,2025-02-26,2025-02-26,C,E,Option,10000.0,4.4,10008598,0.0,"09:31-11:30,13:01-15:00",510300C2502M04400,10008598
2024-12-26,XSHG,510300.XSHG,300ETF购2月4500,510300.XSHG,1.0,2025-02-26,2025-02-26,C,E,Option,10000.0,4.5,10008599,0.0,"09:31-11:30,13:01-15:00",510300C2502M04500,10008599
2024-12-26,XSHG,510300.XSHG,300ETF沽2月3700,510300.XSHG,1.0,2025-02-26,2025-02-26,P,E,Option,10000.0,3.7,10008600,0.0,"09:31-11:30,13:01-15:00",510300P2502M03700,10008600
2024-12-26,XSHG,510300.XSHG,300ETF沽2月3800,510300.XSHG,1.0,2025-02-26,2025-02-26,P,E,Option,10000.0,3.8,10008601,0.0,"09:31-11:30,13:01-15:00",510300P2502M03800,10008601
2024-12-26,XSHG,510300.XSHG,300ETF沽2月3900,510300.XSHG,1.0,2025-02-26,2025-02-26,P,E,Option,10000.0,3.9,10008602,0.0,"09:31-11:30,13:01-15:00",510300P2502M03900,10008602
2024-12-26,XSHG,510300.XSHG,300ETF沽2月4000,510300.XSHG,1.0,2025-02-26,2025-02-26,P,E,Option,10000.0,4.0,10008603,0.0,"09:31-11:30,13:01-15:00",510300P2502M04000,10008603
2024-12-26,XSHG,510300.XSHG,300ETF沽2月4100,510300.XSHG,1.0,2025-02-26,2025-02-26,P,E,Option,10000.0,4.1,10008604,0.0,"09:31-11:30,13:01-15:00",510300P2502M04100,10008604
2024-12-26,XSHG,510300.XSHG,300ETF沽2月4200,510300.XSHG,1.0,2025-02-26,2025-02-26,P,E,Option,10000.0,4.2,10008605,0.0,"09:31-11:30,13:01-15:00",510300P2502M04200,10008605
2024-12-26,XSHG,510300.XSHG,300ETF沽2月4300,510300.XSHG,1.0,2025-02-26,2025-02-26,P,E,Option,10000.0,4.3,10008606,0.0,"09:31-11:30,13:01-15:00",510300P2502M04300,10008606
2024-12-26,XSHG,510300.XSHG,300ETF沽2月4400,510300.XSHG,1.0,2025-02-26,2025-02-26,P,E,Option,10000.0,4.4,10008607,0.0,"09:31-11:30,13:01-15:00",510300P2502M04400,10008607
2024-12-26,XSHG,510300.XSHG,300ETF沽2月4500,510300.XSHG,1.0,2025-02-26,2025-02-26,P,E,Option,10000.0,4.5,10008608,0.0,"09:31-11:30,13:01-15:00",510300P2502M04500,10008608
2025-01-02,XSHG,510300.XSHG,300ETF购2月3600,510300.XSHG,1.0,2025-02-26,2025-02-26,C,E,Option,10000.0,3.6,10008667,0.0,"09:31-11:30,13:01-15:00",510300C2502M03600,10008667
2025-01-02,XSHG,510300.XSHG,300ETF沽2月3600,510300.XSHG,1.0,2025-02-26,2025-02-26,P,E,Option,10000.0,3.6,10008668,0.0,"09:31-11:30,13:01-15:00",510300P2502M03600,10008668
2025-01-03,XSHG,510300.XSHG,300ETF购1月3500,510300.XSHG,1.0,2025-01-22,2025-01-22,C,E,Option,10000.0,3.5,10008683,0.0,"09:31-11:30,13:01-15:00",510300C2501M03500,10008683
2025-01-03,XSHG,510300.XSHG,300ETF沽1月3500,510300.XSHG,1.0,2025-01-22,2025-01-22,P,E,Option,10000.0,3.5,10008684,0.0,"09:31-11:30,13:01-15:00",510300P2501M03500,10008684
2025-01-03,XSHG,510300.XSHG,300ETF购2月3500,510300.XSHG,1.0,2025-02-26,2025-02-26,C,E,Option,10000.0,3.5,10008685,0.0,"09:31-11:30,13:01-15:00",510300C2502M03500,10008685
2025-01-03,XSHG,510300.XSHG,300ETF沽2月3500,510300.XSHG,1.0,2025-02-26,2025-02-26,P,E,Option,10000.0,3.5,10008686,0.0,"09:31-11:30,13:01-15:00",510300P2502M03500,10008686
2025-01-13,XSHG,510300.XSHG,300ETF购1月3400,510300.XSHG,1.0,2025-01-22,2025-01-22,C,E,Option,10000.0,3.4,10008707,0.0,"09:31-11:30,13:01-15:00",510300C2501M03400,10008707
2025-01-13,XSHG,510300.XSHG,300ETF沽1月3400,510300.XSHG,1.0,2025-01-22,2025-01-22,P,E,Option,10000.0,3.4,10008708,0.0,"09:31-11:30,13:01-15:00",510300P2501M03400,10008708
2025-01-13,XSHG,510300.XSHG,300ETF购2月3400,510300.XSHG,1.0,2025-02-26,2025-02-26,C,E,Option,10000.0,3.4,10008709,0.0,"09:31-11:30,13:01-15:00",510300C2502M03400,10008709
2025-01-13,XSHG,510300.XSHG,300ETF沽2月3400,510300.XSHG,1.0,2025-02-26,2025-02-26,P,E,Option,10000.0,3.4,10008710,0.0,"09:31-11:30,13:01-15:00",510300P2502M03400,10008710
2025-01-13,XSHG,510300.XSHG,300ETF购6月3325A,510300.XSHG,1.0,2025-06-25,2025-06-25,C,E,Option,10226.0,3.325,10008711,0.0,"09:31-11:30,13:01-15:00",510300C2506A03400,10008711
2025-01-13,XSHG,510300.XSHG,300ETF沽6月3325A,510300.XSHG,1.0,2025-06-25,2025-06-25,P,E,Option,10226.0,3.325,10008712,0.0,"09:31-11:30,13:01-15:00",510300P2506A03400,10008712
2025-01-23,XSHG,510300.XSHG,300ETF购9月3423A,510300.XSHG,1.0,2025-09-24,2025-09-24,C,E,Option,10226.0,3.423,10008811,0.0,"09:31-11:30,13:01-15:00",510300C2509A03500,10008811
2025-01-23,XSHG,510300.XSHG,300ETF购9月3520A,510300.XSHG,1.0,2025-09-24,2025-09-24,C,E,Option,10226.0,3.52,10008812,0.0,"09:31-11:30,13:01-15:00",510300C2509A03600,10008812
2025-01-23,XSHG,510300.XSHG,300ETF购9月3618A,510300.XSHG,1.0,2025-09-24,2025-09-24,C,E,Option,10226.0,3.618,10008813,0.0,"09:31-11:30,13:01-15:00",510300C2509A03700,10008813
2025-01-23,XSHG,510300.XSHG,300ETF购9月3716A,510300.XSHG,1.0,2025-09-24,2025-09-24,C,E,Option,10226.0,3.716,10008814,0.0,"09:31-11:30,13:01-15:00",510300C2509A03800,10008814
2025-01-23,XSHG,510300.XSHG,300ETF购9月3814A,510300.XSHG,1.0,2025-09-24,2025-09-24,C,E,Option,10226.0,3.814,10008815,0.0,"09:31-11:30,13:01-15:00",510300C2509A03900,10008815
2025-01-23,XSHG,510300.XSHG,300ETF购9月3912A,510300.XSHG,1.0,2025-09-24,2025-09-24,C,E,Option,10226.0,3.912,10008816,0.0,"09:31-11:30,13:01-15:00",510300C2509A04000,10008816
2025-01-23,XSHG,510300.XSHG,300ETF购9月4009A,510300.XSHG,1.0,2025-09-24,2025-09-24,C,E,Option,10226.0,4.009,10008817,0.0,"09:31-11:30,13:01-15:00",510300C2509A04100,10008817
2025-01-23,XSHG,510300.XSHG,300ETF购9月4107A,510300.XSHG,1.0,2025-09-24,2025-09-24,C,E,Option,10226.0,4.107,10008818,0.0,"09:31-11:30,13:01-15:00",510300C2509A04200,10008818
2025-01-23,XSHG,510300.XSHG,300ETF购9月4205A,510300.XSHG,1.0,2025-09-24,2025-09-24,C,E,Option,10226.0,4.205,10008819,0.0,"09:31-11:30,13:01-15:00",510300C2509A04300,10008819
2025-01-23,XSHG,510300.XSHG,300ETF沽9月3423A,510300.XSHG,1.0,2025-09-24,2025-09-24,P,E,Option,10226.0,3.423,10008820,0.0,"09:31-11:30,13:01-15:00",510300P2509A03500,10008820
2025-01-23,XSHG,510300.XSHG,300ETF沽9月3520A,510300.XSHG,1.0,2025-09-24,2025-09-24,P,E,Option,10226.0,3.52,10008821,0.0,"09:31-11:30,13:01-15:00",510300P2509A03600,10008821
2025-01-23,XSHG,510300.XSHG,300ETF沽9月3618A,510300.XSHG,1.0,2025-09-24,2025-09-24,P,E,Option,10226.0,3.618,10008822,0.0,"09:31-11:30,13:01-15:00",510300P2509A03700,10008822
2025-01-23,XSHG,510300.XSHG,300ETF沽9月3716A,510300.XSHG,1.0,2025-09-24,2025-09-24,P,E,Option,10226.0,3.716,10008823,0.0,"09:31-11:30,13:01-15:00",510300P2509A03800,10008823
2025-01-23,XSHG,510300.XSHG,300ETF沽9月3814A,510300.XSHG,1.0,2025-09-24,2025-09-24,P,E,Option,10226.0,3.814,10008824,0.0,"09:31-11:30,13:01-15:00",510300P2509A03900,10008824
2025-01-23,XSHG,510300.XSHG,300ETF沽9月3912A,510300.XSHG,1.0,2025-09-24,2025-09-24,P,E,Option,10226.0,3.912,10008825,0.0,"09:31-11:30,13:01-15:00",510300P2509A04000,10008825
2025-01-23,XSHG,510300.XSHG,300ETF沽9月4009A,510300.XSHG,1.0,2025-09-24,2025-09-24,P,E,Option,10226.0,4.009,10008826,0.0,"09:31-11:30,13:01-15:00",510300P2509A04100,10008826
2025-01-23,XSHG,510300.XSHG,300ETF沽9月4107A,510300.XSHG,1.0,2025-09-24,2025-09-24,P,E,Option,10226.0,4.107,10008827,0.0,"09:31-11:30,13:01-15:00",510300P2509A04200,10008827
2025-01-23,XSHG,510300.XSHG,300ETF沽9月4205A,510300.XSHG,1.0,2025-09-24,2025-09-24,P,E,Option,10226.0,4.205,10008828,0.0,"09:31-11:30,13:01-15:00",510300P2509A04300,10008828
2025-02-10,XSHG,510300.XSHG,300ETF购9月4303A,510300.XSHG,1.0,2025-09-24,2025-09-24,C,E,Option,10226.0,4.303,10008891,0.0,"09:31-11:30,13:01-15:00",510300C2509A04400,10008891
2025-02-10,XSHG,510300.XSHG,300ETF沽9月4303A,510300.XSHG,1.0,2025-09-24,2025-09-24,P,E,Option,10226.0,4.303,10008892,0.0,"09:31-11:30,13:01-15:00",510300P2509A04400,10008892
2025-02-24,XSHG,510300.XSHG,300ETF购9月4401A,510300.XSHG,1.0,2025-09-24,2025-09-24,C,E,Option,10226.0,4.401,10008907,0.0,"09:31-11:30,13:01-15:00",510300C2509A04500,10008907
2025-02-24,XSHG,510300.XSHG,300ETF沽9月4401A,510300.XSHG,1.0,2025-09-24,2025-09-24,P,E,Option,10226.0,4.401,10008908,0.0,"09:31-11:30,13:01-15:00",510300P2509A04500,10008908
2025-02-27,XSHG,510300.XSHG,300ETF购4月3700,510300.XSHG,1.0,2025-04-23,2025-04-23,C,E,Option,10000.0,3.7,10008949,0.0,"09:31-11:30,13:01-15:00",510300C2504M03700,10008949
2025-02-27,XSHG,510300.XSHG,300ETF购4月3800,510300.XSHG,1.0,2025-04-23,2025-04-23,C,E,Option,10000.0,3.8,10008950,0.0,"09:31-11:30,13:01-15:00",510300C2504M03800,10008950
2025-02-27,XSHG,510300.XSHG,300ETF购4月3900,510300.XSHG,1.0,2025-04-23,2025-04-23,C,E,Option,10000.0,3.9,10008951,0.0,"09:31-11:30,13:01-15:00",510300C2504M03900,10008951
2025-02-27,XSHG,510300.XSHG,300ETF购4月4000,510300.XSHG,1.0,2025-04-23,2025-04-23,C,E,Option,10000.0,4.0,10008952,0.0,"09:31-11:30,13:01-15:00",510300C2504M04000,10008952
2025-02-27,XSHG,510300.XSHG,300ETF购4月4100,510300.XSHG,1.0,2025-04-23,2025-04-23,C,E,Option,10000.0,4.1,10008953,0.0,"09:31-11:30,13:01-15:00",510300C2504M04100,10008953
2025-02-27,XSHG,510300.XSHG,300ETF购4月4200,510300.XSHG,1.0,2025-04-23,2025-04-23,C,E,Option,10000.0,4.2,10008954,0.0,"09:31-11:30,13:01-15:00",510300C2504M04200,10008954
2025-02-27,XSHG,510300.XSHG,300ETF购4月4300,510300.XSHG,1.0,2025-04-23,2025-04-23,C,E,Option,10000.0,4.3,10008955,0.0,"09:31-11:30,13:01-15:00",510300C2504M04300,10008955
2025-02-27,XSHG,510300.XSHG,300ETF购4月4400,510300.XSHG,1.0,2025-04-23,2025-04-23,C,E,Option,10000.0,4.4,10008956,0.0,"09:31-11:30,13:01-15:00",510300C2504M04400,10008956
2025-02-27,XSHG,510300.XSHG,300ETF购4月4500,510300.XSHG,1.0,2025-04-23,2025-04-23,C,E,Option,10000.0,4.5,10008957,0.0,"09:31-11:30,13:01-15:00",510300C2504M04500,10008957
2025-02-27,XSHG,510300.XSHG,300ETF沽4月3700,510300.XSHG,1.0,2025-04-23,2025-04-23,P,E,Option,10000.0,3.7,10008958,0.0,"09:31-11:30,13:01-15:00",510300P2504M03700,10008958
2025-02-27,XSHG,510300.XSHG,300ETF沽4月3800,510300.XSHG,1.0,2025-04-23,2025-04-23,P,E,Option,10000.0,3.8,10008959,0.0,"09:31-11:30,13:01-15:00",510300P2504M03800,10008959
2025-02-27,XSHG,510300.XSHG,300ETF沽4月3900,510300.XSHG,1.0,2025-04-23,2025-04-23,P,E,Option,10000.0,3.9,10008960,0.0,"09:31-11:30,13:01-15:00",510300P2504M03900,10008960
2025-02-27,XSHG,510300.XSHG,300ETF沽4月4000,510300.XSHG,1.0,2025-04-23,2025-04-23,P,E,Option,10000.0,4.0,10008961,0.0,"09:31-11:30,13:01-15:00",510300P2504M04000,10008961
2025-02-27,XSHG,510300.XSHG,300ETF沽4月4100,510300.XSHG,1.0,2025-04-23,2025-04-23,P,E,Option,10000.0,4.1,10008962,0.0,"09:31-11:30,13:01-15:00",510300P2504M04100,10008962
2025-02-27,XSHG,510300.XSHG,300ETF沽4月4200,510300.XSHG,1.0,2025-04-23,2025-04-23,P,E,Option,10000.0,4.2,10008963,0.0,"09:31-11:30,13:01-15:00",510300P2504M04200,10008963
2025-02-27,XSHG,510300.XSHG,300ETF沽4月4300,510300.XSHG,1.0,2025-04-23,2025-04-23,P,E,Option,10000.0,4.3,10008964,0.0,"09:31-11:30,13:01-15:00",510300P2504M04300,10008964
2025-02-27,XSHG,510300.XSHG,300ETF沽4月4400,510300.XSHG,1.0,2025-04-23,2025-04-23,P,E,Option,10000.0,4.4,10008965,0.0,"09:31-11:30,13:01-15:00",510300P2504M04400,10008965
2025-02-27,XSHG,510300.XSHG,300ETF沽4月4500,510300.XSHG,1.0,2025-04-23,2025-04-23,P,E,Option,10000.0,4.5,10008966,0.0,"09:31-11:30,13:01-15:00",510300P2504M04500,10008966
2025-03-03,XSHG,510300.XSHG,300ETF购4月3600,510300.XSHG,1.0,2025-04-23,2025-04-23,C,E,Option,10000.0,3.6,10009023,0.0,"09:31-11:30,13:01-15:00",510300C2504M03600,10009023
2025-03-03,XSHG,510300.XSHG,300ETF沽4月3600,510300.XSHG,1.0,2025-04-23,2025-04-23,P,E,Option,10000.0,3.6,10009024,0.0,"09:31-11:30,13:01-15:00",510300P2504M03600,10009024
2025-03-27,XSHG,510300.XSHG,300ETF购5月3600,510300.XSHG,1.0,2025-05-28,2025-05-28,C,E,Option,10000.0,3.6,10009069,0.0,"09:31-11:30,13:01-15:00",510300C2505M03600,10009069
2025-03-27,XSHG,510300.XSHG,300ETF购5月3700,510300.XSHG,1.0,2025-05-28,2025-05-28,C,E,Option,10000.0,3.7,10009070,0.0,"09:31-11:30,13:01-15:00",510300C2505M03700,10009070
2025-03-27,XSHG,510300.XSHG,300ETF购5月3800,510300.XSHG,1.0,2025-05-28,2025-05-28,C,E,Option,10000.0,3.8,10009071,0.0,"09:31-11:30,13:01-15:00",510300C2505M03800,10009071
2025-03-27,XSHG,510300.XSHG,300ETF购5月3900,510300.XSHG,1.0,2025-05-28,2025-05-28,C,E,Option,10000.0,3.9,10009072,0.0,"09:31-11:30,13:01-15:00",510300C2505M03900,10009072
2025-03-27,XSHG,510300.XSHG,300ETF购5月4000,510300.XSHG,1.0,2025-05-28,2025-05-28,C,E,Option,10000.0,4.0,10009073,0.0,"09:31-11:30,13:01-15:00",510300C2505M04000,10009073
2025-03-27,XSHG,510300.XSHG,300ETF购5月4100,510300.XSHG,1.0,2025-05-28,2025-05-28,C,E,Option,10000.0,4.1,10009074,0.0,"09:31-11:30,13:01-15:00",510300C2505M04100,10009074
2025-03-27,XSHG,510300.XSHG,300ETF购5月4200,510300.XSHG,1.0,2025-05-28,2025-05-28,C,E,Option,10000.0,4.2,10009075,0.0,"09:31-11:30,13:01-15:00",510300C2505M04200,10009075
2025-03-27,XSHG,510300.XSHG,300ETF购5月4300,510300.XSHG,1.0,2025-05-28,2025-05-28,C,E,Option,10000.0,4.3,10009076,0.0,"09:31-11:30,13:01-15:00",510300C2505M04300,10009076
2025-03-27,XSHG,510300.XSHG,300ETF购5月4400,510300.XSHG,1.0,2025-05-28,2025-05-28,C,E,Option,10000.0,4.4,10009077,0.0,"09:31-11:30,13:01-15:00",510300C2505M04400,10009077
2025-03-27,XSHG,510300.XSHG,300ETF沽5月3600,510300.XSHG,1.0,2025-05-28,2025-05-28,P,E,Option,10000.0,3.6,10009078,0.0,"09:31-11:30,13:01-15:00",510300P2505M03600,10009078
2025-03-27,XSHG,510300.XSHG,300ETF沽5月3700,510300.XSHG,1.0,2025-05-28,2025-05-28,P,E,Option,10000.0,3.7,10009079,0.0,"09:31-11:30,13:01-15:00",510300P2505M03700,10009079
2025-03-27,XSHG,510300.XSHG,300ETF沽5月3800,510300.XSHG,1.0,2025-05-28,2025-05-28,P,E,Option,10000.0,3.8,10009080,0.0,"09:31-11:30,13:01-15:00",510300P2505M03800,10009080
2025-03-27,XSHG,510300.XSHG,300ETF沽5月3900,510300.XSHG,1.0,2025-05-28,2025-05-28,P,E,Option,10000.0,3.9,10009081,0.0,"09:31-11:30,13:01-15:00",510300P2505M03900,10009081
2025-03-27,XSHG,510300.XSHG,300ETF沽5月4000,510300.XSHG,1.0,2025-05-28,2025-05-28,P,E,Option,10000.0,4.0,10009082,0.0,"09:31-11:30,13:01-15:00",510300P2505M04000,10009082
2025-03-27,XSHG,510300.XSHG,300ETF沽5月4100,510300.XSHG,1.0,2025-05-28,2025-05-28,P,E,Option,10000.0,4.1,10009083,0.0,"09:31-11:30,13:01-15:00",510300P2505M04100,10009083
2025-03-27,XSHG,510300.XSHG,300ETF沽5月4200,510300.XSHG,1.0,2025-05-28,2025-05-28,P,E,Option,10000.0,4.2,10009084,0.0,"09:31-11:30,13:01-15:00",510300P2505M04200,10009084
2025-03-27,XSHG,510300.XSHG,300ETF沽5月4300,510300.XSHG,1.0,2025-05-28,2025-05-28,P,E,Option,10000.0,4.3,10009085,0.0,"09:31-11:30,13:01-15:00",510300P2505M04300,10009085
2025-03-27,XSHG,510300.XSHG,300ETF沽5月4400,510300.XSHG,1.0,2025-05-28,2025-05-28,P,E,Option,10000.0,4.4,10009086,0.0,"09:31-11:30,13:01-15:00",510300P2505M04400,10009086
2025-04-08,XSHG,510300.XSHG,300ETF购4月3300,510300.XSHG,1.0,2025-04-23,2025-04-23,C,E,Option,10000.0,3.3,10009165,0.0,"09:31-11:30,13:01-15:00",510300C2504M03300,10009165
2025-04-08,XSHG,510300.XSHG,300ETF购4月3400,510300.XSHG,1.0,2025-04-23,2025-04-23,C,E,Option,10000.0,3.4,10009166,0.0,"09:31-11:30,13:01-15:00",510300C2504M03400,10009166
2025-04-08,XSHG,510300.XSHG,300ETF购4月3500,510300.XSHG,1.0,2025-04-23,2025-04-23,C,E,Option,10000.0,3.5,10009167,0.0,"09:31-11:30,13:01-15:00",510300C2504M03500,10009167
2025-04-08,XSHG,510300.XSHG,300ETF沽4月3300,510300.XSHG,1.0,2025-04-23,2025-04-23,P,E,Option,10000.0,3.3,10009168,0.0,"09:31-11:30,13:01-15:00",510300P2504M03300,10009168
2025-04-08,XSHG,510300.XSHG,300ETF沽4月3400,510300.XSHG,1.0,2025-04-23,2025-04-23,P,E,Option,10000.0,3.4,10009169,0.0,"09:31-11:30,13:01-15:00",510300P2504M03400,10009169
2025-04-08,XSHG,510300.XSHG,300ETF沽4月3500,510300.XSHG,1.0,2025-04-23,2025-04-23,P,E,Option,10000.0,3.5,10009170,0.0,"09:31-11:30,13:01-15:00",510300P2504M03500,10009170
2025-04-08,XSHG,510300.XSHG,300ETF购5月3300,510300.XSHG,1.0,2025-05-28,2025-05-28,C,E,Option,10000.0,3.3,10009171,0.0,"09:31-11:30,13:01-15:00",510300C2505M03300,10009171
2025-04-08,XSHG,510300.XSHG,300ETF购5月3400,510300.XSHG,1.0,2025-05-28,2025-05-28,C,E,Option,10000.0,3.4,10009172,0.0,"09:31-11:30,13:01-15:00",510300C2505M03400,10009172
2025-04-08,XSHG,510300.XSHG,300ETF购5月3500,510300.XSHG,1.0,2025-05-28,2025-05-28,C,E,Option,10000.0,3.5,10009173,0.0,"09:31-11:30,13:01-15:00",510300C2505M03500,10009173
2025-04-08,XSHG,510300.XSHG,300ETF沽5月3300,510300.XSHG,1.0,2025-05-28,2025-05-28,P,E,Option,10000.0,3.3,10009174,0.0,"09:31-11:30,13:01-15:00",510300P2505M03300,10009174
2025-04-08,XSHG,510300.XSHG,300ETF沽5月3400,510300.XSHG,1.0,2025-05-28,2025-05-28,P,E,Option,10000.0,3.4,10009175,0.0,"09:31-11:30,13:01-15:00",510300P2505M03400,10009175
2025-04-08,XSHG,510300.XSHG,300ETF沽5月3500,510300.XSHG,1.0,2025-05-28,2025-05-28,P,E,Option,10000.0,3.5,10009176,0.0,"09:31-11:30,13:01-15:00",510300P2505M03500,10009176
2025-04-08,XSHG,510300.XSHG,300ETF购6月3227A,510300.XSHG,1.0,2025-06-25,2025-06-25,C,E,Option,10226.0,3.227,10009177,0.0,"09:31-11:30,13:01-15:00",510300C2506A03300,10009177
2025-04-08,XSHG,510300.XSHG,300ETF沽6月3227A,510300.XSHG,1.0,2025-06-25,2025-06-25,P,E,Option,10226.0,3.227,10009178,0.0,"09:31-11:30,13:01-15:00",510300P2506A03300,10009178
2025-04-08,XSHG,510300.XSHG,300ETF购9月3227A,510300.XSHG,1.0,2025-09-24,2025-09-24,C,E,Option,10226.0,3.227,10009179,0.0,"09:31-11:30,13:01-15:00",510300C2509A03300,10009179
2025-04-08,XSHG,510300.XSHG,300ETF购9月3325A,510300.XSHG,1.0,2025-09-24,2025-09-24,C,E,Option,10226.0,3.325,10009180,0.0,"09:31-11:30,13:01-15:00",510300C2509A03400,10009180
2025-04-08,XSHG,510300.XSHG,300ETF沽9月3227A,510300.XSHG,1.0,2025-09-24,2025-09-24,P,E,Option,10226.0,3.227,10009181,0.0,"09:31-11:30,13:01-15:00",510300P2509A03300,10009181
2025-04-08,XSHG,510300.XSHG,300ETF沽9月3325A,510300.XSHG,1.0,2025-09-24,2025-09-24,P,E,Option,10226.0,3.325,10009182,0.0,"09:31-11:30,13:01-15:00",510300P2509A03400,10009182
2025-04-24,XSHG,510300.XSHG,300ETF购12月3423A,510300.XSHG,1.0,2025-12-24,2025-12-24,C,E,Option,10226.0,3.423,10009235,0.0,"09:31-11:30,13:01-15:00",510300C2512A03500,10009235
2025-04-24,XSHG,510300.XSHG,300ETF购12月3520A,510300.XSHG,1.0,2025-12-24,2025-12-24,C,E,Option,10226.0,3.52,10009236,0.0,"09:31-11:30,13:01-15:00",510300C2512A03600,10009236
2025-04-24,XSHG,510300.XSHG,300ETF购12月3618A,510300.XSHG,1.0,2025-12-24,2025-12-24,C,E,Option,10226.0,3.618,10009237,0.0,"09:31-11:30,13:01-15:00",510300C2512A03700,10009237
2025-04-24,XSHG,510300.XSHG,300ETF购12月3716A,510300.XSHG,1.0,2025-12-24,2025-12-24,C,E,Option,10226.0,3.716,10009238,0.0,"09:31-11:30,13:01-15:00",510300C2512A03800,10009238
2025-04-24,XSHG,510300.XSHG,300ETF购12月3814A,510300.XSHG,1.0,2025-12-24,2025-12-24,C,E,Option,10226.0,3.814,10009239,0.0,"09:31-11:30,13:01-15:00",510300C2512A03900,10009239
2025-04-24,XSHG,510300.XSHG,300ETF购12月3912A,510300.XSHG,1.0,2025-12-24,2025-12-24,C,E,Option,10226.0,3.912,10009240,0.0,"09:31-11:30,13:01-15:00",510300C2512A04000,10009240
2025-04-24,XSHG,510300.XSHG,300ETF购12月4009A,510300.XSHG,1.0,2025-12-24,2025-12-24,C,E,Option,10226.0,4.009,10009241,0.0,"09:31-11:30,13:01-15:00",510300C2512A04100,10009241
2025-04-24,XSHG,510300.XSHG,300ETF购12月4107A,510300.XSHG,1.0,2025-12-24,2025-12-24,C,E,Option,10226.0,4.107,10009242,0.0,"09:31-11:30,13:01-15:00",510300C2512A04200,10009242
2025-04-24,XSHG,510300.XSHG,300ETF购12月4205A,510300.XSHG,1.0,2025-12-24,2025-12-24,C,E,Option,10226.0,4.205,10009243,0.0,"09:31-11:30,13:01-15:00",510300C2512A04300,10009243
2025-04-24,XSHG,510300.XSHG,300ETF沽12月3423A,510300.XSHG,1.0,2025-12-24,2025-12-24,P,E,Option,10226.0,3.423,10009244,0.0,"09:31-11:30,13:01-15:00",510300P2512A03500,10009244
2025-04-24,XSHG,510300.XSHG,300ETF沽12月3520A,510300.XSHG,1.0,2025-12-24,2025-12-24,P,E,Option,10226.0,3.52,10009245,0.0,"09:31-11:30,13:01-15:00",510300P2512A03600,10009245
2025-04-24,XSHG,510300.XSHG,300ETF沽12月3618A,510300.XSHG,1.0,2025-12-24,2025-12-24,P,E,Option,10226.0,3.618,10009246,0.0,"09:31-11:30,13:01-15:00",510300P2512A03700,10009246
2025-04-24,XSHG,510300.XSHG,300ETF沽12月3716A,510300.XSHG,1.0,2025-12-24,2025-12-24,P,E,Option,10226.0,3.716,10009247,0.0,"09:31-11:30,13:01-15:00",510300P2512A03800,10009247
2025-04-24,XSHG,510300.XSHG,300ETF沽12月3814A,510300.XSHG,1.0,2025-12-24,2025-12-24,P,E,Option,10226.0,3.814,10009248,0.0,"09:31-11:30,13:01-15:00",510300P2512A03900,10009248
2025-04-24,XSHG,510300.XSHG,300ETF沽12月3912A,510300.XSHG,1.0,2025-12-24,2025-12-24,P,E,Option,10226.0,3.912,10009249,0.0,"09:31-11:30,13:01-15:00",510300P2512A04000,10009249
2025-04-24,XSHG,510300.XSHG,300ETF沽12月4009A,510300.XSHG,1.0,2025-12-24,2025-12-24,P,E,Option,10226.0,4.009,10009250,0.0,"09:31-11:30,13:01-15:00",510300P2512A04100,10009250
2025-04-24,XSHG,510300.XSHG,300ETF沽12月4107A,510300.XSHG,1.0,2025-12-24,2025-12-24,P,E,Option,10226.0,4.107,10009251,0.0,"09:31-11:30,13:01-15:00",510300P2512A04200,10009251
2025-04-24,XSHG,510300.XSHG,300ETF沽12月4205A,510300.XSHG,1.0,2025-12-24,2025-12-24,P,E,Option,10226.0,4.205,10009252,0.0,"09:31-11:30,13:01-15:00",510300P2512A04300,10009252
2025-05-09,XSHG,510300.XSHG,300ETF购12月4303A,510300.XSHG,1.0,2025-12-24,2025-12-24,C,E,Option,10226.0,4.303,10009313,0.0,"09:31-11:30,13:01-15:00",510300C2512A04400,10009313
2025-05-09,XSHG,510300.XSHG,300ETF沽12月4303A,510300.XSHG,1.0,2025-12-24,2025-12-24,P,E,Option,10226.0,4.303,10009314,0.0,"09:31-11:30,13:01-15:00",510300P2512A04400,10009314
2025-05-29,XSHG,510300.XSHG,300ETF购7月3423A,510300.XSHG,1.0,2025-07-23,2025-07-23,C,E,Option,10226.0,3.423,10009341,0.0,"09:31-11:30,13:01-15:00",510300C2507A03500,10009341
2025-05-29,XSHG,510300.XSHG,300ETF购7月3520A,510300.XSHG,1.0,2025-07-23,2025-07-23,C,E,Option,10226.0,3.52,10009342,0.0,"09:31-11:30,13:01-15:00",510300C2507A03600,10009342
2025-05-29,XSHG,510300.XSHG,300ETF购7月3618A,510300.XSHG,1.0,2025-07-23,2025-07-23,C,E,Option,10226.0,3.618,10009343,0.0,"09:31-11:30,13:01-15:00",510300C2507A03700,10009343
2025-05-29,XSHG,510300.XSHG,300ETF购7月3716A,510300.XSHG,1.0,2025-07-23,2025-07-23,C,E,Option,10226.0,3.716,10009344,0.0,"09:31-11:30,13:01-15:00",510300C2507A03800,10009344
2025-05-29,XSHG,510300.XSHG,300ETF购7月3814A,510300.XSHG,1.0,2025-07-23,2025-07-23,C,E,Option,10226.0,3.814,10009345,0.0,"09:31-11:30,13:01-15:00",510300C2507A03900,10009345
2025-05-29,XSHG,510300.XSHG,300ETF购7月3912A,510300.XSHG,1.0,2025-07-23,2025-07-23,C,E,Option,10226.0,3.912,10009346,0.0,"09:31-11:30,13:01-15:00",510300C2507A04000,10009346
2025-05-29,XSHG,510300.XSHG,300ETF购7月4009A,510300.XSHG,1.0,2025-07-23,2025-07-23,C,E,Option,10226.0,4.009,10009347,0.0,"09:31-11:30,13:01-15:00",510300C2507A04100,10009347
2025-05-29,XSHG,510300.XSHG,300ETF购7月4107A,510300.XSHG,1.0,2025-07-23,2025-07-23,C,E,Option,10226.0,4.107,10009348,0.0,"09:31-11:30,13:01-15:00",510300C2507A04200,10009348
2025-05-29,XSHG,510300.XSHG,300ETF购7月4205A,510300.XSHG,1.0,2025-07-23,2025-07-23,C,E,Option,10226.0,4.205,10009349,0.0,"09:31-11:30,13:01-15:00",510300C2507A04300,10009349
2025-05-29,XSHG,510300.XSHG,300ETF沽7月3423A,510300.XSHG,1.0,2025-07-23,2025-07-23,P,E,Option,10226.0,3.423,10009350,0.0,"09:31-11:30,13:01-15:00",510300P2507A03500,10009350
2025-05-29,XSHG,510300.XSHG,300ETF沽7月3520A,510300.XSHG,1.0,2025-07-23,2025-07-23,P,E,Option,10226.0,3.52,10009351,0.0,"09:31-11:30,13:01-15:00",510300P2507A03600,10009351
2025-05-29,XSHG,510300.XSHG,300ETF沽7月3618A,510300.XSHG,1.0,2025-07-23,2025-07-23,P,E,Option,10226.0,3.618,10009352,0.0,"09:31-11:30,13:01-15:00",510300P2507A03700,10009352
2025-05-29,XSHG,510300.XSHG,300ETF沽7月3716A,510300.XSHG,1.0,2025-07-23,2025-07-23,P,E,Option,10226.0,3.716,10009353,0.0,"09:31-11:30,13:01-15:00",510300P2507A03800,10009353
2025-05-29,XSHG,510300.XSHG,300ETF沽7月3814A,510300.XSHG,1.0,2025-07-23,2025-07-23,P,E,Option,10226.0,3.814,10009354,0.0,"09:31-11:30,13:01-15:00",510300P2507A03900,10009354
2025-05-29,XSHG,510300.XSHG,300ETF沽7月3912A,510300.XSHG,1.0,2025-07-23,2025-07-23,P,E,Option,10226.0,3.912,10009355,0.0,"09:31-11:30,13:01-15:00",510300P2507A04000,10009355
2025-05-29,XSHG,510300.XSHG,300ETF沽7月4009A,510300.XSHG,1.0,2025-07-23,2025-07-23,P,E,Option,10226.0,4.009,10009356,0.0,"09:31-11:30,13:01-15:00",510300P2507A04100,10009356
2025-05-29,XSHG,510300.XSHG,300ETF沽7月4107A,510300.XSHG,1.0,2025-07-23,2025-07-23,P,E,Option,10226.0,4.107,10009357,0.0,"09:31-11:30,13:01-15:00",510300P2507A04200,10009357
2025-05-29,XSHG,510300.XSHG,300ETF沽7月4205A,510300.XSHG,1.0,2025-07-23,2025-07-23,P,E,Option,10226.0,4.205,10009358,0.0,"09:31-11:30,13:01-15:00",510300P2507A04300,10009358
2025-05-30,XSHG,510300.XSHG,300ETF购7月4303A,510300.XSHG,1.0,2025-07-23,2025-07-23,C,E,Option,10226.0,4.303,10009413,0.0,"09:31-11:30,13:01-15:00",510300C2507A04400,10009413
2025-05-30,XSHG,510300.XSHG,300ETF沽7月4303A,510300.XSHG,1.0,2025-07-23,2025-07-23,P,E,Option,10226.0,4.303,10009414,0.0,"09:31-11:30,13:01-15:00",510300P2507A04400,10009414
2025-06-18,XSHG,510300.XSHG,300ETF购6月3500,510300.XSHG,1.0,2025-06-25,2025-06-25,C,E,Option,10000.0,3.5,10009419,0.0,"09:31-11:30,13:01-15:00",510300C2506M03500,10009419
2025-06-18,XSHG,510300.XSHG,300ETF购6月3600,510300.XSHG,1.0,2025-06-25,2025-06-25,C,E,Option,10000.0,3.6,10009420,0.0,"09:31-11:30,13:01-15:00",510300C2506M03600,10009420
2025-06-18,XSHG,510300.XSHG,300ETF购6月3700,510300.XSHG,1.0,2025-06-25,2025-06-25,C,E,Option,10000.0,3.7,10009421,0.0,"09:31-11:30,13:01-15:00",510300C2506M03700,10009421
2025-06-18,XSHG,510300.XSHG,300ETF购6月3800,510300.XSHG,1.0,2025-06-25,2025-06-25,C,E,Option,10000.0,3.8,10009422,0.0,"09:31-11:30,13:01-15:00",510300C2506M03800,10009422
2025-06-18,XSHG,510300.XSHG,300ETF购6月3900,510300.XSHG,1.0,2025-06-25,2025-06-25,C,E,Option,10000.0,3.9,10009423,0.0,"09:31-11:30,13:01-15:00",510300C2506M03900,10009423
2025-06-18,XSHG,510300.XSHG,300ETF购6月4000,510300.XSHG,1.0,2025-06-25,2025-06-25,C,E,Option,10000.0,4.0,10009424,0.0,"09:31-11:30,13:01-15:00",510300C2506M04000,10009424
2025-06-18,XSHG,510300.XSHG,300ETF购6月4100,510300.XSHG,1.0,2025-06-25,2025-06-25,C,E,Option,10000.0,4.1,10009425,0.0,"09:31-11:30,13:01-15:00",510300C2506M04100,10009425
2025-06-18,XSHG,510300.XSHG,300ETF购6月4200,510300.XSHG,1.0,2025-06-25,2025-06-25,C,E,Option,10000.0,4.2,10009426,0.0,"09:31-11:30,13:01-15:00",510300C2506M04200,10009426
2025-06-18,XSHG,510300.XSHG,300ETF购6月4300,510300.XSHG,1.0,2025-06-25,2025-06-25,C,E,Option,10000.0,4.3,10009427,0.0,"09:31-11:30,13:01-15:00",510300C2506M04300,10009427
2025-06-18,XSHG,510300.XSHG,300ETF沽6月3500,510300.XSHG,1.0,2025-06-25,2025-06-25,P,E,Option,10000.0,3.5,10009428,0.0,"09:31-11:30,13:01-15:00",510300P2506M03500,10009428
2025-06-18,XSHG,510300.XSHG,300ETF沽6月3600,510300.XSHG,1.0,2025-06-25,2025-06-25,P,E,Option,10000.0,3.6,10009429,0.0,"09:31-11:30,13:01-15:00",510300P2506M03600,10009429
2025-06-18,XSHG,510300.XSHG,300ETF沽6月3700,510300.XSHG,1.0,2025-06-25,2025-06-25,P,E,Option,10000.0,3.7,10009430,0.0,"09:31-11:30,13:01-15:00",510300P2506M03700,10009430
2025-06-18,XSHG,510300.XSHG,300ETF沽6月3800,510300.XSHG,1.0,2025-06-25,2025-06-25,P,E,Option,10000.0,3.8,10009431,0.0,"09:31-11:30,13:01-15:00",510300P2506M03800,10009431
2025-06-18,XSHG,510300.XSHG,300ETF沽6月3900,510300.XSHG,1.0,2025-06-25,2025-06-25,P,E,Option,10000.0,3.9,10009432,0.0,"09:31-11:30,13:01-15:00",510300P2506M03900,10009432
2025-06-18,XSHG,510300.XSHG,300ETF沽6月4000,510300.XSHG,1.0,2025-06-25,2025-06-25,P,E,Option,10000.0,4.0,10009433,0.0,"09:31-11:30,13:01-15:00",510300P2506M04000,10009433
2025-06-18,XSHG,510300.XSHG,300ETF沽6月4100,510300.XSHG,1.0,2025-06-25,2025-06-25,P,E,Option,10000.0,4.1,10009434,0.0,"09:31-11:30,13:01-15:00",510300P2506M04100,10009434
2025-06-18,XSHG,510300.XSHG,300ETF沽6月4200,510300.XSHG,1.0,2025-06-25,2025-06-25,P,E,Option,10000.0,4.2,10009435,0.0,"09:31-11:30,13:01-15:00",510300P2506M04200,10009435
2025-06-18,XSHG,510300.XSHG,300ETF沽6月4300,510300.XSHG,1.0,2025-06-25,2025-06-25,P,E,Option,10000.0,4.3,10009436,0.0,"09:31-11:30,13:01-15:00",510300P2506M04300,10009436
2025-06-18,XSHG,510300.XSHG,300ETF购7月3500,510300.XSHG,1.0,2025-07-23,2025-07-23,C,E,Option,10000.0,3.5,10009437,0.0,"09:31-11:30,13:01-15:00",510300C2507M03500,10009437
2025-06-18,XSHG,510300.XSHG,300ETF购7月3600,510300.XSHG,1.0,2025-07-23,2025-07-23,C,E,Option,10000.0,3.6,10009438,0.0,"09:31-11:30,13:01-15:00",510300C2507M03600,10009438
2025-06-18,XSHG,510300.XSHG,300ETF购7月3700,510300.XSHG,1.0,2025-07-23,2025-07-23,C,E,Option,10000.0,3.7,10009439,0.0,"09:31-11:30,13:01-15:00",510300C2507M03700,10009439
2025-06-18,XSHG,510300.XSHG,300ETF购7月3800,510300.XSHG,1.0,2025-07-23,2025-07-23,C,E,Option,10000.0,3.8,10009440,0.0,"09:31-11:30,13:01-15:00",510300C2507M03800,10009440
2025-06-18,XSHG,510300.XSHG,300ETF购7月3900,510300.XSHG,1.0,2025-07-23,2025-07-23,C,E,Option,10000.0,3.9,10009441,0.0,"09:31-11:30,13:01-15:00",510300C2507M03900,10009441
2025-06-18,XSHG,510300.XSHG,300ETF购7月4000,510300.XSHG,1.0,2025-07-23,2025-07-23,C,E,Option,10000.0,4.0,10009442,0.0,"09:31-11:30,13:01-15:00",510300C2507M04000,10009442
2025-06-18,XSHG,510300.XSHG,300ETF购7月4100,510300.XSHG,1.0,2025-07-23,2025-07-23,C,E,Option,10000.0,4.1,10009443,0.0,"09:31-11:30,13:01-15:00",510300C2507M04100,10009443
2025-06-18,XSHG,510300.XSHG,300ETF购7月4200,510300.XSHG,1.0,2025-07-23,2025-07-23,C,E,Option,10000.0,4.2,10009444,0.0,"09:31-11:30,13:01-15:00",510300C2507M04200,10009444
2025-06-18,XSHG,510300.XSHG,300ETF购7月4300,510300.XSHG,1.0,2025-07-23,2025-07-23,C,E,Option,10000.0,4.3,10009445,0.0,"09:31-11:30,13:01-15:00",510300C2507M04300,10009445
2025-06-18,XSHG,510300.XSHG,300ETF沽7月3500,510300.XSHG,1.0,2025-07-23,2025-07-23,P,E,Option,10000.0,3.5,10009446,0.0,"09:31-11:30,13:01-15:00",510300P2507M03500,10009446
2025-06-18,XSHG,510300.XSHG,300ETF沽7月3600,510300.XSHG,1.0,2025-07-23,2025-07-23,P,E,Option,10000.0,3.6,10009447,0.0,"09:31-11:30,13:01-15:00",510300P2507M03600,10009447
2025-06-18,XSHG,510300.XSHG,300ETF沽7月3700,510300.XSHG,1.0,2025-07-23,2025-07-23,P,E,Option,10000.0,3.7,10009448,0.0,"09:31-11:30,13:01-15:00",510300P2507M03700,10009448
2025-06-18,XSHG,510300.XSHG,300ETF沽7月3800,510300.XSHG,1.0,2025-07-23,2025-07-23,P,E,Option,10000.0,3.8,10009449,0.0,"09:31-11:30,13:01-15:00",510300P2507M03800,10009449
2025-06-18,XSHG,510300.XSHG,300ETF沽7月3900,510300.XSHG,1.0,2025-07-23,2025-07-23,P,E,Option,10000.0,3.9,10009450,0.0,"09:31-11:30,13:01-15:00",510300P2507M03900,10009450
2025-06-18,XSHG,510300.XSHG,300ETF沽7月4000,510300.XSHG,1.0,2025-07-23,2025-07-23,P,E,Option,10000.0,4.0,10009451,0.0,"09:31-11:30,13:01-15:00",510300P2507M04000,10009451
2025-06-18,XSHG,510300.XSHG,300ETF沽7月4100,510300.XSHG,1.0,2025-07-23,2025-07-23,P,E,Option,10000.0,4.1,10009452,0.0,"09:31-11:30,13:01-15:00",510300P2507M04100,10009452
2025-06-18,XSHG,510300.XSHG,300ETF沽7月4200,510300.XSHG,1.0,2025-07-23,2025-07-23,P,E,Option,10000.0,4.2,10009453,0.0,"09:31-11:30,13:01-15:00",510300P2507M04200,10009453
2025-06-18,XSHG,510300.XSHG,300ETF沽7月4300,510300.XSHG,1.0,2025-07-23,2025-07-23,P,E,Option,10000.0,4.3,10009454,0.0,"09:31-11:30,13:01-15:00",510300P2507M04300,10009454
2025-06-18,XSHG,510300.XSHG,300ETF购9月3500,510300.XSHG,1.0,2025-09-24,2025-09-24,C,E,Option,10000.0,3.5,10009455,0.0,"09:31-11:30,13:01-15:00",510300C2509M03500,10009455
2025-06-18,XSHG,510300.XSHG,300ETF购9月3600,510300.XSHG,1.0,2025-09-24,2025-09-24,C,E,Option,10000.0,3.6,10009456,0.0,"09:31-11:30,13:01-15:00",510300C2509M03600,10009456
2025-06-18,XSHG,510300.XSHG,300ETF购9月3700,510300.XSHG,1.0,2025-09-24,2025-09-24,C,E,Option,10000.0,3.7,10009457,0.0,"09:31-11:30,13:01-15:00",510300C2509M03700,10009457
2025-06-18,XSHG,510300.XSHG,300ETF购9月3800,510300.XSHG,1.0,2025-09-24,2025-09-24,C,E,Option,10000.0,3.8,10009458,0.0,"09:31-11:30,13:01-15:00",510300C2509M03800,10009458
2025-06-18,XSHG,510300.XSHG,300ETF购9月3900,510300.XSHG,1.0,2025-09-24,2025-09-24,C,E,Option,10000.0,3.9,10009459,0.0,"09:31-11:30,13:01-15:00",510300C2509M03900,10009459
2025-06-18,XSHG,510300.XSHG,300ETF购9月4000,510300.XSHG,1.0,2025-09-24,2025-09-24,C,E,Option,10000.0,4.0,10009460,0.0,"09:31-11:30,13:01-15:00",510300C2509M04000,10009460
2025-06-18,XSHG,510300.XSHG,300ETF购9月4100,510300.XSHG,1.0,2025-09-24,2025-09-24,C,E,Option,10000.0,4.1,10009461,0.0,"09:31-11:30,13:01-15:00",510300C2509M04100,10009461
2025-06-18,XSHG,510300.XSHG,300ETF购9月4200,510300.XSHG,1.0,2025-09-24,2025-09-24,C,E,Option,10000.0,4.2,10009462,0.0,"09:31-11:30,13:01-15:00",510300C2509M04200,10009462
2025-06-18,XSHG,510300.XSHG,300ETF购9月4300,510300.XSHG,1.0,2025-09-24,2025-09-24,C,E,Option,10000.0,4.3,10009463,0.0,"09:31-11:30,13:01-15:00",510300C2509M04300,10009463
2025-06-18,XSHG,510300.XSHG,300ETF沽9月3500,510300.XSHG,1.0,2025-09-24,2025-09-24,P,E,Option,10000.0,3.5,10009464,0.0,"09:31-11:30,13:01-15:00",510300P2509M03500,10009464
2025-06-18,XSHG,510300.XSHG,300ETF沽9月3600,510300.XSHG,1.0,2025-09-24,2025-09-24,P,E,Option,10000.0,3.6,10009465,0.0,"09:31-11:30,13:01-15:00",510300P2509M03600,10009465
2025-06-18,XSHG,510300.XSHG,300ETF沽9月3700,510300.XSHG,1.0,2025-09-24,2025-09-24,P,E,Option,10000.0,3.7,10009466,0.0,"09:31-11:30,13:01-15:00",510300P2509M03700,10009466
2025-06-18,XSHG,510300.XSHG,300ETF沽9月3800,510300.XSHG,1.0,2025-09-24,2025-09-24,P,E,Option,10000.0,3.8,10009467,0.0,"09:31-11:30,13:01-15:00",510300P2509M03800,10009467
2025-06-18,XSHG,510300.XSHG,300ETF沽9月3900,510300.XSHG,1.0,2025-09-24,2025-09-24,P,E,Option,10000.0,3.9,10009468,0.0,"09:31-11:30,13:01-15:00",510300P2509M03900,10009468
2025-06-18,XSHG,510300.XSHG,300ETF沽9月4000,510300.XSHG,1.0,2025-09-24,2025-09-24,P,E,Option,10000.0,4.0,10009469,0.0,"09:31-11:30,13:01-15:00",510300P2509M04000,10009469
2025-06-18,XSHG,510300.XSHG,300ETF沽9月4100,510300.XSHG,1.0,2025-09-24,2025-09-24,P,E,Option,10000.0,4.1,10009470,0.0,"09:31-11:30,13:01-15:00",510300P2509M04100,10009470
2025-06-18,XSHG,510300.XSHG,300ETF沽9月4200,510300.XSHG,1.0,2025-09-24,2025-09-24,P,E,Option,10000.0,4.2,10009471,0.0,"09:31-11:30,13:01-15:00",510300P2509M04200,10009471
2025-06-18,XSHG,510300.XSHG,300ETF沽9月4300,510300.XSHG,1.0,2025-09-24,2025-09-24,P,E,Option,10000.0,4.3,10009472,0.0,"09:31-11:30,13:01-15:00",510300P2509M04300,10009472
2025-06-18,XSHG,510300.XSHG,300ETF购12月3500,510300.XSHG,1.0,2025-12-24,2025-12-24,C,E,Option,10000.0,3.5,10009473,0.0,"09:31-11:30,13:01-15:00",510300C2512M03500,10009473
2025-06-18,XSHG,510300.XSHG,300ETF购12月3600,510300.XSHG,1.0,2025-12-24,2025-12-24,C,E,Option,10000.0,3.6,10009474,0.0,"09:31-11:30,13:01-15:00",510300C2512M03600,10009474
2025-06-18,XSHG,510300.XSHG,300ETF购12月3700,510300.XSHG,1.0,2025-12-24,2025-12-24,C,E,Option,10000.0,3.7,10009475,0.0,"09:31-11:30,13:01-15:00",510300C2512M03700,10009475
2025-06-18,XSHG,510300.XSHG,300ETF购12月3800,510300.XSHG,1.0,2025-12-24,2025-12-24,C,E,Option,10000.0,3.8,10009476,0.0,"09:31-11:30,13:01-15:00",510300C2512M03800,10009476
2025-06-18,XSHG,510300.XSHG,300ETF购12月3900,510300.XSHG,1.0,2025-12-24,2025-12-24,C,E,Option,10000.0,3.9,10009477,0.0,"09:31-11:30,13:01-15:00",510300C2512M03900,10009477
2025-06-18,XSHG,510300.XSHG,300ETF购12月4000,510300.XSHG,1.0,2025-12-24,2025-12-24,C,E,Option,10000.0,4.0,10009478,0.0,"09:31-11:30,13:01-15:00",510300C2512M04000,10009478
2025-06-18,XSHG,510300.XSHG,300ETF购12月4100,510300.XSHG,1.0,2025-12-24,2025-12-24,C,E,Option,10000.0,4.1,10009479,0.0,"09:31-11:30,13:01-15:00",510300C2512M04100,10009479
2025-06-18,XSHG,510300.XSHG,300ETF购12月4200,510300.XSHG,1.0,2025-12-24,2025-12-24,C,E,Option,10000.0,4.2,10009480,0.0,"09:31-11:30,13:01-15:00",510300C2512M04200,10009480
2025-06-18,XSHG,510300.XSHG,300ETF购12月4300,510300.XSHG,1.0,2025-12-24,2025-12-24,C,E,Option,10000.0,4.3,10009481,0.0,"09:31-11:30,13:01-15:00",510300C2512M04300,10009481
2025-06-18,XSHG,510300.XSHG,300ETF沽12月3500,510300.XSHG,1.0,2025-12-24,2025-12-24,P,E,Option,10000.0,3.5,10009482,0.0,"09:31-11:30,13:01-15:00",510300P2512M03500,10009482
2025-06-18,XSHG,510300.XSHG,300ETF沽12月3600,510300.XSHG,1.0,2025-12-24,2025-12-24,P,E,Option,10000.0,3.6,10009483,0.0,"09:31-11:30,13:01-15:00",510300P2512M03600,10009483
2025-06-18,XSHG,510300.XSHG,300ETF沽12月3700,510300.XSHG,1.0,2025-12-24,2025-12-24,P,E,Option,10000.0,3.7,10009484,0.0,"09:31-11:30,13:01-15:00",510300P2512M03700,10009484
2025-06-18,XSHG,510300.XSHG,300ETF沽12月3800,510300.XSHG,1.0,2025-12-24,2025-12-24,P,E,Option,10000.0,3.8,10009485,0.0,"09:31-11:30,13:01-15:00",510300P2512M03800,10009485
2025-06-18,XSHG,510300.XSHG,300ETF沽12月3900,510300.XSHG,1.0,2025-12-24,2025-12-24,P,E,Option,10000.0,3.9,10009486,0.0,"09:31-11:30,13:01-15:00",510300P2512M03900,10009486
2025-06-18,XSHG,510300.XSHG,300ETF沽12月4000,510300.XSHG,1.0,2025-12-24,2025-12-24,P,E,Option,10000.0,4.0,10009487,0.0,"09:31-11:30,13:01-15:00",510300P2512M04000,10009487
2025-06-18,XSHG,510300.XSHG,300ETF沽12月4100,510300.XSHG,1.0,2025-12-24,2025-12-24,P,E,Option,10000.0,4.1,10009488,0.0,"09:31-11:30,13:01-15:00",510300P2512M04100,10009488
2025-06-18,XSHG,510300.XSHG,300ETF沽12月4200,510300.XSHG,1.0,2025-12-24,2025-12-24,P,E,Option,10000.0,4.2,10009489,0.0,"09:31-11:30,13:01-15:00",510300P2512M04200,10009489
2025-06-18,XSHG,510300.XSHG,300ETF沽12月4300,510300.XSHG,1.0,2025-12-24,2025-12-24,P,E,Option,10000.0,4.3,10009490,0.0,"09:31-11:30,13:01-15:00",510300P2512M04300,10009490
2025-06-26,XSHG,510300.XSHG,300ETF购7月4400,510300.XSHG,1.0,2025-07-23,2025-07-23,C,E,Option,10000.0,4.4,10009499,0.0,"09:31-11:30,13:01-15:00",510300C2507M04400,10009499
2025-06-26,XSHG,510300.XSHG,300ETF沽7月4400,510300.XSHG,1.0,2025-07-23,2025-07-23,P,E,Option,10000.0,4.4,10009500,0.0,"09:31-11:30,13:01-15:00",510300P2507M04400,10009500
2025-06-26,XSHG,510300.XSHG,300ETF购9月4400,510300.XSHG,1.0,2025-09-24,2025-09-24,C,E,Option,10000.0,4.4,10009501,0.0,"09:31-11:30,13:01-15:00",510300C2509M04400,10009501
2025-06-26,XSHG,510300.XSHG,300ETF沽9月4400,510300.XSHG,1.0,2025-09-24,2025-09-24,P,E,Option,10000.0,4.4,10009502,0.0,"09:31-11:30,13:01-15:00",510300P2509M04400,10009502
2025-06-26,XSHG,510300.XSHG,300ETF购12月4400,510300.XSHG,1.0,2025-12-24,2025-12-24,C,E,Option,10000.0,4.4,10009503,0.0,"09:31-11:30,13:01-15:00",510300C2512M04400,10009503
2025-06-26,XSHG,510300.XSHG,300ETF沽12月4400,510300.XSHG,1.0,2025-12-24,2025-12-24,P,E,Option,10000.0,4.4,10009504,0.0,"09:31-11:30,13:01-15:00",510300P2512M04400,10009504
2025-06-26,XSHG,510300.XSHG,300ETF购8月3600,510300.XSHG,1.0,2025-08-27,2025-08-27,C,E,Option,10000.0,3.6,10009527,0.0,"09:31-11:30,13:01-15:00",510300C2508M03600,10009527
2025-06-26,XSHG,510300.XSHG,300ETF购8月3700,510300.XSHG,1.0,2025-08-27,2025-08-27,C,E,Option,10000.0,3.7,10009528,0.0,"09:31-11:30,13:01-15:00",510300C2508M03700,10009528
2025-06-26,XSHG,510300.XSHG,300ETF购8月3800,510300.XSHG,1.0,2025-08-27,2025-08-27,C,E,Option,10000.0,3.8,10009529,0.0,"09:31-11:30,13:01-15:00",510300C2508M03800,10009529
2025-06-26,XSHG,510300.XSHG,300ETF购8月3900,510300.XSHG,1.0,2025-08-27,2025-08-27,C,E,Option,10000.0,3.9,10009530,0.0,"09:31-11:30,13:01-15:00",510300C2508M03900,10009530
2025-06-26,XSHG,510300.XSHG,300ETF购8月4000,510300.XSHG,1.0,2025-08-27,2025-08-27,C,E,Option,10000.0,4.0,10009531,0.0,"09:31-11:30,13:01-15:00",510300C2508M04000,10009531
2025-06-26,XSHG,510300.XSHG,300ETF购8月4100,510300.XSHG,1.0,2025-08-27,2025-08-27,C,E,Option,10000.0,4.1,10009532,0.0,"09:31-11:30,13:01-15:00",510300C2508M04100,10009532
2025-06-26,XSHG,510300.XSHG,300ETF购8月4200,510300.XSHG,1.0,2025-08-27,2025-08-27,C,E,Option,10000.0,4.2,10009533,0.0,"09:31-11:30,13:01-15:00",510300C2508M04200,10009533
2025-06-26,XSHG,510300.XSHG,300ETF购8月4300,510300.XSHG,1.0,2025-08-27,2025-08-27,C,E,Option,10000.0,4.3,10009534,0.0,"09:31-11:30,13:01-15:00",510300C2508M04300,10009534
2025-06-26,XSHG,510300.XSHG,300ETF购8月4400,510300.XSHG,1.0,2025-08-27,2025-08-27,C,E,Option,10000.0,4.4,10009535,0.0,"09:31-11:30,13:01-15:00",510300C2508M04400,10009535
2025-06-26,XSHG,510300.XSHG,300ETF沽8月3600,510300.XSHG,1.0,2025-08-27,2025-08-27,P,E,Option,10000.0,3.6,10009536,0.0,"09:31-11:30,13:01-15:00",510300P2508M03600,10009536
2025-06-26,XSHG,510300.XSHG,300ETF沽8月3700,510300.XSHG,1.0,2025-08-27,2025-08-27,P,E,Option,10000.0,3.7,10009537,0.0,"09:31-11:30,13:01-15:00",510300P2508M03700,10009537
2025-06-26,XSHG,510300.XSHG,300ETF沽8月3800,510300.XSHG,1.0,2025-08-27,2025-08-27,P,E,Option,10000.0,3.8,10009538,0.0,"09:31-11:30,13:01-15:00",510300P2508M03800,10009538
2025-06-26,XSHG,510300.XSHG,300ETF沽8月3900,510300.XSHG,1.0,2025-08-27,2025-08-27,P,E,Option,10000.0,3.9,10009539,0.0,"09:31-11:30,13:01-15:00",510300P2508M03900,10009539
2025-06-26,XSHG,510300.XSHG,300ETF沽8月4000,510300.XSHG,1.0,2025-08-27,2025-08-27,P,E,Option,10000.0,4.0,10009540,0.0,"09:31-11:30,13:01-15:00",510300P2508M04000,10009540
2025-06-26,XSHG,510300.XSHG,300ETF沽8月4100,510300.XSHG,1.0,2025-08-27,2025-08-27,P,E,Option,10000.0,4.1,10009541,0.0,"09:31-11:30,13:01-15:00",510300P2508M04100,10009541
2025-06-26,XSHG,510300.XSHG,300ETF沽8月4200,510300.XSHG,1.0,2025-08-27,2025-08-27,P,E,Option,10000.0,4.2,10009542,0.0,"09:31-11:30,13:01-15:00",510300P2508M04200,10009542
2025-06-26,XSHG,510300.XSHG,300ETF沽8月4300,510300.XSHG,1.0,2025-08-27,2025-08-27,P,E,Option,10000.0,4.3,10009543,0.0,"09:31-11:30,13:01-15:00",510300P2508M04300,10009543
2025-06-26,XSHG,510300.XSHG,300ETF沽8月4400,510300.XSHG,1.0,2025-08-27,2025-08-27,P,E,Option,10000.0,4.4,10009544,0.0,"09:31-11:30,13:01-15:00",510300P2508M04400,10009544
2025-07-11,XSHG,510300.XSHG,300ETF购7月4500,510300.XSHG,1.0,2025-07-23,2025-07-23,C,E,Option,10000.0,4.5,10009603,0.0,"09:31-11:30,13:01-15:00",510300C2507M04500,10009603
2025-07-11,XSHG,510300.XSHG,300ETF沽7月4500,510300.XSHG,1.0,2025-07-23,2025-07-23,P,E,Option,10000.0,4.5,10009604,0.0,"09:31-11:30,13:01-15:00",510300P2507M04500,10009604
2025-07-11,XSHG,510300.XSHG,300ETF购8月4500,510300.XSHG,1.0,2025-08-27,2025-08-27,C,E,Option,10000.0,4.5,10009605,0.0,"09:31-11:30,13:01-15:00",510300C2508M04500,10009605
2025-07-11,XSHG,510300.XSHG,300ETF沽8月4500,510300.XSHG,1.0,2025-08-27,2025-08-27,P,E,Option,10000.0,4.5,10009606,0.0,"09:31-11:30,13:01-15:00",510300P2508M04500,10009606
2025-07-11,XSHG,510300.XSHG,300ETF购9月4500,510300.XSHG,1.0,2025-09-24,2025-09-24,C,E,Option,10000.0,4.5,10009607,0.0,"09:31-11:30,13:01-15:00",510300C2509M04500,10009607
2025-07-11,XSHG,510300.XSHG,300ETF沽9月4500,510300.XSHG,1.0,2025-09-24,2025-09-24,P,E,Option,10000.0,4.5,10009608,0.0,"09:31-11:30,13:01-15:00",510300P2509M04500,10009608
2025-07-11,XSHG,510300.XSHG,300ETF购12月4500,510300.XSHG,1.0,2025-12-24,2025-12-24,C,E,Option,10000.0,4.5,10009609,0.0,"09:31-11:30,13:01-15:00",510300C2512M04500,10009609
2025-07-11,XSHG,510300.XSHG,300ETF沽12月4500,510300.XSHG,1.0,2025-12-24,2025-12-24,P,E,Option,10000.0,4.5,10009610,0.0,"09:31-11:30,13:01-15:00",510300P2512M04500,10009610
2025-07-22,XSHG,510300.XSHG,300ETF购7月4600,510300.XSHG,1.0,2025-07-23,2025-07-23,C,E,Option,10000.0,4.6,10009625,0.0,"09:31-11:30,13:01-15:00",510300C2507M04600,10009625
2025-07-22,XSHG,510300.XSHG,300ETF沽7月4600,510300.XSHG,1.0,2025-07-23,2025-07-23,P,E,Option,10000.0,4.6,10009626,0.0,"09:31-11:30,13:01-15:00",510300P2507M04600,10009626
2025-07-22,XSHG,510300.XSHG,300ETF购8月4600,510300.XSHG,1.0,2025-08-27,2025-08-27,C,E,Option,10000.0,4.6,10009627,0.0,"09:31-11:30,13:01-15:00",510300C2508M04600,10009627
2025-07-22,XSHG,510300.XSHG,300ETF沽8月4600,510300.XSHG,1.0,2025-08-27,2025-08-27,P,E,Option,10000.0,4.6,10009628,0.0,"09:31-11:30,13:01-15:00",510300P2508M04600,10009628
2025-07-22,XSHG,510300.XSHG,300ETF购9月4600,510300.XSHG,1.0,2025-09-24,2025-09-24,C,E,Option,10000.0,4.6,10009629,0.0,"09:31-11:30,13:01-15:00",510300C2509M04600,10009629
2025-07-22,XSHG,510300.XSHG,300ETF沽9月4600,510300.XSHG,1.0,2025-09-24,2025-09-24,P,E,Option,10000.0,4.6,10009630,0.0,"09:31-11:30,13:01-15:00",510300P2509M04600,10009630
2025-07-22,XSHG,510300.XSHG,300ETF购12月4600,510300.XSHG,1.0,2025-12-24,2025-12-24,C,E,Option,10000.0,4.6,10009631,0.0,"09:31-11:30,13:01-15:00",510300C2512M04600,10009631
2025-07-22,XSHG,510300.XSHG,300ETF沽12月4600,510300.XSHG,1.0,2025-12-24,2025-12-24,P,E,Option,10000.0,4.6,10009632,0.0,"09:31-11:30,13:01-15:00",510300P2512M04600,10009632
2025-07-24,XSHG,510300.XSHG,300ETF购3月3704A,510300.XSHG,1.0,2026-03-25,2026-03-25,C,E,Option,10260.0,3.704,10009651,0.0,"09:31-11:30,13:01-15:00",510300C2603A03800,10009651
2025-07-24,XSHG,510300.XSHG,300ETF购3月3801A,510300.XSHG,1.0,2026-03-25,2026-03-25,C,E,Option,10260.0,3.801,10009652,0.0,"09:31-11:30,13:01-15:00",510300C2603A03900,10009652
2025-07-24,XSHG,510300.XSHG,300ETF购3月3899A,510300.XSHG,1.0,2026-03-25,2026-03-25,C,E,Option,10260.0,3.899,10009653,0.0,"09:31-11:30,13:01-15:00",510300C2603A04000,10009653
2025-07-24,XSHG,510300.XSHG,300ETF购3月3996A,510300.XSHG,1.0,2026-03-25,2026-03-25,C,E,Option,10260.0,3.996,10009654,0.0,"09:31-11:30,13:01-15:00",510300C2603A04100,10009654
2025-07-24,XSHG,510300.XSHG,300ETF购3月4094A,510300.XSHG,1.0,2026-03-25,2026-03-25,C,E,Option,10260.0,4.094,10009655,0.0,"09:31-11:30,13:01-15:00",510300C2603A04200,10009655
2025-07-24,XSHG,510300.XSHG,300ETF购3月4191A,510300.XSHG,1.0,2026-03-25,2026-03-25,C,E,Option,10260.0,4.191,10009656,0.0,"09:31-11:30,13:01-15:00",510300C2603A04300,10009656
2025-07-24,XSHG,510300.XSHG,300ETF购3月4288A,510300.XSHG,1.0,2026-03-25,2026-03-25,C,E,Option,10260.0,4.288,10009657,0.0,"09:31-11:30,13:01-15:00",510300C2603A04400,10009657
2025-07-24,XSHG,510300.XSHG,300ETF购3月4386A,510300.XSHG,1.0,2026-03-25,2026-03-25,C,E,Option,10260.0,4.386,10009658,0.0,"09:31-11:30,13:01-15:00",510300C2603A04500,10009658
2025-07-24,XSHG,510300.XSHG,300ETF购3月4483A,510300.XSHG,1.0,2026-03-25,2026-03-25,C,E,Option,10260.0,4.483,10009659,0.0,"09:31-11:30,13:01-15:00",510300C2603A04600,10009659
2025-07-24,XSHG,510300.XSHG,300ETF沽3月3704A,510300.XSHG,1.0,2026-03-25,2026-03-25,P,E,Option,10260.0,3.704,10009660,0.0,"09:31-11:30,13:01-15:00",510300P2603A03800,10009660
2025-07-24,XSHG,510300.XSHG,300ETF沽3月3801A,510300.XSHG,1.0,2026-03-25,2026-03-25,P,E,Option,10260.0,3.801,10009661,0.0,"09:31-11:30,13:01-15:00",510300P2603A03900,10009661
2025-07-24,XSHG,510300.XSHG,300ETF沽3月3899A,510300.XSHG,1.0,2026-03-25,2026-03-25,P,E,Option,10260.0,3.899,10009662,0.0,"09:31-11:30,13:01-15:00",510300P2603A04000,10009662
2025-07-24,XSHG,510300.XSHG,300ETF沽3月3996A,510300.XSHG,1.0,2026-03-25,2026-03-25,P,E,Option,10260.0,3.996,10009663,0.0,"09:31-11:30,13:01-15:00",510300P2603A04100,10009663
2025-07-24,XSHG,510300.XSHG,300ETF沽3月4094A,510300.XSHG,1.0,2026-03-25,2026-03-25,P,E,Option,10260.0,4.094,10009664,0.0,"09:31-11:30,13:01-15:00",510300P2603A04200,10009664
2025-07-24,XSHG,510300.XSHG,300ETF沽3月4191A,510300.XSHG,1.0,2026-03-25,2026-03-25,P,E,Option,10260.0,4.191,10009665,0.0,"09:31-11:30,13:01-15:00",510300P2603A04300,10009665
2025-07-24,XSHG,510300.XSHG,300ETF沽3月4288A,510300.XSHG,1.0,2026-03-25,2026-03-25,P,E,Option,10260.0,4.288,10009666,0.0,"09:31-11:30,13:01-15:00",510300P2603A04400,10009666
2025-07-24,XSHG,510300.XSHG,300ETF沽3月4386A,510300.XSHG,1.0,2026-03-25,2026-03-25,P,E,Option,10260.0,4.386,10009667,0.0,"09:31-11:30,13:01-15:00",510300P2603A04500,10009667
2025-07-24,XSHG,510300.XSHG,300ETF沽3月4483A,510300.XSHG,1.0,2026-03-25,2026-03-25,P,E,Option,10260.0,4.483,10009668,0.0,"09:31-11:30,13:01-15:00",510300P2603A04600,10009668
2025-08-04,XSHG,510300.XSHG,300ETF购3月3606A,510300.XSHG,1.0,2026-03-25,2026-03-25,C,E,Option,10260.0,3.606,10009755,0.0,"09:31-11:30,13:01-15:00",510300C2603A03700,10009755
2025-08-04,XSHG,510300.XSHG,300ETF沽3月3606A,510300.XSHG,1.0,2026-03-25,2026-03-25,P,E,Option,10260.0,3.606,10009756,0.0,"09:31-11:30,13:01-15:00",510300P2603A03700,10009756
2025-08-14,XSHG,510300.XSHG,300ETF购8月4700,510300.XSHG,1.0,2025-08-27,2025-08-27,C,E,Option,10000.0,4.7,10009757,0.0,"09:31-11:30,13:01-15:00",510300C2508M04700,10009757
2025-08-14,XSHG,510300.XSHG,300ETF沽8月4700,510300.XSHG,1.0,2025-08-27,2025-08-27,P,E,Option,10000.0,4.7,10009758,0.0,"09:31-11:30,13:01-15:00",510300P2508M04700,10009758
2025-08-14,XSHG,510300.XSHG,300ETF购9月4700,510300.XSHG,1.0,2025-09-24,2025-09-24,C,E,Option,10000.0,4.7,10009759,0.0,"09:31-11:30,13:01-15:00",510300C2509M04700,10009759
2025-08-14,XSHG,510300.XSHG,300ETF沽9月4700,510300.XSHG,1.0,2025-09-24,2025-09-24,P,E,Option,10000.0,4.7,10009760,0.0,"09:31-11:30,13:01-15:00",510300P2509M04700,10009760
2025-08-14,XSHG,510300.XSHG,300ETF购12月4700,510300.XSHG,1.0,2025-12-24,2025-12-24,C,E,Option,10000.0,4.7,10009761,0.0,"09:31-11:30,13:01-15:00",510300C2512M04700,10009761
2025-08-14,XSHG,510300.XSHG,300ETF沽12月4700,510300.XSHG,1.0,2025-12-24,2025-12-24,P,E,Option,10000.0,4.7,10009762,0.0,"09:31-11:30,13:01-15:00",510300P2512M04700,10009762
2025-08-14,XSHG,510300.XSHG,300ETF购3月4581A,510300.XSHG,1.0,2026-03-25,2026-03-25,C,E,Option,10260.0,4.581,10009763,0.0,"09:31-11:30,13:01-15:00",510300C2603A04700,10009763
2025-08-14,XSHG,510300.XSHG,300ETF沽3月4581A,510300.XSHG,1.0,2026-03-25,2026-03-25,P,E,Option,10260.0,4.581,10009764,0.0,"09:31-11:30,13:01-15:00",510300P2603A04700,10009764
2025-08-21,XSHG,510300.XSHG,300ETF购8月4800,510300.XSHG,1.0,2025-08-27,2025-08-27,C,E,Option,10000.0,4.8,10009793,0.0,"09:31-11:30,13:01-15:00",510300C2508M04800,10009793
2025-08-21,XSHG,510300.XSHG,300ETF沽8月4800,510300.XSHG,1.0,2025-08-27,2025-08-27,P,E,Option,10000.0,4.8,10009794,0.0,"09:31-11:30,13:01-15:00",510300P2508M04800,10009794
2025-08-21,XSHG,510300.XSHG,300ETF购9月4800,510300.XSHG,1.0,2025-09-24,2025-09-24,C,E,Option,10000.0,4.8,10009795,0.0,"09:31-11:30,13:01-15:00",510300C2509M04800,10009795
2025-08-21,XSHG,510300.XSHG,300ETF沽9月4800,510300.XSHG,1.0,2025-09-24,2025-09-24,P,E,Option,10000.0,4.8,10009796,0.0,"09:31-11:30,13:01-15:00",510300P2509M04800,10009796
2025-08-21,XSHG,510300.XSHG,300ETF购12月4800,510300.XSHG,1.0,2025-12-24,2025-12-24,C,E,Option,10000.0,4.8,10009797,0.0,"09:31-11:30,13:01-15:00",510300C2512M04800,10009797
2025-08-21,XSHG,510300.XSHG,300ETF沽12月4800,510300.XSHG,1.0,2025-12-24,2025-12-24,P,E,Option,10000.0,4.8,10009798,0.0,"09:31-11:30,13:01-15:00",510300P2512M04800,10009798
2025-08-21,XSHG,510300.XSHG,300ETF购3月4678A,510300.XSHG,1.0,2026-03-25,2026-03-25,C,E,Option,10260.0,4.678,10009799,0.0,"09:31-11:30,13:01-15:00",510300C2603A04800,10009799
2025-08-21,XSHG,510300.XSHG,300ETF沽3月4678A,510300.XSHG,1.0,2026-03-25,2026-03-25,P,E,Option,10260.0,4.678,10009800,0.0,"09:31-11:30,13:01-15:00",510300P2603A04800,10009800
2025-08-25,XSHG,510300.XSHG,300ETF购8月4900,510300.XSHG,1.0,2025-08-27,2025-08-27,C,E,Option,10000.0,4.9,10009817,0.0,"09:31-11:30,13:01-15:00",510300C2508M04900,10009817
2025-08-25,XSHG,510300.XSHG,300ETF沽8月4900,510300.XSHG,1.0,2025-08-27,2025-08-27,P,E,Option,10000.0,4.9,10009818,0.0,"09:31-11:30,13:01-15:00",510300P2508M04900,10009818
2025-08-25,XSHG,510300.XSHG,300ETF购9月4900,510300.XSHG,1.0,2025-09-24,2025-09-24,C,E,Option,10000.0,4.9,10009819,0.0,"09:31-11:30,13:01-15:00",510300C2509M04900,10009819
2025-08-25,XSHG,510300.XSHG,300ETF沽9月4900,510300.XSHG,1.0,2025-09-24,2025-09-24,P,E,Option,10000.0,4.9,10009820,0.0,"09:31-11:30,13:01-15:00",510300P2509M04900,10009820
2025-08-25,XSHG,510300.XSHG,300ETF购12月4900,510300.XSHG,1.0,2025-12-24,2025-12-24,C,E,Option,10000.0,4.9,10009821,0.0,"09:31-11:30,13:01-15:00",510300C2512M04900,10009821
2025-08-25,XSHG,510300.XSHG,300ETF沽12月4900,510300.XSHG,1.0,2025-12-24,2025-12-24,P,E,Option,10000.0,4.9,10009822,0.0,"09:31-11:30,13:01-15:00",510300P2512M04900,10009822
2025-08-25,XSHG,510300.XSHG,300ETF购3月4776A,510300.XSHG,1.0,2026-03-25,2026-03-25,C,E,Option,10260.0,4.776,10009823,0.0,"09:31-11:30,13:01-15:00",510300C2603A04900,10009823
2025-08-25,XSHG,510300.XSHG,300ETF沽3月4776A,510300.XSHG,1.0,2026-03-25,2026-03-25,P,E,Option,10260.0,4.776,10009824,0.0,"09:31-11:30,13:01-15:00",510300P2603A04900,10009824
2025-08-26,XSHG,510300.XSHG,300ETF购8月5000,510300.XSHG,1.0,2025-08-27,2025-08-27,C,E,Option,10000.0,5.0,10009865,0.0,"09:31-11:30,13:01-15:00",510300C2508M05000,10009865
2025-08-26,XSHG,510300.XSHG,300ETF沽8月5000,510300.XSHG,1.0,2025-08-27,2025-08-27,P,E,Option,10000.0,5.0,10009866,0.0,"09:31-11:30,13:01-15:00",510300P2508M05000,10009866
2025-08-26,XSHG,510300.XSHG,300ETF购9月5000,510300.XSHG,1.0,2025-09-24,2025-09-24,C,E,Option,10000.0,5.0,10009867,0.0,"09:31-11:30,13:01-15:00",510300C2509M05000,10009867
2025-08-26,XSHG,510300.XSHG,300ETF沽9月5000,510300.XSHG,1.0,2025-09-24,2025-09-24,P,E,Option,10000.0,5.0,10009868,0.0,"09:31-11:30,13:01-15:00",510300P2509M05000,10009868
2025-08-26,XSHG,510300.XSHG,300ETF购12月5000,510300.XSHG,1.0,2025-12-24,2025-12-24,C,E,Option,10000.0,5.0,10009869,0.0,"09:31-11:30,13:01-15:00",510300C2512M05000,10009869
2025-08-26,XSHG,510300.XSHG,300ETF沽12月5000,510300.XSHG,1.0,2025-12-24,2025-12-24,P,E,Option,10000.0,5.0,10009870,0.0,"09:31-11:30,13:01-15:00",510300P2512M05000,10009870
2025-08-26,XSHG,510300.XSHG,300ETF购3月4873A,510300.XSHG,1.0,2026-03-25,2026-03-25,C,E,Option,10260.0,4.873,10009871,0.0,"09:31-11:30,13:01-15:00",510300C2603A05000,10009871
2025-08-26,XSHG,510300.XSHG,300ETF沽3月4873A,510300.XSHG,1.0,2026-03-25,2026-03-25,P,E,Option,10260.0,4.873,10009872,0.0,"09:31-11:30,13:01-15:00",510300P2603A05000,10009872
2025-08-28,XSHG,510300.XSHG,300ETF购10月4100,510300.XSHG,1.0,2025-10-22,2025-10-22,C,E,Option,10000.0,4.1,10009907,0.0,"09:31-11:30,13:01-15:00",510300C2510M04100,10009907
2025-08-28,XSHG,510300.XSHG,300ETF购10月4200,510300.XSHG,1.0,2025-10-22,2025-10-22,C,E,Option,10000.0,4.2,10009908,0.0,"09:31-11:30,13:01-15:00",510300C2510M04200,10009908
2025-08-28,XSHG,510300.XSHG,300ETF购10月4300,510300.XSHG,1.0,2025-10-22,2025-10-22,C,E,Option,10000.0,4.3,10009909,0.0,"09:31-11:30,13:01-15:00",510300C2510M04300,10009909
2025-08-28,XSHG,510300.XSHG,300ETF购10月4400,510300.XSHG,1.0,2025-10-22,2025-10-22,C,E,Option,10000.0,4.4,10009910,0.0,"09:31-11:30,13:01-15:00",510300C2510M04400,10009910
2025-08-28,XSHG,510300.XSHG,300ETF购10月4500,510300.XSHG,1.0,2025-10-22,2025-10-22,C,E,Option,10000.0,4.5,10009911,0.0,"09:31-11:30,13:01-15:00",510300C2510M04500,10009911
2025-08-28,XSHG,510300.XSHG,300ETF购10月4600,510300.XSHG,1.0,2025-10-22,2025-10-22,C,E,Option,10000.0,4.6,10009912,0.0,"09:31-11:30,13:01-15:00",510300C2510M04600,10009912
2025-08-28,XSHG,510300.XSHG,300ETF购10月4700,510300.XSHG,1.0,2025-10-22,2025-10-22,C,E,Option,10000.0,4.7,10009913,0.0,"09:31-11:30,13:01-15:00",510300C2510M04700,10009913
2025-08-28,XSHG,510300.XSHG,300ETF购10月4800,510300.XSHG,1.0,2025-10-22,2025-10-22,C,E,Option,10000.0,4.8,10009914,0.0,"09:31-11:30,13:01-15:00",510300C2510M04800,10009914
2025-08-28,XSHG,510300.XSHG,300ETF购10月4900,510300.XSHG,1.0,2025-10-22,2025-10-22,C,E,Option,10000.0,4.9,10009915,0.0,"09:31-11:30,13:01-15:00",510300C2510M04900,10009915
2025-08-28,XSHG,510300.XSHG,300ETF沽10月4100,510300.XSHG,1.0,2025-10-22,2025-10-22,P,E,Option,10000.0,4.1,10009916,0.0,"09:31-11:30,13:01-15:00",510300P2510M04100,10009916
2025-08-28,XSHG,510300.XSHG,300ETF沽10月4200,510300.XSHG,1.0,2025-10-22,2025-10-22,P,E,Option,10000.0,4.2,10009917,0.0,"09:31-11:30,13:01-15:00",510300P2510M04200,10009917
2025-08-28,XSHG,510300.XSHG,300ETF沽10月4300,510300.XSHG,1.0,2025-10-22,2025-10-22,P,E,Option,10000.0,4.3,10009918,0.0,"09:31-11:30,13:01-15:00",510300P2510M04300,10009918
2025-08-28,XSHG,510300.XSHG,300ETF沽10月4400,510300.XSHG,1.0,2025-10-22,2025-10-22,P,E,Option,10000.0,4.4,10009919,0.0,"09:31-11:30,13:01-15:00",510300P2510M04400,10009919
2025-08-28,XSHG,510300.XSHG,300ETF沽10月4500,510300.XSHG,1.0,2025-10-22,2025-10-22,P,E,Option,10000.0,4.5,10009920,0.0,"09:31-11:30,13:01-15:00",510300P2510M04500,10009920
2025-08-28,XSHG,510300.XSHG,300ETF沽10月4600,510300.XSHG,1.0,2025-10-22,2025-10-22,P,E,Option,10000.0,4.6,10009921,0.0,"09:31-11:30,13:01-15:00",510300P2510M04600,10009921
2025-08-28,XSHG,510300.XSHG,300ETF沽10月4700,510300.XSHG,1.0,2025-10-22,2025-10-22,P,E,Option,10000.0,4.7,10009922,0.0,"09:31-11:30,13:01-15:00",510300P2510M04700,10009922
2025-08-28,XSHG,510300.XSHG,300ETF沽10月4800,510300.XSHG,1.0,2025-10-22,2025-10-22,P,E,Option,10000.0,4.8,10009923,0.0,"09:31-11:30,13:01-15:00",510300P2510M04800,10009923
2025-08-28,XSHG,510300.XSHG,300ETF沽10月4900,510300.XSHG,1.0,2025-10-22,2025-10-22,P,E,Option,10000.0,4.9,10009924,0.0,"09:31-11:30,13:01-15:00",510300P2510M04900,10009924
2025-08-29,XSHG,510300.XSHG,300ETF购10月5000,510300.XSHG,1.0,2025-10-22,2025-10-22,C,E,Option,10000.0,5.0,10009979,0.0,"09:31-11:30,13:01-15:00",510300C2510M05000,10009979
2025-08-29,XSHG,510300.XSHG,300ETF沽10月5000,510300.XSHG,1.0,2025-10-22,2025-10-22,P,E,Option,10000.0,5.0,10009980,0.0,"09:31-11:30,13:01-15:00",510300P2510M05000,10009980
2025-09-12,XSHG,510300.XSHG,300ETF购9月5250,510300.XSHG,1.0,2025-09-24,2025-09-24,C,E,Option,10000.0,5.25,10010023,0.0,"09:31-11:30,13:01-15:00",510300C2509M05250,10010023
2025-09-12,XSHG,510300.XSHG,300ETF沽9月5250,510300.XSHG,1.0,2025-09-24,2025-09-24,P,E,Option,10000.0,5.25,10010024,0.0,"09:31-11:30,13:01-15:00",510300P2509M05250,10010024
2025-09-12,XSHG,510300.XSHG,300ETF购10月5250,510300.XSHG,1.0,2025-10-22,2025-10-22,C,E,Option,10000.0,5.25,10010025,0.0,"09:31-11:30,13:01-15:00",510300C2510M05250,10010025
2025-09-12,XSHG,510300.XSHG,300ETF沽10月5250,510300.XSHG,1.0,2025-10-22,2025-10-22,P,E,Option,10000.0,5.25,10010026,0.0,"09:31-11:30,13:01-15:00",510300P2510M05250,10010026
2025-09-12,XSHG,510300.XSHG,300ETF购12月5250,510300.XSHG,1.0,2025-12-24,2025-12-24,C,E,Option,10000.0,5.25,10010027,0.0,"09:31-11:30,13:01-15:00",510300C2512M05250,10010027
2025-09-12,XSHG,510300.XSHG,300ETF沽12月5250,510300.XSHG,1.0,2025-12-24,2025-12-24,P,E,Option,10000.0,5.25,10010028,0.0,"09:31-11:30,13:01-15:00",510300P2512M05250,10010028
2025-09-12,XSHG,510300.XSHG,300ETF购3月5117A,510300.XSHG,1.0,2026-03-25,2026-03-25,C,E,Option,10260.0,5.117,10010029,0.0,"09:31-11:30,13:01-15:00",510300C2603A05250,10010029
2025-09-12,XSHG,510300.XSHG,300ETF沽3月5117A,510300.XSHG,1.0,2026-03-25,2026-03-25,P,E,Option,10260.0,5.117,10010030,0.0,"09:31-11:30,13:01-15:00",510300P2603A05250,10010030
2025-09-25,XSHG,510300.XSHG,300ETF购11月4300,510300.XSHG,1.0,2025-11-26,2025-11-26,C,E,Option,10000.0,4.3,10010083,0.0,"09:31-11:30,13:01-15:00",510300C2511M04300,10010083
2025-09-25,XSHG,510300.XSHG,300ETF购11月4400,510300.XSHG,1.0,2025-11-26,2025-11-26,C,E,Option,10000.0,4.4,10010084,0.0,"09:31-11:30,13:01-15:00",510300C2511M04400,10010084
2025-09-25,XSHG,510300.XSHG,300ETF购11月4500,510300.XSHG,1.0,2025-11-26,2025-11-26,C,E,Option,10000.0,4.5,10010085,0.0,"09:31-11:30,13:01-15:00",510300C2511M04500,10010085
2025-09-25,XSHG,510300.XSHG,300ETF购11月4600,510300.XSHG,1.0,2025-11-26,2025-11-26,C,E,Option,10000.0,4.6,10010086,0.0,"09:31-11:30,13:01-15:00",510300C2511M04600,10010086
2025-09-25,XSHG,510300.XSHG,300ETF购11月4700,510300.XSHG,1.0,2025-11-26,2025-11-26,C,E,Option,10000.0,4.7,10010087,0.0,"09:31-11:30,13:01-15:00",510300C2511M04700,10010087
2025-09-25,XSHG,510300.XSHG,300ETF购11月4800,510300.XSHG,1.0,2025-11-26,2025-11-26,C,E,Option,10000.0,4.8,10010088,0.0,"09:31-11:30,13:01-15:00",510300C2511M04800,10010088
2025-09-25,XSHG,510300.XSHG,300ETF购11月4900,510300.XSHG,1.0,2025-11-26,2025-11-26,C,E,Option,10000.0,4.9,10010089,0.0,"09:31-11:30,13:01-15:00",510300C2511M04900,10010089
2025-09-25,XSHG,510300.XSHG,300ETF购11月5000,510300.XSHG,1.0,2025-11-26,2025-11-26,C,E,Option,10000.0,5.0,10010090,0.0,"09:31-11:30,13:01-15:00",510300C2511M05000,10010090
2025-09-25,XSHG,510300.XSHG,300ETF购11月5250,510300.XSHG,1.0,2025-11-26,2025-11-26,C,E,Option,10000.0,5.25,10010091,0.0,"09:31-11:30,13:01-15:00",510300C2511M05250,10010091
2025-09-25,XSHG,510300.XSHG,300ETF沽11月4300,510300.XSHG,1.0,2025-11-26,2025-11-26,P,E,Option,10000.0,4.3,10010092,0.0,"09:31-11:30,13:01-15:00",510300P2511M04300,10010092
2025-09-25,XSHG,510300.XSHG,300ETF沽11月4400,510300.XSHG,1.0,2025-11-26,2025-11-26,P,E,Option,10000.0,4.4,10010093,0.0,"09:31-11:30,13:01-15:00",510300P2511M04400,10010093
2025-09-25,XSHG,510300.XSHG,300ETF沽11月4500,510300.XSHG,1.0,2025-11-26,2025-11-26,P,E,Option,10000.0,4.5,10010094,0.0,"09:31-11:30,13:01-15:00",510300P2511M04500,10010094
2025-09-25,XSHG,510300.XSHG,300ETF沽11月4600,510300.XSHG,1.0,2025-11-26,2025-11-26,P,E,Option,10000.0,4.6,10010095,0.0,"09:31-11:30,13:01-15:00",510300P2511M04600,10010095
2025-09-25,XSHG,510300.XSHG,300ETF沽11月4700,510300.XSHG,1.0,2025-11-26,2025-11-26,P,E,Option,10000.0,4.7,10010096,0.0,"09:31-11:30,13:01-15:00",510300P2511M04700,10010096
2025-09-25,XSHG,510300.XSHG,300ETF沽11月4800,510300.XSHG,1.0,2025-11-26,2025-11-26,P,E,Option,10000.0,4.8,10010097,0.0,"09:31-11:30,13:01-15:00",510300P2511M04800,10010097
2025-09-25,XSHG,510300.XSHG,300ETF沽11月4900,510300.XSHG,1.0,2025-11-26,2025-11-26,P,E,Option,10000.0,4.9,10010098,0.0,"09:31-11:30,13:01-15:00",510300P2511M04900,10010098
2025-09-25,XSHG,510300.XSHG,300ETF沽11月5000,510300.XSHG,1.0,2025-11-26,2025-11-26,P,E,Option,10000.0,5.0,10010099,0.0,"09:31-11:30,13:01-15:00",510300P2511M05000,10010099
2025-09-25,XSHG,510300.XSHG,300ETF沽11月5250,510300.XSHG,1.0,2025-11-26,2025-11-26,P,E,Option,10000.0,5.25,10010100,0.0,"09:31-11:30,13:01-15:00",510300P2511M05250,10010100
2025-10-10,XSHG,510300.XSHG,300ETF购10月5500,510300.XSHG,1.0,2025-10-22,2025-10-22,C,E,Option,10000.0,5.5,10010175,0.0,"09:31-11:30,13:01-15:00",510300C2510M05500,10010175
2025-10-10,XSHG,510300.XSHG,300ETF沽10月5500,510300.XSHG,1.0,2025-10-22,2025-10-22,P,E,Option,10000.0,5.5,10010176,0.0,"09:31-11:30,13:01-15:00",510300P2510M05500,10010176
2025-10-10,XSHG,510300.XSHG,300ETF购11月5500,510300.XSHG,1.0,2025-11-26,2025-11-26,C,E,Option,10000.0,5.5,10010177,0.0,"09:31-11:30,13:01-15:00",510300C2511M05500,10010177
2025-10-10,XSHG,510300.XSHG,300ETF沽11月5500,510300.XSHG,1.0,2025-11-26,2025-11-26,P,E,Option,10000.0,5.5,10010178,0.0,"09:31-11:30,13:01-15:00",510300P2511M05500,10010178
2025-10-10,XSHG,510300.XSHG,300ETF购12月5500,510300.XSHG,1.0,2025-12-24,2025-12-24,C,E,Option,10000.0,5.5,10010179,0.0,"09:31-11:30,13:01-15:00",510300C2512M05500,10010179
2025-10-10,XSHG,510300.XSHG,300ETF沽12月5500,510300.XSHG,1.0,2025-12-24,2025-12-24,P,E,Option,10000.0,5.5,10010180,0.0,"09:31-11:30,13:01-15:00",510300P2512M05500,10010180
2025-10-10,XSHG,510300.XSHG,300ETF购3月5361A,510300.XSHG,1.0,2026-03-25,2026-03-25,C,E,Option,10260.0,5.361,10010181,0.0,"09:31-11:30,13:01-15:00",510300C2603A05500,10010181
2025-10-10,XSHG,510300.XSHG,300ETF沽3月5361A,510300.XSHG,1.0,2026-03-25,2026-03-25,P,E,Option,10260.0,5.361,10010182,0.0,"09:31-11:30,13:01-15:00",510300P2603A05500,10010182
2025-10-15,XSHG,510300.XSHG,300ETF购11月4200,510300.XSHG,1.0,2025-11-26,2025-11-26,C,E,Option,10000.0,4.2,10010207,0.0,"09:31-11:30,13:01-15:00",510300C2511M04200,10010207
2025-10-15,XSHG,510300.XSHG,300ETF沽11月4200,510300.XSHG,1.0,2025-11-26,2025-11-26,P,E,Option,10000.0,4.2,10010208,0.0,"09:31-11:30,13:01-15:00",510300P2511M04200,10010208
2025-10-23,XSHG,510300.XSHG,300ETF购6月4191A,510300.XSHG,1.0,2026-06-24,2026-06-24,C,E,Option,10260.0,4.191,10010313,0.0,"09:31-11:30,13:01-15:00",510300C2606A04300,10010313
2025-10-23,XSHG,510300.XSHG,300ETF购6月4288A,510300.XSHG,1.0,2026-06-24,2026-06-24,C,E,Option,10260.0,4.288,10010314,0.0,"09:31-11:30,13:01-15:00",510300C2606A04400,10010314
2025-10-23,XSHG,510300.XSHG,300ETF购6月4386A,510300.XSHG,1.0,2026-06-24,2026-06-24,C,E,Option,10260.0,4.386,10010315,0.0,"09:31-11:30,13:01-15:00",510300C2606A04500,10010315
2025-10-23,XSHG,510300.XSHG,300ETF购6月4483A,510300.XSHG,1.0,2026-06-24,2026-06-24,C,E,Option,10260.0,4.483,10010316,0.0,"09:31-11:30,13:01-15:00",510300C2606A04600,10010316
2025-10-23,XSHG,510300.XSHG,300ETF购6月4581A,510300.XSHG,1.0,2026-06-24,2026-06-24,C,E,Option,10260.0,4.581,10010317,0.0,"09:31-11:30,13:01-15:00",510300C2606A04700,10010317
2025-10-23,XSHG,510300.XSHG,300ETF购6月4678A,510300.XSHG,1.0,2026-06-24,2026-06-24,C,E,Option,10260.0,4.678,10010318,0.0,"09:31-11:30,13:01-15:00",510300C2606A04800,10010318
2025-10-23,XSHG,510300.XSHG,300ETF购6月4776A,510300.XSHG,1.0,2026-06-24,2026-06-24,C,E,Option,10260.0,4.776,10010319,0.0,"09:31-11:30,13:01-15:00",510300C2606A04900,10010319
2025-10-23,XSHG,510300.XSHG,300ETF购6月4873A,510300.XSHG,1.0,2026-06-24,2026-06-24,C,E,Option,10260.0,4.873,10010320,0.0,"09:31-11:30,13:01-15:00",510300C2606A05000,10010320
2025-10-23,XSHG,510300.XSHG,300ETF购6月5117A,510300.XSHG,1.0,2026-06-24,2026-06-24,C,E,Option,10260.0,5.117,10010321,0.0,"09:31-11:30,13:01-15:00",510300C2606A05250,10010321
2025-10-23,XSHG,510300.XSHG,300ETF沽6月4191A,510300.XSHG,1.0,2026-06-24,2026-06-24,P,E,Option,10260.0,4.191,10010322,0.0,"09:31-11:30,13:01-15:00",510300P2606A04300,10010322
2025-10-23,XSHG,510300.XSHG,300ETF沽6月4288A,510300.XSHG,1.0,2026-06-24,2026-06-24,P,E,Option,10260.0,4.288,10010323,0.0,"09:31-11:30,13:01-15:00",510300P2606A04400,10010323
2025-10-23,XSHG,510300.XSHG,300ETF沽6月4386A,510300.XSHG,1.0,2026-06-24,2026-06-24,P,E,Option,10260.0,4.386,10010324,0.0,"09:31-11:30,13:01-15:00",510300P2606A04500,10010324
2025-10-23,XSHG,510300.XSHG,300ETF沽6月4483A,510300.XSHG,1.0,2026-06-24,2026-06-24,P,E,Option,10260.0,4.483,10010325,0.0,"09:31-11:30,13:01-15:00",510300P2606A04600,10010325
2025-10-23,XSHG,510300.XSHG,300ETF沽6月4581A,510300.XSHG,1.0,2026-06-24,2026-06-24,P,E,Option,10260.0,4.581,10010326,0.0,"09:31-11:30,13:01-15:00",510300P2606A04700,10010326
2025-10-23,XSHG,510300.XSHG,300ETF沽6月4678A,510300.XSHG,1.0,2026-06-24,2026-06-24,P,E,Option,10260.0,4.678,10010327,0.0,"09:31-11:30,13:01-15:00",510300P2606A04800,10010327
2025-10-23,XSHG,510300.XSHG,300ETF沽6月4776A,510300.XSHG,1.0,2026-06-24,2026-06-24,P,E,Option,10260.0,4.776,10010328,0.0,"09:31-11:30,13:01-15:00",510300P2606A04900,10010328
2025-10-23,XSHG,510300.XSHG,300ETF沽6月4873A,510300.XSHG,1.0,2026-06-24,2026-06-24,P,E,Option,10260.0,4.873,10010329,0.0,"09:31-11:30,13:01-15:00",510300P2606A05000,10010329
2025-10-23,XSHG,510300.XSHG,300ETF沽6月5117A,510300.XSHG,1.0,2026-06-24,2026-06-24,P,E,Option,10260.0,5.117,10010330,0.0,"09:31-11:30,13:01-15:00",510300P2606A05250,10010330
2025-10-27,XSHG,510300.XSHG,300ETF购6月5361A,510300.XSHG,1.0,2026-06-24,2026-06-24,C,E,Option,10260.0,5.361,10010391,0.0,"09:31-11:30,13:01-15:00",510300C2606A05500,10010391
2025-10-27,XSHG,510300.XSHG,300ETF沽6月5361A,510300.XSHG,1.0,2026-06-24,2026-06-24,P,E,Option,10260.0,5.361,10010392,0.0,"09:31-11:30,13:01-15:00",510300P2606A05500,10010392
2025-10-30,XSHG,510300.XSHG,300ETF购11月5750,510300.XSHG,1.0,2025-11-26,2025-11-26,C,E,Option,10000.0,5.75,10010405,0.0,"09:31-11:30,13:01-15:00",510300C2511M05750,10010405
2025-10-30,XSHG,510300.XSHG,300ETF沽11月5750,510300.XSHG,1.0,2025-11-26,2025-11-26,P,E,Option,10000.0,5.75,10010406,0.0,"09:31-11:30,13:01-15:00",510300P2511M05750,10010406
2025-10-30,XSHG,510300.XSHG,300ETF购12月5750,510300.XSHG,1.0,2025-12-24,2025-12-24,C,E,Option,10000.0,5.75,10010407,0.0,"09:31-11:30,13:01-15:00",510300C2512M05750,10010407
2025-10-30,XSHG,510300.XSHG,300ETF沽12月5750,510300.XSHG,1.0,2025-12-24,2025-12-24,P,E,Option,10000.0,5.75,10010408,0.0,"09:31-11:30,13:01-15:00",510300P2512M05750,10010408
2025-10-30,XSHG,510300.XSHG,300ETF购3月5604A,510300.XSHG,1.0,2026-03-25,2026-03-25,C,E,Option,10260.0,5.604,10010409,0.0,"09:31-11:30,13:01-15:00",510300C2603A05750,10010409
2025-10-30,XSHG,510300.XSHG,300ETF沽3月5604A,510300.XSHG,1.0,2026-03-25,2026-03-25,P,E,Option,10260.0,5.604,10010410,0.0,"09:31-11:30,13:01-15:00",510300P2603A05750,10010410
2025-10-30,XSHG,510300.XSHG,300ETF购6月5604A,510300.XSHG,1.0,2026-06-24,2026-06-24,C,E,Option,10260.0,5.604,10010411,0.0,"09:31-11:30,13:01-15:00",510300C2606A05750,10010411
2025-10-30,XSHG,510300.XSHG,300ETF沽6月5604A,510300.XSHG,1.0,2026-06-24,2026-06-24,P,E,Option,10260.0,5.604,10010412,0.0,"09:31-11:30,13:01-15:00",510300P2606A05750,10010412
2025-11-24,XSHG,510300.XSHG,300ETF购6月4094A,510300.XSHG,1.0,2026-06-24,2026-06-24,C,E,Option,10260.0,4.094,10010425,0.0,"09:31-11:30,13:01-15:00",510300C2606A04200,10010425
2025-11-24,XSHG,510300.XSHG,300ETF沽6月4094A,510300.XSHG,1.0,2026-06-24,2026-06-24,P,E,Option,10260.0,4.094,10010426,0.0,"09:31-11:30,13:01-15:00",510300P2606A04200,10010426
2025-11-27,XSHG,510300.XSHG,300ETF购1月4094A,510300.XSHG,1.0,2026-01-28,2026-01-28,C,E,Option,10260.0,4.094,10010459,0.0,"09:31-11:30,13:01-15:00",510300C2601A04200,10010459
2025-11-27,XSHG,510300.XSHG,300ETF购1月4191A,510300.XSHG,1.0,2026-01-28,2026-01-28,C,E,Option,10260.0,4.191,10010460,0.0,"09:31-11:30,13:01-15:00",510300C2601A04300,10010460
2025-11-27,XSHG,510300.XSHG,300ETF购1月4288A,510300.XSHG,1.0,2026-01-28,2026-01-28,C,E,Option,10260.0,4.288,10010461,0.0,"09:31-11:30,13:01-15:00",510300C2601A04400,10010461
2025-11-27,XSHG,510300.XSHG,300ETF购1月4386A,510300.XSHG,1.0,2026-01-28,2026-01-28,C,E,Option,10260.0,4.386,10010462,0.0,"09:31-11:30,13:01-15:00",510300C2601A04500,10010462
2025-11-27,XSHG,510300.XSHG,300ETF购1月4483A,510300.XSHG,1.0,2026-01-28,2026-01-28,C,E,Option,10260.0,4.483,10010463,0.0,"09:31-11:30,13:01-15:00",510300C2601A04600,10010463
2025-11-27,XSHG,510300.XSHG,300ETF购1月4581A,510300.XSHG,1.0,2026-01-28,2026-01-28,C,E,Option,10260.0,4.581,10010464,0.0,"09:31-11:30,13:01-15:00",510300C2601A04700,10010464
2025-11-27,XSHG,510300.XSHG,300ETF购1月4678A,510300.XSHG,1.0,2026-01-28,2026-01-28,C,E,Option,10260.0,4.678,10010465,0.0,"09:31-11:30,13:01-15:00",510300C2601A04800,10010465
2025-11-27,XSHG,510300.XSHG,300ETF购1月4776A,510300.XSHG,1.0,2026-01-28,2026-01-28,C,E,Option,10260.0,4.776,10010466,0.0,"09:31-11:30,13:01-15:00",510300C2601A04900,10010466
2025-11-27,XSHG,510300.XSHG,300ETF购1月4873A,510300.XSHG,1.0,2026-01-28,2026-01-28,C,E,Option,10260.0,4.873,10010467,0.0,"09:31-11:30,13:01-15:00",510300C2601A05000,10010467
2025-11-27,XSHG,510300.XSHG,300ETF沽1月4094A,510300.XSHG,1.0,2026-01-28,2026-01-28,P,E,Option,10260.0,4.094,10010468,0.0,"09:31-11:30,13:01-15:00",510300P2601A04200,10010468
2025-11-27,XSHG,510300.XSHG,300ETF沽1月4191A,510300.XSHG,1.0,2026-01-28,2026-01-28,P,E,Option,10260.0,4.191,10010469,0.0,"09:31-11:30,13:01-15:00",510300P2601A04300,10010469
2025-11-27,XSHG,510300.XSHG,300ETF沽1月4288A,510300.XSHG,1.0,2026-01-28,2026-01-28,P,E,Option,10260.0,4.288,10010470,0.0,"09:31-11:30,13:01-15:00",510300P2601A04400,10010470
2025-11-27,XSHG,510300.XSHG,300ETF沽1月4386A,510300.XSHG,1.0,2026-01-28,2026-01-28,P,E,Option,10260.0,4.386,10010471,0.0,"09:31-11:30,13:01-15:00",510300P2601A04500,10010471
2025-11-27,XSHG,510300.XSHG,300ETF沽1月4483A,510300.XSHG,1.0,2026-01-28,2026-01-28,P,E,Option,10260.0,4.483,10010472,0.0,"09:31-11:30,13:01-15:00",510300P2601A04600,10010472
2025-11-27,XSHG,510300.XSHG,300ETF沽1月4581A,510300.XSHG,1.0,2026-01-28,2026-01-28,P,E,Option,10260.0,4.581,10010473,0.0,"09:31-11:30,13:01-15:00",510300P2601A04700,10010473
2025-11-27,XSHG,510300.XSHG,300ETF沽1月4678A,510300.XSHG,1.0,2026-01-28,2026-01-28,P,E,Option,10260.0,4.678,10010474,0.0,"09:31-11:30,13:01-15:00",510300P2601A04800,10010474
2025-11-27,XSHG,510300.XSHG,300ETF沽1月4776A,510300.XSHG,1.0,2026-01-28,2026-01-28,P,E,Option,10260.0,4.776,10010475,0.0,"09:31-11:30,13:01-15:00",510300P2601A04900,10010475
2025-11-27,XSHG,510300.XSHG,300ETF沽1月4873A,510300.XSHG,1.0,2026-01-28,2026-01-28,P,E,Option,10260.0,4.873,10010476,0.0,"09:31-11:30,13:01-15:00",510300P2601A05000,10010476
2025-12-02,XSHG,510300.XSHG,300ETF购1月5117A,510300.XSHG,1.0,2026-01-28,2026-01-28,C,E,Option,10260.0,5.117,10010533,0.0,"09:31-11:30,13:01-15:00",510300C2601A05250,10010533
2025-12-02,XSHG,510300.XSHG,300ETF沽1月5117A,510300.XSHG,1.0,2026-01-28,2026-01-28,P,E,Option,10260.0,5.117,10010534,0.0,"09:31-11:30,13:01-15:00",510300P2601A05250,10010534
2025-12-25,XSHG,510300.XSHG,300ETF购1月5361A,510300.XSHG,1.0,2026-01-28,2026-01-28,C,E,Option,10260.0,5.361,10010623,0.0,"09:31-11:30,13:01-15:00",510300C2601A05500,10010623
2025-12-25,XSHG,510300.XSHG,300ETF沽1月5361A,510300.XSHG,1.0,2026-01-28,2026-01-28,P,E,Option,10260.0,5.361,10010624,0.0,"09:31-11:30,13:01-15:00",510300P2601A05500,10010624
2025-12-25,XSHG,510300.XSHG,300ETF购2月4288A,510300.XSHG,1.0,2026-02-25,2026-02-25,C,E,Option,10260.0,4.288,10010645,0.0,"09:31-11:30,13:01-15:00",510300C2602A04400,10010645
2025-12-25,XSHG,510300.XSHG,300ETF购2月4386A,510300.XSHG,1.0,2026-02-25,2026-02-25,C,E,Option,10260.0,4.386,10010646,0.0,"09:31-11:30,13:01-15:00",510300C2602A04500,10010646
2025-12-25,XSHG,510300.XSHG,300ETF购2月4483A,510300.XSHG,1.0,2026-02-25,2026-02-25,C,E,Option,10260.0,4.483,10010647,0.0,"09:31-11:30,13:01-15:00",510300C2602A04600,10010647
2025-12-25,XSHG,510300.XSHG,300ETF购2月4581A,510300.XSHG,1.0,2026-02-25,2026-02-25,C,E,Option,10260.0,4.581,10010648,0.0,"09:31-11:30,13:01-15:00",510300C2602A04700,10010648
2025-12-25,XSHG,510300.XSHG,300ETF购2月4678A,510300.XSHG,1.0,2026-02-25,2026-02-25,C,E,Option,10260.0,4.678,10010649,0.0,"09:31-11:30,13:01-15:00",510300C2602A04800,10010649
2025-12-25,XSHG,510300.XSHG,300ETF购2月4776A,510300.XSHG,1.0,2026-02-25,2026-02-25,C,E,Option,10260.0,4.776,10010650,0.0,"09:31-11:30,13:01-15:00",510300C2602A04900,10010650
2025-12-25,XSHG,510300.XSHG,300ETF购2月4873A,510300.XSHG,1.0,2026-02-25,2026-02-25,C,E,Option,10260.0,4.873,10010651,0.0,"09:31-11:30,13:01-15:00",510300C2602A05000,10010651
2025-12-25,XSHG,510300.XSHG,300ETF购2月5117A,510300.XSHG,1.0,2026-02-25,2026-02-25,C,E,Option,10260.0,5.117,10010652,0.0,"09:31-11:30,13:01-15:00",510300C2602A05250,10010652
2025-12-25,XSHG,510300.XSHG,300ETF购2月5361A,510300.XSHG,1.0,2026-02-25,2026-02-25,C,E,Option,10260.0,5.361,10010653,0.0,"09:31-11:30,13:01-15:00",510300C2602A05500,10010653
2025-12-25,XSHG,510300.XSHG,300ETF沽2月4288A,510300.XSHG,1.0,2026-02-25,2026-02-25,P,E,Option,10260.0,4.288,10010654,0.0,"09:31-11:30,13:01-15:00",510300P2602A04400,10010654
2025-12-25,XSHG,510300.XSHG,300ETF沽2月4386A,510300.XSHG,1.0,2026-02-25,2026-02-25,P,E,Option,10260.0,4.386,10010655,0.0,"09:31-11:30,13:01-15:00",510300P2602A04500,10010655
2025-12-25,XSHG,510300.XSHG,300ETF沽2月4483A,510300.XSHG,1.0,2026-02-25,2026-02-25,P,E,Option,10260.0,4.483,10010656,0.0,"09:31-11:30,13:01-15:00",510300P2602A04600,10010656
2025-12-25,XSHG,510300.XSHG,300ETF沽2月4581A,510300.XSHG,1.0,2026-02-25,2026-02-25,P,E,Option,10260.0,4.581,10010657,0.0,"09:31-11:30,13:01-15:00",510300P2602A04700,10010657
2025-12-25,XSHG,510300.XSHG,300ETF沽2月4678A,510300.XSHG,1.0,2026-02-25,2026-02-25,P,E,Option,10260.0,4.678,10010658,0.0,"09:31-11:30,13:01-15:00",510300P2602A04800,10010658
2025-12-25,XSHG,510300.XSHG,300ETF沽2月4776A,510300.XSHG,1.0,2026-02-25,2026-02-25,P,E,Option,10260.0,4.776,10010659,0.0,"09:31-11:30,13:01-15:00",510300P2602A04900,10010659
2025-12-25,XSHG,510300.XSHG,300ETF沽2月4873A,510300.XSHG,1.0,2026-02-25,2026-02-25,P,E,Option,10260.0,4.873,10010660,0.0,"09:31-11:30,13:01-15:00",510300P2602A05000,10010660
2025-12-25,XSHG,510300.XSHG,300ETF沽2月5117A,510300.XSHG,1.0,2026-02-25,2026-02-25,P,E,Option,10260.0,5.117,10010661,0.0,"09:31-11:30,13:01-15:00",510300P2602A05250,10010661
2025-12-25,XSHG,510300.XSHG,300ETF沽2月5361A,510300.XSHG,1.0,2026-02-25,2026-02-25,P,E,Option,10260.0,5.361,10010662,0.0,"09:31-11:30,13:01-15:00",510300P2602A05500,10010662
2026-01-07,XSHG,510300.XSHG,300ETF购1月5604A,510300.XSHG,1.0,2026-01-28,2026-01-28,C,E,Option,10260.0,5.604,10010745,0.0,"09:31-11:30,13:01-15:00",510300C2601A05750,10010745
2026-01-07,XSHG,510300.XSHG,300ETF沽1月5604A,510300.XSHG,1.0,2026-01-28,2026-01-28,P,E,Option,10260.0,5.604,10010746,0.0,"09:31-11:30,13:01-15:00",510300P2601A05750,10010746
2026-01-07,XSHG,510300.XSHG,300ETF购2月5604A,510300.XSHG,1.0,2026-02-25,2026-02-25,C,E,Option,10260.0,5.604,10010747,0.0,"09:31-11:30,13:01-15:00",510300C2602A05750,10010747
2026-01-07,XSHG,510300.XSHG,300ETF沽2月5604A,510300.XSHG,1.0,2026-02-25,2026-02-25,P,E,Option,10260.0,5.604,10010748,0.0,"09:31-11:30,13:01-15:00",510300P2602A05750,10010748
2026-01-19,XSHG,510300.XSHG,300ETF购1月4300,510300.XSHG,1.0,2026-01-28,2026-01-28,C,E,Option,10000.0,4.3,10010867,0.0,"09:31-11:30,13:01-15:00",510300C2601M04300,10010867
2026-01-19,XSHG,510300.XSHG,300ETF购1月4400,510300.XSHG,1.0,2026-01-28,2026-01-28,C,E,Option,10000.0,4.4,10010868,0.0,"09:31-11:30,13:01-15:00",510300C2601M04400,10010868
2026-01-19,XSHG,510300.XSHG,300ETF购1月4500,510300.XSHG,1.0,2026-01-28,2026-01-28,C,E,Option,10000.0,4.5,10010869,0.0,"09:31-11:30,13:01-15:00",510300C2601M04500,10010869
2026-01-19,XSHG,510300.XSHG,300ETF购1月4600,510300.XSHG,1.0,2026-01-28,2026-01-28,C,E,Option,10000.0,4.6,10010870,0.0,"09:31-11:30,13:01-15:00",510300C2601M04600,10010870
2026-01-19,XSHG,510300.XSHG,300ETF购1月4700,510300.XSHG,1.0,2026-01-28,2026-01-28,C,E,Option,10000.0,4.7,10010871,0.0,"09:31-11:30,13:01-15:00",510300C2601M04700,10010871
2026-01-19,XSHG,510300.XSHG,300ETF购1月4800,510300.XSHG,1.0,2026-01-28,2026-01-28,C,E,Option,10000.0,4.8,10010872,0.0,"09:31-11:30,13:01-15:00",510300C2601M04800,10010872
2026-01-19,XSHG,510300.XSHG,300ETF购1月4900,510300.XSHG,1.0,2026-01-28,2026-01-28,C,E,Option,10000.0,4.9,10010873,0.0,"09:31-11:30,13:01-15:00",510300C2601M04900,10010873
2026-01-19,XSHG,510300.XSHG,300ETF购1月5000,510300.XSHG,1.0,2026-01-28,2026-01-28,C,E,Option,10000.0,5.0,10010874,0.0,"09:31-11:30,13:01-15:00",510300C2601M05000,10010874
2026-01-19,XSHG,510300.XSHG,300ETF购1月5250,510300.XSHG,1.0,2026-01-28,2026-01-28,C,E,Option,10000.0,5.25,10010875,0.0,"09:31-11:30,13:01-15:00",510300C2601M05250,10010875
2026-01-19,XSHG,510300.XSHG,300ETF沽1月4300,510300.XSHG,1.0,2026-01-28,2026-01-28,P,E,Option,10000.0,4.3,10010876,0.0,"09:31-11:30,13:01-15:00",510300P2601M04300,10010876
2026-01-19,XSHG,510300.XSHG,300ETF沽1月4400,510300.XSHG,1.0,2026-01-28,2026-01-28,P,E,Option,10000.0,4.4,10010877,0.0,"09:31-11:30,13:01-15:00",510300P2601M04400,10010877
2026-01-19,XSHG,510300.XSHG,300ETF沽1月4500,510300.XSHG,1.0,2026-01-28,2026-01-28,P,E,Option,10000.0,4.5,10010878,0.0,"09:31-11:30,13:01-15:00",510300P2601M04500,10010878
2026-01-19,XSHG,510300.XSHG,300ETF沽1月4600,510300.XSHG,1.0,2026-01-28,2026-01-28,P,E,Option,10000.0,4.6,10010879,0.0,"09:31-11:30,13:01-15:00",510300P2601M04600,10010879
2026-01-19,XSHG,510300.XSHG,300ETF沽1月4700,510300.XSHG,1.0,2026-01-28,2026-01-28,P,E,Option,10000.0,4.7,10010880,0.0,"09:31-11:30,13:01-15:00",510300P2601M04700,10010880
2026-01-19,XSHG,510300.XSHG,300ETF沽1月4800,510300.XSHG,1.0,2026-01-28,2026-01-28,P,E,Option,10000.0,4.8,10010881,0.0,"09:31-11:30,13:01-15:00",510300P2601M04800,10010881
2026-01-19,XSHG,510300.XSHG,300ETF沽1月4900,510300.XSHG,1.0,2026-01-28,2026-01-28,P,E,Option,10000.0,4.9,10010882,0.0,"09:31-11:30,13:01-15:00",510300P2601M04900,10010882
2026-01-19,XSHG,510300.XSHG,300ETF沽1月5000,510300.XSHG,1.0,2026-01-28,2026-01-28,P,E,Option,10000.0,5.0,10010883,0.0,"09:31-11:30,13:01-15:00",510300P2601M05000,10010883
2026-01-19,XSHG,510300.XSHG,300ETF沽1月5250,510300.XSHG,1.0,2026-01-28,2026-01-28,P,E,Option,10000.0,5.25,10010884,0.0,"09:31-11:30,13:01-15:00",510300P2601M05250,10010884
2026-01-19,XSHG,510300.XSHG,300ETF购2月4300,510300.XSHG,1.0,2026-02-25,2026-02-25,C,E,Option,10000.0,4.3,10010885,0.0,"09:31-11:30,13:01-15:00",510300C2602M04300,10010885
2026-01-19,XSHG,510300.XSHG,300ETF购2月4400,510300.XSHG,1.0,2026-02-25,2026-02-25,C,E,Option,10000.0,4.4,10010886,0.0,"09:31-11:30,13:01-15:00",510300C2602M04400,10010886
2026-01-19,XSHG,510300.XSHG,300ETF购2月4500,510300.XSHG,1.0,2026-02-25,2026-02-25,C,E,Option,10000.0,4.5,10010887,0.0,"09:31-11:30,13:01-15:00",510300C2602M04500,10010887
2026-01-19,XSHG,510300.XSHG,300ETF购2月4600,510300.XSHG,1.0,2026-02-25,2026-02-25,C,E,Option,10000.0,4.6,10010888,0.0,"09:31-11:30,13:01-15:00",510300C2602M04600,10010888
2026-01-19,XSHG,510300.XSHG,300ETF购2月4700,510300.XSHG,1.0,2026-02-25,2026-02-25,C,E,Option,10000.0,4.7,10010889,0.0,"09:31-11:30,13:01-15:00",510300C2602M04700,10010889
2026-01-19,XSHG,510300.XSHG,300ETF购2月4800,510300.XSHG,1.0,2026-02-25,2026-02-25,C,E,Option,10000.0,4.8,10010890,0.0,"09:31-11:30,13:01-15:00",510300C2602M04800,10010890
2026-01-19,XSHG,510300.XSHG,300ETF购2月4900,510300.XSHG,1.0,2026-02-25,2026-02-25,C,E,Option,10000.0,4.9,10010891,0.0,"09:31-11:30,13:01-15:00",510300C2602M04900,10010891
2026-01-19,XSHG,510300.XSHG,300ETF购2月5000,510300.XSHG,1.0,2026-02-25,2026-02-25,C,E,Option,10000.0,5.0,10010892,0.0,"09:31-11:30,13:01-15:00",510300C2602M05000,10010892
2026-01-19,XSHG,510300.XSHG,300ETF购2月5250,510300.XSHG,1.0,2026-02-25,2026-02-25,C,E,Option,10000.0,5.25,10010893,0.0,"09:31-11:30,13:01-15:00",510300C2602M05250,10010893
2026-01-19,XSHG,510300.XSHG,300ETF沽2月4300,510300.XSHG,1.0,2026-02-25,2026-02-25,P,E,Option,10000.0,4.3,10010894,0.0,"09:31-11:30,13:01-15:00",510300P2602M04300,10010894
2026-01-19,XSHG,510300.XSHG,300ETF沽2月4400,510300.XSHG,1.0,2026-02-25,2026-02-25,P,E,Option,10000.0,4.4,10010895,0.0,"09:31-11:30,13:01-15:00",510300P2602M04400,10010895
2026-01-19,XSHG,510300.XSHG,300ETF沽2月4500,510300.XSHG,1.0,2026-02-25,2026-02-25,P,E,Option,10000.0,4.5,10010896,0.0,"09:31-11:30,13:01-15:00",510300P2602M04500,10010896
2026-01-19,XSHG,510300.XSHG,300ETF沽2月4600,510300.XSHG,1.0,2026-02-25,2026-02-25,P,E,Option,10000.0,4.6,10010897,0.0,"09:31-11:30,13:01-15:00",510300P2602M04600,10010897
2026-01-19,XSHG,510300.XSHG,300ETF沽2月4700,510300.XSHG,1.0,2026-02-25,2026-02-25,P,E,Option,10000.0,4.7,10010898,0.0,"09:31-11:30,13:01-15:00",510300P2602M04700,10010898
2026-01-19,XSHG,510300.XSHG,300ETF沽2月4800,510300.XSHG,1.0,2026-02-25,2026-02-25,P,E,Option,10000.0,4.8,10010899,0.0,"09:31-11:30,13:01-15:00",510300P2602M04800,10010899
2026-01-19,XSHG,510300.XSHG,300ETF沽2月4900,510300.XSHG,1.0,2026-02-25,2026-02-25,P,E,Option,10000.0,4.9,10010900,0.0,"09:31-11:30,13:01-15:00",510300P2602M04900,10010900
2026-01-19,XSHG,510300.XSHG,300ETF沽2月5000,510300.XSHG,1.0,2026-02-25,2026-02-25,P,E,Option,10000.0,5.0,10010901,0.0,"09:31-11:30,13:01-15:00",510300P2602M05000,10010901
2026-01-19,XSHG,510300.XSHG,300ETF沽2月5250,510300.XSHG,1.0,2026-02-25,2026-02-25,P,E,Option,10000.0,5.25,10010902,0.0,"09:31-11:30,13:01-15:00",510300P2602M05250,10010902
2026-01-19,XSHG,510300.XSHG,300ETF购3月4300,510300.XSHG,1.0,2026-03-25,2026-03-25,C,E,Option,10000.0,4.3,10010903,0.0,"09:31-11:30,13:01-15:00",510300C2603M04300,10010903
2026-01-19,XSHG,510300.XSHG,300ETF购3月4400,510300.XSHG,1.0,2026-03-25,2026-03-25,C,E,Option,10000.0,4.4,10010904,0.0,"09:31-11:30,13:01-15:00",510300C2603M04400,10010904
2026-01-19,XSHG,510300.XSHG,300ETF购3月4500,510300.XSHG,1.0,2026-03-25,2026-03-25,C,E,Option,10000.0,4.5,10010905,0.0,"09:31-11:30,13:01-15:00",510300C2603M04500,10010905
2026-01-19,XSHG,510300.XSHG,300ETF购3月4600,510300.XSHG,1.0,2026-03-25,2026-03-25,C,E,Option,10000.0,4.6,10010906,0.0,"09:31-11:30,13:01-15:00",510300C2603M04600,10010906
2026-01-19,XSHG,510300.XSHG,300ETF购3月4700,510300.XSHG,1.0,2026-03-25,2026-03-25,C,E,Option,10000.0,4.7,10010907,0.0,"09:31-11:30,13:01-15:00",510300C2603M04700,10010907
2026-01-19,XSHG,510300.XSHG,300ETF购3月4800,510300.XSHG,1.0,2026-03-25,2026-03-25,C,E,Option,10000.0,4.8,10010908,0.0,"09:31-11:30,13:01-15:00",510300C2603M04800,10010908
2026-01-19,XSHG,510300.XSHG,300ETF购3月4900,510300.XSHG,1.0,2026-03-25,2026-03-25,C,E,Option,10000.0,4.9,10010909,0.0,"09:31-11:30,13:01-15:00",510300C2603M04900,10010909
2026-01-19,XSHG,510300.XSHG,300ETF购3月5000,510300.XSHG,1.0,2026-03-25,2026-03-25,C,E,Option,10000.0,5.0,10010910,0.0,"09:31-11:30,13:01-15:00",510300C2603M05000,10010910
2026-01-19,XSHG,510300.XSHG,300ETF购3月5250,510300.XSHG,1.0,2026-03-25,2026-03-25,C,E,Option,10000.0,5.25,10010911,0.0,"09:31-11:30,13:01-15:00",510300C2603M05250,10010911
2026-01-19,XSHG,510300.XSHG,300ETF沽3月4300,510300.XSHG,1.0,2026-03-25,2026-03-25,P,E,Option,10000.0,4.3,10010912,0.0,"09:31-11:30,13:01-15:00",510300P2603M04300,10010912
2026-01-19,XSHG,510300.XSHG,300ETF沽3月4400,510300.XSHG,1.0,2026-03-25,2026-03-25,P,E,Option,10000.0,4.4,10010913,0.0,"09:31-11:30,13:01-15:00",510300P2603M04400,10010913
2026-01-19,XSHG,510300.XSHG,300ETF沽3月4500,510300.XSHG,1.0,2026-03-25,2026-03-25,P,E,Option,10000.0,4.5,10010914,0.0,"09:31-11:30,13:01-15:00",510300P2603M04500,10010914
2026-01-19,XSHG,510300.XSHG,300ETF沽3月4600,510300.XSHG,1.0,2026-03-25,2026-03-25,P,E,Option,10000.0,4.6,10010915,0.0,"09:31-11:30,13:01-15:00",510300P2603M04600,10010915
2026-01-19,XSHG,510300.XSHG,300ETF沽3月4700,510300.XSHG,1.0,2026-03-25,2026-03-25,P,E,Option,10000.0,4.7,10010916,0.0,"09:31-11:30,13:01-15:00",510300P2603M04700,10010916
2026-01-19,XSHG,510300.XSHG,300ETF沽3月4800,510300.XSHG,1.0,2026-03-25,2026-03-25,P,E,Option,10000.0,4.8,10010917,0.0,"09:31-11:30,13:01-15:00",510300P2603M04800,10010917
2026-01-19,XSHG,510300.XSHG,300ETF沽3月4900,510300.XSHG,1.0,2026-03-25,2026-03-25,P,E,Option,10000.0,4.9,10010918,0.0,"09:31-11:30,13:01-15:00",510300P2603M04900,10010918
2026-01-19,XSHG,510300.XSHG,300ETF沽3月5000,510300.XSHG,1.0,2026-03-25,2026-03-25,P,E,Option,10000.0,5.0,10010919,0.0,"09:31-11:30,13:01-15:00",510300P2603M05000,10010919
2026-01-19,XSHG,510300.XSHG,300ETF沽3月5250,510300.XSHG,1.0,2026-03-25,2026-03-25,P,E,Option,10000.0,5.25,10010920,0.0,"09:31-11:30,13:01-15:00",510300P2603M05250,10010920
2026-01-19,XSHG,510300.XSHG,300ETF购6月4300,510300.XSHG,1.0,2026-06-24,2026-06-24,C,E,Option,10000.0,4.3,10010921,0.0,"09:31-11:30,13:01-15:00",510300C2606M04300,10010921
2026-01-19,XSHG,510300.XSHG,300ETF购6月4400,510300.XSHG,1.0,2026-06-24,2026-06-24,C,E,Option,10000.0,4.4,10010922,0.0,"09:31-11:30,13:01-15:00",510300C2606M04400,10010922
2026-01-19,XSHG,510300.XSHG,300ETF购6月4500,510300.XSHG,1.0,2026-06-24,2026-06-24,C,E,Option,10000.0,4.5,10010923,0.0,"09:31-11:30,13:01-15:00",510300C2606M04500,10010923
2026-01-19,XSHG,510300.XSHG,300ETF购6月4600,510300.XSHG,1.0,2026-06-24,2026-06-24,C,E,Option,10000.0,4.6,10010924,0.0,"09:31-11:30,13:01-15:00",510300C2606M04600,10010924
2026-01-19,XSHG,510300.XSHG,300ETF购6月4700,510300.XSHG,1.0,2026-06-24,2026-06-24,C,E,Option,10000.0,4.7,10010925,0.0,"09:31-11:30,13:01-15:00",510300C2606M04700,10010925
2026-01-19,XSHG,510300.XSHG,300ETF购6月4800,510300.XSHG,1.0,2026-06-24,2026-06-24,C,E,Option,10000.0,4.8,10010926,0.0,"09:31-11:30,13:01-15:00",510300C2606M04800,10010926
2026-01-19,XSHG,510300.XSHG,300ETF购6月4900,510300.XSHG,1.0,2026-06-24,2026-06-24,C,E,Option,10000.0,4.9,10010927,0.0,"09:31-11:30,13:01-15:00",510300C2606M04900,10010927
2026-01-19,XSHG,510300.XSHG,300ETF购6月5000,510300.XSHG,1.0,2026-06-24,2026-06-24,C,E,Option,10000.0,5.0,10010928,0.0,"09:31-11:30,13:01-15:00",510300C2606M05000,10010928
2026-01-19,XSHG,510300.XSHG,300ETF购6月5250,510300.XSHG,1.0,2026-06-24,2026-06-24,C,E,Option,10000.0,5.25,10010929,0.0,"09:31-11:30,13:01-15:00",510300C2606M05250,10010929
2026-01-19,XSHG,510300.XSHG,300ETF沽6月4300,510300.XSHG,1.0,2026-06-24,2026-06-24,P,E,Option,10000.0,4.3,10010930,0.0,"09:31-11:30,13:01-15:00",510300P2606M04300,10010930
2026-01-19,XSHG,510300.XSHG,300ETF沽6月4400,510300.XSHG,1.0,2026-06-24,2026-06-24,P,E,Option,10000.0,4.4,10010931,0.0,"09:31-11:30,13:01-15:00",510300P2606M04400,10010931
2026-01-19,XSHG,510300.XSHG,300ETF沽6月4500,510300.XSHG,1.0,2026-06-24,2026-06-24,P,E,Option,10000.0,4.5,10010932,0.0,"09:31-11:30,13:01-15:00",510300P2606M04500,10010932
2026-01-19,XSHG,510300.XSHG,300ETF沽6月4600,510300.XSHG,1.0,2026-06-24,2026-06-24,P,E,Option,10000.0,4.6,10010933,0.0,"09:31-11:30,13:01-15:00",510300P2606M04600,10010933
2026-01-19,XSHG,510300.XSHG,300ETF沽6月4700,510300.XSHG,1.0,2026-06-24,2026-06-24,P,E,Option,10000.0,4.7,10010934,0.0,"09:31-11:30,13:01-15:00",510300P2606M04700,10010934
2026-01-19,XSHG,510300.XSHG,300ETF沽6月4800,510300.XSHG,1.0,2026-06-24,2026-06-24,P,E,Option,10000.0,4.8,10010935,0.0,"09:31-11:30,13:01-15:00",510300P2606M04800,10010935
2026-01-19,XSHG,510300.XSHG,300ETF沽6月4900,510300.XSHG,1.0,2026-06-24,2026-06-24,P,E,Option,10000.0,4.9,10010936,0.0,"09:31-11:30,13:01-15:00",510300P2606M04900,10010936
2026-01-19,XSHG,510300.XSHG,300ETF沽6月5000,510300.XSHG,1.0,2026-06-24,2026-06-24,P,E,Option,10000.0,5.0,10010937,0.0,"09:31-11:30,13:01-15:00",510300P2606M05000,10010937
2026-01-19,XSHG,510300.XSHG,300ETF沽6月5250,510300.XSHG,1.0,2026-06-24,2026-06-24,P,E,Option,10000.0,5.25,10010938,0.0,"09:31-11:30,13:01-15:00",510300P2606M05250,10010938
2026-01-29,XSHG,510300.XSHG,300ETF购9月4300,510300.XSHG,1.0,2026-09-23,2026-09-23,C,E,Option,10000.0,4.3,10010989,0.0,"09:31-11:30,13:01-15:00",510300C2609M04300,10010989
2026-01-29,XSHG,510300.XSHG,300ETF购9月4400,510300.XSHG,1.0,2026-09-23,2026-09-23,C,E,Option,10000.0,4.4,10010990,0.0,"09:31-11:30,13:01-15:00",510300C2609M04400,10010990
2026-01-29,XSHG,510300.XSHG,300ETF购9月4500,510300.XSHG,1.0,2026-09-23,2026-09-23,C,E,Option,10000.0,4.5,10010991,0.0,"09:31-11:30,13:01-15:00",510300C2609M04500,10010991
2026-01-29,XSHG,510300.XSHG,300ETF购9月4600,510300.XSHG,1.0,2026-09-23,2026-09-23,C,E,Option,10000.0,4.6,10010992,0.0,"09:31-11:30,13:01-15:00",510300C2609M04600,10010992
2026-01-29,XSHG,510300.XSHG,300ETF购9月4700,510300.XSHG,1.0,2026-09-23,2026-09-23,C,E,Option,10000.0,4.7,10010993,0.0,"09:31-11:30,13:01-15:00",510300C2609M04700,10010993
2026-01-29,XSHG,510300.XSHG,300ETF购9月4800,510300.XSHG,1.0,2026-09-23,2026-09-23,C,E,Option,10000.0,4.8,10010994,0.0,"09:31-11:30,13:01-15:00",510300C2609M04800,10010994
2026-01-29,XSHG,510300.XSHG,300ETF购9月4900,510300.XSHG,1.0,2026-09-23,2026-09-23,C,E,Option,10000.0,4.9,10010995,0.0,"09:31-11:30,13:01-15:00",510300C2609M04900,10010995
2026-01-29,XSHG,510300.XSHG,300ETF购9月5000,510300.XSHG,1.0,2026-09-23,2026-09-23,C,E,Option,10000.0,5.0,10010996,0.0,"09:31-11:30,13:01-15:00",510300C2609M05000,10010996
2026-01-29,XSHG,510300.XSHG,300ETF购9月5250,510300.XSHG,1.0,2026-09-23,2026-09-23,C,E,Option,10000.0,5.25,10010997,0.0,"09:31-11:30,13:01-15:00",510300C2609M05250,10010997
2026-01-29,XSHG,510300.XSHG,300ETF沽9月4300,510300.XSHG,1.0,2026-09-23,2026-09-23,P,E,Option,10000.0,4.3,10010998,0.0,"09:31-11:30,13:01-15:00",510300P2609M04300,10010998
2026-01-29,XSHG,510300.XSHG,300ETF沽9月4400,510300.XSHG,1.0,2026-09-23,2026-09-23,P,E,Option,10000.0,4.4,10010999,0.0,"09:31-11:30,13:01-15:00",510300P2609M04400,10010999
2026-01-29,XSHG,510300.XSHG,300ETF沽9月4500,510300.XSHG,1.0,2026-09-23,2026-09-23,P,E,Option,10000.0,4.5,10011000,0.0,"09:31-11:30,13:01-15:00",510300P2609M04500,10011000
2026-01-29,XSHG,510300.XSHG,300ETF沽9月4600,510300.XSHG,1.0,2026-09-23,2026-09-23,P,E,Option,10000.0,4.6,10011001,0.0,"09:31-11:30,13:01-15:00",510300P2609M04600,10011001
2026-01-29,XSHG,510300.XSHG,300ETF沽9月4700,510300.XSHG,1.0,2026-09-23,2026-09-23,P,E,Option,10000.0,4.7,10011002,0.0,"09:31-11:30,13:01-15:00",510300P2609M04700,10011002
2026-01-29,XSHG,510300.XSHG,300ETF沽9月4800,510300.XSHG,1.0,2026-09-23,2026-09-23,P,E,Option,10000.0,4.8,10011003,0.0,"09:31-11:30,13:01-15:00",510300P2609M04800,10011003
2026-01-29,XSHG,510300.XSHG,300ETF沽9月4900,510300.XSHG,1.0,2026-09-23,2026-09-23,P,E,Option,10000.0,4.9,10011004,0.0,"09:31-11:30,13:01-15:00",510300P2609M04900,10011004
2026-01-29,XSHG,510300.XSHG,300ETF沽9月5000,510300.XSHG,1.0,2026-09-23,2026-09-23,P,E,Option,10000.0,5.0,10011005,0.0,"09:31-11:30,13:01-15:00",510300P2609M05000,10011005
2026-01-29,XSHG,510300.XSHG,300ETF沽9月5250,510300.XSHG,1.0,2026-09-23,2026-09-23,P,E,Option,10000.0,5.25,10011006,0.0,"09:31-11:30,13:01-15:00",510300P2609M05250,10011006
2026-01-30,XSHG,510300.XSHG,300ETF购2月5500,510300.XSHG,1.0,2026-02-25,2026-02-25,C,E,Option,10000.0,5.5,10011063,0.0,"09:31-11:30,13:01-15:00",510300C2602M05500,10011063
2026-01-30,XSHG,510300.XSHG,300ETF沽2月5500,510300.XSHG,1.0,2026-02-25,2026-02-25,P,E,Option,10000.0,5.5,10011064,0.0,"09:31-11:30,13:01-15:00",510300P2602M05500,10011064
2026-01-30,XSHG,510300.XSHG,300ETF购3月5500,510300.XSHG,1.0,2026-03-25,2026-03-25,C,E,Option,10000.0,5.5,10011065,0.0,"09:31-11:30,13:01-15:00",510300C2603M05500,10011065
2026-01-30,XSHG,510300.XSHG,300ETF沽3月5500,510300.XSHG,1.0,2026-03-25,2026-03-25,P,E,Option,10000.0,5.5,10011066,0.0,"09:31-11:30,13:01-15:00",510300P2603M05500,10011066
2026-01-30,XSHG,510300.XSHG,300ETF购6月5500,510300.XSHG,1.0,2026-06-24,2026-06-24,C,E,Option,10000.0,5.5,10011067,0.0,"09:31-11:30,13:01-15:00",510300C2606M05500,10011067
2026-01-30,XSHG,510300.XSHG,300ETF沽6月5500,510300.XSHG,1.0,2026-06-24,2026-06-24,P,E,Option,10000.0,5.5,10011068,0.0,"09:31-11:30,13:01-15:00",510300P2606M05500,10011068
2026-01-30,XSHG,510300.XSHG,300ETF购9月5500,510300.XSHG,1.0,2026-09-23,2026-09-23,C,E,Option,10000.0,5.5,10011069,0.0,"09:31-11:30,13:01-15:00",510300C2609M05500,10011069
2026-01-30,XSHG,510300.XSHG,300ETF沽9月5500,510300.XSHG,1.0,2026-09-23,2026-09-23,P,E,Option,10000.0,5.5,10011070,0.0,"09:31-11:30,13:01-15:00",510300P2609M05500,10011070
2026-02-03,XSHG,510300.XSHG,300ETF购2月4200,510300.XSHG,1.0,2026-02-25,2026-02-25,C,E,Option,10000.0,4.2,10011077,0.0,"09:31-11:30,13:01-15:00",510300C2602M04200,10011077
2026-02-03,XSHG,510300.XSHG,300ETF沽2月4200,510300.XSHG,1.0,2026-02-25,2026-02-25,P,E,Option,10000.0,4.2,10011078,0.0,"09:31-11:30,13:01-15:00",510300P2602M04200,10011078
2026-02-03,XSHG,510300.XSHG,300ETF购3月4200,510300.XSHG,1.0,2026-03-25,2026-03-25,C,E,Option,10000.0,4.2,10011079,0.0,"09:31-11:30,13:01-15:00",510300C2603M04200,10011079
2026-02-03,XSHG,510300.XSHG,300ETF沽3月4200,510300.XSHG,1.0,2026-03-25,2026-03-25,P,E,Option,10000.0,4.2,10011080,0.0,"09:31-11:30,13:01-15:00",510300P2603M04200,10011080
2026-02-03,XSHG,510300.XSHG,300ETF购6月4200,510300.XSHG,1.0,2026-06-24,2026-06-24,C,E,Option,10000.0,4.2,10011081,0.0,"09:31-11:30,13:01-15:00",510300C2606M04200,10011081
2026-02-03,XSHG,510300.XSHG,300ETF沽6月4200,510300.XSHG,1.0,2026-06-24,2026-06-24,P,E,Option,10000.0,4.2,10011082,0.0,"09:31-11:30,13:01-15:00",510300P2606M04200,10011082
2026-02-03,XSHG,510300.XSHG,300ETF购9月4200,510300.XSHG,1.0,2026-09-23,2026-09-23,C,E,Option,10000.0,4.2,10011083,0.0,"09:31-11:30,13:01-15:00",510300C2609M04200,10011083
2026-02-03,XSHG,510300.XSHG,300ETF沽9月4200,510300.XSHG,1.0,2026-09-23,2026-09-23,P,E,Option,10000.0,4.2,10011084,0.0,"09:31-11:30,13:01-15:00",510300P2609M04200,10011084
2026-02-26,XSHG,510300.XSHG,300ETF购4月4400,510300.XSHG,1.0,2026-04-22,2026-04-22,C,E,Option,10000.0,4.4,10011121,0.0,"09:31-11:30,13:01-15:00",510300C2604M04400,10011121
2026-02-26,XSHG,510300.XSHG,300ETF购4月4500,510300.XSHG,1.0,2026-04-22,2026-04-22,C,E,Option,10000.0,4.5,10011122,0.0,"09:31-11:30,13:01-15:00",510300C2604M04500,10011122
2026-02-26,XSHG,510300.XSHG,300ETF购4月4600,510300.XSHG,1.0,2026-04-22,2026-04-22,C,E,Option,10000.0,4.6,10011123,0.0,"09:31-11:30,13:01-15:00",510300C2604M04600,10011123
2026-02-26,XSHG,510300.XSHG,300ETF购4月4700,510300.XSHG,1.0,2026-04-22,2026-04-22,C,E,Option,10000.0,4.7,10011124,0.0,"09:31-11:30,13:01-15:00",510300C2604M04700,10011124
2026-02-26,XSHG,510300.XSHG,300ETF购4月4800,510300.XSHG,1.0,2026-04-22,2026-04-22,C,E,Option,10000.0,4.8,10011125,0.0,"09:31-11:30,13:01-15:00",510300C2604M04800,10011125
2026-02-26,XSHG,510300.XSHG,300ETF购4月4900,510300.XSHG,1.0,2026-04-22,2026-04-22,C,E,Option,10000.0,4.9,10011126,0.0,"09:31-11:30,13:01-15:00",510300C2604M04900,10011126
2026-02-26,XSHG,510300.XSHG,300ETF购4月5000,510300.XSHG,1.0,2026-04-22,2026-04-22,C,E,Option,10000.0,5.0,10011127,0.0,"09:31-11:30,13:01-15:00",510300C2604M05000,10011127
2026-02-26,XSHG,510300.XSHG,300ETF购4月5250,510300.XSHG,1.0,2026-04-22,2026-04-22,C,E,Option,10000.0,5.25,10011128,0.0,"09:31-11:30,13:01-15:00",510300C2604M05250,10011128
2026-02-26,XSHG,510300.XSHG,300ETF购4月5500,510300.XSHG,1.0,2026-04-22,2026-04-22,C,E,Option,10000.0,5.5,10011129,0.0,"09:31-11:30,13:01-15:00",510300C2604M05500,10011129
2026-02-26,XSHG,510300.XSHG,300ETF沽4月4400,510300.XSHG,1.0,2026-04-22,2026-04-22,P,E,Option,10000.0,4.4,10011130,0.0,"09:31-11:30,13:01-15:00",510300P2604M04400,10011130
2026-02-26,XSHG,510300.XSHG,300ETF沽4月4500,510300.XSHG,1.0,2026-04-22,2026-04-22,P,E,Option,10000.0,4.5,10011131,0.0,"09:31-11:30,13:01-15:00",510300P2604M04500,10011131
2026-02-26,XSHG,510300.XSHG,300ETF沽4月4600,510300.XSHG,1.0,2026-04-22,2026-04-22,P,E,Option,10000.0,4.6,10011132,0.0,"09:31-11:30,13:01-15:00",510300P2604M04600,10011132
2026-02-26,XSHG,510300.XSHG,300ETF沽4月4700,510300.XSHG,1.0,2026-04-22,2026-04-22,P,E,Option,10000.0,4.7,10011133,0.0,"09:31-11:30,13:01-15:00",510300P2604M04700,10011133
2026-02-26,XSHG,510300.XSHG,300ETF沽4月4800,510300.XSHG,1.0,2026-04-22,2026-04-22,P,E,Option,10000.0,4.8,10011134,0.0,"09:31-11:30,13:01-15:00",510300P2604M04800,10011134
2026-02-26,XSHG,510300.XSHG,300ETF沽4月4900,510300.XSHG,1.0,2026-04-22,2026-04-22,P,E,Option,10000.0,4.9,10011135,0.0,"09:31-11:30,13:01-15:00",510300P2604M04900,10011135
2026-02-26,XSHG,510300.XSHG,300ETF沽4月5000,510300.XSHG,1.0,2026-04-22,2026-04-22,P,E,Option,10000.0,5.0,10011136,0.0,"09:31-11:30,13:01-15:00",510300P2604M05000,10011136
2026-02-26,XSHG,510300.XSHG,300ETF沽4月5250,510300.XSHG,1.0,2026-04-22,2026-04-22,P,E,Option,10000.0,5.25,10011137,0.0,"09:31-11:30,13:01-15:00",510300P2604M05250,10011137
2026-02-26,XSHG,510300.XSHG,300ETF沽4月5500,510300.XSHG,1.0,2026-04-22,2026-04-22,P,E,Option,10000.0,5.5,10011138,0.0,"09:31-11:30,13:01-15:00",510300P2604M05500,10011138
2026-02-27,XSHG,510300.XSHG,300ETF购4月4300,510300.XSHG,1.0,2026-04-22,2026-04-22,C,E,Option,10000.0,4.3,10011193,0.0,"09:31-11:30,13:01-15:00",510300C2604M04300,10011193
2026-02-27,XSHG,510300.XSHG,300ETF沽4月4300,510300.XSHG,1.0,2026-04-22,2026-04-22,P,E,Option,10000.0,4.3,10011194,0.0,"09:31-11:30,13:01-15:00",510300P2604M04300,10011194
2026-03-05,XSHG,510300.XSHG,300ETF购4月4200,510300.XSHG,1.0,2026-04-22,2026-04-22,C,E,Option,10000.0,4.2,10011209,0.0,"09:31-11:30,13:01-15:00",510300C2604M04200,10011209
2026-03-05,XSHG,510300.XSHG,300ETF沽4月4200,510300.XSHG,1.0,2026-04-22,2026-04-22,P,E,Option,10000.0,4.2,10011210,0.0,"09:31-11:30,13:01-15:00",510300P2604M04200,10011210
2026-03-24,XSHG,510300.XSHG,300ETF购3月4000,510300.XSHG,1.0,2026-03-25,2026-03-25,C,E,Option,10000.0,4.0,10011259,0.0,"09:31-11:30,13:01-15:00",510300C2603M04000,10011259
2026-03-24,XSHG,510300.XSHG,300ETF购3月4100,510300.XSHG,1.0,2026-03-25,2026-03-25,C,E,Option,10000.0,4.1,10011260,0.0,"09:31-11:30,13:01-15:00",510300C2603M04100,10011260
2026-03-24,XSHG,510300.XSHG,300ETF沽3月4000,510300.XSHG,1.0,2026-03-25,2026-03-25,P,E,Option,10000.0,4.0,10011261,0.0,"09:31-11:30,13:01-15:00",510300P2603M04000,10011261
2026-03-24,XSHG,510300.XSHG,300ETF沽3月4100,510300.XSHG,1.0,2026-03-25,2026-03-25,P,E,Option,10000.0,4.1,10011262,0.0,"09:31-11:30,13:01-15:00",510300P2603M04100,10011262
2026-03-24,XSHG,510300.XSHG,300ETF购4月4000,510300.XSHG,1.0,2026-04-22,2026-04-22,C,E,Option,10000.0,4.0,10011263,0.0,"09:31-11:30,13:01-15:00",510300C2604M04000,10011263
2026-03-24,XSHG,510300.XSHG,300ETF购4月4100,510300.XSHG,1.0,2026-04-22,2026-04-22,C,E,Option,10000.0,4.1,10011264,0.0,"09:31-11:30,13:01-15:00",510300C2604M04100,10011264
2026-03-24,XSHG,510300.XSHG,300ETF沽4月4000,510300.XSHG,1.0,2026-04-22,2026-04-22,P,E,Option,10000.0,4.0,10011265,0.0,"09:31-11:30,13:01-15:00",510300P2604M04000,10011265
2026-03-24,XSHG,510300.XSHG,300ETF沽4月4100,510300.XSHG,1.0,2026-04-22,2026-04-22,P,E,Option,10000.0,4.1,10011266,0.0,"09:31-11:30,13:01-15:00",510300P2604M04100,10011266
2026-03-24,XSHG,510300.XSHG,300ETF购6月4000,510300.XSHG,1.0,2026-06-24,2026-06-24,C,E,Option,10000.0,4.0,10011267,0.0,"09:31-11:30,13:01-15:00",510300C2606M04000,10011267
2026-03-24,XSHG,510300.XSHG,300ETF购6月4100,510300.XSHG,1.0,2026-06-24,2026-06-24,C,E,Option,10000.0,4.1,10011268,0.0,"09:31-11:30,13:01-15:00",510300C2606M04100,10011268
2026-03-24,XSHG,510300.XSHG,300ETF沽6月4000,510300.XSHG,1.0,2026-06-24,2026-06-24,P,E,Option,10000.0,4.0,10011269,0.0,"09:31-11:30,13:01-15:00",510300P2606M04000,10011269
2026-03-24,XSHG,510300.XSHG,300ETF沽6月4100,510300.XSHG,1.0,2026-06-24,2026-06-24,P,E,Option,10000.0,4.1,10011270,0.0,"09:31-11:30,13:01-15:00",510300P2606M04100,10011270
2026-03-24,XSHG,510300.XSHG,300ETF购9月4000,510300.XSHG,1.0,2026-09-23,2026-09-23,C,E,Option,10000.0,4.0,10011271,0.0,"09:31-11:30,13:01-15:00",510300C2609M04000,10011271
2026-03-24,XSHG,510300.XSHG,300ETF购9月4100,510300.XSHG,1.0,2026-09-23,2026-09-23,C,E,Option,10000.0,4.1,10011272,0.0,"09:31-11:30,13:01-15:00",510300C2609M04100,10011272
2026-03-24,XSHG,510300.XSHG,300ETF沽9月4000,510300.XSHG,1.0,2026-09-23,2026-09-23,P,E,Option,10000.0,4.0,10011273,0.0,"09:31-11:30,13:01-15:00",510300P2609M04000,10011273
2026-03-24,XSHG,510300.XSHG,300ETF沽9月4100,510300.XSHG,1.0,2026-09-23,2026-09-23,P,E,Option,10000.0,4.1,10011274,0.0,"09:31-11:30,13:01-15:00",510300P2609M04100,10011274
