order_book_id,date,report_year,report_period,info_classification,institute,info_summary,report_date,title,author,est_profit,report_date_last,title_last,est_profit_last,info_date,report_type,forecast_profit_max,forecast_profit_min,profit,profit_q,forecast_profit_growth_limit,profit_growth,forcast_profit_growth_limit_q,profit_growth_q,fin_report_date_last,fin_report_type_last,forecast_profit_max_last,forecast_profit_min_last,profit_last,con_calc_date,con_profit,con_calc_date_last,con_profit_last,con_profit_q_last,con_profit_gr_last,con_profit_gr_q_last,expect_rate,rice_create_tm,create_tm
000895.XSHE,2011-04-19,2010,q4,2403,,2011-04-19发布的业绩快报低于机构的一致预期,,,,,,,,2011-04-19,current_performance,,,1089281500.0000,,,,,,,,,,,,,2011-04-18,1393030776.3750,,,,-0.2180,2021-04-12 11:01:49,2021-04-12 11:01:49
000895.XSHE,2011-04-19,2010,q4,2502,,2011-04-19发布的业绩快报同比增速低于一致预期2010同比增速,,,,,,,,2011-04-19,current_performance,,,1089281500.0000,,,0.1961,,,,,,,,,,2011-04-18,1393030776.3750,,0.5297,,-0.3336,2021-04-12 11:01:49,2021-04-12 11:01:49
000895.XSHE,2011-04-19,2010,q4,2504,,2011-04-19发布的业绩快报同比增速低于2010一致预期同比增速,,,,,,,,2011-04-19,current_performance,,,,1089281500.0000,,,,-0.0155,,,,,,,,2011-04-18,,582220133.7293,,1.0585,-1.0740,2021-04-12 11:01:49,2021-04-12 11:01:49
000895.XSHE,2011-04-19,2011,q1,2502,,2011-04-19发布的业绩预告同比增速低于一致预期2011同比增速,,,,,,,,2011-04-19,performance_forecast,270000000.0000,265000000.0000,,,0.2272,,,,,,,,,,,2011-04-18,1853208153.5625,,0.5987,,-0.3715,2021-04-12 11:01:49,2021-04-12 11:01:49
000895.XSHE,2011-04-19,2011,q1,2504,,2011-04-19发布的业绩预告同比增速低于2011一致预期同比增速,,,,,,,,2011-04-19,performance_forecast,270000000.0000,265000000.0000,,,,,0.2272,,,,,,,,,2011-04-18,,351730013.3626,,0.5987,-0.3715,2021-04-12 11:01:49,2021-04-12 11:01:49
000895.XSHE,2011-04-29,2011,q1,2405,,2011-04-29发布的财报中，1季度净利润增速低于机构的一致预期,,,,,,,,2011-04-29,financial_reports,,,,265149372.5600,,,,0.1049,,,,,,,,2011-04-28,,362497289.7102,,,-0.2685,2021-04-12 11:01:49,2021-04-12 11:01:49
000895.XSHE,2011-04-29,2011,q1,2501,,2011-04-29发布的财报净利润同比增速低于一致预期2011同比增速,,,,,,,,2011-04-29,financial_reports,,,265149372.5600,,,0.1049,,,,,,,,,,2011-04-28,1751148341.1250,,0.5106,,-0.4057,2021-04-12 11:01:49,2021-04-12 11:01:49
000895.XSHE,2011-04-29,2011,q1,2503,,2011-04-29发布的财报净利润同比增速低于2011一致预期同比增速,,,,,,,,2011-04-29,financial_reports,,,,265149372.5600,,,,0.1049,,,,,,,,2011-04-28,,362497289.7102,,0.5106,-0.4057,2021-04-12 11:01:49,2021-04-12 11:01:49
000895.XSHE,2011-06-22,2011,q2,2502,,2011-06-22发布的业绩预告同比增速低于一致预期2011同比增速,,,,,,,,2011-06-22,performance_forecast,113000000.0000,56000000.0000,,,-0.7746,,,,,,,,,,,2011-06-21,1727960790.9667,,0.4906,,-1.2653,2021-04-12 11:01:49,2021-04-12 11:01:49
000895.XSHE,2011-06-22,2011,q2,2504,,2011-06-22发布的业绩预告同比增速低于2011一致预期同比增速,,,,,,,,2011-06-22,performance_forecast,113000000.0000,56000000.0000,,,,,-1.5407,,,,,,,,,2011-06-21,,438242726.7468,,0.5575,-2.0982,2021-04-12 11:01:49,2021-04-12 11:01:49
000895.XSHE,2011-08-19,2011,q2,2405,,2011-08-19发布的财报中，2季度净利润增速低于机构的一致预期,,,,,,,,2011-08-19,financial_reports,,,,-189169845.4300,,,,-1.7236,,,,,,,,2011-08-18,,315425372.9415,,,-1.5997,2021-04-12 11:01:49,2021-04-12 11:01:49
000895.XSHE,2011-08-19,2011,q2,2501,,2011-08-19发布的财报净利润同比增速低于一致预期2011同比增速,,,,,,,,2011-08-19,financial_reports,,,75979527.1300,,,-0.8485,,,,,,,,,,2011-08-18,1374292650.7391,,0.1855,,-1.0340,2021-04-12 11:01:49,2021-04-12 11:01:49
000895.XSHE,2011-08-19,2011,q2,2503,,2011-08-19发布的财报净利润同比增速低于2011一致预期同比增速,,,,,,,,2011-08-19,financial_reports,,,,-189169845.4300,,,,-1.7236,,,,,,,,2011-08-18,,315425372.9415,,0.2066,-1.9302,2021-04-12 11:01:49,2021-04-12 11:01:49
000895.XSHE,2011-08-19,2011,q3,2502,,2011-08-19发布的业绩预告同比增速低于一致预期2011同比增速,,,,,,,,2011-08-19,performance_forecast,300000000.0000,250000000.0000,,,-0.6300,,,,,,,,,,,2011-08-18,1374292650.7391,,0.1855,,-0.8156,2021-04-12 11:01:49,2021-04-12 11:01:49
000895.XSHE,2011-08-19,2011,q3,2504,,2011-08-19发布的业绩预告同比增速低于2011一致预期同比增速,,,,,,,,2011-08-19,performance_forecast,300000000.0000,250000000.0000,,,,,-0.2760,,,,,,,,,2011-08-18,,610734358.9937,,0.9737,-1.2497,2021-04-12 11:01:49,2021-04-12 11:01:49
000895.XSHE,2012-01-17,2011,q4,2403,,2012-01-17发布的业绩预告低于机构的一致预期,,,,,,,,2012-01-17,performance_forecast,590000000.0000,550000000.0000,,,,,,,,,,,,,,2012-01-16,819875970.1241,,,,-0.2804,2021-04-12 11:01:49,2021-04-12 11:01:49
000895.XSHE,2012-01-17,2011,q4,2502,,2012-01-17发布的业绩预告同比增速低于一致预期2011同比增速,,,,,,,,2012-01-17,performance_forecast,590000000.0000,550000000.0000,,,-0.4910,,,,,,,,,,,2012-01-16,819875970.1241,,-0.2927,,-0.1983,2021-04-12 11:01:49,2021-04-12 11:01:49
000895.XSHE,2012-01-17,2011,q4,2504,,2012-01-17发布的业绩预告同比增速低于2011一致预期同比增速,,,,,,,,2012-01-17,performance_forecast,590000000.0000,550000000.0000,,,,,-1.3841,,,,,,,,,2012-01-16,,96049564.6581,,-0.7243,-0.6598,2021-04-12 11:01:49,2021-04-12 11:01:49
000895.XSHE,2013-01-12,2012,q4,2403,,2013-01-12发布的业绩预告低于机构的一致预期,,,,,,,,2013-01-12,performance_forecast,2960000000.0000,2850000000.0000,,,,,,,,,,,,,,2013-01-11,3049855495.9188,,,,-0.0295,2021-04-12 11:01:49,2021-04-12 11:01:49
000895.XSHE,2013-01-12,2012,q4,2502,,2013-01-12发布的业绩预告同比增速低于一致预期2012同比增速,,,,,,,,2013-01-12,performance_forecast,2960000000.0000,2850000000.0000,,,1.2186,,,,,,,,,,,2013-01-11,3049855495.9188,,1.2859,,-0.0673,2021-04-12 11:01:49,2021-04-12 11:01:49
000895.XSHE,2013-01-12,2012,q4,2504,,2013-01-12发布的业绩预告同比增速低于2012一致预期同比增速,,,,,,,,2013-01-12,performance_forecast,2960000000.0000,2850000000.0000,,,,,0.4113,,,,,,,,,2013-01-11,,951293115.1515,,0.5585,-0.1472,2021-04-12 11:01:49,2021-04-12 11:01:49
000895.XSHE,2013-03-26,2012,q4,2405,,2013-03-26发布的财报中，4季度净利润增速低于机构的一致预期,,,,,,,,2013-03-26,financial_reports,,,,786667510.0600,,,,0.2888,,,,,,,,2013-03-25,,833731964.0587,,,-0.0565,2021-04-12 11:01:49,2021-04-12 11:01:49
000895.XSHE,2013-03-26,2012,q4,2503,,2013-03-26发布的财报净利润同比增速低于2012一致预期同比增速,,,,,,,,2013-03-26,financial_reports,,,,786667510.0600,,,,0.2888,,,,,,,,2013-03-25,,833731964.0587,,0.3659,-0.0771,2021-04-12 11:01:49,2021-04-12 11:01:49
000895.XSHE,2013-05-30,2013,q4,2101,平安证券,"平安证券2013-05-30发布的报告下调了该股盈利预测,分析师：文献,汤玮亮,丁芸洁",2013-05-30,双汇发展：母公司双汇国际收购史密斯菲尔德总体影响,"文献,汤玮亮,丁芸洁",4040000000.0000,2013-05-27,食品饮料一周观点（2013第二十一周）：坚持看好基本面更确定的大众品龙头,4049064344.3200,,,,,,,,,,,,,,,,,,,,,,,-0.0022,2021-04-12 11:01:49,2021-04-12 11:01:49
000895.XSHE,2013-06-04,2013,q4,2102,招商证券,"招商证券2013-06-04发布的报告下调了该股盈利预测,分析师：董广阳,龙隽,王晗",2013-06-04,食品饮料行业周报（第22周）：行业面事件利好 继续推荐伊利双汇,"董广阳,龙隽,王晗",3983046990.8800,2013-05-30,双汇发展：公司经营继续向好 集团并购国际龙头,3991000000.0000,,,,,,,,,,,,,,,,,,,,,,,-0.0020,2021-04-12 11:01:49,2021-04-12 11:01:49
000895.XSHE,2013-07-02,2013,q4,2101,中信建投,"中信建投2013-07-02发布的报告下调了该股盈利预测,分析师：黄付生",2013-07-02,双汇发展：中期业绩增长59%-66%超预期,黄付生,3773180000.0000,2013-06-04,食品饮料行业：板块适度调整 进入六月仍可积极配置,3784994930.5600,,,,,,,,,,,,,,,,,,,,,,,-0.0031,2021-04-12 11:01:49,2021-04-12 11:01:49
000895.XSHE,2013-07-02,2013,q4,2102,招商证券,"招商证券2013-07-02发布的报告下调了该股盈利预测,分析师：王晗,龙隽,董广阳",2013-07-02,双汇发展：值得持续收集的长线品种,"王晗,龙隽,董广阳",3967000000.0000,2013-06-10,食品饮料业2013年中期投资策略：白酒品牌营销 懂得消费者 才能赢得未来,3983046990.8800,,,,,,,,,,,,,,,,,,,,,,,-0.0040,2021-04-12 11:01:49,2021-04-12 11:01:49
000895.XSHE,2013-07-08,2013,q4,2101,银河证券,"银河证券2013-07-08发布的报告下调了该股盈利预测,分析师：董俊峰,周颖,李琰",2013-07-08,食品饮料行业2013下半年投资策略：关注屌丝成功逆袭概率,"董俊峰,周颖,李琰",3868520000.0000,2013-05-30,双汇发展：实际控制人跨国并购 国际化布局正式升级,3873018068.4800,,,,,,,,,,,,,,,,,,,,,,,-0.0012,2021-04-12 11:01:49,2021-04-12 11:01:49
000895.XSHE,2013-07-15,2013,q4,2102,申万宏源,"申万宏源2013-07-15发布的报告下调了该股盈利预测,分析师：童驯,周雅洁,张雪娇",2013-07-15,食品饮料行业7月月报：继续看好必需的大众食品 白酒首选茅台,"童驯,周雅洁,张雪娇",3983046990.8800,2013-07-02,双汇发展：中报业绩超市场预期 估值便宜 12个月目标价52.8元,3985000000.0000,,,,,,,,,,,,,,,,,,,,,,,-0.0005,2021-04-12 11:01:49,2021-04-12 11:01:49
000895.XSHE,2013-07-22,2013,q4,2302,天相投顾,天相投顾2013-07-22发布的报告研报摘要中含有超预期信息,2013-07-22,双汇发展：公司优势契合行业发展趋势,尹宇,3806180000.0000,,,,,,,,,,,,,,,,,,,,,,,,,,,2021-04-12 11:01:49,2021-04-12 11:01:49
000895.XSHE,2013-08-07,2013,q4,2101,平安证券,"平安证券2013-08-07发布的报告下调了该股盈利预测,分析师：文献,汤玮亮",2013-08-07,双汇发展：稳健增长可期 维持“强烈推荐”,"文献,汤玮亮",3827000000.0000,2013-08-05,食品饮料行业一周观点（2013第三十一周）：政策刺激乳品连续走强 白酒中秋难旺,4049064344.3200,,,,,,,,,,,,,,,,,,,,,,,-0.0548,2021-04-12 11:01:49,2021-04-12 11:01:49
000895.XSHE,2013-08-07,2013,q4,2101,海通证券,"海通证券2013-08-07发布的报告下调了该股盈利预测,分析师：赵勇",2013-08-07,双汇发展：全年下调经营计划 预期下半年猪价上涨将给盈利能力带来压力,赵勇,3793050000.0000,2013-06-21,双汇发展：透过肉制品看双汇 依托高温、突破中温、培养低温,3923470000.0000,,,,,,,,,,,,,,,,,,,,,,,-0.0332,2021-04-12 11:01:49,2021-04-12 11:01:49
000895.XSHE,2013-08-07,2013,q4,2101,中信建投,"中信建投2013-08-07发布的报告下调了该股盈利预测,分析师：黄付生",2013-08-07,双汇发展：新经营计划更实际 下半年开工率和成本是关键,黄付生,3773180000.0000,2013-07-08,食品饮料行业周报（0702-0705）：食品饮料大幅上涨 7月将领涨市场,3784994930.5600,,,,,,,,,,,,,,,,,,,,,,,-0.0031,2021-04-12 11:01:49,2021-04-12 11:01:49
000895.XSHE,2013-08-07,2013,q4,2102,招商证券,"招商证券2013-08-07发布的报告下调了该股盈利预测,分析师：董广阳,龙隽,王晗",2013-08-07,双汇发展：业绩高增长 未来成长空间仍广阔,"董广阳,龙隽,王晗",3957000000.0000,2013-07-02,双汇发展：值得持续收集的长线品种,3967000000.0000,,,,,,,,,,,,,,,,,,,,,,,-0.0025,2021-04-12 11:01:49,2021-04-12 11:01:49
000895.XSHE,2013-08-07,2013,q4,2302,民生证券,民生证券2013-08-07发布的报告研报摘要中含有超预期信息,2013-08-07,双汇发展中报点评：毛利率大幅上升及期间费用率下降带来业绩高增长,"王永锋,卢文琳",4089000000.0000,,,,,,,,,,,,,,,,,,,,,,,,,,,2021-04-12 11:01:49,2021-04-12 11:01:49
000895.XSHE,2013-08-07,2013,q4,2302,中信证券,中信证券2013-08-07发布的报告研报摘要中含有超预期信息,2013-08-07,双汇发展：业绩高增长 期待下半年销量加速,黄巍,3855000000.0000,,,,,,,,,,,,,,,,,,,,,,,,,,,2021-04-12 11:01:49,2021-04-12 11:01:49
000895.XSHE,2013-08-07,2013,q4,2302,国信证券,国信证券2013-08-07发布的报告研报摘要中含有超预期信息,2013-08-07,双汇发展：业绩符合预期 关注肉价上涨,黄茂,3954000000.0000,,,,,,,,,,,,,,,,,,,,,,,,,,,2021-04-12 11:01:49,2021-04-12 11:01:49
000895.XSHE,2013-08-08,2013,q4,2101,华泰证券,"华泰证券2013-08-08发布的报告下调了该股盈利预测,分析师：洪婷",2013-08-08,双汇发展：短期收入目标下调 难阻持续向好趋势,洪婷,3743000000.0000,2013-07-03,食品饮料行业2013年中期投资策略：继续推荐业绩增长稳定非酒食品 逐步关注一线白酒,3829006499.5200,,,,,,,,,,,,,,,,,,,,,,,-0.0225,2021-04-12 11:01:49,2021-04-12 11:01:49
000895.XSHE,2013-09-10,2013,q4,2102,国泰君安,"国泰君安2013-09-10发布的报告下调了该股盈利预测,分析师：胡春霞,林园远,柯海东",2013-09-10,2013年食品饮料行业中报分析：大众品业绩靓丽 白酒回升尚需时日,"胡春霞,林园远,柯海东",3807000715.0400,2013-08-07,双汇发展2013年中报点评：成本下降推动盈利提升,3810000000.0000,,,,,,,,,,,,,,,,,,,,,,,-0.0008,2021-04-12 11:01:49,2021-04-12 11:01:49
000895.XSHE,2013-09-26,2013,q4,2102,招商证券,"招商证券2013-09-26发布的报告下调了该股盈利预测,分析师：董广阳,龙隽,王晗",2013-09-26,双汇发展：并购SFD尘埃落定 后续业绩释放动力更强,"董广阳,龙隽,王晗",3957000000.0000,2013-09-09,食品饮料业2013年4季度投资策略：食品尽显风流 白酒仍需煎熬,3961041206.4000,,,,,,,,,,,,,,,,,,,,,,,-0.0010,2021-04-12 11:01:49,2021-04-12 11:01:49
000895.XSHE,2013-10-20,2013,q4,2302,国金证券,国金证券2013-10-20发布的报告研报摘要中含有超预期信息,2013-10-20,双汇发展：市值的稳步扩张机会不容错过,"赵晓媛,陈钢",3880000000.0000,,,,,,,,,,,,,,,,,,,,,,,,,,,2021-04-12 11:01:49,2021-04-12 11:01:49
000895.XSHE,2013-10-29,2013,q4,2101,国金证券,"国金证券2013-10-29发布的报告下调了该股盈利预测,分析师：赵晓媛,陈钢",2013-10-29,双汇发展：单3季净利率新高 股权激励费确认提前,"赵晓媛,陈钢",3879619803.8240,2013-10-20,双汇发展：市值的稳步扩张机会不容错过,3880000000.0000,,,,,,,,,,,,,,,,,,,,,,,-0.0001,2021-04-12 11:01:49,2021-04-12 11:01:49
000895.XSHE,2013-10-29,2013,q4,2302,国金证券,国金证券2013-10-29发布的报告研报摘要中含有超预期信息,2013-10-29,双汇发展：单3季净利率新高 股权激励费确认提前,"赵晓媛,陈钢",3879619803.8240,,,,,,,,,,,,,,,,,,,,,,,,,,,2021-04-12 11:01:49,2021-04-12 11:01:49
000895.XSHE,2013-10-30,2013,q3,2405,,2013-10-30发布的财报中，3季度净利润增速低于机构的一致预期,,,,,,,,2013-10-30,financial_reports,,,,1144789183.5900,,,,0.0659,,,,,,,,2013-10-29,,1262549968.3273,,,-0.0933,2021-04-12 11:01:49,2021-04-12 11:01:49
000895.XSHE,2013-10-30,2013,q3,2503,,2013-10-30发布的财报净利润同比增速低于2013一致预期同比增速,,,,,,,,2013-10-30,financial_reports,,,,1144789183.5900,,,,0.0659,,,,,,,,2013-10-29,,1262549968.3273,,0.1756,-0.1097,2021-04-12 11:01:49,2021-04-12 11:01:49
000895.XSHE,2013-10-30,2013,q4,2101,中金公司,"中金公司2013-10-30发布的报告下调了该股盈利预测,分析师：乔洋,袁霏阳",2013-10-30,双汇发展：继续稳健增长 来年看点更多,"乔洋,袁霏阳",3885000000.0000,2013-10-25,双汇发展：双汇国际增发股份进行激励快评 控制力加强加激励系统完善,3901000000.0000,,,,,,,,,,,,,,,,,,,,,,,-0.0041,2021-04-12 11:01:49,2021-04-12 11:01:49
000895.XSHE,2013-10-30,2013,q4,2101,民生证券,"民生证券2013-10-30发布的报告下调了该股盈利预测,分析师：王永锋,卢文琳",2013-10-30,双汇发展：肉制品结构持续提升 屠宰有望保持稳定增长,"王永锋,卢文琳",4019000000.0000,2013-08-07,双汇发展中报点评：毛利率大幅上升及期间费用率下降带来业绩高增长,4089000000.0000,,,,,,,,,,,,,,,,,,,,,,,-0.0171,2021-04-12 11:01:49,2021-04-12 11:01:49
000895.XSHE,2013-10-30,2013,q4,2101,瑞银证券,"瑞银证券2013-10-30发布的报告下调了该股盈利预测,分析师：赵琳,王鹏,何淼",2013-10-30,双汇发展：三季报符合预期,"赵琳,王鹏,何淼",3953690000.0000,2013-08-07,双汇发展：中报符合预期 高温肉制品是利润主要贡献点,3955940000.0000,,,,,,,,,,,,,,,,,,,,,,,-0.0006,2021-04-12 11:01:49,2021-04-12 11:01:49
000895.XSHE,2013-10-30,2013,q4,2302,中金公司,中金公司2013-10-30发布的报告研报摘要中含有超预期信息,2013-10-30,双汇发展：继续稳健增长 来年看点更多,"乔洋,袁霏阳",3885000000.0000,,,,,,,,,,,,,,,,,,,,,,,,,,,2021-04-12 11:01:49,2021-04-12 11:01:49
000895.XSHE,2013-10-30,2013,q4,2302,瑞银证券,瑞银证券2013-10-30发布的报告研报摘要中含有超预期信息,2013-10-30,双汇发展：三季报符合预期,"赵琳,王鹏,何淼",3953690000.0000,,,,,,,,,,,,,,,,,,,,,,,,,,,2021-04-12 11:01:49,2021-04-12 11:01:49
000895.XSHE,2013-11-03,2013,q4,2302,国泰君安,国泰君安2013-11-03发布的报告研报摘要中含有超预期信息,2013-11-03,2013年食品饮料行业三季报分析：白酒大众品持续分化 回归业绩稳健龙头,"闫伟,胡春霞",3895023852.9600,,,,,,,,,,,,,,,,,,,,,,,,,,,2021-04-12 11:01:49,2021-04-12 11:01:49
000895.XSHE,2013-11-04,2013,q4,2302,国泰君安,国泰君安2013-11-04发布的报告研报摘要中含有超预期信息,2013-11-04,食品饮料行业周报（1028-1101）：预期回归理性 增持稳健品种甄别小食品,"胡春霞,林园远",3895023852.9600,,,,,,,,,,,,,,,,,,,,,,,,,,,2021-04-12 11:01:49,2021-04-12 11:01:49
000895.XSHE,2013-11-04,2013,q4,2302,中信建投,中信建投2013-11-04发布的报告研报摘要中含有超预期信息,2013-11-04,食品饮料行业周报（1028-1101）：食品从疯狂回归理性 白酒继续筑底,"黄付生,张萍",3917029637.4400,,,,,,,,,,,,,,,,,,,,,,,,,,,2021-04-12 11:01:49,2021-04-12 11:01:49
000895.XSHE,2013-11-13,2013,q4,2102,申万宏源,"申万宏源2013-11-13发布的报告下调了该股盈利预测,分析师：童驯,周雅洁",2013-11-13,食品饮料行业11月月报：短期大众食品可能跑平 白酒也仅是脉冲式行情,"童驯,周雅洁",4005052775.3600,2013-10-29,双汇发展：三季报净利润增速计算口径与中报不一致 调整后业绩符合预期,4008580000.0000,,,,,,,,,,,,,,,,,,,,,,,-0.0009,2021-04-12 11:01:49,2021-04-12 11:01:49
000895.XSHE,2013-11-13,2013,q4,2302,申万宏源,申万宏源2013-11-13发布的报告研报摘要中含有超预期信息,2013-11-13,食品饮料行业11月月报：短期大众食品可能跑平 白酒也仅是脉冲式行情,"童驯,周雅洁",4005052775.3600,,,,,,,,,,,,,,,,,,,,,,,,,,,2021-04-12 11:01:49,2021-04-12 11:01:49
000895.XSHE,2014-01-15,2013,q4,2101,长江证券,"长江证券2014-01-15发布的报告下调了该股盈利预测,分析师：王奇玮",2014-01-15,双汇发展：2014年将受益于成本可控、集中度提升和产品创新三重弹性,王奇玮,3892600000.0000,2013-10-29,双汇发展：谁是定海神针,3894200000.0000,,,,,,,,,,,,,,,,,,,,,,,-0.0004,2021-04-12 11:01:49,2021-04-12 11:01:49
000895.XSHE,2014-02-25,2013,q4,2405,,2014-02-25发布的财报中，4季度净利润增速低于机构的一致预期,,,,,,,,2014-02-25,financial_reports,,,,1023309301.6000,,,,0.3008,,,,,,,,2014-02-24,,1063810473.8541,,,-0.0381,2021-04-12 11:01:49,2021-04-12 11:01:49
000895.XSHE,2014-02-25,2013,q4,2503,,2014-02-25发布的财报净利润同比增速低于2013一致预期同比增速,,,,,,,,2014-02-25,financial_reports,,,,1023309301.6000,,,,0.3008,,,,,,,,2014-02-24,,1063810473.8541,,0.3523,-0.0515,2021-04-12 11:01:49,2021-04-12 11:01:49
000895.XSHE,2014-02-25,2014,q4,2101,平安证券,"平安证券2014-02-25发布的报告下调了该股盈利预测,分析师：汤玮亮,文献",2014-02-25,双汇发展：净利增长33%符合预期 2014年有超预期机会,"汤玮亮,文献",4553000000.0000,2013-10-30,双汇发展：2014年有超预期机会 维持“强烈推荐”,4554000000.0000,,,,,,,,,,,,,,,,,,,,,,,-0.0002,2021-04-12 11:01:49,2021-04-12 11:01:49
000895.XSHE,2014-02-25,2014,q4,2101,民生证券,"民生证券2014-02-25发布的报告下调了该股盈利预测,分析师：王永锋,卢文琳",2014-02-25,双汇发展：年报业绩符合预期 14年盈利能力有望继续提升,"王永锋,卢文琳",4897000000.0000,2014-01-13,双汇发展：大低温战略促进肉制品结构升级 屠宰有望稳定增长,4911000000.0000,,,,,,,,,,,,,,,,,,,,,,,-0.0029,2021-04-12 11:01:49,2021-04-12 11:01:49
000895.XSHE,2014-02-25,2014,q4,2102,申万宏源,"申万宏源2014-02-25发布的报告下调了该股盈利预测,分析师：赵金厚",2014-02-25,双汇发展：2013年业绩符合预期 低成本下2014年业绩可期,赵金厚,4671000000.0000,2013-11-13,食品饮料行业11月月报：短期大众食品可能跑平 白酒也仅是脉冲式行情,4907289939.0400,,,,,,,,,,,,,,,,,,,,,,,-0.0482,2021-04-12 11:01:49,2021-04-12 11:01:49
000895.XSHE,2014-02-25,2014,q4,2302,国信证券,国信证券2014-02-25发布的报告研报摘要中含有超预期信息,2014-02-25,双汇发展：确定增长的低估值品种,龙飞,4857000000.0000,,,,,,,,,,,,,,,,,,,,,,,,,,,2021-04-12 11:01:49,2021-04-12 11:01:49
000895.XSHE,2014-02-25,2014,q4,2302,银河证券,银河证券2014-02-25发布的报告研报摘要中含有超预期信息,2014-02-25,双汇发展：关注国际化布局下的跨越式发展,"李琰,董俊峰",4907289939.0400,,,,,,,,,,,,,,,,,,,,,,,,,,,2021-04-12 11:01:49,2021-04-12 11:01:49
000895.XSHE,2014-02-28,2014,q4,2101,中信建投,"中信建投2014-02-28发布的报告下调了该股盈利预测,分析师：黄付生",2014-02-28,双汇发展：成本下降提升盈利能力 14年主要看销量增长,黄付生,4770370000.0000,2013-11-04,食品饮料行业周报（1028-1101）：食品从疯狂回归理性 白酒继续筑底,4775255232.1600,,,,,,,,,,,,,,,,,,,,,,,-0.0010,2021-04-12 11:01:49,2021-04-12 11:01:49
000895.XSHE,2014-03-10,2014,q4,2302,长城证券,长城证券2014-03-10发布的报告研报摘要中含有超预期信息,2014-03-10,双汇发展：聚焦低温 拓展渠道 稳健增长,张勇,4770260000.0000,,,,,,,,,,,,,,,,,,,,,,,,,,,2021-04-12 11:01:49,2021-04-12 11:01:49
000895.XSHE,2014-03-30,2014,q4,2101,中金财富,"中金财富2014-03-30发布的报告下调了该股盈利预测,分析师：蒋鑫",2014-03-30,双汇发展：集团上市在即 将提高业绩增长确定性并驱动估值回升,蒋鑫,4831000000.0000,2014-02-24,双汇发展：营销改善盈利提升 14年增长有望超预期,4841000000.0000,,,,,,,,,,,,,,,,,,,,,,,-0.0021,2021-04-12 11:01:49,2021-04-12 11:01:49
000895.XSHE,2014-04-29,2014,q4,2302,国金证券,国金证券2014-04-29发布的报告研报摘要中含有超预期信息,2014-04-29,双汇发展：利润的边际增量高 行业龙头具显著投资价值,"赵晓媛,陈钢",4729043084.7520,,,,,,,,,,,,,,,,,,,,,,,,,,,2021-04-12 11:01:49,2021-04-12 11:01:49
000895.XSHE,2014-04-30,2014,q4,2302,国海证券,国海证券2014-04-30发布的报告研报摘要中含有超预期信息,2014-04-30,双汇发展：屠宰放量、渠道发力及低成本原料储备致业绩增长,孙霞,4964000000.0000,,,,,,,,,,,,,,,,,,,,,,,,,,,2021-04-12 11:01:49,2021-04-12 11:01:49
000895.XSHE,2014-08-11,2014,q4,2101,长江证券,"长江证券2014-08-11发布的报告下调了该股盈利预测,分析师：王奇玮",2014-08-11,双汇发展：预期低点过后 肉制品体系有望重新架构,王奇玮,4837400000.0000,2014-08-03,双汇发展：积极看待万洲上市之后股份公司的边际改善,4950800000.0000,,,,,,,,,,,,,,,,,,,,,,,-0.0229,2021-04-12 11:01:49,2021-04-12 11:01:49
000895.XSHE,2014-08-11,2014,q4,2301,长江证券,长江证券2014-08-11发布的报告研报标题中含有超预期信息,2014-08-11,双汇发展：预期低点过后 肉制品体系有望重新架构,王奇玮,4837400000.0000,,,,,,,,,,,,,,,,,,,,,,,,,,,2021-10-29 13:57:48,2021-10-29 13:57:48
000895.XSHE,2014-08-11,2014,q4,2302,国金证券,国金证券2014-08-11发布的报告研报摘要中含有超预期信息,2014-08-11,双汇发展：业绩稳健成长 配置价值明显,"赵晓媛,陈钢",4729043084.7520,,,,,,,,,,,,,,,,,,,,,,,,,,,2021-04-12 11:01:49,2021-04-12 11:01:49
000895.XSHE,2014-08-12,2014,q2,2405,,2014-08-12发布的财报中，2季度净利润增速低于机构的一致预期,,,,,,,,2014-08-12,financial_reports,,,,1119591734.9800,,,,0.2014,,,,,,,,2014-08-11,,1149506070.4893,,,-0.0260,2021-04-12 11:01:49,2021-04-12 11:01:49
000895.XSHE,2014-08-12,2014,q2,2503,,2014-08-12发布的财报净利润同比增速低于2014一致预期同比增速,,,,,,,,2014-08-12,financial_reports,,,,1119591734.9800,,,,0.2014,,,,,,,,2014-08-11,,1149506070.4893,,0.2335,-0.0321,2021-04-12 11:01:49,2021-04-12 11:01:49
000895.XSHE,2014-08-12,2014,q4,2101,长城证券,"长城证券2014-08-12发布的报告下调了该股盈利预测,分析师：张勇",2014-08-12,双汇发展：成本控制能力强 毛利率显著改善,张勇,4751920000.0000,2014-03-10,双汇发展：聚焦低温 拓展渠道 稳健增长,4770260000.0000,,,,,,,,,,,,,,,,,,,,,,,-0.0038,2021-04-12 11:01:49,2021-04-12 11:01:49
000895.XSHE,2014-08-12,2014,q4,2101,群益证券,"群益证券2014-08-12发布的报告下调了该股盈利预测,分析师：李晓璐",2014-08-12,双汇发展：2014H1净利润YOY+30% 2Q净利润同比增长20%,李晓璐,4859000000.0000,2014-02-25,双汇发展：2013年净利润YOY+34% 2014年原料成本可能先降后升,4878000000.0000,,,,,,,,,,,,,,,,,,,,,,,-0.0039,2021-04-12 11:01:49,2021-04-12 11:01:49
000895.XSHE,2014-08-12,2014,q4,2102,国泰君安,"国泰君安2014-08-12发布的报告下调了该股盈利预测,分析师：胡春霞,闫伟",2014-08-12,双汇发展2014年中报点评：屠宰稳定增长 预计下半年收入增速有所回升,"胡春霞,闫伟",4812000000.0000,2014-03-24,双汇发展：屠宰加速、成本可控 业绩确定性较强,4824000000.0000,,,,,,,,,,,,,,,,,,,,,,,-0.0025,2021-04-12 11:01:49,2021-04-12 11:01:49
000895.XSHE,2014-08-12,2014,q4,2301,民生证券,民生证券2014-08-12发布的报告研报标题中含有超预期信息,2014-08-12,双汇发展：单季度销量低于预期 盈利状况保持良好,"王永锋,卢文琳",5065000000.0000,,,,,,,,,,,,,,,,,,,,,,,,,,,2021-04-12 11:01:49,2021-04-12 11:01:49
000895.XSHE,2014-08-12,2014,q4,2302,长城证券,长城证券2014-08-12发布的报告研报摘要中含有超预期信息,2014-08-12,双汇发展：成本控制能力强 毛利率显著改善,张勇,4751920000.0000,,,,,,,,,,,,,,,,,,,,,,,,,,,2021-04-12 11:01:49,2021-04-12 11:01:49
000895.XSHE,2014-08-12,2014,q4,2302,国泰君安,国泰君安2014-08-12发布的报告研报摘要中含有超预期信息,2014-08-12,双汇发展2014年中报点评：屠宰稳定增长 预计下半年收入增速有所回升,"胡春霞,闫伟",4812000000.0000,,,,,,,,,,,,,,,,,,,,,,,,,,,2021-04-12 11:01:49,2021-04-12 11:01:49
000895.XSHE,2014-08-12,2014,q4,2302,招商证券,招商证券2014-08-12发布的报告研报摘要中含有超预期信息,2014-08-12,双汇发展：核心业务放缓持续 但股价已Price in,"董广阳,杨勇胜,龙隽",4836000000.0000,,,,,,,,,,,,,,,,,,,,,,,,,,,2021-04-12 11:01:49,2021-04-12 11:01:49
000895.XSHE,2014-08-12,2014,q4,2302,民生证券,民生证券2014-08-12发布的报告研报摘要中含有超预期信息,2014-08-12,双汇发展：单季度销量低于预期 盈利状况保持良好,"王永锋,卢文琳",5065000000.0000,,,,,,,,,,,,,,,,,,,,,,,,,,,2021-04-12 11:01:49,2021-04-12 11:01:49
000895.XSHE,2014-08-13,2014,q4,2102,海通证券,"海通证券2014-08-13发布的报告下调了该股盈利预测,分析师：马浩博,闻宏伟",2014-08-13,双汇发展：万州上市波折导致上半年收入低于预期 下半年收入提速,"马浩博,闻宏伟",5039470000.0000,2014-02-27,双汇发展：双汇屠宰为何赚钱和双汇未来3年看什么？,5089870000.0000,,,,,,,,,,,,,,,,,,,,,,,-0.0099,2021-04-12 11:01:49,2021-04-12 11:01:49
000895.XSHE,2014-08-13,2014,q4,2301,海通证券,海通证券2014-08-13发布的报告研报标题中含有超预期信息,2014-08-13,双汇发展：万州上市波折导致上半年收入低于预期 下半年收入提速,"马浩博,闻宏伟",5039470000.0000,,,,,,,,,,,,,,,,,,,,,,,,,,,2021-04-12 11:01:49,2021-04-12 11:01:49
000895.XSHE,2014-08-13,2014,q4,2302,海通证券,海通证券2014-08-13发布的报告研报摘要中含有超预期信息,2014-08-13,双汇发展：万州上市波折导致上半年收入低于预期 下半年收入提速,"马浩博,闻宏伟",5039470000.0000,,,,,,,,,,,,,,,,,,,,,,,,,,,2021-04-12 11:01:49,2021-04-12 11:01:49
000895.XSHE,2014-08-13,2014,q4,2302,山西证券,山西证券2014-08-13发布的报告研报摘要中含有超预期信息,2014-08-13,双汇发展：期待肉制品新品放量 充备库存平抑未来成本,罗胤,4788060000.0000,,,,,,,,,,,,,,,,,,,,,,,,,,,2021-04-12 11:01:49,2021-04-12 11:01:49
000895.XSHE,2014-08-14,2014,q4,2301,安信证券,安信证券2014-08-14发布的报告研报标题中含有超预期信息,2014-08-14,双汇发展：中报业绩符合预期 肉制品营收增速低于预期,苏青青,4789700000.0000,,,,,,,,,,,,,,,,,,,,,,,,,,,2021-04-12 11:01:49,2021-04-12 11:01:49
000895.XSHE,2014-08-15,2014,q4,2101,国信证券,"国信证券2014-08-15发布的报告下调了该股盈利预测,分析师：刘鹏,龙飞",2014-08-15,双汇发展：等待三因素共振,"刘鹏,龙飞",4629000000.0000,2014-02-25,双汇发展：确定增长的低估值品种,4857000000.0000,,,,,,,,,,,,,,,,,,,,,,,-0.0469,2021-04-12 11:01:49,2021-04-12 11:01:49
000895.XSHE,2014-09-23,2014,q4,2101,平安证券,"平安证券2014-09-23发布的报告下调了该股盈利预测,分析师：王俏怡,张宇光,文献 等",2014-09-23,双汇发展：渠道建设有序进行 期待肉制品15年新形象,"王俏怡,张宇光,文献 等",4614000000.0000,2014-04-30,双汇发展：1Q14业绩符合预期 展望全年鲜冻品大概率超预期,4846000000.0000,,,,,,,,,,,,,,,,,,,,,,,-0.0479,2021-04-12 11:01:49,2021-04-12 11:01:49
000895.XSHE,2014-10-25,2014,q3,2405,,2014-10-25发布的财报中，3季度净利润增速低于机构的一致预期,,,,,,,,2014-10-25,financial_reports,,,,965270838.3200,,,,-0.1568,,,,,,,,2014-10-24,,1380730234.3279,,,-0.3009,2021-04-12 11:01:49,2021-04-12 11:01:49
000895.XSHE,2014-10-25,2014,q3,2501,,2014-10-25发布的财报净利润同比增速低于一致预期2014同比增速,,,,,,,,2014-10-25,financial_reports,,,3162494901.1200,,,0.1156,,,,,,,,,,2014-10-24,4812249326.2144,,0.2473,,-0.1317,2021-04-12 11:01:49,2021-04-12 11:01:49
000895.XSHE,2014-10-25,2014,q3,2503,,2014-10-25发布的财报净利润同比增速低于2014一致预期同比增速,,,,,,,,2014-10-25,financial_reports,,,,965270838.3200,,,,-0.1568,,,,,,,,2014-10-24,,1380730234.3279,,0.2061,-0.3629,2021-04-12 11:01:49,2021-04-12 11:01:49
000895.XSHE,2014-10-25,2014,q4,2101,长江证券,"长江证券2014-10-25发布的报告下调了该股盈利预测,分析师：王奇玮,刘洁铭",2014-10-25,双汇发展：告别利润高速增长 拥抱细分需求裂变,"王奇玮,刘洁铭",4410700000.0000,2014-09-15,双汇发展：进入俄罗斯市场 肉制品销售改善 可重点布局的跨年品种,4852100000.0000,,,,,,,,,,,,,,,,,,,,,,,-0.0910,2021-04-12 11:01:49,2021-04-12 11:01:49
000895.XSHE,2014-10-26,2014,q4,2101,兴业证券,"兴业证券2014-10-26发布的报告下调了该股盈利预测,分析师：黄茂,刘海啸",2014-10-26,双汇发展：业绩低于预期 但已基本Price in,"黄茂,刘海啸",4327000000.0000,2014-08-11,双汇发展：屠宰放量明显 期待加强新品研发改善肉制品增速,4688000000.0000,,,,,,,,,,,,,,,,,,,,,,,-0.0770,2021-04-12 11:01:49,2021-04-12 11:01:49
000895.XSHE,2014-10-26,2014,q4,2101,中金财富,"中金财富2014-10-26发布的报告下调了该股盈利预测,分析师：蒋鑫",2014-10-26,双汇发展：新品延后和成本上升导致业绩低于预期 关注营销变革,蒋鑫,4400000000.0000,2014-08-11,双汇发展：下半年新品推进加快 通过进口平抑国内原料价格上涨影响,4837000000.0000,,,,,,,,,,,,,,,,,,,,,,,-0.0903,2021-04-12 11:01:49,2021-04-12 11:01:49
000895.XSHE,2014-10-26,2014,q4,2102,国泰君安,"国泰君安2014-10-26发布的报告下调了该股盈利预测,分析师：胡春霞,闫伟",2014-10-26,双汇发展：屠宰、肉制品量低于预期 盈利或将持续承压,"胡春霞,闫伟",4187000000.0000,2014-08-12,双汇发展2014年中报点评：屠宰稳定增长 预计下半年收入增速有所回升,4812000000.0000,,,,,,,,,,,,,,,,,,,,,,,-0.1299,2021-04-12 11:01:49,2021-04-12 11:01:49
000895.XSHE,2014-10-26,2014,q4,2102,招商证券,"招商证券2014-10-26发布的报告下调了该股盈利预测,分析师：董广阳,杨勇胜,龙隽",2014-10-26,双汇发展：业绩低于预期 净利率见顶回落,"董广阳,杨勇胜,龙隽",4381000000.0000,2014-08-12,双汇发展：核心业务放缓持续 但股价已Price in,4836000000.0000,,,,,,,,,,,,,,,,,,,,,,,-0.0941,2021-04-12 11:01:49,2021-04-12 11:01:49
000895.XSHE,2014-10-26,2014,q4,2102,中泰证券,"中泰证券2014-10-26发布的报告下调了该股盈利预测,分析师：胡彦超,黄文婧",2014-10-26,双汇发展：肉制品量利齐跌 Q3业绩低于预期,"胡彦超,黄文婧",4290000000.0000,2014-08-29,食品电商系列报告之肉类篇：生鲜肉强者恒强、休闲肉制品有望逆袭,4861000000.0000,,,,,,,,,,,,,,,,,,,,,,,-0.1175,2021-04-12 11:01:49,2021-04-12 11:01:49
000895.XSHE,2014-10-26,2014,q4,2301,国泰君安,国泰君安2014-10-26发布的报告研报标题中含有超预期信息,2014-10-26,双汇发展：屠宰、肉制品量低于预期 盈利或将持续承压,"胡春霞,闫伟",4187000000.0000,,,,,,,,,,,,,,,,,,,,,,,,,,,2021-04-12 11:01:49,2021-04-12 11:01:49
000895.XSHE,2014-10-26,2014,q4,2301,招商证券,招商证券2014-10-26发布的报告研报标题中含有超预期信息,2014-10-26,双汇发展：业绩低于预期 净利率见顶回落,"董广阳,杨勇胜,龙隽",4381000000.0000,,,,,,,,,,,,,,,,,,,,,,,,,,,2021-04-12 11:01:49,2021-04-12 11:01:49
000895.XSHE,2014-10-26,2014,q4,2301,兴业证券,兴业证券2014-10-26发布的报告研报标题中含有超预期信息,2014-10-26,双汇发展：业绩低于预期 但已基本Price in,"黄茂,刘海啸",4327000000.0000,,,,,,,,,,,,,,,,,,,,,,,,,,,2021-04-12 11:01:49,2021-04-12 11:01:49
000895.XSHE,2014-10-26,2014,q4,2301,中泰证券,中泰证券2014-10-26发布的报告研报标题中含有超预期信息,2014-10-26,双汇发展：肉制品量利齐跌 Q3业绩低于预期,"胡彦超,黄文婧",4290000000.0000,,,,,,,,,,,,,,,,,,,,,,,,,,,2021-04-12 11:01:49,2021-04-12 11:01:49
000895.XSHE,2014-10-26,2014,q4,2301,中金财富,中金财富2014-10-26发布的报告研报标题中含有超预期信息,2014-10-26,双汇发展：新品延后和成本上升导致业绩低于预期 关注营销变革,蒋鑫,4400000000.0000,,,,,,,,,,,,,,,,,,,,,,,,,,,2021-04-12 11:01:49,2021-04-12 11:01:49
000895.XSHE,2014-10-26,2014,q4,2302,国泰君安,国泰君安2014-10-26发布的报告研报摘要中含有超预期信息,2014-10-26,双汇发展：屠宰、肉制品量低于预期 盈利或将持续承压,"胡春霞,闫伟",4187000000.0000,,,,,,,,,,,,,,,,,,,,,,,,,,,2021-04-12 11:01:49,2021-04-12 11:01:49
000895.XSHE,2014-10-26,2014,q4,2302,兴业证券,兴业证券2014-10-26发布的报告研报摘要中含有超预期信息,2014-10-26,双汇发展：业绩低于预期 但已基本Price in,"黄茂,刘海啸",4327000000.0000,,,,,,,,,,,,,,,,,,,,,,,,,,,2021-04-12 11:01:49,2021-04-12 11:01:49
000895.XSHE,2014-10-26,2014,q4,2302,中泰证券,中泰证券2014-10-26发布的报告研报摘要中含有超预期信息,2014-10-26,双汇发展：肉制品量利齐跌 Q3业绩低于预期,"胡彦超,黄文婧",4290000000.0000,,,,,,,,,,,,,,,,,,,,,,,,,,,2021-04-12 11:01:49,2021-04-12 11:01:49
000895.XSHE,2014-10-27,2014,q4,2101,长城证券,"长城证券2014-10-27发布的报告下调了该股盈利预测,分析师：张威威,陈鹏",2014-10-27,双汇发展：业绩增速放缓 Q3利润率下滑,"张威威,陈鹏",4492340000.0000,2014-08-12,双汇发展：成本控制能力强 毛利率显著改善,4751920000.0000,,,,,,,,,,,,,,,,,,,,,,,-0.0546,2021-04-12 11:01:49,2021-04-12 11:01:49
000895.XSHE,2014-10-27,2014,q4,2101,中金公司,"中金公司2014-10-27发布的报告下调了该股盈利预测,分析师：操礼艳",2014-10-27,双汇发展：肉制品转型期 机遇与挑战并存,操礼艳,4327000000.0000,2014-08-12,双汇发展：业绩符合预期 期待旺季放量,4817000000.0000,,,,,,,,,,,,,,,,,,,,,,,-0.1017,2021-04-12 11:01:49,2021-04-12 11:01:49
000895.XSHE,2014-10-27,2014,q4,2101,申万宏源,"申万宏源2014-10-27发布的报告下调了该股盈利预测,分析师：金凤",2014-10-27,双汇发展：高基数背景下三季度业绩低于预期 关注肉制品创新,金凤,4519000000.0000,2014-04-30,双汇发展：一季度业绩超预期 全年业绩高增长确定性较高,4848240000.0000,,,,,,,,,,,,,,,,,,,,,,,-0.0679,2021-04-12 11:01:49,2021-04-12 11:01:49
000895.XSHE,2014-10-27,2014,q4,2101,平安证券,"平安证券2014-10-27发布的报告下调了该股盈利预测,分析师：王俏怡,张宇光,文献 等",2014-10-27,双汇发展：3Q14业绩低于预期 下调评级至“中性”,"王俏怡,张宇光,文献 等",3975000000.0000,2014-09-23,双汇发展：渠道建设有序进行 期待肉制品15年新形象,4614000000.0000,,,,,,,,,,,,,,,,,,,,,,,-0.1385,2021-04-12 11:01:49,2021-04-12 11:01:49
000895.XSHE,2014-10-27,2014,q4,2101,民生证券,"民生证券2014-10-27发布的报告下调了该股盈利预测,分析师：王永锋,卢文琳",2014-10-27,双汇发展：业绩低于预期 期待未来营销变革带来改善,"王永锋,卢文琳",4445580000.0000,2014-08-12,双汇发展：单季度销量低于预期 盈利状况保持良好,5065000000.0000,,,,,,,,,,,,,,,,,,,,,,,-0.1223,2021-04-12 11:01:49,2021-04-12 11:01:49
000895.XSHE,2014-10-27,2014,q4,2101,方正证券,"方正证券2014-10-27发布的报告下调了该股盈利预测,分析师：薛玉虎",2014-10-27,双汇发展：三季度肉制品销量下滑 四季度有望恢复增长,薛玉虎,4376330000.0000,2014-08-12,双汇发展：上半年业绩符合预期 全年业绩不必过分担心猪价,4835900000.0000,,,,,,,,,,,,,,,,,,,,,,,-0.0950,2021-04-12 11:01:49,2021-04-12 11:01:49
000895.XSHE,2014-10-27,2014,q4,2101,东莞证券,"东莞证券2014-10-27发布的报告下调了该股盈利预测,分析师：李一凡",2014-10-27,双汇发展：收入和利润均低于预期 下调评级和预测,李一凡,3977010000.0000,2014-08-12,双汇发展：屠宰业务快速放量 全年业绩仍能保持较快增长,4877200000.0000,,,,,,,,,,,,,,,,,,,,,,,-0.1846,2021-04-12 11:01:49,2021-04-12 11:01:49
000895.XSHE,2014-10-27,2014,q4,2101,瑞银证券,"瑞银证券2014-10-27发布的报告下调了该股盈利预测,分析师：赵琳,何淼",2014-10-27,双汇发展：三季报业绩低于预期,"赵琳,何淼",4626090000.0000,2014-06-03,双汇发展：股价已反映悲观预期 建议“买入”,5064000000.0000,,,,,,,,,,,,,,,,,,,,,,,-0.0865,2021-04-12 11:01:49,2021-04-12 11:01:49
000895.XSHE,2014-10-27,2014,q4,2102,海通证券,"海通证券2014-10-27发布的报告下调了该股盈利预测,分析师：马浩博,闻宏伟",2014-10-27,双汇发展：肉制品收入受需求影响低于预期,"马浩博,闻宏伟",4390360000.0000,2014-08-13,双汇发展：万州上市波折导致上半年收入低于预期 下半年收入提速,5039470000.0000,,,,,,,,,,,,,,,,,,,,,,,-0.1288,2021-04-12 11:01:49,2021-04-12 11:01:49
000895.XSHE,2014-10-27,2014,q4,2301,申万宏源,申万宏源2014-10-27发布的报告研报标题中含有超预期信息,2014-10-27,双汇发展：高基数背景下三季度业绩低于预期 关注肉制品创新,金凤,4519000000.0000,,,,,,,,,,,,,,,,,,,,,,,,,,,2021-04-12 11:01:49,2021-04-12 11:01:49
000895.XSHE,2014-10-27,2014,q4,2301,平安证券,平安证券2014-10-27发布的报告研报标题中含有超预期信息,2014-10-27,双汇发展：3Q14业绩低于预期 下调评级至“中性”,"王俏怡,张宇光,文献 等",3975000000.0000,,,,,,,,,,,,,,,,,,,,,,,,,,,2021-04-12 11:01:49,2021-04-12 11:01:49
000895.XSHE,2014-10-27,2014,q4,2301,民生证券,民生证券2014-10-27发布的报告研报标题中含有超预期信息,2014-10-27,双汇发展：业绩低于预期 期待未来营销变革带来改善,"王永锋,卢文琳",4445580000.0000,,,,,,,,,,,,,,,,,,,,,,,,,,,2021-04-12 11:01:49,2021-04-12 11:01:49
000895.XSHE,2014-10-27,2014,q4,2301,海通证券,海通证券2014-10-27发布的报告研报标题中含有超预期信息,2014-10-27,双汇发展：肉制品收入受需求影响低于预期,"马浩博,闻宏伟",4390360000.0000,,,,,,,,,,,,,,,,,,,,,,,,,,,2021-04-12 11:01:49,2021-04-12 11:01:49
000895.XSHE,2014-10-27,2014,q4,2301,东莞证券,东莞证券2014-10-27发布的报告研报标题中含有超预期信息,2014-10-27,双汇发展：收入和利润均低于预期 下调评级和预测,李一凡,3977010000.0000,,,,,,,,,,,,,,,,,,,,,,,,,,,2021-04-12 11:01:49,2021-04-12 11:01:49
000895.XSHE,2014-10-27,2014,q4,2301,瑞银证券,瑞银证券2014-10-27发布的报告研报标题中含有超预期信息,2014-10-27,双汇发展：三季报业绩低于预期,"赵琳,何淼",4626090000.0000,,,,,,,,,,,,,,,,,,,,,,,,,,,2021-04-12 11:01:49,2021-04-12 11:01:49
000895.XSHE,2014-10-27,2014,q4,2302,长城证券,长城证券2014-10-27发布的报告研报摘要中含有超预期信息,2014-10-27,双汇发展：业绩增速放缓 Q3利润率下滑,"张威威,陈鹏",4492340000.0000,,,,,,,,,,,,,,,,,,,,,,,,,,,2021-04-12 11:01:49,2021-04-12 11:01:49
000895.XSHE,2014-10-27,2014,q4,2302,中金公司,中金公司2014-10-27发布的报告研报摘要中含有超预期信息,2014-10-27,双汇发展：肉制品转型期 机遇与挑战并存,操礼艳,4327000000.0000,,,,,,,,,,,,,,,,,,,,,,,,,,,2021-04-12 11:01:49,2021-04-12 11:01:49
000895.XSHE,2014-10-27,2014,q4,2302,平安证券,平安证券2014-10-27发布的报告研报摘要中含有超预期信息,2014-10-27,双汇发展：3Q14业绩低于预期 下调评级至“中性”,"王俏怡,张宇光,文献 等",3975000000.0000,,,,,,,,,,,,,,,,,,,,,,,,,,,2021-04-12 11:01:49,2021-04-12 11:01:49
000895.XSHE,2014-10-27,2014,q4,2302,民生证券,民生证券2014-10-27发布的报告研报摘要中含有超预期信息,2014-10-27,双汇发展：业绩低于预期 期待未来营销变革带来改善,"王永锋,卢文琳",4445580000.0000,,,,,,,,,,,,,,,,,,,,,,,,,,,2021-04-12 11:01:49,2021-04-12 11:01:49
000895.XSHE,2014-10-27,2014,q4,2302,海通证券,海通证券2014-10-27发布的报告研报摘要中含有超预期信息,2014-10-27,双汇发展：肉制品收入受需求影响低于预期,"马浩博,闻宏伟",4390360000.0000,,,,,,,,,,,,,,,,,,,,,,,,,,,2021-04-12 11:01:49,2021-04-12 11:01:49
000895.XSHE,2014-10-27,2014,q4,2302,瑞银证券,瑞银证券2014-10-27发布的报告研报摘要中含有超预期信息,2014-10-27,双汇发展：三季报业绩低于预期,"赵琳,何淼",4626090000.0000,,,,,,,,,,,,,,,,,,,,,,,,,,,2021-04-12 11:01:49,2021-04-12 11:01:49
000895.XSHE,2014-10-28,2014,q4,2101,瑞银证券,"瑞银证券2014-10-28发布的报告下调了该股盈利预测,分析师：赵琳,何淼",2014-10-28,双汇发展：下调盈利预测和目标价 维持“买入”评级,"赵琳,何淼",4246000000.0000,2014-10-27,双汇发展：三季报业绩低于预期,4626090000.0000,,,,,,,,,,,,,,,,,,,,,,,-0.0822,2021-04-12 11:01:49,2021-04-12 11:01:49
000895.XSHE,2014-10-28,2014,q4,2302,银河证券,银河证券2014-10-28发布的报告研报摘要中含有超预期信息,2014-10-28,双汇发展：关注中长期投资机会,"董俊峰,李琰",4467174249.4400,,,,,,,,,,,,,,,,,,,,,,,,,,,2021-04-12 11:01:49,2021-04-12 11:01:49
000895.XSHE,2014-10-28,2014,q4,2302,瑞银证券,瑞银证券2014-10-28发布的报告研报摘要中含有超预期信息,2014-10-28,双汇发展：下调盈利预测和目标价 维持“买入”评级,"赵琳,何淼",4246000000.0000,,,,,,,,,,,,,,,,,,,,,,,,,,,2021-04-12 11:01:49,2021-04-12 11:01:49
000895.XSHE,2014-11-03,2014,q4,2101,长江证券,"长江证券2014-11-03发布的报告下调了该股盈利预测,分析师：王奇玮,刘洁铭",2014-11-03,双汇发展：下半年深度转型 2015轻装上阵,"王奇玮,刘洁铭",4285000000.0000,2014-10-25,双汇发展：告别利润高速增长 拥抱细分需求裂变,4410700000.0000,,,,,,,,,,,,,,,,,,,,,,,-0.0285,2021-04-12 11:01:49,2021-04-12 11:01:49
000895.XSHE,2014-12-03,2014,q4,2302,兴业证券,兴业证券2014-12-03发布的报告研报摘要中含有超预期信息,2014-12-03,双汇发展：增持凸显公司政策底 人事调整和产品创新确保增速逐季回升,"黄茂,刘海啸,刘淑生",4327000000.0000,,,,,,,,,,,,,,,,,,,,,,,,,,,2021-04-12 11:01:49,2021-04-12 11:01:49
000895.XSHE,2015-01-07,2014,q4,2101,中金公司,"中金公司2015-01-07发布的报告下调了该股盈利预测,分析师：操礼艳",2015-01-07,双汇发展：底部逐渐清晰 建议积极布局,操礼艳,4108000000.0000,2014-11-10,双汇发展：坚定转型 有备而来,4327000000.0000,,,,,,,,,,,,,,,,,,,,,,,-0.0506,2021-04-12 11:01:49,2021-04-12 11:01:49
000895.XSHE,2015-01-07,2014,q4,2302,中金公司,中金公司2015-01-07发布的报告研报摘要中含有超预期信息,2015-01-07,双汇发展：底部逐渐清晰 建议积极布局,操礼艳,4108000000.0000,,,,,,,,,,,,,,,,,,,,,,,,,,,2021-04-12 11:01:49,2021-04-12 11:01:49
000895.XSHE,2015-01-29,2014,q4,2101,长江证券,"长江证券2015-01-29发布的报告下调了该股盈利预测,分析师：刘洁铭",2015-01-29,双汇发展：新品推广顺利 春节前全国铺市 重申推荐,刘洁铭,4111800000.0000,2014-11-03,双汇发展：下半年深度转型 2015轻装上阵,4285000000.0000,,,,,,,,,,,,,,,,,,,,,,,-0.0404,2021-04-12 11:01:49,2021-04-12 11:01:49
000895.XSHE,2015-03-02,2014,q4,2101,瑞银证券,"瑞银证券2015-03-02发布的报告下调了该股盈利预测,分析师：赵琳",2015-03-02,双汇发展：期待肉制品转型成功 维持“买入”评级,赵琳,4088000000.0000,2014-10-28,双汇发展：下调盈利预测和目标价 维持“买入”评级,4246000000.0000,,,,,,,,,,,,,,,,,,,,,,,-0.0372,2021-04-12 11:01:49,2021-04-12 11:01:49
000895.XSHE,2015-03-02,2014,q4,2302,瑞银证券,瑞银证券2015-03-02发布的报告研报摘要中含有超预期信息,2015-03-02,双汇发展：期待肉制品转型成功 维持“买入”评级,赵琳,4088000000.0000,,,,,,,,,,,,,,,,,,,,,,,,,,,2021-04-12 11:01:49,2021-04-12 11:01:49
000895.XSHE,2015-03-26,2014,q4,2405,,2015-03-26发布的财报中，4季度净利润增速低于机构的一致预期,,,,,,,,2015-03-26,financial_reports,,,,877368856.8900,,,,-0.1426,,,,,,,,2015-03-25,,1160330417.0842,,,-0.2439,2021-04-12 11:01:49,2021-04-12 11:01:49
000895.XSHE,2015-03-26,2014,q4,2503,,2015-03-26发布的财报净利润同比增速低于2014一致预期同比增速,,,,,,,,2015-03-26,financial_reports,,,,877368856.8900,,,,-0.1426,,,,,,,,2015-03-25,,1160330417.0842,,0.1339,-0.2765,2021-04-12 11:01:49,2021-04-12 11:01:49
000895.XSHE,2015-03-26,2015,q4,2101,申万宏源,"申万宏源2015-03-26发布的报告下调了该股盈利预测,分析师：金凤",2015-03-26,双汇发展：风雨过后 静待基本面回暖,金凤,4673000000.0000,2014-10-27,双汇发展：高基数背景下三季度业绩低于预期 关注肉制品创新,5090000000.0000,,,,,,,,,,,,,,,,,,,,,,,-0.0819,2021-04-12 11:01:49,2021-04-12 11:01:49
000895.XSHE,2015-03-26,2015,q4,2101,中金财富,"中金财富2015-03-26发布的报告下调了该股盈利预测,分析师：蒋鑫",2015-03-26,双汇发展：业绩估值均见底 建议逐步开始布局,蒋鑫,4619000000.0000,2014-10-26,双汇发展：新品延后和成本上升导致业绩低于预期 关注营销变革,4908000000.0000,,,,,,,,,,,,,,,,,,,,,,,-0.0589,2021-04-12 11:01:49,2021-04-12 11:01:49
000895.XSHE,2015-03-26,2015,q4,2102,海通证券,"海通证券2015-03-26发布的报告下调了该股盈利预测,分析师：马浩博,闻宏伟",2015-03-26,双汇发展：业绩符合预期 2Q15利润触底反转,"马浩博,闻宏伟",4679680000.0000,2014-10-27,双汇发展：肉制品收入受需求影响低于预期,5228350000.0000,,,,,,,,,,,,,,,,,,,,,,,-0.1049,2021-04-12 11:01:49,2021-04-12 11:01:49
000895.XSHE,2015-03-26,2015,q4,2102,中泰证券,"中泰证券2015-03-26发布的报告下调了该股盈利预测,分析师：胡彦超,黄文婧",2015-03-26,双汇发展：四季度收入增速转正 一季度新品开始全面铺货,"胡彦超,黄文婧",4638000000.0000,2015-02-08,双汇发展：新品助力品牌形象提升 短期趋势向好可待,4977000000.0000,,,,,,,,,,,,,,,,,,,,,,,-0.0681,2021-04-12 11:01:49,2021-04-12 11:01:49
000895.XSHE,2015-03-26,2015,q4,2302,中金公司,中金公司2015-03-26发布的报告研报摘要中含有超预期信息,2015-03-26,双汇发展：15年前低后高 积极开发餐饮和电商渠道,"操礼艳,袁霏阳",4586000000.0000,,,,,,,,,,,,,,,,,,,,,,,,,,,2021-04-12 11:01:49,2021-04-12 11:01:49
000895.XSHE,2015-03-26,2015,q4,2302,申万宏源,申万宏源2015-03-26发布的报告研报摘要中含有超预期信息,2015-03-26,双汇发展：风雨过后 静待基本面回暖,金凤,4673000000.0000,,,,,,,,,,,,,,,,,,,,,,,,,,,2021-04-12 11:01:49,2021-04-12 11:01:49
000895.XSHE,2015-03-26,2015,q4,2302,海通证券,海通证券2015-03-26发布的报告研报摘要中含有超预期信息,2015-03-26,双汇发展：业绩符合预期 2Q15利润触底反转,"马浩博,闻宏伟",4679680000.0000,,,,,,,,,,,,,,,,,,,,,,,,,,,2021-04-12 11:01:49,2021-04-12 11:01:49
000895.XSHE,2015-04-17,2015,q4,2101,瑞银证券,"瑞银证券2015-04-17发布的报告下调了该股盈利预测,分析师：赵琳",2015-04-17,双汇发展：业绩低点即将过去 维持“买入”评级,赵琳,4481000000.0000,2015-03-26,双汇发展：业绩基本符合预期,4499000000.0000,,,,,,,,,,,,,,,,,,,,,,,-0.0040,2021-04-12 11:01:49,2021-04-12 11:01:49
000895.XSHE,2015-04-19,2015,q4,2101,方正证券,"方正证券2015-04-19发布的报告下调了该股盈利预测,分析师：薛玉虎",2015-04-19,双汇发展：新品反馈良好 业绩趋势向上确定,薛玉虎,4601000000.0000,2014-12-05,双汇发展：连续增持提信心 积极转型谋增长,5143740000.0000,,,,,,,,,,,,,,,,,,,,,,,-0.1055,2021-04-12 11:01:49,2021-04-12 11:01:49
000895.XSHE,2015-04-19,2015,q4,2302,方正证券,方正证券2015-04-19发布的报告研报摘要中含有超预期信息,2015-04-19,双汇发展：新品反馈良好 业绩趋势向上确定,薛玉虎,4601000000.0000,,,,,,,,,,,,,,,,,,,,,,,,,,,2021-04-12 11:01:49,2021-04-12 11:01:49
000895.XSHE,2015-04-29,2015,q4,2102,中泰证券,"中泰证券2015-04-29发布的报告下调了该股盈利预测,分析师：胡彦超",2015-04-29,双汇发展：去库存和新老产品过渡的阵痛期 新品发力在望,胡彦超,4570000000.0000,2015-03-26,双汇发展：四季度收入增速转正 一季度新品开始全面铺货,4638000000.0000,,,,,,,,,,,,,,,,,,,,,,,-0.0147,2021-04-12 11:01:49,2021-04-12 11:01:49
000895.XSHE,2015-04-29,2015,q4,2302,方正证券,方正证券2015-04-29发布的报告研报摘要中含有超预期信息,2015-04-29,双汇发展：利润增速改善 期待Q2新品发力,薛玉虎,4601000000.0000,,,,,,,,,,,,,,,,,,,,,,,,,,,2021-04-12 11:01:49,2021-04-12 11:01:49
000895.XSHE,2015-04-30,2015,q1,2405,,2015-04-30发布的财报中，1季度净利润增速低于机构的一致预期,,,,,,,,2015-04-30,financial_reports,,,,920797156.4000,,,,-0.1455,,,,,,,,2015-04-29,,1253501923.7202,,,-0.2654,2021-04-12 11:01:49,2021-04-12 11:01:49
000895.XSHE,2015-04-30,2015,q1,2501,,2015-04-30发布的财报净利润同比增速低于一致预期2015同比增速,,,,,,,,2015-04-30,financial_reports,,,920797156.4000,,,-0.1455,,,,,,,,,,2015-04-29,4699074716.0480,,0.1632,,-0.3087,2021-04-12 11:01:49,2021-04-12 11:01:49
000895.XSHE,2015-04-30,2015,q1,2503,,2015-04-30发布的财报净利润同比增速低于2015一致预期同比增速,,,,,,,,2015-04-30,financial_reports,,,,920797156.4000,,,,-0.1455,,,,,,,,2015-04-29,,1253501923.7202,,0.1632,-0.3087,2021-04-12 11:01:49,2021-04-12 11:01:49
000895.XSHE,2015-04-30,2015,q4,2302,中金公司,中金公司2015-04-30发布的报告研报摘要中含有超预期信息,2015-04-30,双汇发展：最差的已过去 逐季改善趋势确立,"操礼艳,袁霏阳",4586000000.0000,,,,,,,,,,,,,,,,,,,,,,,,,,,2021-04-12 11:01:49,2021-04-12 11:01:49
000895.XSHE,2015-05-04,2015,q4,2302,广发证券,广发证券2015-05-04发布的报告研报摘要中含有超预期信息,2015-05-04,双汇发展：一季度业绩下滑 未来有望逐步改善,"王永锋,卢文琳",4534000000.0000,,,,,,,,,,,,,,,,,,,,,,,,,,,2021-04-12 11:01:49,2021-04-12 11:01:49
000895.XSHE,2015-05-25,2015,q4,2302,国泰君安,国泰君安2015-05-25发布的报告研报摘要中含有超预期信息,2015-05-25,双汇发展：肉制品转型值得期待 进口成本优势凸显,"柯海东,闫伟,胡春霞",4412000000.0000,,,,,,,,,,,,,,,,,,,,,,,,,,,2021-04-12 11:01:49,2021-04-12 11:01:49
000895.XSHE,2015-07-09,2015,q4,2101,中金公司,"中金公司2015-07-09发布的报告下调了该股盈利预测,分析师：吕若晨,袁霏阳",2015-07-09,双汇发展：逐季改善有望延续 期待下半年旺季,"吕若晨,袁霏阳",4338000000.0000,2015-04-30,双汇发展：最差的已过去 逐季改善趋势确立,4586000000.0000,,,,,,,,,,,,,,,,,,,,,,,-0.0541,2021-04-12 11:01:49,2021-04-12 11:01:49
000895.XSHE,2015-07-09,2015,q4,2302,中金公司,中金公司2015-07-09发布的报告研报摘要中含有超预期信息,2015-07-09,双汇发展：逐季改善有望延续 期待下半年旺季,"吕若晨,袁霏阳",4338000000.0000,,,,,,,,,,,,,,,,,,,,,,,,,,,2021-04-12 11:01:49,2021-04-12 11:01:49
000895.XSHE,2015-07-26,2015,q4,2101,方正证券,"方正证券2015-07-26发布的报告下调了该股盈利预测,分析师：薛玉虎",2015-07-26,食品饮料行业周报：市场修复 食品饮料继续强推老白干酒、泸州老窖、安琪,薛玉虎,4340000000.0000,2015-04-29,双汇发展：利润增速改善 期待Q2新品发力,4601000000.0000,,,,,,,,,,,,,,,,,,,,,,,-0.0567,2021-04-12 11:01:49,2021-04-12 11:01:49
000895.XSHE,2015-07-26,2015,q4,2302,方正证券,方正证券2015-07-26发布的报告研报摘要中含有超预期信息,2015-07-26,食品饮料行业周报：市场修复 食品饮料继续强推老白干酒、泸州老窖、安琪,薛玉虎,4340000000.0000,,,,,,,,,,,,,,,,,,,,,,,,,,,2021-04-12 11:01:49,2021-04-12 11:01:49
000895.XSHE,2015-07-27,2015,q4,2101,中金公司,"中金公司2015-07-27发布的报告下调了该股盈利预测,分析师：吕若晨,袁霏阳",2015-07-27,双汇发展：猪价上涨影响整体可控 微调盈利预测,"吕若晨,袁霏阳",4233000000.0000,2015-07-09,双汇发展：逐季改善有望延续 期待下半年旺季,4338000000.0000,,,,,,,,,,,,,,,,,,,,,,,-0.0242,2021-04-12 11:01:49,2021-04-12 11:01:49
000895.XSHE,2015-08-13,2015,q2,2405,,2015-08-13发布的财报中，2季度净利润增速低于机构的一致预期,,,,,,,,2015-08-13,financial_reports,,,,1061993424.4700,,,,-0.0514,,,,,,,,2015-08-12,,1421097789.2101,,,-0.2527,2021-04-12 11:01:49,2021-04-12 11:01:49
000895.XSHE,2015-08-13,2015,q2,2501,,2015-08-13发布的财报净利润同比增速低于一致预期2015同比增速,,,,,,,,2015-08-13,financial_reports,,,1982790580.8700,,,-0.0976,,,,,,,,,,2015-08-12,4680856064.7520,,0.1587,,-0.2563,2021-04-12 11:01:49,2021-04-12 11:01:49
000895.XSHE,2015-08-13,2015,q2,2503,,2015-08-13发布的财报净利润同比增速低于2015一致预期同比增速,,,,,,,,2015-08-13,financial_reports,,,,1061993424.4700,,,,-0.0514,,,,,,,,2015-08-12,,1421097789.2101,,0.2693,-0.3207,2021-04-12 11:01:49,2021-04-12 11:01:49
000895.XSHE,2015-08-13,2015,q4,2101,平安证券,"平安证券2015-08-13发布的报告下调了该股盈利预测,分析师：文献,王俏怡",2015-08-13,双汇发展：进口肉替代推动吨利提升 净利增速降幅收窄符合预期,"文献,王俏怡",4061000000.0000,2015-04-30,双汇发展：利润增速有望逐步改善 维持“推荐”,4471000000.0000,,,,,,,,,,,,,,,,,,,,,,,-0.0917,2021-04-12 11:01:49,2021-04-12 11:01:49
000895.XSHE,2015-08-13,2015,q4,2102,中信建投,"中信建投2015-08-13发布的报告下调了该股盈利预测,分析师：吕昌,黄付生",2015-08-13,双汇发展：总体虽仍下滑但趋势放缓 下半年关注新品及销量提升,"吕昌,黄付生",4377890000.0000,2015-04-30,双汇发展：关注新品和猪价 今年机遇和压力并存,4627470000.0000,,,,,,,,,,,,,,,,,,,,,,,-0.0539,2021-04-12 11:01:49,2021-04-12 11:01:49
000895.XSHE,2015-08-13,2015,q4,2302,中金公司,中金公司2015-08-13发布的报告研报摘要中含有超预期信息,2015-08-13,双汇发展：Q2利润降幅收窄 维持下半年环比改善判断,"吕若晨,袁霏阳",4253000000.0000,,,,,,,,,,,,,,,,,,,,,,,,,,,2021-04-12 11:01:49,2021-04-12 11:01:49
000895.XSHE,2015-08-13,2015,q4,2302,中泰证券,中泰证券2015-08-13发布的报告研报摘要中含有超预期信息,2015-08-13,双汇发展：Q2肉制品环比改善明显 生鲜品下滑拖累收入增速,胡彦超,4570000000.0000,,,,,,,,,,,,,,,,,,,,,,,,,,,2021-04-12 11:01:49,2021-04-12 11:01:49
000895.XSHE,2015-08-14,2015,q4,2101,西南证券,"西南证券2015-08-14发布的报告下调了该股盈利预测,分析师：朱会振",2015-08-14,双汇发展：进口猪肉凸显成本优势 新品推广值得期待,朱会振,4061020000.0000,2015-05-28,双汇发展：新品及协同性是最大看点,4341810000.0000,,,,,,,,,,,,,,,,,,,,,,,-0.0647,2021-04-12 11:01:49,2021-04-12 11:01:49
000895.XSHE,2015-08-14,2015,q4,2302,西南证券,西南证券2015-08-14发布的报告研报摘要中含有超预期信息,2015-08-14,双汇发展：进口猪肉凸显成本优势 新品推广值得期待,朱会振,4061020000.0000,,,,,,,,,,,,,,,,,,,,,,,,,,,2021-04-12 11:01:49,2021-04-12 11:01:49
000895.XSHE,2015-08-17,2015,q4,2101,瑞银证券,"瑞银证券2015-08-17发布的报告下调了该股盈利预测,分析师：何淼",2015-08-17,双汇发展：下半年收入利润有望同比提升,何淼,4313000000.0000,2015-08-13,双汇发展：受益于低价美国进口猪肉 肉制品毛利率提升,4481000000.0000,,,,,,,,,,,,,,,,,,,,,,,-0.0375,2021-04-12 11:01:49,2021-04-12 11:01:49
000895.XSHE,2015-08-17,2015,q4,2102,海通证券,"海通证券2015-08-17发布的报告下调了该股盈利预测,分析师：闻宏伟",2015-08-17,双汇发展：业绩有望逐步好转 下半年关注生猪成本和新品贡献,闻宏伟,4286580000.0000,2015-04-30,双汇发展：一季报超预期 预计2Q业绩增速超15% 正式迎来向上拐点,4679680000.0000,,,,,,,,,,,,,,,,,,,,,,,-0.0840,2021-04-12 11:01:49,2021-04-12 11:01:49
000895.XSHE,2015-10-29,2015,q3,2405,,2015-10-29发布的财报中，3季度净利润增速低于机构的一致预期,,,,,,,,2015-10-29,financial_reports,,,,1136491294.0000,,,,0.1774,,,,,,,,2015-10-28,,1276667210.7620,,,-0.1098,2021-04-12 11:01:49,2021-04-12 11:01:49
000895.XSHE,2015-10-29,2015,q3,2501,,2015-10-29发布的财报净利润同比增速低于一致预期2015同比增速,,,,,,,,2015-10-29,financial_reports,,,3119281874.8700,,,-0.0137,,,,,,,,,,2015-10-28,4419913086.5620,,0.0941,,-0.1077,2021-04-12 11:01:49,2021-04-12 11:01:49
000895.XSHE,2015-10-29,2015,q3,2503,,2015-10-29发布的财报净利润同比增速低于2015一致预期同比增速,,,,,,,,2015-10-29,financial_reports,,,,1136491294.0000,,,,0.1774,,,,,,,,2015-10-28,,1276667210.7620,,0.3226,-0.1452,2021-04-12 11:01:49,2021-04-12 11:01:49
000895.XSHE,2015-10-29,2015,q4,2101,中金公司,"中金公司2015-10-29发布的报告下调了该股盈利预测,分析师：吕若晨,袁霏阳",2015-10-29,双汇发展：业绩符合预期 期待来年表现,"吕若晨,袁霏阳",4154000000.0000,2015-08-13,双汇发展：Q2利润降幅收窄 维持下半年环比改善判断,4253000000.0000,,,,,,,,,,,,,,,,,,,,,,,-0.0233,2021-04-12 11:01:49,2021-04-12 11:01:49
000895.XSHE,2015-10-29,2015,q4,2101,广发证券,"广发证券2015-10-29发布的报告下调了该股盈利预测,分析师：王永锋,卢文琳",2015-10-29,双汇发展：三季度业绩有所好转 未来期待新品发力,"王永锋,卢文琳",4189000000.0000,2015-05-04,双汇发展：一季度业绩下滑 未来有望逐步改善,4534000000.0000,,,,,,,,,,,,,,,,,,,,,,,-0.0761,2021-04-12 11:01:49,2021-04-12 11:01:49
000895.XSHE,2015-10-29,2015,q4,2101,方正证券,"方正证券2015-10-29发布的报告下调了该股盈利预测,分析师：薛玉虎",2015-10-29,双汇发展：最差时期已经过去 转型仍需时间,薛玉虎,4242000000.0000,2015-08-12,双汇发展：短期屠宰利润承压 逐季改善趋势不变,4342000000.0000,,,,,,,,,,,,,,,,,,,,,,,-0.0230,2021-04-12 11:01:49,2021-04-12 11:01:49
000895.XSHE,2015-10-29,2015,q4,2102,中泰证券,"中泰证券2015-10-29发布的报告下调了该股盈利预测,分析师：胡彦超",2015-10-29,双汇发展：Q3净利润增速改善明显 全年预计实现正增长,胡彦超,4184000000.0000,2015-08-13,双汇发展：Q2肉制品环比改善明显 生鲜品下滑拖累收入增速,4570000000.0000,,,,,,,,,,,,,,,,,,,,,,,-0.0845,2021-04-12 11:01:49,2021-04-12 11:01:49
000895.XSHE,2015-10-29,2015,q4,2302,中金公司,中金公司2015-10-29发布的报告研报摘要中含有超预期信息,2015-10-29,双汇发展：业绩符合预期 期待来年表现,"吕若晨,袁霏阳",4154000000.0000,,,,,,,,,,,,,,,,,,,,,,,,,,,2021-04-12 11:01:49,2021-04-12 11:01:49
000895.XSHE,2015-10-29,2015,q4,2302,广发证券,广发证券2015-10-29发布的报告研报摘要中含有超预期信息,2015-10-29,双汇发展：三季度业绩有所好转 未来期待新品发力,"王永锋,卢文琳",4189000000.0000,,,,,,,,,,,,,,,,,,,,,,,,,,,2021-04-12 11:01:49,2021-04-12 11:01:49
000895.XSHE,2015-10-30,2015,q4,2102,海通证券,"海通证券2015-10-30发布的报告下调了该股盈利预测,分析师：闻宏伟",2015-10-30,双汇发展：未来关注新品贡献及成本变化,闻宏伟,4197050000.0000,2015-08-17,双汇发展：业绩有望逐步好转 下半年关注生猪成本和新品贡献,4286580000.0000,,,,,,,,,,,,,,,,,,,,,,,-0.0209,2021-04-12 11:01:49,2021-04-12 11:01:49
000895.XSHE,2015-12-21,2015,q4,2101,安信证券,"安信证券2015-12-21发布的报告下调了该股盈利预测,分析师：苏铖,刘颜",2015-12-21,双汇发展：市场风格分化进行中 高分红双汇配置价值高,"苏铖,刘颜",4012400000.0000,2015-11-01,双汇发展：收入未见好转 利润趋于改善,4189300000.0000,,,,,,,,,,,,,,,,,,,,,,,-0.0422,2021-04-12 11:01:49,2021-04-12 11:01:49
000895.XSHE,2016-01-29,2015,q4,2102,中信建投,"中信建投2016-01-29发布的报告下调了该股盈利预测,分析师：黄付生",2016-01-29,双汇发展：16年业绩预期明显改善 高股息率彰显投资价值,黄付生,4094120000.0000,2015-08-13,双汇发展：总体虽仍下滑但趋势放缓 下半年关注新品及销量提升,4377890000.0000,,,,,,,,,,,,,,,,,,,,,,,-0.0648,2021-04-12 11:01:49,2021-04-12 11:01:49
000895.XSHE,2016-02-22,2015,q4,2302,中金公司,中金公司2016-02-22发布的报告研报摘要中含有超预期信息,2016-02-22,双汇发展：16年基本面向好 上下游均存亮点,"吕若晨,袁霏阳",4232000000.0000,,,,,,,,,,,,,,,,,,,,,,,,,,,2021-04-12 11:01:49,2021-04-12 11:01:49
000895.XSHE,2016-03-30,2016,q4,2101,国金证券,"国金证券2016-03-30发布的报告下调了该股盈利预测,分析师：刘枝花",2016-03-30,双汇发展：调结构推美式 看新品和屠宰齐发力,刘枝花,4510000000.0000,2015-12-22,双汇发展：美式新品发力 积极转型增盈利,4561000000.0000,,,,,,,,,,,,,,,,,,,,,,,-0.0112,2021-04-12 11:01:49,2021-04-12 11:01:49
000895.XSHE,2016-03-30,2016,q4,2102,广发证券,"广发证券2016-03-30发布的报告下调了该股盈利预测,分析师：王永锋,卢文琳",2016-03-30,双汇发展：业绩基本符合预期 频推新品欲改善销售,"王永锋,卢文琳",4429000000.0000,2015-10-29,双汇发展：三季度业绩有所好转 未来期待新品发力,4554000000.0000,,,,,,,,,,,,,,,,,,,,,,,-0.0274,2021-04-12 11:01:49,2021-04-12 11:01:49
000895.XSHE,2016-03-30,2016,q4,2102,中泰证券,"中泰证券2016-03-30发布的报告下调了该股盈利预测,分析师：胡彦超",2016-03-30,双汇发展：中美协同强化 肉制品盈利能力创新高,胡彦超,4857000000.0000,2016-03-27,双汇发展：以猪价视角看双汇 受益or收益？,4860000000.0000,,,,,,,,,,,,,,,,,,,,,,,-0.0006,2021-04-12 11:01:49,2021-04-12 11:01:49
000895.XSHE,2016-03-30,2016,q4,2302,中金公司,中金公司2016-03-30发布的报告研报摘要中含有超预期信息,2016-03-30,双汇发展：基本面向好 1Q16值得期待,"吕若晨,袁霏阳",4614000000.0000,,,,,,,,,,,,,,,,,,,,,,,,,,,2021-04-12 11:01:49,2021-04-12 11:01:49
000895.XSHE,2016-03-30,2016,q4,2302,广发证券,广发证券2016-03-30发布的报告研报摘要中含有超预期信息,2016-03-30,双汇发展：业绩基本符合预期 频推新品欲改善销售,"王永锋,卢文琳",4429000000.0000,,,,,,,,,,,,,,,,,,,,,,,,,,,2021-04-12 11:01:49,2021-04-12 11:01:49
000895.XSHE,2016-04-01,2016,q4,2101,海通证券,"海通证券2016-04-01发布的报告下调了该股盈利预测,分析师：闻宏伟,孔梦遥",2016-04-01,双汇发展：业绩符合预期 16年有望实现较快增长,"闻宏伟,孔梦遥",4603800000.0000,2015-10-30,双汇发展：未来关注新品贡献及成本变化,4604470000.0000,,,,,,,,,,,,,,,,,,,,,,,-0.0001,2021-04-12 11:01:49,2021-04-12 11:01:49
000895.XSHE,2016-04-11,2016,q4,2302,中金公司,中金公司2016-04-11发布的报告研报摘要中含有超预期信息,2016-04-11,双汇发展：经营向好 重申推荐,"吕若晨,袁霏阳",4614000000.0000,,,,,,,,,,,,,,,,,,,,,,,,,,,2021-04-12 11:01:49,2021-04-12 11:01:49
000895.XSHE,2016-04-29,2016,q4,2302,中金公司,中金公司2016-04-29发布的报告研报摘要中含有超预期信息,2016-04-29,双汇发展：1Q16开局良好 期待新品表现,"吕若晨,袁霏阳",4614000000.0000,,,,,,,,,,,,,,,,,,,,,,,,,,,2021-04-12 11:01:49,2021-04-12 11:01:49
000895.XSHE,2016-05-15,2016,q4,2302,华泰证券,华泰证券2016-05-15发布的报告研报摘要中含有超预期信息,2016-05-15,双汇发展：协同效应在养殖周期高点加速兑现,"苏青青 ,贺琪",4901000000.0000,,,,,,,,,,,,,,,,,,,,,,,,,,,2021-04-12 11:01:49,2021-04-12 11:01:49
000895.XSHE,2016-07-12,2016,q4,2101,中金公司,"中金公司2016-07-12发布的报告下调了该股盈利预测,分析师：吕若晨,袁霏阳",2016-07-12,双汇发展：2Q上游量价齐升 下游量利承压,"吕若晨,袁霏阳",4572000000.0000,2016-04-29,双汇发展：1Q16开局良好 期待新品表现,4614000000.0000,,,,,,,,,,,,,,,,,,,,,,,-0.0091,2021-04-12 11:01:49,2021-04-12 11:01:49
000895.XSHE,2016-07-12,2016,q4,2302,中金公司,中金公司2016-07-12发布的报告研报摘要中含有超预期信息,2016-07-12,双汇发展：2Q上游量价齐升 下游量利承压,"吕若晨,袁霏阳",4572000000.0000,,,,,,,,,,,,,,,,,,,,,,,,,,,2021-04-12 11:01:49,2021-04-12 11:01:49
000895.XSHE,2016-07-29,2016,q4,2101,东吴证券,"东吴证券2016-07-29发布的报告下调了该股盈利预测,分析师：马浩博,汤玮亮",2016-07-29,双汇发展：行业最困难时期已过 万亿行业单寡头市值被低估 2H16领涨品种,"马浩博,汤玮亮",4735800000.0000,2016-03-30,双汇发展：业绩拐点确定 大象起舞,4737400000.0000,,,,,,,,,,,,,,,,,,,,,,,-0.0003,2021-04-12 11:01:49,2021-04-12 11:01:49
000895.XSHE,2016-07-29,2016,q4,2102,广发证券,"广发证券2016-07-29发布的报告下调了该股盈利预测,分析师：王永锋",2016-07-29,双汇发展：业绩拐点已现 未来三年成长期开启,王永锋,4602000000.0000,2016-05-13,双汇发展：一季度快速增长 未来期待低温肉制品推广,4769000000.0000,,,,,,,,,,,,,,,,,,,,,,,-0.0350,2021-04-12 11:01:49,2021-04-12 11:01:49
000895.XSHE,2016-08-16,2016,q4,2101,平安证券,"平安证券2016-08-16发布的报告下调了该股盈利预测,分析师：王俏怡,文献,张宇光",2016-08-16,双汇发展：高股息、稳健增长龙头 维持“推荐”评级,"王俏怡,文献,张宇光",4296000000.0000,2016-04-29,双汇发展：全年业绩无忧 转型之路仍长,4531000000.0000,,,,,,,,,,,,,,,,,,,,,,,-0.0519,2021-04-12 11:01:49,2021-04-12 11:01:49
000895.XSHE,2016-08-16,2016,q4,2101,长江证券,"长江证券2016-08-16发布的报告下调了该股盈利预测,分析师：刘颜",2016-08-16,双汇发展：成本上涨导致肉制品短期承压 屠宰盈利改善明显,刘颜,4582200000.0000,2016-04-29,双汇发展：一季度边际改善显著 安全加弹性兼备的极佳品种,5218000000.0000,,,,,,,,,,,,,,,,,,,,,,,-0.1218,2021-04-12 11:01:49,2021-04-12 11:01:49
000895.XSHE,2016-08-16,2016,q4,2102,国金证券,"国金证券2016-08-16发布的报告下调了该股盈利预测,分析师：于杰",2016-08-16,双汇发展：进口肉替代效应明显 经营效率提升降费用,于杰,4469000000.0000,2016-04-28,双汇发展：生鲜发力提收入 效率提升促利润,4787000000.0000,,,,,,,,,,,,,,,,,,,,,,,-0.0664,2021-04-12 11:01:49,2021-04-12 11:01:49
000895.XSHE,2016-08-16,2016,q4,2102,方正证券,"方正证券2016-08-16发布的报告下调了该股盈利预测,分析师：薛玉虎,刘洁铭",2016-08-16,双汇发展：猪周期下行盈利或迎反转 高比例现金分红大超预期,"薛玉虎,刘洁铭",4723080000.0000,2016-07-13,双汇发展：逆势扩张 中美协同 被低估的全球龙头,4897060000.0000,,,,,,,,,,,,,,,,,,,,,,,-0.0355,2021-04-12 11:01:49,2021-04-12 11:01:49
000895.XSHE,2016-08-16,2016,q4,2302,长江证券,长江证券2016-08-16发布的报告研报摘要中含有超预期信息,2016-08-16,双汇发展：成本上涨导致肉制品短期承压 屠宰盈利改善明显,刘颜,4582200000.0000,,,,,,,,,,,,,,,,,,,,,,,,,,,2021-04-12 11:01:49,2021-04-12 11:01:49
000895.XSHE,2016-08-17,2016,q2,2405,,2016-08-17发布的财报中，2季度净利润增速低于机构的一致预期,,,,,,,,2016-08-17,financial_reports,,,,1077322093.5600,,,,0.0144,,,,,,,,2016-08-16,,1134633774.7037,,,-0.0505,2021-04-12 11:01:49,2021-04-12 11:01:49
000895.XSHE,2016-08-17,2016,q2,2501,,2016-08-17发布的财报净利润同比增速低于一致预期2016同比增速,,,,,,,,2016-08-17,financial_reports,,,2151463456.3600,,,0.0851,,,,,,,,,,2016-08-16,4636816385.8232,,0.0896,,-0.0045,2022-04-15 09:32:55,2022-04-15 09:32:55
000895.XSHE,2016-08-17,2016,q2,2503,,2016-08-17发布的财报净利润同比增速低于2016一致预期同比增速,,,,,,,,2016-08-17,financial_reports,,,,1077322093.5600,,,,0.0144,,,,,,,,2016-08-16,,1134633774.7037,,0.0684,-0.0540,2021-04-12 11:01:49,2021-04-12 11:01:49
000895.XSHE,2016-08-17,2016,q4,2101,兴业证券,"兴业证券2016-08-17发布的报告下调了该股盈利预测,分析师：陈嵩昆,王晓明,卜忠林",2016-08-17,双汇发展：中报分红超预期 下半年利润端有望改善,"陈嵩昆,王晓明,卜忠林",4525000000.0000,2016-04-25,双汇发展：期待西式新品成功 将打开估值天花板,4650000000.0000,,,,,,,,,,,,,,,,,,,,,,,-0.0269,2021-04-12 11:01:49,2021-04-12 11:01:49
000895.XSHE,2016-08-17,2016,q4,2101,群益证券,"群益证券2016-08-17发布的报告下调了该股盈利预测,分析师：李晓璐",2016-08-17,双汇发展：2016H1纯利同比增8.5% 持续高分红,李晓璐,4561000000.0000,2016-04-29,双汇发展：猪肉及肉制品销量回升 2016Q1纯利同比增17%,4635000000.0000,,,,,,,,,,,,,,,,,,,,,,,-0.0160,2021-04-12 11:01:49,2021-04-12 11:01:49
000895.XSHE,2016-08-17,2016,q4,2302,群益证券,群益证券2016-08-17发布的报告研报摘要中含有超预期信息,2016-08-17,双汇发展：2016H1纯利同比增8.5% 持续高分红,李晓璐,4561000000.0000,,,,,,,,,,,,,,,,,,,,,,,,,,,2021-04-12 11:01:49,2021-04-12 11:01:49
000895.XSHE,2016-09-12,2016,q4,2101,东吴证券,"东吴证券2016-09-12发布的报告下调了该股盈利预测,分析师：马浩博,汤玮亮",2016-09-12,双汇发展：携手京东生鲜 开启肉类电商新纪元！,"马浩博,汤玮亮",4723800000.0000,2016-08-16,双汇发展：2Q利润超预期加现金分红高、股息率5%加4Q猪价拐点,4735800000.0000,,,,,,,,,,,,,,,,,,,,,,,-0.0025,2021-04-12 11:01:49,2021-04-12 11:01:49
000895.XSHE,2016-10-26,2016,q4,2102,国金证券,"国金证券2016-10-26发布的报告下调了该股盈利预测,分析师：于杰,岳思铭",2016-10-26,双汇发展：屠宰端增速明显 期待猪价下行盈利提升,"于杰,岳思铭",4468000000.0000,2016-08-16,双汇发展：进口肉替代效应明显 经营效率提升降费用,4469000000.0000,,,,,,,,,,,,,,,,,,,,,,,-0.0002,2021-04-12 11:01:49,2021-04-12 11:01:49
000895.XSHE,2016-10-27,2016,q3,2405,,2016-10-27发布的财报中，3季度净利润增速低于机构的一致预期,,,,,,,,2016-10-27,financial_reports,,,,1125604193.3000,,,,-0.0096,,,,,,,,2016-10-26,,1222864632.3440,,,-0.0795,2021-04-12 11:01:49,2021-04-12 11:01:49
000895.XSHE,2016-10-27,2016,q3,2501,,2016-10-27发布的财报净利润同比增速低于一致预期2016同比增速,,,,,,,,2016-10-27,financial_reports,,,3277067649.6600,,,0.0506,,,,,,,,,,2016-10-26,4596832853.3583,,0.0802,,-0.0296,2021-04-12 11:01:49,2021-04-12 11:01:49
000895.XSHE,2016-10-27,2016,q3,2503,,2016-10-27发布的财报净利润同比增速低于2016一致预期同比增速,,,,,,,,2016-10-27,financial_reports,,,,1125604193.3000,,,,-0.0096,,,,,,,,2016-10-26,,1222864632.3440,,0.0760,-0.0856,2021-04-12 11:01:49,2021-04-12 11:01:49
000895.XSHE,2016-10-27,2016,q4,2101,国泰君安,"国泰君安2016-10-27发布的报告下调了该股盈利预测,分析师：闫伟,王鹏,胡春霞",2016-10-27,双汇发展：肉制品新品仍在培育期 屠宰继续放量,"闫伟,王鹏,胡春霞",4513000000.0000,2016-08-17,双汇发展：美式新品仍处培育期 猪价大涨拉低盈利水平,4678000000.0000,,,,,,,,,,,,,,,,,,,,,,,-0.0353,2021-04-12 11:01:49,2021-04-12 11:01:49
000895.XSHE,2016-10-27,2016,q4,2101,中金公司,"中金公司2016-10-27发布的报告下调了该股盈利预测,分析师：吕若晨,袁霏阳",2016-10-27,双汇发展：受益于猪价下行周期 17年盈利增速有望提升,"吕若晨,袁霏阳",4441000000.0000,2016-10-25,双汇发展：美式新品重磅发布 转型升级再下一城,4572000000.0000,,,,,,,,,,,,,,,,,,,,,,,-0.0287,2021-04-12 11:01:49,2021-04-12 11:01:49
000895.XSHE,2016-10-27,2016,q4,2101,东吴证券,"东吴证券2016-10-27发布的报告下调了该股盈利预测,分析师：马浩博,汤玮亮",2016-10-27,双汇发展：3Q肉制品盈利承压 未来猪价下行 屠宰发力 期待4Q业绩反转,"马浩博,汤玮亮",4541900000.0000,2016-09-12,双汇发展：携手京东生鲜 开启肉类电商新纪元！,4723800000.0000,,,,,,,,,,,,,,,,,,,,,,,-0.0385,2021-04-12 11:01:49,2021-04-12 11:01:49
000895.XSHE,2016-10-27,2016,q4,2101,长江证券,"长江证券2016-10-27发布的报告下调了该股盈利预测,分析师：刘颜",2016-10-27,双汇发展：三季度屠宰均利显著提升 成本压力下肉制品盈利承压,刘颜,4439200000.0000,2016-08-16,双汇发展：成本上涨导致肉制品短期承压 屠宰盈利改善明显,4582200000.0000,,,,,,,,,,,,,,,,,,,,,,,-0.0312,2021-04-12 11:01:49,2021-04-12 11:01:49
000895.XSHE,2016-10-27,2016,q4,2101,华泰证券,"华泰证券2016-10-27发布的报告下调了该股盈利预测,分析师：贺琪,王楠",2016-10-27,双汇发展：大众消费品疲弱拖累肉制品升级进度,"贺琪,王楠",4581000000.0000,2016-08-17,双汇发展：具有可持续性的高股息率品种,4901000000.0000,,,,,,,,,,,,,,,,,,,,,,,-0.0653,2021-04-12 11:01:49,2021-04-12 11:01:49
000895.XSHE,2016-10-27,2016,q4,2102,申万宏源,"申万宏源2016-10-27发布的报告下调了该股盈利预测,分析师：吕昌,潘璠",2016-10-27,双汇发展：单季略低于预期 但中长期趋势依然向好,"吕昌,潘璠",4519000000.0000,2016-10-17,双汇发展：看好公司屠宰放量、肉制品消费升级,4694000000.0000,,,,,,,,,,,,,,,,,,,,,,,-0.0373,2021-04-12 11:01:49,2021-04-12 11:01:49
000895.XSHE,2016-10-27,2016,q4,2102,中泰证券,"中泰证券2016-10-27发布的报告下调了该股盈利预测,分析师：胡彦超",2016-10-27,双汇发展：肉制品量利双降 四季度改善可期,胡彦超,4580000000.0000,2016-10-10,双汇发展：坚定布局处于最好时候的双汇,4898000000.0000,,,,,,,,,,,,,,,,,,,,,,,-0.0649,2021-04-12 11:01:49,2021-04-12 11:01:49
000895.XSHE,2016-10-27,2016,q4,2102,方正证券,"方正证券2016-10-27发布的报告下调了该股盈利预测,分析师：薛玉虎,刘洁铭",2016-10-27,双汇发展：成本影响肉制品盈利 看好未来反转潜力,"薛玉虎,刘洁铭",4463850000.0000,2016-08-16,双汇发展：猪周期下行盈利或迎反转 高比例现金分红大超预期,4723080000.0000,,,,,,,,,,,,,,,,,,,,,,,-0.0549,2021-04-12 11:01:49,2021-04-12 11:01:49
000895.XSHE,2016-10-27,2016,q4,2301,申万宏源,申万宏源2016-10-27发布的报告研报标题中含有超预期信息,2016-10-27,双汇发展：单季略低于预期 但中长期趋势依然向好,"吕昌,潘璠",4519000000.0000,,,,,,,,,,,,,,,,,,,,,,,,,,,2021-04-12 11:01:49,2021-04-12 11:01:49
000895.XSHE,2016-10-27,2016,q4,2302,国泰君安,国泰君安2016-10-27发布的报告研报摘要中含有超预期信息,2016-10-27,双汇发展：肉制品新品仍在培育期 屠宰继续放量,"闫伟,王鹏,胡春霞",4513000000.0000,,,,,,,,,,,,,,,,,,,,,,,,,,,2021-04-12 11:01:49,2021-04-12 11:01:49
000895.XSHE,2016-10-27,2016,q4,2302,中金公司,中金公司2016-10-27发布的报告研报摘要中含有超预期信息,2016-10-27,双汇发展：受益于猪价下行周期 17年盈利增速有望提升,"吕若晨,袁霏阳",4441000000.0000,,,,,,,,,,,,,,,,,,,,,,,,,,,2021-04-12 11:01:49,2021-04-12 11:01:49
000895.XSHE,2016-10-27,2016,q4,2302,平安证券,平安证券2016-10-27发布的报告研报摘要中含有超预期信息,2016-10-27,双汇发展：稳字当头、股息诱人,"文献,张宇光",4400000000.0000,,,,,,,,,,,,,,,,,,,,,,,,,,,2021-04-12 11:01:49,2021-04-12 11:01:49
000895.XSHE,2016-10-27,2016,q4,2302,东吴证券,东吴证券2016-10-27发布的报告研报摘要中含有超预期信息,2016-10-27,双汇发展：3Q肉制品盈利承压 未来猪价下行 屠宰发力 期待4Q业绩反转,"马浩博,汤玮亮",4541900000.0000,,,,,,,,,,,,,,,,,,,,,,,,,,,2021-04-12 11:01:49,2021-04-12 11:01:49
000895.XSHE,2016-10-27,2016,q4,2302,长江证券,长江证券2016-10-27发布的报告研报摘要中含有超预期信息,2016-10-27,双汇发展：三季度屠宰均利显著提升 成本压力下肉制品盈利承压,刘颜,4439200000.0000,,,,,,,,,,,,,,,,,,,,,,,,,,,2021-04-12 11:01:49,2021-04-12 11:01:49
000895.XSHE,2016-10-27,2016,q4,2302,中泰证券,中泰证券2016-10-27发布的报告研报摘要中含有超预期信息,2016-10-27,双汇发展：肉制品量利双降 四季度改善可期,胡彦超,4580000000.0000,,,,,,,,,,,,,,,,,,,,,,,,,,,2021-04-12 11:01:49,2021-04-12 11:01:49
000895.XSHE,2016-10-31,2016,q4,2302,东北证券,东北证券2016-10-31发布的报告研报摘要中含有超预期信息,2016-10-31,双汇发展：毛利率同比下滑 屠宰受益猪价下降,"陈鹏,李强",4530050000.0000,,,,,,,,,,,,,,,,,,,,,,,,,,,2021-04-12 11:01:49,2021-04-12 11:01:49
000895.XSHE,2017-02-06,2016,q4,2101,中金公司,"中金公司2017-02-06发布的报告下调了该股盈利预测,分析师：吕若晨,袁霏阳",2017-02-06,双汇发展：4Q16屠宰量利齐升 肉制品略显平淡,"吕若晨,袁霏阳",4430000000.0000,2016-11-08,双汇发展：17年将受益于生猪价格下降周期,4441000000.0000,,,,,,,,,,,,,,,,,,,,,,,-0.0025,2021-04-12 11:01:49,2021-04-12 11:01:49
000895.XSHE,2017-03-23,2016,q4,2405,,2017-03-23发布的财报中，4季度净利润增速低于机构的一致预期,,,,,,,,2017-03-23,financial_reports,,,,1127988742.5800,,,,-0.0073,,,,,,,,2017-03-22,,1197958789.3438,,,-0.0584,2021-04-12 11:01:49,2021-04-12 11:01:49
000895.XSHE,2017-03-23,2016,q4,2503,,2017-03-23发布的财报净利润同比增速低于2016一致预期同比增速,,,,,,,,2017-03-23,financial_reports,,,,1127988742.5800,,,,-0.0073,,,,,,,,2017-03-22,,1197958789.3438,,0.0543,-0.0616,2021-04-12 11:01:49,2021-04-12 11:01:49
000895.XSHE,2017-03-23,2017,q4,2101,中金公司,"中金公司2017-03-23发布的报告下调了该股盈利预测,分析师：吕若晨,袁霏阳",2017-03-23,双汇发展：受益猪价下行 17业绩前低后高,"吕若晨,袁霏阳",4988000000.0000,2017-02-06,双汇发展：4Q16屠宰量利齐升 肉制品略显平淡,4997000000.0000,,,,,,,,,,,,,,,,,,,,,,,-0.0018,2021-04-12 11:01:49,2021-04-12 11:01:49
000895.XSHE,2017-03-23,2017,q4,2101,华泰证券,"华泰证券2017-03-23发布的报告下调了该股盈利预测,分析师：贺琪,王楠",2017-03-23,双汇发展：以持续高分红政策回馈股东,"贺琪,王楠",4890000000.0000,2016-10-27,双汇发展：大众消费品疲弱拖累肉制品升级进度,4914000000.0000,,,,,,,,,,,,,,,,,,,,,,,-0.0049,2021-04-12 11:01:49,2021-04-12 11:01:49
000895.XSHE,2017-03-23,2017,q4,2101,群益证券,"群益证券2017-03-23发布的报告下调了该股盈利预测,分析师：李晓璐",2017-03-23,双汇发展：2016年纯利同比增3.5% 持续高分红,李晓璐,4896000000.0000,2016-10-27,双汇发展：高成本压力下仍实现增长 2016年前三季纯利同比增5%,5075000000.0000,,,,,,,,,,,,,,,,,,,,,,,-0.0353,2021-04-12 11:01:49,2021-04-12 11:01:49
000895.XSHE,2017-03-23,2017,q4,2102,广发证券,"广发证券2017-03-23发布的报告下调了该股盈利预测,分析师：王永锋",2017-03-23,双汇发展：业绩略低于预期 量改善带来业绩弹性,王永锋,5059000000.0000,2016-10-27,双汇发展：业绩符合预期 看好未来肉制品销售逐步增长,5418000000.0000,,,,,,,,,,,,,,,,,,,,,,,-0.0663,2021-04-12 11:01:49,2021-04-12 11:01:49
000895.XSHE,2017-03-23,2017,q4,2301,广发证券,广发证券2017-03-23发布的报告研报标题中含有超预期信息,2017-03-23,双汇发展：业绩略低于预期 量改善带来业绩弹性,王永锋,5059000000.0000,,,,,,,,,,,,,,,,,,,,,,,,,,,2021-04-12 11:01:49,2021-04-12 11:01:49
000895.XSHE,2017-03-23,2017,q4,2302,广发证券,广发证券2017-03-23发布的报告研报摘要中含有超预期信息,2017-03-23,双汇发展：业绩略低于预期 量改善带来业绩弹性,王永锋,5059000000.0000,,,,,,,,,,,,,,,,,,,,,,,,,,,2021-04-12 11:01:49,2021-04-12 11:01:49
000895.XSHE,2017-03-24,2017,q4,2101,申万宏源,"申万宏源2017-03-24发布的报告下调了该股盈利预测,分析师：吕昌",2017-03-24,双汇发展：业绩符合预期 高分红延续 具备配置价值,吕昌,4905000000.0000,2016-10-27,双汇发展：单季略低于预期 但中长期趋势依然向好,5053000000.0000,,,,,,,,,,,,,,,,,,,,,,,-0.0293,2021-04-12 11:01:49,2021-04-12 11:01:49
000895.XSHE,2017-03-29,2017,q4,2102,东吴证券,"东吴证券2017-03-29发布的报告下调了该股盈利预测,分析师：马浩博",2017-03-29,双汇发展：16年猪价高企导致盈利下降 17年利润前低后高 高分红估值低 值得关注,马浩博,5018600000.0000,2016-12-21,食品饮料2017年策略报告：龙头估值合理仍有空间 关注拐点型中小市值公司,5137300000.0000,,,,,,,,,,,,,,,,,,,,,,,-0.0231,2021-04-12 11:01:49,2021-04-12 11:01:49
000895.XSHE,2017-04-27,2017,q4,2101,兴业证券,"兴业证券2017-04-27发布的报告下调了该股盈利预测,分析师：陈嵩昆,王晓明",2017-04-27,双汇发展：高成本导致业绩低点 未来或逐季改善,"陈嵩昆,王晓明",4751363928.9600,2017-03-27,双汇发展：稳健增长、持续分红,4757000000.0000,,,,,,,,,,,,,,,,,,,,,,,-0.0012,2021-04-12 11:01:49,2021-04-12 11:01:49
000895.XSHE,2017-04-28,2017,q1,2405,,2017-04-28发布的财报中，1季度净利润增速低于机构的一致预期,,,,,,,,2017-04-28,financial_reports,,,,878616646.2100,,,,-0.1820,,,,,,,,2017-04-27,,1204112467.6988,,,-0.2703,2021-04-12 11:01:49,2021-04-12 11:01:49
000895.XSHE,2017-04-28,2017,q1,2501,,2017-04-28发布的财报净利润同比增速低于一致预期2017同比增速,,,,,,,,2017-04-28,financial_reports,,,878616646.2100,,,-0.1820,,,,,,,,,,2017-04-27,4938263052.6147,,0.1210,,-0.3031,2021-04-12 11:01:49,2021-04-12 11:01:49
000895.XSHE,2017-04-28,2017,q1,2503,,2017-04-28发布的财报净利润同比增速低于2017一致预期同比增速,,,,,,,,2017-04-28,financial_reports,,,,878616646.2100,,,,-0.1820,,,,,,,,2017-04-27,,1204112467.6988,,0.1210,-0.3030,2021-04-12 11:01:49,2021-04-12 11:01:49
000895.XSHE,2017-04-28,2017,q4,2101,中信建投,"中信建投2017-04-28发布的报告下调了该股盈利预测,分析师：张芳",2017-04-28,双汇发展：猪价下降影响公司盈利 全产业链看点多,张芳,4819340000.0000,2017-03-23,双汇发展：业绩符合预期 完善布局、丰富品类是看点,5104000000.0000,,,,,,,,,,,,,,,,,,,,,,,-0.0558,2021-04-12 11:01:49,2021-04-12 11:01:49
000895.XSHE,2017-04-28,2017,q4,2102,广发证券,"广发证券2017-04-28发布的报告下调了该股盈利预测,分析师：王永锋",2017-04-28,双汇发展：业绩低于预期 肉制品销量与利润率有望逐季改善,王永锋,4641000000.0000,2017-03-23,双汇发展：业绩略低于预期 量改善带来业绩弹性,5059000000.0000,,,,,,,,,,,,,,,,,,,,,,,-0.0826,2021-04-12 11:01:49,2021-04-12 11:01:49
000895.XSHE,2017-04-28,2017,q4,2102,方正证券,"方正证券2017-04-28发布的报告下调了该股盈利预测,分析师：薛玉虎,刘洁铭",2017-04-28,双汇发展：春节提前和成本上涨影响盈利,"薛玉虎,刘洁铭",4549080000.0000,2017-03-22,双汇发展：四季度盈利好转 分红比率继续超预期,4642560000.0000,,,,,,,,,,,,,,,,,,,,,,,-0.0201,2021-04-12 11:01:49,2021-04-12 11:01:49
000895.XSHE,2017-04-28,2017,q4,2301,平安证券,平安证券2017-04-28发布的报告研报标题中含有超预期信息,2017-04-28,双汇发展：业绩低于预期 看好全年盈利恢复,"文献,刘彪",4436000000.0000,,,,,,,,,,,,,,,,,,,,,,,,,,,2021-04-12 11:01:49,2021-04-12 11:01:49
000895.XSHE,2017-04-28,2017,q4,2301,广发证券,广发证券2017-04-28发布的报告研报标题中含有超预期信息,2017-04-28,双汇发展：业绩低于预期 肉制品销量与利润率有望逐季改善,王永锋,4641000000.0000,,,,,,,,,,,,,,,,,,,,,,,,,,,2021-04-12 11:01:49,2021-04-12 11:01:49
000895.XSHE,2017-04-28,2017,q4,2302,平安证券,平安证券2017-04-28发布的报告研报摘要中含有超预期信息,2017-04-28,双汇发展：业绩低于预期 看好全年盈利恢复,"文献,刘彪",4436000000.0000,,,,,,,,,,,,,,,,,,,,,,,,,,,2021-04-12 11:01:49,2021-04-12 11:01:49
000895.XSHE,2017-04-28,2017,q4,2302,方正证券,方正证券2017-04-28发布的报告研报摘要中含有超预期信息,2017-04-28,双汇发展：春节提前和成本上涨影响盈利,"薛玉虎,刘洁铭",4549080000.0000,,,,,,,,,,,,,,,,,,,,,,,,,,,2021-04-12 11:01:49,2021-04-12 11:01:49
000895.XSHE,2017-05-22,2017,q4,2302,中金公司,中金公司2017-05-22发布的报告研报摘要中含有超预期信息,2017-05-22,双汇发展：最坏时期已经过去 看好2Q17改善,"吕若晨,袁霏阳",4988000000.0000,,,,,,,,,,,,,,,,,,,,,,,,,,,2021-04-12 11:01:49,2021-04-12 11:01:49
000895.XSHE,2017-06-05,2017,q4,2101,申万宏源,"申万宏源2017-06-05发布的报告下调了该股盈利预测,分析师：吕昌",2017-06-05,双汇发展：估值位处底部 盈利逐步改善 从猪价波动下历史业绩演绎看未来盈利趋势,吕昌,4646000000.0000,2017-03-24,双汇发展：业绩符合预期 高分红延续 具备配置价值,4905000000.0000,,,,,,,,,,,,,,,,,,,,,,,-0.0528,2021-04-12 11:01:49,2021-04-12 11:01:49
000895.XSHE,2017-07-03,2017,q4,2102,东吴证券,"东吴证券2017-07-03发布的报告下调了该股盈利预测,分析师：马浩博,张宇光",2017-07-03,双汇发展：肉制品弹性来自于鸡价加猪价共振 盈利或将进入复苏周期,"马浩博,张宇光",4705500000.0000,2017-03-29,双汇发展：16年猪价高企导致盈利下降 17年利润前低后高 高分红估值低 值得关注,5018600000.0000,,,,,,,,,,,,,,,,,,,,,,,-0.0624,2021-04-12 11:01:49,2021-04-12 11:01:49
000895.XSHE,2017-07-13,2017,q4,2101,中金公司,"中金公司2017-07-13发布的报告下调了该股盈利预测,分析师：吕若晨,袁霏阳",2017-07-13,双汇发展：2Q利润改善但幅度略低 下半年会更好,"吕若晨,袁霏阳",4541000000.0000,2017-05-22,双汇发展：最坏时期已经过去 看好2Q17改善,4988000000.0000,,,,,,,,,,,,,,,,,,,,,,,-0.0896,2021-04-12 11:01:49,2021-04-12 11:01:49
000895.XSHE,2017-08-14,2017,q4,2302,中金公司,中金公司2017-08-14发布的报告研报摘要中含有超预期信息,2017-08-14,双汇发展：业绩符合预期 看好下半年利润改善,"吕若晨,袁霏阳",4541000000.0000,,,,,,,,,,,,,,,,,,,,,,,,,,,2021-04-12 11:01:49,2021-04-12 11:01:49
000895.XSHE,2017-08-14,2017,q4,2302,方正证券,方正证券2017-08-14发布的报告研报摘要中含有超预期信息,2017-08-14,双汇发展：环比改善趋势显现 期待下半年,"薛玉虎,刘洁铭",4571430000.0000,,,,,,,,,,,,,,,,,,,,,,,,,,,2021-04-12 11:01:49,2021-04-12 11:01:49
000895.XSHE,2017-08-15,2017,q2,2405,,2017-08-15发布的财报中，2季度净利润增速低于机构的一致预期,,,,,,,,2017-08-15,financial_reports,,,,1025438226.0200,,,,-0.0482,,,,,,,,2017-08-14,,1268008104.1201,,,-0.1913,2021-04-12 11:01:49,2021-04-12 11:01:49
000895.XSHE,2017-08-15,2017,q2,2501,,2017-08-15发布的财报净利润同比增速低于一致预期2017同比增速,,,,,,,,2017-08-15,financial_reports,,,1904054872.2300,,,-0.1150,,,,,,,,,,2017-08-14,4799035150.0509,,0.0894,,-0.2044,2021-04-12 11:01:49,2021-04-12 11:01:49
000895.XSHE,2017-08-15,2017,q2,2503,,2017-08-15发布的财报净利润同比增速低于2017一致预期同比增速,,,,,,,,2017-08-15,financial_reports,,,,1025438226.0200,,,,-0.0482,,,,,,,,2017-08-14,,1268008104.1201,,0.1770,-0.2252,2021-04-12 11:01:49,2021-04-12 11:01:49
000895.XSHE,2017-08-15,2017,q4,2101,申万宏源,"申万宏源2017-08-15发布的报告下调了该股盈利预测,分析师：吕昌",2017-08-15,双汇发展：成本下降盈利已现环比改善 下半年趋势向好,吕昌,4495000000.0000,2017-06-05,双汇发展：估值位处底部 盈利逐步改善 从猪价波动下历史业绩演绎看未来盈利趋势,4646000000.0000,,,,,,,,,,,,,,,,,,,,,,,-0.0325,2021-04-12 11:01:49,2021-04-12 11:01:49
000895.XSHE,2017-08-15,2017,q4,2101,国海证券,"国海证券2017-08-15发布的报告下调了该股盈利预测,分析师：余春生,陈鹏",2017-08-15,双汇发展：高温肉制品拖累业绩 二季度环比改善,"余春生,陈鹏",4567000000.0000,2017-05-22,双汇发展：猪价下跌趋势利好公司屠宰和肉制品业务,4826000000.0000,,,,,,,,,,,,,,,,,,,,,,,-0.0537,2021-04-12 11:01:49,2021-04-12 11:01:49
000895.XSHE,2017-08-15,2017,q4,2101,海通证券,"海通证券2017-08-15发布的报告下调了该股盈利预测,分析师：闻宏伟,成珊",2017-08-15,双汇发展：二季度利润率显著提升 下半年有望延续,"闻宏伟,成珊",4803080000.0000,2017-06-09,行业专题研究策略：消费升级,5045410000.0000,,,,,,,,,,,,,,,,,,,,,,,-0.0480,2021-04-12 11:01:49,2021-04-12 11:01:49
000895.XSHE,2017-08-15,2017,q4,2101,中信建投,"中信建投2017-08-15发布的报告下调了该股盈利预测,分析师：张芳",2017-08-15,双汇发展：猪价下行影响业绩 “全产业链加消费升级”望成为看点,张芳,4758390000.0000,2017-04-28,双汇发展：猪价下降影响公司盈利 全产业链看点多,4819340000.0000,,,,,,,,,,,,,,,,,,,,,,,-0.0126,2021-04-12 11:01:49,2021-04-12 11:01:49
000895.XSHE,2017-08-15,2017,q4,2101,国金证券,"国金证券2017-08-15发布的报告下调了该股盈利预测,分析师：于杰",2017-08-15,双汇发展：Q2业绩环比改善 肉制品结构继续调整中,于杰,4653000000.0000,2017-03-22,双汇发展：肉制品Q4利润率回升 猪价下行将利好屠宰,5045000000.0000,,,,,,,,,,,,,,,,,,,,,,,-0.0777,2021-04-12 11:01:49,2021-04-12 11:01:49
000895.XSHE,2017-08-15,2017,q4,2101,群益证券,"群益证券2017-08-15发布的报告下调了该股盈利预测,分析师：李晓璐",2017-08-15,双汇发展：2017H1纯利同比降11.5% 2Q业绩改善,李晓璐,4213000000.0000,2017-03-23,双汇发展：2016年纯利同比增3.5% 持续高分红,4896000000.0000,,,,,,,,,,,,,,,,,,,,,,,-0.1395,2021-04-12 11:01:49,2021-04-12 11:01:49
000895.XSHE,2017-08-15,2017,q4,2101,安信证券,"安信证券2017-08-15发布的报告下调了该股盈利预测,分析师：苏铖",2017-08-15,双汇发展：降幅收窄 环比持续改善,苏铖,4809600000.0000,2017-06-12,双汇发展：高价库存已消化 预计将逐季改善,5028700000.0000,,,,,,,,,,,,,,,,,,,,,,,-0.0436,2021-04-12 11:01:49,2021-04-12 11:01:49
000895.XSHE,2017-08-15,2017,q4,2101,太平洋证券,"太平洋证券2017-08-15发布的报告下调了该股盈利预测,分析师：黄付生,王学谦,蔡雪昱 等",2017-08-15,双汇发展半年报点评：高温肉制品拖累业绩 下半年有望明显改善,"黄付生,王学谦,蔡雪昱 等",4619381597.6000,2017-06-05,双汇发展动态点评：做空猪价最佳标的 在分歧和漠视中上涨,5114315340.2000,,,,,,,,,,,,,,,,,,,,,,,-0.0968,2021-04-12 11:01:49,2021-04-12 11:01:49
000895.XSHE,2017-08-15,2017,q4,2302,平安证券,平安证券2017-08-15发布的报告研报摘要中含有超预期信息,2017-08-15,双汇发展：盈利逐季改善 向好趋势有望延续,"文献,刘彪",4675000000.0000,,,,,,,,,,,,,,,,,,,,,,,,,,,2021-04-12 11:01:49,2021-04-12 11:01:49
000895.XSHE,2017-08-29,2017,q4,2101,华创证券,"华创证券2017-08-29发布的报告下调了该股盈利预测,分析师：牛播坤",2017-08-29,双汇发展：两大主业持续向好 下半年业绩可期,牛播坤,4551000000.0000,2017-03-27,双汇发展：业绩基本符合预期 高分红逻辑不变,4790000000.0000,,,,,,,,,,,,,,,,,,,,,,,-0.0499,2021-04-12 11:01:49,2021-04-12 11:01:49
000895.XSHE,2017-10-30,2017,q4,2101,国金证券,"国金证券2017-10-30发布的报告下调了该股盈利预测,分析师：申晟,于杰",2017-10-30,双汇发展：业绩逐季改善明显 肉制品销量止跌回升,"申晟,于杰",4590000000.0000,2017-08-15,双汇发展：Q2业绩环比改善 肉制品结构继续调整中,4653000000.0000,,,,,,,,,,,,,,,,,,,,,,,-0.0135,2021-04-12 11:01:49,2021-04-12 11:01:49
000895.XSHE,2017-10-30,2017,q4,2102,方正证券,"方正证券2017-10-30发布的报告下调了该股盈利预测,分析师：薛玉虎,刘洁铭,刘健",2017-10-30,双汇发展：季度改善显成效 未来期待新品更大突破,"薛玉虎,刘洁铭,刘健",4521050000.0000,2017-08-14,双汇发展：环比改善趋势显现 期待下半年,4571430000.0000,,,,,,,,,,,,,,,,,,,,,,,-0.0110,2021-04-12 11:01:49,2021-04-12 11:01:49
000895.XSHE,2017-10-30,2017,q4,2302,国金证券,国金证券2017-10-30发布的报告研报摘要中含有超预期信息,2017-10-30,双汇发展：业绩逐季改善明显 肉制品销量止跌回升,"申晟,于杰",4590000000.0000,,,,,,,,,,,,,,,,,,,,,,,,,,,2021-04-12 11:01:49,2021-04-12 11:01:49
000895.XSHE,2017-10-31,2017,q3,2405,,2017-10-31发布的财报中，3季度净利润增速低于机构的一致预期,,,,,,,,2017-10-31,financial_reports,,,,1246983844.7700,,,,0.1078,,,,,,,,2017-10-30,,1377514411.7605,,,-0.0948,2021-04-12 11:01:49,2021-04-12 11:01:49
000895.XSHE,2017-10-31,2017,q3,2501,,2017-10-31发布的财报净利润同比增速低于一致预期2017同比增速,,,,,,,,2017-10-31,financial_reports,,,3151038717.0000,,,-0.0385,,,,,,,,,,2017-10-30,4662068552.7785,,0.0583,,-0.0968,2021-04-12 11:01:49,2021-04-12 11:01:49
000895.XSHE,2017-10-31,2017,q3,2503,,2017-10-31发布的财报净利润同比增速低于2017一致预期同比增速,,,,,,,,2017-10-31,financial_reports,,,,1246983844.7700,,,,0.1078,,,,,,,,2017-10-30,,1377514411.7605,,0.2238,-0.1160,2021-04-12 11:01:49,2021-04-12 11:01:49
000895.XSHE,2017-10-31,2017,q4,2101,平安证券,"平安证券2017-10-31发布的报告下调了该股盈利预测,分析师：文献,刘彪",2017-10-31,双汇发展：成本红利加速兑现 单季扣非净利大增,"文献,刘彪",4451000000.0000,2017-08-15,双汇发展：盈利逐季改善 向好趋势有望延续,4675000000.0000,,,,,,,,,,,,,,,,,,,,,,,-0.0479,2021-04-12 11:01:49,2021-04-12 11:01:49
000895.XSHE,2017-10-31,2017,q4,2101,海通证券,"海通证券2017-10-31发布的报告下调了该股盈利预测,分析师：闻宏伟,成珊",2017-10-31,双汇发展：业绩符合预期 盈利如期逐季向好,"闻宏伟,成珊",4604430000.0000,2017-09-18,双汇发展：成本前高后低 下半年有望加速增长,4803080000.0000,,,,,,,,,,,,,,,,,,,,,,,-0.0414,2021-04-12 11:01:49,2021-04-12 11:01:49
000895.XSHE,2017-10-31,2017,q4,2102,招商证券,"招商证券2017-10-31发布的报告下调了该股盈利预测,分析师：董广阳,杨勇胜,欧阳予",2017-10-31,双汇发展：恢复正增长 配置价值突出,"董广阳,杨勇胜,欧阳予",4537000000.0000,2017-08-15,双汇发展：业绩逐季改善 当下价值已突出,4690000000.0000,,,,,,,,,,,,,,,,,,,,,,,-0.0326,2021-04-12 11:01:49,2021-04-12 11:01:49
000895.XSHE,2017-10-31,2017,q4,2102,东吴证券,"东吴证券2017-10-31发布的报告下调了该股盈利预测,分析师：马浩博,周恺锴,张宇光",2017-10-31,双汇发展：业绩如期提速 改善趋势持续,"马浩博,周恺锴,张宇光",4579600000.0000,2017-08-15,双汇发展：净利降幅收窄 业绩改善趋势延续,4705500000.0000,,,,,,,,,,,,,,,,,,,,,,,-0.0268,2021-04-12 11:01:49,2021-04-12 11:01:49
000895.XSHE,2017-11-17,2017,q4,2302,中信证券,中信证券2017-11-17发布的报告研报摘要中含有超预期信息,2017-11-17,食品饮料行业2018年投资策略：风正一帆悬 食饮一马先,戴佳娴,4571000000.0000,,,,,,,,,,,,,,,,,,,,,,,,,,,2021-04-12 11:01:49,2021-04-12 11:01:49
000895.XSHE,2017-11-23,2017,q4,2302,中金公司,中金公司2017-11-23发布的报告研报摘要中含有超预期信息,2017-11-23,双汇发展：预计18年屠宰继续向好 肉制品改善延续,吕若晨,4621000000.0000,,,,,,,,,,,,,,,,,,,,,,,,,,,2021-04-12 11:01:49,2021-04-12 11:01:49
000895.XSHE,2017-12-11,2017,q4,2101,华创证券,"华创证券2017-12-11发布的报告下调了该股盈利预测,分析师：曹岩",2017-12-11,双汇发展深度报告：猪价下行确认 业绩拐点来临,曹岩,4601000000.0000,2017-12-05,双汇发展：屠宰业务高速增长 肉制品业务稳中有升,4710000000.0000,,,,,,,,,,,,,,,,,,,,,,,-0.0231,2021-04-12 11:01:49,2021-04-12 11:01:49
000895.XSHE,2017-12-14,2017,q4,2101,太平洋证券,"太平洋证券2017-12-14发布的报告下调了该股盈利预测,分析师：黄付生,孟斯硕",2017-12-14,双汇发展：穿越周期的龙头 景气提升业绩改善,"黄付生,孟斯硕",4618260000.0000,2017-10-31,双汇发展：成本下降屠宰放量 业绩环比改善,4654550000.0000,,,,,,,,,,,,,,,,,,,,,,,-0.0078,2021-04-12 11:01:49,2021-04-12 11:01:49
000895.XSHE,2018-01-01,2017,q4,2101,中金财富,"中金财富2018-01-01发布的报告下调了该股盈利预测,分析师：张镭,高驰",2018-01-01,消费品行业周报：白酒景气度延续 新零售关注业绩消化估值标的,"张镭,高驰",4601000000.0000,2017-08-20,双汇发展：猪价下行产品升级 助力龙头企业强者恒强,4654000000.0000,,,,,,,,,,,,,,,,,,,,,,,-0.0114,2021-04-12 11:01:49,2021-04-12 11:01:49
000895.XSHE,2018-01-12,2017,q4,2101,国海证券,"国海证券2018-01-12发布的报告下调了该股盈利预测,分析师：余春生,陈鹏",2018-01-12,双汇发展：猪价下行利好屠宰 低温肉制品空间大,"余春生,陈鹏",4567000000.0000,2017-12-13,食品饮料行业2018年年度策略报告：茅台扩产白酒行业谨慎乐观 看好食品龙头企业稳健增长,4567170000.0000,,,,,,,,,,,,,,,,,,,,,,,0.0000,2021-04-12 11:01:49,2021-04-12 11:01:49
000895.XSHE,2018-01-12,2017,q4,2302,国海证券,国海证券2018-01-12发布的报告研报摘要中含有超预期信息,2018-01-12,双汇发展：猪价下行利好屠宰 低温肉制品空间大,"余春生,陈鹏",4567000000.0000,,,,,,,,,,,,,,,,,,,,,,,,,,,2021-04-12 11:01:49,2021-04-12 11:01:49
000895.XSHE,2018-02-26,2017,q4,2302,国海证券,国海证券2018-02-26发布的报告研报摘要中含有超预期信息,2018-02-26,双汇发展：猪价继续下行 屠宰有望放量,"余春生,陈鹏",4567000000.0000,,,,,,,,,,,,,,,,,,,,,,,,,,,2021-04-12 11:01:49,2021-04-12 11:01:49
000895.XSHE,2018-03-27,2017,q4,2405,,2018-03-27发布的财报中，4季度净利润增速低于机构的一致预期,,,,,,,,2018-03-27,financial_reports,,,,1168261205.4700,,,,0.0357,,,,,,,,2018-03-26,,1480485224.6363,,,-0.2109,2021-04-12 11:01:49,2021-04-12 11:01:49
000895.XSHE,2018-03-27,2017,q4,2503,,2018-03-27发布的财报净利润同比增速低于2017一致预期同比增速,,,,,,,,2018-03-27,financial_reports,,,,1168261205.4700,,,,0.0357,,,,,,,,2018-03-26,,1480485224.6363,,0.3125,-0.2768,2021-04-12 11:01:49,2021-04-12 11:01:49
000895.XSHE,2018-03-27,2018,q4,2101,平安证券,"平安证券2018-03-27发布的报告下调了该股盈利预测,分析师：文献,刘彪,蒋寅秋",2018-03-27,双汇发展：向好趋势仍在延续 人事调整或带来新变化,"文献,刘彪,蒋寅秋",4710000000.0000,2017-10-31,双汇发展：成本红利加速兑现 单季扣非净利大增,4725000000.0000,,,,,,,,,,,,,,,,,,,,,,,-0.0032,2021-04-12 11:01:49,2021-04-12 11:01:49
000895.XSHE,2018-03-27,2018,q4,2101,国海证券,"国海证券2018-03-27发布的报告下调了该股盈利预测,分析师：余春生,陈鹏",2018-03-27,双汇发展：业绩符合预期 屠宰业务量利双升,"余春生,陈鹏",4632000000.0000,2018-02-26,双汇发展：猪价继续下行 屠宰有望放量,4991000000.0000,,,,,,,,,,,,,,,,,,,,,,,-0.0719,2021-04-12 11:01:49,2021-04-12 11:01:49
000895.XSHE,2018-03-27,2018,q4,2101,中信证券,"中信证券2018-03-27发布的报告下调了该股盈利预测,分析师：戴佳娴",2018-03-27,双汇发展：屠宰上量趋势不改 肉制品期待突破,戴佳娴,4953000000.0000,2017-12-08,双汇发展：风物长宜放眼量 千亿征程再启航,5100000000.0000,,,,,,,,,,,,,,,,,,,,,,,-0.0288,2021-04-12 11:01:49,2021-04-12 11:01:49
000895.XSHE,2018-03-27,2018,q4,2102,招商证券,"招商证券2018-03-27发布的报告下调了该股盈利预测,分析师：杨勇胜,李晓峥,欧阳予",2018-03-27,双汇发展：轻装上阵 调结构加速,"杨勇胜,李晓峥,欧阳予",4855000000.0000,2017-10-31,双汇发展：恢复正增长 配置价值突出,5013000000.0000,,,,,,,,,,,,,,,,,,,,,,,-0.0315,2021-04-12 11:01:49,2021-04-12 11:01:49
000895.XSHE,2018-03-27,2018,q4,2102,申万宏源,"申万宏源2018-03-27发布的报告下调了该股盈利预测,分析师：吕昌,周缘",2018-03-27,双汇发展：业绩符合预期 盈利改善趋势不变 继续推荐,"吕昌,周缘",4950000000.0000,2017-12-28,双汇发展：人事调整跨出重要一步 盈利改善持续验证 继续坚定看好,5032000000.0000,,,,,,,,,,,,,,,,,,,,,,,-0.0163,2021-04-12 11:01:49,2021-04-12 11:01:49
000895.XSHE,2018-03-27,2018,q4,2302,平安证券,平安证券2018-03-27发布的报告研报摘要中含有超预期信息,2018-03-27,双汇发展：向好趋势仍在延续 人事调整或带来新变化,"文献,刘彪,蒋寅秋",4710000000.0000,,,,,,,,,,,,,,,,,,,,,,,,,,,2021-04-12 11:01:49,2021-04-12 11:01:49
000895.XSHE,2018-03-27,2018,q4,2302,国海证券,国海证券2018-03-27发布的报告研报摘要中含有超预期信息,2018-03-27,双汇发展：业绩符合预期 屠宰业务量利双升,"余春生,陈鹏",4632000000.0000,,,,,,,,,,,,,,,,,,,,,,,,,,,2021-04-12 11:01:49,2021-04-12 11:01:49
000895.XSHE,2018-03-28,2018,q4,2101,太平洋证券,"太平洋证券2018-03-28发布的报告下调了该股盈利预测,分析师：黄付生,孟斯硕",2018-03-28,双汇发展：蓄势待发 改善在即,"黄付生,孟斯硕",5130400000.0000,2018-03-06,双汇发展：释放成本红利 步入增长新周期,5312280000.0000,,,,,,,,,,,,,,,,,,,,,,,-0.0342,2021-04-12 11:01:49,2021-04-12 11:01:49
000895.XSHE,2018-03-28,2018,q4,2101,华创证券,"华创证券2018-03-28发布的报告下调了该股盈利预测,分析师：曹岩",2018-03-28,双汇发展：屠宰业务放量 肉制品结构积极调整,曹岩,4913000000.0000,2017-12-11,双汇发展深度报告：猪价下行确认 业绩拐点来临,5087000000.0000,,,,,,,,,,,,,,,,,,,,,,,-0.0342,2021-04-12 11:01:49,2021-04-12 11:01:49
000895.XSHE,2018-04-24,2018,q4,2302,招商证券,招商证券2018-04-24发布的报告研报摘要中含有超预期信息,2018-04-24,双汇发展：肉制品销售开门红 屠宰业盈利显弹性,"杨勇胜,李晓峥,欧阳予",4855000000.0000,,,,,,,,,,,,,,,,,,,,,,,,,,,2021-04-12 11:01:49,2021-04-12 11:01:49
000895.XSHE,2018-04-25,2018,q4,2101,中信证券,"中信证券2018-04-25发布的报告下调了该股盈利预测,分析师：戴佳娴,方振",2018-04-25,双汇发展：屠宰延续上量趋势 肉制品盈利改善可期,"戴佳娴,方振",4949000000.0000,2018-04-09,低线消费专题研究：低线掘金 品牌消费、渠道下沉、体验升级,4953000000.0000,,,,,,,,,,,,,,,,,,,,,,,-0.0008,2021-04-12 11:01:49,2021-04-12 11:01:49
000895.XSHE,2018-04-25,2018,q4,2101,安信证券,"安信证券2018-04-25发布的报告下调了该股盈利预测,分析师：苏铖",2018-04-25,双汇发展：全年良好开局 低价期加大储备,苏铖,4876500000.0000,2017-10-31,双汇发展：业绩逐季改善 3季度扣非净利增约两成,5490000000.0000,,,,,,,,,,,,,,,,,,,,,,,-0.1117,2021-04-12 11:01:49,2021-04-12 11:01:49
000895.XSHE,2018-04-25,2018,q4,2302,安信证券,安信证券2018-04-25发布的报告研报摘要中含有超预期信息,2018-04-25,双汇发展：全年良好开局 低价期加大储备,苏铖,4876500000.0000,,,,,,,,,,,,,,,,,,,,,,,,,,,2021-04-12 11:01:49,2021-04-12 11:01:49
000895.XSHE,2018-04-26,2018,q4,2101,国海证券,"国海证券2018-04-26发布的报告下调了该股盈利预测,分析师：余春生,陈鹏",2018-04-26,双汇发展：屠宰持续放量 净利润超预期,"余春生,陈鹏",4606000000.0000,2018-03-27,双汇发展：业绩符合预期 屠宰业务量利双升,4632000000.0000,,,,,,,,,,,,,,,,,,,,,,,-0.0056,2021-04-12 11:01:49,2021-04-12 11:01:49
000895.XSHE,2018-05-07,2018,q4,2101,中金财富,"中金财富2018-05-07发布的报告下调了该股盈利预测,分析师：张镭,高驰",2018-05-07,消费品行业周报：国产品牌崛起将带来新一轮零售增长,"张镭,高驰",4914000000.0000,2018-05-02,消费品行业周报：优质公司一季报延续增长 估值逐步消化,5062000000.0000,,,,,,,,,,,,,,,,,,,,,,,-0.0292,2021-04-12 11:01:49,2021-04-12 11:01:49
000895.XSHE,2018-05-07,2018,q4,2302,中银国际证券,中银国际证券2018-05-07发布的报告研报摘要中含有超预期信息,2018-05-07,双汇发展：屠宰放量 肉制品提速 期待产品结构转型成功,汤玮亮,4832000000.0000,,,,,,,,,,,,,,,,,,,,,,,,,,,2021-04-12 11:01:49,2021-04-12 11:01:49
000895.XSHE,2018-08-14,2018,q4,2302,财通证券,财通证券2018-08-14发布的报告研报摘要中含有超预期信息,2018-08-14,双汇发展：净利润增速延续 预计下半年成本可控,李永良,4968000000.0000,,,,,,,,,,,,,,,,,,,,,,,,,,,2021-04-12 11:01:49,2021-04-12 11:01:49
000895.XSHE,2018-08-15,2018,q4,2101,西南证券,"西南证券2018-08-15发布的报告下调了该股盈利预测,分析师：朱会振,李光歌",2018-08-15,双汇发展：业绩符合预期 屠宰和肉制品盈利持续改善,"朱会振,李光歌",4884350000.0000,2018-04-25,双汇发展：屠宰业务高速增长 肉制品结构持续改善,4902440000.0000,,,,,,,,,,,,,,,,,,,,,,,-0.0037,2021-04-12 11:01:49,2021-04-12 11:01:49
000895.XSHE,2018-08-15,2018,q4,2101,国信证券,"国信证券2018-08-15发布的报告下调了该股盈利预测,分析师：陈梦瑶",2018-08-15,双汇发展：受益猪价低位震荡 公司盈利弹性继续释放,陈梦瑶,5166000000.0000,2018-04-25,双汇发展：营收小幅下降 屠宰业务盈利改善显著,5196000000.0000,,,,,,,,,,,,,,,,,,,,,,,-0.0058,2021-04-12 11:01:49,2021-04-12 11:01:49
000895.XSHE,2018-08-15,2018,q4,2302,国海证券,国海证券2018-08-15发布的报告研报摘要中含有超预期信息,2018-08-15,双汇发展：收入小幅下滑 屠宰业务放量,"余春生,陈鹏",4606000000.0000,,,,,,,,,,,,,,,,,,,,,,,,,,,2021-04-12 11:01:49,2021-04-12 11:01:49
000895.XSHE,2018-08-28,2018,q4,2302,国海证券,国海证券2018-08-28发布的报告研报摘要中含有超预期信息,2018-08-28,双汇发展：肉制品调结构 非洲猪瘟影响有限,"余春生,陈鹏",4606000000.0000,,,,,,,,,,,,,,,,,,,,,,,,,,,2021-04-12 11:01:49,2021-04-12 11:01:49
000895.XSHE,2018-10-30,2018,q4,2102,招商证券,"招商证券2018-10-30发布的报告下调了该股盈利预测,分析师：杨勇胜,欧阳予",2018-10-30,双汇发展：增速回落 否中生泰,"杨勇胜,欧阳予",4787000000.0000,2018-08-14,双汇发展：盈利高弹性延续 确定性优选标的,5012000000.0000,,,,,,,,,,,,,,,,,,,,,,,-0.0449,2021-04-12 11:01:49,2021-04-12 11:01:49
000895.XSHE,2018-10-31,2018,q3,2405,,2018-10-31发布的财报中，3季度净利润增速低于机构的一致预期,,,,,,,,2018-10-31,financial_reports,,,,1270374873.9900,,,,0.0188,,,,,,,,2018-10-30,,1344622679.8155,,,-0.0552,2021-04-12 11:01:49,2021-04-12 11:01:49
000895.XSHE,2018-10-31,2018,q3,2503,,2018-10-31发布的财报净利润同比增速低于2018一致预期同比增速,,,,,,,,2018-10-31,financial_reports,,,,1270374873.9900,,,,0.0188,,,,,,,,2018-10-30,,1344622679.8155,,0.0783,-0.0595,2021-04-12 11:01:49,2021-04-12 11:01:49
000895.XSHE,2018-10-31,2018,q4,2101,长城证券,"长城证券2018-10-31发布的报告下调了该股盈利预测,分析师：张宇光,黄瑞云",2018-10-31,双汇发展：营收微降 利润承压,"张宇光,黄瑞云",4913010000.0000,2018-08-14,双汇发展：业绩超预期 利润弹性显现,5078760000.0000,,,,,,,,,,,,,,,,,,,,,,,-0.0326,2021-04-12 11:01:49,2021-04-12 11:01:49
000895.XSHE,2018-10-31,2018,q4,2101,中金公司,"中金公司2018-10-31发布的报告下调了该股盈利预测,分析师：吕若晨",2018-10-31,双汇发展：业绩基本符合预期 3Q慷慨分红,吕若晨,4751000000.0000,2018-08-15,双汇发展：2Q业绩符合预期 2H有望继续受益成本下降,4965000000.0000,,,,,,,,,,,,,,,,,,,,,,,-0.0431,2021-04-12 11:01:49,2021-04-12 11:01:49
000895.XSHE,2018-10-31,2018,q4,2101,中银国际证券,"中银国际证券2018-10-31发布的报告下调了该股盈利预测,分析师：汤玮亮",2018-10-31,双汇发展：非洲猪瘟影响屠宰放量 肉制品结构转型值得期待,汤玮亮,4898000000.0000,2018-08-15,双汇发展：屠宰继续放量 肉制品结构转型初见成效,5026000000.0000,,,,,,,,,,,,,,,,,,,,,,,-0.0255,2021-04-12 11:01:49,2021-04-12 11:01:49
000895.XSHE,2018-10-31,2018,q4,2101,东莞证券,"东莞证券2018-10-31发布的报告下调了该股盈利预测,分析师：魏红梅",2018-10-31,双汇发展：Q3屠宰量增速有所下降 盈利能力持续回升,魏红梅,4976000000.0000,2018-08-15,双汇发展：屠宰量保持快增 肉制品业务保持稳增,5124000000.0000,,,,,,,,,,,,,,,,,,,,,,,-0.0289,2021-04-12 11:01:49,2021-04-12 11:01:49
000895.XSHE,2018-10-31,2018,q4,2102,华创证券,"华创证券2018-10-31发布的报告下调了该股盈利预测,分析师：董广阳,方振",2018-10-31,双汇发展：屠宰放量趋势中断 肉制品静待改善,"董广阳,方振",4983000000.0000,2018-08-15,双汇发展：屠宰业务持续放量 肉制品结构持续优化,5108000000.0000,,,,,,,,,,,,,,,,,,,,,,,-0.0245,2021-04-12 11:01:49,2021-04-12 11:01:49
000895.XSHE,2018-10-31,2018,q4,2302,长城证券,长城证券2018-10-31发布的报告研报摘要中含有超预期信息,2018-10-31,双汇发展：营收微降 利润承压,"张宇光,黄瑞云",4913010000.0000,,,,,,,,,,,,,,,,,,,,,,,,,,,2021-04-12 11:01:49,2021-04-12 11:01:49
000895.XSHE,2018-10-31,2018,q4,2302,中银国际证券,中银国际证券2018-10-31发布的报告研报摘要中含有超预期信息,2018-10-31,双汇发展：非洲猪瘟影响屠宰放量 肉制品结构转型值得期待,汤玮亮,4898000000.0000,,,,,,,,,,,,,,,,,,,,,,,,,,,2021-04-12 11:01:49,2021-04-12 11:01:49
000895.XSHE,2018-10-31,2018,q4,2302,东莞证券,东莞证券2018-10-31发布的报告研报摘要中含有超预期信息,2018-10-31,双汇发展：Q3屠宰量增速有所下降 盈利能力持续回升,魏红梅,4976000000.0000,,,,,,,,,,,,,,,,,,,,,,,,,,,2021-04-12 11:01:49,2021-04-12 11:01:49
000895.XSHE,2018-11-01,2018,q4,2102,申万宏源,"申万宏源2018-11-01发布的报告下调了该股盈利预测,分析师：吕昌,周缘",2018-11-01,双汇发展：业绩符合预期 维持高分红 中长期改善逻辑不变,"吕昌,周缘",4856000000.0000,2018-09-12,双汇发展：人事调整基本到位 激励进一步强化 全面改善可期,5014000000.0000,,,,,,,,,,,,,,,,,,,,,,,-0.0315,2021-04-12 11:01:49,2021-04-12 11:01:49
000895.XSHE,2018-11-30,2018,q4,2101,中银国际证券,"中银国际证券2018-11-30发布的报告下调了该股盈利预测,分析师：汤玮亮",2018-11-30,双汇发展：肉制品结构转型有望持续见效 长期配置价值渐显,汤玮亮,4897000000.0000,2018-10-31,双汇发展：非洲猪瘟影响屠宰放量 肉制品结构转型值得期待,4898000000.0000,,,,,,,,,,,,,,,,,,,,,,,-0.0002,2021-04-12 11:01:49,2021-04-12 11:01:49
000895.XSHE,2019-01-27,2018,q4,2102,方正证券,"方正证券2019-01-27发布的报告下调了该股盈利预测,分析师：薛玉虎,刘洁铭",2019-01-27,双汇发展：整合肉类资产 提升管理效率,"薛玉虎,刘洁铭",4883790000.0000,2018-10-30,双汇发展：非洲猪瘟影响短期盈利 大比例分红回馈股东,4988690000.0000,,,,,,,,,,,,,,,,,,,,,,,-0.0210,2021-04-12 11:01:49,2021-04-12 11:01:49
000895.XSHE,2019-01-28,2018,q4,2101,太平洋证券,"太平洋证券2019-01-28发布的报告下调了该股盈利预测,分析师：黄付生,孟斯硕",2019-01-28,双汇发展：限运政策下屠宰盈利提升 产品结构调整利好肉制品,"黄付生,孟斯硕",4926120000.0000,2018-08-14,双汇发展：屠宰继续放量 下半年业绩或超预期,5316700000.0000,,,,,,,,,,,,,,,,,,,,,,,-0.0735,2021-04-12 11:01:49,2021-04-12 11:01:49
000895.XSHE,2019-03-16,2018,q4,2405,,2019-03-16发布的财报中，4季度净利润增速低于机构的一致预期,,,,,,,,2019-03-16,financial_reports,,,,1256185095.7300,,,,0.0753,,,,,,,,2019-03-15,,1282750803.6061,,,-0.0207,2021-04-12 11:01:49,2021-04-12 11:01:49
000895.XSHE,2019-03-16,2018,q4,2503,,2019-03-16发布的财报净利润同比增速低于2018一致预期同比增速,,,,,,,,2019-03-16,financial_reports,,,,1256185095.7300,,,,0.0753,,,,,,,,2019-03-15,,1282750803.6061,,0.0980,-0.0227,2021-04-12 11:01:49,2021-04-12 11:01:49
000895.XSHE,2019-03-16,2019,q4,2101,浙商证券,"浙商证券2019-03-16发布的报告下调了该股盈利预测,分析师：申晟",2019-03-16,双汇发展：猪价进入上行周期 期待屠宰集中度提,申晟,4756000000.0000,2019-01-27,双汇发展：收购双汇集团减少关联交易 增加协同效应,5090000000.0000,,,,,,,,,,,,,,,,,,,,,,,-0.0656,2021-04-12 11:01:49,2021-04-12 11:01:49
000895.XSHE,2019-03-16,2019,q4,2102,招商证券,"招商证券2019-03-16发布的报告下调了该股盈利预测,分析师：杨勇胜,欧阳予",2019-03-16,双汇发展：高股息亮眼 稳增长可期,"杨勇胜,欧阳予",5179000000.0000,2019-01-27,双汇发展：吸收集团资产 简化股权结构,5241000000.0000,,,,,,,,,,,,,,,,,,,,,,,-0.0118,2021-04-12 11:01:49,2021-04-12 11:01:49
000895.XSHE,2019-03-17,2019,q4,2101,平安证券,"平安证券2019-03-17发布的报告下调了该股盈利预测,分析师：文献,刘彪,蒋寅秋 等",2019-03-17,双汇发展：业绩符合预期 有望多举措对冲成本压力,"文献,刘彪,蒋寅秋 等",4919000000.0000,2019-01-28,双汇发展：吸收合并双汇集团 助力产业链整合与治理结构优化,4933000000.0000,,,,,,,,,,,,,,,,,,,,,,,-0.0028,2021-04-12 11:01:49,2021-04-12 11:01:49
000895.XSHE,2019-03-17,2019,q4,2101,西南证券,"西南证券2019-03-17发布的报告下调了该股盈利预测,分析师：朱会振,李光歌",2019-03-17,双汇发展：屠宰盈利显著提升 肉制品仍有提价加产品结构升级空间,"朱会振,李光歌",5155970000.0000,2018-10-31,双汇发展：Q3业绩符合预期 提价家产品结构提升有望促进盈利改善,5169850000.0000,,,,,,,,,,,,,,,,,,,,,,,-0.0027,2021-04-12 11:01:49,2021-04-12 11:01:49
000895.XSHE,2019-03-17,2019,q4,2101,东吴证券,"东吴证券2019-03-17发布的报告下调了该股盈利预测,分析师：杨默曦",2019-03-17,双汇发展：行稳方致远 迎接机遇年,杨默曦,5345000000.0000,2019-01-27,双汇发展：重组优化治理结构 猪瘟利好龙头发展,5504000000.0000,,,,,,,,,,,,,,,,,,,,,,,-0.0289,2021-04-12 11:01:49,2021-04-12 11:01:49
000895.XSHE,2019-03-17,2019,q4,2101,中银国际证券,"中银国际证券2019-03-17发布的报告下调了该股盈利预测,分析师：汤玮亮",2019-03-17,双汇发展：业绩符合预期 持续关注肉制品结构优化,汤玮亮,5120000000.0000,2019-01-28,双汇发展：重组略增厚业绩 促进资源整合与治理结构优化,5252000000.0000,,,,,,,,,,,,,,,,,,,,,,,-0.0251,2021-04-12 11:01:49,2021-04-12 11:01:49
000895.XSHE,2019-03-17,2019,q4,2101,财通证券,"财通证券2019-03-17发布的报告下调了该股盈利预测,分析师：李永良",2019-03-17,双汇发展：结构升级继续 挑战与机遇并存,李永良,5384000000.0000,2018-10-30,双汇发展：屠宰营收同比下滑 肉制品营收相对稳定,5659000000.0000,,,,,,,,,,,,,,,,,,,,,,,-0.0486,2021-04-12 11:01:49,2021-04-12 11:01:49
000895.XSHE,2019-03-17,2019,q4,2102,华创证券,"华创证券2019-03-17发布的报告下调了该股盈利预测,分析师：方振,董广阳",2019-03-17,双汇发展：18年业绩符合预期 19年多措并举提升盈利,"方振,董广阳",5327000000.0000,2019-01-29,双汇发展：吸并双汇集团 精简管理层级,5632000000.0000,,,,,,,,,,,,,,,,,,,,,,,-0.0542,2021-04-12 11:01:49,2021-04-12 11:01:49
000895.XSHE,2019-03-17,2019,q4,2302,中银国际证券,中银国际证券2019-03-17发布的报告研报摘要中含有超预期信息,2019-03-17,双汇发展：业绩符合预期 持续关注肉制品结构优化,汤玮亮,5120000000.0000,,,,,,,,,,,,,,,,,,,,,,,,,,,2021-04-12 11:01:49,2021-04-12 11:01:49
000895.XSHE,2019-03-18,2019,q4,2101,长城证券,"长城证券2019-03-18发布的报告下调了该股盈利预测,分析师：张宇光,黄瑞云,叶松霖",2019-03-18,双汇发展：屠宰量利齐升 肉制品持续改善,"张宇光,黄瑞云,叶松霖",5247420000.0000,2018-10-31,双汇发展：营收微降 利润承压,5320560000.0000,,,,,,,,,,,,,,,,,,,,,,,-0.0137,2021-04-12 11:01:49,2021-04-12 11:01:49
000895.XSHE,2019-03-18,2019,q4,2101,中信建投,"中信建投2019-03-18发布的报告下调了该股盈利预测,分析师：安雅泽,吕睿竞",2019-03-18,双汇发展：业绩符合预期 19年预计稳定增长,"安雅泽,吕睿竞",5206000000.0000,2018-10-31,双汇发展三季报点评：非洲猪瘟导致增速放缓 高分红超市场预期,5502600000.0000,,,,,,,,,,,,,,,,,,,,,,,-0.0539,2021-04-12 11:01:49,2021-04-12 11:01:49
000895.XSHE,2019-03-18,2019,q4,2101,东莞证券,"东莞证券2019-03-18发布的报告下调了该股盈利预测,分析师：魏红梅",2019-03-18,双汇发展：下半年屠宰量增速有所放缓,魏红梅,5201000000.0000,2018-10-31,双汇发展：Q3屠宰量增速有所下降 盈利能力持续回升,5558000000.0000,,,,,,,,,,,,,,,,,,,,,,,-0.0642,2021-04-12 11:01:49,2021-04-12 11:01:49
000895.XSHE,2019-03-19,2019,q4,2101,东北证券,"东北证券2019-03-19发布的报告下调了该股盈利预测,分析师：李强,齐欢",2019-03-19,双汇发展：Q4屠宰头均利润创新高 肉制品产品结构持续改善,"李强,齐欢",5504000000.0000,2019-01-29,双汇发展：集团整体上市 加速聚焦肉业主业,5983000000.0000,,,,,,,,,,,,,,,,,,,,,,,-0.0801,2021-04-12 11:01:49,2021-04-12 11:01:49
000895.XSHE,2019-03-20,2019,q4,2101,财信证券,"财信证券2019-03-20发布的报告下调了该股盈利预测,分析师：陈博,张昕奕",2019-03-20,双汇发展：屠宰放量 结构升级 成本压力下仍超预期,"陈博,张昕奕",3346000000.0000,2019-01-31,双汇发展：合并聚焦肉类主业 期待屠宰与肉制品业务改善,5521070000.0000,,,,,,,,,,,,,,,,,,,,,,,-0.3940,2021-04-12 11:01:49,2021-04-12 11:01:49
000895.XSHE,2019-04-29,2019,q4,2102,招商证券,"招商证券2019-04-29发布的报告下调了该股盈利预测,分析师：杨勇胜,欧阳予",2019-04-29,双汇发展：全年稳增愈清晰 更待肉制品激活,"杨勇胜,欧阳予",5178000000.0000,2019-03-16,双汇发展：高股息亮眼 稳增长可期,5179000000.0000,,,,,,,,,,,,,,,,,,,,,,,-0.0002,2021-04-12 11:01:49,2021-04-12 11:01:49
000895.XSHE,2019-04-30,2019,q4,2101,中银国际证券,"中银国际证券2019-04-30发布的报告下调了该股盈利预测,分析师：汤玮亮",2019-04-30,双汇发展：肉制品营收改善、 利润低于预期 屠宰利润超预期,汤玮亮,5119000000.0000,2019-03-17,双汇发展：业绩符合预期 持续关注肉制品结构优化,5120000000.0000,,,,,,,,,,,,,,,,,,,,,,,-0.0002,2021-04-12 11:01:49,2021-04-12 11:01:49
000895.XSHE,2019-04-30,2019,q4,2102,方正证券,"方正证券2019-04-30发布的报告下调了该股盈利预测,分析师：薛玉虎,刘健",2019-04-30,双汇发展：加大屠宰量利创新高 肉制品提价缓解猪价上涨压力,"薛玉虎,刘健",5181760000.0000,2019-03-16,双汇发展：跨省调运提升屠宰盈利 多策并举抵御猪价上涨风险,5324730000.0000,,,,,,,,,,,,,,,,,,,,,,,-0.0269,2021-04-12 11:01:49,2021-04-12 11:01:49
000895.XSHE,2019-04-30,2019,q4,2302,广发证券,广发证券2019-04-30发布的报告研报摘要中含有超预期信息,2019-04-30,双汇发展：肉制品提价和产品结构升级缓和成本压力 公司业绩有望稳定增长,"王永锋,王文丹",5201000000.0000,,,,,,,,,,,,,,,,,,,,,,,,,,,2021-04-12 11:01:49,2021-04-12 11:01:49
000895.XSHE,2019-06-25,2019,q4,2101,太平洋证券,"太平洋证券2019-06-25发布的报告下调了该股盈利预测,分析师：黄付生,孟斯硕",2019-06-25,双汇发展：肉制品再提价 成本当前仍可控,"黄付生,孟斯硕",5025970000.0000,2019-03-17,双汇发展年报点评：屠宰盈利能力提升 利润稳定释放,5583240000.0000,,,,,,,,,,,,,,,,,,,,,,,-0.0998,2021-04-12 11:01:49,2021-04-12 11:01:49
000895.XSHE,2019-08-13,2019,q4,2102,招商证券,"招商证券2019-08-13发布的报告下调了该股盈利预测,分析师：杨勇胜,欧阳予",2019-08-13,双汇发展：净利率见顶回落 暂下调至审慎推荐,"杨勇胜,欧阳予",4926000000.0000,2019-04-29,双汇发展：全年稳增愈清晰 更待肉制品激活,5178000000.0000,,,,,,,,,,,,,,,,,,,,,,,-0.0487,2021-04-12 11:01:49,2021-04-12 11:01:49
000895.XSHE,2019-08-13,2019,q4,2102,方正证券,"方正证券2019-08-13发布的报告下调了该股盈利预测,分析师：薛玉虎,刘洁铭",2019-08-13,双汇发展：供给收缩导致猪价快速上涨 盈利承压,"薛玉虎,刘洁铭",4665690000.0000,2019-04-30,双汇发展：加大屠宰量利创新高 肉制品提价缓解猪价上涨压力,5181760000.0000,,,,,,,,,,,,,,,,,,,,,,,-0.0996,2021-04-12 11:01:49,2021-04-12 11:01:49
000895.XSHE,2019-08-14,2019,q2,2405,,2019-08-14发布的财报中，2季度净利润增速低于机构的一致预期,,,,,,,,2019-08-14,financial_reports,,,,1112504794.5200,,,,-0.1581,,,,,,,,2019-08-13,,1288801299.1782,,,-0.1368,2021-04-12 11:01:49,2021-04-12 11:01:49
000895.XSHE,2019-08-14,2019,q2,2501,,2019-08-14发布的财报净利润同比增速低于一致预期2019同比增速,,,,,,,,2019-08-14,financial_reports,,,2399323241.7500,,,0.0059,,,,,,,,,,2019-08-13,5039756036.3200,,0.0260,,-0.0202,2021-04-12 11:01:49,2021-04-12 11:01:49
000895.XSHE,2019-08-14,2019,q2,2503,,2019-08-14发布的财报净利润同比增速低于2019一致预期同比增速,,,,,,,,2019-08-14,financial_reports,,,,1112504794.5200,,,,-0.1581,,,,,,,,2019-08-13,,1288801299.1782,,-0.0247,-0.1334,2021-04-12 11:01:49,2021-04-12 11:01:49
000895.XSHE,2019-08-14,2019,q4,2101,长城证券,"长城证券2019-08-14发布的报告下调了该股盈利预测,分析师：张宇光,黄瑞云,逄晓娟 等",2019-08-14,双汇发展：猪价持续上行 公司盈利承压,"张宇光,黄瑞云,逄晓娟 等",4981100000.0000,2019-04-30,双汇发展：屠宰盈利提升 肉制品略有承压,5358320000.0000,,,,,,,,,,,,,,,,,,,,,,,-0.0704,2021-04-12 11:01:49,2021-04-12 11:01:49
000895.XSHE,2019-08-14,2019,q4,2101,中金公司,"中金公司2019-08-14发布的报告下调了该股盈利预测,分析师：吕若晨",2019-08-14,双汇发展：业绩符合预期 2H压力仍存 密切关注进口量变化,吕若晨,4930000000.0000,2019-04-30,双汇发展：屠宰利润表现亮眼 肉制品业务量价齐升,5108000000.0000,,,,,,,,,,,,,,,,,,,,,,,-0.0348,2021-04-12 11:01:49,2021-04-12 11:01:49
000895.XSHE,2019-08-14,2019,q4,2101,平安证券,"平安证券2019-08-14发布的报告下调了该股盈利预测,分析师：文献,刘彪,蒋寅秋 等",2019-08-14,双汇发展：成本压力开始凸显 风物长宜放眼量,"文献,刘彪,蒋寅秋 等",4515000000.0000,2019-04-30,双汇发展：无惧猪价波动 着眼长期价值,4919000000.0000,,,,,,,,,,,,,,,,,,,,,,,-0.0821,2021-04-12 11:01:49,2021-04-12 11:01:49
000895.XSHE,2019-08-14,2019,q4,2102,申万宏源,"申万宏源2019-08-14发布的报告下调了该股盈利预测,分析师：吕昌,周缘",2019-08-14,双汇发展：业绩低于预期 但长期改善趋势延续,"吕昌,周缘",5156000000.0000,2019-07-29,双汇发展：高温肉动销提速价格上移 低温肉促销增加,5293000000.0000,,,,,,,,,,,,,,,,,,,,,,,-0.0259,2021-04-12 11:01:49,2021-04-12 11:01:49
000895.XSHE,2019-08-14,2019,q4,2301,国泰君安,国泰君安2019-08-14发布的报告研报标题中含有超预期信息,2019-08-14,双汇发展：成本转嫁滞后 业绩低于预期,"訾猛,马铮",5174000000.0000,,,,,,,,,,,,,,,,,,,,,,,,,,,2021-04-12 11:01:49,2021-04-12 11:01:49
000895.XSHE,2019-08-14,2019,q4,2301,申万宏源,申万宏源2019-08-14发布的报告研报标题中含有超预期信息,2019-08-14,双汇发展：业绩低于预期 但长期改善趋势延续,"吕昌,周缘",5156000000.0000,,,,,,,,,,,,,,,,,,,,,,,,,,,2021-04-12 11:01:49,2021-04-12 11:01:49
000895.XSHE,2019-08-15,2019,q4,2102,华创证券,"华创证券2019-08-15发布的报告下调了该股盈利预测,分析师：方振,董广阳",2019-08-15,双汇发展：盈利短期承压 提价改善吨价,"方振,董广阳",4956000000.0000,2019-04-30,双汇发展：19Q1屠宰量利齐升 肉制品盈利短期低位,5327000000.0000,,,,,,,,,,,,,,,,,,,,,,,-0.0696,2021-04-12 11:01:49,2021-04-12 11:01:49
000895.XSHE,2019-08-15,2019,q4,2301,财信证券,财信证券2019-08-15发布的报告研报标题中含有超预期信息,2019-08-15,双汇发展：利润表现不及预期 成本压力贯穿全年,"刘丛丛,张昕奕",4623000000.0000,,,,,,,,,,,,,,,,,,,,,,,,,,,2021-10-29 13:57:48,2021-10-29 13:57:48
000895.XSHE,2019-08-15,2019,q4,2302,财信证券,财信证券2019-08-15发布的报告研报摘要中含有超预期信息,2019-08-15,双汇发展：利润表现不及预期 成本压力贯穿全年,"刘丛丛,张昕奕",4623000000.0000,,,,,,,,,,,,,,,,,,,,,,,,,,,2021-04-12 11:01:49,2021-04-12 11:01:49
000895.XSHE,2019-08-16,2019,q4,2101,东北证券,"东北证券2019-08-16发布的报告下调了该股盈利预测,分析师：李强,齐欢",2019-08-16,双汇发展：Q2猪价快速上涨 公司短期利润承压,"李强,齐欢",5130000000.0000,2019-04-30,双汇发展：屠宰头均利润继续超预期 肉制品增长势头初显,5504000000.0000,,,,,,,,,,,,,,,,,,,,,,,-0.0680,2021-04-12 11:01:49,2021-04-12 11:01:49
000895.XSHE,2019-10-28,2019,q4,2102,东吴证券,"东吴证券2019-10-28发布的报告下调了该股盈利预测,分析师：杨默曦,马莉,宗旭豪",2019-10-28,双汇发展：多措并举展业绩弹性 行业承压期龙头机遇期,"杨默曦,马莉,宗旭豪",5333000000.0000,2019-08-13,双汇发展：压力测试期业绩平稳 期待提价年成效显现,5345000000.0000,,,,,,,,,,,,,,,,,,,,,,,-0.0022,2021-04-12 11:01:49,2021-04-12 11:01:49
000895.XSHE,2019-12-18,2019,q4,2102,国泰君安,"国泰君安2019-12-18发布的报告下调了该股盈利预测,分析师：訾猛,马铮",2019-12-18,双汇发展：掌握成本优势 聚焦肉制品主业谋发展,"訾猛,马铮",5401000000.0000,2019-10-29,双汇发展：成本控制能力体现 进口肉优势凸显,5402000000.0000,,,,,,,,,,,,,,,,,,,,,,,-0.0002,2021-04-12 11:01:49,2021-04-12 11:01:49
000895.XSHE,2020-02-14,2019,q4,2101,长城证券,"长城证券2020-02-14发布的报告下调了该股盈利预测,分析师：黄瑞云",2020-02-14,双汇发展：火腿肠需求旺盛刺激短期业绩 公司长期逻辑顺畅,黄瑞云,5379300000.0000,2019-10-29,双汇发展：业绩超预期 肉制品业务改善,5381580000.0000,,,,,,,,,,,,,,,,,,,,,,,-0.0004,2021-04-12 11:01:49,2021-04-12 11:01:49
000895.XSHE,2020-03-01,2019,q4,2101,中泰证券,"中泰证券2020-03-01发布的报告下调了该股盈利预测,分析师：范劲松",2020-03-01,双汇发展：肉制品动销旺盛 量价齐升驱动利润释放,范劲松,5389000000.0000,2019-10-30,双汇发展：鲜冻肉放量 肉制品提价 双重利好驱动高增长,5393000000.0000,,,,,,,,,,,,,,,,,,,,,,,-0.0007,2021-04-12 11:01:49,2021-04-12 11:01:49
000895.XSHE,2020-03-15,2019,q4,2302,中金公司,中金公司2020-03-15发布的报告研报摘要中含有超预期信息,2020-03-15,双汇发展：肉制品升级初现成效 未来三年弹性可期,吕若晨,5341000000.0000,,,,,,,,,,,,,,,,,,,,,,,,,,,2021-04-12 11:01:49,2021-04-12 11:01:49
000895.XSHE,2020-03-25,2020,q4,2101,安信证券,"安信证券2020-03-25发布的报告下调了该股盈利预测,分析师：苏铖,徐哲琪",2020-03-25,双汇发展：提价效果显现 肉制品进入盈利释放期,"苏铖,徐哲琪",6064700000.0000,2020-01-25,双汇发展：肉制品进入盈利释放期 屠宰周期性有望减弱,6150800000.0000,,,,,,,,,,,,,,,,,,,,,,,-0.0140,2021-04-12 11:01:49,2021-04-12 11:01:49
000895.XSHE,2020-03-25,2020,q4,2101,太平洋证券,"太平洋证券2020-03-25发布的报告下调了该股盈利预测,分析师：黄付生,蔡雪昱,孟斯硕",2020-03-25,双汇发展：贸易利润稳定释放 提价平抑成本上涨,"黄付生,蔡雪昱,孟斯硕",6030440000.0000,2019-10-29,双汇发展：进口肉大幅增加 增强盈利能力,6070980000.0000,,,,,,,,,,,,,,,,,,,,,,,-0.0067,2021-04-12 11:01:49,2021-04-12 11:01:49
000895.XSHE,2020-03-25,2020,q4,2102,东吴证券,"东吴证券2020-03-25发布的报告下调了该股盈利预测,分析师：马莉,杨默曦",2020-03-25,双汇发展：低价冻肉释放业绩 肉制品提价传导顺畅,"马莉,杨默曦",6026000000.0000,2020-01-20,双汇发展：规划关联交易额大增 期待展现利润弹性,6027000000.0000,,,,,,,,,,,,,,,,,,,,,,,-0.0002,2021-04-12 11:01:49,2021-04-12 11:01:49
000895.XSHE,2020-03-25,2020,q4,2302,中银国际证券,中银国际证券2020-03-25发布的报告研报摘要中含有超预期信息,2020-03-25,双汇发展：屠宰业务利润大增 关注肉制品结构优化,"汤玮亮,邓天娇",5944000000.0000,,,,,,,,,,,,,,,,,,,,,,,,,,,2021-04-12 11:01:49,2021-04-12 11:01:49
000895.XSHE,2020-04-07,2020,q4,2101,安信证券,"安信证券2020-04-07发布的报告下调了该股盈利预测,分析师：苏铖,徐哲琪",2020-04-07,双汇发展：新品减量增质加渠道变革 肉制品业务迎拐点,"苏铖,徐哲琪",6030700000.0000,2020-03-25,双汇发展：提价效果显现 肉制品进入盈利释放期,6064700000.0000,,,,,,,,,,,,,,,,,,,,,,,-0.0056,2021-04-12 11:01:49,2021-04-12 11:01:49
000895.XSHE,2020-04-28,2020,q4,2102,东吴证券,"东吴证券2020-04-28发布的报告下调了该股盈利预测,分析师：杨默曦,马莉",2020-04-28,双汇发展：提价红利期 进口优势显,"杨默曦,马莉",5995000000.0000,2020-03-25,双汇发展：低价冻肉释放业绩 肉制品提价传导顺畅,6026000000.0000,,,,,,,,,,,,,,,,,,,,,,,-0.0051,2021-04-12 11:01:49,2021-04-12 11:01:49
000895.XSHE,2020-05-17,2020,q4,2101,安信证券,"安信证券2020-05-17发布的报告下调了该股盈利预测,分析师：苏铖,徐哲琪",2020-05-17,双汇发展：定增布局上游养殖业 目标完善产业链增强产业协同,"苏铖,徐哲琪",5675972544.9000,2020-04-29,双汇发展：业绩稳增长 全面看好肉制品龙头崛起,6055000000.0000,,,,,,,,,,,,,,,,,,,,,,,-0.0626,2021-04-12 11:01:49,2021-04-12 11:01:49
000895.XSHE,2020-05-25,2020,q4,2302,中金公司,中金公司2020-05-25发布的报告研报摘要中含有超预期信息,2020-05-25,双汇发展：适度配套上游平抑成本波动 继续关注肉质品转型升级,吕若晨,6266000000.0000,,,,,,,,,,,,,,,,,,,,,,,,,,,2021-04-12 11:01:49,2021-04-12 11:01:49
000895.XSHE,2020-06-21,2020,q4,2101,中信证券,"中信证券2020-06-21发布的报告下调了该股盈利预测,分析师：薛缘,顾训丁",2020-06-21,双汇发展：预计Q2逆势快增 全年表现确定性增强,"薛缘,顾训丁",6085000000.0000,2020-05-07,双汇发展：逆势发展显实力 强者更强有空间,6086000000.0000,,,,,,,,,,,,,,,,,,,,,,,-0.0002,2021-04-12 11:01:49,2021-04-12 11:01:49
000895.XSHE,2020-08-12,2020,q4,2302,国信证券,国信证券2020-08-12发布的报告研报摘要中含有超预期信息,2020-08-12,双汇发展：价格驱动业绩高增 肉制品销量恢复增利,"陈梦瑶,郭尉",6139000000.0000,,,,,,,,,,,,,,,,,,,,,,,,,,,2021-04-12 11:01:49,2021-04-12 11:01:49
000895.XSHE,2020-10-25,2020,q4,2101,安信证券,"安信证券2020-10-25发布的报告下调了该股盈利预测,分析师：苏铖,徐哲琪",2020-10-25,双汇发展：产品与营销加码 肉制品龙头再进一步,"苏铖,徐哲琪",6288000000.0000,2020-08-11,双汇发展：Q2表现亮眼 Q3稳健 公司经营渐入佳境,6290500000.0000,,,,,,,,,,,,,,,,,,,,,,,-0.0004,2021-04-12 11:01:49,2021-04-12 11:01:49
000895.XSHE,2020-10-28,2020,q4,2302,广发证券,广发证券2020-10-28发布的报告研报摘要中含有超预期信息,2020-10-28,双汇发展：公司经营持续改善 预计明年肉制品业务量利齐升,"王永锋,刘景瑜",6648000000.0000,,,,,,,,,,,,,,,,,,,,,,,,,,,2021-04-12 11:01:49,2021-04-12 11:01:49
000895.XSHE,2021-03-12,2020,q4,2302,东方证券,东方证券2021-03-12发布的报告研报摘要中含有超预期信息,2021-03-12,双汇发展：成本控制得力 改革效能释放 新一轮盈利周期开启,谢宁铃,6467000000.0000,,,,,,,,,,,,,,,,,,,,,,,,,,,2021-04-12 11:01:49,2021-04-12 11:01:49
000895.XSHE,2021-03-31,2020,q4,2405,,2021-03-31发布的财报中，4季度净利润增速低于机构的一致预期,,,,,,,,2021-03-31,financial_reports,,,,1317204834.5600,,,,-0.1186,,,,,,,,2021-03-30,,1607495541.8901,,,-0.1806,2021-04-12 11:01:49,2021-04-12 11:01:49
000895.XSHE,2021-03-31,2020,q4,2503,,2021-03-31发布的财报净利润同比增速低于2020一致预期同比增速,,,,,,,,2021-03-31,financial_reports,,,,1317204834.5600,,,,-0.1186,,,,,,,,2021-03-30,,1607495541.8901,,0.0756,-0.1942,2021-04-12 11:01:49,2021-04-12 11:01:49
000895.XSHE,2021-03-31,2021,q4,2101,中金公司,"中金公司2021-03-31发布的报告下调了该股盈利预测,分析师：陈文博",2021-03-31,双汇发展：2020稳健收官 看好公司中长期发展,陈文博,6624000000.0000,2020-10-28,双汇发展：3Q业绩稳健 看好竞争力和长期发展,7553000000.0000,,,,,,,,,,,,,,,,,,,,,,,-0.1230,2021-04-12 11:01:49,2021-04-12 11:01:49
000895.XSHE,2021-03-31,2021,q4,2101,兴业证券,"兴业证券2021-03-31发布的报告下调了该股盈利预测,分析师：赵国防,金含",2021-03-31,双汇发展：非经常性因素致#肉制品吨利回落 看好成本下行期的量利双增,"赵国防,金含",7150000000.0000,2020-10-28,双汇发展：屠宰修复超预期 看好肉制品成本下行后的量利均衡,7519000000.0000,,,,,,,,,,,,,,,,,,,,,,,-0.0491,2021-04-12 11:01:49,2021-04-12 11:01:49
000895.XSHE,2021-03-31,2021,q4,2101,浙商证券,"浙商证券2021-03-31发布的报告下调了该股盈利预测,分析师：邓晖",2021-03-31,双汇发展：年报业绩增长15% 肉制品结构升级进行时,邓晖,7253000000.0000,2020-10-28,双汇发展：肉制品产品结构持续优化 盈利端表现稳健,7279000000.0000,,,,,,,,,,,,,,,,,,,,,,,-0.0036,2021-04-12 11:01:49,2021-04-12 11:01:49
000895.XSHE,2021-03-31,2021,q4,2101,开源证券,"开源证券2021-03-31发布的报告下调了该股盈利预测,分析师：张宇光",2021-03-31,双汇发展：屠宰业务短期略承压 肉制品业务长期量利齐升,张宇光,7232000000.0000,2020-10-28,双汇发展：中外协同下屠宰稳步增长 肉制品业务释放弹性,7748000000.0000,,,,,,,,,,,,,,,,,,,,,,,-0.0666,2021-04-12 11:01:49,2021-04-12 11:01:49
000895.XSHE,2021-03-31,2021,q4,2102,广发证券,"广发证券2021-03-31发布的报告下调了该股盈利预测,分析师：王永锋,刘景瑜",2021-03-31,双汇发展：公司经营持续改善 21年肉制品销量有望加速增长,"王永锋,刘景瑜",6813000000.0000,2020-10-28,双汇发展：公司经营持续改善 预计明年肉制品业务量利齐升,7609000000.0000,,,,,,,,,,,,,,,,,,,,,,,-0.1046,2021-04-12 11:01:49,2021-04-12 11:01:49
000895.XSHE,2021-03-31,2021,q4,2302,广发证券,广发证券2021-03-31发布的报告研报摘要中含有超预期信息,2021-03-31,双汇发展：公司经营持续改善 21年肉制品销量有望加速增长,"王永锋,刘景瑜",6813000000.0000,,,,,,,,,,,,,,,,,,,,,,,,,,,2021-04-12 11:01:49,2021-04-12 11:01:49
000895.XSHE,2021-03-31,2021,q4,2302,开源证券,开源证券2021-03-31发布的报告研报摘要中含有超预期信息,2021-03-31,双汇发展：屠宰业务短期略承压 肉制品业务长期量利齐升,张宇光,7232000000.0000,,,,,,,,,,,,,,,,,,,,,,,,,,,2021-04-12 11:01:49,2021-04-12 11:01:49
000895.XSHE,2021-04-01,2021,q4,2101,东方证券,"东方证券2021-04-01发布的报告下调了该股盈利预测,分析师：谢宁铃",2021-04-01,双汇发展：20年业绩基本符合预期 强化营销、深化变革 肉制品龙头再出发,谢宁铃,6655000000.0000,2021-03-12,双汇发展：成本控制得力 改革效能释放 新一轮盈利周期开启,7452000000.0000,,,,,,,,,,,,,,,,,,,,,,,-0.1070,2021-04-12 11:01:49,2021-04-12 11:01:49
000895.XSHE,2021-04-01,2021,q4,2101,群益证券,"群益证券2021-04-01发布的报告下调了该股盈利预测,分析师：顾向君",2021-04-01,双汇发展：全年利润符合预期 猪价下行肉制品业务有望量利齐升,顾向君,7298000000.0000,2020-10-28,双汇发展：公布分红方案 品牌年轻化初见成效,7349000000.0000,,,,,,,,,,,,,,,,,,,,,,,-0.0069,2021-04-12 11:01:49,2021-04-12 11:01:49
000895.XSHE,2021-04-01,2021,q4,2102,华创证券,"华创证券2021-04-01发布的报告下调了该股盈利预测,分析师：欧阳予,范子盼,董广阳",2021-04-01,双汇发展：量增接力 换挡前行,"欧阳予,范子盼,董广阳",7014000000.0000,2020-10-28,双汇发展：肉制品量价齐升 安全边际已突出,7719000000.0000,,,,,,,,,,,,,,,,,,,,,,,-0.0913,2021-04-12 11:01:49,2021-04-12 11:01:49
000895.XSHE,2021-04-01,2021,q4,2302,东方证券,东方证券2021-04-01发布的报告研报摘要中含有超预期信息,2021-04-01,双汇发展：20年业绩基本符合预期 强化营销、深化变革 肉制品龙头再出发,谢宁铃,6655000000.0000,,,,,,,,,,,,,,,,,,,,,,,,,,,2021-04-12 11:01:49,2021-04-12 11:01:49
000895.XSHE,2021-04-02,2021,q4,2302,中银国际证券,中银国际证券2021-04-02发布的报告研报摘要中含有超预期信息,2021-04-02,双汇发展：屠宰业务盈利承压 肉制品结构调整加速,汤玮亮,6911000000.0000,,,,,,,,,,,,,,,,,,,,,,,,,,,2021-04-12 11:01:49,2021-04-12 11:01:49
000895.XSHE,2021-04-15,2021,q4,2101,中信证券,"中信证券2021-04-15发布的报告下调了该股盈利预测,分析师：薛缘",2021-04-15,双汇发展：2020年平稳过渡 改革加速,薛缘,6892000000.0000,2020-10-28,双汇发展：Q3业绩略超预期 变革与升级持续推进,7358000000.0000,,,,,,,,,,,,,,,,,,,,,,,-0.0633,2021-04-16 06:51:28,2021-04-16 06:51:28
000895.XSHE,2021-04-27,2021,q4,2101,方正证券,"方正证券2021-04-27发布的报告下调了该股盈利预测,分析师：薛玉虎,刘洁铭",2021-04-27,双汇发展：肉制品销量双位数增长 高基数下利润承压,"薛玉虎,刘洁铭",6580000000.0000,2021-03-30,双汇发展：四季度业绩承压 静待改革成效,6787000000.0000,,,,,,,,,,,,,,,,,,,,,,,-0.0305,2021-04-29 06:45:11,2021-04-29 06:45:11
000895.XSHE,2021-04-27,2021,q4,2102,安信证券,"安信证券2021-04-27发布的报告下调了该股盈利预测,分析师：苏铖,徐哲琪",2021-04-27,双汇发展：费用增加拖累盈利 长期破局可期,"苏铖,徐哲琪",6547400000.0000,2021-03-30,双汇发展：全年业绩稳增 2021Q1乐观,6906900000.0000,,,,,,,,,,,,,,,,,,,,,,,-0.0520,2021-04-29 06:45:11,2021-04-29 06:45:11
000895.XSHE,2021-04-28,2021,q1,2405,,2021-04-28发布的财报中，1季度净利润增速低于机构的一致预期,,,,,,,,2021-04-28,financial_reports,,,,1441074393.0400,,,,-0.0161,,,,,,,,2021-04-27,,1674390418.3156,,,-0.1393,2021-04-28 06:54:46,2021-04-28 06:54:46
000895.XSHE,2021-04-28,2021,q1,2501,,2021-04-28发布的财报净利润同比增速低于一致预期2021同比增速,,,,,,,,2021-04-28,financial_reports,,,1441074393.0400,,,-0.0161,,,,,,,,,,2021-04-27,7151570051.9704,,0.1432,,-0.1593,2021-04-28 06:54:46,2021-04-28 06:54:46
000895.XSHE,2021-04-28,2021,q1,2503,,2021-04-28发布的财报净利润同比增速低于2021一致预期同比增速,,,,,,,,2021-04-28,financial_reports,,,,1441074393.0400,,,,-0.0161,,,,,,,,2021-04-27,,1674390418.3156,,0.1432,-0.1593,2021-04-28 06:54:46,2021-04-28 06:54:46
000895.XSHE,2021-04-28,2021,q4,2101,兴业证券,"兴业证券2021-04-28发布的报告下调了该股盈利预测,分析师：赵国防,金含",2021-04-28,双汇发展：肉制品销量双位数增长 屠宰短期承压,"赵国防,金含",6587000000.0000,2021-03-31,双汇发展：非经常性因素致#肉制品吨利回落 看好成本下行期的量利双增,7150000000.0000,,,,,,,,,,,,,,,,,,,,,,,-0.0787,2021-04-28 14:48:06,2021-04-28 14:48:06
000895.XSHE,2021-04-28,2021,q4,2101,中银国际证券,"中银国际证券2021-04-28发布的报告下调了该股盈利预测,分析师：汤玮亮",2021-04-28,双汇发展：1Q21销量稳健增长 利润小幅下滑,汤玮亮,6757000000.0000,2021-04-02,双汇发展：屠宰业务盈利承压 肉制品结构调整加速,6911000000.0000,,,,,,,,,,,,,,,,,,,,,,,-0.0223,2021-04-30 07:01:48,2021-04-30 07:01:48
000895.XSHE,2021-04-28,2021,q4,2101,开源证券,"开源证券2021-04-28发布的报告下调了该股盈利预测,分析师：张宇光",2021-04-28,双汇发展：肉制品业务稳步增长 屠宰业务略有拖累,张宇光,6891000000.0000,2021-03-31,双汇发展：屠宰业务短期略承压 肉制品业务长期量利齐升,7232000000.0000,,,,,,,,,,,,,,,,,,,,,,,-0.0472,2021-04-28 14:48:06,2021-04-28 14:48:06
000895.XSHE,2021-04-28,2021,q4,2101,天风证券,"天风证券2021-04-28发布的报告下调了该股盈利预测,分析师：刘畅",2021-04-28,双汇发展：屠宰业绩承压 肉制品销量增速较快,刘畅,6398220000.0000,2021-04-01,双汇发展：猪价持续高企下业绩承压 结构升级加速公司转型,7020880000.0000,,,,,,,,,,,,,,,,,,,,,,,-0.0887,2021-04-29 12:42:55,2021-04-29 12:42:55
000895.XSHE,2021-04-28,2021,q4,2102,华创证券,"华创证券2021-04-28发布的报告下调了该股盈利预测,分析师：欧阳予,范子盼,董广阳",2021-04-28,双汇发展：优化激励 蓄力长远,"欧阳予,范子盼,董广阳",6329000000.0000,2021-04-01,双汇发展：量增接力 换挡前行,7014000000.0000,,,,,,,,,,,,,,,,,,,,,,,-0.0977,2021-04-29 06:45:11,2021-04-29 06:45:11
000895.XSHE,2021-04-28,2021,q4,2302,开源证券,开源证券2021-04-28发布的报告研报摘要中含有超预期信息,2021-04-28,双汇发展：肉制品业务稳步增长 屠宰业务略有拖累,张宇光,6891000000.0000,,,,,,,,,,,,,,,,,,,,,,,,,,,2021-04-28 14:48:06,2021-04-28 14:48:06
000895.XSHE,2021-08-12,2021,q4,2101,华泰证券,"华泰证券2021-08-12发布的报告下调了该股盈利预测,分析师：杨天明,冯鹤,张墨",2021-08-12,双汇发展：进口肉盈利收窄 静待屠宰量回升,"杨天明,冯鹤,张墨",5990000000.0000,2021-04-28,双汇发展：成本暂时承压 创新加渠道促销量增长,7757000000.0000,,,,,,,,,,,,,,,,,,,,,,,-0.2278,2021-08-13 12:43:45,2021-08-13 12:43:45
000895.XSHE,2021-08-12,2021,q4,2101,兴业证券,"兴业证券2021-08-12发布的报告下调了该股盈利预测,分析师：赵国防,金含",2021-08-12,双汇发展：短期经营承压 静待下半年业绩拐点,"赵国防,金含",5703000000.0000,2021-04-28,双汇发展：肉制品销量双位数增长 屠宰短期承压,6587000000.0000,,,,,,,,,,,,,,,,,,,,,,,-0.1342,2021-08-13 12:43:45,2021-08-13 12:43:45
000895.XSHE,2021-08-12,2021,q4,2101,方正证券,"方正证券2021-08-12发布的报告下调了该股盈利预测,分析师：薛玉虎,刘洁铭",2021-08-12,双汇发展：高基数下肉制品销量回落 猪价超预期下跌 生鲜肉业务承压,"薛玉虎,刘洁铭",5618000000.0000,2021-04-27,双汇发展：肉制品销量双位数增长 高基数下利润承压,6580000000.0000,,,,,,,,,,,,,,,,,,,,,,,-0.1462,2021-08-13 12:43:45,2021-08-13 12:43:45
000895.XSHE,2021-08-12,2021,q4,2102,申万宏源,"申万宏源2021-08-12发布的报告下调了该股盈利预测,分析师：周缘,吕昌",2021-08-12,双汇发展：短期业绩承压 长期趋势改善,"周缘,吕昌",5933000000.0000,2021-04-27,双汇发展：业绩符合预期 肉制品销量改善趋势明确,6553000000.0000,,,,,,,,,,,,,,,,,,,,,,,-0.0946,2021-08-14 06:58:20,2021-08-14 06:58:20
000895.XSHE,2021-08-13,2021,q2,2201,,近5个交易日内，该股一致预期净利润被大幅调低,,,,,,,,,,,,,,,,,,,,,,,2021-08-19,5681625000.0000,2021-08-12,6586916306.8212,,,,-0.1374,2022-04-15 09:32:55,2022-04-15 09:32:55
000895.XSHE,2021-08-13,2021,q2,2405,,2021-08-13发布的财报中，2季度净利润增速低于机构的一致预期,,,,,,,,2021-08-13,financial_reports,,,,1096018727.8000,,,,-0.3047,,,,,,,,2021-08-12,,1693083349.9742,,,-0.3526,2021-08-13 07:02:01,2021-08-13 07:02:01
000895.XSHE,2021-08-13,2021,q2,2501,,2021-08-13发布的财报净利润同比增速低于一致预期2021同比增速,,,,,,,,2021-08-13,financial_reports,,,2537093120.8400,,,-0.1657,,,,,,,,,,2021-08-12,6586916306.8212,,0.0530,,-0.2187,2021-08-13 07:02:01,2021-08-13 07:02:01
000895.XSHE,2021-08-13,2021,q2,2503,,2021-08-13发布的财报净利润同比增速低于2021一致预期同比增速,,,,,,,,2021-08-13,financial_reports,,,,1096018727.8000,,,,-0.3047,,,,,,,,2021-08-12,,1693083349.9742,,0.0741,-0.3788,2021-08-13 07:02:01,2021-08-13 07:02:01
000895.XSHE,2021-08-13,2021,q4,2101,民生证券,"民生证券2021-08-13发布的报告下调了该股盈利预测,分析师：于杰,熊航",2021-08-13,双汇发展：高基数及肉价下降为21H1业绩下滑主因,"于杰,熊航",6014000000.0000,2021-04-28,双汇发展：去年同期高基数下 21Q1业绩表现平稳,7156000000.0000,,,,,,,,,,,,,,,,,,,,,,,-0.1596,2021-08-13 12:43:45,2021-08-13 12:43:45
000895.XSHE,2021-08-13,2021,q4,2101,东方证券,"东方证券2021-08-13发布的报告下调了该股盈利预测,分析师：谢宁铃",2021-08-13,双汇发展：短期业绩承压 中期待屠宰量利回弹 长期看肉制品改革效益释放,谢宁铃,5471000000.0000,2021-04-01,双汇发展：20年业绩基本符合预期 强化营销、深化变革 肉制品龙头再出发,6655000000.0000,,,,,,,,,,,,,,,,,,,,,,,-0.1779,2021-08-16 06:57:40,2021-08-16 06:57:40
000895.XSHE,2021-08-13,2021,q4,2101,中银国际证券,"中银国际证券2021-08-13发布的报告下调了该股盈利预测,分析师：汤玮亮",2021-08-13,双汇发展：高基数叠加猪价下行超预期 1H21业绩下滑,汤玮亮,5420000000.0000,2021-04-28,双汇发展：1Q21销量稳健增长 利润小幅下滑,6757000000.0000,,,,,,,,,,,,,,,,,,,,,,,-0.1979,2021-08-14 06:58:20,2021-08-14 06:58:20
000895.XSHE,2021-08-13,2021,q4,2101,华安证券,"华安证券2021-08-13发布的报告下调了该股盈利预测,分析师：文献,王萌",2021-08-13,双汇发展：猪价快速下行影响业绩 展望下半年盈利回正,"文献,王萌",5546000000.0000,2021-05-05,双汇发展：肉制品业务打开成长空间 屠宰业务迎来行业变局,6496000000.0000,,,,,,,,,,,,,,,,,,,,,,,-0.1462,2021-08-14 06:58:20,2021-08-14 06:58:20
000895.XSHE,2021-08-13,2021,q4,2102,中金公司,"中金公司2021-08-13发布的报告下调了该股盈利预测,分析师：王文丹,黄佳媛,陈文博",2021-08-13,双汇发展：2Q21经营承压 关注2H21中国猪价,"王文丹,黄佳媛,陈文博",5984000000.0000,2021-04-28,双汇发展：肉制品销量亮眼 冻品利润承压,6628000000.0000,,,,,,,,,,,,,,,,,,,,,,,-0.0972,2021-08-14 06:58:20,2021-08-14 06:58:20
000895.XSHE,2021-08-13,2021,q4,2102,华创证券,"华创证券2021-08-13发布的报告下调了该股盈利预测,分析师：欧阳予,范子盼,董广阳",2021-08-13,双汇发展：Q2业绩承压 经营逐步调整,"欧阳予,范子盼,董广阳",5393000000.0000,2021-04-28,双汇发展：优化激励 蓄力长远,6329000000.0000,,,,,,,,,,,,,,,,,,,,,,,-0.1479,2021-08-14 06:58:20,2021-08-14 06:58:20
000895.XSHE,2021-08-13,2021,q4,2302,东方证券,东方证券2021-08-13发布的报告研报摘要中含有超预期信息,2021-08-13,双汇发展：短期业绩承压 中期待屠宰量利回弹 长期看肉制品改革效益释放,谢宁铃,5471000000.0000,,,,,,,,,,,,,,,,,,,,,,,,,,,2021-08-16 06:57:40,2021-08-16 06:57:40
000895.XSHE,2021-08-14,2021,q4,2101,开源证券,"开源证券2021-08-14发布的报告下调了该股盈利预测,分析师：张宇光",2021-08-14,双汇发展：业绩短期承压 长期猪价下行利润弹性大,张宇光,5978000000.0000,2021-04-28,双汇发展：肉制品业务稳步增长 屠宰业务略有拖累,6891000000.0000,,,,,,,,,,,,,,,,,,,,,,,-0.1325,2021-08-16 06:57:40,2021-08-16 06:57:40
000895.XSHE,2021-08-16,2021,q4,2101,中信证券,"中信证券2021-08-16发布的报告下调了该股盈利预测,分析师：薛缘",2021-08-16,双汇发展：短期利润承压 关注改善趋势,薛缘,5647000000.0000,2021-04-15,双汇发展：2020年平稳过渡 改革加速,6892000000.0000,,,,,,,,,,,,,,,,,,,,,,,-0.1806,2021-08-16 12:49:32,2021-08-16 12:49:32
000895.XSHE,2021-10-26,2021,q4,2101,民生证券,"民生证券2021-10-26发布的报告下调了该股盈利预测,分析师：王言海,熊航",2021-10-26,双汇发展：猪价短期大幅下跌冲击利润 长期经营仍稳健,"王言海,熊航",5056000000.0000,2021-08-13,双汇发展：高基数及肉价下降为21H1业绩下滑主因,6014000000.0000,,,,,,,,,,,,,,,,,,,,,,,-0.1593,2021-10-27 16:23:57,2021-10-27 16:23:57
000895.XSHE,2021-10-26,2021,q4,2101,方正证券,"方正证券2021-10-26发布的报告下调了该股盈利预测,分析师：薛玉虎,刘洁铭",2021-10-26,双汇发展：存货减值导致盈利下降 四季度有望好转,"薛玉虎,刘洁铭",4854000000.0000,2021-08-12,双汇发展：高基数下肉制品销量回落 猪价超预期下跌 生鲜肉业务承压,5618000000.0000,,,,,,,,,,,,,,,,,,,,,,,-0.1360,2021-10-28 08:29:58,2021-10-28 08:29:58
000895.XSHE,2021-10-26,2021,q4,2102,申万宏源,"申万宏源2021-10-26发布的报告下调了该股盈利预测,分析师：周缘,吕昌",2021-10-26,双汇发展：减值准备致利润承压 预计21Q4业绩拐点来临,"周缘,吕昌",4947000000.0000,2021-08-12,双汇发展：短期业绩承压 长期趋势改善,5933000000.0000,,,,,,,,,,,,,,,,,,,,,,,-0.1662,2021-10-27 13:22:02,2021-10-27 13:22:02
000895.XSHE,2021-10-27,2021,q3,2201,,近5个交易日内，该股一致预期净利润被大幅调低,,,,,,,,,,,,,,,,,,,,,,,2021-11-02,5097125000.0000,2021-10-26,6005235317.6695,,,,-0.1512,2021-11-03 07:49:35,2021-11-03 07:49:35
000895.XSHE,2021-10-27,2021,q3,2405,,2021-10-27发布的财报中，3季度净利润增速低于机构的一致预期,,,,,,,,2021-10-27,financial_reports,,,,915793807.3800,,,,-0.5173,,,,,,,,2021-10-26,,2047078970.2409,,,-0.5526,2021-10-27 08:08:28,2021-10-27 08:08:28
000895.XSHE,2021-10-27,2021,q3,2501,,2021-10-27发布的财报净利润同比增速低于一致预期2021同比增速,,,,,,,,2021-10-27,financial_reports,,,3452886928.2200,,,-0.3008,,,,,,,,,,2021-10-26,6005235317.6695,,-0.0400,,-0.2608,2021-10-27 08:08:28,2021-10-27 08:08:28
000895.XSHE,2021-10-27,2021,q3,2503,,2021-10-27发布的财报净利润同比增速低于2021一致预期同比增速,,,,,,,,2021-10-27,financial_reports,,,,915793807.3800,,,,-0.5173,,,,,,,,2021-10-26,,2047078970.2409,,0.0789,-0.5962,2021-10-27 08:08:28,2021-10-27 08:08:28
000895.XSHE,2021-10-27,2021,q4,2101,中金公司,"中金公司2021-10-27发布的报告下调了该股盈利预测,分析师：研究所",2021-10-27,双汇发展：3Q低猪价 公司计提冻品减值致使利润承压,研究所,5490000000.0000,2021-08-13,双汇发展：2Q21经营承压 关注2H21中国猪价,5984000000.0000,,,,,,,,,,,,,,,,,,,,,,,-0.0826,2021-10-28 08:29:58,2021-10-28 08:29:58
000895.XSHE,2021-10-27,2021,q4,2101,民生证券,"民生证券2021-10-27发布的报告下调了该股盈利预测,分析师：王言海,熊航",2021-10-27,双汇发展：猪价短期大幅下跌冲击利润 长期经营仍稳健,"王言海,熊航",5056000000.0000,2021-08-13,双汇发展：高基数及肉价下降为21H1业绩下滑主因,6014000000.0000,,,,,,,,,,,,,,,,,,,,,,,-0.1593,2022-10-19 13:57:50,2022-10-19 13:57:50
000895.XSHE,2021-10-27,2021,q4,2101,华泰证券,"华泰证券2021-10-27发布的报告下调了该股盈利预测,分析师：杨天明,冯鹤,张墨",2021-10-27,双汇发展：库存减值影响业绩 肉制品盈利同比增,"杨天明,冯鹤,张墨",4927000000.0000,2021-08-12,双汇发展：进口肉盈利收窄 静待屠宰量回升,5990000000.0000,,,,,,,,,,,,,,,,,,,,,,,-0.1775,2021-10-27 16:23:57,2021-10-27 16:23:57
000895.XSHE,2021-10-27,2021,q4,2101,兴业证券,"兴业证券2021-10-27发布的报告下调了该股盈利预测,分析师：赵国防,金含",2021-10-27,双汇发展：成本红利下肉制品吨利新高 冻品减值致屠宰承压,"赵国防,金含",5101000000.0000,2021-08-12,双汇发展：短期经营承压 静待下半年业绩拐点,5703000000.0000,,,,,,,,,,,,,,,,,,,,,,,-0.1056,2021-10-28 08:29:58,2021-10-28 08:29:58
000895.XSHE,2021-10-27,2021,q4,2101,中银国际证券,"中银国际证券2021-10-27发布的报告下调了该股盈利预测,分析师：汤玮亮",2021-10-27,双汇发展：库存减值影响短期利润 猪价低迷致营收下降,汤玮亮,4922000000.0000,2021-08-13,双汇发展：高基数叠加猪价下行超预期 1H21业绩下滑,5420000000.0000,,,,,,,,,,,,,,,,,,,,,,,-0.0919,2022-10-14 07:13:38,2022-10-14 07:13:38
000895.XSHE,2021-10-27,2021,q4,2101,开源证券,"开源证券2021-10-27发布的报告下调了该股盈利预测,分析师：张宇光,叶松霖",2021-10-27,双汇发展：利润短期承压 吨利提升 长期弹性大,"张宇光,叶松霖",5402000000.0000,2021-08-14,双汇发展：业绩短期承压 长期猪价下行利润弹性大,5978000000.0000,,,,,,,,,,,,,,,,,,,,,,,-0.0964,2021-10-28 11:46:13,2021-10-28 11:46:13
000895.XSHE,2021-10-27,2021,q4,2102,华创证券,"华创证券2021-10-27发布的报告下调了该股盈利预测,分析师：欧阳予,范子盼,董广阳",2021-10-27,双汇发展：减值拖累盈利 估值已有支撑,"欧阳予,范子盼,董广阳",4800000000.0000,2021-08-13,双汇发展：Q2业绩承压 经营逐步调整,5393000000.0000,,,,,,,,,,,,,,,,,,,,,,,-0.1100,2021-10-28 11:46:13,2021-10-28 11:46:13
000895.XSHE,2021-10-27,2021,q4,2302,中金公司,中金公司2021-10-27发布的报告研报摘要中含有超预期信息,2021-10-27,双汇发展：3Q低猪价 公司计提冻品减值致使利润承压,研究所,5490000000.0000,,,,,,,,,,,,,,,,,,,,,,,,,,,2021-10-28 08:29:58,2021-10-28 08:29:58
000895.XSHE,2021-10-28,2021,q4,2301,国泰君安,国泰君安2021-10-28发布的报告研报标题中含有超预期信息,2021-10-28,双汇发展：业绩虽低于预期 吨利有所恢复,"訾猛,姚世佳",5079000000.0000,,,,,,,,,,,,,,,,,,,,,,,,,,,2021-10-29 08:35:11,2021-10-29 08:35:11
000895.XSHE,2021-11-03,2021,q4,2101,中信证券,"中信证券2021-11-03发布的报告下调了该股盈利预测,分析师：薛缘",2021-11-03,双汇发展：冻品减值致使利润承压 关注Q4改善趋势,薛缘,4872000000.0000,2021-08-16,双汇发展：短期利润承压 关注改善趋势,5647000000.0000,,,,,,,,,,,,,,,,,,,,,,,-0.1372,2021-11-04 08:03:07,2021-11-04 08:03:07
000895.XSHE,2022-03-29,2021,q4,2405,,2022-03-29发布的财报中，4季度净利润增速低于机构的一致预期,,,,,,,,2022-03-29,financial_reports,,,,1413052746.1000,,,,0.0728,,,,,,,,2022-03-28,,1680621648.4151,,,-0.1592,2022-03-28 21:13:06,2022-03-28 21:13:06
000895.XSHE,2022-03-29,2021,q4,2503,,2022-03-29发布的财报净利润同比增速低于2021一致预期同比增速,,,,,,,,2022-03-29,financial_reports,,,,1413052746.1000,,,,0.0728,,,,,,,,2022-03-28,,1680621648.4151,,0.2759,-0.2031,2022-03-28 21:13:06,2022-03-28 21:13:06
000895.XSHE,2022-03-29,2022,q4,2101,中金公司,"中金公司2022-03-29发布的报告下调了该股盈利预测,分析师：王文丹,黄佳媛,陈文博",2022-03-29,双汇发展：4Q21肉制品吨利亮眼 料2022年公司受益于低成本录得盈利增长,"王文丹,黄佳媛,陈文博",6043000000.0000,2021-10-27,双汇发展：3Q低猪价 公司计提冻品减值致使利润承压,6540000000.0000,,,,,,,,,,,,,,,,,,,,,,,-0.0760,2022-03-29 15:42:26,2022-03-29 15:42:26
000895.XSHE,2022-03-29,2022,q4,2101,华泰证券,"华泰证券2022-03-29发布的报告下调了该股盈利预测,分析师：杨天明,冯鹤,张墨",2022-03-29,双汇发展：肉制品吨利增 生鲜有望量利齐升,"杨天明,冯鹤,张墨",6463000000.0000,2021-10-27,双汇发展：库存减值影响业绩 肉制品盈利同比增,6793000000.0000,,,,,,,,,,,,,,,,,,,,,,,-0.0486,2022-03-30 07:48:44,2022-03-30 07:48:44
000895.XSHE,2022-03-29,2022,q4,2101,开源证券,"开源证券2022-03-29发布的报告下调了该股盈利预测,分析师：张宇光,叶松霖",2022-03-29,双汇发展：业绩改善 量利齐升可期,"张宇光,叶松霖",6226000000.0000,2021-10-27,双汇发展：利润短期承压 吨利提升 长期弹性大,6646000000.0000,,,,,,,,,,,,,,,,,,,,,,,-0.0632,2022-03-30 07:48:44,2022-03-30 07:48:44
000895.XSHE,2022-03-29,2022,q4,2102,兴业证券,"兴业证券2022-03-29发布的报告下调了该股盈利预测,分析师：苏铖,金含",2022-03-29,双汇发展：肉制品吨利创新高 22年屠宰弹性大,"苏铖,金含",6086000000.0000,2021-10-27,双汇发展：成本红利下肉制品吨利新高 冻品减值致屠宰承压,6176000000.0000,,,,,,,,,,,,,,,,,,,,,,,-0.0146,2022-03-29 15:42:26,2022-03-29 15:42:26
000895.XSHE,2022-03-29,2022,q4,2302,中金公司,中金公司2022-03-29发布的报告研报摘要中含有超预期信息,2022-03-29,双汇发展：4Q21肉制品吨利亮眼 料2022年公司受益于低成本录得盈利增长,"王文丹,黄佳媛,陈文博",6043000000.0000,,,,,,,,,,,,,,,,,,,,,,,,,,,2022-03-29 15:42:26,2022-03-29 15:42:26
000895.XSHE,2022-04-22,2022,q4,2101,申万宏源,"申万宏源2022-04-22发布的报告下调了该股盈利预测,分析师：周缘,吕昌,曹欣之",2022-04-22,双汇发展：屠宰利润高增 肉制品吨利新高 22年迎来估值与业绩双击,"周缘,吕昌,曹欣之",6276000000.0000,2022-03-28,双汇发展：22年业绩改善 估值位处底部 维持买入,6377000000.0000,,,,,,,,,,,,,,,,,,,,,,,-0.0158,2022-04-25 11:13:25,2022-04-25 11:13:25
000895.XSHE,2022-04-27,2022,q1,2405,,2022-04-27发布的财报中，1季度净利润增速低于机构的一致预期,,,,,,,,2022-04-27,financial_reports,,,,1460456811.7100,,,,0.0134,,,,,,,,2022-04-26,,1857256677.7500,,,-0.2136,2022-04-27 07:42:51,2022-04-27 07:42:51
000895.XSHE,2022-04-27,2022,q1,2501,,2022-04-27发布的财报净利润同比增速低于一致预期2022同比增速,,,,,,,,2022-04-27,financial_reports,,,1460456811.7100,,,0.0134,,,,,,,,,,2022-04-26,6271358864.1985,,0.2888,,-0.2754,2022-04-27 07:42:51,2022-04-27 07:42:51
000895.XSHE,2022-04-27,2022,q1,2503,,2022-04-27发布的财报净利润同比增速低于2022一致预期同比增速,,,,,,,,2022-04-27,financial_reports,,,,1460456811.7100,,,,0.0134,,,,,,,,2022-04-26,,1857256677.7500,,0.2888,-0.2754,2022-04-27 07:42:51,2022-04-27 07:42:51
000895.XSHE,2022-04-27,2022,q4,2101,安信证券,"安信证券2022-04-27发布的报告下调了该股盈利预测,分析师：赵国防",2022-04-27,双汇发展：肉制品吨利创新高 利润弹性有望释放,赵国防,6077700000.0000,2022-03-29,双汇发展：21Q4稳步恢复 2022年弹性凸显,6658100000.0000,,,,,,,,,,,,,,,,,,,,,,,-0.0872,2022-04-28 13:52:05,2022-04-28 13:52:05
000895.XSHE,2022-04-27,2022,q4,2302,中金公司,中金公司2022-04-27发布的报告研报摘要中含有超预期信息,2022-04-27,双汇发展：1Q22肉制品吨利超4500元 料2022年利润存弹性,"王文丹,黄佳媛,陈文博",6043000000.0000,,,,,,,,,,,,,,,,,,,,,,,,,,,2022-04-28 08:19:28,2022-04-28 08:19:28
000895.XSHE,2022-04-27,2022,q4,2302,广发证券,广发证券2022-04-27发布的报告研报摘要中含有超预期信息,2022-04-27,双汇发展：成本红利释放 肉制品量、利有望较快增长,"王永锋,刘景瑜,高鸿",6055000000.0000,,,,,,,,,,,,,,,,,,,,,,,,,,,2022-04-29 09:20:05,2022-04-29 09:20:05
000895.XSHE,2022-05-04,2022,q4,2302,东方证券,东方证券2022-05-04发布的报告研报摘要中含有超预期信息,2022-05-04,双汇发展：Q1肉制品高吨利验证成本红利 Q2-Q3业绩将加速高增 持续推荐布局,谢宁铃,6296000000.0000,,,,,,,,,,,,,,,,,,,,,,,,,,,2022-05-08 13:27:56,2022-05-08 13:27:56
000895.XSHE,2022-05-09,2022,q4,2302,野村东方国际证券,野村东方国际证券2022-05-09发布的报告研报摘要中含有超预期信息,2022-05-09,双汇发展：吨利新高 业绩弹性有望稳步释放,研究所,6317000000.0000,,,,,,,,,,,,,,,,,,,,,,,,,,,2022-05-11 06:35:43,2022-05-11 06:35:43
000895.XSHE,2022-08-16,2022,q4,2101,申万宏源,"申万宏源2022-08-16发布的报告下调了该股盈利预测,分析师：周缘,吕昌",2022-08-16,双汇发展：22Q2业绩符合预期 22Q3业绩弹性加大 维持买入评级,"周缘,吕昌",6002000000.0000,2022-04-26,双汇发展：22Q1肉制品吨利超预期 22Q2将迎来业绩加速 维持买入评级,6276000000.0000,,,,,,,,,,,,,,,,,,,,,,,-0.0437,2022-08-17 14:50:56,2022-08-17 14:50:56
000895.XSHE,2022-08-16,2022,q4,2101,方正证券,"方正证券2022-08-16发布的报告下调了该股盈利预测,分析师：刘畅",2022-08-16,双汇发展：营收降速环比收窄 肉制品业务需求复苏显现,刘畅,6243000000.0000,2022-04-29,双汇发展：肉制品吨利再创新高 屠宰板块成本红利彰显,6389000000.0000,,,,,,,,,,,,,,,,,,,,,,,-0.0229,2022-08-18 06:58:18,2022-08-18 06:58:18
000895.XSHE,2022-08-16,2022,q4,2102,兴业证券,"兴业证券2022-08-16发布的报告下调了该股盈利预测,分析师：苏铖,金含",2022-08-16,双汇发展：Q2盈利相对稳健 Q3业绩弹性较大,"苏铖,金含",5821000000.0000,2022-04-27,双汇发展：肉制品吨利再创新高 Q2业绩加速可期,6298000000.0000,,,,,,,,,,,,,,,,,,,,,,,-0.0757,2022-08-18 06:58:18,2022-08-18 06:58:18
000895.XSHE,2022-08-17,2022,q2,2405,,2022-08-17发布的财报中，2季度净利润增速低于机构的一致预期,,,,,,,,2022-08-17,financial_reports,,,,1269918522.3400,,,,0.1587,,,,,,,,2022-08-16,,1529603736.5177,,,-0.1698,2022-08-17 07:06:29,2022-08-17 07:06:29
000895.XSHE,2022-08-17,2022,q2,2501,,2022-08-17发布的财报净利润同比增速低于一致预期2022同比增速,,,,,,,,2022-08-17,financial_reports,,,2730375334.0500,,,0.0762,,,,,,,,,,2022-08-16,6240084469.1631,,0.2824,,-0.2062,2022-08-17 07:06:29,2022-08-17 07:06:29
000895.XSHE,2022-08-17,2022,q2,2503,,2022-08-17发布的财报净利润同比增速低于2022一致预期同比增速,,,,,,,,2022-08-17,financial_reports,,,,1269918522.3400,,,,0.1587,,,,,,,,2022-08-16,,1529603736.5177,,0.3956,-0.2369,2022-08-17 07:06:29,2022-08-17 07:06:29
000895.XSHE,2022-08-17,2022,q4,2101,中金公司,"中金公司2022-08-17发布的报告下调了该股盈利预测,分析师：王文丹,黄佳媛,陈文博",2022-08-17,双汇发展：2Q22业绩略低于预期 2H22业绩料稳健,"王文丹,黄佳媛,陈文博",5758000000.0000,2022-04-27,双汇发展：1Q22肉制品吨利超4500元 料2022年利润存弹性,6043000000.0000,,,,,,,,,,,,,,,,,,,,,,,-0.0472,2022-08-17 14:50:56,2022-08-17 14:50:56
000895.XSHE,2022-08-17,2022,q4,2101,国海证券,"国海证券2022-08-17发布的报告下调了该股盈利预测,分析师：薛玉虎,刘洁铭",2022-08-17,双汇发展：猪价超预期上涨短期影响利润 期待下半年释放弹性,"薛玉虎,刘洁铭",5710560000.0000,2022-05-12,双汇发展：产业链优势突出 竞争地位稳固 盈利拐点显现,6012000000.0000,,,,,,,,,,,,,,,,,,,,,,,-0.0501,2022-08-18 06:58:18,2022-08-18 06:58:18
000895.XSHE,2022-08-17,2022,q4,2101,东方证券,"东方证券2022-08-17发布的报告下调了该股盈利预测,分析师：谢宁铃",2022-08-17,双汇发展：猪价激增影响利润 全年业绩弹性可期,谢宁铃,5817000000.0000,2022-05-04,双汇发展：Q1肉制品高吨利验证成本红利 Q2-Q3业绩将加速高增 持续推荐布局,6296000000.0000,,,,,,,,,,,,,,,,,,,,,,,-0.0761,2022-08-18 12:15:06,2022-08-18 12:15:06
000895.XSHE,2022-08-17,2022,q4,2101,中信建投,"中信建投2022-08-17发布的报告下调了该股盈利预测,分析师：安雅泽,菅成广",2022-08-17,双汇发展：2022Q2疫情拖累销量 下半年有望回升,"安雅泽,菅成广",5832160000.0000,2022-04-27,双汇发展：成本红利凸显 业绩弹性将逐步释放,6292160000.0000,,,,,,,,,,,,,,,,,,,,,,,-0.0731,2022-08-18 06:58:18,2022-08-18 06:58:18
000895.XSHE,2022-08-17,2022,q4,2101,安信证券,"安信证券2022-08-17发布的报告下调了该股盈利预测,分析师：赵国防",2022-08-17,双汇发展：肉制品吨利回落 屠宰利润弹性加速释放,赵国防,5959300000.0000,2022-04-27,双汇发展：肉制品吨利创新高 利润弹性有望释放,6077700000.0000,,,,,,,,,,,,,,,,,,,,,,,-0.0195,2022-08-18 06:58:18,2022-08-18 06:58:18
000895.XSHE,2022-08-17,2022,q4,2101,开源证券,"开源证券2022-08-17发布的报告下调了该股盈利预测,分析师：张宇光,叶松霖",2022-08-17,双汇发展：屠宰业务扭亏 全年吨利预计可维持高位,"张宇光,叶松霖",5992000000.0000,2022-04-27,双汇发展：纯屠宰持续恢复 肉制品吨利提升,6226000000.0000,,,,,,,,,,,,,,,,,,,,,,,-0.0376,2022-08-18 13:51:44,2022-08-18 13:51:44
000895.XSHE,2022-08-17,2022,q4,2102,广发证券,"广发证券2022-08-17发布的报告下调了该股盈利预测,分析师：王永锋,刘景瑜,高鸿",2022-08-17,双汇发展：肉制品吨利维持高位 业绩弹性有望逐步释放,"王永锋,刘景瑜,高鸿",5818000000.0000,2022-04-27,双汇发展：成本红利释放 肉制品量、利有望较快增长,6055000000.0000,,,,,,,,,,,,,,,,,,,,,,,-0.0391,2022-08-19 08:21:52,2022-08-19 08:21:52
000895.XSHE,2022-08-17,2022,q4,2301,中金公司,中金公司2022-08-17发布的报告研报标题中含有超预期信息,2022-08-17,双汇发展：2Q22业绩略低于预期 2H22业绩料稳健,"王文丹,黄佳媛,陈文博",5758000000.0000,,,,,,,,,,,,,,,,,,,,,,,,,,,2022-08-17 14:50:56,2022-08-17 14:50:56
000895.XSHE,2022-08-17,2022,q4,2302,中金公司,中金公司2022-08-17发布的报告研报摘要中含有超预期信息,2022-08-17,双汇发展：2Q22业绩略低于预期 2H22业绩料稳健,"王文丹,黄佳媛,陈文博",5758000000.0000,,,,,,,,,,,,,,,,,,,,,,,,,,,2022-08-17 14:50:56,2022-08-17 14:50:56
000895.XSHE,2022-08-17,2022,q4,2302,广发证券,广发证券2022-08-17发布的报告研报摘要中含有超预期信息,2022-08-17,双汇发展：肉制品吨利维持高位 业绩弹性有望逐步释放,"王永锋,刘景瑜,高鸿",5818000000.0000,,,,,,,,,,,,,,,,,,,,,,,,,,,2022-08-19 08:21:52,2022-08-19 08:21:52
000895.XSHE,2022-08-18,2022,q4,2101,中信证券,"中信证券2022-08-18发布的报告下调了该股盈利预测,分析师：薛缘",2022-08-18,双汇发展：疫情扰动经营 H2望环比改善,薛缘,5920000000.0000,2022-03-30,双汇发展：21Q4如期改善 22年弹性可期,6344000000.0000,,,,,,,,,,,,,,,,,,,,,,,-0.0668,2022-08-19 08:21:52,2022-08-19 08:21:52
000895.XSHE,2022-08-18,2022,q4,2302,中信证券,中信证券2022-08-18发布的报告研报摘要中含有超预期信息,2022-08-18,双汇发展：疫情扰动经营 H2望环比改善,薛缘,5920000000.0000,,,,,,,,,,,,,,,,,,,,,,,,,,,2022-08-19 08:21:52,2022-08-19 08:21:52
000895.XSHE,2022-08-19,2022,q4,2101,华泰证券,"华泰证券2022-08-19发布的报告下调了该股盈利预测,分析师：冯鹤,冯源",2022-08-19,双汇发展：盈利能力提升 肉制品加速转型,"冯鹤,冯源",6045000000.0000,2022-04-27,双汇发展：肉制品吨利创新高 屠宰量大幅提升,6463000000.0000,,,,,,,,,,,,,,,,,,,,,,,-0.0647,2022-08-19 14:01:08,2022-08-19 14:01:08
000895.XSHE,2022-08-19,2022,q4,2101,野村东方国际证券,"野村东方国际证券2022-08-19发布的报告下调了该股盈利预测,分析师：研究所",2022-08-19,双汇发展：疫情影响销量 下半年盈利具备弹性,研究所,5935000000.0000,2022-05-09,双汇发展：吨利新高 业绩弹性有望稳步释放,6317000000.0000,,,,,,,,,,,,,,,,,,,,,,,-0.0605,2022-08-23 07:18:37,2022-08-23 07:18:37
000895.XSHE,2022-08-19,2022,q4,2302,野村东方国际证券,野村东方国际证券2022-08-19发布的报告研报摘要中含有超预期信息,2022-08-19,双汇发展：疫情影响销量 下半年盈利具备弹性,研究所,5935000000.0000,,,,,,,,,,,,,,,,,,,,,,,,,,,2022-08-23 07:18:37,2022-08-23 07:18:37
000895.XSHE,2022-10-25,2022,q4,2101,申万宏源,"申万宏源2022-10-25发布的报告下调了该股盈利预测,分析师：周缘,吕昌",2022-10-25,双汇发展：22Q3释放冻肉利润 业绩实现高增 维持买入评级,"周缘,吕昌",5576000000.0000,2022-08-16,双汇发展：22Q2业绩符合预期 22Q3业绩弹性加大 维持买入评级,6002000000.0000,,,,,,,,,,,,,,,,,,,,,,,-0.0710,2022-10-26 15:31:24,2022-10-26 15:31:24
000895.XSHE,2022-10-26,2022,q3,2501,,2022-10-26发布的财报净利润同比增速低于一致预期2022同比增速,,,,,,,,2022-10-26,financial_reports,,,4065709842.0000,,,0.1775,,,,,,,,,,2022-10-25,6022071946.4211,,0.2376,,-0.0601,2022-10-26 08:21:45,2022-10-26 08:21:45
000895.XSHE,2022-10-26,2022,q4,2101,安信证券,"安信证券2022-10-26发布的报告下调了该股盈利预测,分析师：赵国防",2022-10-26,双汇发展：肉制品吨利小幅下滑 冻品库存释放业绩弹性,赵国防,5653000000.0000,2022-08-17,双汇发展：肉制品吨利回落 屠宰利润弹性加速释放,5959300000.0000,,,,,,,,,,,,,,,,,,,,,,,-0.0514,2022-10-27 08:44:48,2022-10-27 08:44:48
000895.XSHE,2022-10-26,2022,q4,2102,广发证券,"广发证券2022-10-26发布的报告下调了该股盈利预测,分析师：王永锋,刘景瑜,高鸿",2022-10-26,双汇发展：屠宰业务同比扭亏 业绩弹性有望释放,"王永锋,刘景瑜,高鸿",5612000000.0000,2022-08-17,双汇发展：肉制品吨利维持高位 业绩弹性有望逐步释放,5818000000.0000,,,,,,,,,,,,,,,,,,,,,,,-0.0354,2022-10-27 08:44:48,2022-10-27 08:44:48
000895.XSHE,2022-10-26,2022,q4,2102,兴业证券,"兴业证券2022-10-26发布的报告下调了该股盈利预测,分析师：苏铖,金含",2022-10-26,双汇发展：冻肉贡献利润弹性 肉制品吨利有所回落,"苏铖,金含",5488000000.0000,2022-08-16,双汇发展：Q2盈利相对稳健 Q3业绩弹性较大,5821000000.0000,,,,,,,,,,,,,,,,,,,,,,,-0.0572,2022-10-27 08:44:48,2022-10-27 08:44:48
000895.XSHE,2022-10-26,2022,q4,2302,中金公司,中金公司2022-10-26发布的报告研报摘要中含有超预期信息,2022-10-26,双汇发展：3Q22业绩符合预期 国产冻肉利润亮眼,"王文丹,陈文博,黄佳媛",5758000000.0000,,,,,,,,,,,,,,,,,,,,,,,,,,,2022-10-27 08:44:48,2022-10-27 08:44:48
000895.XSHE,2022-10-27,2022,q4,2101,国海证券,"国海证券2022-10-27发布的报告下调了该股盈利预测,分析师：薛玉虎,刘洁铭",2022-10-27,双汇发展：业绩符合预期 冻肉储备贡献业绩弹性,"薛玉虎,刘洁铭",5500000000.0000,2022-08-17,双汇发展：猪价超预期上涨短期影响利润 期待下半年释放弹性,5710560000.0000,,,,,,,,,,,,,,,,,,,,,,,-0.0369,2022-10-29 09:17:49,2022-10-29 09:17:49
000895.XSHE,2022-10-27,2022,q4,2101,中信证券,"中信证券2022-10-27发布的报告下调了该股盈利预测,分析师：薛缘",2022-10-27,双汇发展：屠宰业务释放弹性 持续完善产业链布局,薛缘,5608000000.0000,2022-08-18,双汇发展：疫情扰动经营 H2望环比改善,5920000000.0000,,,,,,,,,,,,,,,,,,,,,,,-0.0527,2022-10-27 15:53:30,2022-10-27 15:53:30
000895.XSHE,2022-10-27,2022,q4,2101,方正证券,"方正证券2022-10-27发布的报告下调了该股盈利预测,分析师：刘畅",2022-10-27,双汇发展：库存释放业绩弹性 多产业链布局提升综合竞争力,刘畅,5676000000.0000,2022-08-16,双汇发展：营收降速环比收窄 肉制品业务需求复苏显现,6243000000.0000,,,,,,,,,,,,,,,,,,,,,,,-0.0908,2022-10-31 08:13:47,2022-10-31 08:13:47
000895.XSHE,2022-10-27,2022,q4,2101,开源证券,"开源证券2022-10-27发布的报告下调了该股盈利预测,分析师：张宇光,叶松霖",2022-10-27,双汇发展：屠宰冻品利润释放 肉制品吨利略降,"张宇光,叶松霖",5608000000.0000,2022-08-17,双汇发展：屠宰业务扭亏 全年吨利预计可维持高位,5992000000.0000,,,,,,,,,,,,,,,,,,,,,,,-0.0641,2022-10-28 09:34:24,2022-10-28 09:34:24
000895.XSHE,2022-10-30,2022,q4,2101,华泰证券,"华泰证券2022-10-30发布的报告下调了该股盈利预测,分析师：冯鹤,冯源",2022-10-30,双汇发展：冻品增厚盈利 肉制品加速转型,"冯鹤,冯源",5701000000.0000,2022-08-19,双汇发展：盈利能力提升 肉制品加速转型,6045000000.0000,,,,,,,,,,,,,,,,,,,,,,,-0.0569,2022-11-03 07:20:11,2022-11-03 07:20:11
000895.XSHE,2022-10-31,2022,q4,2101,东方证券,"东方证券2022-10-31发布的报告下调了该股盈利预测,分析师：谢宁铃",2022-10-31,双汇发展：业绩如期高增 改善有望延续,谢宁铃,5568000000.0000,2022-08-17,双汇发展：猪价激增影响利润 全年业绩弹性可期,5817000000.0000,,,,,,,,,,,,,,,,,,,,,,,-0.0428,2022-11-04 07:10:21,2022-11-04 07:10:21
000895.XSHE,2022-10-31,2022,q4,2302,东方证券,东方证券2022-10-31发布的报告研报摘要中含有超预期信息,2022-10-31,双汇发展：业绩如期高增 改善有望延续,谢宁铃,5568000000.0000,,,,,,,,,,,,,,,,,,,,,,,,,,,2022-11-04 07:10:21,2022-11-04 07:10:21
000895.XSHE,2022-12-05,2022,q4,2302,海通国际,海通国际2022-12-05发布的报告研报摘要中含有超预期信息,2022-12-05,双汇发展：猪价震荡下行 业绩迎来底部反转,"胡世炜,闻宏伟",5637000000.0000,,,,,,,,,,,,,,,,,,,,,,,,,,,2022-12-06 15:28:36,2022-12-06 15:28:36
000895.XSHE,2023-03-29,2022,q4,2405,,2023-03-29发布的财报中，4季度净利润增速低于机构的一致预期,,,,,,,,2023-03-29,financial_reports,,,,1555175828.8000,,,,0.1006,,,,,,,,2023-03-28,,1647902112.5018,,,-0.0563,2023-03-29 07:02:54,2023-03-29 07:02:54
000895.XSHE,2023-03-29,2022,q4,2503,,2023-03-29发布的财报净利润同比增速低于2022一致预期同比增速,,,,,,,,2023-03-29,financial_reports,,,,1555175828.8000,,,,0.1006,,,,,,,,2023-03-28,,1647902112.5018,,0.1662,-0.0656,2023-03-29 07:02:54,2023-03-29 07:02:54
000895.XSHE,2023-03-29,2023,q4,2101,中金公司,"中金公司2023-03-29发布的报告下调了该股盈利预测,分析师：王文丹,陈文博,黄佳媛",2023-03-29,双汇发展：4Q22业绩符合预期 肉制品销量亮眼,"王文丹,陈文博,黄佳媛",5653000000.0000,2022-10-26,双汇发展：3Q22业绩符合预期 国产冻肉利润亮眼,5916000000.0000,,,,,,,,,,,,,,,,,,,,,,,-0.0445,2023-03-30 15:47:11,2023-03-30 15:47:11
000895.XSHE,2023-03-29,2023,q4,2101,国元证券,"国元证券2023-03-29发布的报告下调了该股盈利预测,分析师：邓晖,朱宇昊,袁帆",2023-03-29,双汇发展：业绩增16% 结构升级加速,"邓晖,朱宇昊,袁帆",6125870000.0000,2023-02-19,双汇发展：做好肉 唯热爱 可抵岁月漫长,6125910000.0000,,,,,,,,,,,,,,,,,,,,,,,0.0000,2023-03-31 10:13:36,2023-03-31 10:13:36
000895.XSHE,2023-03-29,2023,q4,2302,中金公司,中金公司2023-03-29发布的报告研报摘要中含有超预期信息,2023-03-29,双汇发展：4Q22业绩符合预期 肉制品销量亮眼,"王文丹,陈文博,黄佳媛",5653000000.0000,,,,,,,,,,,,,,,,,,,,,,,,,,,2023-03-30 15:47:11,2023-03-30 15:47:11
000895.XSHE,2023-04-26,2023,q1,2405,,2023-04-26发布的财报中，1季度净利润增速低于机构的一致预期,,,,,,,,2023-04-26,financial_reports,,,,1488153816.4000,,,,0.0190,,,,,,,,2023-04-25,,1581820772.7631,,,-0.0592,2023-04-26 07:54:17,2023-04-26 07:54:17
000895.XSHE,2023-04-26,2023,q1,2501,,2023-04-26发布的财报净利润同比增速低于一致预期2023同比增速,,,,,,,,2023-04-26,financial_reports,,,1488153816.4000,,,0.0190,,,,,,,,,,2023-04-25,6087866941.5800,,0.0831,,-0.0641,2023-04-26 07:54:17,2023-04-26 07:54:17
000895.XSHE,2023-04-26,2023,q1,2503,,2023-04-26发布的财报净利润同比增速低于2023一致预期同比增速,,,,,,,,2023-04-26,financial_reports,,,,1488153816.4000,,,,0.0190,,,,,,,,2023-04-25,,1581820772.7631,,0.0831,-0.0641,2023-04-26 07:54:17,2023-04-26 07:54:17
000895.XSHE,2023-04-26,2023,q4,2101,国元证券,"国元证券2023-04-26发布的报告下调了该股盈利预测,分析师：邓晖,朱宇昊,袁帆",2023-04-26,双汇发展：Q1收入增14% 屠宰利润率提升,"邓晖,朱宇昊,袁帆",6029230000.0000,2023-03-29,双汇发展：业绩增16% 结构升级加速,6125870000.0000,,,,,,,,,,,,,,,,,,,,,,,-0.0158,2023-04-27 08:15:16,2023-04-27 08:15:16
000895.XSHE,2023-04-26,2023,q4,2102,广发证券,"广发证券2023-04-26发布的报告下调了该股盈利预测,分析师：王永锋,刘景瑜,高鸿",2023-04-26,双汇发展：需求稳步回暖 屠宰利润率逐季提升,"王永锋,刘景瑜,高鸿",5944000000.0000,2023-03-29,双汇发展：需求逐步回暖 加快多元化产品布局,6116000000.0000,,,,,,,,,,,,,,,,,,,,,,,-0.0281,2023-05-15 06:32:33,2023-05-15 06:32:33
000895.XSHE,2023-04-26,2023,q4,2302,广发证券,广发证券2023-04-26发布的报告研报摘要中含有超预期信息,2023-04-26,双汇发展：需求稳步回暖 屠宰利润率逐季提升,"王永锋,刘景瑜,高鸿",5944000000.0000,,,,,,,,,,,,,,,,,,,,,,,,,,,2023-05-15 06:32:33,2023-05-15 06:32:33
000895.XSHE,2023-04-27,2023,q4,2101,中信证券,"中信证券2023-04-27发布的报告下调了该股盈利预测,分析师：薛缘,顾训丁",2023-04-27,双汇发展：业绩符合预期 稳健表现望延续,"薛缘,顾训丁",6016000000.0000,2023-03-30,双汇发展：2022业绩如期改善 2023望延续稳健增长,6020000000.0000,,,,,,,,,,,,,,,,,,,,,,,-0.0007,2023-04-27 15:19:10,2023-04-27 15:19:10
000895.XSHE,2023-04-27,2023,q4,2302,中金公司,中金公司2023-04-27发布的报告研报摘要中含有超预期信息,2023-04-27,双汇发展：1Q23业绩符合预期 公司盈利稳健,"王文丹,陈文博,黄佳媛",5653000000.0000,,,,,,,,,,,,,,,,,,,,,,,,,,,2023-04-28 08:14:48,2023-04-28 08:14:48
000895.XSHE,2023-05-21,2023,q4,2302,东方证券,东方证券2023-05-21发布的报告研报摘要中含有超预期信息,2023-05-21,双汇发展：需求稳步恢复 屠宰利润提升,谢宁铃,6053000000.0000,,,,,,,,,,,,,,,,,,,,,,,,,,,2023-05-22 12:25:56,2023-05-22 12:25:56
000895.XSHE,2023-08-16,2023,q2,2405,,2023-08-16发布的财报中，2季度净利润增速低于机构的一致预期,,,,,,,,2023-08-16,financial_reports,,,,1348523081.3200,,,,0.0619,,,,,,,,2023-08-15,,1377353629.3300,,,-0.0209,2023-08-16 06:36:39,2023-08-16 06:36:39
000895.XSHE,2023-08-16,2023,q2,2501,,2023-08-16发布的财报净利润同比增速低于一致预期2023同比增速,,,,,,,,2023-08-16,financial_reports,,,2836676897.7200,,,0.0389,,,,,,,,,,2023-08-15,6000709694.0900,,0.0676,,-0.0286,2023-08-16 06:36:39,2023-08-16 06:36:39
000895.XSHE,2023-08-16,2023,q2,2503,,2023-08-16发布的财报净利润同比增速低于2023一致预期同比增速,,,,,,,,2023-08-16,financial_reports,,,,1348523081.3200,,,,0.0619,,,,,,,,2023-08-15,,1377353629.3300,,0.0846,-0.0227,2023-08-16 06:36:39,2023-08-16 06:36:39
000895.XSHE,2023-08-16,2023,q4,2101,广发证券,"广发证券2023-08-16发布的报告下调了该股盈利预测,分析师：王永锋,刘景瑜,高鸿",2023-08-16,双汇发展：23Q2需求平稳复苏 盈利能力同比提升,"王永锋,刘景瑜,高鸿",5943000000.0000,2023-04-26,双汇发展：需求稳步回暖 屠宰利润率逐季提升,5944000000.0000,,,,,,,,,,,,,,,,,,,,,,,-0.0002,2023-08-17 13:16:09,2023-08-17 13:16:09
000895.XSHE,2023-08-16,2023,q4,2101,东方证券,"东方证券2023-08-16发布的报告下调了该股盈利预测,分析师：谢宁铃,朱雨涵",2023-08-16,双汇发展半年报点评：业绩稳健增长 高股息率延续,"谢宁铃,朱雨涵",5899000000.0000,2023-05-21,双汇发展：需求稳步恢复 屠宰利润提升,6053000000.0000,,,,,,,,,,,,,,,,,,,,,,,-0.0254,2023-08-17 12:17:29,2023-08-17 12:17:29
000895.XSHE,2023-08-16,2023,q4,2101,华创证券,"华创证券2023-08-16发布的报告下调了该股盈利预测,分析师：欧阳予,范子盼,董广阳",2023-08-16,双汇发展：经营更趋稳健 高股息率突出,"欧阳予,范子盼,董广阳",5916000000.0000,2023-04-26,双汇发展：肉制品量价齐升 经营稳健向好,6137000000.0000,,,,,,,,,,,,,,,,,,,,,,,-0.0360,2023-08-17 06:29:31,2023-08-17 06:29:31
000895.XSHE,2023-08-16,2023,q4,2102,广发证券,"广发证券2023-08-16发布的报告下调了该股盈利预测,分析师：王永锋,刘景瑜,高鸿",2023-08-16,双汇发展：23Q2需求平稳复苏 盈利能力同比提升,"王永锋,刘景瑜,高鸿",5943000000.0000,2023-04-26,双汇发展：需求稳步回暖 屠宰利润率逐季提升,5944000000.0000,,,,,,,,,,,,,,,,,,,,,,,-0.0002,2023-08-17 15:14:57,2023-08-17 15:14:57
000895.XSHE,2023-08-16,2023,q4,2102,兴业证券,"兴业证券2023-08-16发布的报告下调了该股盈利预测,分析师：金含",2023-08-16,双汇发展：业绩稳健增长 中期高分红,金含,5862000000.0000,2023-04-26,双汇发展：肉制品销量稳健增长 屠宰盈利表现较好,5962000000.0000,,,,,,,,,,,,,,,,,,,,,,,-0.0168,2023-08-16 13:15:57,2023-08-16 13:15:57
000895.XSHE,2023-08-16,2023,q4,2102,华创证券,"华创证券2023-08-16发布的报告下调了该股盈利预测,分析师：欧阳予,范子盼,董广阳",2023-08-16,双汇发展2023年半年报点评：经营更趋稳健 高股息率突出,"欧阳予,范子盼,董广阳",5916000000.0000,2023-04-26,双汇发展：肉制品量价齐升 经营稳健向好,6137000000.0000,,,,,,,,,,,,,,,,,,,,,,,-0.0360,2023-08-17 10:36:31,2023-08-17 10:36:31
000895.XSHE,2023-08-16,2023,q4,2302,中金公司,中金公司2023-08-16发布的报告研报摘要中含有超预期信息,2023-08-16,双汇发展：2Q23业绩略好于预期 肉制品销量保持增长,"王文丹,陈文博,武雨欣",5653000000.0000,,,,,,,,,,,,,,,,,,,,,,,,,,,2023-08-16 13:15:57,2023-08-16 13:15:57
000895.XSHE,2023-08-16,2023,q4,2302,广发证券,广发证券2023-08-16发布的报告研报摘要中含有超预期信息,2023-08-16,双汇发展：23Q2需求平稳复苏 盈利能力同比提升,"王永锋,刘景瑜,高鸿",5943000000.0000,,,,,,,,,,,,,,,,,,,,,,,,,,,2023-08-17 15:14:57,2023-08-17 15:14:57
000895.XSHE,2023-08-16,2023,q4,2302,东方证券,东方证券2023-08-16发布的报告研报摘要中含有超预期信息,2023-08-16,双汇发展半年报点评：业绩稳健增长 高股息率延续,"谢宁铃,朱雨涵",5899000000.0000,,,,,,,,,,,,,,,,,,,,,,,,,,,2023-08-17 12:17:29,2023-08-17 12:17:29
000895.XSHE,2023-08-18,2023,q4,2101,国元证券,"国元证券2023-08-18发布的报告下调了该股盈利预测,分析师：邓晖,朱宇昊,袁帆",2023-08-18,双汇发展半年报点评：上半年销量增7% 收入增9%,"邓晖,朱宇昊,袁帆",5933720000.0000,2023-04-26,双汇发展：Q1收入增14% 屠宰利润率提升,6029230000.0000,,,,,,,,,,,,,,,,,,,,,,,-0.0158,2023-08-22 11:07:42,2023-08-22 11:07:42
000895.XSHE,2023-10-25,2023,q3,2501,,2023-10-25发布的财报净利润同比增速低于一致预期2023同比增速,,,,,,,,2023-10-25,financial_reports,,,4327222307.8500,,,0.0643,,,,,,,,,,2023-10-24,5991996620.2906,,0.0660,,-0.0017,2023-10-25 06:42:40,2023-10-25 06:42:40
000895.XSHE,2023-10-25,2023,q4,2102,华创证券,"华创证券2023-10-25发布的报告下调了该股盈利预测,分析师：欧阳予,范子盼,董广阳",2023-10-25,双汇发展2023年三季报点评：经营稳健向好 吨利再创新高,"欧阳予,范子盼,董广阳",5911000000.0000,2023-08-16,双汇发展2023年半年报点评：经营更趋稳健 高股息率突出,5916000000.0000,,,,,,,,,,,,,,,,,,,,,,,-0.0008,2023-10-26 12:27:10,2023-10-26 12:27:10
000895.XSHE,2023-10-26,2023,q4,2101,开源证券,"开源证券2023-10-26发布的报告下调了该股盈利预测,分析师：张宇光,叶松霖",2023-10-26,双汇发展信息更新报告：屠宰业务略承压 肉制品业务快速增长,"张宇光,叶松霖",5987000000.0000,2023-08-17,双汇发展公司信息更新：真实屠宰利润较好 肉制品持续优化,6114000000.0000,,,,,,,,,,,,,,,,,,,,,,,-0.0208,2023-10-27 07:57:03,2023-10-27 07:57:03
000895.XSHE,2024-03-04,2023,q4,2101,中信证券,"中信证券2024-03-04发布的报告下调了该股盈利预测,分析师：顾训丁,汤学章",2024-03-04,双汇发展深度跟踪报告：优质高股息龙头 稳健趋势望延续,"顾训丁,汤学章",5577000000.0000,2023-10-26,双汇发展2023年三季报点评：业绩延续稳健表现 肉制品吨利提升亮眼,6016000000.0000,,,,,,,,,,,,,,,,,,,,,,,-0.0730,2024-03-06 06:16:55,2024-03-06 06:16:55
000895.XSHE,2024-03-27,2023,q4,2201,,近5个交易日内，该股一致预期净利润被大幅调低,,,,,,,,,,,,,,,,,,,,,,,2024-04-02,5586245384.6154,2024-03-26,6421272884.2445,,,,-0.1300,2024-04-03 06:43:46,2024-04-03 06:43:46
000895.XSHE,2024-03-27,2023,q4,2405,,2024-03-27发布的财报中，4季度净利润增速低于机构的一致预期,,,,,,,,2024-03-27,financial_reports,,,,725519464.4800,,,,-0.5335,,,,,,,,2024-03-26,,1576948290.4032,,,-0.5399,2024-03-27 07:11:51,2024-03-27 07:11:51
000895.XSHE,2024-03-27,2023,q4,2503,,2024-03-27发布的财报净利润同比增速低于2023一致预期同比增速,,,,,,,,2024-03-27,financial_reports,,,,725519464.4800,,,,-0.5335,,,,,,,,2024-03-26,,1576948290.4032,,0.0140,-0.5475,2024-03-27 07:11:51,2024-03-27 07:11:51
000895.XSHE,2024-03-27,2024,q4,2101,中金公司,"中金公司2024-03-27发布的报告下调了该股盈利预测,分析师：王文丹,陈文博,武雨欣",2024-03-27,双汇发展：4Q23业绩低于市场预期 肉制品销量承压,"王文丹,陈文博,武雨欣",5311000000.0000,2023-10-25,双汇发展：3Q23业绩略好于预期 肉制品吨利亮眼,5939000000.0000,,,,,,,,,,,,,,,,,,,,,,,-0.1057,2024-03-27 12:14:08,2024-03-27 12:14:08
000895.XSHE,2024-03-27,2024,q4,2101,国海证券,"国海证券2024-03-27发布的报告下调了该股盈利预测,分析师：刘洁铭,秦一方",2024-03-27,双汇发展2023年报点评：Q4业绩承压 期待猪价反转,"刘洁铭,秦一方",5332000000.0000,2023-10-26,双汇发展2023年三季报点评：肉制品吨利提升明显 猪价低位加大冻肉储备,6506000000.0000,,,,,,,,,,,,,,,,,,,,,,,-0.1804,2024-03-29 10:45:09,2024-03-29 10:45:09
000895.XSHE,2024-03-27,2024,q4,2101,兴业证券,"兴业证券2024-03-27发布的报告下调了该股盈利预测,分析师：金含",2024-03-27,双汇发展23年报：肉制品需求疲软 屠宰短期盈利承压,金含,5619000000.0000,2023-10-25,双汇发展：需求弱复苏 盈利表现出色,6477000000.0000,,,,,,,,,,,,,,,,,,,,,,,-0.1325,2024-03-28 12:25:39,2024-03-28 12:25:39
000895.XSHE,2024-03-27,2024,q4,2101,中信建投,"中信建投2024-03-27发布的报告下调了该股盈利预测,分析师：安雅泽,菅成广",2024-03-27,双汇发展：股息率凸显配置价值 24H2冻肉有望贡献利润弹性,"安雅泽,菅成广",5866870000.0000,2023-10-25,双汇发展：成本红利持续释放 高股息值得关注,6582600000.0000,,,,,,,,,,,,,,,,,,,,,,,-0.1087,2024-03-28 07:07:22,2024-03-28 07:07:22
000895.XSHE,2024-03-27,2024,q4,2101,国元证券,"国元证券2024-03-27发布的报告下调了该股盈利预测,分析师：邓晖,朱宇昊",2024-03-27,双汇发展2023年报点评：升级肉制品 开发新渠道,"邓晖,朱宇昊",5555320000.0000,2023-10-25,双汇发展2023年三季报点评：销量稳健增长 结构升级推进,6509140000.0000,,,,,,,,,,,,,,,,,,,,,,,-0.1465,2024-03-28 12:25:39,2024-03-28 12:25:39
000895.XSHE,2024-03-27,2024,q4,2101,海通国际,"海通国际2024-03-27发布的报告下调了该股盈利预测,分析师：宋琦,闻宏伟",2024-03-27,双汇发展：肉制品实现较高盈利能力 4Q23生鲜品价格承压,"宋琦,闻宏伟",5500000000.0000,2023-10-25,双汇发展3Q23业绩点评：生鲜品收入短期承压 肉制品盈利能力表现亮眼,6564000000.0000,,,,,,,,,,,,,,,,,,,,,,,-0.1621,2024-03-29 10:45:09,2024-03-29 10:45:09
000895.XSHE,2024-03-27,2024,q4,2102,华创证券,"华创证券2024-03-27发布的报告下调了该股盈利预测,分析师：欧阳予,范子盼,董广阳",2024-03-27,双汇发展2023年报点评：肉制品销量承压 高分红政策延续,"欧阳予,范子盼,董广阳",5613000000.0000,2023-10-25,双汇发展2023年三季报点评：经营稳健向好 吨利再创新高,6383000000.0000,,,,,,,,,,,,,,,,,,,,,,,-0.1206,2024-03-28 07:07:22,2024-03-28 07:07:22
000895.XSHE,2024-03-27,2024,q4,2301,中金公司,中金公司2024-03-27发布的报告研报标题中含有超预期信息,2024-03-27,双汇发展：4Q23业绩低于市场预期 肉制品销量承压,"王文丹,陈文博,武雨欣",5311000000.0000,,,,,,,,,,,,,,,,,,,,,,,,,,,2024-03-27 12:14:08,2024-03-27 12:14:08
000895.XSHE,2024-03-27,2024,q4,2302,华创证券,华创证券2024-03-27发布的报告研报摘要中含有超预期信息,2024-03-27,双汇发展2023年报点评：肉制品销量承压 高分红政策延续,"欧阳予,范子盼,董广阳",5613000000.0000,,,,,,,,,,,,,,,,,,,,,,,,,,,2024-03-28 07:07:22,2024-03-28 07:07:22
000895.XSHE,2024-03-28,2024,q4,2101,中原证券,"中原证券2024-03-28发布的报告下调了该股盈利预测,分析师：张蔓梓",2024-03-28,双汇发展：屠宰拖累整体业绩肉制品吨利提升,张蔓梓,6100000000.0000,2023-11-03,双汇发展季报点评：产品结构优化 盈利水平提升,6517000000.0000,,,,,,,,,,,,,,,,,,,,,,,-0.0640,2024-04-01 11:34:28,2024-04-01 11:34:28
000895.XSHE,2024-03-28,2024,q4,2101,开源证券,"开源证券2024-03-28发布的报告下调了该股盈利预测,分析师：张宇光,叶松霖",2024-03-28,双汇发展公司信息更新：屠宰短期承压 肉制品吨利仍处高位,"张宇光,叶松霖",5443000000.0000,2023-10-26,双汇发展信息更新报告：屠宰业务略承压 肉制品业务快速增长,6412000000.0000,,,,,,,,,,,,,,,,,,,,,,,-0.1511,2024-03-29 10:45:09,2024-03-29 10:45:09
000895.XSHE,2024-03-28,2024,q4,2101,海通国际,"海通国际2024-03-28发布的报告下调了该股盈利预测,分析师：宋琦,闻宏伟",2024-03-28,双汇发展2023业绩点评：肉制品实现较高盈利能力 4Q23生鲜品价格承压,"宋琦,闻宏伟",5500000000.0000,2023-10-25,双汇发展3Q23业绩点评：生鲜品收入短期承压 肉制品盈利能力表现亮眼,6564000000.0000,,,,,,,,,,,,,,,,,,,,,,,-0.1621,2024-03-29 14:27:17,2024-03-29 14:27:17
000895.XSHE,2024-03-28,2024,q4,2102,国泰君安,"国泰君安2024-03-28发布的报告下调了该股盈利预测,分析师：訾猛,李美仪,陈力宇",2024-03-28,双汇发展2023年年报点评：业绩短期承压 量、利有望改善,"訾猛,李美仪,陈力宇",5453000000.0000,2023-12-20,双汇发展更新：调结构促增长 夯实盈利根基,6560000000.0000,,,,,,,,,,,,,,,,,,,,,,,-0.1688,2024-03-29 10:45:09,2024-03-29 10:45:09
000895.XSHE,2024-03-28,2024,q4,2302,国泰君安,国泰君安2024-03-28发布的报告研报摘要中含有超预期信息,2024-03-28,双汇发展2023年年报点评：业绩短期承压 量、利有望改善,"訾猛,李美仪,陈力宇",5453000000.0000,,,,,,,,,,,,,,,,,,,,,,,,,,,2024-03-29 10:45:09,2024-03-29 10:45:09
000895.XSHE,2024-03-28,2024,q4,2302,开源证券,开源证券2024-03-28发布的报告研报摘要中含有超预期信息,2024-03-28,双汇发展公司信息更新：屠宰短期承压 肉制品吨利仍处高位,"张宇光,叶松霖",5443000000.0000,,,,,,,,,,,,,,,,,,,,,,,,,,,2024-03-29 10:45:09,2024-03-29 10:45:09
000895.XSHE,2024-03-29,2024,q4,2101,东吴证券,"东吴证券2024-03-29发布的报告下调了该股盈利预测,分析师：孙瑜,罗頔影",2024-03-29,双汇发展：Q4业绩低于预期 分红率,"孙瑜,罗頔影",5487000000.0000,2024-02-20,双汇发展：高股息系列 肉制品龙头 高股息价值凸显,6027000000.0000,,,,,,,,,,,,,,,,,,,,,,,-0.0896,2024-03-30 10:21:28,2024-03-30 10:21:28
000895.XSHE,2024-03-29,2024,q4,2101,中原证券,"中原证券2024-03-29发布的报告下调了该股盈利预测,分析师：张蔓梓",2024-03-29,双汇发展：屠宰拖累整体业绩 肉制品吨利提升,张蔓梓,6100000000.0000,2023-11-03,双汇发展季报点评：产品结构优化 盈利水平提升,6517000000.0000,,,,,,,,,,,,,,,,,,,,,,,-0.0640,2024-04-01 07:02:32,2024-04-01 07:02:32
000895.XSHE,2024-03-29,2024,q4,2301,东吴证券,东吴证券2024-03-29发布的报告研报标题中含有超预期信息,2024-03-29,双汇发展：Q4业绩低于预期 分红率,"孙瑜,罗頔影",5487000000.0000,,,,,,,,,,,,,,,,,,,,,,,,,,,2024-03-30 10:21:28,2024-03-30 10:21:28
000895.XSHE,2024-03-29,2024,q4,2302,东吴证券,东吴证券2024-03-29发布的报告研报摘要中含有超预期信息,2024-03-29,双汇发展：Q4业绩低于预期 分红率,"孙瑜,罗頔影",5487000000.0000,,,,,,,,,,,,,,,,,,,,,,,,,,,2024-03-30 10:21:28,2024-03-30 10:21:28
000895.XSHE,2024-03-29,2024,q4,2302,中原证券,中原证券2024-03-29发布的报告研报摘要中含有超预期信息,2024-03-29,双汇发展：屠宰拖累整体业绩 肉制品吨利提升,张蔓梓,6100000000.0000,,,,,,,,,,,,,,,,,,,,,,,,,,,2024-04-01 07:02:32,2024-04-01 07:02:32
000895.XSHE,2024-03-31,2024,q4,2101,国信证券,"国信证券2024-03-31发布的报告下调了该股盈利预测,分析师：鲁家瑞,李瑞楠",2024-03-31,双汇发展：2023年经营业绩承压 现金高分红保持稳定,"鲁家瑞,李瑞楠",6002000000.0000,2023-11-09,双汇发展：高分红的屠宰及肉制品龙头 持续加码预制菜等新业务,6564000000.0000,,,,,,,,,,,,,,,,,,,,,,,-0.0856,2024-04-02 12:25:14,2024-04-02 12:25:14
000895.XSHE,2024-03-31,2024,q4,2302,国信证券,国信证券2024-03-31发布的报告研报摘要中含有超预期信息,2024-03-31,双汇发展：2023年经营业绩承压 现金高分红保持稳定,"鲁家瑞,李瑞楠",6002000000.0000,,,,,,,,,,,,,,,,,,,,,,,,,,,2024-04-02 12:25:14,2024-04-02 12:25:14
000895.XSHE,2024-04-23,2024,q1,2405,,2024-04-23发布的财报中，1季度净利润增速低于机构的一致预期,,,,,,,,2024-04-23,financial_reports,,,,1271715274.3400,,,,-0.1454,,,,,,,,2024-04-22,,1711228073.4784,,,-0.2568,2024-04-23 07:06:55,2024-04-23 07:06:55
000895.XSHE,2024-04-23,2024,q1,2501,,2024-04-23发布的财报净利润同比增速低于一致预期2024同比增速,,,,,,,,2024-04-23,financial_reports,,,1271715274.3400,,,-0.1454,,,,,,,,,,2024-04-22,5810215317.8367,,0.1499,,-0.2954,2024-04-23 07:06:55,2024-04-23 07:06:55
000895.XSHE,2024-04-23,2024,q1,2503,,2024-04-23发布的财报净利润同比增速低于2024一致预期同比增速,,,,,,,,2024-04-23,financial_reports,,,,1271715274.3400,,,,-0.1454,,,,,,,,2024-04-22,,1711228073.4784,,0.1499,-0.2953,2024-04-23 07:06:55,2024-04-23 07:06:55
000895.XSHE,2024-04-23,2024,q4,2101,华创证券,"华创证券2024-04-23发布的报告下调了该股盈利预测,分析师：欧阳予,范子盼,董广阳",2024-04-23,双汇发展：经营承压延续 股息依然突出,"欧阳予,范子盼,董广阳",5458000000.0000,2024-03-27,双汇发展2023年报点评：肉制品销量承压 高分红政策延续,5613000000.0000,,,,,,,,,,,,,,,,,,,,,,,-0.0276,2024-04-24 06:25:48,2024-04-24 06:25:48
000895.XSHE,2024-04-23,2024,q4,2102,华创证券,"华创证券2024-04-23发布的报告下调了该股盈利预测,分析师：欧阳予,范子盼,董广阳",2024-04-23,双汇发展2024年一季报点评：经营承压延续 股息依然突出,"欧阳予,范子盼,董广阳",5458000000.0000,2024-03-27,双汇发展2023年报点评：肉制品销量承压 高分红政策延续,5613000000.0000,,,,,,,,,,,,,,,,,,,,,,,-0.0276,2024-04-24 10:20:22,2024-04-24 10:20:22
000895.XSHE,2024-04-23,2024,q4,2301,中金公司,中金公司2024-04-23发布的报告研报标题中含有超预期信息,2024-04-23,双汇发展：1Q24肉制品盈利稳健 净利润略低于市场预期,"王文丹,陈文博,武雨欣",5311000000.0000,,,,,,,,,,,,,,,,,,,,,,,,,,,2024-04-24 06:25:48,2024-04-24 06:25:48
000895.XSHE,2024-04-24,2024,q4,2101,兴业证券,"兴业证券2024-04-24发布的报告下调了该股盈利预测,分析师：金含",2024-04-24,双汇发展：需求疲软销量下滑 成本红利下肉制品吨利创新高,金含,5466000000.0000,2024-03-27,双汇发展：肉制品需求疲软 屠宰短期盈利承压,5619000000.0000,,,,,,,,,,,,,,,,,,,,,,,-0.0272,2024-04-25 07:16:26,2024-04-25 07:16:26
000895.XSHE,2024-04-24,2024,q4,2101,中信建投,"中信建投2024-04-24发布的报告下调了该股盈利预测,分析师：菅成广,安雅泽",2024-04-24,双汇发展：业绩环比改善 高股息值得关注,"菅成广,安雅泽",5850940000.0000,2024-03-27,双汇发展：股息率凸显配置价值 24H2冻肉有望贡献利润弹性,5866870000.0000,,,,,,,,,,,,,,,,,,,,,,,-0.0027,2024-04-26 07:37:25,2024-04-26 07:37:25
000895.XSHE,2024-04-24,2024,q4,2101,国元证券,"国元证券2024-04-24发布的报告下调了该股盈利预测,分析师：邓晖,朱宇昊",2024-04-24,双汇发展2024年一季报点评：持续结构升级 Q1毛利率提升,"邓晖,朱宇昊",5334040000.0000,2024-03-27,双汇发展2023年报点评：升级肉制品 开发新渠道,5555320000.0000,,,,,,,,,,,,,,,,,,,,,,,-0.0398,2024-04-25 07:16:26,2024-04-25 07:16:26
000895.XSHE,2024-08-13,2024,q4,2101,申万宏源,"申万宏源2024-08-13发布的报告下调了该股盈利预测,分析师：周缘,吕昌,严泽楠",2024-08-13,双汇发展：24Q2业绩承压 中期维持高分红,"周缘,吕昌,严泽楠",4824000000.0000,2024-04-22,双汇发展：业绩符合预期 肉制品盈利再创新高,5338000000.0000,,,,,,,,,,,,,,,,,,,,,,,-0.0963,2024-08-14 10:24:34,2024-08-14 10:24:34
000895.XSHE,2024-08-13,2024,q4,2302,申万宏源,申万宏源2024-08-13发布的报告研报摘要中含有超预期信息,2024-08-13,双汇发展：24Q2业绩承压 中期维持高分红,"周缘,吕昌,严泽楠",4824000000.0000,,,,,,,,,,,,,,,,,,,,,,,,,,,2024-08-14 10:24:34,2024-08-14 10:24:34
000895.XSHE,2024-08-14,2024,q2,2201,,近5个交易日内，该股一致预期净利润被大幅调低,,,,,,,,,,,,,,,,,,,,,,,2024-08-20,4919151666.6667,2024-08-13,5497234727.4100,,,,-0.1052,2024-08-21 06:14:53,2024-08-21 06:14:53
000895.XSHE,2024-08-14,2024,q2,2405,,2024-08-14发布的财报中，2季度净利润增速低于机构的一致预期,,,,,,,,2024-08-14,financial_reports,,,,1024635857.0900,,,,-0.2402,,,,,,,,2024-08-13,,1598539260.5967,,,-0.3590,2024-08-14 06:17:25,2024-08-14 06:17:25
000895.XSHE,2024-08-14,2024,q2,2501,,2024-08-14发布的财报净利润同比增速低于一致预期2024同比增速,,,,,,,,2024-08-14,financial_reports,,,2296351131.4300,,,-0.1905,,,,,,,,,,2024-08-13,5497234727.4100,,0.0880,,-0.2784,2024-08-14 06:17:25,2024-08-14 06:17:25
000895.XSHE,2024-08-14,2024,q2,2503,,2024-08-14发布的财报净利润同比增速低于2024一致预期同比增速,,,,,,,,2024-08-14,financial_reports,,,,1024635857.0900,,,,-0.2402,,,,,,,,2024-08-13,,1598539260.5967,,0.1854,-0.4256,2024-08-14 06:17:25,2024-08-14 06:17:25
000895.XSHE,2024-08-14,2024,q4,2101,中金公司,"中金公司2024-08-14发布的报告下调了该股盈利预测,分析师：王文丹,陈文博,武雨欣",2024-08-14,双汇发展：2Q24肉制品量承压吨利平稳 净利润略低于市场预期,"王文丹,陈文博,武雨欣",4935000000.0000,2024-04-23,双汇发展：1Q24肉制品盈利稳健 净利润略低于市场预期,5311000000.0000,,,,,,,,,,,,,,,,,,,,,,,-0.0708,2024-08-14 12:21:54,2024-08-14 12:21:54
000895.XSHE,2024-08-14,2024,q4,2101,国海证券,"国海证券2024-08-14发布的报告下调了该股盈利预测,分析师：刘洁铭,秦一方",2024-08-14,双汇发展2024年中报点评：肉制品销量承压 屠宰环比改善,"刘洁铭,秦一方",4738000000.0000,2024-04-23,双汇发展2024年一季报点评：屠宰及养殖拖累利润表现 肉制品吨利创新高,5332000000.0000,,,,,,,,,,,,,,,,,,,,,,,-0.1114,2024-08-19 06:08:20,2024-08-19 06:08:20
000895.XSHE,2024-08-14,2024,q4,2101,华泰证券,"华泰证券2024-08-14发布的报告下调了该股盈利预测,分析师：樊俊豪,熊承慧,龚源月 等",2024-08-14,双汇发展：Q2盈利持续承压 高分红价值凸显,"樊俊豪,熊承慧,龚源月 等",5056000000.0000,2024-04-23,双汇发展：冻品拖累盈利同比下滑 高分红政策延续,5339000000.0000,,,,,,,,,,,,,,,,,,,,,,,-0.0530,2024-08-15 10:07:11,2024-08-15 10:07:11
000895.XSHE,2024-08-14,2024,q4,2101,兴业证券,"兴业证券2024-08-14发布的报告下调了该股盈利预测,分析师：金含",2024-08-14,双汇发展：需求疲软致业绩承压 中期持续高分红,金含,5177000000.0000,2024-04-24,双汇发展：需求疲软销量下滑 成本红利下肉制品吨利创新高,5466000000.0000,,,,,,,,,,,,,,,,,,,,,,,-0.0529,2024-08-18 14:12:22,2024-08-18 14:12:22
000895.XSHE,2024-08-14,2024,q4,2102,华创证券,"华创证券2024-08-14发布的报告下调了该股盈利预测,分析师：欧阳予,范子盼,董广阳",2024-08-14,双汇发展2024年半年报点评：Q2压力放大 高分红延续,"欧阳予,范子盼,董广阳",4842000000.0000,2024-04-23,双汇发展2024年一季报点评：经营承压延续 股息依然突出,5458000000.0000,,,,,,,,,,,,,,,,,,,,,,,-0.1129,2024-08-14 14:01:38,2024-08-14 14:01:38
000895.XSHE,2024-08-14,2024,q4,2301,中金公司,中金公司2024-08-14发布的报告研报标题中含有超预期信息,2024-08-14,双汇发展：2Q24肉制品量承压吨利平稳 净利润略低于市场预期,"王文丹,陈文博,武雨欣",4935000000.0000,,,,,,,,,,,,,,,,,,,,,,,,,,,2024-08-14 12:21:54,2024-08-14 12:21:54
000895.XSHE,2024-08-14,2024,q4,2302,华创证券,华创证券2024-08-14发布的报告研报摘要中含有超预期信息,2024-08-14,双汇发展2024年半年报点评：Q2压力放大 高分红延续,"欧阳予,范子盼,董广阳",4842000000.0000,,,,,,,,,,,,,,,,,,,,,,,,,,,2024-08-14 14:01:38,2024-08-14 14:01:38
000895.XSHE,2024-08-15,2024,q4,2101,东吴证券,"东吴证券2024-08-15发布的报告下调了该股盈利预测,分析师：孙瑜,罗頔影",2024-08-15,双汇发展2024H1业绩点评：肉制品销量承压 屠宰业务利润改善,"孙瑜,罗頔影",4779000000.0000,2024-04-23,双汇发展2024Q1点评：肉制品吨利新高 屠宰养殖业务拖累整体利润,5487000000.0000,,,,,,,,,,,,,,,,,,,,,,,-0.1290,2024-08-16 09:05:53,2024-08-16 09:05:53
000895.XSHE,2024-08-15,2024,q4,2101,国元证券,"国元证券2024-08-15发布的报告下调了该股盈利预测,分析师：邓晖,朱宇昊",2024-08-15,双汇发展2024年中报点评：持续推新 肉品吨利提升,"邓晖,朱宇昊",4801820000.0000,2024-04-24,双汇发展2024年一季报点评：持续结构升级 Q1毛利率提升,5334040000.0000,,,,,,,,,,,,,,,,,,,,,,,-0.0998,2024-08-16 09:05:53,2024-08-16 09:05:53
000895.XSHE,2024-08-16,2024,q4,2101,中原证券,"中原证券2024-08-16发布的报告下调了该股盈利预测,分析师：张蔓梓",2024-08-16,双汇发展2024年中报点评：肉制品需求承压 延续高分红政策,张蔓梓,5441000000.0000,2024-03-29,双汇发展：屠宰拖累整体业绩 肉制品吨利提升,6100000000.0000,,,,,,,,,,,,,,,,,,,,,,,-0.1080,2024-08-17 06:35:57,2024-08-17 06:35:57
000895.XSHE,2024-08-16,2024,q4,2101,开源证券,"开源证券2024-08-16发布的报告下调了该股盈利预测,分析师：张宇光",2024-08-16,双汇发展信息更新报告：2024Q2业绩承压 屠宰业务盈利明显改善,张宇光,4887000000.0000,2024-04-24,双汇发展信息更新报告：屠宰业务承压 肉制品吨利高位,5443000000.0000,,,,,,,,,,,,,,,,,,,,,,,-0.1022,2024-08-17 06:35:57,2024-08-17 06:35:57
000895.XSHE,2024-08-16,2024,q4,2302,中原证券,中原证券2024-08-16发布的报告研报摘要中含有超预期信息,2024-08-16,双汇发展2024年中报点评：肉制品需求承压 延续高分红政策,张蔓梓,5441000000.0000,,,,,,,,,,,,,,,,,,,,,,,,,,,2024-08-17 06:35:57,2024-08-17 06:35:57
000895.XSHE,2024-10-30,2024,q3,2405,,2024-10-30发布的财报中，3季度净利润增速低于机构的一致预期,,,,,,,,2024-10-30,financial_reports,,,,1508108252.7200,,,,0.0118,,,,,,,,2024-10-29,,1841866963.2976,,,-0.1812,2024-10-30 06:14:08,2024-10-30 06:14:08
000895.XSHE,2024-10-30,2024,q3,2501,,2024-10-30发布的财报净利润同比增速低于一致预期2024同比增速,,,,,,,,2024-10-30,financial_reports,,,3804459384.1500,,,-0.1208,,,,,,,,,,2024-10-29,5034784716.1989,,-0.0036,,-0.1173,2024-10-30 06:14:08,2024-10-30 06:14:08
000895.XSHE,2024-10-30,2024,q3,2503,,2024-10-30发布的财报净利润同比增速低于2024一致预期同比增速,,,,,,,,2024-10-30,financial_reports,,,,1508108252.7200,,,,0.0118,,,,,,,,2024-10-29,,1841866963.2976,,0.2357,-0.2239,2024-10-30 06:14:08,2024-10-30 06:14:08
000895.XSHE,2025-03-26,2024,q4,2405,,2025-03-26发布的财报中，4季度净利润增速低于机构的一致预期,,,,,,,,2025-03-26,financial_reports,,,,1184588690.4500,,,,0.6327,,,,,,,,2025-03-25,,1280251647.0214,,,-0.0747,2025-03-26 06:25:38,2025-03-26 06:25:38
000895.XSHE,2025-03-26,2024,q4,2503,,2025-03-26发布的财报净利润同比增速低于2024一致预期同比增速,,,,,,,,2025-03-26,financial_reports,,,,1184588690.4500,,,,0.6327,,,,,,,,2025-03-25,,1280251647.0214,,0.7646,-0.1319,2025-03-26 06:25:38,2025-03-26 06:25:38
000895.XSHE,2025-03-26,2025,q4,2102,华创证券,"华创证券2025-03-26发布的报告下调了该股盈利预测,分析师：欧阳予,范子盼,严晓思 等",2025-03-26,双汇发展2024年报点评：全年吨利新高 分红维持高位,"欧阳予,范子盼,严晓思 等",5245000000.0000,2024-10-30,双汇发展2024年三季报点评：积极应对适应 股息率依旧突出,5485000000.0000,,,,,,,,,,,,,,,,,,,,,,,-0.0438,2025-03-26 19:46:05,2025-03-26 19:46:05
000895.XSHE,2025-03-28,2025,q4,2101,中信证券,"中信证券2025-03-28发布的报告下调了该股盈利预测,分析师：盛夏,江皓云",2025-03-28,双汇发展2024年年报点评：24Q4利润高增 高分红延续,"盛夏,江皓云",5296000000.0000,2024-10-31,双汇发展2024年三季报点评：业绩如期改善 24Q4有望继续提速,5805000000.0000,,,,,,,,,,,,,,,,,,,,,,,-0.0877,2025-03-31 06:09:46,2025-03-31 06:09:46
000895.XSHE,2025-04-01,2025,q4,2101,中原证券,"中原证券2025-04-01发布的报告下调了该股盈利预测,分析师：张蔓梓",2025-04-01,双汇发展2024年年报点评：Q4业绩表现亮眼 延续高分红政策,张蔓梓,5751000000.0000,2024-10-30,双汇发展2024年三季报点评：生鲜品业绩承压 Q3净利同环比双增,6045000000.0000,,,,,,,,,,,,,,,,,,,,,,,-0.0486,2025-04-02 09:00:26,2025-04-02 09:00:26
000895.XSHE,2025-04-17,2025,q4,2101,UBS Warburg,"UBS Warburg2025-04-17发布的报告下调了该股盈利预测,分析师：Veronica Song,彭燕燕",2025-04-17,Shuanghui Development(000895.SZ):Volume recovery unclear;downgrade to Neutral,"Veronica Song,彭燕燕",5020000000.0000,2025-03-26,Shuanghui Development(000895.SZ):FY24 results in line;management will prioritize packaged meat volume recovery in 2025,5259000000.0000,,,,,,,,,,,,,,,,,,,,,,,-0.0454,2025-04-17 11:56:49,2025-04-17 11:56:49
000895.XSHE,2025-04-30,2025,q1,2405,,2025-04-30发布的财报中，1季度净利润增速低于机构的一致预期,,,,,,,,2025-04-30,financial_reports,,,,1137224432.6400,,,,-0.1058,,,,,,,,2025-04-29,,1345220417.1969,,,-0.1546,2025-04-30 06:16:05,2025-04-30 06:16:05
000895.XSHE,2025-04-30,2025,q1,2501,,2025-04-30发布的财报净利润同比增速低于一致预期2025同比增速,,,,,,,,2025-04-30,financial_reports,,,1137224432.6400,,,-0.1058,,,,,,,,,,2025-04-29,5277276570.7050,,0.0578,,-0.1635,2025-04-30 06:16:05,2025-04-30 06:16:05
000895.XSHE,2025-04-30,2025,q1,2503,,2025-04-30发布的财报净利润同比增速低于2025一致预期同比增速,,,,,,,,2025-04-30,financial_reports,,,,1137224432.6400,,,,-0.1058,,,,,,,,2025-04-29,,1345220417.1969,,0.0578,-0.1636,2025-04-30 06:16:05,2025-04-30 06:16:05
000895.XSHE,2025-04-30,2025,q4,2102,华创证券,"华创证券2025-04-30发布的报告下调了该股盈利预测,分析师：欧阳予,范子盼,严晓思 等",2025-04-30,双汇发展2025年一季报点评：肉制品Q1去库 轻装上阵待稳增,"欧阳予,范子盼,严晓思 等",5243000000.0000,2025-03-26,双汇发展2024年报点评：全年吨利新高 分红维持高位,5245000000.0000,,,,,,,,,,,,,,,,,,,,,,,-0.0004,2025-05-01 05:22:47,2025-05-01 05:22:47
000895.XSHE,2025-05-02,2025,q4,2102,兴业证券,"兴业证券2025-05-02发布的报告下调了该股盈利预测,分析师：沈昊,金含,王嘉琦",2025-05-02,双汇发展：短期承压 静待调整显效,"沈昊,金含,王嘉琦",5015000000.0000,2025-03-26,双汇发展：需求疲软 积极革新,5020000000.0000,,,,,,,,,,,,,,,,,,,,,,,-0.0010,2025-05-05 12:57:44,2025-05-05 12:57:44
000895.XSHE,2025-05-05,2025,q4,2101,东吴证券,"东吴证券2025-05-05发布的报告下调了该股盈利预测,分析师：苏铖,于思淼",2025-05-05,双汇发展2025年一季报点评：肉制品销量下滑 养殖利润改善明显,"苏铖,于思淼",5049000000.0000,2025-03-28,双汇发展2024年报点评：业绩符合预期 吨利创新高,5210000000.0000,,,,,,,,,,,,,,,,,,,,,,,-0.0309,2025-05-06 08:55:34,2025-05-06 08:55:34
000895.XSHE,2025-08-12,2025,q4,2101,华泰证券,"华泰证券2025-08-12发布的报告下调了该股盈利预测,分析师：吕若晨,王可欣",2025-08-12,双汇发展：Q2盈利提升 肉制品销量恢复同比正增,"吕若晨,王可欣",5192000000.0000,2025-03-25,双汇发展：Q4盈利高增 稳健股息彰显价值,5356000000.0000,,,,,,,,,,,,,,,,,,,,,,,-0.0306,2025-08-13 10:57:58,2025-08-13 10:57:58
000895.XSHE,2025-08-13,2025,q2,2501,,2025-08-13发布的财报净利润同比增速低于一致预期2025同比增速,,,,,,,,2025-08-13,financial_reports,,,2323162303.9400,,,0.0117,,,,,,,,,,2025-08-12,5192154287.3471,,0.0407,,-0.0290,2025-08-13 05:14:33,2025-08-13 05:14:33
000895.XSHE,2025-08-13,2025,q4,2101,UBS Warburg,"UBS Warburg2025-08-13发布的报告下调了该股盈利预测,分析师：Veronica Song,彭燕燕,黄任悠",2025-08-13,Shuanghui Development(000895.SZ):2Q25 results came better than expected though the growth is from a low base,"Veronica Song,彭燕燕,黄任悠",5015000000.0000,2025-04-30,Shuanghui Development(000895.CH):1Q25 results as weak as expected;packagedmeats sales under pressure,5020000000.0000,,,,,,,,,,,,,,,,,,,,,,,-0.0010,2025-08-13 18:48:53,2025-08-13 18:48:53
000895.XSHE,2025-08-13,2025,q4,2102,广发证券,"广发证券2025-08-13发布的报告下调了该股盈利预测,分析师：符蓉,吴思颖",2025-08-13,双汇发展：盈利提升 延续高分红政策,"符蓉,吴思颖",5050000000.0000,2025-03-26,双汇发展：吨利维持高位 高分红延续,5268000000.0000,,,,,,,,,,,,,,,,,,,,,,,-0.0414,2025-08-14 11:04:30,2025-08-14 11:04:30
000895.XSHE,2025-08-14,2025,q4,2101,中原证券,"中原证券2025-08-14发布的报告下调了该股盈利预测,分析师：张蔓梓",2025-08-14,双汇发展2025年中报点评：Q2业绩同比增长 延续高分红政策,张蔓梓,5237000000.0000,2025-04-01,双汇发展2024年年报点评：Q4业绩表现亮眼 延续高分红政策,5751000000.0000,,,,,,,,,,,,,,,,,,,,,,,-0.0894,2025-08-15 05:15:37,2025-08-15 05:15:37
000895.XSHE,2025-08-18,2025,q4,2101,中信证券,"中信证券2025-08-18发布的报告下调了该股盈利预测,分析师：盛夏,江皓云",2025-08-18,双汇发展2025年中报点评：25Q2利润超预期 期待持续改善,"盛夏,江皓云",5081000000.0000,2025-03-28,双汇发展2024年年报点评：24Q4利润高增 高分红延续,5296000000.0000,,,,,,,,,,,,,,,,,,,,,,,-0.0406,2025-08-20 19:03:51,2025-08-20 19:03:51
000895.XSHE,2026-03-25,2025,q4,2405,,2026-03-25发布的财报中，4季度净利润增速低于机构的一致预期,,,,,,,,2026-03-25,financial_reports,,,,1145919076.0200,,,,-0.0326,,,,,,,,2026-03-24,,1310273550.5067,,,-0.1254,2026-03-25 06:37:38,2026-03-25 05:17:52
000895.XSHE,2026-03-25,2025,q4,2503,,2026-03-25发布的财报净利润同比增速低于2025一致预期同比增速,,,,,,,,2026-03-25,financial_reports,,,,1145919076.0200,,,,-0.0326,,,,,,,,2026-03-24,,1310273550.5067,,0.1061,-0.1387,2026-03-25 06:37:38,2026-03-25 05:17:52
000895.XSHE,2026-03-25,2026,q4,2101,华泰证券,"华泰证券2026-03-25发布的报告下调了该股盈利预测,分析师：吕若晨",2026-03-25,双汇发展：25Q4主业量涨价跌 26年稳利保量,吕若晨,5202000000.0000,2025-10-29,双汇发展：Q3主业量涨价跌 盈利能力稳健,5512000000.0000,,,,,,,,,,,,,,,,,,,,,,,-0.0562,2026-03-25 20:37:49,2026-03-25 19:00:45
000895.XSHE,2026-03-25,2026,q4,2101,兴业证券,"兴业证券2026-03-25发布的报告下调了该股盈利预测,分析师：沈昊,金含",2026-03-25,双汇发展：肉制品改革逐步显效 屠宰盈利有所承压,"沈昊,金含",5436000000.0000,2025-10-29,双汇发展：肉制品吨利新高 屠宰短期承压,5585000000.0000,,,,,,,,,,,,,,,,,,,,,,,-0.0267,2026-03-26 20:33:19,2026-03-26 11:58:07
000895.XSHE,2026-03-25,2026,q4,2102,华创证券,"华创证券2026-03-25发布的报告下调了该股盈利预测,分析师：欧阳予,范子盼,董广阳",2026-03-25,双汇发展2025年报点评：肉制品量增提速 高股息更显扎实,"欧阳予,范子盼,董广阳",5355000000.0000,2025-10-29,双汇发展2025年三季报点评：改革稳步推进 肉制品吨利新高,5506000000.0000,,,,,,,,,,,,,,,,,,,,,,,-0.0274,2026-03-25 20:37:49,2026-03-25 13:49:56
000895.XSHE,2026-03-27,2026,q4,2101,开源证券,"开源证券2026-03-27发布的报告下调了该股盈利预测,分析师：张宇光,张思敏",2026-03-27,双汇发展公司信息更新报告：2025Q4肉制品销量改善 屠宰板块稳利扩量,"张宇光,张思敏",5335000000.0000,2025-10-30,双汇发展公司信息更新报告：2025Q3肉制品吨利再创新高 屠宰规模增幅扩大,5506000000.0000,,,,,,,,,,,,,,,,,,,,,,,-0.0311,2026-03-30 20:51:33,2026-03-29 14:22:03
000895.XSHE,2026-03-29,2026,q4,2101,开源证券,"开源证券2026-03-29发布的报告下调了该股盈利预测,分析师：张宇光,张思敏",2026-03-29,双汇发展公司信息更新报告：2025Q4肉制品销量改善 屠宰板块稳利扩量,"张宇光,张思敏",5335000000.0000,2025-10-30,双汇发展公司信息更新报告：2025Q3肉制品吨利再创新高 屠宰规模增幅扩大,5506000000.0000,,,,,,,,,,,,,,,,,,,,,,,-0.0311,2026-03-30 20:51:33,2026-03-29 16:08:49
