date,000728.XSHE
2006-01-06,1.6901814264810453
2006-01-09,1.6849886678395893
2006-01-10,1.698262074145805
2006-01-11,1.7149992478617753
2006-01-12,1.737763659008918
2006-01-13,1.7232976213948286
2006-01-16,1.721531422062844
2006-01-17,1.714755449546056
2006-01-18,1.7336393346715704
2006-01-19,1.764817800009415
2006-01-20,1.7504918061262535
2006-01-23,1.7570574462733464
2006-01-24,1.7507511895898877
2006-01-25,1.6385206502768461
2006-02-06,1.5309580211719134
2006-02-07,1.4964392850904296
2006-02-08,1.5030943296750228
2006-02-09,1.4485399445981877
2006-02-10,1.405630025344287
2006-02-13,1.4039583503291873
2006-02-14,1.4463254087689512
2006-02-15,1.454352970525081
2006-02-16,1.149276192258355
2006-02-17,1.150811035349405
2006-02-20,1.1421539823851463
2006-02-21,1.1955622773375782
2006-02-22,1.1926762323122089
2006-02-23,1.1992440126384876
2006-02-24,1.2268512654205044
2006-02-27,1.2283242943709096
2006-02-28,1.2313661597004324
2006-03-01,1.294569159837746
2006-03-02,1.3040818659959916
2006-03-03,1.2928188639162501
2006-03-06,1.2691846540598044
2006-03-07,1.4156628723878872
2006-03-08,1.4380804419927091
2006-03-09,1.4786565074249525
2006-03-10,1.4978715936564537
2006-03-13,1.48806821839243
2006-03-14,1.4981174597014446
2006-03-15,1.5040172760965973
2006-03-16,1.4881505164438322
2006-03-17,1.5063634991257158
2006-03-20,1.4482756500715603
2006-03-21,1.4457064425658437
2006-03-22,1.43210743777379
2006-03-23,1.4319284676170245
2006-03-24,1.4211155544377585
2006-03-27,1.3817219493284505
2006-03-28,1.3302204823888437
2006-03-29,1.2101749815559553
2006-03-30,1.2535046636022693
2006-03-31,1.2831077948457066
2006-04-03,1.4212467739062515
2006-04-04,1.3481634241044813
2006-04-05,1.3141081324389408
2006-04-06,1.3139079854788402
2006-04-07,1.3169744890176467
2006-04-10,1.3149715340923067
2006-04-11,1.3563166916021714
2006-04-12,1.3298311656890547
2006-04-13,1.2979072600846677
2006-04-14,1.3814226668699026
2006-04-17,1.3835251325965239
2006-04-18,1.371460573336194
2006-04-19,1.3177093930325943
2006-04-20,1.3388242526280345
2006-04-21,1.1955142005097183
2006-04-24,1.091664780091997
2006-04-25,1.1079498219323098
2006-04-26,1.0829604889186009
2006-04-27,1.086841760192893
2006-04-28,1.0899850422573416
2006-05-08,1.0228245368892768
2006-05-09,1.078549544103579
2006-05-10,1.1139865809360265
2006-05-11,1.0701784900176246
2006-05-12,1.0285229198250323
2006-05-15,1.003730346464331
2006-05-16,1.0910602073814741
2006-05-17,1.1146547801511713
2006-05-18,1.1054675728809573
2006-05-19,1.1474570845349743
2006-05-22,1.1624446509844437
2006-05-23,1.2302756416082983
2006-05-24,1.2209110886420456
2006-05-25,1.2109575624030373
2006-05-26,1.254848091177763
2006-05-29,1.4172088311446367
2006-05-30,1.4198973170461777
2006-05-31,1.3489586244042147
2006-06-01,1.4996752782964429
2006-06-02,1.485262907639737
2006-06-05,1.4679522312481448
2006-06-06,1.441166819151067
2006-06-07,1.2357263216445593
2006-06-08,1.2374706151889217
2006-06-09,1.3471209089244964
2006-06-12,1.3322098863410023
2006-06-13,1.3317976272808105
2006-06-14,1.3105649372313912
2006-06-15,1.3102811700143973
2006-06-16,1.252141090090684
2006-06-19,1.236172357803296
2006-06-20,1.2429385654007308
2006-06-21,1.2330399730005237
2006-06-22,1.2173522798847245
2006-06-23,1.2075876002684656
2006-06-26,1.1837739794586708
2006-06-27,1.1874755606175722
2006-06-28,1.190832842823352
2006-06-29,1.1323088630647513
2006-06-30,1.1200059106180875
2006-07-03,1.0809411614695097
2006-07-04,1.0693168129806516
2006-07-05,1.0753277985527319
2006-07-06,1.0591493661115232
2006-07-07,1.0423693011438575
2006-07-10,1.0424634897110132
2006-07-11,1.032170835767008
2006-07-12,1.03257026355136
2006-07-13,1.2284198260238777
2006-07-14,1.2044555453525618
2006-07-17,1.190110250533038
2006-07-18,1.1897733242737758
2006-07-19,1.1026793455356252
2006-07-20,1.1153372630209322
2006-07-21,1.1416319845258347
2006-07-24,1.1416383149743785
2006-07-25,1.127555024235534
2006-07-26,1.1272835792717664
2006-07-27,1.1315238264961835
2006-07-28,1.1350368000298958
2006-07-31,0.9829519294167777
2006-08-01,0.9485381273400978
2006-08-02,0.9607619672984232
2006-08-03,0.9686841550297356
2006-08-04,0.9251448122958236
2006-08-07,0.9171138499053358
2006-08-08,0.8957528634098231
2006-08-09,0.8958948620080617
2006-08-10,0.9069760980617319
2006-08-11,0.9015501130032427
2006-08-14,0.8094864015376376
2006-08-15,0.837814088844006
2006-08-16,0.8782413154315447
2006-08-17,0.8174198932452933
2006-08-18,0.8295597232216635
2006-08-21,0.83244755071275
2006-08-22,0.7986180202163764
2006-08-23,0.7989162776518357
2006-08-24,0.7978392710388997
2006-08-25,0.8000944529858305
2006-08-28,0.7837763299482728
2006-08-29,0.7873101271579558
2006-08-30,0.7856155819559193
2006-08-31,0.7788706119375809
2006-09-01,0.7667390443642349
2006-09-04,0.7969229759336074
2006-09-05,0.7958914868024857
2006-09-06,0.7877647616460444
2006-09-07,0.7975006810912038
2006-09-08,0.7953938159882908
2006-09-11,0.806627647249405
2006-09-12,0.7932995051685209
2006-09-13,0.8115948649556236
2006-09-14,0.8133602153712072
2006-09-15,0.876110630763181
2006-09-18,0.8999098598515253
2006-09-19,0.8968562272601731
2006-09-20,0.8972055877317239
2006-09-21,0.9645903261190925
2006-09-22,0.8363479046241215
2006-09-25,0.8236791088331915
2006-09-26,0.7243130490678149
2006-09-27,0.7302872877728334
2006-09-28,0.7552435447437619
2006-09-29,0.8747552333648663
2006-10-09,0.9424518348934361
2006-10-10,0.9424616854079316
2006-10-11,0.9463282682947532
2006-10-12,0.9409340095867728
2006-10-13,0.9371852896720712
2006-10-16,0.9298004014092149
2006-10-17,0.9294060870259482
2006-10-18,0.8904750981921448
2006-10-19,0.8899825155799143
2006-10-20,0.89005523792407
2006-10-23,0.8370712426327881
2006-10-24,0.7764622985818677
2006-10-25,0.7732206278970927
2006-10-26,0.7675312707181452
2006-10-27,0.7559188985003235
2006-10-30,0.751579157292105
2006-10-31,0.7315331099024269
2006-11-01,0.7186386264064413
2006-11-02,0.7185594792315219
2006-11-03,0.7135713335409323
2006-11-06,0.6926277973638434
2006-11-07,0.6883641143334004
2006-11-08,0.677306088522401
2006-11-09,0.6404827336661375
2006-11-10,0.6259155072422817
2006-11-13,0.5983563324325512
2006-11-14,0.5831719888424599
2006-11-15,0.5201101275375088
2006-11-16,0.5204721608270012
2006-11-17,0.49286271106680984
2006-11-20,0.46437782895260427
2006-11-21,0.45356209269450143
2006-11-22,0.4492026143473377
2006-11-23,0.444929950043756
2006-11-24,0.4437312746495402
2006-11-27,0.4368199861616567
2006-11-28,0.436890017517335
2006-11-29,0.42197688991972837
2006-11-30,0.3740359200223885
2006-12-01,0.36877333241995547
2006-12-04,0.3250896370002092
2006-12-05,0.32184435033085596
2006-12-06,0.31999398450767885
2006-12-07,0.3202873857374794
2006-12-08,0.27944599467861087
2006-12-11,0.2200834093784777
2006-12-12,0.21769885273154602
2006-12-13,0.21746813999073106
2006-12-14,0.2085169741176142
2006-12-15,0.2005751815983492
2006-12-18,0.18438801977955965
2006-12-19,0.18309788138497834
2006-12-20,0.18121161462088028
2006-12-21,0.17970116829266072
2006-12-22,0.17984046357272745
2006-12-25,0.1681870907374229
2006-12-26,0.16850218222363092
2006-12-27,0.15741654122561524
2006-12-28,0.15771478777363818
2006-12-29,0.1403818339225836
2007-01-04,0.1368073801441645
2007-01-05,0.13639117317616117
2007-01-08,0.12338624938779831
2007-01-09,0.10899257051760211
2007-01-10,0.10086447180705124
2007-01-11,0.10119461000393411
2007-01-12,0.09827150996213867
2007-01-15,0.07602434637718918
2007-01-16,0.06924423607407748
2007-01-17,0.06927987791480904
2007-01-18,0.06855941121341592
2007-01-19,0.060876720993089224
2007-01-22,0.05233312096730648
2007-01-23,0.05190188127911019
2007-01-24,0.05068696686383672
2007-01-25,0.0500328334706816
2007-01-26,0.04632984717733332
2007-01-29,0.04300443492287495
2007-01-30,0.04346989140895044
2007-01-31,0.03812086607499349
2007-02-01,0.03783087411808281
2007-02-02,0.03735904535126403
2007-02-05,0.037898314665115826
2007-02-06,0.03603168942347423
2007-02-07,0.033952418873062946
2007-02-08,0.032529631172055984
2007-02-09,0.03273243959279517
2007-02-12,0.028846053590563893
2007-02-13,0.02798214412826794
2007-02-14,0.025846287561553535
2007-02-15,0.023117640938406146
2007-02-16,0.02299810338677593
2007-02-26,0.02228032623287037
2007-02-27,0.019345057767889574
2007-02-28,0.017331580336050423
2007-03-01,0.01808805894185741
2007-03-02,0.01730975250175819
2007-03-05,0.01753010477320998
2007-03-06,0.016763094632781257
2007-03-07,0.015391182503642813
2007-03-08,0.014811174070926119
2007-03-09,0.015108582787449584
2007-03-12,0.01501809632823955
2007-03-13,0.014681316414749419
2007-03-14,0.015471339985636023
2007-03-15,0.014423257610457846
2007-03-16,0.014800499370583033
2007-03-19,0.05194051611344055
2007-03-20,0.05770821510312872
2007-03-21,0.07583884440803242
2007-03-22,0.07848160877560618
2007-03-23,0.07867368741430181
2007-03-26,0.11053560784887526
2007-03-27,0.10961799557989806
2007-03-28,0.10924950849032367
2007-03-29,0.10971854618576002
2007-03-30,0.10960681100808962
2007-04-02,0.10478310190214593
2007-04-03,0.10292938770899894
2007-04-04,0.10201697843397751
2007-04-05,0.10051559217057866
2007-04-06,0.09938034818781859
2007-04-09,0.09496527665838203
2007-04-10,0.09290944948892865
2007-04-11,0.09095784435826662
2007-04-12,0.08783802013221778
2007-04-13,0.08819777124312171
2007-04-16,0.08292552094404401
2007-04-17,0.08190233074882569
2007-04-18,0.08126894085697625
2007-04-19,0.0758254679456618
2007-04-20,0.06596161121360256
2007-04-23,0.05797105529401212
2007-04-24,0.05793162156225137
2007-04-25,0.05792549271553368
2007-04-26,0.05632491940181735
2007-04-27,0.056844634915882306
2007-04-30,0.05356219310735539
2007-05-08,0.048237472341065575
2007-05-09,0.04777129771866276
2007-05-10,0.04706776805674506
2007-05-11,0.047278236821577425
2007-05-14,0.047060220982374466
2007-05-15,0.04616915742575106
2007-05-16,0.043061770428868995
2007-05-17,0.04073980719597467
2007-05-18,0.04090288141766352
2007-05-21,0.039714966966799756
2007-05-22,0.03905379776411813
2007-05-23,0.03755015670143468
2007-05-24,0.03794433042453372
2007-05-25,0.03650625347501275
2007-05-28,0.034371789555451254
2007-05-29,0.031224942663324325
2007-05-30,0.029050571517798926
2007-05-31,0.028452080808233943
2007-06-01,0.028907792577920765
2007-06-04,0.026181853623183773
2007-06-05,0.023114074294923143
2007-06-06,0.02254553911251461
2007-06-07,0.02065964225367872
2007-06-08,0.02037318431029051
2007-06-11,0.019179036559516083
2007-06-12,0.01783585099199977
2007-06-13,0.017146617260795825
2007-06-14,0.017594537541497358
2007-06-15,0.017367309793680882
2007-06-18,0.0156758986760728
2007-06-19,0.015786939463987657
2007-06-20,0.015737788697796407
2007-06-21,0.015424187313398034
2007-06-22,0.015198180237560852
2007-06-25,0.015295281543263525
2007-06-26,0.014817190292158089
2007-06-27,0.013475480395455227
2007-06-28,0.013967056387014459
2007-06-29,0.014495912882777283
2007-07-02,0.014576363737501907
2007-07-03,0.013942493601547307
2007-07-04,0.014471917683708207
2007-07-05,0.014815036760919581
2007-07-06,0.012489250584461773
2007-07-09,0.01143108411915699
2007-07-10,0.011515671860650962
2007-07-11,0.011354879194760624
2007-07-12,0.011187500208177702
2007-07-13,0.011387298747946395
2007-07-16,0.01187297491765238
2007-07-17,0.011032586577145667
2007-07-18,0.010808411534271126
2007-07-19,0.01085017850991154
2007-07-20,0.009181513706101489
2007-07-23,0.00751218562335314
2007-07-24,0.007430225343158663
2007-07-25,0.006720473073899525
2007-07-26,0.005336062793843916
2007-07-27,0.005252249184291056
2007-07-30,0.004549458954375158
2007-07-31,0.004340539038680318
2007-08-01,0.005103590243545861
2007-08-02,0.004204931951965554
2007-08-03,0.003339844337314471
2007-08-06,0.0028329780696807953
2007-08-07,0.002751424949598462
2007-08-08,0.00301922627825995
2007-08-09,0.002320348487175364
2007-08-10,0.0024719096430962455
2007-08-13,0.0025747151053636948
2007-08-14,0.0023543939792997686
2007-08-15,0.0021908761999021873
2007-08-16,0.00241640781302271
2007-08-17,0.0028440856781606905
2007-08-20,0.0012563483841234787
2007-08-21,0.0008912216857571956
2007-08-22,0.0005317328129889119
2007-08-23,0.0002346022409851234
2007-08-24,-0.00019462046045345691
2007-08-27,-0.0001164870288447698
2007-08-28,-3.30777808346578e-05
2007-08-29,0.00047037638569463703
2007-08-30,0.000587522189443793
2007-08-31,0.00012121909431671593
2007-09-03,-0.00027978700107881367
2007-09-04,-9.271425664619988e-05
2007-09-05,-0.00022585822960250395
2007-09-06,-0.0004066722467223932
2007-09-07,0.00017792737903870966
2007-09-10,-0.00012305990871773186
2007-09-11,0.000943711704469224
2007-09-12,0.0006226884279127225
2007-09-13,-6.321429211676347e-05
2007-09-14,-0.00028400250775751214
2007-09-17,-0.000560356415387119
2007-09-18,-0.000471678053997771
2007-09-19,-0.000300747707768197
2007-09-20,-0.0007267031008423301
2007-09-21,-0.0006298557307870331
2007-09-24,-0.0006775240209009759
2007-09-25,-0.00047697283563510515
2007-09-26,-0.0002503341076875266
2007-09-27,-0.0006417768583601079
2007-09-28,-0.001120946193404791
2007-10-08,-0.0012576534995671798
2007-10-09,-0.0014175739422457039
2007-10-10,-0.001475075241354442
2007-10-11,-0.0012735005308756144
2007-10-12,-0.0004118191118748781
2007-10-15,-0.0004332924221605209
2007-10-16,-9.469453826726229e-05
2007-10-17,0.00016280476922599002
2007-10-18,0.0009158513340039782
2007-10-19,0.0012267849259866544
2007-10-22,0.0016424501512905464
2007-10-23,0.0014790898277514163
2007-10-24,0.0012642058111656377
2007-10-25,0.001824411607663356
2007-10-26,0.0016497950145480905
2007-10-29,0.0013100318506418867
2007-10-30,2.34069876191729
2007-10-31,2.31168702298413
2007-11-01,2.3354474839659063
2007-11-02,2.3237888359686543
2007-11-05,2.348379328658723
2007-11-06,2.338334873593491
2007-11-07,2.3175458222667498
2007-11-08,2.30394651076544
2007-11-09,2.303666320070807
2007-11-12,2.2782189648781697
2007-11-13,2.2838420848037115
2007-11-14,2.1941751750232443
2007-11-15,2.1771256239553654
2007-11-16,2.1758133978090664
2007-11-19,2.1764666086125706
2007-11-20,2.1989379029374376
2007-11-21,2.2065652708307586
2007-11-22,2.1549635858233205
2007-11-23,2.1313051558231035
2007-11-26,2.130538342654721
2007-11-27,2.1280795923072273
2007-11-28,2.1235016373027746
2007-11-29,2.028087036678931
2007-11-30,2.022568138713577
2007-12-03,2.0165956025128966
2007-12-04,2.0031086506671962
2007-12-05,1.954780367355273
2007-12-06,1.9544875348558373
2007-12-07,1.9419481203205822
2007-12-10,1.9442242762860291
2007-12-11,1.9435559095722543
2007-12-12,1.929507835463138
2007-12-13,1.8952385639431593
2007-12-14,1.8798649871669955
2007-12-17,1.834931547562518
2007-12-18,1.838168854186466
2007-12-19,1.7975923950501076
2007-12-20,1.7725707566955882
2007-12-21,1.7766474591054051
2007-12-24,1.7685842666199187
2007-12-25,1.768176964549497
2007-12-26,1.7583306531833651
2007-12-27,1.7308517673039687
2007-12-28,1.738801797127091
2008-01-02,1.7320480815154948
2008-01-03,1.734518011513888
2008-01-04,1.7760784070084736
2008-01-07,1.7549408561102542
2008-01-08,1.7637294885467434
2008-01-09,1.7530941589171134
2008-01-10,1.7337428909850934
2008-01-11,1.7312866581136512
2008-01-14,1.7455006395052919
2008-01-15,1.7563880424244502
2008-01-16,1.7184284338575089
2008-01-17,1.703229181775135
2008-01-18,1.714122230577011
2008-01-21,1.7168327322315406
2008-01-22,1.6390595889375084
2008-01-23,1.4987954965138772
2008-01-24,1.4881140882157395
2008-01-25,1.4925533069806214
2008-01-28,1.5017659013595135
2008-01-29,1.4909949373647315
2008-01-30,1.4937030358196979
2008-01-31,1.475513107471202
2008-02-01,1.4937321957925331
2008-02-04,1.4073224727615978
2008-02-05,1.406727347574434
2008-02-13,1.4142328967505762
2008-02-14,1.411673271433173
2008-02-15,1.421332580119946
2008-02-18,1.4109300355388887
2008-02-19,1.4388234701142206
2008-02-20,1.4471747703525863
2008-02-21,1.449279781036682
2008-02-22,1.39426974565157
2008-02-25,1.456414046705031
2008-02-26,1.4566301340295607
2008-02-27,1.4485760441856361
2008-02-28,1.452126751447707
2008-02-29,1.4457617731277772
2008-03-03,1.4334047997964516
2008-03-04,1.4450984423162059
2008-03-05,1.4462705493791144
2008-03-06,1.4477248189800218
2008-03-07,1.455311248338472
2008-03-10,1.4268500345845216
2008-03-11,1.4270575516614272
2008-03-12,1.4368119981751621
2008-03-13,1.465595803876196
2008-03-14,1.4587286383037659
2008-03-17,1.420468940265702
2008-03-18,1.4700139095828915
2008-03-19,1.423108633832499
2008-03-20,1.3903480794821934
2008-03-21,1.394222941288542
2008-03-24,1.406725184376239
2008-03-25,1.3957532458855282
2008-03-26,1.395454022728888
2008-03-27,1.41884579414146
2008-03-28,1.433523901902346
2008-03-31,1.4520764152641266
2008-04-01,1.427007347177794
2008-04-02,1.426903119164946
2008-04-03,1.405184200743675
2008-04-07,1.436567478047932
2008-04-08,1.462722537152401
2008-04-09,1.3687673302387084
2008-04-10,1.3864220780660614
2008-04-11,1.3754802989974106
2008-04-14,1.3964479253830144
2008-04-15,1.4234863570497147
2008-04-16,1.4339416863263295
2008-04-17,1.4185084748895145
2008-04-18,1.4231245679085212
2008-04-21,1.4222599590286078
2008-04-22,1.436332066365961
2008-04-23,1.4203202897076015
2008-04-24,1.3515259223551976
2008-04-25,1.3660198293250199
2008-04-28,1.3698742135328836
2008-04-29,1.3888008735244415
2008-04-30,1.3193157150052248
2008-05-05,1.2814257185428215
2008-05-06,1.2694671596246307
2008-05-07,1.3134262789541848
2008-05-08,1.2905746511128764
2008-05-09,1.297229228548007
2008-05-12,1.3041965783554823
2008-05-13,1.317213016833997
2008-05-14,1.297470520126033
2008-05-15,1.2968793112996926
2008-05-16,1.29397935300911
2008-05-19,1.2974185672775451
2008-05-20,1.3266948559641338
2008-05-21,1.326435619895162
2008-05-22,1.3286807768687026
2008-05-23,1.3351163966813884
2008-05-26,1.3808250936897355
2008-05-27,1.3882468248623112
2008-05-28,1.3960124492797634
2008-05-29,1.4091361497685515
2008-05-30,1.4186226713572914
2008-06-02,1.4165655970908004
2008-06-03,1.4193198136941572
2008-06-04,1.409535379216514
2008-06-05,1.4028894075809282
2008-06-06,1.3959292352313866
2008-06-10,1.3507937556515015
2008-06-11,1.3089957530895255
2008-06-12,1.2882695606460393
2008-06-13,1.3122275287469702
2008-06-16,1.330472619301953
2008-06-17,1.3786566528865594
2008-06-18,1.369769871159486
2008-06-19,1.2195749556471787
2008-06-20,1.2295780417629885
2008-06-23,1.2572717735535348
2008-06-24,1.2582638383801756
2008-06-25,1.2447468885827226
2008-06-26,1.243092705021116
2008-06-27,1.2819185090231335
2008-06-30,1.282616653174834
2008-07-01,1.287623367369458
2008-07-02,1.2874890422596224
2008-07-03,1.285882702384776
2008-07-04,1.2856625961114443
2008-07-07,1.2878417136845903
2008-07-08,1.2862414808424827
2008-07-09,1.271447103733427
2008-07-10,1.2822567100685571
2008-07-11,1.285931998719541
2008-07-14,1.287887306069227
2008-07-15,1.300815107826624
2008-07-16,1.287130167731249
2008-07-17,1.2920032782643216
2008-07-18,1.3061446562248884
2008-07-21,1.30372018651911
2008-07-22,1.300697073444722
2008-07-23,1.3021463190012477
2008-07-24,1.346410767228979
2008-07-25,1.342709374094388
2008-07-28,1.3350708613191034
2008-07-29,1.3423039445465588
2008-07-30,1.3417317613488773
2008-07-31,1.3339605919939306
2008-08-01,1.3629883856606972
2008-08-04,1.3536592390206217
2008-08-05,1.3215325542173961
2008-08-06,1.3315347940479774
2008-08-07,1.3315412958880892
2008-08-08,1.3809262173947603
2008-08-11,1.421266600452735
2008-08-12,1.4302307867888433
2008-08-13,1.4339423463820529
2008-08-14,1.4339231944054136
2008-08-15,1.4303766782556533
2008-08-18,1.4641308499363048
2008-08-19,1.4665600282337925
2008-08-20,1.4341232450761574
2008-08-21,1.3764542625558176
2008-08-22,1.376225931239911
2008-08-25,1.3767190657064012
2008-08-26,1.406095218272738
2008-08-27,1.402925587785143
2008-08-28,1.4026233340930618
2008-08-29,1.40704068795454
2008-09-01,1.4170841893451764
2008-09-02,1.4100334538667638
2008-09-03,1.3996568180042084
2008-09-04,1.3994753609424406
2008-09-05,1.3900268281205157
2008-09-08,1.357737717775162
2008-09-09,1.3576072967120232
2008-09-10,1.36282073930049
2008-09-11,1.3170773317718032
2008-09-12,1.3163117428220337
2008-09-16,1.3620895721285686
2008-09-17,1.3515278053719115
2008-09-18,1.3567008562755625
2008-09-19,1.2927970416451284
2008-09-22,1.3125202075042306
2008-09-23,1.2644237011109927
2008-09-24,1.265379425399201
2008-09-25,1.305161630857934
2008-09-26,1.296689270226132
2008-10-06,1.1680431423411057
2008-10-07,1.1887582196451325
2008-10-08,1.233544776282685
2008-10-09,1.2325007072188734
2008-10-10,1.2494551498986632
2008-10-13,1.286283579856182
2008-10-14,1.3211834326972374
2008-10-15,1.3240661874529995
2008-10-16,1.3516900771089313
2008-10-17,1.3547251735661956
2008-10-20,1.3773052195602256
2008-10-21,1.3816307666372738
2008-10-22,1.3813476821005408
2008-10-23,1.3830338454753979
2008-10-24,1.3729700910049103
2008-10-27,1.37975661461248
2008-10-28,1.3902681393961025
2008-10-29,1.4192918111789
2008-10-30,1.4042849798689485
2008-10-31,1.4046323554104436
2008-11-03,1.4131573687442947
2008-11-04,1.4373325025713308
2008-11-05,1.4115187108055272
2008-11-06,1.4003254865467387
2008-11-07,1.3946264888127662
2008-11-10,1.3689987612267243
2008-11-11,1.3739927015393887
2008-11-12,1.382206547217356
2008-11-13,1.3741826728588173
2008-11-14,1.401872821101632
2008-11-17,1.39327383890872
2008-11-18,1.389068976216951
2008-11-19,1.367071942909217
2008-11-20,1.3664730481518277
2008-11-21,1.36909491296653
2008-11-24,1.3478587824808557
2008-11-25,1.3474875366069803
2008-11-26,1.3448018154229266
2008-11-27,1.3467571089510209
2008-11-28,1.3556966929466865
2008-12-01,1.3480180930908832
2008-12-02,1.3493994990290394
2008-12-03,1.33307276054866
2008-12-04,1.3558727019483017
2008-12-05,1.3510265470847056
2008-12-08,1.3158144687129492
2008-12-09,1.3278520930920745
2008-12-10,1.3502021536641071
2008-12-11,1.3491283130722576
2008-12-12,1.3109302845548187
2008-12-15,1.3088578064738903
2008-12-16,1.3139410913276692
2008-12-17,1.3116971479028907
2008-12-18,1.2926278843170587
2008-12-19,1.2945320970642487
2008-12-22,1.2824093823755351
2008-12-23,1.3234217913185744
2008-12-24,1.3395791277878417
2008-12-25,1.3326938630001934
2008-12-26,1.3339602114838442
2008-12-29,1.3334740950552377
2008-12-30,1.3400296483275682
2008-12-31,1.3418040996081362
2009-01-05,1.3427816872712874
2009-01-06,1.3280266462211998
2009-01-07,1.328488273069626
2009-01-08,1.325683691495498
2009-01-09,1.3274065142747236
2009-01-12,1.3275165986947315
2009-01-13,1.3280518934529084
2009-01-14,1.3780052579350714
2009-01-15,1.3777050097998749
2009-01-16,1.3746215326211046
2009-01-19,1.3655357564887407
2009-01-20,1.3691202591148115
2009-01-21,1.3695836935287122
2009-01-22,1.3692338437014413
2009-01-23,1.3689196178331882
2009-02-02,1.3656575449676713
2009-02-03,1.3592388545028917
2009-02-04,1.3640303845402286
2009-02-05,1.3675697111572476
2009-02-06,1.3706396720784302
2009-02-09,1.363455784253273
2009-02-10,1.3779441113569408
2009-02-11,1.3799604435694062
2009-02-12,1.377577838824612
2009-02-13,1.36447886107826
2009-02-16,1.3832149025354534
2009-02-17,1.4022492536888207
2009-02-18,1.4267764694848222
2009-02-19,1.4297603637532257
2009-02-20,1.429006758891165
2009-02-23,1.4273330032706768
2009-02-24,1.45809670466925
2009-02-25,1.4582156155274324
2009-02-26,1.4422444485323798
2009-02-27,1.4384500502162472
2009-03-02,1.4359858667069938
2009-03-03,1.4370760606448898
2009-03-04,1.429189290406415
2009-03-05,1.4346716701320203
2009-03-06,1.4280041809485555
2009-03-09,1.4670225641591752
2009-03-10,1.4701943666925952
2009-03-11,1.4682014751154266
2009-03-12,1.4679323028314284
2009-03-13,1.4710014317888374
2009-03-16,1.4727101316654547
2009-03-17,1.4609519905745032
2009-03-18,1.4596482721643858
2009-03-19,1.4753745603053
2009-03-20,1.475625235839627
2009-03-23,1.4774270212104672
2009-03-24,1.47201913333933
2009-03-25,1.4762095034375287
2009-03-26,1.4688460580861156
2009-03-27,1.4628805410779384
2009-03-30,1.451871663219586
2009-03-31,1.4604803282056433
2009-04-01,1.4705393579498682
2009-04-02,1.4585416299927383
2009-04-03,1.4590496670143405
2009-04-07,1.4593288162075375
2009-04-08,1.5006064764211327
2009-04-09,1.5041842838967694
2009-04-10,1.488437617171775
2009-04-13,1.4595906063795288
2009-04-14,1.4634093294171477
2009-04-15,1.4616635581235102
2009-04-16,1.4618293133935132
2009-04-17,1.4346624249528594
2009-04-20,1.4237307215938584
2009-04-21,1.431801230877921
2009-04-22,1.4486707786144257
2009-04-23,1.4485649124639737
2009-04-24,1.4499314618601937
2009-04-27,1.472801652291302
2009-04-28,1.4740880474408686
2009-04-29,1.4343271255765329
2009-04-30,1.4294577546095528
2009-05-04,1.4176449509079423
2009-05-05,1.4176403746833104
2009-05-06,1.4107776029948924
2009-05-07,1.4111341648390214
2009-05-08,1.4118668523786653
2009-05-11,1.4145144065326904
2009-05-12,1.39026226096571
2009-05-13,1.4007484023180587
2009-05-14,1.3996386590280505
2009-05-15,1.4000048366081126
2009-05-18,1.3969305835731805
2009-05-19,1.393652919350258
2009-05-20,1.386790275330625
2009-05-21,1.404356010821173
2009-05-22,1.4029702417562682
2009-05-25,1.4112188854870644
2009-05-26,1.4126375899423933
2009-05-27,1.4068763564850928
2009-06-01,1.3679036291566555
2009-06-02,1.366651640723458
2009-06-03,1.3579946263426377
2009-06-04,1.3597085985911666
2009-06-05,1.3656270172773994
2009-06-08,1.3642608206350137
2009-06-09,1.3726028182970962
2009-06-10,1.3603606997493713
2009-06-11,1.3574891057322689
2009-06-12,1.3524557322404678
2009-06-15,1.340509226383465
2009-06-16,1.3390150081698189
2009-06-17,1.3179456351245076
2009-06-18,1.3008300982228764
2009-06-19,1.3096183011386417
2009-06-22,1.3102506586522407
2009-06-23,1.3116291114320553
2009-06-24,1.316041383967098
2009-06-25,1.3173381986153383
2009-06-26,1.3156839465023316
2009-06-29,1.301686286060397
2009-06-30,1.300238210164005
2009-07-01,1.309740857486282
2009-07-02,1.2968885333970515
2009-07-03,1.3213177817889268
2009-07-06,1.3557549857478546
2009-07-07,1.3426404697643841
2009-07-08,1.3587322452343833
2009-07-09,1.3545005993060357
2009-07-10,1.3547184328281368
2009-07-13,1.369375509377162
2009-07-14,1.4901365462099923
2009-07-15,1.4790135317730784
2009-07-16,1.479364092583737
2009-07-17,1.474120544214411
2009-07-20,1.4368237599621996
2009-07-21,1.383723968682979
2009-07-22,1.3993254943968332
2009-07-23,1.3794060095189142
2009-07-24,1.3804743275857772
2009-07-27,1.3526056809694416
2009-07-28,1.3507173574563465
2009-07-29,1.3830136906492354
2009-07-30,1.3719381884100945
2009-07-31,1.3692957680899551
2009-08-03,1.3705178640051723
2009-08-04,1.3736297897914906
2009-08-05,1.3525621437944917
2009-08-06,1.3732147668517902
2009-08-07,1.330206428284032
2009-08-10,1.3303415175588027
2009-08-11,1.3269924608008863
2009-08-12,1.3738004999798483
2009-08-13,1.384567741642743
2009-08-14,1.3045278600618815
2009-08-17,0.9490638337435485
2009-08-18,0.9048163395322117
2009-08-19,0.8036282474195909
2009-08-20,0.7263189607889747
2009-08-21,0.6970510227168059
2009-08-24,0.6928162122953557
2009-08-25,0.7389280571248393
2009-08-26,0.747640984694863
2009-08-27,0.7429667492123855
2009-08-28,0.7782799380668783
2009-08-31,0.8914686578128955
2009-09-01,0.8908218123469953
2009-09-02,0.8849660410505161
2009-09-03,0.9328050739934137
2009-09-04,0.9318138305765526
2009-09-07,0.9300554330953155
2009-09-08,0.9295709380458109
2009-09-09,0.9388867173685362
2009-09-10,0.9484425850120523
2009-09-11,0.9478862517586212
2009-09-14,0.9646422978488763
2009-09-15,0.9646087133825832
2009-09-16,0.9691431159389319
2009-09-17,0.9676414638407123
2009-09-18,0.9475333464670952
2009-09-21,0.9473033353455318
2009-09-22,0.9894226934068917
2009-09-23,0.9940855208445337
2009-09-24,0.9954768700422194
2009-09-25,1.000803739462643
2009-09-28,1.0249466404259302
2009-09-29,1.0252034771015748
2009-09-30,1.0341873616023893
2009-10-09,1.0269771603695959
2009-10-12,1.0269487363493277
2009-10-13,1.0280943165272514
2009-10-14,1.0298782637990236
2009-10-15,1.0355807789930713
2009-10-16,1.0366896812716926
2009-10-19,1.0496733171806476
2009-10-20,1.0486310025779282
2009-10-21,1.044399988694617
2009-10-22,1.0405675422035672
2009-10-23,1.032955596319776
2009-10-26,1.0324668435136584
2009-10-27,0.9887031850863055
2009-10-28,0.9983952105608083
2009-10-29,0.9709631684406654
2009-10-30,0.9661327759530598
2009-11-02,0.9158258245747276
2009-11-03,0.8901574393054377
2009-11-04,0.8829941918268427
2009-11-05,0.8829905734134312
2009-11-06,0.878032374580329
2009-11-09,0.8806145939024812
2009-11-10,0.879138306903151
2009-11-11,0.8705795213425367
2009-11-12,0.8701747589420121
2009-11-13,0.8478323657145939
2009-11-16,0.828676177276561
2009-11-17,0.8289890567683061
2009-11-18,0.8290339894660891
2009-11-19,0.8296391081918422
2009-11-20,0.8229785974702369
2009-11-23,0.8218850265661932
2009-11-24,0.8377292238693588
2009-11-25,0.8186823172471573
2009-11-26,0.8894956809491636
2009-11-27,0.914100891944877
2009-11-30,0.9597636491072574
2009-12-01,0.955645814847751
2009-12-02,0.9509378099975271
2009-12-03,0.9499951975906914
2009-12-04,0.9655280784131578
2009-12-07,0.9726372619146784
2009-12-08,0.9729876983577262
2009-12-09,0.9680070739242885
2009-12-10,0.9712560345705177
2009-12-11,0.9716080518451431
2009-12-14,0.9589105129343924
2009-12-15,0.966778846197423
2009-12-16,0.9652901006000367
2009-12-17,0.9580453544688828
2009-12-18,0.9499802460822048
2009-12-21,0.950842141687847
2009-12-22,0.9970535878960406
2009-12-23,0.9922735438280744
2009-12-24,1.0259933817465017
2009-12-25,1.0262948638003364
2009-12-28,1.0413243432862946
2009-12-29,1.0417641596378637
2009-12-30,1.0561697960216452
2009-12-31,1.0561554469526886
2010-01-04,1.0657803694979273
2010-01-05,1.082134948888868
2010-01-06,1.0778248033699105
2010-01-07,1.0603416007795579
2010-01-08,1.0617423674474837
2010-01-11,1.0617555322135779
2010-01-12,1.035248341283191
2010-01-13,1.0920473674976234
2010-01-14,1.089384443652832
2010-01-15,1.0889165249509787
2010-01-18,1.0819865111297786
2010-01-19,1.084651377458065
2010-01-20,1.0854365703650883
2010-01-21,1.087965098504905
2010-01-22,1.09946928465709
2010-01-25,1.0968932199807533
2010-01-26,1.0902917700292232
2010-01-27,1.0870285943706814
2010-01-28,1.0876950600107604
2010-01-29,1.088027419235432
2010-02-01,1.1239589629665747
2010-02-02,1.125924292823921
2010-02-03,1.113907901124457
2010-02-04,1.115575804488626
2010-02-05,1.1199876440023095
2010-02-08,1.1190272020773322
2010-02-09,1.1192097966385304
2010-02-10,1.1289935037062073
2010-02-11,1.1274693805276537
2010-02-12,1.122362830294389
2010-02-22,1.121183658575827
2010-02-23,1.1334006585891354
2010-02-24,1.1273840399302268
2010-02-25,1.1316561208742602
2010-02-26,1.132608999697801
2010-03-01,1.133297470328785
2010-03-02,1.1328932753417507
2010-03-03,1.1376676938448425
2010-03-04,1.161367257031548
2010-03-05,1.163200329727062
2010-03-08,1.1622170791533741
2010-03-09,1.1667034483495415
2010-03-10,1.1617682805230771
2010-03-11,1.160300423246877
2010-03-12,1.1654696546625358
2010-03-15,1.167118624107281
2010-03-16,1.161100919776755
2010-03-17,1.1520892261645375
2010-03-18,1.1508625644149881
2010-03-19,1.1505207782301006
2010-03-22,1.1493389437005888
2010-03-23,1.1543863788243003
2010-03-24,1.154324674877886
2010-03-25,1.169081344978215
2010-03-26,1.1553033115676947
2010-03-29,1.1234841764599401
2010-03-30,1.1208683001753457
2010-03-31,1.115965700976956
2010-04-01,1.1064869428974988
2010-04-02,1.1046859803156364
2010-04-06,1.1033241965789642
2010-04-07,1.1017195989174688
2010-04-08,1.0754110369876237
2010-04-09,1.0746549274743755
2010-04-12,1.0858248963627464
2010-04-13,1.0943471615912768
2010-04-14,1.0886322493289096
2010-04-15,1.0853952544328866
2010-04-16,1.1002079140247611
2010-04-19,1.19415678384419
2010-04-20,1.1958669674779345
2010-04-21,1.1766445037303088
2010-04-22,1.1947644866323541
2010-04-23,1.1910960542916742
2010-04-26,1.1964993430986937
2010-04-27,1.2081697329131003
2010-04-28,1.205237401549737
2010-04-29,1.2087810373900092
2010-04-30,1.215800991936405
2010-05-04,1.2426973007054025
2010-05-05,1.244946180757276
2010-05-06,1.2546727952058006
2010-05-07,1.223254558838044
2010-05-10,1.2276372682135652
2010-05-11,1.217548341063898
2010-05-12,1.2252913853866176
2010-05-13,1.1926271334610923
2010-05-14,1.185390641380278
2010-05-17,1.29238612018292
2010-05-18,1.25314202944144
2010-05-19,1.250196741194051
2010-05-20,1.235227409000893
2010-05-21,1.23662896985773
2010-05-24,1.2894485354015102
2010-05-25,1.2950941925462587
2010-05-26,1.2951226245105971
2010-05-27,1.290558031409811
2010-05-28,1.2934853254803038
2010-05-31,1.320667635294669
2010-06-01,1.320389161797634
2010-06-02,1.328273933163866
2010-06-03,1.3359694774246835
2010-06-04,1.3423638637272763
2010-06-07,1.3483892499822316
2010-06-08,1.3498044859263485
2010-06-09,1.3377720810507556
2010-06-10,1.3254151236345906
2010-06-11,1.320314943269945
2010-06-17,1.318958904644716
2010-06-18,1.3239642457942318
2010-06-21,1.3105058127502367
2010-06-22,1.3107996538716251
2010-06-23,1.3021291894728575
2010-06-24,1.302132004476197
2010-06-25,1.3091361560597774
2010-06-28,1.3109795321944702
2010-06-29,1.3068694123265228
2010-06-30,1.2827281751868784
2010-07-01,1.3057057647992028
2010-07-02,1.3072742589163098
2010-07-05,1.3134240287420371
2010-07-06,1.3057948632154568
2010-07-07,1.3043471141900747
2010-07-08,1.304794984010452
2010-07-09,1.2843141181821038
2010-07-12,1.2895263916041764
2010-07-13,1.2967125996063626
2010-07-14,1.3007843377695814
2010-07-15,1.3136714338501572
2010-07-16,1.3128989589312547
2010-07-19,1.3168603738206621
2010-07-20,1.3196629042195587
2010-07-21,1.3184645845872405
2010-07-22,1.3178554137576688
2010-07-23,1.320424250687095
2010-07-26,1.3126034208825046
2010-07-27,1.310786084432687
2010-07-28,1.3259217282461104
2010-07-29,1.329278512077362
2010-07-30,1.3319667818681054
2010-08-02,1.3246593178535302
2010-08-03,1.333240078261974
2010-08-04,1.3331255632403125
2010-08-05,1.3359004793641145
2010-08-06,1.3482668353855007
2010-08-09,1.3440248822293188
2010-08-10,1.3496856527169587
2010-08-11,1.3450690647057135
2010-08-12,1.3513169402054104
2010-08-13,1.3438772717698027
2010-08-16,1.342818484278197
2010-08-17,1.3409396940453076
2010-08-18,1.340837435305667
2010-08-19,1.3468732365946823
2010-08-20,1.3570207769329292
2010-08-23,1.3566016484632437
2010-08-24,1.354978859739499
2010-08-25,1.3709800961593364
2010-08-26,1.3713268060397508
2010-08-27,1.372560083073188
2010-08-30,1.3686312832370147
2010-08-31,1.3747382802446693
2010-09-01,1.3751921341390059
2010-09-02,1.362254518423739
2010-09-03,1.36257984945714
2010-09-06,1.4281905873164567
2010-09-07,1.4245599875182247
2010-09-08,1.4248731892150637
2010-09-09,1.403663521064764
2010-09-10,1.4002521184273127
2010-09-13,1.3935669793199115
2010-09-14,1.393571608249093
2010-09-15,1.4058847130756984
2010-09-16,1.3421373374585672
2010-09-17,1.3379002088308134
2010-09-20,1.3407018032170146
2010-09-21,1.3408901202548955
2010-09-27,1.323106627643178
2010-09-28,1.3323008096055997
2010-09-29,1.3316493351001504
2010-09-30,1.3235797499017885
2010-10-08,1.29759015355102
2010-10-11,1.4008249223269174
2010-10-12,1.368965912356552
2010-10-13,1.355753671924869
2010-10-14,1.3586492321745063
2010-10-15,1.4102089049629807
2010-10-18,1.3930245623146336
2010-10-19,1.3384295795427874
2010-10-20,1.338131224053218
2010-10-21,1.3426285331222256
2010-10-22,1.3413650515714104
2010-10-25,1.4032284062784488
2010-10-26,1.3898189194450483
2010-10-27,1.4190629838690592
2010-10-28,1.418404665292208
2010-10-29,1.429298557361093
2010-11-01,1.412610620918816
2010-11-02,1.416544175145146
2010-11-03,1.3928187204520968
2010-11-04,1.3811582228760073
2010-11-05,1.3872722410242484
2010-11-08,1.3908801098375876
2010-11-09,1.3975249134296557
2010-11-10,1.4051890087373404
2010-11-11,1.4063602471496197
2010-11-12,1.4273743525542404
2010-11-15,1.4260199684330128
2010-11-16,1.3617571341660497
2010-11-17,1.3600870384487778
2010-11-18,1.3513781503960174
2010-11-19,1.3471525630671073
2010-11-22,1.3488469974802109
2010-11-23,1.346649518345803
2010-11-24,1.3477162898592312
2010-11-25,1.3480728830404216
2010-11-26,1.351691926877637
2010-11-29,1.3537064838187571
2010-11-30,1.357404276261475
2010-12-01,1.3573428361823774
2010-12-02,1.3564952383451125
2010-12-03,1.3568370381322186
2010-12-06,1.3616610558838904
2010-12-07,1.3456412624247136
2010-12-08,1.3525454399132713
2010-12-09,1.3374932780458901
2010-12-10,1.3327952912603662
2010-12-13,1.2996041412068542
2010-12-14,1.2965962932951265
2010-12-15,1.2915177551366965
2010-12-16,1.2938516320287057
2010-12-17,1.2933752530440161
2010-12-20,1.3045351406387857
2010-12-21,1.3078061687549767
2010-12-22,1.3155684591343388
2010-12-23,1.3103300988336843
2010-12-24,1.3025357114833571
2010-12-27,1.2853065108724882
2010-12-28,1.2780976936254285
2010-12-29,1.2761790708936769
2010-12-30,1.276226426234848
2010-12-31,1.291245896349425
2011-01-04,1.2639314253082936
2011-01-05,1.2656974121295779
2011-01-06,1.2646447221351278
2011-01-07,1.2664912967961905
2011-01-10,1.2631241754605673
2011-01-11,1.2573191165722346
2011-01-12,1.2572942689266584
2011-01-13,1.257530147873346
2011-01-14,1.2507679279292088
2011-01-17,1.194452405915072
2011-01-18,1.1946173280796877
2011-01-19,1.1670945521731781
2011-01-20,1.157961008322561
2011-01-21,1.1594831393842733
2011-01-24,1.1536064235546781
2011-01-25,1.1496771534441004
2011-01-26,1.1406223710345211
2011-01-27,1.133946350278193
2011-01-28,1.1327064474171809
2011-01-31,1.121471612671401
2011-02-01,1.1214749846305372
2011-02-09,1.1278358918941247
2011-02-10,1.1230563735622674
2011-02-11,1.1240638225642592
2011-02-14,1.2402678610443123
2011-02-15,1.2413626126784836
2011-02-16,1.2387499648178422
2011-02-17,1.239228141642741
2011-02-18,1.232521516219051
2011-02-21,1.2322288518632813
2011-02-22,1.247333542798651
2011-02-23,1.2461744355874051
2011-02-24,1.2537315903420891
2011-02-25,1.2534835540696465
2011-02-28,1.260392128160232
2011-03-01,1.2561207001602916
2011-03-02,1.2587129746399295
2011-03-03,1.2549546619902137
2011-03-04,1.2502250758014315
2011-03-07,1.2618132677781146
2011-03-08,1.2620051386512763
2011-03-09,1.2619627542590843
2011-03-10,1.2617759918639115
2011-03-11,1.25409409777434
2011-03-14,1.249639441439987
2011-03-15,1.2514400942674062
2011-03-16,1.2439162018710819
2011-03-17,1.241713313192231
2011-03-18,1.2419794068914487
2011-03-21,1.24185627988223
2011-03-22,1.2409887485611752
2011-03-23,1.2338463789785123
2011-03-24,1.234756990745468
2011-03-25,1.238632546663673
2011-03-28,1.2386105842323063
2011-03-29,1.2241159779038056
2011-03-30,1.2260912883155108
2011-03-31,1.2088419881591022
2011-04-01,1.2054994870871896
2011-04-06,1.226761585310312
2011-04-07,1.2305743275070051
2011-04-08,1.2238347119472177
2011-04-11,1.2180312750727607
2011-04-12,1.221215507447763
2011-04-13,1.263974466379674
2011-04-14,1.2699415508152276
2011-04-15,1.2715286580520286
2011-04-18,1.2718527952835839
2011-04-19,1.2868802065032396
2011-04-20,1.2867664187218912
2011-04-21,1.2963669419152133
2011-04-22,1.3055713850615664
2011-04-25,1.305945611219642
2011-04-26,1.30419854316456
2011-04-27,1.2873003795378921
2011-04-28,1.2520122683005723
2011-04-29,1.219891796506635
2011-05-03,1.2183447042937914
2011-05-04,1.1167997888789678
2011-05-05,1.1186299339993775
2011-05-06,1.1195019149010859
2011-05-09,1.1178726937613097
2011-05-10,1.1260795431363944
2011-05-11,1.129787535883075
2011-05-12,1.133551587120136
2011-05-13,1.1462114336348366
2011-05-16,1.142668476911247
2011-05-17,1.1479762492427779
2011-05-18,1.1381037514184187
2011-05-19,1.1369324458796042
2011-05-20,1.1369021427788009
2011-05-23,1.1893006662405075
2011-05-24,1.189167342811049
2011-05-25,1.19639061857415
2011-05-26,1.1889691723626192
2011-05-27,1.185663398558469
2011-05-30,1.1827728894454492
2011-05-31,1.1739432097101228
2011-06-01,1.1719009072975244
2011-06-02,1.1903617653401621
2011-06-03,1.1853214765076705
2011-06-07,1.1805737830303553
2011-06-08,1.1792960665670154
2011-06-09,1.1141016944076403
2011-06-10,1.1159617077005886
2011-06-13,1.1181265517336205
2011-06-14,1.1075104064325516
2011-06-15,1.1106433239372686
2011-06-16,1.1145341819341306
2011-06-17,1.107454051977055
2011-06-20,1.101084634040745
2011-06-21,1.0848345390396157
2011-06-22,1.0847703096936074
2011-06-23,1.0810089721981164
2011-06-24,1.1402657151206528
2011-06-27,1.1355583056809124
2011-06-28,1.1358811481252602
2011-06-29,1.1233047260215372
2011-06-30,1.1026996340918882
2011-07-01,1.1028575540312502
2011-07-04,1.092299006082544
2011-07-05,1.092286532351312
2011-07-06,1.094423570458546
2011-07-07,1.0954729345309624
2011-07-08,1.0948300766232322
2011-07-11,1.093911288806154
2011-07-12,1.140053434152451
2011-07-13,1.1451559821632467
2011-07-14,1.1455147525437255
2011-07-15,1.1489391112076845
2011-07-18,1.1489214791918054
2011-07-19,1.1532566637247859
2011-07-20,1.153298368234844
2011-07-21,1.1488461067858762
2011-07-22,1.150055567255393
2011-07-25,1.1337813686236904
2011-07-26,1.135278011559371
2011-07-27,1.125530498610032
2011-07-28,1.1319685097422432
2011-07-29,1.1235244616912734
2011-08-01,1.1200639656080982
2011-08-02,1.1323398580366437
2011-08-03,1.1322152234412595
2011-08-04,1.1325041335431991
2011-08-05,1.1305110018705122
2011-08-08,1.2085967615274926
2011-08-09,1.205773774486349
2011-08-10,1.2006381834190438
2011-08-11,1.2471627468342052
2011-08-12,1.242465565656615
2011-08-15,1.2358611436755615
2011-08-16,1.242683002981018
2011-08-17,1.2310870383170214
2011-08-18,1.2219792098272242
2011-08-19,1.2277211971140023
2011-08-22,1.2121708392231623
2011-08-23,1.2351406336587436
2011-08-24,1.2368223627195827
2011-08-25,1.271872929394574
2011-08-26,1.2709680009114
2011-08-29,1.2947219909055467
2011-08-30,1.297041009282598
2011-08-31,1.2969909917282767
2011-09-01,1.2964906314477245
2011-09-02,1.290202433962835
2011-09-05,1.302708648318129
2011-09-06,1.2910980903152065
2011-09-07,1.2954088239315216
2011-09-08,1.2914351659966963
2011-09-09,1.2881851980900774
2011-09-13,1.2652447996343816
2011-09-14,1.277138742331445
2011-09-15,1.2776657343456042
2011-09-16,1.2734503754131152
2011-09-19,1.2582009507561733
2011-09-20,1.2683292392234002
2011-09-21,1.2657498824678357
2011-09-22,1.2603614545802038
2011-09-23,1.246540591183837
2011-09-26,1.225534179031989
2011-09-27,1.233260346601485
2011-09-28,1.2370397387010692
2011-09-29,1.2240105782611532
2011-09-30,1.2262557360708402
2011-10-10,1.222890290326132
2011-10-11,1.2194574055478422
2011-10-12,1.3007743617317624
2011-10-13,1.291422860561021
2011-10-14,1.2929676669847743
2011-10-17,1.282403474618064
2011-10-18,1.2876247648841812
2011-10-19,1.2833329145469663
2011-10-20,1.177292723892629
2011-10-21,1.1782866519845694
2011-10-24,1.1914003702767786
2011-10-25,1.1519680838969162
2011-10-26,1.1371427153128582
2011-10-27,1.138146807309963
2011-10-28,1.1141538337551748
2011-10-31,1.1189502599314964
2011-11-01,1.120004507904479
2011-11-02,1.114689920457249
2011-11-03,1.1128116936696344
2011-11-04,1.108610763499699
2011-11-07,1.1067308425859044
2011-11-08,1.1040721130619877
2011-11-09,1.1073568567677634
2011-11-10,1.1318212900816178
2011-11-11,1.1320227830274365
2011-11-14,1.1422441230543599
2011-11-15,1.144219365566657
2011-11-16,1.1417450838918382
2011-11-17,1.1427741168482153
2011-11-18,1.1313569726532406
2011-11-21,1.1310883243000949
2011-11-22,1.130986981505663
2011-11-23,1.142260299249324
2011-11-24,1.1411459926576584
2011-11-25,1.1445824109969158
2011-11-28,1.146327681329245
2011-11-29,1.1352475743921422
2011-11-30,1.2184122632714915
2011-12-01,1.207826353718016
2011-12-02,1.2114459338458652
2011-12-05,1.1914543732345622
2011-12-06,1.1897581622929982
2011-12-07,1.1877458729265284
2011-12-08,1.1878581164413926
2011-12-09,1.1883666476481862
2011-12-12,1.1855402483882123
2011-12-13,1.165594061075246
2011-12-14,1.1649283848206895
2011-12-15,1.1156090272422066
2011-12-16,1.1056327267289978
2011-12-19,1.1084077461561908
2011-12-20,1.1096725553898863
2011-12-21,1.1181961848851156
2011-12-22,1.1173269857660089
2011-12-23,1.1127448365698978
2011-12-26,1.1120662526554097
2011-12-27,1.101134792919751
2011-12-28,1.105375121708564
2011-12-29,1.1013213692945925
2011-12-30,1.072950230526091
2012-01-04,1.0425865183978211
2012-01-05,1.0469540817087994
2012-01-06,1.060576670084498
2012-01-09,1.039999496482731
2012-01-10,1.0238709032445579
2012-01-11,1.027091897168103
2012-01-12,1.027023333430639
2012-01-13,1.0224259551176151
2012-01-16,0.9835764096644223
2012-01-17,1.0060493488817803
2012-01-18,1.0000336948321136
2012-01-19,1.0010421686613342
2012-01-20,0.9977993513112456
2012-01-30,1.0196363675781936
2012-01-31,1.019425527740459
2012-02-01,1.0293481073765405
2012-02-02,1.0260815958129805
2012-02-03,1.0221745854960596
2012-02-06,1.0221825083881408
2012-02-07,1.0319265039793022
2012-02-08,1.0422310908735037
2012-02-09,1.0420092025890701
2012-02-10,1.0421019819174666
2012-02-13,1.0420238418096355
2012-02-14,1.0403226131089152
2012-02-15,1.0431848470662421
2012-02-16,1.0435944096345982
2012-02-17,1.0436265665768534
2012-02-20,1.0431072665993095
2012-02-21,1.0402523658916019
2012-02-22,1.062889020371464
2012-02-23,1.0609962673035191
2012-02-24,1.0798614678661345
2012-02-27,1.0842482568417997
2012-02-28,1.0837212490319457
2012-02-29,1.092038211160994
2012-03-01,1.0919033174874233
2012-03-02,1.1105532692585318
2012-03-05,1.0966454590866228
2012-03-06,1.0571924978016782
2012-03-07,1.051954571998217
2012-03-08,1.108630185215726
2012-03-09,1.0908341926212275
2012-03-12,1.092025299532897
2012-03-13,1.0917774935941618
2012-03-14,1.1126539276578034
2012-03-15,1.1161700766427176
2012-03-16,1.124745121816094
2012-03-19,1.125940703962552
2012-03-20,1.1740289597219447
2012-03-21,1.172718386783561
2012-03-22,1.1695715693411524
2012-03-23,1.177327129561034
2012-03-26,1.1767405798639887
2012-03-27,1.1747216177249058
2012-03-28,1.0902926718339514
2012-03-29,1.069834992565883
2012-03-30,1.0729335000855675
2012-04-05,1.1183715304071098
2012-04-06,1.1215635236896921
2012-04-09,1.127360743445984
2012-04-10,1.1142157310220826
2012-04-11,1.1146684783709875
2012-04-12,1.1536683880930612
2012-04-13,1.1477515103150435
2012-04-16,1.14787760135521
2012-04-17,1.1688011250176367
2012-04-18,1.2069871411935076
2012-04-19,1.2073795188232173
2012-04-20,1.2290644676281763
2012-04-23,1.2465961562314904
2012-04-24,1.246984407044877
2012-04-25,1.246234142789703
2012-04-26,1.2470340322502624
2012-04-27,1.253373261565352
2012-05-02,1.2578780868338941
2012-05-03,1.2620442455521126
2012-05-04,1.2397223249826521
2012-05-07,1.2390913992769497
2012-05-08,1.2481579953427004
2012-05-09,1.2304147656025122
2012-05-10,1.2304869330814312
2012-05-11,1.2258403722225089
2012-05-14,1.1964696953215264
2012-05-15,1.1973827666113868
2012-05-16,1.1871522233299256
2012-05-17,1.269877129614707
2012-05-18,1.272394572895109
2012-05-21,1.2491071403912801
2012-05-22,1.288364145346034
2012-05-23,1.2667294601775927
2012-05-24,1.280959973230022
2012-05-25,1.2925726866903893
2012-05-28,1.2925711705024854
2012-05-29,1.3340460438156536
2012-05-30,1.3326857446014706
2012-05-31,1.3287504208194845
2012-06-01,1.32897471229067
2012-06-04,1.3537577500823754
2012-06-05,1.3535792334773338
2012-06-06,1.3542234826219648
2012-06-07,1.3492806178794001
2012-06-08,1.3294207070263655
2012-06-11,1.3641103210117944
2012-06-12,1.3574703155753132
2012-06-13,1.373254700536691
2012-06-14,1.3798125613747678
2012-06-15,1.3760204201381512
2012-06-18,1.3939416909844637
2012-06-19,1.4128099026283052
2012-06-20,1.4161545708363572
2012-06-21,1.4213767612708395
2012-06-25,1.4176075857097556
2012-06-26,1.4170177543916485
2012-06-27,1.4227668746231428
2012-06-28,1.4442446857634372
2012-06-29,1.4390537658073534
2012-07-02,1.4386196339090547
2012-07-03,1.4384493531698306
2012-07-04,1.434939299398997
2012-07-05,1.5361512567358475
2012-07-06,1.5307335725550562
2012-07-09,1.5279897158606393
2012-07-10,1.5277059941118252
2012-07-11,1.5354182623919097
2012-07-12,1.5604202526888278
2012-07-13,1.5601800891966648
2012-07-16,1.4929024911242879
2012-07-17,1.5194531181947204
2012-07-18,1.5206174093205393
2012-07-19,1.5225288322145598
2012-07-20,1.531802140802845
2012-07-23,1.484178446273209
2012-07-24,1.4909548936025463
2012-07-25,1.4987451456517116
2012-07-26,1.492128627797815
2012-07-27,1.4850051874653258
2012-07-30,1.5064831190571057
2012-07-31,1.5038099944344516
2012-08-01,1.534070432536287
2012-08-02,1.5499446076920136
2012-08-03,1.5556399903273883
2012-08-06,1.5773290132500146
2012-08-07,1.5743360506109596
2012-08-08,1.5769895554771434
2012-08-09,1.539851466232326
2012-08-10,1.543944642468515
2012-08-13,1.7279404090935901
2012-08-14,1.722706753910495
2012-08-15,1.6872173076611785
2012-08-16,1.6788403834951837
2012-08-17,1.6774948617155636
2012-08-20,1.6755860843671595
2012-08-21,1.703251703666448
2012-08-22,1.6868797699668157
2012-08-23,1.6829195222231355
2012-08-24,1.6551163201529546
2012-08-27,1.6474038503561816
2012-08-28,1.6855684207585904
2012-08-29,1.7011138501193566
2012-08-30,1.69268432557577
2012-08-31,1.6993055025291322
2012-09-03,1.743325372293293
2012-09-04,1.738903641307248
2012-09-05,1.7398562453252424
2012-09-06,1.7297828325948001
2012-09-07,1.6692888626865918
2012-09-10,1.6660190090065516
2012-09-11,1.6499005676343514
2012-09-12,1.6388094395431043
2012-09-13,1.6547396749199865
2012-09-14,1.6531519272366568
2012-09-17,1.6538283644693283
2012-09-18,1.6455751112161208
2012-09-19,1.6498139563311045
2012-09-20,1.6079045127826601
2012-09-21,1.6075979565680478
2012-09-24,1.6092680717580885
2012-09-25,1.6031437675099367
2012-09-26,1.6045269940184925
2012-09-27,1.7064239497957332
2012-09-28,1.6825084247360589
2012-10-08,1.6769604540128458
2012-10-09,1.629946497700106
2012-10-10,1.6266576414744554
2012-10-11,1.6330821161586622
2012-10-12,1.6328099937901743
2012-10-15,1.6150606540552908
2012-10-16,1.61233573886126
2012-10-17,1.608294738496092
2012-10-18,1.528962580877047
2012-10-19,1.5283549621421106
2012-10-22,1.5250310367947817
2012-10-23,1.5575908583413067
2012-10-24,1.5593361317704828
2012-10-25,1.545598957199057
2012-10-26,1.5188520168513095
2012-10-29,1.518840859447783
2012-10-30,1.5237795228973205
2012-10-31,1.5111605267809114
2012-11-01,1.4993034820952926
2012-11-02,1.4960257916458841
2012-11-05,1.500306036124353
2012-11-06,1.4912353979252904
2012-11-07,1.4929220880239862
2012-11-08,1.5509374271793377
2012-11-09,1.5559045037670345
2012-11-12,1.5426096560308094
2012-11-13,1.5590549171639632
2012-11-14,1.5673940669309583
2012-11-15,1.536285314149922
2012-11-16,1.5362871432771368
2012-11-19,1.5327981414301497
2012-11-20,1.5352014025624026
2012-11-21,1.5585786886781114
2012-11-22,1.559494038169289
2012-11-23,1.5503168355299701
2012-11-26,1.5611681888984985
2012-11-27,1.552184021793948
2012-11-28,1.5401342584951294
2012-11-29,1.6134645211043621
2012-11-30,1.5605531006791693
2012-12-03,1.554700224916512
2012-12-04,1.5782765527175082
2012-12-05,1.5962665998879735
2012-12-06,1.5979843985337638
2012-12-07,1.5931094004289215
2012-12-10,1.591819292985734
2012-12-11,1.5922119566520336
2012-12-12,1.5904842734793656
2012-12-13,1.5833458548161927
2012-12-14,1.5506035580040798
2012-12-17,1.5519645971846259
2012-12-18,1.5515548422160208
2012-12-19,1.5502686858166355
2012-12-20,1.5520788888051174
2012-12-21,1.5593274554455354
2012-12-24,1.5611242929454632
2012-12-25,1.5370745258605032
2012-12-26,1.5339640395495684
2012-12-27,1.5344134515261851
2012-12-28,1.5432212132874636
2012-12-31,1.5226107348165783
2013-01-04,1.5220498393706132
2013-01-07,1.5156813192385796
2013-01-08,1.5225428069595708
2013-01-09,1.5224879783164136
2013-01-10,1.522110501963599
2013-01-11,1.5523036434699058
2013-01-14,1.53817550306219
2013-01-15,1.537207352489337
2013-01-16,1.543246308999447
2013-01-17,1.522211595804172
2013-01-18,1.5010929744551775
2013-01-21,1.4967225698847164
2013-01-22,1.4974282063617343
2013-01-23,1.4975229184615484
2013-01-24,1.4853822869520397
2013-01-25,1.4911810193361517
2013-01-28,1.4800408820430175
2013-01-29,1.4967761333407026
2013-01-30,1.4975433238179667
2013-01-31,1.4954838152908532
2013-02-01,1.5392160798047485
2013-02-04,1.5378332639409027
2013-02-05,1.517943114155854
2013-02-06,1.518353622110306
2013-02-07,1.5104255838164575
2013-02-08,1.504391173481436
2013-02-18,1.522516291203194
2013-02-19,1.4614097270950006
2013-02-20,1.4591188869916365
2013-02-21,1.469520908607651
2013-02-22,1.4695193854037543
2013-02-25,1.4701266548004124
2013-02-26,1.4689946269516436
2013-02-27,1.4782259889429838
2013-02-28,1.434515216135918
2013-03-01,1.4349450397732586
2013-03-04,1.3970252616840022
2013-03-05,1.3931651506915836
2013-03-06,1.3781358815328755
2013-03-07,1.3760375525897681
2013-03-08,1.3724813276007883
2013-03-11,1.3740568893837197
2013-03-12,1.3673179782714875
2013-03-13,1.3775262139621698
2013-03-14,1.3757914079709541
2013-03-15,1.3769232892220393
2013-03-18,1.3431648622914312
2013-03-19,1.343435804248218
2013-03-20,1.325352475268613
2013-03-21,1.3248169280574176
2013-03-22,1.3244688005533605
2013-03-25,1.3270757515498224
2013-03-26,1.347427500054043
2013-03-27,1.3456020022854545
2013-03-28,1.3915882330784557
2013-03-29,1.391819620231846
2013-04-01,1.390738895997596
2013-04-02,1.386304222503244
2013-04-03,1.3875458423784701
2013-04-08,1.3886829661227753
2013-04-09,1.3892281836983449
2013-04-10,1.3913487013169588
2013-04-11,1.3938930050118596
2013-04-12,1.3996869633842384
2013-04-15,1.3832969397970594
2013-04-16,1.3974546171243496
2013-04-17,1.3977479734963345
2013-04-18,1.4005330716715538
2013-04-19,1.380323179943618
2013-04-22,1.3811055952823115
2013-04-23,1.3962596387658979
2013-04-24,1.405891461544177
2013-04-25,1.3979336792555115
2013-04-26,1.390256644598548
2013-05-02,1.3912292990623238
2013-05-03,1.392557631799714
2013-05-06,1.3821308294573245
2013-05-07,1.3796614802672178
2013-05-08,1.3691207442102022
2013-05-09,1.362025297141612
2013-05-10,1.3582284504799418
2013-05-13,1.3611949753759633
2013-05-14,1.3571354752490046
2013-05-15,1.3565510247832002
2013-05-16,1.3735971698245963
2013-05-17,1.3578861805120246
2013-05-20,1.3578675899453307
2013-05-21,1.3567659723683685
2013-05-22,1.357235928090635
2013-05-23,1.3537567340299292
2013-05-24,1.3541722902802062
2013-05-27,1.3551189815054785
2013-05-28,1.3695865591836238
2013-05-29,1.3694546422623233
2013-05-30,1.3612796415908694
2013-05-31,1.3678036863677816
2013-06-03,1.3658175532784944
2013-06-04,1.3784882441350634
2013-06-05,1.3714774684984503
2013-06-06,1.3422618754316484
2013-06-07,1.292663967444813
2013-06-13,1.3570686302337662
2013-06-14,1.3473038987013137
2013-06-17,1.3503061222129926
2013-06-18,1.3438719602162497
2013-06-19,1.361249016653578
2013-06-20,1.2794851739145463
2013-06-21,1.2769514920742437
2013-06-24,1.193720126785735
2013-06-25,1.1974149747732983
2013-06-26,1.1961776061697826
2013-06-27,1.203442099207839
2013-06-28,1.214870915590599
2013-07-01,1.2063016269856075
2013-07-02,1.2036385221854793
2013-07-03,1.2150826775975638
2013-07-04,1.2133112223417655
2013-07-05,1.2132250751369384
2013-07-08,1.2082923528404668
2013-07-09,1.208283071495677
2013-07-10,1.2174002826892665
2013-07-11,1.274747661684537
2013-07-12,1.283477754466664
2013-07-15,1.3063328675257686
2013-07-16,1.3046742597853942
2013-07-17,1.310048885040471
2013-07-18,1.2974504589501312
2013-07-19,1.294528693444058
2013-07-22,1.2946930874103386
2013-07-23,1.2988293928017247
2013-07-24,1.297901866334332
2013-07-25,1.2958162164570868
2013-07-26,1.2989867978713219
2013-07-29,1.3064733283783778
2013-07-30,1.312111736104752
2013-07-31,1.3121633211875692
2013-08-01,1.3072485878930193
2013-08-02,1.3066199270850793
2013-08-05,1.2996424692829842
2013-08-06,1.2974591517036886
2013-08-07,1.298170670624989
2013-08-08,1.2987029448871694
2013-08-09,1.2977036882805901
2013-08-12,1.2879015955777693
2013-08-13,1.2877137216849235
2013-08-14,1.2864689928875834
2013-08-15,1.2800572345986456
2013-08-16,1.269192568118034
2013-08-19,1.2370958719554805
2013-08-20,1.2362020296186238
2013-08-21,1.2345887732663994
2013-08-22,1.2352646376682221
2013-08-23,1.2351678329654314
2013-08-26,1.2709335647428022
2013-08-27,1.2711258404467667
2013-08-28,1.2702781877144103
2013-08-29,1.2648392906591832
2013-08-30,1.2624684245677043
2013-09-02,1.264040537295417
2013-09-03,1.2325224819510443
2013-09-04,1.2333163045314408
2013-09-05,1.2372519275055491
2013-09-06,1.235943903912072
2013-09-09,1.2009865970170446
2013-09-10,1.2146770290662552
2013-09-11,1.2157799046133941
2013-09-12,1.2375048945477392
2013-09-13,1.226098814868319
2013-09-16,1.2335280257017183
2013-09-17,1.2026989567147395
2013-09-18,1.200885507446504
2013-09-23,1.183357677658425
2013-09-24,1.1892391559981985
2013-09-25,1.1863855330718278
2013-09-26,1.1742388481816832
2013-09-27,1.177968860559638
2013-09-30,1.1649539724541207
2013-10-08,1.158986388739741
2013-10-09,1.1577975568335357
2013-10-10,1.1745152950630209
2013-10-11,1.167824856288765
2013-10-14,1.1672761062189074
2013-10-15,1.165469640577833
2013-10-16,1.182060230661228
2013-10-17,1.1781927357397088
2013-10-18,1.1824791099717715
2013-10-21,1.1532745452933801
2013-10-22,1.1527991035221672
2013-10-23,1.1421974444132161
2013-10-24,1.1475417327256454
2013-10-25,1.1436780098748491
2013-10-28,1.143961851174956
2013-10-29,1.1430887656698931
2013-10-30,1.149010510614603
2013-10-31,1.1005577425347546
2013-11-01,1.1013561841305102
2013-11-04,1.10531707429762
2013-11-05,1.104311490384988
2013-11-06,1.0988825538118538
2013-11-07,1.0927145296361258
2013-11-08,1.1055551907198264
2013-11-11,1.1043267947652433
2013-11-12,1.0958697298790365
2013-11-13,1.096614470906667
2013-11-14,1.091368809895158
2013-11-15,1.1580284578861697
2013-11-18,1.191754538516522
2013-11-19,1.1936106227588394
2013-11-20,1.1917564859489451
2013-11-21,1.1811074241215949
2013-11-22,1.1786625521274372
2013-11-25,1.1827785009070937
2013-11-26,1.181796490813498
2013-11-27,1.210031301546376
2013-11-28,1.1802719178480652
2013-11-29,1.1804108730670477
2013-12-02,1.0531787352514355
2013-12-03,1.0142631416718795
2013-12-04,0.9722917706376616
2013-12-05,0.9687560983327348
2013-12-06,0.9832301264823523
2013-12-09,0.9826516333994613
2013-12-10,0.9829215977111785
2013-12-11,1.0245676593512294
2013-12-12,1.02472969660536
2013-12-13,1.0230201193658777
2013-12-16,1.036943589930217
2013-12-17,1.034764587791881
2013-12-18,1.0354180808961504
2013-12-19,1.0140849408865698
2013-12-20,0.9064390672812392
2013-12-23,0.8941593613589935
2013-12-24,0.8925697422827586
2013-12-25,0.9126481648400758
2013-12-26,0.9275971828926558
2013-12-27,0.9467597894544263
2013-12-30,0.9453644374468594
2013-12-31,0.9534327664152338
2014-01-02,0.9550611644520461
2014-01-03,0.9823354183260105
2014-01-06,0.9255306695810047
2014-01-07,0.9257109593442168
2014-01-08,0.9275417574134609
2014-01-09,0.9456689803905516
2014-01-10,0.9533258060554011
2014-01-13,0.9579487493644042
2014-01-14,0.957769781635628
2014-01-15,0.9591879328928681
2014-01-16,0.9593992536575201
2014-01-17,0.9635523492346681
2014-01-20,0.9595372684363012
2014-01-21,0.9743768275078826
2014-01-22,0.9916852370619307
2014-01-23,0.9935907513891007
2014-01-24,0.9996598930730051
2014-01-27,1.021792742880698
2014-01-28,1.023478193246161
2014-01-29,1.0265663171606556
2014-01-30,1.0319969396829793
2014-02-07,1.0338812705270473
2014-02-10,1.02960886993278
2014-02-11,1.0291776300184308
2014-02-12,1.0285168660057675
2014-02-13,1.0344478179960774
2014-02-14,1.0303593214154467
2014-02-17,1.0275344979844128
2014-02-18,1.0730698492588344
2014-02-19,1.0570132720246264
2014-02-20,1.0886529848552222
2014-02-21,1.1209931284387487
2014-02-24,1.057685551545182
2014-02-25,1.098238600877455
2014-02-26,1.0991038722634927
2014-02-27,1.0954980172742483
2014-02-28,1.1458520469807008
2014-03-03,1.1282763456322649
2014-03-04,1.1274663650056531
2014-03-05,1.1188415886271559
2014-03-06,1.1200684063637896
2014-03-07,1.1266983043223948
2014-03-10,1.1100158907217774
2014-03-11,1.1059981782761052
2014-03-12,1.1042015847095399
2014-03-13,1.0938009481548894
2014-03-14,1.0729669069708643
2014-03-17,1.0837059077728017
2014-03-18,1.0870111888876117
2014-03-19,1.0876314200740504
2014-03-20,1.0762862026392142
2014-03-21,1.0906822636920714
2014-03-24,1.1026141494937518
2014-03-25,1.1031153794835025
2014-03-26,1.1043448710916322
2014-03-27,1.1056189977388409
2014-03-28,1.1075293155534183
2014-03-31,1.1081062009499354
2014-04-01,1.113095618860022
2014-04-02,1.1146133830747154
2014-04-03,1.1071340133211505
2014-04-04,1.1117832860040833
2014-04-08,1.0934325413586319
2014-04-09,1.092667096557236
2014-04-10,1.1298798314526552
2014-04-11,1.1261583993421718
2014-04-14,1.1246393763767348
2014-04-15,1.1343335760748123
2014-04-16,1.137890046704046
2014-04-17,1.1239791999324833
2014-04-18,1.124153600600923
2014-04-21,1.178877853744703
2014-04-22,1.1951392271970513
2014-04-23,1.1960744895775666
2014-04-24,1.1961244010520284
2014-04-25,1.1861753437640727
2014-04-28,1.1367358389049103
2014-04-29,1.158115030226085
2014-04-30,1.157610945018986
2014-05-05,1.1559600390823455
2014-05-06,1.1553132795482524
2014-05-07,1.0990179317089508
2014-05-08,1.0994843508691172
2014-05-09,1.0936225937569641
2014-05-12,1.0928890676699448
2014-05-13,1.083519722185941
2014-05-14,1.0867571677235652
2014-05-15,1.13943254614115
2014-05-16,1.1365522804069097
2014-05-19,1.1653180065775026
2014-05-20,1.165688674015607
2014-05-21,1.1817682988762233
2014-05-22,1.1873216042107806
2014-05-23,1.1953263568407326
2014-05-26,1.187731701013375
2014-05-27,1.2001164052169369
2014-05-28,1.2534630073866222
2014-05-29,1.2813999787345676
2014-05-30,1.2831718964953016
2014-06-03,1.283790766267538
2014-06-04,1.281156916691188
2014-06-05,1.2707473819394537
2014-06-06,1.2695151808418128
2014-06-09,1.2695436995926632
2014-06-10,1.2869940529352115
2014-06-11,1.287334009505553
2014-06-12,1.2881332987157073
2014-06-13,1.2742023252844075
2014-06-16,1.2770562620990107
2014-06-17,1.2919777424753827
2014-06-18,1.297894358405707
2014-06-19,1.3797394816078845
2014-06-20,1.3808395505791906
2014-06-23,1.3802877041548722
2014-06-24,1.3771334775554247
2014-06-25,1.3838434334096483
2014-06-26,1.388830454162293
2014-06-27,1.3893177628984816
2014-06-30,1.3872537170987276
2014-07-01,1.3873028387096193
2014-07-02,1.388768424536444
2014-07-03,1.3829684132569224
2014-07-04,1.384965179537868
2014-07-07,1.3861413920005472
2014-07-08,1.381773145117254
2014-07-09,1.237819715186942
2014-07-10,1.233821115085543
2014-07-11,1.2361667043352071
2014-07-14,1.2873499734425364
2014-07-15,1.2840900378394464
2014-07-16,1.2869745027373383
2014-07-17,1.2856567537140418
2014-07-18,1.2904136780131694
2014-07-21,1.28837333539995
2014-07-22,1.309361582842719
2014-07-23,1.3087287813445492
2014-07-24,1.393328975272168
2014-07-25,1.3634064247383526
2014-07-28,1.3503464967116567
2014-07-29,1.3541591516976033
2014-07-30,1.3449132988826134
2014-07-31,1.307195675957953
2014-08-01,1.3370659584293558
2014-08-04,1.5594150164865779
2014-08-05,1.554342515157446
2014-08-06,1.5373777767654377
2014-08-07,1.5856393084501341
2014-08-08,1.5873092471941308
2014-08-11,1.6354799065675067
2014-08-12,1.6217667773649074
2014-08-13,1.6260570979609756
2014-08-14,1.5841930025633275
2014-08-15,1.7853854934228701
2014-08-18,1.7670840428477401
2014-08-19,1.7697305077959733
2014-08-20,1.781390270045419
2014-08-21,1.7481562728602327
2014-08-22,1.7289655195850144
2014-08-25,1.7847108657925261
2014-08-26,1.7263784388997518
2014-08-27,1.732213815363855
2014-08-28,1.7074315245554736
2014-08-29,1.654653796300935
2014-09-01,1.6464932003616368
2014-09-02,1.6788616443673257
2014-09-03,1.6000029957882689
2014-09-04,1.5956068910707273
2014-09-05,1.5543819539009567
2014-09-09,1.5627265901185337
2014-09-10,1.5823645142179017
2014-09-11,1.5702726037410026
2014-09-12,1.5651483107574509
2014-09-15,1.566581287320504
2014-09-16,1.6620957469591713
2014-09-17,1.6479489036103518
2014-09-18,1.6517173701613213
2014-09-19,1.639520465044262
2014-09-22,1.5200872064643827
2014-09-23,1.5341608677769416
2014-09-24,1.6305144334427804
2014-09-25,1.6301714747720149
2014-09-26,1.6303481352180182
2014-09-29,1.6757468716931363
2014-09-30,1.671457952780056
2014-10-08,1.639991547376973
2014-10-09,1.632112676636902
2014-10-10,1.616634482922807
2014-10-13,1.610537815278303
2014-10-14,1.6108726997333498
2014-10-15,1.663352410481423
2014-10-16,1.6409444119792966
2014-10-17,1.6284351549143432
2014-10-20,1.682123132312841
2014-10-21,1.6966555689743932
2014-10-22,1.669266771391426
2014-10-23,1.5989976273788837
2014-10-24,1.6231843358116267
2014-10-27,1.6344271996580007
2014-10-28,1.9825349504305065
2014-10-29,2.0365988699221753
2014-10-30,2.0203770542918793
2014-10-31,1.9865451433894479
2014-11-03,1.9799089578792002
2014-11-04,1.9781608834378628
2014-11-05,1.9156089869676503
2014-11-06,1.9160073524569914
2014-11-07,1.9055273518388567
2014-11-10,1.7230507904036418
2014-11-11,1.7529910581251096
2014-11-12,1.75929779435039
2014-11-13,1.7925918663136244
2014-11-14,1.7920529957512517
2014-11-17,1.757647126345169
2014-11-18,1.6830426640277087
2014-11-19,1.6763560186212634
2014-11-20,1.6698346531934105
2014-11-21,1.8793607802422054
2014-11-24,1.890873946245862
2014-11-25,1.7612541223437446
2014-11-26,1.7871805964026553
2014-11-27,1.8355472609393813
2014-11-28,1.5865166709258893
2014-12-01,1.5679726961192397
2014-12-02,1.8127195525814395
2014-12-03,1.765871714331885
2014-12-04,1.8645101118062128
2014-12-05,1.924798626598862
2014-12-08,1.8972598441204545
2014-12-09,1.9630958149618514
2014-12-10,1.6741805402529057
2014-12-11,1.732331761154114
2014-12-12,1.7361662796320778
2014-12-15,1.7440687906419692
2014-12-16,1.8545998786432514
2014-12-17,1.8332042472605639
2014-12-18,1.872034616956371
2014-12-19,1.8491226738538264
2014-12-22,1.8494522793407804
2014-12-23,1.7834094927644808
2014-12-24,1.7885392371208653
2014-12-25,1.8159921531157597
2014-12-26,1.9069912393092026
2014-12-29,1.9043710126178277
2014-12-30,1.9021221241073558
2014-12-31,1.8413073108338194
2015-01-05,1.677014746071725
2015-01-06,1.6808986299145385
2015-01-07,1.6801594728754774
2015-01-08,1.6428318998698386
2015-01-09,1.6416557842954833
2015-01-12,1.6067869694471726
2015-01-13,1.6090954149626802
2015-01-14,1.586796216448262
2015-01-15,1.664307379890635
2015-01-16,1.651171206766657
2015-01-19,1.5406498108617301
2015-01-20,1.4960042416222779
2015-01-21,1.5105701500544655
2015-01-22,1.5264036990797407
2015-01-23,1.5259463995209912
2015-01-26,1.511811427321533
2015-01-27,1.484795746951264
2015-01-28,1.5315177758974363
2015-01-29,1.548821839925887
2015-01-30,1.536148666748871
2015-02-02,1.5805073895561872
2015-02-03,1.6549804933657077
2015-02-04,1.6655782224108189
2015-02-05,1.6714445761527728
2015-02-06,1.631856894053882
2015-02-09,1.6551363249046396
2015-02-10,1.6566705364521734
2015-02-11,1.6517952431196714
2015-02-12,1.6532395823793231
2015-02-13,1.6316126555545378
2015-02-16,1.6311365218342007
2015-02-17,1.633093723686724
2015-02-25,1.6673650438277483
2015-02-26,1.7046046054967865
2015-02-27,1.7038814393767328
2015-03-02,1.7089679487005427
2015-03-03,1.720758978355277
2015-03-04,1.7218546225758673
2015-03-05,1.7172424571996114
2015-03-06,1.7322265265229382
2015-03-09,1.6781479909718424
2015-03-10,1.670397805221758
2015-03-11,1.6701053527981295
2015-03-12,1.6508751287061767
2015-03-13,1.643242511540619
2015-03-16,1.6568237304342
2015-03-17,1.634914342058018
2015-03-18,1.56021045708378
2015-03-19,1.5613247682435323
2015-03-20,1.5792112156192761
2015-03-23,1.5397000209767016
2015-03-24,1.5369763146051802
2015-03-25,1.5246412155160383
2015-03-26,1.5214470088153882
2015-03-27,1.5179402642043527
2015-03-30,1.4221751996374703
2015-03-31,1.4120241701481135
2015-04-01,1.379160113445202
2015-04-02,1.3792631286023462
2015-04-03,1.41602147489561
2015-04-07,1.3726597886982834
2015-04-08,1.3988297839218664
2015-04-09,1.3986606096230787
2015-04-10,1.3614912703560675
2015-04-13,1.3112840470927398
2015-04-14,1.3107201378253224
2015-04-15,1.282991682963105
2015-04-16,1.2287560273842104
2015-04-17,1.1877247140201876
2015-04-20,1.2424325613364433
2015-04-21,1.2655027152719758
2015-04-22,1.2816359121431697
2015-04-23,1.2839803935587324
2015-04-24,1.3058577691452031
2015-04-27,1.2675856054957815
2015-04-28,1.2693605406987813
2015-04-29,1.2674703994419454
2015-04-30,1.272348724026878
2015-05-04,1.260454150771202
2015-05-05,1.1752440738863394
2015-05-06,1.1620371065761712
2015-05-07,1.0921545319224408
2015-05-08,1.0552951789782328
2015-05-11,1.0270570733962756
2015-05-12,1.0235302779149384
2015-05-13,1.037750871351308
2015-05-14,1.0397746059851185
2015-05-15,1.0780090800731508
2015-05-18,1.0970762647309402
2015-05-19,1.1467426058362724
2015-05-20,1.1409244117247377
2015-05-21,1.1091401598826012
2015-05-22,1.1202376373167864
2015-05-25,1.1322970260630694
2015-05-26,1.1282767392411976
2015-05-27,1.1317765380286549
2015-05-28,1.20488972349882
2015-05-29,1.2049414578541626
2015-06-01,1.195654746543638
2015-06-02,1.1788014332149108
2015-06-03,1.1761248383860463
2015-06-04,1.1800239956114074
2015-06-05,1.1735331864251528
2015-06-08,1.188491257491551
2015-06-09,1.19743396413504
2015-06-10,1.199023019789548
2015-06-11,1.2013001800249972
2015-06-12,1.19969851370038
2015-06-15,1.183494217194802
2015-06-16,1.1359554595774537
2015-06-17,1.1530504003268431
2015-06-18,1.0527674695535663
2015-06-19,0.8472968478176247
2015-06-23,0.9404887085805884
2015-06-24,0.9413768115825059
2015-06-25,0.9583597343369009
2015-06-26,0.9839931360458406
2015-06-29,0.9273986182343569
2015-06-30,0.9414194219181734
2015-07-01,1.0185572746448075
2015-07-02,1.0824325769144234
2015-07-03,1.1425091970215777
2015-07-06,1.0947270641357352
2015-07-07,1.1333113304644453
2015-07-08,1.171348246042119
2015-07-09,1.193979079268915
2015-07-10,1.2360210643469636
2015-07-13,1.257743983351035
2015-07-14,1.2840766182657162
2015-07-15,1.3263783791253894
2015-07-16,1.3263083906202726
2015-07-17,1.325310569402607
2015-07-20,1.3261499524216547
2015-07-21,1.3262514488902843
2015-07-22,1.3272549032103422
2015-07-23,1.344815436634699
2015-07-24,1.3579206785914828
2015-07-27,1.3273251491416642
2015-07-28,1.325858816210065
2015-07-29,1.3130378289739506
2015-07-30,1.3207192000140697
2015-07-31,1.320744666521585
2015-08-03,1.3232709417053958
2015-08-04,1.311932743398617
2015-08-05,1.3015277192343246
2015-08-06,1.3072574007333262
2015-08-07,1.303348964272254
2015-08-10,1.3136405635408352
2015-08-11,1.3151403462955342
2015-08-12,1.3082632959834888
2015-08-13,1.3082603311507075
2015-08-14,1.3081045597866885
2015-08-17,1.30786549566288
2015-08-18,1.2877644673414745
2015-08-19,1.2867213232817551
2015-08-20,1.2967384295770374
2015-08-21,1.3290905343462258
2015-08-24,1.299214149597488
2015-08-25,1.3084660109520396
2015-08-26,1.3158891112213695
2015-08-27,1.2934734695134522
2015-08-28,1.2834052327491405
2015-08-31,1.279300784133642
2015-09-01,1.2790059603857096
2015-09-02,1.278531213134231
2015-09-07,1.2595136263366586
2015-09-08,1.2717982197936395
2015-09-09,1.286954329416981
2015-09-10,1.2899116762397558
2015-09-11,1.2885397989719645
2015-09-14,1.3163437743668227
2015-09-15,1.3110643752905493
2015-09-16,1.3365968402737984
2015-09-17,1.335442074971075
2015-09-18,1.3359233476717514
2015-09-21,1.3364471257328752
2015-09-22,1.3439170800146234
2015-09-23,1.338860757031943
2015-09-24,1.3379871417519653
2015-09-25,1.353783878497976
2015-09-28,1.3554686295055614
2015-09-29,1.3490031432302776
2015-09-30,1.3464523541239615
2015-10-08,1.335923394600485
2015-10-09,1.339930364196243
2015-10-12,1.3845940548420563
2015-10-13,1.384589288939153
2015-10-14,1.3810054846607092
2015-10-15,1.3934616389446437
2015-10-16,1.4152760862862188
2015-10-19,1.4152991068816925
2015-10-20,1.4181039840517147
2015-10-21,1.4544617859090423
2015-10-22,1.463501914558432
2015-10-23,1.463230107851024
2015-10-26,1.4637290783846248
2015-10-27,1.463812112690817
2015-10-28,1.4745674533122661
2015-10-29,1.4752562335391175
2015-10-30,1.4754470689479235
2015-11-02,1.4877613905402187
2015-11-03,1.488512219023353
2015-11-04,1.5309244030800284
2015-11-05,1.5569941098956028
2015-11-06,1.5842315418897812
2015-11-09,1.5627237151937052
2015-11-10,1.5639456406226164
2015-11-11,1.5634784141126559
2015-11-12,1.5705343530927496
2015-11-13,1.5578385418697436
2015-11-16,1.5571143070340725
2015-11-17,1.5570105500263718
2015-11-18,1.572454140191478
2015-11-19,1.575523430475555
2015-11-20,1.5759948962185228
2015-11-23,1.5739764867369044
2015-11-24,1.573891198878429
2015-11-25,1.582113238091422
2015-11-26,1.5859074975369547
2015-11-27,1.615651567161719
2015-11-30,1.613441244338198
2015-12-01,1.607097344230998
2015-12-02,1.6039001252843894
2015-12-03,1.6023046471652707
2015-12-04,1.6061095602645992
2015-12-07,1.6049076493877805
2015-12-08,1.6012498168899323
2015-12-09,1.6006606566179147
2015-12-10,1.5988004740016906
2015-12-11,1.5933176582009565
2015-12-14,1.635483802425761
2015-12-15,1.6418951374835986
2015-12-16,1.6408983909937611
2015-12-17,1.6268117337919021
2015-12-18,1.626506768095617
2015-12-21,1.582526167344612
2015-12-22,1.5830340718678897
2015-12-23,1.5811923584546097
2015-12-24,1.599779142237142
2015-12-25,1.5996242876344304
2015-12-28,1.5921138321356747
2015-12-29,1.5937681192038926
2015-12-30,1.5937101382437229
2015-12-31,1.5942769054399846
2016-01-04,1.5599540496026358
2016-01-05,1.5559249585037986
2016-01-06,1.543663099055374
2016-01-07,1.5237242760856746
2016-01-08,1.5112545247771834
2016-01-11,1.545234216106327
2016-01-12,1.5484147449225825
2016-01-13,1.5283380040237915
2016-01-14,1.5386046133414972
2016-01-15,1.4951186366194285
2016-01-18,1.495886719711389
2016-01-19,1.4905055400471778
2016-01-20,1.474828140153916
2016-01-21,1.4934764910636957
2016-01-22,1.4937045523881467
2016-01-25,1.4916108961620904
2016-01-26,1.511290145235492
2016-01-27,1.510463847480304
2016-01-28,1.473635696672982
2016-01-29,1.499695357332185
2016-02-01,1.5011671422204809
2016-02-02,1.5029886202053593
2016-02-03,1.5027148369195298
2016-02-04,1.4996355455454862
2016-02-05,1.5101058052908565
2016-02-15,1.5139620320570872
2016-02-16,1.5084046782514373
2016-02-17,1.5060689720388531
2016-02-18,1.5058152680815917
2016-02-19,1.5054418527943834
2016-02-22,1.5222674957426967
2016-02-23,1.5246247545410014
2016-02-24,1.5244877464188842
2016-02-25,1.5132135237377264
2016-02-26,1.5085559722070365
2016-02-29,1.531136103482104
2016-03-01,1.5343511206018967
2016-03-02,1.5760828644020304
2016-03-03,1.575254409367354
2016-03-04,1.571954611620061
2016-03-07,1.5723181033392801
2016-03-08,1.5715641418093416
2016-03-09,1.5770625386232233
2016-03-10,1.5794757370061012
2016-03-11,1.5795072516342004
2016-03-14,1.5872678289934414
2016-03-15,1.585384121171594
2016-03-16,1.5809160659618848
2016-03-17,1.5975295197924957
2016-03-18,1.6170308968170224
2016-03-21,1.6813318804981898
2016-03-22,1.6869826684624127
2016-03-23,1.6889428923725256
2016-03-24,1.7079589258041807
2016-03-25,1.7122716317220399
2016-03-28,1.7177723256832982
2016-03-29,1.7164964389797217
2016-03-30,1.7095425495950918
2016-03-31,1.709335696827677
2016-04-01,1.7079471426853383
2016-04-05,1.714560787719083
2016-04-06,1.7150642599228587
2016-04-07,1.717501850123593
2016-04-08,1.7227701778201652
2016-04-11,1.7346431997486491
2016-04-12,1.7365277101713275
2016-04-13,1.7382068368243897
2016-04-14,1.7385825973128652
2016-04-15,1.739266392984136
2016-04-18,1.7484299537210615
2016-04-19,1.7495536791393211
2016-04-20,1.7626775555455283
2016-04-21,1.7623467209093515
2016-04-22,1.7615539305621566
2016-04-25,1.7642909427993476
2016-04-26,1.764830772713973
2016-04-27,1.7668253421078683
2016-04-28,1.7661321836551995
2016-04-29,1.7664477682341355
2016-05-03,1.7641357738923926
2016-05-04,1.7646611561688805
2016-05-05,1.7644303367197294
2016-05-06,1.7821930555664103
2016-05-09,1.7727147560598977
2016-05-10,1.7726068024501112
2016-05-11,1.7678654491050847
2016-05-12,1.767791522907417
2016-05-13,1.7701502903507664
2016-05-16,1.7705963467567567
2016-05-17,1.7678359849002223
2016-05-18,1.7634457358639481
2016-05-19,1.764450077927425
2016-05-20,1.7665865624141435
2016-05-23,1.766045794709028
2016-05-24,1.767032965045878
2016-05-25,1.7665880794984083
2016-05-26,1.7661825750628266
2016-05-27,1.76619657926668
2016-05-30,1.7653134721162538
2016-05-31,1.8838546754921004
2016-06-01,1.8879447753112846
2016-06-02,1.8882140428736327
2016-06-03,1.8802460667434246
2016-06-06,1.8812439186276784
2016-06-07,1.8818375049558478
2016-06-08,1.8787465911574464
2016-06-13,1.7135724621972461
2016-06-14,1.712033944315249
2016-06-15,1.6829992117517183
2016-06-16,1.6753280482428665
2016-06-17,1.6709123629748197
2016-06-20,1.6708024600286537
2016-06-21,1.6701537257763313
2016-06-22,1.6558198615558637
2016-06-23,1.6510422583655173
2016-06-24,1.6221803092480929
2016-06-27,1.5867631123954336
2016-06-28,1.582500513969424
2016-06-29,1.5782011123117665
2016-06-30,1.5791157754229024
2016-07-01,1.5819001112864755
2016-07-04,1.533900877478224
2016-07-05,1.533859643510928
2016-07-06,1.5325103899231076
2016-07-07,1.5330677537901507
2016-07-08,1.5019177479402006
2016-07-11,1.5194711881882363
2016-07-12,1.700893549749951
2016-07-13,1.6960284926209968
2016-07-14,1.6926932250630669
2016-07-15,1.6944730815659472
2016-07-18,1.712290219242154
2016-07-19,1.7021320518333791
2016-07-20,1.7079623936171084
2016-07-21,1.736741990450434
2016-07-22,1.7433694590148086
2016-07-25,1.7359683341042573
2016-07-26,1.7559238942111106
2016-07-27,1.7485317550273742
2016-07-28,1.7442437879394244
2016-07-29,1.752824148350221
2016-08-01,1.7327940453188597
2016-08-02,1.730551608440463
2016-08-03,1.7293841035728963
2016-08-04,1.731786580055191
2016-08-05,1.7319428582262977
2016-08-08,1.7141238771285472
2016-08-09,1.7106609108097832
2016-08-10,1.6916762026234617
2016-08-11,1.6727625030588271
2016-08-12,1.6603174034823096
2016-08-15,1.7546544420282255
2016-08-16,1.7633778935775122
2016-08-17,1.7658668278566665
2016-08-18,1.7605544599090877
2016-08-19,1.7610611031081154
2016-08-22,1.7953496994862814
2016-08-23,1.7973640081638436
2016-08-24,1.796360723147648
2016-08-25,1.7615090754227838
2016-08-26,1.763188893107095
2016-08-29,1.7649655623705491
2016-08-30,1.7707866194059743
2016-08-31,1.7858785311762209
2016-09-01,1.8162244420507418
2016-09-02,1.821351348457553
2016-09-05,1.8181297027524808
2016-09-06,1.8035209157641496
2016-09-07,1.8065896674056912
2016-09-08,1.8080032724192383
2016-09-09,1.8168466798937046
2016-09-12,1.870643316682521
2016-09-13,1.870120155203189
2016-09-14,1.8549403624937577
2016-09-19,1.8406729467463216
2016-09-20,1.8392572541604935
2016-09-21,1.863238150456364
2016-09-22,1.8321551083738348
2016-09-23,1.8254234356983734
2016-09-26,1.7329617157533075
2016-09-27,1.7589602827175572
2016-09-28,1.758352831496473
2016-09-29,1.771842468223946
2016-09-30,1.765335589847902
2016-10-10,1.7224416777527185
2016-10-11,1.7139422863695222
2016-10-12,1.716317752771622
2016-10-13,1.7153768985230855
2016-10-14,1.7128428956019017
2016-10-17,1.743821982086272
2016-10-18,1.8007540817764527
2016-10-19,1.8030545924007337
2016-10-20,1.801891584081447
2016-10-21,1.8008053843687306
2016-10-24,1.8598784173438125
2016-10-25,1.8607156914455052
2016-10-26,1.84680863409156
2016-10-27,1.8187094191128712
2016-10-28,1.814932576185467
2016-10-31,1.8033225777852906
2016-11-01,1.8035745460698729
2016-11-02,1.715563924616702
2016-11-03,1.8885507138858477
2016-11-04,1.8995068195072744
2016-11-07,1.898579041080406
2016-11-08,1.8645639149441358
2016-11-09,1.835443754333358
2016-11-10,1.7933946847749402
2016-11-11,1.8557338633890443
2016-11-14,1.8216782004404886
2016-11-15,1.8249192314269838
2016-11-16,1.8238674312537448
2016-11-17,1.8163828682924945
2016-11-18,1.8323152858743936
2016-11-21,1.8345296909928734
2016-11-22,1.8127081930987572
2016-11-23,1.7970565730462313
2016-11-24,1.7858280416970516
2016-11-25,1.7044188863879866
2016-11-28,1.6922196858521406
2016-11-29,1.6252235972074283
2016-11-30,1.6442659845170582
2016-12-01,1.634300507066067
2016-12-02,1.7053606564477182
2016-12-05,1.6040941407278038
2016-12-06,1.599887325807468
2016-12-07,1.626096571992137
2016-12-08,1.6343424006511005
2016-12-09,1.6015545475702762
2016-12-12,1.8146644762725004
2016-12-13,1.8151644675087815
2016-12-14,1.8622253855419004
2016-12-15,1.7578978291670566
2016-12-16,1.7638011960888185
2016-12-19,1.780515788377951
2016-12-20,1.729306417214417
2016-12-21,1.7010750115779765
2016-12-22,1.7051855000918572
2016-12-23,1.7598855988019353
2016-12-26,1.7945892358531617
2016-12-27,1.8019700621828572
2016-12-28,1.7868046557006003
2016-12-29,1.7831461410826013
2016-12-30,1.7713284285172848
2017-01-03,1.7980696605788147
2017-01-04,1.7692438046250933
2017-01-05,1.7693851310531403
2017-01-06,1.7667046862441946
2017-01-09,1.747781949724554
2017-01-10,1.74776904615415
2017-01-11,1.7331700389735973
2017-01-12,1.7121090580974403
2017-01-13,1.7103102161996324
2017-01-16,1.7152043873869265
2017-01-17,1.7035585296634081
2017-01-18,1.6759489893379103
2017-01-19,1.6522742252163485
2017-01-20,1.666250642358496
2017-01-23,1.6636736414281679
2017-01-24,1.665059483352936
2017-01-25,1.6606269573313381
2017-01-26,1.657295373101116
2017-02-03,1.6554596792941734
2017-02-06,1.6568291469660565
2017-02-07,1.673105521824351
2017-02-08,1.749971173869863
2017-02-09,1.7392259563735024
2017-02-10,1.7456510315997409
2017-02-13,1.8391201384728897
2017-02-14,1.8407130487591883
2017-02-15,1.8377932436470295
2017-02-16,1.873422483211187
2017-02-17,1.8586220894235044
2017-02-20,1.8316256296746594
2017-02-21,1.864780591076343
2017-02-22,1.8705286944291153
2017-02-23,1.8998359087349503
2017-02-24,1.90002476199707
2017-02-27,1.9350528872508783
2017-02-28,1.9373713650760673
2017-03-01,1.9314176870578506
2017-03-02,1.8600154637587074
2017-03-03,1.8680368318262357
2017-03-06,1.9083566482595837
2017-03-07,1.8980152225977325
2017-03-08,1.913447632365735
2017-03-09,1.9069305904898939
2017-03-10,1.9059967841779524
2017-03-13,1.8885068693303864
2017-03-14,1.8907322968118412
2017-03-15,1.8884817679693247
2017-03-16,2.0153374999616878
2017-03-17,2.1214354021668442
2017-03-20,2.115893527936497
2017-03-21,2.0709572193315235
2017-03-22,2.0955047117532484
2017-03-23,2.0990509229741696
2017-03-24,2.2889062793925286
2017-03-27,2.287727392890995
2017-03-28,2.2562518391596016
2017-03-29,2.2582515021200305
2017-03-30,2.1148966046005184
2017-03-31,1.9935578788902364
2017-04-05,2.231461423221549
2017-04-06,2.216445077317939
2017-04-07,2.210775643366001
2017-04-10,2.1971415441475215
2017-04-11,2.2116427377794086
2017-04-12,2.1976673780620284
2017-04-13,2.1926288567087933
2017-04-14,2.251438595617527
2017-04-17,2.2330994265466906
2017-04-18,2.253754224269466
2017-04-19,2.2365171767823657
2017-04-20,2.1608279020045154
2017-04-21,2.1648328866772535
2017-04-24,1.9791310370729984
2017-04-25,1.944006343749679
2017-04-26,1.950790556174203
2017-04-27,1.9545475562458392
2017-04-28,1.9487147315005207
2017-05-02,1.9788296779441126
2017-05-03,2.0116589021713196
2017-05-04,2.05673340152711
2017-05-05,2.365255972524487
2017-05-08,2.32207499625533
2017-05-09,2.299680308088059
2017-05-10,2.3788388228191546
2017-05-11,2.362782578126057
2017-05-12,2.3192561344337834
2017-05-15,2.295464390465468
2017-05-16,2.257210859214533
2017-05-17,2.1790884032071114
2017-05-18,2.178302580168287
2017-05-19,2.1681934919707406
2017-05-22,2.116698547343965
2017-05-23,1.9185589895290833
2017-05-24,1.9164877703584609
2017-05-25,2.6432976080328436
2017-05-26,2.6154390074884266
2017-05-31,2.566392676203587
2017-06-01,2.5746045697567403
2017-06-02,2.560678163494391
2017-06-05,2.4874528696257006
2017-06-06,2.4448329768594133
2017-06-07,2.381807728319068
2017-06-08,2.273019953149616
2017-06-09,2.219310261064199
2017-06-12,2.229731003348444
2017-06-13,2.250003988194593
2017-06-14,2.0765951432704006
2017-06-15,2.0473083851637006
2017-06-16,2.022044803605123
2017-06-19,2.0412938431472867
2017-06-20,2.0512234773651437
2017-06-21,1.9027218675166442
2017-06-22,1.90224480907499
2017-06-23,1.771416090955583
2017-06-26,1.774898112878565
2017-06-27,1.7684329458610106
2017-06-28,1.7887204212104078
2017-06-29,1.7325370100580806
2017-06-30,1.7405885376576125
2017-07-03,1.7170275517602038
2017-07-04,1.703609006254052
2017-07-05,1.7366922452161198
2017-07-06,1.7382667531036782
2017-07-07,1.7129837443447609
2017-07-10,1.7080633442702167
2017-07-11,1.6755285973379068
2017-07-12,1.6894869967918706
2017-07-13,1.8658234960576863
2017-07-14,1.8617558118210542
2017-07-17,2.0742739798244623
2017-07-18,2.069678096341278
2017-07-19,2.4921715688451713
2017-07-20,2.456150855051262
2017-07-21,2.4496209413700645
2017-07-24,2.4494778771700636
2017-07-25,2.450970793818771
2017-07-26,2.4116398864770363
2017-07-27,2.417226046886624
2017-07-28,2.391421285191846
2017-07-31,2.3896985882895416
2017-08-01,2.3600291351327134
2017-08-02,2.2918718469466444
2017-08-03,2.2336745427967877
2017-08-04,2.1796892365849585
2017-08-07,2.1368954710549586
2017-08-08,2.1481690712595127
2017-08-09,2.156192517589301
2017-08-10,2.167811482383586
2017-08-11,2.268226518746612
2017-08-14,2.247658616631942
2017-08-15,2.225130480191741
2017-08-16,2.2177950644135946
2017-08-17,2.219225257405411
2017-08-18,2.2129273588137393
2017-08-21,2.2252589702437184
2017-08-22,2.2248395511832504
2017-08-23,2.2312116446212245
2017-08-24,2.252760360734538
2017-08-25,2.3612931627008673
2017-08-28,2.4972745832527257
2017-08-29,2.5085681155482433
2017-08-30,2.5099635205441815
2017-08-31,2.483198912797343
2017-09-01,2.4840944753791687
2017-09-04,2.474256298220373
2017-09-05,2.4474527372394754
2017-09-06,2.4496034914860085
2017-09-07,2.447397989592278
2017-09-08,2.443229932780945
2017-09-11,2.4407415087594275
2017-09-12,2.4389151035989745
2017-09-13,2.4359592247884825
2017-09-14,2.415470336480124
2017-09-15,2.4155250500147982
2017-09-18,2.4226970628680164
2017-09-19,2.453157213961273
2017-09-20,2.4411160582639213
2017-09-21,2.455308962782732
2017-09-22,2.4586313712462173
2017-09-25,2.452414597323483
2017-09-26,2.4558968398028616
2017-09-27,2.4557485790849714
2017-09-28,2.4556959876652225
2017-09-29,2.455931301907593
2017-10-09,2.2608909786105267
2017-10-10,2.25825389304185
2017-10-11,2.2281334276821436
2017-10-12,2.2055916883208093
2017-10-13,2.2025577319412326
2017-10-16,2.2387808118548436
2017-10-17,2.244387960562913
2017-10-18,2.074857726340778
2017-10-19,2.1561244257049914
2017-10-20,2.144516943441806
2017-10-23,2.1452195577803024
2017-10-24,2.142312308624107
2017-10-25,2.1091865249072925
2017-10-26,2.0888705579861746
2017-10-27,1.9600627765095544
2017-10-30,2.023362944690926
2017-10-31,2.02185287090369
2017-11-01,1.9794120398296142
2017-11-02,1.9752672979023858
2017-11-03,1.9892290806623598
2017-11-06,2.0012852340888654
2017-11-07,1.9492758357167645
2017-11-08,1.9233434948950205
2017-11-09,1.8569217486288
2017-11-10,1.762074627061008
2017-11-13,1.7275183187367702
2017-11-14,1.7507362931754173
2017-11-15,1.7829065959095762
2017-11-16,1.6543393513715932
2017-11-17,1.6469066139973465
2017-11-20,1.535735385995419
2017-11-21,1.6023270070498126
2017-11-22,1.5892853768367867
2017-11-23,1.2459448655978536
2017-11-24,1.2457204330654215
2017-11-27,1.13937889866492
2017-11-28,1.1403432122413117
2017-11-29,1.1380412303749314
2017-11-30,1.1330698094520875
2017-12-01,1.1295665997069257
2017-12-04,1.0748691911763004
2017-12-05,1.0696329832650078
2017-12-06,1.0284872078093539
2017-12-07,1.03424066475071
2017-12-08,1.012118065133533
2017-12-11,0.9502919820840999
2017-12-12,0.9716332736195069
2017-12-13,0.9541465995552713
2017-12-14,1.007152472118891
2017-12-15,0.9868512081840717
2017-12-18,0.9884707960934626
2017-12-19,0.9572158508576931
2017-12-20,0.9675256677207531
2017-12-21,0.9432853898073827
2017-12-22,0.9706068978846502
2017-12-25,0.9853659582758426
2017-12-26,0.9968122955444529
2017-12-27,0.948485601883113
2017-12-28,0.952104065565148
2017-12-29,0.9557972699072798
2018-01-02,0.9391422793538029
2018-01-03,0.9454939670741064
2018-01-04,0.9347937193096155
2018-01-05,0.9343914562765718
2018-01-08,0.941302286507864
2018-01-09,0.9018548588065182
2018-01-10,0.8694781688113684
2018-01-11,0.8686728736324092
2018-01-12,0.842826837941556
2018-01-15,0.8488712002108231
2018-01-16,0.894451846369956
2018-01-17,0.8447133404836598
2018-01-18,0.8368961620847454
2018-01-19,0.8798983813234071
2018-01-22,0.8309442257795955
2018-01-23,0.8059818480318722
2018-01-24,0.8175079628827916
2018-01-25,0.8616659850675659
2018-01-26,0.8560297026845826
2018-01-29,0.8770165227994943
2018-01-30,0.8230694352468928
2018-01-31,0.7689198120676246
2018-02-01,0.8345682165012877
2018-02-02,0.8164290701105054
2018-02-05,0.8169567265912548
2018-02-06,0.9929242433586735
2018-02-07,0.8811981002391317
2018-02-08,0.8491343649954942
2018-02-09,1.2392164258541927
2018-02-12,1.212935751026722
2018-02-13,1.1820289176170367
2018-02-14,1.1495775385274964
2018-02-22,1.1045619536606237
2018-02-23,1.1041893868857189
2018-02-26,1.1341057085926687
2018-02-27,1.0992233416687862
2018-02-28,1.0597333709175214
2018-03-01,1.0600782632188153
2018-03-02,1.0760598918761144
2018-03-05,1.076164051951437
2018-03-06,1.0864387055028146
2018-03-07,1.098211229214106
2018-03-08,1.078323540113401
2018-03-09,1.1041542052434268
2018-03-12,1.112374002380379
2018-03-13,1.1237171795960026
2018-03-14,1.128576920755023
2018-03-15,1.1121075498094197
2018-03-16,1.1139812872403698
2018-03-19,1.1151710127022587
2018-03-20,1.1155213975301106
2018-03-21,1.107058447351532
2018-03-22,1.1107598701414774
2018-03-23,1.1910384167323698
2018-03-26,1.1837101039692448
2018-03-27,1.2008388795819636
2018-03-28,1.1472794726827822
2018-03-29,1.1654263180697597
2018-03-30,1.1657469328114929
2018-04-02,1.1564118567655222
2018-04-03,1.1571539275248288
2018-04-04,1.1604312686873115
2018-04-09,1.1602255650205389
2018-04-10,1.145978228496026
2018-04-11,1.1401540590448553
2018-04-12,1.13779044945515
2018-04-13,1.14090096422865
2018-04-16,1.1695202323831213
2018-04-17,1.1377541606038124
2018-04-18,1.149039557784135
2018-04-19,1.1954875589479768
2018-04-20,1.1952303623671732
2018-04-23,1.200390718705806
2018-04-24,1.1730698757089404
2018-04-25,1.1791195707644317
2018-04-26,1.2107896396670195
2018-04-27,1.2118456313121293
2018-05-02,1.2116783057147578
2018-05-03,1.2530206276298035
2018-05-04,1.2604906385367902
2018-05-07,1.2488710402976682
2018-05-08,1.2109199491728433
2018-05-09,1.2146948701699662
2018-05-10,1.2139813671704862
2018-05-11,1.2190312433050563
2018-05-14,1.1996789199793956
2018-05-15,1.1968460015608806
2018-05-16,1.208553178462126
2018-05-17,1.1991828006621743
2018-05-18,1.2054901145212928
2018-05-21,1.2060088835051033
2018-05-22,1.2044238452067895
2018-05-23,1.1899211839599892
2018-05-24,1.1865595052517475
2018-05-25,1.1914991147083331
2018-05-28,1.1934502190439116
2018-05-29,1.1981458759112504
2018-05-30,1.306789015527635
2018-05-31,1.247265245102123
2018-06-01,1.222433161472791
2018-06-04,1.1948165916491882
2018-06-05,1.1940079488609756
2018-06-06,1.1928832608208877
2018-06-07,1.1912501587773192
2018-06-08,1.222109072471781
2018-06-11,1.2219123034325132
2018-06-12,1.1847737741956252
2018-06-13,1.220403139828294
2018-06-14,1.2108589372457637
2018-06-15,1.202969316759951
2018-06-19,1.473532414639017
2018-06-20,1.471019474893875
2018-06-21,1.5057642651991303
2018-06-22,1.5183257386724205
2018-06-25,1.4894389670150325
2018-06-26,1.4497588024728378
2018-06-27,1.3541192688980879
2018-06-28,1.3204709938833241
2018-06-29,1.2878165188180744
2018-07-02,1.2281109885826518
2018-07-03,1.2300465435733934
2018-07-04,1.2221672290504095
2018-07-05,1.2222072314016375
2018-07-06,1.2304385277981336
2018-07-09,1.1550255611902134
2018-07-10,1.1521571704800937
2018-07-11,1.1935280207980834
2018-07-12,1.1876020040270387
2018-07-13,1.1846634133434346
2018-07-16,1.1861773239214526
2018-07-17,1.1875319857949893
2018-07-18,1.188624844897805
2018-07-19,1.1891747553772425
2018-07-20,1.197644515408516
2018-07-23,1.2006631607292721
2018-07-24,1.2095098570155665
2018-07-25,1.2106390033560546
2018-07-26,1.1871539231827148
2018-07-27,1.186350081779517
2018-07-30,1.1885366108210724
2018-07-31,1.1893327932878675
2018-08-01,1.1606180635577157
2018-08-02,1.1896213622651766
2018-08-03,1.168353191504256
2018-08-06,1.1703685469054979
2018-08-07,1.1596561869682807
2018-08-08,1.148400524464229
2018-08-09,1.1141599307810632
2018-08-10,1.1152974960469189
2018-08-13,1.115459445387012
2018-08-14,1.1108722625057343
2018-08-15,1.1053350253579983
2018-08-16,1.0987018210382231
2018-08-17,1.0790295472281097
2018-08-20,1.0901882327297419
2018-08-21,1.0541922345008161
2018-08-22,1.055630410329222
2018-08-23,1.057479961414635
2018-08-24,1.057208833596729
2018-08-27,1.0176199859703874
2018-08-28,1.0187877720948841
2018-08-29,1.0187393664255244
2018-08-30,1.0308620502567665
2018-08-31,1.021211881765995
2018-09-03,1.0191431910178999
2018-09-04,1.0108809561889038
2018-09-05,0.971968272680961
2018-09-06,0.96114579181771
2018-09-07,0.9605899382713444
2018-09-10,0.972659353377481
2018-09-11,0.9702659626253004
2018-09-12,0.948342634039487
2018-09-13,0.9558577383235505
2018-09-14,0.952092502865273
2018-09-17,0.9098174496134098
2018-09-18,0.8922385812830361
2018-09-19,0.871519114040178
2018-09-20,0.8716577195117243
2018-09-21,0.8333263715455259
2018-09-25,0.8434801628563339
2018-09-26,0.8370011929953155
2018-09-27,0.841499021426569
2018-09-28,0.842166440235711
2018-10-08,0.8534999275753486
2018-10-09,0.8534485504040776
2018-10-10,0.8526898259097903
2018-10-11,1.1027933951219921
2018-10-12,1.0340720748628058
2018-10-15,1.0344956424624938
2018-10-16,1.0329315579140206
2018-10-17,1.034089687336151
2018-10-18,1.0216294231215681
2018-10-19,1.0237823655095755
2018-10-22,1.2069286647529114
2018-10-23,1.144576881475215
2018-10-24,1.1490479086753649
2018-10-25,1.16359664901492
2018-10-26,1.1722399477561467
2018-10-29,1.0311826291595294
2018-10-30,1.0623560178476896
2018-10-31,1.0119102637386455
2018-11-01,1.0048487396769576
2018-11-02,0.9410968094809571
2018-11-05,0.9308004747580056
2018-11-06,0.9361032958102279
2018-11-07,0.9425021748690879
2018-11-08,0.9448547887689004
2018-11-09,0.8888975102549653
2018-11-12,0.8945002215435045
2018-11-13,0.9014720097186502
2018-11-14,0.9135302150186712
2018-11-15,0.9310264789898719
2018-11-16,0.9417062324602792
2018-11-19,1.0263735637180063
2018-11-20,1.0896215542508185
2018-11-21,1.0877593401606809
2018-11-22,1.091308400192045
2018-11-23,1.1112489519612165
2018-11-26,1.1113201396263805
2018-11-27,1.110913631195581
2018-11-28,1.1640584504652585
2018-11-29,1.2096983165231712
2018-11-30,1.2429366876904848
2018-12-03,1.1853014356739053
2018-12-04,1.185483545154095
2018-12-05,1.1906153142913933
2018-12-06,1.1881769428329072
2018-12-07,1.1880729721876118
2018-12-10,1.2024845652506166
2018-12-11,1.1989692301582202
2018-12-12,1.1997262195279275
2018-12-13,1.1815139221539763
2018-12-14,1.2150371071120467
2018-12-17,1.213567317292056
2018-12-18,1.2108724387605203
2018-12-19,1.185345205069805
2018-12-20,1.164093514834998
2018-12-21,1.1522959397239674
2018-12-24,1.1464308874137663
2018-12-25,1.1710190216230314
2018-12-26,1.1746074004340945
2018-12-27,1.1805486374721925
2018-12-28,1.1949923605476198
2019-01-02,1.1653470246124162
2019-01-03,1.1617680280188851
2019-01-04,1.3511245074766303
2019-01-07,1.334957971434977
2019-01-08,1.3342813336981345
2019-01-09,1.3083769830221736
2019-01-10,1.3097227997471705
2019-01-11,1.3032380102347845
2019-01-14,1.3028468315361552
2019-01-15,1.3031572775541647
2019-01-16,1.302383767039019
2019-01-17,1.3073432309699562
2019-01-18,1.2857257511357276
2019-01-21,1.2752452465241335
2019-01-22,1.253107767905848
2019-01-23,1.2528550672989112
2019-01-24,1.2598043136658952
2019-01-25,1.2362954460380267
2019-01-28,1.2363685475011978
2019-01-29,1.2240257837013047
2019-01-30,1.230867420300859
2019-01-31,1.225609709897334
2019-02-01,1.2508512841040083
2019-02-11,1.232993447528554
2019-02-12,1.2254849806262482
2019-02-13,1.3069876326067795
2019-02-14,1.3047244447160449
2019-02-15,1.2818143865324998
2019-02-18,1.3120525443622306
2019-02-19,1.3094379509442329
2019-02-20,1.3102955104338154
2019-02-21,1.311543373686172
2019-02-22,1.4780613653063925
2019-02-25,1.5390935610584837
2019-02-26,1.554281932221651
2019-02-27,1.5560261290569442
2019-02-28,1.5607843279928917
2019-03-01,1.54185982072735
2019-03-04,1.5251007269805745
2019-03-05,1.5198339292250937
2019-03-06,1.547764547003933
2019-03-07,1.5138953670515345
2019-03-08,1.6366199171378106
2019-03-11,1.6626739520267488
2019-03-12,1.662350365325499
2019-03-13,1.5899532353535226
2019-03-14,1.6355343941160538
2019-03-15,1.6204448458447052
2019-03-18,1.534391708732058
2019-03-19,1.5387380394975234
2019-03-20,1.5386038775146191
2019-03-21,1.5384188296095747
2019-03-22,1.5377239500563902
2019-03-25,1.5328122506430775
2019-03-26,1.5526307443438414
2019-03-27,1.5382688864929763
2019-03-28,1.5346210575777772
2019-03-29,1.5835360970576862
2019-04-01,1.5270600523984643
2019-04-02,1.5257554686538348
2019-04-03,1.5694721110738514
2019-04-04,1.5549030808943745
2019-04-08,1.5592258590945183
2019-04-09,1.5598268347193918
2019-04-10,1.5556160787412157
2019-04-11,1.5245679696796473
2019-04-12,1.520410909723497
2019-04-15,1.5298630812868814
2019-04-16,1.4853354486366743
2019-04-17,1.4857822435364672
2019-04-18,1.4854460558062417
2019-04-19,1.4846448480859407
2019-04-22,1.4852992331254533
2019-04-23,1.4847862768083326
2019-04-24,1.4853071370435216
2019-04-25,1.5011851553968805
2019-04-26,1.4658745505925657
2019-04-29,1.4573546736456024
2019-04-30,1.4571571611007117
2019-05-06,1.521044945082508
2019-05-07,1.5257803501892935
2019-05-08,1.521366219510485
2019-05-09,1.4888100990133097
2019-05-10,1.4584622222806838
2019-05-13,1.4456389311188533
2019-05-14,1.4496128471305312
2019-05-15,1.4269077763527676
2019-05-16,1.4262586677070264
2019-05-17,1.4594703899989352
2019-05-20,1.443377654622904
2019-05-21,1.4542414808832658
2019-05-22,1.4517815484558678
2019-05-23,1.3931270638581252
2019-05-24,1.3922920982271583
2019-05-27,1.3995081616143898
2019-05-28,1.3873172200710164
2019-05-29,1.3891907692963372
2019-05-30,1.3756455107094068
2019-05-31,1.380535625433564
2019-06-03,1.3805408925438207
2019-06-04,1.3792333327889024
2019-06-05,1.3788556469331938
2019-06-06,1.3743830181288408
2019-06-10,1.295147319434203
2019-06-11,1.321789804472707
2019-06-12,1.3137597209627547
2019-06-13,1.3125850643398504
2019-06-14,1.322612547906399
2019-06-17,1.3226855063436016
2019-06-18,1.3168951897230476
2019-06-19,1.3247256914657266
2019-06-20,1.3388790539199735
2019-06-21,1.3392035823986228
2019-06-24,1.3378716426692143
2019-06-25,1.32732861667938
2019-06-26,1.3307777902139128
2019-06-27,1.3253037450294267
2019-06-28,1.3270766187748906
2019-07-01,1.2872952927793617
2019-07-02,1.286621762955259
2019-07-03,1.281450610609827
2019-07-04,1.2753064199433006
2019-07-05,1.271171640312425
2019-07-08,1.2866987992210308
2019-07-09,1.283754331836592
2019-07-10,1.2751807121206802
2019-07-11,1.2741155584141943
2019-07-12,1.2646880793501558
2019-07-15,1.2669735829697757
2019-07-16,1.2718029177532626
2019-07-17,1.2723856657832284
2019-07-18,1.280463590174778
2019-07-19,1.2839014207396098
2019-07-22,1.3009463393993197
2019-07-23,1.302302518223324
2019-07-24,1.2998173562427637
2019-07-25,1.2897777345536507
2019-07-26,1.2888406144178832
2019-07-29,1.2901605221539105
2019-07-30,1.2913636140648135
2019-07-31,1.273118915275874
2019-08-01,1.2698184498227152
2019-08-02,1.2829404845390744
2019-08-05,1.2755116734026002
2019-08-06,1.2742465307935102
2019-08-07,1.2835234145660959
2019-08-08,1.2793470087759335
2019-08-09,1.2723075802913446
2019-08-12,1.274414788682717
2019-08-13,1.280093352731373
2019-08-14,1.2761590212786698
2019-08-15,1.2739925548958213
2019-08-16,1.2750189828172622
2019-08-19,1.3442305139404642
2019-08-20,1.3446787961051936
2019-08-21,1.3476361779153732
2019-08-22,1.3466315761078227
2019-08-23,1.333598504102429
2019-08-26,1.343312922844549
2019-08-27,1.3379794692347713
2019-08-28,1.3404645046928438
2019-08-29,1.3423984084219314
2019-08-30,1.3395517640793708
2019-09-02,1.334230978961209
2019-09-03,1.334506868936839
2019-09-04,1.3426232708915309
2019-09-05,1.3518512177819204
2019-09-06,1.3528698047938463
2019-09-09,1.3579137285467342
2019-09-10,1.3548223980064624
2019-09-11,1.3388864189460121
2019-09-12,1.334790358348541
2019-09-16,1.337441209803819
2019-09-17,1.3382509275596426
2019-09-18,1.3256558852464801
2019-09-19,1.327885615151796
2019-09-20,1.3278885943331808
2019-09-23,1.332983260063214
2019-09-24,1.3315373454351562
2019-09-25,1.3295594222718763
2019-09-26,1.3295660459208407
2019-09-27,1.3287738406505958
2019-09-30,1.3340921335699625
2019-10-08,1.3216810913045478
2019-10-09,1.3228364352006743
2019-10-10,1.311855739539211
2019-10-11,1.3084638075805024
2019-10-14,1.3068937714143418
2019-10-15,1.3215798978709314
2019-10-16,1.3196591222757668
2019-10-17,1.3191531319484688
2019-10-18,1.3146982917798335
2019-10-21,1.3114192793303168
2019-10-22,1.313334090823348
2019-10-23,1.2974643633415655
2019-10-24,1.295768841930894
2019-10-25,1.2977020664723438
2019-10-28,1.2992407092733709
2019-10-29,1.3102698118297817
2019-10-30,1.3150604545646611
2019-10-31,1.312425903130065
2019-11-01,1.2648812790574877
2019-11-04,1.24990000193432
2019-11-05,1.2504651635085728
2019-11-06,1.2572293937780776
2019-11-07,1.2576212411747802
2019-11-08,1.2539689638890226
2019-11-11,1.2159529581724373
2019-11-12,1.2156341284906103
2019-11-13,1.2178029776705934
2019-11-14,1.2173582174086663
2019-11-15,1.2285373882399928
2019-11-18,1.239567740009854
2019-11-19,1.2276170015346746
2019-11-20,1.2201480575631267
2019-11-21,1.207835531265857
2019-11-22,1.1719613560108484
2019-11-25,1.1676626336311178
2019-11-26,1.1799645759382196
2019-11-27,1.1946712168422153
2019-11-28,1.186580421297313
2019-11-29,1.1462287344312492
2019-12-02,1.144214474809661
2019-12-03,1.1426715399923988
2019-12-04,1.1419256093016275
2019-12-05,1.1411642678676508
2019-12-06,1.1176204063917123
2019-12-09,1.1177471829738883
2019-12-10,1.1169847896094245
2019-12-11,1.116882310487176
2019-12-12,1.124757658482576
2019-12-13,1.1762898818322933
2019-12-16,1.1835517997159126
2019-12-17,1.2327472042661265
2019-12-18,1.2279554336357286
2019-12-19,1.228289716029431
2019-12-20,1.2180313683663249
2019-12-23,1.2608907719422224
2019-12-24,1.2627409037803587
2019-12-25,1.2614596713432566
2019-12-26,1.3122229999482187
2019-12-27,1.320389837281266
2019-12-30,1.400986212172166
2019-12-31,1.3904345688616915
2020-01-02,1.316935744328938
2020-01-03,1.3179696111144303
2020-01-06,1.2920696586910365
2020-01-07,1.270747249119293
2020-01-08,1.3135558294197858
2020-01-09,1.3252834530450839
2020-01-10,1.3257033416294484
2020-01-13,1.2983492971227897
2020-01-14,1.316211864406602
2020-01-15,1.3107153989149856
2020-01-16,1.3118435597982043
2020-01-17,1.3124428883438322
2020-01-20,1.3108838514593413
2020-01-21,1.2783317782336274
2020-01-22,1.27729606724936
2020-01-23,1.2533773347443893
2020-02-03,1.2623075926620142
2020-02-04,1.1528110012365311
2020-02-05,1.1516790976529023
2020-02-06,1.14400235906385
2020-02-07,1.144014291651175
2020-02-10,1.1457604638770884
2020-02-11,1.1388107964084528
2020-02-12,1.147569356446247
2020-02-13,1.1529982685013582
2020-02-14,1.213376487865465
2020-02-17,1.3678695166811414
2020-02-18,1.384066772377537
2020-02-19,1.3788662985280091
2020-02-20,1.4187173610202617
2020-02-21,1.4168853572754594
2020-02-24,1.4204855372253231
2020-02-25,1.4155860533100517
2020-02-26,1.4362509844475395
2020-02-27,1.4352755914390412
2020-02-28,1.4450559482936267
2020-03-02,1.4583758570666383
2020-03-03,1.4701286349046487
2020-03-04,1.4869662463005802
2020-03-05,1.4288626983981347
2020-03-06,1.4664219308876538
2020-03-09,1.380134528606132
2020-03-10,1.4181476960243118
2020-03-11,1.4343427175582801
2020-03-12,1.4283760701430948
2020-03-13,1.422457532320392
2020-03-16,1.4126659524680527
2020-03-17,1.409163464069789
2020-03-18,1.4200615725715542
2020-03-19,1.3835691707528683
2020-03-20,1.3612454768747677
2020-03-23,1.3803352190765403
2020-03-24,1.348636387232656
2020-03-25,1.3125388562409128
2020-03-26,1.3173978438018479
2020-03-27,1.316682661320053
2020-03-30,1.314797211508059
2020-03-31,1.3121866692444641
2020-04-01,1.315391302985045
2020-04-02,1.3103213740618758
2020-04-03,1.3152851038599338
2020-04-07,1.3080562174620554
2020-04-08,1.305441642337511
2020-04-09,1.3096450822603984
2020-04-10,1.3142514736687767
2020-04-13,1.3184486199023244
2020-04-14,1.3112687533241587
2020-04-15,1.3153922563132892
2020-04-16,1.3151222835872702
2020-04-17,1.3006651460875842
2020-04-20,1.2999863176137405
2020-04-21,1.3101529814268726
2020-04-22,1.3033631715844578
2020-04-23,1.3051916670626311
2020-04-24,1.3109799392816164
2020-04-27,1.3022023299927408
2020-04-28,1.3084339530349798
2020-04-29,1.311525217794421
2020-04-30,1.3170286544367782
2020-05-06,1.3153220666389882
2020-05-07,1.3163016491561386
2020-05-08,1.3257244652518776
2020-05-11,1.3263188617040462
2020-05-12,1.3262964783175348
2020-05-13,1.3259814841073252
2020-05-14,1.3277422556861433
2020-05-15,1.3251853896955172
2020-05-18,1.322675846719743
2020-05-19,1.3192573855822585
2020-05-20,1.316187626715501
2020-05-21,1.2978698135464901
2020-05-22,1.3099698313286732
2020-05-25,1.3091528946783604
2020-05-26,1.3083022140454572
2020-05-27,1.3133431216947191
2020-05-28,1.3175250280994428
2020-05-29,1.3165606820254778
2020-06-01,1.3202938109897617
2020-06-02,1.317528851748025
2020-06-03,1.317777936800283
2020-06-04,1.3187759732503068
2020-06-05,1.3211205199847635
2020-06-08,1.3126907453986498
2020-06-09,1.309376341580915
2020-06-10,1.3120549121662204
2020-06-11,1.3090108186107396
2020-06-12,1.3064871675470402
2020-06-15,1.2832551138136743
2020-06-16,1.267726222774808
2020-06-17,1.2676000100238491
2020-06-18,1.26840649144635
2020-06-19,1.2800671240870718
2020-06-22,1.281569671631387
2020-06-23,1.296539793029105
2020-06-24,1.3004163099156019
2020-06-29,1.3452564581865407
2020-06-30,1.351661351406147
2020-07-01,1.3318916118931055
2020-07-02,1.456379067837192
2020-07-03,1.5490862064371174
2020-07-06,1.6084483214703973
2020-07-07,1.5822178739771438
2020-07-08,1.6332740160735741
2020-07-09,1.6409119089490627
2020-07-10,1.5579118341913103
2020-07-13,1.496879436336545
2020-07-14,1.4968168014850907
2020-07-15,1.5189684185328858
2020-07-16,1.3828637185075594
2020-07-17,1.3631121391202494
2020-07-20,1.4002241741283348
2020-07-21,1.3979244114135254
2020-07-22,1.3978861297031666
2020-07-23,1.3975543412642697
2020-07-24,1.3883122649062174
2020-07-27,1.3896779101111978
2020-07-28,1.3813565220763855
2020-07-29,1.3766224408271388
2020-07-30,1.377810415470542
2020-07-31,1.3784987545663911
2020-08-03,1.3898677054158592
2020-08-04,1.3896004286822736
2020-08-05,1.3898265345283243
2020-08-06,1.3830082054762225
2020-08-07,1.415990734018794
2020-08-10,1.416456641964078
2020-08-11,1.4234058879843265
2020-08-12,1.417449991025564
2020-08-13,1.4142634441503918
2020-08-14,1.404977620158309
2020-08-17,1.4304492410397407
2020-08-18,1.4285174698266958
2020-08-19,1.4304749328264106
2020-08-20,1.3914226352269212
2020-08-21,1.408899746327655
2020-08-24,1.378319117189323
2020-08-25,1.3783869499276449
2020-08-26,1.3853846289728773
2020-08-27,1.379633029157583
2020-08-28,1.35666574314067
2020-08-31,1.342492062641423
2020-09-01,1.3385300095966517
2020-09-02,1.3388910635338596
2020-09-03,1.3452436674644426
2020-09-04,1.3441846899331624
2020-09-07,1.3462025375771882
2020-09-08,1.3529096678318946
2020-09-09,1.341344173738341
2020-09-10,1.3438697417370968
2020-09-11,1.3269360570313145
2020-09-14,1.3220980319130642
2020-09-15,1.3094281624157376
2020-09-16,1.3033331848143739
2020-09-17,1.3033709232928286
2020-09-18,1.3369194079102746
2020-09-21,1.23355445062109
2020-09-22,1.080447164143326
2020-09-23,1.0946876665501715
2020-09-24,1.0721277897026174
2020-09-25,1.0669643885363613
2020-09-28,1.0614317676514822
2020-09-29,1.06423328031428
2020-09-30,1.0641980289775947
2020-10-09,0.7783848127667746
2020-10-12,0.7548894169385344
2020-10-13,0.7413262350923538
2020-10-14,0.737554340407127
2020-10-15,0.7372391710424069
2020-10-16,0.7369897602918829
2020-10-19,0.7319268312251493
2020-10-20,0.7263327607583615
2020-10-21,0.7263399104807746
2020-10-22,0.7291591153551282
2020-10-23,0.7426711752323745
2020-10-26,0.7583873697117017
2020-10-27,0.7577464292693161
2020-10-28,0.7490724951314321
2020-10-29,0.7479697132577217
2020-10-30,0.852288742928867
2020-11-02,0.8573644692752798
2020-11-03,0.8895754527842173
2020-11-04,0.8820028765138972
2020-11-05,0.8746338690817105
2020-11-06,0.8745897295565205
2020-11-09,0.9097543391741263
2020-11-10,0.9285202071789124
2020-11-11,0.9427375088230753
2020-11-12,0.9424946624515637
2020-11-13,0.9411969946020077
2020-11-16,0.9590436054142624
2020-11-17,0.9595378641860407
2020-11-18,0.9580609139232051
2020-11-19,0.951902372159268
2020-11-20,0.9503312677702396
2020-11-23,0.9605438028119803
2020-11-24,0.9577909062687133
2020-11-25,0.9648257906879214
2020-11-26,0.9649670992404591
2020-11-27,0.9838950420769108
2020-11-30,0.9849003587274254
2020-12-01,1.0152700279756908
2020-12-02,1.0150652475993032
2020-12-03,1.002482825890908
2020-12-04,0.9984274844101058
2020-12-07,1.018336621514414
2020-12-08,1.0158773562223855
2020-12-09,1.0713989107744435
2020-12-10,1.07192032581187
2020-12-11,1.085126907408853
2020-12-14,1.0685184641634298
2020-12-15,1.0686566235143293
2020-12-16,1.0662737547083463
2020-12-17,1.0998383233080977
2020-12-18,1.1034998217549379
2020-12-21,1.09841081715705
2020-12-22,1.1717177632328935
2020-12-23,1.170055330955928
2020-12-24,1.1730707573697363
2020-12-25,1.189627588420079
2020-12-28,1.1848966232819036
2020-12-29,1.1744786247601458
2020-12-30,1.172275352108449
2020-12-31,1.2197493583264176
2021-01-04,1.1997704582416164
2021-01-05,1.1479682816543952
2021-01-06,1.1058031990464736
2021-01-07,1.0595239862676793
2021-01-08,1.062366896314656
2021-01-11,1.094729414832029
2021-01-12,1.1446727341754857
2021-01-13,1.1586279835269133
2021-01-14,1.1582742538106319
2021-01-15,1.1561890839403879
2021-01-18,1.145906330471522
2021-01-19,1.1011795463810405
2021-01-20,1.0888059912070283
2021-01-21,1.0759548437619422
2021-01-22,1.075139599074426
2021-01-25,1.0581740708308405
2021-01-26,1.0910348042185873
2021-01-27,1.0903225266395844
2021-01-28,0.9831566861101418
2021-01-29,0.9782440337511189
2021-02-01,0.963091199786951
2021-02-02,0.9354443746110037
2021-02-03,0.9408766009368047
2021-02-04,0.9538624245698676
2021-02-05,0.9505266555650499
2021-02-08,0.9415567652356168
2021-02-09,0.9660750471641076
2021-02-10,0.9273739419027358
2021-02-18,0.9099751033769851
2021-02-19,0.9135434369186134
2021-02-22,0.8067630518887058
2021-02-23,0.8089018671608897
2021-02-24,0.7368655075899296
2021-02-25,0.7350494085452235
2021-02-26,0.7138931711790206
2021-03-01,0.7056794395186459
2021-03-02,0.708258736527293
2021-03-03,0.7072066177189023
2021-03-04,0.6847201787701362
2021-03-05,0.6758998402008962
2021-03-08,0.6369298345963227
2021-03-09,0.6547388796791827
2021-03-10,0.643362069456165
2021-03-11,0.634297030021915
2021-03-12,0.6361826824549675
2021-03-15,0.6279615191607822
2021-03-16,0.624827089710835
2021-03-17,0.6238839141252857
2021-03-18,0.6193671905135907
2021-03-19,0.619509186740035
2021-03-22,0.6337810784009374
2021-03-23,0.620436975795337
2021-03-24,0.594488706321681
2021-03-25,0.5946718929002826
2021-03-26,0.5660878228932267
2021-03-29,0.5648813665186189
2021-03-30,0.5496738324260251
2021-03-31,0.5481618956846215
2021-04-01,0.5452000104930348
2021-04-02,0.5388434656108072
2021-04-06,0.5372259065958742
2021-04-07,0.5308418757903313
2021-04-08,0.5312798595483403
2021-04-09,0.5239776816558371
2021-04-12,0.530577268583697
2021-04-13,0.531106124538665
2021-04-14,0.5309199546132632
2021-04-15,0.5301543509681247
2021-04-16,0.530973828939237
2021-04-19,0.5353636342247627
2021-04-20,0.5354038512931589
2021-04-21,0.5349801761656787
2021-04-22,0.5343555996720176
2021-04-23,0.5267248269703088
2021-04-26,0.5359122740795076
2021-04-27,0.5366225283122215
2021-04-28,0.5294086522925054
2021-04-29,0.5459823881243203
2021-04-30,0.5532886210369542
2021-05-06,0.5401333631167731
2021-05-07,0.545398532316272
2021-05-10,0.5456089739965374
2021-05-11,0.5515786016582589
2021-05-12,0.5510508340568443
2021-05-13,0.5538558008764086
2021-05-14,0.6705892843770167
2021-05-17,0.617877558788533
2021-05-18,0.6181606450814177
2021-05-19,0.6200077789986866
2021-05-20,0.625244408241437
2021-05-21,0.6376535442072581
2021-05-24,0.6427369192674699
2021-05-25,0.6783029092368629
2021-05-26,0.678230631702588
2021-05-27,0.6778242078469288
2021-05-28,0.6726084944014509
2021-05-31,0.6706419337513712
2021-06-01,0.6676273707540862
2021-06-02,0.6742674003115282
2021-06-03,0.671122666844823
2021-06-04,0.67488134517759
2021-06-07,0.6743130473836931
2021-06-08,0.6696541039580387
2021-06-09,0.6686417664982922
2021-06-10,0.6745723575598093
2021-06-11,0.682128709089706
2021-06-15,0.6793199463211314
2021-06-16,0.6493681244839624
2021-06-17,0.6468082187111815
2021-06-18,0.6467950862643295
2021-06-21,0.6455872176923667
2021-06-22,0.6375912159574819
2021-06-23,0.6350886322186858
2021-06-24,0.6358320133803205
2021-06-25,0.6671567296615796
2021-06-28,0.6635443854483216
2021-06-29,0.6682463819905958
2021-06-30,0.6776350472252735
2021-07-01,0.6729578015446566
2021-07-02,0.6377620368265781
2021-07-05,0.6372048267333915
2021-07-06,0.6366117745778286
2021-07-07,0.6257659822684717
2021-07-08,0.6279610638971356
2021-07-09,0.6261340663390879
2021-07-12,0.6264674201069182
2021-07-13,0.6260344732974383
2021-07-14,0.6287776281595697
2021-07-15,0.6180756603794234
2021-07-16,0.6070606326906435
2021-07-19,0.6034016073131757
2021-07-20,0.6029082108206821
2021-07-21,0.6043812932547638
2021-07-22,0.6066837684317249
2021-07-23,0.5748108269480265
2021-07-26,0.6051185551912805
2021-07-27,0.6350610753014927
2021-07-28,0.6301837053455247
2021-07-29,0.6182108081763643
2021-07-30,0.6251893721385083
2021-08-02,0.6332237430993366
2021-08-03,0.6331271361346635
2021-08-04,0.6233632434522735
2021-08-05,0.6272861891104372
2021-08-06,0.6254873060043266
2021-08-09,0.6313573348668139
2021-08-10,0.6330613648707031
2021-08-11,0.6333089105642065
2021-08-12,0.629887078253216
2021-08-13,0.6266897103872798
2021-08-16,0.625616417806581
2021-08-17,0.5741922285917767
2021-08-18,0.6451582189986301
2021-08-19,0.6602975926352139
2021-08-20,0.5463074782742424
2021-08-23,0.528581745794321
2021-08-24,0.5314819241741937
2021-08-25,0.5333943202205567
2021-08-26,0.5360114851486112
2021-08-27,0.5303812850862497
2021-08-30,0.5313000680049449
2021-08-31,0.527707506487946
2021-09-01,0.553603156528102
2021-09-02,0.5534605603860382
2021-09-03,0.5544345669185393
2021-09-06,0.5768832361116153
2021-09-07,0.5900848459306195
2021-09-08,0.589498976165821
2021-09-09,0.5894249689116514
2021-09-10,0.5984932192764668
2021-09-13,0.5911008457788562
2021-09-14,0.6675376251226182
2021-09-15,0.6414864174674344
2021-09-16,0.6757550587692412
2021-09-17,0.6784406607086889
2021-09-22,0.6787878717544984
2021-09-23,0.684370872890378
2021-09-24,0.686241540995304
2021-09-27,0.660110781657356
2021-09-28,0.6620528070457941
2021-09-29,0.6749930409737728
2021-09-30,0.6710904211738269
2021-10-08,0.668680272527281
2021-10-11,0.6671511960613598
2021-10-12,0.6882375383503683
2021-10-13,0.6756178262851024
2021-10-14,0.671854739820522
2021-10-15,0.6602375409936176
2021-10-18,0.6520493738637476
2021-10-19,0.6552197880702133
2021-10-20,0.654948075324296
2021-10-21,0.6543046569097047
2021-10-22,0.647667243983405
2021-10-25,0.6520078739302704
2021-10-26,0.6585900991341465
2021-10-27,0.6635662797633664
2021-10-28,0.6757276824545312
2021-10-29,0.6848577240957332
2021-11-01,0.6787600010133537
2021-11-02,0.6892665307788416
2021-11-03,0.6859199562276553
2021-11-04,0.6890093155723391
2021-11-05,0.6953711293889799
2021-11-08,0.6969872088026063
2021-11-09,0.6961482550175432
2021-11-10,0.6806069535848622
2021-11-11,0.6843344543602329
2021-11-12,0.6836444732151973
2021-11-15,0.6815399098886377
2021-11-16,0.6808675435737525
2021-11-17,0.6808749140774102
2021-11-18,0.6837936786428531
2021-11-19,0.7093837815899481
2021-11-22,0.7039620472480149
2021-11-23,0.7037848559264092
2021-11-24,0.7024714407685576
2021-11-25,0.702230368022561
2021-11-26,0.6871534851629766
2021-11-29,0.6962162889803614
2021-11-30,0.6874547776566593
2021-12-01,0.6909180858386845
2021-12-02,0.6906398058912426
2021-12-03,0.6844432847283431
2021-12-06,0.6843835196660152
2021-12-07,0.6841535613936709
2021-12-08,0.6689157529345742
2021-12-09,0.6893246101259072
2021-12-10,0.6999630743099983
2021-12-13,0.6900839575246752
2021-12-14,0.6981368986691471
2021-12-15,0.6833799622835839
2021-12-16,0.683616400744236
2021-12-17,0.6207670962247042
2021-12-20,0.6151983054719464
2021-12-21,0.6333854207548457
2021-12-22,0.6327339624039299
2021-12-23,0.619639595167327
2021-12-24,0.6222870262810921
2021-12-27,0.6221758006055206
2021-12-28,0.6262003121610156
2021-12-29,0.5801925017265043
2021-12-30,0.5812690100766094
2021-12-31,0.5815687586875148
2022-01-04,0.5732736269798437
2022-01-05,0.5784945274701738
2022-01-06,0.5840251056382321
2022-01-07,0.5849093110031326
2022-01-10,0.5880137989614913
2022-01-11,0.5626905586965398
2022-01-12,0.5060164837540843
2022-01-13,0.48120461455552643
2022-01-14,0.5151970335676503
2022-01-17,0.5079931669992163
2022-01-18,0.5092843685581835
2022-01-19,0.4982715323448986
2022-01-20,0.5135818950923687
2022-01-21,0.508629122091639
2022-01-24,0.5086554222640208
2022-01-25,0.598520800759546
2022-01-26,0.6055837815727346
2022-01-27,0.6615714652916006
2022-01-28,0.6660478367206846
2022-02-07,0.659456253129262
2022-02-08,0.6258428082554931
2022-02-09,0.6158875650135306
2022-02-10,0.6127625101050904
2022-02-11,0.598545264967228
2022-02-14,0.6093460360727793
2022-02-15,0.5924632146461732
2022-02-16,0.5901669945103947
2022-02-17,0.5843536402950145
2022-02-18,0.5842423074839942
2022-02-21,0.5813595832237053
2022-02-22,0.6131705348494114
2022-02-23,0.6177435388796741
2022-02-24,0.6728800576451105
2022-02-25,0.6550998485705124
2022-02-28,0.6532455267931266
2022-03-01,0.6534362642004804
2022-03-02,0.6446330507214666
2022-03-03,0.633953062012628
2022-03-04,0.6125754596078873
2022-03-07,0.5450610069796903
2022-03-08,0.6123574683415189
2022-03-09,0.6640193000643242
2022-03-10,0.6295253512194776
2022-03-11,0.6434541469770224
2022-03-14,0.4553506825178373
2022-03-15,0.5571266882188022
2022-03-16,0.6784073200284995
2022-03-17,0.6257330564144142
2022-03-18,0.6237565259143546
2022-03-21,0.6254479824593484
2022-03-22,0.6252474738408171
2022-03-23,0.6235645902442467
2022-03-24,0.6293474488014484
2022-03-25,0.6103511494026213
2022-03-28,0.5993517540765267
2022-03-29,0.5957470963146382
2022-03-30,0.6322776981196784
2022-03-31,0.6183325916426098
2022-04-01,0.6597323477989092
2022-04-06,0.6581096175003125
2022-04-07,0.6672079051061817
2022-04-08,0.6750420823752796
2022-04-11,0.6696149179295697
2022-04-12,0.753120489126171
2022-04-13,0.7725435501219243
2022-04-14,0.7627343641244368
2022-04-15,0.7622013169194141
2022-04-18,0.7770731714126384
2022-04-19,0.7603058201034079
2022-04-20,0.7765626307732213
2022-04-21,0.7942304815053534
2022-04-22,0.7899323358756882
2022-04-25,0.7793603625044375
2022-04-26,0.8413781328974239
2022-04-27,0.6548930087890701
2022-04-28,0.6315790445363176
2022-04-29,0.7131172241864109
2022-05-05,0.7136976771664729
2022-05-06,0.7548331809674967
2022-05-09,0.7529457815411599
2022-05-10,0.7554816400341478
2022-05-11,0.7397579982129491
2022-05-12,0.7372990016411634
2022-05-13,0.7397474380935436
2022-05-16,0.7423977541723419
2022-05-17,0.7339887307947406
2022-05-18,0.7335144432590166
2022-05-19,0.7336864188154886
2022-05-20,0.7309584917827336
2022-05-23,0.7249360120950649
2022-05-24,0.7474173652606663
2022-05-25,0.7481036536832943
2022-05-26,0.7531511415444879
2022-05-27,0.7549785672665569
2022-05-30,0.7445456550697688
2022-05-31,0.7408118127871535
2022-06-01,0.7407548591001921
2022-06-02,0.7426278922062461
2022-06-06,0.7528797815981502
2022-06-07,0.7527298216915115
2022-06-08,0.7611998577458352
2022-06-09,0.7556993769641355
2022-06-10,0.7645466215098271
2022-06-13,0.7166402978320584
2022-06-14,0.7466654743480987
2022-06-15,0.756707793709869
2022-06-16,0.7770415978700258
2022-06-17,0.7529466047434751
2022-06-20,0.7428226212217364
2022-06-21,0.7428795509199334
2022-06-22,0.7591580130135125
2022-06-23,0.7722156286893901
2022-06-24,0.7579751126927303
2022-06-27,0.7386771932838371
2022-06-28,0.745184565917617
2022-06-29,0.7441154085764274
2022-06-30,0.7186653176543636
2022-07-01,0.7258452218612349
2022-07-04,0.7249279913050852
2022-07-05,0.7259278599253611
2022-07-06,0.7239737861659845
2022-07-07,0.7224029595859397
2022-07-08,0.7233648727787245
2022-07-11,0.7004082451260147
2022-07-12,0.6023558825794744
2022-07-13,0.5986495876253641
2022-07-14,0.5993893129780633
2022-07-15,0.6346785557973134
2022-07-18,0.6408210485737318
2022-07-19,0.639479147463721
2022-07-20,0.6510287368304274
2022-07-21,0.6748974081921861
2022-07-22,0.6745727909510356
2022-07-25,0.6817303276978274
2022-07-26,0.6809083049173877
2022-07-27,0.6830135434574227
2022-07-28,0.6831972054955232
2022-07-29,0.6380152426032747
2022-08-01,0.6260259414191965
2022-08-02,0.6677083714274253
2022-08-03,0.6653392731723192
2022-08-04,0.6749942729129962
2022-08-05,0.7187047766488261
2022-08-08,0.7192852061663694
2022-08-09,0.7176578421183941
2022-08-10,0.7011009215965299
2022-08-11,0.9654833064292399
2022-08-12,0.9587122768869084
2022-08-15,0.9730295332691196
2022-08-16,0.9757147584153788
2022-08-17,1.1146814459889764
2022-08-18,1.1024289132395977
2022-08-19,1.1208949226841503
2022-08-22,1.0717526830675521
2022-08-23,1.0014576744541408
2022-08-24,0.7919685431686357
2022-08-25,0.7573393079207114
2022-08-26,0.7734606683167119
2022-08-29,0.772595317777478
2022-08-30,0.7951901749482544
2022-08-31,0.7907166972398508
2022-09-01,0.8207539092948909
2022-09-02,0.8052795893462633
2022-09-05,0.805327255290264
2022-09-06,0.8210354817787582
2022-09-07,0.8186260000877857
2022-09-08,0.8285409700764959
2022-09-09,0.8183945782828758
2022-09-13,0.8089456392543323
2022-09-14,0.8208701457385081
2022-09-15,0.8335852753793431
2022-09-16,0.8992924680729967
2022-09-19,0.898699369122692
2022-09-20,0.8973759454376776
2022-09-21,0.8642158873721822
2022-09-22,0.849962697456168
2022-09-23,0.8574598865587764
2022-09-26,0.8664409722897799
2022-09-27,0.8637026517645252
2022-09-28,0.9131282644920518
2022-09-29,0.9129028417959837
2022-09-30,0.9325083369506513
2022-10-10,0.8629420998611126
2022-10-11,0.8711157417392985
2022-10-12,0.929929829656234
2022-10-13,0.9279775965671276
2022-10-14,0.8828650352129441
2022-10-17,0.8838833306052353
2022-10-18,0.8853260694705813
2022-10-19,0.8757253059173425
2022-10-20,0.8657463005335576
2022-10-21,0.8723482146091524
2022-10-24,0.8608802350498643
2022-10-25,0.8604033272427069
2022-10-26,0.8676880618547989
2022-10-27,0.8766509137544624
2022-10-28,0.9370479986134851
2022-10-31,0.9235793726919377
2022-11-01,0.9087405447311698
2022-11-02,0.9028089880572681
2022-11-03,0.9004200298951887
2022-11-04,0.9173337940978552
2022-11-07,0.9170702772407393
2022-11-08,0.9159258870307495
2022-11-09,0.8997464683238299
2022-11-10,0.8866207014646329
2022-11-11,0.8466955420892275
2022-11-14,0.8472617938024828
2022-11-15,0.8859226996891172
2022-11-16,0.8984557295638045
2022-11-17,0.8914641541804991
2022-11-18,0.8987128146791847
2022-11-21,0.9078896186749787
2022-11-22,0.9076247891292314
2022-11-23,0.9068787281277032
2022-11-24,0.906596951898249
2022-11-25,0.9073181327995641
2022-11-28,0.9148172474916314
2022-11-29,0.9665245532370943
2022-11-30,0.9660157945741429
2022-12-01,0.9486786629571811
2022-12-02,0.9387666177788856
2022-12-05,0.9418284839861135
2022-12-06,0.9320466315081815
2022-12-07,0.9359622197625741
2022-12-08,0.935899058377666
2022-12-09,0.925035630381977
2022-12-12,0.9512648957902545
2022-12-13,0.9500300786223547
2022-12-14,0.9507011742300643
2022-12-15,0.9515521347742695
2022-12-16,0.9508673935515775
2022-12-19,0.9987649359345113
2022-12-20,0.9599684769092013
2022-12-21,0.9595204360326174
2022-12-22,0.9569425988349797
2022-12-23,0.9545734420045469
2022-12-26,0.9500533574041163
2022-12-27,0.9441401547009296
2022-12-28,0.9508350716290348
2022-12-29,0.9496515170656246
2022-12-30,0.9452602459916226
2023-01-03,0.948201663935539
2023-01-04,0.94785561600377
2023-01-05,0.9440835515727141
2023-01-06,0.940965593136654
2023-01-09,0.9433090893560553
2023-01-10,0.9431270016875838
2023-01-11,0.9414850165006338
2023-01-12,0.9442319191164262
2023-01-13,0.9833179986074084
2023-01-16,1.0055289542045642
2023-01-17,1.0046917576183645
2023-01-18,1.0003364677810724
2023-01-19,1.016882487755516
2023-01-20,0.993976228817158
2023-01-30,0.9823454212636865
2023-01-31,0.9726873679743895
2023-02-01,1.0093198166653137
2023-02-02,1.027279294033081
2023-02-03,1.0141763972739177
2023-02-06,1.0016669474344946
2023-02-07,1.0010440073294693
2023-02-08,1.0129482247316366
2023-02-09,1.0189543633454115
2023-02-10,1.0275641386518517
2023-02-13,1.026210665162898
2023-02-14,1.0260677712142332
2023-02-15,1.026592471987246
2023-02-16,1.0052545698303965
2023-02-17,1.053350438052784
2023-02-20,1.1462245780328881
2023-02-21,1.1503137060426256
2023-02-22,1.1445493842812138
2023-02-23,1.1438981682203846
2023-02-24,1.134117789267654
2023-02-27,1.1412239481580726
2023-02-28,1.1428945379079969
2023-03-01,1.1005393646241124
2023-03-02,1.0980115621648827
2023-03-03,1.097569968182085
2023-03-06,1.1057242743812783
2023-03-07,1.1132659042681439
2023-03-08,1.1113261076439271
2023-03-09,1.1128176692368663
2023-03-10,1.129836757603982
2023-03-13,1.0964463208033555
2023-03-14,1.0918451978106436
2023-03-15,1.0923716649516184
2023-03-16,1.0777858946530399
2023-03-17,1.0870314465983224
2023-03-20,1.0917720353093623
2023-03-21,1.0877390201531176
2023-03-22,1.0857934620404153
2023-03-23,1.0816693518864586
2023-03-24,1.0804005852949823
2023-03-27,1.0732940042966017
2023-03-28,1.0768267716100883
2023-03-29,1.0717624607069653
2023-03-30,1.060880878567039
2023-03-31,1.0606921047333207
2023-04-03,1.0936332466601095
2023-04-04,1.0954635791171372
2023-04-06,1.0966940256474145
2023-04-07,1.0942052915847853
2023-04-10,1.0975163657557967
2023-04-11,1.0936430694939423
2023-04-12,1.0932000493671528
2023-04-13,1.0926516275644118
2023-04-14,1.0779932433900699
2023-04-17,1.1088965949615013
2023-04-18,1.1107535848185313
2023-04-19,1.117817184550652
2023-04-20,1.1151216717886845
2023-04-21,1.1960183636720358
2023-04-24,1.1564554341724214
2023-04-25,1.1425627118135495
2023-04-26,1.1380513610135161
2023-04-27,1.100079028081472
2023-04-28,1.129456804740909
2023-05-04,1.1308073316792777
2023-05-05,1.1245479580711566
2023-05-08,1.1319199570735556
2023-05-09,1.0988363271742896
2023-05-10,1.1299190341898209
2023-05-11,1.1270593960633828
2023-05-12,1.1220934907450215
2023-05-15,1.0839285490133062
2023-05-16,1.0976603247094425
2023-05-17,1.0934244926470873
2023-05-18,1.0923443233875225
2023-05-19,1.106726183253357
2023-05-22,1.0856272554534965
2023-05-23,1.0489799744345476
2023-05-24,1.0175886315550664
2023-05-25,1.0109916744784422
2023-05-26,1.0109343516463398
2023-05-29,1.0040009728935222
2023-05-30,1.0055803905277654
2023-05-31,0.984689334771311
2023-06-01,0.9822073603168201
2023-06-02,0.9403156245396953
2023-06-05,0.9445081118411003
2023-06-06,0.9413774383380926
2023-06-07,0.9328053185831255
2023-06-08,0.9321093180746348
2023-06-09,0.9245948024359207
2023-06-12,0.9194924526082248
2023-06-13,0.9134622148144427
2023-06-14,0.9134295816046972
2023-06-15,0.9080237197279918
2023-06-16,0.890894325267039
2023-06-19,0.8914006385744416
2023-06-20,0.8930331416080142
2023-06-21,0.926022453532165
2023-06-26,0.9538329719587556
2023-06-27,0.9586989568520616
2023-06-28,0.9587705050665003
2023-06-29,0.9585788188126961
2023-06-30,0.9732610308221924
2023-07-03,0.9886581585117156
2023-07-04,0.9893071051648603
2023-07-05,0.9788645020709934
2023-07-06,0.9660590507552346
2023-07-07,0.9510277376773634
2023-07-10,0.9485573681893443
2023-07-11,0.9446100168978041
2023-07-12,0.9595456682646814
2023-07-13,0.9585412211873039
2023-07-14,0.9581699992391965
2023-07-17,0.9315631361563296
2023-07-18,0.931766809956388
2023-07-19,0.9301433462468864
2023-07-20,0.9325724450878555
2023-07-21,0.931846527549174
2023-07-24,0.9307929377797471
2023-07-25,1.01002742722767
2023-07-26,1.0130582594626176
2023-07-27,1.0145883375856395
2023-07-28,1.2444755094913718
2023-07-31,1.2496716387703135
2023-08-01,1.2415659459700317
2023-08-02,1.2115830326898607
2023-08-03,1.2617858652227896
2023-08-04,1.274441251479342
2023-08-07,1.266301482708717
2023-08-08,1.2616867758718542
2023-08-09,1.2686260566056413
2023-08-10,1.2762515359258393
2023-08-11,1.307937282120419
2023-08-14,1.3156625129607726
2023-08-15,1.3098558573127521
2023-08-16,1.2632977186806742
2023-08-17,1.256637904190497
2023-08-18,1.3086068949260694
2023-08-21,1.349259814885825
2023-08-22,1.3469934846581115
2023-08-23,1.3865087795066784
2023-08-24,1.3762475022761473
2023-08-25,1.3741305503111765
2023-08-28,1.3921506597231028
2023-08-29,1.3908856097262476
2023-08-30,1.3924303804770002
2023-08-31,1.4099907606871849
2023-09-01,1.3943057459123238
2023-09-04,1.3684869893109963
2023-09-05,1.3738316889707343
2023-09-06,1.3743378383822906
2023-09-07,1.338465291166458
2023-09-08,1.316957976564792
2023-09-11,1.322461804784595
2023-09-12,1.3271489754617236
2023-09-13,1.3279113894703454
2023-09-14,1.326818268458452
2023-09-15,1.324545540879764
2023-09-18,1.316517443185149
2023-09-19,1.3153626582171465
2023-09-20,1.31159011714169
2023-09-21,1.308200015738297
2023-09-22,1.3129360197684468
2023-09-25,1.3428942904809664
2023-09-26,1.3265161650632054
2023-09-27,1.3246521855411348
2023-09-28,1.3297078850820783
2023-10-09,1.332622342361437
2023-10-10,1.3117885279110568
2023-10-11,1.3030016522092447
2023-10-12,1.3015808714526398
2023-10-13,1.2830118823683203
2023-10-16,1.2423489161016563
2023-10-17,1.2522536117176828
2023-10-18,1.2333031923695017
2023-10-19,1.128299338323815
2023-10-20,1.1115915987821272
2023-10-23,1.1736863315686727
2023-10-24,1.1989376741366742
2023-10-25,1.1938162446371898
2023-10-26,1.2112134584962428
2023-10-27,1.163256308618114
2023-10-30,1.158072073063842
2023-10-31,1.1577667808368262
2023-11-01,1.1578776941614368
2023-11-02,1.1626105969047267
2023-11-03,1.1591427006476196
2023-11-06,1.2377534797651606
2023-11-07,1.2338392149280613
2023-11-08,1.2378070197226938
2023-11-09,1.236504000823306
2023-11-10,1.2173779856587101
2023-11-13,1.2178898415934563
2023-11-14,1.2221606747298888
2023-11-15,1.2081202265695004
2023-11-16,1.1993982374145478
2023-11-17,1.1991434197589836
2023-11-20,1.1919086910169852
2023-11-21,1.1916195581385591
2023-11-22,1.1804601306061193
2023-11-23,1.177456832753632
2023-11-24,1.1747703520869344
2023-11-27,1.1614493481512036
2023-11-28,1.1583304391180915
2023-11-29,1.1596124596947255
2023-11-30,1.1556253082546717
2023-12-01,1.1371974879332802
2023-12-04,1.124288753112209
2023-12-05,1.065565470155641
2023-12-06,1.063376594266941
2023-12-07,1.0575400924927063
2023-12-08,1.0491703517050055
2023-12-11,1.0698799737765108
2023-12-12,1.072444432961923
2023-12-13,1.0155865762907959
2023-12-14,1.0079724893091426
2023-12-15,1.0027051057171452
2023-12-18,1.0042977558906176
2023-12-19,0.9987616998789239
2023-12-20,1.0193525593851656
2023-12-21,0.9636016393726322
2023-12-22,0.957300925841903
2023-12-25,0.9308795945126773
2023-12-26,0.9308330490848091
2023-12-27,0.9390046300506982
2023-12-28,0.998264558495021
2023-12-29,0.9923973553082205
2024-01-02,0.965266782019516
2024-01-03,0.9612033893736676
2024-01-04,0.9536852627526979
2024-01-05,0.9579750495711371
2024-01-08,1.0091814789786873
2024-01-09,1.0110502906422039
2024-01-10,1.0197478945966427
2024-01-11,1.0319987236687505
2024-01-12,1.036405080982369
2024-01-15,1.036414519199867
2024-01-16,1.048768852459937
2024-01-17,0.972204674715392
2024-01-18,0.881521069930641
2024-01-19,0.8869154837059378
2024-01-22,0.9887218404685191
2024-01-23,1.0126116500576452
2024-01-24,1.1194528426915942
2024-01-25,1.0884352717586778
2024-01-26,1.0856201934113163
2024-01-29,1.0744931966064033
2024-01-30,1.090214019495176
2024-01-31,1.105684194865859
2024-02-01,1.1011857421500673
2024-02-02,1.137011334142225
2024-02-05,1.0612610327369296
2024-02-06,1.351878800263373
2024-02-07,1.416886442545685
2024-02-08,1.4085742083828938
2024-02-19,1.3186598313159377
2024-02-20,1.3228717532162073
2024-02-21,1.2783962873998291
2024-02-22,1.277307367888912
2024-02-23,1.2791066498650439
2024-02-26,1.2699321350277042
2024-02-27,1.2940187234677738
2024-02-28,1.2858337427437214
2024-02-29,1.2866199293625695
2024-03-01,1.283771931916989
2024-03-04,1.2807420367123288
2024-03-05,1.2499196716806313
2024-03-06,1.2469463535262721
2024-03-07,1.2468548147453034
2024-03-08,1.2473040443522214
2024-03-11,1.2410536409593644
2024-03-12,1.2403397665518312
2024-03-13,1.2426398407732147
2024-03-14,1.2443361343193202
2024-03-15,1.2479776125902307
2024-03-18,1.2660433423512065
2024-03-19,1.2817033327262843
2024-03-20,1.2817330258409576
2024-03-21,1.2804395927338692
2024-03-22,1.3015859008436326
2024-03-25,1.3251208812118291
2024-03-26,1.3113267725302444
2024-03-27,1.319849855224732
2024-03-28,1.3151967443501058
2024-03-29,1.322659282003773
2024-04-01,1.3096961678453463
2024-04-02,1.2993849489287643
2024-04-03,1.2992039136266298
2024-04-08,1.3232885277060356
2024-04-09,1.3221029446186086
2024-04-10,1.331300536991485
2024-04-11,1.3312398726429935
2024-04-12,1.3409459071970333
2024-04-15,1.3258616033856272
2024-04-16,1.3597094132977736
2024-04-17,1.352830442171448
2024-04-18,1.3535904597692834
2024-04-19,1.347774701520433
2024-04-22,1.3492289230854517
2024-04-23,1.3436134388395298
2024-04-24,1.3407506758609327
2024-04-25,1.3378217260192946
2024-04-26,1.5071626908187914
2024-04-29,1.4981002765886882
2024-04-30,1.4990360415281083
2024-05-06,1.4417317544030874
2024-05-07,1.441653495982051
2024-05-08,1.450754223390364
2024-05-09,1.4399733983282594
2024-05-10,1.440121255928978
2024-05-13,1.4389268397796053
2024-05-14,1.4355428573388496
2024-05-15,1.4602476152571116
2024-05-16,1.4500395335976675
2024-05-17,1.4459772643890842
2024-05-20,1.4428090569412009
2024-05-21,1.44279529432881
2024-05-22,1.4418169760252042
2024-05-23,1.4447196164519651
2024-05-24,1.422926832346931
2024-05-27,1.3808927966497926
2024-05-28,1.3848294443579452
2024-05-29,1.385496303959769
2024-05-30,1.3643684674946917
2024-05-31,1.3578778900713604
2024-06-03,1.3511378868534014
2024-06-04,1.356644077838413
2024-06-05,1.359063608058761
2024-06-06,1.3631214619268377
2024-06-07,1.3521994984186168
2024-06-11,1.319704881995393
2024-06-12,1.3194935052585808
2024-06-13,1.3032237800130606
2024-06-14,1.3110451750115688
2024-06-17,1.3101592112956082
2024-06-18,1.312737512716533
2024-06-19,1.3155285569940462
2024-06-20,1.3191900365715867
2024-06-21,1.3158131634776107
2024-06-24,1.3265072564212785
2024-06-25,1.3311665456420114
2024-06-26,1.334059957062768
2024-06-27,1.3329429047261012
2024-06-28,1.3169055187869594
2024-07-01,1.31469521010768
2024-07-02,1.3187118445067252
2024-07-03,1.3157912345413896
2024-07-04,1.3483444418131518
2024-07-05,1.3297124355815055
2024-07-08,1.3876682702636167
2024-07-09,1.4731355158153585
2024-07-10,1.4734841032558545
2024-07-11,1.4741187926006487
2024-07-12,1.4741320911781082
2024-07-15,1.480262131074762
2024-07-16,1.4773243142210726
2024-07-17,1.4787223593032703
2024-07-18,1.4749870992947092
2024-07-19,1.4554511565834818
2024-07-22,1.4220761564283668
2024-07-23,1.274306669145639
2024-07-24,1.2635107443126865
2024-07-25,1.2173219098017236
2024-07-26,1.2297654204438428
2024-07-29,1.2166304600495013
2024-07-30,1.1880266678202054
2024-07-31,1.3058345464901082
2024-08-01,1.2745596535343127
2024-08-02,1.3266228627799013
2024-08-05,1.2836626591509135
2024-08-06,1.2836939339353142
2024-08-07,1.2838808350708415
2024-08-08,1.2850153033767213
2024-08-09,1.2908347508646927
2024-08-12,1.2912263726908018
2024-08-13,1.2985409158219874
2024-08-14,1.3102229243051196
2024-08-15,1.2736576392220387
2024-08-16,1.2682271334063564
2024-08-19,1.2642626520006237
2024-08-20,1.2737326712391106
2024-08-21,1.2745539598093496
2024-08-22,1.2805232886105498
2024-08-23,1.273520103890831
2024-08-26,1.2730067379535859
2024-08-27,1.2858465520962101
2024-08-28,1.265788071364832
2024-08-29,1.2591494661232352
2024-08-30,1.3249708623578058
2024-09-02,1.274976298419388
2024-09-03,1.2827004931930799
2024-09-04,1.2749517252219753
2024-09-05,1.278740942204779
2024-09-06,1.2344586176603942
2024-09-09,1.179573721627695
2024-09-10,1.1774896283336447
2024-09-11,1.1758623801247847
2024-09-12,1.16391019769592
2024-09-13,1.1497990249608367
2024-09-18,1.150071869077577
2024-09-19,1.1499255163019744
2024-09-20,1.1470385389831785
2024-09-23,1.1446209314951994
2024-09-24,1.217038049523199
2024-09-25,1.213916258014891
2024-09-26,1.2130031317253742
2024-09-27,1.4577092417686928
2024-09-30,1.3234470565277165
2024-10-08,1.3931443293658259
2024-10-09,1.4015164232006756
2024-10-10,1.3783993084597461
2024-10-11,1.3753946041753307
2024-10-14,1.3686604312093336
2024-10-15,1.3642852217640409
2024-10-16,1.361356121765756
2024-10-17,1.3592028163413574
2024-10-18,1.3465781153810958
2024-10-21,1.3451547041368843
2024-10-22,1.3464383199753367
2024-10-23,1.3446110047799835
2024-10-24,1.3356637451913163
2024-10-25,1.3410095149912815
2024-10-28,1.3403913131232943
2024-10-29,1.3416542057939667
2024-10-30,1.3365545464151698
2024-10-31,1.3364902312153628
2024-11-01,1.336868381422464
2024-11-04,1.3421492632753609
2024-11-05,1.3443255103810174
2024-11-06,1.3450178301653708
2024-11-07,1.3714067483757097
2024-11-08,1.3729480025559784
2024-11-11,1.3666319457220621
2024-11-12,1.3749798254632704
2024-11-13,1.3718411688833612
2024-11-14,1.3638207150714514
2024-11-15,1.3870073977891402
2024-11-18,1.3869097703821434
2024-11-19,1.3874418926068763
2024-11-20,1.3871966094411017
2024-11-21,1.387349022017789
2024-11-22,1.3961386554248947
2024-11-25,1.390866067152243
2024-11-26,1.3904888533856832
2024-11-27,1.393346877578427
2024-11-28,1.389056165818323
2024-11-29,1.393099548117243
2024-12-02,1.3915661642760055
2024-12-03,1.392060621791618
2024-12-04,1.3947215371885584
2024-12-05,1.3926201174718853
2024-12-06,1.3989270589841227
2024-12-09,1.40120317239234
2024-12-10,1.3969654787458403
2024-12-11,1.3970061418190773
2024-12-12,1.403521590620502
2024-12-13,1.4030095675125884
2024-12-16,1.4023279923506893
2024-12-17,1.4010356755948552
2024-12-18,1.398278395788065
2024-12-19,1.3984071346580644
2024-12-20,1.3935577278447953
2024-12-23,1.3920900905632871
2024-12-24,1.4044399101439549
2024-12-25,1.404360501756148
2024-12-26,1.4043617794786298
2024-12-27,1.4023819148199768
2024-12-30,1.403838875767605
2024-12-31,1.451461397351483
2025-01-02,1.4694294387671636
2025-01-03,1.4778485699215222
2025-01-06,1.4778785982754534
2025-01-07,1.476870287566108
2025-01-08,1.478069015980448
2025-01-09,1.4794651902034754
2025-01-10,1.4775269282558674
2025-01-13,1.4679470815744566
2025-01-14,1.4483825781177961
2025-01-15,1.448115080883456
2025-01-16,1.447650205743536
2025-01-17,1.4477866963196397
2025-01-20,1.4476486388113072
2025-01-21,1.4476484238643768
2025-01-22,1.4327696854565957
2025-01-23,1.4344852570804387
2025-01-24,1.4272855156241022
2025-01-27,1.4329699751695333
2025-02-05,1.4265020208614092
2025-02-06,1.4204319981595686
2025-02-07,1.4517583168117414
2025-02-10,1.4512341915328575
2025-02-11,1.451787053736816
2025-02-12,1.4536875158307432
2025-02-13,1.4574289198657557
2025-02-14,1.4476843223040872
2025-02-17,1.4462763021081002
2025-02-18,1.459876017719766
2025-02-19,1.457317120196678
2025-02-20,1.4571669913467984
2025-02-21,1.4530361813012502
2025-02-24,1.4552726554714945
2025-02-25,1.4546962032587176
2025-02-26,1.4630250170114898
2025-02-27,1.4613965544440783
2025-02-28,1.4588096583462742
2025-03-03,1.4585239204247904
2025-03-04,1.4579690168461885
2025-03-05,1.4548425436952628
2025-03-06,1.447230113058452
2025-03-07,1.4518873518669233
2025-03-10,1.4522536085738407
2025-03-11,1.451862120076165
2025-03-12,1.4486839005456742
2025-03-13,1.448080615998497
2025-03-14,1.4295318817206628
2025-03-17,1.4311514738072648
2025-03-18,1.429191420390267
2025-03-19,1.4291786358220333
2025-03-20,1.4232659684560485
2025-03-21,1.4064381011370846
2025-03-24,1.3965656557753148
2025-03-25,1.3960620898173655
2025-03-26,1.3948215621408488
2025-03-27,1.3929941023302748
2025-03-28,1.3890184294230452
2025-03-31,1.4040533785236213
2025-04-01,1.4039814452297592
2025-04-02,1.4025071958254827
2025-04-03,1.39732567598625
2025-04-07,1.4045935350906629
2025-04-08,1.385609688785821
2025-04-09,1.3873197814243092
2025-04-10,1.392384737637843
2025-04-11,1.3877608983235064
2025-04-14,1.3870148051564362
2025-04-15,1.3868330484749618
2025-04-16,1.3849897245069611
2025-04-17,1.3850648288744292
2025-04-18,1.3851246834175093
2025-04-21,1.3844705639440216
2025-04-22,1.384317665192564
2025-04-23,1.3842352655156578
2025-04-24,1.3840107508849266
2025-04-25,1.384692618546464
2025-04-28,1.3863342086758799
2025-04-29,1.3845216831082716
2025-04-30,1.3846155134491671
2025-05-06,1.3784557390996863
2025-05-07,1.3770783781474483
2025-05-08,1.3712787379102787
2025-05-09,1.37203167722113
2025-05-12,1.3657399108889694
2025-05-13,1.3656352671503695
2025-05-14,1.385177864452744
2025-05-15,1.3866323078535698
2025-05-16,1.3913090358321287
2025-05-19,1.3897785613161913
2025-05-20,1.3814996287522252
2025-05-21,1.377863941085998
2025-05-22,1.378760767786535
2025-05-23,1.3687413177234908
2025-05-26,1.366136090002616
2025-05-27,1.3578854449107547
2025-05-28,1.3585582243397993
2025-05-29,1.368340522485991
2025-05-30,1.3671585441252507
2025-06-03,1.3699955372481187
2025-06-04,1.3757801953703666
2025-06-05,1.3755595917388315
2025-06-06,1.3766220919729835
2025-06-09,1.3794887941235698
2025-06-10,1.3830408731338582
2025-06-11,1.3871614566062342
2025-06-12,1.3870053942455671
2025-06-13,1.3834306629178224
2025-06-16,1.387770560412935
2025-06-17,1.3866738559380456
2025-06-18,1.3822120213313414
2025-06-19,1.3926182816797033
2025-06-20,1.3913263584184767
2025-06-23,1.3966898280181925
2025-06-24,1.4197996411749763
2025-06-25,1.4620062603228583
2025-06-26,1.4683327979005116
2025-06-27,1.45293110695767
2025-06-30,1.4484069846868723
2025-07-01,1.4460412829797133
2025-07-02,1.4459965545979525
2025-07-03,1.4381612916543522
2025-07-04,1.4336987396576157
2025-07-07,1.4203152202640064
2025-07-08,1.4135896040019664
2025-07-09,1.4142464225176958
2025-07-10,1.426272314253232
2025-07-11,1.4308466551774628
2025-07-14,1.4296656323706436
2025-07-15,1.4297750221924574
2025-07-16,1.428085689208876
2025-07-17,1.4231854523635352
2025-07-18,1.4144027673593709
2025-07-21,1.4196970264860447
2025-07-22,1.3967927532996713
2025-07-23,1.3964637705594047
2025-07-24,1.4521054642423614
2025-07-25,1.440499306059113
2025-07-28,1.442673178412934
2025-07-29,1.430186424871624
2025-07-30,1.4316052495513114
2025-07-31,1.394387424596158
2025-08-01,1.3806475028526706
2025-08-04,1.3727371006543576
2025-08-05,1.3803096633018375
2025-08-06,1.379146408055749
2025-08-07,1.3791905411940004
2025-08-08,1.378720176618266
2025-08-11,1.375221014084716
2025-08-12,1.3728638809573046
2025-08-13,1.4027759596164673
2025-08-14,1.4053334790963317
2025-08-15,1.459043844103166
2025-08-18,1.428700315309634
2025-08-19,1.4360884349892344
2025-08-20,1.4414106343074635
2025-08-21,1.415745710923859
2025-08-22,1.372407603220099
2025-08-25,1.3178711401519634
2025-08-26,1.3115960485421334
2025-08-27,1.3608303759495055
2025-08-28,1.325637628013577
2025-08-29,1.2978003731508476
2025-09-01,1.2703239794674828
2025-09-02,1.2782881214168171
2025-09-03,1.3099228242936163
2025-09-04,1.1581482082390275
2025-09-05,1.0907173229969305
2025-09-08,1.0946091326557996
2025-09-09,1.1025527836253506
2025-09-10,1.1003771701378031
2025-09-11,1.1303889802993823
2025-09-12,1.1395913833559086
2025-09-15,1.1364738141940187
2025-09-16,1.1329707636906816
2025-09-17,1.1399284693797538
2025-09-18,1.1915941682367222
2025-09-19,1.1913940715113975
2025-09-22,1.1919871771849786
2025-09-23,1.1958412716134437
2025-09-24,1.1888684242199739
2025-09-25,1.178016418318564
2025-09-26,1.1553537835160241
2025-09-29,1.2342645750691514
2025-09-30,1.2229762558806092
2025-10-09,1.1807545094976406
2025-10-10,1.0016367993603235
2025-10-13,1.0114639502326424
2025-10-14,0.8661166030903575
2025-10-15,0.7928775711554095
2025-10-16,0.7848895545617928
2025-10-17,0.8108927372091663
2025-10-20,0.7999955171102257
2025-10-21,0.7771172486259513
2025-10-22,0.7825442758559257
2025-10-23,0.7850196517154441
2025-10-24,0.7992979001290278
2025-10-27,0.8283014812414167
2025-10-28,0.8881130616560362
2025-10-29,0.9226819866345293
2025-10-30,0.9530028467686469
2025-10-31,0.9610541042780356
2025-11-03,0.9559525840810356
2025-11-04,0.9571059917039315
2025-11-05,0.9558927402270097
2025-11-06,0.9439553582259256
2025-11-07,0.9468571629007698
2025-11-10,0.9526211051194619
2025-11-11,0.9456791432039564
2025-11-12,0.9471077397948364
2025-11-13,0.942407731672441
2025-11-14,0.9178061357871966
2025-11-17,0.9260377877894748
2025-11-18,0.9197870463658128
2025-11-19,0.9140693242004364
2025-11-20,0.9101179587190348
2025-11-21,0.929190509872053
2025-11-24,0.9276536808216203
2025-11-25,0.9105639196763073
2025-11-26,0.8979253382974464
2025-11-27,0.8972647087527323
2025-11-28,0.8964055719877753
2025-12-01,0.8821812259308816
2025-12-02,0.8839397867424368
2025-12-03,0.8840446410800378
2025-12-04,0.8865843144424613
2025-12-05,0.9050256642884249
2025-12-08,0.9031136083340132
2025-12-09,0.9156337877856658
2025-12-10,0.9132398269067388
2025-12-11,0.9246776294245308
2025-12-12,0.9290905510247297
2025-12-15,0.9167638248903706
2025-12-16,0.893599645902744
2025-12-17,0.8660840460436601
2025-12-18,0.8671585995601913
2025-12-19,0.871365482776162
2025-12-22,0.8476904907865829
2025-12-23,0.8455906181829124
2025-12-24,0.8504846092086276
2025-12-25,0.8517364664931911
2025-12-26,0.8531677052338696
2025-12-29,0.8572802877914187
2025-12-30,0.8553004417019616
2025-12-31,0.8545345159205474
2026-01-05,0.8292470664269106
2026-01-06,0.925063890278457
2026-01-07,0.932338097753157
2026-01-08,0.9530885832533342
2026-01-09,0.9638569756290005
2026-01-12,0.9652977897991722
2026-01-13,0.9649483271503606
2026-01-14,0.9697612858268805
2026-01-15,0.9623554452864139
2026-01-16,0.9608599244734596
2026-01-19,0.9607195105201324
2026-01-20,0.9520091365471225
2026-01-21,0.9513100665513942
2026-01-22,0.9511986697426942
2026-01-23,0.9408644832929048
2026-01-26,0.9416141145742053
2026-01-27,0.9443639911494193
2026-01-28,0.9505566173625739
2026-01-29,0.9448759895462238
2026-01-30,0.9878419686998271
2026-02-02,1.027031512471879
2026-02-03,0.9881338053169151
2026-02-04,0.9983992954387031
2026-02-05,0.9870898537915985
2026-02-06,0.9873657096098202
2026-02-09,0.9770797156327862
2026-02-10,0.9768097924323043
2026-02-11,0.9680746699650906
2026-02-12,0.9664309263414608
2026-02-13,0.9692723877058063
2026-02-24,0.9732851962714651
2026-02-25,0.9719724613872077
2026-02-26,0.9721018905640377
2026-02-27,0.9680284419406209
2026-03-02,0.949725205068813
2026-03-03,0.9316951458951731
2026-03-04,0.9979851830235744
2026-03-05,0.9720404757564294
2026-03-06,0.9797928452695216
2026-03-09,0.9768043054036826
2026-03-10,0.9692876925625046
2026-03-11,0.963449360770968
2026-03-12,0.9590874306386451
2026-03-13,0.9602007638063783
2026-03-16,0.9598462521931148
2026-03-17,0.9315915567129147
2026-03-18,0.9180014559907339
2026-03-19,0.9061260767006735
2026-03-20,0.9133026384570102
2026-03-23,1.0840164865291628
2026-03-24,1.100137915429746
2026-03-25,1.0867099999313108
2026-03-26,1.063315902070144
2026-03-27,1.067898994299146
2026-03-30,1.0640076487571573
2026-03-31,1.0257798200388204
2026-04-01,0.9909266350306409
2026-04-02,0.9932928742716737
2026-04-03,0.9965506149500584
2026-04-07,0.9966445489447167
2026-04-08,0.9804855815749893
2026-04-09,0.9969812143582222
2026-04-10,1.0096925682037359
