date,000034.XSHE
2009-04-03,0.4397020283610492
2009-04-07,0.4425645709726043
2009-04-08,0.4576258100232257
2009-04-09,0.44358103932043447
2009-04-10,0.4262126161894561
2009-04-13,0.42075872171095857
2009-04-14,0.43143375890944335
2009-04-15,0.45069017005485307
2009-04-16,0.47156114154109047
2009-04-17,0.480022753467477
2009-04-20,0.4750227261821185
2009-04-21,0.4816565530675946
2009-04-22,0.4958717103428401
2009-04-23,0.5126217108972245
2009-04-24,0.5161215979054817
2009-04-27,0.5289115836849062
2009-04-28,0.5248233463854985
2009-04-29,0.49518698637340747
2009-04-30,0.48327837631188875
2009-05-04,0.4530992752945199
2009-05-05,0.4415153364293157
2009-05-06,0.42899114911334746
2009-05-07,0.4440416864241974
2009-05-08,0.4430589251063105
2009-05-11,0.4527305969710201
2009-05-12,0.4347727676033363
2009-05-13,0.41792696726402934
2009-05-14,0.41539752998463053
2009-05-15,0.4066841599576622
2009-05-18,0.40201694728713616
2009-05-19,0.4085601363507098
2009-05-20,0.41694780470822035
2009-05-21,0.4379173929515375
2009-05-22,0.4414003849744839
2009-05-25,0.4476046149861656
2009-05-26,0.4458643434765554
2009-05-27,0.42788953898838006
2009-06-01,0.4131372087026315
2009-06-02,0.40845641249613396
2009-06-03,0.40109422306439635
2009-06-04,0.412341060371616
2009-06-05,0.4202096001455306
2009-06-08,0.44046076410894586
2009-06-09,0.4521026003109847
2009-06-10,0.45590141536152606
2009-06-11,0.4571618227165236
2009-06-12,0.4554794782671126
2009-06-15,0.44167531920952074
2009-06-16,0.44051195354925554
2009-06-17,0.4435583654249183
2009-06-18,0.43030740412511304
2009-06-19,0.43919251722150854
2009-06-22,0.4431183907755434
2009-06-23,0.4415006009568211
2009-06-24,0.43480132138378746
2009-06-25,0.44027003516169694
2009-06-26,0.41369659380907126
2009-06-29,0.41047423381825765
2009-06-30,0.4100276395367918
2009-07-01,0.405053999781641
2009-07-02,0.4101621932760779
2009-07-03,0.4250051326449853
2009-07-06,0.4327897658739178
2009-07-07,0.4359653673900143
2009-07-08,0.4488994069953976
2009-07-09,0.45667144092092493
2009-07-10,0.4617041494394067
2009-07-13,0.4574469852686673
2009-07-14,0.44198484083233
2009-07-15,0.4489127359292295
2009-07-16,0.4566760518592923
2009-07-17,0.46425359569901675
2009-07-20,0.4620544941898816
2009-07-21,0.4731080629285954
2009-07-22,0.453019667676794
2009-07-23,0.447887458240108
2009-07-24,0.41970843947632186
2009-07-27,0.4129191349334516
2009-07-28,0.4346635494051296
2009-07-29,0.4473098766582538
2009-07-30,0.4741584977044305
2009-07-31,0.4579259539521167
2009-08-03,0.4601297548606367
2009-08-04,0.4721083684393291
2009-08-05,0.47572596894249625
2009-08-06,0.478347023119453
2009-08-07,0.47274401402869987
2009-08-10,0.4650301074264135
2009-08-11,0.45188341708004987
2009-08-12,0.44864227683417457
2009-08-13,0.44202362553422264
2009-08-14,0.49693710660545537
2009-08-17,0.5030897979982739
2009-08-18,0.503349085868835
2009-08-19,0.5241327965718448
2009-08-20,0.4953014424876452
2009-08-21,0.47371759910318123
2009-08-24,0.46917884106670127
2009-08-25,0.4995780852604703
2009-08-26,0.488244408539819
2009-08-27,0.496982605814639
2009-08-28,0.4946376666253055
2009-08-31,0.4918045365809301
2009-09-01,0.503827061153758
2009-09-02,0.49242236603069145
2009-09-03,0.4605582299885848
2009-09-04,0.4458220341676709
2009-09-07,0.43427998527852796
2009-09-08,0.4170102689329549
2009-09-09,0.4163111273337653
2009-09-10,0.4148550020682071
2009-09-11,0.4053915667072199
2009-09-14,0.3995438341897067
2009-09-15,0.40118181562188643
2009-09-16,0.4059759549577703
2009-09-17,0.4077760683577798
2009-09-18,0.42266306130470377
2009-09-21,0.4313553630110176
2009-09-22,0.4378303211275983
2009-09-23,0.46193274589837924
2009-09-24,0.46305028103531165
2009-09-25,0.45511927736122326
2009-09-28,0.4560611059524008
2009-09-29,0.458852012382908
2009-09-30,0.4414671304099974
2009-10-09,0.41598060912062984
2009-10-12,0.41505980688990485
2009-10-13,0.4008639069613802
2009-10-14,0.39382133155677507
2009-10-15,0.38701651740784776
2009-10-16,0.38440891829510926
2009-10-19,0.37399729025993816
2009-10-20,0.37145602507996084
2009-10-21,0.37323355220794174
2009-10-22,0.38695281767713946
2009-10-23,0.38297099344271884
2009-10-26,0.39287386541076036
2009-10-27,0.4061255108171477
2009-10-28,0.41017131239533766
2009-10-29,0.4120502188320324
2009-10-30,0.40160790046174033
2009-11-02,0.4112463176534717
2009-11-03,0.4092021332325275
2009-11-04,0.40778653911243856
2009-11-05,0.4087987114259818
2009-11-06,0.4103498739258331
2009-11-09,0.43004437595979894
2009-11-10,0.4251499068873113
2009-11-11,0.4121009326242967
2009-11-12,0.4062894930916593
2009-11-13,0.4067441515303115
2009-11-16,0.4179967683760889
2009-11-17,0.41524438242786765
2009-11-18,0.4206261364082883
2009-11-19,0.4227441458223927
2009-11-20,0.4242096300345964
2009-11-23,0.4240568550483819
2009-11-24,0.4248044609490324
2009-11-25,0.4483142198669071
2009-11-26,0.47259389596948065
2009-11-27,0.4878354784187834
2009-11-30,0.47072567182310715
2009-12-01,0.4574171963495923
2009-12-02,0.4520642407211899
2009-12-03,0.4470887137422296
2009-12-04,0.4542384109667141
2009-12-07,0.4442450705488287
2009-12-08,0.4340111143338915
2009-12-09,0.43073110507100293
2009-12-10,0.4224854372093136
2009-12-11,0.40901205974476224
2009-12-14,0.40919359646671344
2009-12-15,0.40063017047338667
2009-12-16,0.3934699847836799
2009-12-17,0.3938177128353676
2009-12-18,0.40172829827563394
2009-12-21,0.38805389083331276
2009-12-22,0.39326641331911244
2009-12-23,0.37860651037057774
2009-12-24,0.36126969280037785
2009-12-25,0.352543467179668
2009-12-28,0.3413207949150009
2009-12-29,0.3415609293045706
2009-12-30,0.338980175693971
2009-12-31,0.3290066497737625
2010-01-04,0.3300816874506685
2010-01-05,0.336770354105913
2010-01-06,0.33628828589772797
2010-01-07,0.3433160207554421
2010-01-08,0.3458725377332823
2010-01-11,0.35788267461032763
2010-01-12,0.351971330313822
2010-01-13,0.3603060230083554
2010-01-14,0.35002692872667346
2010-01-15,0.3435561012674799
2010-01-18,0.34250348593760316
2010-01-19,0.3439548429332412
2010-01-20,0.3560700816644722
2010-01-21,0.35217763271372504
2010-01-22,0.35635565994507346
2010-01-25,0.35241422224847774
2010-01-26,0.35190131950932596
2010-01-27,0.3436573328751321
2010-01-28,0.33656893487695255
2010-01-29,0.32454866137517585
2010-02-01,0.3455424797643476
2010-02-02,0.3378916499939128
2010-02-03,0.3359241660452677
2010-02-04,0.3305817384324985
2010-02-05,0.33567058546939815
2010-02-08,0.32884265888757014
2010-02-09,0.31767865048945143
2010-02-10,0.30308971569987886
2010-02-11,0.2902050910740957
2010-02-12,0.2746279000881
2010-02-22,0.2705464264064552
2010-02-23,0.27265859889810007
2010-02-24,0.26779897801978214
2010-02-25,0.2599596578630549
2010-02-26,0.2585239496159677
2010-03-01,0.25605002748375094
2010-03-02,0.25671348087720824
2010-03-03,0.25764063700573325
2010-03-04,0.26119031148447736
2010-03-05,0.25992893984438353
2010-03-08,0.24944796469058428
2010-03-09,0.24577615384628135
2010-03-10,0.24198434316627085
2010-03-11,0.24176859823554075
2010-03-12,0.23904040449967337
2010-03-15,0.24207684410562677
2010-03-16,0.23661994820302845
2010-03-17,0.22613688719403052
2010-03-18,0.21941455898895512
2010-03-19,0.21413637994896187
2010-03-22,0.2140771094656877
2010-03-23,0.21480382014673374
2010-03-24,0.2180218335739439
2010-03-25,0.22770425854121118
2010-03-26,0.225978768998048
2010-03-29,0.22253381647958917
2010-03-30,0.22155132355158766
2010-03-31,0.22288351428488187
2010-04-01,0.21971682956201752
2010-04-02,0.22099243310131436
2010-04-06,0.2231286758138421
2010-04-07,0.22381563906027307
2010-04-08,0.22954379599910468
2010-04-09,0.22225470883634743
2010-04-12,0.23546024916304228
2010-04-13,0.24909923994521227
2010-04-14,0.24712012219907747
2010-04-15,0.2498174946818814
2010-04-16,0.24385211802062934
2010-04-19,0.24853260884722675
2010-04-20,0.2679161056893042
2010-04-21,0.25851098464863237
2010-04-22,0.25864261245400944
2010-04-23,0.26118042313904133
2010-04-26,0.2666110351252334
2010-04-27,0.2714051127950854
2010-04-28,0.28087954868128917
2010-04-29,0.27997293462668393
2010-04-30,0.2836888026552436
2010-05-04,0.2798161745907618
2010-05-05,0.27130007120584937
2010-05-06,0.2689782161583451
2010-05-07,0.28283837307119
2010-05-10,0.2895404901617013
2010-05-11,0.284730598471865
2010-05-12,0.29181286886952773
2010-05-13,0.2794073584468818
2010-05-14,0.26928405170692277
2010-05-17,0.2678004050536056
2010-05-18,0.2737476070242542
2010-05-19,0.26273745201100535
2010-05-20,0.2575553749356692
2010-05-21,0.2472168112840738
2010-05-24,0.23460466119714724
2010-05-25,0.2309696376988604
2010-05-26,0.20385548894642025
2010-05-27,0.1948417034750868
2010-05-28,0.19035389205011963
2010-05-31,0.19359308534523373
2010-06-01,0.19868987414836056
2010-06-02,0.1908048045071062
2010-06-03,0.1869380510316177
2010-06-04,0.18236925099031695
2010-06-07,0.1926237837605931
2010-06-08,0.1872714911448626
2010-06-09,0.18147074106649827
2010-06-10,0.18132953831133927
2010-06-11,0.17736503017293856
2010-06-17,0.1814372242398463
2010-06-18,0.18550228554449638
2010-06-21,0.18381088004771143
2010-06-22,0.17935837553603287
2010-06-23,0.17818656197693694
2010-06-24,0.17270233068443597
2010-06-25,0.17094785118148867
2010-06-28,0.17196143178748
2010-06-29,0.1789613385044615
2010-06-30,0.19385150490471448
2010-07-01,0.2002077917139949
2010-07-02,0.20319763672706803
2010-07-05,0.2013112691554628
2010-07-06,0.19102390604225028
2010-07-07,0.18619449939248425
2010-07-08,0.1827533470543585
2010-07-09,0.1759887097424259
2010-07-12,0.17453966998869172
2010-07-13,0.17681472670746048
2010-07-14,0.17489213841547102
2010-07-15,0.17387990032677916
2010-07-16,0.17319963953911402
2010-07-19,0.1649755010148771
2010-07-20,0.16395606119951353
2010-07-21,0.16310830181661498
2010-07-22,0.15835773685082513
2010-07-23,0.1579341904995629
2010-07-26,0.15573646951621278
2010-07-27,0.15554860107743798
2010-07-28,0.15323988234271402
2010-07-29,0.15634693134158092
2010-07-30,0.15948758893289183
2010-08-02,0.15878374558353517
2010-08-03,0.15901913832456116
2010-08-04,0.1600231394864776
2010-08-05,0.15978269122441785
2010-08-06,0.15791193478081403
2010-08-09,0.15859532008117488
2010-08-10,0.1603298143435315
2010-08-11,0.15882580533084192
2010-08-12,0.1643633942729175
2010-08-13,0.16287865360876144
2010-08-16,0.16162348997669868
2010-08-17,0.15975829605831485
2010-08-18,0.1639590679466193
2010-08-19,0.16433961946898576
2010-08-20,0.1718355022298737
2010-08-23,0.1769490869889614
2010-08-24,0.1717349881206343
2010-08-25,0.17595975602389669
2010-08-26,0.17346363324174982
2010-08-27,0.1719949245944702
2010-08-30,0.17116957362839588
2010-08-31,0.17436550541338192
2010-09-01,0.1833838114481613
2010-09-02,0.18442470302249692
2010-09-03,0.1919401691810671
2010-09-06,0.19996100207297998
2010-09-07,0.2371561197910355
2010-09-08,0.25712711811743083
2010-09-09,0.2709900791349496
2010-09-10,0.2752579206891511
2010-09-13,0.2815307698485441
2010-09-14,0.2865791279965025
2010-09-15,0.28803111166331274
2010-09-16,0.30824505853110684
2010-09-17,0.3249014144022892
2010-09-20,0.32963363957249064
2010-09-21,0.32776594118757946
2010-09-27,0.3349754078970733
2010-09-28,0.3374262273667144
2010-09-29,0.33608000753393896
2010-09-30,0.3283042753645029
2010-10-08,0.32374984028163273
2010-10-11,0.35971057310270954
2010-10-12,0.3682977043296365
2010-10-13,0.3650762544230232
2010-10-14,0.380832255363782
2010-10-15,0.39353504293738273
2010-10-18,0.4102988678575913
2010-10-19,0.41509022287511677
2010-10-20,0.4122337523065168
2010-10-21,0.41379088300169126
2010-10-22,0.4099975352347698
2010-10-25,0.3984046304018312
2010-10-26,0.3754230272013147
2010-10-27,0.37494837266424874
2010-10-28,0.37683113943259733
2010-10-29,0.37582104444361875
2010-11-01,0.3683062585164571
2010-11-02,0.3853003917411984
2010-11-03,0.4019478959700091
2010-11-04,0.3873417894554694
2010-11-05,0.3827291962133859
2010-11-08,0.37628750012610596
2010-11-09,0.37528874711478805
2010-11-10,0.3887712848337577
2010-11-11,0.39222807822064365
2010-11-12,0.4164470117251341
2010-11-15,0.4421809257304558
2010-11-16,0.4365721968556481
2010-11-17,0.43377186035755244
2010-11-18,0.41906403104524714
2010-11-19,0.4060484838782912
2010-11-22,0.39390806716564053
2010-11-23,0.4052565495768365
2010-11-24,0.3829004866972694
2010-11-25,0.37450838683794613
2010-11-26,0.3699113963580796
2010-11-29,0.3705848748930694
2010-11-30,0.3758564746927292
2010-12-01,0.36576217052599
2010-12-02,0.35668752775974366
2010-12-03,0.3495350836480654
2010-12-06,0.35606895594521365
2010-12-07,0.3578796918608857
2010-12-08,0.35106260119507593
2010-12-09,0.34575123785044026
2010-12-10,0.3347956046592385
2010-12-13,0.3235656034078897
2010-12-14,0.32251317542119134
2010-12-15,0.31231349787370866
2010-12-16,0.30556773745169896
2010-12-17,0.29450096448957425
2010-12-20,0.30016794605398706
2010-12-21,0.2963273026386957
2010-12-22,0.2957244442368805
2010-12-23,0.29120701305394847
2010-12-24,0.29533916062258725
2010-12-27,0.29967981546864564
2010-12-28,0.31887001911231727
2010-12-29,0.3015853315363971
2010-12-30,0.2979489615735982
2010-12-31,0.2867906025851007
2011-01-04,0.29071636874212314
2011-01-05,0.2935364446654669
2011-01-06,0.2947592318540057
2011-01-07,0.2919361970877397
2011-01-10,0.2908787796833845
2011-01-11,0.2953653425580144
2011-01-12,0.2861075150614137
2011-01-13,0.2853253565597496
2011-01-14,0.298650298110166
2011-01-17,0.3129047710490236
2011-01-18,0.3082221984509506
2011-01-19,0.29960016820712376
2011-01-20,0.30847229671006643
2011-01-21,0.30843217774609527
2011-01-24,0.32085655373016336
2011-01-25,0.330413509048291
2011-01-26,0.3166138613065124
2011-01-27,0.30517492446180683
2011-01-28,0.2939482172594641
2011-01-31,0.2930895353536033
2011-02-01,0.2844035001894892
2011-02-09,0.29217955684716757
2011-02-10,0.2927764748188023
2011-02-11,0.28715998741986715
2011-02-14,0.28187602432426284
2011-02-15,0.27411976183199105
2011-02-16,0.2724328408632757
2011-02-17,0.2768584033705069
2011-02-18,0.28002438644850514
2011-02-21,0.28101531688180337
2011-02-22,0.29584719826381406
2011-02-23,0.2936343271410532
2011-02-24,0.29416529882972814
2011-02-25,0.29193862586769576
2011-02-28,0.29113420351206915
2011-03-01,0.2916010659339482
2011-03-02,0.2993860330737724
2011-03-03,0.3113401893591663
2011-03-04,0.30253074048794065
2011-03-07,0.2941881980708472
2011-03-08,0.2943590488292686
2011-03-09,0.2930675099527799
2011-03-10,0.29424405306613854
2011-03-11,0.29408887480968454
2011-03-14,0.30107413337256905
2011-03-15,0.3087452965906714
2011-03-16,0.3009217279542262
2011-03-17,0.3039164400542806
2011-03-18,0.2972300094587738
2011-03-21,0.29863195701362366
2011-03-22,0.2934172401547561
2011-03-23,0.2847080608952972
2011-03-24,0.27879460689528945
2011-03-25,0.27278628339947325
2011-03-28,0.2817166558309067
2011-03-29,0.2965038449692186
2011-03-30,0.30318046465199766
2011-03-31,0.30698499298324833
2011-04-01,0.3289451178378386
2011-04-06,0.356582984868889
2011-04-07,0.3653833339302442
2011-04-08,0.37696639651465164
2011-04-11,0.37636532912984455
2011-04-12,0.3739308590795426
2011-04-13,0.36426755127783794
2011-04-14,0.36086736945392145
2011-04-15,0.3625663131015739
2011-04-18,0.36856270720783385
2011-04-19,0.392403143670074
2011-04-20,0.40008038600359486
2011-04-21,0.39773516508188866
2011-04-22,0.3925833803468964
2011-04-25,0.4102071540465486
2011-04-26,0.4195739993066385
2011-04-27,0.42114452597857044
2011-04-28,0.4304428865398338
2011-04-29,0.41591670426413474
2011-05-03,0.40111122032296315
2011-05-04,0.3956104943319245
2011-05-05,0.3866154933083951
2011-05-06,0.37525963024464426
2011-05-09,0.3600794581665708
2011-05-10,0.35215039979136126
2011-05-11,0.34538676793300344
2011-05-12,0.3453508766979195
2011-05-13,0.34046407251369065
2011-05-16,0.33862503506790537
2011-05-17,0.3441984346545341
2011-05-18,0.3273653261738736
2011-05-19,0.3168222301756908
2011-05-20,0.31752274469086494
2011-05-23,0.332227212312097
2011-05-24,0.34298080698260625
2011-05-25,0.3426796673829846
2011-05-26,0.3439977704759744
2011-05-27,0.3581458098926697
2011-05-30,0.37126766981178055
2011-05-31,0.3532355573734371
2011-06-01,0.3365618935006237
2011-06-02,0.33245535083434685
2011-06-03,0.3190343518998857
2011-06-07,0.30784860061731834
2011-06-08,0.301872121331363
2011-06-09,0.30616577039570086
2011-06-10,0.3026135029299179
2011-06-13,0.2996145925567576
2011-06-14,0.28966016052803456
2011-06-15,0.2809511577183102
2011-06-16,0.2843836443091521
2011-06-17,0.28206907398496284
2011-06-20,0.2939908450461098
2011-06-21,0.28878965853530353
2011-06-22,0.2824865119616481
2011-06-23,0.2763612684210611
2011-06-24,0.27242289171436435
2011-06-27,0.2659770478787931
2011-06-28,0.2597895650148779
2011-06-29,0.26062174328616017
2011-06-30,0.25236093783421387
2011-07-01,0.25040480363650663
2011-07-04,0.24689598613875935
2011-07-05,0.24556446280821992
2011-07-06,0.2476057747761096
2011-07-07,0.2533107340999339
2011-07-08,0.25457156225830896
2011-07-11,0.25492303784471276
2011-07-12,0.25858154772685543
2011-07-13,0.25238525040199833
2011-07-14,0.28897643083633845
2011-07-15,0.3291795512258865
2011-07-18,0.3440930275197325
2011-07-19,0.3434036428360886
2011-07-20,0.34999763835903813
2011-07-21,0.3511362786722738
2011-07-22,0.34486773042862273
2011-07-25,0.36084215213411763
2011-07-26,0.3609845933550105
2011-07-27,0.35861457062704727
2011-07-28,0.36063971150887475
2011-07-29,0.35911713852142896
2011-08-01,0.35377626916685856
2011-08-02,0.3591200921254824
2011-08-03,0.3561804676127025
2011-08-04,0.3494711454484113
2011-08-05,0.354845331504221
2011-08-08,0.3880502181819331
2011-08-09,0.3896364280154856
2011-08-10,0.3785525226369459
2011-08-11,0.37175937558034433
2011-08-12,0.365481763863847
2011-08-15,0.3589701562604447
2011-08-16,0.3539126112976044
2011-08-17,0.3459546829306684
2011-08-18,0.34237081484606774
2011-08-19,0.34112639762293245
2011-08-22,0.340622087273537
2011-08-23,0.3295015008419117
2011-08-24,0.32704016677571773
2011-08-25,0.31789539017835045
2011-08-26,0.31092267720244676
2011-08-29,0.3129965314767462
2011-08-30,0.30825329733788215
2011-08-31,0.3076816989442843
2011-09-01,0.30513740508300485
2011-09-02,0.304860923009624
2011-09-05,0.31730801306223455
2011-09-06,0.3262114403808943
2011-09-07,0.3131749235845464
2011-09-08,0.3094028790054691
2011-09-09,0.31194490806717357
2011-09-13,0.31605755369793664
2011-09-14,0.3055154111462038
2011-09-15,0.2970696099826748
2011-09-16,0.2968818216520538
2011-09-19,0.30256452414429824
2011-09-20,0.29675598992756236
2011-09-21,0.2866734184574525
2011-09-22,0.2894491620307731
2011-09-23,0.2975759256711328
2011-09-26,0.2988241976214407
2011-09-27,0.2952006818514063
2011-09-28,0.29921057849957133
2011-09-29,0.3181451882580483
2011-09-30,0.32134710897332197
2011-10-10,0.322055672894706
2011-10-11,0.3220374466590759
2011-10-12,0.3105027887396621
2011-10-13,0.3046685752187327
2011-10-14,0.30051187465548834
2011-10-17,0.29913224337101707
2011-10-18,0.303907913293242
2011-10-19,0.3081640758348622
2011-10-20,0.31962149024930947
2011-10-21,0.32691971887010474
2011-10-24,0.32447159398541564
2011-10-25,0.3169424276182735
2011-10-26,0.31344263006676887
2011-10-27,0.3069935223966911
2011-10-28,0.29594428500566067
2011-10-31,0.29242667706762193
2011-11-01,0.2944301837880404
2011-11-02,0.31077762298134576
2011-11-03,0.318926519412508
2011-11-04,0.3117709227646798
2011-11-07,0.30801113964731747
2011-11-08,0.3041466929165952
2011-11-09,0.29357217791192014
2011-11-10,0.298778527833991
2011-11-11,0.2951750516917919
2011-11-14,0.2884004820622854
2011-11-15,0.2869778592713394
2011-11-16,0.2846868612741954
2011-11-17,0.28221473893166665
2011-11-18,0.3002642283580088
2011-11-21,0.30436458256422144
2011-11-22,0.2989513205407906
2011-11-23,0.295553356429016
2011-11-24,0.29515700641973963
2011-11-25,0.2928152539078035
2011-11-28,0.2950579257631118
2011-11-29,0.28777456636501547
2011-11-30,0.30254485201546816
2011-12-01,0.29893571575472905
2011-12-02,0.30460879285227516
2011-12-05,0.3136439709942645
2011-12-06,0.3124543623186638
2011-12-07,0.29987620506916385
2011-12-08,0.2928243149826451
2011-12-09,0.28655615180817257
2011-12-12,0.2978457709733717
2011-12-13,0.319572635152761
2011-12-14,0.3303159020900804
2011-12-15,0.34848233869009193
2011-12-16,0.34162135272236277
2011-12-19,0.3451541070318828
2011-12-20,0.33789711847584586
2011-12-21,0.33468221007273846
2011-12-22,0.35012131687190917
2011-12-23,0.3389957049346259
2011-12-26,0.3318941326440935
2011-12-27,0.3358788246805177
2011-12-28,0.34632056904362096
2011-12-29,0.3379184760243784
2011-12-30,0.3214521838459233
2012-01-04,0.3269266112124169
2012-01-05,0.3424636214163649
2012-01-06,0.3445483283056247
2012-01-09,0.3444436935433273
2012-01-10,0.34556273147750116
2012-01-11,0.3697923308251396
2012-01-12,0.4203725728998955
2012-01-13,0.4265930264978931
2012-01-16,0.44136347933947645
2012-01-17,0.42723515173427284
2012-01-18,0.530703675630618
2012-01-19,0.5329414672215579
2012-01-20,0.5191246268757584
2012-01-30,0.5226435889956894
2012-01-31,0.5179042004964568
2012-02-01,0.5024552924685904
2012-02-02,0.47567869086449005
2012-02-03,0.46435000938574694
2012-02-06,0.4614929476077154
2012-02-07,0.4566415294513016
2012-02-08,0.43864862741132443
2012-02-09,0.43326530639914096
2012-02-10,0.4352687233467453
2012-02-13,0.4338611792896089
2012-02-14,0.4320171806767698
2012-02-15,0.4285569091883456
2012-02-16,0.43421365729830996
2012-02-17,0.4281866825714018
2012-02-20,0.42179253552665646
2012-02-21,0.4181941466118111
2012-02-22,0.4193469257629751
2012-02-23,0.4244493437664519
2012-02-24,0.42260234922784556
2012-02-27,0.4231024280318496
2012-02-28,0.4434687703942327
2012-02-29,0.4469034860947207
2012-03-01,0.4356252570855271
2012-03-02,0.42000943250338785
2012-03-05,0.4279174594920828
2012-03-06,0.4742198763475675
2012-03-07,0.47665329141445867
2012-03-08,0.46498710263298404
2012-03-09,0.4598853152968364
2012-03-12,0.46072347874984737
2012-03-13,0.4591376519727897
2012-03-14,0.48170127663923906
2012-03-15,0.5144965998231148
2012-03-16,0.5086808404042688
2012-03-19,0.5040958908299915
2012-03-20,0.5002819681814582
2012-03-21,0.5006705917831787
2012-03-22,0.4926229059719708
2012-03-23,0.48876461447233305
2012-03-26,0.48961434998125425
2012-03-27,0.48222038536368506
2012-03-28,0.49080887881011737
2012-03-29,0.5115018661815389
2012-03-30,0.5226937935269353
2012-04-05,0.5063428232347988
2012-04-06,0.4925965315747301
2012-04-09,0.4886049739508884
2012-04-10,0.4779411479987539
2012-04-11,0.4677769912651551
2012-04-12,0.4863272175088106
2012-04-13,0.5147016704870317
2012-04-16,0.5442190672537027
2012-04-17,0.5605944917141844
2012-04-18,0.5429980443699239
2012-04-19,0.5377219294818926
2012-04-20,0.5320853642045462
2012-04-23,0.5840760013000513
2012-04-24,0.6287430498922907
2012-04-25,0.6283579295721149
2012-04-26,0.6319300041514145
2012-04-27,0.6273328094520648
2012-05-02,0.6225539195528041
2012-05-03,0.6081458482126557
2012-05-04,0.5894581612180919
2012-05-07,0.5851436652761531
2012-05-08,0.5683088536403195
2012-05-09,0.5574563039832253
2012-05-10,0.5413206607481262
2012-05-11,0.5332882355517137
2012-05-14,0.5254547826029272
2012-05-15,0.525430904742083
2012-05-16,0.5159486598849966
2012-05-17,0.49995775080947985
2012-05-18,0.510735810670971
2012-05-21,0.5153296626547016
2012-05-22,0.49070768509017876
2012-05-23,0.48906842364894854
2012-05-24,0.4839472220638564
2012-05-25,0.48838131994898126
2012-05-28,0.4972577561014837
2012-05-29,0.4847667994036496
2012-05-30,0.47405548699988215
2012-05-31,0.46728701369014236
2012-06-01,0.45475396135775764
2012-06-04,0.45735195144474583
2012-06-05,0.44827168147619684
2012-06-06,0.4415894136426941
2012-06-07,0.43273550297291735
2012-06-08,0.43374447872397776
2012-06-11,0.42545518322620796
2012-06-12,0.42519981796391826
2012-06-13,0.417861712085618
2012-06-14,0.41621114914027235
2012-06-15,0.412891629709407
2012-06-18,0.4071463158336999
2012-06-19,0.40602179426647406
2012-06-20,0.40927333691247864
2012-06-21,0.41786583133029165
2012-06-25,0.4502856017612824
2012-06-26,0.4717378044875835
2012-06-27,0.4805894148640197
2012-06-28,0.496858728156186
2012-06-29,0.4917448759303924
2012-07-02,0.4884065661363188
2012-07-03,0.4863443562340842
2012-07-04,0.4891697640106321
2012-07-05,0.4945766418887242
2012-07-06,0.48862006779057576
2012-07-09,0.5001487718419185
2012-07-10,0.5097775265851928
2012-07-11,0.5016652486683836
2012-07-12,0.49032867252017936
2012-07-13,0.489919398283538
2012-07-16,0.5149880737856558
2012-07-17,0.5052372095165248
2012-07-18,0.4936350385089563
2012-07-19,0.5152017112790058
2012-07-20,0.5056172060338293
2012-07-23,0.5113185960840956
2012-07-24,0.4917063458002352
2012-07-25,0.480523469048887
2012-07-26,0.47069088192594233
2012-07-27,0.4657253028829783
2012-07-30,0.4801283185254317
2012-07-31,0.4999548093425742
2012-08-01,0.48226830431986223
2012-08-02,0.4782700647146631
2012-08-03,0.4628337604457009
2012-08-06,0.4460326244557852
2012-08-07,0.437749849652193
2012-08-08,0.433298354036062
2012-08-09,0.42264928185213396
2012-08-10,0.42786789775564277
2012-08-13,0.4294919198839442
2012-08-14,0.42980761677162294
2012-08-15,0.4252337116778844
2012-08-16,0.42035499192699655
2012-08-17,0.4104535326842906
2012-08-20,0.4033367248967156
2012-08-21,0.39417464957392445
2012-08-22,0.3949112082803802
2012-08-23,0.3961116169524579
2012-08-24,0.40082098139986727
2012-08-27,0.4197396488744911
2012-08-28,0.41586518545182144
2012-08-29,0.41576379411725145
2012-08-30,0.43333382536184156
2012-08-31,0.42260309655548395
2012-09-03,0.40605743505955344
2012-09-04,0.4001100437125966
2012-09-05,0.3949906464256823
2012-09-06,0.3748690962756639
2012-09-07,0.3701086702477467
2012-09-10,0.36857786989160035
2012-09-11,0.3651570201301774
2012-09-12,0.4039083149143306
2012-09-13,0.40354444294439373
2012-09-14,0.3983095633332964
2012-09-17,0.39809765018413695
2012-09-18,0.3900020968247188
2012-09-19,0.3805280966691714
2012-09-20,0.38630292002824035
2012-09-21,0.39169411885496036
2012-09-24,0.3853096579955436
2012-09-25,0.3814972274484789
2012-09-26,0.38274348998926255
2012-09-27,0.3682592042630571
2012-09-28,0.35798613445668753
2012-10-08,0.35427312915862874
2012-10-09,0.345568666435395
2012-10-10,0.3367103172999763
2012-10-11,0.3411628276240602
2012-10-12,0.3409685542775349
2012-10-15,0.35764619513934887
2012-10-16,0.34978101113315774
2012-10-17,0.34052641945564105
2012-10-18,0.3303241880393701
2012-10-19,0.32575477758185895
2012-10-22,0.31973695727888146
2012-10-23,0.32085630950631466
2012-10-24,0.3256094026309288
2012-10-25,0.3334372243095364
2012-10-26,0.3424669599938865
2012-10-29,0.3445592805137759
2012-10-30,0.33972507980358807
2012-10-31,0.33487842147413693
2012-11-01,0.31932648102091815
2012-11-02,0.3105831115331616
2012-11-05,0.3130369589608099
2012-11-06,0.31150360159863494
2012-11-07,0.3065720769538359
2012-11-08,0.3041371236788494
2012-11-09,0.3037685447419511
2012-11-12,0.3027817256816469
2012-11-13,0.3057044421889677
2012-11-14,0.30396000578078347
2012-11-15,0.30169911570260544
2012-11-16,0.3058939498213821
2012-11-19,0.2996836566566172
2012-11-20,0.293612402004946
2012-11-21,0.2842435195810249
2012-11-22,0.2797614724159722
2012-11-23,0.2718759231552643
2012-11-26,0.2737627351289558
2012-11-27,0.28956348622168476
2012-11-28,0.30081132707658537
2012-11-29,0.3031126613235554
2012-11-30,0.290146053154394
2012-12-03,0.4174257622159899
2012-12-04,0.4121927701471342
2012-12-05,0.4036228691955951
2012-12-06,0.3948466464980746
2012-12-07,0.3856002190731614
2012-12-10,0.38303766553067325
2012-12-11,0.3794365805198526
2012-12-12,0.372773555225764
2012-12-13,0.3712761447700491
2012-12-14,0.36106275186933284
2012-12-17,0.3669466370774093
2012-12-18,0.36534330483244765
2012-12-19,0.3587482203550497
2012-12-20,0.3689422441208179
2012-12-21,0.3775980081288902
2012-12-24,0.3798379533780091
2012-12-25,0.3695061020715366
2012-12-26,0.3651616277975092
2012-12-27,0.37782978157407426
2012-12-28,0.3731617479967906
2012-12-31,0.3731713136485871
2013-01-04,0.38985090677308115
2013-01-07,0.3910214722110684
2013-01-08,0.3920370092870802
2013-01-09,0.39351314120332914
2013-01-10,0.3854067476541358
2013-01-11,0.3937990200090628
2013-01-14,0.38627803896767954
2013-01-15,0.3846717203010212
2013-01-16,0.3932091867422471
2013-01-17,0.3958939606508685
2013-01-18,0.3959015612234115
2013-01-21,0.3987997923803011
2013-01-22,0.39947181231523055
2013-01-23,0.3974340499754285
2013-01-24,0.3966295615615105
2013-01-25,0.39604682124099944
2013-01-28,0.38460140013671984
2013-01-29,0.3756247121316759
2013-01-30,0.3706699623827543
2013-01-31,0.3735729295547632
2013-02-01,0.3692635522975227
2013-02-04,0.37724446712322823
2013-02-05,0.3679037245220295
2013-02-06,0.35762025789434376
2013-02-07,0.3475142826741613
2013-02-08,0.33962619834344376
2013-02-18,0.3409304273857207
2013-02-19,0.3354010955172768
2013-02-20,0.3270776030469169
2013-02-21,0.328993239503544
2013-02-22,0.3243637789821008
2013-02-25,0.3195321647135368
2013-02-26,0.31836745592107596
2013-02-27,0.3182518017289355
2013-02-28,0.3089216601177394
2013-03-01,0.3056227142129392
2013-03-04,0.32455871405083586
2013-03-05,0.31903160794805646
2013-03-06,0.3189833711531166
2013-03-07,0.31843267570797207
2013-03-08,0.31472077807514137
2013-03-11,0.3113489006643203
2013-03-12,0.310904868746808
2013-03-13,0.3097502403528188
2013-03-14,0.30292700848350773
2013-03-15,0.2974940321346792
2013-03-18,0.3032152455534765
2013-03-19,0.30305044710821644
2013-03-20,0.28514222067566075
2013-03-21,0.27687278815159433
2013-03-22,0.2712759347428072
2013-03-25,0.2716090026482507
2013-03-26,0.27515372486559514
2013-03-27,0.27185443812003274
2013-03-28,0.2798194239278103
2013-03-29,0.28085829143518426
2013-04-01,0.2805348748099684
2013-04-02,0.28359510448936126
2013-04-03,0.2866992698957549
2013-04-08,0.29345102534021483
2013-04-09,0.28206146674212623
2013-04-10,0.2746004417325696
2013-04-11,0.26677263840221166
2013-04-12,0.2612594753700487
2013-04-15,0.2638474859343827
2013-04-16,0.2562173827114863
2013-04-17,0.24601472317277726
2013-04-18,0.23945089166439093
2013-04-19,0.2298445031399392
2013-04-22,0.23737191764073898
2013-04-23,0.23840165200494493
2013-04-24,0.25547527595901703
2013-04-25,0.25910349018467976
2013-04-26,0.26550029836626093
2013-05-02,0.2727098907843022
2013-05-03,0.26147684089262535
2013-05-06,0.25832287998587494
2013-05-07,0.25306318229096514
2013-05-08,0.2493810552596321
2013-05-09,0.2600369595652008
2013-05-10,0.2648856761180876
2013-05-13,0.2662772644975941
2013-05-14,0.27306334695506634
2013-05-15,0.2701433802395803
2013-05-16,0.26892219543060436
2013-05-17,0.2675133453867937
2013-05-20,0.2785047114751208
2013-05-21,0.27821404856949283
2013-05-22,0.28063629202083873
2013-05-23,0.2747878391066097
2013-05-24,0.27575459705863337
2013-05-27,0.2752080441822278
2013-05-28,0.28377515300852807
2013-05-29,0.27679805575374583
2013-05-30,0.27715070631378697
2013-05-31,0.27735265754387534
2013-06-03,0.28651829329143225
2013-06-04,0.2881031030065223
2013-06-05,0.2822326130074218
2013-06-06,0.284730781521735
2013-06-07,0.2880045567893403
2013-06-13,0.3633214007907465
2013-06-14,0.35023269884909647
2013-06-17,0.35006987635574094
2013-06-18,0.34085411325358383
2013-06-19,0.33744497964339454
2013-06-20,0.32951164432126734
2013-06-21,0.3315797231474689
2013-06-24,0.34418914482460966
2013-06-25,0.3540210902722602
2013-06-26,0.3461293122394282
2013-06-27,0.34939820357427115
2013-06-28,0.3437309018539166
2013-07-01,0.357531884697561
2013-07-02,0.3580659902781736
2013-07-03,0.3731507745973347
2013-07-04,0.3708417761464463
2013-07-05,0.36466478525227264
2013-07-08,0.3759215740456087
2013-07-09,0.3699709240077583
2013-07-10,0.36448125014341065
2013-07-11,0.3539507166132246
2013-07-12,0.35018009999804794
2013-07-15,0.342861839464777
2013-07-16,0.33588993231095016
2013-07-17,0.33696731924842416
2013-07-18,0.34593096812043495
2013-07-19,0.3526703386838252
2013-07-22,0.3543407955209008
2013-07-23,0.34471795919716947
2013-07-24,0.3438062063393247
2013-07-25,0.3451528529561283
2013-07-26,0.34652699062481973
2013-07-29,0.3482871483773072
2013-07-30,0.34436331784485325
2013-07-31,0.33492019731402733
2013-08-01,0.32179717526099016
2013-08-02,0.32054933587573864
2013-08-05,0.314135510817327
2013-08-06,0.3018172589483869
2013-08-07,0.31449638463180146
2013-08-08,0.30791989271783954
2013-08-09,0.3018036211875328
2013-08-12,0.29947032694180575
2013-08-13,0.29414676494940883
2013-08-14,0.29136060553473564
2013-08-15,0.2910888544770059
2013-08-16,0.28961238156132146
2013-08-19,0.28629759182663744
2013-08-20,0.28514706538286727
2013-08-21,0.2802250409036181
2013-08-22,0.2787278795333101
2013-08-23,0.2842814706388566
2013-08-26,0.2951918299527123
2013-08-27,0.3034487567212566
2013-08-28,0.31906900048375697
2013-08-29,0.32463762119910405
2013-08-30,0.371718794698086
2013-09-02,0.3857582684770507
2013-09-03,0.37473405207576366
2013-09-04,0.3674901509265491
2013-09-05,0.3671073207987792
2013-09-06,0.359371110561499
2013-09-09,0.35007802566758245
2013-09-10,0.3499610655616036
2013-09-11,0.3570894146032451
2013-09-12,0.3510242347573754
2013-09-13,0.3466025284408314
2013-09-16,0.34131625982218855
2013-09-17,0.3384042924466916
2013-09-18,0.33201122881835615
2013-09-23,0.3225452585863453
2013-09-24,0.327652178160313
2013-09-25,0.32957304340781357
2013-09-26,0.33126972720142994
2013-09-27,0.32759618036198623
2013-09-30,0.32126927012448314
2013-10-08,0.31675249613872947
2013-10-09,0.3111671877276024
2013-10-10,0.3175251279272103
2013-10-11,0.32329892386750547
2013-10-14,0.3323290569097788
2013-10-15,0.3418565848330848
2013-10-16,0.3512542415651648
2013-10-17,0.3470584239629179
2013-10-18,0.33871325777765676
2013-10-21,0.3295486704472671
2013-10-22,0.3344541456226044
2013-10-23,0.34225157183518184
2013-10-24,0.34287821843526184
2013-10-25,0.3404238383363311
2013-10-28,0.35333450029904095
2013-10-29,0.36415418760577034
2013-10-30,0.3537154712155818
2013-10-31,0.3530889145920766
2013-11-01,0.3432411743240288
2013-11-04,0.3288968989433733
2013-11-05,0.3145613282867885
2013-11-06,0.3077352569579673
2013-11-07,0.302421842550907
2013-11-08,0.2978433257896756
2013-11-11,0.29475671031103123
2013-11-12,0.2869500512435101
2013-11-13,0.28290455276226256
2013-11-14,0.2803128942815481
2013-11-15,0.2713601558042082
2013-11-18,0.2695428737282411
2013-11-19,0.264755832197201
2013-11-20,0.2590716944740049
2013-11-21,0.2597329654542092
2013-11-22,0.25843685175096665
2013-11-25,0.2607596824901002
2013-11-26,0.26044231642302035
2013-11-27,0.2549115902049503
2013-11-28,0.2530047217864159
2013-11-29,0.2518842430115334
2013-12-02,0.26856731151078106
2013-12-03,0.2774781100874429
2013-12-04,0.2776455852376387
2013-12-05,0.27564339126803955
2013-12-06,0.2680305413435116
2013-12-09,0.2587530983299068
2013-12-10,0.3148381129495108
2013-12-11,0.3113965334797052
2013-12-12,0.30473682466522023
2013-12-13,0.3050847011319595
2013-12-16,0.3090816554419691
2013-12-17,0.30587605991368216
2013-12-18,0.301633763800128
2013-12-19,0.2952111685981203
2013-12-20,0.2956454772535752
2013-12-23,0.301422192811307
2013-12-24,0.29214262999067
2013-12-25,0.28883413256497603
2013-12-26,0.29210907046702683
2013-12-27,0.28076792904097586
2013-12-30,0.2809612734979798
2013-12-31,0.2795864024888811
2014-01-02,0.28072343043994885
2014-01-03,0.28334490974819054
2014-01-06,0.2914136045786404
2014-01-07,0.2882966529521711
2014-01-08,0.29983971057124853
2014-01-09,0.3004048685492581
2014-01-10,0.30890437182383984
2014-01-13,0.31447530574264143
2014-01-14,0.3050742948868739
2014-01-15,0.29933581548728616
2014-01-16,0.29474708266881994
2014-01-17,0.2924772777467522
2014-01-20,0.2957003163801312
2014-01-21,0.2869871305208448
2014-01-22,0.28166841497549483
2014-01-23,0.2789599752030555
2014-01-24,0.2788321005498222
2014-01-27,0.2851060146719771
2014-01-28,0.28593628871207327
2014-01-29,0.2862948032839734
2014-01-30,0.28643562075023965
2014-02-07,0.2843823650013642
2014-02-10,0.2804518494130449
2014-02-11,0.2865905240485825
2014-02-12,0.2899404409433384
2014-02-13,0.2950557658877194
2014-02-14,0.2908357725707477
2014-02-17,0.2900395050437799
2014-02-18,0.29395817000297064
2014-02-19,0.29467892692008896
2014-02-20,0.2973550378044673
2014-02-21,0.294500069138853
2014-02-24,0.30874474465774643
2014-02-25,0.31387986918303934
2014-02-26,0.31338624881487753
2014-02-27,0.3164538363154631
2014-02-28,0.31164926914103924
2014-03-03,0.3061798257446557
2014-03-04,0.30610753427863857
2014-03-05,0.298792774042487
2014-03-06,0.29588935185753373
2014-03-07,0.2925846605224903
2014-03-10,0.29182513624953865
2014-03-11,0.2985292187924682
2014-03-12,0.3014951320835238
2014-03-13,0.2985903039731385
2014-03-14,0.30822703184952166
2014-03-17,0.2988599966854861
2014-03-18,0.3009881067758515
2014-03-19,0.30249582374112627
2014-03-20,0.302500794212668
2014-03-21,0.29572225462304
2014-03-24,0.29759195953808226
2014-03-25,0.3058025535812925
2014-03-26,0.29897246701315466
2014-03-27,0.29787511744542394
2014-03-28,0.3068349140775682
2014-03-31,0.3136766701454763
2014-04-01,0.30195182165680157
2014-04-02,0.2924325571728518
2014-04-03,0.2849551622376062
2014-04-04,0.28048186787719737
2014-04-08,0.27365958069718127
2014-04-09,0.26502789886827227
2014-04-10,0.2627069602819706
2014-04-11,0.2639739486987945
2014-04-14,0.2622938836846195
2014-04-15,0.2626955426015686
2014-04-16,0.2638040596632999
2014-04-17,0.2592158568046047
2014-04-18,0.2533819188890878
2014-04-21,0.26211328186529315
2014-04-22,0.2722364093116909
2014-04-23,0.2718071797418765
2014-04-24,0.2749722617298914
2014-04-25,0.2831174990369166
2014-04-28,0.3027159574238463
2014-04-29,0.2988458892848514
2014-04-30,0.29172871767491976
2014-05-05,0.28485849860595785
2014-05-06,0.2741244196320404
2014-05-07,0.26935989419299033
2014-05-08,0.2615862249437422
2014-05-09,0.26131871162358256
2014-05-12,0.25684374067475907
2014-05-13,0.25175717222614086
2014-05-14,0.24541755151611397
2014-05-15,0.24579661353967122
2014-05-16,0.24547948953962587
2014-05-19,0.24178645884125743
2014-05-20,0.23614883051385158
2014-05-21,0.22650234060403554
2014-05-22,0.22002795065981334
2014-05-23,0.21399224626811889
2014-05-26,0.20983298883987733
2014-05-27,0.20842770098865723
2014-05-28,0.20566949667220366
2014-05-29,0.20884900417975286
2014-05-30,0.2098175517701663
2014-06-03,0.2113204209642283
2014-06-04,0.21593988252957697
2014-06-05,0.21207534147948393
2014-06-06,0.20989080517284844
2014-06-09,0.2130569608728083
2014-06-10,0.22033462413949098
2014-06-11,0.22407706006098255
2014-06-12,0.22777296449948614
2014-06-13,0.24465609192417026
2014-06-16,0.2463238769824501
2014-06-17,0.25012793155279994
2014-06-18,0.25917946123401925
2014-06-19,0.28989590969645196
2014-06-20,0.28664377946909586
2014-06-23,0.28771240421298816
2014-06-24,0.2841505717173141
2014-06-25,0.28227742043071313
2014-06-26,0.2771249226491263
2014-06-27,0.2827611191782487
2014-06-30,0.2834737734312632
2014-07-01,0.2845653272769312
2014-07-02,0.2872596288749282
2014-07-03,0.29085037643535955
2014-07-04,0.2913901321782339
2014-07-07,0.29338818007691997
2014-07-08,0.29099264587676366
2014-07-09,0.29955343848427574
2014-07-10,0.30336799552170235
2014-07-11,0.3568942241844031
2014-07-14,0.35861053997270154
2014-07-15,0.36326934783828996
2014-07-16,0.4155189034182271
2014-07-17,0.41243521421196805
2014-07-18,0.40280616543855746
2014-07-21,0.40717653863821573
2014-07-22,0.3953383535132061
2014-07-23,0.3966038132749211
2014-07-24,0.3988923896956601
2014-07-25,0.393932308078989
2014-07-28,0.38336745164570585
2014-07-29,0.38482764771515726
2014-07-30,0.3899990280888103
2014-07-31,0.39035322746396145
2014-08-01,0.3912711199901691
2014-08-04,0.39087577911699156
2014-08-05,0.3884699084242137
2014-08-06,0.3857159399943965
2014-08-07,0.3841548301804878
2014-08-08,0.3774774318801283
2014-08-11,0.3715935454214953
2014-08-12,0.36902273188965573
2014-08-13,0.3806612618339521
2014-08-14,0.3844313837376028
2014-08-15,0.407140414319002
2014-08-18,0.42077620439100294
2014-08-19,0.43592929601629316
2014-08-20,0.4409046105463274
2014-08-21,0.44209256669777164
2014-08-22,0.4464260116389268
2014-08-25,0.45999475155298847
2014-08-26,0.46409095474125484
2014-08-27,0.46300166240440116
2014-08-28,0.4718987607693477
2014-08-29,0.45438848856763026
2014-09-01,0.44063630380011853
2014-09-02,0.429135022261802
2014-09-03,0.4260362708961624
2014-09-04,0.42296127767370933
2014-09-05,0.41963889769804713
2014-09-09,0.42496073338129964
2014-09-10,0.43101562459397236
2014-09-11,0.44630974752695335
2014-09-12,0.44213959921935203
2014-09-15,0.4507790868147472
2014-09-16,0.46280658504557615
2014-09-17,0.4676342499981133
2014-09-18,0.4593958791009388
2014-09-19,0.45198873512612453
2014-09-22,0.46443283582012657
2014-09-23,0.4549035956210739
2014-09-24,0.4440861413150002
2014-09-25,0.44159548831638495
2014-09-26,0.4397643199123059
2014-09-29,0.4251198575908543
2014-09-30,0.423416753579295
2014-10-08,0.42566427484162767
2014-10-09,0.4286125327244526
2014-10-10,0.42984582115959535
2014-10-13,0.4454308745966692
2014-10-14,0.4970450429305704
2014-10-15,0.49618272185121964
2014-10-16,0.5020311298670046
2014-10-17,0.5156269392361768
2014-10-20,0.502994676612509
2014-10-21,0.493482647315495
2014-10-22,0.4881640176092656
2014-10-23,0.4887689297677382
2014-10-24,0.47772729531360636
2014-10-27,0.4736834862431627
2014-10-28,0.45580512061301404
2014-10-29,0.44745761650461074
2014-10-30,0.4458883744292117
2014-10-31,0.44387996127979734
2014-11-03,0.44315604722967744
2014-11-04,0.4413308171643148
2014-11-05,0.43706888016183376
2014-11-06,0.43274933266215815
2014-11-07,0.4301020079418121
2014-11-10,0.42618320172796254
2014-11-11,0.4411151360749661
2014-11-12,0.435267860798441
2014-11-13,0.44115034827701394
2014-11-14,0.4374522311294755
2014-11-17,0.431412302997123
2014-11-18,0.4204348562503676
2014-11-19,0.4132160587608446
2014-11-20,0.4013053537782405
2014-11-21,0.3910208855412497
2014-11-24,0.3853549117303055
2014-11-25,0.3899066321485661
2014-11-26,0.3882042223556524
2014-11-27,0.39364020675980177
2014-11-28,0.40689372729720513
2014-12-01,0.42612127131983796
2014-12-02,0.41518972861272846
2014-12-03,0.41728809214558077
2014-12-04,0.4132583862516698
2014-12-05,0.4339924371350414
2014-12-08,0.44160193023687805
2014-12-09,0.45566793547861373
2014-12-10,0.4407739989153406
2014-12-11,0.4381604074230663
2014-12-12,0.4318434212973804
2014-12-15,0.42499438181879123
2014-12-16,0.4150677942815469
2014-12-17,0.41315582903685005
2014-12-18,0.40908910068491416
2014-12-19,0.47803563554554834
2014-12-22,0.5095541932928214
2014-12-23,0.5193249518323182
2014-12-24,0.5052263706777685
2014-12-25,0.4750901290362722
2014-12-26,0.4578372403385745
2014-12-29,0.4605247228291832
2014-12-30,0.46758244399044613
2014-12-31,0.45460589884322944
2015-01-05,0.45455837493699547
2015-01-06,0.45210575734141745
2015-01-07,0.4384299625920428
2015-01-08,0.43135412566655046
2015-01-09,0.4141583096003045
2015-01-12,0.45137683775532994
2015-01-13,0.4404364573820552
2015-01-14,0.43188081846840376
2015-01-15,0.4144815669640089
2015-01-16,0.4036767728694345
2015-01-19,0.427302419464009
2015-01-20,0.4200152253154145
2015-01-21,0.41011113525226045
2015-01-22,0.4058290941801026
2015-01-23,0.40464464264945116
2015-01-26,0.3983575093917332
2015-01-27,0.4030645625313084
2015-01-28,0.40320609423874454
2015-01-29,0.40583238403593525
2015-01-30,0.40934242542372207
2015-02-02,0.4236706233333944
2015-02-03,0.4137213397346638
2015-02-04,0.41111551245054806
2015-02-05,0.413069121607458
2015-02-06,0.4391813284524705
2015-02-09,0.4409574559664064
2015-02-10,0.4289442880383077
2015-02-11,0.4171318575625304
2015-02-12,0.41096965138522584
2015-02-13,0.4006003477971309
2015-02-16,0.3918699436489165
2015-02-17,0.39216003915534037
2015-02-25,0.4267768367513904
2015-02-26,0.417923357353221
2015-02-27,0.4288108954638552
2015-03-02,0.4375938566226452
2015-03-03,0.4557351827426796
2015-03-04,0.4577295401587372
2015-03-05,0.4740630453130979
2015-03-06,0.4812654930618545
2015-03-09,0.4761006170264475
2015-03-10,0.4678954213607532
2015-03-11,0.4739877150805492
2015-03-12,0.4625209861237887
2015-03-13,0.45135837098714776
2015-03-16,0.44352906127793174
2015-03-17,0.46248945486404236
2015-03-18,0.4559470459252391
2015-03-19,0.4606625630075825
2015-03-20,0.4607007990676873
2015-03-23,0.46570848545830934
2015-03-24,0.49350762333181597
2015-03-25,0.5084997029790255
2015-03-26,0.5120482147823767
2015-03-27,0.5018903164542629
2015-03-30,0.49145932083007243
2015-03-31,0.48058117403486583
2015-04-01,0.4687517734482008
2015-04-02,0.46592817972206085
2015-04-03,0.4666004606652979
2015-04-07,0.4650224644570251
2015-04-08,0.4755496662718304
2015-04-09,0.4873321093506339
2015-04-10,0.4738088795909055
2015-04-13,0.4696370420287122
2015-04-14,0.47598627016439055
2015-04-15,0.4801419265012968
2015-04-16,0.4643310815026565
2015-04-17,0.4440508618147488
2015-04-20,0.4557546272349994
2015-04-21,0.43763966400005955
2015-04-22,0.4208741891970781
2015-04-23,0.4223590289718804
2015-04-24,0.43277314796737915
2015-04-27,0.42152422695933933
2015-04-28,0.4298181162789556
2015-04-29,0.42026301400089483
2015-04-30,0.4127793502067565
2015-05-04,0.40978762330170715
2015-05-05,0.40890203368312905
2015-05-06,0.4013664099847541
2015-05-07,0.41041488483655325
2015-05-08,0.38268500306625447
2015-05-11,0.3674899030062043
2015-05-12,0.3661596338557036
2015-05-13,0.3723361634435897
2015-05-14,0.3761573183294872
2015-05-15,0.3844846108525317
2015-05-18,0.3845621176947381
2015-05-19,0.37755863092149516
2015-05-20,0.37384814628499
2015-05-21,0.37274953538234606
2015-05-22,0.3785497356089063
2015-05-25,0.3764578977455948
2015-05-26,0.3685771024385037
2015-05-27,0.3627652077026268
2015-05-28,0.37604864784506914
2015-05-29,0.3750806428438306
2015-06-01,0.36368704536492813
2015-06-02,0.3605601606680288
2015-06-03,0.3692638812759163
2015-06-04,0.37834706070002677
2015-06-05,0.3710105251051178
2015-06-08,0.3730657316963953
2015-06-09,0.3647896744629788
2015-06-10,0.3512185990878199
2015-06-11,0.34439173076349155
2015-06-12,0.3417278924281275
2015-06-15,0.3485107092701721
2015-06-16,0.3517699244773268
2015-06-17,0.33969617627681997
2015-06-18,0.3357603561269148
2015-06-19,0.3262761110875755
2015-06-23,0.3295901363966624
2015-06-24,0.31568653142026815
2015-06-25,0.31619723649047904
2015-06-26,0.2973393636227431
2015-06-29,0.2938337995602997
2015-06-30,0.28781091792811053
2015-07-01,0.29013826532838793
2015-07-02,0.2855551985782587
2015-07-03,0.2831414925137795
2015-07-06,0.2961073169717929
2015-07-07,0.28841527274528656
2015-07-08,0.31098331402129153
2015-07-09,0.3114197019742727
2015-07-10,0.3007580016378695
2015-07-13,0.2865853943717449
2015-07-14,0.30619847771149006
2015-07-15,0.323567495676591
2015-07-16,0.3149683430576198
2015-07-17,0.2939859610507228
2015-07-20,0.28588033610161284
2015-07-21,0.2837646039448023
2015-07-22,0.276980496707785
2015-07-23,0.26453358112383624
2015-07-24,0.2621586125056345
2015-07-27,0.2517437520250779
2015-07-28,0.2590016104470009
2015-07-29,0.24647747213720825
2015-07-30,0.24292647744348128
2015-07-31,0.24198557563868794
2015-08-03,0.25595975410763133
2015-08-04,0.24534219903676938
2015-08-05,0.23645933910049113
2015-08-06,0.2314348723882927
2015-08-07,0.22138293535494977
2015-08-10,0.21154727335030285
2015-08-11,0.2099138639193285
2015-08-12,0.21402639836396578
2015-08-13,0.204449617016919
2015-08-14,0.20604935623962156
2015-08-17,0.21369735185989047
2015-08-18,0.21349451681282047
2015-08-19,0.21145776307158248
2015-08-20,0.22002167181059407
2015-08-21,0.2160200751532789
2015-08-24,0.20349937899608053
2015-08-25,0.199076526445323
2015-08-26,0.23186463356936524
2015-08-27,0.23006612889410236
2015-08-28,0.281102435319723
2015-08-31,0.37910332005009195
2015-09-01,0.4238680581347184
2015-09-02,0.4523669772026724
2015-09-07,0.4976894200241018
2015-09-08,0.49611656263137704
2015-09-09,0.4878575476801992
2015-09-10,0.4960628677779465
2015-09-11,0.48543164638453473
2015-09-14,0.5116231537742475
2015-09-15,0.5169657347382276
2015-09-16,0.5021510134524162
2015-09-17,0.5166194264604255
2015-09-18,0.5045081204087895
2015-09-21,0.48642685341005076
2015-09-22,0.4978695282778556
2015-09-23,0.5305037057480373
2015-09-24,0.5386169596379872
2015-09-25,0.5613845025869086
2015-09-28,0.5486851543599861
2015-09-29,0.5578038837860446
2015-09-30,0.5417887683920418
2015-10-08,0.5305743672847452
2015-10-09,0.5402312636225692
2015-10-12,0.5547917195790124
2015-10-13,0.5628941958037915
2015-10-14,0.5841405321980667
2015-10-15,0.5901712476797477
2015-10-16,0.5994911671971939
2015-10-19,0.6292571745914516
2015-10-20,0.6288894250463661
2015-10-21,0.6635992724981628
2015-10-22,0.6549518815696888
2015-10-23,0.6559942033814509
2015-10-26,0.6919584491263566
2015-10-27,0.7000076391175454
2015-10-28,0.7114688047760296
2015-10-29,0.6948716348658889
2015-10-30,0.6947156136121637
2015-11-02,0.7084044039316983
2015-11-03,0.7138388629638147
2015-11-04,0.6741416640618086
2015-11-05,0.6598205183732462
2015-11-06,0.6483070011614942
2015-11-09,0.6639981160756315
2015-11-10,0.6776530531707771
2015-11-11,0.6819920923612443
2015-11-12,0.7124261913583374
2015-11-13,0.7426806878161709
2015-11-16,0.733462183715703
2015-11-17,0.7286860616003022
2015-11-18,0.7217012633059525
2015-11-19,0.6928881057330657
2015-11-20,0.6943578661477843
2015-11-23,0.7009321702941781
2015-11-24,0.6902932928597603
2015-11-25,0.6761858906869576
2015-11-26,0.701741448663492
2015-11-27,0.7282351133891024
2015-11-30,0.7635878969342946
2015-12-01,0.7481605002989551
2015-12-02,0.7402710929778193
2015-12-03,0.6915499737006381
2015-12-04,0.6691676865347705
2015-12-07,0.6679632547700657
2015-12-08,0.6734939834877017
2015-12-09,0.6764534655482791
2015-12-10,0.6627328586136436
2015-12-11,0.6562224038068498
2015-12-14,0.6409349482505
2015-12-15,0.6140375124971998
2015-12-16,0.6112162641492201
2015-12-17,0.5930961463656038
2015-12-18,0.599834220523605
2015-12-21,0.6138149829660023
2015-12-22,0.6299819458741386
2015-12-23,0.6688412573575944
2015-12-24,0.6747553586321354
2015-12-25,0.6605819013048819
2015-12-28,0.6815725939211453
2015-12-29,0.6731012835119387
2015-12-30,0.6531905466510622
2015-12-31,0.6459231791974784
2016-01-04,0.6280410980487046
2016-01-05,0.7229978847019232
2016-01-06,0.6731546960177969
2016-01-07,0.6415560527847565
2016-01-08,0.6672047750759074
2016-01-11,0.6698092005533666
2016-01-12,0.7124430885789216
2016-01-13,0.7033790585647746
2016-01-14,0.6802365773546378
2016-01-15,0.6766761704435202
2016-01-18,0.6498416464484295
2016-01-19,0.6207000034369652
2016-01-20,0.606204747675593
2016-01-21,0.5957982318670813
2016-01-22,0.584110924395904
2016-01-25,0.5640421123922787
2016-01-26,0.5654312804314355
2016-01-27,0.6206737762763935
2016-01-28,0.6256081203344643
2016-01-29,0.6118889524146388
2016-02-01,0.6045135509679411
2016-02-02,0.5579206474867865
2016-02-03,0.536809934277967
2016-02-04,0.5179914569309171
2016-02-05,0.5114429400893274
2016-02-15,0.5082678506913999
2016-02-16,0.4679580799983522
2016-02-17,0.4715966273721749
2016-02-18,0.47331599863692075
2016-02-19,0.46155248111034775
2016-02-22,0.4505770861721376
2016-02-23,0.4635320989773055
2016-02-24,0.47442028108905837
2016-02-25,0.46827069564023727
2016-02-26,0.5026541681255003
2016-02-29,0.5044398594083784
2016-03-01,0.5082416811114656
2016-03-02,0.4724387109471771
2016-03-03,0.47116961283849845
2016-03-04,0.4805516499312925
2016-03-07,0.45725664215622125
2016-03-08,0.44429869183164417
2016-03-09,0.43711970576205766
2016-03-10,0.4222975196845976
2016-03-11,0.410978127149655
2016-03-14,0.3940368665826898
2016-03-15,0.3924994194029813
2016-03-16,0.37753300274147794
2016-03-17,0.3671277702168718
2016-03-18,0.3693725490260679
2016-03-21,0.3697037518970459
2016-03-22,0.37897700788370736
2016-03-23,0.3771106319869772
2016-03-24,0.3862273823990576
2016-03-25,0.3870238215910984
2016-03-28,0.3907302835484196
2016-03-29,0.38981153015555103
2016-03-30,0.37862875970066273
2016-03-31,0.38921101426466914
2016-04-01,0.39529498339575236
2016-04-05,0.3844064670035097
2016-04-06,0.37921555110302335
2016-04-07,0.3787241246512204
2016-04-08,0.38290039639082096
2016-04-11,0.3758421967299785
2016-04-12,0.3798573729922284
2016-04-13,0.36552080021338257
2016-04-14,0.35490094114354054
2016-04-15,0.3549749960801076
2016-04-18,0.4737892922748578
2016-04-19,0.5198792237893047
2016-04-20,0.5622734524130556
2016-04-21,0.5659367708435691
2016-04-22,0.5620308122689933
2016-04-25,0.5595454849047125
2016-04-26,0.5382710259009886
2016-04-27,0.5328764553582768
2016-04-28,0.5260367068814227
2016-04-29,0.5242108583449675
2016-05-03,0.4982193895984665
2016-05-04,0.49465459031950465
2016-05-05,0.48668172404181187
2016-05-06,0.500871775588092
2016-05-09,0.5359257901369094
2016-05-10,0.5444900511212746
2016-05-11,0.5498545734145127
2016-05-12,0.5497308251116886
2016-05-13,0.5376547734030266
2016-05-16,0.5212336323024005
2016-05-17,0.5218890277878913
2016-05-18,0.5141185050961643
2016-05-19,0.4915251307576568
2016-05-20,0.4891644098536168
2016-05-23,0.4760148033479105
2016-05-24,0.4742187785064275
2016-05-25,0.462483042199279
2016-05-26,0.4544221360416199
2016-05-27,0.44757331601242895
2016-05-30,0.4418293404690414
2016-05-31,0.4297306950972809
2016-06-01,0.43218342836085866
2016-06-02,0.43740016141333754
2016-06-03,0.4425563411774591
2016-06-06,0.4433843528010111
2016-06-07,0.45383358139024205
2016-06-08,0.46349436666447985
2016-06-13,0.4879794029513234
2016-06-14,0.4865247669440094
2016-06-15,0.4754888842842741
2016-06-16,0.485999413606829
2016-06-17,0.49237589022224876
2016-06-20,0.5000864228804865
2016-06-21,0.5012131520732273
2016-06-22,0.4931527602186909
2016-06-23,0.4916870025253376
2016-06-24,0.4953173965771086
2016-06-27,0.48457222078444495
2016-06-28,0.5050705946093896
2016-06-29,0.5032408236369103
2016-06-30,0.5046901400444113
2016-07-01,0.49738708330393866
2016-07-04,0.4901286234666047
2016-07-05,0.4974854497492578
2016-07-06,0.4985379129920363
2016-07-07,0.5013179463019244
2016-07-08,0.5021051036687564
2016-07-11,0.5121049173672239
2016-07-12,0.5100368539808023
2016-07-13,0.5196431305826299
2016-07-14,0.5113648942126864
2016-07-15,0.5042553156256889
2016-07-18,0.510961276884984
2016-07-19,0.5040774898833547
2016-07-20,0.5030142540112212
2016-07-21,0.5071081763032638
2016-07-22,0.49987671364993475
2016-07-25,0.516555488938741
2016-07-26,0.5060000686617776
2016-07-27,0.5372458426211735
2016-07-28,0.5475397268600639
2016-07-29,0.5391761536367021
2016-08-01,0.5520775196383679
2016-08-02,0.5318527261459459
2016-08-03,0.5212912587833185
2016-08-04,0.5030227156602668
2016-08-05,0.49293555072828277
2016-08-08,0.486111187889509
2016-08-09,0.4727470825460532
2016-08-10,0.46431160361738094
2016-08-11,0.4597176013998417
2016-08-12,0.44602817177013016
2016-08-15,0.439289581279376
2016-08-16,0.44230898521125445
2016-08-17,0.46514817225214855
2016-08-18,0.467927965912109
2016-08-19,0.4778480339531817
2016-08-22,0.49620922077292073
2016-08-23,0.4943042838862704
2016-08-24,0.49314324241294694
2016-08-25,0.5021384370605566
2016-08-26,0.5053516765053035
2016-08-29,0.5043707866823887
2016-08-30,0.4950191674754887
2016-08-31,0.483352241959415
2016-09-01,0.47737197845570223
2016-09-02,0.47422050985276326
2016-09-05,0.4769705289034018
2016-09-06,0.47167510772563226
2016-09-07,0.4719687634918671
2016-09-08,0.46424226798833856
2016-09-09,0.46373523081661727
2016-09-12,0.48026890571409697
2016-09-13,0.47775236530547216
2016-09-14,0.4695623141929521
2016-09-19,0.45728382834860176
2016-09-20,0.44792546888911494
2016-09-21,0.4378112917270984
2016-09-22,0.42796339362974445
2016-09-23,0.42711866796272446
2016-09-26,0.4397681079918041
2016-09-27,0.42731636458999744
2016-09-28,0.41205219863458337
2016-09-29,0.402299843500628
2016-09-30,0.3961944570795126
2016-10-10,0.40268009986438064
2016-10-11,0.40802208249258126
2016-10-12,0.40510486674870333
2016-10-13,0.4058508723163029
2016-10-14,0.40544821380049045
2016-10-17,0.40519744683502096
2016-10-18,0.4011425663644638
2016-10-19,0.40391844343973876
2016-10-20,0.40585486825652284
2016-10-21,0.4058961620325933
2016-10-24,0.40257880256117384
2016-10-25,0.4044925035321807
2016-10-26,0.4124252017848435
2016-10-27,0.40778937813542415
2016-10-28,0.41036419919965034
2016-10-31,0.4184989626679687
2016-11-01,0.40799051568001293
2016-11-02,0.4108166500987626
2016-11-03,0.4030980724272151
2016-11-04,0.4054471368714275
2016-11-07,0.39371940974163927
2016-11-08,0.3841802441946315
2016-11-09,0.38600315803488466
2016-11-10,0.38345252913408545
2016-11-11,0.3896039308335612
2016-11-14,0.4066852905678059
2016-11-15,0.4062102383613304
2016-11-16,0.4072398131082298
2016-11-17,0.4016407420785271
2016-11-18,0.3985945666914105
2016-11-21,0.3993045347369535
2016-11-22,0.3928224011314816
2016-11-23,0.3867664126290369
2016-11-24,0.39295150940160295
2016-11-25,0.3904430738363148
2016-11-28,0.3902252640028092
2016-11-29,0.38915556567369614
2016-11-30,0.3892823745105589
2016-12-01,0.38121991843707725
2016-12-02,0.37328526751595476
2016-12-05,0.37938438172649397
2016-12-06,0.36471450682670775
2016-12-07,0.35069726178101895
2016-12-08,0.3422963543903579
2016-12-09,0.3387285262604862
2016-12-12,0.37074829186644737
2016-12-13,0.3818521173820801
2016-12-14,0.39620986222679805
2016-12-15,0.39623810753753336
2016-12-16,0.40691260025544723
2016-12-19,0.4063968891596462
2016-12-20,0.3973187011850525
2016-12-21,0.38619025438473004
2016-12-22,0.38365972283809524
2016-12-23,0.3871223682151949
2016-12-26,0.3866113425205718
2016-12-27,0.3757431780683038
2016-12-28,0.3659589598236779
2016-12-29,0.3615293293897353
2016-12-30,0.35292363279724653
2017-01-03,0.34186002497167
2017-01-04,0.3364239247785658
2017-01-05,0.33355398129382635
2017-01-06,0.3373944249842779
2017-01-09,0.3402321064209463
2017-01-10,0.34198396582278884
2017-01-11,0.3415057396296132
2017-01-12,0.3409705594098725
2017-01-13,0.35575932406843724
2017-01-16,0.39699822335506985
2017-01-17,0.38937875624915597
2017-01-18,0.3827616674870554
2017-01-19,0.37473698359076746
2017-01-20,0.3614412839773871
2017-01-23,0.36303122775228486
2017-01-24,0.3747805761177703
2017-01-25,0.3655796774584358
2017-01-26,0.35390553926250257
2017-02-03,0.3495999838995715
2017-02-06,0.34682302336629794
2017-02-07,0.33933128419134406
2017-02-08,0.3255224798945474
2017-02-09,0.3236122166046248
2017-02-10,0.32699250893876286
2017-02-13,0.32519578289860773
2017-02-14,0.31874515068226184
2017-02-15,0.32371382044947833
2017-02-16,0.3247880337401163
2017-02-17,0.3304316234582017
2017-02-20,0.3440253672185173
2017-02-21,0.34307046049330997
2017-02-22,0.33942156969763515
2017-02-23,0.34055310982825215
2017-02-24,0.3367166123654896
2017-02-27,0.3795130142825787
2017-02-28,0.4166235484377545
2017-03-01,0.41972745885164
2017-03-02,0.4148944924926753
2017-03-03,0.4140061773982207
2017-03-06,0.40349444013366553
2017-03-07,0.39703808410322344
2017-03-08,0.3879171886076936
2017-03-09,0.3847866639629283
2017-03-10,0.3799366929791714
2017-03-13,0.3767066691200171
2017-03-14,0.35755080367120196
2017-03-15,0.3574003463618664
2017-03-16,0.3500446099379131
2017-03-17,0.35311833286902355
2017-03-20,0.3777842466890902
2017-03-21,0.3801286575319427
2017-03-22,0.38586615807212743
2017-03-23,0.3793339744094584
2017-03-24,0.3782265594620511
2017-03-27,0.382220095404549
2017-03-28,0.3843655889111265
2017-03-29,0.39232927730370604
2017-03-30,0.4029851149934725
2017-03-31,0.4066360556660251
2017-04-05,0.4088600854004884
2017-04-06,0.40347181169975466
2017-04-07,0.4014612212631355
2017-04-10,0.4193141107094888
2017-04-11,0.4172822710784555
2017-04-12,0.42072342746422026
2017-04-13,0.4064162347669887
2017-04-14,0.39568707973175543
2017-04-17,0.4059593268051485
2017-04-18,0.40272092837631673
2017-04-19,0.4080519585917284
2017-04-20,0.39758206325874557
2017-04-21,0.38808998913274156
2017-04-24,0.39694165088116445
2017-04-25,0.38799732200006987
2017-04-26,0.3808771395802365
2017-04-27,0.37983099236763473
2017-04-28,0.3656171863803595
2017-05-02,0.3578584546457106
2017-05-03,0.3505992919350326
2017-05-04,0.3366938258745685
2017-05-05,0.33307353644765825
2017-05-08,0.33794196069896937
2017-05-09,0.33092066809517917
2017-05-10,0.32841770076286136
2017-05-11,0.33192735755235636
2017-05-12,0.32077962546464545
2017-05-15,0.3153218122193441
2017-05-16,0.3056126852001817
2017-05-17,0.29177603458302753
2017-05-18,0.287679393707455
2017-05-19,0.28358559816529916
2017-05-22,0.28911030896214324
2017-05-23,0.30021264443206447
2017-05-24,0.2932457180945344
2017-05-25,0.2858627480363868
2017-05-26,0.27808323861376416
2017-05-31,0.2715122379733036
2017-06-01,0.27638081597329983
2017-06-02,0.27341384230632754
2017-06-05,0.26048423561641143
2017-06-06,0.25167224944319044
2017-06-07,0.24351879165458118
2017-06-08,0.2405535653581482
2017-06-09,0.23611058833180268
2017-06-12,0.23750832126607602
2017-06-13,0.22960262095038017
2017-06-14,0.2256713258870955
2017-06-15,0.22023027792503436
2017-06-16,0.21399514388834392
2017-06-19,0.21000015368911143
2017-06-20,0.20738526692260015
2017-06-21,0.20530441854354506
2017-06-22,0.20582652134907958
2017-06-23,0.2056082916380438
2017-06-26,0.20339851980860388
2017-06-27,0.2002358901166169
2017-06-28,0.19378943434489687
2017-06-29,0.1897778703566196
2017-06-30,0.18835239372391216
2017-07-03,0.1860040840667214
2017-07-04,0.1827371405288895
2017-07-05,0.18199503380368215
2017-07-06,0.18377476686993752
2017-07-07,0.18501758092557566
2017-07-10,0.19361745405844363
2017-07-11,0.1926181434383906
2017-07-12,0.1947438332481518
2017-07-13,0.1954152310375021
2017-07-14,0.1964666231681132
2017-07-17,0.21170507020164267
2017-07-18,0.27284348855693435
2017-07-19,0.3588250803211573
2017-07-20,0.3971827082327825
2017-07-21,0.4065404356369019
2017-07-24,0.4034406515560679
2017-07-25,0.3946276915244831
2017-07-26,0.39868098570075233
2017-07-27,0.4045745083434931
2017-07-28,0.3954597717425297
2017-07-31,0.3903757447881586
2017-08-01,0.386307268666408
2017-08-02,0.3849521428457873
2017-08-03,0.38283613785451664
2017-08-04,0.38299808450813966
2017-08-07,0.37981887526229374
2017-08-08,0.37764337049091395
2017-08-09,0.37032376201320316
2017-08-10,0.3727931727790552
2017-08-11,0.37781147941862125
2017-08-14,0.36562560113517706
2017-08-15,0.3698253448795939
2017-08-16,0.36361145753286234
2017-08-17,0.35244097297615073
2017-08-18,0.3487829604161804
2017-08-21,0.34446031310829417
2017-08-22,0.34103745099979693
2017-08-23,0.3337992603984379
2017-08-24,0.33526813959592583
2017-08-25,0.3322344396713249
2017-08-28,0.34274525692109725
2017-08-29,0.34735286520864683
2017-08-30,0.34619904503398047
2017-08-31,0.34522899088622994
2017-09-01,0.3434751772997314
2017-09-04,0.35681056996503757
2017-09-05,0.362645507593586
2017-09-06,0.3580063135132181
2017-09-07,0.36030670088182526
2017-09-08,0.36085613466525823
2017-09-11,0.3629911192681795
2017-09-12,0.36802820018914256
2017-09-13,0.35692124486662563
2017-09-14,0.3566935105037624
2017-09-15,0.35458607100436546
2017-09-18,0.3509994389577804
2017-09-19,0.35194476412896863
2017-09-20,0.3484819698897118
2017-09-21,0.34671359964810966
2017-09-22,0.3495030520546465
2017-09-25,0.3594749955676904
2017-09-26,0.3616777228778565
2017-09-27,0.36921604341271314
2017-09-28,0.37317630334402563
2017-09-29,0.36566379543504013
2017-10-09,0.3672525773273395
2017-10-10,0.3664628063146728
2017-10-11,0.3680579773226842
2017-10-12,0.3535496678368632
2017-10-13,0.3499772638026625
2017-10-16,0.3555788734223992
2017-10-17,0.34958026786607216
2017-10-18,0.34345994163539545
2017-10-19,0.3471335718710374
2017-10-20,0.336804466504516
2017-10-23,0.3238896207967235
2017-10-24,0.31686706385887037
2017-10-25,0.30528758694627467
2017-10-26,0.3022285119974966
2017-10-27,0.30110879920586964
2017-10-30,0.31900914414436693
2017-10-31,0.31746704700404305
2017-11-01,0.3155127478818957
2017-11-02,0.31261829859559703
2017-11-03,0.3119097366267343
2017-11-06,0.31023687270653477
2017-11-07,0.3022740194446805
2017-11-08,0.29715365651027914
2017-11-09,0.2896850463899353
2017-11-10,0.2873195553593172
2017-11-13,0.2932288063706536
2017-11-14,0.2968499153773148
2017-11-15,0.2972522608167039
2017-11-16,0.29536274591695555
2017-11-17,0.309136557423013
2017-11-20,0.31503817994342
2017-11-21,0.3054980125124957
2017-11-22,0.29894959130410864
2017-11-23,0.2939370249216863
2017-11-24,0.2908681010404015
2017-11-27,0.2893799405932584
2017-11-28,0.2726867570467557
2017-11-29,0.27497534060069406
2017-11-30,0.2619468345359007
2017-12-01,0.2520318716889768
2017-12-04,0.25995674522460976
2017-12-05,0.26605580614043456
2017-12-06,0.2586126031054657
2017-12-07,0.25026807800261164
2017-12-08,0.23925135369631875
2017-12-11,0.2311070500954025
2017-12-12,0.22591616046767887
2017-12-13,0.21860818846749958
2017-12-14,0.21594348707371727
2017-12-15,0.21553620495494435
2017-12-18,0.21753757896389217
2017-12-19,0.20989878749163143
2017-12-20,0.2045725384327636
2017-12-21,0.20112275881870512
2017-12-22,0.20070119616659066
2017-12-25,0.21070063068430162
2017-12-26,0.21020246574335247
2017-12-27,0.21010642569715826
2017-12-28,0.2111506492922438
2017-12-29,0.21050869060064387
2018-01-02,0.2061583947081356
2018-01-03,0.20583433229203565
2018-01-04,0.20212759721992646
2018-01-05,0.20254179539613898
2018-01-08,0.20606367889948218
2018-01-09,0.2047799582997816
2018-01-10,0.2084396401177618
2018-01-11,0.20564059536827597
2018-01-12,0.2033351758653509
2018-01-15,0.2147901279707571
2018-01-16,0.21663121099670485
2018-01-17,0.22059453334354165
2018-01-18,0.21001898934907798
2018-01-19,0.20599036797876236
2018-01-22,0.20853376148580202
2018-01-23,0.20421766821720008
2018-01-24,0.20371928689070917
2018-01-25,0.19791460690649107
2018-01-26,0.1935912909096114
2018-01-29,0.19766554119591623
2018-01-30,0.19704498018561806
2018-01-31,0.21163719087366878
2018-02-01,0.23577247654819675
2018-02-02,0.24344717221781442
2018-02-05,0.2449839298400239
2018-02-06,0.25160665683650646
2018-02-07,0.2530487843676875
2018-02-08,0.24085683725035578
2018-02-09,0.24354934584313
2018-02-12,0.23200659449298497
2018-02-13,0.22332778091394329
2018-02-14,0.21488618079619118
2018-02-22,0.2042926143052601
2018-02-23,0.19403868494401938
2018-02-26,0.1879528903459533
2018-02-27,0.185646129716971
2018-02-28,0.18536002094222084
2018-03-01,0.18336332593983642
2018-03-02,0.1789169750837253
2018-03-05,0.1783686788303975
2018-03-06,0.17727357610343863
2018-03-07,0.17302040063599658
2018-03-08,0.16352863295397183
2018-03-09,0.17046994685754746
2018-03-12,0.1590175563722012
2018-03-13,0.16080485800280772
2018-03-14,0.15833484130482617
2018-03-15,0.16303115802059254
2018-03-16,0.1624334929719944
2018-03-19,0.16414205975316676
2018-03-20,0.16496172562611144
2018-03-21,0.16703291923060876
2018-03-22,0.1694339619361386
2018-03-23,0.18595175342642672
2018-03-26,0.19330978078555489
2018-03-27,0.18492409970378965
2018-03-28,0.1839381578590239
2018-03-29,0.18224363872722843
2018-03-30,0.18112572096873736
2018-04-02,0.18329826177974667
2018-04-03,0.18274746072683265
2018-04-04,0.18527399668683991
2018-04-09,0.188324998650001
2018-04-10,0.19050688186815384
2018-04-11,0.18588417235628696
2018-04-12,0.18295838537529413
2018-04-13,0.1802543673402047
2018-04-16,0.18240674908308693
2018-04-17,0.17676520560519754
2018-04-18,0.17343569757554278
2018-04-19,0.17003254993870173
2018-04-20,0.17095386574440624
2018-04-23,0.17864549812080374
2018-04-24,0.1727683984558875
2018-04-25,0.17250665002128032
2018-04-26,0.1725578103926689
2018-04-27,0.1722744402111668
2018-05-02,0.18111442820377852
2018-05-03,0.176001806862595
2018-05-04,0.17397910275880243
2018-05-07,0.16818366153072314
2018-05-08,0.1661639202247414
2018-05-09,0.1639597404487711
2018-05-10,0.1647876569751086
2018-05-11,0.1627036846419912
2018-05-14,0.16467601545353194
2018-05-15,0.16096025829464236
2018-05-16,0.1620749295505876
2018-05-17,0.2154893586835285
2018-05-18,0.3043486471427521
2018-05-21,0.31095551894001033
2018-05-22,0.3100616705492859
2018-05-23,0.3193010806990485
2018-05-24,0.31482871382212746
2018-05-25,0.3244411712724269
2018-05-28,0.37166988073073115
2018-05-29,0.4018853836212474
2018-05-30,0.43404630642729436
2018-05-31,0.447647043463716
2018-06-01,0.44556998440543666
2018-06-04,0.4563922645589999
2018-06-05,0.44381789119710446
2018-06-06,0.4261407634640487
2018-06-07,0.4214245298144699
2018-06-08,0.4174968731070215
2018-06-11,0.41731546025763294
2018-06-12,0.409203191715755
2018-06-13,0.4051718530976869
2018-06-14,0.40883370075645753
2018-06-15,0.42787316560775973
2018-06-19,0.49293976813419077
2018-06-20,0.5133078371546248
2018-06-21,0.5111926914386745
2018-06-22,0.4930136486881969
2018-06-25,0.48128009383539644
2018-06-26,0.4779488826229938
2018-06-27,0.4583532710162994
2018-06-28,0.452169552321344
2018-06-29,0.41970808651867936
2018-07-02,0.4194206317005387
2018-07-03,0.41025259286644256
2018-07-04,0.4034733474768704
2018-07-05,0.4043581552622276
2018-07-06,0.4036281955385746
2018-07-09,0.39013152246997285
2018-07-10,0.3842401203459331
2018-07-11,0.38771901645891177
2018-07-12,0.3915524691712107
2018-07-13,0.390364327320909
2018-07-16,0.4187753855319322
2018-07-17,0.44538428351989073
2018-07-18,0.44884314747500986
2018-07-19,0.47202850539194136
2018-07-20,0.4426403067999065
2018-07-23,0.4471438113464518
2018-07-24,0.4371527300935349
2018-07-25,0.4306233062724441
2018-07-26,0.4268447268546027
2018-07-27,0.4259351293524428
2018-07-30,0.43449035332159186
2018-07-31,0.4275545761491157
2018-08-01,0.41955259712796134
2018-08-02,0.43164498447301947
2018-08-03,0.43094359251226233
2018-08-06,0.4300847061066188
2018-08-07,0.41581041739976116
2018-08-08,0.4151567787717237
2018-08-09,0.4002924730711048
2018-08-10,0.38210165919518774
2018-08-13,0.3721338922377582
2018-08-14,0.3570820204813692
2018-08-15,0.35024184257470187
2018-08-16,0.3483519482859521
2018-08-17,0.35043150027793235
2018-08-20,0.3687579353022649
2018-08-21,0.388155951813063
2018-08-22,0.4017355595551417
2018-08-23,0.4374187632930933
2018-08-24,0.431531146690504
2018-08-27,0.4177788584380149
2018-08-28,0.4074451080068538
2018-08-29,0.40451513979745046
2018-08-30,0.4037834848211096
2018-08-31,0.4112100538925339
2018-09-03,0.4224422536276063
2018-09-04,0.3978746363481389
2018-09-05,0.3936481470879931
2018-09-06,0.38747527448735164
2018-09-07,0.4056095852619882
2018-09-10,0.43549719148775246
2018-09-11,0.43569997018091167
2018-09-12,0.4234220234476971
2018-09-13,0.4149789239117513
2018-09-14,0.4201080065845224
2018-09-17,0.43469044425571907
2018-09-18,0.42404303524376286
2018-09-19,0.41592810562450994
2018-09-20,0.4106285855826587
2018-09-21,0.3957811154275668
2018-09-25,0.3775076982744197
2018-09-26,0.36721354304175474
2018-09-27,0.3719497588678041
2018-09-28,0.3672293533581558
2018-10-08,0.3811454327709167
2018-10-09,0.37892942009407843
2018-10-10,0.3793121036502034
2018-10-11,0.41877701006500107
2018-10-12,0.4559417199071654
2018-10-15,0.45744357595035073
2018-10-16,0.4665537405864129
2018-10-17,0.4596357638782807
2018-10-18,0.4545207508138324
2018-10-19,0.4580749742879828
2018-10-22,0.4321829342206824
2018-10-23,0.4309360599132586
2018-10-24,0.4205124072355495
2018-10-25,0.4199849057534156
2018-10-26,0.41247567346135267
2018-10-29,0.4149861191508114
2018-10-30,0.4038157880479626
2018-10-31,0.39080605010858593
2018-11-01,0.3843005924120429
2018-11-02,0.3727874784286935
2018-11-05,0.3766321767680631
2018-11-06,0.38415726699491987
2018-11-07,0.3735299892041802
2018-11-08,0.3659265904750982
2018-11-09,0.36151793936779975
2018-11-12,0.36546949392474304
2018-11-13,0.40215056474583694
2018-11-14,0.4275209608211466
2018-11-15,0.4365680822514366
2018-11-16,0.441640293099172
2018-11-19,0.44888962606470184
2018-11-20,0.4441181389569035
2018-11-21,0.43949498385979086
2018-11-22,0.4334106929568196
2018-11-23,0.43820564557493424
2018-11-26,0.45367293213565885
2018-11-27,0.4384409537234309
2018-11-28,0.4276161427280769
2018-11-29,0.42278231426114515
2018-11-30,0.4175587729903477
2018-12-03,0.4043467158510789
2018-12-04,0.3975198782092827
2018-12-05,0.39309071383087557
2018-12-06,0.37979125504394023
2018-12-07,0.37702632358861965
2018-12-10,0.37596669369302016
2018-12-11,0.3692067986135586
2018-12-12,0.35576869337521927
2018-12-13,0.3439971772529834
2018-12-14,0.3587823937643332
2018-12-17,0.3822640024841361
2018-12-18,0.3770716501276087
2018-12-19,0.36990726300509685
2018-12-20,0.36204413031706156
2018-12-21,0.3592308725235934
2018-12-24,0.3538230543302411
2018-12-25,0.36127511355285863
2018-12-26,0.3639929603757374
2018-12-27,0.364103382729415
2018-12-28,0.36690782428789653
2019-01-02,0.3716382785218091
2019-01-03,0.38051551421116714
2019-01-04,0.37195402582978854
2019-01-07,0.37200708655142367
2019-01-08,0.37149040389231625
2019-01-09,0.35951403566960854
2019-01-10,0.35578587659954963
2019-01-11,0.3562052514992013
2019-01-14,0.3569469837009431
2019-01-15,0.35383502616658313
2019-01-16,0.3488845586864471
2019-01-17,0.3443630727810237
2019-01-18,0.34204100243597396
2019-01-21,0.3420839727113065
2019-01-22,0.33664828364019544
2019-01-23,0.3394258821367626
2019-01-24,0.338991788472371
2019-01-25,0.34525019414212693
2019-01-28,0.3561282556866181
2019-01-29,0.37279011598245154
2019-01-30,0.38113529504141364
2019-01-31,0.408354511778261
2019-02-01,0.4024726336977118
2019-02-11,0.3852038118832374
2019-02-12,0.3715903965154775
2019-02-13,0.35985345124851487
2019-02-14,0.351174835602678
2019-02-15,0.3442816122691717
2019-02-18,0.33367788828711986
2019-02-19,0.338676330819314
2019-02-20,0.3408448337950596
2019-02-21,0.33504912006040016
2019-02-22,0.3376142784776147
2019-02-25,0.33478352915819864
2019-02-26,0.3615870267466625
2019-02-27,0.3710351469267523
2019-02-28,0.37792150640859884
2019-03-01,0.37029106252563126
2019-03-04,0.36742522875499295
2019-03-05,0.3702412422283699
2019-03-06,0.3791065141693306
2019-03-07,0.4000834522068825
2019-03-08,0.4201971061271117
2019-03-11,0.4144669224121106
2019-03-12,0.43721459961364945
2019-03-13,0.45462254561914245
2019-03-14,0.45345280017074474
2019-03-15,0.44376356873160455
2019-03-18,0.4324129663697342
2019-03-19,0.4225991069740235
2019-03-20,0.4151084665752178
2019-03-21,0.4039594983045526
2019-03-22,0.4095191381961451
2019-03-25,0.41701948431218117
2019-03-26,0.4106323197131908
2019-03-27,0.4153893311321766
2019-03-28,0.42850542705603223
2019-03-29,0.4176396128787239
2019-04-01,0.40707161345950643
2019-04-02,0.4099686493396782
2019-04-03,0.40689367781775954
2019-04-04,0.40581224070843286
2019-04-08,0.4339859042205865
2019-04-09,0.43336227835583724
2019-04-10,0.4336973243017559
2019-04-11,0.4345707446188854
2019-04-12,0.4353020639108317
2019-04-15,0.42511258594228607
2019-04-16,0.41087974399172505
2019-04-17,0.39812238544654344
2019-04-18,0.3950905772230899
2019-04-19,0.38640352399026184
2019-04-22,0.38804839110690825
2019-04-23,0.3916975559234902
2019-04-24,0.38465000507602193
2019-04-25,0.38070335730427324
2019-04-26,0.39740708121230456
2019-04-29,0.41615718100215876
2019-04-30,0.418515916161273
2019-05-06,0.4165944716421672
2019-05-07,0.4156660302824986
2019-05-08,0.4099697422313841
2019-05-09,0.39669904899713576
2019-05-10,0.37720630378189696
2019-05-13,0.37454594564995564
2019-05-14,0.3631274454065166
2019-05-15,0.3471994222530601
2019-05-16,0.3367951127509948
2019-05-17,0.33346326539837895
2019-05-20,0.3432850624425203
2019-05-21,0.3332428046459953
2019-05-22,0.3272506785380089
2019-05-23,0.32555413263378075
2019-05-24,0.3240541181433561
2019-05-27,0.3126879250206992
2019-05-28,0.3035135649797807
2019-05-29,0.2958855573525381
2019-05-30,0.29685598514656514
2019-05-31,0.2944248629768511
2019-06-03,0.30099603650869255
2019-06-04,0.3029878454047498
2019-06-05,0.30038887815275656
2019-06-06,0.30206692145396535
2019-06-10,0.2996147766018391
2019-06-11,0.2862404990849408
2019-06-12,0.2808709041727543
2019-06-13,0.27342822378454035
2019-06-14,0.27006688516363375
2019-06-17,0.27366673376692435
2019-06-18,0.26957454077026205
2019-06-19,0.26316897088285535
2019-06-20,0.2578296788195869
2019-06-21,0.2582020353851537
2019-06-24,0.2589129438643033
2019-06-25,0.2583222504816711
2019-06-26,0.25734623868470585
2019-06-27,0.25139117383322157
2019-06-28,0.24837934241072532
2019-07-01,0.244600163876593
2019-07-02,0.24644746001583354
2019-07-03,0.2445284150690222
2019-07-04,0.23998263861418803
2019-07-05,0.23657902129715566
2019-07-08,0.2376418058930695
2019-07-09,0.2367759076124204
2019-07-10,0.23413484928606343
2019-07-11,0.23230610932829698
2019-07-12,0.23272473372242705
2019-07-15,0.2328575846582661
2019-07-16,0.22729250836492582
2019-07-17,0.2227858368920878
2019-07-18,0.22460897259290763
2019-07-19,0.2170576950730387
2019-07-22,0.22250475951898943
2019-07-23,0.22155895247780188
2019-07-24,0.21547047789067672
2019-07-25,0.21175747097951036
2019-07-26,0.2192440177367226
2019-07-29,0.21533556470635828
2019-07-30,0.2106823709484247
2019-07-31,0.21005838366484336
2019-08-01,0.21003557708829762
2019-08-02,0.21295939629224156
2019-08-05,0.2146048901987543
2019-08-06,0.22849233303488412
2019-08-07,0.2310100487224519
2019-08-08,0.2378528957030608
2019-08-09,0.23531641218598667
2019-08-12,0.2328298879328433
2019-08-13,0.23020532433581917
2019-08-14,0.226200156908086
2019-08-15,0.21940590808811453
2019-08-16,0.2183078505150668
2019-08-19,0.22888112097475852
2019-08-20,0.22923543847107433
2019-08-21,0.2299373335710289
2019-08-22,0.2340612906887106
2019-08-23,0.23978301587559808
2019-08-26,0.2856553800762804
2019-08-27,0.29103910174911235
2019-08-28,0.29643042905951544
2019-08-29,0.2954447141325549
2019-08-30,0.2971614760283515
2019-09-02,0.29379679854846363
2019-09-03,0.2906610746765344
2019-09-04,0.2888338648482295
2019-09-05,0.2855597370753788
2019-09-06,0.31391517186311807
2019-09-09,0.3165549388421542
2019-09-10,0.31413878890945535
2019-09-11,0.32404874845056797
2019-09-12,0.33050576426441786
2019-09-16,0.32760594811494687
2019-09-17,0.32740985782569354
2019-09-18,0.3222192352501607
2019-09-19,0.32008175632963615
2019-09-20,0.3306928382016038
2019-09-23,0.3288871737518517
2019-09-24,0.3301573013448837
2019-09-25,0.33425797799779483
2019-09-26,0.34487402318569843
2019-09-27,0.34626555274932685
2019-09-30,0.3429344489496637
2019-10-08,0.3464400627666826
2019-10-09,0.3387078814246295
2019-10-10,0.33149195609208454
2019-10-11,0.3275555799213884
2019-10-14,0.32296212086583964
2019-10-15,0.3588609053093758
2019-10-16,0.3588986494554855
2019-10-17,0.35115985335071237
2019-10-18,0.3431971503111768
2019-10-21,0.35289967885408796
2019-10-22,0.346778490305517
2019-10-23,0.3433754064563171
2019-10-24,0.34052760697546575
2019-10-25,0.33497740592942765
2019-10-28,0.34087875347506064
2019-10-29,0.3450654059899806
2019-10-30,0.35344867949227843
2019-10-31,0.35922430254868226
2019-11-01,0.3528778789565909
2019-11-04,0.34436797529893876
2019-11-05,0.33580440913536586
2019-11-06,0.3327295843768303
2019-11-07,0.32430902456851474
2019-11-08,0.3191829717408637
2019-11-11,0.32225896994879394
2019-11-12,0.3175618430449405
2019-11-13,0.31608221777842505
2019-11-14,0.30983487158448075
2019-11-15,0.31255920852590147
2019-11-18,0.311053711309998
2019-11-19,0.33319221916874886
2019-11-20,0.34155756591335085
2019-11-21,0.33629811554529104
2019-11-22,0.33441583867478514
2019-11-25,0.34511722553825913
2019-11-26,0.34350281804128824
2019-11-27,0.3372151825026871
2019-11-28,0.32948742768320743
2019-11-29,0.3270576163025668
2019-12-02,0.3643450530667113
2019-12-03,0.36672141989591023
2019-12-04,0.3614024853447263
2019-12-05,0.35091289066898523
2019-12-06,0.349734660150022
2019-12-09,0.34891588274679364
2019-12-10,0.35038538276001446
2019-12-11,0.3517709800735193
2019-12-12,0.36822937989840787
2019-12-13,0.36321272995731324
2019-12-16,0.36244672310181414
2019-12-17,0.3614527431549063
2019-12-18,0.36468733638757567
2019-12-19,0.3658053560001564
2019-12-20,0.3732134552146586
2019-12-23,0.3821895151649141
2019-12-24,0.37983116289228436
2019-12-25,0.3762107148178473
2019-12-26,0.37431639124196364
2019-12-27,0.37502554000950183
2019-12-30,0.38499876504730784
2019-12-31,0.38260709567610324
2020-01-02,0.3776730245052829
2020-01-03,0.38024534328519466
2020-01-06,0.39301016404974587
2020-01-07,0.3927835195252831
2020-01-08,0.40180754505027966
2020-01-09,0.4070562267994949
2020-01-10,0.4055288540833565
2020-01-13,0.4023312672490431
2020-01-14,0.4024217099649043
2020-01-15,0.424236046333189
2020-01-16,0.4235683160929738
2020-01-17,0.42635846085960205
2020-01-20,0.43714879828190084
2020-01-21,0.4440976915254969
2020-01-22,0.44784699627781904
2020-01-23,0.45970290530041175
2020-02-03,0.473125709835345
2020-02-04,0.5654230923090422
2020-02-05,0.5421693193318968
2020-02-06,0.5358804218250544
2020-02-07,0.5374185114690854
2020-02-10,0.534020245882368
2020-02-11,0.5231361590151687
2020-02-12,0.5007352031479133
2020-02-13,0.4917434358362689
2020-02-14,0.4864315733409074
2020-02-17,0.4714142048370933
2020-02-18,0.46741951894174627
2020-02-19,0.4695498143448666
2020-02-20,0.4610893640269637
2020-02-21,0.45172713394326297
2020-02-24,0.4788005654219214
2020-02-25,0.5220133845103626
2020-02-26,0.5331748234195935
2020-02-27,0.5271323775799021
2020-02-28,0.5268963682503256
2020-03-02,0.5196030556843305
2020-03-03,0.5091996350732447
2020-03-04,0.5040415931350827
2020-03-05,0.4985715669246533
2020-03-06,0.4940553006383331
2020-03-09,0.5044987182175686
2020-03-10,0.49517543587578994
2020-03-11,0.4919965785501076
2020-03-12,0.486031869521751
2020-03-13,0.49105545585471766
2020-03-16,0.5499795510621418
2020-03-17,0.5576488656136299
2020-03-18,0.5626930597807808
2020-03-19,0.5536654214100342
2020-03-20,0.5534021474463449
2020-03-23,0.5599387701656087
2020-03-24,0.5522227447688777
2020-03-25,0.5377136078507748
2020-03-26,0.5288681230194798
2020-03-27,0.5542827782202316
2020-03-30,0.5667536435488787
2020-03-31,0.5607988673783799
2020-04-01,0.5488002992236908
2020-04-02,0.5282188285220804
2020-04-03,0.5209911203908963
2020-04-07,0.5047922918663712
2020-04-08,0.4875297601407893
2020-04-09,0.4852070438176224
2020-04-10,0.485999284953622
2020-04-13,0.49052926190214674
2020-04-14,0.4747992114986902
2020-04-15,0.4693498314508451
2020-04-16,0.4646928059243174
2020-04-17,0.4612167420470039
2020-04-20,0.46111308439302934
2020-04-21,0.45808942617523496
2020-04-22,0.45721529508290404
2020-04-23,0.45962728922447443
2020-04-24,0.4697818088395235
2020-04-27,0.4837701280836723
2020-04-28,0.5019544222127541
2020-04-29,0.5106340460196152
2020-04-30,0.5167476298366963
2020-05-06,0.5110713571808768
2020-05-07,0.49704166689045903
2020-05-08,0.4819230849029646
2020-05-11,0.474010417857345
2020-05-12,0.4647254132114122
2020-05-13,0.45547911923720086
2020-05-14,0.4464516690410835
2020-05-15,0.4384193917757968
2020-05-18,0.47434831082722306
2020-05-19,0.47078852225172746
2020-05-20,0.4745072137695869
2020-05-21,0.4774032008866326
2020-05-22,0.474480944302511
2020-05-25,0.47714898609529843
2020-05-26,0.46497318023142736
2020-05-27,0.4647495970258518
2020-05-28,0.45186270420335184
2020-05-29,0.4515605034520654
2020-06-01,0.4421884083813503
2020-06-02,0.44118421460239277
2020-06-03,0.4380632758402958
2020-06-04,0.43964240382073017
2020-06-05,0.4381136596462527
2020-06-08,0.43907868662148164
2020-06-09,0.4291310671255319
2020-06-10,0.4216956542018291
2020-06-11,0.41463565503735506
2020-06-12,0.40869518587353515
2020-06-15,0.4161174477484583
2020-06-16,0.4089206790887547
2020-06-17,0.4089393351821972
2020-06-18,0.4031272311579049
2020-06-19,0.39504153072851683
2020-06-22,0.3922117778121001
2020-06-23,0.38893913476917635
2020-06-24,0.386964188913341
2020-06-29,0.3967035150793721
2020-06-30,0.39423711853769816
2020-07-01,0.3974517242466926
2020-07-02,0.3963381307771117
2020-07-03,0.3980392287091446
2020-07-06,0.39847887624414713
2020-07-07,0.40553674614940044
2020-07-08,0.40584648830901215
2020-07-09,0.41269807847947004
2020-07-10,0.4281360516126517
2020-07-13,0.43196624481483004
2020-07-14,0.44960375870534053
2020-07-15,0.4686571624461275
2020-07-16,0.45608694026075236
2020-07-17,0.46763777865504497
2020-07-20,0.45181448724734863
2020-07-21,0.4464071116688488
2020-07-22,0.4351588694031099
2020-07-23,0.42817944245888073
2020-07-24,0.4258219993064523
2020-07-27,0.4293275868236022
2020-07-28,0.41878918346322264
2020-07-29,0.40057906251906167
2020-07-30,0.3975526531106995
2020-07-31,0.3913554425125338
2020-08-03,0.39472293429565875
2020-08-04,0.40410097433990955
2020-08-05,0.40008203390542496
2020-08-06,0.3980964865072753
2020-08-07,0.3973989928743837
2020-08-10,0.40895354114185245
2020-08-11,0.40527209147412735
2020-08-12,0.40160016225660294
2020-08-13,0.3945273394418919
2020-08-14,0.3846707479725258
2020-08-17,0.3748342030858953
2020-08-18,0.37311791328310107
2020-08-19,0.3717033638742777
2020-08-20,0.36886680007084216
2020-08-21,0.363047377185791
2020-08-24,0.36186715688756554
2020-08-25,0.36699710782154005
2020-08-26,0.37336219130195564
2020-08-27,0.37352777294710343
2020-08-28,0.369314993691076
2020-08-31,0.3671935536764932
2020-09-01,0.35928185710288546
2020-09-02,0.3729975057699265
2020-09-03,0.4180558420977855
2020-09-04,0.41235799361321146
2020-09-07,0.41502324545126545
2020-09-08,0.47283809941335736
2020-09-09,0.48754764793222205
2020-09-10,0.5131779348242951
2020-09-11,0.5030203204322818
2020-09-14,0.5218676505291103
2020-09-15,0.5057036496304622
2020-09-16,0.48493935303341107
2020-09-17,0.4714018322738233
2020-09-18,0.4563695999406885
2020-09-21,0.44476585598574725
2020-09-22,0.43584396426388344
2020-09-23,0.4262883733269425
2020-09-24,0.4133911499236484
2020-09-25,0.4076682832138618
2020-09-28,0.4129535645237982
2020-09-29,0.4353137137200707
2020-09-30,0.4254937055876754
2020-10-09,0.42487305258823826
2020-10-12,0.42643423457515656
2020-10-13,0.41862377101630066
2020-10-14,0.42169610644553907
2020-10-15,0.43641557226297845
2020-10-16,0.46123761106756617
2020-10-19,0.4580338245411116
2020-10-20,0.4515913450998779
2020-10-21,0.4738188284301843
2020-10-22,0.46891715705041764
2020-10-23,0.4679222443582812
2020-10-26,0.4781333227291289
2020-10-27,0.47827146442599205
2020-10-28,0.4713183119730736
2020-10-29,0.4775584884798207
2020-10-30,0.49448821813598
2020-11-02,0.5236882411236912
2020-11-03,0.5129848465737613
2020-11-04,0.5125116609269827
2020-11-05,0.5008688286877575
2020-11-06,0.49260302145033796
2020-11-09,0.4958753994859876
2020-11-10,0.5485729137962666
2020-11-11,0.5695585526024728
2020-11-12,0.5758523350345433
2020-11-13,0.5934119477748667
2020-11-16,0.5950743144548043
2020-11-17,0.6095931613644828
2020-11-18,0.6299989383217224
2020-11-19,0.6216729287136998
2020-11-20,0.6070001009854147
2020-11-23,0.6037310160094028
2020-11-24,0.5898516100486207
2020-11-25,0.5871300254798036
2020-11-26,0.5979932605739087
2020-11-27,0.5899826593353291
2020-11-30,0.5866036809648496
2020-12-01,0.5747408145208216
2020-12-02,0.5740460899417689
2020-12-03,0.5692111013397899
2020-12-04,0.5607314314767005
2020-12-07,0.558929023501001
2020-12-08,0.5536975548358183
2020-12-09,0.5545204034732504
2020-12-10,0.5585041844389597
2020-12-11,0.5669874214244706
2020-12-14,0.5729660900836379
2020-12-15,0.568233994572639
2020-12-16,0.5707672606242062
2020-12-17,0.5661528134108695
2020-12-18,0.5599331286071958
2020-12-21,0.5596956435267584
2020-12-22,0.5628628128914138
2020-12-23,0.5658103894563228
2020-12-24,0.5766898421611306
2020-12-25,0.5941075871181954
2020-12-28,0.609556643028357
2020-12-29,0.6160185132954498
2020-12-30,0.6033224405146602
2020-12-31,0.5878415568988926
2021-01-04,0.5938535536660097
2021-01-05,0.5976068320171315
2021-01-06,0.6001007572544225
2021-01-07,0.6107302593854128
2021-01-08,0.6111815044250795
2021-01-11,0.6239165949199164
2021-01-12,0.6127206496132398
2021-01-13,0.6203915638605313
2021-01-14,0.6096964946556397
2021-01-15,0.6019695404793369
2021-01-18,0.5886633846836448
2021-01-19,0.5809112588199832
2021-01-20,0.5652232419368913
2021-01-21,0.5519217107629378
2021-01-22,0.5514775803722264
2021-01-25,0.5601620010380846
2021-01-26,0.556918186847924
2021-01-27,0.5510224557041017
2021-01-28,0.5423573043560275
2021-01-29,0.5459833227900763
2021-02-01,0.5671836075681514
2021-02-02,0.5551989398682957
2021-02-03,0.5495332536779578
2021-02-04,0.546881949942011
2021-02-05,0.5445838493027758
2021-02-08,0.5372718918546893
2021-02-09,0.5183568483520304
2021-02-10,0.5039866822708274
2021-02-18,0.5035930755461331
2021-02-19,0.49635966294448497
2021-02-22,0.49562608210294656
2021-02-23,0.4870387649974443
2021-02-24,0.47290459558366804
2021-02-25,0.46225716909385456
2021-02-26,0.4490385254194728
2021-03-01,0.43941727081446336
2021-03-02,0.4302334431107024
2021-03-03,0.41763321335445003
2021-03-04,0.4136325846268929
2021-03-05,0.40812553927803447
2021-03-08,0.4085345233030425
2021-03-09,0.41387653953626274
2021-03-10,0.41133198731673215
2021-03-11,0.40053679887205224
2021-03-12,0.3946196290356694
2021-03-15,0.39511836189052574
2021-03-16,0.38996005778039544
2021-03-17,0.38384444643105287
2021-03-18,0.37346667329646216
2021-03-19,0.3693672137550885
2021-03-22,0.36860519071685505
2021-03-23,0.37414907706497313
2021-03-24,0.3776749409744304
2021-03-25,0.3787022108405841
2021-03-26,0.3680672747325559
2021-03-29,0.3667923370549509
2021-03-30,0.36847999646758084
2021-03-31,0.4102556627427267
2021-04-01,0.4079834957448593
2021-04-02,0.4066497170915998
2021-04-06,0.4002984562355332
2021-04-07,0.39421601530221323
2021-04-08,0.38926776641991323
2021-04-09,0.3846115553438676
2021-04-12,0.39096542491864117
2021-04-13,0.3959070995382583
2021-04-14,0.38766395468384485
2021-04-15,0.38611967910027256
2021-04-16,0.3811546700639639
2021-04-19,0.37580587352787886
2021-04-20,0.3707558225206686
2021-04-21,0.3639604933882504
2021-04-22,0.36062068166815536
2021-04-23,0.3599530870618544
2021-04-26,0.36597798007481097
2021-04-27,0.3751538920506356
2021-04-28,0.3899598678463459
2021-04-29,0.3926419653743904
2021-04-30,0.40146542368738125
2021-05-06,0.39745876525749285
2021-05-07,0.39487363945152393
2021-05-10,0.39469952997486446
2021-05-11,0.3880159136813633
2021-05-12,0.3781760497691519
2021-05-13,0.3678591036281454
2021-05-14,0.36571474280097277
2021-05-17,0.3642237401103918
2021-05-18,0.35713071354079357
2021-05-19,0.3521038595506172
2021-05-20,0.34851015399519525
2021-05-21,0.34034622316767177
2021-05-24,0.339709051325762
2021-05-25,0.32766265709695924
2021-05-26,0.3225307046568668
2021-05-27,0.3168541850597621
2021-05-28,0.31726568501089525
2021-05-31,0.3156296291610013
2021-06-01,0.3131450442313844
2021-06-02,0.3160091750561695
2021-06-03,0.3239246832775544
2021-06-04,0.32230282079787054
2021-06-07,0.3236788351100789
2021-06-08,0.3211493572531418
2021-06-09,0.31730875773345785
2021-06-10,0.34015526129317203
2021-06-11,0.34939329103803607
2021-06-15,0.3571804405746076
2021-06-16,0.359753237143462
2021-06-17,0.356970280616342
2021-06-18,0.35404959005152437
2021-06-21,0.35343535627049144
2021-06-22,0.3492024165457
2021-06-23,0.3427898123994841
2021-06-24,0.344671344562538
2021-06-25,0.35782227323144816
2021-06-28,0.36086937139247754
2021-06-29,0.38190379074273373
2021-06-30,0.38362528119370165
2021-07-01,0.39411844084332354
2021-07-02,0.44154603658780883
2021-07-05,0.4424270678586663
2021-07-06,0.4494387010133323
2021-07-07,0.4361161995989147
2021-07-08,0.43826880408460456
2021-07-09,0.4346092305731656
2021-07-12,0.4367950796082553
2021-07-13,0.4527627808752109
2021-07-14,0.45393496399043803
2021-07-15,0.48578601468743055
2021-07-16,0.48011348429703443
2021-07-19,0.4872048526567434
2021-07-20,0.4751471071368954
2021-07-21,0.46874687735952786
2021-07-22,0.47069568578858156
2021-07-23,0.47484914350502533
2021-07-26,0.4842501986395779
2021-07-27,0.4911632419664071
2021-07-28,0.5069779661500065
2021-07-29,0.5052447335975496
2021-07-30,0.5179936639311983
2021-08-02,0.5413387794070206
2021-08-03,0.5398075218821395
2021-08-04,0.5235088222033674
2021-08-05,0.514106337465332
2021-08-06,0.5021049033756746
2021-08-09,0.49949369649971437
2021-08-10,0.4880950163346051
2021-08-11,0.48153183921076537
2021-08-12,0.4670430651541607
2021-08-13,0.4600111611798156
2021-08-16,0.4635793118095483
2021-08-17,0.45755773151156287
2021-08-18,0.4527147760747657
2021-08-19,0.4504972583537412
2021-08-20,0.44977390713995374
2021-08-23,0.4513724589188447
2021-08-24,0.4468868520442944
2021-08-25,0.44491557785862923
2021-08-26,0.43918125710434597
2021-08-27,0.4433821516769322
2021-08-30,0.4611946535777812
2021-08-31,0.46372796777264513
2021-09-01,0.4666565187598844
2021-09-02,0.45955988824294475
2021-09-03,0.4555980858451755
2021-09-06,0.4470138848237744
2021-09-07,0.4351194908962213
2021-09-08,0.4313332692048704
2021-09-09,0.4245341511385528
2021-09-10,0.41716128481297177
2021-09-13,0.42055424057548113
2021-09-14,0.4286047453400387
2021-09-15,0.423615330648983
2021-09-16,0.4204071013703874
2021-09-17,0.41984787417558384
2021-09-22,0.4201149361914092
2021-09-23,0.41612608914462335
2021-09-24,0.41235534524055334
2021-09-27,0.41509602358451414
2021-09-28,0.40685633002847593
2021-09-29,0.39674939200580883
2021-09-30,0.38555941520993336
2021-10-08,0.3864948800106118
2021-10-11,0.38211311821773103
2021-10-12,0.3715675136699179
2021-10-13,0.367312031816499
2021-10-14,0.3607818736152201
2021-10-15,0.35783393393965096
2021-10-18,0.3533458448946795
2021-10-19,0.3460038226314388
2021-10-20,0.33750603253375494
2021-10-21,0.33179884623106465
2021-10-22,0.33150224952808194
2021-10-25,0.33061015044106684
2021-10-26,0.33225007447434246
2021-10-27,0.33697590600674093
2021-10-28,0.3445851468037706
2021-10-29,0.3485024650539024
2021-11-01,0.35701822335245414
2021-11-02,0.3512843313227843
2021-11-03,0.3402221050925971
2021-11-04,0.33280823987471486
2021-11-05,0.33074098380884737
2021-11-08,0.3258148780420348
2021-11-09,0.31737622544873384
2021-11-10,0.3088326520400074
2021-11-11,0.3075195359101138
2021-11-12,0.3061960459615558
2021-11-15,0.31277846590413644
2021-11-16,0.3125289146858871
2021-11-17,0.3055517521407027
2021-11-18,0.3010435346973198
2021-11-19,0.2962580360694345
2021-11-22,0.2929761204193157
2021-11-23,0.28799224423990216
2021-11-24,0.28053413554014084
2021-11-25,0.2798967142531488
2021-11-26,0.27764396194323887
2021-11-29,0.2804603935706982
2021-11-30,0.2783259243627825
2021-12-01,0.27541891585952905
2021-12-02,0.27435165384211496
2021-12-03,0.2712335808378261
2021-12-06,0.2713291364539022
2021-12-07,0.27049047360897294
2021-12-08,0.26514993796203645
2021-12-09,0.26191126148696164
2021-12-10,0.2605182370694417
2021-12-13,0.2608090362971912
2021-12-14,0.26052484489380767
2021-12-15,0.2593833614620073
2021-12-16,0.25608856318999434
2021-12-17,0.25565186444717675
2021-12-20,0.25327614373204005
2021-12-21,0.254380269185008
2021-12-22,0.31451665790234123
2021-12-23,0.31556732104925855
2021-12-24,0.32154598273406826
2021-12-27,0.32137741255871444
2021-12-28,0.31641557624300837
2021-12-29,0.3100469545843735
2021-12-30,0.3051808425078563
2021-12-31,0.30127150584773693
2022-01-04,0.3071157232236899
2022-01-05,0.3082313860149268
2022-01-06,0.2994059887138945
2022-01-07,0.2989626442566769
2022-01-10,0.29887683527150527
2022-01-11,0.29294313804503114
2022-01-12,0.28802691516750395
2022-01-13,0.28484634808739134
2022-01-14,0.2853655948414551
2022-01-17,0.3058055889578274
2022-01-18,0.330706803498955
2022-01-19,0.32808919534737424
2022-01-20,0.3332625508679756
2022-01-21,0.3346410534300131
2022-01-24,0.333548046828685
2022-01-25,0.33048998317696493
2022-01-26,0.3359058861215795
2022-01-27,0.3303711683888619
2022-01-28,0.3349748150517943
2022-02-07,0.34413722015519943
2022-02-08,0.34061650124535703
2022-02-09,0.3339870753274363
2022-02-10,0.3256034660809367
2022-02-11,0.32004761322994435
2022-02-14,0.3180873848425743
2022-02-15,0.31337308588051604
2022-02-16,0.3057953983169385
2022-02-17,0.3005364214665196
2022-02-18,0.29767046348164605
2022-02-21,0.301252371732953
2022-02-22,0.2982504492999049
2022-02-23,0.2996525403478163
2022-02-24,0.3026289990139581
2022-02-25,0.29983006976406684
2022-02-28,0.29986396202738524
2022-03-01,0.29360628863927
2022-03-02,0.28640056595105645
2022-03-03,0.28690571419068756
2022-03-04,0.2863935109617169
2022-03-07,0.2880874613904407
2022-03-08,0.30006845382334096
2022-03-09,0.30772345650407973
2022-03-10,0.30985532654843007
2022-03-11,0.3091064884092698
2022-03-14,0.30734619674371294
2022-03-15,0.3116585524253966
2022-03-16,0.31032611439467783
2022-03-17,0.3100249505960553
2022-03-18,0.30694942192746405
2022-03-21,0.30706974978143986
2022-03-22,0.3028460730570247
2022-03-23,0.29811213027132877
2022-03-24,0.2932152898054451
2022-03-25,0.2861991006566396
2022-03-28,0.28397790049364385
2022-03-29,0.2950924549276252
2022-03-30,0.2922499965362389
2022-03-31,0.2915882800087891
2022-04-01,0.3088921326398146
2022-04-06,0.3090424105655429
2022-04-07,0.30468846435995595
2022-04-08,0.31066735796439476
2022-04-11,0.34005028254473346
2022-04-12,0.34039694552513866
2022-04-13,0.34300114790112823
2022-04-14,0.3381455205475084
2022-04-15,0.34362683699172103
2022-04-18,0.3476435340931878
2022-04-19,0.3415610232094969
2022-04-20,0.3326471201827763
2022-04-21,0.3305284536021096
2022-04-22,0.3431803527757039
2022-04-25,0.35131546602021957
2022-04-26,0.37145689919876484
2022-04-27,0.37635714444269214
2022-04-28,0.3922534967622791
2022-04-29,0.39086059577774424
2022-05-05,0.400028202961209
2022-05-06,0.4099664473296852
2022-05-09,0.3997842040533692
2022-05-10,0.3854169329067302
2022-05-11,0.37878043054700894
2022-05-12,0.3599518952189134
2022-05-13,0.34957574311696693
2022-05-16,0.34201050039501674
2022-05-17,0.3335682766620277
2022-05-18,0.3255641702220768
2022-05-19,0.31627117473533506
2022-05-20,0.30776812908333423
2022-05-23,0.30237419955689493
2022-05-24,0.3003639820299315
2022-05-25,0.2944530013467071
2022-05-26,0.2901992997676059
2022-05-27,0.2872797255666653
2022-05-30,0.29664348746538677
2022-05-31,0.29604047756030516
2022-06-01,0.2974740414150504
2022-06-02,0.300664733097236
2022-06-06,0.30054106584269724
2022-06-07,0.2974437732288685
2022-06-08,0.2945734115043687
2022-06-09,0.2918055928862273
2022-06-10,0.2875022190620887
2022-06-13,0.2902710442199377
2022-06-14,0.287247761588617
2022-06-15,0.2845297032923473
2022-06-16,0.28379488964793037
2022-06-17,0.27622674658712165
2022-06-20,0.282049814834923
2022-06-21,0.27995956562377855
2022-06-22,0.27879666196910297
2022-06-23,0.2757234305012336
2022-06-24,0.27889762061481527
2022-06-27,0.28084883738492733
2022-06-28,0.2811331099123874
2022-06-29,0.2808510675095922
2022-06-30,0.27973437436345716
2022-07-01,0.28106646919011097
2022-07-04,0.2825032709430619
2022-07-05,0.27963069434348603
2022-07-06,0.27540711965959297
2022-07-07,0.2722948829231369
2022-07-08,0.26991242273193233
2022-07-11,0.2678344801199437
2022-07-12,0.2663954915172682
2022-07-13,0.26614250405537926
2022-07-14,0.2764653562343529
2022-07-15,0.28114706111552346
2022-07-18,0.2830996412839588
2022-07-19,0.2778485625044604
2022-07-20,0.2719976319201325
2022-07-21,0.2801409278554008
2022-07-22,0.2753088167623249
2022-07-25,0.27365137719022364
2022-07-26,0.3094992148802933
2022-07-27,0.3095130996417275
2022-07-28,0.3159273037078132
2022-07-29,0.3190715030233912
2022-08-01,0.3210903460814786
2022-08-02,0.326036784171552
2022-08-03,0.3361130506264829
2022-08-04,0.3331695993884444
2022-08-05,0.3354495444102758
2022-08-08,0.3714482918312096
2022-08-09,0.3719417916379398
2022-08-10,0.36717682482798264
2022-08-11,0.363940166147027
2022-08-12,0.3606495529785436
2022-08-15,0.35801237743109865
2022-08-16,0.35404155860824854
2022-08-17,0.35241989677653895
2022-08-18,0.35361513721022597
2022-08-19,0.3564625996830582
2022-08-22,0.3583799687598159
2022-08-23,0.35830436238462415
2022-08-24,0.3616344891206782
2022-08-25,0.36375620580994994
2022-08-26,0.367514394395787
2022-08-29,0.36763089508114893
2022-08-30,0.3617784147408591
2022-08-31,0.3881007327124194
2022-09-01,0.3835382321718133
2022-09-02,0.3760991574605388
2022-09-05,0.37126239876987077
2022-09-06,0.3625237931109138
2022-09-07,0.3582392150719769
2022-09-08,0.3535265954054651
2022-09-09,0.3461783571151186
2022-09-13,0.34045802940019987
2022-09-14,0.3320901603619196
2022-09-15,0.3255728793739012
2022-09-16,0.3354599648147248
2022-09-19,0.3386463165286571
2022-09-20,0.3345366030758608
2022-09-21,0.32907312510032755
2022-09-22,0.32269485024403954
2022-09-23,0.3187646943007123
2022-09-26,0.32547077195869933
2022-09-27,0.3251622831948898
2022-09-28,0.32145262015056025
2022-09-29,0.3235823885067136
2022-09-30,0.32071888533005355
2022-10-10,0.35205220333211257
2022-10-11,0.3598497347583273
2022-10-12,0.37070820932168663
2022-10-13,0.39122046728929966
2022-10-14,0.39021289313612073
2022-10-17,0.39588393013339757
2022-10-18,0.39247560740536475
2022-10-19,0.3920761406192494
2022-10-20,0.3944491088025452
2022-10-21,0.39632558768544157
2022-10-24,0.4025566526955659
2022-10-25,0.4094492813230628
2022-10-26,0.4202314896628831
2022-10-27,0.4272277322500275
2022-10-28,0.43476772333419506
2022-10-31,0.4540880933594161
2022-11-01,0.44773453973960625
2022-11-02,0.4599417484473988
2022-11-03,0.4480687838501409
2022-11-04,0.4334143536145114
2022-11-07,0.4264069229042644
2022-11-08,0.410103000884217
2022-11-09,0.4010687364985488
2022-11-10,0.39847751272136134
2022-11-11,0.401793490301775
2022-11-14,0.40433648807057626
2022-11-15,0.43395130493129075
2022-11-16,0.42577665106400686
2022-11-17,0.4175494788145827
2022-11-18,0.4089692329493683
2022-11-21,0.40847982511137565
2022-11-22,0.40269280404566415
2022-11-23,0.4017544905095138
2022-11-24,0.3933596133358608
2022-11-25,0.3862333268868014
2022-11-28,0.3854565250144853
2022-11-29,0.3841085263719681
2022-11-30,0.38188033739889404
2022-12-01,0.3830839734217018
2022-12-02,0.3911887077235889
2022-12-05,0.41245460937283834
2022-12-06,0.4072941380305579
2022-12-07,0.40167659174964304
2022-12-08,0.3907934290911064
2022-12-09,0.39426919485802336
2022-12-12,0.4086132041126002
2022-12-13,0.40609984901528295
2022-12-14,0.39536400075211275
2022-12-15,0.38903259109568356
2022-12-16,0.38384924573287715
2022-12-19,0.38066733171458816
2022-12-20,0.37401270864970726
2022-12-21,0.37021095632893936
2022-12-22,0.36841170567586945
2022-12-23,0.3684710328855923
2022-12-26,0.3738311551399885
2022-12-27,0.37649093906575753
2022-12-28,0.37848053441533164
2022-12-29,0.36695434500419255
2022-12-30,0.35988434637543687
2023-01-03,0.36799937331975774
2023-01-04,0.3654344735597327
2023-01-05,0.35933662016708856
2023-01-06,0.35900994659906854
2023-01-09,0.3594951509546155
2023-01-10,0.35675687174619275
2023-01-11,0.35267370712397594
2023-01-12,0.35564278547479383
2023-01-13,0.35421876962606474
2023-01-16,0.3526219197976059
2023-01-17,0.3496679732576514
2023-01-18,0.34318951893681376
2023-01-19,0.3432237868655911
2023-01-20,0.3378226389947949
2023-01-30,0.3523049203002254
2023-01-31,0.3690988117589026
2023-02-01,0.36126617940240036
2023-02-02,0.36258441026223504
2023-02-03,0.3562919917370458
2023-02-06,0.35824264027704456
2023-02-07,0.36085271206045194
2023-02-08,0.3688993725530315
2023-02-09,0.3590161482109036
2023-02-10,0.3529750035378591
2023-02-13,0.3590471874439603
2023-02-14,0.3585808920358516
2023-02-15,0.381008329521479
2023-02-16,0.37932266329002057
2023-02-17,0.3884405279836237
2023-02-20,0.40567655822459736
2023-02-21,0.39600367459358954
2023-02-22,0.3897956552155286
2023-02-23,0.38372802107996506
2023-02-24,0.38451992913229815
2023-02-27,0.38363812984038737
2023-02-28,0.37631834252438395
2023-03-01,0.37273377625115833
2023-03-02,0.3758261241400838
2023-03-03,0.3796655592403917
2023-03-06,0.38673222551275327
2023-03-07,0.3812697111414097
2023-03-08,0.3735729553021742
2023-03-09,0.3766371790910033
2023-03-10,0.37725875945516724
2023-03-13,0.38483604916066255
2023-03-14,0.390175026983619
2023-03-15,0.3909885856934801
2023-03-16,0.3896723635885323
2023-03-17,0.4035826486986532
2023-03-20,0.4169013029730902
2023-03-21,0.4156410796527037
2023-03-22,0.4185583335304664
2023-03-23,0.41497200089834063
2023-03-24,0.4149588067054553
2023-03-27,0.43345581407637795
2023-03-28,0.45473489565760555
2023-03-29,0.45098772615516974
2023-03-30,0.4480134146443725
2023-03-31,0.43471115423491025
2023-04-03,0.4413511040481856
2023-04-04,0.450646903282977
2023-04-06,0.45588985823300543
2023-04-07,0.45389748458898915
2023-04-10,0.4681036303215657
2023-04-11,0.45831449436553495
2023-04-12,0.453144397349803
2023-04-13,0.44838477059626164
2023-04-14,0.44673444803024875
2023-04-17,0.4451679483453052
2023-04-18,0.4426358141113589
2023-04-19,0.4401313516839467
2023-04-20,0.4431862845087259
2023-04-21,0.44410654441430514
2023-04-24,0.4547517596355164
2023-04-25,0.46801916826154916
2023-04-26,0.4931533465285813
2023-04-27,0.4980121646624333
2023-04-28,0.5063178738267347
2023-05-04,0.5209672725268326
2023-05-05,0.5076371264292234
2023-05-08,0.5010322694456054
2023-05-09,0.4871546840823345
2023-05-10,0.47231127060467804
2023-05-11,0.45056922964176516
2023-05-12,0.4343291837516476
2023-05-15,0.4234211051187274
2023-05-16,0.4131433863853971
2023-05-17,0.4002227126190768
2023-05-18,0.3907169269853746
2023-05-19,0.3800039071611684
2023-05-22,0.37656413870545835
2023-05-23,0.3639590055303239
2023-05-24,0.35595791363877577
2023-05-25,0.35715194901450326
2023-05-26,0.3574303577142847
2023-05-29,0.3604924352805158
2023-05-30,0.35594108415863984
2023-05-31,0.35539950747616417
2023-06-01,0.3616799720001974
2023-06-02,0.3662219905931606
2023-06-05,0.36216398470254474
2023-06-06,0.35933101671434325
2023-06-07,0.35362471828621106
2023-06-08,0.35398858170343556
2023-06-09,0.35958732496413937
2023-06-12,0.36693822892922084
2023-06-13,0.36702509292065855
2023-06-14,0.36551884326172934
2023-06-15,0.3658632606058992
2023-06-16,0.36130764853126823
2023-06-19,0.36147959427093845
2023-06-20,0.36056703069073914
2023-06-21,0.370086123646671
2023-06-26,0.3754901423365957
2023-06-27,0.37353570697708066
2023-06-28,0.3724952553956145
2023-06-29,0.37018179097318676
2023-06-30,0.3673948047390313
2023-07-03,0.3866470412263801
2023-07-04,0.37876201042820945
2023-07-05,0.3702317914282444
2023-07-06,0.3591400822280614
2023-07-07,0.3497186613813266
2023-07-10,0.3492719509234999
2023-07-11,0.3431362211810332
2023-07-12,0.34268803694589745
2023-07-13,0.3403807873813699
2023-07-14,0.33929467132441576
2023-07-17,0.34438450317946184
2023-07-18,0.33733037301813584
2023-07-19,0.32775324385419197
2023-07-20,0.3223555046500131
2023-07-21,0.3204592361886206
2023-07-24,0.3180380994006773
2023-07-25,0.32545142882285527
2023-07-26,0.32362061567791484
2023-07-27,0.3212876614627742
2023-07-28,0.3158885575379172
2023-07-31,0.3220155363020256
2023-08-01,0.3233768601310312
2023-08-02,0.3162022566890724
2023-08-03,0.3091480764639934
2023-08-04,0.3041189522916951
2023-08-07,0.3196557741779581
2023-08-08,0.31615626169170713
2023-08-09,0.31707308420560376
2023-08-10,0.31264792245727696
2023-08-11,0.3113180705656456
2023-08-14,0.3139936560196782
2023-08-15,0.3126454784762857
2023-08-16,0.3085678584822996
2023-08-17,0.30555767521881966
2023-08-18,0.3099114192136137
2023-08-21,0.32575774047625183
2023-08-22,0.3308609855481602
2023-08-23,0.33869813671106813
2023-08-24,0.3510793385688634
2023-08-25,0.35638006066909683
2023-08-28,0.3698757187753833
2023-08-29,0.3833650807450322
2023-08-30,0.4010768062042175
2023-08-31,0.3972945252516956
2023-09-01,0.3903904183213461
2023-09-04,0.3885716832123795
2023-09-05,0.403150604163854
2023-09-06,0.39604069476058035
2023-09-07,0.38133327911733117
2023-09-08,0.38296600407208536
2023-09-11,0.38414012526066155
2023-09-12,0.37890224085432583
2023-09-13,0.3685207182700872
2023-09-14,0.3583966894671058
2023-09-15,0.354223946014923
2023-09-18,0.3590324472091862
2023-09-19,0.3489135944912387
2023-09-20,0.3402947623524679
2023-09-21,0.3310768822677485
2023-09-22,0.33021789883667557
2023-09-25,0.3308280303864193
2023-09-26,0.3310490197642747
2023-09-27,0.3342054396089041
2023-09-28,0.33522831949832194
2023-10-09,0.3549291401923505
2023-10-10,0.3565319303000837
2023-10-11,0.35571621179728485
2023-10-12,0.3543262584901589
2023-10-13,0.3547866299500446
2023-10-16,0.37492410593942105
2023-10-17,0.3746127833876493
2023-10-18,0.3937460495009562
2023-10-19,0.39395123823266226
2023-10-20,0.3922269672983921
2023-10-23,0.3981405784520423
2023-10-24,0.4085354064465827
2023-10-25,0.42947479308792724
2023-10-26,0.43156485347835105
2023-10-27,0.44786022440521384
2023-10-30,0.49534570707280207
2023-10-31,0.49143373930158357
2023-11-01,0.4745489493150766
2023-11-02,0.45516284763638587
2023-11-03,0.44267722962075
2023-11-06,0.43896374001786026
2023-11-07,0.42884081133636737
2023-11-08,0.4270997718553919
2023-11-09,0.42110061867091103
2023-11-10,0.4115947203294758
2023-11-13,0.40810204703017383
2023-11-14,0.3969212644959893
2023-11-15,0.3907447704969739
2023-11-16,0.3817746900790896
2023-11-17,0.37634766583775364
2023-11-20,0.38136822834430334
2023-11-21,0.37839153779204
2023-11-22,0.37311357525771355
2023-11-23,0.37110116195861764
2023-11-24,0.36632108084844706
2023-11-27,0.372713106557436
2023-11-28,0.3671658778742006
2023-11-29,0.3632489693890019
2023-11-30,0.3589360640082056
2023-12-01,0.3595642709008878
2023-12-04,0.3627223347545024
2023-12-05,0.35849166867599785
2023-12-06,0.3577453324463105
2023-12-07,0.35610646697705667
2023-12-08,0.3647574484798369
2023-12-11,0.3688880838131922
2023-12-12,0.3617421774738712
2023-12-13,0.35849016814084017
2023-12-14,0.3535284408735107
2023-12-15,0.34645192370197675
2023-12-18,0.3447370942523692
2023-12-19,0.34037390499575626
2023-12-20,0.3398773584154153
2023-12-21,0.339268473598157
2023-12-22,0.3394973752312507
2023-12-25,0.34427824666243523
2023-12-26,0.34125044584995146
2023-12-27,0.3412036006428381
2023-12-28,0.3408328922320643
2023-12-29,0.34104347533452695
2024-01-02,0.34357068447105943
2024-01-03,0.33868768114544684
2024-01-04,0.3311204438183726
2024-01-05,0.32738144992806245
2024-01-08,0.32410419629931586
2024-01-09,0.3228289523876891
2024-01-10,0.32008259898922276
2024-01-11,0.3188080156094577
2024-01-12,0.31464112484721357
2024-01-15,0.313413886180573
2024-01-16,0.3069439657279535
2024-01-17,0.3023859522737763
2024-01-18,0.30721474240184155
2024-01-19,0.3133211571285071
2024-01-22,0.317860580706733
2024-01-23,0.3261098714064424
2024-01-24,0.33478213711391785
2024-01-25,0.34793759600654933
2024-01-26,0.35238259142528927
2024-01-29,0.35840856966977447
2024-01-30,0.3562447052573406
2024-01-31,0.3672797791437291
2024-02-01,0.37406882210380854
2024-02-02,0.37728470933889374
2024-02-05,0.42054441971218176
2024-02-06,0.4604700631940456
2024-02-07,0.49099756697753094
2024-02-08,0.505353395458996
2024-02-19,0.507798171424036
2024-02-20,0.4868249696084731
2024-02-21,0.46065993175288655
2024-02-22,0.4343739797832982
2024-02-23,0.416214365137795
2024-02-26,0.4123528406526617
2024-02-27,0.3953696773918676
2024-02-28,0.3912585677555182
2024-02-29,0.3766605555160413
2024-03-01,0.35969576771456185
2024-03-04,0.37104938148965205
2024-03-05,0.3635248616102021
2024-03-06,0.34967059742772755
2024-03-07,0.34438035063147704
2024-03-08,0.3346269321965265
2024-03-11,0.33682025123282855
2024-03-12,0.34614444367858954
2024-03-13,0.33982754386715397
2024-03-14,0.3328625462697014
2024-03-15,0.32716614007557376
2024-03-18,0.32554979357085556
2024-03-19,0.32143766420957626
2024-03-20,0.31795449791826813
2024-03-21,0.31733195343324117
2024-03-22,0.3188343150738017
2024-03-25,0.3201728174956676
2024-03-26,0.3217161397425901
2024-03-27,0.3216705223583694
2024-03-28,0.3172938272534052
2024-03-29,0.3400207744321438
2024-04-01,0.344002726628701
2024-04-02,0.34228472593073356
2024-04-03,0.3340162255374251
2024-04-08,0.34064725722965283
2024-04-09,0.33694755131428494
2024-04-10,0.33089922019368556
2024-04-11,0.3258510112328539
2024-04-12,0.3292973458893447
2024-04-15,0.345618527629638
2024-04-16,0.355727999861698
2024-04-17,0.36230186280731075
2024-04-18,0.3580526421229413
2024-04-19,0.35438032767292876
2024-04-22,0.3535943075688644
2024-04-23,0.3501058408487124
2024-04-24,0.3447805940969532
2024-04-25,0.33876911254999936
2024-04-26,0.346181467294362
2024-04-29,0.3542409645385597
2024-04-30,0.35413756900389154
2024-05-06,0.3483167157013781
2024-05-07,0.3378122407197868
2024-05-08,0.3266055403592554
2024-05-09,0.3165706209057873
2024-05-10,0.30842605433933035
2024-05-13,0.30576736958915535
2024-05-14,0.2995661362829026
2024-05-15,0.2902321993319673
2024-05-16,0.2817343237936036
2024-05-17,0.28111537356675537
2024-05-20,0.28222080842958297
2024-05-21,0.27493163242141105
2024-05-22,0.2669602321964378
2024-05-23,0.2606806153010118
2024-05-24,0.2567901834135923
2024-05-27,0.25748589740079575
2024-05-28,0.25398084066953774
2024-05-29,0.24916959134197392
2024-05-30,0.24602492998553233
2024-05-31,0.2443421461870958
2024-06-03,0.24976538082382566
2024-06-04,0.2502850477497894
2024-06-05,0.24554597183672405
2024-06-06,0.2544604979863629
2024-06-07,0.269997696632013
2024-06-11,0.26835361842973976
2024-06-12,0.2608917317921045
2024-06-13,0.2624680078677977
2024-06-14,0.27785414934521135
2024-06-17,0.32845259751588796
2024-06-18,0.33066358205759055
2024-06-19,0.3247569036268933
2024-06-20,0.32844399845830125
2024-06-21,0.32479938532717434
2024-06-24,0.3237590614701117
2024-06-25,0.3245329333236187
2024-06-26,0.31929248508573926
2024-06-27,0.3118405667311002
2024-06-28,0.3120429666919756
2024-07-01,0.3165279004613468
2024-07-02,0.31575230229481943
2024-07-03,0.31285135908592926
2024-07-04,0.3038050367962335
2024-07-05,0.29875258483300987
2024-07-08,0.2918934272862282
2024-07-09,0.29769838616930006
2024-07-10,0.3064845554951194
2024-07-11,0.30785104771710564
2024-07-12,0.30438848890828696
2024-07-15,0.3018743824814712
2024-07-16,0.3002017452685044
2024-07-17,0.30954615846873945
2024-07-18,0.3055395489156884
2024-07-19,0.30450104184412796
2024-07-22,0.3023913967313103
2024-07-23,0.3016837848113911
2024-07-24,0.29675251314531353
2024-07-25,0.29226611902306565
2024-07-26,0.2898178111175551
2024-07-29,0.2908786444723535
2024-07-30,0.28726965111684766
2024-07-31,0.2905357457701263
2024-08-01,0.28659555959300165
2024-08-02,0.28164340723651005
2024-08-05,0.28592398682875975
2024-08-06,0.28044320261812283
2024-08-07,0.2798156799053054
2024-08-08,0.27787978940616215
2024-08-09,0.2722818262675332
2024-08-12,0.2714141186699481
2024-08-13,0.2634001302235192
2024-08-14,0.25811047006103804
2024-08-15,0.2549013828573665
2024-08-16,0.262455570340153
2024-08-19,0.2704118729974099
2024-08-20,0.2675326554053298
2024-08-21,0.2661934363190973
2024-08-22,0.27521054211582857
2024-08-23,0.28432853864730495
2024-08-26,0.2880553452167991
2024-08-27,0.2917104745224616
2024-08-28,0.2935531515770796
2024-08-29,0.2968292364695221
2024-08-30,0.29556601916575714
2024-09-02,0.30250610832227715
2024-09-03,0.30624128725713173
2024-09-04,0.30025828144951294
2024-09-05,0.291637320802693
2024-09-06,0.28294414512780053
2024-09-09,0.27763865027242074
2024-09-10,0.27519490009060077
2024-09-11,0.2736810772747318
2024-09-12,0.2688906899159668
2024-09-13,0.26771645682837064
2024-09-18,0.27259879710096324
2024-09-19,0.2690261722238763
2024-09-20,0.2646339002255927
2024-09-23,0.26610569471463297
2024-09-24,0.26954424630628177
2024-09-25,0.2701909094633374
2024-09-26,0.2716911743418701
2024-09-27,0.27691738889153295
2024-09-30,0.3246665046397943
2024-10-08,0.37866104990751187
2024-10-09,0.4135457087618638
2024-10-10,0.42624242821841896
2024-10-11,0.4129801479173742
2024-10-14,0.39661505581941703
2024-10-15,0.38309257064264224
2024-10-16,0.3737150347255996
2024-10-17,0.3595123189112593
2024-10-18,0.3490965891768593
2024-10-21,0.3486209413289014
2024-10-22,0.3457460273935065
2024-10-23,0.34101862553301815
2024-10-24,0.33493567948268377
2024-10-25,0.335043975571574
2024-10-28,0.34813269987845014
2024-10-29,0.3469713503881081
2024-10-30,0.34564180008259787
2024-10-31,0.35965841839997476
2024-11-01,0.366578031548943
2024-11-04,0.36334189154725216
2024-11-05,0.3517266269800591
2024-11-06,0.35441465114765547
2024-11-07,0.35853570583998917
2024-11-08,0.3604804544659384
2024-11-11,0.37040622815494273
2024-11-12,0.3693418914771186
2024-11-13,0.35965703498234036
2024-11-14,0.34878702072480006
2024-11-15,0.3443198163859842
2024-11-18,0.34708239429417415
2024-11-19,0.3370522535490325
2024-11-20,0.3293707155067872
2024-11-21,0.31811355304044053
2024-11-22,0.3136631686137159
2024-11-25,0.31718274026975635
2024-11-26,0.3163061086483707
2024-11-27,0.3099224495785198
2024-11-28,0.30401936907813865
2024-11-29,0.29813528741967665
2024-12-02,0.29928860811248803
2024-12-03,0.29586234846010645
2024-12-04,0.2923671735126796
2024-12-05,0.28838779727938557
2024-12-06,0.28734130596912194
2024-12-09,0.2874975658016074
2024-12-10,0.28478487543120706
2024-12-11,0.28550905000732746
2024-12-12,0.2856970682359261
2024-12-13,0.28489749740936954
2024-12-16,0.28770050164111727
2024-12-17,0.28372128663168383
2024-12-18,0.28475214503481105
2024-12-19,0.2803016244792775
2024-12-20,0.2757022181201221
2024-12-23,0.27670241807050355
2024-12-24,0.2713760661096114
2024-12-25,0.26175524187179666
2024-12-26,0.2661421849626597
2024-12-27,0.2633048586606012
2024-12-30,0.26638792589152227
2024-12-31,0.2640926957519145
2025-01-02,0.2637155466240444
2025-01-03,0.2667686589790072
2025-01-06,0.2682232496659525
2025-01-07,0.26546928058894315
2025-01-08,0.26214511868393636
2025-01-09,0.2564039347250202
2025-01-10,0.25631324161373004
2025-01-13,0.25477045755320155
2025-01-14,0.2455712871507081
2025-01-15,0.2412743490496335
2025-01-16,0.23207242741377854
2025-01-17,0.23066879979467644
2025-01-20,0.23286622945001467
2025-01-21,0.23377664711872131
2025-01-22,0.23058271916814868
2025-01-23,0.22713703292268975
2025-01-24,0.22696613308632604
2025-01-27,0.23029155818199937
2025-02-05,0.24251621329881679
2025-02-06,0.23884177540189222
2025-02-07,0.2672722375798912
2025-02-10,0.29487887210728136
2025-02-11,0.29121748901153144
2025-02-12,0.28449654277122494
2025-02-13,0.3148275909593327
2025-02-14,0.33573638801975386
2025-02-17,0.3443878096578421
2025-02-18,0.37832362636728195
2025-02-19,0.37465370562045774
2025-02-20,0.37703300087889635
2025-02-21,0.37865838805067115
2025-02-24,0.383774969252032
2025-02-25,0.3945470277869921
2025-02-26,0.40278331511572296
2025-02-27,0.40569311018581183
2025-02-28,0.419426857620449
2025-03-03,0.4150593361555376
2025-03-04,0.4088429515199197
2025-03-05,0.40221844540607543
2025-03-06,0.4005202074750805
2025-03-07,0.4131382806089372
2025-03-10,0.4121786862454304
2025-03-11,0.4050658253658705
2025-03-12,0.39599300641008917
2025-03-13,0.3930925972776782
2025-03-14,0.39008136760172735
2025-03-17,0.3861286357356966
2025-03-18,0.37998998271424006
2025-03-19,0.37304928886178357
2025-03-20,0.36843213987794443
2025-03-21,0.3708565306828971
2025-03-24,0.3807327079650672
2025-03-25,0.38143634594541476
2025-03-26,0.3738973823262638
2025-03-27,0.3705593916094201
2025-03-28,0.36720218242781727
2025-03-31,0.3762025129762658
2025-04-01,0.3706249713834203
2025-04-02,0.3601061391639388
2025-04-03,0.3629376057606214
2025-04-07,0.4556130857290987
2025-04-08,0.5101860263771478
2025-04-09,0.4933785125468848
2025-04-10,0.4749214786117553
2025-04-11,0.4582387177814865
2025-04-14,0.4382107409784115
2025-04-15,0.41966410733654513
2025-04-16,0.40063498499248373
2025-04-17,0.3866047946549678
2025-04-18,0.37579881063764475
2025-04-21,0.37093011279699
2025-04-22,0.36547529285779956
2025-04-23,0.36063365892108096
2025-04-24,0.35457418236235
2025-04-25,0.3545202207516458
2025-04-28,0.35753031959373843
2025-04-29,0.3553398735483143
2025-04-30,0.36382800567825246
2025-05-06,0.35429978466712236
2025-05-07,0.33875526618690655
2025-05-08,0.3294015332051771
2025-05-09,0.32049683642733884
2025-05-12,0.3139830013046438
2025-05-13,0.305020186389731
2025-05-14,0.29745197860111017
2025-05-15,0.2900579140756987
2025-05-16,0.28544944330991046
2025-05-19,0.2868419521411363
2025-05-20,0.2848309372497716
2025-05-21,0.3004105214656458
2025-05-22,0.29928821272661377
2025-05-23,0.2970451575494978
2025-05-26,0.2944713048335673
2025-05-27,0.2916934295490547
2025-05-28,0.2919834595586967
2025-05-29,0.2890145154467057
2025-05-30,0.2891107672911615
2025-06-03,0.29150347646415137
2025-06-04,0.2893618809067673
2025-06-05,0.288918667839284
2025-06-06,0.28501503670141215
2025-06-09,0.28282033278296353
2025-06-10,0.281601975440706
2025-06-11,0.2765716565883152
2025-06-12,0.27553871994458046
2025-06-13,0.2793835940047756
2025-06-16,0.27759723572893574
2025-06-17,0.27507154945601986
2025-06-18,0.2711650799600218
2025-06-19,0.2701734069286081
2025-06-20,0.2689294296299831
2025-06-23,0.2669192605948291
2025-06-24,0.26779904406863725
2025-06-25,0.26259566733989936
2025-06-26,0.2584877770044801
2025-06-27,0.2510816709571412
2025-06-30,0.2517419965776375
2025-07-01,0.25236481701373076
2025-07-02,0.25260687667178994
2025-07-03,0.2511491048899901
2025-07-04,0.24710473460465007
2025-07-07,0.24684454990524002
2025-07-08,0.24408307289417164
2025-07-09,0.24072858410257877
2025-07-10,0.2392644584085751
2025-07-11,0.23890029627378126
2025-07-14,0.2403319268190926
2025-07-15,0.24622580340689015
2025-07-16,0.24205718255155498
2025-07-17,0.2391900379765478
2025-07-18,0.23673195613561093
2025-07-21,0.24472798097630413
2025-07-22,0.25023513757666216
2025-07-23,0.2499960534756417
2025-07-24,0.2476748681791617
2025-07-25,0.24994469613611023
2025-07-28,0.248608967884523
2025-07-29,0.24532581763656705
2025-07-30,0.24282686472311005
2025-07-31,0.27835593387390856
2025-08-01,0.2800629764157063
2025-08-04,0.2769295158999207
2025-08-05,0.27219521792724394
2025-08-06,0.27209776418370085
2025-08-07,0.27044276946363965
2025-08-08,0.2718455436649059
2025-08-11,0.273415473540739
2025-08-12,0.27089229735676174
2025-08-13,0.2660955865520469
2025-08-14,0.26556952024843533
2025-08-15,0.2654663413439839
2025-08-18,0.2747946643857508
2025-08-19,0.27613233316813074
2025-08-20,0.27708943654395013
2025-08-21,0.27384599274935606
2025-08-22,0.27145387002716664
2025-08-25,0.27758651499509146
2025-08-26,0.2801723693078399
2025-08-27,0.28234534281609674
2025-08-28,0.29579894351299446
2025-08-29,0.3044189613065265
2025-09-01,0.32359243979101826
2025-09-02,0.3231174636870283
2025-09-03,0.31275842524098807
2025-09-04,0.30798341205158875
2025-09-05,0.30271602617178933
2025-09-08,0.3061729495861725
2025-09-09,0.2983595177998403
2025-09-10,0.2911657349773464
2025-09-11,0.28855270651460213
2025-09-12,0.29355734050056687
2025-09-15,0.2870420688026266
2025-09-16,0.28325787758013077
2025-09-17,0.2820568857971689
2025-09-18,0.3043586757848427
2025-09-19,0.30588120727742446
2025-09-22,0.30549707057639547
2025-09-23,0.3044523705673417
2025-09-24,0.3020589815443514
2025-09-25,0.29887833814906795
2025-09-26,0.2975137877727267
2025-09-29,0.29647715284219567
2025-09-30,0.28739388074208755
2025-10-09,0.2968467433438881
2025-10-10,0.299693880226674
2025-10-13,0.33452654971205964
2025-10-14,0.33314810649813426
2025-10-15,0.32579763589243815
2025-10-16,0.3203710957374112
2025-10-17,0.31387398381381404
2025-10-20,0.3086790552971199
2025-10-21,0.3025375316851775
2025-10-22,0.297497807585767
2025-10-23,0.29343927202277137
2025-10-24,0.2928532739355419
2025-10-27,0.2947441301003217
2025-10-28,0.29796750329201804
2025-10-29,0.31432623862217846
2025-10-30,0.3241080314639005
2025-10-31,0.34154902818680755
2025-11-03,0.3338074279406261
2025-11-04,0.32559113414016305
2025-11-05,0.32462410888885423
2025-11-06,0.3260870720037365
2025-11-07,0.3234800813336054
2025-11-10,0.3251836998219426
2025-11-11,0.32181158578823965
2025-11-12,0.3145628350777785
2025-11-13,0.3216427654101633
2025-11-14,0.325433265245107
2025-11-17,0.3260521815127864
2025-11-18,0.32614966257572525
2025-11-19,0.3272458831636325
2025-11-20,0.32233505570272375
2025-11-21,0.3253218074043184
2025-11-24,0.31787884793826215
2025-11-25,0.3114743369915598
2025-11-26,0.3088516786169959
2025-11-27,0.3034243734898455
2025-11-28,0.29814695976115113
2025-12-01,0.3033332358659587
2025-12-02,0.2963803184839721
2025-12-03,0.29575506350193964
2025-12-04,0.2925639895308067
2025-12-05,0.2915738220249528
2025-12-08,0.28831766621014493
2025-12-09,0.2869717871092778
2025-12-10,0.2846842395475849
2025-12-11,0.28369133046998085
2025-12-12,0.28805245704885407
2025-12-15,0.2893611836540689
2025-12-16,0.2890978305277552
2025-12-17,0.285753499113807
2025-12-18,0.2813830131406307
2025-12-19,0.2767754586056147
2025-12-22,0.27742464155455865
2025-12-23,0.2742837805417915
2025-12-24,0.26962690452481297
2025-12-25,0.2680043727983301
2025-12-26,0.266203927691427
2025-12-29,0.27302494419418283
2025-12-30,0.2722475766762535
2025-12-31,0.27239101545244615
2026-01-05,0.2785277589830205
2026-01-06,0.2801885242767807
2026-01-07,0.28255368444501205
2026-01-08,0.28098596388758906
2026-01-09,0.28190692845546234
2026-01-12,0.29638880816485746
2026-01-13,0.30263454048177163
2026-01-14,0.30230113729988156
2026-01-15,0.30119285592448275
2026-01-16,0.3021825665986368
2026-01-19,0.30178302901565196
2026-01-20,0.2965819423848235
2026-01-21,0.2914148694548676
2026-01-22,0.28591736860496514
2026-01-23,0.2880656155596813
2026-01-26,0.2946996973975256
2026-01-27,0.2886616477227785
2026-01-28,0.28911467434983856
2026-01-29,0.2934210062262729
2026-01-30,0.2869530845230001
2026-02-02,0.2894402671742157
2026-02-03,0.27960405817641854
2026-02-04,0.27442989656864786
2026-02-05,0.2667457813873005
2026-02-06,0.25722885580620825
2026-02-09,0.24962416711942914
2026-02-10,0.24410752752722822
2026-02-11,0.23690683128394807
2026-02-12,0.23330284022802467
2026-02-13,0.22564694808433275
2026-02-24,0.2307692148958458
2026-02-25,0.2275637055555172
2026-02-26,0.23250507023821693
2026-02-27,0.2394391659016866
2026-03-02,0.25008833368539785
2026-03-03,0.2554996501636512
2026-03-04,0.2521648277730347
2026-03-05,0.25053591747821646
2026-03-06,0.24842937062794515
2026-03-09,0.24989418561101606
2026-03-10,0.24667778145470506
2026-03-11,0.2419814246329668
2026-03-12,0.23957289009488425
2026-03-13,0.24440441840879812
2026-03-16,0.24412331424602257
2026-03-17,0.24113341330152122
2026-03-18,0.2464630496854403
2026-03-19,0.24058858401973926
2026-03-20,0.2410661368003951
2026-03-23,0.24935606218148393
2026-03-24,0.24571388702417965
2026-03-25,0.2472383267698786
2026-03-26,0.24415934086007388
2026-03-27,0.2436212359193828
2026-03-30,0.24491629067569295
2026-03-31,0.24916543730256843
2026-04-01,0.2483479469426392
2026-04-02,0.24541888745462795
2026-04-03,0.24590177426838442
2026-04-07,0.24548275721997842
2026-04-08,0.24319204445450043
2026-04-09,0.2538911140436786
2026-04-10,0.2457135001603099
