date,000709.XSHE
2006-01-06,0.5061375814219329
2006-01-09,0.5073233300020799
2006-01-10,0.5041094821124721
2006-01-11,0.4794627104227116
2006-01-12,0.5114642729254789
2006-01-13,0.5222503573071466
2006-01-16,0.562341568752629
2006-01-17,0.5636213664216378
2006-01-18,0.5658351541000277
2006-01-19,0.5945807071804154
2006-01-20,0.5910927477914114
2006-01-23,0.6023426277043721
2006-01-24,0.6075259905893858
2006-01-25,0.6257840712052111
2006-02-06,0.7597307678063625
2006-02-07,0.7713383043657248
2006-02-08,0.771771811614971
2006-02-09,0.7944096696018417
2006-02-10,0.7875510653789523
2006-02-13,0.787446455994883
2006-02-14,0.7707753375768346
2006-02-15,0.769377061288561
2006-02-16,0.8728189806884603
2006-02-17,0.8727777707918419
2006-02-20,0.8726470460970872
2006-02-21,0.9625030914998238
2006-02-22,0.9612991716125628
2006-02-23,0.9571213912512497
2006-02-24,0.9625656780713404
2006-02-27,0.9674869594847466
2006-02-28,0.9661861723458871
2006-03-01,0.9663406913768259
2006-03-02,0.809620275251448
2006-03-03,0.8331556923783355
2006-03-06,0.8269261041464578
2006-03-07,0.9794939412275906
2006-03-08,0.9733469947864742
2006-03-09,0.9338542833807161
2006-03-10,0.9264087652757655
2006-03-13,0.9182916949325524
2006-03-14,0.9206079058027234
2006-03-15,0.898339852560884
2006-03-16,0.8965326497215098
2006-03-17,0.9031593975061201
2006-03-20,0.8975168625164002
2006-03-21,0.8977604717426232
2006-03-22,0.8888396026439435
2006-03-23,0.8888683911208726
2006-03-24,0.8915028419428032
2006-03-27,0.8895309643024747
2006-03-28,0.916363756566487
2006-03-29,0.9754655307334661
2006-03-30,0.9939325310978103
2006-03-31,0.9914711010542407
2006-04-03,0.9356462969369288
2006-04-04,0.909942710310572
2006-04-05,0.8827660272849175
2006-04-06,0.877209203013922
2006-04-07,0.8783272731178802
2006-04-10,0.9464043845925605
2006-04-11,0.9346295922561317
2006-04-12,0.9420886700750877
2006-04-13,0.8141115854987564
2006-04-14,0.9263134766584508
2006-04-17,0.9213863801553633
2006-04-18,0.9329782970334346
2006-04-19,0.8874150411130518
2006-04-20,0.8732948333393606
2006-04-21,0.9724733255968298
2006-04-24,0.9782590661730739
2006-04-25,0.9873581281350676
2006-04-26,0.9143915901619479
2006-04-27,0.9144587187720484
2006-04-28,0.7877387940026273
2006-05-08,0.6013447314102588
2006-05-09,0.7503701952517939
2006-05-10,0.7306487934016005
2006-05-11,0.7019055135000032
2006-05-12,0.611296456417653
2006-05-15,0.6899296355060399
2006-05-16,0.5633495938875129
2006-05-17,0.5839840602100802
2006-05-18,0.5909675370531738
2006-05-19,0.6695441553681933
2006-05-22,0.7100564679025914
2006-05-23,0.6807756953634292
2006-05-24,0.7574167419870629
2006-05-25,0.7637654990607305
2006-05-26,0.8129250015719539
2006-05-29,0.9300849054410164
2006-05-30,0.922995099542903
2006-05-31,0.9271077212150498
2006-06-01,0.9416760270006398
2006-06-02,0.9337547397370141
2006-06-05,0.9054816960570101
2006-06-06,0.9102228940636464
2006-06-07,1.0129355839652296
2006-06-08,1.014511132239487
2006-06-09,1.014207290377511
2006-06-12,1.0145990147707533
2006-06-13,1.014529200020373
2006-06-14,1.0374307585043523
2006-06-15,1.036913155328343
2006-06-16,1.1247158928263261
2006-06-19,1.1768044968145097
2006-06-20,1.176496791757999
2006-06-21,1.1780244567769962
2006-06-22,1.1769115369187173
2006-06-23,1.1628166721749222
2006-06-26,1.1772387172033831
2006-06-27,1.177807230661927
2006-06-28,1.1743469414630077
2006-06-29,1.247708143677417
2006-06-30,1.2475848263734552
2006-07-03,1.2132428661001142
2006-07-04,1.2203609371870157
2006-07-05,1.1943184156416677
2006-07-06,1.1911437767010113
2006-07-07,1.199634714088754
2006-07-10,1.1990964727393634
2006-07-11,1.198074346795596
2006-07-12,1.1979121931986563
2006-07-13,1.2352022374470673
2006-07-14,1.2190284818318313
2006-07-17,1.2172248724709356
2006-07-18,1.2172343991483061
2006-07-19,1.2074369627827868
2006-07-20,1.203928072963347
2006-07-21,1.2227008145946656
2006-07-24,1.2214670000195205
2006-07-25,1.2104964928335735
2006-07-26,1.2114505502474653
2006-07-27,1.2148843761820751
2006-07-28,1.2136952666276475
2006-07-31,1.2174165838320161
2006-08-01,1.2180788668843303
2006-08-02,1.2209699460691315
2006-08-03,1.220933349382486
2006-08-04,1.2074307140107208
2006-08-07,1.225942561666768
2006-08-08,1.2478950799891169
2006-08-09,1.2461400332246988
2006-08-10,1.2277505499223136
2006-08-11,1.2267252396478923
2006-08-14,1.2253068350336882
2006-08-15,1.2118034300440987
2006-08-16,1.2143747345091862
2006-08-17,1.2048427749580413
2006-08-18,1.205654051794507
2006-08-21,1.204829248358575
2006-08-22,1.1843503258976966
2006-08-23,1.1839517615835085
2006-08-24,1.1797500425643994
2006-08-25,1.1781511711684345
2006-08-28,1.171855824469824
2006-08-29,1.1724636100927746
2006-08-30,1.176392951212948
2006-08-31,1.186393201160235
2006-09-01,1.1578222349223417
2006-09-04,1.1299055060594236
2006-09-05,1.129271263915269
2006-09-06,1.1219032583040647
2006-09-07,1.1337099659104717
2006-09-08,1.1299448702855195
2006-09-11,1.1358913647947315
2006-09-12,1.130767938852353
2006-09-13,1.1243345745930138
2006-09-14,1.1251776674491278
2006-09-15,1.1554973192391498
2006-09-18,1.1496122194116476
2006-09-19,1.1473560728158223
2006-09-20,1.1476106101510573
2006-09-21,1.1402574033833943
2006-09-22,1.1348161478368304
2006-09-25,1.1350476061429149
2006-09-26,1.138468564078977
2006-09-27,1.1320067445891333
2006-09-28,1.1343665316784197
2006-09-29,1.1235863424621555
2006-10-09,1.1066311350887088
2006-10-10,1.1070801697462551
2006-10-11,1.1028224380099985
2006-10-12,1.042252242090552
2006-10-13,1.0418172644208161
2006-10-16,1.0180870951197893
2006-10-17,1.033928131194946
2006-10-18,1.0693001093906584
2006-10-19,1.0693275900845338
2006-10-20,1.0689933962116487
2006-10-23,1.103856699257629
2006-10-24,1.1624465976190037
2006-10-25,1.1645065369966907
2006-10-26,1.173293731266278
2006-10-27,1.158855780719681
2006-10-30,1.1949709577744667
2006-10-31,1.157522407362432
2006-11-01,1.1408339290771696
2006-11-02,1.1402795080233026
2006-11-03,1.114843869648086
2006-11-06,1.1576608845625398
2006-11-07,1.14057159532644
2006-11-08,1.1787730423483518
2006-11-09,1.1317151185836953
2006-11-10,1.1533080899192412
2006-11-13,1.2051565406178386
2006-11-14,1.1970814495148157
2006-11-15,1.1928511559028832
2006-11-16,1.1848031724851493
2006-11-17,1.1642877801627514
2006-11-20,1.1294783977263356
2006-11-21,1.0909932763823649
2006-11-22,1.0786273780527553
2006-11-23,1.0817144530849878
2006-11-24,1.08203304769765
2006-11-27,1.1268543109950404
2006-11-28,1.1317142980612112
2006-11-29,1.1379310674633585
2006-11-30,1.18870032891872
2006-12-01,1.1821945694480447
2006-12-04,1.1091205113007907
2006-12-05,1.0993473028077254
2006-12-06,1.1104400746065324
2006-12-07,1.097501019306604
2006-12-08,1.0177456622090943
2006-12-11,0.9996965756402919
2006-12-12,0.9997807144787689
2006-12-13,1.0008524527129448
2006-12-14,0.9812398293213376
2006-12-15,0.9466789188828449
2006-12-18,0.9084155960023882
2006-12-19,0.9127927979219477
2006-12-20,0.900061840825283
2006-12-21,0.9210617652107622
2006-12-22,0.9270606523065312
2006-12-25,0.9075243723688877
2006-12-26,0.9053539036121083
2006-12-27,0.9333457418478946
2006-12-28,0.9372064347105693
2006-12-29,1.0266529200988006
2007-01-04,1.0863794960861652
2007-01-05,1.0865193980999506
2007-01-08,1.0039978994434895
2007-01-09,1.1095037677897055
2007-01-10,1.1384404992725576
2007-01-11,1.13041334249273
2007-01-12,1.2247707249829562
2007-01-15,1.171048292430623
2007-01-16,1.159448031629023
2007-01-17,1.0553794884855683
2007-01-18,1.0550728803058211
2007-01-19,0.9743661310624236
2007-01-22,0.9816310781916033
2007-01-23,0.9961082519099812
2007-01-24,0.9929043806665114
2007-01-25,1.0658634338804294
2007-01-26,1.0492345131206626
2007-01-29,1.061903735661621
2007-01-30,1.0405203167326325
2007-01-31,1.1339664820360709
2007-02-01,1.131643410850288
2007-02-02,1.1319222632230401
2007-02-05,1.137790248862887
2007-02-06,1.1052903591161811
2007-02-07,1.1078882008151492
2007-02-08,1.1084376072982531
2007-02-09,1.1140465895557743
2007-02-12,1.1367268790364533
2007-02-13,1.1342295282243147
2007-02-14,1.134818442771238
2007-02-15,1.1195046704717229
2007-02-16,1.1207489418859606
2007-02-26,1.1440538528916828
2007-02-27,1.1267375024080213
2007-02-28,1.1417967509484364
2007-03-01,1.1579584823430953
2007-03-02,1.1514953757837874
2007-03-05,1.1639417775649574
2007-03-06,1.159322087659546
2007-03-07,1.1536055157048528
2007-03-08,1.1558522855004647
2007-03-09,1.1519111914628435
2007-03-12,1.1520339903481278
2007-03-13,1.148317608741658
2007-03-14,1.153895545140764
2007-03-15,1.156294822505062
2007-03-16,1.1631873325380313
2007-03-19,1.1504704852229035
2007-03-20,1.1495200953905098
2007-03-21,1.147640595133325
2007-03-22,1.1484813448391844
2007-03-23,1.1486112637088923
2007-03-26,1.146330936051373
2007-03-27,1.1419998361037178
2007-03-28,1.1473673879354431
2007-03-29,1.152864958443912
2007-03-30,1.1532685270567262
2007-04-02,1.1608870184204316
2007-04-03,1.1517506562267923
2007-04-04,1.153004349218776
2007-04-05,1.158973059608146
2007-04-06,1.1554338758129044
2007-04-09,1.1515688955135828
2007-04-10,1.1817214148940716
2007-04-11,1.1822347946037342
2007-04-12,1.1544484075707457
2007-04-13,1.1601248347710285
2007-04-16,1.1523410759159591
2007-04-17,1.1499518366814727
2007-04-18,1.1615216332197906
2007-04-19,1.0892187709198755
2007-04-20,1.1682847091517574
2007-04-23,1.241700853829964
2007-04-24,1.2407390514303274
2007-04-25,1.239819165881874
2007-04-26,1.2282071625767494
2007-04-27,1.2407587014391739
2007-04-30,1.2161161048401565
2007-05-08,1.2345754546864043
2007-05-09,1.2322846569450239
2007-05-10,1.2497910532211924
2007-05-11,1.2420948904262399
2007-05-14,1.2474360722915745
2007-05-15,1.2633759896982848
2007-05-16,1.2421481327288486
2007-05-17,1.2691696690136132
2007-05-18,1.2689464197840736
2007-05-21,1.3137008320064059
2007-05-22,1.300962307741743
2007-05-23,1.2859074270368127
2007-05-24,1.288989526537574
2007-05-25,1.266830520965665
2007-05-28,1.2351400605865546
2007-05-29,1.210653396030675
2007-05-30,1.2668340433127039
2007-05-31,1.2552126545079698
2007-06-01,1.332421148906471
2007-06-04,1.3244473414578055
2007-06-05,1.3518056750085343
2007-06-06,1.3660953907872893
2007-06-07,1.3560928581065426
2007-06-08,1.3519457361658636
2007-06-11,1.3603181931082535
2007-06-12,1.3861281971325043
2007-06-13,1.3615803106153435
2007-06-14,1.3553165099948217
2007-06-15,1.3532368238998072
2007-06-18,1.344904082306555
2007-06-19,1.3416276809793863
2007-06-20,1.3060385956122513
2007-06-21,1.3035568568284088
2007-06-22,1.2456402590834283
2007-06-25,1.2989821032044322
2007-06-26,1.2994979752170526
2007-06-27,1.2813268077885902
2007-06-28,1.2118435930811056
2007-06-29,1.2062520734172124
2007-07-02,1.2050822101852772
2007-07-03,1.2015066302471893
2007-07-04,1.1794357615502473
2007-07-05,1.1894980344998127
2007-07-06,1.1584507816826446
2007-07-09,1.1346180132944217
2007-07-10,1.133648586425306
2007-07-11,1.1335423374125178
2007-07-12,1.132175332548977
2007-07-13,1.132002867497049
2007-07-16,1.0985352861224633
2007-07-17,1.0912451900142486
2007-07-18,1.088426824779855
2007-07-19,1.0896957290200635
2007-07-20,1.0626080317002087
2007-07-23,1.1329435013262363
2007-07-24,1.1329685429881897
2007-07-25,1.1372183292324427
2007-07-26,1.1362445384010322
2007-07-27,1.1350333793420084
2007-07-30,1.1730152411651449
2007-07-31,1.1664625605095245
2007-08-01,1.128532808303808
2007-08-02,1.136952744920384
2007-08-03,1.1613703061473908
2007-08-06,1.1747855499789561
2007-08-07,1.1723742481356543
2007-08-08,1.1691272349574908
2007-08-09,1.1587941677734763
2007-08-10,1.1496152032150526
2007-08-13,1.152123983874108
2007-08-14,1.1367993542942254
2007-08-15,1.1367856402861463
2007-08-16,1.124987516503746
2007-08-17,1.1363241974645688
2007-08-20,1.1977476503262074
2007-08-21,1.1877789395306264
2007-08-22,1.1727943231476972
2007-08-23,1.1548942419774277
2007-08-24,1.1601948890676264
2007-08-27,1.1625586812587891
2007-08-28,1.1624496946988496
2007-08-29,1.1512894386790848
2007-08-30,1.147205759310779
2007-08-31,1.1628571874524025
2007-09-03,1.2197330000851425
2007-09-04,1.2286941969364342
2007-09-05,1.226662864997808
2007-09-06,1.2365039659852406
2007-09-07,1.276275503579768
2007-09-10,1.2981489731379063
2007-09-11,1.2063418546113926
2007-09-12,1.1771894524794195
2007-09-13,1.1872851933929576
2007-09-14,1.211718213268083
2007-09-17,1.264191345025645
2007-09-18,1.2683804433776227
2007-09-19,1.2711274190869508
2007-09-20,1.2699231963440716
2007-09-21,1.2897075527700212
2007-09-24,1.290849852335499
2007-09-25,1.3140504440820275
2007-09-26,1.32297194873656
2007-09-27,1.3338344948040075
2007-09-28,1.3388882272362432
2007-10-08,1.310213312784317
2007-10-09,1.3045399990964728
2007-10-10,1.3044175458052196
2007-10-11,1.2711949654933192
2007-10-12,1.273662184736835
2007-10-15,1.2876490261315368
2007-10-16,1.284745857710194
2007-10-17,1.2939941147358216
2007-10-18,1.2943831228377956
2007-10-19,1.295381087013636
2007-10-22,1.2869277197250764
2007-10-23,1.290127249508771
2007-10-24,1.2748833114994844
2007-10-25,1.3009352694720309
2007-10-26,1.3036032304855976
2007-10-29,1.3371264226756001
2007-10-30,1.3053217229402103
2007-10-31,1.2870540066320104
2007-11-01,1.306285607173671
2007-11-02,1.355792150913288
2007-11-05,1.3148132679666997
2007-11-06,1.3047940163207221
2007-11-07,1.2944702613418098
2007-11-08,1.3028554683930171
2007-11-09,1.2964752771106625
2007-11-12,1.2345679878569795
2007-11-13,1.2301131787784336
2007-11-14,1.2146351857814057
2007-11-15,1.2254116408933418
2007-11-16,1.2469577070563334
2007-11-19,1.2463593658161063
2007-11-20,1.3025493999402191
2007-11-21,1.3022179887510688
2007-11-22,1.2327320151571466
2007-11-23,1.2289333066178327
2007-11-26,1.2358192865981399
2007-11-27,1.2626846423169984
2007-11-28,1.2818006966811126
2007-11-29,1.216185862240745
2007-11-30,1.1853231672382736
2007-12-03,1.1883989884293373
2007-12-04,1.217842166742289
2007-12-05,1.2691408615470339
2007-12-06,1.2689821219345756
2007-12-07,1.2815385924998555
2007-12-10,1.2614960440110856
2007-12-11,1.2616278555534295
2007-12-12,1.2277176904359135
2007-12-13,1.2629258177277751
2007-12-14,1.2709674302981366
2007-12-17,1.285482100677629
2007-12-18,1.2818800012037328
2007-12-19,1.30388785370763
2007-12-20,1.2862077956713485
2007-12-21,1.3046020266019578
2007-12-24,1.2964321757482555
2007-12-25,1.299703908791483
2007-12-26,1.2962436395107135
2007-12-27,1.297736842392701
2007-12-28,1.2951004045606915
2008-01-02,1.2770111262967203
2008-01-03,1.289286402636265
2008-01-04,1.2725856102307922
2008-01-07,1.2599666179169673
2008-01-08,1.2528123803912603
2008-01-09,1.2640582317722844
2008-01-10,1.283861394631353
2008-01-11,1.2782668721749368
2008-01-14,1.2861227897422718
2008-01-15,1.2877875287628975
2008-01-16,1.3287610313787925
2008-01-17,1.3674183853427397
2008-01-18,1.368233240960765
2008-01-21,1.3714739230970987
2008-01-22,1.3594118125699701
2008-01-23,1.391116779672993
2008-01-24,1.3801212299118584
2008-01-25,1.3815608357650941
2008-01-28,1.3876482816945541
2008-01-29,1.391581913581825
2008-01-30,1.3817536697666037
2008-01-31,1.3854287558422365
2008-02-01,1.3771573826981718
2008-02-04,1.3315466371053706
2008-02-05,1.334801625513809
2008-02-13,1.3355163286364795
2008-02-14,1.3302223419203243
2008-02-15,1.326906130615192
2008-02-18,1.3091491537456816
2008-02-19,1.32062065698858
2008-02-20,1.311171483079636
2008-02-21,1.2987711421527688
2008-02-22,1.3065049980100847
2008-02-25,1.3016698687434687
2008-02-26,1.3018899760611091
2008-02-27,1.2833826313034793
2008-02-28,1.2790024168977872
2008-02-29,1.272965013269709
2008-03-03,1.288636033283162
2008-03-04,1.262264041428555
2008-03-05,1.289607490313487
2008-03-06,1.2702625935980272
2008-03-07,1.2672054068062615
2008-03-10,1.3066382337161262
2008-03-11,1.3076854288515538
2008-03-12,1.2768676454329742
2008-03-13,1.256246175498816
2008-03-14,1.2707672770708003
2008-03-17,1.33437545785417
2008-03-18,1.2782904478138746
2008-03-19,1.2336571231700746
2008-03-20,1.244839025075171
2008-03-21,1.2591055378453333
2008-03-24,1.2997544383689348
2008-03-25,1.2994110642351078
2008-03-26,1.302521827342927
2008-03-27,1.2642272067836298
2008-03-28,1.2431352480668345
2008-03-31,1.2220178065603577
2008-04-01,1.2717279458262207
2008-04-02,1.2701386649248771
2008-04-03,1.2820345515154328
2008-04-07,1.2785595669715248
2008-04-08,1.2790282657059262
2008-04-09,1.2324822532769246
2008-04-10,1.2488034845615288
2008-04-11,1.2505824172221667
2008-04-14,1.2187276394743338
2008-04-15,1.2129717162941374
2008-04-16,1.2215326093673302
2008-04-17,1.2059372357809257
2008-04-18,1.1867563036018296
2008-04-21,1.1868137123932592
2008-04-22,1.190153362911485
2008-04-23,1.1929218226431815
2008-04-24,1.1707666456567427
2008-04-25,1.1708670802236032
2008-04-28,1.1663265037032686
2008-04-29,1.163758116922019
2008-04-30,1.1687083290800746
2008-05-05,1.1700308068318064
2008-05-06,1.1716798169204894
2008-05-07,1.1848953773424042
2008-05-08,1.1781627169752684
2008-05-09,1.170745473073045
2008-05-12,1.173398312367847
2008-05-13,1.1544901876318412
2008-05-14,1.1321043020327677
2008-05-15,1.132344664957504
2008-05-16,1.1331458821332991
2008-05-19,1.1361185831229648
2008-05-20,1.1357016896884844
2008-05-21,1.1237875759967872
2008-05-22,1.1208150161180332
2008-05-23,1.1289606614966776
2008-05-26,1.1177690686329007
2008-05-27,1.1206029201829473
2008-05-28,1.111694364105218
2008-05-29,1.1236148706408655
2008-05-30,1.1213754924123838
2008-06-02,1.1213009278803627
2008-06-03,1.1211165745276825
2008-06-04,1.1143001963755714
2008-06-05,1.1185481514615208
2008-06-06,1.1157088090829363
2008-06-10,1.1231576774211123
2008-06-11,1.1121399561707663
2008-06-12,1.11942511917029
2008-06-13,1.1000913268605084
2008-06-16,1.1021306502831392
2008-06-17,1.0805930794268392
2008-06-18,1.0670700524486976
2008-06-19,1.1024148170673251
2008-06-20,1.0469858153341853
2008-06-23,1.0689737494309755
2008-06-24,1.0684742725973022
2008-06-25,1.1050456156913788
2008-06-26,1.102533844343878
2008-06-27,1.1248805232677517
2008-06-30,1.1284220906536666
2008-07-01,1.1498861734979404
2008-07-02,1.1502419874767769
2008-07-03,1.1513476601807195
2008-07-04,1.1519227074624407
2008-07-07,1.1999645723270702
2008-07-08,1.2006899580967527
2008-07-09,1.2061714994008856
2008-07-10,1.2111402674001064
2008-07-11,1.2126465294871027
2008-07-14,1.2307478933219798
2008-07-15,1.2369988917747181
2008-07-16,1.235655326198829
2008-07-17,1.2305184138009246
2008-07-18,1.2483310984530074
2008-07-21,1.2664822229042263
2008-07-22,1.2674330729342456
2008-07-23,1.2739636837578991
2008-07-24,1.266237223160461
2008-07-25,1.2719716504016978
2008-07-28,1.2646530195081263
2008-07-29,1.2723758992927197
2008-07-30,1.2760332769264116
2008-07-31,1.2784086647350195
2008-08-01,1.2656769266873664
2008-08-04,1.2833236750073718
2008-08-05,1.304201687766889
2008-08-06,1.3087702185960362
2008-08-07,1.3084289564203302
2008-08-08,1.3336969232063711
2008-08-11,1.292650852561818
2008-08-12,1.2878120399794377
2008-08-13,1.2876846041875272
2008-08-14,1.2873015372250403
2008-08-15,1.2872184837089529
2008-08-18,1.3043981975124468
2008-08-19,1.2986863757786875
2008-08-20,1.2644053151031056
2008-08-21,1.2721732158359371
2008-08-22,1.2620973827627844
2008-08-25,1.2623063851898106
2008-08-26,1.2379312844596415
2008-08-27,1.2389707607621931
2008-08-28,1.241651269102037
2008-08-29,1.222872365428487
2008-09-01,1.1871939073596214
2008-09-02,1.1844397780727984
2008-09-03,1.1757860007503256
2008-09-04,1.1754456105444764
2008-09-05,1.1481668835013772
2008-09-08,1.1283116334794663
2008-09-09,1.1269596252577483
2008-09-10,1.1265582411679
2008-09-11,1.0931587328484174
2008-09-12,1.0928121623905815
2008-09-16,1.052144091218163
2008-09-17,1.0164882804626418
2008-09-18,1.0090590330298208
2008-09-19,0.8027133916668363
2008-09-22,0.7301465682712746
2008-09-23,0.7080281793020928
2008-09-24,0.7070509324834675
2008-09-25,0.6831200121319861
2008-09-26,0.6816074533142362
2008-10-06,0.644004563530279
2008-10-07,0.641944145213698
2008-10-08,0.622466301259122
2008-10-09,0.6201574907843824
2008-10-10,0.5945651490740851
2008-10-13,0.5732104844154895
2008-10-14,0.565397985075105
2008-10-15,0.5639979125623013
2008-10-16,0.5359375607070137
2008-10-17,0.5354964577481491
2008-10-20,0.5216878918279535
2008-10-21,0.5209570950199134
2008-10-22,0.5137781892438399
2008-10-23,0.5137904706787582
2008-10-24,0.5041136397186959
2008-10-27,0.4515713777940323
2008-10-28,0.44238949843916936
2008-10-29,0.4353820303375097
2008-10-30,0.43003617714509085
2008-10-31,0.42648682814295547
2008-11-03,0.42611008743431367
2008-11-04,0.4240335146391289
2008-11-05,0.4094718615024964
2008-11-06,0.4040153912419114
2008-11-07,0.4010369869990113
2008-11-10,0.35652612826302005
2008-11-11,0.35555631921051084
2008-11-12,0.3546481838910123
2008-11-13,0.34295794532151375
2008-11-14,0.33347944489069503
2008-11-17,0.3301909597247147
2008-11-18,0.294838044892726
2008-11-19,0.2749109320440837
2008-11-20,0.27423739662628405
2008-11-21,0.2739627960007137
2008-11-24,0.26395861069039445
2008-11-25,0.26373152107683967
2008-11-26,0.2636738359499984
2008-11-27,0.26271402229504076
2008-11-28,0.2600229713896726
2008-12-01,0.2580490940680302
2008-12-02,0.2580615923051913
2008-12-03,0.24787930112341558
2008-12-04,0.24678189610246182
2008-12-05,0.2457874113887847
2008-12-08,0.23787516552868063
2008-12-09,0.2341602840028211
2008-12-10,0.23079710150127783
2008-12-11,0.22766898167631536
2008-12-12,0.2186181734121747
2008-12-15,0.21829511042825261
2008-12-16,0.21769319033731913
2008-12-17,0.21770206400241104
2008-12-18,0.21558325130870726
2008-12-19,0.2155662261638173
2008-12-22,0.21384777455796736
2008-12-23,0.2015470276142249
2008-12-24,0.19996025202948337
2008-12-25,0.19937947371038314
2008-12-26,0.19921235220173114
2008-12-29,0.1990859194853958
2008-12-30,0.2242050481929495
2008-12-31,0.242958633124824
2009-01-05,0.2511189941473419
2009-01-06,0.32656117916432764
2009-01-07,0.32866010885922037
2009-01-08,0.3488967451625645
2009-01-09,0.35600463133462124
2009-01-12,0.3562930583047537
2009-01-13,0.3552964860413388
2009-01-14,0.37685806632644686
2009-01-15,0.3767496517863893
2009-01-16,0.38390818018172657
2009-01-19,0.3851726170329318
2009-01-20,0.3889990441249734
2009-01-21,0.3892374484124481
2009-01-22,0.3888382520936854
2009-01-23,0.38865034577740076
2009-02-02,0.39176929342355477
2009-02-03,0.39941610939410077
2009-02-04,0.4694644581767088
2009-02-05,0.4603147819965031
2009-02-06,0.4854563579304631
2009-02-09,0.5560422149402401
2009-02-10,0.5918313687533444
2009-02-11,0.5906646465541965
2009-02-12,0.5986248682575332
2009-02-13,0.5747017698792206
2009-02-16,0.6447009671230557
2009-02-17,0.6695373062182168
2009-02-18,0.7407520576918817
2009-02-19,0.7533120388828762
2009-02-20,0.7766066300420655
2009-02-23,0.7570497991976874
2009-02-24,0.8022008513311968
2009-02-25,0.8017154902473508
2009-02-26,0.8244898943026704
2009-02-27,0.8582853815212468
2009-03-02,0.8632165909129706
2009-03-03,0.8567848347174396
2009-03-04,0.8631179783036392
2009-03-05,0.8599085733699021
2009-03-06,0.8612699396680512
2009-03-09,0.8886494114759732
2009-03-10,0.8879940357294154
2009-03-11,0.8838175489122149
2009-03-12,0.8841954791501058
2009-03-13,0.8848927494700252
2009-03-16,0.8827008225977079
2009-03-17,0.897239855165827
2009-03-18,0.899719866944837
2009-03-19,0.8931189490519292
2009-03-20,0.8912236890329425
2009-03-23,0.8874254424551462
2009-03-24,0.8878346696247605
2009-03-25,0.9071771009807494
2009-03-26,0.9174656634526689
2009-03-27,0.9219710179366861
2009-03-30,0.9283971809312512
2009-03-31,0.9242290820957123
2009-04-01,0.9256178512920102
2009-04-02,0.926298588985924
2009-04-03,0.9287240514006585
2009-04-07,0.9281771702367126
2009-04-08,0.940499405765162
2009-04-09,0.9428678152763231
2009-04-10,0.9251364305134043
2009-04-13,0.941437045504792
2009-04-14,0.9369850938140294
2009-04-15,0.9442198566901993
2009-04-16,0.9423949500082848
2009-04-17,0.9632127835971641
2009-04-20,0.9553741929293937
2009-04-21,0.9538940436285588
2009-04-22,0.9792185861180771
2009-04-23,0.977611591244725
2009-04-24,0.9818818050185415
2009-04-27,1.0026715077853423
2009-04-28,1.0014622508483217
2009-04-29,0.9551034822897386
2009-04-30,0.9633467052579192
2009-05-04,1.0327647636758133
2009-05-05,1.0340860863605756
2009-05-06,1.0323072046617288
2009-05-07,1.032269962657339
2009-05-08,1.0277326851947255
2009-05-11,1.0437005210976391
2009-05-12,1.1165929940961512
2009-05-13,1.1209348344938699
2009-05-14,1.1059969819987976
2009-05-15,1.105227530955398
2009-05-18,1.115145907920514
2009-05-19,1.1298501123845577
2009-05-20,1.1333345416781015
2009-05-21,1.1546877346972835
2009-05-22,1.1517841267821711
2009-05-25,1.147491660124928
2009-05-26,1.1515231593389397
2009-05-27,1.1504195808642281
2009-06-01,1.1471006143255704
2009-06-02,1.14547792031144
2009-06-03,1.1339487530432923
2009-06-04,1.1447454916957207
2009-06-05,1.1472144351591278
2009-06-08,1.148074744639662
2009-06-09,1.1435685375262086
2009-06-10,1.1489478552863694
2009-06-11,1.1560498240296735
2009-06-12,1.1917126312090385
2009-06-15,1.1749968195785532
2009-06-16,1.1741499463861151
2009-06-17,1.1561966611909376
2009-06-18,1.1500273191468657
2009-06-19,1.149429186160324
2009-06-22,1.1491753659968018
2009-06-23,1.1479225982325463
2009-06-24,1.1414782473752187
2009-06-25,1.1407239829511304
2009-06-26,1.1399756817128508
2009-06-29,1.129541280228839
2009-06-30,1.1430252487034875
2009-07-01,1.138428834410007
2009-07-02,1.1294298709832196
2009-07-03,1.099494958505744
2009-07-06,1.1511152612774458
2009-07-07,1.1445072934329876
2009-07-08,1.1477119510555998
2009-07-09,1.1803816011287152
2009-07-10,1.1801544228599155
2009-07-13,1.1791652646337756
2009-07-14,1.2163250017285185
2009-07-15,1.2200358637591775
2009-07-16,1.2190947633259792
2009-07-17,1.223184130367746
2009-07-20,1.2162932745246091
2009-07-21,1.2285368636203071
2009-07-22,1.1960930826639609
2009-07-23,1.165621451720924
2009-07-24,1.1643264203288755
2009-07-27,1.194785764565162
2009-07-28,1.2029808583405175
2009-07-29,1.182711384041397
2009-07-30,1.1737853671724745
2009-07-31,1.205811637740231
2009-08-03,1.2256070490925146
2009-08-04,1.226004311633985
2009-08-05,1.2504151649507182
2009-08-06,1.278396350363529
2009-08-07,1.3202786305480123
2009-08-10,1.3190890435127767
2009-08-11,1.3208056351011717
2009-08-12,1.2932216310087132
2009-08-13,1.2897741522082793
2009-08-14,1.3186606886681493
2009-08-17,1.3791530325468953
2009-08-18,1.3881795202783078
2009-08-19,1.4354147310392686
2009-08-20,1.384106571887012
2009-08-21,1.3855576647380943
2009-08-24,1.385369331027638
2009-08-25,1.3654094197936686
2009-08-26,1.3632385193052952
2009-08-27,1.3640387819558306
2009-08-28,1.3949593289435371
2009-08-31,1.395764027770809
2009-09-01,1.3919219271271608
2009-09-02,1.3847808199433433
2009-09-03,1.4030763386725034
2009-09-04,1.3989254487825733
2009-09-07,1.3932243687966677
2009-09-08,1.3873641880640464
2009-09-09,1.3943276093085368
2009-09-10,1.3993984674707407
2009-09-11,1.3825572912741626
2009-09-14,1.3869812041307232
2009-09-15,1.388813460762392
2009-09-16,1.3919897442499753
2009-09-17,1.3738783396315462
2009-09-18,1.3044083077048105
2009-09-21,1.3041214504909466
2009-09-22,1.3451682958029587
2009-09-23,1.3527859172967862
2009-09-24,1.3475979176939745
2009-09-25,1.346227544671724
2009-09-28,1.346617954954521
2009-09-29,1.3472107259794215
2009-09-30,1.3462763143842202
2009-10-09,1.3038026400991432
2009-10-12,1.305616245602526
2009-10-13,1.312730243986617
2009-10-14,1.3086423983410318
2009-10-15,1.31006772137359
2009-10-16,1.310820759657897
2009-10-19,1.3175957893660717
2009-10-20,1.3107313660433648
2009-10-21,1.3071194765774796
2009-10-22,1.3125006902670653
2009-10-23,1.2989526481644045
2009-10-26,1.299008791205902
2009-10-27,1.3232658640547676
2009-10-28,1.320941366735907
2009-10-29,1.3297661321024186
2009-10-30,1.326375831852383
2009-11-02,1.2883685510353253
2009-11-03,1.2904932136912308
2009-11-04,1.2940709988807453
2009-11-05,1.2949166439959494
2009-11-06,1.2975141346510755
2009-11-09,1.3003150741319012
2009-11-10,1.3000286813971327
2009-11-11,1.3013232295700892
2009-11-12,1.3018767315899378
2009-11-13,1.3011486338992124
2009-11-16,1.3144954486148608
2009-11-17,1.3147541696774712
2009-11-18,1.3152835591833811
2009-11-19,1.3177961199979122
2009-11-20,1.318151381957996
2009-11-23,1.3144011938924667
2009-11-24,1.2532051164405178
2009-11-25,1.2723261869668414
2009-11-26,1.2728132643700003
2009-11-27,1.2862184081512185
2009-11-30,1.2572691154028652
2009-12-01,1.2668501048161176
2009-12-02,1.2610145804145099
2009-12-03,1.2594609400957308
2009-12-04,1.254016583690532
2009-12-07,1.258255356431557
2009-12-08,1.2536302596228697
2009-12-09,1.2472571661624425
2009-12-10,1.2484466097588405
2009-12-11,1.2497804329004332
2009-12-14,1.2306505062153419
2009-12-15,1.235513558806491
2009-12-16,1.232102278127439
2009-12-17,1.1937841565105374
2009-12-18,1.148673158986617
2009-12-21,1.148835475314269
2009-12-22,1.1006937953672682
2009-12-23,1.095517286432357
2009-12-24,1.0388915984518003
2009-12-25,1.0377141371303074
2009-12-28,1.0235727001715056
2009-12-29,1.0213791796339302
2009-12-30,1.005477101697508
2009-12-31,1.0043693931580102
2010-01-04,0.9958921267372383
2010-01-05,0.9929367579976651
2010-01-06,0.9901925318965786
2010-01-07,0.9642594036378909
2010-01-08,0.9639988562623465
2010-01-11,0.9640202208531061
2010-01-12,0.9493818722717927
2010-01-13,0.8845631473913794
2010-01-14,0.8738709238730555
2010-01-15,0.8726413213662784
2010-01-18,0.8712293129414421
2010-01-19,0.8708951460376819
2010-01-20,0.810414146971333
2010-01-21,0.8095673481602308
2010-01-22,0.8009066219306682
2010-01-25,0.8927720978726122
2010-01-26,0.949911797237848
2010-01-27,0.948350434884233
2010-01-28,0.9486108589381537
2010-01-29,0.9493352682452899
2010-02-01,0.9750777818908685
2010-02-02,0.9749288845331344
2010-02-03,0.9885831545313254
2010-02-04,0.9917087969531208
2010-02-05,1.0002367690206506
2010-02-08,0.9990049463186823
2010-02-09,0.9992866345822445
2010-02-10,0.9964061389027553
2010-02-11,0.9993836029516115
2010-02-12,0.9975869458745177
2010-02-22,0.9994789436949822
2010-02-23,1.0077478022132436
2010-02-24,1.0291024042073234
2010-02-25,1.0133958252470212
2010-02-26,1.0170743914748774
2010-03-01,1.0145380147451455
2010-03-02,1.0164506526024153
2010-03-03,1.0132515613513284
2010-03-04,1.0169437905196368
2010-03-05,1.016714219989169
2010-03-08,1.0189968857099199
2010-03-09,1.015403060496212
2010-03-10,1.0126003257460874
2010-03-11,1.0118251527055804
2010-03-12,0.9898939312211087
2010-03-15,1.0104981939608335
2010-03-16,1.0068543269907964
2010-03-17,0.9935228845200714
2010-03-18,0.99356526745487
2010-03-19,0.9934692410872008
2010-03-22,0.9909125429397299
2010-03-23,0.9881130958903599
2010-03-24,0.9879603941560053
2010-03-25,0.9902431577706744
2010-03-26,0.9734291492888546
2010-03-29,0.9601675522305788
2010-03-30,0.9585993833600388
2010-03-31,0.9615063841684217
2010-04-01,0.9544668384483755
2010-04-02,0.9553749299572438
2010-04-06,0.9554545665056704
2010-04-07,0.9516019887388457
2010-04-08,0.9575747406402304
2010-04-09,0.9505991805066019
2010-04-12,0.9601931534895056
2010-04-13,0.9509881762963939
2010-04-14,0.9478041970572195
2010-04-15,0.9485694425529443
2010-04-16,0.9512025429462604
2010-04-19,1.0218664972382527
2010-04-20,1.0235560568571265
2010-04-21,1.0001990446918652
2010-04-22,0.9880777704404224
2010-04-23,0.9936809238638286
2010-04-26,0.9853337373084481
2010-04-27,0.9827973124413305
2010-04-28,0.9725910637176628
2010-04-29,0.9753459947092419
2010-04-30,0.981645343467247
2010-05-04,0.9893770487065713
2010-05-05,0.9865644711914217
2010-05-06,0.967638905008194
2010-05-07,0.9821102695481286
2010-05-10,0.9776274313798997
2010-05-11,0.9481373658754758
2010-05-12,0.9489854765854909
2010-05-13,0.9354197679348422
2010-05-14,0.9400651978033382
2010-05-17,0.9741218450709983
2010-05-18,0.9853086282431394
2010-05-19,0.9864100374230005
2010-05-20,0.9741993789721016
2010-05-21,0.993059558714789
2010-05-24,0.9830424438201887
2010-05-25,0.991421116718426
2010-05-26,0.9912149997232681
2010-05-27,0.9869058780722522
2010-05-28,0.9892456250933396
2010-05-31,0.9867415788685473
2010-06-01,0.989080596800084
2010-06-02,0.9902996498424562
2010-06-03,0.9897656510691603
2010-06-04,0.988574073291869
2010-06-07,0.9965591974494269
2010-06-08,0.9962672952979942
2010-06-09,0.9979467909429282
2010-06-10,0.9979246404583538
2010-06-11,1.0016893451771407
2010-06-17,1.003974726220877
2010-06-18,1.0004264841522685
2010-06-21,0.982752724873268
2010-06-22,0.9823383702123231
2010-06-23,0.9872104799940703
2010-06-24,0.9871226479302807
2010-06-25,0.982470465594654
2010-06-28,0.9823643298016902
2010-06-29,1.0063232479121762
2010-06-30,0.9975607232732148
2010-07-01,0.9933792064574564
2010-07-02,0.9933007782140982
2010-07-05,0.9895220408198273
2010-07-06,0.9772502589830951
2010-07-07,0.9739020886438416
2010-07-08,0.9743581282182608
2010-07-09,1.0315431566576974
2010-07-12,1.0203962980762475
2010-07-13,1.0363521698727578
2010-07-14,1.037028988206249
2010-07-15,1.0179247677752685
2010-07-16,1.021037174309393
2010-07-19,1.0074837324314914
2010-07-20,0.9972401279171269
2010-07-21,0.9994726983333637
2010-07-22,0.9976949992023492
2010-07-23,0.9938748381553995
2010-07-26,0.9930986523099137
2010-07-27,0.9925577608729633
2010-07-28,1.0187293842528657
2010-07-29,1.0228153159251605
2010-07-30,1.024214068993736
2010-08-02,1.027974776578558
2010-08-03,1.035611852625408
2010-08-04,1.0339373425735814
2010-08-05,1.035810553719266
2010-08-06,1.0299433072923474
2010-08-09,1.025668781910838
2010-08-10,0.9821556190607684
2010-08-11,0.9817843294232036
2010-08-12,0.9889094774425073
2010-08-13,0.9880141330561106
2010-08-16,0.9783677410027941
2010-08-17,0.9732569415692806
2010-08-18,0.9738818044492621
2010-08-19,0.9734478797669638
2010-08-20,0.9658131102965933
2010-08-23,0.9662777684002436
2010-08-24,0.9789304498960892
2010-08-25,0.9958389822497771
2010-08-26,0.9952326068736763
2010-08-27,0.9931761275358514
2010-08-30,0.9725893018796442
2010-08-31,0.9731582021792226
2010-09-01,0.9704135237927577
2010-09-02,0.9586766162491217
2010-09-03,0.9587944831241368
2010-09-06,1.0508428839009212
2010-09-07,1.0562371470499663
2010-09-08,1.0578172523598297
2010-09-09,1.0777439170344172
2010-09-10,1.0763997548824167
2010-09-13,1.0630928307249952
2010-09-14,1.0626167830872455
2010-09-15,1.0453192857509437
2010-09-16,1.0448022269823447
2010-09-17,1.045083875718047
2010-09-20,1.0462857476724112
2010-09-21,1.045418661884959
2010-09-27,1.0195915135397589
2010-09-28,1.0277316433179722
2010-09-29,1.0275351477935104
2010-09-30,1.0149082455259022
2010-10-08,0.9749353160110628
2010-10-11,1.0009315688982368
2010-10-12,0.9767179705799167
2010-10-13,0.9755058497643481
2010-10-14,0.9748383197458279
2010-10-15,0.9565833089154374
2010-10-18,0.9332446023673517
2010-10-19,0.8781144465698308
2010-10-20,0.857774118626777
2010-10-21,0.8489792512835044
2010-10-22,0.8481305283627942
2010-10-25,0.8266122428168301
2010-10-26,0.8268432354771207
2010-10-27,0.781507875998825
2010-10-28,0.7790601973706113
2010-10-29,0.7853711937886036
2010-11-01,0.7917509247193033
2010-11-02,0.7827564379571322
2010-11-03,0.8081719832367421
2010-11-04,0.8087655318619293
2010-11-05,0.8044318509630755
2010-11-08,0.8159631675023895
2010-11-09,0.8245291407132672
2010-11-10,0.8363924588184215
2010-11-11,0.8370245324190676
2010-11-12,0.7885923303281673
2010-11-15,0.7884851684567378
2010-11-16,0.7919559612580841
2010-11-17,0.7962391818056583
2010-11-18,0.7862143015204655
2010-11-19,0.7865159581032601
2010-11-22,0.7865557557410485
2010-11-23,0.7953579536610115
2010-11-24,0.7927794855603347
2010-11-25,0.7969765009260146
2010-11-26,0.8033012611050333
2010-11-29,0.803705387169479
2010-11-30,0.8083596297922959
2010-12-01,0.8081619549536241
2010-12-02,0.8062773308713843
2010-12-03,0.8067262091752233
2010-12-06,0.8056498031568281
2010-12-07,0.8052516010443972
2010-12-08,0.8074127025257006
2010-12-09,0.7882498250743017
2010-12-10,0.7867266318304976
2010-12-13,0.7846043844936023
2010-12-14,0.7851212418871222
2010-12-15,0.7874227126392016
2010-12-16,0.7887564769650101
2010-12-17,0.7881521298106202
2010-12-20,0.7922423228421118
2010-12-21,0.7986477968249436
2010-12-22,0.786439833439897
2010-12-23,0.7941231007578065
2010-12-24,0.7893345521777098
2010-12-27,0.7967501606015923
2010-12-28,0.8103514323962161
2010-12-29,0.8097122462346191
2010-12-30,0.8090783212713131
2010-12-31,0.8042087332704457
2011-01-04,0.8146116302379146
2011-01-05,0.8161160959190692
2011-01-06,0.8142877445618312
2011-01-07,0.8169479683869799
2011-01-10,0.8259573193370927
2011-01-11,0.8291500054154587
2011-01-12,0.8389995757743328
2011-01-13,0.8395378257001055
2011-01-14,0.8309664045518481
2011-01-17,0.8380167885225197
2011-01-18,0.8380027991282564
2011-01-19,0.8336847531444652
2011-01-20,0.8171140594911803
2011-01-21,0.8177701170822225
2011-01-24,0.8112012571827173
2011-01-25,0.8057765785425484
2011-01-26,0.8028562069394832
2011-01-27,0.7932624936786762
2011-01-28,0.7918473886487534
2011-01-31,0.7894830030775369
2011-02-01,0.7894428493316215
2011-02-09,0.7931669468119884
2011-02-10,0.7884746110181029
2011-02-11,0.7891031057934429
2011-02-14,0.8073746596859905
2011-02-15,0.8071207502536396
2011-02-16,0.8152165014289071
2011-02-17,0.8153931684400124
2011-02-18,0.8190390539496992
2011-02-21,0.810995863632709
2011-02-22,0.8274898476946012
2011-02-23,0.8274954180418406
2011-02-24,0.8267955010479794
2011-02-25,0.8265361315013302
2011-02-28,0.8202455794631958
2011-03-01,0.819868983130454
2011-03-02,0.8215057884030643
2011-03-03,0.8158781568381497
2011-03-04,0.8284184037593159
2011-03-07,0.8179602033435442
2011-03-08,0.8179344716378849
2011-03-09,0.8178355157063953
2011-03-10,0.8187648033515136
2011-03-11,0.8179805279741293
2011-03-14,0.8235023255852626
2011-03-15,0.7626540113197721
2011-03-16,0.7587412016029197
2011-03-17,0.7754316853598643
2011-03-18,0.7787659245732228
2011-03-21,0.7811301545087624
2011-03-22,0.7766628115585561
2011-03-23,0.7736747640634475
2011-03-24,0.776952286561905
2011-03-25,0.7736542206249474
2011-03-28,0.7723241351283284
2011-03-29,0.7426967740180824
2011-03-30,0.7424119045014942
2011-03-31,0.7422884426979592
2011-04-01,0.7356542863162066
2011-04-06,0.7442215491337923
2011-04-07,0.7494610007487176
2011-04-08,0.7428842356857682
2011-04-11,0.6629504219345864
2011-04-12,0.6331845814447745
2011-04-13,0.594256551782262
2011-04-14,0.5969586327748388
2011-04-15,0.5980330385731552
2011-04-18,0.5971805552986861
2011-04-19,0.541677704117365
2011-04-20,0.54298180863275
2011-04-21,0.5769222581436398
2011-04-22,0.5913113324402522
2011-04-25,0.7312342930714845
2011-04-26,0.7352544316041463
2011-04-27,0.7289357597724804
2011-04-28,0.8011404343430482
2011-04-29,0.826532155009146
2011-05-03,0.8539540693104075
2011-05-04,0.8888041286269165
2011-05-05,0.8816627489919716
2011-05-06,0.8855405717789488
2011-05-09,0.8830555004969021
2011-05-10,0.8706982070891695
2011-05-11,0.8774630133980137
2011-05-12,0.9242663771274028
2011-05-13,0.9221695369228288
2011-05-16,0.9474463149935032
2011-05-17,0.9435130554055298
2011-05-18,0.9507871802642035
2011-05-19,0.960586039140443
2011-05-20,0.9605050172222451
2011-05-23,1.000673194494542
2011-05-24,1.0042136303085978
2011-05-25,1.004464802440794
2011-05-26,1.0065470261589913
2011-05-27,1.0012428086369027
2011-05-30,0.9982530609820677
2011-05-31,1.1132505722514463
2011-06-01,1.1117689205297165
2011-06-02,1.0966606906677672
2011-06-03,1.0668092026327978
2011-06-07,1.077532775467249
2011-06-08,1.0769639056129598
2011-06-09,1.1232794471033314
2011-06-10,1.125934014665136
2011-06-13,1.1207832260334405
2011-06-14,1.1082988632878137
2011-06-15,1.0837565953758996
2011-06-16,1.0774014997255588
2011-06-17,1.0961975161228483
2011-06-20,1.1014232678953608
2011-06-21,1.1163833290336485
2011-06-22,1.1163922821768464
2011-06-23,1.1197042752638608
2011-06-24,1.024440263315793
2011-06-27,1.0240310800196264
2011-06-28,1.024598832080966
2011-06-29,1.0004671643843563
2011-06-30,0.9866337947211932
2011-07-01,0.984696067785819
2011-07-04,1.018357412371437
2011-07-05,1.0184145767842512
2011-07-06,1.0210764752731156
2011-07-07,1.029558661822867
2011-07-08,1.0309184838282148
2011-07-11,1.0297277487055383
2011-07-12,0.9015928950300096
2011-07-13,0.8850866272978949
2011-07-14,0.8854824703379106
2011-07-15,0.8730508107589761
2011-07-18,0.8756088948144685
2011-07-19,0.8712779356696735
2011-07-20,0.8753786887544003
2011-07-21,0.8911105118396634
2011-07-22,0.8903145938204705
2011-07-25,0.9245950139224249
2011-07-26,0.9251213848300291
2011-07-27,0.9435488672741287
2011-07-28,0.946953501317393
2011-07-29,0.9532812957796084
2011-08-01,0.9527953973085713
2011-08-02,0.9232910997899264
2011-08-03,0.9220779910338747
2011-08-04,0.9155091229917515
2011-08-05,0.9279728579069538
2011-08-08,0.9720664850723404
2011-08-09,0.9728626281597926
2011-08-10,0.9863465010856164
2011-08-11,0.9633199074296157
2011-08-12,0.9629780260099132
2011-08-15,0.9319348847438409
2011-08-16,0.9256223572604718
2011-08-17,0.9317278449226224
2011-08-18,0.9504616701313852
2011-08-19,0.948632925891145
2011-08-22,0.9410841749073908
2011-08-23,0.9411952514592272
2011-08-24,0.9446116933947472
2011-08-25,0.9349363001763344
2011-08-26,0.9348889276299409
2011-08-29,0.9377187125462914
2011-08-30,0.9324886921694815
2011-08-31,0.9294640845062139
2011-09-01,0.9314538891350199
2011-09-02,0.9348861436971936
2011-09-05,0.9418367030371575
2011-09-06,0.9497694313342825
2011-09-07,0.9525909231066002
2011-09-08,0.9523842172016203
2011-09-09,0.9520728024961596
2011-09-13,0.9516819438123897
2011-09-14,0.9628496127792439
2011-09-15,0.9643389102374691
2011-09-16,0.9646732973349038
2011-09-19,1.0169587319345763
2011-09-20,1.0007197788777045
2011-09-21,1.0303624695436397
2011-09-22,1.0470114561576713
2011-09-23,1.04448324572676
2011-09-26,1.0614916972892239
2011-09-27,1.0653336430632228
2011-09-28,1.0428446307330304
2011-09-29,1.0263019584381836
2011-09-30,1.0284794781038955
2011-10-10,1.0088944930389445
2011-10-11,1.0060044773963046
2011-10-12,0.9978538587269946
2011-10-13,1.0007213871597818
2011-10-14,1.004010116107267
2011-10-17,1.002436049540351
2011-10-18,0.9729115538968222
2011-10-19,0.9783975270428811
2011-10-20,0.9865591789143023
2011-10-21,0.9857869737644507
2011-10-24,0.9712485326572663
2011-10-25,0.9984688840509469
2011-10-26,0.9906735516340548
2011-10-27,0.9893815225173073
2011-10-28,0.9772013054031548
2011-10-31,0.9775642409697622
2011-11-01,0.9780626021814898
2011-11-02,0.9488729071732288
2011-11-03,0.949482773058797
2011-11-04,0.9481589628516308
2011-11-07,0.932546980407842
2011-11-08,0.9358417803437005
2011-11-09,0.9299399634738154
2011-11-10,0.8329714011484975
2011-11-11,0.8314836737872013
2011-11-14,0.8085511398922806
2011-11-15,0.8056783403244102
2011-11-16,0.8064798622969201
2011-11-17,0.8027093662981475
2011-11-18,0.9245030489220195
2011-11-21,0.9242832805870069
2011-11-22,0.9242817739370719
2011-11-23,0.9150496006170694
2011-11-24,0.9096769511904026
2011-11-25,0.9266002826995582
2011-11-28,0.9280385680660409
2011-11-29,0.9112394073474895
2011-11-30,0.9994489801757281
2011-12-01,0.9658457757643057
2011-12-02,0.9495281670192384
2011-12-05,0.9590599059975781
2011-12-06,0.9606706762939814
2011-12-07,0.9515150032023185
2011-12-08,0.9513744902325783
2011-12-09,0.9796628223519583
2011-12-12,0.992528796705431
2011-12-13,1.0225780777467375
2011-12-14,1.0145353953416603
2011-12-15,1.0279760181832878
2011-12-16,1.018083617283165
2011-12-19,1.019499550241082
2011-12-20,1.0213732892684535
2011-12-21,1.0046096015803396
2011-12-22,0.9996347567687852
2011-12-23,1.006164571783373
2011-12-26,0.9873714150181372
2011-12-27,1.003043896307768
2011-12-28,1.0060204090978049
2011-12-29,1.0039408903681792
2011-12-30,0.9899551951116523
2012-01-04,0.9596716443753376
2012-01-05,0.9719348915467521
2012-01-06,0.9822087256025808
2012-01-09,0.9513326829094139
2012-01-10,0.9621073693307934
2012-01-11,0.9539659353393779
2012-01-12,0.9537884320202485
2012-01-13,0.9707255844518571
2012-01-16,0.9443015776105963
2012-01-17,0.9531119720269151
2012-01-18,0.9504706387096127
2012-01-19,0.9485882763468655
2012-01-20,0.9325632523286256
2012-01-30,0.9322348272663383
2012-01-31,0.9310620879506437
2012-02-01,0.9306413892318849
2012-02-02,0.9152654431841252
2012-02-03,0.9152396913267442
2012-02-06,0.9154748311972531
2012-02-07,0.8989609836447611
2012-02-08,0.8951499491591423
2012-02-09,0.8954040972609763
2012-02-10,0.896276580076922
2012-02-13,0.8963940467863595
2012-02-14,0.8983228986565568
2012-02-15,0.9052160957926629
2012-02-16,0.9043031525256141
2012-02-17,0.9041376232581966
2012-02-20,0.9040007083801788
2012-02-21,0.9006169484704425
2012-02-22,0.9020038045731421
2012-02-23,0.9138982206829749
2012-02-24,0.9009277441668551
2012-02-27,0.9020338129714773
2012-02-28,0.9042749776830489
2012-02-29,0.923297381245747
2012-03-01,0.9233922470579673
2012-03-02,0.9395588966712808
2012-03-05,0.9477929135093874
2012-03-06,0.9534257936621963
2012-03-07,0.950670726014447
2012-03-08,0.9347867034564761
2012-03-09,0.9307174045899915
2012-03-12,0.931749390892791
2012-03-13,0.932247119560273
2012-03-14,0.8990942040912729
2012-03-15,0.9111280463628902
2012-03-16,0.9008811994305089
2012-03-19,0.9003784187919599
2012-03-20,0.8645432023921774
2012-03-21,0.8644545925727798
2012-03-22,0.8652953689474036
2012-03-23,0.8639980928381198
2012-03-26,0.8650122975588074
2012-03-27,0.8638493996666188
2012-03-28,0.9180632944753002
2012-03-29,0.9247537803492321
2012-03-30,0.9184639032161895
2012-04-05,0.899422906337724
2012-04-06,0.89983512920803
2012-04-09,0.8861846623548846
2012-04-10,0.8843627874419174
2012-04-11,0.8842707242143317
2012-04-12,0.8758807162809206
2012-04-13,0.8790459268698556
2012-04-16,0.8725889913932708
2012-04-17,0.8752673793781334
2012-04-18,0.8752891676959674
2012-04-19,0.8766500638662699
2012-04-20,0.8717220294598846
2012-04-23,0.8712781968965901
2012-04-24,0.8727647519487145
2012-04-25,0.8762710577373954
2012-04-26,0.8742321866269409
2012-04-27,0.8691930470284684
2012-05-02,0.8633284173111635
2012-05-03,0.8640467635453154
2012-05-04,0.862895474049065
2012-05-07,0.8632029247371987
2012-05-08,0.8631869768542604
2012-05-09,0.8684559136716462
2012-05-10,0.8683609127986616
2012-05-11,0.8812977004286724
2012-05-14,0.8837236643640525
2012-05-15,0.8829400556812678
2012-05-16,0.8721346620197286
2012-05-17,0.8804688833768031
2012-05-18,0.8657261063410415
2012-05-21,0.8675757108232629
2012-05-22,0.8469167798100169
2012-05-23,0.8466563044964138
2012-05-24,0.8496868241997232
2012-05-25,0.8160683635881363
2012-05-28,0.838926071229551
2012-05-29,0.8171441046137669
2012-05-30,0.8188086415140139
2012-05-31,0.8241715405810952
2012-06-01,0.8240038577372284
2012-06-04,0.7976755668895087
2012-06-05,0.7975391598790355
2012-06-06,0.7976899737548923
2012-06-07,0.8019960358163339
2012-06-08,0.7925076441516238
2012-06-11,0.7924103599635163
2012-06-12,0.8073781412117123
2012-06-13,0.7939783051360585
2012-06-14,0.794329743814995
2012-06-15,0.7966177325927027
2012-06-18,0.7910675774158116
2012-06-19,0.7858349418522319
2012-06-20,0.7837688486854006
2012-06-21,0.7947133523565056
2012-06-25,0.7935561624444256
2012-06-26,0.7934972245977906
2012-06-27,0.793779495567717
2012-06-28,0.8032344962969813
2012-06-29,0.7685504471679664
2012-07-02,0.7674071648449838
2012-07-03,0.7672446980164837
2012-07-04,0.7675270944560836
2012-07-05,0.7836820686262187
2012-07-06,0.767947139292291
2012-07-09,0.7952432339804825
2012-07-10,0.7974456045157102
2012-07-11,0.8046304715187417
2012-07-12,0.7876554482981547
2012-07-13,0.7871335482945757
2012-07-16,0.7943718686725396
2012-07-17,0.7974364562460129
2012-07-18,0.7980817906822859
2012-07-19,0.7961103999081482
2012-07-20,0.7875052571328636
2012-07-23,0.787979074641335
2012-07-24,0.7975867912469272
2012-07-25,0.8081098216858611
2012-07-26,0.7942132153323451
2012-07-27,0.7941360701764971
2012-07-30,0.7860882984741077
2012-07-31,0.787121010762885
2012-08-01,0.7859074672935462
2012-08-02,0.7580683025470649
2012-08-03,0.7549812558918794
2012-08-06,0.7491630671039394
2012-08-07,0.7520508288320455
2012-08-08,0.7508060208648021
2012-08-09,0.7456782884538999
2012-08-10,0.7386005717202953
2012-08-13,0.7250357927619128
2012-08-14,0.7227620059068179
2012-08-15,0.6996899133325569
2012-08-16,0.6995673725154512
2012-08-17,0.698685803936173
2012-08-20,0.7057327277845276
2012-08-21,0.7017422157621928
2012-08-22,0.7045975072154579
2012-08-23,0.7057554768733048
2012-08-24,0.7218431169006531
2012-08-27,0.7075552537734504
2012-08-28,0.7201705826875141
2012-08-29,0.7355949787569429
2012-08-30,0.7388842226054098
2012-08-31,0.7437751179320181
2012-09-03,0.7082728862684519
2012-09-04,0.7519843156084445
2012-09-05,0.7554211388677768
2012-09-06,0.7605642589302241
2012-09-07,0.8193622780670241
2012-09-10,0.8227405673365803
2012-09-11,0.8250968187052381
2012-09-12,0.8284002688238056
2012-09-13,0.8342296202827759
2012-09-14,0.8320938687375404
2012-09-17,0.8451850239156553
2012-09-18,0.8629971873963016
2012-09-19,0.8633472505417115
2012-09-20,0.8678211071275486
2012-09-21,0.8676114674639582
2012-09-24,0.8604071818422143
2012-09-25,0.8624073759287583
2012-09-26,0.8744916201279638
2012-09-27,0.8762383000109054
2012-09-28,0.8588524173344733
2012-10-08,0.8579988688394445
2012-10-09,0.8672841644085428
2012-10-10,0.8728513567803482
2012-10-11,0.8826691529779729
2012-10-12,0.8814778420220362
2012-10-15,0.8839015572569479
2012-10-16,0.8836235344642736
2012-10-17,0.8844162362168521
2012-10-18,0.8931470885869627
2012-10-19,0.8918425039894845
2012-10-22,0.8901039430483829
2012-10-23,0.860470924354863
2012-10-24,0.857502764652647
2012-10-25,0.832384242728972
2012-10-26,0.9014880110128283
2012-10-29,0.9073974576135126
2012-10-30,0.9071639831111874
2012-10-31,0.9148993417267676
2012-11-01,0.9140016619948949
2012-11-02,0.9120080121521351
2012-11-05,0.9098981796509803
2012-11-06,0.9124059096044267
2012-11-07,0.9117263315988098
2012-11-08,0.9228020742293672
2012-11-09,0.9234313298336692
2012-11-12,0.9307294886965441
2012-11-13,0.9316354016719737
2012-11-14,0.9318384129501953
2012-11-15,0.941405483411313
2012-11-16,0.9326486414892905
2012-11-19,0.9325462702852049
2012-11-20,0.9291203825178874
2012-11-21,0.9406027090808728
2012-11-22,0.9422677164397263
2012-11-23,0.9396545535017349
2012-11-26,0.9297341619376942
2012-11-27,0.9251857111098518
2012-11-28,0.9314412705086739
2012-11-29,0.9057666032406894
2012-11-30,0.9019747813473626
2012-12-03,0.9013043259593059
2012-12-04,0.9080493947900017
2012-12-05,0.894473276147019
2012-12-06,0.8962525231609696
2012-12-07,0.9421637006565156
2012-12-10,0.9453259854481156
2012-12-11,0.9443992976355187
2012-12-12,0.9466134318048197
2012-12-13,0.955909664504356
2012-12-14,0.935130000413162
2012-12-17,0.9348910953320425
2012-12-18,0.9354937496390096
2012-12-19,0.9348463597055743
2012-12-20,0.9363912413233284
2012-12-21,0.9379982465728287
2012-12-24,0.9272053303182051
2012-12-25,0.9312040883675858
2012-12-26,0.9329873428458095
2012-12-27,0.9065809683260776
2012-12-28,0.8398689288182328
2012-12-31,0.8180745501614666
2013-01-04,0.8184119526610947
2013-01-07,0.8126693442885756
2013-01-08,0.8127573753463854
2013-01-09,0.812721791125771
2013-01-10,0.813267183932644
2013-01-11,0.8483057733861704
2013-01-14,0.8249535346634723
2013-01-15,0.826209069429244
2013-01-16,0.8370800391757216
2013-01-17,0.8365836604000472
2013-01-18,0.8246950957162683
2013-01-21,0.8240467830126745
2013-01-22,0.8286441833062207
2013-01-23,0.8321123824506959
2013-01-24,0.8315060663563415
2013-01-25,0.8337172984364691
2013-01-28,0.8093905103715134
2013-01-29,0.7988080673624134
2013-01-30,0.8061592334933879
2013-01-31,0.8082520506457508
2013-02-01,0.8126223701434407
2013-02-04,0.8153980367349557
2013-02-05,0.8260789952783831
2013-02-06,0.82555375369424
2013-02-07,0.8159150754660051
2013-02-08,0.8176377041433431
2013-02-18,0.8413877538666389
2013-02-19,0.8456556483175675
2013-02-20,0.8445764673902298
2013-02-21,0.9010441705008763
2013-02-22,0.9076909505133356
2013-02-25,0.9041865320656242
2013-02-26,0.9212900310197248
2013-02-27,0.9194689123354042
2013-02-28,0.906266191493012
2013-03-01,0.9085815640966473
2013-03-04,0.9761152318245668
2013-03-05,0.8900365006146629
2013-03-06,0.8968775875024189
2013-03-07,0.8896242757629342
2013-03-08,0.887448995780206
2013-03-11,0.8889390139728239
2013-03-12,0.8825118385816383
2013-03-13,0.8762459985232199
2013-03-14,0.8747489921093221
2013-03-15,0.8752758638863458
2013-03-18,0.8800434603891161
2013-03-19,0.8808613368344088
2013-03-20,0.8431995702400219
2013-03-21,0.8430837641453215
2013-03-22,0.8430384116296157
2013-03-25,0.8388819452294163
2013-03-26,0.8499889976073927
2013-03-27,0.8492478901566173
2013-03-28,0.8274579257364392
2013-03-29,0.8271285315987045
2013-04-01,0.8270440091613407
2013-04-02,0.8239889544453554
2013-04-03,0.8234704234724456
2013-04-08,0.8215880854246239
2013-04-09,0.8207157575565707
2013-04-10,0.8196630016523399
2013-04-11,0.8215203636533345
2013-04-12,0.8235549466713278
2013-04-15,0.8278582527662663
2013-04-16,0.8201000911440256
2013-04-17,0.8205850721498528
2013-04-18,0.8213281427533095
2013-04-19,0.8045933615197629
2013-04-22,0.804464879622407
2013-04-23,0.7878248244034888
2013-04-24,0.7685618147569032
2013-04-25,0.7681925291707727
2013-04-26,0.7773223543147719
2013-05-02,0.7764668894926043
2013-05-03,0.776560813302088
2013-05-06,0.7689236145662287
2013-05-07,0.7688070158124216
2013-05-08,0.7692661977456663
2013-05-09,0.771811778293462
2013-05-10,0.7697915640494191
2013-05-13,0.7659930276905748
2013-05-14,0.7683333326354915
2013-05-15,0.7660041889916077
2013-05-16,0.7468516495819107
2013-05-17,0.7736652870555697
2013-05-20,0.773229802642078
2013-05-21,0.7721217520235092
2013-05-22,0.7725711576088421
2013-05-23,0.7759981351987782
2013-05-24,0.7762851573950014
2013-05-27,0.7755080967290783
2013-05-28,0.7665638474104202
2013-05-29,0.7658907047392082
2013-05-30,0.7704971603272033
2013-05-31,0.7643323341817776
2013-06-03,0.7650986495342861
2013-06-04,0.7602098565770165
2013-06-05,0.7609590011770913
2013-06-06,0.7431176455283333
2013-06-07,0.7536998471964557
2013-06-13,0.7766976175430016
2013-06-14,0.7683330638902574
2013-06-17,0.7745142607036563
2013-06-18,0.7600819375352476
2013-06-19,0.7407647423258455
2013-06-20,0.7898423202346923
2013-06-21,0.7905688483075444
2013-06-24,0.7370191052980547
2013-06-25,0.7413947320667749
2013-06-26,0.739019897012096
2013-06-27,0.7338709863167393
2013-06-28,0.6873442918003501
2013-07-01,0.6884690057535605
2013-07-02,0.7117929720905127
2013-07-03,0.7359851790984118
2013-07-04,0.73162130883974
2013-07-05,0.7313700789018844
2013-07-08,0.7700511039125942
2013-07-09,0.7699674996512864
2013-07-10,0.7707493842286259
2013-07-11,0.7777045393415771
2013-07-12,0.7902480413680133
2013-07-15,0.7847269613364929
2013-07-16,0.7836741119272266
2013-07-17,0.7696510919131904
2013-07-18,0.77266494605987
2013-07-19,0.7757991416423125
2013-07-22,0.7742542574908662
2013-07-23,0.762403262069345
2013-07-24,0.761927808018823
2013-07-25,0.758313683116044
2013-07-26,0.7583943153593989
2013-07-29,0.7828919720415357
2013-07-30,0.7862747670889184
2013-07-31,0.7861466222670543
2013-08-01,0.7928626091220006
2013-08-02,0.7923903528097558
2013-08-05,0.7986536347360828
2013-08-06,0.7959652716986889
2013-08-07,0.7961208528302828
2013-08-08,0.7966141052536796
2013-08-09,0.797499683916225
2013-08-12,0.8065561725112622
2013-08-13,0.8084902096364266
2013-08-14,0.8108112135863689
2013-08-15,0.8007948501820034
2013-08-16,0.8033614328639508
2013-08-19,0.7938429625584845
2013-08-20,0.7964952088154008
2013-08-21,0.7961994273055156
2013-08-22,0.7977556761823857
2013-08-23,0.797000192832715
2013-08-26,0.796324668819216
2013-08-27,0.7960306056701362
2013-08-28,0.7906333986763014
2013-08-29,0.7891562543760068
2013-08-30,0.7867630559694795
2013-09-02,0.7893097594581501
2013-09-03,0.7878599230075841
2013-09-04,0.7839517215808313
2013-09-05,0.7930235796490445
2013-09-06,0.7892260456900577
2013-09-09,0.7832898104523777
2013-09-10,0.7960612626236415
2013-09-11,0.8100068539080019
2013-09-12,0.7886164555618741
2013-09-13,0.79894369393394
2013-09-16,0.8018042521993666
2013-09-17,0.8181214967191468
2013-09-18,0.818847171973771
2013-09-23,0.8051355324693369
2013-09-24,0.8116119873014958
2013-09-25,0.8148383337143278
2013-09-26,0.8146464498542294
2013-09-27,0.8129092394389038
2013-09-30,0.8133663137515751
2013-10-08,0.805084393539055
2013-10-09,0.8059090708801465
2013-10-10,0.8021650750057256
2013-10-11,0.8162579723022946
2013-10-14,0.8144931806825672
2013-10-15,0.8125586431804148
2013-10-16,0.7675649763744208
2013-10-17,0.7705312675777493
2013-10-18,0.7650735705398981
2013-10-21,0.7456392494546349
2013-10-22,0.741945881989613
2013-10-23,0.7370867748929587
2013-10-24,0.7363440470308669
2013-10-25,0.7450071533234227
2013-10-28,0.7456198768393572
2013-10-29,0.7399559635136906
2013-10-30,0.7498595540042003
2013-10-31,0.7398037310684222
2013-11-01,0.7379092839308382
2013-11-04,0.7374594919537771
2013-11-05,0.7373335921048909
2013-11-06,0.7207949276827496
2013-11-07,0.7174504425618897
2013-11-08,0.7179362409370365
2013-11-11,0.7168702498437434
2013-11-12,0.7142671045331388
2013-11-13,0.7135232039128301
2013-11-14,0.7088857214916
2013-11-15,0.7003627632316974
2013-11-18,0.693743241897554
2013-11-19,0.6938424099330169
2013-11-20,0.6949689372230617
2013-11-21,0.6913549867546952
2013-11-22,0.6923053113500154
2013-11-25,0.6880921698028029
2013-11-26,0.6880413533905645
2013-11-27,0.6845890024833183
2013-11-28,0.7032971905429545
2013-11-29,0.7032767578681102
2013-12-02,0.7021744738903458
2013-12-03,0.7273957390425565
2013-12-04,0.7460586729576484
2013-12-05,0.7366337660564517
2013-12-06,0.7045798710429434
2013-12-09,0.7067480191964627
2013-12-10,0.7072135885293023
2013-12-11,0.7597799296555089
2013-12-12,0.7576989423188124
2013-12-13,0.7597603562272035
2013-12-16,0.7894874553418123
2013-12-17,0.7903362801295959
2013-12-18,0.7900794762738572
2013-12-19,0.7340890836534126
2013-12-20,0.7772424663938264
2013-12-23,0.7740545192637331
2013-12-24,0.7749919882486963
2013-12-25,0.7800818797595446
2013-12-26,0.7975936286204508
2013-12-27,0.8152796553506381
2013-12-30,0.8162050265755306
2013-12-31,0.8146880821272635
2014-01-02,0.8131522233656475
2014-01-03,0.8215719164712462
2014-01-06,0.8267551047448751
2014-01-07,0.8268582090057982
2014-01-08,0.8249207270212441
2014-01-09,0.8570108650874755
2014-01-10,0.8745756234363232
2014-01-13,0.892320598720826
2014-01-14,0.8979590030529601
2014-01-15,0.898793741081483
2014-01-16,0.8999472500548191
2014-01-17,0.9073808238235235
2014-01-20,0.9080573449626885
2014-01-21,0.9129303329482202
2014-01-22,0.9106629543991206
2014-01-23,0.920127120114572
2014-01-24,0.9203937390264219
2014-01-27,0.9060808350360475
2014-01-28,0.9074186258348071
2014-01-29,0.9020196570540067
2014-01-30,0.893038741659477
2014-02-07,0.9036199718944127
2014-02-10,0.8602454758500622
2014-02-11,0.8589079354770363
2014-02-12,0.8581673425771547
2014-02-13,0.8634228843041406
2014-02-14,0.8631322435520477
2014-02-17,0.8693309930844
2014-02-18,0.8224920762961406
2014-02-19,0.8045626043381667
2014-02-20,0.8012397769925228
2014-02-21,0.805702986145443
2014-02-24,0.8198734381007439
2014-02-25,0.7826452381188759
2014-02-26,0.781784648067468
2014-02-27,0.7794795820406731
2014-02-28,0.7632614085867896
2014-03-03,0.7648921241776615
2014-03-04,0.7662717007997617
2014-03-05,0.7554732134369968
2014-03-06,0.7529453940375708
2014-03-07,0.7479826680506683
2014-03-10,0.7914425216968243
2014-03-11,0.792760628936091
2014-03-12,0.8047037193163064
2014-03-13,0.7641020342360065
2014-03-14,0.7701043441635648
2014-03-17,0.7765839744386432
2014-03-18,0.7795708307208319
2014-03-19,0.6999005961184519
2014-03-20,0.6584736188365999
2014-03-21,0.5776596804137624
2014-03-24,0.6892638303383384
2014-03-25,0.6886818620328723
2014-03-26,0.6943230277674647
2014-03-27,0.6798362764458664
2014-03-28,0.6886435336753864
2014-03-31,0.689962089229734
2014-04-01,0.6894354055329216
2014-04-02,0.7083746788251537
2014-04-03,0.7477116744407147
2014-04-04,0.752712469743456
2014-04-08,0.6894183388022287
2014-04-09,0.6903451575014893
2014-04-10,0.7008382491050281
2014-04-11,0.6952899381044219
2014-04-14,0.6943973685539386
2014-04-15,0.7411896872706707
2014-04-16,0.7409309243597604
2014-04-17,0.7451566289370812
2014-04-18,0.7451588700229144
2014-04-21,0.7262205117749074
2014-04-22,0.7200977240871326
2014-04-23,0.7192621259387131
2014-04-24,0.7252504668331944
2014-04-25,0.7306548918282819
2014-04-28,0.8094577889303609
2014-04-29,0.8135915948059821
2014-04-30,0.8133644880043974
2014-05-05,0.8141375210951406
2014-05-06,0.8151797726488884
2014-05-07,0.8207632608649998
2014-05-08,0.8201083138817878
2014-05-09,0.8200424048782547
2014-05-12,0.8790226014244407
2014-05-13,0.8849936204276896
2014-05-14,0.8837675413286
2014-05-15,0.8948873913518932
2014-05-16,0.897864862046112
2014-05-19,0.8787363095938612
2014-05-20,0.8788182005178785
2014-05-21,0.8732771619310423
2014-05-22,0.8724642500336787
2014-05-23,0.8693836819673595
2014-05-26,0.8632847746896662
2014-05-27,0.8648597043277847
2014-05-28,0.8348057852463711
2014-05-29,0.8420260679382068
2014-05-30,0.8421346389445682
2014-06-03,0.8403238363823546
2014-06-04,0.8107630352110639
2014-06-05,0.8038909524341886
2014-06-06,0.8031879913139358
2014-06-09,0.8032397519076988
2014-06-10,0.7904118785373073
2014-06-11,0.7904335214864884
2014-06-12,0.788504637681433
2014-06-13,0.7815947948215712
2014-06-16,0.7813582090105613
2014-06-17,0.7757314590004022
2014-06-18,0.7778031797826555
2014-06-19,0.8120133258067737
2014-06-20,0.8140686114864465
2014-06-23,0.8138999607612785
2014-06-24,0.8157043153441109
2014-06-25,0.8100888441117986
2014-06-26,0.8094440731278877
2014-06-27,0.8118759895147201
2014-06-30,0.8210733019423394
2014-07-01,0.8217860977466698
2014-07-02,0.823711464108455
2014-07-03,0.8257729453934892
2014-07-04,0.8243684728780238
2014-07-07,0.8273879101368727
2014-07-08,0.8236168056447569
2014-07-09,0.819115781843928
2014-07-10,0.8140452274854787
2014-07-11,0.827991804160915
2014-07-14,0.8153722345557954
2014-07-15,0.821305111141523
2014-07-16,0.820656830657978
2014-07-17,0.8409668820865972
2014-07-18,0.8428836887803933
2014-07-21,0.8441884007995432
2014-07-22,0.8253160904774334
2014-07-23,0.8352306635122284
2014-07-24,0.8107550443932394
2014-07-25,0.8154680972103427
2014-07-28,0.7298321486675833
2014-07-29,0.7210433190510681
2014-07-30,0.7287794457946698
2014-07-31,0.7472091244706431
2014-08-01,0.7326407900291939
2014-08-04,0.7348535378605198
2014-08-05,0.7335907648535768
2014-08-06,0.7117113424447369
2014-08-07,0.6916588628195358
2014-08-08,0.6877766653743093
2014-08-11,0.7020041218717351
2014-08-12,0.7000498807486352
2014-08-13,0.6993926814050274
2014-08-14,0.7184431191934616
2014-08-15,0.7113728453989551
2014-08-18,0.7054807264264404
2014-08-19,0.7014605498550983
2014-08-20,0.712925066994013
2014-08-21,0.6960989300022149
2014-08-22,0.7076524400575058
2014-08-25,0.6347230790042034
2014-08-26,0.7198446882212249
2014-08-27,0.7083119643473177
2014-08-28,0.7270043130344542
2014-08-29,0.7154151378422603
2014-09-01,0.7232233824840032
2014-09-02,0.7224766802119895
2014-09-03,0.7170454271345809
2014-09-04,0.7242574098654534
2014-09-05,0.7520437684420946
2014-09-09,0.7439245071725458
2014-09-10,0.7316628887399648
2014-09-11,0.7493363745553543
2014-09-12,0.7563036891181586
2014-09-15,0.7529415761166143
2014-09-16,0.5812479027689949
2014-09-17,0.5707521240628636
2014-09-18,0.5820019090726194
2014-09-19,0.5660598230260806
2014-09-22,0.7093490885023958
2014-09-23,0.7245655268788418
2014-09-24,0.7446484957946573
2014-09-25,0.7467358372220553
2014-09-26,0.745734011786239
2014-09-29,0.7418400090938069
2014-09-30,0.7410931136330029
2014-10-08,0.7289653256310339
2014-10-09,0.7347502273553518
2014-10-10,0.6977858763018375
2014-10-13,0.6878391911984924
2014-10-14,0.685740150378264
2014-10-15,0.762019969764078
2014-10-16,0.8331173073522513
2014-10-17,0.8448860810011325
2014-10-20,0.8562874422590548
2014-10-21,0.8381006394029812
2014-10-22,0.8845794285693899
2014-10-23,0.9601159458131149
2014-10-24,0.9556167403475951
2014-10-27,0.9450955357097839
2014-10-28,1.0104830597208778
2014-10-29,1.1167789046299454
2014-10-30,1.1321622142867696
2014-10-31,1.2053791568768293
2014-11-03,1.2283317193541767
2014-11-04,1.2293103626277635
2014-11-05,1.2243969186505144
2014-11-06,1.219770107214511
2014-11-07,1.225346612486537
2014-11-10,1.3685557486951894
2014-11-11,1.3810479845242367
2014-11-12,1.3786284189319327
2014-11-13,1.3059429247179166
2014-11-14,1.305564338841156
2014-11-17,1.3014477135352507
2014-11-18,1.366172919319168
2014-11-19,1.3591024505748177
2014-11-20,1.3600297305769184
2014-11-21,1.3154212480602216
2014-11-24,1.2736313300002866
2014-11-25,1.2644351002415457
2014-11-26,1.2031545968765571
2014-11-27,1.1622124777104512
2014-11-28,1.170549294404449
2014-12-01,1.1972042493611121
2014-12-02,1.1330250359087781
2014-12-03,1.2503466754078036
2014-12-04,1.0269625165506455
2014-12-05,0.9903002708754465
2014-12-08,1.030516067445862
2014-12-09,0.9535662623170654
2014-12-10,0.9660937983367898
2014-12-11,0.8449289814718948
2014-12-12,0.8442553903855909
2014-12-15,0.8343127151970633
2014-12-16,0.8654375485448548
2014-12-17,0.8477270844380655
2014-12-18,0.8449631845208647
2014-12-19,0.8821065721204041
2014-12-22,0.8791772979509564
2014-12-23,1.0066301930693073
2014-12-24,1.0446771802967583
2014-12-25,1.0920895816653633
2014-12-26,1.0507212081460213
2014-12-29,1.0525227466606972
2014-12-30,1.054769351396435
2014-12-31,1.0679944947608309
2015-01-05,1.0916138777339828
2015-01-06,1.095006277840873
2015-01-07,1.0956474401740517
2015-01-08,1.1398417792795768
2015-01-09,1.1404506451500958
2015-01-12,1.1722637071381414
2015-01-13,1.1722667381115037
2015-01-14,1.1740502327969164
2015-01-15,1.1946247544729993
2015-01-16,1.1920750533877387
2015-01-19,1.2262742442258945
2015-01-20,1.2359335319057372
2015-01-21,1.1927337038867885
2015-01-22,1.1925773381236695
2015-01-23,1.1926259463576645
2015-01-26,1.195298137768065
2015-01-27,1.1988233167744158
2015-01-28,1.1776507720753349
2015-01-29,1.1558250516697697
2015-01-30,1.1571182955667965
2015-02-02,1.1758429636069767
2015-02-03,1.1533808278961393
2015-02-04,1.1285616003196446
2015-02-05,1.14172293246853
2015-02-06,1.1444320696005454
2015-02-09,1.1316447030727752
2015-02-10,1.1297464650373208
2015-02-11,1.1273373742338924
2015-02-12,1.1273890816138208
2015-02-13,1.1365847321176654
2015-02-16,1.1347641753255011
2015-02-17,1.136282124756182
2015-02-25,1.1240887953619867
2015-02-26,1.107210666984289
2015-02-27,1.1075403338552843
2015-03-02,1.1204731514585426
2015-03-03,1.1416097448204732
2015-03-04,1.1388460477814784
2015-03-05,1.1452489664615806
2015-03-06,1.140489838624144
2015-03-09,1.1255049740991847
2015-03-10,1.1244661759373344
2015-03-11,1.1244247934491385
2015-03-12,1.1147680410990475
2015-03-13,1.1199988088047135
2015-03-16,1.0977519637017792
2015-03-17,1.1065789035371911
2015-03-18,1.1677782718851009
2015-03-19,1.1722268888688705
2015-03-20,1.166890145557441
2015-03-23,1.1800179070014396
2015-03-24,1.1761653346682401
2015-03-25,1.1897551181083468
2015-03-26,1.1883519283217203
2015-03-27,1.1853090067431284
2015-03-30,1.1792451926146619
2015-03-31,1.14441177767611
2015-04-01,1.1268350650674979
2015-04-02,1.1249243969059453
2015-04-03,1.1939036374701206
2015-04-07,1.1749228665946827
2015-04-08,1.1710813460381184
2015-04-09,1.1828820328332375
2015-04-10,1.166540009145544
2015-04-13,1.157460333118669
2015-04-14,1.1580070876734194
2015-04-15,1.198095601283862
2015-04-16,1.1276002467920545
2015-04-17,1.141134160189522
2015-04-20,1.092672324505659
2015-04-21,1.1543591265721027
2015-04-22,1.13153211208018
2015-04-23,1.122950837125269
2015-04-24,1.1348793256871748
2015-04-27,1.1430280029556847
2015-04-28,1.2004033524431776
2015-04-29,1.1951397222385551
2015-04-30,1.2108873319778346
2015-05-04,1.2594159171244355
2015-05-05,1.2049214825275716
2015-05-06,1.2537198302593422
2015-05-07,1.364612867736855
2015-05-08,1.3850801440390375
2015-05-11,1.3567150809666115
2015-05-12,1.3469361311927095
2015-05-13,1.3421913382026605
2015-05-14,1.346300660941972
2015-05-15,1.3602393159483692
2015-05-18,1.369835906873919
2015-05-19,1.3438876206394605
2015-05-20,1.3475599032540335
2015-05-21,1.3127694709063968
2015-05-22,1.3377020616796609
2015-05-25,1.3075296760482222
2015-05-26,1.3037745887638392
2015-05-27,1.2943037987398311
2015-05-28,1.31496777510226
2015-05-29,1.3149596974730655
2015-06-01,1.2856787866577564
2015-06-02,1.2865726815826926
2015-06-03,1.2907270682243182
2015-06-04,1.2936498084150467
2015-06-05,1.3059126456211307
2015-06-08,1.3010709601377437
2015-06-09,1.304134602011527
2015-06-10,1.3012195650636407
2015-06-11,1.2986836589828015
2015-06-12,1.3067068036431808
2015-06-15,1.2000522761175925
2015-06-16,1.2467961218474368
2015-06-17,1.286100463575028
2015-06-18,1.1617975753890588
2015-06-19,1.247342471025666
2015-06-23,1.2893166897628656
2015-06-24,1.3356833856455166
2015-06-25,1.310926939153056
2015-06-26,1.0904981845498047
2015-06-29,0.9569520500149806
2015-06-30,0.8253480084789617
2015-07-01,0.7705255014895617
2015-07-02,0.7469639306507896
2015-07-03,0.6920064279524306
2015-07-06,0.6750825742204789
2015-07-07,0.6704122510305253
2015-07-08,0.5997144333085183
2015-07-09,0.5410178268915211
2015-07-10,0.505087149945249
2015-07-13,0.4968579988858974
2015-07-14,0.4916526719486437
2015-07-15,0.4796269754220348
2015-07-16,0.4786565352261461
2015-07-17,0.46138315019134557
2015-07-20,0.46120330436075685
2015-07-21,0.46113658107554417
2015-07-22,0.4611898597003773
2015-07-23,0.45476859503621475
2015-07-24,0.45207128680345116
2015-07-27,0.3858412044599599
2015-07-28,0.3858666634081094
2015-07-29,0.3765400698478298
2015-07-30,0.37077130052383844
2015-07-31,0.3707897607358674
2015-08-03,0.37057304402476715
2015-08-04,0.3613635655380893
2015-08-05,0.3587152399697174
2015-08-06,0.35847425762265117
2015-08-07,0.35445852239536413
2015-08-10,0.3360220228253662
2015-08-11,0.33605698144515445
2015-08-12,0.3352657030748101
2015-08-13,0.33298033839752167
2015-08-14,0.3329926915827799
2015-08-17,0.3329632089558251
2015-08-18,0.3051362447075638
2015-08-19,0.30269713259851677
2015-08-20,0.29651462445388577
2015-08-21,0.2839134234282498
2015-08-24,0.4182806172435298
2015-08-25,0.5122474571350997
2015-08-26,0.5215361316701
2015-08-27,0.3777134784947424
2015-08-28,0.4222853108574853
2015-08-31,0.40802448259576546
2015-09-01,0.40918643939588406
2015-09-02,0.4091676411001543
2015-09-07,0.42328543716916284
2015-09-08,0.40418230851792536
2015-09-09,0.4271370774663366
2015-09-10,0.43850202684707046
2015-09-11,0.4397015446153776
2015-09-14,0.47660780809949954
2015-09-15,0.541364462187271
2015-09-16,0.5891516952868967
2015-09-17,0.6051550326830756
2015-09-18,0.6052614950267086
2015-09-21,0.6086834503285906
2015-09-22,0.6127526364579368
2015-09-23,0.6259481421226678
2015-09-24,0.6298101679818684
2015-09-25,0.6388411931143924
2015-09-28,0.6395998765276639
2015-09-29,0.6475788185872337
2015-09-30,0.6480276856677037
2015-10-08,0.6579505489856746
2015-10-09,0.6564027591816197
2015-10-12,0.6720305844851387
2015-10-13,0.6720208260678538
2015-10-14,0.6705043658763902
2015-10-15,0.6740499947901831
2015-10-16,0.6752237664261774
2015-10-19,0.6752287971644549
2015-10-20,0.6745918879407606
2015-10-21,0.711988122575382
2015-10-22,0.7167207639103731
2015-10-23,0.7212074343245881
2015-10-26,0.720810087252531
2015-10-27,0.7202230940791102
2015-10-28,0.705592610594773
2015-10-29,0.7042746967527742
2015-10-30,0.7041347167123547
2015-11-02,0.7150047141437157
2015-11-03,0.7153047658647655
2015-11-04,0.7279732874248497
2015-11-05,0.7423005607812543
2015-11-06,0.7388935116632742
2015-11-09,0.7423054602628671
2015-11-10,0.741292153177517
2015-11-11,0.7411710415928204
2015-11-12,0.7469727983152761
2015-11-13,0.7551459455891789
2015-11-16,0.7565530552176108
2015-11-17,0.7564470253199655
2015-11-18,0.7537705065539838
2015-11-19,0.7573776901284903
2015-11-20,0.757212243461205
2015-11-23,0.7605675276569179
2015-11-24,0.7605570202228542
2015-11-25,0.7601133036380696
2015-11-26,0.7595482311846443
2015-11-27,0.8066439648504798
2015-11-30,0.8055593648886579
2015-12-01,0.8077324353686229
2015-12-02,0.8249740291745695
2015-12-03,0.824345502048496
2015-12-04,0.8367178946847962
2015-12-07,0.8362258848513432
2015-12-08,0.8429744739185373
2015-12-09,0.8435880601880021
2015-12-10,0.843894870635524
2015-12-11,0.8442228426469932
2015-12-14,0.8435780122167739
2015-12-15,0.8443721948334738
2015-12-16,0.8430307424009238
2015-12-17,0.9122100786760979
2015-12-18,0.913699372845001
2015-12-21,0.8709726007297806
2015-12-22,0.8703334720561404
2015-12-23,0.8742403570620535
2015-12-24,0.8672558006171057
2015-12-25,0.86654155594234
2015-12-28,0.8804465104794844
2015-12-29,0.886720933200647
2015-12-30,0.8870641526834393
2015-12-31,0.881559080302165
2016-01-04,0.9003858456341906
2016-01-05,0.9095453674395698
2016-01-06,0.9712875584420146
2016-01-07,1.0538385147793279
2016-01-08,1.1124026134379166
2016-01-11,1.0234053204871996
2016-01-12,1.0154906021786627
2016-01-13,0.9984401436011973
2016-01-14,1.0118102838966598
2016-01-15,1.0649642810686464
2016-01-18,1.05705561566302
2016-01-19,1.069315900089768
2016-01-20,1.080925625484441
2016-01-21,1.0830828196205133
2016-01-22,1.0898257820462158
2016-01-25,1.0918012108244861
2016-01-26,1.0525842017640006
2016-01-27,1.049958756567614
2016-01-28,1.1088619577715773
2016-01-29,1.088157445571334
2016-02-01,1.1049808800891985
2016-02-02,1.093510645946606
2016-02-03,1.0964854569953653
2016-02-04,1.0987222844956657
2016-02-05,1.1010048371082612
2016-02-15,1.102511307543044
2016-02-16,1.106368287742834
2016-02-17,1.1092367516601895
2016-02-18,1.1081296084392085
2016-02-19,1.1082125974110464
2016-02-22,1.165832012910915
2016-02-23,1.165331231307882
2016-02-24,1.1640849786694045
2016-02-25,1.1837098083589348
2016-02-26,1.2047371547002013
2016-02-29,1.1916732714790006
2016-03-01,1.1946369243796138
2016-03-02,1.2074151630214511
2016-03-03,1.204122020898164
2016-03-04,1.19514383565317
2016-03-07,1.200042815158481
2016-03-08,1.1996211710735272
2016-03-09,1.2178105168331697
2016-03-10,1.2127045112883799
2016-03-11,1.2116329118384481
2016-03-14,1.2101522190177034
2016-03-15,1.206931583638954
2016-03-16,1.2025913304953824
2016-03-17,1.2062075177171336
2016-03-18,1.2118877547300335
2016-03-21,1.2047283655304741
2016-03-22,1.2079883716377333
2016-03-23,1.2083800903440771
2016-03-24,1.2149865925186345
2016-03-25,1.2143180837525185
2016-03-28,1.2137576086799802
2016-03-29,1.217214853067576
2016-03-30,1.2166167316032837
2016-03-31,1.2168988593944736
2016-04-01,1.216996271814366
2016-04-05,1.2106542034426377
2016-04-06,1.2093571568858923
2016-04-07,1.200500207129097
2016-04-08,1.1946707417926852
2016-04-11,1.2162162581484417
2016-04-12,1.212552476322171
2016-04-13,1.2139209413222831
2016-04-14,1.2114909513917034
2016-04-15,1.2125510041908314
2016-04-18,1.1834658511313734
2016-04-19,1.1821526473225523
2016-04-20,1.1823804276533516
2016-04-21,1.173804646082509
2016-04-22,1.1614710122492797
2016-04-25,1.157195648358427
2016-04-26,1.152856445504392
2016-04-27,1.1556531953410123
2016-04-28,1.1555701521336224
2016-04-29,1.1547809934306767
2016-05-03,1.1443127856401458
2016-05-04,1.1448583517178552
2016-05-05,1.1436147349363306
2016-05-06,1.169595538074684
2016-05-09,1.2242429117792688
2016-05-10,1.2241498144573508
2016-05-11,1.2223166733278668
2016-05-12,1.2214075328668497
2016-05-13,1.2206416820563493
2016-05-16,1.2144616068461525
2016-05-17,1.2117783812017608
2016-05-18,1.2178104647167425
2016-05-19,1.2175616032388905
2016-05-20,1.2148516053043557
2016-05-23,1.2139497119227114
2016-05-24,1.2240162007366011
2016-05-25,1.2234066358334599
2016-05-26,1.2224577800019716
2016-05-27,1.2223527842253266
2016-05-30,1.2208986160057271
2016-05-31,1.1880518050479583
2016-06-01,1.186043255309789
2016-06-02,1.1856734193775962
2016-06-03,1.1778884246794383
2016-06-06,1.1744130208286971
2016-06-07,1.1744687159766825
2016-06-08,1.1766897036478852
2016-06-13,1.1856852588998137
2016-06-14,1.1845301425912187
2016-06-15,1.1796413634484428
2016-06-16,1.1787946792148716
2016-06-17,1.181610860458584
2016-06-20,1.1815088917554037
2016-06-21,1.1823875419971894
2016-06-22,1.1870283790753284
2016-06-23,1.1772097270164816
2016-06-24,1.1807984332061396
2016-06-27,1.2135974424894995
2016-06-28,1.2099569554601832
2016-06-29,1.206481596518934
2016-06-30,1.2066451785115087
2016-07-01,1.2060720542150418
2016-07-04,1.2173093077554584
2016-07-05,1.2177165747848724
2016-07-06,1.2143070417223156
2016-07-07,1.2146926942652276
2016-07-08,1.2239808687948555
2016-07-11,1.2329312031681574
2016-07-12,1.2570330664798888
2016-07-13,1.2553647961778718
2016-07-14,1.2575898684835762
2016-07-15,1.2574956999003435
2016-07-18,1.2663665973308307
2016-07-19,1.2744690243527579
2016-07-20,1.2782938120353262
2016-07-21,1.2880781520880726
2016-07-22,1.2789128049393876
2016-07-25,1.2797629839169704
2016-07-26,1.2661208601467273
2016-07-27,1.2749900082293701
2016-07-28,1.2768613432622995
2016-07-29,1.2738829873212902
2016-08-01,1.2409190869410298
2016-08-02,1.246600779113254
2016-08-03,1.2458335461125651
2016-08-04,1.2449032776562083
2016-08-05,1.2501162519530693
2016-08-08,1.2860488675753137
2016-08-09,1.2759369762319264
2016-08-10,1.2475281362575517
2016-08-11,1.2471788442435872
2016-08-12,1.2124590125329535
2016-08-15,1.103683251211837
2016-08-16,1.088811224024238
2016-08-17,1.0771757515374045
2016-08-18,1.0802710104407678
2016-08-19,1.081803358464265
2016-08-22,1.0820622518083185
2016-08-23,1.0825021547800413
2016-08-24,1.0781539796254278
2016-08-25,1.046037327501746
2016-08-26,1.044141037390408
2016-08-29,1.047254048539637
2016-08-30,1.0432952403456839
2016-08-31,1.0286574606347363
2016-09-01,1.0790462268449288
2016-09-02,1.0823968323414046
2016-09-05,1.0870573200294198
2016-09-06,1.0586158305121778
2016-09-07,1.06743860254733
2016-09-08,1.0664717096508827
2016-09-09,1.066084809988564
2016-09-12,1.1357468788123275
2016-09-13,1.1361713199660097
2016-09-14,1.1251288330661866
2016-09-19,1.1335874263288601
2016-09-20,1.1320750822561678
2016-09-21,1.1417016120606
2016-09-22,1.126387810287867
2016-09-23,1.1117248096545589
2016-09-26,1.1698244356052614
2016-09-27,1.1533812610680765
2016-09-28,1.1526944308293905
2016-09-29,1.1445806728622685
2016-09-30,1.1403576724013678
2016-10-10,1.1460797989674498
2016-10-11,1.1356618774575038
2016-10-12,1.139516912686724
2016-10-13,1.1390370243408237
2016-10-14,1.1402175989880152
2016-10-17,1.1034844898424496
2016-10-18,1.0753019321301989
2016-10-19,1.0760178999781054
2016-10-20,1.0755434158203476
2016-10-21,1.0732078878590179
2016-10-24,1.073017568591931
2016-10-25,1.0725505646079965
2016-10-26,1.0752381832196976
2016-10-27,1.0807482102543373
2016-10-28,1.0832211604099946
2016-10-31,1.0815977118899567
2016-11-01,1.0652125751633075
2016-11-02,1.0989111029844272
2016-11-03,1.0785158844900264
2016-11-04,1.0781949783388698
2016-11-07,1.0815875792111902
2016-11-08,1.067598580692111
2016-11-09,1.0572757408329376
2016-11-10,1.0723925692997984
2016-11-11,1.1213250827657224
2016-11-14,1.1234218047841222
2016-11-15,1.1258698895073063
2016-11-16,1.1268267337237894
2016-11-17,1.1258138853103072
2016-11-18,1.1193979002543009
2016-11-21,1.1086119724694994
2016-11-22,1.1365000661966138
2016-11-23,1.1332692009213496
2016-11-24,1.1439010253534232
2016-11-25,1.1491542393765084
2016-11-28,1.151256951419691
2016-11-29,1.123887688900002
2016-11-30,1.186147964685661
2016-12-01,1.2464239725098019
2016-12-02,1.1977883045898836
2016-12-05,1.063641795765194
2016-12-06,1.0472731480718693
2016-12-07,1.1097842539387144
2016-12-08,1.1192614914000154
2016-12-09,1.0871786080200376
2016-12-12,1.0236285737823771
2016-12-13,1.0119582628464734
2016-12-14,1.0777046763695566
2016-12-15,1.0874554195821138
2016-12-16,1.0849836975953115
2016-12-19,1.0810764939548492
2016-12-20,1.0925549397860639
2016-12-21,1.0992480450403157
2016-12-22,1.1008754666792082
2016-12-23,1.0680117448692228
2016-12-26,1.0651083845931777
2016-12-27,1.0602333989122839
2016-12-28,1.051700702156969
2016-12-29,1.0457914957302517
2016-12-30,1.0419644798930738
2017-01-03,0.9965670810367098
2017-01-04,0.9909647089793249
2017-01-05,0.9908599038743673
2017-01-06,0.9653713326630244
2017-01-09,0.9612897435871637
2017-01-10,0.9485348325983745
2017-01-11,0.9236115453765561
2017-01-12,0.9378730379902963
2017-01-13,0.9366628671540222
2017-01-16,0.9371061693370353
2017-01-17,0.9452424400353051
2017-01-18,0.9852885882210518
2017-01-19,0.9794761592539913
2017-01-20,0.9479831674781694
2017-01-23,0.9674607548553075
2017-01-24,0.967777377977858
2017-01-25,0.9817039076092527
2017-01-26,0.9968984012474355
2017-02-03,1.0793160588549318
2017-02-06,1.059720383748105
2017-02-07,1.031657846628497
2017-02-08,1.0030366866689493
2017-02-09,1.083006129188867
2017-02-10,1.1306424844606833
2017-02-13,1.0970104949173913
2017-02-14,1.091647876758368
2017-02-15,1.144654224033352
2017-02-16,1.1477691591447994
2017-02-17,1.1358129414289098
2017-02-20,1.208099817004736
2017-02-21,1.2296953374908544
2017-02-22,1.2312121775567473
2017-02-23,1.3504528189706564
2017-02-24,1.350208452137927
2017-02-27,1.3713866174002516
2017-02-28,1.3640778005958483
2017-03-01,1.3581948794061394
2017-03-02,1.3257050740249432
2017-03-03,1.339769455767173
2017-03-06,1.3325797945101305
2017-03-07,1.3090602561208715
2017-03-08,1.3171811963207654
2017-03-09,1.235991439175764
2017-03-10,1.236578610559948
2017-03-13,1.246306975225703
2017-03-14,1.2395307530821806
2017-03-15,1.2586027143013385
2017-03-16,1.2457889347761073
2017-03-17,1.3686831811314581
2017-03-20,1.3591644472503206
2017-03-21,1.2872257744168645
2017-03-22,1.373355134672209
2017-03-23,1.380290951183321
2017-03-24,1.3670112232420246
2017-03-27,1.387024636150414
2017-03-28,1.3730788701576744
2017-03-29,1.363261994279499
2017-03-30,1.3766221236021166
2017-03-31,1.34110570668746
2017-04-05,1.9741445741084267
2017-04-06,2.121384908573671
2017-04-07,2.163801885788977
2017-04-10,1.9235046813669279
2017-04-11,2.106340571830199
2017-04-12,2.055518758216324
2017-04-13,2.0758718277612203
2017-04-14,2.2844825633130736
2017-04-17,2.3949742020297338
2017-04-18,2.5042440675682602
2017-04-19,2.474942773750006
2017-04-20,2.2135233770297154
2017-04-21,2.2041116387463497
2017-04-24,2.2455250888203757
2017-04-25,2.256325935117235
2017-04-26,2.279719797634241
2017-04-27,2.272963672724223
2017-04-28,2.118549417359993
2017-05-02,2.0898000277769238
2017-05-03,2.266230145596251
2017-05-04,2.22484122022971
2017-05-05,2.212253899963972
2017-05-08,2.538158811193765
2017-05-09,2.5016164577328532
2017-05-10,2.62026467698742
2017-05-11,2.67127937215862
2017-05-12,2.531289636462935
2017-05-15,2.4938697591718575
2017-05-16,2.6075154973092034
2017-05-17,2.446846283556679
2017-05-18,2.4969789247613075
2017-05-19,2.5042528870841787
2017-05-22,2.454490479931024
2017-05-23,2.367383588983673
2017-05-24,2.3660269358331605
2017-05-25,1.9679329408603528
2017-05-26,1.9676783113968617
2017-05-31,1.9420038871359468
2017-06-01,1.9030798740939525
2017-06-02,1.8576013265009048
2017-06-05,1.8175977843728
2017-06-06,1.7492870950993111
2017-06-07,1.7995684613602896
2017-06-08,1.7043185267386596
2017-06-09,1.6744454439275116
2017-06-12,1.6821151324651047
2017-06-13,1.685893359311682
2017-06-14,1.5500629320929389
2017-06-15,1.5258628770438651
2017-06-16,1.5441546733036005
2017-06-19,1.5074141417994333
2017-06-20,1.49774166607024
2017-06-21,1.4722251342006138
2017-06-22,1.4646417993602006
2017-06-23,1.338099662372865
2017-06-26,1.2905471503835746
2017-06-27,1.2848022535077246
2017-06-28,1.210435976449538
2017-06-29,1.2007702430252152
2017-06-30,1.2064185910025502
2017-07-03,1.105575975476659
2017-07-04,1.095540446057532
2017-07-05,1.052216517121724
2017-07-06,1.0522220891317697
2017-07-07,1.045593125741348
2017-07-10,1.034321485768596
2017-07-11,0.9821915558585145
2017-07-12,0.9811024524632241
2017-07-13,0.9957985816202685
2017-07-14,0.9898920578992942
2017-07-17,1.2430448619397882
2017-07-18,1.2518166610034815
2017-07-19,1.555270123282848
2017-07-20,1.5179037843397272
2017-07-21,1.521153906728278
2017-07-24,1.5261780892154757
2017-07-25,1.355410592130194
2017-07-26,1.3589918480635523
2017-07-27,1.3703656337403247
2017-07-28,1.4672438949479665
2017-07-31,1.6164703989391087
2017-08-01,1.4262096456414635
2017-08-02,1.4127027616192755
2017-08-03,1.3202541073932377
2017-08-04,1.3748299639990165
2017-08-07,1.4083759973373502
2017-08-08,1.3812428789997353
2017-08-09,1.3813965099440546
2017-08-10,1.4656400393342213
2017-08-11,1.8816109472149398
2017-08-14,1.8257227840486951
2017-08-15,1.843151335703341
2017-08-16,1.8553899309224364
2017-08-17,1.8668807191853591
2017-08-18,1.8655778345402738
2017-08-21,1.8782902200309048
2017-08-22,1.8443687038364385
2017-08-23,1.8327223341823742
2017-08-24,1.8068386200050048
2017-08-25,1.7321073067425221
2017-08-28,1.6756568933031222
2017-08-29,1.6671092045397629
2017-08-30,1.663665390156798
2017-08-31,1.6723568704742953
2017-09-01,1.7082144238527175
2017-09-04,1.6923557351207714
2017-09-05,1.6566339012875029
2017-09-06,1.652974009771109
2017-09-07,1.6766000040604712
2017-09-08,1.6770901006924146
2017-09-11,1.6782098081657462
2017-09-12,1.6661698634136866
2017-09-13,1.6723249577818704
2017-09-14,1.6947476912857622
2017-09-15,1.694518314810147
2017-09-18,1.6897165327667776
2017-09-19,1.6929159843200456
2017-09-20,1.6895219684064136
2017-09-21,1.700029841927102
2017-09-22,1.7046074418879609
2017-09-25,1.743795281328867
2017-09-26,1.746310867161121
2017-09-27,1.7448600053820729
2017-09-28,1.744375464451264
2017-09-29,1.735503330178563
2017-10-09,1.599238987135866
2017-10-10,1.5938205525364861
2017-10-11,1.5799957571576722
2017-10-12,1.5809058029952798
2017-10-13,1.5827938273658013
2017-10-16,1.5773911136495717
2017-10-17,1.5811397792686241
2017-10-18,1.4286037455789193
2017-10-19,1.482905796435071
2017-10-20,1.4673549632033691
2017-10-23,1.467938431096849
2017-10-24,1.5115133387166895
2017-10-25,1.4785484073933224
2017-10-26,1.476281106859617
2017-10-27,1.4027550366741148
2017-10-30,1.4766001214020241
2017-10-31,1.472913014817114
2017-11-01,1.4630534057423374
2017-11-02,1.463468364102235
2017-11-03,1.4880047557707845
2017-11-06,1.487582370389653
2017-11-07,1.5199712978592144
2017-11-08,1.5268502649824405
2017-11-09,1.4886980326937271
2017-11-10,1.3927449723520264
2017-11-13,1.4052771238689588
2017-11-14,1.3326896272986921
2017-11-15,1.3601468881506353
2017-11-16,1.2430283206394745
2017-11-17,1.1706792203219436
2017-11-20,1.1105979330208442
2017-11-21,0.9308127183095155
2017-11-22,0.9432200568878358
2017-11-23,0.7750860972052893
2017-11-24,0.774966084958135
2017-11-27,0.6903064836216324
2017-11-28,0.6984958372917043
2017-11-29,0.6892085384123091
2017-11-30,0.7182659211089679
2017-12-01,0.7212030592813508
2017-12-04,0.7189358881408949
2017-12-05,0.6816147156211892
2017-12-06,0.7026051791234724
2017-12-07,0.711019834162288
2017-12-08,0.7174060992326157
2017-12-11,0.6473912791246289
2017-12-12,0.6169190699512598
2017-12-13,0.5882948485777204
2017-12-14,0.597250589851368
2017-12-15,0.6098401946318971
2017-12-18,0.6126241803882144
2017-12-19,0.5704996734232706
2017-12-20,0.5809332662954412
2017-12-21,0.5653851902968253
2017-12-22,0.562746066305525
2017-12-25,0.5796305717069522
2017-12-26,0.5809160603003088
2017-12-27,0.5155864587653294
2017-12-28,0.5505521896982881
2017-12-29,0.5492435914321014
2018-01-02,0.5744462971069371
2018-01-03,0.6645280285768834
2018-01-04,0.6383660763669804
2018-01-05,0.6338799676968254
2018-01-08,0.6500306016586201
2018-01-09,0.6221310159617646
2018-01-10,0.6005223882735983
2018-01-11,0.5984709576032484
2018-01-12,0.6023963409953915
2018-01-15,0.6073175496855694
2018-01-16,0.6093587524103277
2018-01-17,0.6016266066124519
2018-01-18,0.636496980677369
2018-01-19,0.6404112712991461
2018-01-22,0.6405675201064961
2018-01-23,0.5954275234766585
2018-01-24,0.5983823692173407
2018-01-25,0.5830900825419234
2018-01-26,0.5712304244602916
2018-01-29,0.39888825560050994
2018-01-30,0.4487917581993797
2018-01-31,0.42702890220235296
2018-02-01,0.45205906068276497
2018-02-02,0.47294068984091964
2018-02-05,0.4748957992992982
2018-02-06,0.6449246698217357
2018-02-07,0.5205609337556135
2018-02-08,0.5507160049305951
2018-02-09,0.7915404244022881
2018-02-12,0.799622074446057
2018-02-13,0.7920122738745594
2018-02-14,0.8055396515832796
2018-02-22,0.8464320346542427
2018-02-23,0.8530891066583689
2018-02-26,0.8488120847256073
2018-02-27,0.8546394004406308
2018-02-28,0.8432257256796578
2018-03-01,0.8272013508753132
2018-03-02,0.8461430003535623
2018-03-05,0.8457961981298817
2018-03-06,0.8577928264554634
2018-03-07,0.8627113631273553
2018-03-08,0.8708426931830633
2018-03-09,0.8554377141352756
2018-03-12,0.8505628667331392
2018-03-13,0.8461329528780995
2018-03-14,0.840355632855937
2018-03-15,0.8278052366300969
2018-03-16,0.8317433989342178
2018-03-19,0.8203508884629978
2018-03-20,0.8208254647129932
2018-03-21,0.8221987496574423
2018-03-22,0.8208552944291015
2018-03-23,0.9605954930153642
2018-03-26,0.9593967137104136
2018-03-27,0.9473181729455352
2018-03-28,0.9278028286060739
2018-03-29,0.9405770204465503
2018-03-30,0.9405194118025086
2018-04-02,0.9448449815090898
2018-04-03,0.9539839862374642
2018-04-04,0.9594435285795386
2018-04-09,0.9598824491396951
2018-04-10,0.9811807787464251
2018-04-11,0.9785186421633125
2018-04-12,0.9809548971755975
2018-04-13,0.9669738525324164
2018-04-16,0.9532670628475071
2018-04-17,0.9171373553563038
2018-04-18,0.9161245257691353
2018-04-19,0.9127672558376438
2018-04-20,0.9527323453449932
2018-04-23,0.9542699618134208
2018-04-24,0.9517542293017309
2018-04-25,0.9547508738027783
2018-04-26,0.9325735522069437
2018-04-27,0.9325532795621724
2018-05-02,0.9311591285370966
2018-05-03,0.9307174999746496
2018-05-04,0.9289294963283786
2018-05-07,0.9147918013668341
2018-05-08,0.8876661087114187
2018-05-09,0.8858368997541488
2018-05-10,0.8783643525176834
2018-05-11,0.8793397941746613
2018-05-14,0.8603994306239954
2018-05-15,0.8649681469978845
2018-05-16,0.8627389384723408
2018-05-17,0.8614309119692884
2018-05-18,0.8511166800205033
2018-05-21,0.8621823069723096
2018-05-22,0.8589677594651142
2018-05-23,0.8511680627073313
2018-05-24,0.8504491817665771
2018-05-25,0.8505267126400741
2018-05-28,0.8500251177145423
2018-05-29,0.8586729676229653
2018-05-30,0.9884806846799088
2018-05-31,0.9982397362095723
2018-06-01,0.9842560366924078
2018-06-04,0.9674069069586515
2018-06-05,0.944494112899964
2018-06-06,0.9434406356270195
2018-06-07,0.940640041377509
2018-06-08,0.9558731317757541
2018-06-11,0.9559964296016804
2018-06-12,0.937204048281909
2018-06-13,0.9118033309691516
2018-06-14,0.8856709205949325
2018-06-15,0.8765551426603465
2018-06-19,1.18615229271967
2018-06-20,1.2097668622503002
2018-06-21,1.1558873322158296
2018-06-22,1.1650363527920942
2018-06-25,1.1291650000375189
2018-06-26,1.1335609148439079
2018-06-27,1.1005913930023612
2018-06-28,1.109421228132426
2018-06-29,1.0523540828737883
2018-07-02,1.0361592373341038
2018-07-03,1.0366819623394805
2018-07-04,1.0175539453696651
2018-07-05,1.0295071827106919
2018-07-06,1.0148458313262887
2018-07-09,0.9766462760776223
2018-07-10,0.97982409262801
2018-07-11,1.0037733049378652
2018-07-12,1.0042793972729382
2018-07-13,0.9978502499214817
2018-07-16,0.9958070816878473
2018-07-17,0.9959546720232462
2018-07-18,0.9921391846148827
2018-07-19,0.991699923344908
2018-07-20,0.9531857662121297
2018-07-23,0.9607545996345557
2018-07-24,0.9742418410401974
2018-07-25,0.9713807970403949
2018-07-26,0.9636049982205823
2018-07-27,0.9571624667306423
2018-07-30,0.9576636422968948
2018-07-31,0.9566666777834162
2018-08-01,0.9501616422684396
2018-08-02,0.9382900967065831
2018-08-03,0.9116914673343425
2018-08-06,0.9098373447689173
2018-08-07,0.9050706379317611
2018-08-08,0.855959040699184
2018-08-09,0.803088705343273
2018-08-10,0.8018015602940247
2018-08-13,0.7983423537678735
2018-08-14,0.8018961174679429
2018-08-15,0.7961279982864354
2018-08-16,0.799351467159453
2018-08-17,0.7918845374317125
2018-08-20,0.7945761889220927
2018-08-21,0.7713163660749645
2018-08-22,0.7658946166310328
2018-08-23,0.7627870421545471
2018-08-24,0.763326546516781
2018-08-27,0.7301508615936936
2018-08-28,0.7297446291720431
2018-08-29,0.7282601754060707
2018-08-30,0.7226096783631104
2018-08-31,0.7121186430439701
2018-09-03,0.7015381624546444
2018-09-04,0.692450004259257
2018-09-05,0.6673988034564666
2018-09-06,0.6533833475592675
2018-09-07,0.6493213044325976
2018-09-10,0.625650961146682
2018-09-11,0.6266909852001687
2018-09-12,0.6108119317282026
2018-09-13,0.6110946638592888
2018-09-14,0.6197774894664039
2018-09-17,0.619061311299886
2018-09-18,0.6475919174401069
2018-09-19,0.626113364302155
2018-09-20,0.6255805261462843
2018-09-21,0.5894655610540838
2018-09-25,0.597608905074157
2018-09-26,0.6016915776285723
2018-09-27,0.5851121833600561
2018-09-28,0.5765463498110975
2018-10-08,0.6461281958804366
2018-10-09,0.6461251859597636
2018-10-10,0.6452507848460617
2018-10-11,0.7730839035138486
2018-10-12,0.8605501675721551
2018-10-15,0.888890062028338
2018-10-16,0.8909145648839251
2018-10-17,0.8879638776320519
2018-10-18,0.8930340150827609
2018-10-19,0.8759412300782945
2018-10-22,0.8705178732161729
2018-10-23,0.8389066496890407
2018-10-24,0.8391431378214219
2018-10-25,0.8377024273892675
2018-10-26,0.8291094755791499
2018-10-29,0.759241535872111
2018-10-30,0.757384606765891
2018-10-31,0.7419479661041812
2018-11-01,0.7290927991312262
2018-11-02,0.7028469201812725
2018-11-05,0.7087986347737171
2018-11-06,0.7070692359748105
2018-11-07,0.7049679279282764
2018-11-08,0.707825333714852
2018-11-09,0.711293157317789
2018-11-12,0.7188530396176065
2018-11-13,0.7207643039346346
2018-11-14,0.7101644293927597
2018-11-15,0.7080994486180482
2018-11-16,0.7066223950300238
2018-11-19,0.7293982556523185
2018-11-20,0.7562285842658654
2018-11-21,0.7550174311600027
2018-11-22,0.7581231505879544
2018-11-23,0.7810583103361557
2018-11-26,0.7812610781589678
2018-11-27,0.7811895990981503
2018-11-28,0.7766701695007915
2018-11-29,0.7880555182319745
2018-11-30,0.7754158811559946
2018-12-03,0.7807852170986425
2018-12-04,0.7823951628850124
2018-12-05,0.7864051069479362
2018-12-06,0.7858386702159588
2018-12-07,0.7862076468497708
2018-12-10,0.7906246771952312
2018-12-11,0.7871851288107345
2018-12-12,0.7873959089428293
2018-12-13,0.7742647015679849
2018-12-14,0.7751299525869461
2018-12-17,0.774658987103898
2018-12-18,0.7734914646348682
2018-12-19,0.7630284200958173
2018-12-20,0.7663189402597768
2018-12-21,0.7550467507710276
2018-12-24,0.7554546092358565
2018-12-25,0.7637764736930833
2018-12-26,0.7653716929303436
2018-12-27,0.7642925176530165
2018-12-28,0.7629396025127937
2019-01-02,0.742679978798333
2019-01-03,0.7421565953463874
2019-01-04,0.7318855807771836
2019-01-07,0.7359874749132039
2019-01-08,0.7350001684608939
2019-01-09,0.7260516138069778
2019-01-10,0.7220881295166788
2019-01-11,0.7202237712113213
2019-01-14,0.7039931702955895
2019-01-15,0.6637769486183235
2019-01-16,0.663717347818703
2019-01-17,0.6615588179794046
2019-01-18,0.6708306113019317
2019-01-21,0.6681371980676395
2019-01-22,0.6594951614140009
2019-01-23,0.6597643067616478
2019-01-24,0.6568858529563133
2019-01-25,0.6544989708176618
2019-01-28,0.6545519279910178
2019-01-29,0.6506749387853253
2019-01-30,0.6348574913502121
2019-01-31,0.6155967759054899
2019-02-01,0.5982221799209179
2019-02-11,0.6110605963822817
2019-02-12,0.6098669494339533
2019-02-13,0.6110846953106007
2019-02-14,0.6097587166999514
2019-02-15,0.6131742542453245
2019-02-18,0.6118068968543633
2019-02-19,0.6122403839026888
2019-02-20,0.6087051695665022
2019-02-21,0.610365086328451
2019-02-22,0.5908350566144928
2019-02-25,0.63884198405401
2019-02-26,0.5908296579499008
2019-02-27,0.5930952989698053
2019-02-28,0.5903384369924513
2019-03-01,0.5760807788039123
2019-03-04,0.5808786041789752
2019-03-05,0.5819589906379402
2019-03-06,0.6054589352257761
2019-03-07,0.6022649536830355
2019-03-08,0.7558983043035223
2019-03-11,0.7749190890017333
2019-03-12,0.7859643726222856
2019-03-13,0.7939741800614026
2019-03-14,0.7997625953233662
2019-03-15,0.8013641750441459
2019-03-18,0.8222399708283878
2019-03-19,0.8255717728443347
2019-03-20,0.8256709126532995
2019-03-21,0.8256731685939613
2019-03-22,0.8255984929682444
2019-03-25,0.8328331027584951
2019-03-26,0.8383482712679078
2019-03-27,0.8405436262027444
2019-03-28,0.845157847367578
2019-03-29,0.8082464782370592
2019-04-01,0.8187979166660062
2019-04-02,0.8193547276896528
2019-04-03,0.8203647794698371
2019-04-04,0.8228574158067916
2019-04-08,0.8152819653249094
2019-04-09,0.8051653228299379
2019-04-10,0.8021107844306021
2019-04-11,0.7901995052288625
2019-04-12,0.7911914335295032
2019-04-15,0.7943229504278636
2019-04-16,0.7833396349283005
2019-04-17,0.7830300367881712
2019-04-18,0.7840469820061342
2019-04-19,0.7802678335966905
2019-04-22,0.771861787624284
2019-04-23,0.7756988863694394
2019-04-24,0.7758593806993742
2019-04-25,0.7766302575994141
2019-04-26,0.7970855474120006
2019-04-29,0.79068124365943
2019-04-30,0.7900592401711157
2019-05-06,0.8320656242747752
2019-05-07,0.8288384297425109
2019-05-08,0.8335070235543697
2019-05-09,0.8162991246366911
2019-05-10,0.7935448415072616
2019-05-13,0.7971267677487406
2019-05-14,0.797711422877227
2019-05-15,0.7861898071821009
2019-05-16,0.7882409198669033
2019-05-17,0.787329336367906
2019-05-20,0.783036034488949
2019-05-21,0.7861078823390669
2019-05-22,0.7858731132772222
2019-05-23,0.7758209598532231
2019-05-24,0.774129305554908
2019-05-27,0.7781607941892237
2019-05-28,0.7777585771276504
2019-05-29,0.7786608838046448
2019-05-30,0.7794729261547608
2019-05-31,0.7769555673106984
2019-06-03,0.7770561842365881
2019-06-04,0.7738674259899608
2019-06-05,0.7738685405686158
2019-06-06,0.7761334585214099
2019-06-10,0.7689190103237591
2019-06-11,0.7623134930805046
2019-06-12,0.7648634774376228
2019-06-13,0.764410407824637
2019-06-14,0.764409170255027
2019-06-17,0.7643212030760637
2019-06-18,0.7615698762796883
2019-06-19,0.7539196880526223
2019-06-20,0.7213260641270239
2019-06-21,0.7215979612656598
2019-06-24,0.7228036394838334
2019-06-25,0.7248065288228662
2019-06-26,0.7258182066520384
2019-06-27,0.7218422233267727
2019-06-28,0.7240637407414096
2019-07-01,0.7142049163919352
2019-07-02,0.7134245053929474
2019-07-03,0.7080697737002637
2019-07-04,0.7060459660832228
2019-07-05,0.7044690928667053
2019-07-08,0.7209267432725845
2019-07-09,0.7203190490968671
2019-07-10,0.7214577823531496
2019-07-11,0.7216403069617685
2019-07-12,0.7191069632731204
2019-07-15,0.7195095573573419
2019-07-16,0.7213166135056944
2019-07-17,0.7209860782943937
2019-07-18,0.7285425219905708
2019-07-19,0.7284775703002048
2019-07-22,0.7357278815993833
2019-07-23,0.7354703541794603
2019-07-24,0.7305242523502409
2019-07-25,0.7251689236934151
2019-07-26,0.7256962158683603
2019-07-29,0.7274779879637154
2019-07-30,0.7280426514390436
2019-07-31,0.723969026071398
2019-08-01,0.724939754260862
2019-08-02,0.7319558676775108
2019-08-05,0.7421575449647441
2019-08-06,0.7724215912774026
2019-08-07,0.7704176069353438
2019-08-08,0.7607090750497217
2019-08-09,0.7554853158830104
2019-08-12,0.7433627437916033
2019-08-13,0.7393483424321001
2019-08-14,0.7377655116498565
2019-08-15,0.7355482575712504
2019-08-16,0.7364348776276022
2019-08-19,0.7370411179780153
2019-08-20,0.7366795292471306
2019-08-21,0.7375460417177313
2019-08-22,0.7353464384357155
2019-08-23,0.7344873984701503
2019-08-26,0.743545499825746
2019-08-27,0.7404314917052477
2019-08-28,0.7363460961978782
2019-08-29,0.7348233141370866
2019-08-30,0.7319017404503783
2019-09-02,0.7299262661639245
2019-09-03,0.7305006810884078
2019-09-04,0.7332782166002115
2019-09-05,0.7403508593402285
2019-09-06,0.7369615490048309
2019-09-09,0.740319779546761
2019-09-10,0.7408131623268429
2019-09-11,0.7380435531876058
2019-09-12,0.7383884867008721
2019-09-16,0.7363156196360476
2019-09-17,0.7534945041038869
2019-09-18,0.7510556591494798
2019-09-19,0.7500853989136953
2019-09-20,0.7478455972208209
2019-09-23,0.7529268393025992
2019-09-24,0.7509325194431793
2019-09-25,0.753073367507972
2019-09-26,0.7497000583500535
2019-09-27,0.7487791992859604
2019-09-30,0.7411384542554266
2019-10-08,0.7412700254406133
2019-10-09,0.7409172011534184
2019-10-10,0.7385038049230686
2019-10-11,0.7337917544267571
2019-10-14,0.7431280436103312
2019-10-15,0.7505359485124155
2019-10-16,0.7510806854026468
2019-10-17,0.7510638369044067
2019-10-18,0.7410462017613603
2019-10-21,0.7378604833721717
2019-10-22,0.7392184435715285
2019-10-23,0.737441885450446
2019-10-24,0.7366763294574286
2019-10-25,0.7411507452398366
2019-10-28,0.7389469060485331
2019-10-29,0.7475288198827181
2019-10-30,0.7472895425331445
2019-10-31,0.7482674717558558
2019-11-01,0.7172660890601813
2019-11-04,0.6991459980456244
2019-11-05,0.69460130952544
2019-11-06,0.6855683958837591
2019-11-07,0.6839452121518622
2019-11-08,0.6845036648339702
2019-11-11,0.7009311507170239
2019-11-12,0.7009881276047288
2019-11-13,0.7030839159968518
2019-11-14,0.7016532219614867
2019-11-15,0.6984492070643421
2019-11-18,0.7139890011254139
2019-11-19,0.7187371322369741
2019-11-20,0.6987780231896258
2019-11-21,0.678111942314472
2019-11-22,0.6255740336604154
2019-11-25,0.7003041356047064
2019-11-26,0.6883143336812968
2019-11-27,0.6848862394336198
2019-11-28,0.6977694121276955
2019-11-29,0.6724439678187846
2019-12-02,0.6716192475359375
2019-12-03,0.656051983344282
2019-12-04,0.6571080386823834
2019-12-05,0.6557437083684556
2019-12-06,0.6564055173111044
2019-12-09,0.6409522987040357
2019-12-10,0.636923121382005
2019-12-11,0.6383830326227097
2019-12-12,0.6481729384221816
2019-12-13,0.6444653087292787
2019-12-16,0.6510063685050598
2019-12-17,0.6479665712833276
2019-12-18,0.6524285108513745
2019-12-19,0.6518807646030141
2019-12-20,0.6503751206898913
2019-12-23,0.7073487359200404
2019-12-24,0.7143639600724148
2019-12-25,0.7141895514802714
2019-12-26,0.6985721958502041
2019-12-27,0.6966719966746139
2019-12-30,0.7046962311273883
2019-12-31,0.7064667026383145
2020-01-02,0.7159660118283436
2020-01-03,0.7174607569220589
2020-01-06,0.7188242825522319
2020-01-07,0.7332471761055136
2020-01-08,0.7568105633158597
2020-01-09,0.7230357665355551
2020-01-10,0.7246434941709258
2020-01-13,0.7166177935353052
2020-01-14,0.7138380905133993
2020-01-15,0.7347539769549416
2020-01-16,0.7410820725031875
2020-01-17,0.7408644581797458
2020-01-20,0.7384325672297224
2020-01-21,0.7950868485438327
2020-01-22,0.791777773236082
2020-01-23,0.756419180938754
2020-02-03,1.0587875459047411
2020-02-04,0.9805579322829867
2020-02-05,0.984255584734418
2020-02-06,0.9775539007852259
2020-02-07,0.9775544343631672
2020-02-10,0.9815690240557157
2020-02-11,0.9982908460043445
2020-02-12,0.985524546463283
2020-02-13,0.9896770689849458
2020-02-14,0.9978616779068259
2020-02-17,0.9785850390745763
2020-02-18,0.9802783325008732
2020-02-19,0.9808168082776009
2020-02-20,0.9707585547650076
2020-02-21,0.9703581151799698
2020-02-24,0.9721631439247318
2020-02-25,0.9760578938498078
2020-02-26,0.9282666177122835
2020-02-27,0.9276468492110965
2020-02-28,0.886340350455603
2020-03-02,0.9070894930866285
2020-03-03,0.9050582133214886
2020-03-04,0.9093436280695089
2020-03-05,0.9036392635356801
2020-03-06,0.9059874302764696
2020-03-09,0.9131563960239417
2020-03-10,0.8951841668188314
2020-03-11,0.8810508276164267
2020-03-12,0.8739726022878213
2020-03-13,0.8693268674553976
2020-03-16,0.7915596630175445
2020-03-17,0.7900415461231952
2020-03-18,0.7928882441140862
2020-03-19,0.7958971272764064
2020-03-20,0.78933998333491
2020-03-23,0.7690668357903534
2020-03-24,0.748564445714649
2020-03-25,0.7381200401217874
2020-03-26,0.7398297263563218
2020-03-27,0.7393217356094383
2020-03-30,0.7402815065495887
2020-03-31,0.7386152335043279
2020-04-01,0.7390378154787564
2020-04-02,0.7365482055213657
2020-04-03,0.7385131292533408
2020-04-07,0.7347412245160283
2020-04-08,0.7333832422321522
2020-04-09,0.7328345127925762
2020-04-10,0.7349038586764822
2020-04-13,0.7352678541931563
2020-04-14,0.7285363945193093
2020-04-15,0.7278028638935016
2020-04-16,0.7277025888188847
2020-04-17,0.7299538408184765
2020-04-20,0.7278216809500256
2020-04-21,0.7233548820213563
2020-04-22,0.722801008995853
2020-04-23,0.7234244177637416
2020-04-24,0.72920739981684
2020-04-27,0.7202994418480395
2020-04-28,0.6983739562894448
2020-04-29,0.6994456858008673
2020-04-30,0.7020852122636171
2020-05-06,0.7057209434232292
2020-05-07,0.707943934940747
2020-05-08,0.7113743028382834
2020-05-11,0.7112397047703213
2020-05-12,0.7114137750145191
2020-05-13,0.7132472294405416
2020-05-14,0.7207258159858858
2020-05-15,0.7178650931742162
2020-05-18,0.717368119435275
2020-05-19,0.7119138509325844
2020-05-20,0.7154289487045301
2020-05-21,0.7125702141842473
2020-05-22,0.6935120363568716
2020-05-25,0.692655847385153
2020-05-26,0.6895681119308258
2020-05-27,0.6720262642487453
2020-05-28,0.6680037578201944
2020-05-29,0.6659743882538156
2020-06-01,0.6580802570620932
2020-06-02,0.659227366890775
2020-06-03,0.6593351835382725
2020-06-04,0.6597563743252576
2020-06-05,0.6582078256638931
2020-06-08,0.6627482856539142
2020-06-09,0.6598110739507996
2020-06-10,0.6606970439188282
2020-06-11,0.6713602645162913
2020-06-12,0.6724087255965272
2020-06-15,0.6660767149139385
2020-06-16,0.7189131747362753
2020-06-17,0.7204558262365933
2020-06-18,0.7384346699223615
2020-06-19,0.6849224439797423
2020-06-22,0.6832768275281237
2020-06-23,0.6715330965737671
2020-06-24,0.6702031324636807
2020-06-29,0.68090771606207
2020-06-30,0.6739363825021184
2020-07-01,0.6645226824727885
2020-07-02,0.6967857133152552
2020-07-03,0.7251402557549925
2020-07-06,0.8588488559606021
2020-07-07,0.8472935891525604
2020-07-08,0.8816799582190238
2020-07-09,0.8773805419104146
2020-07-10,0.9102493581622826
2020-07-13,0.9256110369234287
2020-07-14,0.9203622393660184
2020-07-15,0.9325832611306215
2020-07-16,0.8740754109240353
2020-07-17,0.8695949864384356
2020-07-20,0.9369639625871351
2020-07-21,0.9356840561169503
2020-07-22,0.9342512905567039
2020-07-23,0.9350047598362217
2020-07-24,0.9137332283382084
2020-07-27,0.9138745300605965
2020-07-28,0.9119796287264269
2020-07-29,0.8976552663751003
2020-07-30,0.8956237685814344
2020-07-31,0.8914451743951162
2020-08-03,0.8852788843195183
2020-08-04,0.8851931392002025
2020-08-05,0.8853559750689971
2020-08-06,0.8830062428022004
2020-08-07,0.8856590217108188
2020-08-10,0.8861465011102223
2020-08-11,0.8902081371882445
2020-08-12,0.8853395205795357
2020-08-13,0.880809858293529
2020-08-14,0.8586426912728801
2020-08-17,0.8550942459692119
2020-08-18,0.855051139970518
2020-08-19,0.8362133670455308
2020-08-20,0.8278260932421447
2020-08-21,0.8294220269723156
2020-08-24,0.8223241655648108
2020-08-25,0.821432445007127
2020-08-26,0.8254674988406631
2020-08-27,0.8235931632737977
2020-08-28,0.8110843452168787
2020-08-31,0.8134607246063732
2020-09-01,0.8137178279227589
2020-09-02,0.8140000733564207
2020-09-03,0.8108397830626892
2020-09-04,0.8115838889221502
2020-09-07,0.7827955675732875
2020-09-08,0.7924881826795326
2020-09-09,0.6406286294994257
2020-09-10,0.6448450689553503
2020-09-11,0.6343924231179091
2020-09-14,0.6328772212094858
2020-09-15,0.6252357386349322
2020-09-16,0.6253406067705772
2020-09-17,0.623067106404401
2020-09-18,0.6226901816026802
2020-09-21,0.6158254436606908
2020-09-22,0.6237917664150029
2020-09-23,0.6214854089074953
2020-09-24,0.6540183286247345
2020-09-25,0.6532800098640269
2020-09-28,0.6517359342339278
2020-09-29,0.6525059259793763
2020-09-30,0.6523540242256191
2020-10-09,0.6440816111582991
2020-10-12,0.6274927618826751
2020-10-13,0.6255671156746393
2020-10-14,0.633042209064075
2020-10-15,0.6326806588586886
2020-10-16,0.6302715060260058
2020-10-19,0.6298357472409026
2020-10-20,0.6256860960653963
2020-10-21,0.6256538719134614
2020-10-22,0.6267269064652339
2020-10-23,0.6135284281199713
2020-10-26,0.6141706394067317
2020-10-27,0.6140134969658854
2020-10-28,0.6045008683281131
2020-10-29,0.5915052270968371
2020-10-30,0.6010467688877169
2020-11-02,0.5958952359349436
2020-11-03,0.6083057540654108
2020-11-04,0.5995539130073988
2020-11-05,0.6208532592798119
2020-11-06,0.6206076330414197
2020-11-09,0.6389215412922838
2020-11-10,0.6395413995924878
2020-11-11,0.6030080559962202
2020-11-12,0.6027415945284608
2020-11-13,0.5923913818447507
2020-11-16,0.6218782109179648
2020-11-17,0.6214007847323164
2020-11-18,0.622054718235766
2020-11-19,0.6126596474747064
2020-11-20,0.6174580841542034
2020-11-23,0.6366111431468552
2020-11-24,0.6276932307123425
2020-11-25,0.6380735536752435
2020-11-26,0.6378214163713929
2020-11-27,0.6397618381254907
2020-11-30,0.6344121612721199
2020-12-01,0.5615511189024206
2020-12-02,0.5607510054653174
2020-12-03,0.5639533219082562
2020-12-04,0.5630481933014966
2020-12-07,0.5759662070137548
2020-12-08,0.5796903468421957
2020-12-09,0.560967399293151
2020-12-10,0.5575124613442638
2020-12-11,0.5302803429737062
2020-12-14,0.4620779004414145
2020-12-15,0.4605035283818692
2020-12-16,0.458088437327109
2020-12-17,0.4868287677981636
2020-12-18,0.45233763212955996
2020-12-21,0.46682856429228875
2020-12-22,0.5218277784872232
2020-12-23,0.5282713413587415
2020-12-24,0.5340894129343051
2020-12-25,0.5871944786596152
2020-12-28,0.5754198371334197
2020-12-29,0.5850558067646063
2020-12-30,0.5295533425278357
2020-12-31,0.4803197322621285
2021-01-04,0.4708190880584131
2021-01-05,0.3834014463087469
2021-01-06,0.37818522735681565
2021-01-07,0.37253550718950584
2021-01-08,0.35855926402325816
2021-01-11,0.42668647898405837
2021-01-12,0.41535311843149336
2021-01-13,0.4142164812663483
2021-01-14,0.37420955122048744
2021-01-15,0.3779220301461675
2021-01-18,0.3714561530804677
2021-01-19,0.346588345122007
2021-01-20,0.35853163501218
2021-01-21,0.3338215931685358
2021-01-22,0.3333781445993114
2021-01-25,0.2937213575880664
2021-01-26,0.258597323021037
2021-01-27,0.25696940590837775
2021-01-28,0.22782407368468227
2021-01-29,0.24486643892849974
2021-02-01,0.2485979668879248
2021-02-02,0.23077273723575498
2021-02-03,0.22753745706374642
2021-02-04,0.2330402523075444
2021-02-05,0.23287232505080388
2021-02-08,0.2434322148202136
2021-02-09,0.22794721582177238
2021-02-10,0.21476451659900359
2021-02-18,0.18657538631812626
2021-02-19,0.19010963167234549
2021-02-22,-0.007944397529441335
2021-02-23,-0.010049968819835952
2021-02-24,0.04833019494520848
2021-02-25,0.057080342121572994
2021-02-26,0.10589409270337875
2021-03-01,0.1588463425592021
2021-03-02,0.176513689741273
2021-03-03,0.2850469597052152
2021-03-04,0.26978852954276594
2021-03-05,0.28326790554760445
2021-03-08,0.2201978111944331
2021-03-09,0.12138791884540245
2021-03-10,0.1077367357546629
2021-03-11,0.18919332910162961
2021-03-12,0.1898133281706561
2021-03-15,0.14078160084289937
2021-03-16,0.1296704864806864
2021-03-17,0.11822288997504862
2021-03-18,0.11713719421024611
2021-03-19,0.10000830195012118
2021-03-22,0.10985331703437241
2021-03-23,0.13974427670340206
2021-03-24,0.16967359283607034
2021-03-25,0.1691138216503005
2021-03-26,0.1694674125262308
2021-03-29,0.1692134262426282
2021-03-30,0.16748766146287414
2021-03-31,0.1581599010627545
2021-04-01,0.19171071591300978
2021-04-02,0.1771960224875526
2021-04-06,0.17103715673921727
2021-04-07,0.14145784050490393
2021-04-08,0.1444163607751934
2021-04-09,0.10973387615868974
2021-04-12,0.02878464668214953
2021-04-13,0.03438571836896521
2021-04-14,0.06774370844419854
2021-04-15,0.09722878589474099
2021-04-16,0.10125874930789669
2021-04-19,0.042721824353907895
2021-04-20,0.04275983016491491
2021-04-21,0.03874442756890342
2021-04-22,0.033270612661568395
2021-04-23,0.048062395243144505
2021-04-26,0.07912029203082464
2021-04-27,0.0777444082596486
2021-04-28,0.07436596492338515
2021-04-29,0.07300009827324427
2021-04-30,0.09682906481139957
2021-05-06,-0.028406275987020703
2021-05-07,-0.06286531395532845
2021-05-10,-0.06925321838171608
2021-05-11,-0.09414358008918851
2021-05-12,-0.08488284766751629
2021-05-13,-0.014618232406406605
2021-05-14,-0.059594177775076904
2021-05-17,-0.07293185165913293
2021-05-18,-0.07269558934897333
2021-05-19,-0.0613566138444454
2021-05-20,-0.08217154758328007
2021-05-21,-0.1029472326379945
2021-05-24,-0.10959189747413137
2021-05-25,-0.08205219750985937
2021-05-26,-0.08212786923040304
2021-05-27,-0.08392753945544748
2021-05-28,-0.08170377989362627
2021-05-31,-0.08448226056418918
2021-06-01,-0.08362078843861204
2021-06-02,-0.059231516164515316
2021-06-03,-0.07869771608658845
2021-06-04,-0.08465314290037426
2021-06-07,-0.08248642644613
2021-06-08,-0.0866499750164786
2021-06-09,-0.08512256570724577
2021-06-10,-0.08085796561679034
2021-06-11,-0.10236923330498823
2021-06-15,-0.04313858584476326
2021-06-16,-0.019328627871790096
2021-06-17,-0.02475485853048699
2021-06-18,-0.024750610343989593
2021-06-21,-0.03146650429863817
2021-06-22,-0.039947859384144774
2021-06-23,-0.03658058175044984
2021-06-24,-0.035557226920704184
2021-06-25,0.010173404682103617
2021-06-28,0.005789316396900477
2021-06-29,0.03129890981055908
2021-06-30,0.044264193485033014
2021-07-01,0.042307361407874555
2021-07-02,0.07525826117860804
2021-07-05,0.07654287058987108
2021-07-06,0.07613807987892135
2021-07-07,0.08960599198099828
2021-07-08,0.09769609606109365
2021-07-09,0.07817616608804645
2021-07-12,0.09295731453345356
2021-07-13,0.09645264834700693
2021-07-14,0.11929622260221309
2021-07-15,0.1999308321230772
2021-07-16,0.18718320269474797
2021-07-19,0.18654718712793328
2021-07-20,0.18898827626832
2021-07-21,0.20183832837743654
2021-07-22,0.2126264673009065
2021-07-23,0.16485041979262008
2021-07-26,0.21713680913961103
2021-07-27,0.2373703001126138
2021-07-28,0.229599262045278
2021-07-29,0.2472582322457877
2021-07-30,0.19913094628742636
2021-08-02,-0.0014028768177355043
2021-08-03,-0.002030239454894979
2021-08-04,0.02155636112664561
2021-08-05,0.03048669352987044
2021-08-06,0.009901343732132981
2021-08-09,0.04336446838186315
2021-08-10,0.04765495776486871
2021-08-11,0.030271682811902272
2021-08-12,0.00448266341651451
2021-08-13,-0.0063569147257941895
2021-08-16,-0.005727844781387253
2021-08-17,0.007446794441488743
2021-08-18,0.006065789574389353
2021-08-19,-0.0034528614368120056
2021-08-20,-0.04830740531774179
2021-08-23,-0.028140477595253708
2021-08-24,0.002672871205941461
2021-08-25,0.0033913010676638123
2021-08-26,-0.06715045574612252
2021-08-27,-0.06771835338192406
2021-08-30,-0.06851346116772024
2021-08-31,-0.07330336065807795
2021-09-01,-0.1300019412129173
2021-09-02,-0.12969302333180066
2021-09-03,-0.12296283725230904
2021-09-06,-0.11050453638167289
2021-09-07,-0.04784983875499963
2021-09-08,-0.04692376768611638
2021-09-09,-0.05070291309118576
2021-09-10,-0.09178208132175693
2021-09-13,-0.10315658888006264
2021-09-14,0.00015069528808768636
2021-09-15,-0.022566491953587398
2021-09-16,-0.008289997679528819
2021-09-17,-0.07389077725381422
2021-09-22,-0.07936617920267046
2021-09-23,-0.05227588061295216
2021-09-24,-0.04665010591340477
2021-09-27,-0.120447360557248
2021-09-28,-0.11719363173421063
2021-09-29,-0.02275548310174972
2021-09-30,-0.005735834027708801
2021-10-08,-0.014862841207394218
2021-10-11,-0.016724089998643984
2021-10-12,0.03235937022717322
2021-10-13,0.0461279263841505
2021-10-14,0.04984091767528869
2021-10-15,0.04389850575416834
2021-10-18,-0.012452528468961903
2021-10-19,0.0003374679571281893
2021-10-20,0.000550205388916424
2021-10-21,-0.00480815318076579
2021-10-22,-0.05555506885584793
2021-10-25,-0.05287970579900876
2021-10-26,-0.039785955813700806
2021-10-27,0.02262844789687457
2021-10-28,0.05572975916521903
2021-10-29,0.047205645718946185
2021-11-01,0.03776353698024012
2021-11-02,0.10592346963676313
2021-11-03,0.09552052772698377
2021-11-04,0.06776963723923116
2021-11-05,0.10082039784740966
2021-11-08,0.09966289181201946
2021-11-09,0.10010854486084557
2021-11-10,0.10433626647077528
2021-11-11,0.14555120646387715
2021-11-12,0.15527212328168713
2021-11-15,0.1563597607560688
2021-11-16,0.1559285172055871
2021-11-17,0.15595941751286763
2021-11-18,0.14085956834553146
2021-11-19,0.171870710361289
2021-11-22,0.1708735333426188
2021-11-23,0.17172536718473205
2021-11-24,0.17340045741994173
2021-11-25,0.18596245295956085
2021-11-26,0.17477667599718816
2021-11-29,0.17421141138429805
2021-11-30,0.17784865748827994
2021-12-01,0.18654736875168704
2021-12-02,0.1924883528887671
2021-12-03,0.20984297530757837
2021-12-06,0.20734529084168385
2021-12-07,0.21253642705165265
2021-12-08,0.19931127919410513
2021-12-09,0.20310921691335937
2021-12-10,0.22805883300414026
2021-12-13,0.22633870093602818
2021-12-14,0.25498981867925125
2021-12-15,0.2286728708920399
2021-12-16,0.2802825433294978
2021-12-17,0.20946527949364124
2021-12-20,0.2596117185992532
2021-12-21,0.30690567919526673
2021-12-22,0.306536892824898
2021-12-23,0.30988618393328776
2021-12-24,0.3256325503600385
2021-12-27,0.3256039656687505
2021-12-28,0.29546892501967914
2021-12-29,0.2625799579199955
2021-12-30,0.25798138356160105
2021-12-31,0.2613368806803345
2022-01-04,0.23378239147000263
2022-01-05,0.2493677640190785
2022-01-06,0.21992614204971064
2022-01-07,0.22506649995275363
2022-01-10,0.21291048865981702
2022-01-11,0.1973925212111383
2022-01-12,0.1690282276020976
2022-01-13,0.17514312825344822
2022-01-14,0.23300709965338792
2022-01-17,0.2186251622570338
2022-01-18,0.23500852929037086
2022-01-19,0.1950117028106553
2022-01-20,0.19031984174273378
2022-01-21,0.2157260163564812
2022-01-24,0.21336037129010552
2022-01-25,0.4121814049194943
2022-01-26,0.4301704594382824
2022-01-27,0.44878664453432365
2022-01-28,0.4223549886188808
2022-02-07,0.5462010221685648
2022-02-08,0.5048506946124208
2022-02-09,0.4937579968314815
2022-02-10,0.49134268225980243
2022-02-11,0.4917166500397876
2022-02-14,0.5372224228811316
2022-02-15,0.49217273903247977
2022-02-16,0.5058696749886755
2022-02-17,0.5076834918157414
2022-02-18,0.5475541519238012
2022-02-21,0.5528667343114073
2022-02-22,0.5320149894743267
2022-02-23,0.4955791426815448
2022-02-24,0.5746201079424025
2022-02-25,0.5974079487481654
2022-02-28,0.602332138101627
2022-03-01,0.5998785854434657
2022-03-02,0.5824525196818322
2022-03-03,0.5578811917586235
2022-03-04,0.571799722487629
2022-03-07,0.5109909341537401
2022-03-08,0.5591016371433739
2022-03-09,0.6021070497246596
2022-03-10,0.6332724179578331
2022-03-11,0.6262921370067601
2022-03-14,0.6326664117461775
2022-03-15,0.8858157195398333
2022-03-16,0.7935353200555244
2022-03-17,0.771070050735461
2022-03-18,0.7798672587861477
2022-03-21,0.7812157396782827
2022-03-22,0.7805954960998499
2022-03-23,0.7784061431292111
2022-03-24,0.7806261657617208
2022-03-25,0.7622062682943281
2022-03-28,0.7512656935186433
2022-03-29,0.7534742126568889
2022-03-30,0.7251436700032692
2022-03-31,0.7181633222547215
2022-04-01,0.7112100657625152
2022-04-06,0.695636309898077
2022-04-07,0.6839264760726518
2022-04-08,0.6936703569885646
2022-04-11,0.6889783534321486
2022-04-12,0.6771375158362641
2022-04-13,0.6677204930221416
2022-04-14,0.6769367810053312
2022-04-15,0.6757654273038457
2022-04-18,0.6899141835049146
2022-04-19,0.6775172859834127
2022-04-20,0.7171737611781523
2022-04-21,0.7606500265529847
2022-04-22,0.752026093582736
2022-04-25,0.8596539043926471
2022-04-26,0.8756816669133117
2022-04-27,0.901783572673777
2022-04-28,0.8923814498597565
2022-04-29,0.901857627936635
2022-05-05,0.9017443243222171
2022-05-06,0.9176685387417313
2022-05-09,0.9048487341282049
2022-05-10,0.8948740824404975
2022-05-11,0.8891341200310325
2022-05-12,0.8893280711165834
2022-05-13,0.8936596851876213
2022-05-16,0.8889712147894713
2022-05-17,0.875634116686846
2022-05-18,0.8761193000155123
2022-05-19,0.8766545868899447
2022-05-20,0.8924867672472808
2022-05-23,0.8683385117700646
2022-05-24,0.8942599013825332
2022-05-25,0.8858135357021485
2022-05-26,0.8874118263184945
2022-05-27,0.8827895917457572
2022-05-30,0.8693032816053746
2022-05-31,0.8545997721039892
2022-06-01,0.8543097972958383
2022-06-02,0.8565402688484048
2022-06-06,0.8332921007771846
2022-06-07,0.8279658291118067
2022-06-08,0.8238896994793422
2022-06-09,0.8148600985701565
2022-06-10,0.8013310078325108
2022-06-13,0.8211093067644515
2022-06-14,0.8229764123745864
2022-06-15,0.8132408205834052
2022-06-16,0.8216408808651131
2022-06-17,0.7904131117762545
2022-06-20,0.7858027381952611
2022-06-21,0.7857049891432322
2022-06-22,0.7772958889320323
2022-06-23,0.7511565935695548
2022-06-24,0.7394319194841609
2022-06-27,0.7230326303089634
2022-06-28,0.7250617978243633
2022-06-29,0.7122679599135684
2022-06-30,0.6881921849630068
2022-07-01,0.6801045839803637
2022-07-04,0.6972648882306205
2022-07-05,0.677564670398175
2022-07-06,0.6324182749698767
2022-07-07,0.6223706399903894
2022-07-08,0.6415413193567995
2022-07-11,0.40500246888308217
2022-07-12,0.28249395387647824
2022-07-13,0.28446172584171214
2022-07-14,0.28462830713280474
2022-07-15,0.34920404331048754
2022-07-18,0.3757072010553329
2022-07-19,0.3964208269636526
2022-07-20,0.4329441554467357
2022-07-21,0.408795310189328
2022-07-22,0.4071406631774617
2022-07-25,0.4562438989711967
2022-07-26,0.43065460783166964
2022-07-27,0.4220945203973353
2022-07-28,0.42136617305116125
2022-07-29,0.4188065145308392
2022-08-01,0.4143835208120316
2022-08-02,0.5273187970920832
2022-08-03,0.5530940753087514
2022-08-04,0.5615048437501534
2022-08-05,0.5446714895861674
2022-08-08,0.5457090560532291
2022-08-09,0.543812223607697
2022-08-10,0.5540700776691221
2022-08-11,0.5660353858434564
2022-08-12,0.5666521943482526
2022-08-15,0.5631228145179282
2022-08-16,0.5494488559171901
2022-08-17,0.4852619400229933
2022-08-18,0.52739260887589
2022-08-19,0.5236853509898844
2022-08-22,0.5280813278807327
2022-08-23,0.544890703179717
2022-08-24,0.6110857044113948
2022-08-25,0.6207475749420734
2022-08-26,0.6231143993405078
2022-08-29,0.6213221415983896
2022-08-30,0.6135592254909041
2022-08-31,0.6073351627201435
2022-09-01,0.5870117970433701
2022-09-02,0.5882438892147984
2022-09-05,0.5853899849400028
2022-09-06,0.597356966274259
2022-09-07,0.5992026064386163
2022-09-08,0.5973869557670618
2022-09-09,0.5851190123094152
2022-09-13,0.5723764996574116
2022-09-14,0.593932053058443
2022-09-15,0.621423149794891
2022-09-16,0.6668530431406915
2022-09-19,0.6666187356558164
2022-09-20,0.6701417041771957
2022-09-21,0.6404678410045748
2022-09-22,0.5829403922940012
2022-09-23,0.5967711674007418
2022-09-26,0.644559241704906
2022-09-27,0.6559852010700471
2022-09-28,0.6896136246749185
2022-09-29,0.6895057045544147
2022-09-30,0.6753737783363843
2022-10-10,0.5790058837792146
2022-10-11,0.5810854377908544
2022-10-12,0.6063013519455326
2022-10-13,0.6180477576100187
2022-10-14,0.6107687367737021
2022-10-17,0.6112348683202307
2022-10-18,0.6121818050835894
2022-10-19,0.5488826060161482
2022-10-20,0.5663961508408164
2022-10-21,0.5634528078442395
2022-10-24,0.5479898292083555
2022-10-25,0.5470183589287689
2022-10-26,0.5277342027995722
2022-10-27,0.5236984169519111
2022-10-28,0.6097363769630104
2022-10-31,0.6084297369910749
2022-11-01,0.6144125856972028
2022-11-02,0.6095063614710974
2022-11-03,0.6091278339304165
2022-11-04,0.7274868797595864
2022-11-07,0.7269533840050609
2022-11-08,0.719512276840103
2022-11-09,0.7218130165306076
2022-11-10,0.7086768805621694
2022-11-11,0.6701295233782035
2022-11-14,0.6671805675899253
2022-11-15,0.6574064844758908
2022-11-16,0.656493393591776
2022-11-17,0.6574765845213875
2022-11-18,0.6536867372451768
2022-11-21,0.6480335986863969
2022-11-22,0.648258200358912
2022-11-23,0.6495753305725466
2022-11-24,0.6433395709132228
2022-11-25,0.6530469070442557
2022-11-28,0.6612281548246364
2022-11-29,0.6616166687184841
2022-11-30,0.6607257060019213
2022-12-01,0.6444792575558068
2022-12-02,0.6480265494408962
2022-12-05,0.6986858391747092
2022-12-06,0.6901429569308345
2022-12-07,0.6948597634220826
2022-12-08,0.6948315062310441
2022-12-09,0.6908887965905558
2022-12-12,0.7232260380153742
2022-12-13,0.7194715111689158
2022-12-14,0.7145926460880245
2022-12-15,0.7149651384645802
2022-12-16,0.7164482636880654
2022-12-19,0.7765584486345679
2022-12-20,0.7463795785501859
2022-12-21,0.7461225812408572
2022-12-22,0.7428149178600932
2022-12-23,0.742371250997351
2022-12-26,0.7375713846054206
2022-12-27,0.7381526198796596
2022-12-28,0.7361089632493156
2022-12-29,0.7395341448932585
2022-12-30,0.7378525101099072
2023-01-03,0.745278731050302
2023-01-04,0.748060192621508
2023-01-05,0.6728305652630938
2023-01-06,0.6717491809240742
2023-01-09,0.6582116196775529
2023-01-10,0.6556956872238962
2023-01-11,0.6538181304404339
2023-01-12,0.6535716100679237
2023-01-13,0.6417806244984754
2023-01-16,0.6267136748584042
2023-01-17,0.6265516257078679
2023-01-18,0.6261577706784958
2023-01-19,0.6368368008975795
2023-01-20,0.6568579225024838
2023-01-30,0.6615527453649307
2023-01-31,0.6382822701184474
2023-02-01,0.6498795944929869
2023-02-02,0.654383295564495
2023-02-03,0.6661871951102049
2023-02-06,0.6541467397521034
2023-02-07,0.6551545780711302
2023-02-08,0.6565377675877242
2023-02-09,0.6779217576845573
2023-02-10,0.6678040556636592
2023-02-13,0.6640461491795613
2023-02-14,0.6639268739696221
2023-02-15,0.669393574393702
2023-02-16,0.6880378407013514
2023-02-17,0.645289108001593
2023-02-20,0.6673973970031573
2023-02-21,0.6823408516835363
2023-02-22,0.6717396794722026
2023-02-23,0.6716916061041868
2023-02-24,0.649289949762713
2023-02-27,0.6538433777446409
2023-02-28,0.6431982608731047
2023-03-01,0.6279205590877006
2023-03-02,0.6234615688150029
2023-03-03,0.6244702952964618
2023-03-06,0.6299586371718072
2023-03-07,0.6265538003398813
2023-03-08,0.6219588761781655
2023-03-09,0.6232127203583113
2023-03-10,0.65673368100805
2023-03-13,0.6589927305175793
2023-03-14,0.6698519036761608
2023-03-15,0.6723113053048927
2023-03-16,0.7147281753855735
2023-03-17,0.7150589021279256
2023-03-20,0.7345453409527628
2023-03-21,0.6934010500688096
2023-03-22,0.6861416821966677
2023-03-23,0.6705271744819504
2023-03-24,0.6751376810232781
2023-03-27,0.6879342058115415
2023-03-28,0.6842658559686835
2023-03-29,0.680799739038017
2023-03-30,0.6788094282863927
2023-03-31,0.6838515375542591
2023-04-03,0.6567729303957175
2023-04-04,0.6586808007066259
2023-04-06,0.6620636556913295
2023-04-07,0.6623268606426624
2023-04-10,0.6640669469175989
2023-04-11,0.6623684636591464
2023-04-12,0.6591336540008986
2023-04-13,0.6412766636859242
2023-04-14,0.6355231807738126
2023-04-17,0.6340151064766631
2023-04-18,0.6258045096313292
2023-04-19,0.6220111240813933
2023-04-20,0.6276991958200169
2023-04-21,0.6302775483451394
2023-04-24,0.6613606269351407
2023-04-25,0.6806259400040581
2023-04-26,0.6792225964597318
2023-04-27,0.6876785845275558
2023-04-28,0.742839893262078
2023-05-04,0.7435474091646815
2023-05-05,0.7365904969722233
2023-05-08,0.7640126086210242
2023-05-09,0.7276636578385104
2023-05-10,0.7048268738624998
2023-05-11,0.7002876869120486
2023-05-12,0.6964617662026026
2023-05-15,0.7028146661337642
2023-05-16,0.7151654146340533
2023-05-17,0.7059693415306321
2023-05-18,0.707843297802381
2023-05-19,0.720411537292783
2023-05-22,0.7120835016021799
2023-05-23,0.756650031015123
2023-05-24,0.7335269931016012
2023-05-25,0.7376401449317309
2023-05-26,0.7379605069969031
2023-05-29,0.7231186063497068
2023-05-30,0.7243008546968438
2023-05-31,0.7409191773629137
2023-06-01,0.7456392322710272
2023-06-02,0.7002248098578827
2023-06-05,0.6956852437988597
2023-06-06,0.7251486006119044
2023-06-07,0.7199872186122126
2023-06-08,0.7273576179852617
2023-06-09,0.7174320991546728
2023-06-12,0.7108696870875004
2023-06-13,0.7045257809960382
2023-06-14,0.7046634825190373
2023-06-15,0.6726132793812418
2023-06-16,0.6669950622040786
2023-06-19,0.6749789621398373
2023-06-20,0.6812973044958993
2023-06-21,0.6137471580592112
2023-06-26,0.6145093939737366
2023-06-27,0.6356207955292139
2023-06-28,0.6354042207777747
2023-06-29,0.6308433525977937
2023-06-30,0.6402492925924812
2023-07-03,0.6252822684334732
2023-07-04,0.6227288736055837
2023-07-05,0.5916403194229912
2023-07-06,0.6013177607124974
2023-07-07,0.5979035502866769
2023-07-10,0.5936396358438475
2023-07-11,0.6038344378384473
2023-07-12,0.6136853838546419
2023-07-13,0.6142992243650189
2023-07-14,0.6140529284966392
2023-07-17,0.6011984430226998
2023-07-18,0.6077507678903611
2023-07-19,0.6023190476205664
2023-07-20,0.6128275370707988
2023-07-21,0.6122288347693726
2023-07-24,0.6105022354681038
2023-07-25,0.6132206580026361
2023-07-26,0.6002378915570243
2023-07-27,0.5958256561322784
2023-07-28,0.612692949919321
2023-07-31,0.6134637599687162
2023-08-01,0.5839719690554239
2023-08-02,0.5840616937854902
2023-08-03,0.5629807639898432
2023-08-04,0.5525054489152209
2023-08-07,0.5605549810913476
2023-08-08,0.5687311043238996
2023-08-09,0.5745543247950909
2023-08-10,0.5738555685434481
2023-08-11,0.5956596312114959
2023-08-14,0.580067741160618
2023-08-15,0.5786142896084684
2023-08-16,0.5707177647522248
2023-08-17,0.5611050703756608
2023-08-18,0.5397446128066951
2023-08-21,0.5587055766462181
2023-08-22,0.5761359639125649
2023-08-23,0.5734686135915679
2023-08-24,0.5497998751601214
2023-08-25,0.5400065933515577
2023-08-28,0.5975539298011356
2023-08-29,0.5508042118240122
2023-08-30,0.5522961058533488
2023-08-31,0.5669818682586784
2023-09-01,0.5917908068330715
2023-09-04,0.6555755525678966
2023-09-05,0.6701231483388809
2023-09-06,0.6736405855798372
2023-09-07,0.6860164830219669
2023-09-08,0.6768168018562091
2023-09-11,0.6671874140070246
2023-09-12,0.6666894626651451
2023-09-13,0.667168343503045
2023-09-14,0.6655003744110936
2023-09-15,0.6504262303386954
2023-09-18,0.6329896121853513
2023-09-19,0.625795084067093
2023-09-20,0.6279087230513832
2023-09-21,0.614182416949591
2023-09-22,0.5596970534856046
2023-09-25,0.5685847504205332
2023-09-26,0.5702637681456592
2023-09-27,0.5640117436568157
2023-09-28,0.5589133543437693
2023-10-09,0.5572455994177677
2023-10-10,0.5578614512243896
2023-10-11,0.5406402566424985
2023-10-12,0.5772218309008698
2023-10-13,0.5856891824398643
2023-10-16,0.5689527809646598
2023-10-17,0.5665658766497409
2023-10-18,0.5766450187379787
2023-10-19,0.6341170260201383
2023-10-20,0.6272969530122507
2023-10-23,0.6721622307203086
2023-10-24,0.6745595529712898
2023-10-25,0.7173790077421016
2023-10-26,0.7194242218357692
2023-10-27,0.7157255988400514
2023-10-30,0.7003910620473968
2023-10-31,0.6949401582453344
2023-11-01,0.6954976610819246
2023-11-02,0.6972114790392957
2023-11-03,0.6364211728823315
2023-11-06,0.6209648662457056
2023-11-07,0.6277922168355755
2023-11-08,0.6300039132577391
2023-11-09,0.6308546399950179
2023-11-10,0.6202920378834353
2023-11-13,0.6118009995749468
2023-11-14,0.6103077324836554
2023-11-15,0.6214363668848553
2023-11-16,0.6170765798874217
2023-11-17,0.6154967526381951
2023-11-20,0.6105427021929911
2023-11-21,0.6124694162242877
2023-11-22,0.6220563182631355
2023-11-23,0.6325742246841567
2023-11-24,0.6239149622676288
2023-11-27,0.612881425140495
2023-11-28,0.6121013804639777
2023-11-29,0.6235416194037993
2023-11-30,0.6181079830628308
2023-12-01,0.6091195955254487
2023-12-04,0.6001458315488838
2023-12-05,0.5866244107101364
2023-12-06,0.5859108401420682
2023-12-07,0.5815159705554035
2023-12-08,0.5798802005838946
2023-12-11,0.5822922798780603
2023-12-12,0.5810095534495328
2023-12-13,0.5786225825432237
2023-12-14,0.5739772930762578
2023-12-15,0.5767784029402846
2023-12-18,0.5790337415476662
2023-12-19,0.5756277233881485
2023-12-20,0.5521948323711416
2023-12-21,0.4968129028254659
2023-12-22,0.4960542484358814
2023-12-25,0.48814098480819423
2023-12-26,0.4801850289351329
2023-12-27,0.4780102577980876
2023-12-28,0.4658536179558082
2023-12-29,0.4698136840098622
2024-01-02,0.4081725569982492
2024-01-03,0.4045788852149179
2024-01-04,0.3941948521566567
2024-01-05,0.40580441701031295
2024-01-08,0.43995182136943056
2024-01-09,0.44641321180113763
2024-01-10,0.44996566219875983
2024-01-11,0.44492888401606656
2024-01-12,0.4385036318432298
2024-01-15,0.4394189890025521
2024-01-16,0.43335047650590935
2024-01-17,0.49378873692361713
2024-01-18,0.42476613175977485
2024-01-19,0.42451141770336037
2024-01-22,0.5618611179022495
2024-01-23,0.5657159268919287
2024-01-24,0.6544018776768032
2024-01-25,0.7375568571709041
2024-01-26,0.7275036862395537
2024-01-29,0.7238553993205912
2024-01-30,0.7093786439555719
2024-01-31,0.726263078979513
2024-02-01,0.7232133674144654
2024-02-02,0.7401666264209705
2024-02-05,0.7229384286383352
2024-02-06,0.9233233549717689
2024-02-07,0.9783556402216768
2024-02-08,0.9580460876248453
2024-02-19,0.9213920945825584
2024-02-20,0.9205127885331035
2024-02-21,0.8866776418198652
2024-02-22,0.8812165913030308
2024-02-23,0.88013150250158
2024-02-26,0.8802765592434447
2024-02-27,0.8770192878832557
2024-02-28,0.8604665185746165
2024-02-29,0.8172739442375068
2024-03-01,0.8111707453788365
2024-03-04,0.8088970969473951
2024-03-05,0.794690064760493
2024-03-06,0.7879806926495729
2024-03-07,0.7763089052326295
2024-03-08,0.7733207121884533
2024-03-11,0.7724807847262974
2024-03-12,0.7673228491603498
2024-03-13,0.7661158804078514
2024-03-14,0.7647587564003239
2024-03-15,0.770713386506409
2024-03-18,0.7556096342537174
2024-03-19,0.7465891180234303
2024-03-20,0.7436233527144412
2024-03-21,0.7447385407372102
2024-03-22,0.748749262016173
2024-03-25,0.7493408402620907
2024-03-26,0.7504984430074428
2024-03-27,0.7391425862794521
2024-03-28,0.7343042401889983
2024-03-29,0.7302233185195036
2024-04-01,0.7569197494649966
2024-04-02,0.7441060591504579
2024-04-03,0.7377624850370907
2024-04-08,0.7336151525500018
2024-04-09,0.7326183762830977
2024-04-10,0.7297941193270973
2024-04-11,0.7293820045533317
2024-04-12,0.7456283201561021
2024-04-15,0.6891589395714689
2024-04-16,0.7167258755574312
2024-04-17,0.7593730513890283
2024-04-18,0.7617325195306064
2024-04-19,0.7339728512870233
2024-04-22,0.7454562128773657
2024-04-23,0.7827907802603458
2024-04-24,0.7841090364139608
2024-04-25,0.782911360905212
2024-04-26,0.7728769103935681
2024-04-29,0.786798521845518
2024-04-30,0.7932765974405259
2024-05-06,0.8160836687895274
2024-05-07,0.8162721213147786
2024-05-08,0.8474015499386398
2024-05-09,0.8500192612762658
2024-05-10,0.8511574689997513
2024-05-13,0.8516731924210499
2024-05-14,0.8557755073723732
2024-05-15,0.8597709044202739
2024-05-16,0.8609831110271335
2024-05-17,0.8737066477041896
2024-05-20,0.8668520264511583
2024-05-21,0.8680188273499173
2024-05-22,0.8694771213440615
2024-05-23,0.9097502622390808
2024-05-24,0.8789348995804035
2024-05-27,0.8695466416698796
2024-05-28,0.8659075410318037
2024-05-29,0.8655975928311311
2024-05-30,0.8584154615239362
2024-05-31,0.8651666856711917
2024-06-03,0.8438565461905668
2024-06-04,0.8408231425772851
2024-06-05,0.8570213633543147
2024-06-06,0.8601485323730172
2024-06-07,0.8219808572101431
2024-06-11,0.8411611300429117
2024-06-12,0.8406178089274383
2024-06-13,0.8573632409502941
2024-06-14,0.8807401376033431
2024-06-17,0.8873570930542044
2024-06-18,0.8943262547631039
2024-06-19,0.8952346859116825
2024-06-20,0.9154702210454885
2024-06-21,0.9213122103204185
2024-06-24,0.9595334718096682
2024-06-25,0.9385833873085684
2024-06-26,0.949417457008513
2024-06-27,0.9570187751739686
2024-06-28,0.9555046729421179
2024-07-01,0.9665198112481082
2024-07-02,0.9513604286708989
2024-07-03,0.9491326005795757
2024-07-04,0.978981485538125
2024-07-05,0.9715609936460424
2024-07-08,0.9950007594881556
2024-07-09,1.015538265724519
2024-07-10,1.0236548325072974
2024-07-11,1.0894257472154025
2024-07-12,1.0914512512496868
2024-07-15,1.0885343165484256
2024-07-16,1.058159215435333
2024-07-17,1.0558073919485547
2024-07-18,1.043149519141813
2024-07-19,1.0098348484580588
2024-07-22,1.0344223934581926
2024-07-23,0.8619248444261288
2024-07-24,0.8849896967559999
2024-07-25,0.8854154432081731
2024-07-26,0.8952545576736971
2024-07-29,0.8740785615679507
2024-07-30,0.848130269231558
2024-07-31,0.9468229738544112
2024-08-01,0.9216755792387101
2024-08-02,0.9072399877385868
2024-08-05,0.8845141874865947
2024-08-06,0.8846532862222963
2024-08-07,0.88582195289392
2024-08-08,0.8868053336688834
2024-08-09,0.8833521466677814
2024-08-12,0.8910882524251359
2024-08-13,0.8941546550707222
2024-08-14,0.90390980281514
2024-08-15,0.9102436127807763
2024-08-16,0.9051257963703777
2024-08-19,0.908345069442034
2024-08-20,0.9324273994810276
2024-08-21,0.9349562091332221
2024-08-22,0.9425216755108027
2024-08-23,0.9358546145647899
2024-08-26,0.9294571471499888
2024-08-27,0.9532208977698197
2024-08-28,0.928369540524305
2024-08-29,0.9312900189306503
2024-08-30,0.8361165045786402
2024-09-02,0.847879400484781
2024-09-03,0.8458689529999077
2024-09-04,0.8712043729014731
2024-09-05,0.8662894925292336
2024-09-06,0.8445551004738134
2024-09-09,0.8731852078908802
2024-09-10,0.8699066289639138
2024-09-11,0.9035881187881943
2024-09-12,0.8876186668108792
2024-09-13,0.872254460546775
2024-09-18,0.8477839740353472
2024-09-19,0.9448519723622818
2024-09-20,0.9351678398762151
2024-09-23,0.9491895103410153
2024-09-24,1.0638914424473336
2024-09-25,1.1045078358257452
2024-09-26,1.1529222207860859
2024-09-27,1.0067869505408695
2024-09-30,1.0851445624602565
2024-10-08,1.0082196999774373
2024-10-09,0.9746157024193662
2024-10-10,0.9762483949794086
2024-10-11,0.97643764510887
2024-10-14,0.9766002790853618
2024-10-15,0.9838202060241786
2024-10-16,0.9775484003528256
2024-10-17,0.9765870382032024
2024-10-18,0.9359606126969937
2024-10-21,0.9349125732976121
2024-10-22,0.9336993134329427
2024-10-23,0.9346541598850265
2024-10-24,0.9365734448823629
2024-10-25,0.937533288308632
2024-10-28,0.941357295904056
2024-10-29,0.9576418609171433
2024-10-30,0.9489403153220214
2024-10-31,0.9488977740009986
2024-11-01,0.9479999011488031
2024-11-04,0.9281932547245513
2024-11-05,0.9327349888046567
2024-11-06,0.9272002727976648
2024-11-07,0.9509464694381589
2024-11-08,0.9623628821144367
2024-11-11,0.9546416854990522
2024-11-12,0.959098353113599
2024-11-13,0.9558318811041021
2024-11-14,0.9615041729646232
2024-11-15,0.9626845259495854
2024-11-18,0.941798550781275
2024-11-19,0.9279914665376756
2024-11-20,0.9287401398168641
2024-11-21,0.9285880049182857
2024-11-22,0.9330949148204843
2024-11-25,0.9318230061871431
2024-11-26,0.9308710199590166
2024-11-27,0.9182679773018909
2024-11-28,0.9081009029997547
2024-11-29,0.900622584198446
2024-12-02,0.9105465618235905
2024-12-03,0.9106916050179463
2024-12-04,0.908763006600386
2024-12-05,0.9067538488735398
2024-12-06,0.919358660270767
2024-12-09,0.9166045951820495
2024-12-10,0.9066093675049891
2024-12-11,0.9022985655318507
2024-12-12,0.8864383683273647
2024-12-13,0.9091067613717594
2024-12-16,0.9089058114627835
2024-12-17,0.9076966599976954
2024-12-18,0.9075400393802034
2024-12-19,0.907349274239909
2024-12-20,0.9145361523990249
2024-12-23,0.9135465589920075
2024-12-24,0.9153820888463348
2024-12-25,0.9152995343947623
2024-12-26,0.9152297322485357
2024-12-27,0.9141774072440604
2024-12-30,0.9125898296851646
2024-12-31,0.9106330783078673
2025-01-02,0.9122598874088286
2025-01-03,0.9156228733118892
2025-01-06,0.912311807485329
2025-01-07,0.9050246585525108
2025-01-08,0.9073578178336001
2025-01-09,0.9103945995352949
2025-01-10,0.9198656886388202
2025-01-13,0.9164426833878939
2025-01-14,0.9167406004039271
2025-01-15,0.9189736178593204
2025-01-16,0.9208338047882113
2025-01-17,0.9171884203320423
2025-01-20,0.9175079191295958
2025-01-21,0.9166416961949871
2025-01-22,0.9127150125858637
2025-01-23,0.9132829066834771
2025-01-24,0.9193917182346033
2025-01-27,0.9129219286856345
2025-02-05,0.9188987059950865
2025-02-06,0.909146774176379
2025-02-07,0.9403800302112537
2025-02-10,0.9409541957702392
2025-02-11,0.9491812626244607
2025-02-12,0.939132525508036
2025-02-13,0.9371016077163841
2025-02-14,0.9236479551868297
2025-02-17,0.9242038128659661
2025-02-18,0.9253257266490736
2025-02-19,0.9155464099418398
2025-02-20,0.9104223293236221
2025-02-21,0.8837414577930446
2025-02-24,0.878095531780243
2025-02-25,0.8916282097197042
2025-02-26,0.9435723142911405
2025-02-27,0.9419635457448087
2025-02-28,0.9398130279870116
2025-03-03,0.9392705818903764
2025-03-04,0.9384948043602759
2025-03-05,0.933063134375116
2025-03-06,0.916466112838085
2025-03-07,0.906011350064324
2025-03-10,0.9150376397245108
2025-03-11,0.9157368161593641
2025-03-12,0.916490617914683
2025-03-13,0.9047655416805004
2025-03-14,0.8405287240516554
2025-03-17,0.8360323437481262
2025-03-18,0.8317322587199375
2025-03-19,0.8314508698780813
2025-03-20,0.8076210106718584
2025-03-21,0.7667650018036369
2025-03-24,0.7776217790139006
2025-03-25,0.7769661667540759
2025-03-26,0.7832892592307535
2025-03-27,0.7770169692998713
2025-03-28,0.7886161905793225
2025-03-31,0.8047662033815407
2025-04-01,0.8045647344887049
2025-04-02,0.8045115215646095
2025-04-03,0.7941217397500709
2025-04-07,1.086558443620471
2025-04-08,1.063471884142346
2025-04-09,1.0579752343572588
2025-04-10,1.0526463257936587
2025-04-11,1.0488316443301537
2025-04-14,1.0517618261905723
2025-04-15,1.0509489359047708
2025-04-16,1.048319059426568
2025-04-17,1.0480665091720933
2025-04-18,1.0481140295449185
2025-04-21,1.0522626642617952
2025-04-22,1.0522742275831574
2025-04-23,1.0522102437501364
2025-04-24,1.051733549473713
2025-04-25,1.054702716725145
2025-04-28,1.051793182927753
2025-04-29,1.0495164451927654
2025-04-30,1.0552555291326957
2025-05-06,1.0594471364374662
2025-05-07,1.072845939605882
2025-05-08,1.058006540392922
2025-05-09,1.0587069761868964
2025-05-12,1.0308101676522452
2025-05-13,1.0322485000905195
2025-05-14,1.0182379996415694
2025-05-15,1.0116135406701694
2025-05-16,1.0115000628865465
2025-05-19,1.0031773966345092
2025-05-20,0.9910938814322774
2025-05-21,0.9877005876150311
2025-05-22,0.9893336907647137
2025-05-23,0.9846352499768906
2025-05-26,0.9745789592983565
2025-05-27,0.9654074751046208
2025-05-28,0.966731240558865
2025-05-29,0.9655679636219002
2025-05-30,0.9615020737387325
2025-06-03,0.9497417794849153
2025-06-04,0.9576472886388683
2025-06-05,0.9509892815413181
2025-06-06,0.9498439161211101
2025-06-09,0.953383546039311
2025-06-10,0.9532082321248733
2025-06-11,0.956343527306733
2025-06-12,0.9577335663181106
2025-06-13,0.9541183861680095
2025-06-16,0.9505226237255386
2025-06-17,0.949272523248745
2025-06-18,0.9467657638797846
2025-06-19,0.9674870678637703
2025-06-20,0.9672859041299129
2025-06-23,0.9686428811868327
2025-06-24,0.9764147174042012
2025-06-25,0.9613733705558045
2025-06-26,0.9664175283263444
2025-06-27,0.9432305555727644
2025-06-30,0.9403246784613768
2025-07-01,0.9449441213339185
2025-07-02,0.945425108728534
2025-07-03,0.9566574205432359
2025-07-04,0.9611041859793096
2025-07-07,0.9512046461833095
2025-07-08,0.9613797874023035
2025-07-09,0.9675453405589284
2025-07-10,0.9882962703936665
2025-07-11,0.9912716975469273
2025-07-14,0.9899815358451539
2025-07-15,0.9898187832472816
2025-07-16,1.0075425387371304
2025-07-17,1.0459651642253212
2025-07-18,1.0494330399986762
2025-07-21,1.0853831159267282
2025-07-22,1.1434466816354687
2025-07-23,1.1434899598659447
2025-07-24,1.1423278563627128
2025-07-25,1.1606370507840327
2025-07-28,1.147214738481497
2025-07-29,1.1762175257607486
2025-07-30,1.1755449370377826
2025-07-31,1.329679541030223
2025-08-01,1.3255899623655962
2025-08-04,1.3193441321069181
2025-08-05,1.3131975097929358
2025-08-06,1.317607360084875
2025-08-07,1.3174663713462402
2025-08-08,1.3109710309714095
2025-08-11,1.3028953977925022
2025-08-12,1.2696564666477144
2025-08-13,1.2650845738063865
2025-08-14,1.2746459862284172
2025-08-15,1.274046596453854
2025-08-18,1.2267072594985917
2025-08-19,1.2261866159050387
2025-08-20,1.221724603438939
2025-08-21,1.226414511914022
2025-08-22,1.0273354628712148
2025-08-25,1.0246178419871266
2025-08-26,1.0299016040566744
2025-08-27,1.088306386261391
2025-08-28,1.0202210306172739
2025-08-29,1.0843825265756712
2025-09-01,1.0568994826467168
2025-09-02,1.0485541015638251
2025-09-03,1.0671340163808163
2025-09-04,1.011441525967441
2025-09-05,0.9252484650560703
2025-09-08,0.9324971144941642
2025-09-09,0.9282892772981953
2025-09-10,0.9243721284861516
2025-09-11,0.8604252035331069
2025-09-12,0.8132113664352935
2025-09-15,0.8192564699056211
2025-09-16,0.815685954381863
2025-09-17,0.8089355896295705
2025-09-18,0.8158051388245144
2025-09-19,0.8150610051804225
2025-09-22,0.8034981249080274
2025-09-23,0.8123769963033877
2025-09-24,0.8026015924412637
2025-09-25,0.7901728520594812
2025-09-26,0.771435837133351
2025-09-29,0.8485394275829771
2025-09-30,0.8679144581923321
2025-10-09,0.9978524617077227
2025-10-10,0.8761645744806743
2025-10-13,0.8849736516320441
2025-10-14,0.8768537267267185
2025-10-15,0.8355821440292287
2025-10-16,0.8215078747916424
2025-10-17,0.7721610094143085
2025-10-20,0.765824736528984
2025-10-21,0.7538287603566964
2025-10-22,0.7544300988410189
2025-10-23,0.7594626414065345
2025-10-24,0.6820141777170639
2025-10-27,0.7096293230142071
2025-10-28,0.7236307315274263
2025-10-29,0.6649226118052405
2025-10-30,0.633280300937602
2025-10-31,0.6293987753840846
2025-11-03,0.6304142228087937
2025-11-04,0.6494848697442929
2025-11-05,0.6541540215099805
2025-11-06,0.6613480140777331
2025-11-07,0.6598099783596084
2025-11-10,0.6558038787515273
2025-11-11,0.6341666127075936
2025-11-12,0.6340505639843413
2025-11-13,0.6446008070014989
2025-11-14,0.5957462137277282
2025-11-17,0.5962137196795708
2025-11-18,0.6674863351955603
2025-11-19,0.6536313217167249
2025-11-20,0.648807535187062
2025-11-21,0.7571456214402431
2025-11-24,0.7581908530709903
2025-11-25,0.7442346852747733
2025-11-26,0.7280984467483526
2025-11-27,0.7293609318313048
2025-11-28,0.7307467259231978
2025-12-01,0.7335695965677468
2025-12-02,0.7190353173449524
2025-12-03,0.7249296742736504
2025-12-04,0.7200446539419019
2025-12-05,0.742032875264853
2025-12-08,0.723311482026422
2025-12-09,0.7578319023633371
2025-12-10,0.757278495156351
2025-12-11,0.7717610035626745
2025-12-12,0.7717313527647084
2025-12-15,0.7329232241028082
2025-12-16,0.7589678194299491
2025-12-17,0.7391555694656173
2025-12-18,0.7192055982843941
2025-12-19,0.7373308990008216
2025-12-22,0.7316486467030086
2025-12-23,0.7240851373144684
2025-12-24,0.7287255262626818
2025-12-25,0.7317431447635417
2025-12-26,0.732957351053672
2025-12-29,0.7343985884597606
2025-12-30,0.7280586216603568
2025-12-31,0.7349669195083586
2026-01-05,0.7104576337684895
2026-01-06,0.7994532624050187
2026-01-07,0.8043788563459703
2026-01-08,0.7894668238589869
2026-01-09,0.7858065578783339
2026-01-12,0.7912993913651768
2026-01-13,0.7757666222199202
2026-01-14,0.7817673901310592
2026-01-15,0.7773709053131936
2026-01-16,0.7943420972485277
2026-01-19,0.7952255589977969
2026-01-20,0.77439514984881
2026-01-21,0.7763491141532263
2026-01-22,0.7746945049232913
2026-01-23,0.7454594076441415
2026-01-26,0.7465918257427087
2026-01-27,0.7511909240660802
2026-01-28,0.7708664006307301
2026-01-29,0.7654828521126228
2026-01-30,0.8453195875807086
2026-02-02,1.1332855262371602
2026-02-03,1.2022743096652277
2026-02-04,1.274293920758521
2026-02-05,1.2892768307914635
2026-02-06,1.2902988910225937
2026-02-09,1.2150728563798936
2026-02-10,1.213075099989291
2026-02-11,1.1960655681985028
2026-02-12,1.193559407706415
2026-02-13,1.2865066922276784
2026-02-24,1.357015098406084
2026-02-25,1.4175967079771716
2026-02-26,1.408390364879696
2026-02-27,1.3816562106344774
2026-03-02,1.3881053360190452
2026-03-03,1.4437675708662416
2026-03-04,1.4530547146142898
2026-03-05,1.4136759908586338
2026-03-06,1.4166142893593587
2026-03-09,1.4113038267516222
2026-03-10,1.3039093038192984
2026-03-11,1.303215418707887
2026-03-12,1.266936932984285
2026-03-13,1.246847230230481
2026-03-16,1.2429703386889481
2026-03-17,1.2042438057545228
2026-03-18,1.170657943037632
2026-03-19,1.2331142923416372
2026-03-20,1.246453736116969
2026-03-23,1.350301339613469
2026-03-24,1.403503750335504
2026-03-25,1.3960124073677072
2026-03-26,1.3669495705631005
2026-03-27,1.3577434891430376
2026-03-30,1.351941039553083
2026-03-31,1.3609013364597355
2026-04-01,1.3070881159511243
2026-04-02,1.314550913066412
2026-04-03,1.3178266094167348
2026-04-07,1.3181204403394473
2026-04-08,1.2503047076506422
2026-04-09,1.2556372133604172
2026-04-10,1.2269252136948854
