date,000568.XSHE
2009-04-03,0.24513846291708843
2009-04-07,0.24276650404325056
2009-04-08,0.25030369247405143
2009-04-09,0.24842507332937763
2009-04-10,0.24111278574536707
2009-04-13,0.2431243005304361
2009-04-14,0.24508882242665878
2009-04-15,0.25420106302054885
2009-04-16,0.2622898226342968
2009-04-17,0.2676007377949108
2009-04-20,0.26336579489376816
2009-04-21,0.26524309592443085
2009-04-22,0.268989209136699
2009-04-23,0.26774192737519936
2009-04-24,0.2662789062064554
2009-04-27,0.27462971537151853
2009-04-28,0.2704793958927659
2009-04-29,0.2600985313672048
2009-04-30,0.25452794279153534
2009-05-04,0.24277578669113895
2009-05-05,0.23657299866992598
2009-05-06,0.23278556638704634
2009-05-07,0.24056654323069496
2009-05-08,0.23967654312051928
2009-05-11,0.2437725969248098
2009-05-12,0.2355599505099057
2009-05-13,0.23066848121510047
2009-05-14,0.22668768494534675
2009-05-15,0.22145993749690368
2009-05-18,0.21878007133209268
2009-05-19,0.21521157994094606
2009-05-20,0.21327290782450423
2009-05-21,0.21699094379472286
2009-05-22,0.21163593593044042
2009-05-25,0.21228980813227905
2009-05-26,0.20913580615972857
2009-05-27,0.2033597698693414
2009-06-01,0.1965363262686046
2009-06-02,0.19414218214818868
2009-06-03,0.19102768921977792
2009-06-04,0.19602391041432085
2009-06-05,0.22452645175817867
2009-06-08,0.23034466396796435
2009-06-09,0.23535969870008028
2009-06-10,0.2332533899401797
2009-06-11,0.23071644376748218
2009-06-12,0.23022748753809033
2009-06-15,0.2540022403682865
2009-06-16,0.24929112878012158
2009-06-17,0.24469178707209477
2009-06-18,0.23982120398217788
2009-06-19,0.24099765877477883
2009-06-22,0.24272059303629198
2009-06-23,0.2424978680743781
2009-06-24,0.23533680418088188
2009-06-25,0.24671902950749955
2009-06-26,0.24362493709411878
2009-06-29,0.26164405331355756
2009-06-30,0.26481284106134045
2009-07-01,0.26104001019344186
2009-07-02,0.2611215351103949
2009-07-03,0.26539900540212297
2009-07-06,0.2714872297415062
2009-07-07,0.27035112078154355
2009-07-08,0.26293810974571247
2009-07-09,0.2620431847270841
2009-07-10,0.2597517361432891
2009-07-13,0.2600482376523162
2009-07-14,0.2564825810714182
2009-07-15,0.2589623006482684
2009-07-16,0.26280747254990944
2009-07-17,0.26604616725501745
2009-07-20,0.26482267580043967
2009-07-21,0.27136030252264814
2009-07-22,0.26584151382421023
2009-07-23,0.26282439940400143
2009-07-24,0.26808117076430305
2009-07-27,0.2639592070863102
2009-07-28,0.2666903529814285
2009-07-29,0.29209352724651094
2009-07-30,0.2985950177328895
2009-07-31,0.28612947137621925
2009-08-03,0.2909170821483983
2009-08-04,0.29928322749920167
2009-08-05,0.30482223126176416
2009-08-06,0.30336312551589734
2009-08-07,0.30157376279026
2009-08-10,0.3026121472785468
2009-08-11,0.2940357872331754
2009-08-12,0.2919889548600685
2009-08-13,0.2860891673508363
2009-08-14,0.2890475253205299
2009-08-17,0.2965924467403344
2009-08-18,0.2936376148783552
2009-08-19,0.30089264475968536
2009-08-20,0.2854195112490719
2009-08-21,0.2769995502373052
2009-08-24,0.2741089000605842
2009-08-25,0.29233349537559616
2009-08-26,0.2869516925833095
2009-08-27,0.29194078329486994
2009-08-28,0.2889328377251844
2009-08-31,0.2912302173197786
2009-09-01,0.29545703042163574
2009-09-02,0.2860291443658714
2009-09-03,0.2678562504878527
2009-09-04,0.2606467832199023
2009-09-07,0.2554539175166081
2009-09-08,0.2454854600295083
2009-09-09,0.2433688648385435
2009-09-10,0.24304816126053203
2009-09-11,0.23829656380473802
2009-09-14,0.23481676221634903
2009-09-15,0.23334743547938022
2009-09-16,0.23646468607435153
2009-09-17,0.23529022280881187
2009-09-18,0.22313693558221379
2009-09-21,0.2289598207469048
2009-09-22,0.2525009586789169
2009-09-23,0.2567311111298396
2009-09-24,0.257385971794224
2009-09-25,0.2531917584704071
2009-09-28,0.23414501780910035
2009-09-29,0.235563107699411
2009-09-30,0.22645495134838603
2009-10-09,0.21298510998196102
2009-10-12,0.20991467482093049
2009-10-13,0.20403441238501602
2009-10-14,0.20197243812452595
2009-10-15,0.19972626631302548
2009-10-16,0.19767997205939408
2009-10-19,0.19221883909813145
2009-10-20,0.1906369650067031
2009-10-21,0.1914942593255979
2009-10-22,0.19290724237266285
2009-10-23,0.19060496824254283
2009-10-26,0.1945612255252865
2009-10-27,0.20005900759603948
2009-10-28,0.19996706158619326
2009-10-29,0.2013858514774215
2009-10-30,0.19677387854628883
2009-11-02,0.2031235702217955
2009-11-03,0.20218877818250888
2009-11-04,0.20126105577188738
2009-11-05,0.19933829898879338
2009-11-06,0.19956688163737452
2009-11-09,0.19770914366594797
2009-11-10,0.1951421849253737
2009-11-11,0.19408830781946707
2009-11-12,0.19320120072307734
2009-11-13,0.1980509213319716
2009-11-16,0.1964324714273887
2009-11-17,0.19433848209753474
2009-11-18,0.19934200713358174
2009-11-19,0.19907114988379346
2009-11-20,0.2001298381610527
2009-11-23,0.23262000613154984
2009-11-24,0.23817895977895084
2009-11-25,0.2554043482376841
2009-11-26,0.28016569383684864
2009-11-27,0.28837102376788276
2009-11-30,0.2838545769499629
2009-12-01,0.2784360319189493
2009-12-02,0.27398831078828273
2009-12-03,0.2716020114149692
2009-12-04,0.27657823221949007
2009-12-07,0.2669405247927313
2009-12-08,0.2604622788311731
2009-12-09,0.2573763892219867
2009-12-10,0.24734908932386088
2009-12-11,0.24051156223956857
2009-12-14,0.24038132393896977
2009-12-15,0.2350992276380306
2009-12-16,0.2309378970722101
2009-12-17,0.23092211147906277
2009-12-18,0.23857513188801438
2009-12-21,0.23249604019070416
2009-12-22,0.23531265767783657
2009-12-23,0.22893523159499998
2009-12-24,0.21850370203592365
2009-12-25,0.2133815310118148
2009-12-28,0.207274004416498
2009-12-29,0.20708186370108536
2009-12-30,0.2079650106639631
2009-12-31,0.2020437523491943
2010-01-04,0.20761284673138963
2010-01-05,0.21143368853087502
2010-01-06,0.21094854485760064
2010-01-07,0.21560133061688772
2010-01-08,0.21939096634836422
2010-01-11,0.23281522576046568
2010-01-12,0.2288871355307019
2010-01-13,0.236385192626297
2010-01-14,0.2421079133953578
2010-01-15,0.238125128464109
2010-01-18,0.23779635688630693
2010-01-19,0.2391033867567926
2010-01-20,0.24823648282365435
2010-01-21,0.24961980737749861
2010-01-22,0.2538083774146082
2010-01-25,0.25179614371517756
2010-01-26,0.2517028390505018
2010-01-27,0.2522826322166504
2010-01-28,0.24966421901036762
2010-01-29,0.24089958439352968
2010-02-01,0.2607995735765085
2010-02-02,0.25509139692254373
2010-02-03,0.2575483261505686
2010-02-04,0.2526090301835658
2010-02-05,0.2556208346564795
2010-02-08,0.25093721217838094
2010-02-09,0.242466595949953
2010-02-10,0.23124654015732932
2010-02-11,0.22144935560248422
2010-02-12,0.21110989864236077
2010-02-22,0.20902466157553187
2010-02-23,0.21358683322878302
2010-02-24,0.21137924423556362
2010-02-25,0.20991782428344466
2010-02-26,0.20887656325210802
2010-03-01,0.20675627004179675
2010-03-02,0.20723281610329997
2010-03-03,0.20827379265070312
2010-03-04,0.2111973446912662
2010-03-05,0.21020675117170373
2010-03-08,0.2058991583237291
2010-03-09,0.20270817454268883
2010-03-10,0.20649006290315258
2010-03-11,0.207120593950221
2010-03-12,0.20750558155095988
2010-03-15,0.2098602207757893
2010-03-16,0.20541240498464147
2010-03-17,0.19538517112756193
2010-03-18,0.18982593791774385
2010-03-19,0.18489302209670772
2010-03-22,0.18432532706591861
2010-03-23,0.18668006472223506
2010-03-24,0.1905536490404509
2010-03-25,0.19820236892383772
2010-03-26,0.19680366807174787
2010-03-29,0.19326977406836554
2010-03-30,0.19116770204749267
2010-03-31,0.19293877625561695
2010-04-01,0.19143289632602778
2010-04-02,0.19254137709354177
2010-04-06,0.19419861355286483
2010-04-07,0.19687328804532014
2010-04-08,0.20281208295945835
2010-04-09,0.2002071606669491
2010-04-12,0.2119948016154718
2010-04-13,0.22414886933306793
2010-04-14,0.22365243984257538
2010-04-15,0.22670116175453547
2010-04-16,0.22388977544586697
2010-04-19,0.23000053538434412
2010-04-20,0.2193924485528841
2010-04-21,0.21271306684213193
2010-04-22,0.21320423309074513
2010-04-23,0.21455141006497147
2010-04-26,0.22288984939969642
2010-04-27,0.2281287271049077
2010-04-28,0.23330340707993658
2010-04-29,0.2357087141335819
2010-04-30,0.24373946388199413
2010-05-04,0.24091523807416423
2010-05-05,0.23106138571462184
2010-05-06,0.22736915663712454
2010-05-07,0.24286633973520244
2010-05-10,0.250197743575101
2010-05-11,0.24781597919246517
2010-05-12,0.2528648849952686
2010-05-13,0.24136100679824396
2010-05-14,0.23153450106623233
2010-05-17,0.23046445896385795
2010-05-18,0.22854592203736826
2010-05-19,0.21987464413839514
2010-05-20,0.21595252371135942
2010-05-21,0.21021585543033644
2010-05-24,0.20163342945668725
2010-05-25,0.1981765455782115
2010-05-26,0.19170416812989388
2010-05-27,0.18465659254867087
2010-05-28,0.18215887407088724
2010-05-31,0.18393378367197497
2010-06-01,0.1923719926123496
2010-06-02,0.18657233303189366
2010-06-03,0.1817484130062144
2010-06-04,0.17784850515624312
2010-06-07,0.1878024404399658
2010-06-08,0.18678356105304234
2010-06-09,0.18101255225118823
2010-06-10,0.1783030657938177
2010-06-11,0.1758193588517685
2010-06-17,0.17769585047148725
2010-06-18,0.1812910595835791
2010-06-21,0.17829587675368072
2010-06-22,0.1742764648606998
2010-06-23,0.17109627429754135
2010-06-24,0.16541062052155706
2010-06-25,0.16421715015337052
2010-06-28,0.16481592791076213
2010-06-29,0.1692417417877871
2010-06-30,0.18084907963314914
2010-07-01,0.18546562551226578
2010-07-02,0.1890760617772677
2010-07-05,0.18852607877871538
2010-07-06,0.1797953063310648
2010-07-07,0.1739386931660184
2010-07-08,0.17367200043101355
2010-07-09,0.17502260736294503
2010-07-12,0.17254856632759366
2010-07-13,0.1741957334854191
2010-07-14,0.17112628695370144
2010-07-15,0.17061162234210048
2010-07-16,0.16963102015439863
2010-07-19,0.16218069644355082
2010-07-20,0.1590825291322447
2010-07-21,0.15917617304241505
2010-07-22,0.15437725530229454
2010-07-23,0.15346660941917883
2010-07-26,0.15701553654836276
2010-07-27,0.15591908094791995
2010-07-28,0.15230782630623907
2010-07-29,0.1549477714298598
2010-07-30,0.1561017799472242
2010-08-02,0.15532878569924327
2010-08-03,0.15570874725227973
2010-08-04,0.15493005088994316
2010-08-05,0.15489172878446172
2010-08-06,0.15342468656727778
2010-08-09,0.1543197734717862
2010-08-10,0.15711105247437226
2010-08-11,0.15516848920377022
2010-08-12,0.15912244507845882
2010-08-13,0.1558900135183063
2010-08-16,0.1533942031259475
2010-08-17,0.15270835957500145
2010-08-18,0.15374191131455162
2010-08-19,0.15540188377014427
2010-08-20,0.1629281189816333
2010-08-23,0.16541849581921125
2010-08-24,0.1631440669932438
2010-08-25,0.1683319485333364
2010-08-26,0.16644821750049255
2010-08-27,0.16752503861770376
2010-08-30,0.16589418346733129
2010-08-31,0.16923846209771118
2010-09-01,0.17756641458226102
2010-09-02,0.17915549030572378
2010-09-03,0.18257673811126174
2010-09-06,0.1861997471760307
2010-09-07,0.1813246023469783
2010-09-08,0.177692990313579
2010-09-09,0.18049954238417598
2010-09-10,0.18241706296772586
2010-09-13,0.17982980312564192
2010-09-14,0.18288805825190405
2010-09-15,0.18668682792200883
2010-09-16,0.1921027275493662
2010-09-17,0.1895405778172536
2010-09-20,0.1911896701386128
2010-09-21,0.19218482163913939
2010-09-27,0.18580471919951014
2010-09-28,0.18656224346186875
2010-09-29,0.1879263481494642
2010-09-30,0.18115046558676703
2010-10-08,0.1751226167452167
2010-10-11,0.18935712522731152
2010-10-12,0.1933164334905478
2010-10-13,0.1954472898796025
2010-10-14,0.20272807794681366
2010-10-15,0.20832066253345313
2010-10-18,0.2232308026388334
2010-10-19,0.21694256437605322
2010-10-20,0.22736177722418296
2010-10-21,0.23930407361215875
2010-10-22,0.23558013606644398
2010-10-25,0.28844331946434815
2010-10-26,0.2896160378737212
2010-10-27,0.2863302271249502
2010-10-28,0.28569542929491704
2010-10-29,0.2843521977830999
2010-11-01,0.2811998615945366
2010-11-02,0.2852961103453695
2010-11-03,0.2902720985966436
2010-11-04,0.2809547725424197
2010-11-05,0.2760930923742203
2010-11-08,0.27258141318460966
2010-11-09,0.27349705131673546
2010-11-10,0.2813773285604903
2010-11-11,0.2759731387577781
2010-11-12,0.28367300738288403
2010-11-15,0.2886709752916484
2010-11-16,0.2950425531475205
2010-11-17,0.3125009334341979
2010-11-18,0.30605319034973055
2010-11-19,0.2964858724266819
2010-11-22,0.29055147260549097
2010-11-23,0.2939919868062648
2010-11-24,0.2814545216843328
2010-11-25,0.27457764216876557
2010-11-26,0.26882010827406505
2010-11-29,0.26894260205899506
2010-11-30,0.2790483440167525
2010-12-01,0.27291976038006716
2010-12-02,0.26822697651699556
2010-12-03,0.2633073608740781
2010-12-06,0.27377026152821976
2010-12-07,0.26525767524594723
2010-12-08,0.25789432519429484
2010-12-09,0.2557579810379041
2010-12-10,0.24270990907859588
2010-12-13,0.23337387371795823
2010-12-14,0.22860691021620477
2010-12-15,0.22447471398964747
2010-12-16,0.21930604321360997
2010-12-17,0.21611065007228683
2010-12-20,0.22432195014828069
2010-12-21,0.22220096163651737
2010-12-22,0.21997105421049284
2010-12-23,0.2183049001443084
2010-12-24,0.21926201849151658
2010-12-27,0.21911550690611523
2010-12-28,0.23478406905325383
2010-12-29,0.22859652082480084
2010-12-30,0.22622750583172868
2010-12-31,0.2182097812020428
2011-01-04,0.22155208879876692
2011-01-05,0.2242586003259575
2011-01-06,0.22405706339301415
2011-01-07,0.22260122638849847
2011-01-10,0.22754377517658467
2011-01-11,0.23675701294911317
2011-01-12,0.22692301974330123
2011-01-13,0.2275772297486534
2011-01-14,0.23382443839999512
2011-01-17,0.24475469493151894
2011-01-18,0.24219809106940493
2011-01-19,0.23229925537746918
2011-01-20,0.23349710426663997
2011-01-21,0.24084172475354657
2011-01-24,0.25146852229358224
2011-01-25,0.25866341812600185
2011-01-26,0.24678299763125122
2011-01-27,0.23855150594708702
2011-01-28,0.23150902800495635
2011-01-31,0.22388583113362712
2011-02-01,0.21802221848710962
2011-02-09,0.2230311661896992
2011-02-10,0.22209950337226858
2011-02-11,0.21792930002959154
2011-02-14,0.2147930465428608
2011-02-15,0.21094575561546605
2011-02-16,0.20964521656950907
2011-02-17,0.2131827641761278
2011-02-18,0.21834899128206986
2011-02-21,0.2179679913556766
2011-02-22,0.2245453478808218
2011-02-23,0.223550404376074
2011-02-24,0.22322141075709873
2011-02-25,0.22166743375453934
2011-02-28,0.21883242934865502
2011-03-01,0.21858062435414066
2011-03-02,0.21958439178476294
2011-03-03,0.21976965527145045
2011-03-04,0.2154773686304976
2011-03-07,0.20992947638419393
2011-03-08,0.21076225184128283
2011-03-09,0.20850415710869244
2011-03-10,0.22060374434247002
2011-03-11,0.21721083344483852
2011-03-14,0.22222412006114065
2011-03-15,0.23778973225156708
2011-03-16,0.22927938728429503
2011-03-17,0.23062327896578125
2011-03-18,0.2263941652817021
2011-03-21,0.22627110936995506
2011-03-22,0.2227170879249496
2011-03-23,0.21501335900316954
2011-03-24,0.2108882826181628
2011-03-25,0.2104067896049418
2011-03-28,0.21888277528934408
2011-03-29,0.23117867695579944
2011-03-30,0.23568129027180132
2011-03-31,0.23973703633888419
2011-04-01,0.23504243641943212
2011-04-06,0.23578586062015122
2011-04-07,0.2313476759396279
2011-04-08,0.2245778613949898
2011-04-11,0.224124271063352
2011-04-12,0.22253396291641445
2011-04-13,0.21740762989821008
2011-04-14,0.21549233912001628
2011-04-15,0.2163719330851007
2011-04-18,0.21949122372975108
2011-04-19,0.23700191156549275
2011-04-20,0.23951589422255543
2011-04-21,0.2387446196590463
2011-04-22,0.2362201200791851
2011-04-25,0.25515460035287285
2011-04-26,0.2613768907698384
2011-04-27,0.2608888408156697
2011-04-28,0.2633362337044137
2011-04-29,0.25585225325622446
2011-05-03,0.2503072535117504
2011-05-04,0.24447147796768526
2011-05-05,0.23874335153002738
2011-05-06,0.23147163943496124
2011-05-09,0.22390072648238168
2011-05-10,0.21822012292944318
2011-05-11,0.21439115512398688
2011-05-12,0.21633104991162547
2011-05-13,0.21379545760573093
2011-05-16,0.21397687568925092
2011-05-17,0.21899883775806914
2011-05-18,0.21233905203536402
2011-05-19,0.20682069569550712
2011-05-20,0.20649139603404018
2011-05-23,0.2174744508705314
2011-05-24,0.22394184095489672
2011-05-25,0.22361679998513315
2011-05-26,0.2263247970902803
2011-05-27,0.23479138915091735
2011-05-30,0.24394021189453063
2011-05-31,0.2344011173143746
2011-06-01,0.22532929833922402
2011-06-02,0.22171409317105534
2011-06-03,0.21178679774898243
2011-06-07,0.20451026975183506
2011-06-08,0.19905075042889103
2011-06-09,0.1992615816486049
2011-06-10,0.19836582105007716
2011-06-13,0.1967683641706615
2011-06-14,0.19083382104740718
2011-06-15,0.18579723057619424
2011-06-16,0.18767870992312397
2011-06-17,0.18693397915449775
2011-06-20,0.19466774312343293
2011-06-21,0.1900805768029774
2011-06-22,0.18626824505411113
2011-06-23,0.18360502941808454
2011-06-24,0.18467689727095551
2011-06-27,0.18184846168049454
2011-06-28,0.17798041698040132
2011-06-29,0.17773640063365068
2011-06-30,0.17203796094409515
2011-07-01,0.17017027830566245
2011-07-04,0.1679875680678549
2011-07-05,0.16708871466565864
2011-07-06,0.16863191318156887
2011-07-07,0.17164523019889918
2011-07-08,0.17240187637366317
2011-07-11,0.17280157887850914
2011-07-12,0.17573017206311847
2011-07-13,0.17135034763978474
2011-07-14,0.17489242543385022
2011-07-15,0.17814138799177598
2011-07-18,0.18080102057278052
2011-07-19,0.18108151063555397
2011-07-20,0.1802554609847546
2011-07-21,0.18013176243355067
2011-07-22,0.1772236295033464
2011-07-25,0.1873300018480034
2011-07-26,0.18743910029636096
2011-07-27,0.18521147662315815
2011-07-28,0.18620655554384438
2011-07-29,0.17004967574014737
2011-08-01,0.16798477439072354
2011-08-02,0.16989936826089552
2011-08-03,0.16800943013681305
2011-08-04,0.16475296631201342
2011-08-05,0.16640415455969498
2011-08-08,0.1812448525314196
2011-08-09,0.1844467141453456
2011-08-10,0.17944530299270012
2011-08-11,0.17631007973015947
2011-08-12,0.17425897503326945
2011-08-15,0.17279267898706044
2011-08-16,0.16972974842238414
2011-08-17,0.16588160186798323
2011-08-18,0.16530894130824078
2011-08-19,0.16486310034595925
2011-08-22,0.16581929041262994
2011-08-23,0.16210103683399146
2011-08-24,0.16109740216255863
2011-08-25,0.15701334988512228
2011-08-26,0.1539419229421933
2011-08-29,0.1566548240559048
2011-08-30,0.15489738048211352
2011-08-31,0.15542036494252354
2011-09-01,0.15422250285013256
2011-09-02,0.1527026983488209
2011-09-05,0.1545577969198731
2011-09-06,0.15489511671597012
2011-09-07,0.14848504681137598
2011-09-08,0.1466729303875298
2011-09-09,0.14550182302678036
2011-09-13,0.14736707869276205
2011-09-14,0.14459019695106165
2011-09-15,0.14079374883335077
2011-09-16,0.13806562838906544
2011-09-19,0.14074638177929877
2011-09-20,0.1377850738639406
2011-09-21,0.1336027896777536
2011-09-22,0.1353442882757667
2011-09-23,0.14415099673337348
2011-09-26,0.14528904932972123
2011-09-27,0.14375501325132378
2011-09-28,0.14640131147370838
2011-09-29,0.15493708203594425
2011-09-30,0.1587631043665276
2011-10-10,0.15888985373896053
2011-10-11,0.15979699937013747
2011-10-12,0.15420902567555633
2011-10-13,0.15168449489344368
2011-10-14,0.14876568765391338
2011-10-17,0.1489389788199975
2011-10-18,0.1520433391409653
2011-10-19,0.1543502952993164
2011-10-20,0.16048311660958378
2011-10-21,0.16431156551794432
2011-10-24,0.16959302933701775
2011-10-25,0.16471103950137395
2011-10-26,0.16450641702543695
2011-10-27,0.1611579989181378
2011-10-28,0.15558038031146473
2011-10-31,0.15404414547165113
2011-11-01,0.15346199143662295
2011-11-02,0.1547979017698199
2011-11-03,0.15589005372384954
2011-11-04,0.15251949360456377
2011-11-07,0.15123457154933098
2011-11-08,0.14926940655914475
2011-11-09,0.14529967612764952
2011-11-10,0.1485931032056628
2011-11-11,0.14754000954684762
2011-11-14,0.14364342421279627
2011-11-15,0.14240358964377745
2011-11-16,0.14083904983578724
2011-11-17,0.1396254383269705
2011-11-18,0.1412604250633782
2011-11-21,0.14328802364375043
2011-11-22,0.1408770643255379
2011-11-23,0.13783189404917529
2011-11-24,0.13607031350860288
2011-11-25,0.134282031616513
2011-11-28,0.1346553403420823
2011-11-29,0.13116154812348033
2011-11-30,0.13677258494872555
2011-12-01,0.13499712303966485
2011-12-02,0.14515235239323226
2011-12-05,0.15147179313936796
2011-12-06,0.14963857284971524
2011-12-07,0.14429082238726584
2011-12-08,0.1409475397768948
2011-12-09,0.14080909639954586
2011-12-12,0.14053468915488945
2011-12-13,0.14573042783032863
2011-12-14,0.1478186144148187
2011-12-15,0.16058744852160614
2011-12-16,0.15766918811113975
2011-12-19,0.1580735864135014
2011-12-20,0.1543935953492856
2011-12-21,0.15339945588605364
2011-12-22,0.1590386630202001
2011-12-23,0.15357538635969617
2011-12-26,0.15046782672584672
2011-12-27,0.17087071960859068
2011-12-28,0.17526961494928284
2011-12-29,0.17182176014243367
2011-12-30,0.16596019320456037
2012-01-04,0.16874713915261302
2012-01-05,0.17815202125137086
2012-01-06,0.17993470769797812
2012-01-09,0.17367721213914014
2012-01-10,0.17025553500064594
2012-01-11,0.16805838598771533
2012-01-12,0.16359352986026104
2012-01-13,0.1666166668779631
2012-01-16,0.17226830082629774
2012-01-17,0.1682829818919716
2012-01-18,0.17550793905431528
2012-01-19,0.17378707830855877
2012-01-20,0.16912979563818473
2012-01-30,0.16273339488913371
2012-01-31,0.16335720061905534
2012-02-01,0.15857563207500894
2012-02-02,0.1510357129926267
2012-02-03,0.14654986187179853
2012-02-06,0.1452769573412372
2012-02-07,0.14347113084421476
2012-02-08,0.1379710864442774
2012-02-09,0.1352881543225593
2012-02-10,0.1352859668235133
2012-02-13,0.13490560391395212
2012-02-14,0.13348209626997598
2012-02-15,0.13360565188563267
2012-02-16,0.13478020664436097
2012-02-17,0.13265011404242122
2012-02-20,0.13123243640363222
2012-02-21,0.13104729585259856
2012-02-22,0.1311071845768837
2012-02-23,0.13283727416236615
2012-02-24,0.13320652671594557
2012-02-27,0.13485596539731312
2012-02-28,0.1413788252992376
2012-02-29,0.1424432017205324
2012-03-01,0.13914619281335994
2012-03-02,0.13461458009918126
2012-03-05,0.1387358741042937
2012-03-06,0.1461970904197993
2012-03-07,0.146514065178493
2012-03-08,0.1430098793899226
2012-03-09,0.14244111378726973
2012-03-12,0.14458659495027923
2012-03-13,0.14451825484952646
2012-03-14,0.15631241040415447
2012-03-15,0.16719748081297278
2012-03-16,0.16610745982658182
2012-03-19,0.16505946443553265
2012-03-20,0.16539397629003494
2012-03-21,0.16544556562694354
2012-03-22,0.16350667335797442
2012-03-23,0.16220913350927313
2012-03-26,0.16267391510108625
2012-03-27,0.18879095827320255
2012-03-28,0.1923916814679989
2012-03-29,0.19995226198836732
2012-03-30,0.2036349814741776
2012-04-05,0.19877706790159677
2012-04-06,0.2020084784443696
2012-04-09,0.20069237098276047
2012-04-10,0.2021237101626043
2012-04-11,0.19838098110714036
2012-04-12,0.19555546772914814
2012-04-13,0.1943695547457428
2012-04-16,0.19477931345552385
2012-04-17,0.19825525725639528
2012-04-18,0.1921466815511638
2012-04-19,0.18973457609846672
2012-04-20,0.18872684886530616
2012-04-23,0.20893082520252015
2012-04-24,0.2189915927410487
2012-04-25,0.21747004885583346
2012-04-26,0.21604302216069587
2012-04-27,0.21390600234057616
2012-05-02,0.21218360528857386
2012-05-03,0.2069946660029063
2012-05-04,0.20053037544817506
2012-05-07,0.1974650731362823
2012-05-08,0.19240554052809763
2012-05-09,0.17281684074071052
2012-05-10,0.1685523273501315
2012-05-11,0.18285589251841455
2012-05-14,0.1649864652849714
2012-05-15,0.1657393816152294
2012-05-16,0.16238245472759136
2012-05-17,0.1577131127894036
2012-05-18,0.16141438878031797
2012-05-21,0.16296568091412406
2012-05-22,0.1553371883737016
2012-05-23,0.15416612727150555
2012-05-24,0.17651701184921317
2012-05-25,0.17893134297729932
2012-05-28,0.18070060341314523
2012-05-29,0.1776876423361864
2012-05-30,0.17451743340279716
2012-05-31,0.17180087863581497
2012-06-01,0.16857990050224173
2012-06-04,0.17039166884822673
2012-06-05,0.1670454514961786
2012-06-06,0.16533688171726416
2012-06-07,0.16494579215363056
2012-06-08,0.1658884238253892
2012-06-11,0.16306370933869052
2012-06-12,0.16286351023302142
2012-06-13,0.16028929923151208
2012-06-14,0.1597492751199668
2012-06-15,0.15876146673033217
2012-06-18,0.1575866850304364
2012-06-19,0.14325011738486
2012-06-20,0.14360820361128737
2012-06-21,0.14548815725731004
2012-06-25,0.15554874230093077
2012-06-26,0.15899838867533697
2012-06-27,0.15894272855205765
2012-06-28,0.18109277505916935
2012-06-29,0.17963939535473344
2012-07-02,0.16370698250494137
2012-07-03,0.16295638052716255
2012-07-04,0.16330918995895705
2012-07-05,0.16528527795708128
2012-07-06,0.16779986195622165
2012-07-09,0.19151039972416928
2012-07-10,0.19831326166632735
2012-07-11,0.1968712407529636
2012-07-12,0.19352800649875584
2012-07-13,0.19476322290573317
2012-07-16,0.2061334568953222
2012-07-17,0.18522245947984287
2012-07-18,0.181682081407142
2012-07-19,0.17824666214398702
2012-07-20,0.174680407293116
2012-07-23,0.17386828912802418
2012-07-24,0.16756937062720073
2012-07-25,0.1667677352035344
2012-07-26,0.18105825252501626
2012-07-27,0.17938553591106515
2012-07-30,0.16868651587896413
2012-07-31,0.17554773863026776
2012-08-01,0.16949685202757894
2012-08-02,0.16797178375931074
2012-08-03,0.16285317342087813
2012-08-06,0.15700568893552627
2012-08-07,0.15442129859626832
2012-08-08,0.152954485131167
2012-08-09,0.15285358965453805
2012-08-10,0.15537598439219186
2012-08-13,0.1564568920762321
2012-08-14,0.15911775818736
2012-08-15,0.15779005226021994
2012-08-16,0.15565495538207264
2012-08-17,0.17285942241891905
2012-08-20,0.17027862843405545
2012-08-21,0.16604520276286436
2012-08-22,0.1663662187368281
2012-08-23,0.16688875314043197
2012-08-24,0.17022871459294303
2012-08-27,0.17819148231610138
2012-08-28,0.1784684776236185
2012-08-29,0.17855524419335123
2012-08-30,0.18707150083791635
2012-08-31,0.18339223267969018
2012-09-03,0.17864990939696251
2012-09-04,0.17656014107075807
2012-09-05,0.1763383097047127
2012-09-06,0.17170664467956245
2012-09-07,0.169467134062489
2012-09-10,0.16870184742979083
2012-09-11,0.1682315184535322
2012-09-12,0.16445377367955952
2012-09-13,0.16502961619034096
2012-09-14,0.16218964692754576
2012-09-17,0.14676777057822643
2012-09-18,0.1606044690735182
2012-09-19,0.15730412695594184
2012-09-20,0.15968251727913402
2012-09-21,0.1468640497573929
2012-09-24,0.14485209000814026
2012-09-25,0.14449169132084605
2012-09-26,0.14525300265008068
2012-09-27,0.14012554064487098
2012-09-28,0.13630668466666965
2012-10-08,0.1354455600992412
2012-10-09,0.1323671214442618
2012-10-10,0.133111137009477
2012-10-11,0.13456409401110478
2012-10-12,0.13423136650575818
2012-10-15,0.1595144801835254
2012-10-16,0.15622334705577484
2012-10-17,0.15258438913537095
2012-10-18,0.13423227042950633
2012-10-19,0.13252933567417366
2012-10-22,0.13065788020900784
2012-10-23,0.13150801088181818
2012-10-24,0.13293229003781626
2012-10-25,0.13644576801222585
2012-10-26,0.14074720460910306
2012-10-29,0.14251864721726676
2012-10-30,0.1408206078505847
2012-10-31,0.13931071974131873
2012-11-01,0.13297137208374027
2012-11-02,0.1291828716190455
2012-11-05,0.132126427463948
2012-11-06,0.1318907961867445
2012-11-07,0.13021005470563327
2012-11-08,0.13101623245044688
2012-11-09,0.1306577609246396
2012-11-12,0.1314350181348134
2012-11-13,0.13257540325748496
2012-11-14,0.13261593679307368
2012-11-15,0.13189824420415577
2012-11-16,0.134076275123932
2012-11-19,0.15561146999587913
2012-11-20,0.15415831690521112
2012-11-21,0.1493356092154315
2012-11-22,0.14867795714355472
2012-11-23,0.14887414308348726
2012-11-26,0.15030801986164471
2012-11-27,0.15768930440600898
2012-11-28,0.1663882136117776
2012-11-29,0.1736914279141927
2012-11-30,0.16977410364805606
2012-12-03,0.18625271584742267
2012-12-04,0.184695580191319
2012-12-05,0.18038054515630503
2012-12-06,0.17734142396692393
2012-12-07,0.17242108157951846
2012-12-10,0.16938146092576808
2012-12-11,0.16797799855760853
2012-12-12,0.16444230528555162
2012-12-13,0.16333841369248625
2012-12-14,0.1604798270585053
2012-12-17,0.16585229385345707
2012-12-18,0.17013254189918597
2012-12-19,0.16706297875534146
2012-12-20,0.17074025507814747
2012-12-21,0.17388081347473613
2012-12-24,0.17886716205919148
2012-12-25,0.17465531924791766
2012-12-26,0.1769180479003814
2012-12-27,0.18316375185345862
2012-12-28,0.18065209853244318
2012-12-31,0.18125643183029658
2013-01-04,0.18907800912264888
2013-01-07,0.19244709784805467
2013-01-08,0.19515458651468787
2013-01-09,0.20072840287580784
2013-01-10,0.19645832966736101
2013-01-11,0.1974355636509527
2013-01-14,0.20150341304783148
2013-01-15,0.2011541983678078
2013-01-16,0.205008846684628
2013-01-17,0.2044232694397158
2013-01-18,0.20500737165952387
2013-01-21,0.20791601803727844
2013-01-22,0.20887672129809906
2013-01-23,0.20824665857760782
2013-01-24,0.20800930871149229
2013-01-25,0.2094984090249745
2013-01-28,0.21545310107047802
2013-01-29,0.21231265558829288
2013-01-30,0.21326774121509345
2013-01-31,0.21588501685420075
2013-02-01,0.21283366599702336
2013-02-04,0.21740666331431857
2013-02-05,0.22361554953071658
2013-02-06,0.21814167420912348
2013-02-07,0.21223973897477838
2013-02-08,0.20739261640376797
2013-02-18,0.20900922078732304
2013-02-19,0.20807527747975685
2013-02-20,0.20228797782198027
2013-02-21,0.2072830281860253
2013-02-22,0.21060141675780975
2013-02-25,0.20697842080875026
2013-02-26,0.20630962814241174
2013-02-27,0.2073916811367881
2013-02-28,0.20140071301686907
2013-03-01,0.19916451054937592
2013-03-04,0.21452172763807456
2013-03-05,0.21160538579252175
2013-03-06,0.21136246876784048
2013-03-07,0.21279854752571845
2013-03-08,0.20993399863490403
2013-03-11,0.2076499584849099
2013-03-12,0.20734112063301147
2013-03-13,0.2056162685985052
2013-03-14,0.20080759508265902
2013-03-15,0.20147387863285102
2013-03-18,0.22021544929134818
2013-03-19,0.2185798493591808
2013-03-20,0.20876090765675812
2013-03-21,0.20251619113995284
2013-03-22,0.1981836568726624
2013-03-25,0.19775142563825152
2013-03-26,0.2005488956691624
2013-03-27,0.20176475269020985
2013-03-28,0.20673689736364873
2013-03-29,0.20689577851748003
2013-04-01,0.20705171630389993
2013-04-02,0.2171748104994888
2013-04-03,0.22326083115759082
2013-04-08,0.2286554341841495
2013-04-09,0.2231370276991503
2013-04-10,0.22014511497008604
2013-04-11,0.21242458128883046
2013-04-12,0.20787145024229658
2013-04-15,0.21056795963226468
2013-04-16,0.2050258957708845
2013-04-17,0.1980320647798856
2013-04-18,0.19303414970748858
2013-04-19,0.18505648098973934
2013-04-22,0.19178578977754804
2013-04-23,0.19205627478579604
2013-04-24,0.19230211848359138
2013-04-25,0.1979367984136922
2013-04-26,0.20162984943282747
2013-05-02,0.20679485837179878
2013-05-03,0.1991880010327649
2013-05-06,0.19424397672553118
2013-05-07,0.1924841735447204
2013-05-08,0.19001999114379406
2013-05-09,0.19611983260200685
2013-05-10,0.20007295424493662
2013-05-13,0.2002076473970378
2013-05-14,0.19962217572415392
2013-05-15,0.19520044743696832
2013-05-16,0.1944871359582966
2013-05-17,0.19174234247589836
2013-05-20,0.19267092278823758
2013-05-21,0.19592375396004735
2013-05-22,0.19681206064151174
2013-05-23,0.19551766906589463
2013-05-24,0.19103310971416623
2013-05-27,0.19034826287708595
2013-05-28,0.19300560606018288
2013-05-29,0.18793470211092353
2013-05-30,0.18872868530766965
2013-05-31,0.18788700268827876
2013-06-03,0.17705352578444392
2013-06-04,0.17796636879343736
2013-06-05,0.17458055175899348
2013-06-06,0.17263777219555526
2013-06-07,0.1742630554262167
2013-06-13,0.18454970161673362
2013-06-14,0.17848413183887532
2013-06-17,0.17881487850395858
2013-06-18,0.17415679872210277
2013-06-19,0.17483555132591547
2013-06-20,0.1726169791610166
2013-06-21,0.17494442076732017
2013-06-24,0.1829987826439149
2013-06-25,0.19090827063233612
2013-06-26,0.18741649191555537
2013-06-27,0.19013763868028735
2013-06-28,0.18763350234275344
2013-07-01,0.18383524840547025
2013-07-02,0.1802697057233503
2013-07-03,0.1831025946035132
2013-07-04,0.18128195322143983
2013-07-05,0.1784376645781447
2013-07-08,0.18318508927622804
2013-07-09,0.18111980623447815
2013-07-10,0.176041969682012
2013-07-11,0.1714311994932352
2013-07-12,0.16908655730973624
2013-07-15,0.16511086596621924
2013-07-16,0.16213918996492477
2013-07-17,0.16236457409669158
2013-07-18,0.16357226662055865
2013-07-19,0.16670755660577508
2013-07-22,0.166085703462968
2013-07-23,0.161453815093686
2013-07-24,0.16238945864108922
2013-07-25,0.168316645714146
2013-07-26,0.17213314235786875
2013-07-29,0.17327137812469096
2013-07-30,0.1717622618213521
2013-07-31,0.19325528235013104
2013-08-01,0.18540558016081018
2013-08-02,0.1852930090753248
2013-08-05,0.1819137916884209
2013-08-06,0.1790043056726392
2013-08-07,0.18102920492287608
2013-08-08,0.1779562858339967
2013-08-09,0.17738362731490087
2013-08-12,0.17512860122979415
2013-08-13,0.17293805118446462
2013-08-14,0.17086016205481103
2013-08-15,0.1705384825811107
2013-08-16,0.1699542912538303
2013-08-19,0.16734882476895085
2013-08-20,0.16694393865954735
2013-08-21,0.16432578641484785
2013-08-22,0.16512398260550906
2013-08-23,0.16928866839582513
2013-08-26,0.16785953219591176
2013-08-27,0.17634932558551905
2013-08-28,0.18837739656191219
2013-08-29,0.19266244314137904
2013-08-30,0.20497866166084802
2013-09-02,0.2386953761141072
2013-09-03,0.2380193097342566
2013-09-04,0.23453273228415444
2013-09-05,0.23102330197909762
2013-09-06,0.22617844410837554
2013-09-09,0.22017804822703124
2013-09-10,0.21921916077248277
2013-09-11,0.22799399127919406
2013-09-12,0.22407542467314034
2013-09-13,0.22449542600792421
2013-09-16,0.22113516288331006
2013-09-17,0.2033604060417911
2013-09-18,0.21346954675381385
2013-09-23,0.19267098776498967
2013-09-24,0.19476303649025262
2013-09-25,0.19814111862318642
2013-09-26,0.2017198611506497
2013-09-27,0.19954903130881554
2013-09-30,0.19401998745110696
2013-10-08,0.19299590863420954
2013-10-09,0.19068397629267714
2013-10-10,0.19605202857830875
2013-10-11,0.1992420149226657
2013-10-14,0.20262960413808478
2013-10-15,0.2060976673351178
2013-10-16,0.20979739259148725
2013-10-17,0.20865440421818468
2013-10-18,0.20374837561523457
2013-10-21,0.20014041394445073
2013-10-22,0.20238480553599641
2013-10-23,0.21024629565282818
2013-10-24,0.2291703592063923
2013-10-25,0.20885600980862654
2013-10-28,0.23973278024284073
2013-10-29,0.2502546866106816
2013-10-30,0.24358085719407938
2013-10-31,0.24529992815884272
2013-11-01,0.23816434890016774
2013-11-04,0.22789637022627499
2013-11-05,0.21805379700121222
2013-11-06,0.21648501495780914
2013-11-07,0.21266117664797413
2013-11-08,0.21022251698379824
2013-11-11,0.212028992844278
2013-11-12,0.20884789993165942
2013-11-13,0.20574223237164319
2013-11-14,0.20443322776685827
2013-11-15,0.19796398033640503
2013-11-18,0.19629783227118594
2013-11-19,0.19493403293690575
2013-11-20,0.19068409668817604
2013-11-21,0.19107844901244717
2013-11-22,0.19178348714698232
2013-11-25,0.19439197436217873
2013-11-26,0.1939540450281104
2013-11-27,0.19010056152177035
2013-11-28,0.18902862911749177
2013-11-29,0.18895205618287075
2013-12-02,0.20160757623496064
2013-12-03,0.1933829184746492
2013-12-04,0.19192742314348094
2013-12-05,0.1904872377943908
2013-12-06,0.18703940840280717
2013-12-09,0.18307082413469022
2013-12-10,0.1817136089992223
2013-12-11,0.1781377947542817
2013-12-12,0.17408841426553498
2013-12-13,0.17162448482510412
2013-12-16,0.17426463570685125
2013-12-17,0.17273991143172288
2013-12-18,0.1694411626627613
2013-12-19,0.16716395942903353
2013-12-20,0.16820098426764357
2013-12-23,0.17205579234349186
2013-12-24,0.1663471419220716
2013-12-25,0.16516439517607062
2013-12-26,0.16576844452491032
2013-12-27,0.16156726057597262
2013-12-30,0.161912031182505
2013-12-31,0.16498844115466357
2014-01-02,0.1647286920088728
2014-01-03,0.16641248684478135
2014-01-06,0.1715158539981763
2014-01-07,0.1695796039882391
2014-01-08,0.1747186321296273
2014-01-09,0.17856639550121006
2014-01-10,0.18417650443391279
2014-01-13,0.18688318660831524
2014-01-14,0.18160345065243322
2014-01-15,0.17859959536562134
2014-01-16,0.17535707820660082
2014-01-17,0.17380822773557023
2014-01-20,0.17791405078691624
2014-01-21,0.18977524338822344
2014-01-22,0.1864691015910081
2014-01-23,0.19173286587497002
2014-01-24,0.19222237418677152
2014-01-27,0.1999683216598165
2014-01-28,0.1999885989225714
2014-01-29,0.2011775620984959
2014-01-30,0.2018785538020648
2014-02-07,0.2011685502521439
2014-02-10,0.20059650968237613
2014-02-11,0.20428125927737256
2014-02-12,0.20690543386109922
2014-02-13,0.20978912001866995
2014-02-14,0.23071791498469857
2014-02-17,0.2294946659998997
2014-02-18,0.23405028180619997
2014-02-19,0.2344531814655053
2014-02-20,0.238259386991948
2014-02-21,0.23451009516832813
2014-02-24,0.27614069229217364
2014-02-25,0.28315625527156835
2014-02-26,0.28318819566566245
2014-02-27,0.2871148009616604
2014-02-28,0.28295016302686465
2014-03-03,0.2791706824464598
2014-03-04,0.2758119360499119
2014-03-05,0.2777327526523709
2014-03-06,0.2724467124133611
2014-03-07,0.26874121399966877
2014-03-10,0.27460090313608987
2014-03-11,0.27509453485526325
2014-03-12,0.2718192867810878
2014-03-13,0.29954524489854073
2014-03-14,0.2959586571317243
2014-03-17,0.2865843312538923
2014-03-18,0.28452950499607965
2014-03-19,0.2844057589658735
2014-03-20,0.283884177864402
2014-03-21,0.27641888567763395
2014-03-24,0.27740781121073194
2014-03-25,0.2796213727159102
2014-03-26,0.2713686530870648
2014-03-27,0.27080376317651156
2014-03-28,0.28364386231495425
2014-03-31,0.2898675653761804
2014-04-01,0.2778231642136043
2014-04-02,0.26929876733875213
2014-04-03,0.2614677226254391
2014-04-04,0.2513228736180883
2014-04-08,0.24504949179562133
2014-04-09,0.23764507035530255
2014-04-10,0.23577512191133634
2014-04-11,0.23776369399228894
2014-04-14,0.23627709330457755
2014-04-15,0.23087298460622319
2014-04-16,0.2267325331467708
2014-04-17,0.2233876418754317
2014-04-18,0.21872868419794952
2014-04-21,0.2236996097687102
2014-04-22,0.22845430879954864
2014-04-23,0.22753920472039074
2014-04-24,0.23015471376616692
2014-04-25,0.23803389222947896
2014-04-28,0.2545230445081598
2014-04-29,0.25106158794576117
2014-04-30,0.24473079648688675
2014-05-05,0.23798523150565584
2014-05-06,0.2290234719707925
2014-05-07,0.22771635936073034
2014-05-08,0.22119900648323026
2014-05-09,0.22155064643195443
2014-05-12,0.2160022731327017
2014-05-13,0.21176197042602243
2014-05-14,0.20641701523682998
2014-05-15,0.2015625704949168
2014-05-16,0.20059417335624963
2014-05-19,0.19719967670205918
2014-05-20,0.19280390854128188
2014-05-21,0.18599230030670413
2014-05-22,0.18054468577637028
2014-05-23,0.17594767777311665
2014-05-26,0.17230965923160402
2014-05-27,0.17125819357727876
2014-05-28,0.16798468317413467
2014-05-29,0.17043487318982137
2014-05-30,0.17066764339574164
2014-06-03,0.17201998137975671
2014-06-04,0.17464108270805467
2014-06-05,0.1714468762332489
2014-06-06,0.16868806917911494
2014-06-09,0.1690995530527831
2014-06-10,0.1649691864531648
2014-06-11,0.17484775981123862
2014-06-12,0.17749941238201652
2014-06-13,0.1760561285670201
2014-06-16,0.17681115870947806
2014-06-17,0.17469426086599107
2014-06-18,0.18017913037694888
2014-06-19,0.18447483092429845
2014-06-20,0.18242687380843461
2014-06-23,0.1821274761382772
2014-06-24,0.17986547343330647
2014-06-25,0.17883217651119343
2014-06-26,0.1755200692778726
2014-06-27,0.17873947367678555
2014-06-30,0.18061250781099372
2014-07-01,0.18074496366702641
2014-07-02,0.18297908227476228
2014-07-03,0.18500039140000712
2014-07-04,0.18754016993732803
2014-07-07,0.18922745874328986
2014-07-08,0.18756714062589483
2014-07-09,0.1878487408135478
2014-07-10,0.18888270791624445
2014-07-11,0.1868381215312813
2014-07-14,0.18785944107668162
2014-07-15,0.19054848830528567
2014-07-16,0.1936725013864576
2014-07-17,0.19140095536907126
2014-07-18,0.1875658336910819
2014-07-21,0.1863603027399272
2014-07-22,0.18111484655297402
2014-07-23,0.18161588197246975
2014-07-24,0.18210957585429777
2014-07-25,0.18071083107949962
2014-07-28,0.17926288166735693
2014-07-29,0.17825395710535244
2014-07-30,0.17803071706805848
2014-07-31,0.17555551029538968
2014-08-01,0.17626965990687052
2014-08-04,0.17369797148997804
2014-08-05,0.172673811604327
2014-08-06,0.17192494502521766
2014-08-07,0.17242192612016505
2014-08-08,0.16983631383611192
2014-08-11,0.1676076180034584
2014-08-12,0.16632879804097483
2014-08-13,0.1748559528941401
2014-08-14,0.17665000675193432
2014-08-15,0.1772595902531521
2014-08-18,0.1769610250078563
2014-08-19,0.1807321555497588
2014-08-20,0.18165977814033843
2014-08-21,0.1844035113684861
2014-08-22,0.18568751569048494
2014-08-25,0.1891066542252495
2014-08-26,0.19159995389400078
2014-08-27,0.19025791968035816
2014-08-28,0.17433737348763678
2014-08-29,0.16784865186499232
2014-09-01,0.163299039042136
2014-09-02,0.15890577359976363
2014-09-03,0.15760946747461216
2014-09-04,0.15668158936251658
2014-09-05,0.15570145814097672
2014-09-09,0.15881087379589706
2014-09-10,0.16042282836103383
2014-09-11,0.1632545201218482
2014-09-12,0.16180431145035362
2014-09-15,0.16429943716942333
2014-09-16,0.16870773408572856
2014-09-17,0.16874279173265339
2014-09-18,0.16611932294866077
2014-09-19,0.1631631804389365
2014-09-22,0.16519784687548328
2014-09-23,0.16206749455546135
2014-09-24,0.1578898411398509
2014-09-25,0.15738060933620115
2014-09-26,0.15664583017649
2014-09-29,0.15635260729345996
2014-09-30,0.15488397036473178
2014-10-08,0.15678511834655806
2014-10-09,0.15808906869893147
2014-10-10,0.15813649628923596
2014-10-13,0.16326180478744057
2014-10-14,0.16363634920258316
2014-10-15,0.16953605050095466
2014-10-16,0.17087964602662592
2014-10-17,0.17453436260702612
2014-10-20,0.17081922999660012
2014-10-21,0.16749033337609273
2014-10-22,0.16522367820649797
2014-10-23,0.16573313699174475
2014-10-24,0.1623183178335072
2014-10-27,0.16222968677705027
2014-10-28,0.15618558678371558
2014-10-29,0.1535187836409969
2014-10-30,0.1531824199956854
2014-10-31,0.1532566366184143
2014-11-03,0.15493746177444556
2014-11-04,0.1575528794551555
2014-11-05,0.15650735551485337
2014-11-06,0.1549123844347347
2014-11-07,0.1587837128757719
2014-11-10,0.15833427297983257
2014-11-11,0.16405911381294858
2014-11-12,0.16449187306736507
2014-11-13,0.16684737335509975
2014-11-14,0.1666486147926621
2014-11-17,0.16485369365947528
2014-11-18,0.16056162272988855
2014-11-19,0.15770191035972422
2014-11-20,0.1532407588244332
2014-11-21,0.14932379878798857
2014-11-24,0.14807963265011131
2014-11-25,0.14989633266403335
2014-11-26,0.1511460956362237
2014-11-27,0.1536633568327468
2014-11-28,0.1617471084206455
2014-12-01,0.17179319650782915
2014-12-02,0.17026273689818192
2014-12-03,0.17236001748008506
2014-12-04,0.1709062844084934
2014-12-05,0.24819789618216184
2014-12-08,0.2511983406079327
2014-12-09,0.2812655461368779
2014-12-10,0.27500130339140977
2014-12-11,0.2725924796896465
2014-12-12,0.2688758755345995
2014-12-15,0.264442270555633
2014-12-16,0.25878275475641144
2014-12-17,0.25760762305017415
2014-12-18,0.2576202490839699
2014-12-19,0.26080035018783965
2014-12-22,0.27880524460183614
2014-12-23,0.28401643185973896
2014-12-24,0.2819027313394562
2014-12-25,0.26900270265520926
2014-12-26,0.2585560168936201
2014-12-29,0.27406835890069325
2014-12-30,0.27542824990600384
2014-12-31,0.2673382567437072
2015-01-05,0.27072930138459245
2015-01-06,0.2717875395377013
2015-01-07,0.2647021952665439
2015-01-08,0.25734141042045056
2015-01-09,0.24618348786201255
2015-01-12,0.3197984636272455
2015-01-13,0.3107993585209466
2015-01-14,0.3069146798757785
2015-01-15,0.29362783598938175
2015-01-16,0.28406123985607823
2015-01-19,0.2968037241554407
2015-01-20,0.2922370457353756
2015-01-21,0.2834154043488995
2015-01-22,0.28049269014612155
2015-01-23,0.2794385320061391
2015-01-26,0.2786673651610668
2015-01-27,0.2818372860006273
2015-01-28,0.28104835505677106
2015-01-29,0.276891233953178
2015-01-30,0.2797581867225217
2015-02-02,0.287223085788635
2015-02-03,0.27927245309136944
2015-02-04,0.27786524337794144
2015-02-05,0.27520177336223167
2015-02-06,0.2785911433353885
2015-02-09,0.27892924432841704
2015-02-10,0.28201156231163116
2015-02-11,0.27410045530027377
2015-02-12,0.2684947185366605
2015-02-13,0.2643489465854474
2015-02-16,0.269077444038772
2015-02-17,0.26555018712437756
2015-02-25,0.27514149450045355
2015-02-26,0.2692198826261812
2015-02-27,0.26734176905245244
2015-03-02,0.2739814729227528
2015-03-03,0.28292578179058653
2015-03-04,0.2833022282096705
2015-03-05,0.2893290347053038
2015-03-06,0.2988973986366174
2015-03-09,0.2967273653847087
2015-03-10,0.29151252728306143
2015-03-11,0.2935777486479768
2015-03-12,0.29028367170986474
2015-03-13,0.28350670005819595
2015-03-16,0.2796005494724215
2015-03-17,0.2903856662399864
2015-03-18,0.29039692902059955
2015-03-19,0.2936427495792089
2015-03-20,0.29491508412113726
2015-03-23,0.30091166423317844
2015-03-24,0.3158700106654561
2015-03-25,0.3284243059409818
2015-03-26,0.3652473492268559
2015-03-27,0.35846191113885945
2015-03-30,0.36007325313457195
2015-03-31,0.357988450472571
2015-04-01,0.3523363803018624
2015-04-02,0.34971679969318625
2015-04-03,0.3540448588775876
2015-04-07,0.35404529368633203
2015-04-08,0.3634315648653518
2015-04-09,0.3767678870921421
2015-04-10,0.36392441124316194
2015-04-13,0.3610116100080122
2015-04-14,0.3734696316504142
2015-04-15,0.3771988486024205
2015-04-16,0.3730295613027458
2015-04-17,0.36183993457507263
2015-04-20,0.3727842001597381
2015-04-21,0.36173633363551494
2015-04-22,0.34883671419618495
2015-04-23,0.35369276375446507
2015-04-24,0.36488298155873644
2015-04-27,0.3606755654323648
2015-04-28,0.36650240787159444
2015-04-29,0.35817892616255703
2015-04-30,0.3526010799091025
2015-05-04,0.3502313453266705
2015-05-05,0.3533686370037913
2015-05-06,0.3475483021975532
2015-05-07,0.35503875723545425
2015-05-08,0.33830208842910137
2015-05-11,0.32517296358704717
2015-05-12,0.30297892427745055
2015-05-13,0.3104091528819823
2015-05-14,0.3141742754970241
2015-05-15,0.3211162196537141
2015-05-18,0.322714178379223
2015-05-19,0.3185966200400598
2015-05-20,0.31524723268612753
2015-05-21,0.31424752279989693
2015-05-22,0.32057738474777636
2015-05-25,0.3212383483189674
2015-05-26,0.3148524434804538
2015-05-27,0.3345264359403406
2015-05-28,0.3456564643257607
2015-05-29,0.3460890375955373
2015-06-01,0.33567453185636
2015-06-02,0.33242842807562384
2015-06-03,0.34066814476881985
2015-06-04,0.35492165908282053
2015-06-05,0.35373721043722667
2015-06-08,0.35692004774728786
2015-06-09,0.35836749849115795
2015-06-10,0.3444935034663446
2015-06-11,0.3419658780963931
2015-06-12,0.3430545792017244
2015-06-15,0.3502393242341136
2015-06-16,0.35501091213886754
2015-06-17,0.3435629997632542
2015-06-18,0.3381350607763061
2015-06-19,0.3297350941105609
2015-06-23,0.36313352383447767
2015-06-24,0.4077201091409728
2015-06-25,0.4242402963646313
2015-06-26,0.4201578368158104
2015-06-29,0.49005153012671215
2015-06-30,0.5303665798101104
2015-07-01,0.535248420775242
2015-07-02,0.5428626145155668
2015-07-03,0.5444040282911148
2015-07-06,0.5696343197765119
2015-07-07,0.5664175536236052
2015-07-08,0.6157669172152154
2015-07-09,0.6146419074457421
2015-07-10,0.6020114407038735
2015-07-13,0.587779626796913
2015-07-14,0.6374210886868172
2015-07-15,0.6611977665935468
2015-07-16,0.6453978199202223
2015-07-17,0.6015720240314855
2015-07-20,0.5942074487236987
2015-07-21,0.57861301815402
2015-07-22,0.5633854915884079
2015-07-23,0.5363872563613861
2015-07-24,0.5289158304615785
2015-07-27,0.5101953475797408
2015-07-28,0.5282847496634612
2015-07-29,0.49972710133545384
2015-07-30,0.48537628320701826
2015-07-31,0.4878074048547912
2015-08-03,0.5111329474964817
2015-08-04,0.48472290793909717
2015-08-05,0.469749533891128
2015-08-06,0.45961699047025684
2015-08-07,0.4338392799613854
2015-08-10,0.41067372469514035
2015-08-11,0.410577778821422
2015-08-12,0.41705902438575576
2015-08-13,0.4019631559786657
2015-08-14,0.41085920573319085
2015-08-17,0.4205914420155113
2015-08-18,0.4173417090763155
2015-08-19,0.41002020983266435
2015-08-20,0.42342580023822846
2015-08-21,0.41755793008192466
2015-08-24,0.39301110204686507
2015-08-25,0.37668837450836784
2015-08-26,0.430928140810406
2015-08-27,0.4307520022259963
2015-08-28,0.4034084664924403
2015-08-31,0.4202856700786498
2015-09-01,0.4105413526472623
2015-09-02,0.4259624509449592
2015-09-07,0.4242467093793143
2015-09-08,0.40538636292888025
2015-09-09,0.3866325902255011
2015-09-10,0.37843731927546004
2015-09-11,0.3643731226257154
2015-09-14,0.3607560702977099
2015-09-15,0.3673121065443998
2015-09-16,0.3455185536167538
2015-09-17,0.34613008251139593
2015-09-18,0.3376824021727155
2015-09-21,0.3224518954396214
2015-09-22,0.3186370273819816
2015-09-23,0.3193421670451759
2015-09-24,0.3107846134759596
2015-09-25,0.31383998748964853
2015-09-28,0.3052904239275928
2015-09-29,0.30285689197223503
2015-09-30,0.29572869498964677
2015-10-08,0.2855809477384307
2015-10-09,0.28369191380849756
2015-10-12,0.2798160210318645
2015-10-13,0.28166890680890333
2015-10-14,0.28507047985842415
2015-10-15,0.27786374467023456
2015-10-16,0.2794737923392265
2015-10-19,0.27608054649544406
2015-10-20,0.27233507864083245
2015-10-21,0.28513068840696676
2015-10-22,0.278458053567609
2015-10-23,0.2794516258116161
2015-10-26,0.28524300199812397
2015-10-27,0.28888171906802473
2015-10-28,0.2935834537788926
2015-10-29,0.28707514206038737
2015-10-30,0.2848317292645342
2015-11-02,0.2904673597984542
2015-11-03,0.28891741697562967
2015-11-04,0.2737586525413019
2015-11-05,0.2695954645382545
2015-11-06,0.26284129382500326
2015-11-09,0.2680525109095266
2015-11-10,0.26913601783130053
2015-11-11,0.2694904548255918
2015-11-12,0.277721370464278
2015-11-13,0.2870283186482473
2015-11-16,0.28496699294606925
2015-11-17,0.2809064738839612
2015-11-18,0.2777311339026694
2015-11-19,0.26681286328791576
2015-11-20,0.2671272444049676
2015-11-23,0.2717652679433082
2015-11-24,0.26896209726167425
2015-11-25,0.2619509038146097
2015-11-26,0.26319363317214534
2015-11-27,0.2692996600527689
2015-11-30,0.28208776956128473
2015-12-01,0.2806762325127321
2015-12-02,0.28064513768783395
2015-12-03,0.26759427425930765
2015-12-04,0.26163686403062414
2015-12-07,0.2542773730838314
2015-12-08,0.2568737094370181
2015-12-09,0.25682741761533096
2015-12-10,0.2525761558499968
2015-12-11,0.25289247059416653
2015-12-14,0.2459981436625849
2015-12-15,0.2376578291458135
2015-12-16,0.23368090652657103
2015-12-17,0.2276050550634679
2015-12-18,0.2309299943444111
2015-12-21,0.23795766327428752
2015-12-22,0.2352155091201202
2015-12-23,0.24040491661672936
2015-12-24,0.2411499518567601
2015-12-25,0.238432559473141
2015-12-28,0.2445978905487013
2015-12-29,0.2400576054543205
2015-12-30,0.233797203332897
2015-12-31,0.23507505522256392
2016-01-04,0.23064262205965103
2016-01-05,0.25840492440613283
2016-01-06,0.2483698561340364
2016-01-07,0.23925263094000973
2016-01-08,0.2479474617639415
2016-01-11,0.25380064954243126
2016-01-12,0.26165461919996724
2016-01-13,0.2616247596292117
2016-01-14,0.25186892728209986
2016-01-15,0.2520665728802886
2016-01-18,0.2431841349868934
2016-01-19,0.23263611211706053
2016-01-20,0.22967978509809334
2016-01-21,0.2274559627099166
2016-01-22,0.22080786751427853
2016-01-25,0.21431449630403246
2016-01-26,0.21465490763830225
2016-01-27,0.2256335626959464
2016-01-28,0.22877588735092527
2016-01-29,0.2205763356672739
2016-02-01,0.2205861656249013
2016-02-02,0.20863350115392007
2016-02-03,0.20120715198827188
2016-02-04,0.1948043217831062
2016-02-05,0.19485271876641697
2016-02-15,0.19437851571534007
2016-02-16,0.18801947553128523
2016-02-17,0.18588005580272285
2016-02-18,0.18592699249299838
2016-02-19,0.18110412638650408
2016-02-22,0.17766474711090946
2016-02-23,0.18456873712436098
2016-02-24,0.18920386765370475
2016-02-25,0.18949979393500552
2016-02-26,0.19604327752421744
2016-02-29,0.21200193663522213
2016-03-01,0.2080753129597559
2016-03-02,0.1991161700293642
2016-03-03,0.19713125567328582
2016-03-04,0.20296526923316213
2016-03-07,0.1981433481176109
2016-03-08,0.19879545096972245
2016-03-09,0.19511546403758062
2016-03-10,0.1902758864311835
2016-03-11,0.18633733172395478
2016-03-14,0.17914271844225957
2016-03-15,0.1787487738179141
2016-03-16,0.17470202957811676
2016-03-17,0.16756006367594564
2016-03-18,0.1652972604968754
2016-03-21,0.16592509144187575
2016-03-22,0.16917270313150093
2016-03-23,0.16841516380446175
2016-03-24,0.17835655559419666
2016-03-25,0.17936922741359437
2016-03-28,0.18080266639140208
2016-03-29,0.1842698051024037
2016-03-30,0.17839596007711478
2016-03-31,0.1800648891975743
2016-04-01,0.18199416433397705
2016-04-05,0.18013107000811843
2016-04-06,0.18254938561874062
2016-04-07,0.18554682383852814
2016-04-08,0.18754167539497307
2016-04-11,0.18631716782227895
2016-04-12,0.18800072398419973
2016-04-13,0.18192767818329647
2016-04-14,0.17705256138453254
2016-04-15,0.17545027901151236
2016-04-18,0.17654996124548764
2016-04-19,0.1726918647935998
2016-04-20,0.18253216892173868
2016-04-21,0.18179889140968658
2016-04-22,0.17982170430228117
2016-04-25,0.17938996861766637
2016-04-26,0.17350167869429203
2016-04-27,0.17002133993034246
2016-04-28,0.16738196664830698
2016-04-29,0.16351770607884628
2016-05-03,0.1589879861788895
2016-05-04,0.15679035851571474
2016-05-05,0.15331988201722002
2016-05-06,0.15663793710902535
2016-05-09,0.16654191890951384
2016-05-10,0.1657014779958164
2016-05-11,0.1659701909690307
2016-05-12,0.16577627021923383
2016-05-13,0.1603541847429856
2016-05-16,0.15591034809703358
2016-05-17,0.17829708927699253
2016-05-18,0.18105044230412887
2016-05-19,0.17519780172668248
2016-05-20,0.17201473339852777
2016-05-23,0.16929815693922112
2016-05-24,0.1694688721019371
2016-05-25,0.16543475853872164
2016-05-26,0.16198034093924177
2016-05-27,0.1609954241123726
2016-05-30,0.16240639596094777
2016-05-31,0.15673575692461303
2016-06-01,0.15561687397997434
2016-06-02,0.1558801586766808
2016-06-03,0.1578060644546285
2016-06-06,0.16497034384311218
2016-06-07,0.17029852916400262
2016-06-08,0.17462357800503212
2016-06-13,0.18485533594554612
2016-06-14,0.2056413510067024
2016-06-15,0.20080616463071166
2016-06-16,0.20555033359342695
2016-06-17,0.2167837231343411
2016-06-20,0.22135349006249452
2016-06-21,0.22122112218096726
2016-06-22,0.2166331362761895
2016-06-23,0.2149586305987852
2016-06-24,0.21668997288442654
2016-06-27,0.21929421930804596
2016-06-28,0.21875810263088896
2016-06-29,0.21808686636215271
2016-06-30,0.21913438833543541
2016-07-01,0.2139217555892948
2016-07-04,0.20931049480796052
2016-07-05,0.2070284540720691
2016-07-06,0.22799650923175685
2016-07-07,0.2386249857344486
2016-07-08,0.23797542095822274
2016-07-11,0.2417380607361563
2016-07-12,0.2433196110258241
2016-07-13,0.23832989084055708
2016-07-14,0.22837492390702074
2016-07-15,0.2255084388128875
2016-07-18,0.22863022010575929
2016-07-19,0.2254631951878188
2016-07-20,0.22157150709098652
2016-07-21,0.2187566821982458
2016-07-22,0.21675459116561493
2016-07-25,0.21916545145580274
2016-07-26,0.21350200346735723
2016-07-27,0.23594418620987834
2016-07-28,0.23467677306832765
2016-07-29,0.2314978925147114
2016-08-01,0.2363342509977069
2016-08-02,0.23304150158308276
2016-08-03,0.2234945292299228
2016-08-04,0.21553322567696956
2016-08-05,0.2105133425097949
2016-08-08,0.2076584719600688
2016-08-09,0.2027536647756805
2016-08-10,0.1986766011301283
2016-08-11,0.19567456675214617
2016-08-12,0.19097495943257392
2016-08-15,0.1884805983618938
2016-08-16,0.19223628204439772
2016-08-17,0.19561802528617897
2016-08-18,0.19579517194686624
2016-08-19,0.19991416786661587
2016-08-22,0.2100085133228082
2016-08-23,0.20746937892017991
2016-08-24,0.2074360444437364
2016-08-25,0.20990900369149265
2016-08-26,0.20806099296669456
2016-08-29,0.20785502883719648
2016-08-30,0.20353948619978812
2016-08-31,0.19918794484026464
2016-09-01,0.1970031720255985
2016-09-02,0.1951951011329706
2016-09-05,0.19453041466189613
2016-09-06,0.1931090716367235
2016-09-07,0.19331861197915745
2016-09-08,0.1903717013507476
2016-09-09,0.19079750380936725
2016-09-12,0.1982813420181652
2016-09-13,0.19735956886447278
2016-09-14,0.19710692430788224
2016-09-19,0.19345123044793594
2016-09-20,0.1903342985733401
2016-09-21,0.18515404056147167
2016-09-22,0.18078552747162877
2016-09-23,0.1829796646226981
2016-09-26,0.1880964601051693
2016-09-27,0.18547366806872176
2016-09-28,0.1811786687089238
2016-09-29,0.17638045515876025
2016-09-30,0.17381790622967414
2016-10-10,0.17627514563977795
2016-10-11,0.17603764421637896
2016-10-12,0.17546820415566014
2016-10-13,0.1769733094835322
2016-10-14,0.17569877863451777
2016-10-17,0.176441670213089
2016-10-18,0.17238244622954724
2016-10-19,0.1716301453403244
2016-10-20,0.17352135846745187
2016-10-21,0.17340816663623965
2016-10-24,0.17228529337484882
2016-10-25,0.18408356392728573
2016-10-26,0.19539253783381805
2016-10-27,0.1946755589493199
2016-10-28,0.19671853666421002
2016-10-31,0.20210360533737445
2016-11-01,0.19867768073570183
2016-11-02,0.20217989164034686
2016-11-03,0.19980674084929329
2016-11-04,0.20328590195806054
2016-11-07,0.20351365951806766
2016-11-08,0.19928316122678985
2016-11-09,0.20160784883420238
2016-11-10,0.20143187369065305
2016-11-11,0.20472166836188677
2016-11-14,0.2106438334981687
2016-11-15,0.2089769963091972
2016-11-16,0.2084810401766951
2016-11-17,0.20616199833864798
2016-11-18,0.2012790724162919
2016-11-21,0.20221510762952588
2016-11-22,0.20021270274253858
2016-11-23,0.20202550535614527
2016-11-24,0.20497888026790037
2016-11-25,0.2041141008070844
2016-11-28,0.2044690843959585
2016-11-29,0.2065288782115914
2016-11-30,0.20615421524159422
2016-12-01,0.20553416158819693
2016-12-02,0.2055642164524493
2016-12-05,0.20927388840061364
2016-12-06,0.2017221780774225
2016-12-07,0.19567107953774082
2016-12-08,0.19178304132039928
2016-12-09,0.19056646652282924
2016-12-12,0.20409933629176205
2016-12-13,0.20628251361488747
2016-12-14,0.20647083575849673
2016-12-15,0.202736932608538
2016-12-16,0.20180977588295407
2016-12-19,0.20607013250306883
2016-12-20,0.20170474034768188
2016-12-21,0.19596134666654394
2016-12-22,0.19404508516211605
2016-12-23,0.19668046912434234
2016-12-26,0.1955080712941369
2016-12-27,0.18993316616594952
2016-12-28,0.18505530207225593
2016-12-29,0.18146607626503458
2016-12-30,0.1785126002698183
2017-01-03,0.17643486452068727
2017-01-04,0.17605074520750963
2017-01-05,0.17503449188689793
2017-01-06,0.1793195524736992
2017-01-09,0.17845222792586413
2017-01-10,0.17739213270388923
2017-01-11,0.17687287366183801
2017-01-12,0.18017279651806434
2017-01-13,0.18538071335897555
2017-01-16,0.2000493843605574
2017-01-17,0.1985625740072271
2017-01-18,0.19861156319966758
2017-01-19,0.1944795443475269
2017-01-20,0.18801050721307594
2017-01-23,0.18401118806707814
2017-01-24,0.181433151808603
2017-01-25,0.1798704747335501
2017-01-26,0.17520363673652747
2017-02-03,0.1768247837009463
2017-02-06,0.17464674062129673
2017-02-07,0.17146632217091337
2017-02-08,0.1679269312886884
2017-02-09,0.17906339465503301
2017-02-10,0.18270523750589668
2017-02-13,0.18543263930906834
2017-02-14,0.18281899286227413
2017-02-15,0.18568550757296748
2017-02-16,0.18617493072507535
2017-02-17,0.1906729411560045
2017-02-20,0.19877786663466343
2017-02-21,0.1968866750530996
2017-02-22,0.19482318404190246
2017-02-23,0.19804044135459595
2017-02-24,0.1956416936639056
2017-02-27,0.20087852110379562
2017-02-28,0.19811694131740148
2017-03-01,0.19591934059026878
2017-03-02,0.1934994147351678
2017-03-03,0.1934368709201659
2017-03-06,0.18982593703681122
2017-03-07,0.1916518055967793
2017-03-08,0.18874774986623924
2017-03-09,0.18737658337989768
2017-03-10,0.18499274792304976
2017-03-13,0.18410470941515955
2017-03-14,0.1836260536057883
2017-03-15,0.1834267169223947
2017-03-16,0.18056587826685963
2017-03-17,0.18156811745141962
2017-03-20,0.18594367563416814
2017-03-21,0.19008956745361966
2017-03-22,0.19987117453007744
2017-03-23,0.21013241701004265
2017-03-24,0.21005129156304744
2017-03-27,0.21545424359241178
2017-03-28,0.21707923196537326
2017-03-29,0.2250085357481026
2017-03-30,0.23377137513278168
2017-03-31,0.23646885514264307
2017-04-05,0.2368761928688297
2017-04-06,0.23504872562676002
2017-04-07,0.23397358135363033
2017-04-10,0.25077147873148775
2017-04-11,0.25071710977769074
2017-04-12,0.25422972975728864
2017-04-13,0.2481815711284415
2017-04-14,0.24273405183762098
2017-04-17,0.2518378368047014
2017-04-18,0.25083113289334014
2017-04-19,0.2542592512157762
2017-04-20,0.2596848383620607
2017-04-21,0.2558939797927525
2017-04-24,0.2614791007370021
2017-04-25,0.27509484613016205
2017-04-26,0.2865752336097481
2017-04-27,0.2870783274474499
2017-04-28,0.2786278945000528
2017-05-02,0.28089349958118787
2017-05-03,0.27668262813472566
2017-05-04,0.2701418038473711
2017-05-05,0.2672574786693508
2017-05-08,0.27312528486941384
2017-05-09,0.26928821719639895
2017-05-10,0.267725756420119
2017-05-11,0.2715030850537803
2017-05-12,0.2629090966068827
2017-05-15,0.25793190224092866
2017-05-16,0.2514324567295574
2017-05-17,0.2488120852270738
2017-05-18,0.24497260720091743
2017-05-19,0.24042705896642186
2017-05-22,0.2454801149867448
2017-05-23,0.25209958934483356
2017-05-24,0.24885672812807935
2017-05-25,0.24218838205124113
2017-05-26,0.23585919347529144
2017-05-31,0.23065187654211458
2017-06-01,0.23591032389908573
2017-06-02,0.23430383044778952
2017-06-05,0.22807561899364995
2017-06-06,0.2209028283685442
2017-06-07,0.2148074146256608
2017-06-08,0.21238431741854213
2017-06-09,0.21185099885758651
2017-06-12,0.21476563675348254
2017-06-13,0.20996962291567567
2017-06-14,0.20651402792001233
2017-06-15,0.2022473837510782
2017-06-16,0.19624587857973916
2017-06-19,0.19275229054265508
2017-06-20,0.1898966874557438
2017-06-21,0.18784866825887817
2017-06-22,0.18762345747879852
2017-06-23,0.18899146418828464
2017-06-26,0.19095465827512348
2017-06-27,0.1881599300533833
2017-06-28,0.18646961735727818
2017-06-29,0.1822413999114305
2017-06-30,0.1802670446343658
2017-07-03,0.18131841124309026
2017-07-04,0.17993401973462173
2017-07-05,0.1791132467987487
2017-07-06,0.18106104482047633
2017-07-07,0.1836185758006959
2017-07-10,0.19189997070823622
2017-07-11,0.19566001306816638
2017-07-12,0.20114547364001262
2017-07-13,0.20265887943380045
2017-07-14,0.2036804419330413
2017-07-17,0.2190555668585071
2017-07-18,0.220420490368378
2017-07-19,0.21750728297845123
2017-07-20,0.2166197829814718
2017-07-21,0.2153311930836949
2017-07-24,0.2149778029231925
2017-07-25,0.21309727360211564
2017-07-26,0.21213069358614212
2017-07-27,0.2132031863730211
2017-07-28,0.2121409119540183
2017-07-31,0.2094608715481439
2017-08-01,0.20855595098888105
2017-08-02,0.2094528310921734
2017-08-03,0.21050614769542278
2017-08-04,0.21074935039327578
2017-08-07,0.21386674679578102
2017-08-08,0.21009572991267142
2017-08-09,0.20883002459660124
2017-08-10,0.21208923260913182
2017-08-11,0.21324613310207616
2017-08-14,0.21112563971107515
2017-08-15,0.20709118551386868
2017-08-16,0.20280041488899586
2017-08-17,0.19938563669733397
2017-08-18,0.1980656043477859
2017-08-21,0.1964638618002306
2017-08-22,0.1958041577019359
2017-08-23,0.19430846626185333
2017-08-24,0.19585599690348113
2017-08-25,0.19431104350482978
2017-08-28,0.1943508385884731
2017-08-29,0.19804583649213067
2017-08-30,0.19919086878392336
2017-08-31,0.19887131236773156
2017-09-01,0.1975293411254172
2017-09-04,0.20503370873765792
2017-09-05,0.20396584688515987
2017-09-06,0.20288474697680078
2017-09-07,0.20353386458591613
2017-09-08,0.21071821945511188
2017-09-11,0.21109888107601615
2017-09-12,0.21338866222799155
2017-09-13,0.21639620696379228
2017-09-14,0.2154299944401921
2017-09-15,0.21424478870666147
2017-09-18,0.21220798886227263
2017-09-19,0.2104667166013309
2017-09-20,0.20609218287251335
2017-09-21,0.2056852886592504
2017-09-22,0.207237801714882
2017-09-25,0.21579662262051177
2017-09-26,0.21812208006086567
2017-09-27,0.21431450858866646
2017-09-28,0.21176752778289262
2017-09-29,0.21051381881243214
2017-10-09,0.2098089661815277
2017-10-10,0.21212069433289338
2017-10-11,0.21328872464956844
2017-10-12,0.21032490166405451
2017-10-13,0.21013862320400775
2017-10-16,0.21703362145894933
2017-10-17,0.2158634373289714
2017-10-18,0.21383319617161198
2017-10-19,0.2160479499187033
2017-10-20,0.21428566665026663
2017-10-23,0.21050274654886383
2017-10-24,0.2066274165661351
2017-10-25,0.20429924263419955
2017-10-26,0.20200570397575685
2017-10-27,0.20102461685996814
2017-10-30,0.2132218821795357
2017-10-31,0.21324011948314942
2017-11-01,0.2165348298941086
2017-11-02,0.23592428930078171
2017-11-03,0.23665616361432165
2017-11-06,0.2333375645909072
2017-11-07,0.22891443520056648
2017-11-08,0.2287286772291365
2017-11-09,0.23137364136839114
2017-11-10,0.23146658667060646
2017-11-13,0.23861146844689496
2017-11-14,0.24274053832145517
2017-11-15,0.2503795952639928
2017-11-16,0.25721383959359095
2017-11-17,0.26846617562209796
2017-11-20,0.27284917627575694
2017-11-21,0.2679906378851201
2017-11-22,0.2657992745410273
2017-11-23,0.2646875563745765
2017-11-24,0.2617971681400608
2017-11-27,0.2607591836471623
2017-11-28,0.2516352304996795
2017-11-29,0.2517423883127998
2017-11-30,0.24409089185694338
2017-12-01,0.2358273211643767
2017-12-04,0.24594492250024896
2017-12-05,0.2502775186737636
2017-12-06,0.2472428505922707
2017-12-07,0.2409161008100569
2017-12-08,0.231825278813649
2017-12-11,0.22503314604756552
2017-12-12,0.22078636981882346
2017-12-13,0.21712070401521627
2017-12-14,0.21382724042760426
2017-12-15,0.21317911039883838
2017-12-18,0.21905883577226593
2017-12-19,0.2134137306240152
2017-12-20,0.21278574285796856
2017-12-21,0.21093991356777522
2017-12-22,0.21568376183420598
2017-12-25,0.22412408936473824
2017-12-26,0.22595667800927352
2017-12-27,0.22487217605952006
2017-12-28,0.22584935785094276
2017-12-29,0.22410539967897078
2018-01-02,0.22205625617809402
2018-01-03,0.22068174603097498
2018-01-04,0.21958725331346324
2018-01-05,0.218051977753776
2018-01-08,0.2209763243370755
2018-01-09,0.22009011268520778
2018-01-10,0.2189916525178729
2018-01-11,0.2175881206922564
2018-01-12,0.21564654852786294
2018-01-15,0.23093155786231917
2018-01-16,0.2333843386199792
2018-01-17,0.24165582252527937
2018-01-18,0.23665980534741246
2018-01-19,0.24192620649190885
2018-01-22,0.24605105452314985
2018-01-23,0.24024195735496123
2018-01-24,0.23817950378562266
2018-01-25,0.2338355505752858
2018-01-26,0.22567999877709416
2018-01-29,0.22887772565986314
2018-01-30,0.22908200469880435
2018-01-31,0.24641525615789253
2018-02-01,0.2698115581640347
2018-02-02,0.2754630265065377
2018-02-05,0.2872291212223997
2018-02-06,0.3120100849591921
2018-02-07,0.3164267669144476
2018-02-08,0.3054932059896518
2018-02-09,0.3073604360833985
2018-02-12,0.3024470848315148
2018-02-13,0.29300407352860774
2018-02-14,0.2816844899831082
2018-02-22,0.26960007653454665
2018-02-23,0.25914197746791434
2018-02-26,0.2531599142583649
2018-02-27,0.24971812926558062
2018-02-28,0.24833229530364698
2018-03-01,0.2419487612451202
2018-03-02,0.23578904823742408
2018-03-05,0.24263322339111
2018-03-06,0.23858217085785355
2018-03-07,0.23419123926478366
2018-03-08,0.23232766974740696
2018-03-09,0.22464980113017108
2018-03-12,0.22280304543268223
2018-03-13,0.22346448567966712
2018-03-14,0.2307323222159577
2018-03-15,0.2380207003171137
2018-03-16,0.23729699890520384
2018-03-19,0.23745364912111513
2018-03-20,0.2387423441297858
2018-03-21,0.23936646790285493
2018-03-22,0.2429606725820607
2018-03-23,0.2638408689638315
2018-03-26,0.2660336862636404
2018-03-27,0.26212917136527303
2018-03-28,0.26427279250194124
2018-03-29,0.2841905428478702
2018-03-30,0.27779423710705836
2018-04-02,0.2840539416280882
2018-04-03,0.2893698366365824
2018-04-04,0.28794702956447127
2018-04-09,0.291755823567781
2018-04-10,0.29498469102754504
2018-04-11,0.2884686759339873
2018-04-12,0.28598876078834873
2018-04-13,0.27966796493785295
2018-04-16,0.28511690626015546
2018-04-17,0.2839038239649356
2018-04-18,0.283369064510744
2018-04-19,0.27869748136163486
2018-04-20,0.27949666460675227
2018-04-23,0.2850483116237449
2018-04-24,0.28275458541475823
2018-04-25,0.2784423214035384
2018-04-26,0.2795876610792628
2018-04-27,0.2802660442337349
2018-05-02,0.29789682768777825
2018-05-03,0.2902432544076287
2018-05-04,0.28126945540164666
2018-05-07,0.27245083834510064
2018-05-08,0.2653995144687672
2018-05-09,0.2605160602046811
2018-05-10,0.2566264517419135
2018-05-11,0.2542018185946359
2018-05-14,0.2548722667827379
2018-05-15,0.2538947460093202
2018-05-16,0.24902630963731145
2018-05-17,0.24539528790914628
2018-05-18,0.24228696930198326
2018-05-21,0.23715161060306625
2018-05-22,0.23445991973729155
2018-05-23,0.23408237965333367
2018-05-24,0.23108475683990606
2018-05-25,0.2366933456708821
2018-05-28,0.24445562699306705
2018-05-29,0.24959942706890384
2018-05-30,0.26092711758233994
2018-05-31,0.2616719707047007
2018-06-01,0.26035369960192506
2018-06-04,0.2613323035744268
2018-06-05,0.2525178321928852
2018-06-06,0.24583853730581715
2018-06-07,0.2401111425700294
2018-06-08,0.2375313308299072
2018-06-11,0.23821003599191923
2018-06-12,0.23425227220013828
2018-06-13,0.23409964364847283
2018-06-14,0.2366376983585386
2018-06-15,0.24457535106228231
2018-06-19,0.2584568349619716
2018-06-20,0.2629708212281839
2018-06-21,0.26931825118982294
2018-06-22,0.26084413745757506
2018-06-25,0.25434337254534684
2018-06-26,0.24969423484938186
2018-06-27,0.244067752576604
2018-06-28,0.2503417297510288
2018-06-29,0.24128808890507925
2018-07-02,0.24257002477061307
2018-07-03,0.24001626139723023
2018-07-04,0.2417763776975572
2018-07-05,0.24334514544102545
2018-07-06,0.2415448640876626
2018-07-09,0.23615743076058587
2018-07-10,0.23001776488009082
2018-07-11,0.23069833216717944
2018-07-12,0.22132810595122035
2018-07-13,0.21881325265767154
2018-07-16,0.21437221313060592
2018-07-17,0.2110085331394373
2018-07-18,0.21140183753667838
2018-07-19,0.21196448944023824
2018-07-20,0.2061997764926348
2018-07-23,0.20892342467610278
2018-07-24,0.20863218322600127
2018-07-25,0.20747927261239246
2018-07-26,0.20833565715678676
2018-07-27,0.2092944934969896
2018-07-30,0.21210575096791895
2018-07-31,0.20977988164950867
2018-08-01,0.20704240663707238
2018-08-02,0.21642940706224162
2018-08-03,0.21721732085289808
2018-08-06,0.22693855293669457
2018-08-07,0.22003199885479632
2018-08-08,0.2230044589149029
2018-08-09,0.21401595482435395
2018-08-10,0.20521191623338877
2018-08-13,0.20324207836362912
2018-08-14,0.19835034405953897
2018-08-15,0.1947526441106687
2018-08-16,0.19922572415463835
2018-08-17,0.20049571243676542
2018-08-20,0.20926484071876375
2018-08-21,0.20055052280145794
2018-08-22,0.19752947853420047
2018-08-23,0.19148656890173935
2018-08-24,0.18829176828386954
2018-08-27,0.18279929366797043
2018-08-28,0.18793381174202548
2018-08-29,0.18595844195514433
2018-08-30,0.18554358291646947
2018-08-31,0.18991475552479037
2018-09-03,0.19113260067697485
2018-09-04,0.18616473595464084
2018-09-05,0.18358574214483353
2018-09-06,0.18198861096129443
2018-09-07,0.17985115192754766
2018-09-10,0.18540272090887572
2018-09-11,0.18495074683447824
2018-09-12,0.18081543023483987
2018-09-13,0.1800862882248923
2018-09-14,0.18738488883099422
2018-09-17,0.19450449986853394
2018-09-18,0.19539662324852866
2018-09-19,0.19427598243240923
2018-09-20,0.1906725417455339
2018-09-21,0.18804858509508512
2018-09-25,0.18510809475514742
2018-09-26,0.18015882675750003
2018-09-27,0.18527778212623233
2018-09-28,0.18496271225398667
2018-10-08,0.19157147344794972
2018-10-09,0.19224735068750176
2018-10-10,0.20960981189824704
2018-10-11,0.24256820689802813
2018-10-12,0.2791432561404039
2018-10-15,0.28498468627225054
2018-10-16,0.29099176153215706
2018-10-17,0.288304439335988
2018-10-18,0.2920369189108112
2018-10-19,0.28509101937421527
2018-10-22,0.27553948007883655
2018-10-23,0.2823030696595055
2018-10-24,0.27609788170518834
2018-10-25,0.27723938113102226
2018-10-26,0.27210060808956843
2018-10-29,0.27234871679160405
2018-10-30,0.2740335693816502
2018-10-31,0.26696554130957045
2018-11-01,0.26129059625951223
2018-11-02,0.2539359113800094
2018-11-05,0.2546303760394904
2018-11-06,0.2578514677644407
2018-11-07,0.2519545016474101
2018-11-08,0.24751112260869165
2018-11-09,0.24467474296978672
2018-11-12,0.24156507014053788
2018-11-13,0.24583060301433493
2018-11-14,0.2449521825241251
2018-11-15,0.2442766494212062
2018-11-16,0.24836514188648337
2018-11-19,0.2575444593297144
2018-11-20,0.25730158967847605
2018-11-21,0.2551204667626291
2018-11-22,0.25039740251685955
2018-11-23,0.24944890478031667
2018-11-26,0.25166097905555523
2018-11-27,0.24438656023481012
2018-11-28,0.24052838675327765
2018-11-29,0.23654890300325182
2018-11-30,0.23368238744924472
2018-12-03,0.22615754579094466
2018-12-04,0.2205854802214111
2018-12-05,0.2212761917390327
2018-12-06,0.21821007954903524
2018-12-07,0.21662222053335373
2018-12-10,0.21683932712241347
2018-12-11,0.21124857019410564
2018-12-12,0.20417959036217775
2018-12-13,0.19383827858607727
2018-12-14,0.1927555914424974
2018-12-17,0.19415549965299495
2018-12-18,0.19291605573073684
2018-12-19,0.1913252785186235
2018-12-20,0.1862117538778013
2018-12-21,0.18983421425595767
2018-12-24,0.18332420876131095
2018-12-25,0.18820888666643626
2018-12-26,0.1891577472085078
2018-12-27,0.19151805986896756
2018-12-28,0.19361656664458174
2019-01-02,0.1968361550774902
2019-01-03,0.20306339432835713
2019-01-04,0.1987634756667249
2019-01-07,0.199176908220377
2019-01-08,0.19827633971331907
2019-01-09,0.19512043065764725
2019-01-10,0.19419707819240078
2019-01-11,0.19343751633659806
2019-01-14,0.19381616409431138
2019-01-15,0.20631972699324183
2019-01-16,0.20474898687617044
2019-01-17,0.20282270565475963
2019-01-18,0.19995685908321056
2019-01-21,0.1969623611710607
2019-01-22,0.1943030435795896
2019-01-23,0.18926972475929052
2019-01-24,0.18735118974174705
2019-01-25,0.19080944308130116
2019-01-28,0.19680927057608302
2019-01-29,0.20393152340999646
2019-01-30,0.20767208939348433
2019-01-31,0.21983895911627513
2019-02-01,0.21294712936497473
2019-02-11,0.2126821104855267
2019-02-12,0.20626440564879567
2019-02-13,0.20168292494565757
2019-02-14,0.19733158033636153
2019-02-15,0.19403879109729222
2019-02-18,0.1894134226028797
2019-02-19,0.19366294431592232
2019-02-20,0.19570326536350055
2019-02-21,0.19503189020039632
2019-02-22,0.19588932816863106
2019-02-25,0.1935633835781391
2019-02-26,0.2095749088895285
2019-02-27,0.2144028441275191
2019-02-28,0.2170692766304328
2019-03-01,0.21506551806291666
2019-03-04,0.21436448546767622
2019-03-05,0.21683019488568572
2019-03-06,0.22102866349473965
2019-03-07,0.23447444285612928
2019-03-08,0.24648347762251147
2019-03-11,0.24582325181628006
2019-03-12,0.24565372852961018
2019-03-13,0.23095236457001628
2019-03-14,0.23215502417255326
2019-03-15,0.2474739537526018
2019-03-18,0.25633187109390065
2019-03-19,0.2563588102695544
2019-03-20,0.26008211751756766
2019-03-21,0.25278874140354357
2019-03-22,0.25388011495355683
2019-03-25,0.2575119574874636
2019-03-26,0.2566500859289059
2019-03-27,0.2595628841998698
2019-03-28,0.2776445812745314
2019-03-29,0.2683939161884744
2019-04-01,0.2600173270206499
2019-04-02,0.2579917197668754
2019-04-03,0.2589402288103068
2019-04-04,0.2586069013901619
2019-04-08,0.2674218416237289
2019-04-09,0.26691720740953084
2019-04-10,0.28397665674372263
2019-04-11,0.28242044680707684
2019-04-12,0.2813226677746581
2019-04-15,0.2773784872861773
2019-04-16,0.2675777296732547
2019-04-17,0.26195771138765894
2019-04-18,0.2602025745337929
2019-04-19,0.25423179985267136
2019-04-22,0.2575598129100907
2019-04-23,0.26208237846011273
2019-04-24,0.25775974034744614
2019-04-25,0.25443219063633316
2019-04-26,0.31336344452325826
2019-04-29,0.3246157226497349
2019-04-30,0.3262765524468629
2019-05-06,0.33350914516692653
2019-05-07,0.33199707454061095
2019-05-08,0.3234217866401529
2019-05-09,0.31342053112617424
2019-05-10,0.2973106838182845
2019-05-13,0.2948466974529154
2019-05-14,0.28513355926620526
2019-05-15,0.2906122417855857
2019-05-16,0.293689660263405
2019-05-17,0.2915275237330281
2019-05-20,0.3000830268292021
2019-05-21,0.29107215912174816
2019-05-22,0.2874789857008876
2019-05-23,0.284150020258256
2019-05-24,0.2834489407283167
2019-05-27,0.27354356339331265
2019-05-28,0.2655455698000343
2019-05-29,0.2551902437478447
2019-05-30,0.2623598436513592
2019-05-31,0.2616263720162948
2019-06-03,0.26845466236081394
2019-06-04,0.2647331966444217
2019-06-05,0.26212390776294986
2019-06-06,0.2637366750866852
2019-06-10,0.262122316863344
2019-06-11,0.2508108671332174
2019-06-12,0.2459307824139701
2019-06-13,0.24293254418446264
2019-06-14,0.24039043265811477
2019-06-17,0.2409788255455062
2019-06-18,0.2365908332563943
2019-06-19,0.23047872556946283
2019-06-20,0.22552846436392768
2019-06-21,0.2268368987886287
2019-06-24,0.2273107110614559
2019-06-25,0.22722826560342158
2019-06-26,0.22797086115777196
2019-06-27,0.23027739213632964
2019-06-28,0.22734879470627678
2019-07-01,0.22377593659552095
2019-07-02,0.2238304104931687
2019-07-03,0.2219291626699027
2019-07-04,0.2183690714083791
2019-07-05,0.21826905165366556
2019-07-08,0.21993593980356832
2019-07-09,0.21940689325088916
2019-07-10,0.21948323611345383
2019-07-11,0.21897241161655268
2019-07-12,0.22141581751892403
2019-07-15,0.22469124101131943
2019-07-16,0.22110578291930222
2019-07-17,0.21654048114801258
2019-07-18,0.2126816811184138
2019-07-19,0.20813485026312256
2019-07-22,0.21403746015149083
2019-07-23,0.22900747516391742
2019-07-24,0.2229582273191574
2019-07-25,0.21991264618450956
2019-07-26,0.2152584677910007
2019-07-29,0.21386367362725614
2019-07-30,0.20952095539595678
2019-07-31,0.2086737504493127
2019-08-01,0.2086681974758999
2019-08-02,0.21069975290586082
2019-08-05,0.2125836510771973
2019-08-06,0.22545835924484592
2019-08-07,0.22791291647005718
2019-08-08,0.22602228399520005
2019-08-09,0.22375832105792248
2019-08-12,0.22000338280981108
2019-08-13,0.21679044084741514
2019-08-14,0.22111149373870367
2019-08-15,0.21809884664647394
2019-08-16,0.21609562987411463
2019-08-19,0.21736352461256425
2019-08-20,0.21723381688313606
2019-08-21,0.2185917998110022
2019-08-22,0.21901164936811585
2019-08-23,0.22015253346919275
2019-08-26,0.22305416023819477
2019-08-27,0.2210901237917316
2019-08-28,0.22360639749289363
2019-08-29,0.22987833482220627
2019-08-30,0.24248670187234816
2019-09-02,0.2397847923432462
2019-09-03,0.23977911926198006
2019-09-04,0.237680532296913
2019-09-05,0.23301569918758713
2019-09-06,0.2310989889833356
2019-09-09,0.22907576500304708
2019-09-10,0.2277429746226673
2019-09-11,0.23054406011694575
2019-09-12,0.2269877999537255
2019-09-16,0.22724824440960803
2019-09-17,0.2276627465665857
2019-09-18,0.22748357547306494
2019-09-19,0.22793037161731594
2019-09-20,0.2283935037346431
2019-09-23,0.23058804862751936
2019-09-24,0.231725535419897
2019-09-25,0.23476440387328615
2019-09-26,0.23770682566018533
2019-09-27,0.23795147213529746
2019-09-30,0.23703363306309055
2019-10-08,0.24987077241583752
2019-10-09,0.24541470909459487
2019-10-10,0.2443865911845189
2019-10-11,0.24143688721491594
2019-10-14,0.23722507296939274
2019-10-15,0.23688588396191765
2019-10-16,0.24070649831571667
2019-10-17,0.23110452231397244
2019-10-18,0.23005910460422133
2019-10-21,0.23688268825213363
2019-10-22,0.23279433881605893
2019-10-23,0.23025387108013645
2019-10-24,0.22740384149602394
2019-10-25,0.22268676947650054
2019-10-28,0.22601779494422303
2019-10-29,0.2278053173148394
2019-10-30,0.23300201575582466
2019-10-31,0.2368911132188495
2019-11-01,0.23158594381416278
2019-11-04,0.23045615451626758
2019-11-05,0.22721128498880858
2019-11-06,0.22409136145756348
2019-11-07,0.218592654492196
2019-11-08,0.21398002831028523
2019-11-11,0.21400835121002637
2019-11-12,0.21054579091645098
2019-11-13,0.2093361379463119
2019-11-14,0.20544586440129395
2019-11-15,0.20666167284009643
2019-11-18,0.2047536936808
2019-11-19,0.19779230877619147
2019-11-20,0.19771406415351722
2019-11-21,0.1951027505088132
2019-11-22,0.19528678832438598
2019-11-25,0.20065661103216498
2019-11-26,0.20001817562779617
2019-11-27,0.19699908287971818
2019-11-28,0.193485111249043
2019-11-29,0.19000881831219613
2019-12-02,0.1882098478963326
2019-12-03,0.18756626896061887
2019-12-04,0.18610239675144127
2019-12-05,0.18075893248340794
2019-12-06,0.17880732121250187
2019-12-09,0.17857026592592332
2019-12-10,0.1787017913501857
2019-12-11,0.17958514517965196
2019-12-12,0.1799827776824267
2019-12-13,0.17707933882388885
2019-12-16,0.17599529700656746
2019-12-17,0.17472160411317253
2019-12-18,0.17608305252468806
2019-12-19,0.1770793451018324
2019-12-20,0.17463465842494946
2019-12-23,0.1788330469905022
2019-12-24,0.17782415248669073
2019-12-25,0.17692138025801346
2019-12-26,0.17586101214622762
2019-12-27,0.1774144995179402
2019-12-30,0.18685948306598932
2019-12-31,0.1855511536609488
2020-01-02,0.19071111874101548
2020-01-03,0.19387626889327186
2020-01-06,0.1943032709099019
2020-01-07,0.19448597917868793
2020-01-08,0.19711602832113997
2020-01-09,0.1959039931076796
2020-01-10,0.19645429060055863
2020-01-13,0.1960548566298853
2020-01-14,0.19587026676389804
2020-01-15,0.1930905117479887
2020-01-16,0.19171579397439587
2020-01-17,0.1934044850909947
2020-01-20,0.19942906192130683
2020-01-21,0.20405287922049942
2020-01-22,0.20616524841721584
2020-01-23,0.21239952926773004
2020-02-03,0.22109888026663546
2020-02-04,0.2954465191052102
2020-02-05,0.2887916242201121
2020-02-06,0.2853467247495406
2020-02-07,0.2765660141630468
2020-02-10,0.2885550812782435
2020-02-11,0.2950658278350127
2020-02-12,0.28271091072657667
2020-02-13,0.27591547472628714
2020-02-14,0.2669480124887531
2020-02-17,0.25972317209138707
2020-02-18,0.2553515792027149
2020-02-19,0.25754371738231313
2020-02-20,0.2536699566589107
2020-02-21,0.24317826710600643
2020-02-24,0.2461885325477629
2020-02-25,0.254423410416126
2020-02-26,0.2571363485314517
2020-02-27,0.25985483489021627
2020-02-28,0.261248567008593
2020-03-02,0.25527852025197495
2020-03-03,0.250848605252584
2020-03-04,0.25145303999274604
2020-03-05,0.2504362250482098
2020-03-06,0.2476348668907103
2020-03-09,0.25280009864911623
2020-03-10,0.24991624039248603
2020-03-11,0.24699308318755905
2020-03-12,0.24417367386068026
2020-03-13,0.2440081081671279
2020-03-16,0.2451772659168204
2020-03-17,0.2504025740618821
2020-03-18,0.2441684755155009
2020-03-19,0.24857921800175747
2020-03-20,0.24377121079194755
2020-03-23,0.2447784080746099
2020-03-24,0.24001209665785472
2020-03-25,0.23303661927675118
2020-03-26,0.22872055147351447
2020-03-27,0.22430013806134644
2020-03-30,0.2328686658756868
2020-03-31,0.23141977784598683
2020-04-01,0.2266443967664852
2020-04-02,0.21790634032962305
2020-04-03,0.21308499616420273
2020-04-07,0.20583374248189426
2020-04-08,0.20490533714814574
2020-04-09,0.20308214314723794
2020-04-10,0.20361639769052323
2020-04-13,0.20894501373105176
2020-04-14,0.2048604009087018
2020-04-15,0.20450233538658347
2020-04-16,0.2038223455110182
2020-04-17,0.20229243902070781
2020-04-20,0.2015033029231907
2020-04-21,0.20523503930837866
2020-04-22,0.20290886871037553
2020-04-23,0.20376782826151812
2020-04-24,0.20671350849669037
2020-04-27,0.21300210431800962
2020-04-28,0.22513818691442467
2020-04-29,0.23446373103997867
2020-04-30,0.2329935776378576
2020-05-06,0.23335213053547277
2020-05-07,0.2264404824898188
2020-05-08,0.2179669029956696
2020-05-11,0.21778942305994256
2020-05-12,0.2120803006244211
2020-05-13,0.2156658886594708
2020-05-14,0.21127257826848514
2020-05-15,0.20730246003652195
2020-05-18,0.2137558778805367
2020-05-19,0.21351750759277063
2020-05-20,0.21492087048213201
2020-05-21,0.2160458843867875
2020-05-22,0.2154156943187629
2020-05-25,0.21942025813386862
2020-05-26,0.21378872248769737
2020-05-27,0.21371411836709
2020-05-28,0.21023378602776718
2020-05-29,0.210231951608756
2020-06-01,0.20800552998560023
2020-06-02,0.20701895627189143
2020-06-03,0.20643044165491928
2020-06-04,0.20452606015439945
2020-06-05,0.22729670625971682
2020-06-08,0.23014903033126557
2020-06-09,0.2246347451555314
2020-06-10,0.22076907759781292
2020-06-11,0.21774523248153144
2020-06-12,0.2144430801307962
2020-06-15,0.227728031712447
2020-06-16,0.22588909930883064
2020-06-17,0.2245827298465634
2020-06-18,0.22126539608737067
2020-06-19,0.2164868839322574
2020-06-22,0.2148679469554496
2020-06-23,0.21480739704445462
2020-06-24,0.21408269022545146
2020-06-29,0.22008305831723057
2020-06-30,0.2193162306211294
2020-07-01,0.25211633184035726
2020-07-02,0.27473853512331886
2020-07-03,0.28437211892073355
2020-07-06,0.2872206505543116
2020-07-07,0.28743193842450304
2020-07-08,0.28825331748875443
2020-07-09,0.29645124348210766
2020-07-10,0.309241598915033
2020-07-13,0.3110329520388086
2020-07-14,0.32328030544718656
2020-07-15,0.3351326383072847
2020-07-16,0.3315944008832263
2020-07-17,0.3334862745352653
2020-07-20,0.3281929653410054
2020-07-21,0.3218909951212859
2020-07-22,0.31266196070519775
2020-07-23,0.31010476248122254
2020-07-24,0.3067402953357052
2020-07-27,0.30844290839597566
2020-07-28,0.30310416116104566
2020-07-29,0.2899425222357935
2020-07-30,0.2877373178675204
2020-07-31,0.28156093098305124
2020-08-03,0.2817746014310635
2020-08-04,0.27983011672314506
2020-08-05,0.276827968629997
2020-08-06,0.27720368472421497
2020-08-07,0.2804527616950138
2020-08-10,0.28398465109332827
2020-08-11,0.28132730188516986
2020-08-12,0.28091508671711957
2020-08-13,0.2758577017814667
2020-08-14,0.2757880253038229
2020-08-17,0.2747901204750843
2020-08-18,0.2693718328664309
2020-08-19,0.2696683404667492
2020-08-20,0.26719665274975357
2020-08-21,0.26290865061005775
2020-08-24,0.2623139123412192
2020-08-25,0.30385310791273706
2020-08-26,0.30410111790873656
2020-08-27,0.30602483648813417
2020-08-28,0.30866402766388557
2020-08-31,0.3079117459550087
2020-09-01,0.3010688429774157
2020-09-02,0.29947919813432966
2020-09-03,0.29972908751311106
2020-09-04,0.3047319860930365
2020-09-07,0.31229269407463345
2020-09-08,0.33662312053540133
2020-09-09,0.34619417098959543
2020-09-10,0.36243139487295467
2020-09-11,0.3547544438973513
2020-09-14,0.35088922933402206
2020-09-15,0.3404601636012321
2020-09-16,0.32192186375933357
2020-09-17,0.3130785294612158
2020-09-18,0.3030205019752129
2020-09-21,0.29347581752619645
2020-09-22,0.28391281646779615
2020-09-23,0.2775445935571005
2020-09-24,0.2692293891750539
2020-09-25,0.2656088325329898
2020-09-28,0.27286449172291416
2020-09-29,0.27011134816664323
2020-09-30,0.2644003772431993
2020-10-09,0.2628608337521401
2020-10-12,0.25985205318118776
2020-10-13,0.2542940143660245
2020-10-14,0.2535063732398661
2020-10-15,0.2541688812061533
2020-10-16,0.2508277180800308
2020-10-19,0.25088888662392367
2020-10-20,0.2476187066777849
2020-10-21,0.24550083371287215
2020-10-22,0.24547747841012646
2020-10-23,0.24543581505855344
2020-10-26,0.2490907365498286
2020-10-27,0.24978337583715582
2020-10-28,0.2544684515510499
2020-10-29,0.2957966923683587
2020-10-30,0.30604224982450684
2020-11-02,0.32567120834156243
2020-11-03,0.3196155220197939
2020-11-04,0.31154537860237147
2020-11-05,0.3069301778333759
2020-11-06,0.30155224179644013
2020-11-09,0.29667816256262
2020-11-10,0.2969022030766307
2020-11-11,0.2938772778269665
2020-11-12,0.29270622910332844
2020-11-13,0.286775947506277
2020-11-16,0.2956678537405869
2020-11-17,0.29273410612090645
2020-11-18,0.2914276532728836
2020-11-19,0.2868091489541178
2020-11-20,0.28043544375311463
2020-11-23,0.2781399021600613
2020-11-24,0.2725671950655483
2020-11-25,0.27081780773843156
2020-11-26,0.2688748802899074
2020-11-27,0.2654940893277219
2020-11-30,0.2710912530625836
2020-12-01,0.26671827871716386
2020-12-02,0.26479830762258605
2020-12-03,0.26303343642449545
2020-12-04,0.2599866841760642
2020-12-07,0.26016575195542957
2020-12-08,0.25814474844268764
2020-12-09,0.25910744041177686
2020-12-10,0.2577775617138101
2020-12-11,0.2624181394416944
2020-12-14,0.2653494933555681
2020-12-15,0.26845837206788475
2020-12-16,0.270597399008986
2020-12-17,0.2729756184966666
2020-12-18,0.2702659305857706
2020-12-21,0.2748683144452382
2020-12-22,0.27593201408320983
2020-12-23,0.27709824724513876
2020-12-24,0.28303633693163616
2020-12-25,0.284389820782798
2020-12-28,0.2960707721102914
2020-12-29,0.29957927040715204
2020-12-30,0.2951537614455421
2020-12-31,0.28830190410326273
2021-01-04,0.2978847327867815
2021-01-05,0.3004262045926992
2021-01-06,0.30112723088799437
2021-01-07,0.30969540539557333
2021-01-08,0.311142191137512
2021-01-11,0.3175433841075336
2021-01-12,0.3162770949302969
2021-01-13,0.3233809034362793
2021-01-14,0.32489728356584807
2021-01-15,0.3285359408053907
2021-01-18,0.344189743347499
2021-01-19,0.33593051862335843
2021-01-20,0.3347823895952699
2021-01-21,0.3228281387731223
2021-01-22,0.32384603018123015
2021-01-25,0.353401047952115
2021-01-26,0.35758657703899716
2021-01-27,0.3576247632105676
2021-01-28,0.3532883842186393
2021-01-29,0.3580472704337351
2021-02-01,0.37351025146779354
2021-02-02,0.38722326196751156
2021-02-03,0.38295050692278165
2021-02-04,0.38067711389258263
2021-02-05,0.3849622413075663
2021-02-08,0.37979279036752134
2021-02-09,0.36521602545595644
2021-02-10,0.35710792678477576
2021-02-18,0.3587851746636704
2021-02-19,0.35636979044247447
2021-02-22,0.35719224464472066
2021-02-23,0.3521398019873883
2021-02-24,0.3548169003885816
2021-02-25,0.3467287134703852
2021-02-26,0.3407337335774488
2021-03-01,0.3326223047630888
2021-03-02,0.3292032450706108
2021-03-03,0.3191717729857438
2021-03-04,0.31505314311296806
2021-03-05,0.31121747570197467
2021-03-08,0.3164415658502246
2021-03-09,0.32181988300606507
2021-03-10,0.3193226332587711
2021-03-11,0.31235765646661423
2021-03-12,0.3097980650935312
2021-03-15,0.3124293205836609
2021-03-16,0.3074899300286899
2021-03-17,0.30597863437746686
2021-03-18,0.30246564620802446
2021-03-19,0.3000289886969249
2021-03-22,0.2984149591981345
2021-03-23,0.30463396808638776
2021-03-24,0.30782533679900215
2021-03-25,0.3116875719526469
2021-03-26,0.3058079903077975
2021-03-29,0.3071703288010219
2021-03-30,0.30820471670987226
2021-03-31,0.3075759630909282
2021-04-01,0.3051893566893765
2021-04-02,0.30752628658168213
2021-04-06,0.3031820739847811
2021-04-07,0.30627606319106887
2021-04-08,0.30227804418362636
2021-04-09,0.29981430668476416
2021-04-12,0.3085219168361025
2021-04-13,0.3149666106727201
2021-04-14,0.31388500457168783
2021-04-15,0.31230900835026904
2021-04-16,0.308761760307478
2021-04-19,0.30727625195213776
2021-04-20,0.3047306271622626
2021-04-21,0.29906514607159146
2021-04-22,0.29712343539149005
2021-04-23,0.2985559527338716
2021-04-26,0.30456926148070046
2021-04-27,0.3119876154202709
2021-04-28,0.32267053793087364
2021-04-29,0.3249928039507037
2021-04-30,0.3370540142704987
2021-05-06,0.34570804373728636
2021-05-07,0.3429947929325155
2021-05-10,0.352723723237356
2021-05-11,0.34906448298666565
2021-05-12,0.3419098385037679
2021-05-13,0.3326791537693371
2021-05-14,0.3275402815653403
2021-05-17,0.3255188248228164
2021-05-18,0.31959932184660633
2021-05-19,0.31487639820731805
2021-05-20,0.3127343519285265
2021-05-21,0.30543319269442215
2021-05-24,0.30260296753029237
2021-05-25,0.29740111910178846
2021-05-26,0.2950926039508703
2021-05-27,0.289967703631794
2021-05-28,0.28836112063257957
2021-05-31,0.29102483145765834
2021-06-01,0.28357982231437084
2021-06-02,0.2861053158106736
2021-06-03,0.2874927994907336
2021-06-04,0.28586256839323865
2021-06-07,0.28588081873136406
2021-06-08,0.2893753140725548
2021-06-09,0.2849829465474181
2021-06-10,0.28300689805469675
2021-06-11,0.2898318006040883
2021-06-15,0.3023064834142852
2021-06-16,0.30056510150561017
2021-06-17,0.30013549126012
2021-06-18,0.31093227283269925
2021-06-21,0.3123438711683735
2021-06-22,0.31427656636456985
2021-06-23,0.30941531077147366
2021-06-24,0.313837393203467
2021-06-25,0.3089017609858122
2021-06-28,0.30978530975271773
2021-06-29,0.30977518559565387
2021-06-30,0.30940322274313403
2021-07-01,0.3124471202966421
2021-07-02,0.3106308837034181
2021-07-05,0.30683060985410754
2021-07-06,0.3039059806184743
2021-07-07,0.2996922266129928
2021-07-08,0.3011993482920961
2021-07-09,0.29736168930008805
2021-07-12,0.2996016838403329
2021-07-13,0.300253325328675
2021-07-14,0.29676625706950704
2021-07-15,0.2996984741969887
2021-07-16,0.2956439376147906
2021-07-19,0.3039843443523075
2021-07-20,0.29797759271046653
2021-07-21,0.29686977406888615
2021-07-22,0.2974753232605101
2021-07-23,0.30510556663320504
2021-07-26,0.31441333551690714
2021-07-27,0.3173341314556619
2021-07-28,0.326114487397713
2021-07-29,0.32866573280679107
2021-07-30,0.3438607875860491
2021-08-02,0.34262024383022915
2021-08-03,0.3471867396007475
2021-08-04,0.34266679066602895
2021-08-05,0.3383166026893809
2021-08-06,0.3339266915841364
2021-08-09,0.3422350476510195
2021-08-10,0.3434095916007647
2021-08-11,0.3376148035043858
2021-08-12,0.33190071300988094
2021-08-13,0.32773307434678856
2021-08-16,0.33045471893465533
2021-08-17,0.32643394284452476
2021-08-18,0.31734486651551974
2021-08-19,0.31527174380175155
2021-08-20,0.31945106529144196
2021-08-23,0.32958472954696855
2021-08-24,0.3274834068645076
2021-08-25,0.3195511524265043
2021-08-26,0.3191022979916243
2021-08-27,0.3218871426574624
2021-08-30,0.34960424516953165
2021-08-31,0.35428247239614374
2021-09-01,0.3646114831372363
2021-09-02,0.35729965185576895
2021-09-03,0.3577096810926978
2021-09-06,0.3525401316010839
2021-09-07,0.3428468387656069
2021-09-08,0.3409970559340636
2021-09-09,0.32949992806185663
2021-09-10,0.32584218922764285
2021-09-13,0.32605406803752496
2021-09-14,0.32227144484816156
2021-09-15,0.3195186272303735
2021-09-16,0.3173186452293211
2021-09-17,0.31849615253752617
2021-09-22,0.3186294691138428
2021-09-23,0.3154338433193999
2021-09-24,0.3122384194818402
2021-09-27,0.32957587842329955
2021-09-28,0.3468976424710884
2021-09-29,0.33805900389122534
2021-09-30,0.33563318410576165
2021-10-08,0.3362121040571497
2021-10-11,0.3325695814383573
2021-10-12,0.32373335923072155
2021-10-13,0.321292674608441
2021-10-14,0.3165789979498974
2021-10-15,0.31496322554004724
2021-10-18,0.31133042485634815
2021-10-19,0.30511404720502944
2021-10-20,0.293141144603841
2021-10-21,0.28706103521746296
2021-10-22,0.2880057565262997
2021-10-25,0.2873463731811319
2021-10-26,0.28584903887283014
2021-10-27,0.29108435558850654
2021-10-28,0.30223153156928184
2021-10-29,0.3071214104058534
2021-11-01,0.3178766191599328
2021-11-02,0.32167264046868604
2021-11-03,0.31114957927463716
2021-11-04,0.30687295742908904
2021-11-05,0.30505869787415546
2021-11-08,0.30157760226263997
2021-11-09,0.2948969295621048
2021-11-10,0.2871101113857044
2021-11-11,0.2845897815721271
2021-11-12,0.28687000328238066
2021-11-15,0.2919474947164457
2021-11-16,0.29794409767930996
2021-11-17,0.2922401037136845
2021-11-18,0.2881171383275066
2021-11-19,0.286320308279904
2021-11-22,0.29087569079383624
2021-11-23,0.2817110335084328
2021-11-24,0.2885659647288187
2021-11-25,0.288148381335724
2021-11-26,0.2823734104266708
2021-11-29,0.2854885373094695
2021-11-30,0.28466930080070335
2021-12-01,0.28342511373875573
2021-12-02,0.28347016551824433
2021-12-03,0.2898145391250627
2021-12-06,0.2981356603111054
2021-12-07,0.29662778124537104
2021-12-08,0.28680124268652135
2021-12-09,0.28563887944067723
2021-12-10,0.28383086297110266
2021-12-13,0.28333446577263816
2021-12-14,0.2857161897150829
2021-12-15,0.28775165857904383
2021-12-16,0.2841965011774935
2021-12-17,0.2842150366211351
2021-12-20,0.28965912724259724
2021-12-21,0.2886180697131951
2021-12-22,0.2896268531285734
2021-12-23,0.2903623224856714
2021-12-24,0.29302984390567693
2021-12-27,0.29254907995104645
2021-12-28,0.2884585148996526
2021-12-29,0.28833067408357493
2021-12-30,0.29192696436091226
2021-12-31,0.28791246496819395
2022-01-04,0.29279328543405503
2022-01-05,0.29213348287874386
2022-01-06,0.2888722131196807
2022-01-07,0.28791724800017515
2022-01-10,0.286018071988362
2022-01-11,0.2802468272709253
2022-01-12,0.27955450950729616
2022-01-13,0.2749561712145361
2022-01-14,0.27867464331816416
2022-01-17,0.2805360570501931
2022-01-18,0.2815492516913511
2022-01-19,0.2783775870418706
2022-01-20,0.2773747866014258
2022-01-21,0.27867426035801707
2022-01-24,0.2807207902589979
2022-01-25,0.27835595353972165
2022-01-26,0.27529235625140897
2022-01-27,0.26940486320199003
2022-01-28,0.27146159152628435
2022-02-07,0.27946390144858496
2022-02-08,0.27346383970565824
2022-02-09,0.2603710468361824
2022-02-10,0.2530094998292932
2022-02-11,0.2521531278721569
2022-02-14,0.2503680542255846
2022-02-15,0.24671937825078688
2022-02-16,0.24195944249647683
2022-02-17,0.23852793374141423
2022-02-18,0.23217754636817486
2022-02-21,0.23068946511933042
2022-02-22,0.22826480745018024
2022-02-23,0.2295550910546747
2022-02-24,0.23414067579628936
2022-02-25,0.23161468461497653
2022-02-28,0.22913260079247993
2022-03-01,0.2236001220968131
2022-03-02,0.21793631530934546
2022-03-03,0.2203353143422425
2022-03-04,0.2200959690602966
2022-03-07,0.22223975601995652
2022-03-08,0.2382192350650894
2022-03-09,0.24773096497038907
2022-03-10,0.2601743412086004
2022-03-11,0.26659097730228315
2022-03-14,0.26585071479785605
2022-03-15,0.2696363941239322
2022-03-16,0.2687484752047321
2022-03-17,0.2715453714152962
2022-03-18,0.26842240134129536
2022-03-21,0.2680707031119634
2022-03-22,0.2645041757756189
2022-03-23,0.25517352324977643
2022-03-24,0.2511904632709029
2022-03-25,0.2512423027926295
2022-03-28,0.2585078982687111
2022-03-29,0.2560262207852491
2022-03-30,0.2525456005988886
2022-03-31,0.2467338978424998
2022-04-01,0.2468978215781051
2022-04-06,0.24672519923150846
2022-04-07,0.2434887331797576
2022-04-08,0.24639226427701022
2022-04-11,0.2510755224140335
2022-04-12,0.2551870502998889
2022-04-13,0.25726464844305624
2022-04-14,0.2716111145152518
2022-04-15,0.27625730661013387
2022-04-18,0.2800085820392403
2022-04-19,0.2753756814227457
2022-04-20,0.2662834710601411
2022-04-21,0.2637703131033025
2022-04-22,0.2729398930494487
2022-04-25,0.28012104474973887
2022-04-26,0.3030675528279954
2022-04-27,0.31265047963666814
2022-04-28,0.34180855740815397
2022-04-29,0.34507044815356214
2022-05-05,0.34469031746177126
2022-05-06,0.3349390948290029
2022-05-09,0.32650177185331836
2022-05-10,0.3150046918786816
2022-05-11,0.3014495275494322
2022-05-12,0.29226263998645513
2022-05-13,0.2839060995992872
2022-05-16,0.2775476877362475
2022-05-17,0.27076524137716423
2022-05-18,0.26461166873364994
2022-05-19,0.25668539085603814
2022-05-20,0.255627126341725
2022-05-23,0.2515245494992769
2022-05-24,0.24913886570860694
2022-05-25,0.24602267312535417
2022-05-26,0.2422023416064284
2022-05-27,0.2399721121342438
2022-05-30,0.24560104310027606
2022-05-31,0.24548821561324158
2022-06-01,0.24595847029329024
2022-06-02,0.24970720270242577
2022-06-06,0.24909631778993946
2022-06-07,0.24648736229113544
2022-06-08,0.2410568325673251
2022-06-09,0.23753580904900443
2022-06-10,0.23380890833566761
2022-06-13,0.23651388661269165
2022-06-14,0.2342454490704333
2022-06-15,0.23278965795626166
2022-06-16,0.23139687657464367
2022-06-17,0.22776619175266263
2022-06-20,0.23195339338909696
2022-06-21,0.23069680083374336
2022-06-22,0.22885386459060655
2022-06-23,0.2260022540367859
2022-06-24,0.2285404683837894
2022-06-27,0.23084931620742424
2022-06-28,0.23173596272714836
2022-06-29,0.23107145516908173
2022-06-30,0.22988288240897473
2022-07-01,0.23001425631025676
2022-07-04,0.23351224461580072
2022-07-05,0.23020270042513855
2022-07-06,0.22774035372233936
2022-07-07,0.22532613557596448
2022-07-08,0.22796318013014458
2022-07-11,0.22635544322232934
2022-07-12,0.22491792208647107
2022-07-13,0.2222242889043779
2022-07-14,0.22486041324400013
2022-07-15,0.2311414488370426
2022-07-18,0.2299668387848461
2022-07-19,0.22566412491493
2022-07-20,0.22068696153017556
2022-07-21,0.21708024564091705
2022-07-22,0.20157377136598087
2022-07-25,0.19948854848110126
2022-07-26,0.19417632398130114
2022-07-27,0.19258456809897465
2022-07-28,0.1904615072264319
2022-07-29,0.19029843077285513
2022-08-01,0.1919799888747681
2022-08-02,0.19511406317854035
2022-08-03,0.1965438102194742
2022-08-04,0.19464797437170736
2022-08-05,0.19651315650272866
2022-08-08,0.19521835523929326
2022-08-09,0.19236594917960917
2022-08-10,0.1897319538566009
2022-08-11,0.18834049567872557
2022-08-12,0.1865228791910238
2022-08-15,0.18664847083586533
2022-08-16,0.1834927825909734
2022-08-17,0.1822816795696776
2022-08-18,0.18373050853697795
2022-08-19,0.1845589110387682
2022-08-22,0.18538978438321044
2022-08-23,0.18426155775216965
2022-08-24,0.18123664189915836
2022-08-25,0.18273050124906315
2022-08-26,0.18583490295037972
2022-08-29,0.18695326992953104
2022-08-30,0.18438739683492525
2022-08-31,0.1835895689988352
2022-09-01,0.18071105498244908
2022-09-02,0.17685498165920338
2022-09-05,0.17453016866545457
2022-09-06,0.17062906045321496
2022-09-07,0.16779730334526471
2022-09-08,0.1644911384705068
2022-09-09,0.16080737460312552
2022-09-13,0.15981300458648018
2022-09-14,0.15574495098071028
2022-09-15,0.15550975596862932
2022-09-16,0.15616622316205492
2022-09-19,0.15754871527744652
2022-09-20,0.154599194357715
2022-09-21,0.15068002637932476
2022-09-22,0.1476505717367552
2022-09-23,0.14599871219686072
2022-09-26,0.14923598521473697
2022-09-27,0.15128144801042195
2022-09-28,0.14925796950946393
2022-09-29,0.14973960897195115
2022-09-30,0.14977808357941308
2022-10-10,0.18562601100545967
2022-10-11,0.19060551089582808
2022-10-12,0.18939520772919421
2022-10-13,0.18941345681374053
2022-10-14,0.18991793874586538
2022-10-17,0.19122056973870807
2022-10-18,0.1885337178760143
2022-10-19,0.1901195977540122
2022-10-20,0.1893385440817952
2022-10-21,0.191063437398989
2022-10-24,0.19861839667447323
2022-10-25,0.20479277486609623
2022-10-26,0.2068535652691136
2022-10-27,0.23541168274538973
2022-10-28,0.24904405100405747
2022-10-31,0.25495959582866623
2022-11-01,0.2613902380663248
2022-11-02,0.2510908967205066
2022-11-03,0.2453627304919668
2022-11-04,0.23803610540602213
2022-11-07,0.23453626176244244
2022-11-08,0.22547306796636746
2022-11-09,0.21993141889092507
2022-11-10,0.21885054469254966
2022-11-11,0.2221126058239756
2022-11-14,0.22418911449602422
2022-11-15,0.22223051497720747
2022-11-16,0.21803851129913102
2022-11-17,0.214204880391285
2022-11-18,0.21388615931197794
2022-11-21,0.21547542503169087
2022-11-22,0.21251652700233944
2022-11-23,0.2115306059542519
2022-11-24,0.20784439152081124
2022-11-25,0.20407523296675895
2022-11-28,0.2028825345017612
2022-11-29,0.20972770274219682
2022-11-30,0.2072781470391655
2022-12-01,0.20850005501730665
2022-12-02,0.20878418403472718
2022-12-05,0.21184609523482226
2022-12-06,0.20835026255214864
2022-12-07,0.20471605051943317
2022-12-08,0.20179291124728055
2022-12-09,0.2045032990000512
2022-12-12,0.20612806323595068
2022-12-13,0.20378606276378433
2022-12-14,0.2028825724911217
2022-12-15,0.19963530972174584
2022-12-16,0.19736159675489318
2022-12-19,0.19484725508696082
2022-12-20,0.1918825117074552
2022-12-21,0.18716096720497596
2022-12-22,0.18592031764368555
2022-12-23,0.1855554479519791
2022-12-26,0.18695188518914177
2022-12-27,0.18671100702086987
2022-12-28,0.1845131120553776
2022-12-29,0.1834680422884374
2022-12-30,0.18152372398554034
2023-01-03,0.18487224457208035
2023-01-04,0.18373786928712163
2023-01-05,0.18483800794145755
2023-01-06,0.18280123353768102
2023-01-09,0.18231550572009436
2023-01-10,0.17859374127251396
2023-01-11,0.17548145931623377
2023-01-12,0.1722876093129588
2023-01-13,0.1703319470909354
2023-01-16,0.1736095853710145
2023-01-17,0.1712611411663734
2023-01-18,0.16741177455964956
2023-01-19,0.16595555121403227
2023-01-20,0.16246357099153486
2023-01-30,0.16884028220496983
2023-01-31,0.17764998725903253
2023-02-01,0.1762215654503914
2023-02-02,0.17831795179296958
2023-02-03,0.17474842816858052
2023-02-06,0.17642167325701144
2023-02-07,0.17580582391485552
2023-02-08,0.17365022413113632
2023-02-09,0.173791806353969
2023-02-10,0.17218829757040696
2023-02-13,0.17844044517608063
2023-02-14,0.1850298155748891
2023-02-15,0.18327003635462302
2023-02-16,0.18229679026301293
2023-02-17,0.1822526249841623
2023-02-20,0.18269393638114645
2023-02-21,0.17904864830918515
2023-02-22,0.17566794035097538
2023-02-23,0.17216331226216083
2023-02-24,0.16768672539788382
2023-02-27,0.16675950147408117
2023-02-28,0.1636758367437592
2023-03-01,0.16307590884565074
2023-03-02,0.1636880195424696
2023-03-03,0.16279384666358923
2023-03-06,0.16555852132357388
2023-03-07,0.1619553522078556
2023-03-08,0.15872429881498293
2023-03-09,0.15952123512826533
2023-03-10,0.1595320173289943
2023-03-13,0.16265645618676486
2023-03-14,0.1651512800675842
2023-03-15,0.16549370660883508
2023-03-16,0.16494359162324002
2023-03-17,0.16606896170783203
2023-03-20,0.17166530108569278
2023-03-21,0.17157005985001786
2023-03-22,0.17092899516002946
2023-03-23,0.1694793672647145
2023-03-24,0.16892479602189775
2023-03-27,0.1718510493401563
2023-03-28,0.1730100721007728
2023-03-29,0.17281090440909042
2023-03-30,0.17229580262651184
2023-03-31,0.17191998952965398
2023-04-03,0.1745933745279189
2023-04-04,0.17711896075268962
2023-04-06,0.18212838704613318
2023-04-07,0.18129690945001312
2023-04-10,0.1838608879701675
2023-04-11,0.18357792695362393
2023-04-12,0.1816907209761463
2023-04-13,0.17959423156019763
2023-04-14,0.18001982881751685
2023-04-17,0.17995515562448375
2023-04-18,0.17834288018497357
2023-04-19,0.1678483551435917
2023-04-20,0.16952127184803356
2023-04-21,0.17075541511033882
2023-04-24,0.17680202302094375
2023-04-25,0.18217974241763496
2023-04-26,0.18800662004328564
2023-04-27,0.19062990419364528
2023-04-28,0.19490077089626948
2023-05-04,0.20060563143658552
2023-05-05,0.19585789039068158
2023-05-08,0.19223021244466573
2023-05-09,0.18652641867545422
2023-05-10,0.1809107089676915
2023-05-11,0.17500504695273789
2023-05-12,0.16818803104055952
2023-05-15,0.16351186371829393
2023-05-16,0.1597606675806511
2023-05-17,0.15486883088792205
2023-05-18,0.15155835158172992
2023-05-19,0.14926592862574206
2023-05-22,0.15596459848437366
2023-05-23,0.15080302219278854
2023-05-24,0.14779295387245672
2023-05-25,0.14537336074182172
2023-05-26,0.14659832301621242
2023-05-29,0.14857540101520325
2023-05-30,0.14853189033079753
2023-05-31,0.14929671169442343
2023-06-01,0.15069157959327673
2023-06-02,0.150930114653847
2023-06-05,0.14993025699684054
2023-06-06,0.15042554179845957
2023-06-07,0.1480025844242703
2023-06-08,0.14649475744575655
2023-06-09,0.14773142120672672
2023-06-12,0.15768086004172063
2023-06-13,0.156200525637856
2023-06-14,0.15639641029487727
2023-06-15,0.15715295071624372
2023-06-16,0.15537348730375114
2023-06-19,0.15627450832903692
2023-06-20,0.15601900984449416
2023-06-21,0.15567883178358877
2023-06-26,0.1590659158843341
2023-06-27,0.16196030896344957
2023-06-28,0.15865802865731418
2023-06-29,0.15819746022533895
2023-06-30,0.1581802304209539
2023-07-03,0.16855183920618438
2023-07-04,0.16625614330671765
2023-07-05,0.1629743155368842
2023-07-06,0.1574624489325574
2023-07-07,0.14610274588815364
2023-07-10,0.1454811209437851
2023-07-11,0.14316006280426402
2023-07-12,0.14293275379459247
2023-07-13,0.16008380985481765
2023-07-14,0.16055172008340104
2023-07-17,0.16494940112269046
2023-07-18,0.1614915778894039
2023-07-19,0.1567890819063135
2023-07-20,0.15426023431378127
2023-07-21,0.15312846210509234
2023-07-24,0.15208878281008162
2023-07-25,0.1647052697744088
2023-07-26,0.16382746969736978
2023-07-27,0.1624839246124211
2023-07-28,0.16232062608183678
2023-07-31,0.17121924867906002
2023-08-01,0.17143344589453904
2023-08-02,0.16749629661438387
2023-08-03,0.1652431142580497
2023-08-04,0.16337054950314156
2023-08-07,0.16282489161655803
2023-08-08,0.16117471614764284
2023-08-09,0.15846289814289155
2023-08-10,0.15600518491201332
2023-08-11,0.15329404294472757
2023-08-14,0.15316345443730314
2023-08-15,0.15207816934163496
2023-08-16,0.15041745270511997
2023-08-17,0.1493971466192684
2023-08-18,0.1513843442768696
2023-08-21,0.15186332231681568
2023-08-22,0.15407187876554224
2023-08-23,0.154933600967143
2023-08-24,0.16040400153653345
2023-08-25,0.1627886419348171
2023-08-28,0.16907680792486338
2023-08-29,0.17605416156036915
2023-08-30,0.17646684451832093
2023-08-31,0.17306675249784853
2023-09-01,0.16963145288297496
2023-09-04,0.16840818100377378
2023-09-05,0.1625514643230368
2023-09-06,0.16002594236027007
2023-09-07,0.15456320293901127
2023-09-08,0.15294612456062473
2023-09-11,0.15181356968681786
2023-09-12,0.14761661315525595
2023-09-13,0.1419704170725695
2023-09-14,0.13855747031170848
2023-09-15,0.13810628730987218
2023-09-18,0.1392115925241279
2023-09-19,0.1355408696197949
2023-09-20,0.1310632590319136
2023-09-21,0.1275645144437722
2023-09-22,0.12742124236102328
2023-09-25,0.1276879222540342
2023-09-26,0.12724216977630715
2023-09-27,0.12869023433351853
2023-09-28,0.1305926841361464
2023-10-09,0.13823125717044416
2023-10-10,0.13945243481061914
2023-10-11,0.13989221971798826
2023-10-12,0.1327563293414404
2023-10-13,0.1325787156385505
2023-10-16,0.13491465991085613
2023-10-17,0.13407007915323838
2023-10-18,0.13266502190341747
2023-10-19,0.1325181069851137
2023-10-20,0.13199585586421278
2023-10-23,0.13433597163739786
2023-10-24,0.1362973057549895
2023-10-25,0.14523116426976182
2023-10-26,0.14622486637628523
2023-10-27,0.1526644462453473
2023-10-30,0.15939616953892832
2023-10-31,0.15984966637299
2023-11-01,0.1698674147629949
2023-11-02,0.1628984314951877
2023-11-03,0.15846857633980188
2023-11-06,0.15632812108593036
2023-11-07,0.15179491800025155
2023-11-08,0.148956885682261
2023-11-09,0.1459595705166348
2023-11-10,0.1423861834746584
2023-11-13,0.14001294964518787
2023-11-14,0.13601834494158224
2023-11-15,0.12773889175170497
2023-11-16,0.12351692962322133
2023-11-17,0.1220100091891798
2023-11-20,0.12318964696535532
2023-11-21,0.12244635305706009
2023-11-22,0.1209447844782917
2023-11-23,0.12032415289165585
2023-11-24,0.11775876543436163
2023-11-27,0.12051362884718471
2023-11-28,0.11971337663540044
2023-11-29,0.11867474446822068
2023-11-30,0.11742726175029043
2023-12-01,0.11965789072313124
2023-12-04,0.12119740888267276
2023-12-05,0.12819437679890539
2023-12-06,0.12856195717189298
2023-12-07,0.1298120349276809
2023-12-08,0.1332416464342884
2023-12-11,0.15052160446306428
2023-12-12,0.14785287446138703
2023-12-13,0.1496865447108501
2023-12-14,0.14841777455451602
2023-12-15,0.1472354213948914
2023-12-18,0.14735246880237937
2023-12-19,0.14600749880809316
2023-12-20,0.1446203607343905
2023-12-21,0.14470306910287672
2023-12-22,0.1446304361859014
2023-12-25,0.14675292221067193
2023-12-26,0.14555869352038378
2023-12-27,0.14757814119201848
2023-12-28,0.16023243271959262
2023-12-29,0.15667358012776822
2024-01-02,0.15871019702125808
2024-01-03,0.15656436488068062
2024-01-04,0.1533865779696271
2024-01-05,0.1508300486632369
2024-01-08,0.1494256683350177
2024-01-09,0.14912712252379254
2024-01-10,0.14897368682819853
2024-01-11,0.1482763936733703
2024-01-12,0.147631925437162
2024-01-15,0.14685332944892868
2024-01-16,0.1442319482138204
2024-01-17,0.14214635853793373
2024-01-18,0.14432880419947222
2024-01-19,0.1456173726579092
2024-01-22,0.14747024837036335
2024-01-23,0.1515445191264723
2024-01-24,0.15638946655408267
2024-01-25,0.16452358717742163
2024-01-26,0.16521410602484604
2024-01-29,0.16985566016216458
2024-01-30,0.1699245130612467
2024-01-31,0.1750355463894555
2024-02-01,0.17639106133616356
2024-02-02,0.1789932452619593
2024-02-05,0.2031733028057169
2024-02-06,0.21274307736733702
2024-02-07,0.2309840316250347
2024-02-08,0.2391827543402801
2024-02-19,0.23836849909173352
2024-02-20,0.22547591072066628
2024-02-21,0.22495914870981668
2024-02-22,0.21310177066509092
2024-02-23,0.2226442919726077
2024-02-26,0.21880477366535714
2024-02-27,0.20935236088144984
2024-02-28,0.19596079329737806
2024-02-29,0.20207405208151039
2024-03-01,0.19634283839473685
2024-03-04,0.19896885183210844
2024-03-05,0.19376557824469362
2024-03-06,0.18688006686526035
2024-03-07,0.18284405297085604
2024-03-08,0.17790771226611196
2024-03-11,0.17631826491530725
2024-03-12,0.19194428947911718
2024-03-13,0.1884135090783051
2024-03-14,0.1867305089863751
2024-03-15,0.183465498991025
2024-03-18,0.1841153629536124
2024-03-19,0.18583458869019304
2024-03-20,0.18331690128168823
2024-03-21,0.18227960853972625
2024-03-22,0.18469560847666405
2024-03-25,0.1880323176446406
2024-03-26,0.18937443405679893
2024-03-27,0.18922504863961676
2024-03-28,0.18646067211777242
2024-03-29,0.187224763281753
2024-04-01,0.19053382238322064
2024-04-02,0.18974718197637244
2024-04-03,0.18922005409220782
2024-04-08,0.20842497982358538
2024-04-09,0.20772186902669706
2024-04-10,0.20376397296033494
2024-04-11,0.20553973569805836
2024-04-12,0.21146910790355403
2024-04-15,0.235276378531675
2024-04-16,0.24392778844957655
2024-04-17,0.24902515830968167
2024-04-18,0.24066288451647636
2024-04-19,0.2383550546664638
2024-04-22,0.24079679448823224
2024-04-23,0.23836190483847325
2024-04-24,0.23261196728779948
2024-04-25,0.22919041211641827
2024-04-26,0.23385194492189706
2024-04-29,0.2384854713727238
2024-04-30,0.24047954787998127
2024-05-06,0.2382484721775994
2024-05-07,0.22987293968681619
2024-05-08,0.22245767801623048
2024-05-09,0.21564735338178134
2024-05-10,0.21038139857688207
2024-05-13,0.21095735360622594
2024-05-14,0.20592913579250452
2024-05-15,0.1990415183637237
2024-05-16,0.1962404586110778
2024-05-17,0.19330965970835176
2024-05-20,0.1945919750662728
2024-05-21,0.18927934514747252
2024-05-22,0.1902090602601538
2024-05-23,0.18499765962969522
2024-05-24,0.18213307535641254
2024-05-27,0.18278763200788403
2024-05-28,0.18139913726895954
2024-05-29,0.1787707267813303
2024-05-30,0.1793407185072306
2024-05-31,0.17844648916806083
2024-06-03,0.18237688614938086
2024-06-04,0.18276157556229655
2024-06-05,0.1800457776441784
2024-06-06,0.18301519636391092
2024-06-07,0.18353873577598634
2024-06-11,0.18882066599288583
2024-06-12,0.18371771681752255
2024-06-13,0.18380234940584658
2024-06-14,0.1820648913372172
2024-06-17,0.18140468861067402
2024-06-18,0.17829830759362078
2024-06-19,0.1744767300333319
2024-06-20,0.1765418541725277
2024-06-21,0.1746266093662898
2024-06-24,0.1738075414441336
2024-06-25,0.1748755983160811
2024-06-26,0.17403570800624552
2024-06-27,0.1701056021523769
2024-06-28,0.17081718735249765
2024-07-01,0.1724007036546802
2024-07-02,0.17235332977863568
2024-07-03,0.17166335395955762
2024-07-04,0.16659731102734623
2024-07-05,0.16822647431287935
2024-07-08,0.16306191581847088
2024-07-09,0.16573825161713276
2024-07-10,0.17565234547010683
2024-07-11,0.17446221048760693
2024-07-12,0.17222163501947868
2024-07-15,0.17201995305972997
2024-07-16,0.16895930222766464
2024-07-17,0.1660810124403287
2024-07-18,0.164258748469869
2024-07-19,0.16618155499392187
2024-07-22,0.16584226172571673
2024-07-23,0.16548557692753624
2024-07-24,0.16599236268521522
2024-07-25,0.16612786695020268
2024-07-26,0.1654517388780343
2024-07-29,0.16596574596207636
2024-07-30,0.16367673660206725
2024-07-31,0.16497636880513666
2024-08-01,0.1663520874214175
2024-08-02,0.16349866764079424
2024-08-05,0.16820462793428226
2024-08-06,0.1665230752063427
2024-08-07,0.16526759588420534
2024-08-08,0.16371696381095524
2024-08-09,0.16160570952001777
2024-08-12,0.1612356513245676
2024-08-13,0.15649938515098333
2024-08-14,0.15355995680156279
2024-08-15,0.15135918842365229
2024-08-16,0.1542400121326323
2024-08-19,0.15713697612709043
2024-08-20,0.15587383727231516
2024-08-21,0.15519510260321248
2024-08-22,0.1564729323230605
2024-08-23,0.1597216309256544
2024-08-26,0.16254444951142516
2024-08-27,0.164551167556253
2024-08-28,0.17460220283237662
2024-08-29,0.1750697588082706
2024-08-30,0.17467250168742746
2024-09-02,0.18102958978842398
2024-09-03,0.17526317927190263
2024-09-04,0.17065021519949175
2024-09-05,0.16535520083418614
2024-09-06,0.16033192386617082
2024-09-09,0.15789546585999759
2024-09-10,0.15514925478764552
2024-09-11,0.15624588189999974
2024-09-12,0.15369647184533275
2024-09-13,0.1535194576476979
2024-09-18,0.15549239880625837
2024-09-19,0.1563162868222586
2024-09-20,0.1540452120741642
2024-09-23,0.15459310389994368
2024-09-24,0.1598552060069975
2024-09-25,0.1612101522635598
2024-09-26,0.16226498554542484
2024-09-27,0.16623949322922502
2024-09-30,0.19890998488292605
2024-10-08,0.23868488931788914
2024-10-09,0.26250608270425835
2024-10-10,0.2687075264985083
2024-10-11,0.2597777848716827
2024-10-14,0.24986295108264092
2024-10-15,0.24092780364114255
2024-10-16,0.24167383194646885
2024-10-17,0.2328329459033087
2024-10-18,0.22453188944691885
2024-10-21,0.22654759472469083
2024-10-22,0.22488821053270233
2024-10-23,0.223103394006028
2024-10-24,0.21908303443997337
2024-10-25,0.21983712479876527
2024-10-28,0.23580663542833244
2024-10-29,0.23523190161824578
2024-10-30,0.234041842280553
2024-10-31,0.23521497559129684
2024-11-01,0.23768110615370813
2024-11-04,0.23757310793354597
2024-11-05,0.2298318974790692
2024-11-06,0.22904613375386704
2024-11-07,0.24012016102842446
2024-11-08,0.23785730251684106
2024-11-11,0.24348137335250694
2024-11-12,0.23907640057586707
2024-11-13,0.2328908375292923
2024-11-14,0.22730764621339006
2024-11-15,0.22598179811576993
2024-11-18,0.22833498959021328
2024-11-19,0.22249931954935198
2024-11-20,0.21786849116745305
2024-11-21,0.21325224428314274
2024-11-22,0.21025980209045025
2024-11-25,0.21008244822024144
2024-11-26,0.20953259382472433
2024-11-27,0.20591828745137902
2024-11-28,0.20289439447652
2024-11-29,0.19933344942918824
2024-12-02,0.18806779571130125
2024-12-03,0.18587028034877262
2024-12-04,0.18398199289274184
2024-12-05,0.18193356090883048
2024-12-06,0.182069617015524
2024-12-09,0.18117670203543207
2024-12-10,0.1781816697952345
2024-12-11,0.18008667605796796
2024-12-12,0.17853704715846117
2024-12-13,0.18055816863868981
2024-12-16,0.18411293437038698
2024-12-17,0.1818271749733495
2024-12-18,0.17916274079386477
2024-12-19,0.17639499293054786
2024-12-20,0.1734282806777662
2024-12-23,0.17388853029203974
2024-12-24,0.17142414435507505
2024-12-25,0.16869319607819888
2024-12-26,0.1648710974045053
2024-12-27,0.16351223364362258
2024-12-30,0.1630183859978403
2024-12-31,0.1608657933463391
2025-01-02,0.16275619458233584
2025-01-03,0.16501369778228286
2025-01-06,0.16701900698109173
2025-01-07,0.16430021214087998
2025-01-08,0.16095185855642308
2025-01-09,0.15767542236128027
2025-01-10,0.1574935962399928
2025-01-13,0.15873010601424126
2025-01-14,0.15412414721844178
2025-01-15,0.15128904341750815
2025-01-16,0.14889281393953144
2025-01-17,0.14790333716115822
2025-01-20,0.14945578289279032
2025-01-21,0.1494648995490463
2025-01-22,0.14773435040199828
2025-01-23,0.14469681395522194
2025-01-24,0.14468762429980245
2025-01-27,0.1474881015545072
2025-02-05,0.1523146688957657
2025-02-06,0.14996261696138355
2025-02-07,0.14783125917593393
2025-02-10,0.1481318714471708
2025-02-11,0.1463377374254303
2025-02-12,0.14315829501345295
2025-02-13,0.1453547588260111
2025-02-14,0.14708677086898128
2025-02-17,0.15118890632550827
2025-02-18,0.15123530244839778
2025-02-19,0.1498912730121854
2025-02-20,0.15050391288084547
2025-02-21,0.15142722276076734
2025-02-24,0.15671805409475387
2025-02-25,0.15483937443963813
2025-02-26,0.15332563028266452
2025-02-27,0.16024362689460003
2025-02-28,0.16006751257089522
2025-03-03,0.16080153987607554
2025-03-04,0.15777790684663598
2025-03-05,0.15526909627525443
2025-03-06,0.15342358665010228
2025-03-07,0.1743884549798994
2025-03-10,0.17373443885041595
2025-03-11,0.1725020685290328
2025-03-12,0.17212630014092456
2025-03-13,0.17076181205352117
2025-03-14,0.1703106393477516
2025-03-17,0.1582269869496436
2025-03-18,0.1567190397423719
2025-03-19,0.1680091961759914
2025-03-20,0.16690434526557973
2025-03-21,0.17079365508497024
2025-03-24,0.17570815512181445
2025-03-25,0.17636782315540098
2025-03-26,0.17407053159913569
2025-03-27,0.1737340085393531
2025-03-28,0.16110876991382655
2025-03-31,0.16299662684362903
2025-04-01,0.16095104175135866
2025-04-02,0.15655344208009142
2025-04-03,0.15900787633463942
2025-04-07,0.20297575926577538
2025-04-08,0.2327912689125878
2025-04-09,0.22560073341231382
2025-04-10,0.21663090672511756
2025-04-11,0.2093800152023623
2025-04-14,0.20052331613609542
2025-04-15,0.1923036084338918
2025-04-16,0.18432386822378818
2025-04-17,0.17789953454323806
2025-04-18,0.17581353408519637
2025-04-21,0.17462279181274276
2025-04-22,0.1713596921389682
2025-04-23,0.17000682933286135
2025-04-24,0.1694927776747008
2025-04-25,0.16986381969959713
2025-04-28,0.17482953910671117
2025-04-29,0.174063660502422
2025-04-30,0.1729554835707174
2025-05-06,0.1697000778329325
2025-05-07,0.16387638296990434
2025-05-08,0.1602378466882894
2025-05-09,0.15650413011817035
2025-05-12,0.15304093251438713
2025-05-13,0.1486402405939447
2025-05-14,0.14871020067397378
2025-05-15,0.14600305551381246
2025-05-16,0.14387043454148488
2025-05-19,0.14768519212014367
2025-05-20,0.14760569854173652
2025-05-21,0.14673323163694083
2025-05-22,0.14489386216803177
2025-05-23,0.14328798995531444
2025-05-26,0.1445722652986135
2025-05-27,0.14290398888217162
2025-05-28,0.14340157087617747
2025-05-29,0.14468036756809433
2025-05-30,0.14497931867239505
2025-06-03,0.14803689103305365
2025-06-04,0.14900575186594434
2025-06-05,0.1523733044524177
2025-06-06,0.15105077298582836
2025-06-09,0.15007369452951277
2025-06-10,0.1493638249170454
2025-06-11,0.1468837181414446
2025-06-12,0.14713938843093152
2025-06-13,0.15077858205901526
2025-06-16,0.14937647795011139
2025-06-17,0.14915909617382056
2025-06-18,0.14695827799127528
2025-06-19,0.14855451727942615
2025-06-20,0.16071359022209136
2025-06-23,0.15993897555669195
2025-06-24,0.15079527509814347
2025-06-25,0.14818895621572575
2025-06-26,0.14578498810236892
2025-06-27,0.14471572665599455
2025-06-30,0.14530363691591913
2025-07-01,0.14587915630941828
2025-07-02,0.14568055588941312
2025-07-03,0.14475771819280867
2025-07-04,0.14348339020616718
2025-07-07,0.14286218802079634
2025-07-08,0.14141073320354386
2025-07-09,0.13946871976543354
2025-07-10,0.1412504935014761
2025-07-11,0.144383516989065
2025-07-14,0.1563190328431682
2025-07-15,0.1487621545217968
2025-07-16,0.1477135409987834
2025-07-17,0.14600477916219462
2025-07-18,0.16015912425771361
2025-07-21,0.16612360427514072
2025-07-22,0.17391989690327372
2025-07-23,0.17409462351301278
2025-07-24,0.17421498677805797
2025-07-25,0.17527611303290963
2025-07-28,0.17414531986314152
2025-07-29,0.1718947028621868
2025-07-30,0.17093980510166806
2025-07-31,0.1699464294010545
2025-08-01,0.16843178826295507
2025-08-04,0.16803543211326727
2025-08-05,0.1677337231082668
2025-08-06,0.1667542186410535
2025-08-07,0.16573369996276413
2025-08-08,0.16640137911884742
2025-08-11,0.17022924777852205
2025-08-12,0.1688993587339957
2025-08-13,0.16856321390752907
2025-08-14,0.16856920153065785
2025-08-15,0.1685209370599069
2025-08-18,0.17305962041614534
2025-08-19,0.1738874530275584
2025-08-20,0.1747959057382664
2025-08-21,0.1623569920547348
2025-08-22,0.16070041471360577
2025-08-25,0.17955276734538608
2025-08-26,0.18272223721326977
2025-08-27,0.1963988734806015
2025-08-28,0.19773041973062197
2025-08-29,0.20145138589285672
2025-09-01,0.20700012683852295
2025-09-02,0.20639757427233524
2025-09-03,0.2028017525358036
2025-09-04,0.19954134565669154
2025-09-05,0.19585483718953137
2025-09-08,0.19934808008437785
2025-09-09,0.1941148193142916
2025-09-10,0.18856263011470697
2025-09-11,0.18401491773533615
2025-09-12,0.18189549156107734
2025-09-15,0.18080469865102647
2025-09-16,0.1782748283065457
2025-09-17,0.1772292937671073
2025-09-18,0.1792675153973046
2025-09-19,0.18037779279412838
2025-09-22,0.1696914021330634
2025-09-23,0.16889096358487043
2025-09-24,0.16880314435954022
2025-09-25,0.18058136144105838
2025-09-26,0.18021969722922138
2025-09-29,0.18544164739656913
2025-09-30,0.18368671642524562
2025-10-09,0.19268464335540733
2025-10-10,0.19330137138540426
2025-10-13,0.19334851916284834
2025-10-14,0.20655858142607947
2025-10-15,0.2018083491697115
2025-10-16,0.19789074977262858
2025-10-17,0.19360168553874665
2025-10-20,0.1911788980778515
2025-10-21,0.18748502303037365
2025-10-22,0.18442491522206947
2025-10-23,0.18303865137778758
2025-10-24,0.19979336271830042
2025-10-27,0.2023747859230237
2025-10-28,0.20421011810888656
2025-10-29,0.20570711576137096
2025-10-30,0.20806792779955785
2025-10-31,0.22166158395227473
2025-11-03,0.21978681095936634
2025-11-04,0.21387622529267877
2025-11-05,0.20827822730846515
2025-11-06,0.2056556119621997
2025-11-07,0.20395832424349725
2025-11-10,0.22496936927459862
2025-11-11,0.22163294495773486
2025-11-12,0.21930609376892504
2025-11-13,0.21672258360784213
2025-11-14,0.21645335405950228
2025-11-17,0.21661010462451075
2025-11-18,0.21410949540431054
2025-11-19,0.2193315027646288
2025-11-20,0.2166738248778237
2025-11-21,0.21826439017723379
2025-11-24,0.21668095232312928
2025-11-25,0.20563884671269203
2025-11-26,0.20385877215028592
2025-11-27,0.20026634538591712
2025-11-28,0.1968065334431005
2025-12-01,0.19782469987250562
2025-12-02,0.19436336813639463
2025-12-03,0.19191097794918865
2025-12-04,0.19390572579333035
2025-12-05,0.19203433349190593
2025-12-08,0.19239542545836466
2025-12-09,0.20077414496840784
2025-12-10,0.19903224432618474
2025-12-11,0.19885756112122863
2025-12-12,0.19699988887981687
2025-12-15,0.19868165838526142
2025-12-16,0.19780188411335756
2025-12-17,0.19845171893364866
2025-12-18,0.19569959576844909
2025-12-19,0.19331277441160216
2025-12-22,0.19377822409473125
2025-12-23,0.1913696033584993
2025-12-24,0.18811627855348365
2025-12-25,0.18720174590798366
2025-12-26,0.1864003295388727
2025-12-29,0.18965046571392694
2025-12-30,0.18959265086243646
2025-12-31,0.18965850242892196
2026-01-05,0.19684492207850068
2026-01-06,0.19733540692393878
2026-01-07,0.19934731655590304
2026-01-08,0.19802973837080787
2026-01-09,0.19831211000905974
2026-01-12,0.20599981803766884
2026-01-13,0.20881369813205322
2026-01-14,0.20871573968801302
2026-01-15,0.20800855178774594
2026-01-16,0.20868380474300197
2026-01-19,0.20890291498277203
2026-01-20,0.2072979652939105
2026-01-21,0.20424512433875422
2026-01-22,0.20016262836701296
2026-01-23,0.1986454529356846
2026-01-26,0.20377705528687193
2026-01-27,0.20155006032078066
2026-01-28,0.20130379649896812
2026-01-29,0.21767928139839895
2026-01-30,0.22039666743683048
2026-02-02,0.2218987363360442
2026-02-03,0.21418155448916834
2026-02-04,0.21103071778418014
2026-02-05,0.20749134964958296
2026-02-06,0.19992966595487116
2026-02-09,0.19643540192306097
2026-02-10,0.19247905454352818
2026-02-11,0.18671158905690885
2026-02-12,0.1842460531419828
2026-02-13,0.18252833220455308
2026-02-24,0.19628588694440785
2026-02-25,0.19387300750275516
2026-02-26,0.1933104917334935
2026-02-27,0.1907643691468459
2026-03-02,0.20063408782018632
2026-03-03,0.206240074728216
2026-03-04,0.20714404126132738
2026-03-05,0.20551662958192427
2026-03-06,0.20325285461643983
2026-03-09,0.2015466627122674
2026-03-10,0.19722326140627425
2026-03-11,0.19333523946170297
2026-03-12,0.1923493918404531
2026-03-13,0.19686708539564593
2026-03-16,0.19642826210304848
2026-03-17,0.19363311262972016
2026-03-18,0.18983376003198266
2026-03-19,0.18552355749149935
2026-03-20,0.18586971207278416
2026-03-23,0.18864215920178007
2026-03-24,0.18608036921454482
2026-03-25,0.18242939671808894
2026-03-26,0.17979093045762537
2026-03-27,0.17822937512121975
2026-03-30,0.18118874194185766
2026-03-31,0.18129805258909515
2026-04-01,0.18082182523327317
2026-04-02,0.17757000350802837
2026-04-03,0.16805643594140734
2026-04-07,0.167962685676081
2026-04-08,0.16625989035934144
2026-04-09,0.16436097151452456
2026-04-10,0.16264270408373066
