date,000858.XSHE
2006-01-06,1.2116544182399838
2006-01-09,1.2022026759413647
2006-01-10,1.198015958983127
2006-01-11,1.2042250727786588
2006-01-12,1.196110553592396
2006-01-13,1.1863360121725997
2006-01-16,1.1646272931842445
2006-01-17,1.1633683866908255
2006-01-18,1.2028669028630947
2006-01-19,1.1610681358396728
2006-01-20,1.1621165498866899
2006-01-23,1.1617462368921043
2006-01-24,1.1702753816977314
2006-01-25,1.1433811656083483
2006-02-06,1.0222654878422575
2006-02-07,1.0198074589437656
2006-02-08,1.0183828429668549
2006-02-09,0.9819389629745908
2006-02-10,0.9522620763714696
2006-02-13,0.9522576021577119
2006-02-14,0.9438859827198497
2006-02-15,0.9422991059984424
2006-02-16,0.8607868076340445
2006-02-17,0.86090897961171
2006-02-20,0.8607423661172794
2006-02-21,0.8129669256130609
2006-02-22,0.8129895570400729
2006-02-23,0.8120248641489313
2006-02-24,0.8023476601854728
2006-02-27,0.8022667444959777
2006-02-28,0.7985351151148349
2006-03-01,0.7969350103567567
2006-03-02,0.4371987719594883
2006-03-03,0.4312779142435614
2006-03-06,0.43920526537735805
2006-03-07,0.47608987857921775
2006-03-08,0.5066250521247256
2006-03-09,0.5081309318537359
2006-03-10,0.5301890678487478
2006-03-13,0.5459450610968314
2006-03-14,0.5529973584912724
2006-03-15,0.53941679319397
2006-03-16,0.5390440863251275
2006-03-17,0.5376371411534009
2006-03-20,0.5162069884420772
2006-03-21,0.5151587191825032
2006-03-22,0.5101673277135755
2006-03-23,0.5102238079463262
2006-03-24,0.5066781827680412
2006-03-27,0.5054937149046673
2006-03-28,0.4937923054853839
2006-03-29,0.48391293746605274
2006-03-30,0.4739534075891499
2006-03-31,0.4021784675538852
2006-04-03,0.5989669758514871
2006-04-04,0.5900284718008584
2006-04-05,0.6390937763308849
2006-04-06,0.6830521118923629
2006-04-07,0.6845460324512409
2006-04-10,0.6064734208652237
2006-04-11,0.5908774732997514
2006-04-12,0.5717361334831476
2006-04-13,0.713164524129817
2006-04-14,0.8845223565284354
2006-04-17,0.874778942179049
2006-04-18,0.9571129233198578
2006-04-19,0.9438733569727787
2006-04-20,0.8990930764435293
2006-04-21,1.058067891065512
2006-04-24,0.9933307623327966
2006-04-25,1.0000343363456239
2006-04-26,0.9155008368012255
2006-04-27,0.9042391276909646
2006-04-28,1.1808846398073505
2006-05-08,1.5344616175387145
2006-05-09,1.771968545721765
2006-05-10,1.7183349555291636
2006-05-11,1.670045076689024
2006-05-12,1.4202776351164
2006-05-15,1.6028434923304113
2006-05-16,1.4592204658232213
2006-05-17,1.4452850790559322
2006-05-18,1.4670928015197338
2006-05-19,1.566385787487093
2006-05-22,1.561454816004155
2006-05-23,1.603113632920147
2006-05-24,1.5992786962296142
2006-05-25,1.6056993049982335
2006-05-26,1.5602905329258583
2006-05-29,1.638944600344999
2006-05-30,1.6142048370142217
2006-05-31,1.6423778614671192
2006-06-01,1.6464424790052976
2006-06-02,1.6450107135113896
2006-06-05,1.6123140308999135
2006-06-06,1.6174230244018557
2006-06-07,1.566830488623895
2006-06-08,1.5681339755313448
2006-06-09,1.5828278943857252
2006-06-12,1.5866236406056797
2006-06-13,1.585506654472581
2006-06-14,1.554267206316602
2006-06-15,1.55431666957227
2006-06-16,1.515905863616595
2006-06-19,1.5763991735324678
2006-06-20,1.5767158313562366
2006-06-21,1.5779018308311155
2006-06-22,1.5785992193285754
2006-06-23,1.592324991430507
2006-06-26,1.6530477850586562
2006-06-27,1.6530591005724011
2006-06-28,1.6538624810940388
2006-06-29,1.5923898522500868
2006-06-30,1.5984750613310936
2006-07-03,1.5509153976322574
2006-07-04,1.5595456524530824
2006-07-05,1.5482891207847334
2006-07-06,1.5312642022905365
2006-07-07,1.5258571217341068
2006-07-10,1.5254977428905827
2006-07-11,1.5275777914150397
2006-07-12,1.5284390507248276
2006-07-13,1.4089185533569057
2006-07-14,1.4047331777208694
2006-07-17,1.383030331582682
2006-07-18,1.3831146503922052
2006-07-19,1.395909922283675
2006-07-20,1.3983569765106965
2006-07-21,1.3865271347403303
2006-07-24,1.392501146372315
2006-07-25,1.3761055112351863
2006-07-26,1.375230870065064
2006-07-27,1.3893707399717734
2006-07-28,1.3899571305886766
2006-07-31,1.246405029614769
2006-08-01,1.2465221254591479
2006-08-02,1.2480264626011788
2006-08-03,1.25305158621303
2006-08-04,1.247772241117797
2006-08-07,1.2266578319762589
2006-08-08,1.2705297103060291
2006-08-09,1.2713062980489014
2006-08-10,1.2179041369673325
2006-08-11,1.2106142581061894
2006-08-14,1.1721312542376143
2006-08-15,1.1489935477008564
2006-08-16,1.1333456955812675
2006-08-17,1.136921990550323
2006-08-18,1.1363029131463072
2006-08-21,1.1346889401191773
2006-08-22,1.1410928735017976
2006-08-23,1.1411110911514073
2006-08-24,1.1345705893475282
2006-08-25,1.1306600164172056
2006-08-28,1.1209697349659784
2006-08-29,1.1252497656703055
2006-08-30,1.126190781764944
2006-08-31,1.1291970659442407
2006-09-01,1.1345564979925873
2006-09-04,1.120442016733821
2006-09-05,1.117370531565307
2006-09-06,1.1150861746669225
2006-09-07,1.1245700549611528
2006-09-08,1.123036076369445
2006-09-11,1.121262547424825
2006-09-12,1.1300943905951955
2006-09-13,1.14084533061252
2006-09-14,1.1396407854858732
2006-09-15,1.1091135625818933
2006-09-18,1.105520494070578
2006-09-19,1.1051928176077943
2006-09-20,1.1057027474594374
2006-09-21,1.1131898046915432
2006-09-22,1.1198297003561317
2006-09-25,1.1248353844634016
2006-09-26,1.1168356222593265
2006-09-27,1.102190756138517
2006-09-28,1.1267031539719683
2006-09-29,1.1093064643911972
2006-10-09,1.165968825738596
2006-10-10,1.1655195716895201
2006-10-11,1.1721961981732303
2006-10-12,1.1768498281290944
2006-10-13,1.176132455600292
2006-10-16,1.1954102422407076
2006-10-17,1.1929398150720467
2006-10-18,1.1896581012385792
2006-10-19,1.189193016621227
2006-10-20,1.1892177621531568
2006-10-23,1.128749181428723
2006-10-24,1.0982512286006563
2006-10-25,1.1053172432772982
2006-10-26,1.0930699911136026
2006-10-27,1.1112750910001095
2006-10-30,1.1007656924358113
2006-10-31,1.0994389868378494
2006-11-01,1.0728146164294996
2006-11-02,1.0725209807792138
2006-11-03,1.0727254380184692
2006-11-06,1.09551893968071
2006-11-07,1.1018282741298475
2006-11-08,1.0326017597236388
2006-11-09,1.0206120078520176
2006-11-10,1.0476066353538418
2006-11-13,0.9706915091318249
2006-11-14,1.0456212738290083
2006-11-15,1.1040924179455995
2006-11-16,1.106988318095925
2006-11-17,1.106501746665977
2006-11-20,1.0755969319094214
2006-11-21,1.035113616481377
2006-11-22,1.0382240746912728
2006-11-23,1.0306593238629818
2006-11-24,1.0306779249335138
2006-11-27,1.0678328193139877
2006-11-28,1.0700778274808187
2006-11-29,1.1699106016383636
2006-11-30,1.1457326486949742
2006-12-01,1.1534375297177226
2006-12-04,1.0909769015078852
2006-12-05,1.0730456482088426
2006-12-06,1.090750812181192
2006-12-07,1.0953891435218552
2006-12-08,1.079429481636205
2006-12-11,1.2013150343661236
2006-12-12,1.1964795447774108
2006-12-13,1.1971652586909909
2006-12-14,1.2666084252525374
2006-12-15,1.2931717281122355
2006-12-18,1.400909832316196
2006-12-19,1.4007970484318266
2006-12-20,1.4000611988373024
2006-12-21,1.3998185702809167
2006-12-22,1.4202438789933962
2006-12-25,1.466769805055805
2006-12-26,1.4696024424399243
2006-12-27,1.4993440380654814
2006-12-28,1.4953100746309358
2006-12-29,1.5729767498298395
2007-01-04,1.5544691160656854
2007-01-05,1.5579250559408717
2007-01-08,1.4316007261389607
2007-01-09,1.4387212670519616
2007-01-10,1.379008874671669
2007-01-11,1.334698796628409
2007-01-12,1.1008069723541642
2007-01-15,1.1740871004098319
2007-01-16,1.201286374207178
2007-01-17,1.1731265098919677
2007-01-18,1.172251795635429
2007-01-19,1.0877529498526306
2007-01-22,0.9877683446696405
2007-01-23,0.979936766657074
2007-01-24,0.9653557891800332
2007-01-25,1.0047856457492363
2007-01-26,0.9541092747506236
2007-01-29,0.9133629354727743
2007-01-30,0.9023136152461043
2007-01-31,1.0137374463844027
2007-02-01,1.0145224744077104
2007-02-02,1.0632095971086488
2007-02-05,1.0676977113982185
2007-02-06,1.0763667463151596
2007-02-07,1.073063154707342
2007-02-08,1.0899121569020174
2007-02-09,1.0954659912633473
2007-02-12,1.0805624892083097
2007-02-13,1.080442444597933
2007-02-14,1.0564348192544586
2007-02-15,1.1259305089994756
2007-02-16,1.1251096261211477
2007-02-26,1.1060422351718642
2007-02-27,1.0993389586934046
2007-02-28,1.0526432415378166
2007-03-01,1.0303147169537366
2007-03-02,1.0138636116356945
2007-03-05,1.036202556341284
2007-03-06,1.042404796966416
2007-03-07,1.0403232002833958
2007-03-08,1.0333571384755302
2007-03-09,1.0350019954354475
2007-03-12,1.0349836019963514
2007-03-13,1.0277279157378851
2007-03-14,1.0076265447106871
2007-03-15,1.0166886480900985
2007-03-16,0.9781806728126249
2007-03-19,0.9622769214338918
2007-03-20,0.9616442940923373
2007-03-21,0.9653155400736236
2007-03-22,0.9647304176473996
2007-03-23,0.9649733708419883
2007-03-26,0.9615504618960623
2007-03-27,0.9552148446422511
2007-03-28,0.9514057803812809
2007-03-29,0.9422594683389283
2007-03-30,0.9453843504170274
2007-04-02,0.9292153897895096
2007-04-03,0.9364721207412481
2007-04-04,0.9502847308901914
2007-04-05,0.9467184783131795
2007-04-06,0.9585259694625757
2007-04-09,1.0360573027766857
2007-04-10,1.0283644287242915
2007-04-11,1.0171648840411152
2007-04-12,1.063742994036319
2007-04-13,1.040149475282298
2007-04-16,1.0011408426909343
2007-04-17,0.9740973237185055
2007-04-18,0.9632788250788131
2007-04-19,0.9597138625759644
2007-04-20,0.8761227179814812
2007-04-23,0.8782556067884576
2007-04-24,0.8743164617635896
2007-04-25,0.873204220426377
2007-04-26,0.8725211036955784
2007-04-27,0.8734292967169023
2007-04-30,0.9193298398588066
2007-05-08,0.8740362644466172
2007-05-09,0.8704278536383304
2007-05-10,0.8705383677798387
2007-05-11,0.878394933565283
2007-05-14,0.8743960602843512
2007-05-15,0.800249282653962
2007-05-16,0.8689642791026962
2007-05-17,0.8646359888277023
2007-05-18,0.866940444737008
2007-05-21,0.8600025015080461
2007-05-22,0.8528704834738979
2007-05-23,0.8540281632941502
2007-05-24,0.8598058118962275
2007-05-25,0.868053832980496
2007-05-28,0.8873060697759908
2007-05-29,0.9168447030975089
2007-05-30,0.8670141570914013
2007-05-31,0.8952266059132749
2007-06-01,0.8339293424652597
2007-06-04,0.9320963792097571
2007-06-05,0.9523528527971916
2007-06-06,0.9492017252321673
2007-06-07,0.9505536238705666
2007-06-08,0.9593798226324546
2007-06-11,0.9803528887906214
2007-06-12,0.969981489330892
2007-06-13,0.9580300967603879
2007-06-14,0.960884517397102
2007-06-15,0.9599639312409645
2007-06-18,0.9439747412144494
2007-06-19,0.9417927489993627
2007-06-20,0.9468287645729695
2007-06-21,0.9445937426383189
2007-06-22,0.95678931909796
2007-06-25,0.9034173384923205
2007-06-26,0.9035983278188825
2007-06-27,0.9331656334143457
2007-06-28,0.9526307617793369
2007-06-29,0.9234206682994507
2007-07-02,0.9215778639894557
2007-07-03,0.911894610286487
2007-07-04,0.9001556493782161
2007-07-05,0.9889641988815121
2007-07-06,0.9638772447075913
2007-07-09,0.9546885566743497
2007-07-10,0.9576625267043142
2007-07-11,0.95633513734014
2007-07-12,0.9548606896807801
2007-07-13,0.9548198526565509
2007-07-16,0.9592503982635328
2007-07-17,0.946901169662277
2007-07-18,0.9467962733879037
2007-07-19,0.9462396287332342
2007-07-20,0.9468661000059584
2007-07-23,0.9431396313635787
2007-07-24,0.9434395181156835
2007-07-25,0.933077517243658
2007-07-26,0.9334267976361399
2007-07-27,0.9339684157812944
2007-07-30,0.9454215009950719
2007-07-31,0.9530765477430828
2007-08-01,0.9684019131390452
2007-08-02,0.9466271843574297
2007-08-03,0.9249714105880297
2007-08-06,0.9248826898884348
2007-08-07,0.9227688827449478
2007-08-08,0.8926477737067412
2007-08-09,0.8750473847669821
2007-08-10,0.8891711829516573
2007-08-13,0.8895851103199331
2007-08-14,0.8853722333842464
2007-08-15,0.886504819264085
2007-08-16,0.8823718230288821
2007-08-17,0.8664051640818627
2007-08-20,0.8392452914568088
2007-08-21,0.8320349089111814
2007-08-22,0.872936788260825
2007-08-23,0.8611085744776289
2007-08-24,0.8507140865952587
2007-08-27,0.8490293309052014
2007-08-28,0.8484493606701252
2007-08-29,0.867666530108117
2007-08-30,0.8675822211175757
2007-08-31,0.8719040691508776
2007-09-03,0.8664328036041996
2007-09-04,0.8743911013117056
2007-09-05,0.8730402492417404
2007-09-06,0.8715131487928603
2007-09-07,0.8525844670066445
2007-09-10,0.8372640380460427
2007-09-11,0.8280396047962038
2007-09-12,0.8366697816884014
2007-09-13,0.8339223651451136
2007-09-14,0.8560311252350824
2007-09-17,0.8628386753455325
2007-09-18,0.8641208777616846
2007-09-19,0.8714622030224971
2007-09-20,0.8648323018960934
2007-09-21,0.8496610845015697
2007-09-24,0.8502921478446316
2007-09-25,0.8654419423171096
2007-09-26,0.8344639509288458
2007-09-27,0.8313640962291211
2007-09-28,0.848213406806074
2007-10-08,0.8470397435455345
2007-10-09,0.8526583104479406
2007-10-10,0.8525842974680874
2007-10-11,0.8742948777708697
2007-10-12,0.8660568409367088
2007-10-15,0.8873224143027731
2007-10-16,0.8761341969997435
2007-10-17,0.894414526784007
2007-10-18,0.9693388140693604
2007-10-19,0.9688789996440477
2007-10-22,1.0197968306432725
2007-10-23,1.0347912829110453
2007-10-24,1.0314577216218006
2007-10-25,0.9947530364501718
2007-10-26,0.9899360587882184
2007-10-29,0.9992310335307727
2007-10-30,1.0007885020494203
2007-10-31,0.989651210098733
2007-11-01,0.9871550443555173
2007-11-02,0.9752704257195595
2007-11-05,0.9965493138933909
2007-11-06,1.0155978609069805
2007-11-07,1.0174475692793694
2007-11-08,1.1025119827071947
2007-11-09,1.1097704962397814
2007-11-12,1.0856501071273739
2007-11-13,1.0799636186237735
2007-11-14,1.04860051467468
2007-11-15,1.0538048360751762
2007-11-16,1.0506631780978464
2007-11-19,1.0473658986165653
2007-11-20,1.0473384298007018
2007-11-21,1.0484523008765532
2007-11-22,1.0614541323309747
2007-11-23,1.0555197238486977
2007-11-26,1.057332242711874
2007-11-27,1.0692448509410348
2007-11-28,1.0607053502910382
2007-11-29,1.055702944491497
2007-11-30,1.055534708596313
2007-12-03,1.0572588465636101
2007-12-04,1.0587537221178354
2007-12-05,1.0436996656144841
2007-12-06,1.0438083169795531
2007-12-07,1.0593810003342197
2007-12-10,1.0663251940140335
2007-12-11,1.066486186213024
2007-12-12,1.0534180529213766
2007-12-13,1.0930243670948385
2007-12-14,1.1619265500714822
2007-12-17,1.115604068461503
2007-12-18,1.1185478132043003
2007-12-19,1.097567004495801
2007-12-20,1.0904888472829746
2007-12-21,1.0891540165296696
2007-12-24,1.1037143278737582
2007-12-25,1.103811401127105
2007-12-26,1.1039650518035005
2007-12-27,1.084090597722876
2007-12-28,1.0845486106448743
2008-01-02,1.07997333817731
2008-01-03,1.080329653452935
2008-01-04,1.0635771956419269
2008-01-07,1.0394083274266779
2008-01-08,1.0316824402125309
2008-01-09,1.0171984311000348
2008-01-10,1.024383755619016
2008-01-11,1.021830580814583
2008-01-14,1.0273336782210962
2008-01-15,1.0287485128122391
2008-01-16,1.0148289708251292
2008-01-17,1.0415638551991437
2008-01-18,1.0429771460408264
2008-01-21,1.0793412896225942
2008-01-22,0.929632965266471
2008-01-23,0.9888547632997445
2008-01-24,0.9881112126253498
2008-01-25,0.97758499741003
2008-01-28,0.998968293777272
2008-01-29,0.9997188949654016
2008-01-30,0.9983910518880263
2008-01-31,1.0081161643688266
2008-02-01,1.0217537904185852
2008-02-04,1.0583008927675934
2008-02-05,1.059016266633829
2008-02-13,1.064110056530679
2008-02-14,1.0628800000384027
2008-02-15,1.0700719213451355
2008-02-18,1.0686759194201532
2008-02-19,1.0689738489981944
2008-02-20,1.04581897519405
2008-02-21,1.0479413944549967
2008-02-22,1.0561342192220484
2008-02-25,1.067112156972925
2008-02-26,1.0677528149578823
2008-02-27,1.0942125756644159
2008-02-28,1.099200618874929
2008-02-29,1.108365389677489
2008-03-03,1.132885569641925
2008-03-04,1.1249297320861273
2008-03-05,1.1251216069834926
2008-03-06,1.1154253452079268
2008-03-07,1.117451523176699
2008-03-10,1.0959697250305243
2008-03-11,1.0981352521345158
2008-03-12,1.0976355967086187
2008-03-13,1.1080088708796303
2008-03-14,1.1091131921458484
2008-03-17,1.17926657457103
2008-03-18,1.242627908672804
2008-03-19,1.2319640227306967
2008-03-20,1.2113701915454715
2008-03-21,1.2109521475508864
2008-03-24,1.2031166978967909
2008-03-25,1.193962845704865
2008-03-26,1.1913183691803737
2008-03-27,1.2018811636288984
2008-03-28,1.1303164030397066
2008-03-31,1.1028178278291654
2008-04-01,1.160225601341213
2008-04-02,1.1615958372897384
2008-04-03,1.1843000013131837
2008-04-07,1.2368019094787341
2008-04-08,1.2404150654914001
2008-04-09,1.2336142087123987
2008-04-10,1.2375797437058846
2008-04-11,1.2345473402363007
2008-04-14,1.2270666300816226
2008-04-15,1.2350756019493625
2008-04-16,1.1976421219106792
2008-04-17,1.1771898514891286
2008-04-18,1.1712046766927304
2008-04-21,1.1705968238363487
2008-04-22,1.1731212547960945
2008-04-23,1.1818652053551253
2008-04-24,1.162242871494652
2008-04-25,1.1587575236564012
2008-04-28,1.1603562074904707
2008-04-29,1.1495768005887432
2008-04-30,1.1470339289291005
2008-05-05,1.134978514220647
2008-05-06,1.1384075603393358
2008-05-07,1.1183254001880678
2008-05-08,1.1075982655537484
2008-05-09,1.1096273709927706
2008-05-12,1.1151789939717185
2008-05-13,1.1178633376578526
2008-05-14,1.115463140334624
2008-05-15,1.1144240870897282
2008-05-16,1.1158202508342636
2008-05-19,1.1176011966803738
2008-05-20,1.147015173059181
2008-05-21,1.143392928486053
2008-05-22,1.1504874645068317
2008-05-23,1.1528666015833537
2008-05-26,1.1448637700943598
2008-05-27,1.1450637885884822
2008-05-28,1.146378425762174
2008-05-29,1.1476570848087395
2008-05-30,1.14180193184286
2008-06-02,1.1428164253849145
2008-06-03,1.1420125917999202
2008-06-04,1.141384983838244
2008-06-05,1.1377138057699492
2008-06-06,1.1369094893681488
2008-06-10,1.1462010461581662
2008-06-11,1.1413422958418313
2008-06-12,1.1497040624545811
2008-06-13,1.163356929137218
2008-06-16,1.1701285027904798
2008-06-17,1.16631447998819
2008-06-18,1.1745706593231289
2008-06-19,1.1809693849468252
2008-06-20,1.1945042649249091
2008-06-23,1.1813290717432814
2008-06-24,1.1926701488281797
2008-06-25,1.209499407633334
2008-06-26,1.2080205431708917
2008-06-27,1.2048747912470974
2008-06-30,1.1993362896852175
2008-07-01,1.1770475922606887
2008-07-02,1.1784323141394537
2008-07-03,1.1838708357069552
2008-07-04,1.1828437799843612
2008-07-07,1.1508172954487252
2008-07-08,1.1507512038569536
2008-07-09,1.139338961561265
2008-07-10,1.1441476481975297
2008-07-11,1.1436946297694475
2008-07-14,1.1415810948165814
2008-07-15,1.1467942187669082
2008-07-16,1.1270609898658088
2008-07-17,1.1162139926625665
2008-07-18,1.1435195904033952
2008-07-21,1.1120188263125605
2008-07-22,1.111979278116363
2008-07-23,1.110748461113388
2008-07-24,1.0815470019097775
2008-07-25,1.0775853317439195
2008-07-28,1.075952713957114
2008-07-29,1.0669545610259292
2008-07-30,1.0657315142921424
2008-07-31,1.0458745544782726
2008-08-01,1.041042391598058
2008-08-04,0.9918241240571961
2008-08-05,0.9901155634804862
2008-08-06,0.9915936159040613
2008-08-07,0.9916054862817477
2008-08-08,0.9799250689974521
2008-08-11,1.0311949837023924
2008-08-12,1.0315723744110525
2008-08-13,1.0316880344076462
2008-08-14,1.0318088465349304
2008-08-15,1.031949789867242
2008-08-18,1.0118224921151366
2008-08-19,1.012243196519625
2008-08-20,1.042506683424641
2008-08-21,1.051646646266022
2008-08-22,1.0534149400961685
2008-08-25,1.0534647367526722
2008-08-26,1.0623589822262642
2008-08-27,1.0624869424022414
2008-08-28,1.0626163441403522
2008-08-29,1.0697983035897765
2008-09-01,1.0849215993081167
2008-09-02,1.0902018255052124
2008-09-03,1.1077379144843817
2008-09-04,1.1087193970677047
2008-09-05,1.118457019152946
2008-09-08,1.1226784157902794
2008-09-09,1.1155868500444919
2008-09-10,1.1172151862381892
2008-09-11,1.0930794206151628
2008-09-12,1.0969192390724325
2008-09-16,1.0180339290451295
2008-09-17,0.9865934646657506
2008-09-18,0.9904211655383232
2008-09-19,1.005250374543301
2008-09-22,0.9814187938346447
2008-09-23,1.0220512510252844
2008-09-24,1.0257296382389942
2008-09-25,0.9951133548734562
2008-09-26,0.9923824316561779
2008-10-06,0.9857253201169139
2008-10-07,0.987782813880816
2008-10-08,0.9793406742267498
2008-10-09,0.9797630696164522
2008-10-10,1.0125909221314289
2008-10-13,0.9719152720994022
2008-10-14,0.9739327521946819
2008-10-15,0.9755377623968989
2008-10-16,0.9810274869824398
2008-10-17,0.9858029362905927
2008-10-20,1.0046909500315955
2008-10-21,1.00604684641793
2008-10-22,0.9770506743669685
2008-10-23,0.9766508179178249
2008-10-24,0.9803905146755244
2008-10-27,1.0047795404633981
2008-10-28,1.0154127304702223
2008-10-29,1.0156460059664598
2008-10-30,1.0144343776056024
2008-10-31,1.0150209785143296
2008-11-03,1.0140866053898334
2008-11-04,1.0121062769527054
2008-11-05,1.0081650971708005
2008-11-06,1.0110166286053481
2008-11-07,1.0018788554045723
2008-11-10,0.9944056533000417
2008-11-11,0.9979505134587243
2008-11-12,0.995024861115939
2008-11-13,0.9961940447950491
2008-11-14,1.0319875584092078
2008-11-17,1.0271523864752492
2008-11-18,1.0390523109746983
2008-11-19,1.0418990101477916
2008-11-20,1.0344317066261002
2008-11-21,1.0324266472218555
2008-11-24,1.0151302351021678
2008-11-25,1.0153762312626557
2008-11-26,1.0150644931703345
2008-11-27,1.0224428158104482
2008-11-28,0.9938715133214451
2008-12-01,0.9881553142603036
2008-12-02,0.986867944368432
2008-12-03,0.9777361205225003
2008-12-04,0.97095739080228
2008-12-05,0.9685942256361748
2008-12-08,0.9516608523732574
2008-12-09,0.9544120268196452
2008-12-10,0.940109978322374
2008-12-11,0.9318648465287673
2008-12-12,0.944461966305665
2008-12-15,0.9473643220511518
2008-12-16,0.9464138201870306
2008-12-17,0.9469360217485093
2008-12-18,0.9520831735574489
2008-12-19,0.9516177784729247
2008-12-22,0.9542051617633173
2008-12-23,0.951980885004149
2008-12-24,0.9469824262830893
2008-12-25,0.9506896771417077
2008-12-26,0.9510792169585487
2008-12-29,0.9517534222993592
2008-12-30,0.9551396514813351
2008-12-31,0.9593627973037357
2009-01-05,0.9559462606879195
2009-01-06,0.9638248472853678
2009-01-07,0.9646424414538526
2009-01-08,0.9596652816604505
2009-01-09,0.9630669974062703
2009-01-12,0.962892843355372
2009-01-13,0.9711355915945112
2009-01-14,0.9652266916901306
2009-01-15,0.9650551767893509
2009-01-16,0.9830237051085484
2009-01-19,0.9767343146519138
2009-01-20,0.9738431101489017
2009-01-21,0.9744521563257752
2009-01-22,0.9766007723485169
2009-01-23,0.9785402000026439
2009-02-02,0.9771017620075512
2009-02-03,1.0054738554027987
2009-02-04,0.9861944832183619
2009-02-05,0.9872038956622907
2009-02-06,1.0009491976180878
2009-02-09,1.015926101564587
2009-02-10,1.0121211207146767
2009-02-11,1.0167170741883593
2009-02-12,1.01699653347341
2009-02-13,1.0017695435966638
2009-02-16,0.978792415627509
2009-02-17,0.9923036080920199
2009-02-18,1.0283632364626123
2009-02-19,1.028263076151845
2009-02-20,1.0287581213482435
2009-02-23,1.01926795279708
2009-02-24,1.0248928563881505
2009-02-25,1.024002551507379
2009-02-26,1.0015424617473738
2009-02-27,0.9891212912317783
2009-03-02,0.9873842098480191
2009-03-03,0.9922319059925329
2009-03-04,0.9712150751776122
2009-03-05,0.9664976918710982
2009-03-06,0.9624108578451009
2009-03-09,0.9729608777192188
2009-03-10,0.9733347476255977
2009-03-11,0.974244911979179
2009-03-12,0.9758633491842573
2009-03-13,0.9757364564307772
2009-03-16,0.974247662408843
2009-03-17,0.9769994531644625
2009-03-18,0.976506234878482
2009-03-19,0.9822351088075184
2009-03-20,0.9827687703434173
2009-03-23,0.974610495747486
2009-03-24,0.9781639009445495
2009-03-25,0.9889648007087569
2009-03-26,0.9680166716989688
2009-03-27,0.968498452731889
2009-03-30,0.9679717151363163
2009-03-31,0.9713672757209468
2009-04-01,0.964482714324994
2009-04-02,0.9637022700946489
2009-04-03,0.9634435408560172
2009-04-07,0.9626341222858176
2009-04-08,0.9704959245965944
2009-04-09,0.965367639697067
2009-04-10,0.9598385176764541
2009-04-13,0.9586348732273039
2009-04-14,0.9596994858846802
2009-04-15,0.9579149449020752
2009-04-16,0.957399133257183
2009-04-17,0.9458926256586357
2009-04-20,0.9629007113701024
2009-04-21,0.9669295059307655
2009-04-22,0.9500858037522292
2009-04-23,0.9575355615829052
2009-04-24,0.9479566479766203
2009-04-27,0.9654236670782969
2009-04-28,0.9645053348858945
2009-04-29,0.9481872478422929
2009-04-30,0.9457704081978198
2009-05-04,0.9490070999953737
2009-05-05,0.949375977582321
2009-05-06,0.949454787417465
2009-05-07,0.9492253742198449
2009-05-08,0.944254442126093
2009-05-11,0.9420454669137028
2009-05-12,0.9293575197318505
2009-05-13,0.9273867120615316
2009-05-14,0.9237806788720014
2009-05-15,0.9239847174909188
2009-05-18,0.9272962912772311
2009-05-19,0.9192732777159174
2009-05-20,0.9238377635320436
2009-05-21,0.9265099261116828
2009-05-22,0.9259158137657403
2009-05-25,0.9239224003038163
2009-05-26,0.91821873111589
2009-05-27,0.913044775124061
2009-06-01,0.893612140703772
2009-06-02,0.8929951693390392
2009-06-03,0.8888240465149666
2009-06-04,0.8860176445863164
2009-06-05,0.8720330137474559
2009-06-08,0.8699491956370219
2009-06-09,0.875803418164316
2009-06-10,0.8740429638945948
2009-06-11,0.8726381119108053
2009-06-12,0.8834454733902081
2009-06-15,0.9199641515591862
2009-06-16,0.9139343790740164
2009-06-17,0.900361984718582
2009-06-18,0.9060723718765487
2009-06-19,0.906613961124794
2009-06-22,0.9063184394894599
2009-06-23,0.9070309177891732
2009-06-24,0.905678793720609
2009-06-25,0.9046271319364589
2009-06-26,0.9015747435589775
2009-06-29,0.9370509320552489
2009-06-30,0.9373923913966229
2009-07-01,0.9144751585736425
2009-07-02,0.9106465582938313
2009-07-03,0.8943453625766157
2009-07-06,0.9214576705346497
2009-07-07,0.8966156859072196
2009-07-08,0.8919216007710248
2009-07-09,0.8814875795311001
2009-07-10,0.8817805449565453
2009-07-13,0.7811258512847221
2009-07-14,0.8188558491625569
2009-07-15,0.8099473321111093
2009-07-16,0.8115708908417094
2009-07-17,0.8071304619848911
2009-07-20,0.7856469182441099
2009-07-21,0.770575856640452
2009-07-22,0.7542894773173175
2009-07-23,0.7409596684834291
2009-07-24,0.7383409845144485
2009-07-27,0.7292608483790649
2009-07-28,0.7302528686357439
2009-07-29,0.8242858339371797
2009-07-30,0.8185787149843595
2009-07-31,0.8202226636543216
2009-08-03,0.8501041652686948
2009-08-04,0.8521907774480517
2009-08-05,0.7950436848603571
2009-08-06,0.8085645483182944
2009-08-07,0.8523385163237809
2009-08-10,0.8563828635172703
2009-08-11,0.8585978444444904
2009-08-12,0.8457430619897542
2009-08-13,0.831424696292668
2009-08-14,0.8809228570837625
2009-08-17,0.873055539344708
2009-08-18,0.8856093559687191
2009-08-19,0.8053813133904273
2009-08-20,0.8068411558794142
2009-08-21,0.8038829830838509
2009-08-24,0.8050494665220825
2009-08-25,0.8017855565842147
2009-08-26,0.8131116532228775
2009-08-27,0.8100716332491239
2009-08-28,0.7597446625684743
2009-08-31,0.7357690489099794
2009-09-01,0.7365403850226802
2009-09-02,0.7374555668308469
2009-09-03,0.7187586074751662
2009-09-04,0.7235206078530745
2009-09-07,0.7314311440558287
2009-09-08,0.7162728462461839
2009-09-09,0.6993538104553858
2009-09-10,0.7091117260779084
2009-09-11,0.7125165573139761
2009-09-14,0.7243273247744559
2009-09-15,0.7239050348326446
2009-09-16,0.7214359191081108
2009-09-17,0.7186517440072057
2009-09-18,0.7283906711015445
2009-09-21,0.7279118807616013
2009-09-22,0.7060903705506629
2009-09-23,0.7278312497939198
2009-09-24,0.7265256118892441
2009-09-25,0.7254097745050202
2009-09-28,0.7029818934169114
2009-09-29,0.7029200055540311
2009-09-30,0.6850479544963904
2009-10-09,0.6867016416430123
2009-10-12,0.6842132934456818
2009-10-13,0.6796321352197262
2009-10-14,0.6737664442980811
2009-10-15,0.6704133848902034
2009-10-16,0.6703092910496762
2009-10-19,0.6793915852058671
2009-10-20,0.7222355874749382
2009-10-21,0.7232162206140118
2009-10-22,0.7206583601130631
2009-10-23,0.7079696803959205
2009-10-26,0.7084251251098385
2009-10-27,0.7135186177074556
2009-10-28,0.7154615246267266
2009-10-29,0.720070660568497
2009-10-30,0.7171426599460954
2009-11-02,0.7219242368651572
2009-11-03,0.7214009478472616
2009-11-04,0.725217283738523
2009-11-05,0.7248597961549373
2009-11-06,0.7199832588363296
2009-11-09,0.7192761231021623
2009-11-10,0.719968399407176
2009-11-11,0.7139316264431104
2009-11-12,0.7146815312071484
2009-11-13,0.7164561940824352
2009-11-16,0.7266720483575877
2009-11-17,0.7268060661731863
2009-11-18,0.7264907789341153
2009-11-19,0.7250735171902051
2009-11-20,0.7151917101819516
2009-11-23,0.7220051176589264
2009-11-24,0.7642135267091025
2009-11-25,0.8016676139599609
2009-11-26,0.8597971045932613
2009-11-27,0.8524325472383585
2009-11-30,0.9735571495050303
2009-12-01,0.9903164606086143
2009-12-02,0.9843006716200473
2009-12-03,0.9832675749637321
2009-12-04,0.9542512571600968
2009-12-07,0.9593871545356534
2009-12-08,0.9599109480306802
2009-12-09,0.9446710225053954
2009-12-10,0.9510133845819423
2009-12-11,0.9509964840290428
2009-12-14,0.9395419978748109
2009-12-15,0.9364936276551467
2009-12-16,0.9416004791991018
2009-12-17,0.9610290734448323
2009-12-18,0.9470658331305563
2009-12-21,0.9499770621761292
2009-12-22,0.9278330935158347
2009-12-23,0.9412679173655837
2009-12-24,0.9969922859361826
2009-12-25,0.9962960370424655
2009-12-28,0.9915351549205005
2009-12-29,0.9832013661861772
2009-12-30,0.9494394113495807
2009-12-31,0.9525893050042283
2010-01-04,0.9500738011073815
2010-01-05,0.9507684373172012
2010-01-06,0.9601842883247292
2010-01-07,0.9758611553342522
2010-01-08,0.9751354172006542
2010-01-11,0.9750426153145016
2010-01-12,0.9878895701523924
2010-01-13,0.9392012611943086
2010-01-14,0.9609449596154561
2010-01-15,0.9607724253327748
2010-01-18,0.9642404340838976
2010-01-19,0.9626395457784529
2010-01-20,0.9818990562924593
2010-01-21,0.9797960080568163
2010-01-22,0.9908595832884939
2010-01-25,0.9721391448002326
2010-01-26,0.9547118293346751
2010-01-27,0.9754152250562143
2010-01-28,0.9764159739005492
2010-01-29,0.9756545167436304
2010-02-01,0.9367559902296665
2010-02-02,0.9407385420547671
2010-02-03,0.8999449924021781
2010-02-04,0.8971278969551554
2010-02-05,0.8938227340207725
2010-02-08,0.8939660743218604
2010-02-09,0.8896124581998381
2010-02-10,0.8853429921015812
2010-02-11,0.886922704489888
2010-02-12,0.880910047597152
2010-02-22,0.8896339339225169
2010-02-23,0.9065618189960855
2010-02-24,0.903082172076409
2010-02-25,0.8987283832271679
2010-02-26,0.9029524797503209
2010-03-01,0.9029965948263521
2010-03-02,0.9035375210045351
2010-03-03,0.9023317664786986
2010-03-04,0.8703600383506324
2010-03-05,0.8701076025604907
2010-03-08,0.8626385011983351
2010-03-09,0.8567905480639588
2010-03-10,0.866054976658638
2010-03-11,0.8659744586620386
2010-03-12,0.8660310995342253
2010-03-15,0.8920020691539466
2010-03-16,0.8927334862789724
2010-03-17,0.9157586239331513
2010-03-18,0.9158716368996868
2010-03-19,0.9300480347450328
2010-03-22,0.9294718811716892
2010-03-23,0.9225223825095915
2010-03-24,0.9228960800260354
2010-03-25,0.9183281584763051
2010-03-26,0.8988451887212648
2010-03-29,0.8836307522020812
2010-03-30,0.8808209425044193
2010-03-31,0.8873281861044977
2010-04-01,0.886656799099361
2010-04-02,0.8814040818660305
2010-04-06,0.8820365090998186
2010-04-07,0.8726893715600393
2010-04-08,0.8873567437789934
2010-04-09,0.8889823150086897
2010-04-12,0.9001474520512822
2010-04-13,0.903437461697908
2010-04-14,0.9141537671265351
2010-04-15,0.9106888795799276
2010-04-16,0.8973054668041648
2010-04-19,0.8502269629687094
2010-04-20,0.8498315244451501
2010-04-21,0.8956273611551607
2010-04-22,0.8849374758962796
2010-04-23,0.8875133918956355
2010-04-26,0.9039465281654585
2010-04-27,0.9310319612294856
2010-04-28,0.9336363465954461
2010-04-29,0.9248936793529418
2010-04-30,0.9203070174974074
2010-05-04,0.8984550997482198
2010-05-05,0.9125139050892519
2010-05-06,0.9049175769285064
2010-05-07,0.8965514352928592
2010-05-10,0.8980606115997293
2010-05-11,0.9005269284816929
2010-05-12,0.8783196038470288
2010-05-13,0.8947417097367971
2010-05-14,0.8925070158444307
2010-05-17,0.9277247990555247
2010-05-18,0.9080885932162926
2010-05-19,0.9071550545546322
2010-05-20,0.8945857145708636
2010-05-21,0.9186687021521196
2010-05-24,0.9053218378315884
2010-05-25,0.9074732001557657
2010-05-26,0.9073084719931492
2010-05-27,0.9172708572113731
2010-05-28,0.917062135781088
2010-05-31,0.9162877048934537
2010-06-01,0.9061669417172201
2010-06-02,0.8975669062447503
2010-06-03,0.8950553845322625
2010-06-04,0.8994407003135884
2010-06-07,0.8530038319533343
2010-06-08,0.853765595552044
2010-06-09,0.8718622182486947
2010-06-10,0.8562098036958662
2010-06-11,0.8528129088244798
2010-06-17,0.8632189439346282
2010-06-18,0.8768339325132074
2010-06-21,0.9156389387112203
2010-06-22,0.9137520260369598
2010-06-23,0.9046197996460136
2010-06-24,0.9045246989035923
2010-06-25,0.9000690982225541
2010-06-28,0.9048026321254344
2010-06-29,0.9012271313898559
2010-06-30,0.8963230152717888
2010-07-01,0.8926984014377072
2010-07-02,0.8866177132761487
2010-07-05,0.881750933922612
2010-07-06,0.8789089300156165
2010-07-07,0.8776727418416829
2010-07-08,0.8784968039520363
2010-07-09,0.9262277136909572
2010-07-12,0.9166469789429773
2010-07-13,0.8873733320361255
2010-07-14,0.8766237435092412
2010-07-15,0.8589599066198188
2010-07-16,0.8664908423329415
2010-07-19,0.8700950586366586
2010-07-20,0.8602099451039799
2010-07-21,0.8599523852339473
2010-07-22,0.8574992076865093
2010-07-23,0.8612512139556159
2010-07-26,0.86811383024515
2010-07-27,0.8649977039404769
2010-07-28,0.8378861612438876
2010-07-29,0.8293882719753602
2010-07-30,0.8291929339389176
2010-08-02,0.8782764004519866
2010-08-03,0.8763491623381292
2010-08-04,0.8814991732817368
2010-08-05,0.8675362689428853
2010-08-06,0.8506078553897216
2010-08-09,0.8510218209559163
2010-08-10,0.8791373242299816
2010-08-11,0.8882807000450476
2010-08-12,0.8721931681763982
2010-08-13,0.8731028849716924
2010-08-16,0.8828699348288871
2010-08-17,0.880927336763814
2010-08-18,0.8817404619700877
2010-08-19,0.8727731222197194
2010-08-20,0.8860804499498296
2010-08-23,0.8858742039998274
2010-08-24,0.8851404221852315
2010-08-25,0.8449003012093905
2010-08-26,0.8434410107920177
2010-08-27,0.8428071017508282
2010-08-30,0.912993869183498
2010-08-31,0.9119820742446013
2010-09-01,0.9189170773408427
2010-09-02,0.9259128172317184
2010-09-03,0.9254525483220741
2010-09-06,0.910589889103689
2010-09-07,0.9071017345123267
2010-09-08,0.9057052405845883
2010-09-09,0.8863643985819057
2010-09-10,0.8942261254430617
2010-09-13,0.8887976451549202
2010-09-14,0.8878788941819254
2010-09-15,0.8996327559314472
2010-09-16,0.9097061243127647
2010-09-17,0.9132817973918722
2010-09-20,0.9116073430790054
2010-09-21,0.9106699471599459
2010-09-27,0.9103159279368619
2010-09-28,0.8743128076584676
2010-09-29,0.8793066688075714
2010-09-30,0.8486260427776507
2010-10-08,0.8755852341460619
2010-10-11,0.7252985809116774
2010-10-12,0.7022183400554806
2010-10-13,0.648034601699101
2010-10-14,0.6420055295290659
2010-10-15,0.6505481032205289
2010-10-18,0.6349837448376678
2010-10-19,0.6760260665398343
2010-10-20,0.6970748078427162
2010-10-21,0.7013387105587657
2010-10-22,0.7016723614910675
2010-10-25,0.7912178996586501
2010-10-26,0.7988094757220003
2010-10-27,0.8346884013586661
2010-10-28,0.832095778121401
2010-10-29,0.8278569710347755
2010-11-01,0.8354365423649649
2010-11-02,0.8413302991233113
2010-11-03,0.8295786820877751
2010-11-04,0.8439730998354278
2010-11-05,0.8228832586479167
2010-11-08,0.8119000339763294
2010-11-09,0.8047597414391616
2010-11-10,0.7708570233902808
2010-11-11,0.7674772368145442
2010-11-12,0.6981747649744177
2010-11-15,0.7201846090999399
2010-11-16,0.7381773585999858
2010-11-17,0.7709943632716908
2010-11-18,0.7630233940933098
2010-11-19,0.7754283038157316
2010-11-22,0.7736899246486838
2010-11-23,0.7345607560407098
2010-11-24,0.7641341258973622
2010-11-25,0.749160025353954
2010-11-26,0.7247818294419309
2010-11-29,0.7237957229786652
2010-11-30,0.7584419253819451
2010-12-01,0.7589947681138389
2010-12-02,0.7516687750553633
2010-12-03,0.7518581086440939
2010-12-06,0.7469899960940762
2010-12-07,0.7532568117410862
2010-12-08,0.7471177814079623
2010-12-09,0.752297961564575
2010-12-10,0.7456856842039612
2010-12-13,0.7229508860128012
2010-12-14,0.7218587301008992
2010-12-15,0.7194898457031689
2010-12-16,0.7110743694330594
2010-12-17,0.7127322799832465
2010-12-20,0.7479808563024762
2010-12-21,0.6963621231169821
2010-12-22,0.7002215533664797
2010-12-23,0.6969704283840447
2010-12-24,0.7143483811540038
2010-12-27,0.7605763825058593
2010-12-28,0.7123645372150295
2010-12-29,0.715593691662699
2010-12-30,0.7148351704218315
2010-12-31,0.7236316575069428
2011-01-04,0.699264196410342
2011-01-05,0.7089071504631017
2011-01-06,0.7105397818258228
2011-01-07,0.7093348516309869
2011-01-10,0.7301692884907534
2011-01-11,0.7350559528914241
2011-01-12,0.7308081998812508
2011-01-13,0.7296087867132187
2011-01-14,0.7075984655616944
2011-01-17,0.7122371415871281
2011-01-18,0.7141345728426546
2011-01-19,0.7170001047585064
2011-01-20,0.754059801860429
2011-01-21,0.7268105803853425
2011-01-24,0.7286496012907568
2011-01-25,0.7326942219292957
2011-01-26,0.7323610545572319
2011-01-27,0.7341866456183296
2011-01-28,0.7374703256183466
2011-01-31,0.7289198056357066
2011-02-01,0.7289907261533248
2011-02-09,0.7407158796451325
2011-02-10,0.7970363824298442
2011-02-11,0.7972751139625984
2011-02-14,0.7748741982632411
2011-02-15,0.7756380601939472
2011-02-16,0.7674819112755387
2011-02-17,0.76856354811486
2011-02-18,0.740111661001666
2011-02-21,0.7283801801513333
2011-02-22,0.7577923746412423
2011-02-23,0.7535832361689411
2011-02-24,0.7504647938945187
2011-02-25,0.7506865058518535
2011-02-28,0.7391428956868771
2011-03-01,0.7397233676909043
2011-03-02,0.742608919510105
2011-03-03,0.7557489410252376
2011-03-04,0.7497759498335099
2011-03-07,0.7454514958883587
2011-03-08,0.7458403374015563
2011-03-09,0.7456826260160089
2011-03-10,0.7007487134682563
2011-03-11,0.7028277206382882
2011-03-14,0.7073143582740111
2011-03-15,0.6937903181704155
2011-03-16,0.7018103198286338
2011-03-17,0.6952254195981689
2011-03-18,0.6886384695159794
2011-03-21,0.6935380302093207
2011-03-22,0.6910642733514853
2011-03-23,0.6843362428581876
2011-03-24,0.6861370685360344
2011-03-25,0.6781580306874124
2011-03-28,0.6816363202812893
2011-03-29,0.6844211860833289
2011-03-30,0.6836534408905506
2011-03-31,0.6636100168994485
2011-04-01,0.6414841245123841
2011-04-06,0.5836001285250798
2011-04-07,0.5821030842740124
2011-04-08,0.5892526239712267
2011-04-11,0.590866693670219
2011-04-12,0.588023211137927
2011-04-13,0.6035693490531547
2011-04-14,0.6008930930590642
2011-04-15,0.5998548524421818
2011-04-18,0.5999861585314485
2011-04-19,0.5388567499502257
2011-04-20,0.5381741435429699
2011-04-21,0.5277798678763365
2011-04-22,0.5256841648944792
2011-04-25,0.48410833527896235
2011-04-26,0.49851398812009484
2011-04-27,0.47049519155624187
2011-04-28,0.46112353137102974
2011-04-29,0.47880202383397774
2011-05-03,0.496579154820663
2011-05-04,0.48827559511093116
2011-05-05,0.4866394031816544
2011-05-06,0.487877455546772
2011-05-09,0.47864486658032884
2011-05-10,0.47665873261994
2011-05-11,0.4721579526053537
2011-05-12,0.44197992023024424
2011-05-13,0.4313072309425703
2011-05-16,0.42407831269455143
2011-05-17,0.4211322696800686
2011-05-18,0.444786690371064
2011-05-19,0.42856433602095023
2011-05-20,0.42853268966380215
2011-05-23,0.5052822734123975
2011-05-24,0.5041482942007742
2011-05-25,0.5005630408200944
2011-05-26,0.5037956793343462
2011-05-27,0.5161233568432343
2011-05-30,0.5042094506229631
2011-05-31,0.4848259522137629
2011-06-01,0.48744843844102287
2011-06-02,0.4736239266120995
2011-06-03,0.4982234422904705
2011-06-07,0.49638135080552687
2011-06-08,0.4946955618047357
2011-06-09,0.5441376474894348
2011-06-10,0.5616973758320901
2011-06-13,0.5545486822559275
2011-06-14,0.5384154022581321
2011-06-15,0.5513850824104525
2011-06-16,0.549916367388981
2011-06-17,0.53658736797696
2011-06-20,0.5377101047255637
2011-06-21,0.5373641318132639
2011-06-22,0.5372435949391056
2011-06-23,0.5531104364318513
2011-06-24,0.49318138165111036
2011-06-27,0.49637570415014337
2011-06-28,0.49600937185814414
2011-06-29,0.5098210588528713
2011-06-30,0.5077985776401818
2011-07-01,0.5067786348686308
2011-07-04,0.5147820694918507
2011-07-05,0.514767412198533
2011-07-06,0.5088147591936939
2011-07-07,0.49694268536642516
2011-07-08,0.4962868751503947
2011-07-11,0.5010660886627651
2011-07-12,0.488854998429517
2011-07-13,0.46949169725920437
2011-07-14,0.4607644096741045
2011-07-15,0.46057874021859213
2011-07-18,0.4537256811891903
2011-07-19,0.45573324414305444
2011-07-20,0.4510126044857246
2011-07-21,0.43108443221358733
2011-07-22,0.42987994121061646
2011-07-25,0.4962989490702458
2011-07-26,0.49175468041293563
2011-07-27,0.5060269211934544
2011-07-28,0.50033683256513
2011-07-29,0.5062975596681745
2011-08-01,0.4996015449414081
2011-08-02,0.4931841394813524
2011-08-03,0.49231509843624216
2011-08-04,0.49558744717534514
2011-08-05,0.4992862387333401
2011-08-08,0.45850291537074644
2011-08-09,0.4576080369578751
2011-08-10,0.495469581699178
2011-08-11,0.5431943498189483
2011-08-12,0.5397270795493477
2011-08-15,0.5012284566767866
2011-08-16,0.48691339164518194
2011-08-17,0.49079163125992803
2011-08-18,0.47846227013571585
2011-08-19,0.45996131994621337
2011-08-22,0.5141117483605138
2011-08-23,0.5023851467965733
2011-08-24,0.4961819297358536
2011-08-25,0.48912231094561937
2011-08-26,0.48845879783769613
2011-08-29,0.44651635005719814
2011-08-30,0.4518695235624757
2011-08-31,0.45814552759582705
2011-09-01,0.46817661120957965
2011-09-02,0.4708160885893858
2011-09-05,0.4657500224191395
2011-09-06,0.48322369928681497
2011-09-07,0.5378218328104446
2011-09-08,0.5489891888313114
2011-09-09,0.5524127714361619
2011-09-13,0.562994522265635
2011-09-14,0.5546640871872481
2011-09-15,0.5538360299252046
2011-09-16,0.5569939973947033
2011-09-19,0.5567091024957526
2011-09-20,0.5508907537822565
2011-09-21,0.5677804352100783
2011-09-22,0.6035286815547901
2011-09-23,0.6147160966239917
2011-09-26,0.6284707964900389
2011-09-27,0.6335908408510856
2011-09-28,0.621932667849085
2011-09-29,0.62727720685539
2011-09-30,0.6239044765858416
2011-10-10,0.6372713761024424
2011-10-11,0.6411859678989604
2011-10-12,0.6754462614416968
2011-10-13,0.6750748001110107
2011-10-14,0.6762484830657064
2011-10-17,0.6905853366258039
2011-10-18,0.6623033541238063
2011-10-19,0.6607395365824381
2011-10-20,0.6831417055545566
2011-10-21,0.6833029717356909
2011-10-24,0.7170458742176319
2011-10-25,0.7088074733597712
2011-10-26,0.7020259913038596
2011-10-27,0.7012149202303258
2011-10-28,0.6971347342953655
2011-10-31,0.7077298582289502
2011-11-01,0.7078362784196724
2011-11-02,0.6973782219170761
2011-11-03,0.6976851666315325
2011-11-04,0.6958152228101395
2011-11-07,0.7024427912675355
2011-11-08,0.7002745894368799
2011-11-09,0.7005462423662531
2011-11-10,0.706003219117044
2011-11-11,0.7085722191643667
2011-11-14,0.718593997672083
2011-11-15,0.7216493529689862
2011-11-16,0.6652260433035238
2011-11-17,0.6672349628578347
2011-11-18,0.6911160353025466
2011-11-21,0.6941653038371939
2011-11-22,0.6951994522512531
2011-11-23,0.6733263084454473
2011-11-24,0.6721976381743239
2011-11-25,0.6527812469896435
2011-11-28,0.6542479268461767
2011-11-29,0.6223188529553851
2011-11-30,0.6011378012480157
2011-12-01,0.5786799763924754
2011-12-02,0.5835477077224126
2011-12-05,0.6122001242431573
2011-12-06,0.6138965369714378
2011-12-07,0.6183949978503686
2011-12-08,0.6185265147289069
2011-12-09,0.6349732087616421
2011-12-12,0.63205660921959
2011-12-13,0.6548278033067038
2011-12-14,0.6638587762761347
2011-12-15,0.623030076609352
2011-12-16,0.637388161295592
2011-12-19,0.6385552658680097
2011-12-20,0.6381434247442093
2011-12-21,0.6635586063497346
2011-12-22,0.6656023625419516
2011-12-23,0.6647791212019666
2011-12-26,0.6910433374980254
2011-12-27,0.7261679474460233
2011-12-28,0.7269156692810091
2011-12-29,0.7286490720713257
2011-12-30,0.7322299485875734
2012-01-04,0.7992038209544918
2012-01-05,0.7902192843280665
2012-01-06,0.7895095813290173
2012-01-09,0.7161800179726522
2012-01-10,0.7675082240742893
2012-01-11,0.771245154614285
2012-01-12,0.7713861460128755
2012-01-13,0.7773231147807991
2012-01-16,0.8543870289029917
2012-01-17,0.8050732302785696
2012-01-18,0.8342276521305277
2012-01-19,0.8272529306422932
2012-01-20,0.8601550427360933
2012-01-30,0.8589756958385011
2012-01-31,0.8619351692375363
2012-02-01,0.853663262077057
2012-02-02,0.8274980696236285
2012-02-03,0.8235346385278701
2012-02-06,0.8227245173490711
2012-02-07,0.8308882558139855
2012-02-08,0.8201478134755834
2012-02-09,0.8206011175760788
2012-02-10,0.8198083712896738
2012-02-13,0.8194851880323076
2012-02-14,0.8173331603362066
2012-02-15,0.8201500375875158
2012-02-16,0.8225972878687818
2012-02-17,0.8226743828189313
2012-02-20,0.8221445612540526
2012-02-21,0.8197992784629375
2012-02-22,0.8095705429206327
2012-02-23,0.8108721711762064
2012-02-24,0.8234008196581483
2012-02-27,0.8211643797278709
2012-02-28,0.8257774442747103
2012-02-29,0.8022618156861938
2012-03-01,0.8026076045903805
2012-03-02,0.7837262044773301
2012-03-05,0.7868528749065138
2012-03-06,0.7784993135237865
2012-03-07,0.787244440493366
2012-03-08,0.7857205029814885
2012-03-09,0.8230055915716417
2012-03-12,0.8195514654046924
2012-03-13,0.8341730817784733
2012-03-14,0.853989472975189
2012-03-15,0.832911263495926
2012-03-16,0.8622541396807433
2012-03-19,0.8590569646538626
2012-03-20,0.857150184686935
2012-03-21,0.8551013262124056
2012-03-22,0.8563781672644672
2012-03-23,0.8410937434400826
2012-03-26,0.8449617144434192
2012-03-27,0.8683906743073336
2012-03-28,0.8553932639574028
2012-03-29,0.8395319765509985
2012-03-30,0.820553853416559
2012-04-05,0.8677678949045404
2012-04-06,0.8729725250934618
2012-04-09,0.8739305319331745
2012-04-10,0.8573917630789368
2012-04-11,0.8576975045091748
2012-04-12,0.8471834080519526
2012-04-13,0.8418598519469195
2012-04-16,0.8446891192155171
2012-04-17,0.854274203350008
2012-04-18,0.8383440607545529
2012-04-19,0.8393116961055904
2012-04-20,0.8255039066869546
2012-04-23,0.8082682828967465
2012-04-24,0.8082566296615127
2012-04-25,0.8045402711657529
2012-04-26,0.8102703134175954
2012-04-27,0.807468842755196
2012-05-02,0.7792982791726745
2012-05-03,0.7820639951993694
2012-05-04,0.8001388945134739
2012-05-07,0.8004919061714965
2012-05-08,0.8085824042001208
2012-05-09,0.8266965381292619
2012-05-10,0.8267114158489326
2012-05-11,0.8157376083730001
2012-05-14,0.8325067505789566
2012-05-15,0.8329067522757327
2012-05-16,0.851019733037373
2012-05-17,0.8442837795228307
2012-05-18,0.8598343654079484
2012-05-21,0.8653268701859765
2012-05-22,0.8784025221080155
2012-05-23,0.8834727448229444
2012-05-24,0.9294721762060619
2012-05-25,0.9435784791209232
2012-05-28,0.9406725487284642
2012-05-29,0.9180132935264985
2012-05-30,0.917536222242604
2012-05-31,0.9170757177400545
2012-06-01,0.9185020619203429
2012-06-04,0.8809000682027631
2012-06-05,0.8808611429504423
2012-06-06,0.8815429365041626
2012-06-07,0.8763167661505725
2012-06-08,0.8681860287492361
2012-06-11,0.8237955112085498
2012-06-12,0.8321052036342541
2012-06-13,0.8470259721477098
2012-06-14,0.8187609173545455
2012-06-15,0.8188719123035623
2012-06-18,0.8268869096540644
2012-06-19,0.8348375733235593
2012-06-20,0.835339784288077
2012-06-21,0.8473279164220114
2012-06-25,0.8194221369565917
2012-06-26,0.8197337772220632
2012-06-27,0.8166809633788532
2012-06-28,0.8075965391542398
2012-06-29,0.8353105990443037
2012-07-02,0.8364924923488202
2012-07-03,0.8403293416446854
2012-07-04,0.842491421767972
2012-07-05,0.8581094237458542
2012-07-06,1.0269484970339517
2012-07-09,0.8928632277711355
2012-07-10,0.8957015204752429
2012-07-11,0.9368995675441237
2012-07-12,0.9736131196341193
2012-07-13,0.9749013458867956
2012-07-16,0.9612563318444006
2012-07-17,0.9313998012113544
2012-07-18,0.9314083335713297
2012-07-19,0.9224725876589073
2012-07-20,0.9339155831230754
2012-07-23,0.9289124788655204
2012-07-24,0.9302345234303218
2012-07-25,0.9398509589695069
2012-07-26,0.935600811152415
2012-07-27,0.9363914255473942
2012-07-30,0.9206647436208452
2012-07-31,0.9247176540290967
2012-08-01,0.9182194481856221
2012-08-02,0.9191039862200809
2012-08-03,0.9513869149695406
2012-08-06,0.9629671041042565
2012-08-07,0.9622840167282857
2012-08-08,0.9606879211097139
2012-08-09,1.0129258711541729
2012-08-10,1.030323654872342
2012-08-13,1.0026975839626158
2012-08-14,1.0050916819062556
2012-08-15,1.000545077658074
2012-08-16,1.018080382804444
2012-08-17,1.0313283634443098
2012-08-20,1.008020475000016
2012-08-21,1.0163966706500398
2012-08-22,1.0351901335740645
2012-08-23,1.0294010133853333
2012-08-24,1.0175333488222915
2012-08-27,0.9331487692743462
2012-08-28,0.920235504655532
2012-08-29,0.9514808557464315
2012-08-30,0.9552144541405189
2012-08-31,0.9525496419748191
2012-09-03,1.0204932494667165
2012-09-04,1.0205077982004438
2012-09-05,1.0208938784691959
2012-09-06,1.0068088888007465
2012-09-07,0.9423916636182789
2012-09-10,0.9345771150719905
2012-09-11,0.9298996202821527
2012-09-12,0.9278030469039955
2012-09-13,0.9189336101757088
2012-09-14,0.9205925320839716
2012-09-17,0.9361180483136785
2012-09-18,0.9398635025230699
2012-09-19,0.9250891228807346
2012-09-20,0.9195896525679603
2012-09-21,0.921669895786177
2012-09-24,0.917679480965489
2012-09-25,0.9149284317991908
2012-09-26,0.9225535445104556
2012-09-27,0.9224802985508994
2012-09-28,0.9245856014457936
2012-10-08,0.9479328894798107
2012-10-09,0.938814241831226
2012-10-10,0.9385491656237009
2012-10-11,0.9385994040333228
2012-10-12,0.9387359568149797
2012-10-15,0.914505344976253
2012-10-16,0.9166381136274158
2012-10-17,0.9156161829790314
2012-10-18,0.9053952160465453
2012-10-19,0.9058342054026568
2012-10-22,0.901312722482689
2012-10-23,0.9313740135295633
2012-10-24,0.9307493234781592
2012-10-25,0.9227279304192391
2012-10-26,0.9187684243820352
2012-10-29,0.9123741186514059
2012-10-30,0.9120489989621258
2012-10-31,0.9019355711207492
2012-11-01,0.9382134027383889
2012-11-02,0.933145734283165
2012-11-05,0.9396901278408779
2012-11-06,0.9505387082288229
2012-11-07,0.9489427044605258
2012-11-08,0.9342825735868414
2012-11-09,0.9337888813872541
2012-11-12,0.9202458215456714
2012-11-13,0.9046465240274342
2012-11-14,0.9172995247172766
2012-11-15,0.9269313278648538
2012-11-16,0.9632060002416276
2012-11-19,0.9703484099592415
2012-11-20,0.9698719846478623
2012-11-21,0.9218144887390406
2012-11-22,0.9734793816958309
2012-11-23,0.977022610461019
2012-11-26,0.9965935613833304
2012-11-27,0.9531515091261825
2012-11-28,0.9478653352476794
2012-11-29,0.939338708244208
2012-11-30,0.8988916171311997
2012-12-03,1.1127866260155017
2012-12-04,1.1188328944214738
2012-12-05,0.9911358960941593
2012-12-06,0.9933431876683698
2012-12-07,1.0384410460912212
2012-12-10,1.041004793599397
2012-12-11,1.0389734613143033
2012-12-12,1.0395341945815377
2012-12-13,1.0805108159977337
2012-12-14,0.8618466893338972
2012-12-17,0.8870566806721775
2012-12-18,0.8881771630508041
2012-12-19,0.891063878898292
2012-12-20,0.883283797018627
2012-12-21,0.8752106704349507
2012-12-24,0.8597242592558662
2012-12-25,0.8240029408026828
2012-12-26,0.8268469211471016
2012-12-27,0.8120545232865918
2012-12-28,0.8061955124154611
2012-12-31,0.7791513278163053
2013-01-04,0.778910749648875
2013-01-07,0.7706169146662502
2013-01-08,0.7559083504765101
2013-01-09,0.7557779027542573
2013-01-10,0.7549390691856321
2013-01-11,0.698051078086366
2013-01-14,0.578302135351098
2013-01-15,0.5709934492508563
2013-01-16,0.5798302058843625
2013-01-17,0.5730785943596809
2013-01-18,0.5214717133717542
2013-01-21,0.5021120235287491
2013-01-22,0.5116384544621554
2013-01-23,0.5095903692744956
2013-01-24,0.5213267119591616
2013-01-25,0.5372918744476985
2013-01-28,0.39342097154634253
2013-01-29,0.42118407516256623
2013-01-30,0.4311506384607562
2013-01-31,0.43253814856641865
2013-02-01,0.4201198554303091
2013-02-04,0.41834350382862934
2013-02-05,0.45819052161706336
2013-02-06,0.45721884213579067
2013-02-07,0.46052527430690804
2013-02-08,0.46007378677184085
2013-02-18,0.4951845250823284
2013-02-19,0.5081086624477185
2013-02-20,0.5052055340248145
2013-02-21,0.3787316881304467
2013-02-22,0.3599464903658355
2013-02-25,0.3521180595243195
2013-02-26,0.3812716934854329
2013-02-27,0.373417988796008
2013-02-28,0.32548949972849783
2013-03-01,0.32403532489271625
2013-03-04,0.31950709269407473
2013-03-05,0.3082092369148815
2013-03-06,0.32162264822627257
2013-03-07,0.30108952655343446
2013-03-08,0.3058394599207617
2013-03-11,0.31097737965356825
2013-03-12,0.3166652719291608
2013-03-13,0.30927574129036145
2013-03-14,0.30849581775004936
2013-03-15,0.30649378346850875
2013-03-18,0.36452149553000707
2013-03-19,0.3445119616754442
2013-03-20,0.3838952316293158
2013-03-21,0.3844211888465551
2013-03-22,0.38471013368830753
2013-03-25,0.3854590538476896
2013-03-26,0.3799246941112666
2013-03-27,0.37133311779279893
2013-03-28,0.3871263134457199
2013-03-29,0.38349974346753346
2013-04-01,0.3847204329472994
2013-04-02,0.383030800869829
2013-04-03,0.38331540512308776
2013-04-08,0.3861161803252596
2013-04-09,0.3852299210728263
2013-04-10,0.3766037405034986
2013-04-11,0.3832658527647826
2013-04-12,0.3739215681734069
2013-04-15,0.38394607158153515
2013-04-16,0.37832314782589266
2013-04-17,0.3772947234268609
2013-04-18,0.37428231117863925
2013-04-19,0.39111691559070644
2013-04-22,0.3946281994728861
2013-04-23,0.34135476474896925
2013-04-24,0.3289290524746119
2013-04-25,0.33197579680056577
2013-04-26,0.3308766945121617
2013-05-02,0.3288205372095529
2013-05-03,0.33251364658035965
2013-05-06,0.370016838839447
2013-05-07,0.37394374802724406
2013-05-08,0.36994235023424976
2013-05-09,0.3559724077964304
2013-05-10,0.3554915657007166
2013-05-13,0.35432844892507537
2013-05-14,0.38372064926241745
2013-05-15,0.38557492277613364
2013-05-16,0.38762006162075824
2013-05-17,0.41627493120888637
2013-05-20,0.4170446190517698
2013-05-21,0.41716968757157935
2013-05-22,0.42063142078551186
2013-05-23,0.4270299455191703
2013-05-24,0.4315092165286784
2013-05-27,0.4308600318318583
2013-05-28,0.44151571003090073
2013-05-29,0.44144946848242406
2013-05-30,0.44557002286253267
2013-05-31,0.45308203817572784
2013-06-03,0.4523864709954023
2013-06-04,0.4659271864674121
2013-06-05,0.46220262227293857
2013-06-06,0.46005229364622086
2013-06-07,0.49867847387890324
2013-06-13,0.562605500936168
2013-06-14,0.5595519658960808
2013-06-17,0.56723767517378
2013-06-18,0.5704209733660325
2013-06-19,0.5454221379575721
2013-06-20,0.5761156224162208
2013-06-21,0.5761091957507739
2013-06-24,0.6220238557024785
2013-06-25,0.6253463906952991
2013-06-26,0.6244810818585965
2013-06-27,0.6255110652469287
2013-06-28,0.6472600761636057
2013-07-01,0.6436851139708164
2013-07-02,0.6508412175510748
2013-07-03,0.6551357171282031
2013-07-04,0.6488961699126681
2013-07-05,0.6488247648833477
2013-07-08,0.6575257990405423
2013-07-09,0.6575298019037463
2013-07-10,0.6579650928700297
2013-07-11,0.6981938500021786
2013-07-12,0.7191444210694673
2013-07-15,0.7080678127239067
2013-07-16,0.7135567954593945
2013-07-17,0.7233634313214069
2013-07-18,0.721602876272295
2013-07-19,0.7431337873592188
2013-07-22,0.7418788215404264
2013-07-23,0.7283061859296184
2013-07-24,0.7323125953674872
2013-07-25,0.7265495575170478
2013-07-26,0.7310290083683406
2013-07-29,0.7329921702438118
2013-07-30,0.7342713672524094
2013-07-31,0.7334135231846592
2013-08-01,0.728468162609792
2013-08-02,0.7286489460207042
2013-08-05,0.7250093417696122
2013-08-06,0.7260487713327073
2013-08-07,0.7264992194972644
2013-08-08,0.7270552350583958
2013-08-09,0.7232291189000153
2013-08-12,0.7453925584789496
2013-08-13,0.7465426205380453
2013-08-14,0.7481327728841677
2013-08-15,0.7146939960297873
2013-08-16,0.7118905103170398
2013-08-19,0.688349618868672
2013-08-20,0.6879893902714778
2013-08-21,0.6873227275270145
2013-08-22,0.6875465502181012
2013-08-23,0.693620304987636
2013-08-26,0.6826848294937371
2013-08-27,0.6860005132987618
2013-08-28,0.6915264931866141
2013-08-29,0.694435406983925
2013-08-30,0.6943612848266147
2013-09-02,0.6785417223794227
2013-09-03,0.6867990407816879
2013-09-04,0.6867520544526062
2013-09-05,0.6836471336086605
2013-09-06,0.6813822613085636
2013-09-09,0.6398337409336685
2013-09-10,0.6414996459775468
2013-09-11,0.6455303091613876
2013-09-12,0.6314823884589076
2013-09-13,0.618021647105378
2013-09-16,0.6243374629376807
2013-09-17,0.661955171081293
2013-09-18,0.6615050660246192
2013-09-23,0.6533900846779691
2013-09-24,0.6398692858619297
2013-09-25,0.6440823632864552
2013-09-26,0.6451091584086877
2013-09-27,0.6386089634384807
2013-09-30,0.6381036978239581
2013-10-08,0.6321117807723711
2013-10-09,0.6291686416991717
2013-10-10,0.6346293738465543
2013-10-11,0.6256158970856128
2013-10-14,0.6299328495002079
2013-10-15,0.6291519321455586
2013-10-16,0.6281841536191431
2013-10-17,0.6264489798800693
2013-10-18,0.619365860449898
2013-10-21,0.6209738467146572
2013-10-22,0.6190582579173919
2013-10-23,0.6177665263572795
2013-10-24,0.6213638351362719
2013-10-25,0.6414270572857965
2013-10-28,0.6509910355436452
2013-10-29,0.6468048548478896
2013-10-30,0.632842328551376
2013-10-31,0.5943387084077844
2013-11-01,0.5873200454459512
2013-11-04,0.5873863972303086
2013-11-05,0.5868434480644882
2013-11-06,0.5512288513449292
2013-11-07,0.5513854505272886
2013-11-08,0.5282085165799827
2013-11-11,0.5351000476739738
2013-11-12,0.5747051621210831
2013-11-13,0.6080713751222907
2013-11-14,0.5962899100771478
2013-11-15,0.5858889891484048
2013-11-18,0.569229833402293
2013-11-19,0.5673220624493568
2013-11-20,0.5673685663648305
2013-11-21,0.5762982722044162
2013-11-22,0.5743447775401426
2013-11-25,0.5706380412320402
2013-11-26,0.5711373553508586
2013-11-27,0.5617635602802505
2013-11-28,0.5705271605869136
2013-11-29,0.5702856056869827
2013-12-02,0.5931313095355247
2013-12-03,0.6119029951889796
2013-12-04,0.6104103216713919
2013-12-05,0.6101764642468019
2013-12-06,0.5976160345979254
2013-12-09,0.5977784114292907
2013-12-10,0.5973326818943024
2013-12-11,0.5980293223049673
2013-12-12,0.5993871365451314
2013-12-13,0.5999959623738105
2013-12-16,0.6286504720499414
2013-12-17,0.6221929143193251
2013-12-18,0.6222979091992484
2013-12-19,0.6269931882949145
2013-12-20,0.7282936787075543
2013-12-23,0.7288985948510294
2013-12-24,0.727971794619967
2013-12-25,0.7217775242025487
2013-12-26,0.7632403685356294
2013-12-27,0.8041539493032774
2013-12-30,0.8083343002134532
2013-12-31,0.8898895527199816
2014-01-02,0.8954521028311612
2014-01-03,0.9026725653896376
2014-01-06,0.9617883949170102
2014-01-07,0.9614225336913693
2014-01-08,0.9579058190736857
2014-01-09,0.9180435373897293
2014-01-10,0.9176465077892229
2014-01-13,0.8993778517821462
2014-01-14,0.9235958309967135
2014-01-15,0.9280737270377623
2014-01-16,0.9284890947408099
2014-01-17,0.9467865937017625
2014-01-20,0.9331456240692759
2014-01-21,0.9067087596092677
2014-01-22,0.9347783925794677
2014-01-23,0.9330869991333183
2014-01-24,0.9250753133850292
2014-01-27,0.8763563745296247
2014-01-28,0.8734987679818298
2014-01-29,0.8607425566324631
2014-01-30,0.8685811373028607
2014-02-07,0.8691500711274778
2014-02-10,0.821331322577174
2014-02-11,0.8241023381716681
2014-02-12,0.8254059316859426
2014-02-13,0.8210460046194672
2014-02-14,0.854017529656423
2014-02-17,0.8977410009405763
2014-02-18,0.8915376008713496
2014-02-19,0.8757683412806924
2014-02-20,0.8900042357482187
2014-02-21,0.8577665344345519
2014-02-24,0.8326076902503986
2014-02-25,0.9069598980575028
2014-02-26,0.9059788673269535
2014-02-27,0.9034606893609368
2014-02-28,0.9050433449730433
2014-03-03,0.9298444605515371
2014-03-04,0.9256002479610423
2014-03-05,0.8880174465422644
2014-03-06,0.8819548252644579
2014-03-07,0.8800265176485127
2014-03-10,0.9522580934321176
2014-03-11,1.0095405318661574
2014-03-12,1.0119778964968706
2014-03-13,1.1102559396086233
2014-03-14,1.1147848487810736
2014-03-17,1.1136885588664025
2014-03-18,1.1091733199689282
2014-03-19,1.1319154750717055
2014-03-20,1.163698228611306
2014-03-21,1.0794695697844654
2014-03-24,1.0939184510203384
2014-03-25,1.0972668320244445
2014-03-26,1.0988149849981963
2014-03-27,1.0930848697200801
2014-03-28,1.0988596834606208
2014-03-31,1.096363756525714
2014-04-01,1.1268098548396102
2014-04-02,1.1184412493469276
2014-04-03,1.1153608808624156
2014-04-04,1.097452197270496
2014-04-08,1.015479979799252
2014-04-09,1.0160063691584895
2014-04-10,0.9944997996929114
2014-04-11,0.9854734904611239
2014-04-14,0.9870498507608914
2014-04-15,0.9971519153795821
2014-04-16,0.9971141505781407
2014-04-17,0.9935218652900241
2014-04-18,0.9935483442607993
2014-04-21,1.0220664021954828
2014-04-22,1.0149431576102184
2014-04-23,1.0095978373652608
2014-04-24,1.0062241947079533
2014-04-25,1.0498128998390541
2014-04-28,1.015081450012446
2014-04-29,1.0326673972456442
2014-04-30,1.0326783208816697
2014-05-05,1.036723024796858
2014-05-06,1.0361910848061704
2014-05-07,1.0266428179355906
2014-05-08,1.0276180479045993
2014-05-09,1.0276137053757048
2014-05-12,0.9967194202193621
2014-05-13,0.9935175531804255
2014-05-14,0.9967903780724872
2014-05-15,0.9971522355918645
2014-05-16,0.9980530120467954
2014-05-19,1.0263368379119688
2014-05-20,1.0243553073457727
2014-05-21,1.0460327261240907
2014-05-22,1.0464030336659622
2014-05-23,1.0432050314417387
2014-05-26,1.0444683100454337
2014-05-27,1.0397990427381472
2014-05-28,1.0448057944917428
2014-05-29,1.03990651269553
2014-05-30,1.0399414219029497
2014-06-03,1.0405946811011828
2014-06-04,1.0427939024183077
2014-06-05,1.060220125512343
2014-06-06,1.0370461349568334
2014-06-09,1.0370687329811477
2014-06-10,1.0770190349903763
2014-06-11,1.0768645390757454
2014-06-12,1.0736785158550832
2014-06-13,1.0689317127733418
2014-06-16,1.034558959907139
2014-06-17,1.0529187280012196
2014-06-18,1.047411094199449
2014-06-19,0.9906370218325671
2014-06-20,0.9766484198424376
2014-06-23,0.973227637256556
2014-06-24,0.9935060288475838
2014-06-25,0.9970816511137297
2014-06-26,1.0092054149074643
2014-06-27,1.0098886803701053
2014-06-30,1.0059779583203972
2014-07-01,1.0068435382004148
2014-07-02,1.0071755205748596
2014-07-03,1.0246722637107561
2014-07-04,1.0260576519569757
2014-07-07,1.0210924079105834
2014-07-08,1.0232462994240132
2014-07-09,1.0597397259114516
2014-07-10,1.0400843270460312
2014-07-11,1.0456666962969383
2014-07-14,1.1907980197032089
2014-07-15,1.1952550257936316
2014-07-16,1.1960893644212869
2014-07-17,1.2263441701710815
2014-07-18,1.2525768002009485
2014-07-21,1.2464682922915005
2014-07-22,1.2939860102774052
2014-07-23,1.2926482091124523
2014-07-24,1.176759637501365
2014-07-25,1.1587779606883362
2014-07-28,1.0713997494803915
2014-07-29,1.0509853057403362
2014-07-30,1.06323395768178
2014-07-31,1.0486135758558341
2014-08-01,1.0389525571525409
2014-08-04,1.0337166747092947
2014-08-05,1.0382979688951965
2014-08-06,1.0406751822332763
2014-08-07,1.0625714925625869
2014-08-08,1.0629582114588303
2014-08-11,1.038453537839184
2014-08-12,1.0358785054521193
2014-08-13,1.037858547654295
2014-08-14,1.0402273055594211
2014-08-15,1.0405936663949322
2014-08-18,1.0408910003737644
2014-08-19,1.041286199004327
2014-08-20,1.024631265446542
2014-08-21,1.0407259415198233
2014-08-22,1.0360709278437423
2014-08-25,1.0858060705409207
2014-08-26,1.0868359440780515
2014-08-27,1.0885097407773163
2014-08-28,1.118230442249333
2014-08-29,1.1378216165578425
2014-09-01,1.1300698370278284
2014-09-02,1.1722033509419543
2014-09-03,1.1581385427574789
2014-09-04,1.1529296357258199
2014-09-05,1.1109267785271129
2014-09-09,1.117363248550179
2014-09-10,1.1060244728568076
2014-09-11,1.1102313514122513
2014-09-12,1.0974123519320942
2014-09-15,1.0989811630083663
2014-09-16,1.0789665307412843
2014-09-17,1.0693326496094144
2014-09-18,1.0665672546657905
2014-09-19,1.0718630114928123
2014-09-22,1.1272755425737622
2014-09-23,1.1161500999634955
2014-09-24,1.100695715537032
2014-09-25,1.0991713613808696
2014-09-26,1.0997650949408893
2014-09-29,1.099884333936226
2014-09-30,1.0996360777538587
2014-10-08,1.0487654091125531
2014-10-09,1.052411618826266
2014-10-10,1.066601005104817
2014-10-13,1.0844835572302416
2014-10-14,1.0853028908077857
2014-10-15,1.0544092311075197
2014-10-16,1.0450223598180808
2014-10-17,1.0370388367888665
2014-10-20,1.0147195396422304
2014-10-21,1.01469578363949
2014-10-22,1.020965068229086
2014-10-23,1.0352618561153626
2014-10-24,1.0443028397990781
2014-10-27,1.0059571153627496
2014-10-28,0.9638206498249237
2014-10-29,0.9348534686412469
2014-10-30,0.9169572234565782
2014-10-31,0.9447357513430444
2014-11-03,0.9427219324382395
2014-11-04,0.9432488580311986
2014-11-05,0.9498716921729637
2014-11-06,0.9505289995350121
2014-11-07,0.9542690031566433
2014-11-10,1.0889870285251706
2014-11-11,1.0896288455206005
2014-11-12,1.0590229177215582
2014-11-13,1.066367231079477
2014-11-14,1.0666481489074533
2014-11-17,1.0779493490249734
2014-11-18,1.0973382740301167
2014-11-19,1.101198950179161
2014-11-20,1.1011814884016617
2014-11-21,1.0511819528328366
2014-11-24,0.9622222611391676
2014-11-25,0.9465097787840282
2014-11-26,0.9401790490945665
2014-11-27,0.9046392046842644
2014-11-28,0.8465392505091031
2014-12-01,0.8715336605586552
2014-12-02,0.7037737842767298
2014-12-03,0.7431520132897053
2014-12-04,0.7224729637758508
2014-12-05,0.7053815900645733
2014-12-08,0.7136712022478064
2014-12-09,0.6805512502217205
2014-12-10,0.7305590573811679
2014-12-11,0.7323407551769228
2014-12-12,0.7321781682682654
2014-12-15,0.7330304142361284
2014-12-16,0.6671687929220388
2014-12-17,0.6333332571389968
2014-12-18,0.6323642048816606
2014-12-19,0.6292076100285572
2014-12-22,0.6401276627009446
2014-12-23,0.5776598388119536
2014-12-24,0.6161455886816122
2014-12-25,0.6122847489241784
2014-12-26,0.5857603561322368
2014-12-29,0.585779689234477
2014-12-30,0.5866374177188327
2014-12-31,0.5792873333422133
2015-01-05,0.7524895759669814
2015-01-06,0.7518854175090528
2015-01-07,0.752567625719705
2015-01-08,0.6856682148902348
2015-01-09,0.6881309221605093
2015-01-12,0.7063522542917128
2015-01-13,0.7067252784401088
2015-01-14,0.7160201876149421
2015-01-15,0.7222662498048018
2015-01-16,0.7310642557566966
2015-01-19,0.8217655091129892
2015-01-20,0.8314828064201253
2015-01-21,0.815276708696921
2015-01-22,0.8159497776091148
2015-01-23,0.8162430917968448
2015-01-26,0.8183714777308924
2015-01-27,0.8054426112124573
2015-01-28,0.8080111822506532
2015-01-29,0.815944277091028
2015-01-30,0.8078568595182649
2015-02-02,0.8272572318751018
2015-02-03,0.8150983524082271
2015-02-04,0.813728202833301
2015-02-05,0.8203857321260368
2015-02-06,0.8451050901643963
2015-02-09,0.8522601342983094
2015-02-10,0.8552708185555046
2015-02-11,0.8521626318947843
2015-02-12,0.8537834089313548
2015-02-13,0.8501001434243559
2015-02-16,0.8448045075210829
2015-02-17,0.8410076171595077
2015-02-25,0.8541748314914053
2015-02-26,0.8589076630898628
2015-02-27,0.8593241733731815
2015-03-02,0.8534405245000805
2015-03-03,0.8477913316500333
2015-03-04,0.8495858813997029
2015-03-05,0.8540986055637889
2015-03-06,0.8484917268507493
2015-03-09,0.8512337154341171
2015-03-10,0.8486669317663316
2015-03-11,0.8486943532706772
2015-03-12,0.8521843402355002
2015-03-13,0.8486969500020608
2015-03-16,0.8564805323150487
2015-03-17,0.8585012406120668
2015-03-18,0.852096874020786
2015-03-19,0.855643575029943
2015-03-20,0.8536356944862648
2015-03-23,0.8430865565839138
2015-03-24,0.843419977576648
2015-03-25,0.8471188025901274
2015-03-26,0.8504326621692253
2015-03-27,0.8459898542132421
2015-03-30,0.8308753454428409
2015-03-31,0.8363805386825518
2015-04-01,0.8191891950214131
2015-04-02,0.8185673625163813
2015-04-03,0.8135483612672911
2015-04-07,0.8385725687205782
2015-04-08,0.8345970219654892
2015-04-09,0.8470955236297465
2015-04-10,0.858377299737576
2015-04-13,0.8663851608253074
2015-04-14,0.8690574565884781
2015-04-15,0.8684494993924098
2015-04-16,1.020094970854249
2015-04-17,0.9807964975613788
2015-04-20,0.9884954488604849
2015-04-21,1.0694978460644464
2015-04-22,1.0255670373985144
2015-04-23,1.0274741375119838
2015-04-24,1.0463877660657857
2015-04-27,1.0165637593993069
2015-04-28,1.0372981696367276
2015-04-29,1.034749064456102
2015-04-30,1.0325715480673177
2015-05-04,1.0381467035737737
2015-05-05,1.065327871808775
2015-05-06,1.0711444382368083
2015-05-07,1.0377196392735484
2015-05-08,1.0489869097867697
2015-05-11,1.0349763596544377
2015-05-12,1.025973971421847
2015-05-13,1.0197691162369795
2015-05-14,1.0265148910234634
2015-05-15,1.023557604567474
2015-05-18,1.023630415132099
2015-05-19,1.0076838818014928
2015-05-20,1.006565113151431
2015-05-21,1.0280748990655386
2015-05-22,1.02185735311038
2015-05-25,0.999412561894303
2015-05-26,0.9893783453658337
2015-05-27,0.9921001017502951
2015-05-28,0.8204479104828062
2015-05-29,0.8203644820950484
2015-06-01,0.8494130319513854
2015-06-02,0.8475120470409154
2015-06-03,0.8520210333164524
2015-06-04,0.8452508741709217
2015-06-05,0.8507563229310151
2015-06-08,0.872580317127326
2015-06-09,0.8762933905156272
2015-06-10,0.8713165703458707
2015-06-11,0.8719032387557601
2015-06-12,0.8820587478396787
2015-06-15,0.7888006811866399
2015-06-16,0.8072372691366725
2015-06-17,0.8243599379031467
2015-06-18,0.8913106905689296
2015-06-19,0.8864691206984647
2015-06-23,0.9745786248046759
2015-06-24,1.0127128096901388
2015-06-25,1.0026988362113194
2015-06-26,0.9888928495127652
2015-06-29,0.9169696322038434
2015-06-30,0.8740064746326258
2015-07-01,0.8606423249629134
2015-07-02,0.9300857433960444
2015-07-03,0.990752329074948
2015-07-06,0.9854266844610273
2015-07-07,1.0004642961982986
2015-07-08,1.0543326536173316
2015-07-09,1.1010219190375183
2015-07-10,1.1480411153619825
2015-07-13,1.1697800581352846
2015-07-14,1.1935514270765877
2015-07-15,1.2082345697363717
2015-07-16,1.2128076091168236
2015-07-17,1.2146347695934943
2015-07-20,1.2138052907246146
2015-07-21,1.2140069420054844
2015-07-22,1.2117382074776872
2015-07-23,1.2025794232484177
2015-07-24,1.1965987803497125
2015-07-27,1.1927035937178643
2015-07-28,1.1913505908981046
2015-07-29,1.1696830806067
2015-07-30,1.1482223665062008
2015-07-31,1.1482122729286022
2015-08-03,1.1479214047173634
2015-08-04,1.1230540730037948
2015-08-05,1.112256154217615
2015-08-06,1.1102124200996455
2015-08-07,1.1001386268878002
2015-08-10,1.0483201961312887
2015-08-11,1.047835587928299
2015-08-12,1.0439182301918195
2015-08-13,1.0384798110469675
2015-08-14,1.0384656316455725
2015-08-17,1.0384404724601104
2015-08-18,0.9447093482203519
2015-08-19,0.9389404922630252
2015-08-20,0.9161065502934532
2015-08-21,0.8722909846016222
2015-08-24,0.7399234194064909
2015-08-25,0.6721752657749294
2015-08-26,0.6719297761389252
2015-08-27,0.6272687502744118
2015-08-28,0.6060157504951443
2015-08-31,0.605312141573923
2015-09-01,0.6053101607463739
2015-09-02,0.6052836518465937
2015-09-07,0.5922256367204395
2015-09-08,0.5842064063092534
2015-09-09,0.579512375830039
2015-09-10,0.5779405374206723
2015-09-11,0.577868715988178
2015-09-14,0.5735433543683399
2015-09-15,0.5560973996991085
2015-09-16,0.5277045418837216
2015-09-17,0.5229809187806927
2015-09-18,0.5227191391245768
2015-09-21,0.5190750250832799
2015-09-22,0.5179696352573674
2015-09-23,0.5125259505065393
2015-09-24,0.5119110205425506
2015-09-25,0.5091961334846624
2015-09-28,0.5089810523455045
2015-09-29,0.5047666333644683
2015-09-30,0.5039370643730795
2015-10-08,0.4932208704213277
2015-10-09,0.49088485396581044
2015-10-12,0.4782060883462748
2015-10-13,0.47820515024126825
2015-10-14,0.4768120311007484
2015-10-15,0.46976924339364867
2015-10-16,0.46741612806695476
2015-10-19,0.4674169474814626
2015-10-20,0.46542895232228826
2015-10-21,0.4551038119548992
2015-10-22,0.45224461334175237
2015-10-23,0.4499172529433727
2015-10-26,0.44954864849866816
2015-10-27,0.4495405223134998
2015-10-28,0.445015422664198
2015-10-29,0.4449168040795333
2015-10-30,0.4449263615580515
2015-11-02,0.47153809747543857
2015-11-03,0.47191558697702435
2015-11-04,0.5231940853206538
2015-11-05,0.5244194618764939
2015-11-06,0.5181963682735053
2015-11-09,0.5282680976573815
2015-11-10,0.5291182865552775
2015-11-11,0.5292078829943492
2015-11-12,0.5325507040236347
2015-11-13,0.5299264441184883
2015-11-16,0.5288308179035495
2015-11-17,0.5281263555627609
2015-11-18,0.5239736627250272
2015-11-19,0.5247304001421295
2015-11-20,0.5248022036879929
2015-11-23,0.5288485069435334
2015-11-24,0.5288759811269639
2015-11-25,0.5282863557234287
2015-11-26,0.5291115597683047
2015-11-27,0.5444581851421048
2015-11-30,0.543358739144048
2015-12-01,0.5508278069265572
2015-12-02,0.572029174825244
2015-12-03,0.570111235306667
2015-12-04,0.5711458443416385
2015-12-07,0.5719745261845565
2015-12-08,0.5841872630875019
2015-12-09,0.5840137076929354
2015-12-10,0.5858475737528623
2015-12-11,0.5848288245530441
2015-12-14,0.5804160361721522
2015-12-15,0.57818219420312
2015-12-16,0.5788964750527923
2015-12-17,0.5899485837047446
2015-12-18,0.5918145231400905
2015-12-21,0.6505661661871491
2015-12-22,0.6502455846159024
2015-12-23,0.6510701526028939
2015-12-24,0.6454885012122364
2015-12-25,0.6434057295220502
2015-12-28,0.6549370773377106
2015-12-29,0.6659800857819571
2015-12-30,0.6663757269871359
2015-12-31,0.6684792238930427
2016-01-04,0.704174574894055
2016-01-05,0.7055599251951872
2016-01-06,0.7125949901507859
2016-01-07,0.712412088948706
2016-01-08,0.7199633040489166
2016-01-11,0.779174086491758
2016-01-12,0.7777132955846662
2016-01-13,0.7680777000763208
2016-01-14,0.7614114400605911
2016-01-15,0.7666155323909294
2016-01-18,0.7683657578207691
2016-01-19,0.78673716083745
2016-01-20,0.7870259415462686
2016-01-21,0.7875215871569471
2016-01-22,0.78481624944429
2016-01-25,0.7869701941152606
2016-01-26,0.7662839857261853
2016-01-27,0.7683890948294183
2016-01-28,0.7613678649684739
2016-01-29,0.7813348027151508
2016-02-01,0.7683112030398643
2016-02-02,0.7617633076806001
2016-02-03,0.7610016856691966
2016-02-04,0.7571068310469548
2016-02-05,0.7620481131155896
2016-02-15,0.7645511609357842
2016-02-16,0.7750708796346184
2016-02-17,0.7712830840519457
2016-02-18,0.773093004929977
2016-02-19,0.773205030292118
2016-02-22,0.7786926479303222
2016-02-23,0.7739046717150776
2016-02-24,0.7745677465517224
2016-02-25,0.7716931133635171
2016-02-26,0.7745999703409764
2016-02-29,0.7946500681651237
2016-03-01,0.7956804440336747
2016-03-02,0.8140707587098811
2016-03-03,0.8164820365211737
2016-03-04,0.8241572395247284
2016-03-07,0.8247355089911584
2016-03-08,0.8241333054638627
2016-03-09,0.8248909893435077
2016-03-10,0.8033484441805001
2016-03-11,0.8040500702603092
2016-03-14,0.796729360955551
2016-03-15,0.7967016716122709
2016-03-16,0.7935969863024062
2016-03-17,0.7933502842308373
2016-03-18,0.8007349258087801
2016-03-21,0.7916381427802031
2016-03-22,0.7891451815038025
2016-03-23,0.7879835517136792
2016-03-24,0.7680406473590284
2016-03-25,0.7719812524009098
2016-03-28,0.7571688614918902
2016-03-29,0.754841652353081
2016-03-30,0.7351423421724265
2016-03-31,0.7351659125086915
2016-04-01,0.7347879211368844
2016-04-05,0.7299576673265427
2016-04-06,0.7279319160988547
2016-04-07,0.7416462707759361
2016-04-08,0.7472965423363236
2016-04-11,0.7387003824701298
2016-04-12,0.7386609490089786
2016-04-13,0.7355856292383314
2016-04-14,0.7369110088409453
2016-04-15,0.7366507257385236
2016-04-18,0.7493553398993675
2016-04-19,0.746614756542952
2016-04-20,0.7520551927742278
2016-04-21,0.749188778720198
2016-04-22,0.7539204969563167
2016-04-25,0.7501433822026609
2016-04-26,0.7500935887155569
2016-04-27,0.7456329820734939
2016-04-28,0.7461568581981776
2016-04-29,0.743611278194896
2016-05-03,0.8418344736011337
2016-05-04,0.8427233835243119
2016-05-05,0.8414844311399342
2016-05-06,0.8688256227231628
2016-05-09,0.846163383711659
2016-05-10,0.8476596432117058
2016-05-11,0.8530730116566234
2016-05-12,0.8510360311391622
2016-05-13,0.8521478232636092
2016-05-16,0.8475110713060935
2016-05-17,0.8505962535378783
2016-05-18,0.8510428155628827
2016-05-19,0.851757081873452
2016-05-20,0.8556829460928548
2016-05-23,0.8599262756652559
2016-05-24,0.8668346091329403
2016-05-25,0.8687208524535938
2016-05-26,0.8680811724432265
2016-05-27,0.8683006755068138
2016-05-30,0.8677283315404374
2016-05-31,0.9061149999501823
2016-06-01,0.906684351328207
2016-06-02,0.9088629400202247
2016-06-03,0.927512945733075
2016-06-06,0.9288794314272174
2016-06-07,0.9293024054145075
2016-06-08,0.9360453825519576
2016-06-13,0.9219312832031011
2016-06-14,0.9253131314488465
2016-06-15,0.9487130180458611
2016-06-16,0.9491229640511826
2016-06-17,0.9722962018259396
2016-06-20,0.9704759131239664
2016-06-21,0.9724534327637101
2016-06-22,0.9692810979391397
2016-06-23,0.9673246186156118
2016-06-24,0.9834815966317406
2016-06-27,1.01209630688676
2016-06-28,1.008935829359783
2016-06-29,1.004374309575794
2016-06-30,1.0047043292039872
2016-07-01,1.0044318414723505
2016-07-04,0.9778021609764557
2016-07-05,0.9789792082941007
2016-07-06,1.0039714295487256
2016-07-07,1.0076573526801902
2016-07-08,0.9876384931862284
2016-07-11,1.007936564757785
2016-07-12,0.9977985771500607
2016-07-13,0.9885106753796338
2016-07-14,0.988791035825801
2016-07-15,0.9891750790080209
2016-07-18,0.9887380146368668
2016-07-19,1.0101452292694624
2016-07-20,1.0111417717481181
2016-07-21,1.0134541111153612
2016-07-22,1.028712980626737
2016-07-25,1.031258386935763
2016-07-26,1.0568560844066481
2016-07-27,1.055098828883925
2016-07-28,1.0577427810147817
2016-07-29,1.0452586594256283
2016-08-01,1.0838531529830637
2016-08-02,1.077294507388455
2016-08-03,1.0791157699307037
2016-08-04,1.0772742789071348
2016-08-05,1.072781129841219
2016-08-08,1.0581645384430922
2016-08-09,1.0808271831844158
2016-08-10,1.0869797870097386
2016-08-11,1.076448242852641
2016-08-12,1.0202852882316216
2016-08-15,0.9972193390543264
2016-08-16,1.002676688325128
2016-08-17,0.9997282351270274
2016-08-18,1.0066473185719664
2016-08-19,1.0083150241824423
2016-08-22,0.9894084288114997
2016-08-23,0.9858755133619996
2016-08-24,0.9901792736373816
2016-08-25,0.9916551277157379
2016-08-26,0.9924466612465732
2016-08-29,0.9947803576360689
2016-08-30,0.9960552611914494
2016-08-31,0.9964608737786412
2016-09-01,1.0134542807473166
2016-09-02,1.0060012100993325
2016-09-05,1.0106227857471697
2016-09-06,1.0138311913066664
2016-09-07,1.019503275682529
2016-09-08,1.0220769063917754
2016-09-09,1.0208821361100382
2016-09-12,1.0988318856740904
2016-09-13,1.0970038856266464
2016-09-14,1.1027574758455174
2016-09-19,1.11096538154997
2016-09-20,1.1108742931976303
2016-09-21,1.1117034297161905
2016-09-22,1.1392654993045719
2016-09-23,1.140735555177036
2016-09-26,1.1854084753853629
2016-09-27,1.1877120063015079
2016-09-28,1.190229966383559
2016-09-29,1.1961124517519952
2016-09-30,1.207904716657605
2016-10-10,1.1895149760534318
2016-10-11,1.1799798195259457
2016-10-12,1.1786558679846662
2016-10-13,1.1764139209840376
2016-10-14,1.1766557740981196
2016-10-17,1.1433861607563867
2016-10-18,1.1510711724818776
2016-10-19,1.1527311786953929
2016-10-20,1.1520727590189466
2016-10-21,1.1494560741476167
2016-10-24,1.1177672231800215
2016-10-25,1.1167554955611863
2016-10-26,1.0937983834303446
2016-10-27,1.0986091972106018
2016-10-28,1.0873747712980275
2016-10-31,1.091186629669717
2016-11-01,1.0882813992411138
2016-11-02,1.1070041559714678
2016-11-03,1.0877133432461632
2016-11-04,1.0995340851075488
2016-11-07,1.1006959413625446
2016-11-08,1.1089792569648074
2016-11-09,1.1102702857153919
2016-11-10,1.0956639670733683
2016-11-11,1.0579810033044739
2016-11-14,1.0381059174515854
2016-11-15,1.0362640048702711
2016-11-16,1.0374384336234188
2016-11-17,1.0381224606738644
2016-11-18,1.0354908621674563
2016-11-21,1.0170261483909888
2016-11-22,0.9919821500764027
2016-11-23,1.001186456785249
2016-11-24,0.9993772866505214
2016-11-25,0.9695803414406512
2016-11-28,0.9757091597049408
2016-11-29,1.0549546833892387
2016-11-30,1.0952846222994668
2016-12-01,1.0899414728254102
2016-12-02,1.0927842533404082
2016-12-05,1.0214599603931425
2016-12-06,0.9991781558077719
2016-12-07,0.9921935694172876
2016-12-08,0.9812651768706617
2016-12-09,0.9556572680191792
2016-12-12,1.0070790430147514
2016-12-13,0.9987587278178731
2016-12-14,1.0340293464919976
2016-12-15,1.006957823899489
2016-12-16,1.0074635744730274
2016-12-19,0.9735811983293503
2016-12-20,0.9959326288153236
2016-12-21,0.9880325978718438
2016-12-22,0.9898088096371298
2016-12-23,1.0455199777267747
2016-12-26,1.0353791760298472
2016-12-27,1.0345256255728237
2016-12-28,1.0469864330372158
2016-12-29,1.047253334050872
2016-12-30,1.0649488980524093
2017-01-03,1.0466835748760641
2017-01-04,1.1207194573034274
2017-01-05,1.1208167780085136
2017-01-06,1.0965737605706602
2017-01-09,1.1034573779325745
2017-01-10,1.1014027674915667
2017-01-11,1.1287365827838012
2017-01-12,1.1323727613937877
2017-01-13,1.1342904601936317
2017-01-16,1.1348466765537597
2017-01-17,1.139924689544106
2017-01-18,1.1882557952007193
2017-01-19,1.1878910124920454
2017-01-20,1.1605740598994883
2017-01-23,1.1711279618693995
2017-01-24,1.171665877876042
2017-01-25,1.1599928856895214
2017-01-26,1.1414842394172535
2017-02-03,1.168908347847377
2017-02-06,1.1662734259252603
2017-02-07,1.1636731382188548
2017-02-08,1.1915652035547502
2017-02-09,1.1951390898381224
2017-02-10,1.211480630335431
2017-02-13,1.2521640037327029
2017-02-14,1.2514769895122648
2017-02-15,1.2568073426689976
2017-02-16,1.2403531688824119
2017-02-17,1.181098341723763
2017-02-20,1.4975454463334728
2017-02-21,1.4698579284082416
2017-02-22,1.4762715958094395
2017-02-23,1.5085238374670686
2017-02-24,1.5085227089225401
2017-02-27,1.554976456157607
2017-02-28,1.556163964865634
2017-03-01,1.5617462799389412
2017-03-02,1.5258022533101663
2017-03-03,1.522160095956258
2017-03-06,1.537696231609137
2017-03-07,1.563478457321142
2017-03-08,1.5802301187761132
2017-03-09,1.5857829628693287
2017-03-10,1.5850091216029774
2017-03-13,1.6350272841635045
2017-03-14,1.6400514399473238
2017-03-15,1.6401647258770637
2017-03-16,1.5772589774757977
2017-03-17,1.5226720318524054
2017-03-20,1.5258927471032293
2017-03-21,1.659445688560128
2017-03-22,1.6001222034540414
2017-03-23,1.5694972057098018
2017-03-24,1.4742897558815493
2017-03-27,1.4995901155020563
2017-03-28,1.4865267831432842
2017-03-29,1.4779629693167429
2017-03-30,1.4627222260753794
2017-03-31,1.4561844995426836
2017-04-05,1.3160747435911786
2017-04-06,1.3032248754749962
2017-04-07,1.3010607675492747
2017-04-10,1.3462707191503942
2017-04-11,1.3032930691471738
2017-04-12,1.2577085213625858
2017-04-13,1.272239617359428
2017-04-14,1.2775623269158318
2017-04-17,1.2558771143635927
2017-04-18,1.1675055455157695
2017-04-19,1.1423340534866724
2017-04-20,1.2320853385474044
2017-04-21,1.2291975104137092
2017-04-24,1.345583470851263
2017-04-25,1.4277686308016186
2017-04-26,1.412911857538966
2017-04-27,1.414084178930667
2017-04-28,1.4270290442048532
2017-05-02,1.4676394694540589
2017-05-03,1.4330537017586649
2017-05-04,1.4500532507724715
2017-05-05,1.4331026004980916
2017-05-08,1.55914088120298
2017-05-09,1.5224745904914212
2017-05-10,1.516438280476736
2017-05-11,1.5572732195229668
2017-05-12,1.5860429509044873
2017-05-15,1.6250917461700443
2017-05-16,1.849749910470455
2017-05-17,1.9136591828377052
2017-05-18,1.891655719226275
2017-05-19,1.9011933613731697
2017-05-22,1.896837477966253
2017-05-23,1.9398956184609468
2017-05-24,1.9406695936864837
2017-05-25,1.499807735339965
2017-05-26,1.5017735869796824
2017-05-31,1.5034610929523857
2017-06-01,1.508427594309495
2017-06-02,1.5167064889951638
2017-06-05,1.5555085319317576
2017-06-06,1.6387179005027253
2017-06-07,1.8471062058040892
2017-06-08,1.8236945171603378
2017-06-09,1.8392451787333464
2017-06-12,1.8137137239754615
2017-06-13,1.8043289357753869
2017-06-14,1.7677830223655697
2017-06-15,1.801850921007324
2017-06-16,1.8004804243071835
2017-06-19,1.7540992306142624
2017-06-20,1.759844150065816
2017-06-21,1.9210857877749274
2017-06-22,1.9186783623947934
2017-06-23,1.9059738870287952
2017-06-26,1.9538011470326608
2017-06-27,1.9562433153796766
2017-06-28,2.009689402729304
2017-06-29,1.955001353090376
2017-06-30,1.9525706366226436
2017-07-03,2.0084989171454364
2017-07-04,2.0608379102439622
2017-07-05,2.024465357491797
2017-07-06,2.025485237353404
2017-07-07,2.0418344220989253
2017-07-10,2.0314515852854114
2017-07-11,2.049158030712606
2017-07-12,2.094379857075857
2017-07-13,2.0254620363628932
2017-07-14,2.020048586058681
2017-07-17,2.0107672955968767
2017-07-18,2.018085490785275
2017-07-19,1.9062941377819518
2017-07-20,1.9305749568483244
2017-07-21,1.9095347897692718
2017-07-24,1.935536240472117
2017-07-25,1.9293438260896862
2017-07-26,1.9668073159081956
2017-07-27,1.959596821303339
2017-07-28,1.9984103259715964
2017-07-31,1.9799735050020268
2017-08-01,1.9661066768918223
2017-08-02,1.983157303389091
2017-08-03,2.0058866760415923
2017-08-04,1.9961938173043254
2017-08-07,2.0614829669827834
2017-08-08,2.057262561634855
2017-08-09,2.0522917565890606
2017-08-10,1.9902030654673812
2017-08-11,1.9137443924509072
2017-08-14,1.9085951784463782
2017-08-15,1.9028809234936828
2017-08-16,1.909790535897157
2017-08-17,1.838377057860893
2017-08-18,1.837627924729173
2017-08-21,1.8095665236110243
2017-08-22,1.7657665249138494
2017-08-23,1.7696603992584534
2017-08-24,1.780891442282103
2017-08-25,1.5657071694143228
2017-08-28,1.5937562967061278
2017-08-29,1.5949714745065435
2017-08-30,1.5911344162041852
2017-08-31,1.6056883787546519
2017-09-01,1.602302647824793
2017-09-04,1.5501694898656737
2017-09-05,1.545287845453343
2017-09-06,1.5514494681461715
2017-09-07,1.5651242719331573
2017-09-08,1.5815467102558427
2017-09-11,1.5768857760285027
2017-09-12,1.5905350500421547
2017-09-13,1.6018589286549596
2017-09-14,1.5971282476537065
2017-09-15,1.597123772401789
2017-09-18,1.6329253255244163
2017-09-19,1.6227667797964993
2017-09-20,1.6170734282105466
2017-09-21,1.6289444241921476
2017-09-22,1.6275512156669045
2017-09-25,1.5131535818867519
2017-09-26,1.5098386436869475
2017-09-27,1.510177464573029
2017-09-28,1.5105839503742589
2017-09-29,1.489915655572424
2017-10-09,1.5190725549245614
2017-10-10,1.5270862762626254
2017-10-11,1.58282173866301
2017-10-12,1.565659811569413
2017-10-13,1.5769945888188373
2017-10-16,1.625333972839728
2017-10-17,1.6227784051847893
2017-10-18,1.6636487682534995
2017-10-19,1.5791193538851034
2017-10-20,1.586298917383749
2017-10-23,1.5859000586346703
2017-10-24,1.605088537312163
2017-10-25,1.5548791718099488
2017-10-26,1.6279767658641002
2017-10-27,1.7934995766886177
2017-10-30,1.8189573305106734
2017-10-31,1.8231673572003777
2017-11-01,1.7994805940884493
2017-11-02,1.798158524737022
2017-11-03,1.7833534172023573
2017-11-06,1.8563088750447645
2017-11-07,1.8318277909076528
2017-11-08,1.8405207557822094
2017-11-09,1.8217272022370528
2017-11-10,2.0263544142643504
2017-11-13,1.9973730200465256
2017-11-14,2.0936583065222996
2017-11-15,1.8451895210646745
2017-11-16,1.8653951429879694
2017-11-17,1.8007267647326053
2017-11-20,1.6609799888234553
2017-11-21,1.48599068596158
2017-11-22,1.450140111209646
2017-11-23,1.6695025213478647
2017-11-24,1.6695130049369105
2017-11-27,1.620770971030079
2017-11-28,1.6264273752970915
2017-11-29,1.639693979791372
2017-11-30,1.5934545453932674
2017-12-01,1.5952741615168409
2017-12-04,1.658959188561618
2017-12-05,1.6510955832774314
2017-12-06,1.6259618206740158
2017-12-07,1.7044261115584232
2017-12-08,1.7522079629181577
2017-12-11,1.9297171840283232
2017-12-12,1.8129955252556147
2017-12-13,1.8588326528743657
2017-12-14,1.8196971102270452
2017-12-15,1.8341079211705047
2017-12-18,1.850050701226602
2017-12-19,1.8215230549890271
2017-12-20,1.7990221070704098
2017-12-21,1.7644614999980992
2017-12-22,1.783064779349813
2017-12-25,1.7767377585347528
2017-12-26,1.7573300173814486
2017-12-27,1.7221524069941307
2017-12-28,1.7806006763022022
2017-12-29,1.7629059511952443
2018-01-02,1.6844687927206823
2018-01-03,1.6715227413123772
2018-01-04,1.6952086353681817
2018-01-05,1.6889280065266976
2018-01-08,1.662182148676172
2018-01-09,1.7460273660342986
2018-01-10,1.7811552649556295
2018-01-11,1.785064369152435
2018-01-12,1.8327620278486214
2018-01-15,1.8322717758158265
2018-01-16,1.7576954953643587
2018-01-17,1.8154678175869714
2018-01-18,1.8030113185969825
2018-01-19,1.778937670147666
2018-01-22,1.960986918987084
2018-01-23,1.844864650363922
2018-01-24,1.8316584898809514
2018-01-25,1.8454901150600935
2018-01-26,1.8486810194848853
2018-01-29,1.9978134340923939
2018-01-30,1.9468426903588585
2018-01-31,1.988723594887509
2018-02-01,1.9970693417377878
2018-02-02,1.9544852049677603
2018-02-05,1.9490818910270333
2018-02-06,1.6194055646318488
2018-02-07,1.8176179829520016
2018-02-08,1.741989717702059
2018-02-09,1.2739051296994786
2018-02-12,1.3361299831261582
2018-02-13,1.3222337067501881
2018-02-14,1.334315701589985
2018-02-22,1.391567960516713
2018-02-23,1.3822737296853587
2018-02-26,1.3232071972525308
2018-02-27,1.3531478058192767
2018-02-28,1.372026355619184
2018-03-01,1.362762741201966
2018-03-02,1.3649620795740876
2018-03-05,1.3641257201320585
2018-03-06,1.3623364556942028
2018-03-07,1.348626874718472
2018-03-08,1.4110662144611659
2018-03-09,1.3994101905167486
2018-03-12,1.3842033683966284
2018-03-13,1.398246345943595
2018-03-14,1.3823683058933398
2018-03-15,1.407374866784304
2018-03-16,1.4098745175637486
2018-03-19,1.413323096522014
2018-03-20,1.409607404003241
2018-03-21,1.4179038343983266
2018-03-22,1.455549432394984
2018-03-23,1.2973217260218681
2018-03-26,1.3104986376921106
2018-03-27,1.2586755721887906
2018-03-28,1.3595678857715576
2018-03-29,1.4160762278222778
2018-03-30,1.4121696334858105
2018-04-02,1.409429732466509
2018-04-03,1.3874214910925715
2018-04-04,1.3715264455759495
2018-04-09,1.3716673233172547
2018-04-10,1.3092810948364082
2018-04-11,1.306687386104259
2018-04-12,1.3120884862231197
2018-04-13,1.3236113734185473
2018-04-16,1.2619195488073074
2018-04-17,1.246712795851395
2018-04-18,1.232413282554012
2018-04-19,1.3340532377866436
2018-04-20,1.3176547843212614
2018-04-23,1.317208392324022
2018-04-24,1.359848090408786
2018-04-25,1.357430387250746
2018-04-26,1.420160780046021
2018-04-27,1.418751161766142
2018-05-02,1.4339709398245557
2018-05-03,1.468699487281507
2018-05-04,1.4736838989766605
2018-05-07,1.5265203249674333
2018-05-08,1.4895090400612592
2018-05-09,1.4879022791035699
2018-05-10,1.5020740229343894
2018-05-11,1.5066047405042813
2018-05-14,1.5093246738685557
2018-05-15,1.514516058726418
2018-05-16,1.5007310385836903
2018-05-17,1.5242568228118083
2018-05-18,1.505735061984299
2018-05-21,1.4939067511793116
2018-05-22,1.484825659185828
2018-05-23,1.4754293934559033
2018-05-24,1.50695245025625
2018-05-25,1.5025464267749378
2018-05-28,1.5353870327095496
2018-05-29,1.5405425591939026
2018-05-30,1.379937548354255
2018-05-31,1.3735630083313797
2018-06-01,1.3638529564324742
2018-06-04,1.4129522052153347
2018-06-05,1.408098772509881
2018-06-06,1.4112219873814378
2018-06-07,1.4157198353533362
2018-06-08,1.3828553222020143
2018-06-11,1.383656884480194
2018-06-12,1.4440311186191297
2018-06-13,1.4301473308647543
2018-06-14,1.4361994513487606
2018-06-15,1.4435838939064876
2018-06-19,1.38783872209978
2018-06-20,1.4027087521406782
2018-06-21,1.4005712611568735
2018-06-22,1.3878593847141885
2018-06-25,1.2931692211511328
2018-06-26,1.290556627681208
2018-06-27,1.4075903576197912
2018-06-28,1.4479866223073392
2018-06-29,1.4245784252245561
2018-07-02,1.3509039612860916
2018-07-03,1.34790523070903
2018-07-04,1.3587762160062873
2018-07-05,1.3506839407718843
2018-07-06,1.3570089934252358
2018-07-09,1.3670651154703781
2018-07-10,1.3648515998683965
2018-07-11,1.3529136878810522
2018-07-12,1.3398055194890242
2018-07-13,1.3492125790137948
2018-07-16,1.3472262702845725
2018-07-17,1.355935861130329
2018-07-18,1.3584057108490337
2018-07-19,1.3582794714680668
2018-07-20,1.2911957233300704
2018-07-23,1.2504340271106265
2018-07-24,1.2943280124195327
2018-07-25,1.2943053871186363
2018-07-26,1.2884497949138196
2018-07-27,1.2856181879048953
2018-07-30,1.290074731636649
2018-07-31,1.2889326146699704
2018-08-01,1.3009385639640856
2018-08-02,1.3056763320630038
2018-08-03,1.3318120795413035
2018-08-06,1.3381281248554087
2018-08-07,1.3154314271084078
2018-08-08,1.3341871894610349
2018-08-09,1.3226216614440998
2018-08-10,1.3202608193921979
2018-08-13,1.3295799095205187
2018-08-14,1.3193458530366768
2018-08-15,1.3076765039077272
2018-08-16,1.3218583134234665
2018-08-17,1.3052385542464282
2018-08-20,1.3169170555821312
2018-08-21,1.34521412235219
2018-08-22,1.3468448742350554
2018-08-23,1.3478325275013368
2018-08-24,1.342689033579043
2018-08-27,1.3554754219779346
2018-08-28,1.3581818374555603
2018-08-29,1.3602030532411864
2018-08-30,1.347928295716143
2018-08-31,1.3581685429920438
2018-09-03,1.3553548662731782
2018-09-04,1.3479478344455513
2018-09-05,1.3568643594574097
2018-09-06,1.3635662347441546
2018-09-07,1.3709450352646613
2018-09-10,1.3464885397294608
2018-09-11,1.34424396553645
2018-09-12,1.3556155637530627
2018-09-13,1.341732474743875
2018-09-14,1.3486291414471232
2018-09-17,1.317088606873534
2018-09-18,1.3033885034727437
2018-09-19,1.3071116086899404
2018-09-20,1.3070735018057023
2018-09-21,1.2754301806908066
2018-09-25,1.2815587223616591
2018-09-26,1.3023854426237158
2018-09-27,1.2987301541995084
2018-09-28,1.2916805256915915
2018-10-08,1.3393343310790313
2018-10-09,1.339406104157502
2018-10-10,1.3471252317774267
2018-10-11,1.2173609031070676
2018-10-12,1.2271730506738763
2018-10-15,1.2359298976395339
2018-10-16,1.2264048090386503
2018-10-17,1.2265311094139464
2018-10-18,1.2153547642750189
2018-10-19,1.1875704558463551
2018-10-22,1.1838126854757196
2018-10-23,1.2613264933594173
2018-10-24,1.2569765122868335
2018-10-25,1.2519556791667084
2018-10-26,1.2523622546623097
2018-10-29,1.3898782647688166
2018-10-30,1.3533036559291924
2018-10-31,1.3484001432974417
2018-11-01,1.3613890078675497
2018-11-02,1.4470592176128871
2018-11-05,1.4610085987630255
2018-11-06,1.4649289686099989
2018-11-07,1.4628468737831761
2018-11-08,1.4610319942577032
2018-11-09,1.452822367657468
2018-11-12,1.437398901474393
2018-11-13,1.4456102260744499
2018-11-14,1.4504270920251268
2018-11-15,1.4425164492001066
2018-11-16,1.4406457369512007
2018-11-19,1.4444102119509148
2018-11-20,1.419861392477338
2018-11-21,1.4214953493963742
2018-11-22,1.4204008172574762
2018-11-23,1.3970234846204874
2018-11-26,1.396931190595447
2018-11-27,1.397267290124807
2018-11-28,1.3864247742449052
2018-11-29,1.3613677297066522
2018-11-30,1.3862764552814728
2018-12-03,1.418097571976994
2018-12-04,1.4171080239856044
2018-12-05,1.4143636796087613
2018-12-06,1.4219815000839133
2018-12-07,1.4220815884914124
2018-12-10,1.4218041679508546
2018-12-11,1.4231245041190657
2018-12-12,1.423799773154822
2018-12-13,1.4147212262106101
2018-12-14,1.4070215670673123
2018-12-17,1.407140888644674
2018-12-18,1.3904543861826206
2018-12-19,1.3796230606996083
2018-12-20,1.381495915818856
2018-12-21,1.389760701317244
2018-12-24,1.3908710013503496
2018-12-25,1.3855209208372388
2018-12-26,1.3863986656217886
2018-12-27,1.3863048029586378
2018-12-28,1.3902652973157439
2019-01-02,1.3894462207628326
2019-01-03,1.3915402819022324
2019-01-04,1.335143799832844
2019-01-07,1.3263018128343218
2019-01-08,1.3268585308102179
2019-01-09,1.3357677434212762
2019-01-10,1.3359072161039818
2019-01-11,1.342145809538325
2019-01-14,1.3520840387997999
2019-01-15,1.449267771917597
2019-01-16,1.4485409001911946
2019-01-17,1.4466984003147216
2019-01-18,1.4719148430789146
2019-01-21,1.4934474638450566
2019-01-22,1.4842399386181675
2019-01-23,1.4842448460565545
2019-01-24,1.479784186647637
2019-01-25,1.467815207826611
2019-01-28,1.4673399836597196
2019-01-29,1.4739068790415302
2019-01-30,1.4852501620079404
2019-01-31,1.5387194211358446
2019-02-01,1.5237186799825482
2019-02-11,1.5946373204458786
2019-02-12,1.5840521095750735
2019-02-13,1.5536484641692243
2019-02-14,1.5583541871861355
2019-02-15,1.5445576050209877
2019-02-18,1.5527906326059158
2019-02-19,1.5529244400803606
2019-02-20,1.5464791327670302
2019-02-21,1.5500431111967252
2019-02-22,1.473831662877159
2019-02-25,1.2324634197973625
2019-02-26,1.2523361693604966
2019-02-27,1.248330013247616
2019-02-28,1.2423257509492462
2019-03-01,1.3076051697722781
2019-03-04,1.309532278892886
2019-03-05,1.3089784077011388
2019-03-06,1.293459422777061
2019-03-07,1.3200075541591756
2019-03-08,1.2596927793307795
2019-03-11,1.3213467178987004
2019-03-12,1.311348674600051
2019-03-13,1.2914700614323065
2019-03-14,1.2806661692833141
2019-03-15,1.2854174912216654
2019-03-18,1.4323125439118247
2019-03-19,1.433067015104986
2019-03-20,1.4331353592300908
2019-03-21,1.4332698578588388
2019-03-22,1.431547788242629
2019-03-25,1.4407443669225164
2019-03-26,1.4033027595177099
2019-03-27,1.4280344771881646
2019-03-28,1.415345596818305
2019-03-29,1.4040737354042405
2019-04-01,1.3604822623859223
2019-04-02,1.3609296228994814
2019-04-03,1.3355878517890938
2019-04-04,1.363738110153324
2019-04-08,1.3608313080229373
2019-04-09,1.3842310642725173
2019-04-10,1.378929604300875
2019-04-11,1.4537249535707797
2019-04-12,1.4535677693968774
2019-04-15,1.4485977847808391
2019-04-16,1.3892188957759353
2019-04-17,1.388856188901027
2019-04-18,1.3922337461754222
2019-04-19,1.367312533595918
2019-04-22,1.3133305712573553
2019-04-23,1.3065661470609877
2019-04-24,1.3039476899013356
2019-04-25,1.3047180894956871
2019-04-26,1.2630480750615507
2019-04-29,1.2619510089231287
2019-04-30,1.2606964360659734
2019-05-06,1.3782612122734055
2019-05-07,1.3974455650254414
2019-05-08,1.3777562316640415
2019-05-09,1.4027892762052985
2019-05-10,1.4738761075542564
2019-05-13,1.3950002577410092
2019-05-14,1.3964737791593147
2019-05-15,1.457851918887105
2019-05-16,1.4556514539846446
2019-05-17,1.4491800353097333
2019-05-20,1.4566480119315093
2019-05-21,1.4385690844197854
2019-05-22,1.4396218532940124
2019-05-23,1.451570503262991
2019-05-24,1.4528415076961125
2019-05-27,1.4448620262883165
2019-05-28,1.44177094450927
2019-05-29,1.4386217839673523
2019-05-30,1.4414799868789359
2019-05-31,1.4455165495839573
2019-06-03,1.4455494032152225
2019-06-04,1.453491750992981
2019-06-05,1.453509488686995
2019-06-06,1.4443265093635165
2019-06-10,1.4584902269137445
2019-06-11,1.5569471417237013
2019-06-12,1.5580095372630292
2019-06-13,1.559131275350259
2019-06-14,1.5633628878100336
2019-06-17,1.5635633668970963
2019-06-18,1.5626705114423252
2019-06-19,1.5577725078830449
2019-06-20,1.6059255053858246
2019-06-21,1.605550625429095
2019-06-24,1.6075397171421253
2019-06-25,1.5935467436258604
2019-06-26,1.5950684412486564
2019-06-27,1.6072129789139982
2019-06-28,1.6049328604137618
2019-07-01,1.659072329604702
2019-07-02,1.658894503927255
2019-07-03,1.6750380709953387
2019-07-04,1.6744095918398394
2019-07-05,1.69551393194903
2019-07-08,1.6583871443413256
2019-07-09,1.6597703157721948
2019-07-10,1.6583573679432342
2019-07-11,1.6597862863402106
2019-07-12,1.6632791213403535
2019-07-15,1.6586207349107005
2019-07-16,1.6615703127851844
2019-07-17,1.661422156443015
2019-07-18,1.668393274793681
2019-07-19,1.6577771234631529
2019-07-22,1.6407485996440678
2019-07-23,1.6335239765848195
2019-07-24,1.616714547083605
2019-07-25,1.6207511774262608
2019-07-26,1.6192207310708973
2019-07-29,1.6152666027827092
2019-07-30,1.6079409074969753
2019-07-31,1.613035318127973
2019-08-01,1.614642795067229
2019-08-02,1.585346105721081
2019-08-05,1.5378671285437588
2019-08-06,1.4654688062182668
2019-08-07,1.473640126003698
2019-08-08,1.4617704917784622
2019-08-09,1.4716668228812428
2019-08-12,1.5019900376838382
2019-08-13,1.4924889024877956
2019-08-14,1.5046237241221352
2019-08-15,1.5023753000544429
2019-08-16,1.4988514465623903
2019-08-19,1.438504109057768
2019-08-20,1.4368254123612842
2019-08-21,1.4396744773854808
2019-08-22,1.4461145312036263
2019-08-23,1.4314231675441966
2019-08-26,1.4336472926244328
2019-08-27,1.4684037887712034
2019-08-28,1.458892859026809
2019-08-29,1.4449005612274737
2019-08-30,1.4542114615731443
2019-09-02,1.4215223402605757
2019-09-03,1.4206101183654443
2019-09-04,1.3752942453628694
2019-09-05,1.3586638281097423
2019-09-06,1.3575448373470704
2019-09-09,1.3432853991504763
2019-09-10,1.3497826576746144
2019-09-11,1.4135589636099115
2019-09-12,1.416530999216512
2019-09-16,1.4165764808406283
2019-09-17,1.3372174317369228
2019-09-18,1.3551818082856348
2019-09-19,1.3487036096029454
2019-09-20,1.3527059402744623
2019-09-23,1.352825367370015
2019-09-24,1.3561012181784686
2019-09-25,1.3419510699836543
2019-09-26,1.3542731011955946
2019-09-27,1.3506464894421586
2019-09-30,1.3839809145412825
2019-10-08,1.399227804195299
2019-10-09,1.3970969792430834
2019-10-10,1.3682370605171197
2019-10-11,1.3462523537296287
2019-10-14,1.3098302181120496
2019-10-15,1.2919872613987409
2019-10-16,1.3039956540789075
2019-10-17,1.30395855068352
2019-10-18,1.319397847389478
2019-10-21,1.3197410502775824
2019-10-22,1.3205663721960383
2019-10-23,1.3279340471982322
2019-10-24,1.3305484977503708
2019-10-25,1.3598499441315341
2019-10-28,1.365391716718005
2019-10-29,1.348654807065562
2019-10-30,1.34661145008137
2019-10-31,1.3433121952826903
2019-11-01,1.3013414289276566
2019-11-04,1.2918410114717689
2019-11-05,1.2814197622684407
2019-11-06,1.2896533871677065
2019-11-07,1.289988431646074
2019-11-08,1.2694105194414946
2019-11-11,1.233974784135725
2019-11-12,1.2343105388359725
2019-11-13,1.2315843592236926
2019-11-14,1.2305335141006273
2019-11-15,1.2311312416086782
2019-11-18,1.2048976242502674
2019-11-19,1.1822488594622624
2019-11-20,1.1437098961617098
2019-11-21,1.1410304021309392
2019-11-22,1.2054775742531185
2019-11-25,1.1843150164077358
2019-11-26,1.193833369278903
2019-11-27,1.181713296185099
2019-11-28,1.1836142607966638
2019-11-29,1.220715847521741
2019-12-02,1.2171150458131073
2019-12-03,1.2032563944364856
2019-12-04,1.2005546313492614
2019-12-05,1.174064896518354
2019-12-06,1.1988105614355888
2019-12-09,1.200082897687973
2019-12-10,1.2002839762286304
2019-12-11,1.198345752320535
2019-12-12,1.2036785345916623
2019-12-13,1.1420522370917097
2019-12-16,1.1262060956598916
2019-12-17,1.1083108831916035
2019-12-18,1.1027030414441845
2019-12-19,1.1058469958684294
2019-12-20,1.108785289678527
2019-12-23,1.085402870355342
2019-12-24,1.07964088196915
2019-12-25,1.0807195609298599
2019-12-26,1.0560079320338767
2019-12-27,1.0528954238721386
2019-12-30,1.1128416440712263
2019-12-31,1.1099529094948901
2020-01-02,1.0218087108228036
2020-01-03,1.028256573492802
2020-01-06,1.036559356724982
2020-01-07,1.0218754890188633
2020-01-08,0.9933106362224445
2020-01-09,0.9997999059258187
2020-01-10,0.9951571691746216
2020-01-13,1.0949642581980277
2020-01-14,1.1000915480912272
2020-01-15,1.059424154191676
2020-01-16,1.0554786840486459
2020-01-17,1.0498561077250945
2020-01-20,1.0143492447694291
2020-01-21,1.114137917432941
2020-01-22,1.0995632858345878
2020-01-23,1.1611925930749734
2020-02-03,1.2276634987197634
2020-02-04,1.1683163061063262
2020-02-05,1.1821162474459457
2020-02-06,1.1681326226243072
2020-02-07,1.1679432068581719
2020-02-10,1.1677466587485208
2020-02-11,1.1850669571951422
2020-02-12,1.175473403553912
2020-02-13,1.172721631496322
2020-02-14,1.1627797227831471
2020-02-17,1.120011913622381
2020-02-18,1.120991361656088
2020-02-19,1.1166830542736452
2020-02-20,1.1329742077539189
2020-02-21,1.1327642818074983
2020-02-24,1.1407174422113775
2020-02-25,1.1438452274922564
2020-02-26,1.1376426700210724
2020-02-27,1.1419284008708366
2020-02-28,1.158399305317746
2020-03-02,1.0951618248368706
2020-03-03,1.0990667600769393
2020-03-04,1.0995379907319662
2020-03-05,1.178488011631317
2020-03-06,1.1854934479031
2020-03-09,1.1527800422419567
2020-03-10,1.170714315996813
2020-03-11,1.1603977991396173
2020-03-12,1.1726857728403812
2020-03-13,1.185420253332725
2020-03-16,1.2078640264130294
2020-03-17,1.2154698080404547
2020-03-18,1.2425555805492698
2020-03-19,1.2759149579214788
2020-03-20,1.3308428259540939
2020-03-23,1.311834102211561
2020-03-24,1.327214541859999
2020-03-25,1.3447756604737926
2020-03-26,1.3413769395993955
2020-03-27,1.3443045369280047
2020-03-30,1.3501331072050213
2020-03-31,1.3533492825337292
2020-04-01,1.3529043855722018
2020-04-02,1.3492645388427151
2020-04-03,1.3448961194226632
2020-04-07,1.3880943075317944
2020-04-08,1.3828385202612297
2020-04-09,1.3808645171130107
2020-04-10,1.3708557840635645
2020-04-13,1.373146672955659
2020-04-14,1.3745093911241577
2020-04-15,1.371148800623142
2020-04-16,1.3694146386535841
2020-04-17,1.3758147773647678
2020-04-20,1.3753339736639498
2020-04-21,1.3814171534867021
2020-04-22,1.395057559441084
2020-04-23,1.3926763646101716
2020-04-24,1.3818447224730301
2020-04-27,1.3818820822400522
2020-04-28,1.4068326432749256
2020-04-29,1.3922887414694274
2020-04-30,1.37521291606097
2020-05-06,1.380842893709372
2020-05-07,1.3719019047426946
2020-05-08,1.3647798763857546
2020-05-11,1.3654773148811852
2020-05-12,1.3653465982366446
2020-05-13,1.369370599142492
2020-05-14,1.3495718351955572
2020-05-15,1.3509585704668872
2020-05-18,1.360813000604033
2020-05-19,1.350111115586443
2020-05-20,1.3484054153852685
2020-05-21,1.339946925149735
2020-05-22,1.3906362054261794
2020-05-25,1.3938168290271904
2020-05-26,1.3785007750986014
2020-05-27,1.380021641879301
2020-05-28,1.3784287686305934
2020-05-29,1.3815986381796164
2020-06-01,1.4845261983951308
2020-06-02,1.4832040435370897
2020-06-03,1.4832342181740945
2020-06-04,1.4827957692607994
2020-06-05,1.4827864495495937
2020-06-08,1.4795059261383379
2020-06-09,1.481609539719611
2020-06-10,1.4811922104872788
2020-06-11,1.4808530119347731
2020-06-12,1.4820562868331164
2020-06-15,1.5005399980639722
2020-06-16,1.4609826234905916
2020-06-17,1.4599178283810754
2020-06-18,1.465228482999772
2020-06-19,1.5134689767201295
2020-06-22,1.5126879645989015
2020-06-23,1.5281376574362813
2020-06-24,1.5261097595205364
2020-06-29,1.5219378763761426
2020-06-30,1.5235717460241631
2020-07-01,1.6184398805882123
2020-07-02,1.63877894452958
2020-07-03,1.542826656554178
2020-07-06,1.176380731675994
2020-07-07,1.197112696324209
2020-07-08,1.1773033132941344
2020-07-09,1.1567438483979777
2020-07-10,1.0884938498129662
2020-07-13,1.1480797346853528
2020-07-14,1.1251112786867508
2020-07-15,1.0880407044345901
2020-07-16,1.2817023206072895
2020-07-17,1.2864245334540203
2020-07-20,1.1538785354295145
2020-07-21,1.155871255592577
2020-07-22,1.1591851859116349
2020-07-23,1.1586516262785846
2020-07-24,1.1300876491850895
2020-07-27,1.132420600805523
2020-07-28,1.156127533003166
2020-07-29,1.112646165493449
2020-07-30,1.1080900457828171
2020-07-31,1.1050462102561307
2020-08-03,1.0832833326683595
2020-08-04,1.0831016870433041
2020-08-05,1.082753624779699
2020-08-06,1.091140715936303
2020-08-07,1.0973149849996302
2020-08-10,1.0944506032559325
2020-08-11,1.0740522880342669
2020-08-12,1.07755125725849
2020-08-13,1.0762809205191253
2020-08-14,1.0919931668421248
2020-08-17,1.1057062327544875
2020-08-18,1.1054263383831238
2020-08-19,1.0730332375598475
2020-08-20,1.0888339479460174
2020-08-21,1.0880952197417373
2020-08-24,1.102086589210155
2020-08-25,1.1049487470662953
2020-08-26,1.0854405755646659
2020-08-27,1.0850110299332092
2020-08-28,1.047473247745615
2020-08-31,1.0456204115526218
2020-09-01,1.0352104352642584
2020-09-02,1.0353893728103791
2020-09-03,1.022388673834832
2020-09-04,1.0508427212488372
2020-09-07,1.035798225190221
2020-09-08,1.0212900383545958
2020-09-09,1.0192720132605413
2020-09-10,1.0164893524906473
2020-09-11,1.0263244407081
2020-09-14,1.0280472130883287
2020-09-15,1.0214789462626557
2020-09-16,1.031378902726824
2020-09-17,1.0379788553956892
2020-09-18,1.0537955507356356
2020-09-21,1.0656705749524915
2020-09-22,1.0616915868633197
2020-09-23,1.0542797279739353
2020-09-24,1.0416886818000537
2020-09-25,1.0419496374162722
2020-09-28,1.0445069562029703
2020-09-29,1.043573017723091
2020-09-30,1.0426367217695025
2020-10-09,1.0604738964970213
2020-10-12,1.1546347336651503
2020-10-13,1.153737754590585
2020-10-14,1.1577356195829402
2020-10-15,1.1579228405342874
2020-10-16,1.159517841341337
2020-10-19,1.1546983928138423
2020-10-20,1.1637670087693222
2020-10-21,1.1635683383883058
2020-10-22,1.1623195847467678
2020-10-23,1.1744239918366866
2020-10-26,1.1831037404936993
2020-10-27,1.1833681879583182
2020-10-28,1.2011325854312636
2020-10-29,1.2314090135441291
2020-10-30,1.239016132898444
2020-11-02,1.2374108143757585
2020-11-03,1.2427318007960841
2020-11-04,1.2428495899617062
2020-11-05,1.2545158019240306
2020-11-06,1.2544530063666683
2020-11-09,1.295291599256206
2020-11-10,1.281375503073795
2020-11-11,1.2851037594842427
2020-11-12,1.2848165797845768
2020-11-13,1.280547004152091
2020-11-16,1.3030877209872698
2020-11-17,1.3075687734661217
2020-11-18,1.3109018812969448
2020-11-19,1.3035588137221723
2020-11-20,1.3073349506097887
2020-11-23,1.3039672017799815
2020-11-24,1.2993510315850838
2020-11-25,1.3339961693949027
2020-11-26,1.3313688537532675
2020-11-27,1.311026944476409
2020-11-30,1.3312148228554062
2020-12-01,1.2872602255310877
2020-12-02,1.2864429901361905
2020-12-03,1.2839692911156566
2020-12-04,1.287582338529653
2020-12-07,1.253659163342803
2020-12-08,1.2491583151467964
2020-12-09,1.2312892529636112
2020-12-10,1.2324649136102426
2020-12-11,1.2112676182754698
2020-12-14,1.2249641440814127
2020-12-15,1.2213944231979
2020-12-16,1.2238353130520523
2020-12-17,1.2153123782511424
2020-12-18,1.2152987043647496
2020-12-21,1.2253507805072579
2020-12-22,1.1625988013683013
2020-12-23,1.1252839900969147
2020-12-24,1.1285803192546875
2020-12-25,1.1164459289544106
2020-12-28,1.1400111028913007
2020-12-29,1.15216219364427
2020-12-30,1.1626496590593844
2020-12-31,1.143393501761638
2021-01-04,1.1585857319001465
2021-01-05,1.3243618966523496
2021-01-06,1.3440066837503895
2021-01-07,1.2863735366293103
2021-01-08,1.3120140890042244
2021-01-11,1.382466541667237
2021-01-12,1.3352115715926658
2021-01-13,1.3425459033542912
2021-01-14,1.425491064859041
2021-01-15,1.4269135174707073
2021-01-18,1.3821013831478903
2021-01-19,1.359421176964378
2021-01-20,1.3614231544704325
2021-01-21,1.4106255945278534
2021-01-22,1.4104860044987044
2021-01-25,1.4916397962979213
2021-01-26,1.497495363058995
2021-01-27,1.481960252414366
2021-01-28,1.4111957452393982
2021-01-29,1.3926933979095113
2021-02-01,1.3694797882045762
2021-02-02,1.4101270521812248
2021-02-03,1.4000689446420878
2021-02-04,1.3927752288955
2021-02-05,1.3954594374733187
2021-02-08,1.3509758058850467
2021-02-09,1.3500131413478202
2021-02-10,1.3804514607572433
2021-02-18,1.3998903212296978
2021-02-19,1.4044074351889215
2021-02-22,1.6013687612223761
2021-02-23,1.595892254121594
2021-02-24,1.6899278973951963
2021-02-25,1.673529449659915
2021-02-26,1.6447506441249125
2021-03-01,1.6570457429880838
2021-03-02,1.6692483610793758
2021-03-03,1.6350694587850587
2021-03-04,1.6865015080747627
2021-03-05,1.6838780916294334
2021-03-08,1.7660098078251143
2021-03-09,1.7045922511432792
2021-03-10,1.7236128161836866
2021-03-11,1.7378962020506226
2021-03-12,1.735413814202401
2021-03-15,1.7634264338871601
2021-03-16,1.7876374625974454
2021-03-17,1.7874495817138099
2021-03-18,1.7938076824086082
2021-03-19,1.7658801450216803
2021-03-22,1.744865915999951
2021-03-23,1.7198609321906515
2021-03-24,1.6859022551776988
2021-03-25,1.6868582411243223
2021-03-26,1.6877819086473378
2021-03-29,1.6910141482742538
2021-03-30,1.6805271633377235
2021-03-31,1.6851148024618505
2021-04-01,1.6823426383217446
2021-04-02,1.7070017102328094
2021-04-06,1.703849220580377
2021-04-07,1.7329300874625084
2021-04-08,1.7337874823032686
2021-04-09,1.7381968883001053
2021-04-12,1.71239200685528
2021-04-13,1.7104831665773121
2021-04-14,1.700336794431651
2021-04-15,1.7147154532172026
2021-04-16,1.7215376380842558
2021-04-19,1.6486832616116898
2021-04-20,1.6476319301141904
2021-04-21,1.6497590377956
2021-04-22,1.6487658645437828
2021-04-23,1.6671026977443046
2021-04-26,1.6660187654182055
2021-04-27,1.6721063782038057
2021-04-28,1.6745721595703014
2021-04-29,1.6730324058357111
2021-04-30,1.6758623541131388
2021-05-06,1.691677289078095
2021-05-07,1.682066161829851
2021-05-10,1.6851380331436374
2021-05-11,1.7115403353887795
2021-05-12,1.711502831164299
2021-05-13,1.6949041764013206
2021-05-14,1.6935027248002354
2021-05-17,1.713020448490735
2021-05-18,1.7133649407214437
2021-05-19,1.7066487929599035
2021-05-20,1.70576461743004
2021-05-21,1.7144607579958497
2021-05-24,1.7261520908821038
2021-05-25,1.742171005535078
2021-05-26,1.742051148759058
2021-05-27,1.73868158620559
2021-05-28,1.7380953425706605
2021-05-31,1.7359744596913047
2021-06-01,1.7356154535258876
2021-06-02,1.729627867635411
2021-06-03,1.7132642803628195
2021-06-04,1.7102496632933502
2021-06-07,1.7113931236332545
2021-06-08,1.7565592000124548
2021-06-09,1.755938965971949
2021-06-10,1.7662154708631612
2021-06-11,1.7509542705204002
2021-06-15,1.7298863053760414
2021-06-16,1.7160646551173115
2021-06-17,1.7153537101003917
2021-06-18,1.7153677363094286
2021-06-21,1.7055435135086743
2021-06-22,1.7046853862860905
2021-06-23,1.673014184591116
2021-06-24,1.6738124507297636
2021-06-25,1.665958922386152
2021-06-28,1.672099693996877
2021-06-29,1.6846635410690092
2021-06-30,1.6700891102413535
2021-07-01,1.6699132588656291
2021-07-02,1.6405694959781865
2021-07-05,1.6378022584053082
2021-07-06,1.6391361762130634
2021-07-07,1.6538472419229198
2021-07-08,1.7147019169673656
2021-07-09,1.7105599858143195
2021-07-12,1.6943784314332249
2021-07-13,1.6986690290790094
2021-07-14,1.6644281864668078
2021-07-15,1.6593283682356923
2021-07-16,1.64994829119528
2021-07-19,1.6536082749666938
2021-07-20,1.6527877158474233
2021-07-21,1.6339034395074
2021-07-22,1.6327646131381879
2021-07-23,1.659817552591433
2021-07-26,1.7955206956535283
2021-07-27,1.844309987730261
2021-07-28,1.8501105694212303
2021-07-29,1.743101643997405
2021-07-30,1.7946311087266116
2021-08-02,1.8491694943338741
2021-08-03,1.8497796631537256
2021-08-04,1.802526131733903
2021-08-05,1.8197237297678028
2021-08-06,1.8157838147118825
2021-08-09,1.805847646564705
2021-08-10,1.9040293453350992
2021-08-11,1.9042003397938139
2021-08-12,1.924962832692336
2021-08-13,1.907161040729606
2021-08-16,1.906946505104301
2021-08-17,1.9202341752964622
2021-08-18,1.8757354409716334
2021-08-19,1.8898708987618744
2021-08-20,1.9868892023339937
2021-08-23,1.9303486213969125
2021-08-24,1.9285870859367236
2021-08-25,1.938112063382257
2021-08-26,1.9619793795208205
2021-08-27,1.9490188697912871
2021-08-30,1.9441100688318809
2021-08-31,1.9491394867198295
2021-09-01,1.9580274081523723
2021-09-02,1.9577250719739117
2021-09-03,1.929756860879497
2021-09-06,1.906085646461646
2021-09-07,1.8713230610445704
2021-09-08,1.8785787152399647
2021-09-09,1.87896322207619
2021-09-10,1.89928199858315
2021-09-13,1.9123527246589087
2021-09-14,1.867417880529013
2021-09-15,1.8921710233297608
2021-09-16,1.8611275616521088
2021-09-17,1.8727805153444999
2021-09-22,1.9017204619875705
2021-09-23,1.8922934830801168
2021-09-24,1.8883261495306234
2021-09-27,1.976301481227406
2021-09-28,1.9718327856754885
2021-09-29,1.921950217222723
2021-09-30,1.9106426919055355
2021-10-08,1.9459360487406174
2021-10-11,1.9451748877817903
2021-10-12,1.8932542372592394
2021-10-13,1.9395223618768895
2021-10-14,1.9275050823713702
2021-10-15,1.9062134322867865
2021-10-18,2.031845817685663
2021-10-19,2.026773734693458
2021-10-20,2.0220474434462834
2021-10-21,2.020424499834003
2021-10-22,2.0274784208628036
2021-10-25,2.004856468941377
2021-10-26,1.999246793102486
2021-10-27,1.9852893522794368
2021-10-28,1.9701948484615928
2021-10-29,1.9473753695884852
2021-11-01,1.9824287725601377
2021-11-02,1.9750298913937443
2021-11-03,1.9772479115780193
2021-11-04,2.018353295957629
2021-11-05,1.9858603704432412
2021-11-08,1.9861591728418684
2021-11-09,1.9866800469594506
2021-11-10,1.991214485645887
2021-11-11,1.892723337984202
2021-11-12,1.8968910451704502
2021-11-15,1.8949485927693897
2021-11-16,1.8967181754350446
2021-11-17,1.8963500612812068
2021-11-18,1.8838394567682237
2021-11-19,1.8810627922325032
2021-11-22,1.8892657959049521
2021-11-23,1.889105117710603
2021-11-24,1.8966166309346053
2021-11-25,1.8952016473633189
2021-11-26,1.8689231952912602
2021-11-29,1.863324626143583
2021-11-30,1.8872859515338178
2021-12-01,1.8922756794103692
2021-12-02,1.8961382444561297
2021-12-03,1.9287981121885882
2021-12-06,1.9212902889412815
2021-12-07,1.9137486773326289
2021-12-08,1.9716379612057358
2021-12-09,1.9539048092004174
2021-12-10,1.9630573321173426
2021-12-13,1.9641857368483768
2021-12-14,1.9401542730856174
2021-12-15,1.9596821455416071
2021-12-16,1.9397767326715518
2021-12-17,1.9545178685042714
2021-12-20,1.8287838252019006
2021-12-21,1.77459263708639
2021-12-22,1.774859159825171
2021-12-23,1.7908662816227647
2021-12-24,1.7450392773714616
2021-12-27,1.7477347278579625
2021-12-28,1.7327191942718716
2021-12-29,1.8294965641957737
2021-12-30,1.797995160225208
2021-12-31,1.7777078516369667
2022-01-04,1.7619137322893221
2022-01-05,1.710136903677679
2022-01-06,1.7146941255512405
2022-01-07,1.7121555109473199
2022-01-10,1.6862469609556134
2022-01-11,1.6622492016165262
2022-01-12,1.6762246931843292
2022-01-13,1.736383211640329
2022-01-14,1.7230141821790241
2022-01-17,1.707126032659974
2022-01-18,1.6965763428642382
2022-01-19,1.6807934508626765
2022-01-20,1.6725238982853141
2022-01-21,1.5879643107220973
2022-01-24,1.5819078456977282
2022-01-25,1.5565183988506095
2022-01-26,1.515129522151203
2022-01-27,1.4379950361346419
2022-01-28,1.4575273583548012
2022-02-07,1.3313145810623352
2022-02-08,1.3564882695541332
2022-02-09,1.3979703056120254
2022-02-10,1.4036973234053607
2022-02-11,1.3693612878675883
2022-02-14,1.2848372311400047
2022-02-15,1.273501315339564
2022-02-16,1.267258247046772
2022-02-17,1.2595315976623898
2022-02-18,1.2621230098483156
2022-02-21,1.2572618630524055
2022-02-22,1.296018282938772
2022-02-23,1.2982804377881316
2022-02-24,1.35107071713409
2022-02-25,1.3433225786741911
2022-02-28,1.3414120673640166
2022-03-01,1.35301917954703
2022-03-02,1.3694764714485579
2022-03-03,1.4084691293105436
2022-03-04,1.4463885347345
2022-03-07,1.5194781349319209
2022-03-08,1.4029208814752345
2022-03-09,1.4138319103944834
2022-03-10,1.5160781533596708
2022-03-11,1.5116568479381813
2022-03-14,1.4417400214873544
2022-03-15,1.3791435363964906
2022-03-16,1.331597766328349
2022-03-17,1.3214366083411309
2022-03-18,1.3139047510341149
2022-03-21,1.3149335464208116
2022-03-22,1.3153930089372172
2022-03-23,1.317376084127366
2022-03-24,1.32879755888909
2022-03-25,1.3314657532748908
2022-03-28,1.3500676451600326
2022-03-29,1.3524623348124958
2022-03-30,1.393787043188913
2022-03-31,1.3945589800582117
2022-04-01,1.4142079767282911
2022-04-06,1.412849999853929
2022-04-07,1.3837520921733983
2022-04-08,1.3802083931463576
2022-04-11,1.3806578392667743
2022-04-12,1.4612184917034081
2022-04-13,1.4566547145984003
2022-04-14,1.5086077839686012
2022-04-15,1.5088679852756675
2022-04-18,1.513073427484671
2022-04-19,1.5140700196084456
2022-04-20,1.4665012891754752
2022-04-21,1.4531148091488095
2022-04-22,1.459080668201927
2022-04-25,1.420353497481287
2022-04-26,1.3979144311084961
2022-04-27,1.3387668423112329
2022-04-28,1.3504244621791859
2022-04-29,1.235528037367458
2022-05-05,1.2355940259912017
2022-05-06,1.228294494646735
2022-05-09,1.2311279206646593
2022-05-10,1.2214412284113905
2022-05-11,1.2170421138356928
2022-05-12,1.2137120610015557
2022-05-13,1.2021389604695945
2022-05-16,1.2029538081549198
2022-05-17,1.1928561152438741
2022-05-18,1.194405917542998
2022-05-19,1.1924083916284551
2022-05-20,1.2581518366399815
2022-05-23,1.264000501167736
2022-05-24,1.2389141107020656
2022-05-25,1.2376456430603204
2022-05-26,1.2364054357446241
2022-05-27,1.2369684314642806
2022-05-30,1.2688298257930362
2022-05-31,1.2872381869524177
2022-06-01,1.2877887022690193
2022-06-02,1.2866134087723078
2022-06-06,1.2762964202252274
2022-06-07,1.2772646644241519
2022-06-08,1.2883298473084694
2022-06-09,1.2863903533667176
2022-06-10,1.2674847231178432
2022-06-13,1.283434366757372
2022-06-14,1.281168887883291
2022-06-15,1.2857411722031766
2022-06-16,1.278330246453601
2022-06-17,1.2820913984975064
2022-06-20,1.2857604690043267
2022-06-21,1.2868269811136606
2022-06-22,1.2918502390417625
2022-06-23,1.2737848102738432
2022-06-24,1.2881839221320834
2022-06-27,1.325726467513538
2022-06-28,1.3507027798987556
2022-06-29,1.3559854370483038
2022-06-30,1.4094402445351246
2022-07-01,1.404118781401227
2022-07-04,1.3890846142524718
2022-07-05,1.3910916330789254
2022-07-06,1.3899757783568665
2022-07-07,1.3777570641556813
2022-07-08,1.373363563650177
2022-07-11,1.3615206305839411
2022-07-12,1.3424755771295687
2022-07-13,1.345738714276073
2022-07-14,1.3453902703818448
2022-07-15,1.2977770803469568
2022-07-18,1.259891515740502
2022-07-19,1.249156887680405
2022-07-20,1.2475566181216289
2022-07-21,1.2461066240607306
2022-07-22,1.2454667050986363
2022-07-25,1.229386187504235
2022-07-26,1.2357980602912864
2022-07-27,1.2424435806192748
2022-07-28,1.2422446127403832
2022-07-29,1.3020978944673762
2022-08-01,1.298592205979053
2022-08-02,1.2732489884715217
2022-08-03,1.2644602244081213
2022-08-04,1.266717344281621
2022-08-05,1.2591168091155591
2022-08-08,1.2603848010329106
2022-08-09,1.2569887606211014
2022-08-10,1.2613803870300395
2022-08-11,1.2508993985548769
2022-08-12,1.250961810770923
2022-08-15,1.253322396433844
2022-08-16,1.2534066425664248
2022-08-17,1.2437427555698666
2022-08-18,1.2509057175807639
2022-08-19,1.2395760520350751
2022-08-22,1.212593486682408
2022-08-23,1.224305404326358
2022-08-24,1.165857499107008
2022-08-25,1.170583668737344
2022-08-26,1.1683508552976538
2022-08-29,1.184985813610857
2022-08-30,1.1871760532644577
2022-08-31,1.1901183507324131
2022-09-01,1.2078828272285214
2022-09-02,1.211780218148757
2022-09-05,1.2163133982339394
2022-09-06,1.2137329838727957
2022-09-07,1.2118268308053894
2022-09-08,1.206713159711607
2022-09-09,1.2020065316048596
2022-09-13,1.2094887143337674
2022-09-14,1.1963295637716151
2022-09-15,1.1529334348492322
2022-09-16,1.1236365140744347
2022-09-19,1.1215660695061802
2022-09-20,1.1261542628471504
2022-09-21,1.1342413558011444
2022-09-22,1.164215532183867
2022-09-23,1.1609322186997302
2022-09-26,1.13786333725074
2022-09-27,1.2474337005011595
2022-09-28,1.2078355567640897
2022-09-29,1.2078800305521227
2022-09-30,1.1958771327761468
2022-10-10,1.3378887342631902
2022-10-11,1.3357417148263075
2022-10-12,1.2390882859783152
2022-10-13,1.2528363657820898
2022-10-14,1.2782104310760922
2022-10-17,1.2749252906481041
2022-10-18,1.2720154312080723
2022-10-19,1.2890234933751838
2022-10-20,1.284273529784943
2022-10-21,1.2885433373927833
2022-10-24,1.3865706341902118
2022-10-25,1.3876038175193102
2022-10-26,1.3839792311654358
2022-10-27,1.4219659973901977
2022-10-28,1.276451713888041
2022-10-31,1.3000633475569023
2022-11-01,1.4052878540773686
2022-11-02,1.3892051220271415
2022-11-03,1.3970391139543301
2022-11-04,1.4720294091625774
2022-11-07,1.4734923891787255
2022-11-08,1.4850668571341539
2022-11-09,1.485411852711107
2022-11-10,1.47232438678749
2022-11-11,1.4324410625549802
2022-11-14,1.4324167047914929
2022-11-15,1.428819440139197
2022-11-16,1.4172110431716782
2022-11-17,1.4192968309910257
2022-11-18,1.4123973385038924
2022-11-21,1.431897960546091
2022-11-22,1.432345983280472
2022-11-23,1.4315443277403723
2022-11-24,1.4355949484523363
2022-11-25,1.4281563557320054
2022-11-28,1.400739207093283
2022-11-29,1.4273282353931913
2022-11-30,1.4290515056966249
2022-12-01,1.4764700543632343
2022-12-02,1.4768624196703144
2022-12-05,1.4874323129890814
2022-12-06,1.5103966228052217
2022-12-07,1.512418924838823
2022-12-08,1.5125818701867044
2022-12-09,1.5575696569775093
2022-12-12,1.5726592674995095
2022-12-13,1.5702182579307946
2022-12-14,1.5775242665095115
2022-12-15,1.5786367908544945
2022-12-16,1.578745109512316
2022-12-19,1.5566271811228254
2022-12-20,1.5950016857134792
2022-12-21,1.595743128472991
2022-12-22,1.6020593767516047
2022-12-23,1.5999998167268805
2022-12-26,1.5893592474031915
2022-12-27,1.5798608084832286
2022-12-28,1.578837708350409
2022-12-29,1.5804469055506125
2022-12-30,1.583100479248576
2023-01-03,1.567928420735617
2023-01-04,1.56812076220799
2023-01-05,1.6563385391766456
2023-01-06,1.6574144400426203
2023-01-09,1.677590212619392
2023-01-10,1.6765415438479874
2023-01-11,1.677748070842642
2023-01-12,1.6747542685385655
2023-01-13,1.681834470124538
2023-01-16,1.718011134965733
2023-01-17,1.7191026020110662
2023-01-18,1.7134737019715027
2023-01-19,1.6978799054943625
2023-01-20,1.704345123697481
2023-01-30,1.7342132435853859
2023-01-31,1.7797767195069571
2023-02-01,1.7578906984610774
2023-02-02,1.7447406023657643
2023-02-03,1.7368408465956569
2023-02-06,1.7819552127676792
2023-02-07,1.7832612887099026
2023-02-08,1.7929332289391215
2023-02-09,1.8325621064643627
2023-02-10,1.8360193317680655
2023-02-13,1.8736023713385954
2023-02-14,1.872766160940884
2023-02-15,1.8526910976870032
2023-02-16,1.8336248963650486
2023-02-17,1.7928915397302405
2023-02-20,1.6926815990296324
2023-02-21,1.6835983271290762
2023-02-22,1.6792710515803326
2023-02-23,1.6812134209813714
2023-02-24,1.6866274358376934
2023-02-27,1.6647871457662597
2023-02-28,1.6480904840980504
2023-03-01,1.6216449929218992
2023-03-02,1.6228196878730095
2023-03-03,1.617906561774795
2023-03-06,1.6152900297139943
2023-03-07,1.6057600593914567
2023-03-08,1.6061161052839155
2023-03-09,1.606893068394103
2023-03-10,1.5881391332938974
2023-03-13,1.5884313183297303
2023-03-14,1.5984554860519005
2023-03-15,1.596356395843886
2023-03-16,1.5621716040449773
2023-03-17,1.5369267364084243
2023-03-20,1.5437986645154527
2023-03-21,1.5861527612396622
2023-03-22,1.5766650667170294
2023-03-23,1.5733750760605225
2023-03-24,1.576004658342775
2023-03-27,1.583469372564601
2023-03-28,1.5712818374524118
2023-03-29,1.5769758593317502
2023-03-30,1.5830059766936888
2023-03-31,1.5737166717965814
2023-04-03,1.511856771198972
2023-04-04,1.5118791011535533
2023-04-06,1.5239085439414486
2023-04-07,1.4931558981156767
2023-04-10,1.5143401951252737
2023-04-11,1.521431917956243
2023-04-12,1.527322166491966
2023-04-13,1.481416848765452
2023-04-14,1.4470230735475933
2023-04-17,1.4257447180087166
2023-04-18,1.4229958213522813
2023-04-19,1.419066224525476
2023-04-20,1.429141085290007
2023-04-21,1.325729512179924
2023-04-24,1.3467392543163543
2023-04-25,1.3230135381838721
2023-04-26,1.3237428443733543
2023-04-27,1.3109697080335139
2023-04-28,1.2713958360477648
2023-05-04,1.271368754623302
2023-05-05,1.2404142367152347
2023-05-08,1.1533698906793253
2023-05-09,1.0808432823484027
2023-05-10,1.0801470263142805
2023-05-11,1.0816290888809785
2023-05-12,1.0973981237885957
2023-05-15,1.1022690813964635
2023-05-16,1.111351289942222
2023-05-17,1.113355366505431
2023-05-18,1.1142261154579183
2023-05-19,1.1006289201594335
2023-05-22,1.1615955764916186
2023-05-23,1.1774803911577938
2023-05-24,1.1953949086270002
2023-05-25,1.2015006758863487
2023-05-26,1.2022177611554177
2023-05-29,1.2093176754137414
2023-05-30,1.2027913001644628
2023-05-31,1.2379372511551796
2023-06-01,1.2445382816224406
2023-06-02,1.2871390408475643
2023-06-05,1.3007964902753695
2023-06-06,1.260657971126929
2023-06-07,1.265743770615771
2023-06-08,1.2526831331830262
2023-06-09,1.2430849895654523
2023-06-12,1.264422079144388
2023-06-13,1.279480654316454
2023-06-14,1.2782713506609615
2023-06-15,1.2966901243593667
2023-06-16,1.2929700580203864
2023-06-19,1.354736812471416
2023-06-20,1.3638492272560303
2023-06-21,1.3377712119472953
2023-06-26,1.3727188955191103
2023-06-27,1.391473022140134
2023-06-28,1.389906907356033
2023-06-29,1.404559247265684
2023-06-30,1.3897638632598823
2023-07-03,1.4084497332433568
2023-07-04,1.4098386819874988
2023-07-05,1.4233892587256736
2023-07-06,1.4176267737490216
2023-07-07,1.414375413800081
2023-07-10,1.4121501541589434
2023-07-11,1.3995791507283852
2023-07-12,1.3759461137133713
2023-07-13,1.4776311185304918
2023-07-14,1.477380504044595
2023-07-17,1.4814531288294728
2023-07-18,1.4841933113394978
2023-07-19,1.4838887689928315
2023-07-20,1.4577056257881278
2023-07-21,1.4557925587906355
2023-07-24,1.462946415592307
2023-07-25,1.597089856606343
2023-07-26,1.6006358992953142
2023-07-27,1.5988974310370399
2023-07-28,1.4739893481229769
2023-07-31,1.4618551631172263
2023-08-01,1.4622106287431214
2023-08-02,1.462952422547522
2023-08-03,1.4414421582759802
2023-08-04,1.4395695628627123
2023-08-07,1.4400260889800551
2023-08-08,1.4390888803512916
2023-08-09,1.433904395447856
2023-08-10,1.429451226590494
2023-08-11,1.3695911741429265
2023-08-14,1.3910647581722924
2023-08-15,1.39683323428346
2023-08-16,1.3755299542793487
2023-08-17,1.3807379133200988
2023-08-18,1.4194505070233632
2023-08-21,1.380776162783833
2023-08-22,1.3618380846614708
2023-08-23,1.3262756715663109
2023-08-24,1.334361311703727
2023-08-25,1.3337584100751938
2023-08-28,1.2148007192274586
2023-08-29,1.2150019412645188
2023-08-30,1.2157868038521944
2023-08-31,1.2226478377214816
2023-09-01,1.251930054654238
2023-09-04,1.3732981604261325
2023-09-05,1.37876630563073
2023-09-06,1.3776451132354335
2023-09-07,1.3650525948426027
2023-09-08,1.3657622591732896
2023-09-11,1.3749457044532356
2023-09-12,1.3775747445174165
2023-09-13,1.3566196920081406
2023-09-14,1.3582569331482528
2023-09-15,1.3673598882659495
2023-09-18,1.3850505941482782
2023-09-19,1.3896557936693439
2023-09-20,1.3910124122720597
2023-09-21,1.3941043996804268
2023-09-22,1.341102918386266
2023-09-25,1.3370674487075045
2023-09-26,1.3469810409206244
2023-09-27,1.3452206588206987
2023-09-28,1.3447720119732065
2023-10-09,1.3480307076576397
2023-10-10,1.3381835161230795
2023-10-11,1.3364839223426221
2023-10-12,1.3379883209397274
2023-10-13,1.3360308813243078
2023-10-16,1.3625139397092432
2023-10-17,1.3585530867254263
2023-10-18,1.351712466313517
2023-10-19,1.3770782183279715
2023-10-20,1.3682985802388465
2023-10-23,1.3284194552971584
2023-10-24,1.3253600220002777
2023-10-25,1.3703177886123443
2023-10-26,1.3768277279271128
2023-10-27,1.3531213497818078
2023-10-30,1.3797050182158432
2023-10-31,1.3793993441270547
2023-11-01,1.3777389244825795
2023-11-02,1.3868439645719317
2023-11-03,1.3850689419936084
2023-11-06,1.3148543130072519
2023-11-07,1.3136969207414921
2023-11-08,1.314604970083299
2023-11-09,1.314189003267252
2023-11-10,1.3171437678888434
2023-11-13,1.3228866891078723
2023-11-14,1.3235519009867307
2023-11-15,1.3220008244039083
2023-11-16,1.3005542283368847
2023-11-17,1.302091647737149
2023-11-20,1.296296617035481
2023-11-21,1.2982623052663949
2023-11-22,1.2926182801267987
2023-11-23,1.2770346888428443
2023-11-24,1.2566790979065674
2023-11-27,1.2980232315963167
2023-11-28,1.293722748444626
2023-11-29,1.2701323600603123
2023-11-30,1.272671353352108
2023-12-01,1.2832967768648953
2023-12-04,1.285200129705872
2023-12-05,1.2686717485385186
2023-12-06,1.273885802505929
2023-12-07,1.2796639110840846
2023-12-08,1.2795963441203417
2023-12-11,1.2058974067729238
2023-12-12,1.2035890602567765
2023-12-13,1.3104218318829182
2023-12-14,1.3118552789061766
2023-12-15,1.3002562183655069
2023-12-18,1.2916197690846374
2023-12-19,1.2866287020873244
2023-12-20,1.2668725233215858
2023-12-21,1.2750379719192035
2023-12-22,1.2681319208893564
2023-12-25,1.2739955154208058
2023-12-26,1.2573481940289408
2023-12-27,1.2457133486924872
2023-12-28,1.3783640513932467
2023-12-29,1.3700195483248632
2024-01-02,1.4203865304521908
2024-01-03,1.4232773974036093
2024-01-04,1.439114563395466
2024-01-05,1.439314171215925
2024-01-08,1.4592818862693628
2024-01-09,1.4557844031349527
2024-01-10,1.4355692479614697
2024-01-11,1.4323870291847418
2024-01-12,1.4340057614996284
2024-01-15,1.4336913423007742
2024-01-16,1.410527415857151
2024-01-17,1.3758437855801384
2024-01-18,1.386526490875817
2024-01-19,1.3830972339941727
2024-01-22,1.3529064759000375
2024-01-23,1.3499122329757485
2024-01-24,1.2964888814002704
2024-01-25,1.2865372575754876
2024-01-26,1.2844952165883783
2024-01-29,1.2444700514478861
2024-01-30,1.2811080866773128
2024-01-31,1.2792022356228376
2024-02-01,1.27954097205282
2024-02-02,1.296044863431801
2024-02-05,1.3198951594343604
2024-02-06,1.3535956242601996
2024-02-07,1.3413756861565826
2024-02-08,1.327628019271555
2024-02-19,1.3368164343147995
2024-02-20,1.3296689959776586
2024-02-21,1.4148946348090465
2024-02-22,1.3948203224911633
2024-02-23,1.3951712242820993
2024-02-26,1.393317540350651
2024-02-27,1.3525582748560885
2024-02-28,1.3127361681801264
2024-02-29,1.2929588031852879
2024-03-01,1.2864804092028364
2024-03-04,1.2837267419548388
2024-03-05,1.284180071997818
2024-03-06,1.2945485191534543
2024-03-07,1.2918404123552272
2024-03-08,1.2881415544274066
2024-03-11,1.2983071011055347
2024-03-12,1.3210283017155626
2024-03-13,1.3126517213632287
2024-03-14,1.3026648322932615
2024-03-15,1.3106805548126015
2024-03-18,1.2985757373545506
2024-03-19,1.2419769592536323
2024-03-20,1.2391762179060484
2024-03-21,1.2394208851995216
2024-03-22,1.2585034915531124
2024-03-25,1.2643252033255357
2024-03-26,1.2847281285744436
2024-03-27,1.289800667197908
2024-03-28,1.284727209668618
2024-03-29,1.2806884690660538
2024-04-01,1.2937908376577447
2024-04-02,1.300000746331466
2024-04-03,1.3009637557227636
2024-04-08,1.3795140334062073
2024-04-09,1.3804232507223806
2024-04-10,1.4045425256024984
2024-04-11,1.4046637295396192
2024-04-12,1.4079227066696958
2024-04-15,1.5035696822673148
2024-04-16,1.5031715669323404
2024-04-17,1.4290581581412511
2024-04-18,1.4281725636080582
2024-04-19,1.4337409410243969
2024-04-22,1.4219429438208944
2024-04-23,1.37619550453419
2024-04-24,1.383918942917832
2024-04-25,1.38173206221446
2024-04-26,1.384410435939431
2024-04-29,1.335040126657038
2024-04-30,1.3371972351222503
2024-05-06,1.374266489232682
2024-05-07,1.3744991683338494
2024-05-08,1.3653073150830002
2024-05-09,1.333207331596898
2024-05-10,1.3332867882657229
2024-05-13,1.3363251882876483
2024-05-14,1.3338692480227916
2024-05-15,1.3079079248854222
2024-05-16,1.3207385890949868
2024-05-17,1.3252191914123055
2024-05-20,1.3260654433938133
2024-05-21,1.325769190021652
2024-05-22,1.318934105308136
2024-05-23,1.3016694633037476
2024-05-24,1.3064964541113115
2024-05-27,1.281900468861254
2024-05-28,1.2836391426765705
2024-05-29,1.2814641335702694
2024-05-30,1.3011953154765272
2024-05-31,1.2914876005150313
2024-06-03,1.28576375939528
2024-06-04,1.2919083135447493
2024-06-05,1.3024344011257842
2024-06-06,1.3035759932771165
2024-06-07,1.3209308919856189
2024-06-11,1.362787213521454
2024-06-12,1.3622956305153886
2024-06-13,1.390133469222396
2024-06-14,1.393797918481385
2024-06-17,1.392336048295292
2024-06-18,1.3770198682731947
2024-06-19,1.3614332944632395
2024-06-20,1.3736823818092108
2024-06-21,1.3828928756741574
2024-06-24,1.3558755399762905
2024-06-25,1.3338812168527252
2024-06-26,1.3101938987615385
2024-06-27,1.3165724953429612
2024-06-28,1.3038066792832101
2024-07-01,1.2967652041965911
2024-07-02,1.2772534351669422
2024-07-03,1.2780189654595204
2024-07-04,1.2705834170165904
2024-07-05,1.282169195771933
2024-07-08,1.3240233932416916
2024-07-09,1.3007237327707508
2024-07-10,1.3001658069421873
2024-07-11,1.373750624050801
2024-07-12,1.3793329809008654
2024-07-15,1.37914888859205
2024-07-16,1.3565986713179885
2024-07-17,1.3663938966171632
2024-07-18,1.3552903250688193
2024-07-19,1.3788583384342907
2024-07-22,1.3989858432008115
2024-07-23,1.4271268813155669
2024-07-24,1.41963516587247
2024-07-25,1.4082265658056603
2024-07-26,1.4068201110389633
2024-07-29,1.4246450312374213
2024-07-30,1.4185083104424965
2024-07-31,1.4078147168005972
2024-08-01,1.436186334233781
2024-08-02,1.3950948165987007
2024-08-05,1.2581752420508334
2024-08-06,1.2581539350726463
2024-08-07,1.2563047561356382
2024-08-08,1.2584461924417782
2024-08-09,1.2560472233451845
2024-08-12,1.2569923646464083
2024-08-13,1.2372934181780177
2024-08-14,1.2392267906310201
2024-08-15,1.2131661969983323
2024-08-16,1.2129122317649284
2024-08-19,1.1963743567066416
2024-08-20,1.1902028111237861
2024-08-21,1.1945454972679934
2024-08-22,1.2007140387274808
2024-08-23,1.193891921249881
2024-08-26,1.2009692319511358
2024-08-27,1.1929776153193798
2024-08-28,1.248127742884522
2024-08-29,1.2009561549234697
2024-08-30,1.307966975985823
2024-09-02,1.3718619693810346
2024-09-03,1.3799696818877873
2024-09-04,1.382530699097848
2024-09-05,1.3837473909493954
2024-09-06,1.400515952501055
2024-09-09,1.3765332565507318
2024-09-10,1.3778415063526714
2024-09-11,1.3772402303149358
2024-09-12,1.4036602607233961
2024-09-13,1.4508234445572814
2024-09-18,1.4193685852480553
2024-09-19,1.4806094544916084
2024-09-20,1.4747879591569164
2024-09-23,1.4961363013926365
2024-09-24,1.5706697172056736
2024-09-25,1.541265325651717
2024-09-26,1.7854866221452055
2024-09-27,1.8997716172049723
2024-09-30,1.5526857324447374
2024-10-08,1.2837119069860867
2024-10-09,1.3124242218386033
2024-10-10,1.3193320344692012
2024-10-11,1.2926501088159197
2024-10-14,1.272912063444265
2024-10-15,1.2782902330491315
2024-10-16,1.2807796616056248
2024-10-17,1.2869428195936543
2024-10-18,1.2716258104029898
2024-10-21,1.2713646051239462
2024-10-22,1.27374286762714
2024-10-23,1.2763086805165103
2024-10-24,1.2760698618102257
2024-10-25,1.2768417523687468
2024-10-28,1.2794443460951501
2024-10-29,1.2836152572472912
2024-10-30,1.2844265939177435
2024-10-31,1.2844663372510663
2024-11-01,1.2841710160537179
2024-11-04,1.2742007379591278
2024-11-05,1.2690416832909193
2024-11-06,1.2702388675132033
2024-11-07,1.3247167195966167
2024-11-08,1.3377181838725796
2024-11-11,1.3313898159792033
2024-11-12,1.3238855675241141
2024-11-13,1.3206153156432636
2024-11-14,1.2997860093234608
2024-11-15,1.2909276725318581
2024-11-18,1.2929945825120774
2024-11-19,1.287555170541502
2024-11-20,1.288117282247306
2024-11-21,1.288082289364204
2024-11-22,1.2706321344672062
2024-11-25,1.271132550867989
2024-11-26,1.2696824442432824
2024-11-27,1.262628470619307
2024-11-28,1.2682723239951916
2024-11-29,1.2718039367708454
2024-12-02,1.2689872896798151
2024-12-03,1.26879522510607
2024-12-04,1.2694333103423145
2024-12-05,1.269776335194373
2024-12-06,1.2635662352965322
2024-12-09,1.2639272643433446
2024-12-10,1.2710655215623097
2024-12-11,1.2703043637683105
2024-12-12,1.2729783047133494
2024-12-13,1.2633794062294015
2024-12-16,1.2706786489883322
2024-12-17,1.2704631646603157
2024-12-18,1.2688923936397363
2024-12-19,1.2683832714619963
2024-12-20,1.266970863435835
2024-12-23,1.2662720134915835
2024-12-24,1.256973535322953
2024-12-25,1.2569449990452226
2024-12-26,1.2569147148613247
2024-12-27,1.2563361235809032
2024-12-30,1.2506355517433303
2024-12-31,1.2321484035847368
2025-01-02,1.19497914535731
2025-01-03,1.1920734768642758
2025-01-06,1.1973150542300415
2025-01-07,1.1919475786393505
2025-01-08,1.193144355688638
2025-01-09,1.1905716330709335
2025-01-10,1.1905422556126515
2025-01-13,1.1882872359781689
2025-01-14,1.1844332955186456
2025-01-15,1.180603961827842
2025-01-16,1.1794994463198814
2025-01-17,1.1803322539251049
2025-01-20,1.184794381706302
2025-01-21,1.1843657735845354
2025-01-22,1.1960486171568332
2025-01-23,1.1969192126311445
2025-01-24,1.1836356129427152
2025-01-27,1.1830787640609302
2025-02-05,1.1899960966774241
2025-02-06,1.1792609782833048
2025-02-07,1.1775132068354248
2025-02-10,1.176934834882628
2025-02-11,1.1793248457213363
2025-02-12,1.1801013016398643
2025-02-13,1.1627061891402544
2025-02-14,1.150033072635855
2025-02-17,1.150130299889083
2025-02-18,1.1499486199928204
2025-02-19,1.1492887592937435
2025-02-20,1.1498905035947364
2025-02-21,1.1340327139610993
2025-02-24,1.1309957537533726
2025-02-25,1.1485334014117026
2025-02-26,1.1466774516510914
2025-02-27,1.15186489823459
2025-02-28,1.1124842706752471
2025-03-03,1.1129334644649582
2025-03-04,1.1140469599369187
2025-03-05,1.1054885072848903
2025-03-06,1.123294005621701
2025-03-07,1.1092214035488757
2025-03-10,1.1163186757884338
2025-03-11,1.1235295676031691
2025-03-12,1.1310956959355527
2025-03-13,1.1309368867085916
2025-03-14,1.263220043148223
2025-03-17,1.2648106360108682
2025-03-18,1.2627131399064782
2025-03-19,1.2624224546093774
2025-03-20,1.27704556021909
2025-03-21,1.2539804544738173
2025-03-24,1.2471459405023442
2025-03-25,1.2478166891013125
2025-03-26,1.2461660413029632
2025-03-27,1.2462483853577417
2025-03-28,1.245789275248865
2025-03-31,1.2524981895666383
2025-04-01,1.2524565947768305
2025-04-02,1.253149347447747
2025-04-03,1.2372676898904122
2025-04-07,0.9045966736595797
2025-04-08,0.931501047327644
2025-04-09,0.9335644646576037
2025-04-10,0.9263361164286981
2025-04-11,0.9198082774871307
2025-04-14,0.9182802921408884
2025-04-15,0.9183873535865604
2025-04-16,0.9198504652868369
2025-04-17,0.9197399526713531
2025-04-18,0.9197025594522493
2025-04-21,0.9145857123960386
2025-04-22,0.9144799620817358
2025-04-23,0.9143367610905722
2025-04-24,0.9148496007623093
2025-04-25,0.9147989009453527
2025-04-28,0.9118374212379564
2025-04-29,0.9134759363628818
2025-04-30,0.9143541208914898
2025-05-06,0.9103746978315777
2025-05-07,0.9090870819481451
2025-05-08,0.9159469242088019
2025-05-09,0.9159851837922441
2025-05-12,0.9161910050347074
2025-05-13,0.9159677703526428
2025-05-14,0.9266913040748144
2025-05-15,0.931124130466529
2025-05-16,0.9421204267684083
2025-05-19,0.9473824579621687
2025-05-20,0.9419920875863669
2025-05-21,0.9396833703440571
2025-05-22,0.9397812826132471
2025-05-23,0.9391117721948866
2025-05-26,0.9470094474438573
2025-05-27,0.9438594539762065
2025-05-28,0.9427507517126414
2025-05-29,0.9405826763574797
2025-05-30,0.942511302803244
2025-06-03,0.9332858033392087
2025-06-04,0.9294089177355322
2025-06-05,0.930267174068042
2025-06-06,0.9299412842569118
2025-06-09,0.9280477819899211
2025-06-10,0.9275651566015949
2025-06-11,0.921076738955267
2025-06-12,0.9237819695247056
2025-06-13,0.9559884391873519
2025-06-16,0.9512325262697603
2025-06-17,0.9520607559356996
2025-06-18,0.9531884300609035
2025-06-19,0.9542305100524556
2025-06-20,0.9579800104753847
2025-06-23,0.9490632906090886
2025-06-24,0.9532024161897057
2025-06-25,0.9214269439652668
2025-06-26,0.9214743880602542
2025-06-27,0.9191449213027635
2025-06-30,0.9146461610176709
2025-07-01,0.9133953475026626
2025-07-02,0.913472941881773
2025-07-03,0.9111995237890017
2025-07-04,0.9143451241589896
2025-07-07,0.9139306391020756
2025-07-08,0.9140326147233407
2025-07-09,0.9094119389875213
2025-07-10,0.9145474237270935
2025-07-11,0.9181416730529779
2025-07-14,0.9193084711115486
2025-07-15,0.9191940504748363
2025-07-16,0.9143853117891553
2025-07-17,0.9110352827597868
2025-07-18,0.9181343474388461
2025-07-21,0.886842202268472
2025-07-22,0.9288851090224333
2025-07-23,0.9289695680193935
2025-07-24,0.9212111689212633
2025-07-25,0.9408582880258048
2025-07-28,0.942412347877909
2025-07-29,0.9330320280307617
2025-07-30,0.9314930209360469
2025-07-31,0.9887948173347366
2025-08-01,0.9818622026402085
2025-08-04,0.9768675621776071
2025-08-05,0.9792670972031998
2025-08-06,0.9787452545181192
2025-08-07,0.9788187258220987
2025-08-08,0.9790068489338624
2025-08-11,0.9933106191889449
2025-08-12,0.9742059024887587
2025-08-13,0.9541863632055753
2025-08-14,0.9545919642883015
2025-08-15,0.9441517906121316
2025-08-18,0.9359978798455808
2025-08-19,0.9226671171782239
2025-08-20,0.9259256084301241
2025-08-21,0.9183820618280358
2025-08-22,0.8099121392995476
2025-08-25,0.907210276304788
2025-08-26,0.9044194914876122
2025-08-27,0.9493252484448447
2025-08-28,0.8320915272808271
2025-08-29,0.8810076443009689
2025-09-01,0.8661428232821595
2025-09-02,0.8567585874474233
2025-09-03,0.8750784723718167
2025-09-04,0.8201307280336503
2025-09-05,0.7848350793174496
2025-09-08,0.7892146381380604
2025-09-09,0.7828576202796267
2025-09-10,0.7802189258274862
2025-09-11,0.7097855874039881
2025-09-12,0.7187028858021902
2025-09-15,0.7161080266005179
2025-09-16,0.7187966994923735
2025-09-17,0.7151787502375384
2025-09-18,0.7360740640461135
2025-09-19,0.7361860174770197
2025-09-22,0.7205937448634825
2025-09-23,0.7211460889768916
2025-09-24,0.7080067707708854
2025-09-25,0.6933956305414716
2025-09-26,0.7035128661177004
2025-09-29,0.7181557743813515
2025-09-30,0.7120255370829851
2025-10-09,0.6688294790710358
2025-10-10,0.6234817795591202
2025-10-13,0.6282841345894028
2025-10-14,0.5533206759194316
2025-10-15,0.5286373035421595
2025-10-16,0.5282252345481858
2025-10-17,0.5322076571986457
2025-10-20,0.5206581510265678
2025-10-21,0.4996911751361316
2025-10-22,0.49716994257713243
2025-10-23,0.5020026206488977
2025-10-24,0.4682539543978452
2025-10-27,0.45587532878337766
2025-10-28,0.45395296853028966
2025-10-29,0.4161585950542406
2025-10-30,0.414663672707333
2025-10-31,0.37962873271172465
2025-11-03,0.3792566537423964
2025-11-04,0.3998323056634621
2025-11-05,0.39715950833201424
2025-11-06,0.38123540507843506
2025-11-07,0.37604967170483655
2025-11-10,0.39893610829115556
2025-11-11,0.39070326444313375
2025-11-12,0.39165764343351955
2025-11-13,0.39777362483549067
2025-11-14,0.40370135331241697
2025-11-17,0.4000498181363282
2025-11-18,0.3926264880070728
2025-11-19,0.38760026636928585
2025-11-20,0.3795512916111205
2025-11-21,0.35504977445030494
2025-11-24,0.3578774199569509
2025-11-25,0.3515158470732884
2025-11-26,0.34652771465512977
2025-11-27,0.3470485107855199
2025-11-28,0.3462980872400299
2025-12-01,0.333678741982123
2025-12-02,0.3422287674548002
2025-12-03,0.35006667637787325
2025-12-04,0.34207645374210954
2025-12-05,0.3453563099757287
2025-12-08,0.3134716607652186
2025-12-09,0.338749550957639
2025-12-10,0.33528749471160246
2025-12-11,0.32216829021179266
2025-12-12,0.31549149534113263
2025-12-15,0.2986206271369553
2025-12-16,0.2715531353444571
2025-12-17,0.26690477471474455
2025-12-18,0.2693099451998311
2025-12-19,0.2694605793581914
2025-12-22,0.2604001352106096
2025-12-23,0.257958965257065
2025-12-24,0.2551533179194968
2025-12-25,0.259755794073348
2025-12-26,0.2534348837939823
2025-12-29,0.26939217836810186
2025-12-30,0.2652312939428497
2025-12-31,0.28110058418641065
2026-01-05,0.3473377864509304
2026-01-06,0.33828831524407343
2026-01-07,0.3422087216774749
2026-01-08,0.34762277782886825
2026-01-09,0.3488993969995977
2026-01-12,0.3672765118170758
2026-01-13,0.3714975796841111
2026-01-14,0.3797891829906087
2026-01-15,0.37575632426498257
2026-01-16,0.3841846794363962
2026-01-19,0.3839219506808612
2026-01-20,0.37811790323093314
2026-01-21,0.37522523913263794
2026-01-22,0.37538209927266425
2026-01-23,0.3687740609396949
2026-01-26,0.3675187869085918
2026-01-27,0.3700268628035609
2026-01-28,0.36648065225132387
2026-01-29,0.6045703304325072
2026-01-30,0.7603874954418403
2026-02-02,0.5178066786213228
2026-02-03,0.4984845778510186
2026-02-04,0.5163782918781412
2026-02-05,0.5036903603345758
2026-02-06,0.528711780922655
2026-02-09,0.5069423762395018
2026-02-10,0.5050829872315579
2026-02-11,0.5070591780585113
2026-02-12,0.5032118418395275
2026-02-13,0.4270274041420425
2026-02-24,0.3916367269147851
2026-02-25,0.3884516578652361
2026-02-26,0.3956290468012322
2026-02-27,0.3921402708558916
2026-03-02,0.38218492498707785
2026-03-03,0.3829875061857918
2026-03-04,0.4167841220626671
2026-03-05,0.4185137802585603
2026-03-06,0.42497746972512374
2026-03-09,0.43648817546244845
2026-03-10,0.4367828803417159
2026-03-11,0.43473357542961505
2026-03-12,0.4314339849433149
2026-03-13,0.4206844576658199
2026-03-16,0.42230443446779
2026-03-17,0.4090454601331937
2026-03-18,0.3933164410219977
2026-03-19,0.41612234845363344
2026-03-20,0.415161277023566
2026-03-23,0.46985696008316297
2026-03-24,0.48555752737724317
2026-03-25,0.4993990503606183
2026-03-26,0.5122746052087478
2026-03-27,0.525757743770749
2026-03-30,0.5194609886417161
2026-03-31,0.512512847100091
2026-04-01,0.5211966791634571
2026-04-02,0.4951648296565923
2026-04-03,0.5135011381953518
2026-04-07,0.51355307277087
2026-04-08,0.46901179055557823
2026-04-09,0.48309646474619466
2026-04-10,0.44995041086678356
